v 0.0 0.5556 0.8315
v 0.0 0.8315 0.5556
v 0.0 0.9808 0.1951
v 0.0 1.0 0.0
v 0.0 0.9808 -0.1951
v 0.0 0.8315 -0.5556
v 0.0381 0.1913 0.9808
v 0.0747 0.3753 0.9239
v 0.1084 0.5449 0.8315
v 0.1379 0.6935 0.7071
v 0.1622 0.8155 0.5556
v 0.1802 0.9061 0.3827
v 0.1913 0.9619 0.1951
v 0.1951 0.9808 0.0
v 0.1913 0.9619 -0.1951
v 0.1802 0.9061 -0.3827
v 0.1622 0.8155 -0.5556
v 0.1379 0.6935 -0.7071
v 0.1084 0.5449 -0.8315
v 0.0747 0.3753 -0.9239
v 0.0381 0.1913 -0.9808
v 0.0747 0.1802 0.9808
v 0.1464 0.3536 0.9239
v 0.2126 0.5133 0.8315
v 0.2706 0.6533 0.7071
v 0.3182 0.7682 0.5556
v 0.3536 0.8536 0.3827
v 0.3753 0.9061 0.1951
v 0.3827 0.9239 0.0
v 0.3753 0.9061 -0.1951
v 0.3536 0.8536 -0.3827
v 0.3182 0.7682 -0.5556
v 0.2706 0.6533 -0.7071
v 0.2126 0.5133 -0.8315
v 0.1464 0.3536 -0.9239
v 0.0747 0.1802 -0.9808
v 0.1084 0.1622 0.9808
v 0.2126 0.3182 0.9239
v 0.3087 0.4619 0.8315
v 0.3928 0.5879 0.7071
v 0.4619 0.6913 0.5556
v 0.5133 0.7682 0.3827
v 0.5449 0.8155 0.1951
v 0.5556 0.8315 0.0
v 0.5449 0.8155 -0.1951
v 0.5133 0.7682 -0.3827
v 0.4619 0.6913 -0.5556
v 0.3928 0.5879 -0.7071
v 0.3087 0.4619 -0.8315
v 0.2126 0.3182 -0.9239
v 0.1084 0.1622 -0.9808
v 0.1379 0.1379 0.9808
v 0.2706 0.2706 0.9239
v 0.3928 0.3928 0.8315
v 0.5 0.5 0.7071
v 0.5879 0.5879 0.5556
v 0.6533 0.6533 0.3827
v 0.6935 0.6935 0.1951
v 0.7071 0.7071 0.0
v 0.6935 0.6935 -0.1951
v 0.6533 0.6533 -0.3827
v 0.5879 0.5879 -0.5556
v 0.5 0.5 -0.7071
v 0.3928 0.3928 -0.8315
v 0.2706 0.2706 -0.9239
v 0.1379 0.1379 -0.9808
v 0.1622 0.1084 0.9808
v 0.3182 0.2126 0.9239
v 0.4619 0.3087 0.8315
v 0.5879 0.3928 0.7071
v 0.6913 0.4619 0.5556
v 0.7682 0.5133 0.3827
v 0.8155 0.5449 0.1951
v 0.8315 0.5556 0.0
v 0.8155 0.5449 -0.1951
v 0.7682 0.5133 -0.3827
v 0.6913 0.4619 -0.5556
v 0.5879 0.3928 -0.7071
v 0.4619 0.3087 -0.8315
v 0.3182 0.2126 -0.9239
v 0.1622 0.1084 -0.9808
v 0.0 0.0 1.0
v 0.1802 0.0747 0.9808
v 0.3536 0.1464 0.9239
v 0.5133 0.2126 0.8315
v 0.6533 0.2706 0.7071
v 0.7682 0.3182 0.5556
v 0.8536 0.3536 0.3827
v 0.9061 0.3753 0.1951
v 0.9239 0.3827 0.0
v 0.9061 0.3753 -0.1951
v 0.8536 0.3536 -0.3827
v 0.7682 0.3182 -0.5556
v 0.6533 0.2706 -0.7071
v 0.5133 0.2126 -0.8315
v 0.3536 0.1464 -0.9239
v 0.1802 0.0747 -0.9808
v 0.1913 0.0381 0.9808
v 0.3753 0.0747 0.9239
v 0.5449 0.1084 0.8315
v 0.6935 0.1379 0.7071
v 0.8155 0.1622 0.5556
v 0.9061 0.1802 0.3827
v 0.9619 0.1913 0.1951
v 0.9808 0.1951 0.0
v 0.9619 0.1913 -0.1951
v 0.9061 0.1802 -0.3827
v 0.8155 0.1622 -0.5556
v 0.6935 0.1379 -0.7071
v 0.5449 0.1084 -0.8315
v 0.3753 0.0747 -0.9239
v 0.1913 0.0381 -0.9808
v 0.1951 -0.0 0.9808
v 0.3827 -0.0 0.9239
v 0.5556 -0.0 0.8315
v 0.7071 0.0 0.7071
v 0.8315 -0.0 0.5556
v 0.9239 0.0 0.3827
v 0.9808 -0.0 0.1951
v 1.0 -0.0 0.0
v 0.9808 -0.0 -0.1951
v 0.9239 0.0 -0.3827
v 0.8315 -0.0 -0.5556
v 0.7071 0.0 -0.7071
v 0.5556 -0.0 -0.8315
v 0.3827 -0.0 -0.9239
v 0.1951 -0.0 -0.9808
v 0.1913 -0.0381 0.9808
v 0.3753 -0.0747 0.9239
v 0.5449 -0.1084 0.8315
v 0.6935 -0.1379 0.7071
v 0.8155 -0.1622 0.5556
v 0.9061 -0.1802 0.3827
v 0.9619 -0.1913 0.1951
v 0.9808 -0.1951 0.0
v 0.9619 -0.1913 -0.1951
v 0.9061 -0.1802 -0.3827
v 0.8155 -0.1622 -0.5556
v 0.6935 -0.1379 -0.7071
v 0.5449 -0.1084 -0.8315
v 0.3753 -0.0747 -0.9239
v 0.1913 -0.0381 -0.9808
v 0.1802 -0.0747 0.9808
v 0.3536 -0.1464 0.9239
v 0.5133 -0.2126 0.8315
v 0.6533 -0.2706 0.7071
v 0.7682 -0.3182 0.5556
v 0.8536 -0.3536 0.3827
v 0.9061 -0.3753 0.1951
v 0.9239 -0.3827 0.0
v 0.9061 -0.3753 -0.1951
v 0.8536 -0.3536 -0.3827
v 0.7682 -0.3182 -0.5556
v 0.6533 -0.2706 -0.7071
v 0.5133 -0.2126 -0.8315
v 0.3536 -0.1464 -0.9239
v 0.1802 -0.0747 -0.9808
v 0.1622 -0.1084 0.9808
v 0.3182 -0.2126 0.9239
v 0.4619 -0.3087 0.8315
v 0.5879 -0.3928 0.7071
v 0.6913 -0.4619 0.5556
v 0.7682 -0.5133 0.3827
v 0.8155 -0.5449 0.1951
v 0.8315 -0.5556 0.0
v 0.8155 -0.5449 -0.1951
v 0.7682 -0.5133 -0.3827
v 0.6913 -0.4619 -0.5556
v 0.5879 -0.3928 -0.7071
v 0.4619 -0.3087 -0.8315
v 0.3182 -0.2126 -0.9239
v 0.1622 -0.1084 -0.9808
v 0.1379 -0.1379 0.9808
v 0.2706 -0.2706 0.9239
v 0.3928 -0.3928 0.8315
v 0.5 -0.5 0.7071
v 0.5879 -0.5879 0.5556
v 0.6533 -0.6533 0.3827
v 0.6935 -0.6935 0.1951
v 0.7071 -0.7071 0.0
v 0.6935 -0.6935 -0.1951
v 0.6533 -0.6533 -0.3827
v 0.5879 -0.5879 -0.5556
v 0.5 -0.5 -0.7071
v 0.3928 -0.3928 -0.8315
v 0.2706 -0.2706 -0.9239
v 0.1379 -0.1379 -0.9808
v 0.1084 -0.1622 0.9808
v 0.2126 -0.3182 0.9239
v 0.3087 -0.4619 0.8315
v 0.3928 -0.5879 0.7071
v 0.4619 -0.6913 0.5556
v 0.5133 -0.7682 0.3827
v 0.5449 -0.8155 0.1951
v 0.5556 -0.8315 0.0
v 0.5449 -0.8155 -0.1951
v 0.5133 -0.7682 -0.3827
v 0.4619 -0.6913 -0.5556
v 0.3928 -0.5879 -0.7071
v 0.3087 -0.4619 -0.8315
v 0.2126 -0.3182 -0.9239
v 0.1084 -0.1622 -0.9808
v 0.0747 -0.1802 0.9808
v 0.1464 -0.3536 0.9239
v 0.2126 -0.5133 0.8315
v 0.2706 -0.6533 0.7071
v 0.3182 -0.7682 0.5556
v 0.3536 -0.8536 0.3827
v 0.3753 -0.9061 0.1951
v 0.3827 -0.9239 0.0
v 0.3753 -0.9061 -0.1951
v 0.3536 -0.8536 -0.3827
v 0.3182 -0.7682 -0.5556
v 0.2706 -0.6533 -0.7071
v 0.2126 -0.5133 -0.8315
v 0.1464 -0.3536 -0.9239
v 0.0747 -0.1802 -0.9808
v 0.0381 -0.1913 0.9808
v 0.0747 -0.3753 0.9239
v 0.1084 -0.5449 0.8315
v 0.1379 -0.6935 0.7071
v 0.1622 -0.8155 0.5556
v 0.1802 -0.9061 0.3827
v 0.1913 -0.9619 0.1951
v 0.1951 -0.9808 0.0
v 0.1913 -0.9619 -0.1951
v 0.1802 -0.9061 -0.3827
v 0.1622 -0.8155 -0.5556
v 0.1379 -0.6935 -0.7071
v 0.1084 -0.5449 -0.8315
v 0.0747 -0.3753 -0.9239
v 0.0381 -0.1913 -0.9808
v -0.0 -0.1951 0.9808
v -0.0 -0.3827 0.9239
v -0.0 -0.5556 0.8315
v -0.0 -0.7071 0.7071
v -0.0 -0.8315 0.5556
v 0.0 -0.9239 0.3827
v -0.0 -0.9808 0.1951
v -0.0 -1.0 0.0
v -0.0 -0.9808 -0.1951
v 0.0 -0.9239 -0.3827
v -0.0 -0.8315 -0.5556
v -0.0 -0.7071 -0.7071
v -0.0 -0.5556 -0.8315
v -0.0 -0.3827 -0.9239
v -0.0 -0.1951 -0.9808
v -0.0381 -0.1913 0.9808
v -0.0747 -0.3753 0.9239
v -0.1084 -0.5449 0.8315
v -0.1379 -0.6935 0.7071
v -0.1622 -0.8155 0.5556
v -0.1802 -0.9061 0.3827
v -0.1913 -0.9619 0.1951
v -0.1951 -0.9808 0.0
v -0.1913 -0.9619 -0.1951
v -0.1802 -0.9061 -0.3827
v -0.1622 -0.8155 -0.5556
v -0.1379 -0.6935 -0.7071
v -0.1084 -0.5449 -0.8315
v -0.0747 -0.3753 -0.9239
v -0.0381 -0.1913 -0.9808
v -0.0747 -0.1802 0.9808
v -0.1464 -0.3536 0.9239
v -0.2126 -0.5133 0.8315
v -0.2706 -0.6533 0.7071
v -0.3182 -0.7682 0.5556
v -0.3536 -0.8536 0.3827
v -0.3753 -0.9061 0.1951
v -0.3827 -0.9239 0.0
v -0.3753 -0.9061 -0.1951
v -0.3536 -0.8536 -0.3827
v -0.3182 -0.7682 -0.5556
v -0.2706 -0.6533 -0.7071
v -0.2126 -0.5133 -0.8315
v -0.1464 -0.3536 -0.9239
v -0.0747 -0.1802 -0.9808
v -0.1084 -0.1622 0.9808
v -0.2126 -0.3182 0.9239
v -0.3087 -0.4619 0.8315
v -0.3928 -0.5879 0.7071
v -0.4619 -0.6913 0.5556
v -0.5133 -0.7682 0.3827
v -0.5449 -0.8155 0.1951
v -0.5556 -0.8315 0.0
v -0.5449 -0.8155 -0.1951
v -0.5133 -0.7682 -0.3827
v -0.4619 -0.6913 -0.5556
v -0.3928 -0.5879 -0.7071
v -0.3087 -0.4619 -0.8315
v -0.2126 -0.3182 -0.9239
v -0.1084 -0.1622 -0.9808
v -0.1379 -0.1379 0.9808
v -0.2706 -0.2706 0.9239
v -0.3928 -0.3928 0.8315
v -0.5 -0.5 0.7071
v -0.5879 -0.5879 0.5556
v -0.6533 -0.6533 0.3827
v -0.6935 -0.6935 0.1951
v -0.7071 -0.7071 0.0
v -0.6935 -0.6935 -0.1951
v -0.6533 -0.6533 -0.3827
v -0.5879 -0.5879 -0.5556
v -0.5 -0.5 -0.7071
v -0.3928 -0.3928 -0.8315
v -0.2706 -0.2706 -0.9239
v -0.1379 -0.1379 -0.9808
v 0.0 0.0 -1.0
v -0.1622 -0.1084 0.9808
v -0.3182 -0.2126 0.9239
v -0.4619 -0.3087 0.8315
v -0.5879 -0.3928 0.7071
v -0.6913 -0.4619 0.5556
v -0.7682 -0.5133 0.3827
v -0.8155 -0.5449 0.1951
v -0.8315 -0.5556 0.0
v -0.8155 -0.5449 -0.1951
v -0.7682 -0.5133 -0.3827
v -0.6913 -0.4619 -0.5556
v -0.5879 -0.3928 -0.7071
v -0.4619 -0.3087 -0.8315
v -0.3182 -0.2126 -0.9239
v -0.1622 -0.1084 -0.9808
v -0.1802 -0.0747 0.9808
v -0.3536 -0.1464 0.9239
v -0.5133 -0.2126 0.8315
v -0.6533 -0.2706 0.7071
v -0.7682 -0.3182 0.5556
v -0.8536 -0.3536 0.3827
v -0.9061 -0.3753 0.1951
v -0.9239 -0.3827 0.0
v -0.9061 -0.3753 -0.1951
v -0.8536 -0.3536 -0.3827
v -0.7682 -0.3182 -0.5556
v -0.6533 -0.2706 -0.7071
v -0.5133 -0.2126 -0.8315
v -0.3536 -0.1464 -0.9239
v -0.1802 -0.0747 -0.9808
v -0.1913 -0.0381 0.9808
v -0.3753 -0.0747 0.9239
v -0.5449 -0.1084 0.8315
v -0.6935 -0.1379 0.7071
v -0.8155 -0.1622 0.5556
v -0.9061 -0.1802 0.3827
v -0.9619 -0.1913 0.1951
v -0.9808 -0.1951 0.0
v -0.9619 -0.1913 -0.1951
v -0.9061 -0.1802 -0.3827
v -0.8155 -0.1622 -0.5556
v -0.6935 -0.1379 -0.7071
v -0.5449 -0.1084 -0.8315
v -0.3753 -0.0747 -0.9239
v -0.1913 -0.0381 -0.9808
v -0.1951 0.0 0.9808
v -0.3827 0.0 0.9239
v -0.5556 0.0 0.8315
v -0.7071 0.0 0.7071
v -0.8315 0.0 0.5556
v -0.9239 0.0 0.3827
v -0.9808 0.0 0.1951
v -1.0 0.0 0.0
v -0.9808 0.0 -0.1951
v -0.9239 0.0 -0.3827
v -0.8315 0.0 -0.5556
v -0.7071 0.0 -0.7071
v -0.5556 0.0 -0.8315
v -0.3827 0.0 -0.9239
v -0.1951 0.0 -0.9808
v -0.1913 0.0381 0.9808
v -0.3753 0.0747 0.9239
v -0.5449 0.1084 0.8315
v -0.6935 0.1379 0.7071
v -0.8155 0.1622 0.5556
v -0.9061 0.1802 0.3827
v -0.9619 0.1913 0.1951
v -0.9808 0.1951 0.0
v -0.9619 0.1913 -0.1951
v -0.9061 0.1802 -0.3827
v -0.8155 0.1622 -0.5556
v -0.6935 0.1379 -0.7071
v -0.5449 0.1084 -0.8315
v -0.3753 0.0747 -0.9239
v -0.1913 0.0381 -0.9808
v -0.1802 0.0747 0.9808
v -0.3536 0.1464 0.9239
v -0.5133 0.2126 0.8315
v -0.6533 0.2706 0.7071
v -0.7682 0.3182 0.5556
v -0.8536 0.3536 0.3827
v -0.9061 0.3753 0.1951
v -0.9239 0.3827 0.0
v -0.9061 0.3753 -0.1951
v -0.8536 0.3536 -0.3827
v -0.7682 0.3182 -0.5556
v -0.6533 0.2706 -0.7071
v -0.5133 0.2126 -0.8315
v -0.3536 0.1464 -0.9239
v -0.1802 0.0747 -0.9808
v -0.1622 0.1084 0.9808
v -0.3182 0.2126 0.9239
v -0.4619 0.3087 0.8315
v -0.5879 0.3928 0.7071
v -0.6913 0.4619 0.5556
v -0.7682 0.5133 0.3827
v -0.8155 0.5449 0.1951
v -0.8315 0.5556 0.0
v -0.8155 0.5449 -0.1951
v -0.7682 0.5133 -0.3827
v -0.6913 0.4619 -0.5556
v -0.5879 0.3928 -0.7071
v -0.4619 0.3087 -0.8315
v -0.3182 0.2126 -0.9239
v -0.1622 0.1084 -0.9808
v -0.1379 0.1379 0.9808
v -0.2706 0.2706 0.9239
v -0.3928 0.3928 0.8315
v -0.5 0.5 0.7071
v -0.5879 0.5879 0.5556
v -0.6533 0.6533 0.3827
v -0.6935 0.6935 0.1951
v -0.7071 0.7071 0.0
v -0.6935 0.6935 -0.1951
v -0.6533 0.6533 -0.3827
v -0.5879 0.5879 -0.5556
v -0.5 0.5 -0.7071
v -0.3928 0.3928 -0.8315
v -0.2706 0.2706 -0.9239
v -0.1379 0.1379 -0.9808
v -0.1084 0.1622 0.9808
v -0.2126 0.3182 0.9239
v -0.3087 0.4619 0.8315
v -0.3928 0.5879 0.7071
v -0.4619 0.6913 0.5556
v -0.5133 0.7682 0.3827
v -0.5449 0.8155 0.1951
v -0.5556 0.8315 0.0
v -0.5449 0.8155 -0.1951
v -0.5133 0.7682 -0.3827
v -0.4619 0.6913 -0.5556
v -0.3928 0.5879 -0.7071
v -0.3087 0.4619 -0.8315
v -0.2126 0.3182 -0.9239
v -0.1084 0.1622 -0.9808
v -0.0747 0.1802 0.9808
v -0.1464 0.3536 0.9239
v -0.2126 0.5133 0.8315
v -0.2706 0.6533 0.7071
v -0.3182 0.7682 0.5556
v -0.3536 0.8536 0.3827
v -0.3753 0.9061 0.1951
v -0.3827 0.9239 0.0
v -0.3753 0.9061 -0.1951
v -0.3536 0.8536 -0.3827
v -0.3182 0.7682 -0.5556
v -0.2706 0.6533 -0.7071
v -0.2126 0.5133 -0.8315
v -0.1464 0.3536 -0.9239
v -0.0747 0.1802 -0.9808
v -0.0381 0.1913 0.9808
v -0.0747 0.3753 0.9239
v -0.1084 0.5449 0.8315
v -0.1379 0.6935 0.7071
v -0.1622 0.8155 0.5556
v -0.1802 0.9061 0.3827
v -0.1913 0.9619 0.1951
v -0.1951 0.9808 0.0
v -0.1913 0.9619 -0.1951
v -0.1802 0.9061 -0.3827
v -0.1622 0.8155 -0.5556
v -0.1379 0.6935 -0.7071
v -0.1084 0.5449 -0.8315
v -0.0747 0.3753 -0.9239
v -0.0381 0.1913 -0.9808
v 0.0 0.1951 0.9808
v 0.0 0.3827 0.9239
v 0.0 0.7071 0.7071
v 0.0 0.9239 0.3827
v 0.0 0.9239 -0.3827
v 0.0 0.7071 -0.7071
v 0.0 0.5556 -0.8315
v 0.0 0.3827 -0.9239
v 0.0 0.1951 -0.9808
gi 0 0 0 0
gi 0 0 0 0
gi 0 0 0 0
gi 0 0 0 0
gi 0 0 0 0
gi 0 0 0 0
gi 0 0 0 0
gi 0 0 0 0
gi 0 0 0 0
gi 0 0 0 0
gi 0 0 0 0
gi 0 0 0 0
gi 0 0 0 0
gi 0 0 0 0
gi 0 0 0 0
gi 0 0 0 0
gi 0 0 0 0
gi 0 0 0 0
gi 0 0 0 0
gi 0 0 0 0
gi 0 0 0 0
gi 0 0 0 0
gi 0 0 0 0
gi 0 0 0 0
gi 0 0 0 0
gi 0 0 0 0
gi 0 0 0 0
gi 0 0 0 0
gi 0 0 0 0
gi 0 0 0 0
gi 0 0 0 0
gi 0 0 0 0
gi 0 0 0 0
gi 0 0 0 0
gi 0 0 0 0
gi 0 0 0 0
gi 0 0 0 0
gi 0 0 0 0
gi 0 0 0 0
gi 0 0 0 0
gi 0 0 0 0
gi 0 0 0 0
gi 0 0 0 0
gi 0 0 0 0
gi 0 0 0 0
gi 0 0 0 0
gi 0 0 0 0
gi 0 0 0 0
gi 0 0 0 0
gi 0 0 0 0
gi 0 0 0 0
gi 0 0 0 0
gi 0 0 0 0
gi 0 0 0 0
gi 0 0 0 0
gi 0 0 0 0
gi 0 0 0 0
gi 0 0 0 0
gi 0 0 0 0
gi 0 0 0 0
gi 0 0 0 0
gi 0 0 0 0
gi 0 0 0 0
gi 0 0 0 0
gi 0 0 0 0
gi 0 0 0 0
gi 0 0 0 0
gi 0 0 0 0
gi 0 0 0 0
gi 0 0 0 0
gi 0 0 0 0
gi 0 0 0 0
gi 0 0 0 0
gi 0 0 0 0
gi 0 0 0 0
gi 0 0 0 0
gi 0 0 0 0
gi 0 0 0 0
gi 0 0 0 0
gi 0 0 0 0
gi 0 0 0 0
gi 0 0 0 0
gi 0 0 0 0
gi 0 0 0 0
gi 0 0 0 0
gi 0 0 0 0
gi 0 0 0 0
gi 0 0 0 0
gi 0 0 0 0
gi 0 0 0 0
gi 0 0 0 0
gi 0 0 0 0
gi 0 0 0 0
gi 0 0 0 0
gi 0 0 0 0
gi 0 0 0 0
gi 0 0 0 0
gi 0 0 0 0
gi 0 0 0 0
gi 0 0 0 0
gi 0 0 0 0
gi 0 0 0 0
gi 0 0 0 0
gi 0 0 0 0
gi 0 0 0 0
gi 0 0 0 0
gi 0 0 0 0
gi 0 0 0 0
gi 0 0 0 0
gi 0 0 0 0
gi 0 0 0 0
gi 0 0 0 0
gi 0 0 0 0
gi 0 0 0 0
gi 0 0 0 0
gi 0 0 0 0
gi 0 0 0 0
gi 0 0 0 0
gi 0 0 0 0
gi 0 0 0 0
gi 0 0 0 0
gi 0 0 0 0
gi 0 0 0 0
gi 0 0 0 0
gi 0 0 0 0
gi 0 0 0 0
gi 0 0 0 0
gi 0 0 0 0
gi 0 0 0 0
gi 0 0 0 0
gi 0 0 0 0
gi 0 0 0 0
gi 0 0 0 0
gi 0 0 0 0
gi 0 0 0 0
gi 0 0 0 0
gi 0 0 0 0
gi 0 0 0 0
gi 0 0 0 0
gi 0 0 0 0
gi 0 0 0 0
gi 0 0 0 0
gi 0 0 0 0
gi 0 0 0 0
gi 0 0 0 0
gi 0 0 0 0
gi 0 0 0 0
gi 0 0 0 0
gi 0 0 0 0
gi 0 0 0 0
gi 0 0 0 0
gi 0 0 0 0
gi 0 0 0 0
gi 0 0 0 0
gi 0 0 0 0
gi 0 0 0 0
gi 0 0 0 0
gi 0 0 0 0
gi 0 0 0 0
gi 0 0 0 0
gi 0 0 0 0
gi 0 0 0 0
gi 0 0 0 0
gi 0 0 0 0
gi 0 0 0 0
gi 0 0 0 0
gi 0 0 0 0
gi 0 0 0 0
gi 0 0 0 0
gi 0 0 0 0
gi 0 0 0 0
gi 0 0 0 0
gi 0 0 0 0
gi 0 0 0 0
gi 0 0 0 0
gi 0 0 0 0
gi 0 0 0 0
gi 0 0 0 0
gi 0 0 0 0
gi 0 0 0 0
gi 0 0 0 0
gi 0 0 0 0
gi 0 0 0 0
gi 0 0 0 0
gi 0 0 0 0
gi 0 0 0 0
gi 0 0 0 0
gi 0 0 0 0
gi 0 0 0 0
gi 0 0 0 0
gi 0 0 0 0
gi 0 0 0 0
gi 0 0 0 0
gi 0 0 0 0
gi 0 0 0 0
gi 0 0 0 0
gi 0 0 0 0
gi 0 0 0 0
gi 0 0 0 0
gi 0 0 0 0
gi 0 0 0 0
gi 0 0 0 0
gi 0 0 0 0
gi 0 0 0 0
gi 0 0 0 0
gi 0 0 0 0
gi 0 0 0 0
gi 0 0 0 0
gi 0 0 0 0
gi 0 0 0 0
gi 0 0 0 0
gi 0 0 0 0
gi 0 0 0 0
gi 0 0 0 0
gi 0 0 0 0
gi 0 0 0 0
gi 0 0 0 0
gi 0 0 0 0
gi 0 0 0 0
gi 0 0 0 0
gi 0 0 0 0
gi 0 0 0 0
gi 0 0 0 0
gi 0 0 0 0
gi 0 0 0 0
gi 0 0 0 0
gi 0 0 0 0
gi 0 0 0 0
gi 0 0 0 0
gi 0 0 0 0
gi 0 0 0 0
gi 0 0 0 0
gi 0 0 0 0
gi 0 0 0 0
gi 0 0 0 0
gi 0 0 0 0
gi 0 0 0 0
gi 0 0 0 0
gi 0 0 0 0
gi 0 0 0 0
gi 0 0 0 0
gi 0 0 0 0
gi 0 0 0 0
gi 0 0 0 0
gi 0 0 0 0
gi 0 0 0 0
gi 0 0 0 0
gi 0 0 0 0
gi 0 0 0 0
gi 0 0 0 0
gi 0 0 0 0
gi 0 0 0 0
gi 0 0 0 0
gi 0 0 0 0
gi 0 0 0 0
gi 0 0 0 0
gi 0 0 0 0
gi 0 0 0 0
gi 0 0 0 0
gi 0 0 0 0
gi 0 0 0 0
gi 0 0 0 0
gi 0 0 0 0
gi 0 0 0 0
gi 0 0 0 0
gi 0 0 0 0
gi 0 0 0 0
gi 0 0 0 0
gi 0 0 0 0
gi 0 0 0 0
gi 0 0 0 0
gi 0 0 0 0
gi 0 0 0 0
gi 0 0 0 0
gi 0 0 0 0
gi 0 0 0 0
gi 0 0 0 0
gi 0 0 0 0
gi 0 0 0 0
gi 0 0 0 0
gi 0 0 0 0
gi 0 0 0 0
gi 0 0 0 0
gi 0 0 0 0
gi 0 0 0 0
gi 0 0 0 0
gi 0 0 0 0
gi 0 0 0 0
gi 0 0 0 0
gi 0 0 0 0
gi 0 0 0 0
gi 0 0 0 0
gi 0 0 0 0
gi 0 0 0 0
gi 0 0 0 0
gi 0 0 0 0
gi 0 0 0 0
gi 0 0 0 0
gi 0 0 0 0
gi 0 0 0 0
gi 0 0 0 0
gi 0 0 0 0
gi 0 0 0 0
gi 0 0 0 0
gi 0 0 0 0
gi 0 0 0 0
gi 0 0 0 0
gi 0 0 0 0
gi 0 0 0 0
gi 0 0 0 0
gi 0 0 0 0
gi 0 0 0 0
gi 0 0 0 0
gi 0 0 0 0
gi 0 0 0 0
gi 0 0 0 0
gi 0 0 0 0
gi 0 0 0 0
gi 0 0 0 0
gi 0 0 0 0
gi 0 0 0 0
gi 0 0 0 0
gi 0 0 0 0
gi 0 0 0 0
gi 0 0 0 0
gi 0 0 0 0
gi 0 0 0 0
gi 0 0 0 0
gi 0 0 0 0
gi 0 0 0 0
gi 0 0 0 0
gi 0 0 0 0
gi 0 0 0 0
gi 0 0 0 0
gi 0 0 0 0
gi 0 0 0 0
gi 0 0 0 0
gi 0 0 0 0
gi 0 0 0 0
gi 0 0 0 0
gi 0 0 0 0
gi 0 0 0 0
gi 0 0 0 0
gi 0 0 0 0
gi 0 0 0 0
gi 0 0 0 0
gi 0 0 0 0
gi 0 0 0 0
gi 0 0 0 0
gi 0 0 0 0
gi 0 0 0 0
gi 0 0 0 0
gi 0 0 0 0
gi 0 0 0 0
gi 0 0 0 0
gi 0 0 0 0
gi 0 0 0 0
gi 0 0 0 0
gi 0 0 0 0
gi 0 0 0 0
gi 0 0 0 0
gi 0 0 0 0
gi 0 0 0 0
gi 0 0 0 0
gi 0 0 0 0
gi 0 0 0 0
gi 0 0 0 0
gi 0 0 0 0
gi 0 0 0 0
gi 0 0 0 0
gi 0 0 0 0
gi 0 0 0 0
gi 0 0 0 0
gi 0 0 0 0
gi 0 0 0 0
gi 0 0 0 0
gi 0 0 0 0
gi 0 0 0 0
gi 0 0 0 0
gi 0 0 0 0
gi 0 0 0 0
gi 0 0 0 0
gi 0 0 0 0
gi 0 0 0 0
gi 0 0 0 0
gi 0 0 0 0
gi 0 0 0 0
gi 0 0 0 0
gi 0 0 0 0
gi 0 0 0 0
gi 0 0 0 0
gi 0 0 0 0
gi 0 0 0 0
gi 0 0 0 0
gi 0 0 0 0
gi 0 0 0 0
gi 0 0 0 0
gi 0 0 0 0
gi 0 0 0 0
gi 0 0 0 0
gi 0 0 0 0
gi 0 0 0 0
gi 0 0 0 0
gi 0 0 0 0
gi 0 0 0 0
gi 0 0 0 0
gi 0 0 0 0
gi 0 0 0 0
gi 0 0 0 0
gi 0 0 0 0
gi 0 0 0 0
gi 0 0 0 0
gi 0 0 0 0
gi 0 0 0 0
gi 0 0 0 0
gi 0 0 0 0
gi 0 0 0 0
gi 0 0 0 0
gi 0 0 0 0
gi 0 0 0 0
gi 0 0 0 0
gi 0 0 0 0
gi 0 0 0 0
gi 0 0 0 0
gi 0 0 0 0
gi 0 0 0 0
gi 0 0 0 0
gi 0 0 0 0
gi 0 0 0 0
gi 0 0 0 0
gi 0 0 0 0
gi 0 0 0 0
gi 0 0 0 0
gi 0 0 0 0
gi 0 0 0 0
gi 0 0 0 0
gi 0 0 0 0
gi 0 0 0 0
gi 0 0 0 0
gi 0 0 0 0
gi 0 0 0 0
gi 0 0 0 0
gi 0 0 0 0
gi 0 0 0 0
gi 0 0 0 0
gi 0 0 0 0
gi 0 0 0 0
gi 0 0 0 0
gi 0 0 0 0
gi 0 0 0 0
gi 0 0 0 0
gi 0 0 0 0
gi 0 0 0 0
gi 0 0 0 0
gi 0 0 0 0
gi 0 0 0 0
gi 0 0 0 0
gi 0 0 0 0
gi 0 0 0 0
gi 0 0 0 0
gi 0 0 0 0
gi 0 0 0 0
gi 0 0 0 0
gi 0 0 0 0
gi 0 0 0 0
gi 0 0 0 0
gi 0 0 0 0
gi 0 0 0 0
gi 0 0 0 0
gi 0 0 0 0
gi 0 0 0 0
gi 0 0 0 0
gi 0 0 0 0
gi 0 0 0 0
gi 0 0 0 0
gi 0 0 0 0
gi 0 0 0 0
gi 0 0 0 0
gi 0 0 0 0
gi 0 0 0 0
gi 0 0 0 0
gi 0 0 0 0
gw 0.0 0.0 0.0 0.0
gw 0.0 0.0 0.0 0.0
gw 0.0 0.0 0.0 0.0
gw 0.0 0.0 0.0 0.0
gw 0.0 0.0 0.0 0.0
gw 0.0 0.0 0.0 0.0
gw 0.0 0.0 0.0 0.0
gw 0.0 0.0 0.0 0.0
gw 0.0 0.0 0.0 0.0
gw 0.0 0.0 0.0 0.0
gw 0.0 0.0 0.0 0.0
gw 0.0 0.0 0.0 0.0
gw 0.0 0.0 0.0 0.0
gw 0.0 0.0 0.0 0.0
gw 0.0 0.0 0.0 0.0
gw 0.0 0.0 0.0 0.0
gw 0.0 0.0 0.0 0.0
gw 0.0 0.0 0.0 0.0
gw 0.0 0.0 0.0 0.0
gw 0.0 0.0 0.0 0.0
gw 0.0 0.0 0.0 0.0
gw 0.0 0.0 0.0 0.0
gw 0.0 0.0 0.0 0.0
gw 0.0 0.0 0.0 0.0
gw 0.0 0.0 0.0 0.0
gw 0.0 0.0 0.0 0.0
gw 0.0 0.0 0.0 0.0
gw 0.0 0.0 0.0 0.0
gw 0.0 0.0 0.0 0.0
gw 0.0 0.0 0.0 0.0
gw 0.0 0.0 0.0 0.0
gw 0.0 0.0 0.0 0.0
gw 0.0 0.0 0.0 0.0
gw 0.0 0.0 0.0 0.0
gw 0.0 0.0 0.0 0.0
gw 0.0 0.0 0.0 0.0
gw 0.0 0.0 0.0 0.0
gw 0.0 0.0 0.0 0.0
gw 0.0 0.0 0.0 0.0
gw 0.0 0.0 0.0 0.0
gw 0.0 0.0 0.0 0.0
gw 0.0 0.0 0.0 0.0
gw 0.0 0.0 0.0 0.0
gw 0.0 0.0 0.0 0.0
gw 0.0 0.0 0.0 0.0
gw 0.0 0.0 0.0 0.0
gw 0.0 0.0 0.0 0.0
gw 0.0 0.0 0.0 0.0
gw 0.0 0.0 0.0 0.0
gw 0.0 0.0 0.0 0.0
gw 0.0 0.0 0.0 0.0
gw 0.0 0.0 0.0 0.0
gw 0.0 0.0 0.0 0.0
gw 0.0 0.0 0.0 0.0
gw 0.0 0.0 0.0 0.0
gw 0.0 0.0 0.0 0.0
gw 0.0 0.0 0.0 0.0
gw 0.0 0.0 0.0 0.0
gw 0.0 0.0 0.0 0.0
gw 0.0 0.0 0.0 0.0
gw 0.0 0.0 0.0 0.0
gw 0.0 0.0 0.0 0.0
gw 0.0 0.0 0.0 0.0
gw 0.0 0.0 0.0 0.0
gw 0.0 0.0 0.0 0.0
gw 0.0 0.0 0.0 0.0
gw 0.0 0.0 0.0 0.0
gw 0.0 0.0 0.0 0.0
gw 0.0 0.0 0.0 0.0
gw 0.0 0.0 0.0 0.0
gw 0.0 0.0 0.0 0.0
gw 0.0 0.0 0.0 0.0
gw 0.0 0.0 0.0 0.0
gw 0.0 0.0 0.0 0.0
gw 0.0 0.0 0.0 0.0
gw 0.0 0.0 0.0 0.0
gw 0.0 0.0 0.0 0.0
gw 0.0 0.0 0.0 0.0
gw 0.0 0.0 0.0 0.0
gw 0.0 0.0 0.0 0.0
gw 0.0 0.0 0.0 0.0
gw 0.0 0.0 0.0 0.0
gw 0.0 0.0 0.0 0.0
gw 0.0 0.0 0.0 0.0
gw 0.0 0.0 0.0 0.0
gw 0.0 0.0 0.0 0.0
gw 0.0 0.0 0.0 0.0
gw 0.0 0.0 0.0 0.0
gw 0.0 0.0 0.0 0.0
gw 0.0 0.0 0.0 0.0
gw 0.0 0.0 0.0 0.0
gw 0.0 0.0 0.0 0.0
gw 0.0 0.0 0.0 0.0
gw 0.0 0.0 0.0 0.0
gw 0.0 0.0 0.0 0.0
gw 0.0 0.0 0.0 0.0
gw 0.0 0.0 0.0 0.0
gw 0.0 0.0 0.0 0.0
gw 0.0 0.0 0.0 0.0
gw 0.0 0.0 0.0 0.0
gw 0.0 0.0 0.0 0.0
gw 0.0 0.0 0.0 0.0
gw 0.0 0.0 0.0 0.0
gw 0.0 0.0 0.0 0.0
gw 0.0 0.0 0.0 0.0
gw 0.0 0.0 0.0 0.0
gw 0.0 0.0 0.0 0.0
gw 0.0 0.0 0.0 0.0
gw 0.0 0.0 0.0 0.0
gw 0.0 0.0 0.0 0.0
gw 0.0 0.0 0.0 0.0
gw 0.0 0.0 0.0 0.0
gw 0.0 0.0 0.0 0.0
gw 0.0 0.0 0.0 0.0
gw 0.0 0.0 0.0 0.0
gw 0.0 0.0 0.0 0.0
gw 0.0 0.0 0.0 0.0
gw 0.0 0.0 0.0 0.0
gw 0.0 0.0 0.0 0.0
gw 0.0 0.0 0.0 0.0
gw 0.0 0.0 0.0 0.0
gw 0.0 0.0 0.0 0.0
gw 0.0 0.0 0.0 0.0
gw 0.0 0.0 0.0 0.0
gw 0.0 0.0 0.0 0.0
gw 0.0 0.0 0.0 0.0
gw 0.0 0.0 0.0 0.0
gw 0.0 0.0 0.0 0.0
gw 0.0 0.0 0.0 0.0
gw 0.0 0.0 0.0 0.0
gw 0.0 0.0 0.0 0.0
gw 0.0 0.0 0.0 0.0
gw 0.0 0.0 0.0 0.0
gw 0.0 0.0 0.0 0.0
gw 0.0 0.0 0.0 0.0
gw 0.0 0.0 0.0 0.0
gw 0.0 0.0 0.0 0.0
gw 0.0 0.0 0.0 0.0
gw 0.0 0.0 0.0 0.0
gw 0.0 0.0 0.0 0.0
gw 0.0 0.0 0.0 0.0
gw 0.0 0.0 0.0 0.0
gw 0.0 0.0 0.0 0.0
gw 0.0 0.0 0.0 0.0
gw 0.0 0.0 0.0 0.0
gw 0.0 0.0 0.0 0.0
gw 0.0 0.0 0.0 0.0
gw 0.0 0.0 0.0 0.0
gw 0.0 0.0 0.0 0.0
gw 0.0 0.0 0.0 0.0
gw 0.0 0.0 0.0 0.0
gw 0.0 0.0 0.0 0.0
gw 0.0 0.0 0.0 0.0
gw 0.0 0.0 0.0 0.0
gw 0.0 0.0 0.0 0.0
gw 0.0 0.0 0.0 0.0
gw 0.0 0.0 0.0 0.0
gw 0.0 0.0 0.0 0.0
gw 0.0 0.0 0.0 0.0
gw 0.0 0.0 0.0 0.0
gw 0.0 0.0 0.0 0.0
gw 0.0 0.0 0.0 0.0
gw 0.0 0.0 0.0 0.0
gw 0.0 0.0 0.0 0.0
gw 0.0 0.0 0.0 0.0
gw 0.0 0.0 0.0 0.0
gw 0.0 0.0 0.0 0.0
gw 0.0 0.0 0.0 0.0
gw 0.0 0.0 0.0 0.0
gw 0.0 0.0 0.0 0.0
gw 0.0 0.0 0.0 0.0
gw 0.0 0.0 0.0 0.0
gw 0.0 0.0 0.0 0.0
gw 0.0 0.0 0.0 0.0
gw 0.0 0.0 0.0 0.0
gw 0.0 0.0 0.0 0.0
gw 0.0 0.0 0.0 0.0
gw 0.0 0.0 0.0 0.0
gw 0.0 0.0 0.0 0.0
gw 0.0 0.0 0.0 0.0
gw 0.0 0.0 0.0 0.0
gw 0.0 0.0 0.0 0.0
gw 0.0 0.0 0.0 0.0
gw 0.0 0.0 0.0 0.0
gw 0.0 0.0 0.0 0.0
gw 0.0 0.0 0.0 0.0
gw 0.0 0.0 0.0 0.0
gw 0.0 0.0 0.0 0.0
gw 0.0 0.0 0.0 0.0
gw 0.0 0.0 0.0 0.0
gw 0.0 0.0 0.0 0.0
gw 0.0 0.0 0.0 0.0
gw 0.0 0.0 0.0 0.0
gw 0.0 0.0 0.0 0.0
gw 0.0 0.0 0.0 0.0
gw 0.0 0.0 0.0 0.0
gw 0.0 0.0 0.0 0.0
gw 0.0 0.0 0.0 0.0
gw 0.0 0.0 0.0 0.0
gw 0.0 0.0 0.0 0.0
gw 0.0 0.0 0.0 0.0
gw 0.0 0.0 0.0 0.0
gw 0.0 0.0 0.0 0.0
gw 0.0 0.0 0.0 0.0
gw 0.0 0.0 0.0 0.0
gw 0.0 0.0 0.0 0.0
gw 0.0 0.0 0.0 0.0
gw 0.0 0.0 0.0 0.0
gw 0.0 0.0 0.0 0.0
gw 0.0 0.0 0.0 0.0
gw 0.0 0.0 0.0 0.0
gw 0.0 0.0 0.0 0.0
gw 0.0 0.0 0.0 0.0
gw 0.0 0.0 0.0 0.0
gw 0.0 0.0 0.0 0.0
gw 0.0 0.0 0.0 0.0
gw 0.0 0.0 0.0 0.0
gw 0.0 0.0 0.0 0.0
gw 0.0 0.0 0.0 0.0
gw 0.0 0.0 0.0 0.0
gw 0.0 0.0 0.0 0.0
gw 0.0 0.0 0.0 0.0
gw 0.0 0.0 0.0 0.0
gw 0.0 0.0 0.0 0.0
gw 0.0 0.0 0.0 0.0
gw 0.0 0.0 0.0 0.0
gw 0.0 0.0 0.0 0.0
gw 0.0 0.0 0.0 0.0
gw 0.0 0.0 0.0 0.0
gw 0.0 0.0 0.0 0.0
gw 0.0 0.0 0.0 0.0
gw 0.0 0.0 0.0 0.0
gw 0.0 0.0 0.0 0.0
gw 0.0 0.0 0.0 0.0
gw 0.0 0.0 0.0 0.0
gw 0.0 0.0 0.0 0.0
gw 0.0 0.0 0.0 0.0
gw 0.0 0.0 0.0 0.0
gw 0.0 0.0 0.0 0.0
gw 0.0 0.0 0.0 0.0
gw 0.0 0.0 0.0 0.0
gw 0.0 0.0 0.0 0.0
gw 0.0 0.0 0.0 0.0
gw 0.0 0.0 0.0 0.0
gw 0.0 0.0 0.0 0.0
gw 0.0 0.0 0.0 0.0
gw 0.0 0.0 0.0 0.0
gw 0.0 0.0 0.0 0.0
gw 0.0 0.0 0.0 0.0
gw 0.0 0.0 0.0 0.0
gw 0.0 0.0 0.0 0.0
gw 0.0 0.0 0.0 0.0
gw 0.0 0.0 0.0 0.0
gw 0.0 0.0 0.0 0.0
gw 0.0 0.0 0.0 0.0
gw 0.0 0.0 0.0 0.0
gw 0.0 0.0 0.0 0.0
gw 0.0 0.0 0.0 0.0
gw 0.0 0.0 0.0 0.0
gw 0.0 0.0 0.0 0.0
gw 0.0 0.0 0.0 0.0
gw 0.0 0.0 0.0 0.0
gw 0.0 0.0 0.0 0.0
gw 0.0 0.0 0.0 0.0
gw 0.0 0.0 0.0 0.0
gw 0.0 0.0 0.0 0.0
gw 0.0 0.0 0.0 0.0
gw 0.0 0.0 0.0 0.0
gw 0.0 0.0 0.0 0.0
gw 0.0 0.0 0.0 0.0
gw 0.0 0.0 0.0 0.0
gw 0.0 0.0 0.0 0.0
gw 0.0 0.0 0.0 0.0
gw 0.0 0.0 0.0 0.0
gw 0.0 0.0 0.0 0.0
gw 0.0 0.0 0.0 0.0
gw 0.0 0.0 0.0 0.0
gw 0.0 0.0 0.0 0.0
gw 0.0 0.0 0.0 0.0
gw 0.0 0.0 0.0 0.0
gw 0.0 0.0 0.0 0.0
gw 0.0 0.0 0.0 0.0
gw 0.0 0.0 0.0 0.0
gw 0.0 0.0 0.0 0.0
gw 0.0 0.0 0.0 0.0
gw 0.0 0.0 0.0 0.0
gw 0.0 0.0 0.0 0.0
gw 0.0 0.0 0.0 0.0
gw 0.0 0.0 0.0 0.0
gw 0.0 0.0 0.0 0.0
gw 0.0 0.0 0.0 0.0
gw 0.0 0.0 0.0 0.0
gw 0.0 0.0 0.0 0.0
gw 0.0 0.0 0.0 0.0
gw 0.0 0.0 0.0 0.0
gw 0.0 0.0 0.0 0.0
gw 0.0 0.0 0.0 0.0
gw 0.0 0.0 0.0 0.0
gw 0.0 0.0 0.0 0.0
gw 0.0 0.0 0.0 0.0
gw 0.0 0.0 0.0 0.0
gw 0.0 0.0 0.0 0.0
gw 0.0 0.0 0.0 0.0
gw 0.0 0.0 0.0 0.0
gw 0.0 0.0 0.0 0.0
gw 0.0 0.0 0.0 0.0
gw 0.0 0.0 0.0 0.0
gw 0.0 0.0 0.0 0.0
gw 0.0 0.0 0.0 0.0
gw 0.0 0.0 0.0 0.0
gw 0.0 0.0 0.0 0.0
gw 0.0 0.0 0.0 0.0
gw 0.0 0.0 0.0 0.0
gw 0.0 0.0 0.0 0.0
gw 0.0 0.0 0.0 0.0
gw 0.0 0.0 0.0 0.0
gw 0.0 0.0 0.0 0.0
gw 0.0 0.0 0.0 0.0
gw 0.0 0.0 0.0 0.0
gw 0.0 0.0 0.0 0.0
gw 0.0 0.0 0.0 0.0
gw 0.0 0.0 0.0 0.0
gw 0.0 0.0 0.0 0.0
gw 0.0 0.0 0.0 0.0
gw 0.0 0.0 0.0 0.0
gw 0.0 0.0 0.0 0.0
gw 0.0 0.0 0.0 0.0
gw 0.0 0.0 0.0 0.0
gw 0.0 0.0 0.0 0.0
gw 0.0 0.0 0.0 0.0
gw 0.0 0.0 0.0 0.0
gw 0.0 0.0 0.0 0.0
gw 0.0 0.0 0.0 0.0
gw 0.0 0.0 0.0 0.0
gw 0.0 0.0 0.0 0.0
gw 0.0 0.0 0.0 0.0
gw 0.0 0.0 0.0 0.0
gw 0.0 0.0 0.0 0.0
gw 0.0 0.0 0.0 0.0
gw 0.0 0.0 0.0 0.0
gw 0.0 0.0 0.0 0.0
gw 0.0 0.0 0.0 0.0
gw 0.0 0.0 0.0 0.0
gw 0.0 0.0 0.0 0.0
gw 0.0 0.0 0.0 0.0
gw 0.0 0.0 0.0 0.0
gw 0.0 0.0 0.0 0.0
gw 0.0 0.0 0.0 0.0
gw 0.0 0.0 0.0 0.0
gw 0.0 0.0 0.0 0.0
gw 0.0 0.0 0.0 0.0
gw 0.0 0.0 0.0 0.0
gw 0.0 0.0 0.0 0.0
gw 0.0 0.0 0.0 0.0
gw 0.0 0.0 0.0 0.0
gw 0.0 0.0 0.0 0.0
gw 0.0 0.0 0.0 0.0
gw 0.0 0.0 0.0 0.0
gw 0.0 0.0 0.0 0.0
gw 0.0 0.0 0.0 0.0
gw 0.0 0.0 0.0 0.0
gw 0.0 0.0 0.0 0.0
gw 0.0 0.0 0.0 0.0
gw 0.0 0.0 0.0 0.0
gw 0.0 0.0 0.0 0.0
gw 0.0 0.0 0.0 0.0
gw 0.0 0.0 0.0 0.0
gw 0.0 0.0 0.0 0.0
gw 0.0 0.0 0.0 0.0
gw 0.0 0.0 0.0 0.0
gw 0.0 0.0 0.0 0.0
gw 0.0 0.0 0.0 0.0
gw 0.0 0.0 0.0 0.0
gw 0.0 0.0 0.0 0.0
gw 0.0 0.0 0.0 0.0
gw 0.0 0.0 0.0 0.0
gw 0.0 0.0 0.0 0.0
gw 0.0 0.0 0.0 0.0
gw 0.0 0.0 0.0 0.0
gw 0.0 0.0 0.0 0.0
gw 0.0 0.0 0.0 0.0
gw 0.0 0.0 0.0 0.0
gw 0.0 0.0 0.0 0.0
gw 0.0 0.0 0.0 0.0
gw 0.0 0.0 0.0 0.0
gw 0.0 0.0 0.0 0.0
gw 0.0 0.0 0.0 0.0
gw 0.0 0.0 0.0 0.0
gw 0.0 0.0 0.0 0.0
gw 0.0 0.0 0.0 0.0
gw 0.0 0.0 0.0 0.0
gw 0.0 0.0 0.0 0.0
gw 0.0 0.0 0.0 0.0
gw 0.0 0.0 0.0 0.0
gw 0.0 0.0 0.0 0.0
gw 0.0 0.0 0.0 0.0
gw 0.0 0.0 0.0 0.0
gw 0.0 0.0 0.0 0.0
gw 0.0 0.0 0.0 0.0
gw 0.0 0.0 0.0 0.0
gw 0.0 0.0 0.0 0.0
gw 0.0 0.0 0.0 0.0
gw 0.0 0.0 0.0 0.0
gw 0.0 0.0 0.0 0.0
gw 0.0 0.0 0.0 0.0
gw 0.0 0.0 0.0 0.0
gw 0.0 0.0 0.0 0.0
gw 0.0 0.0 0.0 0.0
gw 0.0 0.0 0.0 0.0
gw 0.0 0.0 0.0 0.0
gw 0.0 0.0 0.0 0.0
gw 0.0 0.0 0.0 0.0
gw 0.0 0.0 0.0 0.0
gw 0.0 0.0 0.0 0.0
gw 0.0 0.0 0.0 0.0
gw 0.0 0.0 0.0 0.0
gw 0.0 0.0 0.0 0.0
gw 0.0 0.0 0.0 0.0
gw 0.0 0.0 0.0 0.0
gw 0.0 0.0 0.0 0.0
gw 0.0 0.0 0.0 0.0
gw 0.0 0.0 0.0 0.0
gw 0.0 0.0 0.0 0.0
gw 0.0 0.0 0.0 0.0
gw 0.0 0.0 0.0 0.0
gw 0.0 0.0 0.0 0.0
gw 0.0 0.0 0.0 0.0
gw 0.0 0.0 0.0 0.0
gw 0.0 0.0 0.0 0.0
gw 0.0 0.0 0.0 0.0
gw 0.0 0.0 0.0 0.0
gw 0.0 0.0 0.0 0.0
gw 0.0 0.0 0.0 0.0
gw 0.0 0.0 0.0 0.0
gw 0.0 0.0 0.0 0.0
gw 0.0 0.0 0.0 0.0
gw 0.0 0.0 0.0 0.0
gw 0.0 0.0 0.0 0.0
gw 0.0 0.0 0.0 0.0
gw 0.0 0.0 0.0 0.0
gw 0.0 0.0 0.0 0.0
gw 0.0 0.0 0.0 0.0
gw 0.0 0.0 0.0 0.0
gw 0.0 0.0 0.0 0.0
gw 0.0 0.0 0.0 0.0
gw 0.0 0.0 0.0 0.0
gw 0.0 0.0 0.0 0.0
gw 0.0 0.0 0.0 0.0
gw 0.0 0.0 0.0 0.0
gw 0.0 0.0 0.0 0.0
gw 0.0 0.0 0.0 0.0
gw 0.0 0.0 0.0 0.0
gw 0.0 0.0 0.0 0.0
gw 0.0 0.0 0.0 0.0
gw 0.0 0.0 0.0 0.0
gw 0.0 0.0 0.0 0.0
gw 0.0 0.0 0.0 0.0
gw 0.0 0.0 0.0 0.0
gw 0.0 0.0 0.0 0.0
gw 0.0 0.0 0.0 0.0
gw 0.0 0.0 0.0 0.0
gw 0.0 0.0 0.0 0.0
gw 0.0 0.0 0.0 0.0
gw 0.0 0.0 0.0 0.0
gw 0.0 0.0 0.0 0.0
gw 0.0 0.0 0.0 0.0
gw 0.0 0.0 0.0 0.0
gw 0.0 0.0 0.0 0.0
gw 0.0 0.0 0.0 0.0
gw 0.0 0.0 0.0 0.0
gw 0.0 0.0 0.0 0.0
gw 0.0 0.0 0.0 0.0
gw 0.0 0.0 0.0 0.0
gw 0.0 0.0 0.0 0.0
gw 0.0 0.0 0.0 0.0
gw 0.0 0.0 0.0 0.0
gw 0.0 0.0 0.0 0.0
gw 0.0 0.0 0.0 0.0
gw 0.0 0.0 0.0 0.0
gw 0.0 0.0 0.0 0.0
gw 0.0 0.0 0.0 0.0
gw 0.0 0.0 0.0 0.0
vt 0.75 0.4375
vt 0.7188 0.375
vt 0.75 0.375
vt 0.75 0.8125
vt 0.7188 0.875
vt 0.7188 0.8125
vt 0.7188 0.3125
vt 0.75 0.3125
vt 0.75 0.75
vt 0.7188 0.75
vt 0.75 0.25
vt 0.7188 0.25
vt 0.7188 0.6875
vt 0.75 0.6875
vt 0.7188 0.1875
vt 0.75 0.1875
vt 0.75 0.625
vt 0.7188 0.625
vt 0.7188 0.125
vt 0.75 0.125
vt 0.75 0.5625
vt 0.7188 0.5625
vt 0.7188 0.0625
vt 0.75 0.0625
vt 0.7188 0.5
vt 0.75 0.5
vt 0.75 0.9375
vt 0.7344 1.0
vt 0.7188 0.9375
vt 0.7344 0.0
vt 0.7188 0.4375
vt 0.75 0.875
vt 0.6875 0.4375
vt 0.6875 0.875
vt 0.6875 0.375
vt 0.6875 0.8125
vt 0.6875 0.3125
vt 0.6875 0.75
vt 0.6875 0.25
vt 0.6875 0.6875
vt 0.6875 0.1875
vt 0.6875 0.625
vt 0.6875 0.125
vt 0.6875 0.5625
vt 0.6875 0.0625
vt 0.6875 0.5
vt 0.7031 1.0
vt 0.6875 0.9375
vt 0.7031 0.0
vt 0.6562 0.25
vt 0.6562 0.1875
vt 0.6562 0.625
vt 0.6562 0.125
vt 0.6562 0.5625
vt 0.6562 0.0625
vt 0.6562 0.5
vt 0.6719 1.0
vt 0.6562 0.9375
vt 0.6719 0.0
vt 0.6562 0.4375
vt 0.6562 0.875
vt 0.6562 0.375
vt 0.6562 0.8125
vt 0.6562 0.3125
vt 0.6562 0.75
vt 0.6562 0.6875
vt 0.625 0.875
vt 0.625 0.375
vt 0.625 0.8125
vt 0.625 0.3125
vt 0.625 0.75
vt 0.625 0.25
vt 0.625 0.6875
vt 0.625 0.1875
vt 0.625 0.625
vt 0.625 0.125
vt 0.625 0.5625
vt 0.625 0.0625
vt 0.625 0.5
vt 0.6406 1.0
vt 0.625 0.9375
vt 0.6406 0.0
vt 0.625 0.4375
vt 0.5938 0.625
vt 0.5938 0.125
vt 0.5938 0.5625
vt 0.5938 0.0625
vt 0.5938 0.5
vt 0.6094 1.0
vt 0.5938 0.9375
vt 0.6094 0.0
vt 0.5938 0.4375
vt 0.5938 0.875
vt 0.5938 0.375
vt 0.5938 0.8125
vt 0.5938 0.3125
vt 0.5938 0.75
vt 0.5938 0.25
vt 0.5938 0.6875
vt 0.5938 0.1875
vt 0.5625 0.375
vt 0.5625 0.8125
vt 0.5625 0.3125
vt 0.5625 0.75
vt 0.5625 0.25
vt 0.5625 0.6875
vt 0.5625 0.1875
vt 0.5625 0.625
vt 0.5625 0.125
vt 0.5625 0.5625
vt 0.5625 0.0625
vt 0.5625 0.5
vt 0.5781 1.0
vt 0.5625 0.9375
vt 0.5781 0.0
vt 0.5625 0.4375
vt 0.5625 0.875
vt 0.5312 0.125
vt 0.5312 0.625
vt 0.5312 0.5625
vt 0.5312 0.0625
vt 0.5312 0.5
vt 0.5469 1.0
vt 0.5312 0.9375
vt 0.5469 0.0
vt 0.5312 0.4375
vt 0.5312 0.875
vt 0.5312 0.375
vt 0.5312 0.8125
vt 0.5312 0.3125
vt 0.5312 0.75
vt 0.5312 0.25
vt 0.5312 0.6875
vt 0.5312 0.1875
vt 0.5 0.375
vt 0.5 0.3125
vt 0.5 0.75
vt 0.5 0.25
vt 0.5 0.6875
vt 0.5 0.1875
vt 0.5 0.625
vt 0.5 0.125
vt 0.5 0.5625
vt 0.5 0.0625
vt 0.5 0.5
vt 0.5156 1.0
vt 0.5 0.9375
vt 0.5156 0.0
vt 0.5 0.4375
vt 0.5 0.875
vt 0.5 0.8125
vt 0.4688 0.0625
vt 0.4688 0.5625
vt 0.4687 0.5
vt 0.4844 1.0
vt 0.4688 0.9375
vt 0.4844 0.0
vt 0.4688 0.4375
vt 0.4688 0.875
vt 0.4688 0.375
vt 0.4688 0.8125
vt 0.4687 0.3125
vt 0.4688 0.75
vt 0.4688 0.25
vt 0.4687 0.6875
vt 0.4688 0.1875
vt 0.4688 0.625
vt 0.4688 0.125
vt 0.4375 0.75
vt 0.4375 0.25
vt 0.4375 0.6875
vt 0.4375 0.1875
vt 0.4375 0.625
vt 0.4375 0.125
vt 0.4375 0.5625
vt 0.4375 0.0625
vt 0.4375 0.5
vt 0.4531 1.0
vt 0.4375 0.9375
vt 0.4531 0.0
vt 0.4375 0.4375
vt 0.4375 0.875
vt 0.4375 0.375
vt 0.4375 0.8125
vt 0.4375 0.3125
vt 0.4062 0.5625
vt 0.4062 0.5
vt 0.4219 1.0
vt 0.4062 0.9375
vt 0.4219 0.0
vt 0.4062 0.0625
vt 0.4062 0.4375
vt 0.4062 0.875
vt 0.4062 0.375
vt 0.4062 0.8125
vt 0.4062 0.3125
vt 0.4062 0.75
vt 0.4062 0.25
vt 0.4062 0.6875
vt 0.4062 0.1875
vt 0.4062 0.625
vt 0.4062 0.125
vt 0.375 0.25
vt 0.375 0.75
vt 0.375 0.6875
vt 0.375 0.1875
vt 0.375 0.625
vt 0.375 0.125
vt 0.375 0.5625
vt 0.375 0.0625
vt 0.375 0.5
vt 0.3906 1.0
vt 0.375 0.9375
vt 0.3906 0.0
vt 0.375 0.4375
vt 0.375 0.875
vt 0.375 0.375
vt 0.375 0.8125
vt 0.375 0.3125
vt 0.3594 1.0
vt 0.3438 0.9375
vt 0.3594 0.0
vt 0.3438 0.0625
vt 0.3438 0.4375
vt 0.3438 0.875
vt 0.3438 0.375
vt 0.3438 0.8125
vt 0.3438 0.3125
vt 0.3438 0.75
vt 0.3438 0.25
vt 0.3438 0.6875
vt 0.3438 0.1875
vt 0.3438 0.625
vt 0.3438 0.125
vt 0.3438 0.5625
vt 0.3437 0.5
vt 0.3125 0.75
vt 0.3125 0.6875
vt 0.3125 0.25
vt 0.3125 0.1875
vt 0.3125 0.625
vt 0.3125 0.125
vt 0.3125 0.5625
vt 0.3125 0.0625
vt 0.3125 0.5
vt 0.3281 1.0
vt 0.3125 0.9375
vt 0.3281 0.0
vt 0.3125 0.4375
vt 0.3125 0.875
vt 0.3125 0.375
vt 0.3125 0.8125
vt 0.3125 0.3125
vt 0.2812 0.4375
vt 0.2812 0.875
vt 0.2812 0.375
vt 0.2812 0.8125
vt 0.2812 0.3125
vt 0.2812 0.75
vt 0.2812 0.25
vt 0.2812 0.6875
vt 0.2812 0.1875
vt 0.2812 0.625
vt 0.2812 0.125
vt 0.2812 0.5625
vt 0.2812 0.0625
vt 0.2812 0.5
vt 0.2969 1.0
vt 0.2812 0.9375
vt 0.2969 0.0
vt 0.25 0.25
vt 0.25 0.1875
vt 0.25 0.625
vt 0.25 0.125
vt 0.25 0.5625
vt 0.25 0.0625
vt 0.25 0.5
vt 0.2656 1.0
vt 0.25 0.9375
vt 0.2656 0.0
vt 0.25 0.4375
vt 0.25 0.875
vt 0.25 0.375
vt 0.25 0.8125
vt 0.25 0.3125
vt 0.25 0.75
vt 0.25 0.6875
vt 0.2188 0.375
vt 0.2188 0.875
vt 0.2188 0.8125
vt 0.2188 0.3125
vt 0.2188 0.75
vt 0.2188 0.25
vt 0.2188 0.6875
vt 0.2188 0.1875
vt 0.2188 0.625
vt 0.2188 0.125
vt 0.2188 0.5625
vt 0.2188 0.0625
vt 0.2187 0.5
vt 0.2344 1.0
vt 0.2188 0.9375
vt 0.2344 0.0
vt 0.2188 0.4375
vt 0.1875 0.1875
vt 0.1875 0.125
vt 0.1875 0.625
vt 0.1875 0.5625
vt 0.1875 0.0625
vt 0.1875 0.5
vt 0.2031 1.0
vt 0.1875 0.9375
vt 0.2031 0.0
vt 0.1875 0.4375
vt 0.1875 0.875
vt 0.1875 0.375
vt 0.1875 0.8125
vt 0.1875 0.3125
vt 0.1875 0.75
vt 0.1875 0.25
vt 0.1875 0.6875
vt 0.1562 0.8125
vt 0.1563 0.375
vt 0.1562 0.3125
vt 0.1562 0.75
vt 0.1562 0.25
vt 0.1562 0.6875
vt 0.1562 0.1875
vt 0.1563 0.625
vt 0.1562 0.125
vt 0.1562 0.5625
vt 0.1563 0.0625
vt 0.1562 0.5
vt 0.1719 1.0
vt 0.1563 0.9375
vt 0.1719 0.0
vt 0.1562 0.4375
vt 0.1562 0.875
vt 0.125 0.625
vt 0.125 0.5625
vt 0.125 0.125
vt 0.125 0.0625
vt 0.125 0.5
vt 0.1406 1.0
vt 0.125 0.9375
vt 0.1406 0.0
vt 0.125 0.4375
vt 0.125 0.875
vt 0.125 0.375
vt 0.125 0.8125
vt 0.125 0.3125
vt 0.125 0.75
vt 0.125 0.25
vt 0.125 0.6875
vt 0.125 0.1875
vt 0.0938 0.375
vt 0.0938 0.3125
vt 0.0938 0.75
vt 0.0938 0.25
vt 0.0938 0.6875
vt 0.0937 0.1875
vt 0.0938 0.625
vt 0.0938 0.125
vt 0.0937 0.5625
vt 0.0938 0.0625
vt 0.0937 0.5
vt 0.1094 1.0
vt 0.0938 0.9375
vt 0.1094 0.0
vt 0.0937 0.4375
vt 0.0938 0.875
vt 0.0937 0.8125
vt 0.0625 0.125
vt 0.0625 0.0625
vt 0.0625 0.5625
vt 0.0625 0.5
vt 0.0781 1.0
vt 0.0625 0.9375
vt 0.0781 0.0
vt 0.0625 0.4375
vt 0.0625 0.875
vt 0.0625 0.375
vt 0.0625 0.8125
vt 0.0625 0.3125
vt 0.0625 0.75
vt 0.0625 0.25
vt 0.0625 0.6875
vt 0.0625 0.1875
vt 0.0625 0.625
vt 0.0312 0.75
vt 0.0312 0.25
vt 0.0312 0.6875
vt 0.0312 0.1875
vt 0.0312 0.625
vt 0.0312 0.125
vt 0.0312 0.5625
vt 0.0312 0.0625
vt 0.0312 0.5
vt 0.0469 1.0
vt 0.0312 0.9375
vt 0.0469 0.0
vt 0.0312 0.4375
vt 0.0312 0.875
vt 0.0312 0.375
vt 0.0312 0.8125
vt 0.0312 0.3125
vt 0.0 0.5625
vt 0.0 0.5
vt 0.0156 1.0
vt 0.0 0.9375
vt 0.0156 0.0
vt 0.0 0.0625
vt 0.0 0.4375
vt 0.0 0.875
vt 0.0 0.375
vt 0.0 0.8125
vt 0.0 0.3125
vt 0.0 0.75
vt 0.0 0.25
vt 0.0 0.6875
vt 0.0 0.1875
vt 0.0 0.625
vt 0.0 0.125
vt 1.0 0.3125
vt 0.9688 0.25
vt 1.0 0.25
vt 1.0 0.6875
vt 0.9688 0.75
vt 0.9687 0.6875
vt 1.0 0.1875
vt 0.9687 0.1875
vt 0.9688 0.625
vt 1.0 0.625
vt 0.9687 0.125
vt 1.0 0.125
vt 1.0 0.5625
vt 0.9687 0.5625
vt 0.9688 0.0625
vt 1.0 0.0625
vt 1.0 0.5
vt 0.9687 0.5
vt 1.0 0.9375
vt 0.9844 1.0
vt 0.9688 0.9375
vt 0.9844 0.0
vt 0.9687 0.4375
vt 1.0 0.4375
vt 1.0 0.875
vt 0.9687 0.875
vt 0.9688 0.375
vt 1.0 0.375
vt 1.0 0.8125
vt 0.9687 0.8125
vt 0.9687 0.3125
vt 1.0 0.75
vt 0.9531 0.0
vt 0.9375 0.0625
vt 0.9375 0.4375
vt 0.9375 0.9375
vt 0.9375 0.875
vt 0.9375 0.375
vt 0.9375 0.8125
vt 0.9375 0.3125
vt 0.9375 0.75
vt 0.9375 0.25
vt 0.9375 0.6875
vt 0.9375 0.1875
vt 0.9375 0.625
vt 0.9375 0.125
vt 0.9375 0.5625
vt 0.9375 0.5
vt 0.9531 1.0
vt 0.9062 0.25
vt 0.9062 0.1875
vt 0.9062 0.625
vt 0.9062 0.125
vt 0.9062 0.5625
vt 0.9062 0.0625
vt 0.9062 0.5
vt 0.9219 1.0
vt 0.9062 0.9375
vt 0.9219 0.0
vt 0.9062 0.4375
vt 0.9062 0.875
vt 0.9062 0.375
vt 0.9062 0.8125
vt 0.9062 0.3125
vt 0.9062 0.75
vt 0.9062 0.6875
vt 0.875 0.875
vt 0.875 0.375
vt 0.875 0.8125
vt 0.875 0.3125
vt 0.875 0.75
vt 0.875 0.25
vt 0.875 0.6875
vt 0.875 0.1875
vt 0.875 0.625
vt 0.875 0.125
vt 0.875 0.5625
vt 0.875 0.0625
vt 0.875 0.5
vt 0.8906 1.0
vt 0.875 0.9375
vt 0.8906 0.0
vt 0.875 0.4375
vt 0.8438 0.625
vt 0.8438 0.125
vt 0.8437 0.5625
vt 0.8438 0.0625
vt 0.8437 0.5
vt 0.8594 1.0
vt 0.8438 0.9375
vt 0.8594 0.0
vt 0.8437 0.4375
vt 0.8438 0.875
vt 0.8438 0.375
vt 0.8437 0.8125
vt 0.8437 0.3125
vt 0.8438 0.75
vt 0.8438 0.25
vt 0.8437 0.6875
vt 0.8437 0.1875
vt 0.8125 0.375
vt 0.8125 0.875
vt 0.8125 0.8125
vt 0.8125 0.3125
vt 0.8125 0.75
vt 0.8125 0.25
vt 0.8125 0.6875
vt 0.8125 0.1875
vt 0.8125 0.625
vt 0.8125 0.125
vt 0.8125 0.5625
vt 0.8125 0.0625
vt 0.8125 0.5
vt 0.8281 1.0
vt 0.8125 0.9375
vt 0.8281 0.0
vt 0.8125 0.4375
vt 0.7812 0.125
vt 0.7812 0.625
vt 0.7812 0.5625
vt 0.7812 0.0625
vt 0.7812 0.5
vt 0.7969 1.0
vt 0.7812 0.9375
vt 0.7969 0.0
vt 0.7812 0.4375
vt 0.7812 0.875
vt 0.7812 0.375
vt 0.7812 0.8125
vt 0.7812 0.3125
vt 0.7812 0.75
vt 0.7812 0.25
vt 0.7812 0.6875
vt 0.7812 0.1875
vt 0.7656 1.0
vt 0.7656 0.0
vn -0.0 0.981 -0.1939
vn 0.1804 0.907 -0.3805
vn -0.0 0.9248 -0.3805
vn -0.0 0.5598 0.8286
vn 0.0757 0.3804 0.9217
vn 0.1092 0.549 0.8286
vn 0.1626 0.8173 -0.5528
vn -0.0 0.8333 -0.5528
vn -0.0 0.7101 0.7041
vn 0.1385 0.6965 0.7041
vn -0.0 0.7101 -0.7041
vn 0.1385 0.6965 -0.7041
vn 0.1626 0.8173 0.5528
vn -0.0 0.8333 0.5528
vn 0.1092 0.549 -0.8286
vn -0.0 0.5598 -0.8286
vn -0.0 0.9248 0.3805
vn 0.1804 0.907 0.3805
vn 0.0757 0.3804 -0.9217
vn -0.0 0.3879 -0.9217
vn -0.0 0.981 0.1939
vn 0.1914 0.9622 0.1939
vn 0.0392 0.1971 -0.9796
vn -0.0 0.201 -0.9796
vn 0.1951 0.9808 0.0
vn -0.0 1.0 -0.0
vn -0.0 0.201 0.9796
vn -0.0 0.0 1.0
vn 0.0392 0.1971 0.9796
vn 0.0 0.0 -1.0
vn 0.1914 0.9622 -0.1939
vn -0.0 0.3879 0.9217
vn 0.3754 0.9063 -0.1939
vn 0.1484 0.3584 0.9217
vn 0.3539 0.8544 -0.3805
vn 0.2142 0.5172 0.8286
vn 0.3189 0.7699 -0.5528
vn 0.2718 0.6561 0.7041
vn 0.2718 0.6561 -0.7041
vn 0.3189 0.7699 0.5528
vn 0.2142 0.5172 -0.8286
vn 0.3539 0.8544 0.3805
vn 0.1484 0.3584 -0.9217
vn 0.3754 0.9063 0.1939
vn 0.0769 0.1857 -0.9796
vn 0.3827 0.9239 0.0
vn 0.0769 0.1857 0.9796
vn 0.3945 0.5905 -0.7041
vn 0.311 0.4654 -0.8286
vn 0.5138 0.7689 0.3805
vn 0.2155 0.3225 -0.9217
vn 0.545 0.8157 0.1939
vn 0.1117 0.1671 -0.9796
vn 0.5556 0.8315 -0.0
vn 0.1117 0.1671 0.9796
vn 0.545 0.8157 -0.1939
vn 0.2155 0.3225 0.9217
vn 0.5138 0.7689 -0.3805
vn 0.311 0.4654 0.8286
vn 0.463 0.6929 -0.5528
vn 0.3945 0.5905 0.7041
vn 0.463 0.6929 0.5528
vn 0.2743 0.2743 0.9217
vn 0.6539 0.6539 -0.3805
vn 0.3958 0.3958 0.8286
vn 0.5893 0.5893 -0.5528
vn 0.5021 0.5021 0.7041
vn 0.5021 0.5021 -0.7041
vn 0.5893 0.5893 0.5528
vn 0.3958 0.3958 -0.8286
vn 0.6539 0.6539 0.3805
vn 0.2743 0.2743 -0.9217
vn 0.6937 0.6937 0.1939
vn 0.1421 0.1421 -0.9796
vn 0.7071 0.7071 0.0
vn 0.1421 0.1421 0.9796
vn 0.6937 0.6937 -0.1939
vn 0.7689 0.5138 0.3805
vn 0.3225 0.2155 -0.9217
vn 0.8157 0.545 0.1939
vn 0.1671 0.1117 -0.9796
vn 0.8315 0.5556 0.0
vn 0.1671 0.1117 0.9796
vn 0.8157 0.545 -0.1939
vn 0.3225 0.2155 0.9217
vn 0.7689 0.5138 -0.3805
vn 0.4654 0.311 0.8286
vn 0.6929 0.463 -0.5528
vn 0.5905 0.3945 0.7041
vn 0.5905 0.3945 -0.7041
vn 0.6929 0.463 0.5528
vn 0.4654 0.311 -0.8286
vn 0.8544 0.3539 -0.3805
vn 0.5172 0.2142 0.8286
vn 0.7699 0.3189 -0.5528
vn 0.6561 0.2718 0.7041
vn 0.6561 0.2718 -0.7041
vn 0.7699 0.3189 0.5528
vn 0.5172 0.2142 -0.8286
vn 0.8544 0.3539 0.3805
vn 0.3584 0.1484 -0.9217
vn 0.9063 0.3754 0.1939
vn 0.1857 0.0769 -0.9796
vn 0.9239 0.3827 -0.0
vn 0.1857 0.0769 0.9796
vn 0.9063 0.3754 -0.1939
vn 0.3584 0.1484 0.9217
vn 0.3804 0.0757 -0.9217
vn 0.907 0.1804 0.3805
vn 0.9622 0.1914 0.1939
vn 0.1971 0.0392 -0.9796
vn 0.9808 0.1951 -0.0
vn 0.1971 0.0392 0.9796
vn 0.9622 0.1914 -0.1939
vn 0.3804 0.0757 0.9217
vn 0.907 0.1804 -0.3805
vn 0.549 0.1092 0.8286
vn 0.8173 0.1626 -0.5528
vn 0.6965 0.1385 0.7041
vn 0.6965 0.1385 -0.7041
vn 0.8173 0.1626 0.5528
vn 0.549 0.1092 -0.8286
vn 0.9248 0.0 -0.3805
vn 0.8333 -0.0 -0.5528
vn 0.7101 0.0 0.7041
vn 0.7101 0.0 -0.7041
vn 0.8333 -0.0 0.5528
vn 0.5598 -0.0 -0.8286
vn 0.9248 0.0 0.3805
vn 0.3879 0.0 -0.9217
vn 0.981 0.0 0.1939
vn 0.201 -0.0 -0.9796
vn 1.0 -0.0 -0.0
vn 0.201 -0.0 0.9796
vn 0.981 0.0 -0.1939
vn 0.3879 0.0 0.9217
vn 0.5598 -0.0 0.8286
vn 0.1971 -0.0392 -0.9796
vn 0.9622 -0.1914 0.1939
vn 0.9808 -0.1951 0.0
vn 0.1971 -0.0392 0.9796
vn 0.9622 -0.1914 -0.1939
vn 0.3804 -0.0757 0.9217
vn 0.907 -0.1804 -0.3805
vn 0.549 -0.1092 0.8286
vn 0.8173 -0.1626 -0.5528
vn 0.6965 -0.1385 0.7041
vn 0.6965 -0.1385 -0.7041
vn 0.8173 -0.1626 0.5528
vn 0.549 -0.1092 -0.8286
vn 0.907 -0.1804 0.3805
vn 0.3804 -0.0757 -0.9217
vn 0.6561 -0.2718 0.7041
vn 0.6561 -0.2718 -0.7041
vn 0.7699 -0.3189 0.5528
vn 0.5172 -0.2142 -0.8286
vn 0.8544 -0.3539 0.3805
vn 0.3584 -0.1484 -0.9217
vn 0.9063 -0.3754 0.1939
vn 0.1857 -0.0769 -0.9796
vn 0.9239 -0.3827 0.0
vn 0.1857 -0.0769 0.9796
vn 0.9063 -0.3754 -0.1939
vn 0.3584 -0.1484 0.9217
vn 0.8544 -0.3539 -0.3805
vn 0.5172 -0.2142 0.8286
vn 0.7699 -0.3189 -0.5528
vn 0.8157 -0.545 0.1939
vn 0.8315 -0.5556 -0.0
vn 0.1671 -0.1117 0.9796
vn 0.1671 -0.1117 -0.9796
vn 0.8157 -0.545 -0.1939
vn 0.3225 -0.2155 0.9217
vn 0.7689 -0.5138 -0.3805
vn 0.4654 -0.311 0.8286
vn 0.6929 -0.463 -0.5528
vn 0.5905 -0.3945 0.7041
vn 0.5905 -0.3945 -0.7041
vn 0.6929 -0.463 0.5528
vn 0.4654 -0.311 -0.8286
vn 0.7689 -0.5138 0.3805
vn 0.3225 -0.2155 -0.9217
vn 0.5021 -0.5021 -0.7041
vn 0.5021 -0.5021 0.7041
vn 0.5893 -0.5893 0.5528
vn 0.3958 -0.3958 -0.8286
vn 0.6539 -0.6539 0.3805
vn 0.2743 -0.2743 -0.9217
vn 0.6937 -0.6937 0.1939
vn 0.1421 -0.1421 -0.9796
vn 0.7071 -0.7071 0.0
vn 0.1421 -0.1421 0.9796
vn 0.6937 -0.6937 -0.1939
vn 0.2743 -0.2743 0.9217
vn 0.6539 -0.6539 -0.3805
vn 0.3958 -0.3958 0.8286
vn 0.5893 -0.5893 -0.5528
vn 0.1117 -0.1671 0.9796
vn 0.1117 -0.1671 -0.9796
vn 0.545 -0.8157 -0.1939
vn 0.2155 -0.3225 0.9217
vn 0.5138 -0.7689 -0.3805
vn 0.311 -0.4654 0.8286
vn 0.463 -0.6929 -0.5528
vn 0.3945 -0.5905 0.7041
vn 0.3945 -0.5905 -0.7041
vn 0.463 -0.6929 0.5528
vn 0.311 -0.4654 -0.8286
vn 0.5138 -0.7689 0.3805
vn 0.2155 -0.3225 -0.9217
vn 0.545 -0.8157 0.1939
vn 0.5556 -0.8315 -0.0
vn 0.2718 -0.6561 0.7041
vn 0.3189 -0.7699 0.5528
vn 0.2718 -0.6561 -0.7041
vn 0.2142 -0.5172 -0.8286
vn 0.3539 -0.8544 0.3805
vn 0.1484 -0.3584 -0.9217
vn 0.3754 -0.9063 0.1939
vn 0.0769 -0.1857 -0.9796
vn 0.3827 -0.9239 0.0
vn 0.0769 -0.1857 0.9796
vn 0.3754 -0.9063 -0.1939
vn 0.1484 -0.3584 0.9217
vn 0.3539 -0.8544 -0.3805
vn 0.2142 -0.5172 0.8286
vn 0.3189 -0.7699 -0.5528
vn 0.1914 -0.9622 -0.1939
vn 0.0757 -0.3804 0.9217
vn 0.1804 -0.907 -0.3805
vn 0.1092 -0.549 0.8286
vn 0.1626 -0.8173 -0.5528
vn 0.1385 -0.6965 0.7041
vn 0.1385 -0.6965 -0.7041
vn 0.1626 -0.8173 0.5528
vn 0.1092 -0.549 -0.8286
vn 0.1804 -0.907 0.3805
vn 0.0757 -0.3804 -0.9217
vn 0.1914 -0.9622 0.1939
vn 0.0392 -0.1971 -0.9796
vn 0.1951 -0.9808 -0.0
vn 0.0392 -0.1971 0.9796
vn 0.0 -0.7101 -0.7041
vn -0.0 -0.5598 -0.8286
vn 0.0 -0.9248 0.3805
vn 0.0 -0.3879 -0.9217
vn 0.0 -0.981 0.1939
vn -0.0 -0.201 -0.9796
vn -0.0 -1.0 0.0
vn -0.0 -0.201 0.9796
vn 0.0 -0.981 -0.1939
vn 0.0 -0.3879 0.9217
vn 0.0 -0.9248 -0.3805
vn -0.0 -0.5598 0.8286
vn -0.0 -0.8333 -0.5528
vn 0.0 -0.7101 0.7041
vn -0.0 -0.8333 0.5528
vn -0.1804 -0.907 -0.3805
vn -0.0757 -0.3804 0.9217
vn -0.1092 -0.549 0.8286
vn -0.1626 -0.8173 -0.5528
vn -0.1385 -0.6965 0.7041
vn -0.1385 -0.6965 -0.7041
vn -0.1626 -0.8173 0.5528
vn -0.1092 -0.549 -0.8286
vn -0.1804 -0.907 0.3805
vn -0.0757 -0.3804 -0.9217
vn -0.1914 -0.9622 0.1939
vn -0.0392 -0.1971 -0.9796
vn -0.1951 -0.9808 -0.0
vn -0.0392 -0.1971 0.9796
vn -0.1914 -0.9622 -0.1939
vn -0.2142 -0.5172 -0.8286
vn -0.1484 -0.3584 -0.9217
vn -0.3539 -0.8544 0.3805
vn -0.3754 -0.9063 0.1939
vn -0.0769 -0.1857 -0.9796
vn -0.3827 -0.9239 0.0
vn -0.0769 -0.1857 0.9796
vn -0.3754 -0.9063 -0.1939
vn -0.1484 -0.3584 0.9217
vn -0.3539 -0.8544 -0.3805
vn -0.2142 -0.5172 0.8286
vn -0.3189 -0.7699 -0.5528
vn -0.2718 -0.6561 0.7041
vn -0.2718 -0.6561 -0.7041
vn -0.3189 -0.7699 0.5528
vn -0.311 -0.4654 0.8286
vn -0.5138 -0.7689 -0.3805
vn -0.463 -0.6929 -0.5528
vn -0.3945 -0.5905 0.7041
vn -0.3945 -0.5905 -0.7041
vn -0.463 -0.6929 0.5528
vn -0.311 -0.4654 -0.8286
vn -0.5138 -0.7689 0.3805
vn -0.2155 -0.3225 -0.9217
vn -0.545 -0.8157 0.1939
vn -0.1117 -0.1671 -0.9796
vn -0.5556 -0.8315 0.0
vn -0.1117 -0.1671 0.9796
vn -0.545 -0.8157 -0.1939
vn -0.2155 -0.3225 0.9217
vn -0.6539 -0.6539 0.3805
vn -0.6937 -0.6937 0.1939
vn -0.2743 -0.2743 -0.9217
vn -0.1421 -0.1421 -0.9796
vn -0.7071 -0.7071 -0.0
vn -0.1421 -0.1421 0.9796
vn -0.6937 -0.6937 -0.1939
vn -0.2743 -0.2743 0.9217
vn -0.6539 -0.6539 -0.3805
vn -0.3958 -0.3958 0.8286
vn -0.5893 -0.5893 -0.5528
vn -0.5021 -0.5021 0.7041
vn -0.5021 -0.5021 -0.7041
vn -0.5893 -0.5893 0.5528
vn -0.3958 -0.3958 -0.8286
vn -0.7689 -0.5138 -0.3805
vn -0.6929 -0.463 -0.5528
vn -0.5905 -0.3945 0.7041
vn -0.5905 -0.3945 -0.7041
vn -0.6929 -0.463 0.5528
vn -0.4654 -0.311 -0.8286
vn -0.7689 -0.5138 0.3805
vn -0.3225 -0.2155 -0.9217
vn -0.8157 -0.545 0.1939
vn -0.1671 -0.1117 -0.9796
vn -0.8315 -0.5556 0.0
vn -0.1671 -0.1117 0.9796
vn -0.8157 -0.545 -0.1939
vn -0.3225 -0.2155 0.9217
vn -0.4654 -0.311 0.8286
vn -0.3584 -0.1484 -0.9217
vn -0.1857 -0.0769 -0.9796
vn -0.9063 -0.3754 0.1939
vn -0.9239 -0.3827 -0.0
vn -0.1857 -0.0769 0.9796
vn -0.9063 -0.3754 -0.1939
vn -0.3584 -0.1484 0.9217
vn -0.8544 -0.3539 -0.3805
vn -0.5172 -0.2142 0.8286
vn -0.7699 -0.3189 -0.5528
vn -0.6561 -0.2718 0.7041
vn -0.6561 -0.2718 -0.7041
vn -0.7699 -0.3189 0.5528
vn -0.5172 -0.2142 -0.8286
vn -0.8544 -0.3539 0.3805
vn -0.6965 -0.1385 0.7041
vn -0.6965 -0.1385 -0.7041
vn -0.8173 -0.1626 0.5528
vn -0.549 -0.1092 -0.8286
vn -0.907 -0.1804 0.3805
vn -0.3804 -0.0757 -0.9217
vn -0.9622 -0.1914 0.1939
vn -0.1971 -0.0392 -0.9796
vn -0.9808 -0.1951 -0.0
vn -0.1971 -0.0392 0.9796
vn -0.9622 -0.1914 -0.1939
vn -0.3804 -0.0757 0.9217
vn -0.907 -0.1804 -0.3805
vn -0.549 -0.1092 0.8286
vn -0.8173 -0.1626 -0.5528
vn -0.981 -0.0 0.1939
vn -1.0 0.0 0.0
vn -0.201 0.0 0.9796
vn -0.201 0.0 -0.9796
vn -0.981 -0.0 -0.1939
vn -0.3879 -0.0 0.9217
vn -0.9248 -0.0 -0.3805
vn -0.5598 0.0 0.8286
vn -0.8333 0.0 -0.5528
vn -0.7101 -0.0 0.7041
vn -0.7101 -0.0 -0.7041
vn -0.8333 0.0 0.5528
vn -0.5598 0.0 -0.8286
vn -0.9248 -0.0 0.3805
vn -0.3879 -0.0 -0.9217
vn -0.6965 0.1385 -0.7041
vn -0.6965 0.1385 0.7041
vn -0.8173 0.1626 0.5528
vn -0.549 0.1092 -0.8286
vn -0.907 0.1804 0.3805
vn -0.3804 0.0757 -0.9217
vn -0.9622 0.1914 0.1939
vn -0.1971 0.0392 -0.9796
vn -0.9808 0.1951 0.0
vn -0.1971 0.0392 0.9796
vn -0.9622 0.1914 -0.1939
vn -0.3804 0.0757 0.9217
vn -0.907 0.1804 -0.3805
vn -0.549 0.1092 0.8286
vn -0.8173 0.1626 -0.5528
vn -0.1857 0.0769 -0.9796
vn -0.9063 0.3754 -0.1939
vn -0.1857 0.0769 0.9796
vn -0.3584 0.1484 0.9217
vn -0.8544 0.3539 -0.3805
vn -0.5172 0.2142 0.8286
vn -0.7699 0.3189 -0.5528
vn -0.6561 0.2718 0.7041
vn -0.6561 0.2718 -0.7041
vn -0.7699 0.3189 0.5528
vn -0.5172 0.2142 -0.8286
vn -0.8544 0.3539 0.3805
vn -0.3584 0.1484 -0.9217
vn -0.9063 0.3754 0.1939
vn -0.9239 0.3827 -0.0
vn -0.5905 0.3945 -0.7041
vn -0.4654 0.311 -0.8286
vn -0.7689 0.5138 0.3805
vn -0.3225 0.2155 -0.9217
vn -0.8157 0.545 0.1939
vn -0.1671 0.1117 -0.9796
vn -0.8315 0.5556 -0.0
vn -0.1671 0.1117 0.9796
vn -0.8157 0.545 -0.1939
vn -0.3225 0.2155 0.9217
vn -0.7689 0.5138 -0.3805
vn -0.4654 0.311 0.8286
vn -0.6929 0.463 -0.5528
vn -0.5905 0.3945 0.7041
vn -0.6929 0.463 0.5528
vn -0.2743 0.2743 0.9217
vn -0.6539 0.6539 -0.3805
vn -0.3958 0.3958 0.8286
vn -0.5893 0.5893 -0.5528
vn -0.5021 0.5021 0.7041
vn -0.5021 0.5021 -0.7041
vn -0.5893 0.5893 0.5528
vn -0.3958 0.3958 -0.8286
vn -0.6539 0.6539 0.3805
vn -0.2743 0.2743 -0.9217
vn -0.6937 0.6937 0.1939
vn -0.1421 0.1421 -0.9796
vn -0.7071 0.7071 -0.0
vn -0.1421 0.1421 0.9796
vn -0.6937 0.6937 -0.1939
vn -0.5138 0.7689 0.3805
vn -0.2155 0.3225 -0.9217
vn -0.545 0.8157 0.1939
vn -0.1117 0.1671 -0.9796
vn -0.5556 0.8315 0.0
vn -0.1117 0.1671 0.9796
vn -0.545 0.8157 -0.1939
vn -0.2155 0.3225 0.9217
vn -0.5138 0.7689 -0.3805
vn -0.311 0.4654 0.8286
vn -0.463 0.6929 -0.5528
vn -0.3945 0.5905 0.7041
vn -0.3945 0.5905 -0.7041
vn -0.463 0.6929 0.5528
vn -0.311 0.4654 -0.8286
vn -0.3539 0.8544 -0.3805
vn -0.1484 0.3584 0.9217
vn -0.2142 0.5172 0.8286
vn -0.3189 0.7699 -0.5528
vn -0.2718 0.6561 0.7041
vn -0.2718 0.6561 -0.7041
vn -0.3189 0.7699 0.5528
vn -0.2142 0.5172 -0.8286
vn -0.3539 0.8544 0.3805
vn -0.1484 0.3584 -0.9217
vn -0.3754 0.9063 0.1939
vn -0.0769 0.1857 -0.9796
vn -0.3827 0.9239 0.0
vn -0.0769 0.1857 0.9796
vn -0.3754 0.9063 -0.1939
vn -0.0757 0.3804 -0.9217
vn -0.1804 0.907 0.3805
vn -0.1914 0.9622 0.1939
vn -0.0392 0.1971 -0.9796
vn -0.1951 0.9808 -0.0
vn -0.0392 0.1971 0.9796
vn -0.1914 0.9622 -0.1939
vn -0.0757 0.3804 0.9217
vn -0.1804 0.907 -0.3805
vn -0.1092 0.549 0.8286
vn -0.1626 0.8173 -0.5528
vn -0.1385 0.6965 0.7041
vn -0.1385 0.6965 -0.7041
vn -0.1626 0.8173 0.5528
vn -0.1092 0.549 -0.8286
vtan -1.0 -0.0 0.0
vtan -0.9808 0.1951 0.0
vtan -1.0 -0.0 0.0
vtan -1.0 -0.0 -0.0
vtan -0.9808 0.1951 -0.0
vtan -0.9808 0.1951 0.0
vtan -0.9808 0.1951 -0.0
vtan -1.0 -0.0 0.0
vtan -1.0 -0.0 -0.0
vtan -0.9808 0.1951 0.0
vtan -1.0 -0.0 0.0
vtan -0.9808 0.1951 0.0
vtan -0.9808 0.1951 -0.0
vtan -1.0 -0.0 -0.0
vtan -0.9808 0.1951 0.0
vtan -1.0 -0.0 0.0
vtan -1.0 -0.0 -0.0
vtan -0.9808 0.1951 -0.0
vtan -0.9808 0.1951 0.0
vtan -1.0 -0.0 0.0
vtan -1.0 -0.0 -0.0
vtan -0.9808 0.1951 -0.0
vtan -0.9808 0.1951 0.0
vtan -1.0 -0.0 0.0
vtan -0.9808 0.1951 -0.0
vtan -1.0 -0.0 0.0
vtan -1.0 -0.0 -0.0
vtan -0.9952 0.098 -0.0
vtan -0.9808 0.1951 -0.0
vtan -0.9952 0.098 -0.0
vtan -0.9808 0.1951 0.0
vtan -1.0 -0.0 -0.0
vtan -0.9239 0.3827 0.0
vtan -0.9239 0.3827 -0.0
vtan -0.9239 0.3827 0.0
vtan -0.9239 0.3827 0.0
vtan -0.9239 0.3827 -0.0
vtan -0.9239 0.3827 0.0
vtan -0.9239 0.3827 -0.0
vtan -0.9239 0.3827 0.0
vtan -0.9239 0.3827 -0.0
vtan -0.9239 0.3827 0.0
vtan -0.9239 0.3827 0.0
vtan -0.9239 0.3827 0.0
vtan -0.9239 0.3827 0.0
vtan -0.9239 0.3827 -0.0
vtan -0.9569 0.2903 -0.0
vtan -0.9239 0.3827 -0.0
vtan -0.9569 0.2903 -0.0
vtan -0.8315 0.5556 0.0
vtan -0.8315 0.5556 -0.0
vtan -0.8315 0.5556 0.0
vtan -0.8315 0.5556 0.0
vtan -0.8315 0.5556 -0.0
vtan -0.8315 0.5556 -0.0
vtan -0.8315 0.5556 0.0
vtan -0.8819 0.4714 -0.0
vtan -0.8315 0.5556 0.0
vtan -0.8819 0.4714 -0.0
vtan -0.8315 0.5556 0.0
vtan -0.8315 0.5556 -0.0
vtan -0.8315 0.5556 -0.0
vtan -0.8315 0.5556 0.0
vtan -0.8315 0.5556 -0.0
vtan -0.8315 0.5556 -0.0
vtan -0.8315 0.5556 0.0
vtan -0.7071 0.7071 -0.0
vtan -0.7071 0.7071 0.0
vtan -0.7071 0.7071 0.0
vtan -0.7071 0.7071 -0.0
vtan -0.7071 0.7071 0.0
vtan -0.7071 0.7071 0.0
vtan -0.7071 0.7071 0.0
vtan -0.7071 0.7071 -0.0
vtan -0.7071 0.7071 0.0
vtan -0.7071 0.7071 -0.0
vtan -0.7071 0.7071 -0.0
vtan -0.7071 0.7071 0.0
vtan -0.7071 0.7071 0.0
vtan -0.773 0.6344 -0.0
vtan -0.7071 0.7071 -0.0
vtan -0.773 0.6344 -0.0
vtan -0.7071 0.7071 0.0
vtan -0.5556 0.8315 -0.0
vtan -0.5556 0.8315 -0.0
vtan -0.5556 0.8315 0.0
vtan -0.5556 0.8315 0.0
vtan -0.5556 0.8315 0.0
vtan -0.6344 0.773 -0.0
vtan -0.5556 0.8315 -0.0
vtan -0.6344 0.773 -0.0
vtan -0.5556 0.8315 0.0
vtan -0.5556 0.8315 0.0
vtan -0.5556 0.8315 0.0
vtan -0.5556 0.8315 -0.0
vtan -0.5556 0.8315 0.0
vtan -0.5556 0.8315 0.0
vtan -0.5556 0.8315 0.0
vtan -0.5556 0.8315 -0.0
vtan -0.5556 0.8315 -0.0
vtan -0.3827 0.9239 0.0
vtan -0.3827 0.9239 -0.0
vtan -0.3827 0.9239 0.0
vtan -0.3827 0.9239 -0.0
vtan -0.3827 0.9239 0.0
vtan -0.3827 0.9239 0.0
vtan -0.3827 0.9239 0.0
vtan -0.3827 0.9239 -0.0
vtan -0.3827 0.9239 -0.0
vtan -0.3827 0.9239 0.0
vtan -0.3827 0.9239 -0.0
vtan -0.3827 0.9239 0.0
vtan -0.4714 0.8819 -0.0
vtan -0.3827 0.9239 -0.0
vtan -0.4714 0.8819 -0.0
vtan -0.3827 0.9239 -0.0
vtan -0.3827 0.9239 -0.0
vtan -0.1951 0.9808 -0.0
vtan -0.1951 0.9808 0.0
vtan -0.1951 0.9808 0.0
vtan -0.1951 0.9808 0.0
vtan -0.1951 0.9808 0.0
vtan -0.2903 0.9569 -0.0
vtan -0.1951 0.9808 -0.0
vtan -0.2903 0.9569 -0.0
vtan -0.1951 0.9808 -0.0
vtan -0.1951 0.9808 -0.0
vtan -0.1951 0.9808 0.0
vtan -0.1951 0.9808 -0.0
vtan -0.1951 0.9808 -0.0
vtan -0.1951 0.9808 0.0
vtan -0.1951 0.9808 -0.0
vtan -0.1951 0.9808 0.0
vtan -0.1951 0.9808 0.0
vtan -0.0 1.0 -0.0
vtan 0.0 1.0 -0.0
vtan -0.0 1.0 -0.0
vtan -0.0 1.0 0.0
vtan 0.0 1.0 0.0
vtan 0.0 1.0 -0.0
vtan -0.0 1.0 0.0
vtan -0.0 1.0 -0.0
vtan -0.0 1.0 0.0
vtan 0.0 1.0 -0.0
vtan 0.0 1.0 0.0
vtan -0.098 0.9952 -0.0
vtan 0.0 1.0 -0.0
vtan -0.098 0.9952 0.0
vtan -0.0 1.0 -0.0
vtan 0.0 1.0 -0.0
vtan 0.0 1.0 0.0
vtan 0.1951 0.9808 -0.0
vtan 0.1951 0.9808 -0.0
vtan 0.1951 0.9808 0.0
vtan 0.098 0.9952 0.0
vtan 0.1951 0.9808 0.0
vtan 0.098 0.9952 0.0
vtan 0.1951 0.9808 0.0
vtan 0.1951 0.9808 0.0
vtan 0.1951 0.9808 -0.0
vtan 0.1951 0.9808 0.0
vtan 0.1951 0.9808 -0.0
vtan 0.1951 0.9808 -0.0
vtan 0.1951 0.9808 0.0
vtan 0.1951 0.9808 0.0
vtan 0.1951 0.9808 -0.0
vtan 0.1951 0.9808 0.0
vtan 0.1951 0.9808 -0.0
vtan 0.3827 0.9239 -0.0
vtan 0.3827 0.9239 0.0
vtan 0.3827 0.9239 -0.0
vtan 0.3827 0.9239 -0.0
vtan 0.3827 0.9239 0.0
vtan 0.3827 0.9239 0.0
vtan 0.3827 0.9239 -0.0
vtan 0.3827 0.9239 -0.0
vtan 0.3827 0.9239 -0.0
vtan 0.2903 0.9569 0.0
vtan 0.3827 0.9239 0.0
vtan 0.2903 0.9569 0.0
vtan 0.3827 0.9239 0.0
vtan 0.3827 0.9239 -0.0
vtan 0.3827 0.9239 -0.0
vtan 0.3827 0.9239 0.0
vtan 0.3827 0.9239 0.0
vtan 0.5556 0.8315 -0.0
vtan 0.5556 0.8315 0.0
vtan 0.4714 0.8819 0.0
vtan 0.5556 0.8315 0.0
vtan 0.4714 0.8819 0.0
vtan 0.5556 0.8315 -0.0
vtan 0.5556 0.8315 0.0
vtan 0.5556 0.8315 -0.0
vtan 0.5556 0.8315 -0.0
vtan 0.5556 0.8315 -0.0
vtan 0.5556 0.8315 0.0
vtan 0.5556 0.8315 -0.0
vtan 0.5556 0.8315 0.0
vtan 0.5556 0.8315 -0.0
vtan 0.5556 0.8315 0.0
vtan 0.5556 0.8315 0.0
vtan 0.5556 0.8315 0.0
vtan 0.7071 0.7071 0.0
vtan 0.7071 0.7071 -0.0
vtan 0.7071 0.7071 0.0
vtan 0.7071 0.7071 0.0
vtan 0.7071 0.7071 0.0
vtan 0.7071 0.7071 -0.0
vtan 0.7071 0.7071 0.0
vtan 0.7071 0.7071 0.0
vtan 0.7071 0.7071 0.0
vtan 0.6344 0.773 0.0
vtan 0.7071 0.7071 0.0
vtan 0.6344 0.773 0.0
vtan 0.7071 0.7071 0.0
vtan 0.7071 0.7071 0.0
vtan 0.7071 0.7071 -0.0
vtan 0.7071 0.7071 -0.0
vtan 0.7071 0.7071 -0.0
vtan 0.773 0.6344 0.0
vtan 0.8315 0.5556 -0.0
vtan 0.773 0.6344 0.0
vtan 0.8315 0.5556 0.0
vtan 0.8315 0.5556 0.0
vtan 0.8315 0.5556 0.0
vtan 0.8315 0.5556 0.0
vtan 0.8315 0.5556 -0.0
vtan 0.8315 0.5556 -0.0
vtan 0.8315 0.5556 -0.0
vtan 0.8315 0.5556 0.0
vtan 0.8315 0.5556 0.0
vtan 0.8315 0.5556 0.0
vtan 0.8315 0.5556 0.0
vtan 0.8315 0.5556 -0.0
vtan 0.8315 0.5556 -0.0
vtan 0.8315 0.5556 0.0
vtan 0.9239 0.3827 -0.0
vtan 0.9239 0.3827 0.0
vtan 0.9239 0.3827 0.0
vtan 0.9239 0.3827 -0.0
vtan 0.9239 0.3827 0.0
vtan 0.9239 0.3827 0.0
vtan 0.9239 0.3827 -0.0
vtan 0.9239 0.3827 -0.0
vtan 0.9239 0.3827 -0.0
vtan 0.8819 0.4714 0.0
vtan 0.9239 0.3827 0.0
vtan 0.8819 0.4714 0.0
vtan 0.9239 0.3827 0.0
vtan 0.9239 0.3827 -0.0
vtan 0.9239 0.3827 -0.0
vtan 0.9239 0.3827 0.0
vtan 0.9239 0.3827 -0.0
vtan 0.9808 0.1951 0.0
vtan 0.9808 0.1951 -0.0
vtan 0.9808 0.1951 -0.0
vtan 0.9808 0.1951 -0.0
vtan 0.9808 0.1951 0.0
vtan 0.9808 0.1951 -0.0
vtan 0.9808 0.1951 0.0
vtan 0.9808 0.1951 -0.0
vtan 0.9808 0.1951 0.0
vtan 0.9808 0.1951 0.0
vtan 0.9808 0.1951 0.0
vtan 0.9808 0.1951 -0.0
vtan 0.9808 0.1951 0.0
vtan 0.9808 0.1951 0.0
vtan 0.9569 0.2903 0.0
vtan 0.9808 0.1951 -0.0
vtan 0.9569 0.2903 0.0
vtan 1.0 0.0 0.0
vtan 1.0 -0.0 0.0
vtan 1.0 0.0 0.0
vtan 1.0 0.0 -0.0
vtan 1.0 0.0 -0.0
vtan 1.0 -0.0 -0.0
vtan 1.0 -0.0 0.0
vtan 0.9952 0.098 0.0
vtan 1.0 -0.0 0.0
vtan 0.9952 0.098 0.0
vtan 1.0 0.0 0.0
vtan 1.0 0.0 0.0
vtan 1.0 0.0 -0.0
vtan 1.0 -0.0 -0.0
vtan 1.0 -0.0 0.0
vtan 1.0 0.0 -0.0
vtan 1.0 -0.0 -0.0
vtan 0.9808 -0.1951 -0.0
vtan 0.9808 -0.1951 0.0
vtan 0.9808 -0.1951 -0.0
vtan 0.9808 -0.1951 -0.0
vtan 0.9808 -0.1951 -0.0
vtan 0.9808 -0.1951 0.0
vtan 0.9808 -0.1951 0.0
vtan 0.9808 -0.1951 0.0
vtan 0.9808 -0.1951 0.0
vtan 0.9808 -0.1951 -0.0
vtan 0.9808 -0.1951 -0.0
vtan 0.9808 -0.1951 -0.0
vtan 0.9808 -0.1951 0.0
vtan 0.9952 -0.098 0.0
vtan 0.9808 -0.1951 0.0
vtan 0.9952 -0.098 0.0
vtan 0.9808 -0.1951 -0.0
vtan 0.9239 -0.3827 -0.0
vtan 0.9239 -0.3827 -0.0
vtan 0.9239 -0.3827 0.0
vtan 0.9239 -0.3827 -0.0
vtan 0.9239 -0.3827 0.0
vtan 0.9239 -0.3827 0.0
vtan 0.9569 -0.2903 0.0
vtan 0.9239 -0.3827 -0.0
vtan 0.9569 -0.2903 0.0
vtan 0.9239 -0.3827 0.0
vtan 0.9239 -0.3827 0.0
vtan 0.9239 -0.3827 -0.0
vtan 0.9239 -0.3827 0.0
vtan 0.9239 -0.3827 -0.0
vtan 0.9239 -0.3827 -0.0
vtan 0.9239 -0.3827 0.0
vtan 0.9239 -0.3827 0.0
vtan 0.8315 -0.5556 0.0
vtan 0.8315 -0.5556 -0.0
vtan 0.8315 -0.5556 0.0
vtan 0.8315 -0.5556 -0.0
vtan 0.8315 -0.5556 0.0
vtan 0.8315 -0.5556 -0.0
vtan 0.8315 -0.5556 -0.0
vtan 0.8315 -0.5556 0.0
vtan 0.8315 -0.5556 0.0
vtan 0.8315 -0.5556 -0.0
vtan 0.8315 -0.5556 -0.0
vtan 0.8315 -0.5556 -0.0
vtan 0.8819 -0.4714 0.0
vtan 0.8315 -0.5556 0.0
vtan 0.8819 -0.4714 0.0
vtan 0.8315 -0.5556 0.0
vtan 0.8315 -0.5556 -0.0
vtan 0.7071 -0.7071 0.0
vtan 0.7071 -0.7071 0.0
vtan 0.7071 -0.7071 0.0
vtan 0.7071 -0.7071 0.0
vtan 0.7071 -0.7071 0.0
vtan 0.773 -0.6344 0.0
vtan 0.7071 -0.7071 -0.0
vtan 0.773 -0.6344 0.0
vtan 0.7071 -0.7071 0.0
vtan 0.7071 -0.7071 -0.0
vtan 0.7071 -0.7071 0.0
vtan 0.7071 -0.7071 0.0
vtan 0.7071 -0.7071 -0.0
vtan 0.7071 -0.7071 -0.0
vtan 0.7071 -0.7071 -0.0
vtan 0.7071 -0.7071 0.0
vtan 0.7071 -0.7071 -0.0
vtan 0.5556 -0.8315 -0.0
vtan 0.5556 -0.8315 -0.0
vtan 0.5556 -0.8315 -0.0
vtan 0.5556 -0.8315 0.0
vtan 0.5556 -0.8315 0.0
vtan 0.5556 -0.8315 -0.0
vtan 0.5556 -0.8315 0.0
vtan 0.5556 -0.8315 0.0
vtan 0.5556 -0.8315 -0.0
vtan 0.5556 -0.8315 0.0
vtan 0.5556 -0.8315 0.0
vtan 0.6344 -0.773 0.0
vtan 0.5556 -0.8315 -0.0
vtan 0.6344 -0.773 0.0
vtan 0.5556 -0.8315 0.0
vtan 0.5556 -0.8315 0.0
vtan 0.5556 -0.8315 0.0
vtan 0.3827 -0.9239 0.0
vtan 0.3827 -0.9239 -0.0
vtan 0.3827 -0.9239 -0.0
vtan 0.3827 -0.9239 0.0
vtan 0.4714 -0.8819 0.0
vtan 0.3827 -0.9239 -0.0
vtan 0.4714 -0.8819 0.0
vtan 0.3827 -0.9239 0.0
vtan 0.3827 -0.9239 0.0
vtan 0.3827 -0.9239 -0.0
vtan 0.3827 -0.9239 0.0
vtan 0.3827 -0.9239 -0.0
vtan 0.3827 -0.9239 -0.0
vtan 0.3827 -0.9239 0.0
vtan 0.3827 -0.9239 0.0
vtan 0.3827 -0.9239 -0.0
vtan 0.3827 -0.9239 -0.0
vtan 0.1951 -0.9808 -0.0
vtan 0.1951 -0.9808 -0.0
vtan 0.1951 -0.9808 -0.0
vtan 0.1951 -0.9808 -0.0
vtan 0.1951 -0.9808 0.0
vtan 0.1951 -0.9808 0.0
vtan 0.1951 -0.9808 0.0
vtan 0.1951 -0.9808 -0.0
vtan 0.1951 -0.9808 0.0
vtan 0.2903 -0.9569 0.0
vtan 0.1951 -0.9808 0.0
vtan 0.2903 -0.9569 0.0
vtan 0.1951 -0.9808 0.0
vtan 0.1951 -0.9808 0.0
vtan 0.1951 -0.9808 0.0
vtan 0.1951 -0.9808 0.0
vtan 0.1951 -0.9808 0.0
vtan 0.0037 -0.9998 0.0187
vtan -0.0 -1.0 0.0
vtan 0.098 -0.9952 0.0
vtan 0.0941 -0.9954 0.0193
vtan 0.098 -0.9952 -0.0
vtan 0.0941 -0.9954 -0.0193
vtan 0.0037 -0.9998 -0.0187
vtan 0.0833 -0.9959 0.0351
vtan 0.0143 -0.9993 -0.0346
vtan 0.0674 -0.9967 0.0455
vtan 0.03 -0.9985 -0.0453
vtan 0.0487 -0.9976 0.0491
vtan 0.0487 -0.9976 -0.0491
vtan 0.03 -0.9985 0.0453
vtan 0.0674 -0.9967 -0.0455
vtan 0.0143 -0.9993 0.0346
vtan 0.0833 -0.9959 -0.0351
vtan -0.0301 -0.9985 0.0453
vtan -0.1951 -0.9808 -0.0
vtan -0.0487 -0.9976 0.0491
vtan -0.0301 -0.9985 -0.0453
vtan -0.1951 -0.9808 0.0
vtan -0.1951 -0.9808 0.0
vtan -0.0674 -0.9967 0.0455
vtan -0.1951 -0.9808 -0.0
vtan -0.1951 -0.9808 0.0
vtan -0.0143 -0.9993 -0.0346
vtan -0.1951 -0.9808 -0.0
vtan -0.0833 -0.9959 0.0351
vtan -0.0037 -0.9998 -0.0187
vtan -0.1951 -0.9808 0.0
vtan -0.1951 -0.9808 -0.0
vtan -0.0941 -0.9954 0.0193
vtan -0.0 -1.0 0.0
vtan -0.1951 -0.9808 0.0
vtan -0.0941 -0.9954 -0.0193
vtan -0.098 -0.9952 -0.0
vtan -0.1951 -0.9808 -0.0
vtan -0.098 -0.9952 -0.0
vtan -0.1951 -0.9808 -0.0
vtan -0.0037 -0.9998 0.0187
vtan -0.0833 -0.9959 -0.0351
vtan -0.1951 -0.9808 0.0
vtan -0.1951 -0.9808 -0.0
vtan -0.0143 -0.9993 0.0346
vtan -0.0674 -0.9967 -0.0455
vtan -0.1951 -0.9808 0.0
vtan -0.1951 -0.9808 -0.0
vtan -0.0487 -0.9976 -0.0491
vtan -0.2903 -0.9569 -0.0
vtan -0.3827 -0.9239 0.0
vtan -0.3827 -0.9239 0.0
vtan -0.3827 -0.9239 -0.0
vtan -0.3827 -0.9239 0.0
vtan -0.3827 -0.9239 0.0
vtan -0.3827 -0.9239 0.0
vtan -0.3827 -0.9239 -0.0
vtan -0.3827 -0.9239 -0.0
vtan -0.3827 -0.9239 0.0
vtan -0.3827 -0.9239 0.0
vtan -0.3827 -0.9239 -0.0
vtan -0.3827 -0.9239 0.0
vtan -0.3827 -0.9239 -0.0
vtan -0.3827 -0.9239 0.0
vtan -0.3827 -0.9239 0.0
vtan -0.2903 -0.9569 -0.0
vtan -0.5556 -0.8315 0.0
vtan -0.5556 -0.8315 -0.0
vtan -0.5556 -0.8315 -0.0
vtan -0.5556 -0.8315 -0.0
vtan -0.5556 -0.8315 0.0
vtan -0.5556 -0.8315 0.0
vtan -0.5556 -0.8315 0.0
vtan -0.4714 -0.8819 -0.0
vtan -0.5556 -0.8315 0.0
vtan -0.4714 -0.8819 -0.0
vtan -0.5556 -0.8315 -0.0
vtan -0.5556 -0.8315 -0.0
vtan -0.5556 -0.8315 0.0
vtan -0.5556 -0.8315 0.0
vtan -0.5556 -0.8315 -0.0
vtan -0.5556 -0.8315 -0.0
vtan -0.5556 -0.8315 0.0
vtan -0.7071 -0.7071 -0.0
vtan -0.7071 -0.7071 -0.0
vtan -0.7071 -0.7071 0.0
vtan -0.7071 -0.7071 -0.0
vtan -0.7071 -0.7071 -0.0
vtan -0.7071 -0.7071 0.0
vtan -0.7071 -0.7071 0.0
vtan -0.7071 -0.7071 -0.0
vtan -0.7071 -0.7071 -0.0
vtan -0.7071 -0.7071 -0.0
vtan -0.7071 -0.7071 -0.0
vtan -0.7071 -0.7071 0.0
vtan -0.7071 -0.7071 0.0
vtan -0.6344 -0.773 -0.0
vtan -0.7071 -0.7071 0.0
vtan -0.6344 -0.773 -0.0
vtan -0.7071 -0.7071 0.0
vtan -0.8315 -0.5556 0.0
vtan -0.8315 -0.5556 -0.0
vtan -0.8315 -0.5556 -0.0
vtan -0.8315 -0.5556 -0.0
vtan -0.8315 -0.5556 -0.0
vtan -0.773 -0.6344 -0.0
vtan -0.8315 -0.5556 0.0
vtan -0.773 -0.6344 -0.0
vtan -0.8315 -0.5556 0.0
vtan -0.8315 -0.5556 0.0
vtan -0.8315 -0.5556 -0.0
vtan -0.8315 -0.5556 0.0
vtan -0.8315 -0.5556 -0.0
vtan -0.8315 -0.5556 -0.0
vtan -0.8315 -0.5556 0.0
vtan -0.8315 -0.5556 0.0
vtan -0.8315 -0.5556 -0.0
vtan -0.9239 -0.3827 -0.0
vtan -0.9239 -0.3827 -0.0
vtan -0.9239 -0.3827 0.0
vtan -0.9239 -0.3827 -0.0
vtan -0.9239 -0.3827 -0.0
vtan -0.9239 -0.3827 0.0
vtan -0.9239 -0.3827 0.0
vtan -0.9239 -0.3827 -0.0
vtan -0.9239 -0.3827 0.0
vtan -0.9239 -0.3827 0.0
vtan -0.9239 -0.3827 -0.0
vtan -0.9239 -0.3827 -0.0
vtan -0.9239 -0.3827 0.0
vtan -0.8819 -0.4714 -0.0
vtan -0.9239 -0.3827 0.0
vtan -0.8819 -0.4714 -0.0
vtan -0.9239 -0.3827 0.0
vtan -0.9808 -0.1951 0.0
vtan -0.9808 -0.1951 -0.0
vtan -0.9808 -0.1951 -0.0
vtan -0.9808 -0.1951 0.0
vtan -0.9808 -0.1951 -0.0
vtan -0.9569 -0.2903 -0.0
vtan -0.9808 -0.1951 -0.0
vtan -0.9569 -0.2903 -0.0
vtan -0.9808 -0.1951 0.0
vtan -0.9808 -0.1951 -0.0
vtan -0.9808 -0.1951 0.0
vtan -0.9808 -0.1951 -0.0
vtan -0.9808 -0.1951 0.0
vtan -0.9808 -0.1951 -0.0
vtan -0.9808 -0.1951 -0.0
vtan -0.9808 -0.1951 -0.0
vtan -0.9808 -0.1951 -0.0
vtan -0.9952 -0.098 -0.0
vtan -0.9952 -0.098 -0.0
f 4/0/0/0 15/1/1/1 477/2/2/2 
f 0/3/3/3 7/4/4/4 8/5/5/5 
f 477/2/2/2 16/6/6/6 5/7/7/7 
f 475/8/8/8 8/5/5/5 9/9/9/9 
f 478/10/10/10 16/6/6/6 17/11/11/11 
f 475/8/8/8 10/12/12/12 1/13/13/13 
f 478/10/10/10 18/14/14/14 479/15/15/15 
f 476/16/16/16 10/12/12/12 11/17/17/17 
f 479/15/15/15 19/18/18/18 480/19/19/19 
f 2/20/20/20 11/17/17/17 12/21/21/21 
f 480/19/19/19 20/22/22/22 481/23/23/23 
f 2/20/20/20 13/24/24/24 3/25/25/25 
f 473/26/26/26 81/27/27/27 6/28/28/28 
f 307/29/29/29 481/23/23/23 20/22/22/22 
f 3/25/25/25 14/30/30/30 4/0/0/0 
f 474/31/31/31 6/28/28/28 7/4/4/4 
f 13/24/24/24 29/32/32/32 14/30/30/30 
f 6/28/28/28 22/33/33/33 7/4/4/4 
f 14/30/30/30 30/34/34/34 15/1/1/1 
f 7/4/4/4 23/35/35/35 8/5/5/5 
f 16/6/6/6 30/34/34/34 31/36/36/36 
f 8/5/5/5 24/37/37/37 9/9/9/9 
f 17/11/11/11 31/36/36/36 32/38/38/38 
f 9/9/9/9 25/39/39/39 10/12/12/12 
f 18/14/14/14 32/38/38/38 33/40/40/40 
f 10/12/12/12 26/41/41/41 11/17/17/17 
f 19/18/18/18 33/40/40/40 34/42/42/42 
f 12/21/21/21 26/41/41/41 27/43/43/43 
f 19/18/18/18 35/44/44/44 20/22/22/22 
f 12/21/21/21 28/45/45/45 13/24/24/24 
f 6/28/28/28 81/46/27/46 21/47/46/47 
f 307/48/29/48 20/22/22/22 35/44/44/44 
f 33/40/40/40 47/49/47/49 48/50/48/50 
f 25/39/39/39 41/51/49/51 26/41/41/41 
f 34/42/42/42 48/50/48/50 49/52/50/52 
f 27/43/43/43 41/51/49/51 42/53/51/53 
f 35/44/44/44 49/52/50/52 50/54/52/54 
f 28/45/45/45 42/53/51/53 43/55/53/55 
f 21/47/46/47 81/56/27/56 36/57/54/57 
f 307/58/29/58 35/44/44/44 50/54/52/54 
f 28/45/45/45 44/59/55/59 29/32/32/32 
f 21/47/46/47 37/60/56/60 22/33/33/33 
f 29/32/32/32 45/61/57/61 30/34/34/34 
f 22/33/33/33 38/62/58/62 23/35/35/35 
f 31/36/36/36 45/61/57/61 46/63/59/63 
f 23/35/35/35 39/64/60/64 24/37/37/37 
f 32/38/38/38 46/63/59/63 47/49/47/49 
f 24/37/37/37 40/65/61/65 25/39/39/39 
f 36/57/54/57 52/66/62/66 37/60/56/60 
f 44/59/55/59 60/67/63/67 45/61/57/61 
f 37/60/56/60 53/68/64/68 38/62/58/62 
f 46/63/59/63 60/67/63/67 61/69/65/69 
f 38/62/58/62 54/70/66/70 39/64/60/64 
f 46/63/59/63 62/71/67/71 47/49/47/49 
f 40/65/61/65 54/70/66/70 55/72/68/72 
f 48/50/48/50 62/71/67/71 63/73/69/73 
f 40/65/61/65 56/74/70/74 41/51/49/51 
f 49/52/50/52 63/73/69/73 64/75/71/75 
f 42/53/51/53 56/74/70/74 57/76/72/76 
f 50/54/52/54 64/75/71/75 65/77/73/77 
f 43/55/53/55 57/76/72/76 58/78/74/78 
f 36/57/54/57 81/79/27/79 51/80/75/80 
f 307/81/29/81 50/54/52/54 65/77/73/77 
f 43/55/53/55 59/82/76/82 44/59/55/59 
f 55/72/68/72 71/83/77/83 56/74/70/74 
f 63/73/69/73 79/84/78/84 64/75/71/75 
f 57/76/72/76 71/83/77/83 72/85/79/85 
f 64/75/71/75 80/86/80/86 65/77/73/77 
f 58/78/74/78 72/85/79/85 73/87/81/87 
f 51/80/75/80 81/88/27/88 66/89/82/89 
f 307/90/29/90 65/77/73/77 80/86/80/86 
f 58/78/74/78 74/91/83/91 59/82/76/82 
f 52/66/62/66 66/89/82/89 67/92/84/92 
f 59/82/76/82 75/93/85/93 60/67/63/67 
f 53/68/64/68 67/92/84/92 68/94/86/94 
f 61/69/65/69 75/93/85/93 76/95/87/95 
f 53/68/64/68 69/96/88/96 54/70/66/70 
f 61/69/65/69 77/97/89/97 62/71/67/71 
f 55/72/68/72 69/96/88/96 70/98/90/98 
f 63/73/69/73 77/97/89/97 78/99/91/99 
f 74/91/83/91 91/100/92/100 75/93/85/93 
f 67/92/84/92 84/101/93/101 68/94/86/94 
f 76/95/87/95 91/100/92/100 92/102/94/102 
f 68/94/86/94 85/103/95/103 69/96/88/96 
f 76/95/87/95 93/104/96/104 77/97/89/97 
f 70/98/90/98 85/103/95/103 86/105/97/105 
f 78/99/91/99 93/104/96/104 94/106/98/106 
f 70/98/90/98 87/107/99/107 71/83/77/83 
f 79/84/78/84 94/106/98/106 95/108/100/108 
f 72/85/79/85 87/107/99/107 88/109/101/109 
f 80/86/80/86 95/108/100/108 96/110/102/110 
f 73/87/81/87 88/109/101/109 89/111/103/111 
f 66/89/82/89 81/112/27/112 82/113/104/113 
f 307/114/29/114 80/86/80/86 96/110/102/110 
f 73/87/81/87 90/115/105/115 74/91/83/91 
f 66/89/82/89 83/116/106/116 67/92/84/92 
f 94/106/98/106 110/117/107/117 95/108/100/108 
f 88/109/101/109 102/118/108/118 103/119/109/119 
f 95/108/100/108 111/120/110/120 96/110/102/110 
f 89/111/103/111 103/119/109/119 104/121/111/121 
f 82/113/104/113 81/122/27/122 97/123/112/123 
f 307/124/29/124 96/110/102/110 111/120/110/120 
f 89/111/103/111 105/125/113/125 90/115/105/115 
f 82/113/104/113 98/126/114/126 83/116/106/116 
f 90/115/105/115 106/127/115/127 91/100/92/100 
f 84/101/93/101 98/126/114/126 99/128/116/128 
f 92/102/94/102 106/127/115/127 107/129/117/129 
f 84/101/93/101 100/130/118/130 85/103/95/103 
f 92/102/94/102 108/131/119/131 93/104/96/104 
f 86/105/97/105 100/130/118/130 101/132/120/132 
f 94/106/98/106 108/131/119/131 109/133/121/133 
f 86/105/97/105 102/118/108/118 87/107/99/107 
f 107/129/117/129 121/134/122/134 122/135/123/135 
f 99/128/116/128 115/136/124/136 100/130/118/130 
f 107/129/117/129 123/137/125/137 108/131/119/131 
f 101/132/120/132 115/136/124/136 116/138/126/138 
f 109/133/121/133 123/137/125/137 124/139/127/139 
f 101/132/120/132 117/140/128/140 102/118/108/118 
f 110/117/107/117 124/139/127/139 125/141/129/141 
f 103/119/109/119 117/140/128/140 118/142/130/142 
f 110/117/107/117 126/143/131/143 111/120/110/120 
f 104/121/111/121 118/142/130/142 119/144/132/144 
f 97/123/112/123 81/145/27/145 112/146/133/146 
f 307/147/29/147 111/120/110/120 126/143/131/143 
f 104/121/111/121 120/148/134/148 105/125/113/125 
f 97/123/112/123 113/149/135/149 98/126/114/126 
f 105/125/113/125 121/134/122/134 106/127/115/127 
f 98/126/114/126 114/150/136/150 99/128/116/128 
f 125/141/129/141 141/151/137/151 126/143/131/143 
f 119/144/132/144 133/152/138/152 134/153/139/153 
f 112/146/133/146 81/154/27/154 127/155/140/155 
f 307/156/29/156 126/143/131/143 141/151/137/151 
f 119/144/132/144 135/157/141/157 120/148/134/148 
f 113/149/135/149 127/155/140/155 128/158/142/158 
f 120/148/134/148 136/159/143/159 121/134/122/134 
f 114/150/136/150 128/158/142/158 129/160/144/160 
f 122/135/123/135 136/159/143/159 137/161/145/161 
f 114/150/136/150 130/162/146/162 115/136/124/136 
f 122/135/123/135 138/163/147/163 123/137/125/137 
f 116/138/126/138 130/162/146/162 131/164/148/164 
f 124/139/127/139 138/163/147/163 139/165/149/165 
f 116/138/126/138 132/166/150/166 117/140/128/140 
f 124/139/127/139 140/167/151/167 125/141/129/141 
f 118/142/130/142 132/166/150/166 133/152/138/152 
f 129/160/144/160 145/168/152/168 130/162/146/162 
f 137/161/145/161 153/169/153/169 138/163/147/163 
f 131/164/148/164 145/168/152/168 146/170/154/170 
f 139/165/149/165 153/169/153/169 154/171/155/171 
f 131/164/148/164 147/172/156/172 132/166/150/166 
f 140/167/151/167 154/171/155/171 155/173/157/173 
f 133/152/138/152 147/172/156/172 148/174/158/174 
f 140/167/151/167 156/175/159/175 141/151/137/151 
f 134/153/139/153 148/174/158/174 149/176/160/176 
f 127/155/140/155 81/177/27/177 142/178/161/178 
f 307/179/29/179 141/151/137/151 156/175/159/175 
f 134/153/139/153 150/180/162/180 135/157/141/157 
f 127/155/140/155 143/181/163/181 128/158/142/158 
f 135/157/141/157 151/182/164/182 136/159/143/159 
f 128/158/142/158 144/183/165/183 129/160/144/160 
f 137/161/145/161 151/182/164/182 152/184/166/184 
f 149/176/160/176 163/185/167/185 164/186/168/186 
f 142/178/161/178 81/187/27/187 157/188/169/188 
f 307/189/29/189 156/175/159/175 171/190/170/190 
f 149/176/160/176 165/191/171/191 150/180/162/180 
f 142/178/161/178 158/192/172/192 143/181/163/181 
f 150/180/162/180 166/193/173/193 151/182/164/182 
f 143/181/163/181 159/194/174/194 144/183/165/183 
f 152/184/166/184 166/193/173/193 167/195/175/195 
f 144/183/165/183 160/196/176/196 145/168/152/168 
f 152/184/166/184 168/197/177/197 153/169/153/169 
f 146/170/154/170 160/196/176/196 161/198/178/198 
f 154/171/155/171 168/197/177/197 169/199/179/199 
f 146/170/154/170 162/200/180/200 147/172/156/172 
f 155/173/157/173 169/199/179/199 170/201/181/201 
f 148/174/158/174 162/200/180/200 163/185/167/185 
f 156/175/159/175 170/201/181/201 171/190/170/190 
f 167/195/175/195 183/202/182/202 168/197/177/197 
f 161/198/178/198 175/203/183/203 176/204/184/204 
f 169/199/179/199 183/202/182/202 184/205/185/205 
f 161/198/178/198 177/206/186/206 162/200/180/200 
f 170/201/181/201 184/205/185/205 185/207/187/207 
f 163/185/167/185 177/206/186/206 178/208/188/208 
f 171/190/170/190 185/207/187/207 186/209/189/209 
f 164/186/168/186 178/208/188/208 179/210/190/210 
f 157/188/169/188 81/211/27/211 172/212/191/212 
f 307/213/29/213 171/190/170/190 186/209/189/209 
f 164/186/168/186 180/214/192/214 165/191/171/191 
f 157/188/169/188 173/215/193/215 158/192/172/192 
f 165/191/171/191 181/216/194/216 166/193/173/193 
f 158/192/172/192 174/217/195/217 159/194/174/194 
f 167/195/175/195 181/216/194/216 182/218/196/218 
f 159/194/174/194 175/203/183/203 160/196/176/196 
f 172/212/191/212 81/219/27/219 187/220/197/220 
f 307/221/29/221 186/209/189/209 201/222/198/222 
f 179/210/190/210 195/223/199/223 180/214/192/214 
f 173/215/193/215 187/220/197/220 188/224/200/224 
f 180/214/192/214 196/225/201/225 181/216/194/216 
f 174/217/195/217 188/224/200/224 189/226/202/226 
f 182/218/196/218 196/225/201/225 197/227/203/227 
f 174/217/195/217 190/228/204/228 175/203/183/203 
f 182/218/196/218 198/229/205/229 183/202/182/202 
f 176/204/184/204 190/228/204/228 191/230/206/230 
f 184/205/185/205 198/229/205/229 199/231/207/231 
f 176/204/184/204 192/232/208/232 177/206/186/206 
f 184/205/185/205 200/233/209/233 185/207/187/207 
f 178/208/188/208 192/232/208/232 193/234/210/234 
f 185/207/187/207 201/222/198/222 186/209/189/209 
f 179/210/190/210 193/234/210/234 194/235/211/235 
f 191/230/206/230 205/236/212/236 206/237/213/237 
f 199/231/207/231 213/238/214/238 214/239/215/239 
f 191/230/206/230 207/240/216/240 192/232/208/232 
f 200/233/209/233 214/239/215/239 215/241/217/241 
f 193/234/210/234 207/240/216/240 208/242/218/242 
f 201/222/198/222 215/241/217/241 216/243/219/243 
f 194/235/211/235 208/242/218/242 209/244/220/244 
f 187/220/197/220 81/245/27/245 202/246/221/246 
f 307/247/29/247 201/222/198/222 216/243/219/243 
f 194/235/211/235 210/248/222/248 195/223/199/223 
f 187/220/197/220 203/249/223/249 188/224/200/224 
f 195/223/199/223 211/250/224/250 196/225/201/225 
f 188/224/200/224 204/251/225/251 189/226/202/226 
f 197/227/203/227 211/250/224/250 212/252/226/252 
f 189/226/202/226 205/236/212/236 190/228/204/228 
f 197/227/203/227 213/238/214/238 198/229/205/229 
f 209/244/220/244 225/253/227/253 210/248/222/248 
f 202/246/221/246 218/254/228/254 203/249/223/249 
f 210/248/222/248 226/255/229/255 211/250/224/250 
f 203/249/223/249 219/256/230/256 204/251/225/251 
f 212/252/226/252 226/255/229/255 227/257/231/257 
f 204/251/225/251 220/258/232/258 205/236/212/236 
f 212/252/226/252 228/259/233/259 213/238/214/238 
f 206/237/213/237 220/258/232/258 221/260/234/260 
f 214/239/215/239 228/259/233/259 229/261/235/261 
f 206/237/213/237 222/262/236/262 207/240/216/240 
f 215/241/217/241 229/261/235/261 230/263/237/263 
f 208/242/218/242 222/262/236/262 223/264/238/264 
f 216/243/219/243 230/263/237/263 231/265/239/265 
f 209/244/220/244 223/264/238/264 224/266/240/266 
f 202/246/221/246 81/267/27/267 217/268/241/268 
f 307/269/29/269 216/243/219/243 231/265/239/265 
f 229/261/235/261 243/270/242/270 244/271/243/271 
f 221/260/234/260 237/272/244/272 222/262/236/262 
f 230/263/237/263 244/271/243/271 245/273/245/273 
f 223/264/238/264 237/272/244/272 238/274/246/274 
f 230/263/237/263 246/275/247/275 231/265/239/265 
f 224/266/240/266 238/274/246/274 239/276/248/276 
f 217/268/241/268 81/277/27/277 232/278/249/278 
f 307/279/29/279 231/265/239/265 246/275/247/275 
f 224/266/240/266 240/280/250/280 225/253/227/253 
f 218/254/228/254 232/278/249/278 233/281/251/281 
f 225/253/227/253 241/282/252/282 226/255/229/255 
f 218/254/228/254 234/283/253/283 219/256/230/256 
f 227/257/231/257 241/282/252/282 242/284/254/284 
f 219/256/230/256 235/285/255/285 220/258/232/258 
f 227/257/231/257 243/270/242/270 228/259/233/259 
f 221/260/234/260 235/285/255/285 236/286/256/286 
f 240/280/250/280 256/287/257/287 241/282/252/282 
f 234/283/253/283 248/288/258/288 249/289/259/289 
f 242/284/254/284 256/287/257/287 257/290/260/290 
f 234/283/253/283 250/291/261/291 235/285/255/285 
f 242/284/254/284 258/292/262/292 243/270/242/270 
f 236/286/256/286 250/291/261/291 251/293/263/293 
f 244/271/243/271 258/292/262/292 259/294/264/294 
f 236/286/256/286 252/295/265/295 237/272/244/272 
f 244/271/243/271 260/296/266/296 245/273/245/273 
f 238/274/246/274 252/295/265/295 253/297/267/297 
f 245/273/245/273 261/298/268/298 246/275/247/275 
f 239/276/248/276 253/297/267/297 254/299/269/299 
f 232/278/249/278 81/300/27/300 247/301/270/301 
f 307/302/29/302 246/275/247/275 261/298/268/298 
f 239/276/248/276 255/303/271/303 240/280/250/280 
f 233/281/251/281 247/301/270/301 248/288/258/288 
f 260/296/266/296 274/304/272/304 275/305/273/305 
f 253/297/267/297 267/306/274/306 268/307/275/307 
f 260/296/266/296 276/308/276/308 261/298/268/298 
f 254/299/269/299 268/307/275/307 269/309/277/309 
f 247/301/270/301 81/310/27/310 262/311/278/311 
f 307/312/29/312 261/298/268/298 276/308/276/308 
f 254/299/269/299 270/313/279/313 255/303/271/303 
f 248/288/258/288 262/311/278/311 263/314/280/314 
f 255/303/271/303 271/315/281/315 256/287/257/287 
f 248/288/258/288 264/316/282/316 249/289/259/289 
f 257/290/260/290 271/315/281/315 272/317/283/317 
f 249/289/259/289 265/318/284/318 250/291/261/291 
f 257/290/260/290 273/319/285/319 258/292/262/292 
f 251/293/263/293 265/318/284/318 266/320/286/320 
f 259/294/264/294 273/319/285/319 274/304/272/304 
f 251/293/263/293 267/306/274/306 252/295/265/295 
f 263/314/280/314 279/321/287/321 264/316/282/316 
f 272/317/283/317 286/322/288/322 287/323/289/323 
f 264/316/282/316 280/324/290/324 265/318/284/318 
f 272/317/283/317 288/325/291/325 273/319/285/319 
f 266/320/286/320 280/324/290/324 281/326/292/326 
f 274/304/272/304 288/325/291/325 289/327/293/327 
f 266/320/286/320 282/328/294/328 267/306/274/306 
f 274/304/272/304 290/329/295/329 275/305/273/305 
f 268/307/275/307 282/328/294/328 283/330/296/330 
f 275/305/273/305 291/331/297/331 276/308/276/308 
f 269/309/277/309 283/330/296/330 284/332/298/332 
f 262/311/278/311 81/333/27/333 277/334/299/334 
f 307/335/29/335 276/308/276/308 291/331/297/331 
f 269/309/277/309 285/336/300/336 270/313/279/313 
f 262/311/278/311 278/337/301/337 263/314/280/314 
f 270/313/279/313 286/322/288/322 271/315/281/315 
f 283/330/296/330 297/338/302/338 298/339/303/339 
f 291/331/297/331 305/340/304/340 306/341/305/341 
f 284/332/298/332 298/339/303/339 299/342/306/342 
f 277/334/299/334 81/343/27/343 292/344/307/344 
f 307/345/29/345 291/331/297/331 306/341/305/341 
f 284/332/298/332 300/346/308/346 285/336/300/336 
f 277/334/299/334 293/347/309/347 278/337/301/337 
f 285/336/300/336 301/348/310/348 286/322/288/322 
f 279/321/287/321 293/347/309/347 294/349/311/349 
f 287/323/289/323 301/348/310/348 302/350/312/350 
f 279/321/287/321 295/351/313/351 280/324/290/324 
f 287/323/289/323 303/352/314/352 288/325/291/325 
f 281/326/292/326 295/351/313/351 296/353/315/353 
f 289/327/293/327 303/352/314/352 304/354/316/354 
f 281/326/292/326 297/338/302/338 282/328/294/328 
f 289/327/293/327 305/340/304/340 290/329/295/329 
f 302/350/312/350 317/355/317/355 318/356/318/356 
f 294/349/311/349 311/357/319/357 295/351/313/351 
f 302/350/312/350 319/358/320/358 303/352/314/352 
f 296/353/315/353 311/357/319/357 312/359/321/359 
f 304/354/316/354 319/358/320/358 320/360/322/360 
f 296/353/315/353 313/361/323/361 297/338/302/338 
f 304/354/316/354 321/362/324/362 305/340/304/340 
f 298/339/303/339 313/361/323/361 314/363/325/363 
f 305/340/304/340 322/364/326/364 306/341/305/341 
f 299/342/306/342 314/363/325/363 315/365/327/365 
f 292/344/307/344 81/366/27/366 308/367/328/367 
f 307/368/29/368 306/341/305/341 322/364/326/364 
f 299/342/306/342 316/369/329/369 300/346/308/346 
f 293/347/309/347 308/367/328/367 309/370/330/370 
f 300/346/308/346 317/355/317/355 301/348/310/348 
f 294/349/311/349 309/370/330/370 310/371/331/371 
f 322/364/326/364 336/372/332/372 337/373/333/373 
f 315/365/327/365 329/374/334/374 330/375/335/375 
f 308/367/328/367 81/376/27/376 323/377/336/377 
f 307/378/29/378 322/364/326/364 337/373/333/373 
f 315/365/327/365 331/379/337/379 316/369/329/369 
f 308/367/328/367 324/380/338/380 309/370/330/370 
f 316/369/329/369 332/381/339/381 317/355/317/355 
f 309/370/330/370 325/382/340/382 310/371/331/371 
f 318/356/318/356 332/381/339/381 333/383/341/383 
f 310/371/331/371 326/384/342/384 311/357/319/357 
f 318/356/318/356 334/385/343/385 319/358/320/358 
f 312/359/321/359 326/384/342/384 327/386/344/386 
f 320/360/322/360 334/385/343/385 335/387/345/387 
f 312/359/321/359 328/388/346/388 313/361/323/361 
f 320/360/322/360 336/372/332/372 321/362/324/362 
f 314/363/325/363 328/388/346/388 329/374/334/374 
f 325/382/340/382 341/389/347/389 326/384/342/384 
f 333/383/341/383 349/390/348/390 334/385/343/385 
f 327/386/344/386 341/389/347/389 342/391/349/391 
f 335/387/345/387 349/390/348/390 350/392/350/392 
f 327/386/344/386 343/393/351/393 328/388/346/388 
f 335/387/345/387 351/394/352/394 336/372/332/372 
f 329/374/334/374 343/393/351/393 344/395/353/395 
f 337/373/333/373 351/394/352/394 352/396/354/396 
f 330/375/335/375 344/395/353/395 345/397/355/397 
f 323/377/336/377 81/398/27/398 338/399/356/399 
f 307/400/29/400 337/373/333/373 352/396/354/396 
f 330/375/335/375 346/401/357/401 331/379/337/379 
f 323/377/336/377 339/402/358/402 324/380/338/380 
f 331/379/337/379 347/403/359/403 332/381/339/381 
f 325/382/340/382 339/402/358/402 340/404/360/404 
f 333/383/341/383 347/403/359/403 348/405/361/405 
f 345/397/355/397 359/406/362/406 360/407/363/407 
f 338/399/356/399 81/408/27/408 353/409/364/409 
f 307/410/29/410 352/396/354/396 367/411/365/411 
f 345/397/355/397 361/412/366/412 346/401/357/401 
f 338/399/356/399 354/413/367/413 339/402/358/402 
f 346/401/357/401 362/414/368/414 347/403/359/403 
f 340/404/360/404 354/413/367/413 355/415/369/415 
f 348/405/361/405 362/414/368/414 363/416/370/416 
f 340/404/360/404 356/417/371/417 341/389/347/389 
f 348/405/361/405 364/418/372/418 349/390/348/390 
f 342/391/349/391 356/417/371/417 357/419/373/419 
f 350/392/350/392 364/418/372/418 365/420/374/420 
f 342/391/349/391 358/421/375/421 343/393/351/393 
f 350/392/350/392 366/422/376/422 351/394/352/394 
f 344/395/353/395 358/421/375/421 359/406/362/406 
f 352/396/354/396 366/422/376/422 367/411/365/411 
f 363/423/370/423 379/424/377/424 364/425/372/425 
f 357/426/373/426 371/427/378/427 372/428/379/428 
f 365/429/374/429 379/424/377/424 380/430/380/430 
f 357/426/373/426 373/431/381/431 358/432/375/432 
f 365/429/374/429 381/433/382/433 366/434/376/434 
f 359/435/362/435 373/431/381/431 374/436/383/436 
f 366/434/376/434 382/437/384/437 367/438/365/438 
f 360/439/363/439 374/436/383/436 375/440/385/440 
f 353/441/364/441 81/442/27/442 368/443/386/443 
f 307/444/29/444 367/438/365/438 382/437/384/437 
f 360/439/363/439 376/445/387/445 361/446/366/446 
f 354/447/367/447 368/443/386/443 369/448/388/448 
f 361/446/366/446 377/449/389/449 362/450/368/450 
f 355/451/369/451 369/448/388/448 370/452/390/452 
f 363/423/370/423 377/449/389/449 378/453/391/453 
f 355/451/369/451 371/427/378/427 356/454/371/454 
f 307/455/29/455 382/437/384/437 397/456/392/456 
f 375/440/385/440 391/457/393/457 376/445/387/445 
f 369/448/388/448 383/458/394/458 384/459/395/459 
f 376/445/387/445 392/460/396/460 377/449/389/449 
f 370/452/390/452 384/459/395/459 385/461/397/461 
f 378/453/391/453 392/460/396/460 393/462/398/462 
f 370/452/390/452 386/463/399/463 371/427/378/427 
f 378/453/391/453 394/464/400/464 379/424/377/424 
f 372/428/379/428 386/463/399/463 387/465/401/465 
f 380/430/380/430 394/464/400/464 395/466/402/466 
f 372/428/379/428 388/467/403/467 373/431/381/431 
f 380/430/380/430 396/468/404/468 381/433/382/433 
f 374/436/383/436 388/467/403/467 389/469/405/469 
f 381/433/382/433 397/456/392/456 382/437/384/437 
f 375/440/385/440 389/469/405/469 390/470/406/470 
f 368/443/386/443 81/471/27/471 383/458/394/458 
f 395/466/402/466 409/472/407/472 410/473/408/473 
f 387/465/401/465 403/474/409/474 388/467/403/467 
f 395/466/402/466 411/475/410/475 396/468/404/468 
f 389/469/405/469 403/474/409/474 404/476/411/476 
f 397/456/392/456 411/475/410/475 412/477/412/477 
f 390/470/406/470 404/476/411/476 405/478/413/478 
f 383/458/394/458 81/479/27/479 398/480/414/480 
f 307/481/29/481 397/456/392/456 412/477/412/477 
f 390/470/406/470 406/482/415/482 391/457/393/457 
f 383/458/394/458 399/483/416/483 384/459/395/459 
f 391/457/393/457 407/484/417/484 392/460/396/460 
f 385/461/397/461 399/483/416/483 400/485/418/485 
f 393/462/398/462 407/484/417/484 408/486/419/486 
f 385/461/397/461 401/487/420/487 386/463/399/463 
f 393/462/398/462 409/472/407/472 394/464/400/464 
f 387/465/401/465 401/487/420/487 402/488/421/488 
f 398/480/414/480 414/489/422/489 399/483/416/483 
f 406/482/415/482 422/490/423/490 407/484/417/484 
f 400/485/418/485 414/489/422/489 415/491/424/491 
f 408/486/419/486 422/490/423/490 423/492/425/492 
f 400/485/418/485 416/493/426/493 401/487/420/487 
f 408/486/419/486 424/494/427/494 409/472/407/472 
f 402/488/421/488 416/493/426/493 417/495/428/495 
f 410/473/408/473 424/494/427/494 425/496/429/496 
f 402/488/421/488 418/497/430/497 403/474/409/474 
f 410/473/408/473 426/498/431/498 411/475/410/475 
f 404/476/411/476 418/497/430/497 419/499/432/499 
f 411/475/410/475 427/500/433/500 412/477/412/477 
f 405/478/413/478 419/499/432/499 420/501/434/501 
f 398/480/414/480 81/502/27/502 413/503/435/503 
f 307/504/29/504 412/477/412/477 427/500/433/500 
f 405/478/413/478 421/505/436/505 406/482/415/482 
f 417/495/428/495 433/506/437/506 418/497/430/497 
f 425/496/429/496 441/507/438/507 426/498/431/498 
f 419/499/432/499 433/506/437/506 434/508/439/508 
f 427/500/433/500 441/507/438/507 442/509/440/509 
f 420/501/434/501 434/508/439/508 435/510/441/510 
f 413/503/435/503 81/511/27/511 428/512/442/512 
f 307/513/29/513 427/500/433/500 442/509/440/509 
f 420/501/434/501 436/514/443/514 421/505/436/505 
f 413/503/435/503 429/515/444/515 414/489/422/489 
f 421/505/436/505 437/516/445/516 422/490/423/490 
f 415/491/424/491 429/515/444/515 430/517/446/517 
f 423/492/425/492 437/516/445/516 438/518/447/518 
f 415/491/424/491 431/519/448/519 416/493/426/493 
f 423/492/425/492 439/520/449/520 424/494/427/494 
f 417/495/428/495 431/519/448/519 432/521/450/521 
f 425/496/429/496 439/520/449/520 440/522/451/522 
f 436/514/443/514 452/523/452/523 437/516/445/516 
f 430/517/446/517 444/524/453/524 445/525/454/525 
f 438/518/447/518 452/523/452/523 453/526/455/526 
f 430/517/446/517 446/527/456/527 431/519/448/519 
f 438/518/447/518 454/528/457/528 439/520/449/520 
f 432/521/450/521 446/527/456/527 447/529/458/529 
f 440/522/451/522 454/528/457/528 455/530/459/530 
f 432/521/450/521 448/531/460/531 433/506/437/506 
f 440/522/451/522 456/532/461/532 441/507/438/507 
f 434/508/439/508 448/531/460/531 449/533/462/533 
f 441/507/438/507 457/534/463/534 442/509/440/509 
f 435/510/441/510 449/533/462/533 450/535/464/535 
f 428/512/442/512 81/536/27/536 443/537/465/537 
f 307/538/29/538 442/509/440/509 457/534/463/534 
f 435/510/441/510 451/539/466/539 436/514/443/514 
f 429/515/444/515 443/537/465/537 444/524/453/524 
f 455/530/459/530 471/540/467/540 456/532/461/532 
f 449/533/462/533 463/541/468/541 464/542/469/542 
f 457/534/463/534 471/540/467/540 472/543/470/543 
f 450/535/464/535 464/542/469/542 465/544/471/544 
f 443/537/465/537 81/545/27/545 458/546/472/546 
f 307/547/29/547 457/534/463/534 472/543/470/543 
f 450/535/464/535 466/548/473/548 451/539/466/539 
f 443/537/465/537 459/549/474/549 444/524/453/524 
f 451/539/466/539 467/550/475/550 452/523/452/523 
f 445/525/454/525 459/549/474/549 460/551/476/551 
f 453/526/455/526 467/550/475/550 468/552/477/552 
f 445/525/454/525 461/553/478/553 446/527/456/527 
f 453/526/455/526 469/554/479/554 454/528/457/528 
f 447/529/458/529 461/553/478/553 462/555/480/555 
f 455/530/459/530 469/554/479/554 470/556/481/556 
f 447/529/458/529 463/541/468/541 448/531/460/531 
f 460/551/476/551 474/31/31/31 0/3/3/3 
f 467/550/475/550 5/7/7/7 468/552/477/552 
f 461/553/478/553 0/3/3/3 475/8/8/8 
f 468/552/477/552 478/10/10/10 469/554/479/554 
f 462/555/480/555 475/8/8/8 1/13/13/13 
f 470/556/481/556 478/10/10/10 479/15/15/15 
f 463/541/468/541 1/13/13/13 476/16/16/16 
f 470/556/481/556 480/19/19/19 471/540/467/540 
f 464/542/469/542 476/16/16/16 2/20/20/20 
f 471/540/467/540 481/23/23/23 472/543/470/543 
f 465/544/471/544 2/20/20/20 3/25/25/25 
f 458/546/472/546 81/557/27/557 473/26/26/26 
f 307/558/29/558 472/543/470/543 481/23/23/23 
f 465/544/471/544 4/0/0/0 466/548/473/548 
f 458/546/472/546 474/31/31/31 459/549/474/549 
f 466/548/473/548 477/2/2/2 467/550/475/550 
f 4/0/0/0 14/30/30/30 15/1/1/1 
f 0/3/3/3 474/31/31/31 7/4/4/4 
f 477/2/2/2 15/1/1/1 16/6/6/6 
f 475/8/8/8 0/3/3/3 8/5/5/5 
f 478/10/10/10 5/7/7/7 16/6/6/6 
f 475/8/8/8 9/9/9/9 10/12/12/12 
f 478/10/10/10 17/11/11/11 18/14/14/14 
f 476/16/16/16 1/13/13/13 10/12/12/12 
f 479/15/15/15 18/14/14/14 19/18/18/18 
f 2/20/20/20 476/16/16/16 11/17/17/17 
f 480/19/19/19 19/18/18/18 20/22/22/22 
f 2/20/20/20 12/21/21/21 13/24/24/24 
f 3/25/25/25 13/24/24/24 14/30/30/30 
f 474/31/31/31 473/26/26/26 6/28/28/28 
f 13/24/24/24 28/45/45/45 29/32/32/32 
f 6/28/28/28 21/47/46/47 22/33/33/33 
f 14/30/30/30 29/32/32/32 30/34/34/34 
f 7/4/4/4 22/33/33/33 23/35/35/35 
f 16/6/6/6 15/1/1/1 30/34/34/34 
f 8/5/5/5 23/35/35/35 24/37/37/37 
f 17/11/11/11 16/6/6/6 31/36/36/36 
f 9/9/9/9 24/37/37/37 25/39/39/39 
f 18/14/14/14 17/11/11/11 32/38/38/38 
f 10/12/12/12 25/39/39/39 26/41/41/41 
f 19/18/18/18 18/14/14/14 33/40/40/40 
f 12/21/21/21 11/17/17/17 26/41/41/41 
f 19/18/18/18 34/42/42/42 35/44/44/44 
f 12/21/21/21 27/43/43/43 28/45/45/45 
f 33/40/40/40 32/38/38/38 47/49/47/49 
f 25/39/39/39 40/65/61/65 41/51/49/51 
f 34/42/42/42 33/40/40/40 48/50/48/50 
f 27/43/43/43 26/41/41/41 41/51/49/51 
f 35/44/44/44 34/42/42/42 49/52/50/52 
f 28/45/45/45 27/43/43/43 42/53/51/53 
f 28/45/45/45 43/55/53/55 44/59/55/59 
f 21/47/46/47 36/57/54/57 37/60/56/60 
f 29/32/32/32 44/59/55/59 45/61/57/61 
f 22/33/33/33 37/60/56/60 38/62/58/62 
f 31/36/36/36 30/34/34/34 45/61/57/61 
f 23/35/35/35 38/62/58/62 39/64/60/64 
f 32/38/38/38 31/36/36/36 46/63/59/63 
f 24/37/37/37 39/64/60/64 40/65/61/65 
f 36/57/54/57 51/80/75/80 52/66/62/66 
f 44/59/55/59 59/82/76/82 60/67/63/67 
f 37/60/56/60 52/66/62/66 53/68/64/68 
f 46/63/59/63 45/61/57/61 60/67/63/67 
f 38/62/58/62 53/68/64/68 54/70/66/70 
f 46/63/59/63 61/69/65/69 62/71/67/71 
f 40/65/61/65 39/64/60/64 54/70/66/70 
f 48/50/48/50 47/49/47/49 62/71/67/71 
f 40/65/61/65 55/72/68/72 56/74/70/74 
f 49/52/50/52 48/50/48/50 63/73/69/73 
f 42/53/51/53 41/51/49/51 56/74/70/74 
f 50/54/52/54 49/52/50/52 64/75/71/75 
f 43/55/53/55 42/53/51/53 57/76/72/76 
f 43/55/53/55 58/78/74/78 59/82/76/82 
f 55/72/68/72 70/98/90/98 71/83/77/83 
f 63/73/69/73 78/99/91/99 79/84/78/84 
f 57/76/72/76 56/74/70/74 71/83/77/83 
f 64/75/71/75 79/84/78/84 80/86/80/86 
f 58/78/74/78 57/76/72/76 72/85/79/85 
f 58/78/74/78 73/87/81/87 74/91/83/91 
f 52/66/62/66 51/80/75/80 66/89/82/89 
f 59/82/76/82 74/91/83/91 75/93/85/93 
f 53/68/64/68 52/66/62/66 67/92/84/92 
f 61/69/65/69 60/67/63/67 75/93/85/93 
f 53/68/64/68 68/94/86/94 69/96/88/96 
f 61/69/65/69 76/95/87/95 77/97/89/97 
f 55/72/68/72 54/70/66/70 69/96/88/96 
f 63/73/69/73 62/71/67/71 77/97/89/97 
f 74/91/83/91 90/115/105/115 91/100/92/100 
f 67/92/84/92 83/116/106/116 84/101/93/101 
f 76/95/87/95 75/93/85/93 91/100/92/100 
f 68/94/86/94 84/101/93/101 85/103/95/103 
f 76/95/87/95 92/102/94/102 93/104/96/104 
f 70/98/90/98 69/96/88/96 85/103/95/103 
f 78/99/91/99 77/97/89/97 93/104/96/104 
f 70/98/90/98 86/105/97/105 87/107/99/107 
f 79/84/78/84 78/99/91/99 94/106/98/106 
f 72/85/79/85 71/83/77/83 87/107/99/107 
f 80/86/80/86 79/84/78/84 95/108/100/108 
f 73/87/81/87 72/85/79/85 88/109/101/109 
f 73/87/81/87 89/111/103/111 90/115/105/115 
f 66/89/82/89 82/113/104/113 83/116/106/116 
f 94/106/98/106 109/133/121/133 110/117/107/117 
f 88/109/101/109 87/107/99/107 102/118/108/118 
f 95/108/100/108 110/117/107/117 111/120/110/120 
f 89/111/103/111 88/109/101/109 103/119/109/119 
f 89/111/103/111 104/121/111/121 105/125/113/125 
f 82/113/104/113 97/123/112/123 98/126/114/126 
f 90/115/105/115 105/125/113/125 106/127/115/127 
f 84/101/93/101 83/116/106/116 98/126/114/126 
f 92/102/94/102 91/100/92/100 106/127/115/127 
f 84/101/93/101 99/128/116/128 100/130/118/130 
f 92/102/94/102 107/129/117/129 108/131/119/131 
f 86/105/97/105 85/103/95/103 100/130/118/130 
f 94/106/98/106 93/104/96/104 108/131/119/131 
f 86/105/97/105 101/132/120/132 102/118/108/118 
f 107/129/117/129 106/127/115/127 121/134/122/134 
f 99/128/116/128 114/150/136/150 115/136/124/136 
f 107/129/117/129 122/135/123/135 123/137/125/137 
f 101/132/120/132 100/130/118/130 115/136/124/136 
f 109/133/121/133 108/131/119/131 123/137/125/137 
f 101/132/120/132 116/138/126/138 117/140/128/140 
f 110/117/107/117 109/133/121/133 124/139/127/139 
f 103/119/109/119 102/118/108/118 117/140/128/140 
f 110/117/107/117 125/141/129/141 126/143/131/143 
f 104/121/111/121 103/119/109/119 118/142/130/142 
f 104/121/111/121 119/144/132/144 120/148/134/148 
f 97/123/112/123 112/146/133/146 113/149/135/149 
f 105/125/113/125 120/148/134/148 121/134/122/134 
f 98/126/114/126 113/149/135/149 114/150/136/150 
f 125/141/129/141 140/167/151/167 141/151/137/151 
f 119/144/132/144 118/142/130/142 133/152/138/152 
f 119/144/132/144 134/153/139/153 135/157/141/157 
f 113/149/135/149 112/146/133/146 127/155/140/155 
f 120/148/134/148 135/157/141/157 136/159/143/159 
f 114/150/136/150 113/149/135/149 128/158/142/158 
f 122/135/123/135 121/134/122/134 136/159/143/159 
f 114/150/136/150 129/160/144/160 130/162/146/162 
f 122/135/123/135 137/161/145/161 138/163/147/163 
f 116/138/126/138 115/136/124/136 130/162/146/162 
f 124/139/127/139 123/137/125/137 138/163/147/163 
f 116/138/126/138 131/164/148/164 132/166/150/166 
f 124/139/127/139 139/165/149/165 140/167/151/167 
f 118/142/130/142 117/140/128/140 132/166/150/166 
f 129/160/144/160 144/183/165/183 145/168/152/168 
f 137/161/145/161 152/184/166/184 153/169/153/169 
f 131/164/148/164 130/162/146/162 145/168/152/168 
f 139/165/149/165 138/163/147/163 153/169/153/169 
f 131/164/148/164 146/170/154/170 147/172/156/172 
f 140/167/151/167 139/165/149/165 154/171/155/171 
f 133/152/138/152 132/166/150/166 147/172/156/172 
f 140/167/151/167 155/173/157/173 156/175/159/175 
f 134/153/139/153 133/152/138/152 148/174/158/174 
f 134/153/139/153 149/176/160/176 150/180/162/180 
f 127/155/140/155 142/178/161/178 143/181/163/181 
f 135/157/141/157 150/180/162/180 151/182/164/182 
f 128/158/142/158 143/181/163/181 144/183/165/183 
f 137/161/145/161 136/159/143/159 151/182/164/182 
f 149/176/160/176 148/174/158/174 163/185/167/185 
f 149/176/160/176 164/186/168/186 165/191/171/191 
f 142/178/161/178 157/188/169/188 158/192/172/192 
f 150/180/162/180 165/191/171/191 166/193/173/193 
f 143/181/163/181 158/192/172/192 159/194/174/194 
f 152/184/166/184 151/182/164/182 166/193/173/193 
f 144/183/165/183 159/194/174/194 160/196/176/196 
f 152/184/166/184 167/195/175/195 168/197/177/197 
f 146/170/154/170 145/168/152/168 160/196/176/196 
f 154/171/155/171 153/169/153/169 168/197/177/197 
f 146/170/154/170 161/198/178/198 162/200/180/200 
f 155/173/157/173 154/171/155/171 169/199/179/199 
f 148/174/158/174 147/172/156/172 162/200/180/200 
f 156/175/159/175 155/173/157/173 170/201/181/201 
f 167/195/175/195 182/218/196/218 183/202/182/202 
f 161/198/178/198 160/196/176/196 175/203/183/203 
f 169/199/179/199 168/197/177/197 183/202/182/202 
f 161/198/178/198 176/204/184/204 177/206/186/206 
f 170/201/181/201 169/199/179/199 184/205/185/205 
f 163/185/167/185 162/200/180/200 177/206/186/206 
f 171/190/170/190 170/201/181/201 185/207/187/207 
f 164/186/168/186 163/185/167/185 178/208/188/208 
f 164/186/168/186 179/210/190/210 180/214/192/214 
f 157/188/169/188 172/212/191/212 173/215/193/215 
f 165/191/171/191 180/214/192/214 181/216/194/216 
f 158/192/172/192 173/215/193/215 174/217/195/217 
f 167/195/175/195 166/193/173/193 181/216/194/216 
f 159/194/174/194 174/217/195/217 175/203/183/203 
f 179/210/190/210 194/235/211/235 195/223/199/223 
f 173/215/193/215 172/212/191/212 187/220/197/220 
f 180/214/192/214 195/223/199/223 196/225/201/225 
f 174/217/195/217 173/215/193/215 188/224/200/224 
f 182/218/196/218 181/216/194/216 196/225/201/225 
f 174/217/195/217 189/226/202/226 190/228/204/228 
f 182/218/196/218 197/227/203/227 198/229/205/229 
f 176/204/184/204 175/203/183/203 190/228/204/228 
f 184/205/185/205 183/202/182/202 198/229/205/229 
f 176/204/184/204 191/230/206/230 192/232/208/232 
f 184/205/185/205 199/231/207/231 200/233/209/233 
f 178/208/188/208 177/206/186/206 192/232/208/232 
f 185/207/187/207 200/233/209/233 201/222/198/222 
f 179/210/190/210 178/208/188/208 193/234/210/234 
f 191/230/206/230 190/228/204/228 205/236/212/236 
f 199/231/207/231 198/229/205/229 213/238/214/238 
f 191/230/206/230 206/237/213/237 207/240/216/240 
f 200/233/209/233 199/231/207/231 214/239/215/239 
f 193/234/210/234 192/232/208/232 207/240/216/240 
f 201/222/198/222 200/233/209/233 215/241/217/241 
f 194/235/211/235 193/234/210/234 208/242/218/242 
f 194/235/211/235 209/244/220/244 210/248/222/248 
f 187/220/197/220 202/246/221/246 203/249/223/249 
f 195/223/199/223 210/248/222/248 211/250/224/250 
f 188/224/200/224 203/249/223/249 204/251/225/251 
f 197/227/203/227 196/225/201/225 211/250/224/250 
f 189/226/202/226 204/251/225/251 205/236/212/236 
f 197/227/203/227 212/252/226/252 213/238/214/238 
f 209/244/220/244 224/266/240/266 225/253/227/253 
f 202/246/221/246 217/268/241/268 218/254/228/254 
f 210/248/222/248 225/253/227/253 226/255/229/255 
f 203/249/223/249 218/254/228/254 219/256/230/256 
f 212/252/226/252 211/250/224/250 226/255/229/255 
f 204/251/225/251 219/256/230/256 220/258/232/258 
f 212/252/226/252 227/257/231/257 228/259/233/259 
f 206/237/213/237 205/236/212/236 220/258/232/258 
f 214/239/215/239 213/238/214/238 228/259/233/259 
f 206/237/213/237 221/260/234/260 222/262/236/262 
f 215/241/217/241 214/239/215/239 229/261/235/261 
f 208/242/218/242 207/240/216/240 222/262/236/262 
f 216/243/219/243 215/241/217/241 230/263/237/263 
f 209/244/220/244 208/242/218/242 223/264/238/264 
f 229/261/235/261 228/259/233/259 243/270/242/270 
f 221/260/234/260 236/286/256/286 237/272/244/272 
f 230/263/237/263 229/261/235/261 244/271/243/271 
f 223/264/238/264 222/262/236/262 237/272/244/272 
f 230/263/237/263 245/273/245/273 246/275/247/275 
f 224/266/240/266 223/264/238/264 238/274/246/274 
f 224/266/240/266 239/276/248/276 240/280/250/280 
f 218/254/228/254 217/268/241/268 232/278/249/278 
f 225/253/227/253 240/280/250/280 241/282/252/282 
f 218/254/228/254 233/281/251/281 234/283/253/283 
f 227/257/231/257 226/255/229/255 241/282/252/282 
f 219/256/230/256 234/283/253/283 235/285/255/285 
f 227/257/231/257 242/284/254/284 243/270/242/270 
f 221/260/234/260 220/258/232/258 235/285/255/285 
f 240/280/250/280 255/303/271/303 256/287/257/287 
f 234/283/253/283 233/281/251/281 248/288/258/288 
f 242/284/254/284 241/282/252/282 256/287/257/287 
f 234/283/253/283 249/289/259/289 250/291/261/291 
f 242/284/254/284 257/290/260/290 258/292/262/292 
f 236/286/256/286 235/285/255/285 250/291/261/291 
f 244/271/243/271 243/270/242/270 258/292/262/292 
f 236/286/256/286 251/293/263/293 252/295/265/295 
f 244/271/243/271 259/294/264/294 260/296/266/296 
f 238/274/246/274 237/272/244/272 252/295/265/295 
f 245/273/245/273 260/296/266/296 261/298/268/298 
f 239/276/248/276 238/274/246/274 253/297/267/297 
f 239/276/248/276 254/299/269/299 255/303/271/303 
f 233/281/251/281 232/278/249/278 247/301/270/301 
f 260/296/266/296 259/294/264/294 274/304/272/304 
f 253/297/267/297 252/295/265/295 267/306/274/306 
f 260/296/266/296 275/305/273/305 276/308/276/308 
f 254/299/269/299 253/297/267/297 268/307/275/307 
f 254/299/269/299 269/309/277/309 270/313/279/313 
f 248/288/258/288 247/301/270/301 262/311/278/311 
f 255/303/271/303 270/313/279/313 271/315/281/315 
f 248/288/258/288 263/314/280/314 264/316/282/316 
f 257/290/260/290 256/287/257/287 271/315/281/315 
f 249/289/259/289 264/316/282/316 265/318/284/318 
f 257/290/260/290 272/317/283/317 273/319/285/319 
f 251/293/263/293 250/291/261/291 265/318/284/318 
f 259/294/264/294 258/292/262/292 273/319/285/319 
f 251/293/263/293 266/320/286/320 267/306/274/306 
f 263/314/280/314 278/337/301/337 279/321/287/321 
f 272/317/283/317 271/315/281/315 286/322/288/322 
f 264/316/282/316 279/321/287/321 280/324/290/324 
f 272/317/283/317 287/323/289/323 288/325/291/325 
f 266/320/286/320 265/318/284/318 280/324/290/324 
f 274/304/272/304 273/319/285/319 288/325/291/325 
f 266/320/286/320 281/326/292/326 282/328/294/328 
f 274/304/272/304 289/327/293/327 290/329/295/329 
f 268/307/275/307 267/306/274/306 282/328/294/328 
f 275/305/273/305 290/329/295/329 291/331/297/331 
f 269/309/277/309 268/307/275/307 283/330/296/330 
f 269/309/277/309 284/332/298/332 285/336/300/336 
f 262/311/278/311 277/334/299/334 278/337/301/337 
f 270/313/279/313 285/336/300/336 286/322/288/322 
f 283/330/296/330 282/328/294/328 297/338/302/338 
f 291/331/297/331 290/329/295/329 305/340/304/340 
f 284/332/298/332 283/330/296/330 298/339/303/339 
f 284/332/298/332 299/342/306/342 300/346/308/346 
f 277/334/299/334 292/344/307/344 293/347/309/347 
f 285/336/300/336 300/346/308/346 301/348/310/348 
f 279/321/287/321 278/337/301/337 293/347/309/347 
f 287/323/289/323 286/322/288/322 301/348/310/348 
f 279/321/287/321 294/349/311/349 295/351/313/351 
f 287/323/289/323 302/350/312/350 303/352/314/352 
f 281/326/292/326 280/324/290/324 295/351/313/351 
f 289/327/293/327 288/325/291/325 303/352/314/352 
f 281/326/292/326 296/353/315/353 297/338/302/338 
f 289/327/293/327 304/354/316/354 305/340/304/340 
f 302/350/312/350 301/348/310/348 317/355/317/355 
f 294/349/311/349 310/371/331/371 311/357/319/357 
f 302/350/312/350 318/356/318/356 319/358/320/358 
f 296/353/315/353 295/351/313/351 311/357/319/357 
f 304/354/316/354 303/352/314/352 319/358/320/358 
f 296/353/315/353 312/359/321/359 313/361/323/361 
f 304/354/316/354 320/360/322/360 321/362/324/362 
f 298/339/303/339 297/338/302/338 313/361/323/361 
f 305/340/304/340 321/362/324/362 322/364/326/364 
f 299/342/306/342 298/339/303/339 314/363/325/363 
f 299/342/306/342 315/365/327/365 316/369/329/369 
f 293/347/309/347 292/344/307/344 308/367/328/367 
f 300/346/308/346 316/369/329/369 317/355/317/355 
f 294/349/311/349 293/347/309/347 309/370/330/370 
f 322/364/326/364 321/362/324/362 336/372/332/372 
f 315/365/327/365 314/363/325/363 329/374/334/374 
f 315/365/327/365 330/375/335/375 331/379/337/379 
f 308/367/328/367 323/377/336/377 324/380/338/380 
f 316/369/329/369 331/379/337/379 332/381/339/381 
f 309/370/330/370 324/380/338/380 325/382/340/382 
f 318/356/318/356 317/355/317/355 332/381/339/381 
f 310/371/331/371 325/382/340/382 326/384/342/384 
f 318/356/318/356 333/383/341/383 334/385/343/385 
f 312/359/321/359 311/357/319/357 326/384/342/384 
f 320/360/322/360 319/358/320/358 334/385/343/385 
f 312/359/321/359 327/386/344/386 328/388/346/388 
f 320/360/322/360 335/387/345/387 336/372/332/372 
f 314/363/325/363 313/361/323/361 328/388/346/388 
f 325/382/340/382 340/404/360/404 341/389/347/389 
f 333/383/341/383 348/405/361/405 349/390/348/390 
f 327/386/344/386 326/384/342/384 341/389/347/389 
f 335/387/345/387 334/385/343/385 349/390/348/390 
f 327/386/344/386 342/391/349/391 343/393/351/393 
f 335/387/345/387 350/392/350/392 351/394/352/394 
f 329/374/334/374 328/388/346/388 343/393/351/393 
f 337/373/333/373 336/372/332/372 351/394/352/394 
f 330/375/335/375 329/374/334/374 344/395/353/395 
f 330/375/335/375 345/397/355/397 346/401/357/401 
f 323/377/336/377 338/399/356/399 339/402/358/402 
f 331/379/337/379 346/401/357/401 347/403/359/403 
f 325/382/340/382 324/380/338/380 339/402/358/402 
f 333/383/341/383 332/381/339/381 347/403/359/403 
f 345/397/355/397 344/395/353/395 359/406/362/406 
f 345/397/355/397 360/407/363/407 361/412/366/412 
f 338/399/356/399 353/409/364/409 354/413/367/413 
f 346/401/357/401 361/412/366/412 362/414/368/414 
f 340/404/360/404 339/402/358/402 354/413/367/413 
f 348/405/361/405 347/403/359/403 362/414/368/414 
f 340/404/360/404 355/415/369/415 356/417/371/417 
f 348/405/361/405 363/416/370/416 364/418/372/418 
f 342/391/349/391 341/389/347/389 356/417/371/417 
f 350/392/350/392 349/390/348/390 364/418/372/418 
f 342/391/349/391 357/419/373/419 358/421/375/421 
f 350/392/350/392 365/420/374/420 366/422/376/422 
f 344/395/353/395 343/393/351/393 358/421/375/421 
f 352/396/354/396 351/394/352/394 366/422/376/422 
f 363/423/370/423 378/453/391/453 379/424/377/424 
f 357/426/373/426 356/454/371/454 371/427/378/427 
f 365/429/374/429 364/425/372/425 379/424/377/424 
f 357/426/373/426 372/428/379/428 373/431/381/431 
f 365/429/374/429 380/430/380/430 381/433/382/433 
f 359/435/362/435 358/432/375/432 373/431/381/431 
f 366/434/376/434 381/433/382/433 382/437/384/437 
f 360/439/363/439 359/435/362/435 374/436/383/436 
f 360/439/363/439 375/440/385/440 376/445/387/445 
f 354/447/367/447 353/441/364/441 368/443/386/443 
f 361/446/366/446 376/445/387/445 377/449/389/449 
f 355/451/369/451 354/447/367/447 369/448/388/448 
f 363/423/370/423 362/450/368/450 377/449/389/449 
f 355/451/369/451 370/452/390/452 371/427/378/427 
f 375/440/385/440 390/470/406/470 391/457/393/457 
f 369/448/388/448 368/443/386/443 383/458/394/458 
f 376/445/387/445 391/457/393/457 392/460/396/460 
f 370/452/390/452 369/448/388/448 384/459/395/459 
f 378/453/391/453 377/449/389/449 392/460/396/460 
f 370/452/390/452 385/461/397/461 386/463/399/463 
f 378/453/391/453 393/462/398/462 394/464/400/464 
f 372/428/379/428 371/427/378/427 386/463/399/463 
f 380/430/380/430 379/424/377/424 394/464/400/464 
f 372/428/379/428 387/465/401/465 388/467/403/467 
f 380/430/380/430 395/466/402/466 396/468/404/468 
f 374/436/383/436 373/431/381/431 388/467/403/467 
f 381/433/382/433 396/468/404/468 397/456/392/456 
f 375/440/385/440 374/436/383/436 389/469/405/469 
f 395/466/402/466 394/464/400/464 409/472/407/472 
f 387/465/401/465 402/488/421/488 403/474/409/474 
f 395/466/402/466 410/473/408/473 411/475/410/475 
f 389/469/405/469 388/467/403/467 403/474/409/474 
f 397/456/392/456 396/468/404/468 411/475/410/475 
f 390/470/406/470 389/469/405/469 404/476/411/476 
f 390/470/406/470 405/478/413/478 406/482/415/482 
f 383/458/394/458 398/480/414/480 399/483/416/483 
f 391/457/393/457 406/482/415/482 407/484/417/484 
f 385/461/397/461 384/459/395/459 399/483/416/483 
f 393/462/398/462 392/460/396/460 407/484/417/484 
f 385/461/397/461 400/485/418/485 401/487/420/487 
f 393/462/398/462 408/486/419/486 409/472/407/472 
f 387/465/401/465 386/463/399/463 401/487/420/487 
f 398/480/414/480 413/503/435/503 414/489/422/489 
f 406/482/415/482 421/505/436/505 422/490/423/490 
f 400/485/418/485 399/483/416/483 414/489/422/489 
f 408/486/419/486 407/484/417/484 422/490/423/490 
f 400/485/418/485 415/491/424/491 416/493/426/493 
f 408/486/419/486 423/492/425/492 424/494/427/494 
f 402/488/421/488 401/487/420/487 416/493/426/493 
f 410/473/408/473 409/472/407/472 424/494/427/494 
f 402/488/421/488 417/495/428/495 418/497/430/497 
f 410/473/408/473 425/496/429/496 426/498/431/498 
f 404/476/411/476 403/474/409/474 418/497/430/497 
f 411/475/410/475 426/498/431/498 427/500/433/500 
f 405/478/413/478 404/476/411/476 419/499/432/499 
f 405/478/413/478 420/501/434/501 421/505/436/505 
f 417/495/428/495 432/521/450/521 433/506/437/506 
f 425/496/429/496 440/522/451/522 441/507/438/507 
f 419/499/432/499 418/497/430/497 433/506/437/506 
f 427/500/433/500 426/498/431/498 441/507/438/507 
f 420/501/434/501 419/499/432/499 434/508/439/508 
f 420/501/434/501 435/510/441/510 436/514/443/514 
f 413/503/435/503 428/512/442/512 429/515/444/515 
f 421/505/436/505 436/514/443/514 437/516/445/516 
f 415/491/424/491 414/489/422/489 429/515/444/515 
f 423/492/425/492 422/490/423/490 437/516/445/516 
f 415/491/424/491 430/517/446/517 431/519/448/519 
f 423/492/425/492 438/518/447/518 439/520/449/520 
f 417/495/428/495 416/493/426/493 431/519/448/519 
f 425/496/429/496 424/494/427/494 439/520/449/520 
f 436/514/443/514 451/539/466/539 452/523/452/523 
f 430/517/446/517 429/515/444/515 444/524/453/524 
f 438/518/447/518 437/516/445/516 452/523/452/523 
f 430/517/446/517 445/525/454/525 446/527/456/527 
f 438/518/447/518 453/526/455/526 454/528/457/528 
f 432/521/450/521 431/519/448/519 446/527/456/527 
f 440/522/451/522 439/520/449/520 454/528/457/528 
f 432/521/450/521 447/529/458/529 448/531/460/531 
f 440/522/451/522 455/530/459/530 456/532/461/532 
f 434/508/439/508 433/506/437/506 448/531/460/531 
f 441/507/438/507 456/532/461/532 457/534/463/534 
f 435/510/441/510 434/508/439/508 449/533/462/533 
f 435/510/441/510 450/535/464/535 451/539/466/539 
f 429/515/444/515 428/512/442/512 443/537/465/537 
f 455/530/459/530 470/556/481/556 471/540/467/540 
f 449/533/462/533 448/531/460/531 463/541/468/541 
f 457/534/463/534 456/532/461/532 471/540/467/540 
f 450/535/464/535 449/533/462/533 464/542/469/542 
f 450/535/464/535 465/544/471/544 466/548/473/548 
f 443/537/465/537 458/546/472/546 459/549/474/549 
f 451/539/466/539 466/548/473/548 467/550/475/550 
f 445/525/454/525 444/524/453/524 459/549/474/549 
f 453/526/455/526 452/523/452/523 467/550/475/550 
f 445/525/454/525 460/551/476/551 461/553/478/553 
f 453/526/455/526 468/552/477/552 469/554/479/554 
f 447/529/458/529 446/527/456/527 461/553/478/553 
f 455/530/459/530 454/528/457/528 469/554/479/554 
f 447/529/458/529 462/555/480/555 463/541/468/541 
f 460/551/476/551 459/549/474/549 474/31/31/31 
f 467/550/475/550 477/2/2/2 5/7/7/7 
f 461/553/478/553 460/551/476/551 0/3/3/3 
f 468/552/477/552 5/7/7/7 478/10/10/10 
f 462/555/480/555 461/553/478/553 475/8/8/8 
f 470/556/481/556 469/554/479/554 478/10/10/10 
f 463/541/468/541 462/555/480/555 1/13/13/13 
f 470/556/481/556 479/15/15/15 480/19/19/19 
f 464/542/469/542 463/541/468/541 476/16/16/16 
f 471/540/467/540 480/19/19/19 481/23/23/23 
f 465/544/471/544 464/542/469/542 2/20/20/20 
f 465/544/471/544 3/25/25/25 4/0/0/0 
f 458/546/472/546 473/26/26/26 474/31/31/31 
f 466/548/473/548 4/0/0/0 477/2/2/2 
