v -1418.8381 714.0562 -48.8519
v -1423.7026 707.8533 -45.9678
v -1423.7026 713.2267 -52.7752
v -1418.467 712.3921 -42.3965
v -1423.7024 712.6507 -61.2515
v -1405.4001 716.5734 -68.0045
v -1420.6201 715.8691 -58.945
v -1414.3523 737.0463 -55.1911
v -1416.0527 726.7932 -54.6817
v -1410.2881 734.6642 -60.7836
v -1424.6504 750.5581 -56.304
v -1419.6462 745.8492 -59.4238
v -1424.6516 748.5859 -59.7283
v -1417.4512 748.8301 -51.4827
v -1424.6499 751.2706 -52.4977
v -1413.5164 751.0112 -44.0892
v -1413.3005 750.8521 -48.1894
v -1409.1462 751.249 -44.658
v -1416.4937 747.5416 -49.4343
v -1410.8726 734.2416 -50.5086
v -1408.5146 723.1579 -45.7635
v -1413.0686 725.1605 -50.1533
v -1406.2163 726.2446 -64.2919
v -1414.7974 727.8245 -68.8553
v -1415.1626 702.8417 -98.0524
v -1404.5396 706.1312 -95.9295
v -1423.7024 701.662 -94.9286
v -1418.5405 706.5939 -109.9898
v -1419.3167 720.3279 -110.9461
v -1408.5554 715.1426 -104.1423
v -1411.813 724.8101 -93.8247
v -1404.7327 716.0195 -102.6188
v -1410.4475 729.0101 -101.4727
v -1416.1223 743.3848 -95.0764
v -1416.1499 736.952 -95.6915
v -1419.2358 739.9442 -100.1805
v -1411.0498 736.0377 -95.014
v -1409.4595 738.9789 -85.7142
v -1408.7166 730.6531 -90.2299
v -1414.7561 739.4116 -85.67
v -1416.0745 745.209 -88.1805
v -1416.9609 746.0226 -81.0443
v -1408.8228 731.6046 -84.6975
v -1408.252 738.0228 -77.8563
v -1409.7043 727.6458 -82.4472
v -1409.1721 730.4603 -74.321
v -1410.1934 721.7076 -78.971
v -1414.1074 720.0677 -76.5019
v -1416.6992 732.4926 -72.4738
v -1414.6082 731.9505 -66.9569
v -1416.928 736.1475 -68.0462
v -1417.5417 738.8322 -69.5485
v -1404.4658 707.1263 -76.0414
v -1410.5059 719.7392 -87.1436
v -1413.9597 717.0309 -88.2353
v -1404.0977 704.2469 -86.7851
v -1412.8059 741.2912 -64.0676
v -1411.9026 737.5934 -66.3051
v -1424.6494 750.3282 -63.0958
v -1413.1064 746.0508 -72.3781
v -1424.6453 752.8766 -69.1307
v -1414.9019 734.2981 -64.7435
v -1416.0791 738.737 -67.7009
v -1410.1128 741.7564 -99.6559
v -1411.3103 738.7901 -102.2574
v -1420.575 739.3611 -105.046
v -1410.2034 739.1234 -105.0725
v -1424.6448 744.3723 -103.5331
v -1424.6431 747.0036 -96.7451
v -1411.988 743.075 -101.6745
v -1412.8325 735.9024 -109.2936
v -1414.4624 732.3119 -114.0605
v -1409.2224 736.0579 -110.4246
v -1414.2581 735.3608 -119.4426
v -1410.2788 736.278 -114.9713
v -1414.918 732.9426 -117.5833
v -1412.4924 739.5839 -116.048
v -1424.6453 741.9026 -111.8256
v -1412.3621 739.2289 -114.9918
v -1424.644 740.8788 -117.7146
v -1420.0823 737.1519 -109.3319
v -1422.7412 732.3492 -108.5133
v -1421.9185 734.1437 -113.4205
v -1423.3484 708.6594 -135.5139
v -1421.3401 705.3701 -138.3102
v -1420.4854 708.1111 -135.8108
v -1420.1199 705.8854 -140.0115
v -1414.2524 710.2266 -139.993
v -1416.1526 711.1439 -141.4854
v -1410.561 723.4378 -137.9614
v -1411.813 715.1067 -140.5017
v -1414.135 720.8356 -140.6697
v -1411.521 723.6832 -139.716
v -1409.6443 728.5836 -134.0649
v -1411.1128 735.903 -126.8539
v -1409.3113 730.3936 -130.085
v -1413.9888 732.7302 -136.6635
v -1413.7415 737.6632 -128.2478
v -1408.4365 731.093 -135.698
v -1424.6382 727.7385 -140.6574
v -1424.6387 732.7495 -137.2228
v -1413.8499 726.9086 -139.8135
v -1424.6426 739.3674 -123.7641
v -1411.4297 737.059 -127.3583
v -1424.6409 738.1349 -128.9896
v -1412.5396 722.8319 -143.3731
v -1411.0588 708.0726 -148.3533
v -1414.1602 704.9433 -151.5971
v -1412.6763 710.9716 -149.8714
v -1418.783 704.3978 -151.2981
v -1417.9375 705.6608 -153.1415
v -1420.8582 701.8533 -154.6334
v -1417.467 708.5688 -153.167
v -1415.7642 712.8329 -151.4265
v -1420.0198 701.9137 -156.3607
v -1412.7122 699.2156 -152.283
v -1414.2285 717.8049 -148.2497
v -1411.4033 716.3589 -147.1105
v -1415.3938 715.9023 -155.6026
v -1415.6455 715.0509 -157.6489
v -1416.5393 719.3539 -155.6762
v -1417.7761 697.8982 -156.0163
v -1411.998 693.796 -156.5794
v -1424.637 695.7547 -157.904
v -1422.9216 728.7193 -117.1763
v -1416.635 735.5808 -120.1641
v -1421.0513 734.2164 -117.6943
v -1415.885 731.491 -124.3097
v -1421.1191 720.066 -129.4503
v -1423.9402 723.1271 -125.5956
v -1423.731 715.9391 -130.4704
v -1416.1113 703.817 -159.4001
v -1424.635 698.2578 -158.7013
v -1424.6311 702.1613 -161.2008
v -1418.7449 654.4247 -151.4072
v -1421.4775 665.754 -153.0967
v -1421.917 661.649 -146.3971
v -1416.7576 684.1671 -148.2547
v -1416.2258 690.4854 -149.7761
v -1417.2905 685.1127 -146.4721
v -1418.1863 662.5313 -145.0619
v -1412.2112 657.3914 -144.8227
v -1418.1272 634.7116 -154.3928
v -1417.7974 656.5833 -156.7726
v -1411.8169 664.9324 -156.3844
v -1409.8757 674.8154 -156.0936
v -1412.0864 668.809 -152.9632
v -1408.8257 677.4404 -152.5487
v -1411.1387 683.1714 -149.5553
v -1410.8135 675.8961 -150.4792
v -1409.314 675.9962 -157.8028
v -1410.6367 666.948 -160.0673
v -1410.5212 672.8835 -161.8673
v -1411.8645 688.1039 -155.8581
v -1412.6538 688.1023 -159.2188
v -1412.7031 698.8094 -145.9342
v -1412.3682 695.7805 -143.156
v -1413.0701 691.8507 -147.3759
v -1412.938 690.8424 -140.5955
v -1414.4119 684.3943 -138.3033
v -1413.8242 684.6957 -144.8455
v -1416.0515 665.8956 -140.3973
v -1415.1768 675.7205 -136.4279
v -1416.4041 668.1426 -135.77
v -1416.9482 675.6036 -144.3554
v -1419.2568 668.5367 -133.5564
v -1414.5896 663.9238 -133.3704
v -1412.6113 693.8046 -150.0283
v -1411.4963 682.1326 -154.7637
v -1412.3079 686.7717 -151.9735
v -1411.647 692.614 -153.22
v -1410.4253 681.819 -157.8202
v -1421.1184 677.3935 -132.0469
v -1422.9114 680.1108 -123.3858
v -1420.2886 668.1099 -130.881
v -1419.0959 664.5449 -124.592
v -1422.0593 670.8013 -112.8027
v -1421.3726 696.7588 -137.3275
v -1422.729 692.9049 -115.6848
v -1421.2512 687.9637 -133.962
v -1423.7024 653.7688 -118.507
v -1423.7026 670.7086 -110.8246
v -1423.7024 641.8256 -119.1266
v -1415.6567 647.3864 -121.4266
v -1411.9414 652.1976 -134.2665
v -1417.6111 644.7791 -135.9189
v -1411.2227 652.7852 -138.7459
v -1411.8416 649.9098 -130.1
v -1415.1094 636.9253 -130.56
v -1411.4329 642.2996 -127.2872
v -1411.2944 649.3577 -142.8928
v -1421.2388 637.6558 -141.1348
v -1410.7295 642.7582 -146.0609
v -1413.9487 630.3901 -152.5567
v -1413.7507 608.9097 -151.366
v -1424.6548 533.4068 -110.6018
v -1408.3818 537.5518 -109.5447
v -1424.6572 532.1855 -105.863
v -1420.0403 543.9602 -110.5938
v -1406.9832 540.6503 -105.9348
v -1424.655 585.3109 -146.3676
v -1424.6533 608.4018 -154.4714
v -1413.1204 634.5954 -127.2755
v -1415.4993 629.235 -130.5146
v -1423.1616 632.1639 -134.8655
v -1423.1819 627.681 -143.6878
v -1418.4438 626.3718 -130.4063
v -1420.5906 557.4087 -123.9332
v -1415.8137 564.8484 -110.6645
v -1421.4023 549.129 -116.9078
v -1418.5686 635.2067 -122.2921
v -1421.8125 619.3959 -121.2832
v -1423.7026 619.2413 -119.1617
v -1423.7024 534.7594 -53.7692
v -1423.7024 534.1988 -47.1791
v -1418.1401 529.972 -53.2357
v -1410.9995 537.2228 -90.4344
v -1408.615 540.5485 -99.269
v -1416.5068 542.0685 -87.8069
v -1413.0586 511.2854 -77.6252
v -1406.6614 508.4569 -73.1664
v -1414.8169 507.1353 -78.1902
v -1417.9314 549.6477 -102.1724
v -1401.6799 510.6276 -53.0033
v -1417.7097 516.7203 -66.1374
v -1407.9836 520.4484 -52.5646
v -1424.6514 623.3206 -159.2569
v -1424.6489 640.8142 -161.3097
v -1407.366 521.9364 -46.6602
v -1409.2061 526.4017 -49.9073
v -1406.9006 501.7796 -45.0319
v -1402.1687 511.2742 -44.4055
v -1410.0261 504.9462 -38.8406
v -1424.6499 497.2404 -50.0479
v -1411.3618 495.8994 -43.6732
v -1424.6453 494.4482 -46.9233
v -1410.7908 497.3171 -38.8406
v -1415.0186 494.1403 -38.8406
v -1424.6526 502.721 -69.0442
v -1408.7112 503.8293 -63.2512
v -1424.6516 500.8706 -66.0067
v -1419.4727 509.7522 -81.9641
v -1424.6548 509.4149 -82.3396
v -1424.6587 514.0679 -82.2866
v -1424.6604 515.2352 -79.5145
v -1424.6606 514.2759 -75.6575
v -1418.4927 711.9454 -38.8406
v -1423.7026 706.7941 -38.8406
v -1423.7024 533.0446 -38.8406
v -1423.7024 539.7764 -67.572
v -1408.7505 732.2959 -64.3399
v -1412.1707 741.1512 -67.535
v -1424.6477 754.0475 -49.5385
v -1412.7563 752.6251 -48.9874
v -1424.6448 757.3727 -46.762
v -1409.0029 753.4984 -44.8561
v -1424.6443 758.5531 -38.8406
v -1406.6694 752.7583 -38.8406
v -1409.7937 750.9348 -38.8406
v -1415.1926 747.0529 -41.9087
v -1405.5488 735.3129 -42.9184
v -1414.9692 750.3792 -38.8406
v -1414.6831 746.7445 -38.8406
v -1405.1877 736.2006 -38.8406
v -1405.8013 723.4869 -38.8406
v -1423.7024 701.2547 -87.9161
v -1423.7024 702.7505 -73.5267
v -1423.7026 561.3023 -93.094
v -1423.7026 551.4694 -80.8104
v -1423.7026 571.8626 -102.5779
v -1423.7024 694.2271 -100.1182
v -1417.2932 694.6995 -101.8824
v -1414.6826 728.9685 -103.2639
v -1414.2388 738.5912 -78.2075
v -1419.7498 743.8564 -74.1394
v -1411.8208 748.0012 -79.8178
v -1424.6423 752.7189 -77.487
v -1411.6111 746.3927 -88.2556
v -1424.6406 750.1017 -87.8369
v -1411.6328 744.6477 -95.3597
v -1409.5774 739.9387 -107.5736
v -1410.6077 739.6857 -111.4402
v -1411.4106 737.3455 -118.633
v -1410.364 735.5656 -121.0559
v -1424.6448 743.4457 -107.7945
v -1424.6438 738.839 -122.5208
v -1410.6042 730.8787 -125.1164
v -1408.9299 721.2051 -133.3972
v -1412.6799 724.3301 -128.3256
v -1415.7288 717.5651 -129.9566
v -1414.2056 711.9286 -136.1491
v -1418.4875 725.7378 -127.9
v -1418.231 712.8807 -132.3163
v -1408.6917 718.4871 -137.5305
v -1409.0044 725.1584 -137.7288
v -1408.1187 729.7145 -134.4409
v -1410.3567 726.2794 -138.769
v -1412.0969 729.4618 -138.4053
v -1414.4336 714.7657 -144.7257
v -1409.1499 714.9759 -144.1619
v -1424.6372 723.1619 -144.4324
v -1418.2495 705.9149 -148.6224
v -1417.5757 705.8586 -156.9246
v -1418.0691 703.9577 -144.8695
v -1412.2205 699.5662 -149.3988
v -1424.6355 718.3876 -148.8602
v -1424.6345 713.4984 -152.0074
v -1424.6353 710.501 -152.8087
v -1424.6321 710.9756 -156.2128
v -1415.874 711.2527 -157.5834
v -1424.6311 716.2914 -154.6827
v -1416.2439 705.0203 -158.0354
v -1416.3674 710.6514 -159.7404
v -1424.6304 719.8126 -154.0962
v -1424.6277 721.6573 -157.9305
v -1424.6284 725.4337 -154.0062
v -1424.6301 723.5374 -152.4641
v -1424.6306 722.1324 -152.4054
v -1424.6279 715.3103 -160.2192
v -1424.6284 710.677 -161.4225
v -1417.2695 700.2184 -157.0238
v -1420.4993 683.9172 -106.9501
v -1423.7026 683.5267 -105.5691
v -1418.9883 699.8668 -141.9113
v -1419.2432 693.5619 -139.0728
v -1421.2896 702.9727 -140.5274
v -1419.96 686.1472 -136.1151
v -1420.3594 676.506 -134.349
v -1424.6375 689.6915 -160.2606
v -1411.3408 679.8035 -161.7438
v -1424.6399 681.0644 -162.7537
v -1424.6438 670.9491 -163.3864
v -1424.6482 663.431 -161.2654
v -1424.6489 657.3895 -161.0566
v -1419.5552 661.8685 -157.1534
v -1420.8718 674.6338 -149.4924
v -1421.6804 676.1851 -145.5929
v -1411.4512 648.1023 -149.2238
v -1412.7861 662.0685 -139.4872
v -1415.3977 660.3216 -125.1129
v -1415.2544 640.0207 -133.8151
v -1412.4077 628.2887 -147.5572
v -1408.5059 607.9605 -146.238
v -1421.5369 610.4301 -143.5407
v -1407.8713 585.1542 -140.0011
v -1419.8486 589.8324 -138.3487
v -1409.6724 567.1569 -132.2977
v -1424.6565 565.5712 -136.863
v -1420.7698 571.3113 -130.6092
v -1408.4485 553.5468 -124.3319
v -1424.655 548.5925 -126.6745
v -1407.7666 543.0968 -116.0971
v -1424.6545 539.1117 -118.6717
v -1424.6599 534.5233 -103.1093
v -1417.5833 631.8416 -133.4972
v -1420.9175 615.1639 -128.4904
v -1420.6052 599.1892 -124.7961
v -1420.928 580.7842 -118.805
v -1421.1548 602.4713 -118.1993
v -1423.7026 601.9091 -115.4529
v -1418.6301 586.0107 -113.5892
v -1423.7026 585.7212 -110.4227
v -1419.406 571.2552 -105.2066
v -1418.4583 559.1663 -95.0342
v -1419.1113 548.908 -82.4513
v -1418.8264 537.9761 -69.0336
v -1418.8433 530.723 -75.3009
v -1403.6694 528.7222 -43.8414
v -1424.6621 534.4767 -98.1136
v -1424.6633 532.1352 -89.7851
v -1411.4514 528.295 -81.2852
v -1424.6638 524.951 -81.8096
v -1410.0479 516.905 -74.5823
v -1424.6519 503.9612 -73.0855
v -1424.6523 505.8299 -78.357
v -1402.8608 503.9197 -53.069
v -1403.1555 527.915 -38.8406
v -1405.7756 523.4097 -38.8406
v -1405.4966 524.2845 -43.5349
v -1408.4875 519.8396 -38.8406
v -1424.6504 498.1826 -56.2868
v -1424.6433 493.0472 -38.8406
v -1418.8381 714.0942 -28.8293
v -1423.7026 713.2729 -24.9059
v -1423.7026 707.8903 -31.7134
v -1418.467 712.4182 -35.2846
v -1423.7024 712.7146 -16.4297
v -1420.6201 715.9261 -18.7362
v -1405.4004 716.6483 -9.6766
v -1414.3523 737.06 -22.49
v -1410.2881 734.6965 -16.8975
v -1416.0527 726.8267 -22.9994
v -1424.6504 750.5581 -21.3771
v -1424.6516 748.5859 -17.9529
v -1419.6462 745.8497 -18.2574
v -1417.4512 748.8301 -26.1984
v -1424.6499 751.2706 -25.1835
v -1413.5164 751.0112 -33.5919
v -1409.1462 751.249 -33.0232
v -1413.3005 750.8521 -29.4917
v -1410.8726 734.2504 -27.1726
v -1416.4937 747.5416 -28.2469
v -1408.5146 723.177 -31.9176
v -1413.0686 725.1865 -27.5279
v -1406.2163 726.2998 -13.3893
v -1414.7974 727.8873 -8.8258
v -1415.1626 702.975 20.3712
v -1423.7024 701.7888 17.2475
v -1404.5396 706.2603 18.2483
v -1418.5408 706.7842 32.3087
v -1408.5554 715.2803 26.4611
v -1419.3167 720.4694 33.265
v -1411.813 724.9234 16.1436
v -1410.4475 729.1293 23.7915
v -1404.7327 716.1539 24.9376
v -1416.1223 743.4656 17.3953
v -1419.2358 740.0405 22.4993
v -1416.1499 737.0482 18.0103
v -1411.0498 736.1348 17.3329
v -1408.7166 730.7518 12.5488
v -1409.4597 739.0536 8.0331
v -1414.7561 739.4854 7.9889
v -1416.9609 746.0709 3.3631
v -1416.0745 745.2733 10.4993
v -1408.8228 731.692 7.0164
v -1408.252 738.0845 0.1751
v -1409.7046 727.7354 4.766
v -1410.1934 721.7987 1.2899
v -1409.1721 730.5298 -3.3601
v -1416.6992 732.5544 -5.2074
v -1414.1074 720.1561 -1.1793
v -1414.6082 732.002 -10.7243
v -1416.9282 736.1926 -9.6349
v -1417.5417 738.8746 -8.1326
v -1404.4658 707.2221 -1.6397
v -1410.5059 719.8471 9.4625
v -1413.9597 717.1431 10.5541
v -1404.0977 704.3617 9.1039
v -1412.8059 741.3156 -13.6135
v -1411.9026 737.6317 -11.3761
v -1424.6494 750.3282 -14.5853
v -1424.6453 752.8772 -8.5505
v -1413.1064 746.0812 -5.3031
v -1414.9019 734.3401 -12.9377
v -1416.0791 738.7756 -9.9802
v -1410.1128 741.8484 21.9747
v -1411.3103 738.8926 24.5763
v -1420.575 739.4653 27.3648
v -1410.2034 739.2291 27.3913
v -1424.6448 744.4618 25.852
v -1411.988 743.1669 23.9933
v -1424.6431 747.0761 19.0639
v -1412.8325 736.0201 31.6124
v -1409.2224 736.1766 32.7434
v -1414.4624 732.4417 36.3793
v -1414.2581 735.4905 41.7614
v -1414.918 733.0749 39.9021
v -1410.2788 736.4015 37.2901
v -1412.4924 739.7018 38.3668
v -1412.3621 739.3465 37.3106
v -1424.6453 742.0087 34.1444
v -1424.644 740.9937 40.0335
v -1420.0823 737.2663 31.6508
v -1421.9185 734.2682 35.7394
v -1422.7412 732.4708 30.8322
v -1423.3484 708.801 57.8327
v -1420.4854 708.2612 58.1296
v -1421.3401 705.5247 60.629
v -1420.1199 706.0068 62.3304
v -1414.2524 710.2723 62.3118
v -1416.1526 711.1382 63.8042
v -1410.561 723.2158 60.2802
v -1414.135 720.6089 62.9886
v -1411.813 715.0352 62.8205
v -1411.521 723.4095 62.0348
v -1409.6443 728.4855 56.3837
v -1409.3113 730.5157 52.4038
v -1411.1128 736.0378 49.1727
v -1413.9888 732.7273 58.9823
v -1408.4365 731.0651 58.0169
v -1413.7415 737.7955 50.5666
v -1424.6382 727.3179 62.9763
v -1413.8499 726.5406 62.1323
v -1424.6387 732.5337 59.5417
v -1411.4297 737.192 49.6772
v -1424.6428 739.4909 46.083
v -1424.6409 738.2648 51.3085
v -1412.5398 722.4904 65.6919
v -1411.0588 708.0209 70.6721
v -1412.6763 710.8159 72.1902
v -1414.1602 704.9064 73.9159
v -1418.783 704.3734 73.617
v -1417.9375 705.5788 75.4603
v -1420.8584 701.8375 76.9523
v -1417.467 708.4121 75.4859
v -1415.7642 712.592 73.7453
v -1420.0198 701.8746 78.6795
v -1412.7122 699.2886 74.6018
v -1414.2285 717.4899 70.5685
v -1411.4036 716.1149 69.4293
v -1415.394 715.4919 77.9214
v -1416.5396 718.8344 77.995
v -1415.6455 714.6287 79.9677
v -1417.7761 697.9465 78.3351
v -1424.6372 695.8196 80.2228
v -1411.9983 693.9066 78.8982
v -1422.9216 728.8563 39.4951
v -1416.635 735.7106 42.4829
v -1415.885 731.6317 46.6285
v -1421.0515 734.3454 40.0132
v -1421.1191 720.1009 51.7692
v -1423.731 716.0351 52.7893
v -1423.9402 723.3174 47.9144
v -1416.1113 703.6937 81.7189
v -1424.6311 702.0583 83.5196
v -1424.635 698.27 81.0201
v -1418.7449 653.9009 73.726
v -1421.917 661.2851 68.716
v -1421.4775 665.5678 75.4156
v -1416.7576 684.3286 70.5735
v -1417.2905 685.2869 68.791
v -1416.2258 690.6684 72.0949
v -1418.1865 662.1728 67.3807
v -1412.2112 656.8625 67.1415
v -1417.7974 656.1855 79.0915
v -1418.1272 633.7274 76.7117
v -1411.8169 664.7414 78.7032
v -1412.0864 668.6874 75.282
v -1409.8757 674.8453 78.4125
v -1408.8257 677.5052 74.8676
v -1410.8135 675.9248 72.798
v -1411.1387 683.321 71.8742
v -1409.314 676.0538 80.1217
v -1410.5212 672.9085 84.1862
v -1410.6367 666.8387 82.3861
v -1412.6538 688.2438 81.5377
v -1411.8645 688.2608 78.1769
v -1412.7031 698.9667 68.253
v -1413.0701 692.0494 69.6948
v -1412.3682 695.9977 65.4748
v -1412.938 691.0834 62.9143
v -1413.8242 684.8698 67.1644
v -1414.4119 684.5714 60.6221
v -1416.0518 665.5962 62.7161
v -1416.4041 667.8814 58.0889
v -1415.1768 675.6937 58.7468
v -1416.9482 675.6057 66.6742
v -1419.2568 668.2777 55.8753
v -1414.5898 663.5024 55.6892
v -1412.6113 693.9718 72.3471
v -1411.4963 682.2676 77.0826
v -1411.647 692.7648 75.5389
v -1412.3079 686.9438 74.2923
v -1410.4253 681.9505 80.139
v -1421.1184 677.4002 54.3657
v -1420.2886 667.8212 53.1998
v -1422.9114 680.1669 45.7046
v -1419.0959 664.0912 46.9109
v -1422.0596 670.5121 35.1215
v -1421.3726 697.0128 59.6463
v -1421.2515 688.1954 56.2808
v -1422.729 693.236 38.0037
v -1423.7024 652.9192 40.8259
v -1423.7026 670.4094 33.1435
v -1415.6567 646.3302 43.7454
v -1423.7024 640.6266 41.4455
v -1411.9414 651.3922 56.5853
v -1411.2227 652.0442 61.0648
v -1417.6113 643.7841 58.2377
v -1411.8418 648.9923 52.4189
v -1415.1094 635.6627 52.8788
v -1411.4329 641.1344 49.6061
v -1411.2944 648.5623 65.2116
v -1410.7297 641.8212 68.3798
v -1421.2388 636.5535 63.4537
v -1413.9487 629.2745 74.8756
v -1413.7507 607.4856 73.6849
v -1424.655 533.311 32.9206
v -1424.6572 532.1003 28.1818
v -1408.3818 537.4437 31.8636
v -1406.9832 540.5398 28.2536
v -1420.0403 543.8361 32.9126
v -1424.6533 607.0572 76.7903
v -1424.6553 583.9242 68.6865
v -1413.1204 633.244 49.5944
v -1415.4993 627.8104 52.8335
v -1423.1616 630.8716 57.1844
v -1423.1819 626.4133 66.0067
v -1418.4438 624.9056 52.7252
v -1420.5906 557.1527 46.2521
v -1421.4023 548.9879 39.2266
v -1415.8137 564.3318 32.9833
v -1418.5686 633.8464 44.6109
v -1421.8127 617.7823 43.602
v -1423.7026 617.6265 41.4806
v -1423.7024 534.7594 -23.912
v -1418.1401 529.972 -24.4454
v -1423.7024 534.1988 -30.5021
v -1410.9995 537.1472 12.7533
v -1416.5068 541.986 10.1257
v -1408.615 540.4485 21.5878
v -1413.0586 511.2854 -0.056
v -1414.8169 507.1353 0.5091
v -1406.6614 508.4569 -4.5148
v -1417.9314 549.5246 24.4912
v -1401.6799 510.6276 -24.6779
v -1407.9836 520.4484 -25.1165
v -1417.7097 516.7203 -11.5437
v -1424.6514 622.2249 81.5757
v -1424.6489 640.1 83.6285
v -1407.366 521.9364 -31.021
v -1409.2061 526.4017 -27.7739
v -1406.9006 501.7796 -32.6493
v -1402.1687 511.2742 -33.2757
v -1424.6499 497.2404 -27.6333
v -1411.3618 495.8994 -34.008
v -1424.6453 494.4482 -30.7579
v -1424.6526 502.721 -8.637
v -1424.6516 500.8706 -11.6744
v -1408.7112 503.8293 -14.43
v -1419.4727 509.7522 4.283
v -1424.6548 509.4149 4.6584
v -1424.6587 514.0679 4.6054
v -1424.6604 515.2352 1.8334
v -1424.6606 514.2759 -2.0237
v -1423.7024 539.7451 -10.1092
v -1408.7505 732.3409 -13.3412
v -1412.1707 741.1838 -10.1461
v -1424.6477 754.0475 -28.1426
v -1412.7563 752.6251 -28.6938
v -1424.6448 757.3727 -30.9192
v -1409.0029 753.4984 -32.8251
v -1415.1926 747.0529 -35.7725
v -1405.5488 735.3129 -34.7628
v -1423.7024 701.3706 10.2349
v -1423.7024 702.842 -4.1544
v -1423.7026 561.1816 15.4128
v -1423.7026 551.3835 3.1292
v -1423.7026 571.1478 24.8967
v -1417.2932 694.7034 24.2012
v -1423.7024 694.212 22.4371
v -1414.6826 729.0902 25.5827
v -1414.2388 738.6525 0.5264
v -1419.7498 743.8958 -3.5418
v -1411.8208 748.0417 2.1366
v -1424.6426 752.7384 -0.1942
v -1411.6111 746.4541 10.5744
v -1424.6406 750.1501 10.1558
v -1411.6328 744.726 17.6786
v -1409.5774 740.0458 29.8924
v -1410.6077 739.7982 33.759
v -1411.4106 737.4706 40.9519
v -1410.364 735.6964 43.3748
v -1424.6448 743.5432 30.1133
v -1424.6438 738.9626 44.8397
v -1410.6042 731.0212 47.4352
v -1415.7288 717.6511 52.2754
v -1412.6799 724.5032 50.6444
v -1408.9302 721.1506 55.7161
v -1414.2056 712.0112 58.468
v -1418.4875 725.8989 50.2189
v -1418.231 713.0093 54.6351
v -1408.6919 718.4053 59.8493
v -1408.1187 729.715 56.7597
v -1409.0044 724.9017 60.0476
v -1410.3567 725.9631 61.0878
v -1412.0969 729.0657 60.7241
v -1409.1499 714.8371 66.4807
v -1414.4338 714.6088 67.0446
v -1424.6372 722.7755 66.7512
v -1418.2495 705.8985 70.9412
v -1417.5759 705.7149 79.2434
v -1418.0691 704.041 67.1884
v -1412.2205 699.67 71.7176
v -1424.6355 718.0375 71.179
v -1424.6345 713.2253 74.3262
v -1424.6353 710.2973 75.1276
v -1424.6321 710.7006 78.5317
v -1424.6311 715.8856 77.0015
v -1415.874 710.9471 79.9022
v -1416.2439 704.8837 80.3542
v -1416.3674 710.3287 82.0592
v -1424.6304 719.3112 76.415
v -1424.6277 721.0225 80.2494
v -1424.6301 722.9571 74.7829
v -1424.6287 724.7625 76.325
v -1424.6306 721.5958 74.7243
v -1424.6279 714.8361 82.5381
v -1424.6287 710.3293 83.7414
v -1417.2695 700.2097 79.3426
v -1420.4993 684.0336 29.269
v -1423.7026 683.6251 27.8879
v -1418.9885 700.0518 64.2302
v -1419.2432 693.8111 61.3917
v -1421.2896 703.1317 62.8462
v -1419.96 686.3511 58.4339
v -1420.3594 676.4958 56.6678
v -1424.6377 689.8141 82.5794
v -1424.6399 681.1929 85.0725
v -1411.3408 679.9208 84.0626
v -1424.6438 670.9607 85.7052
v -1424.6482 663.2702 83.5843
v -1419.5552 661.6185 79.4722
v -1424.6489 657.0801 83.3755
v -1421.6807 676.2079 67.9118
v -1420.8718 674.6376 71.8112
v -1411.4512 647.3552 71.5426
v -1412.7864 661.6341 61.806
v -1415.3977 659.7159 47.4317
v -1415.2544 638.8685 56.134
v -1412.4077 627.0514 69.876
v -1408.5059 606.4504 68.5569
v -1421.5369 608.9363 65.8595
v -1407.8713 583.6758 62.3199
v -1419.8486 588.3074 60.6676
v -1424.6565 564.7139 59.1819
v -1409.6724 566.1951 54.6166
v -1420.7698 570.2064 52.9281
v -1408.4485 553.3901 46.6507
v -1424.655 548.4438 48.9933
v -1424.6545 538.9903 40.9906
v -1407.7666 542.9669 38.4159
v -1424.6599 534.4354 25.4281
v -1417.5833 630.5049 55.816
v -1420.9177 613.551 50.8093
v -1420.6052 597.5253 47.1149
v -1420.928 579.4235 41.1239
v -1421.1548 600.7842 40.5182
v -1423.7026 600.2394 37.7717
v -1418.6301 584.5415 35.9081
v -1423.7026 584.3147 32.7415
v -1419.406 570.4808 27.5255
v -1418.4583 559.0427 17.353
v -1419.1113 548.8221 4.7702
v -1418.8264 537.9451 -8.6476
v -1418.8433 530.6991 -2.3802
v -1403.6694 528.7222 -33.8397
v -1424.6621 534.3972 20.4324
v -1424.6633 532.078 12.1039
v -1411.4514 528.2653 3.6041
v -1424.6638 524.9341 4.1284
v -1410.0479 516.905 -3.0989
v -1424.6519 503.9612 -4.5957
v -1424.6523 505.8299 0.6759
v -1402.8608 503.9197 -24.6121
v -1405.4966 524.2845 -34.1463
v -1424.6504 498.1826 -21.3944
gi 0 0 0 0
gi 0 0 0 0
gi 0 0 0 0
gi 0 0 0 0
gi 0 0 0 0
gi 0 0 0 0
gi 0 0 0 0
gi 0 0 0 0
gi 0 0 0 0
gi 0 0 0 0
gi 0 0 0 0
gi 0 0 0 0
gi 0 0 0 0
gi 0 0 0 0
gi 0 0 0 0
gi 0 0 0 0
gi 0 0 0 0
gi 0 0 0 0
gi 0 0 0 0
gi 0 0 0 0
gi 0 0 0 0
gi 0 0 0 0
gi 0 0 0 0
gi 0 0 0 0
gi 0 0 0 0
gi 0 0 0 0
gi 0 0 0 0
gi 0 0 0 0
gi 0 0 0 0
gi 0 0 0 0
gi 0 0 0 0
gi 0 0 0 0
gi 0 0 0 0
gi 0 0 0 0
gi 0 0 0 0
gi 0 0 0 0
gi 0 0 0 0
gi 0 0 0 0
gi 0 0 0 0
gi 0 0 0 0
gi 0 0 0 0
gi 0 0 0 0
gi 0 0 0 0
gi 0 0 0 0
gi 0 0 0 0
gi 0 0 0 0
gi 0 0 0 0
gi 0 0 0 0
gi 0 0 0 0
gi 0 0 0 0
gi 0 0 0 0
gi 0 0 0 0
gi 0 0 0 0
gi 0 0 0 0
gi 0 0 0 0
gi 0 0 0 0
gi 0 0 0 0
gi 0 0 0 0
gi 0 0 0 0
gi 0 0 0 0
gi 0 0 0 0
gi 0 0 0 0
gi 0 0 0 0
gi 0 0 0 0
gi 0 0 0 0
gi 0 0 0 0
gi 0 0 0 0
gi 0 0 0 0
gi 0 0 0 0
gi 0 0 0 0
gi 0 0 0 0
gi 0 0 0 0
gi 0 0 0 0
gi 0 0 0 0
gi 0 0 0 0
gi 0 0 0 0
gi 0 0 0 0
gi 0 0 0 0
gi 0 0 0 0
gi 0 0 0 0
gi 0 0 0 0
gi 0 0 0 0
gi 0 0 0 0
gi 0 0 0 0
gi 0 0 0 0
gi 0 0 0 0
gi 0 0 0 0
gi 0 0 0 0
gi 0 0 0 0
gi 0 0 0 0
gi 0 0 0 0
gi 0 0 0 0
gi 0 0 0 0
gi 0 0 0 0
gi 0 0 0 0
gi 0 0 0 0
gi 0 0 0 0
gi 0 0 0 0
gi 0 0 0 0
gi 0 0 0 0
gi 0 0 0 0
gi 0 0 0 0
gi 0 0 0 0
gi 0 0 0 0
gi 0 0 0 0
gi 0 0 0 0
gi 0 0 0 0
gi 0 0 0 0
gi 0 0 0 0
gi 0 0 0 0
gi 0 0 0 0
gi 0 0 0 0
gi 0 0 0 0
gi 0 0 0 0
gi 0 0 0 0
gi 0 0 0 0
gi 0 0 0 0
gi 0 0 0 0
gi 0 0 0 0
gi 0 0 0 0
gi 0 0 0 0
gi 0 0 0 0
gi 0 0 0 0
gi 0 0 0 0
gi 0 0 0 0
gi 0 0 0 0
gi 0 0 0 0
gi 0 0 0 0
gi 0 0 0 0
gi 0 0 0 0
gi 0 0 0 0
gi 0 0 0 0
gi 0 0 0 0
gi 0 0 0 0
gi 0 0 0 0
gi 0 0 0 0
gi 0 0 0 0
gi 0 0 0 0
gi 0 0 0 0
gi 0 0 0 0
gi 0 0 0 0
gi 0 0 0 0
gi 0 0 0 0
gi 0 0 0 0
gi 0 0 0 0
gi 0 0 0 0
gi 0 0 0 0
gi 0 0 0 0
gi 0 0 0 0
gi 0 0 0 0
gi 0 0 0 0
gi 0 0 0 0
gi 0 0 0 0
gi 0 0 0 0
gi 0 0 0 0
gi 0 0 0 0
gi 0 0 0 0
gi 0 0 0 0
gi 0 0 0 0
gi 0 0 0 0
gi 0 0 0 0
gi 0 0 0 0
gi 0 0 0 0
gi 0 0 0 0
gi 0 0 0 0
gi 0 0 0 0
gi 0 0 0 0
gi 0 0 0 0
gi 0 0 0 0
gi 0 0 0 0
gi 0 0 0 0
gi 0 0 0 0
gi 0 0 0 0
gi 0 0 0 0
gi 0 0 0 0
gi 0 0 0 0
gi 0 0 0 0
gi 0 0 0 0
gi 0 0 0 0
gi 0 0 0 0
gi 0 0 0 0
gi 0 0 0 0
gi 0 0 0 0
gi 0 0 0 0
gi 0 0 0 0
gi 0 0 0 0
gi 0 0 0 0
gi 0 0 0 0
gi 0 0 0 0
gi 0 0 0 0
gi 0 0 0 0
gi 0 0 0 0
gi 0 0 0 0
gi 0 0 0 0
gi 0 0 0 0
gi 0 0 0 0
gi 0 0 0 0
gi 0 0 0 0
gi 0 0 0 0
gi 0 0 0 0
gi 0 0 0 0
gi 0 0 0 0
gi 0 0 0 0
gi 0 0 0 0
gi 0 0 0 0
gi 0 0 0 0
gi 0 0 0 0
gi 0 0 0 0
gi 0 0 0 0
gi 0 0 0 0
gi 0 0 0 0
gi 0 0 0 0
gi 0 0 0 0
gi 0 0 0 0
gi 0 0 0 0
gi 0 0 0 0
gi 0 0 0 0
gi 0 0 0 0
gi 0 0 0 0
gi 0 0 0 0
gi 0 0 0 0
gi 0 0 0 0
gi 0 0 0 0
gi 0 0 0 0
gi 0 0 0 0
gi 0 0 0 0
gi 0 0 0 0
gi 0 0 0 0
gi 0 0 0 0
gi 0 0 0 0
gi 0 0 0 0
gi 0 0 0 0
gi 0 0 0 0
gi 0 0 0 0
gi 0 0 0 0
gi 0 0 0 0
gi 0 0 0 0
gi 0 0 0 0
gi 0 0 0 0
gi 0 0 0 0
gi 0 0 0 0
gi 0 0 0 0
gi 0 0 0 0
gi 0 0 0 0
gi 0 0 0 0
gi 0 0 0 0
gi 0 0 0 0
gi 0 0 0 0
gi 0 0 0 0
gi 0 0 0 0
gi 0 0 0 0
gi 0 0 0 0
gi 0 0 0 0
gi 0 0 0 0
gi 0 0 0 0
gi 0 0 0 0
gi 0 0 0 0
gi 0 0 0 0
gi 0 0 0 0
gi 0 0 0 0
gi 0 0 0 0
gi 0 0 0 0
gi 0 0 0 0
gi 0 0 0 0
gi 0 0 0 0
gi 0 0 0 0
gi 0 0 0 0
gi 0 0 0 0
gi 0 0 0 0
gi 0 0 0 0
gi 0 0 0 0
gi 0 0 0 0
gi 0 0 0 0
gi 0 0 0 0
gi 0 0 0 0
gi 0 0 0 0
gi 0 0 0 0
gi 0 0 0 0
gi 0 0 0 0
gi 0 0 0 0
gi 0 0 0 0
gi 0 0 0 0
gi 0 0 0 0
gi 0 0 0 0
gi 0 0 0 0
gi 0 0 0 0
gi 0 0 0 0
gi 0 0 0 0
gi 0 0 0 0
gi 0 0 0 0
gi 0 0 0 0
gi 0 0 0 0
gi 0 0 0 0
gi 0 0 0 0
gi 0 0 0 0
gi 0 0 0 0
gi 0 0 0 0
gi 0 0 0 0
gi 0 0 0 0
gi 0 0 0 0
gi 0 0 0 0
gi 0 0 0 0
gi 0 0 0 0
gi 0 0 0 0
gi 0 0 0 0
gi 0 0 0 0
gi 0 0 0 0
gi 0 0 0 0
gi 0 0 0 0
gi 0 0 0 0
gi 0 0 0 0
gi 0 0 0 0
gi 0 0 0 0
gi 0 0 0 0
gi 0 0 0 0
gi 0 0 0 0
gi 0 0 0 0
gi 0 0 0 0
gi 0 0 0 0
gi 0 0 0 0
gi 0 0 0 0
gi 0 0 0 0
gi 0 0 0 0
gi 0 0 0 0
gi 0 0 0 0
gi 0 0 0 0
gi 0 0 0 0
gi 0 0 0 0
gi 0 0 0 0
gi 0 0 0 0
gi 0 0 0 0
gi 0 0 0 0
gi 0 0 0 0
gi 0 0 0 0
gi 0 0 0 0
gi 0 0 0 0
gi 0 0 0 0
gi 0 0 0 0
gi 0 0 0 0
gi 0 0 0 0
gi 0 0 0 0
gi 0 0 0 0
gi 0 0 0 0
gi 0 0 0 0
gi 0 0 0 0
gi 0 0 0 0
gi 0 0 0 0
gi 0 0 0 0
gi 0 0 0 0
gi 0 0 0 0
gi 0 0 0 0
gi 0 0 0 0
gi 0 0 0 0
gi 0 0 0 0
gi 0 0 0 0
gi 0 0 0 0
gi 0 0 0 0
gi 0 0 0 0
gi 0 0 0 0
gi 0 0 0 0
gi 0 0 0 0
gi 0 0 0 0
gi 0 0 0 0
gi 0 0 0 0
gi 0 0 0 0
gi 0 0 0 0
gi 0 0 0 0
gi 0 0 0 0
gi 0 0 0 0
gi 0 0 0 0
gi 0 0 0 0
gi 0 0 0 0
gi 0 0 0 0
gi 0 0 0 0
gi 0 0 0 0
gi 0 0 0 0
gi 0 0 0 0
gi 0 0 0 0
gi 0 0 0 0
gi 0 0 0 0
gi 0 0 0 0
gi 0 0 0 0
gi 0 0 0 0
gi 0 0 0 0
gi 0 0 0 0
gi 0 0 0 0
gi 0 0 0 0
gi 0 0 0 0
gi 0 0 0 0
gi 0 0 0 0
gi 0 0 0 0
gi 0 0 0 0
gi 0 0 0 0
gi 0 0 0 0
gi 0 0 0 0
gi 0 0 0 0
gi 0 0 0 0
gi 0 0 0 0
gi 0 0 0 0
gi 0 0 0 0
gi 0 0 0 0
gi 0 0 0 0
gi 0 0 0 0
gi 0 0 0 0
gi 0 0 0 0
gi 0 0 0 0
gi 0 0 0 0
gi 0 0 0 0
gi 0 0 0 0
gi 0 0 0 0
gi 0 0 0 0
gi 0 0 0 0
gi 0 0 0 0
gi 0 0 0 0
gi 0 0 0 0
gi 0 0 0 0
gi 0 0 0 0
gi 0 0 0 0
gi 0 0 0 0
gi 0 0 0 0
gi 0 0 0 0
gi 0 0 0 0
gi 0 0 0 0
gi 0 0 0 0
gi 0 0 0 0
gi 0 0 0 0
gi 0 0 0 0
gi 0 0 0 0
gi 0 0 0 0
gi 0 0 0 0
gi 0 0 0 0
gi 0 0 0 0
gi 0 0 0 0
gi 0 0 0 0
gi 0 0 0 0
gi 0 0 0 0
gi 0 0 0 0
gi 0 0 0 0
gi 0 0 0 0
gi 0 0 0 0
gi 0 0 0 0
gi 0 0 0 0
gi 0 0 0 0
gi 0 0 0 0
gi 0 0 0 0
gi 0 0 0 0
gi 0 0 0 0
gi 0 0 0 0
gi 0 0 0 0
gi 0 0 0 0
gi 0 0 0 0
gi 0 0 0 0
gi 0 0 0 0
gi 0 0 0 0
gi 0 0 0 0
gi 0 0 0 0
gi 0 0 0 0
gi 0 0 0 0
gi 0 0 0 0
gi 0 0 0 0
gi 0 0 0 0
gi 0 0 0 0
gi 0 0 0 0
gi 0 0 0 0
gi 0 0 0 0
gi 0 0 0 0
gi 0 0 0 0
gi 0 0 0 0
gi 0 0 0 0
gi 0 0 0 0
gi 0 0 0 0
gi 0 0 0 0
gi 0 0 0 0
gi 0 0 0 0
gi 0 0 0 0
gi 0 0 0 0
gi 0 0 0 0
gi 0 0 0 0
gi 0 0 0 0
gi 0 0 0 0
gi 0 0 0 0
gi 0 0 0 0
gi 0 0 0 0
gi 0 0 0 0
gi 0 0 0 0
gi 0 0 0 0
gi 0 0 0 0
gi 0 0 0 0
gi 0 0 0 0
gi 0 0 0 0
gi 0 0 0 0
gi 0 0 0 0
gi 0 0 0 0
gi 0 0 0 0
gi 0 0 0 0
gi 0 0 0 0
gi 0 0 0 0
gi 0 0 0 0
gi 0 0 0 0
gi 0 0 0 0
gi 0 0 0 0
gi 0 0 0 0
gi 0 0 0 0
gi 0 0 0 0
gi 0 0 0 0
gi 0 0 0 0
gi 0 0 0 0
gi 0 0 0 0
gi 0 0 0 0
gi 0 0 0 0
gi 0 0 0 0
gi 0 0 0 0
gi 0 0 0 0
gi 0 0 0 0
gi 0 0 0 0
gi 0 0 0 0
gi 0 0 0 0
gi 0 0 0 0
gi 0 0 0 0
gi 0 0 0 0
gi 0 0 0 0
gi 0 0 0 0
gi 0 0 0 0
gi 0 0 0 0
gi 0 0 0 0
gi 0 0 0 0
gi 0 0 0 0
gi 0 0 0 0
gi 0 0 0 0
gi 0 0 0 0
gi 0 0 0 0
gi 0 0 0 0
gi 0 0 0 0
gi 0 0 0 0
gi 0 0 0 0
gi 0 0 0 0
gi 0 0 0 0
gi 0 0 0 0
gi 0 0 0 0
gi 0 0 0 0
gi 0 0 0 0
gi 0 0 0 0
gi 0 0 0 0
gi 0 0 0 0
gi 0 0 0 0
gi 0 0 0 0
gi 0 0 0 0
gi 0 0 0 0
gi 0 0 0 0
gi 0 0 0 0
gi 0 0 0 0
gi 0 0 0 0
gi 0 0 0 0
gi 0 0 0 0
gi 0 0 0 0
gi 0 0 0 0
gi 0 0 0 0
gi 0 0 0 0
gi 0 0 0 0
gi 0 0 0 0
gi 0 0 0 0
gi 0 0 0 0
gi 0 0 0 0
gi 0 0 0 0
gi 0 0 0 0
gi 0 0 0 0
gi 0 0 0 0
gi 0 0 0 0
gi 0 0 0 0
gi 0 0 0 0
gi 0 0 0 0
gi 0 0 0 0
gi 0 0 0 0
gi 0 0 0 0
gi 0 0 0 0
gi 0 0 0 0
gi 0 0 0 0
gi 0 0 0 0
gi 0 0 0 0
gi 0 0 0 0
gi 0 0 0 0
gi 0 0 0 0
gi 0 0 0 0
gi 0 0 0 0
gi 0 0 0 0
gi 0 0 0 0
gi 0 0 0 0
gi 0 0 0 0
gi 0 0 0 0
gi 0 0 0 0
gi 0 0 0 0
gi 0 0 0 0
gi 0 0 0 0
gi 0 0 0 0
gi 0 0 0 0
gi 0 0 0 0
gi 0 0 0 0
gi 0 0 0 0
gi 0 0 0 0
gi 0 0 0 0
gi 0 0 0 0
gi 0 0 0 0
gi 0 0 0 0
gi 0 0 0 0
gi 0 0 0 0
gi 0 0 0 0
gi 0 0 0 0
gi 0 0 0 0
gi 0 0 0 0
gi 0 0 0 0
gi 0 0 0 0
gi 0 0 0 0
gi 0 0 0 0
gi 0 0 0 0
gi 0 0 0 0
gi 0 0 0 0
gi 0 0 0 0
gi 0 0 0 0
gi 0 0 0 0
gi 0 0 0 0
gi 0 0 0 0
gi 0 0 0 0
gi 0 0 0 0
gi 0 0 0 0
gi 0 0 0 0
gi 0 0 0 0
gi 0 0 0 0
gi 0 0 0 0
gi 0 0 0 0
gi 0 0 0 0
gi 0 0 0 0
gi 0 0 0 0
gi 0 0 0 0
gi 0 0 0 0
gi 0 0 0 0
gi 0 0 0 0
gi 0 0 0 0
gi 0 0 0 0
gi 0 0 0 0
gi 0 0 0 0
gi 0 0 0 0
gi 0 0 0 0
gi 0 0 0 0
gi 0 0 0 0
gi 0 0 0 0
gi 0 0 0 0
gi 0 0 0 0
gi 0 0 0 0
gi 0 0 0 0
gi 0 0 0 0
gi 0 0 0 0
gi 0 0 0 0
gi 0 0 0 0
gi 0 0 0 0
gi 0 0 0 0
gi 0 0 0 0
gi 0 0 0 0
gi 0 0 0 0
gi 0 0 0 0
gi 0 0 0 0
gi 0 0 0 0
gi 0 0 0 0
gi 0 0 0 0
gi 0 0 0 0
gi 0 0 0 0
gi 0 0 0 0
gi 0 0 0 0
gi 0 0 0 0
gi 0 0 0 0
gi 0 0 0 0
gi 0 0 0 0
gi 0 0 0 0
gi 0 0 0 0
gi 0 0 0 0
gi 0 0 0 0
gi 0 0 0 0
gi 0 0 0 0
gi 0 0 0 0
gi 0 0 0 0
gi 0 0 0 0
gi 0 0 0 0
gi 0 0 0 0
gi 0 0 0 0
gi 0 0 0 0
gi 0 0 0 0
gi 0 0 0 0
gi 0 0 0 0
gi 0 0 0 0
gi 0 0 0 0
gi 0 0 0 0
gi 0 0 0 0
gi 0 0 0 0
gi 0 0 0 0
gi 0 0 0 0
gi 0 0 0 0
gi 0 0 0 0
gi 0 0 0 0
gi 0 0 0 0
gi 0 0 0 0
gi 0 0 0 0
gi 0 0 0 0
gi 0 0 0 0
gi 0 0 0 0
gi 0 0 0 0
gi 0 0 0 0
gi 0 0 0 0
gi 0 0 0 0
gi 0 0 0 0
gi 0 0 0 0
gi 0 0 0 0
gi 0 0 0 0
gi 0 0 0 0
gi 0 0 0 0
gi 0 0 0 0
gi 0 0 0 0
gi 0 0 0 0
gi 0 0 0 0
gi 0 0 0 0
gi 0 0 0 0
gi 0 0 0 0
gi 0 0 0 0
gi 0 0 0 0
gi 0 0 0 0
gi 0 0 0 0
gi 0 0 0 0
gi 0 0 0 0
gi 0 0 0 0
gi 0 0 0 0
gi 0 0 0 0
gi 0 0 0 0
gi 0 0 0 0
gi 0 0 0 0
gi 0 0 0 0
gi 0 0 0 0
gi 0 0 0 0
gi 0 0 0 0
gi 0 0 0 0
gi 0 0 0 0
gi 0 0 0 0
gi 0 0 0 0
gi 0 0 0 0
gi 0 0 0 0
gi 0 0 0 0
gi 0 0 0 0
gi 0 0 0 0
gi 0 0 0 0
gi 0 0 0 0
gw 0.0 0.0 0.0 0.0
gw 0.0 0.0 0.0 0.0
gw 0.0 0.0 0.0 0.0
gw 0.0 0.0 0.0 0.0
gw 0.0 0.0 0.0 0.0
gw 0.0 0.0 0.0 0.0
gw 0.0 0.0 0.0 0.0
gw 0.0 0.0 0.0 0.0
gw 0.0 0.0 0.0 0.0
gw 0.0 0.0 0.0 0.0
gw 0.0 0.0 0.0 0.0
gw 0.0 0.0 0.0 0.0
gw 0.0 0.0 0.0 0.0
gw 0.0 0.0 0.0 0.0
gw 0.0 0.0 0.0 0.0
gw 0.0 0.0 0.0 0.0
gw 0.0 0.0 0.0 0.0
gw 0.0 0.0 0.0 0.0
gw 0.0 0.0 0.0 0.0
gw 0.0 0.0 0.0 0.0
gw 0.0 0.0 0.0 0.0
gw 0.0 0.0 0.0 0.0
gw 0.0 0.0 0.0 0.0
gw 0.0 0.0 0.0 0.0
gw 0.0 0.0 0.0 0.0
gw 0.0 0.0 0.0 0.0
gw 0.0 0.0 0.0 0.0
gw 0.0 0.0 0.0 0.0
gw 0.0 0.0 0.0 0.0
gw 0.0 0.0 0.0 0.0
gw 0.0 0.0 0.0 0.0
gw 0.0 0.0 0.0 0.0
gw 0.0 0.0 0.0 0.0
gw 0.0 0.0 0.0 0.0
gw 0.0 0.0 0.0 0.0
gw 0.0 0.0 0.0 0.0
gw 0.0 0.0 0.0 0.0
gw 0.0 0.0 0.0 0.0
gw 0.0 0.0 0.0 0.0
gw 0.0 0.0 0.0 0.0
gw 0.0 0.0 0.0 0.0
gw 0.0 0.0 0.0 0.0
gw 0.0 0.0 0.0 0.0
gw 0.0 0.0 0.0 0.0
gw 0.0 0.0 0.0 0.0
gw 0.0 0.0 0.0 0.0
gw 0.0 0.0 0.0 0.0
gw 0.0 0.0 0.0 0.0
gw 0.0 0.0 0.0 0.0
gw 0.0 0.0 0.0 0.0
gw 0.0 0.0 0.0 0.0
gw 0.0 0.0 0.0 0.0
gw 0.0 0.0 0.0 0.0
gw 0.0 0.0 0.0 0.0
gw 0.0 0.0 0.0 0.0
gw 0.0 0.0 0.0 0.0
gw 0.0 0.0 0.0 0.0
gw 0.0 0.0 0.0 0.0
gw 0.0 0.0 0.0 0.0
gw 0.0 0.0 0.0 0.0
gw 0.0 0.0 0.0 0.0
gw 0.0 0.0 0.0 0.0
gw 0.0 0.0 0.0 0.0
gw 0.0 0.0 0.0 0.0
gw 0.0 0.0 0.0 0.0
gw 0.0 0.0 0.0 0.0
gw 0.0 0.0 0.0 0.0
gw 0.0 0.0 0.0 0.0
gw 0.0 0.0 0.0 0.0
gw 0.0 0.0 0.0 0.0
gw 0.0 0.0 0.0 0.0
gw 0.0 0.0 0.0 0.0
gw 0.0 0.0 0.0 0.0
gw 0.0 0.0 0.0 0.0
gw 0.0 0.0 0.0 0.0
gw 0.0 0.0 0.0 0.0
gw 0.0 0.0 0.0 0.0
gw 0.0 0.0 0.0 0.0
gw 0.0 0.0 0.0 0.0
gw 0.0 0.0 0.0 0.0
gw 0.0 0.0 0.0 0.0
gw 0.0 0.0 0.0 0.0
gw 0.0 0.0 0.0 0.0
gw 0.0 0.0 0.0 0.0
gw 0.0 0.0 0.0 0.0
gw 0.0 0.0 0.0 0.0
gw 0.0 0.0 0.0 0.0
gw 0.0 0.0 0.0 0.0
gw 0.0 0.0 0.0 0.0
gw 0.0 0.0 0.0 0.0
gw 0.0 0.0 0.0 0.0
gw 0.0 0.0 0.0 0.0
gw 0.0 0.0 0.0 0.0
gw 0.0 0.0 0.0 0.0
gw 0.0 0.0 0.0 0.0
gw 0.0 0.0 0.0 0.0
gw 0.0 0.0 0.0 0.0
gw 0.0 0.0 0.0 0.0
gw 0.0 0.0 0.0 0.0
gw 0.0 0.0 0.0 0.0
gw 0.0 0.0 0.0 0.0
gw 0.0 0.0 0.0 0.0
gw 0.0 0.0 0.0 0.0
gw 0.0 0.0 0.0 0.0
gw 0.0 0.0 0.0 0.0
gw 0.0 0.0 0.0 0.0
gw 0.0 0.0 0.0 0.0
gw 0.0 0.0 0.0 0.0
gw 0.0 0.0 0.0 0.0
gw 0.0 0.0 0.0 0.0
gw 0.0 0.0 0.0 0.0
gw 0.0 0.0 0.0 0.0
gw 0.0 0.0 0.0 0.0
gw 0.0 0.0 0.0 0.0
gw 0.0 0.0 0.0 0.0
gw 0.0 0.0 0.0 0.0
gw 0.0 0.0 0.0 0.0
gw 0.0 0.0 0.0 0.0
gw 0.0 0.0 0.0 0.0
gw 0.0 0.0 0.0 0.0
gw 0.0 0.0 0.0 0.0
gw 0.0 0.0 0.0 0.0
gw 0.0 0.0 0.0 0.0
gw 0.0 0.0 0.0 0.0
gw 0.0 0.0 0.0 0.0
gw 0.0 0.0 0.0 0.0
gw 0.0 0.0 0.0 0.0
gw 0.0 0.0 0.0 0.0
gw 0.0 0.0 0.0 0.0
gw 0.0 0.0 0.0 0.0
gw 0.0 0.0 0.0 0.0
gw 0.0 0.0 0.0 0.0
gw 0.0 0.0 0.0 0.0
gw 0.0 0.0 0.0 0.0
gw 0.0 0.0 0.0 0.0
gw 0.0 0.0 0.0 0.0
gw 0.0 0.0 0.0 0.0
gw 0.0 0.0 0.0 0.0
gw 0.0 0.0 0.0 0.0
gw 0.0 0.0 0.0 0.0
gw 0.0 0.0 0.0 0.0
gw 0.0 0.0 0.0 0.0
gw 0.0 0.0 0.0 0.0
gw 0.0 0.0 0.0 0.0
gw 0.0 0.0 0.0 0.0
gw 0.0 0.0 0.0 0.0
gw 0.0 0.0 0.0 0.0
gw 0.0 0.0 0.0 0.0
gw 0.0 0.0 0.0 0.0
gw 0.0 0.0 0.0 0.0
gw 0.0 0.0 0.0 0.0
gw 0.0 0.0 0.0 0.0
gw 0.0 0.0 0.0 0.0
gw 0.0 0.0 0.0 0.0
gw 0.0 0.0 0.0 0.0
gw 0.0 0.0 0.0 0.0
gw 0.0 0.0 0.0 0.0
gw 0.0 0.0 0.0 0.0
gw 0.0 0.0 0.0 0.0
gw 0.0 0.0 0.0 0.0
gw 0.0 0.0 0.0 0.0
gw 0.0 0.0 0.0 0.0
gw 0.0 0.0 0.0 0.0
gw 0.0 0.0 0.0 0.0
gw 0.0 0.0 0.0 0.0
gw 0.0 0.0 0.0 0.0
gw 0.0 0.0 0.0 0.0
gw 0.0 0.0 0.0 0.0
gw 0.0 0.0 0.0 0.0
gw 0.0 0.0 0.0 0.0
gw 0.0 0.0 0.0 0.0
gw 0.0 0.0 0.0 0.0
gw 0.0 0.0 0.0 0.0
gw 0.0 0.0 0.0 0.0
gw 0.0 0.0 0.0 0.0
gw 0.0 0.0 0.0 0.0
gw 0.0 0.0 0.0 0.0
gw 0.0 0.0 0.0 0.0
gw 0.0 0.0 0.0 0.0
gw 0.0 0.0 0.0 0.0
gw 0.0 0.0 0.0 0.0
gw 0.0 0.0 0.0 0.0
gw 0.0 0.0 0.0 0.0
gw 0.0 0.0 0.0 0.0
gw 0.0 0.0 0.0 0.0
gw 0.0 0.0 0.0 0.0
gw 0.0 0.0 0.0 0.0
gw 0.0 0.0 0.0 0.0
gw 0.0 0.0 0.0 0.0
gw 0.0 0.0 0.0 0.0
gw 0.0 0.0 0.0 0.0
gw 0.0 0.0 0.0 0.0
gw 0.0 0.0 0.0 0.0
gw 0.0 0.0 0.0 0.0
gw 0.0 0.0 0.0 0.0
gw 0.0 0.0 0.0 0.0
gw 0.0 0.0 0.0 0.0
gw 0.0 0.0 0.0 0.0
gw 0.0 0.0 0.0 0.0
gw 0.0 0.0 0.0 0.0
gw 0.0 0.0 0.0 0.0
gw 0.0 0.0 0.0 0.0
gw 0.0 0.0 0.0 0.0
gw 0.0 0.0 0.0 0.0
gw 0.0 0.0 0.0 0.0
gw 0.0 0.0 0.0 0.0
gw 0.0 0.0 0.0 0.0
gw 0.0 0.0 0.0 0.0
gw 0.0 0.0 0.0 0.0
gw 0.0 0.0 0.0 0.0
gw 0.0 0.0 0.0 0.0
gw 0.0 0.0 0.0 0.0
gw 0.0 0.0 0.0 0.0
gw 0.0 0.0 0.0 0.0
gw 0.0 0.0 0.0 0.0
gw 0.0 0.0 0.0 0.0
gw 0.0 0.0 0.0 0.0
gw 0.0 0.0 0.0 0.0
gw 0.0 0.0 0.0 0.0
gw 0.0 0.0 0.0 0.0
gw 0.0 0.0 0.0 0.0
gw 0.0 0.0 0.0 0.0
gw 0.0 0.0 0.0 0.0
gw 0.0 0.0 0.0 0.0
gw 0.0 0.0 0.0 0.0
gw 0.0 0.0 0.0 0.0
gw 0.0 0.0 0.0 0.0
gw 0.0 0.0 0.0 0.0
gw 0.0 0.0 0.0 0.0
gw 0.0 0.0 0.0 0.0
gw 0.0 0.0 0.0 0.0
gw 0.0 0.0 0.0 0.0
gw 0.0 0.0 0.0 0.0
gw 0.0 0.0 0.0 0.0
gw 0.0 0.0 0.0 0.0
gw 0.0 0.0 0.0 0.0
gw 0.0 0.0 0.0 0.0
gw 0.0 0.0 0.0 0.0
gw 0.0 0.0 0.0 0.0
gw 0.0 0.0 0.0 0.0
gw 0.0 0.0 0.0 0.0
gw 0.0 0.0 0.0 0.0
gw 0.0 0.0 0.0 0.0
gw 0.0 0.0 0.0 0.0
gw 0.0 0.0 0.0 0.0
gw 0.0 0.0 0.0 0.0
gw 0.0 0.0 0.0 0.0
gw 0.0 0.0 0.0 0.0
gw 0.0 0.0 0.0 0.0
gw 0.0 0.0 0.0 0.0
gw 0.0 0.0 0.0 0.0
gw 0.0 0.0 0.0 0.0
gw 0.0 0.0 0.0 0.0
gw 0.0 0.0 0.0 0.0
gw 0.0 0.0 0.0 0.0
gw 0.0 0.0 0.0 0.0
gw 0.0 0.0 0.0 0.0
gw 0.0 0.0 0.0 0.0
gw 0.0 0.0 0.0 0.0
gw 0.0 0.0 0.0 0.0
gw 0.0 0.0 0.0 0.0
gw 0.0 0.0 0.0 0.0
gw 0.0 0.0 0.0 0.0
gw 0.0 0.0 0.0 0.0
gw 0.0 0.0 0.0 0.0
gw 0.0 0.0 0.0 0.0
gw 0.0 0.0 0.0 0.0
gw 0.0 0.0 0.0 0.0
gw 0.0 0.0 0.0 0.0
gw 0.0 0.0 0.0 0.0
gw 0.0 0.0 0.0 0.0
gw 0.0 0.0 0.0 0.0
gw 0.0 0.0 0.0 0.0
gw 0.0 0.0 0.0 0.0
gw 0.0 0.0 0.0 0.0
gw 0.0 0.0 0.0 0.0
gw 0.0 0.0 0.0 0.0
gw 0.0 0.0 0.0 0.0
gw 0.0 0.0 0.0 0.0
gw 0.0 0.0 0.0 0.0
gw 0.0 0.0 0.0 0.0
gw 0.0 0.0 0.0 0.0
gw 0.0 0.0 0.0 0.0
gw 0.0 0.0 0.0 0.0
gw 0.0 0.0 0.0 0.0
gw 0.0 0.0 0.0 0.0
gw 0.0 0.0 0.0 0.0
gw 0.0 0.0 0.0 0.0
gw 0.0 0.0 0.0 0.0
gw 0.0 0.0 0.0 0.0
gw 0.0 0.0 0.0 0.0
gw 0.0 0.0 0.0 0.0
gw 0.0 0.0 0.0 0.0
gw 0.0 0.0 0.0 0.0
gw 0.0 0.0 0.0 0.0
gw 0.0 0.0 0.0 0.0
gw 0.0 0.0 0.0 0.0
gw 0.0 0.0 0.0 0.0
gw 0.0 0.0 0.0 0.0
gw 0.0 0.0 0.0 0.0
gw 0.0 0.0 0.0 0.0
gw 0.0 0.0 0.0 0.0
gw 0.0 0.0 0.0 0.0
gw 0.0 0.0 0.0 0.0
gw 0.0 0.0 0.0 0.0
gw 0.0 0.0 0.0 0.0
gw 0.0 0.0 0.0 0.0
gw 0.0 0.0 0.0 0.0
gw 0.0 0.0 0.0 0.0
gw 0.0 0.0 0.0 0.0
gw 0.0 0.0 0.0 0.0
gw 0.0 0.0 0.0 0.0
gw 0.0 0.0 0.0 0.0
gw 0.0 0.0 0.0 0.0
gw 0.0 0.0 0.0 0.0
gw 0.0 0.0 0.0 0.0
gw 0.0 0.0 0.0 0.0
gw 0.0 0.0 0.0 0.0
gw 0.0 0.0 0.0 0.0
gw 0.0 0.0 0.0 0.0
gw 0.0 0.0 0.0 0.0
gw 0.0 0.0 0.0 0.0
gw 0.0 0.0 0.0 0.0
gw 0.0 0.0 0.0 0.0
gw 0.0 0.0 0.0 0.0
gw 0.0 0.0 0.0 0.0
gw 0.0 0.0 0.0 0.0
gw 0.0 0.0 0.0 0.0
gw 0.0 0.0 0.0 0.0
gw 0.0 0.0 0.0 0.0
gw 0.0 0.0 0.0 0.0
gw 0.0 0.0 0.0 0.0
gw 0.0 0.0 0.0 0.0
gw 0.0 0.0 0.0 0.0
gw 0.0 0.0 0.0 0.0
gw 0.0 0.0 0.0 0.0
gw 0.0 0.0 0.0 0.0
gw 0.0 0.0 0.0 0.0
gw 0.0 0.0 0.0 0.0
gw 0.0 0.0 0.0 0.0
gw 0.0 0.0 0.0 0.0
gw 0.0 0.0 0.0 0.0
gw 0.0 0.0 0.0 0.0
gw 0.0 0.0 0.0 0.0
gw 0.0 0.0 0.0 0.0
gw 0.0 0.0 0.0 0.0
gw 0.0 0.0 0.0 0.0
gw 0.0 0.0 0.0 0.0
gw 0.0 0.0 0.0 0.0
gw 0.0 0.0 0.0 0.0
gw 0.0 0.0 0.0 0.0
gw 0.0 0.0 0.0 0.0
gw 0.0 0.0 0.0 0.0
gw 0.0 0.0 0.0 0.0
gw 0.0 0.0 0.0 0.0
gw 0.0 0.0 0.0 0.0
gw 0.0 0.0 0.0 0.0
gw 0.0 0.0 0.0 0.0
gw 0.0 0.0 0.0 0.0
gw 0.0 0.0 0.0 0.0
gw 0.0 0.0 0.0 0.0
gw 0.0 0.0 0.0 0.0
gw 0.0 0.0 0.0 0.0
gw 0.0 0.0 0.0 0.0
gw 0.0 0.0 0.0 0.0
gw 0.0 0.0 0.0 0.0
gw 0.0 0.0 0.0 0.0
gw 0.0 0.0 0.0 0.0
gw 0.0 0.0 0.0 0.0
gw 0.0 0.0 0.0 0.0
gw 0.0 0.0 0.0 0.0
gw 0.0 0.0 0.0 0.0
gw 0.0 0.0 0.0 0.0
gw 0.0 0.0 0.0 0.0
gw 0.0 0.0 0.0 0.0
gw 0.0 0.0 0.0 0.0
gw 0.0 0.0 0.0 0.0
gw 0.0 0.0 0.0 0.0
gw 0.0 0.0 0.0 0.0
gw 0.0 0.0 0.0 0.0
gw 0.0 0.0 0.0 0.0
gw 0.0 0.0 0.0 0.0
gw 0.0 0.0 0.0 0.0
gw 0.0 0.0 0.0 0.0
gw 0.0 0.0 0.0 0.0
gw 0.0 0.0 0.0 0.0
gw 0.0 0.0 0.0 0.0
gw 0.0 0.0 0.0 0.0
gw 0.0 0.0 0.0 0.0
gw 0.0 0.0 0.0 0.0
gw 0.0 0.0 0.0 0.0
gw 0.0 0.0 0.0 0.0
gw 0.0 0.0 0.0 0.0
gw 0.0 0.0 0.0 0.0
gw 0.0 0.0 0.0 0.0
gw 0.0 0.0 0.0 0.0
gw 0.0 0.0 0.0 0.0
gw 0.0 0.0 0.0 0.0
gw 0.0 0.0 0.0 0.0
gw 0.0 0.0 0.0 0.0
gw 0.0 0.0 0.0 0.0
gw 0.0 0.0 0.0 0.0
gw 0.0 0.0 0.0 0.0
gw 0.0 0.0 0.0 0.0
gw 0.0 0.0 0.0 0.0
gw 0.0 0.0 0.0 0.0
gw 0.0 0.0 0.0 0.0
gw 0.0 0.0 0.0 0.0
gw 0.0 0.0 0.0 0.0
gw 0.0 0.0 0.0 0.0
gw 0.0 0.0 0.0 0.0
gw 0.0 0.0 0.0 0.0
gw 0.0 0.0 0.0 0.0
gw 0.0 0.0 0.0 0.0
gw 0.0 0.0 0.0 0.0
gw 0.0 0.0 0.0 0.0
gw 0.0 0.0 0.0 0.0
gw 0.0 0.0 0.0 0.0
gw 0.0 0.0 0.0 0.0
gw 0.0 0.0 0.0 0.0
gw 0.0 0.0 0.0 0.0
gw 0.0 0.0 0.0 0.0
gw 0.0 0.0 0.0 0.0
gw 0.0 0.0 0.0 0.0
gw 0.0 0.0 0.0 0.0
gw 0.0 0.0 0.0 0.0
gw 0.0 0.0 0.0 0.0
gw 0.0 0.0 0.0 0.0
gw 0.0 0.0 0.0 0.0
gw 0.0 0.0 0.0 0.0
gw 0.0 0.0 0.0 0.0
gw 0.0 0.0 0.0 0.0
gw 0.0 0.0 0.0 0.0
gw 0.0 0.0 0.0 0.0
gw 0.0 0.0 0.0 0.0
gw 0.0 0.0 0.0 0.0
gw 0.0 0.0 0.0 0.0
gw 0.0 0.0 0.0 0.0
gw 0.0 0.0 0.0 0.0
gw 0.0 0.0 0.0 0.0
gw 0.0 0.0 0.0 0.0
gw 0.0 0.0 0.0 0.0
gw 0.0 0.0 0.0 0.0
gw 0.0 0.0 0.0 0.0
gw 0.0 0.0 0.0 0.0
gw 0.0 0.0 0.0 0.0
gw 0.0 0.0 0.0 0.0
gw 0.0 0.0 0.0 0.0
gw 0.0 0.0 0.0 0.0
gw 0.0 0.0 0.0 0.0
gw 0.0 0.0 0.0 0.0
gw 0.0 0.0 0.0 0.0
gw 0.0 0.0 0.0 0.0
gw 0.0 0.0 0.0 0.0
gw 0.0 0.0 0.0 0.0
gw 0.0 0.0 0.0 0.0
gw 0.0 0.0 0.0 0.0
gw 0.0 0.0 0.0 0.0
gw 0.0 0.0 0.0 0.0
gw 0.0 0.0 0.0 0.0
gw 0.0 0.0 0.0 0.0
gw 0.0 0.0 0.0 0.0
gw 0.0 0.0 0.0 0.0
gw 0.0 0.0 0.0 0.0
gw 0.0 0.0 0.0 0.0
gw 0.0 0.0 0.0 0.0
gw 0.0 0.0 0.0 0.0
gw 0.0 0.0 0.0 0.0
gw 0.0 0.0 0.0 0.0
gw 0.0 0.0 0.0 0.0
gw 0.0 0.0 0.0 0.0
gw 0.0 0.0 0.0 0.0
gw 0.0 0.0 0.0 0.0
gw 0.0 0.0 0.0 0.0
gw 0.0 0.0 0.0 0.0
gw 0.0 0.0 0.0 0.0
gw 0.0 0.0 0.0 0.0
gw 0.0 0.0 0.0 0.0
gw 0.0 0.0 0.0 0.0
gw 0.0 0.0 0.0 0.0
gw 0.0 0.0 0.0 0.0
gw 0.0 0.0 0.0 0.0
gw 0.0 0.0 0.0 0.0
gw 0.0 0.0 0.0 0.0
gw 0.0 0.0 0.0 0.0
gw 0.0 0.0 0.0 0.0
gw 0.0 0.0 0.0 0.0
gw 0.0 0.0 0.0 0.0
gw 0.0 0.0 0.0 0.0
gw 0.0 0.0 0.0 0.0
gw 0.0 0.0 0.0 0.0
gw 0.0 0.0 0.0 0.0
gw 0.0 0.0 0.0 0.0
gw 0.0 0.0 0.0 0.0
gw 0.0 0.0 0.0 0.0
gw 0.0 0.0 0.0 0.0
gw 0.0 0.0 0.0 0.0
gw 0.0 0.0 0.0 0.0
gw 0.0 0.0 0.0 0.0
gw 0.0 0.0 0.0 0.0
gw 0.0 0.0 0.0 0.0
gw 0.0 0.0 0.0 0.0
gw 0.0 0.0 0.0 0.0
gw 0.0 0.0 0.0 0.0
gw 0.0 0.0 0.0 0.0
gw 0.0 0.0 0.0 0.0
gw 0.0 0.0 0.0 0.0
gw 0.0 0.0 0.0 0.0
gw 0.0 0.0 0.0 0.0
gw 0.0 0.0 0.0 0.0
gw 0.0 0.0 0.0 0.0
gw 0.0 0.0 0.0 0.0
gw 0.0 0.0 0.0 0.0
gw 0.0 0.0 0.0 0.0
gw 0.0 0.0 0.0 0.0
gw 0.0 0.0 0.0 0.0
gw 0.0 0.0 0.0 0.0
gw 0.0 0.0 0.0 0.0
gw 0.0 0.0 0.0 0.0
gw 0.0 0.0 0.0 0.0
gw 0.0 0.0 0.0 0.0
gw 0.0 0.0 0.0 0.0
gw 0.0 0.0 0.0 0.0
gw 0.0 0.0 0.0 0.0
gw 0.0 0.0 0.0 0.0
gw 0.0 0.0 0.0 0.0
gw 0.0 0.0 0.0 0.0
gw 0.0 0.0 0.0 0.0
gw 0.0 0.0 0.0 0.0
gw 0.0 0.0 0.0 0.0
gw 0.0 0.0 0.0 0.0
gw 0.0 0.0 0.0 0.0
gw 0.0 0.0 0.0 0.0
gw 0.0 0.0 0.0 0.0
gw 0.0 0.0 0.0 0.0
gw 0.0 0.0 0.0 0.0
gw 0.0 0.0 0.0 0.0
gw 0.0 0.0 0.0 0.0
gw 0.0 0.0 0.0 0.0
gw 0.0 0.0 0.0 0.0
gw 0.0 0.0 0.0 0.0
gw 0.0 0.0 0.0 0.0
gw 0.0 0.0 0.0 0.0
gw 0.0 0.0 0.0 0.0
gw 0.0 0.0 0.0 0.0
gw 0.0 0.0 0.0 0.0
gw 0.0 0.0 0.0 0.0
gw 0.0 0.0 0.0 0.0
gw 0.0 0.0 0.0 0.0
gw 0.0 0.0 0.0 0.0
gw 0.0 0.0 0.0 0.0
gw 0.0 0.0 0.0 0.0
gw 0.0 0.0 0.0 0.0
gw 0.0 0.0 0.0 0.0
gw 0.0 0.0 0.0 0.0
gw 0.0 0.0 0.0 0.0
gw 0.0 0.0 0.0 0.0
gw 0.0 0.0 0.0 0.0
gw 0.0 0.0 0.0 0.0
gw 0.0 0.0 0.0 0.0
gw 0.0 0.0 0.0 0.0
gw 0.0 0.0 0.0 0.0
gw 0.0 0.0 0.0 0.0
gw 0.0 0.0 0.0 0.0
gw 0.0 0.0 0.0 0.0
gw 0.0 0.0 0.0 0.0
gw 0.0 0.0 0.0 0.0
gw 0.0 0.0 0.0 0.0
gw 0.0 0.0 0.0 0.0
gw 0.0 0.0 0.0 0.0
gw 0.0 0.0 0.0 0.0
gw 0.0 0.0 0.0 0.0
gw 0.0 0.0 0.0 0.0
gw 0.0 0.0 0.0 0.0
gw 0.0 0.0 0.0 0.0
gw 0.0 0.0 0.0 0.0
gw 0.0 0.0 0.0 0.0
gw 0.0 0.0 0.0 0.0
gw 0.0 0.0 0.0 0.0
gw 0.0 0.0 0.0 0.0
gw 0.0 0.0 0.0 0.0
gw 0.0 0.0 0.0 0.0
gw 0.0 0.0 0.0 0.0
gw 0.0 0.0 0.0 0.0
gw 0.0 0.0 0.0 0.0
gw 0.0 0.0 0.0 0.0
gw 0.0 0.0 0.0 0.0
gw 0.0 0.0 0.0 0.0
gw 0.0 0.0 0.0 0.0
gw 0.0 0.0 0.0 0.0
gw 0.0 0.0 0.0 0.0
gw 0.0 0.0 0.0 0.0
gw 0.0 0.0 0.0 0.0
gw 0.0 0.0 0.0 0.0
gw 0.0 0.0 0.0 0.0
gw 0.0 0.0 0.0 0.0
gw 0.0 0.0 0.0 0.0
gw 0.0 0.0 0.0 0.0
gw 0.0 0.0 0.0 0.0
gw 0.0 0.0 0.0 0.0
gw 0.0 0.0 0.0 0.0
gw 0.0 0.0 0.0 0.0
gw 0.0 0.0 0.0 0.0
gw 0.0 0.0 0.0 0.0
gw 0.0 0.0 0.0 0.0
gw 0.0 0.0 0.0 0.0
gw 0.0 0.0 0.0 0.0
gw 0.0 0.0 0.0 0.0
gw 0.0 0.0 0.0 0.0
gw 0.0 0.0 0.0 0.0
gw 0.0 0.0 0.0 0.0
gw 0.0 0.0 0.0 0.0
gw 0.0 0.0 0.0 0.0
gw 0.0 0.0 0.0 0.0
gw 0.0 0.0 0.0 0.0
gw 0.0 0.0 0.0 0.0
gw 0.0 0.0 0.0 0.0
gw 0.0 0.0 0.0 0.0
gw 0.0 0.0 0.0 0.0
gw 0.0 0.0 0.0 0.0
gw 0.0 0.0 0.0 0.0
gw 0.0 0.0 0.0 0.0
gw 0.0 0.0 0.0 0.0
gw 0.0 0.0 0.0 0.0
gw 0.0 0.0 0.0 0.0
gw 0.0 0.0 0.0 0.0
gw 0.0 0.0 0.0 0.0
gw 0.0 0.0 0.0 0.0
gw 0.0 0.0 0.0 0.0
gw 0.0 0.0 0.0 0.0
gw 0.0 0.0 0.0 0.0
gw 0.0 0.0 0.0 0.0
gw 0.0 0.0 0.0 0.0
gw 0.0 0.0 0.0 0.0
gw 0.0 0.0 0.0 0.0
gw 0.0 0.0 0.0 0.0
gw 0.0 0.0 0.0 0.0
gw 0.0 0.0 0.0 0.0
gw 0.0 0.0 0.0 0.0
gw 0.0 0.0 0.0 0.0
gw 0.0 0.0 0.0 0.0
gw 0.0 0.0 0.0 0.0
gw 0.0 0.0 0.0 0.0
gw 0.0 0.0 0.0 0.0
gw 0.0 0.0 0.0 0.0
gw 0.0 0.0 0.0 0.0
gw 0.0 0.0 0.0 0.0
gw 0.0 0.0 0.0 0.0
gw 0.0 0.0 0.0 0.0
gw 0.0 0.0 0.0 0.0
gw 0.0 0.0 0.0 0.0
gw 0.0 0.0 0.0 0.0
gw 0.0 0.0 0.0 0.0
gw 0.0 0.0 0.0 0.0
gw 0.0 0.0 0.0 0.0
gw 0.0 0.0 0.0 0.0
gw 0.0 0.0 0.0 0.0
gw 0.0 0.0 0.0 0.0
gw 0.0 0.0 0.0 0.0
gw 0.0 0.0 0.0 0.0
gw 0.0 0.0 0.0 0.0
gw 0.0 0.0 0.0 0.0
gw 0.0 0.0 0.0 0.0
gw 0.0 0.0 0.0 0.0
gw 0.0 0.0 0.0 0.0
gw 0.0 0.0 0.0 0.0
gw 0.0 0.0 0.0 0.0
gw 0.0 0.0 0.0 0.0
gw 0.0 0.0 0.0 0.0
gw 0.0 0.0 0.0 0.0
gw 0.0 0.0 0.0 0.0
gw 0.0 0.0 0.0 0.0
gw 0.0 0.0 0.0 0.0
gw 0.0 0.0 0.0 0.0
gw 0.0 0.0 0.0 0.0
gw 0.0 0.0 0.0 0.0
gw 0.0 0.0 0.0 0.0
gw 0.0 0.0 0.0 0.0
gw 0.0 0.0 0.0 0.0
gw 0.0 0.0 0.0 0.0
gw 0.0 0.0 0.0 0.0
gw 0.0 0.0 0.0 0.0
gw 0.0 0.0 0.0 0.0
gw 0.0 0.0 0.0 0.0
gw 0.0 0.0 0.0 0.0
gw 0.0 0.0 0.0 0.0
gw 0.0 0.0 0.0 0.0
gw 0.0 0.0 0.0 0.0
gw 0.0 0.0 0.0 0.0
gw 0.0 0.0 0.0 0.0
gw 0.0 0.0 0.0 0.0
gw 0.0 0.0 0.0 0.0
gw 0.0 0.0 0.0 0.0
gw 0.0 0.0 0.0 0.0
gw 0.0 0.0 0.0 0.0
gw 0.0 0.0 0.0 0.0
gw 0.0 0.0 0.0 0.0
gw 0.0 0.0 0.0 0.0
gw 0.0 0.0 0.0 0.0
gw 0.0 0.0 0.0 0.0
gw 0.0 0.0 0.0 0.0
gw 0.0 0.0 0.0 0.0
gw 0.0 0.0 0.0 0.0
gw 0.0 0.0 0.0 0.0
gw 0.0 0.0 0.0 0.0
gw 0.0 0.0 0.0 0.0
gw 0.0 0.0 0.0 0.0
gw 0.0 0.0 0.0 0.0
gw 0.0 0.0 0.0 0.0
gw 0.0 0.0 0.0 0.0
gw 0.0 0.0 0.0 0.0
gw 0.0 0.0 0.0 0.0
gw 0.0 0.0 0.0 0.0
gw 0.0 0.0 0.0 0.0
gw 0.0 0.0 0.0 0.0
gw 0.0 0.0 0.0 0.0
gw 0.0 0.0 0.0 0.0
gw 0.0 0.0 0.0 0.0
gw 0.0 0.0 0.0 0.0
gw 0.0 0.0 0.0 0.0
gw 0.0 0.0 0.0 0.0
gw 0.0 0.0 0.0 0.0
gw 0.0 0.0 0.0 0.0
gw 0.0 0.0 0.0 0.0
gw 0.0 0.0 0.0 0.0
gw 0.0 0.0 0.0 0.0
gw 0.0 0.0 0.0 0.0
gw 0.0 0.0 0.0 0.0
gw 0.0 0.0 0.0 0.0
gw 0.0 0.0 0.0 0.0
gw 0.0 0.0 0.0 0.0
gw 0.0 0.0 0.0 0.0
gw 0.0 0.0 0.0 0.0
gw 0.0 0.0 0.0 0.0
gw 0.0 0.0 0.0 0.0
gw 0.0 0.0 0.0 0.0
gw 0.0 0.0 0.0 0.0
gw 0.0 0.0 0.0 0.0
gw 0.0 0.0 0.0 0.0
gw 0.0 0.0 0.0 0.0
gw 0.0 0.0 0.0 0.0
gw 0.0 0.0 0.0 0.0
gw 0.0 0.0 0.0 0.0
gw 0.0 0.0 0.0 0.0
gw 0.0 0.0 0.0 0.0
gw 0.0 0.0 0.0 0.0
gw 0.0 0.0 0.0 0.0
vt 0.5327 0.704
vt 0.5258 0.6713
vt 0.544 0.6868
vt 0.5143 0.6968
vt 0.5668 0.6886
vt 0.5966 0.726
vt 0.5598 0.7064
vt 0.5547 0.797
vt 0.5517 0.7511
vt 0.5745 0.7906
vt 0.5629 0.8642
vt 0.5695 0.843
vt 0.5701 0.8612
vt 0.545 0.8496
vt 0.5527 0.8618
vt 0.5195 0.8563
vt 0.5322 0.8607
vt 0.5184 0.8678
vt 0.5383 0.8416
vt 0.5379 0.7834
vt 0.5204 0.7412
vt 0.537 0.747
vt 0.5843 0.756
vt 0.6007 0.7719
vt 0.6787 0.6772
vt 0.6691 0.7024
vt 0.6683 0.6656
vt 0.7173 0.6956
vt 0.7258 0.741
vt 0.6947 0.7253
vt 0.6729 0.7648
vt 0.691 0.7298
vt 0.6975 0.7792
vt 0.6984 0.8534
vt 0.6932 0.8208
vt 0.7114 0.8323
vt 0.6861 0.8109
vt 0.6625 0.8237
vt 0.6673 0.788
vt 0.6632 0.8344
vt 0.6771 0.8626
vt 0.6511 0.8602
vt 0.6532 0.7922
vt 0.6387 0.8156
vt 0.6441 0.777
vt 0.6231 0.786
vt 0.6302 0.7559
vt 0.6205 0.7494
vt 0.61 0.7931
vt 0.5948 0.7859
vt 0.5996 0.8045
vt 0.6057 0.8174
vt 0.6204 0.7029
vt 0.6513 0.7501
vt 0.6513 0.7408
vt 0.6468 0.6971
vt 0.5866 0.8251
vt 0.5893 0.81
vt 0.5817 0.8805
vt 0.6165 0.86
vt 0.6065 0.9012
vt 0.5894 0.7936
vt 0.5989 0.8159
vt 0.7189 0.8609
vt 0.7249 0.8489
vt 0.725 0.823
vt 0.7347 0.8493
vt 0.737 0.8754
vt 0.7108 0.8833
vt 0.7281 0.87
vt 0.7428 0.83
vt 0.7542 0.8162
vt 0.7484 0.8375
vt 0.7767 0.8194
vt 0.7631 0.8331
vt 0.7649 0.8141
vt 0.7766 0.8408
vt 0.7646 0.8547
vt 0.7705 0.8418
vt 0.7835 0.8429
vt 0.7356 0.8134
vt 0.7307 0.7872
vt 0.7473 0.7988
vt 0.813 0.7188
vt 0.8277 0.7166
vt 0.819 0.7251
vt 0.8368 0.7142
vt 0.8459 0.7373
vt 0.8551 0.7366
vt 0.8552 0.7815
vt 0.8543 0.7557
vt 0.8662 0.771
vt 0.867 0.7843
vt 0.8401 0.7963
vt 0.8173 0.825
vt 0.8234 0.8022
vt 0.8625 0.816
vt 0.8289 0.8352
vt 0.8526 0.804
vt 0.8799 0.8053
vt 0.8674 0.8213
vt 0.8734 0.7991
vt 0.8095 0.8413
vt 0.8221 0.8295
vt 0.8344 0.8435
vt 0.8878 0.7843
vt 0.8991 0.7435
vt 0.9115 0.7328
vt 0.9128 0.7528
vt 0.909 0.719
vt 0.9236 0.7307
vt 0.9298 0.716
vt 0.9278 0.7426
vt 0.9266 0.7586
vt 0.9408 0.7198
vt 0.9078 0.695
vt 0.9122 0.7737
vt 0.9021 0.767
vt 0.9631 0.7761
vt 0.9729 0.7724
vt 0.9671 0.7884
vt 0.9367 0.6998
vt 0.9299 0.6775
vt 0.9489 0.6922
vt 0.7549 0.7728
vt 0.7783 0.8117
vt 0.7641 0.7992
vt 0.7905 0.7956
vt 0.7943 0.7521
vt 0.7801 0.7544
vt 0.796 0.7372
vt 0.9669 0.7313
vt 0.9564 0.7045
vt 0.9775 0.7235
vt 0.8636 0.5381
vt 0.8722 0.5711
vt 0.8436 0.5651
vt 0.867 0.6351
vt 0.8796 0.6586
vt 0.8583 0.6364
vt 0.8345 0.5676
vt 0.8305 0.5468
vt 0.8787 0.4818
vt 0.8915 0.5421
vt 0.8973 0.5812
vt 0.9067 0.6115
vt 0.8849 0.5922
vt 0.8918 0.6166
vt 0.8807 0.6335
vt 0.8806 0.6114
vt 0.9153 0.6156
vt 0.9175 0.5867
vt 0.9335 0.6042
vt 0.9178 0.6567
vt 0.94 0.6579
vt 0.8682 0.6897
vt 0.8512 0.6768
vt 0.8696 0.6656
vt 0.8351 0.659
vt 0.8199 0.6373
vt 0.8484 0.6393
vt 0.817 0.5779
vt 0.8081 0.6094
vt 0.8009 0.5863
vt 0.8386 0.6079
vt 0.7909 0.5903
vt 0.7913 0.5721
vt 0.8878 0.6735
vt 0.9049 0.6358
vt 0.8929 0.6498
vt 0.9068 0.6724
vt 0.9223 0.635
vt 0.7864 0.6172
vt 0.7576 0.6218
vt 0.7813 0.5893
vt 0.7601 0.5761
vt 0.7247 0.5932
vt 0.8151 0.681
vt 0.7359 0.6577
vt 0.7973 0.6507
vt 0.7371 0.546
vt 0.7143 0.5885
vt 0.7364 0.5136
vt 0.7515 0.5296
vt 0.7929 0.539
vt 0.7963 0.5148
vt 0.8087 0.5389
vt 0.7793 0.5339
vt 0.7776 0.5007
vt 0.7696 0.5161
vt 0.8238 0.5268
vt 0.8103 0.4918
vt 0.8371 0.5074
vt 0.866 0.4705
vt 0.8679 0.414
vt 0.7484 0.1893
vt 0.7357 0.2203
vt 0.7259 0.19
vt 0.7281 0.2628
vt 0.7164 0.2294
vt 0.8533 0.3524
vt 0.8822 0.41
vt 0.7676 0.498
vt 0.7727 0.4831
vt 0.7912 0.482
vt 0.8168 0.467
vt 0.7724 0.4736
vt 0.7623 0.3006
vt 0.7162 0.3255
vt 0.7443 0.2771
vt 0.7495 0.4978
vt 0.7465 0.459
vt 0.7391 0.4611
vt 0.5553 0.2474
vt 0.5379 0.2479
vt 0.5537 0.2273
vt 0.6645 0.2286
vt 0.6933 0.234
vt 0.6535 0.2521
vt 0.63 0.135
vt 0.6103 0.1243
vt 0.6306 0.1105
vt 0.6952 0.2773
vt 0.5474 0.14
vt 0.5897 0.182
vt 0.5446 0.1843
vt 0.9016 0.4473
vt 0.9159 0.4926
vt 0.5267 0.1866
vt 0.537 0.203
vt 0.5258 0.1006
vt 0.5246 0.1439
vt 0.5026 0.1244
vt 0.5433 0.0637
vt 0.5171 0.0609
vt 0.5278 0.0433
vt 0.5026 0.0753
vt 0.5026 0.0452
vt 0.6022 0.1019
vt 0.5826 0.114
vt 0.594 0.0939
vt 0.6468 0.1174
vt 0.652 0.1121
vt 0.6561 0.1387
vt 0.6462 0.1524
vt 0.6307 0.1576
vt 0.5026 0.6939
vt 0.5026 0.6662
vt 0.5026 0.2467
vt 0.5928 0.2584
vt 0.5827 0.7798
vt 0.5975 0.8312
vt 0.5449 0.8766
vt 0.5346 0.8702
vt 0.5352 0.8935
vt 0.5203 0.8773
vt 0.5026 0.8995
vt 0.5026 0.8758
vt 0.5026 0.8612
vt 0.515 0.8354
vt 0.5133 0.7842
vt 0.5026 0.8458
vt 0.5026 0.8316
vt 0.5026 0.7863
vt 0.5026 0.7424
vt 0.6466 0.6593
vt 0.6038 0.6614
vt 0.6624 0.3174
vt 0.6289 0.2893
vt 0.6877 0.3478
vt 0.684 0.6488
vt 0.6923 0.6572
vt 0.7054 0.7802
vt 0.6349 0.824
vt 0.6241 0.843
vt 0.648 0.8778
vt 0.6422 0.9044
vt 0.6792 0.8775
vt 0.6816 0.897
vt 0.7033 0.8698
vt 0.7451 0.8543
vt 0.7586 0.8495
vt 0.7839 0.8298
vt 0.7917 0.8216
vt 0.7546 0.8684
vt 0.8007 0.8366
vt 0.8016 0.8018
vt 0.8292 0.7735
vt 0.806 0.7764
vt 0.8067 0.7562
vt 0.8291 0.7427
vt 0.7938 0.7716
vt 0.8103 0.7414
vt 0.8449 0.7671
vt 0.8561 0.7886
vt 0.8446 0.8002
vt 0.8637 0.7926
vt 0.8661 0.8032
vt 0.8791 0.7545
vt 0.8829 0.7585
vt 0.8958 0.7929
vt 0.8913 0.7225
vt 0.9502 0.7379
vt 0.8636 0.7127
vt 0.8899 0.6938
vt 0.9168 0.7777
vt 0.9325 0.7597
vt 0.9286 0.7484
vt 0.9493 0.7587
vt 0.9658 0.7584
vt 0.9542 0.7774
vt 0.9588 0.735
vt 0.9785 0.7562
vt 0.9542 0.7892
vt 0.9839 0.7948
vt 0.9668 0.8099
vt 0.9548 0.8045
vt 0.9497 0.7983
vt 0.9897 0.773
vt 0.9912 0.755
vt 0.9469 0.7121
vt 0.7083 0.6289
vt 0.7002 0.6218
vt 0.8411 0.6955
vt 0.8225 0.6715
vt 0.835 0.7046
vt 0.8062 0.6457
vt 0.7948 0.6147
vt 0.9599 0.6689
vt 0.943 0.6277
vt 0.9566 0.6292
vt 0.9445 0.5892
vt 0.9207 0.5617
vt 0.9174 0.5398
vt 0.8938 0.5588
vt 0.8619 0.601
vt 0.8485 0.606
vt 0.8489 0.5178
vt 0.8127 0.5637
vt 0.7642 0.5626
vt 0.787 0.5062
vt 0.8435 0.4674
vt 0.8459 0.4129
vt 0.8161 0.4289
vt 0.8273 0.3569
vt 0.8025 0.3805
vt 0.8029 0.3115
vt 0.8239 0.3008
vt 0.7799 0.3366
vt 0.7803 0.2704
vt 0.7989 0.2462
vt 0.7568 0.2363
vt 0.7757 0.2115
vt 0.7089 0.2032
vt 0.7822 0.4872
vt 0.766 0.448
vt 0.7556 0.4101
vt 0.7397 0.3664
vt 0.7369 0.4176
vt 0.7256 0.4206
vt 0.724 0.3769
vt 0.7094 0.3825
vt 0.699 0.3403
vt 0.6719 0.3052
vt 0.6372 0.2749
vt 0.5989 0.2469
vt 0.6159 0.2243
vt 0.5175 0.2026
vt 0.6893 0.2071
vt 0.6646 0.2059
vt 0.6369 0.2045
vt 0.6449 0.1896
vt 0.6181 0.1668
vt 0.615 0.099
vt 0.6383 0.0941
vt 0.5508 0.1095
vt 0.5026 0.2017
vt 0.5026 0.1897
vt 0.5178 0.1923
vt 0.5026 0.1799
vt 0.5638 0.0702
vt 0.5026 0.0309
vt 0.4725 0.704
vt 0.4611 0.6868
vt 0.4793 0.6713
vt 0.4908 0.6968
vt 0.4383 0.6886
vt 0.4453 0.7064
vt 0.4085 0.726
vt 0.4504 0.797
vt 0.4306 0.7906
vt 0.4534 0.7511
vt 0.4422 0.8642
vt 0.435 0.8612
vt 0.4356 0.843
vt 0.4601 0.8496
vt 0.4525 0.8618
vt 0.4856 0.8563
vt 0.4867 0.8678
vt 0.4729 0.8607
vt 0.4672 0.7834
vt 0.4668 0.8416
vt 0.4847 0.7412
vt 0.4681 0.747
vt 0.4209 0.756
vt 0.4044 0.7719
vt 0.3265 0.6772
vt 0.3368 0.6656
vt 0.336 0.7024
vt 0.2879 0.6956
vt 0.3104 0.7253
vt 0.2794 0.741
vt 0.3322 0.7648
vt 0.3076 0.7792
vt 0.3141 0.7298
vt 0.3068 0.8534
vt 0.2937 0.8323
vt 0.3119 0.8208
vt 0.319 0.8109
vt 0.3378 0.788
vt 0.3426 0.8237
vt 0.3419 0.8344
vt 0.354 0.8602
vt 0.328 0.8626
vt 0.3519 0.7922
vt 0.3664 0.8156
vt 0.361 0.777
vt 0.3749 0.7559
vt 0.382 0.786
vt 0.3951 0.7931
vt 0.3846 0.7494
vt 0.4103 0.7859
vt 0.4055 0.8045
vt 0.3994 0.8174
vt 0.3847 0.7029
vt 0.3538 0.7501
vt 0.3538 0.7408
vt 0.3584 0.6971
vt 0.4185 0.8251
vt 0.4158 0.81
vt 0.4235 0.8805
vt 0.3986 0.9012
vt 0.3886 0.86
vt 0.4157 0.7936
vt 0.4062 0.8159
vt 0.2862 0.8609
vt 0.2802 0.8489
vt 0.2801 0.823
vt 0.2704 0.8493
vt 0.2681 0.8754
vt 0.277 0.87
vt 0.2943 0.8833
vt 0.2623 0.83
vt 0.2567 0.8375
vt 0.2509 0.8162
vt 0.2284 0.8194
vt 0.2403 0.8141
vt 0.242 0.8331
vt 0.2285 0.8408
vt 0.2346 0.8418
vt 0.2405 0.8547
vt 0.2217 0.8429
vt 0.2695 0.8134
vt 0.2579 0.7988
vt 0.2744 0.7872
vt 0.1921 0.7188
vt 0.1861 0.7251
vt 0.1774 0.7166
vt 0.1684 0.7142
vt 0.1592 0.7373
vt 0.15 0.7366
vt 0.15 0.7815
vt 0.1389 0.771
vt 0.1509 0.7557
vt 0.1381 0.7843
vt 0.165 0.7963
vt 0.1817 0.8022
vt 0.1879 0.825
vt 0.1426 0.816
vt 0.1525 0.804
vt 0.1762 0.8352
vt 0.1253 0.8053
vt 0.1317 0.7991
vt 0.1377 0.8213
vt 0.183 0.8295
vt 0.1956 0.8413
vt 0.1707 0.8435
vt 0.1173 0.7843
vt 0.106 0.7435
vt 0.0923 0.7528
vt 0.0936 0.7328
vt 0.0961 0.719
vt 0.0815 0.7307
vt 0.0753 0.716
vt 0.0773 0.7426
vt 0.0785 0.7586
vt 0.0643 0.7198
vt 0.0973 0.695
vt 0.093 0.7737
vt 0.103 0.767
vt 0.042 0.7761
vt 0.038 0.7884
vt 0.0322 0.7724
vt 0.0684 0.6998
vt 0.0563 0.6922
vt 0.0752 0.6775
vt 0.2502 0.7728
vt 0.2268 0.8117
vt 0.2146 0.7956
vt 0.241 0.7992
vt 0.2108 0.7521
vt 0.2092 0.7372
vt 0.225 0.7544
vt 0.0383 0.7313
vt 0.0276 0.7235
vt 0.0487 0.7045
vt 0.1415 0.5381
vt 0.1615 0.5651
vt 0.1329 0.5711
vt 0.1381 0.6351
vt 0.1468 0.6364
vt 0.1255 0.6586
vt 0.1706 0.5676
vt 0.1747 0.5468
vt 0.1136 0.5421
vt 0.1265 0.4818
vt 0.1078 0.5812
vt 0.1202 0.5922
vt 0.0984 0.6115
vt 0.1133 0.6166
vt 0.1246 0.6114
vt 0.1244 0.6335
vt 0.0898 0.6156
vt 0.0716 0.6042
vt 0.0877 0.5867
vt 0.0651 0.6579
vt 0.0873 0.6567
vt 0.1369 0.6897
vt 0.1355 0.6656
vt 0.154 0.6768
vt 0.17 0.659
vt 0.1567 0.6393
vt 0.1852 0.6373
vt 0.1881 0.5779
vt 0.2043 0.5863
vt 0.197 0.6094
vt 0.1665 0.6079
vt 0.2142 0.5903
vt 0.2138 0.5721
vt 0.1173 0.6735
vt 0.1002 0.6358
vt 0.0983 0.6724
vt 0.1122 0.6498
vt 0.0828 0.635
vt 0.2187 0.6172
vt 0.2238 0.5893
vt 0.2475 0.6218
vt 0.245 0.5761
vt 0.2804 0.5932
vt 0.19 0.681
vt 0.2078 0.6507
vt 0.2692 0.6577
vt 0.268 0.546
vt 0.2908 0.5885
vt 0.2536 0.5296
vt 0.2687 0.5136
vt 0.2122 0.539
vt 0.1964 0.5389
vt 0.2088 0.5148
vt 0.2258 0.5339
vt 0.2275 0.5007
vt 0.2356 0.5161
vt 0.1814 0.5268
vt 0.168 0.5074
vt 0.1948 0.4918
vt 0.1392 0.4705
vt 0.1372 0.414
vt 0.2567 0.1893
vt 0.2792 0.19
vt 0.2694 0.2203
vt 0.2887 0.2294
vt 0.277 0.2628
vt 0.123 0.41
vt 0.1518 0.3524
vt 0.2375 0.498
vt 0.2324 0.4831
vt 0.2139 0.482
vt 0.1883 0.467
vt 0.2327 0.4736
vt 0.2428 0.3006
vt 0.2608 0.2771
vt 0.2889 0.3255
vt 0.2556 0.4978
vt 0.2586 0.459
vt 0.266 0.4611
vt 0.4498 0.2474
vt 0.4514 0.2273
vt 0.4673 0.2479
vt 0.3406 0.2286
vt 0.3517 0.2521
vt 0.3118 0.234
vt 0.3751 0.135
vt 0.3746 0.1105
vt 0.3948 0.1243
vt 0.3099 0.2773
vt 0.4577 0.14
vt 0.4606 0.1843
vt 0.4155 0.182
vt 0.1035 0.4473
vt 0.0893 0.4926
vt 0.4784 0.1866
vt 0.4681 0.203
vt 0.4793 0.1006
vt 0.4806 0.1439
vt 0.4618 0.0637
vt 0.488 0.0609
vt 0.4773 0.0433
vt 0.403 0.1019
vt 0.4111 0.0939
vt 0.4226 0.114
vt 0.3583 0.1174
vt 0.3532 0.1121
vt 0.349 0.1387
vt 0.3589 0.1524
vt 0.3744 0.1576
vt 0.4123 0.2584
vt 0.4225 0.7798
vt 0.4076 0.8312
vt 0.4603 0.8766
vt 0.4705 0.8702
vt 0.4699 0.8935
vt 0.4848 0.8773
vt 0.4901 0.8354
vt 0.4919 0.7842
vt 0.3585 0.6593
vt 0.4013 0.6614
vt 0.3427 0.3174
vt 0.3762 0.2893
vt 0.3174 0.3478
vt 0.3128 0.6572
vt 0.3211 0.6488
vt 0.2997 0.7802
vt 0.3702 0.824
vt 0.381 0.843
vt 0.3571 0.8778
vt 0.3629 0.9044
vt 0.3259 0.8775
vt 0.3235 0.897
vt 0.3018 0.8698
vt 0.26 0.8543
vt 0.2465 0.8495
vt 0.2212 0.8298
vt 0.2134 0.8216
vt 0.2505 0.8684
vt 0.2045 0.8366
vt 0.2035 0.8018
vt 0.1984 0.7562
vt 0.1991 0.7764
vt 0.1759 0.7735
vt 0.1761 0.7427
vt 0.2114 0.7716
vt 0.1949 0.7414
vt 0.1602 0.7671
vt 0.1605 0.8002
vt 0.149 0.7886
vt 0.1415 0.7926
vt 0.139 0.8032
vt 0.1222 0.7585
vt 0.126 0.7545
vt 0.1093 0.7929
vt 0.1139 0.7225
vt 0.0549 0.7379
vt 0.1415 0.7127
vt 0.1153 0.6938
vt 0.0883 0.7777
vt 0.0726 0.7597
vt 0.0765 0.7484
vt 0.0558 0.7587
vt 0.0509 0.7774
vt 0.0393 0.7584
vt 0.0463 0.735
vt 0.0267 0.7562
vt 0.0509 0.7892
vt 0.0212 0.7948
vt 0.0503 0.8045
vt 0.0383 0.8099
vt 0.0554 0.7983
vt 0.0154 0.773
vt 0.0139 0.755
vt 0.0582 0.7121
vt 0.2969 0.6289
vt 0.3049 0.6218
vt 0.164 0.6955
vt 0.1827 0.6715
vt 0.1701 0.7046
vt 0.199 0.6457
vt 0.2104 0.6147
vt 0.0452 0.6689
vt 0.0485 0.6292
vt 0.0621 0.6277
vt 0.0606 0.5892
vt 0.0844 0.5617
vt 0.1113 0.5588
vt 0.0877 0.5398
vt 0.1567 0.606
vt 0.1432 0.601
vt 0.1562 0.5178
vt 0.1924 0.5637
vt 0.2409 0.5626
vt 0.2181 0.5062
vt 0.1617 0.4674
vt 0.1593 0.4129
vt 0.1891 0.4289
vt 0.1778 0.3569
vt 0.2026 0.3805
vt 0.1812 0.3008
vt 0.2022 0.3115
vt 0.2252 0.3366
vt 0.2248 0.2704
vt 0.2062 0.2462
vt 0.2294 0.2115
vt 0.2483 0.2363
vt 0.2962 0.2032
vt 0.2229 0.4872
vt 0.2391 0.448
vt 0.2495 0.4101
vt 0.2654 0.3664
vt 0.2682 0.4176
vt 0.2795 0.4206
vt 0.2812 0.3769
vt 0.2957 0.3825
vt 0.3061 0.3403
vt 0.3332 0.3052
vt 0.3679 0.2749
vt 0.4062 0.2469
vt 0.3892 0.2243
vt 0.4876 0.2026
vt 0.3159 0.2071
vt 0.3405 0.2059
vt 0.3682 0.2045
vt 0.3603 0.1896
vt 0.387 0.1668
vt 0.3901 0.099
vt 0.3668 0.0941
vt 0.4544 0.1095
vt 0.4873 0.1923
vt 0.4413 0.0702
vn 0.6954 -0.6291 -0.3473
vn 0.9379 -0.326 -0.1184
vn 0.8305 -0.5314 -0.1671
vn 0.6924 -0.7014 -0.1692
vn 0.7954 -0.5347 0.2855
vn 0.9748 -0.1416 0.1724
vn 0.641 -0.7281 0.2429
vn 0.959 0.2819 -0.0279
vn 0.9521 -0.3003 0.0568
vn 0.9206 0.3105 0.2368
vn 0.4229 0.8376 -0.3457
vn 0.6614 0.7379 -0.1344
vn 0.5809 0.812 -0.0576
vn 0.6508 0.4209 -0.6319
vn 0.278 0.7946 -0.5398
vn 0.5159 -0.856 -0.0338
vn 0.7036 -0.5726 -0.4209
vn 0.5497 -0.7787 -0.3024
vn 0.9094 0.0116 -0.4157
vn 0.825 0.1113 -0.5541
vn 0.7953 -0.3974 -0.4579
vn 0.7542 -0.2612 -0.6024
vn 0.9976 0.0692 0.0041
vn 0.7812 0.311 -0.5412
vn 0.5861 -0.8088 0.048
vn 0.8724 -0.4454 -0.2011
vn 0.7245 -0.6409 0.2536
vn 0.8953 -0.1461 -0.4207
vn 0.8233 0.1825 -0.5375
vn 0.5308 -0.1367 -0.8364
vn 0.995 0.0286 0.0959
vn 0.9045 0.0361 -0.4249
vn 0.7227 0.4065 -0.5589
vn 0.75 -0.6411 0.1627
vn 0.7088 0.5414 -0.4523
vn 0.889 -0.4539 -0.06
vn 0.6559 0.6124 -0.4414
vn 0.6612 0.7386 -0.131
vn 0.9893 -0.1078 -0.0978
vn 0.6837 0.7294 -0.0244
vn 0.8229 -0.5538 0.1273
vn 0.8471 -0.5183 0.1176
vn 0.9918 -0.1258 -0.0245
vn 0.7186 0.579 0.3851
vn 0.987 -0.157 -0.0336
vn 0.7295 -0.0243 0.6836
vn 0.785 -0.4909 0.3778
vn 0.9873 0.1465 0.0606
vn 0.8942 0.2862 0.3441
vn 0.7087 0.4232 -0.5644
vn 0.8744 0.1078 -0.4731
vn 0.9383 -0.2011 -0.2815
vn 0.9019 -0.3808 0.2038
vn 0.8438 -0.5147 -0.1518
vn 0.9955 0.0526 0.0791
vn 0.8915 -0.453 -0.0056
vn 0.8402 0.5407 -0.0403
vn 0.7379 -0.0595 -0.6723
vn 0.6018 0.6888 0.4042
vn 0.98 0.1581 -0.1207
vn 0.5068 0.8274 0.2419
vn 0.7052 0.089 -0.7034
vn 0.6932 -0.3392 -0.6359
vn 0.898 -0.0662 0.435
vn 0.5491 -0.8033 0.2308
vn 0.7279 -0.6785 -0.099
vn 0.8997 -0.4247 0.1003
vn 0.1986 0.9382 -0.2835
vn 0.2076 0.9296 -0.3046
vn 0.5012 0.8165 -0.2866
vn 0.1266 -0.8094 0.5734
vn 0.1887 -0.9696 0.1558
vn 0.8874 -0.4419 0.1315
vn 0.4387 -0.8807 -0.1786
vn 0.8786 -0.1231 -0.4615
vn 0.2205 -0.8778 -0.4253
vn 0.692 0.706 0.1506
vn 0.1497 0.9622 -0.2275
vn 0.6244 0.754 -0.2041
vn 0.1668 0.9278 -0.3336
vn 0.4936 -0.8335 0.2483
vn 0.924 0.0095 -0.3824
vn 0.64 -0.7365 0.219
vn 0.7369 -0.3301 0.5899
vn -0.381 -0.9216 -0.0737
vn 0.2346 -0.6933 0.6814
vn 0.8155 -0.4611 0.3498
vn 0.7179 -0.671 -0.1854
vn 0.8391 -0.392 -0.3771
vn 0.7755 -0.0919 -0.6246
vn 0.7621 -0.2032 -0.6148
vn 0.8449 -0.534 0.0325
vn 0.859 -0.0518 -0.5094
vn 0.9464 -0.1817 0.267
vn 0.8626 0.4039 0.3045
vn 0.9907 0.1191 0.066
vn 0.1746 0.6889 -0.7036
vn 0.2864 0.9367 -0.2015
vn 0.6363 0.5487 -0.5423
vn 0.1017 0.6076 -0.7877
vn 0.0701 0.7051 -0.7056
vn 0.2397 0.4995 -0.8325
vn 0.2433 0.9188 0.3107
vn 0.6735 0.6633 0.3262
vn 0.0546 0.9202 -0.3876
vn 0.5334 0.5956 -0.6007
vn 0.8392 -0.5177 0.1665
vn 0.5764 -0.7247 -0.3777
vn 0.6386 0.1508 -0.7546
vn 0.8783 -0.2056 -0.4316
vn 0.7705 -0.5349 -0.3467
vn 0.9941 0.0903 -0.0604
vn 0.7501 0.2377 -0.6171
vn 0.3093 0.3302 -0.8918
vn 0.7313 -0.0442 0.6806
vn 0.7825 0.482 -0.3942
vn 0.3158 0.5258 -0.7898
vn 0.6986 0.3238 -0.6381
vn 0.8072 -0.0172 0.5901
vn 0.765 0.2112 -0.6084
vn 0.83 0.5274 0.1818
vn 0.4438 0.352 -0.8241
vn 0.736 0.3216 -0.5957
vn 0.2354 0.0724 -0.9692
vn 0.9839 -0.1548 0.0891
vn 0.2463 -0.9526 0.1786
vn 0.5238 -0.8373 0.1567
vn 0.3019 -0.5999 0.741
vn 0.2534 -0.4207 0.8711
vn 0.9088 -0.3316 0.2531
vn 0.7836 -0.3294 0.5268
vn 0.5459 -0.3214 -0.7737
vn 0.3358 -0.4463 -0.8295
vn 0.2502 -0.3048 -0.919
vn 0.8968 0.3239 -0.3014
vn 0.7936 -0.2059 0.5725
vn 0.827 0.2527 -0.5022
vn 0.6885 -0.0893 0.7197
vn 0.8706 -0.4093 0.273
vn 0.8332 -0.343 -0.4337
vn 0.4907 0.2501 -0.8347
vn 0.8109 0.3777 -0.4471
vn 0.5643 -0.0006 -0.8256
vn 0.9373 0.1057 -0.3322
vn 0.6344 -0.7486 0.1925
vn 0.9779 -0.1215 0.1704
vn 0.5768 -0.4371 0.6901
vn 0.9943 0.0167 0.1056
vn 0.7288 0.2057 0.653
vn 0.5748 -0.2817 0.7683
vn 0.9982 0.0556 0.0241
vn 0.7176 -0.468 -0.5157
vn 0.6408 -0.0731 -0.7642
vn 0.9959 0.074 -0.0528
vn 0.5987 0.3004 -0.7425
vn 0.8655 0.3607 0.3476
vn 0.865 0.2344 0.4437
vn 0.9033 -0.3261 -0.2789
vn 0.8352 0.1117 0.5385
vn 0.8237 0.0128 0.5669
vn 0.8428 -0.2842 -0.4571
vn 0.9278 0.26 -0.2676
vn 0.8674 -0.003 0.4976
vn 0.8445 0.2817 0.4555
vn 0.7338 -0.119 -0.6688
vn 0.7287 0.3663 0.5786
vn 0.8548 0.4693 0.2214
vn 0.968 -0.1698 0.185
vn 0.9733 0.2199 0.0653
vn 0.875 0.1595 0.4572
vn 0.9962 0.0393 0.078
vn 0.9792 0.2014 -0.0257
vn 0.9643 0.0692 0.2555
vn 0.9976 0.0549 0.0425
vn 0.8882 0.4004 0.2253
vn 0.8814 0.2988 0.3658
vn 0.9062 -0.1429 0.398
vn 0.9262 0.148 0.3468
vn 0.9874 -0.0324 -0.1552
vn 0.9576 0.0643 0.2808
vn 0.8718 0.0301 0.4889
vn 0.9081 -0.1768 0.3796
vn 0.8293 -0.057 0.5558
vn 0.6369 0.0292 0.7704
vn 0.9852 -0.164 0.0503
vn 0.8714 -0.4446 -0.2072
vn 0.9837 -0.1333 0.1209
vn 0.9993 -0.0303 0.0225
vn 0.8387 -0.136 -0.5274
vn 0.986 -0.1461 0.0806
vn 0.962 -0.1752 0.2092
vn 0.8129 -0.3655 0.4534
vn 0.9398 -0.1757 0.2931
vn 0.6695 -0.0092 -0.7428
vn 0.5496 -0.1622 -0.8195
vn 0.2584 -0.8726 -0.4146
vn 0.8828 -0.4468 -0.1448
vn 0.3423 -0.9151 0.2129
vn 0.8094 0.5849 0.0527
vn 0.9629 0.0173 -0.2693
vn 0.3558 -0.3525 -0.8655
vn 0.3821 -0.2167 -0.8983
vn 0.9238 -0.3462 0.1635
vn 0.7781 -0.6105 -0.1475
vn 0.8678 -0.0785 -0.4908
vn 0.8456 -0.0239 0.5333
vn 0.9606 -0.2582 -0.1031
vn 0.8169 0.3366 0.4683
vn 0.9985 0.0126 -0.0534
vn 0.873 0.3285 0.3605
vn 0.6168 -0.2062 0.7597
vn 0.8906 -0.0181 0.4545
vn 0.9227 0.0453 0.3828
vn 0.8746 0.467 0.1303
vn 0.847 0.5306 -0.0336
vn 0.6739 0.6964 -0.2469
vn 0.9704 -0.2145 0.1107
vn 0.993 -0.117 -0.0155
vn 0.8848 0.3632 0.2918
vn 0.4404 0.2337 -0.8668
vn 0.9407 -0.1775 -0.289
vn 0.3995 -0.6709 -0.6247
vn 0.9469 0.3197 -0.0339
vn 0.9414 0.1809 -0.2846
vn 0.9014 0.4328 0.0128
vn 0.7667 0.4876 -0.4177
vn 0.5291 -0.1093 -0.8415
vn 0.6451 -0.0594 -0.7617
vn 0.9941 0.0505 -0.0957
vn 0.6665 0.525 -0.5293
vn 0.762 -0.6371 0.1156
vn 0.9326 0.0483 0.3578
vn 0.9682 -0.2503 -0.0
vn 0.2857 -0.8656 -0.4111
vn 0.6003 -0.741 -0.301
vn 0.1989 -0.8638 -0.4629
vn 0.8338 -0.552 0.0
vn 0.2785 -0.9604 -0.0
vn 0.2236 -0.8811 -0.4167
vn 0.7119 -0.5833 -0.3911
vn 0.2486 -0.8975 -0.3642
vn 0.3228 -0.1843 -0.9284
vn 0.0974 -0.4103 -0.9067
vn 0.3184 0.5833 -0.7473
vn 0.3346 0.9376 -0.0946
vn 0.4295 0.4761 -0.7674
vn 0.6933 -0.7207 0.0017
vn 0.9344 -0.3562 0.001
vn 0.7628 0.6467 -0.0
vn 0.8452 0.4566 0.2777
vn 0.8002 0.5267 -0.2869
vn 0.9651 -0.1891 -0.1812
vn 0.1937 0.68 -0.7071
vn 0.5195 0.3006 -0.7999
vn 0.2511 0.9052 -0.3428
vn 0.7784 0.3725 -0.5052
vn 0.2804 0.9599 -0.0
vn 0.9734 0.2293 0.0
vn 0.4335 -0.9012 0.0
vn 0.979 0.155 -0.1324
vn 0.9057 0.2295 -0.3565
vn 0.7489 -0.6626 0.0
vn 0.9487 0.316 -0.0
vn 0.9387 0.3448 0.0
vn 0.913 -0.4079 0.0007
vn 0.7897 -0.6134 0.0051
vn 0.8506 -0.4676 0.2404
vn 0.8544 0.3743 0.3604
vn 0.8704 0.378 0.3154
vn 0.8467 0.3144 0.4292
vn 0.7992 -0.3057 0.5175
vn 0.8231 -0.4764 0.3091
vn 0.5715 0.3914 -0.7213
vn 0.6092 0.6579 0.4427
vn 0.9238 -0.3502 -0.1547
vn 0.9874 0.117 -0.1061
vn 0.385 0.9228 -0.0117
vn 0.996 0.0068 -0.0896
vn 0.2576 0.9353 -0.2425
vn 0.9568 0.1888 0.2211
vn 0.8554 0.518 0.0037
vn 0.6172 0.7232 -0.3099
vn 0.9529 0.2205 0.2083
vn 0.812 0.0924 0.5763
vn 0.1981 0.9562 -0.2156
vn 0.2998 0.9529 0.045
vn 0.6926 -0.3613 0.6243
vn 0.9077 -0.2617 0.3279
vn 0.4254 -0.4086 0.8075
vn 0.2951 -0.4355 0.8504
vn 0.6111 -0.6187 0.4937
vn 0.2678 -0.467 0.8427
vn 0.2209 -0.5728 0.7894
vn 0.9506 -0.192 -0.244
vn 0.9152 -0.3958 -0.0763
vn 0.9976 0.0389 0.0574
vn 0.5891 0.1295 -0.7976
vn 0.2529 0.439 -0.8621
vn 0.6571 -0.5552 0.51
vn 0.9073 -0.2077 0.3657
vn 0.0885 0.6658 -0.7408
vn 0.89 -0.1966 0.4115
vn 0.6826 0.07 0.7274
vn 0.9093 0.1438 0.3904
vn 0.9178 0.3966 0.0216
vn 0.0844 0.6066 -0.7905
vn 0.0762 0.428 -0.9005
vn 0.2517 0.644 -0.7224
vn 0.4627 0.4046 0.7888
vn 0.8387 -0.1331 0.528
vn 0.1304 -0.1887 0.9733
vn 0.9016 -0.1377 0.4101
vn 0.6845 0.0921 -0.7232
vn 0.1897 -0.2373 0.9527
vn 0.4647 0.6465 -0.605
vn 0.5413 0.7952 -0.2733
vn 0.7432 0.5709 0.3489
vn 0.2264 -0.3909 0.8921
vn 0.267 0.3458 -0.8995
vn 0.2224 0.1423 -0.9645
vn 0.963 -0.269 0.015
vn 0.8827 -0.2911 0.369
vn 0.8422 -0.246 0.4798
vn 0.6566 0.2554 0.7096
vn 0.6237 0.2783 0.7305
vn 0.6994 -0.0617 0.712
vn 0.6949 0.1687 0.699
vn 0.7473 0.121 0.6533
vn 0.1274 0.3385 -0.9323
vn 0.5878 0.1961 -0.7849
vn 0.1014 0.1769 -0.979
vn 0.1219 -0.1294 -0.9841
vn 0.3772 -0.2957 -0.8776
vn 0.6031 0.0028 -0.7977
vn 0.871 -0.4276 -0.2418
vn 0.7141 -0.2726 0.6447
vn 0.855 -0.2363 -0.4616
vn 0.8112 0.183 -0.5554
vn 0.8998 0.4112 -0.146
vn 0.7636 0.3561 0.5387
vn 0.667 -0.1446 -0.7309
vn 0.9357 -0.0495 0.3494
vn 0.9842 0.0111 0.1768
vn 0.7941 0.1124 0.5973
vn 0.9957 -0.0771 0.0518
vn 0.7595 0.2034 0.6178
vn 0.998 -0.0616 0.0142
vn 0.2998 -0.4428 -0.845
vn 0.8137 0.2855 0.5062
vn 0.9996 0.0106 -0.0277
vn 0.2795 -0.5488 -0.7878
vn 0.9974 -0.0314 -0.0641
vn 0.2651 -0.6943 -0.669
vn 0.3662 -0.879 0.3052
vn 0.5211 -0.3171 -0.7924
vn 0.9997 -0.0216 0.0128
vn 0.9994 0.0261 -0.0224
vn 0.9964 0.0489 -0.0688
vn 0.9153 0.1282 0.3817
vn 0.8992 0.1271 0.4186
vn 0.9097 0.2194 0.3527
vn 0.8592 0.2161 0.4638
vn 0.8332 0.3382 0.4374
vn 0.8326 0.3919 0.3915
vn 0.8253 0.4299 0.3661
vn 0.8631 0.4265 0.2703
vn 0.9104 0.266 0.317
vn 0.8425 0.4758 -0.2526
vn 0.338 -0.9333 -0.1212
vn 0.2743 -0.8219 -0.4993
vn 0.9816 -0.1153 -0.1525
vn 0.1863 -0.5969 -0.7804
vn 0.8596 0.4361 -0.2663
vn 0.2059 -0.936 -0.2855
vn 0.1595 -0.8832 -0.441
vn 0.8102 -0.5384 -0.2317
vn 0.9433 0.3321 -0.0
vn 0.8465 -0.5323 -0.0
vn 0.8657 -0.433 -0.2513
vn 0.983 -0.1837 -0.0
vn 0.2615 -0.951 -0.1647
vn 0.1387 -0.9903 0.0
vn 0.6947 -0.6293 0.3484
vn 0.8304 -0.5313 0.1679
vn 0.9377 -0.3264 0.1195
vn 0.6919 -0.7012 0.1719
vn 0.7954 -0.5352 -0.2845
vn 0.641 -0.7286 -0.2415
vn 0.9748 -0.1418 -0.1723
vn 0.959 0.282 0.0274
vn 0.92 0.3115 -0.2378
vn 0.952 -0.301 -0.0562
vn 0.4229 0.8376 0.3457
vn 0.5803 0.8124 0.0572
vn 0.6611 0.7384 0.133
vn 0.6507 0.421 0.6319
vn 0.278 0.7946 0.5398
vn 0.5159 -0.856 0.0338
vn 0.5497 -0.7787 0.3024
vn 0.7035 -0.5726 0.4209
vn 0.825 0.1113 0.5541
vn 0.9095 0.0117 0.4156
vn 0.7948 -0.3972 0.4588
vn 0.754 -0.2615 0.6026
vn 0.9976 0.0694 -0.0043
vn 0.7814 0.3115 0.5407
vn 0.5878 -0.8076 -0.0472
vn 0.7243 -0.6404 -0.2555
vn 0.8726 -0.445 0.2015
vn 0.8949 -0.1456 0.4217
vn 0.5309 -0.1362 0.8365
vn 0.8234 0.1829 0.5372
vn 0.995 0.0286 -0.096
vn 0.7226 0.4072 0.5586
vn 0.9045 0.0363 0.4248
vn 0.7497 -0.6419 -0.1611
vn 0.889 -0.4538 0.061
vn 0.7089 0.542 0.4513
vn 0.6559 0.6132 0.4402
vn 0.9893 -0.1078 0.098
vn 0.6612 0.7389 0.1296
vn 0.6832 0.7299 0.0229
vn 0.8472 -0.5184 -0.1166
vn 0.8228 -0.5542 -0.1259
vn 0.9917 -0.126 0.0248
vn 0.7188 0.5786 -0.3854
vn 0.987 -0.1571 0.0339
vn 0.785 -0.4916 -0.377
vn 0.7295 -0.0241 -0.6835
vn 0.894 0.2865 -0.3445
vn 0.9873 0.1468 -0.061
vn 0.7089 0.4241 0.5636
vn 0.8744 0.1084 0.473
vn 0.9381 -0.2014 0.2817
vn 0.9019 -0.3812 -0.2032
vn 0.8437 -0.5147 0.1526
vn 0.9955 0.0522 -0.0792
vn 0.8916 -0.4528 0.0064
vn 0.8399 0.5414 0.0395
vn 0.7378 -0.0592 0.6724
vn 0.6007 0.6894 -0.4047
vn 0.5054 0.828 -0.2428
vn 0.9799 0.1584 0.121
vn 0.7052 0.0896 0.7033
vn 0.6927 -0.3393 0.6365
vn 0.898 -0.0661 -0.4351
vn 0.5491 -0.8035 -0.2297
vn 0.7277 -0.6785 0.1004
vn 0.9 -0.4244 -0.0997
vn 0.1982 0.9388 0.2816
vn 0.5009 0.8172 0.285
vn 0.2071 0.9303 0.3026
vn 0.1265 -0.8104 -0.572
vn 0.8873 -0.4423 -0.1308
vn 0.1885 -0.9698 -0.1548
vn 0.4381 -0.8809 0.1789
vn 0.2204 -0.8777 0.4256
vn 0.8785 -0.123 0.4617
vn 0.6918 0.706 -0.1516
vn 0.6237 0.7547 0.2034
vn 0.1493 0.9626 0.2259
vn 0.1665 0.9284 0.3323
vn 0.4932 -0.8341 -0.2471
vn 0.6399 -0.7369 -0.218
vn 0.9239 0.0097 0.3825
vn 0.7374 -0.3307 -0.589
vn 0.2314 -0.6937 -0.6821
vn -0.3869 -0.9195 0.0691
vn 0.8113 -0.4638 -0.3559
vn 0.7141 -0.6776 0.1758
vn 0.8376 -0.4006 0.3713
vn 0.7756 -0.0911 0.6247
vn 0.8427 -0.5375 -0.0311
vn 0.7626 -0.2082 0.6125
vn 0.8584 -0.0562 0.51
vn 0.9464 -0.1775 -0.2698
vn 0.9903 0.1281 -0.0535
vn 0.8618 0.4056 -0.3045
vn 0.1722 0.675 0.7174
vn 0.6302 0.5407 0.5572
vn 0.285 0.9354 0.2095
vn 0.0989 0.6017 0.7926
vn 0.2366 0.4963 0.8353
vn 0.065 0.6887 0.7221
vn 0.6735 0.6659 -0.3209
vn 0.2427 0.9189 -0.311
vn 0.051 0.9167 0.3964
vn 0.5265 0.5999 0.6024
vn 0.8389 -0.5191 -0.1635
vn 0.6367 0.1547 0.7555
vn 0.5764 -0.7247 0.3777
vn 0.8781 -0.208 0.4309
vn 0.7675 -0.5465 0.3352
vn 0.9944 0.0872 0.0596
vn 0.7476 0.2378 0.6201
vn 0.3073 0.3348 0.8908
vn 0.7313 -0.0417 -0.6808
vn 0.7804 0.4849 0.3947
vn 0.3115 0.5304 0.7885
vn 0.6938 0.3291 0.6406
vn 0.8078 -0.0164 -0.5892
vn 0.8236 0.5363 -0.1845
vn 0.7649 0.2151 0.6072
vn 0.4434 0.3562 0.8225
vn 0.2358 0.0705 0.9692
vn 0.7351 0.3242 0.5954
vn 0.984 -0.155 -0.0882
vn 0.2463 -0.9527 -0.178
vn 0.3014 -0.6008 -0.7404
vn 0.5236 -0.8376 -0.1557
vn 0.2475 -0.4192 -0.8735
vn 0.7837 -0.3307 -0.5258
vn 0.9075 -0.3321 -0.2572
vn 0.548 -0.3277 0.7696
vn 0.2502 -0.3113 0.9168
vn 0.3351 -0.4559 0.8246
vn 0.8995 0.3171 0.3007
vn 0.8287 0.2483 0.5015
vn 0.7929 -0.2062 -0.5734
vn 0.6893 -0.0872 -0.7192
vn 0.8347 -0.3394 0.4337
vn 0.8702 -0.4099 -0.2733
vn 0.4937 0.2458 0.8342
vn 0.8141 0.3698 0.4477
vn 0.9378 0.1038 0.3313
vn 0.5639 -0.0004 0.8259
vn 0.6374 -0.7471 -0.1886
vn 0.5792 -0.4298 -0.6927
vn 0.9782 -0.1201 -0.1696
vn 0.9942 0.018 -0.1057
vn 0.5766 -0.2775 -0.7685
vn 0.7301 0.2052 -0.6518
vn 0.9981 0.0559 -0.0241
vn 0.641 -0.0714 0.7642
vn 0.7198 -0.4602 0.5198
vn 0.598 0.3011 0.7427
vn 0.9959 0.0738 0.0531
vn 0.8651 0.3671 -0.3417
vn 0.9041 -0.3262 0.276
vn 0.8645 0.2378 -0.4428
vn 0.8346 0.1127 -0.5392
vn 0.8433 -0.2816 0.4577
vn 0.8235 0.013 -0.5671
vn 0.9303 0.2533 0.2652
vn 0.846 0.2729 -0.4581
vn 0.8679 -0.0028 -0.4967
vn 0.7343 -0.1165 0.6688
vn 0.7311 0.3563 -0.5819
vn 0.8595 0.4588 -0.2255
vn 0.9676 -0.171 -0.1859
vn 0.9738 0.2179 -0.0656
vn 0.9962 0.0398 -0.0778
vn 0.875 0.1581 -0.4576
vn 0.9794 0.2002 0.0258
vn 0.9643 0.0672 -0.2561
vn 0.8918 0.3907 -0.228
vn 0.9977 0.0523 -0.042
vn 0.8838 0.2901 -0.367
vn 0.906 -0.1379 -0.4001
vn 0.9264 0.1486 -0.3459
vn 0.9576 0.064 -0.2809
vn 0.9872 -0.0326 0.1563
vn 0.8714 0.0315 -0.4896
vn 0.9089 -0.1716 -0.38
vn 0.637 0.0278 -0.7704
vn 0.8293 -0.0561 -0.5559
vn 0.9857 -0.161 -0.0492
vn 0.9844 -0.1295 -0.119
vn 0.8759 -0.4353 0.2081
vn 0.9992 -0.0329 -0.0225
vn 0.8382 -0.1334 0.5288
vn 0.9864 -0.1441 -0.0786
vn 0.9629 -0.1731 -0.2071
vn 0.9402 -0.1736 -0.2929
vn 0.8162 -0.3596 -0.4523
vn 0.6701 -0.0101 0.7422
vn 0.5494 -0.1616 0.8198
vn 0.2578 -0.8735 0.4129
vn 0.3413 -0.9153 -0.2138
vn 0.8829 -0.4467 0.1443
vn 0.963 0.0167 0.2691
vn 0.8099 0.5843 -0.052
vn 0.3812 -0.2153 0.8991
vn 0.3535 -0.3569 0.8647
vn 0.9259 -0.3407 -0.1631
vn 0.7799 -0.6077 0.1501
vn 0.8666 -0.0771 0.493
vn 0.8457 -0.022 -0.5332
vn 0.9622 -0.2524 0.1022
vn 0.8181 0.3474 -0.4583
vn 0.8741 0.3272 -0.3591
vn 0.9984 0.0133 0.0552
vn 0.6172 -0.203 -0.7602
vn 0.8909 -0.0174 -0.4538
vn 0.9228 0.0451 -0.3826
vn 0.8747 0.4669 -0.1297
vn 0.6737 0.6965 0.247
vn 0.847 0.5306 0.0336
vn 0.9704 -0.2144 -0.1111
vn 0.8847 0.364 -0.2912
vn 0.993 -0.1171 0.0155
vn 0.4404 0.2337 0.8668
vn 0.3996 -0.6709 0.6247
vn 0.9407 -0.1775 0.289
vn 0.9467 0.3203 0.0337
vn 0.9414 0.1808 0.2846
vn 0.7667 0.4876 0.4177
vn 0.9013 0.4329 -0.0126
vn 0.5278 -0.1076 0.8425
vn 0.6443 -0.0578 0.7626
vn 0.9941 0.0505 0.0957
vn 0.6665 0.525 0.5293
vn 0.762 -0.6371 -0.1156
vn 0.9326 0.0483 -0.3578
vn 0.2857 -0.8656 0.4111
vn 0.6003 -0.741 0.301
vn 0.199 -0.8637 0.463
vn 0.2236 -0.8811 0.4167
vn 0.2486 -0.8975 0.3642
vn 0.7119 -0.5833 0.3911
vn 0.3228 -0.1843 0.9284
vn 0.0974 -0.4103 0.9067
vn 0.3184 0.5833 0.7473
vn 0.3346 0.9376 0.0946
vn 0.4297 0.4757 0.7675
vn 0.8452 0.4572 -0.2767
vn 0.7998 0.5275 0.2865
vn 0.9653 -0.1886 0.1809
vn 0.1937 0.6801 0.7071
vn 0.5195 0.3006 0.7998
vn 0.2511 0.9052 0.3428
vn 0.7784 0.3726 0.5052
vn 0.979 0.155 0.1323
vn 0.9057 0.2295 0.3566
vn 0.7897 -0.6134 -0.0041
vn 0.8507 -0.4679 -0.2397
vn 0.8563 0.3776 -0.3523
vn 0.8704 0.3787 -0.3147
vn 0.8465 0.3255 -0.4213
vn 0.824 -0.4746 -0.3096
vn 0.8007 -0.3037 -0.5163
vn 0.5716 0.3921 0.7207
vn 0.6085 0.6581 -0.4435
vn 0.9239 -0.3501 0.1547
vn 0.9875 0.117 0.1056
vn 0.3839 0.9233 0.0099
vn 0.996 0.0071 0.0895
vn 0.2569 0.9361 0.2402
vn 0.9566 0.1887 -0.2221
vn 0.8554 0.518 -0.0049
vn 0.6169 0.7239 0.3088
vn 0.9529 0.2202 -0.2086
vn 0.8119 0.0922 -0.5765
vn 0.1982 0.9565 0.214
vn 0.2991 0.9531 -0.0457
vn 0.6923 -0.3615 -0.6245
vn 0.2923 -0.4353 -0.8515
vn 0.4233 -0.4067 -0.8096
vn 0.9055 -0.2637 -0.3325
vn 0.604 -0.6216 -0.4988
vn 0.2672 -0.4643 -0.8444
vn 0.2182 -0.5748 -0.7887
vn 0.95 -0.1956 0.2435
vn 0.9976 0.0462 -0.0513
vn 0.9174 -0.3929 0.0635
vn 0.5874 0.1218 0.8001
vn 0.2432 0.4193 0.8747
vn 0.9091 -0.2053 -0.3625
vn 0.6525 -0.5603 -0.5102
vn 0.0858 0.6684 0.7388
vn 0.8899 -0.1922 -0.4137
vn 0.6795 0.0699 -0.7303
vn 0.91 0.1439 -0.3888
vn 0.9161 0.4006 -0.016
vn 0.0825 0.611 0.7873
vn 0.075 0.434 0.8978
vn 0.245 0.6465 0.7225
vn 0.4621 0.4119 -0.7854
vn 0.1299 -0.193 -0.9726
vn 0.839 -0.1361 -0.5269
vn 0.9011 -0.1421 -0.4096
vn 0.6832 0.095 0.724
vn 0.1884 -0.2424 -0.9517
vn 0.4532 0.6498 0.6103
vn 0.7394 0.5743 -0.3512
vn 0.5282 0.8005 0.2831
vn 0.2237 -0.3983 -0.8896
vn 0.2643 0.3534 0.8974
vn 0.2217 0.1452 0.9642
vn 0.9608 -0.2765 -0.0201
vn 0.8844 -0.2886 -0.3669
vn 0.8419 -0.2449 -0.4809
vn 0.6577 0.2566 -0.7082
vn 0.6244 0.2787 -0.7297
vn 0.6995 -0.0622 -0.7119
vn 0.6954 0.1668 -0.699
vn 0.7471 0.118 -0.6541
vn 0.127 0.3397 0.9319
vn 0.1014 0.1766 0.9791
vn 0.5881 0.195 0.7849
vn 0.1217 -0.1266 0.9845
vn 0.3762 -0.2936 0.8788
vn 0.8736 -0.4206 0.2449
vn 0.6028 0.0031 0.7978
vn 0.8558 -0.2336 0.4616
vn 0.7142 -0.268 -0.6466
vn 0.8128 0.1783 0.5545
vn 0.9037 0.4026 0.146
vn 0.766 0.3449 -0.5424
vn 0.665 -0.141 0.7334
vn 0.936 -0.0479 -0.3487
vn 0.9844 0.0089 -0.1759
vn 0.7943 0.112 -0.5971
vn 0.9956 -0.0803 -0.0489
vn 0.7586 0.2061 -0.6181
vn 0.298 -0.4561 0.8385
vn 0.998 -0.0622 -0.008
vn 0.8113 0.2964 -0.504
vn 0.9997 0.0148 0.0217
vn 0.279 -0.5571 0.7821
vn 0.2649 -0.6955 0.6679
vn 0.9974 -0.0306 0.0649
vn 0.3652 -0.8793 -0.3058
vn 0.5213 -0.3112 0.7946
vn 0.9997 -0.0209 -0.0127
vn 0.9994 0.026 0.0219
vn 0.9962 0.051 0.0712
vn 0.9157 0.1288 -0.3807
vn 0.8992 0.1282 -0.4183
vn 0.9102 0.2252 -0.3476
vn 0.8584 0.2233 -0.4618
vn 0.8324 0.3492 -0.4303
vn 0.8311 0.3992 -0.3873
vn 0.8254 0.4306 -0.3651
vn 0.8631 0.4271 -0.2695
vn 0.9104 0.2664 -0.3165
vn 0.8425 0.4758 0.2526
vn 0.3372 -0.9338 0.1194
vn 0.2738 -0.8234 0.497
vn 0.9816 -0.1153 0.152
vn 0.1862 -0.5983 0.7793
vn 0.8596 0.4364 0.266
vn 0.2059 -0.936 0.2855
vn 0.1595 -0.8832 0.441
vn 0.8102 -0.5384 0.2317
vn 0.8656 -0.433 0.2513
vn 0.2615 -0.951 0.1647
vtan -0.3466 0.1298 -0.929
vtan -0.131 -0.0168 -0.9912
vtan -0.1571 0.0644 -0.9855
vtan -0.2309 0.0068 -0.973
vtan 0.2476 -0.1433 -0.9582
vtan 0.1138 -0.3488 -0.9302
vtan 0.3024 -0.0512 -0.9518
vtan 0.0097 -0.131 -0.9913
vtan 0.0516 -0.025 -0.9984
vtan 0.2861 -0.1233 -0.9502
vtan -0.1273 -0.3228 -0.9379
vtan 0.1106 -0.2732 -0.9556
vtan 0.2855 -0.2695 -0.9197
vtan -0.6504 -0.1204 -0.75
vtan -0.4462 -0.3909 -0.8051
vtan -0.234 -0.1029 -0.9668
vtan -0.5148 -0.0024 -0.8573
vtan -0.4234 0.0523 -0.9044
vtan -0.4117 -0.1158 -0.9039
vtan -0.5529 -0.0442 -0.8321
vtan -0.4995 -0.0015 -0.8663
vtan -0.6094 0.0631 -0.7903
vtan 0.0268 -0.3314 -0.9431
vtan -0.4722 -0.2727 -0.8383
vtan 0.1185 0.027 -0.9926
vtan -0.1411 0.1643 -0.9763
vtan 0.1555 -0.2064 -0.966
vtan -0.4389 -0.1293 -0.8892
vtan -0.55 0.0223 -0.8348
vtan -0.8333 0.0958 -0.5445
vtan 0.0936 0.072 -0.993
vtan -0.4248 0.1642 -0.8903
vtan -0.5894 -0.0597 -0.8056
vtan 0.1406 -0.0858 -0.9863
vtan -0.5508 0.024 -0.8343
vtan -0.0821 -0.029 -0.9962
vtan -0.5216 -0.0551 -0.8514
vtan -0.0891 -0.0961 -0.9914
vtan -0.1001 -0.0158 -0.9949
vtan 0.0158 -0.0482 -0.9987
vtan 0.0855 -0.1008 -0.9912
vtan 0.0319 -0.1714 -0.9847
vtan -0.0273 -0.0207 -0.9994
vtan 0.4901 -0.0288 -0.8712
vtan -0.0358 -0.011 -0.9993
vtan 0.6834 -0.0178 -0.7299
vtan 0.3859 -0.0895 -0.9182
vtan 0.0859 -0.1729 -0.9812
vtan 0.4051 -0.1902 -0.8943
vtan -0.5109 -0.2439 -0.8243
vtan -0.4544 -0.1601 -0.8763
vtan -0.3092 -0.1226 -0.9431
vtan 0.1283 -0.2144 -0.9683
vtan -0.1612 0.0268 -0.9866
vtan 0.0772 0.0374 -0.9963
vtan -0.0334 -0.0533 -0.998
vtan 0.134 -0.2792 -0.9508
vtan -0.6728 -0.1443 -0.7256
vtan 0.6625 -0.148 -0.7343
vtan -0.1165 -0.0354 -0.9926
vtan 0.4386 -0.006 -0.8987
vtan -0.68 -0.1963 -0.7065
vtan -0.7021 -0.1185 -0.7021
vtan 0.372 -0.414 -0.8308
vtan 0.3693 -0.0146 -0.9292
vtan -0.0557 0.0853 -0.9948
vtan 0.1225 0.025 -0.9922
vtan -0.8845 0.047 -0.4641
vtan -0.715 -0.0683 -0.6957
vtan -0.4758 -0.0166 -0.8794
vtan 0.6116 -0.3915 -0.6876
vtan 0.2954 -0.0953 -0.9506
vtan 0.1578 0.023 -0.9872
vtan 0.4747 0.3959 -0.7861
vtan -0.3909 0.37 -0.8428
vtan -0.0773 0.419 -0.9047
vtan -0.5745 0.665 -0.4773
vtan -0.9775 0.1094 -0.1805
vtan -0.6989 0.4225 -0.5771
vtan -0.9243 0.0293 -0.3806
vtan 0.3203 -0.0912 -0.9429
vtan -0.3823 0.0551 -0.9224
vtan 0.1678 -0.1442 -0.9752
vtan 0.344 -0.5681 -0.7476
vtan 0.7373 -0.2547 -0.6256
vtan 0.5815 -0.4617 -0.6699
vtan 0.3936 -0.0011 -0.9193
vtan -0.1387 0.1231 -0.9827
vtan -0.3789 0.0761 -0.9223
vtan -0.6295 -0.0385 -0.776
vtan -0.6215 0.0369 -0.7826
vtan -0.0144 -0.0834 -0.9964
vtan -0.5032 -0.2693 -0.8212
vtan 0.2607 -0.0582 -0.9637
vtan 0.3191 0.0325 -0.9472
vtan 0.0811 -0.1273 -0.9885
vtan -0.8811 -0.2096 -0.4239
vtan -0.0404 -0.1983 -0.9793
vtan -0.5494 -0.1712 -0.8178
vtan -0.9692 -0.118 -0.2162
vtan -0.9713 -0.1129 -0.2094
vtan -0.879 -0.2525 -0.4046
vtan 0.8026 -0.0109 -0.5964
vtan 0.4108 0.031 -0.9112
vtan -0.3918 -0.3373 -0.856
vtan -0.6203 -0.2075 -0.7565
vtan -0.0551 -0.3856 -0.921
vtan -0.5939 -0.054 -0.8027
vtan -0.7492 -0.1022 -0.6544
vtan -0.4732 -0.246 -0.8459
vtan -0.5031 -0.1762 -0.8461
vtan -0.0153 -0.4337 -0.9009
vtan -0.5723 -0.2343 -0.7859
vtan -0.9445 -0.0028 -0.3286
vtan 0.6419 -0.2929 -0.7087
vtan -0.2849 -0.2858 -0.915
vtan -0.8683 -0.1754 -0.464
vtan -0.5767 -0.2732 -0.77
vtan 0.5899 0.0601 -0.8052
vtan -0.6299 0.0486 -0.7752
vtan 0.0115 0.3097 -0.9508
vtan -0.8117 -0.2318 -0.5361
vtan -0.5813 -0.1509 -0.7996
vtan -0.9638 -0.1109 -0.2424
vtan 0.0741 -0.1001 -0.9922
vtan 0.4682 -0.0444 -0.8825
vtan 0.3243 0.026 -0.9456
vtan 0.7532 -0.3264 -0.5711
vtan 0.7105 -0.5301 -0.4627
vtan 0.1653 -0.271 -0.9483
vtan 0.3388 -0.4843 -0.8067
vtan -0.8152 0.0094 -0.5791
vtan -0.9366 -0.0651 -0.3442
vtan -0.9629 0.0205 -0.2689
vtan -0.3425 0.0769 -0.9364
vtan 0.581 -0.0225 -0.8136
vtan -0.5464 0.1514 -0.8237
vtan 0.6883 -0.2321 -0.6873
vtan 0.2279 -0.1563 -0.9611
vtan -0.4482 0.0404 -0.893
vtan -0.8572 -0.0336 -0.514
vtan -0.5166 0.1029 -0.85
vtan -0.8205 0.11 -0.5609
vtan -0.3476 0.21 -0.9138
vtan 0.3246 0.032 -0.9453
vtan 0.1575 -0.1095 -0.9814
vtan 0.6625 -0.2439 -0.7082
vtan 0.1066 -0.2191 -0.9699
vtan 0.6847 -0.2208 -0.6946
vtan 0.7472 -0.202 -0.6331
vtan 0.0232 0.0165 -0.9996
vtan -0.4799 0.2044 -0.8532
vtan -0.7447 0.1824 -0.6419
vtan -0.0444 -0.1108 -0.9928
vtan -0.7604 -0.078 -0.6447
vtan 0.3928 -0.058 -0.9178
vtan 0.4658 -0.0463 -0.8837
vtan -0.3041 -0.028 -0.9522
vtan 0.5417 0.0022 -0.8406
vtan 0.5651 0.0624 -0.8226
vtan -0.4379 0.1316 -0.8893
vtan -0.2803 0.0124 -0.9598
vtan 0.4935 0.1341 -0.8593
vtan 0.4228 0.1714 -0.8899
vtan -0.6505 0.1606 -0.7423
vtan 0.5792 0.1212 -0.8061
vtan 0.2093 0.0786 -0.9747
vtan 0.1542 -0.1795 -0.9716
vtan 0.1054 -0.1759 -0.9787
vtan 0.4836 -0.2407 -0.8416
vtan 0.0835 -0.1662 -0.9825
vtan -0.0238 -0.0114 -0.9997
vtan 0.261 -0.0864 -0.9615
vtan 0.0483 -0.1086 -0.9929
vtan 0.2575 -0.0279 -0.9659
vtan 0.3824 0.0031 -0.924
vtan 0.3492 -0.2779 -0.8949
vtan 0.3705 -0.1866 -0.9099
vtan -0.1582 -0.1424 -0.9771
vtan 0.2871 -0.1316 -0.9488
vtan 0.4892 -0.1041 -0.8659
vtan 0.3532 -0.1633 -0.9212
vtan 0.5562 0.1781 -0.8117
vtan 0.7704 0.0135 -0.6374
vtan 0.0709 0.122 -0.99
vtan -0.1077 0.2388 -0.9651
vtan 0.1436 0.1762 -0.9738
vtan 0.0268 0.1508 -0.9882
vtan -0.483 0.2618 -0.8356
vtan 0.0984 0.1191 -0.988
vtan 0.2437 0.2067 -0.9476
vtan 0.5285 0.136 -0.838
vtan 0.3258 0.2026 -0.9235
vtan -0.7379 0.1074 -0.6664
vtan -0.8186 0.0911 -0.5671
vtan -0.3952 0.2961 -0.8696
vtan -0.1702 -0.0169 -0.9853
vtan 0.5934 0.0348 -0.8042
vtan -0.0103 0.1039 -0.9945
vtan -0.2679 -0.0585 -0.9617
vtan -0.9075 0.091 -0.4101
vtan -0.9112 0.0738 -0.4054
vtan 0.2091 0.0983 -0.973
vtan -0.1388 0.0619 -0.9884
vtan -0.4334 0.3638 -0.8245
vtan 0.5267 0.1998 -0.8262
vtan -0.0534 0.1926 -0.9798
vtan 0.3695 0.318 -0.8731
vtan -0.0532 -0.0162 -0.9985
vtan 0.2919 0.2403 -0.9258
vtan 0.772 -0.0303 -0.6349
vtan 0.4491 0.1939 -0.8722
vtan 0.3565 0.2775 -0.8921
vtan 0.0817 0.123 -0.989
vtan -0.0692 0.0474 -0.9965
vtan -0.2448 -0.1048 -0.9639
vtan 0.1627 0.2423 -0.9565
vtan 0.0101 0.215 -0.9766
vtan 0.2524 0.1528 -0.9555
vtan -0.8975 0.0899 -0.4318
vtan -0.2351 0.2731 -0.9328
vtan -0.4514 0.4491 -0.7711
vtan -0.0275 -0.0243 -0.9993
vtan -0.2795 -0.0539 -0.9586
vtan -0.0363 0.1049 -0.9938
vtan -0.389 -0.1648 -0.9064
vtan -0.8259 0.1613 -0.5402
vtan -0.7358 0.2201 -0.6404
vtan -0.0902 -0.1011 -0.9908
vtan -0.486 -0.2325 -0.8425
vtan 0.2229 0.0906 -0.9706
vtan 0.3542 0.0692 -0.9326
vtan -0.0 -0.0 -1.0
vtan -0.6993 0.105 -0.707
vtan -0.4477 0.0005 -0.8942
vtan -0.8462 0.0869 -0.5257
vtan 0.0 -0.0 -1.0
vtan 0.0 0.0 -1.0
vtan 0.1827 0.4578 -0.8701
vtan -0.5276 -0.0765 -0.8461
vtan -0.8233 0.0024 -0.5677
vtan -0.918 0.1778 -0.3544
vtan -0.9778 0.1304 -0.1641
vtan -0.9463 0.1483 -0.2874
vtan -0.7872 0.2229 -0.5751
vtan -0.8996 0.1516 -0.4095
vtan -0.0006 -0.0029 -1.0
vtan 0.0 -0.0026 -1.0
vtan 0.0 -0.0 -1.0
vtan 0.2345 0.1501 -0.9605
vtan -0.3297 -0.0133 -0.944
vtan -0.2115 -0.1547 -0.9651
vtan -0.971 0.0298 -0.2374
vtan -0.8492 0.0782 -0.5222
vtan -0.8298 0.019 -0.5577
vtan -0.5598 0.0479 -0.8272
vtan 0.0 -0.0 -1.0
vtan 0.0 0.0 -1.0
vtan 0.0 -0.0 -1.0
vtan -0.1039 -0.1793 -0.9783
vtan -0.3475 -0.0801 -0.9343
vtan 0.0 -0.0 -1.0
vtan -0.0 -0.0 -1.0
vtan 0.0 0.0 -1.0
vtan 0.0001 -0.0013 -1.0
vtan -0.082 -0.1138 -0.9901
vtan 0.2141 -0.1097 -0.9706
vtan 0.3606 0.0723 -0.9299
vtan 0.2916 0.1203 -0.9489
vtan 0.4147 0.1155 -0.9026
vtan 0.4399 -0.2891 -0.8502
vtan 0.1894 -0.283 -0.9403
vtan -0.8016 0.0782 -0.5927
vtan 0.6267 -0.0573 -0.7772
vtan -0.1848 -0.0539 -0.9813
vtan -0.092 -0.12 -0.9885
vtan 0.0557 -0.0358 -0.9978
vtan -0.0879 -0.1326 -0.9873
vtan -0.4791 -0.0943 -0.8727
vtan 0.2614 -0.2252 -0.9386
vtan -0.178 0.3007 -0.937
vtan -0.6728 0.2808 -0.6845
vtan 0.1886 0.107 -0.9762
vtan 0.5834 -0.1593 -0.7964
vtan -0.9245 0.1092 -0.3651
vtan -0.1296 0.0874 -0.9877
vtan 0.5647 -0.2669 -0.781
vtan 0.2778 -0.2109 -0.9372
vtan 0.7241 -0.3815 -0.5745
vtan 0.7413 -0.4572 -0.4914
vtan 0.4987 -0.1833 -0.8472
vtan 0.7673 -0.4256 -0.4797
vtan 0.704 -0.4665 -0.5355
vtan -0.2619 -0.0734 -0.9623
vtan -0.1956 -0.2704 -0.9427
vtan 0.0579 -0.0125 -0.9982
vtan -0.7642 -0.2314 -0.602
vtan -0.8045 -0.3995 -0.4395
vtan 0.4503 -0.2534 -0.8561
vtan 0.2606 -0.4048 -0.8765
vtan -0.9608 -0.1393 -0.2399
vtan 0.3249 -0.3599 -0.8746
vtan 0.7253 -0.1869 -0.6626
vtan 0.4092 -0.1393 -0.9018
vtan 0.0832 -0.1389 -0.9868
vtan -0.9906 -0.0347 -0.1324
vtan -0.9971 0.0336 -0.0684
vtan 0.6596 -0.3353 0.6726
vtan 0.9671 -0.1949 0.1633
vtan 0.996 -0.0746 0.0488
vtan 0.8852 -0.162 -0.4362
vtan 0.8967 -0.436 -0.0762
vtan 0.5345 0.016 -0.845
vtan 0.9911 -0.0016 -0.1331
vtan 0.3974 -0.1112 -0.9109
vtan -0.7271 0.0154 -0.6863
vtan 0.9783 -0.0371 -0.2041
vtan -0.8349 0.0924 -0.5426
vtan -0.2455 -0.1615 -0.9559
vtan 0.1119 0.408 -0.9061
vtan 0.3337 -0.8294 -0.4481
vtan -0.9617 0.0349 -0.2721
vtan -0.9749 0.0466 -0.2179
vtan -0.0283 -0.1564 -0.9873
vtan 0.2619 -0.3471 -0.9005
vtan 0.4211 -0.2558 -0.8702
vtan 0.7459 -0.0803 -0.6612
vtan 0.7641 -0.0202 -0.6447
vtan 0.6899 -0.2018 -0.6952
vtan 0.708 0.0091 -0.7061
vtan 0.6504 0.0678 -0.7566
vtan -0.9792 -0.1067 -0.1726
vtan -0.8071 0.0766 -0.5854
vtan -0.9948 0.0228 -0.0989
vtan -0.9756 0.167 -0.1428
vtan -0.8825 0.1726 -0.4375
vtan -0.7865 0.1688 -0.594
vtan -0.2415 0.0558 -0.9688
vtan 0.637 -0.1288 -0.76
vtan -0.4366 0.1524 -0.8867
vtan -0.5812 0.1478 -0.8002
vtan -0.1954 0.0805 -0.9774
vtan 0.555 0.0645 -0.8293
vtan -0.5349 0.5899 -0.6049
vtan 0.3528 0.1561 -0.9226
vtan 0.1626 0.3394 -0.9265
vtan 0.5482 0.2919 -0.7838
vtan 0.0795 0.418 -0.905
vtan 0.5446 0.3204 -0.7751
vtan 0.0414 0.4678 -0.8829
vtan -0.91 0.1333 -0.3927
vtan 0.4172 0.3196 -0.8508
vtan -0.0295 0.469 -0.8827
vtan -0.8983 0.1404 -0.4164
vtan -0.0477 0.3763 -0.9253
vtan -0.8374 0.1781 -0.5167
vtan 0.675 0.0251 -0.7374
vtan -0.7203 0.3346 -0.6076
vtan 0.0157 0.1395 -0.9901
vtan -0.0243 0.0766 -0.9968
vtan -0.0703 0.0291 -0.9971
vtan 0.3504 0.2136 -0.9119
vtan 0.3701 0.2894 -0.8828
vtan 0.3248 0.1534 -0.9332
vtan 0.4247 0.2043 -0.882
vtan 0.4259 0.1119 -0.8978
vtan 0.3857 0.0971 -0.9175
vtan 0.3207 0.1767 -0.9306
vtan 0.217 0.1701 -0.9612
vtan 0.2728 0.1904 -0.943
vtan -0.2729 -0.0273 -0.9617
vtan 0.1556 0.1825 -0.9708
vtan -0.5737 0.2768 -0.7709
vtan -0.1126 0.296 -0.9485
vtan -0.9352 0.1358 -0.3271
vtan -0.3889 0.2203 -0.8946
vtan 0.4115 0.3475 -0.8426
vtan -0.3082 0.3798 -0.8722
vtan -0.2482 0.0428 -0.9678
vtan -0.0 0.0 -1.0
vtan -0.0 0.0 -1.0
vtan -0.317 -0.0855 -0.9446
vtan -0.0 0.0 -1.0
vtan -0.5725 -0.0155 -0.8197
vtan 0.0 -0.0 -1.0
vtan 0.3466 -0.1316 -0.9287
vtan 0.1571 -0.066 -0.9854
vtan 0.1312 0.0139 -0.9913
vtan 0.2303 -0.0112 -0.9731
vtan -0.2478 0.1412 -0.9585
vtan -0.3025 0.0493 -0.9519
vtan -0.1141 0.3471 -0.9309
vtan -0.0096 0.1293 -0.9916
vtan -0.2865 0.1207 -0.9505
vtan -0.0517 0.0228 -0.9984
vtan 0.1273 0.3228 -0.9379
vtan -0.2854 0.2686 -0.92
vtan -0.111 0.2716 -0.956
vtan 0.6504 0.1204 -0.75
vtan 0.4462 0.3909 -0.8051
vtan 0.234 0.1029 -0.9668
vtan 0.4234 -0.0523 -0.9044
vtan 0.5148 0.0024 -0.8573
vtan 0.553 0.043 -0.8321
vtan 0.4116 0.1157 -0.904
vtan 0.4997 -0.0007 -0.8662
vtan 0.6093 -0.0645 -0.7903
vtan -0.027 0.3292 -0.9439
vtan 0.4725 0.2708 -0.8387
vtan -0.1167 -0.027 -0.9928
vtan -0.1548 0.21 -0.9654
vtan 0.1409 -0.1657 -0.9761
vtan 0.4395 0.1245 -0.8896
vtan 0.8331 -0.0971 -0.5445
vtan 0.5501 -0.0246 -0.8347
vtan -0.0937 -0.0734 -0.9929
vtan 0.5897 0.0586 -0.8055
vtan 0.4247 -0.1654 -0.8901
vtan -0.1404 0.0835 -0.9866
vtan 0.0822 0.0272 -0.9962
vtan 0.5506 -0.0253 -0.8344
vtan 0.5216 0.0535 -0.8515
vtan 0.1001 0.0141 -0.9949
vtan 0.0891 0.0941 -0.9916
vtan -0.0158 0.0462 -0.9988
vtan -0.032 0.1693 -0.985
vtan -0.0853 0.0986 -0.9915
vtan 0.0273 0.0188 -0.9994
vtan -0.4896 0.0277 -0.8715
vtan 0.0358 0.0092 -0.9993
vtan -0.3861 0.0877 -0.9183
vtan -0.6833 0.0163 -0.7299
vtan -0.4051 0.1881 -0.8947
vtan -0.086 0.1709 -0.9815
vtan 0.5111 0.2418 -0.8248
vtan 0.4546 0.158 -0.8766
vtan 0.3092 0.1205 -0.9433
vtan -0.1284 0.2127 -0.9686
vtan 0.1612 -0.0284 -0.9865
vtan -0.0772 -0.039 -0.9963
vtan 0.0334 0.0517 -0.9981
vtan -0.1336 0.2766 -0.9517
vtan 0.6729 0.1424 -0.7259
vtan -0.6627 0.1463 -0.7344
vtan -0.4384 0.004 -0.8988
vtan 0.1172 0.0333 -0.9926
vtan 0.6802 0.1945 -0.7068
vtan 0.7024 0.1169 -0.7021
vtan -0.3725 0.4121 -0.8315
vtan -0.3694 0.0132 -0.9292
vtan 0.0557 -0.0873 -0.9946
vtan -0.1224 -0.0264 -0.9921
vtan 0.8845 -0.0475 -0.4641
vtan 0.4757 0.0151 -0.8795
vtan 0.7151 0.0671 -0.6958
vtan -0.612 0.3901 -0.688
vtan -0.1577 -0.0244 -0.9872
vtan -0.2956 0.0943 -0.9507
vtan -0.4749 -0.3958 -0.786
vtan 0.0774 -0.4192 -0.9046
vtan 0.391 -0.3702 -0.8427
vtan 0.5744 -0.6652 -0.4771
vtan 0.6991 -0.4223 -0.577
vtan 0.9775 -0.1092 -0.1806
vtan 0.9242 -0.0295 -0.3807
vtan -0.3208 0.0896 -0.9429
vtan -0.1679 0.1427 -0.9754
vtan 0.3824 -0.0561 -0.9223
vtan -0.3434 0.5675 -0.7484
vtan -0.5806 0.4642 -0.669
vtan -0.7338 0.2616 -0.6269
vtan -0.3971 0.0097 -0.9177
vtan 0.1448 -0.1027 -0.9841
vtan 0.3812 -0.0582 -0.9227
vtan 0.6306 0.0655 -0.7734
vtan 0.0192 0.0877 -0.996
vtan 0.6229 -0.0193 -0.7821
vtan 0.5034 0.2838 -0.8161
vtan -0.2599 0.0776 -0.9625
vtan -0.0748 0.1678 -0.983
vtan -0.3218 -0.0267 -0.9464
vtan 0.8764 0.2275 -0.4244
vtan 0.5418 0.2078 -0.8144
vtan 0.0392 0.207 -0.9776
vtan 0.9683 0.1255 -0.216
vtan 0.8782 0.2586 -0.4024
vtan 0.9683 0.1315 -0.2126
vtan -0.4118 -0.0224 -0.911
vtan -0.8026 0.0102 -0.5965
vtan 0.3878 0.3476 -0.8537
vtan 0.6185 0.2159 -0.7556
vtan 0.0578 0.3837 -0.9216
vtan 0.7477 0.1159 -0.6539
vtan 0.5979 0.0588 -0.7994
vtan 0.4737 0.251 -0.8442
vtan 0.5019 0.1868 -0.8445
vtan 0.0157 0.4358 -0.8999
vtan 0.5737 0.2391 -0.7834
vtan 0.9466 -0.0113 -0.3223
vtan -0.6415 0.2972 -0.7073
vtan 0.2822 0.29 -0.9145
vtan 0.8679 0.1791 -0.4634
vtan 0.5628 0.3073 -0.7674
vtan -0.5893 -0.0434 -0.8067
vtan -0.0122 -0.3086 -0.9511
vtan 0.6272 -0.0339 -0.7781
vtan 0.8101 0.2334 -0.5378
vtan 0.9636 0.1122 -0.2426
vtan 0.5797 0.1548 -0.8
vtan -0.0736 0.0976 -0.9925
vtan -0.4682 0.0438 -0.8825
vtan -0.7538 0.3254 -0.5709
vtan -0.3244 -0.027 -0.9455
vtan -0.7079 0.5373 -0.4584
vtan -0.3371 0.4846 -0.8072
vtan -0.1656 0.2798 -0.9457
vtan 0.8135 -0.0054 -0.5816
vtan 0.9631 -0.0169 -0.2686
vtan 0.9368 0.0674 -0.3434
vtan 0.3442 -0.0901 -0.9346
vtan 0.5463 -0.1645 -0.8213
vtan -0.5834 0.0153 -0.8121
vtan -0.6874 0.2347 -0.6873
vtan 0.4462 -0.045 -0.8938
vtan -0.2252 0.1625 -0.9607
vtan 0.8565 0.0288 -0.5153
vtan 0.5184 -0.1156 -0.8473
vtan 0.3466 -0.2274 -0.91
vtan 0.8195 -0.1234 -0.5596
vtan -0.3253 -0.0391 -0.9448
vtan -0.6626 0.2467 -0.7071
vtan -0.157 0.1077 -0.9817
vtan -0.1071 0.2197 -0.9697
vtan -0.7463 0.2039 -0.6336
vtan -0.6834 0.2236 -0.695
vtan -0.023 -0.0206 -0.9995
vtan 0.7434 -0.1898 -0.6413
vtan 0.4775 -0.2153 -0.8519
vtan 0.7603 0.0802 -0.6446
vtan 0.0444 0.1152 -0.9923
vtan -0.3914 0.068 -0.9177
vtan 0.304 0.0372 -0.9519
vtan -0.4668 0.0534 -0.8827
vtan -0.5427 0.0014 -0.8399
vtan 0.4429 -0.1184 -0.8887
vtan -0.5653 -0.0635 -0.8224
vtan 0.2792 -0.0202 -0.96
vtan -0.4223 -0.1814 -0.8881
vtan -0.4921 -0.1409 -0.859
vtan 0.6493 -0.1668 -0.742
vtan -0.578 -0.1298 -0.8057
vtan -0.2082 -0.0886 -0.9741
vtan -0.1535 0.1861 -0.9705
vtan -0.1058 0.1782 -0.9783
vtan -0.0835 0.1721 -0.9815
vtan -0.4837 0.2439 -0.8406
vtan 0.0238 0.0121 -0.9996
vtan -0.2613 0.086 -0.9614
vtan -0.2571 0.0229 -0.9661
vtan -0.0475 0.1089 -0.9929
vtan -0.3811 -0.0083 -0.9245
vtan -0.3514 0.2817 -0.8928
vtan -0.37 0.1904 -0.9093
vtan -0.2872 0.1346 -0.9484
vtan 0.1593 0.1364 -0.9778
vtan -0.4899 0.1102 -0.8648
vtan -0.3509 0.1775 -0.9194
vtan -0.7703 -0.0165 -0.6375
vtan -0.5571 -0.159 -0.8151
vtan -0.0714 -0.1348 -0.9883
vtan -0.1426 -0.1915 -0.9711
vtan 0.1023 -0.2539 -0.9618
vtan -0.0276 -0.1634 -0.9862
vtan 0.4809 -0.2764 -0.832
vtan -0.0978 -0.1313 -0.9865
vtan -0.2431 -0.2233 -0.9439
vtan -0.3269 -0.2191 -0.9193
vtan -0.5284 -0.1477 -0.8361
vtan 0.7355 -0.125 -0.6659
vtan 0.8172 -0.1008 -0.5675
vtan 0.3956 -0.2945 -0.87
vtan -0.5932 -0.0333 -0.8044
vtan 0.1703 0.0183 -0.9852
vtan 0.2677 0.0598 -0.9617
vtan 0.0102 -0.1026 -0.9947
vtan 0.9104 -0.0821 -0.4056
vtan 0.9071 -0.0949 -0.41
vtan -0.2107 -0.1076 -0.9716
vtan 0.1359 -0.0697 -0.9883
vtan 0.4314 -0.3807 -0.8179
vtan -0.5252 -0.2114 -0.8243
vtan 0.0503 -0.2039 -0.9777
vtan -0.3664 -0.2995 -0.8809
vtan -0.2909 -0.2397 -0.9263
vtan 0.0549 0.0245 -0.9982
vtan -0.7718 0.0321 -0.6351
vtan -0.4479 -0.198 -0.8719
vtan -0.3597 -0.2546 -0.8976
vtan -0.0816 -0.122 -0.9892
vtan 0.2446 0.1053 -0.9639
vtan 0.0692 -0.0474 -0.9965
vtan -0.1626 -0.2398 -0.9571
vtan -0.2526 -0.1506 -0.9558
vtan -0.0098 -0.213 -0.977
vtan 0.8975 -0.0899 -0.4317
vtan 0.4514 -0.4491 -0.7711
vtan 0.2351 -0.2731 -0.9328
vtan 0.0259 0.0288 -0.9992
vtan 0.2795 0.0539 -0.9586
vtan 0.389 0.1648 -0.9064
vtan 0.0363 -0.1045 -0.9939
vtan 0.8245 -0.1732 -0.5387
vtan 0.7332 -0.2368 -0.6374
vtan 0.0902 0.1011 -0.9908
vtan 0.486 0.2325 -0.8425
vtan -0.2229 -0.0906 -0.9706
vtan -0.3542 -0.0692 -0.9326
vtan 0.6993 -0.105 -0.707
vtan 0.4477 -0.0005 -0.8942
vtan 0.8462 -0.0869 -0.5257
vtan -0.1827 -0.4578 -0.8701
vtan 0.8233 -0.0024 -0.5677
vtan 0.5276 0.0765 -0.8461
vtan 0.918 -0.1778 -0.3544
vtan 0.9778 -0.1304 -0.1641
vtan 0.9463 -0.1483 -0.2874
vtan 0.7872 -0.2229 -0.5751
vtan 0.8996 -0.1516 -0.4096
vtan -0.2346 -0.1476 -0.9608
vtan 0.3306 0.0112 -0.9437
vtan 0.2108 0.1524 -0.9656
vtan 0.971 -0.0298 -0.2374
vtan 0.8492 -0.0782 -0.5222
vtan 0.8298 -0.019 -0.5577
vtan 0.5598 -0.0479 -0.8272
vtan 0.1038 0.1792 -0.9783
vtan 0.3477 0.0794 -0.9342
vtan 0.0828 0.1131 -0.9901
vtan -0.2143 0.1079 -0.9708
vtan -0.3598 -0.0533 -0.9315
vtan -0.2922 -0.117 -0.9492
vtan -0.4232 -0.0686 -0.9034
vtan -0.1932 0.2784 -0.9408
vtan -0.4383 0.2905 -0.8506
vtan 0.8015 -0.0788 -0.5928
vtan -0.6267 0.0557 -0.7773
vtan 0.184 0.0519 -0.9815
vtan 0.0918 0.1176 -0.9888
vtan -0.0555 0.0337 -0.9979
vtan 0.0878 0.1306 -0.9875
vtan 0.4793 0.0925 -0.8728
vtan -0.262 0.2233 -0.9389
vtan 0.1776 -0.3021 -0.9366
vtan 0.6726 -0.2813 -0.6845
vtan -0.1888 -0.1079 -0.9761
vtan -0.5836 0.1584 -0.7965
vtan 0.9244 -0.1099 -0.3651
vtan 0.1297 -0.0881 -0.9876
vtan -0.5645 0.2679 -0.7808
vtan -0.7393 0.4619 -0.4899
vtan -0.7189 0.3929 -0.5733
vtan -0.2755 0.2306 -0.9332
vtan -0.497 0.1955 -0.8454
vtan -0.7663 0.4288 -0.4783
vtan -0.7036 0.4674 -0.5353
vtan 0.2653 0.0942 -0.9596
vtan -0.0522 0.0183 -0.9985
vtan 0.198 0.3121 -0.9292
vtan 0.7595 0.2586 -0.5969
vtan 0.802 0.4202 -0.4245
vtan -0.2591 0.403 -0.8778
vtan -0.4521 0.2526 -0.8555
vtan 0.9605 0.1416 -0.2397
vtan -0.3266 0.3649 -0.8719
vtan -0.7274 0.1933 -0.6584
vtan -0.4084 0.1494 -0.9005
vtan -0.0823 0.1489 -0.9854
vtan 0.9905 0.0368 -0.1324
vtan 0.9972 -0.0305 -0.0685
vtan -0.6625 0.3313 0.6718
vtan -0.9962 0.0729 0.0479
vtan -0.9689 0.1897 0.1588
vtan -0.8855 0.1653 -0.4343
vtan -0.8988 0.4308 -0.0807
vtan -0.9911 0.0045 -0.1333
vtan -0.5321 -0.0019 -0.8467
vtan -0.3952 0.1191 -0.9108
vtan 0.7276 -0.0044 -0.686
vtan -0.9782 0.0399 -0.2038
vtan 0.8388 -0.079 -0.5387
vtan -0.1223 -0.3985 -0.909
vtan 0.2337 0.1835 -0.9549
vtan -0.3151 0.8341 -0.4527
vtan 0.9619 -0.0294 -0.2718
vtan 0.9751 -0.0425 -0.2178
vtan 0.0264 0.1636 -0.9862
vtan -0.2623 0.343 -0.902
vtan -0.4353 0.2185 -0.8734
vtan -0.7454 0.086 -0.6611
vtan -0.7638 0.0224 -0.645
vtan -0.6889 0.206 -0.6949
vtan -0.7078 -0.0096 -0.7064
vtan -0.6505 -0.0721 -0.756
vtan 0.9791 0.1076 -0.1726
vtan 0.9948 -0.0228 -0.0989
vtan 0.807 -0.0781 -0.5853
vtan 0.9748 -0.1715 -0.1426
vtan 0.8807 -0.1813 -0.4376
vtan 0.2391 -0.0675 -0.9687
vtan 0.785 -0.1808 -0.5925
vtan 0.4346 -0.1592 -0.8864
vtan -0.6381 0.1303 -0.7589
vtan 0.5802 -0.1635 -0.7979
vtan 0.1982 -0.091 -0.9759
vtan -0.5549 -0.0713 -0.8289
vtan 0.5297 -0.6033 -0.5963
vtan -0.3516 -0.17 -0.9206
vtan -0.1616 -0.3509 -0.9224
vtan -0.546 -0.2995 -0.7824
vtan -0.0781 -0.4161 -0.906
vtan -0.545 -0.3192 -0.7753
vtan 0.9106 -0.1277 -0.3931
vtan -0.0352 -0.4499 -0.8924
vtan -0.421 -0.3021 -0.8553
vtan 0.026 -0.458 -0.8886
vtan 0.8996 -0.1331 -0.4158
vtan 0.8376 -0.1773 -0.5168
vtan 0.0487 -0.3752 -0.9256
vtan -0.6749 -0.0237 -0.7375
vtan 0.7155 -0.3482 -0.6057
vtan -0.0156 -0.1478 -0.9889
vtan 0.0239 -0.0795 -0.9965
vtan 0.0724 -0.0226 -0.9971
vtan -0.3497 -0.2118 -0.9126
vtan -0.3782 -0.253 -0.8905
vtan -0.322 -0.1428 -0.9359
vtan -0.4376 -0.151 -0.8864
vtan -0.4261 -0.0932 -0.8999
vtan -0.3867 -0.0856 -0.9182
vtan -0.3208 -0.1745 -0.9309
vtan -0.217 -0.1681 -0.9616
vtan -0.2728 -0.1888 -0.9434
vtan 0.2729 0.0273 -0.9617
vtan -0.1557 -0.1804 -0.9712
vtan 0.5737 -0.2749 -0.7716
vtan 0.1125 -0.294 -0.9492
vtan 0.9353 -0.1351 -0.3272
vtan 0.3885 -0.2199 -0.8948
vtan -0.4115 -0.3475 -0.8426
vtan 0.3082 -0.3798 -0.8722
vtan 0.2482 -0.0429 -0.9678
vtan 0.317 0.0855 -0.9446
vtan 0.5725 0.0155 -0.8197
f 0/0/0/0 1/1/1/1 2/2/2/2 
f 1/1/1/1 0/0/0/0 3/3/3/3 
f 4/4/4/4 5/5/5/5 6/6/6/6 
f 7/7/7/7 8/8/8/8 9/9/9/9 
f 10/10/10/10 11/11/11/11 12/12/12/12 
f 10/10/10/10 13/13/13/13 11/11/11/11 
f 13/13/13/13 10/10/10/10 14/14/14/14 
f 15/15/15/15 16/16/16/16 17/17/17/17 
f 7/7/7/7 18/18/18/18 19/19/19/19 
f 20/20/20/20 0/0/0/0 21/21/21/21 
f 0/0/0/0 20/20/20/20 3/3/3/3 
f 22/22/22/22 5/5/5/5 23/23/23/23 
f 24/24/24/24 25/25/25/25 26/26/26/26 
f 27/27/27/27 28/28/28/28 29/29/29/29 
f 30/30/30/30 31/31/31/31 32/32/32/32 
f 33/33/33/33 34/34/34/34 35/35/35/35 
f 36/36/36/36 37/37/37/37 38/38/38/38 
f 39/39/39/39 40/40/40/40 41/41/41/41 
f 42/42/42/42 37/37/37/37 43/43/43/43 
f 38/38/38/38 37/37/37/37 42/42/42/42 
f 44/44/44/44 45/45/45/45 46/46/46/46 
f 23/23/23/23 47/47/47/47 48/48/48/48 
f 23/23/23/23 48/48/48/48 49/49/49/49 
f 50/50/50/50 49/49/49/49 48/48/48/48 
f 50/50/50/50 48/48/48/48 51/51/51/51 
f 52/52/52/52 47/47/47/47 5/5/5/5 
f 23/23/23/23 5/5/5/5 47/47/47/47 
f 53/53/53/53 44/44/44/44 46/46/46/46 
f 54/54/54/54 30/30/30/30 53/53/53/53 
f 53/53/53/53 30/30/30/30 44/44/44/44 
f 25/25/25/25 54/54/54/54 55/55/55/55 
f 56/56/56/56 9/9/9/9 57/57/57/57 
f 58/58/58/58 59/59/59/59 60/60/60/60 
f 49/49/49/49 50/50/50/50 61/61/61/61 
f 62/62/62/62 50/50/50/50 51/51/51/51 
f 63/63/63/63 35/35/35/35 64/64/64/64 
f 65/65/65/65 64/64/64/64 35/35/35/35 
f 64/64/64/64 65/65/65/65 66/66/66/66 
f 67/67/67/67 68/68/68/68 69/69/69/69 
f 70/70/70/70 71/71/71/71 72/72/72/72 
f 73/73/73/73 74/74/74/74 75/75/75/75 
f 76/76/76/76 77/77/77/77 78/78/78/78 
f 79/79/79/79 77/77/77/77 76/76/76/76 
f 80/80/80/80 81/81/81/81 82/82/82/82 
f 83/83/83/83 84/84/84/84 85/85/85/85 
f 86/86/86/86 87/87/87/87 84/84/84/84 
f 87/87/87/87 86/86/86/86 88/88/88/88 
f 89/89/89/89 90/90/90/90 91/91/91/91 
f 92/92/92/92 89/89/89/89 91/91/91/91 
f 93/93/93/93 94/94/94/94 95/95/95/95 
f 96/96/96/96 97/97/97/97 98/98/98/98 
f 99/99/99/99 100/100/100/100 101/101/101/101 
f 97/97/97/97 102/102/102/102 103/103/103/103 
f 104/104/104/104 102/102/102/102 97/97/97/97 
f 92/92/92/92 105/105/105/105 101/101/101/101 
f 106/106/106/106 107/107/107/107 108/108/108/108 
f 109/109/109/109 110/110/110/110 107/107/107/107 
f 110/110/110/110 109/109/109/109 111/111/111/111 
f 112/112/112/112 113/113/113/113 110/110/110/110 
f 114/114/114/114 110/110/110/110 111/111/111/111 
f 115/115/115/115 111/111/111/111 109/109/109/109 
f 116/116/116/116 105/105/105/105 117/117/117/117 
f 118/118/118/118 119/119/119/119 120/120/120/120 
f 121/121/121/121 122/122/122/122 123/123/123/123 
f 81/81/81/81 28/28/28/28 124/124/124/124 
f 125/125/125/125 126/126/126/126 127/127/127/127 
f 128/128/128/128 129/129/129/129 130/130/130/130 
f 131/131/131/131 132/132/132/132 133/133/133/133 
f 134/134/134/134 135/135/135/135 136/136/136/136 
f 137/137/137/137 138/138/138/138 139/139/139/139 
f 140/140/140/140 141/141/141/141 136/136/136/136 
f 134/134/134/134 142/142/142/142 143/143/143/143 
f 144/144/144/144 145/145/145/145 146/146/146/146 
f 147/147/147/147 148/148/148/148 149/149/149/149 
f 150/150/150/150 151/151/151/151 152/152/152/152 
f 122/122/122/122 153/153/153/153 154/154/154/154 
f 155/155/155/155 156/156/156/156 157/157/157/157 
f 158/158/158/158 159/159/159/159 160/160/160/160 
f 161/161/161/161 162/162/162/162 163/163/163/163 
f 161/161/161/161 164/164/164/164 162/162/162/162 
f 165/165/165/165 166/166/166/166 163/163/163/163 
f 140/140/140/140 164/164/164/164 161/161/161/161 
f 138/138/138/138 167/167/167/167 157/157/157/157 
f 145/145/145/145 168/168/168/168 147/147/147/147 
f 167/167/167/167 169/169/169/169 170/170/170/170 
f 171/171/171/171 153/153/153/153 168/168/168/168 
f 168/168/168/168 150/150/150/150 171/171/171/171 
f 150/150/150/150 168/168/168/168 145/145/145/145 
f 138/138/138/138 169/169/169/169 167/167/167/167 
f 172/172/172/172 173/173/173/173 174/174/174/174 
f 174/174/174/174 173/173/173/173 175/175/175/175 
f 173/173/173/173 176/176/176/176 175/175/175/175 
f 177/177/177/177 178/178/178/178 179/179/179/179 
f 174/174/174/174 166/166/166/166 165/165/165/165 
f 175/175/175/175 176/176/176/176 180/180/180/180 
f 181/181/181/181 180/180/180/180 176/176/176/176 
f 180/180/180/180 182/182/182/182 183/183/183/183 
f 184/184/184/184 185/185/185/185 186/186/186/186 
f 187/187/187/187 185/185/185/185 184/184/184/184 
f 188/188/188/188 187/187/187/187 189/189/189/189 
f 190/190/190/190 191/191/191/191 192/192/192/192 
f 193/193/193/193 194/194/194/194 142/142/142/142 
f 195/195/195/195 196/196/196/196 197/197/197/197 
f 196/196/196/196 198/198/198/198 199/199/199/199 
f 194/194/194/194 200/200/200/200 201/201/201/201 
f 188/188/188/188 189/189/189/189 202/202/202/202 
f 202/202/202/202 203/203/203/203 188/188/188/188 
f 191/191/191/191 185/185/185/185 204/204/204/204 
f 204/204/204/204 205/205/205/205 191/191/191/191 
f 206/206/206/206 205/205/205/205 204/204/204/204 
f 207/207/207/207 208/208/208/208 209/209/209/209 
f 210/210/210/210 183/183/183/183 182/182/182/182 
f 182/182/182/182 211/211/211/211 210/210/210/210 
f 211/211/211/211 182/182/182/182 212/212/212/212 
f 213/213/213/213 214/214/214/214 215/215/215/215 
f 216/216/216/216 217/217/217/217 218/218/218/218 
f 219/219/219/219 220/220/220/220 221/221/221/221 
f 222/222/222/222 218/218/218/218 217/217/217/217 
f 223/223/223/223 224/224/224/224 225/225/225/225 
f 226/226/226/226 227/227/227/227 142/142/142/142 
f 228/228/228/228 225/225/225/225 229/229/229/229 
f 230/230/230/230 231/231/231/231 232/232/232/232 
f 233/233/233/233 230/230/230/230 234/234/234/234 
f 235/235/235/235 233/233/233/233 234/234/234/234 
f 234/234/234/234 236/236/236/236 237/237/237/237 
f 238/238/238/238 239/239/239/239 240/240/240/240 
f 241/241/241/241 219/219/219/219 221/221/221/221 
f 242/242/242/242 243/243/243/243 241/241/241/241 
f 243/243/243/243 219/219/219/219 241/241/241/241 
f 244/244/244/244 219/219/219/219 243/243/243/243 
f 245/245/245/245 219/219/219/219 244/244/244/244 
f 3/3/3/3 246/246/246/246 247/247/247/247 
f 3/3/3/3 247/247/247/247 1/1/1/1 
f 247/247/247/247 248/248/248/248 214/214/214/214 
f 247/247/247/247 214/214/214/214 1/1/1/1 
f 1/1/1/1 214/214/214/214 213/213/213/213 
f 1/1/1/1 213/213/213/213 2/2/2/2 
f 6/6/6/6 0/0/0/0 2/2/2/2 
f 6/6/6/6 2/2/2/2 4/4/4/4 
f 249/249/249/249 4/4/4/4 2/2/2/2 
f 249/249/249/249 2/2/2/2 213/213/213/213 
f 0/0/0/0 6/6/6/6 8/8/8/8 
f 0/0/0/0 8/8/8/8 21/21/21/21 
f 6/6/6/6 5/5/5/5 22/22/22/22 
f 6/6/6/6 22/22/22/22 8/8/8/8 
f 19/19/19/19 21/21/21/21 8/8/8/8 
f 19/19/19/19 8/8/8/8 7/7/7/7 
f 22/22/22/22 250/250/250/250 9/9/9/9 
f 22/22/22/22 9/9/9/9 8/8/8/8 
f 11/11/11/11 13/13/13/13 18/18/18/18 
f 11/11/11/11 18/18/18/18 7/7/7/7 
f 7/7/7/7 9/9/9/9 56/56/56/56 
f 7/7/7/7 56/56/56/56 11/11/11/11 
f 11/11/11/11 56/56/56/56 251/251/251/251 
f 11/11/11/11 251/251/251/251 12/12/12/12 
f 58/58/58/58 12/12/12/12 251/251/251/251 
f 58/58/58/58 251/251/251/251 59/59/59/59 
f 13/13/13/13 14/14/14/14 252/252/252/252 
f 13/13/13/13 252/252/252/252 253/253/253/253 
f 253/253/253/253 252/252/252/252 254/254/254/254 
f 253/253/253/253 254/254/254/254 255/255/255/255 
f 256/256/256/256 257/257/257/257 255/255/255/255 
f 256/256/256/256 255/255/255/255 254/254/254/254 
f 257/257/257/257 258/258/258/258 17/17/17/17 
f 257/257/257/257 17/17/17/17 255/255/255/255 
f 253/253/253/253 255/255/255/255 17/17/17/17 
f 253/253/253/253 17/17/17/17 16/16/16/16 
f 16/16/16/16 18/18/18/18 13/13/13/13 
f 16/16/16/16 13/13/13/13 253/253/253/253 
f 18/18/18/18 16/16/16/16 15/15/15/15 
f 18/18/18/18 15/15/15/15 259/259/259/259 
f 259/259/259/259 260/260/260/260 19/19/19/19 
f 259/259/259/259 19/19/19/19 18/18/18/18 
f 261/261/261/261 262/262/262/262 259/259/259/259 
f 261/261/261/261 259/259/259/259 15/15/15/15 
f 259/259/259/259 262/262/262/262 263/263/263/263 
f 259/259/259/259 263/263/263/263 260/260/260/260 
f 260/260/260/260 263/263/263/263 264/264/264/264 
f 260/260/260/260 264/264/264/264 20/20/20/20 
f 23/23/23/23 49/49/49/49 250/250/250/250 
f 23/23/23/23 250/250/250/250 22/22/22/22 
f 265/265/265/265 55/55/55/55 52/52/52/52 
f 265/265/265/265 52/52/52/52 266/266/266/266 
f 55/55/55/55 265/265/265/265 26/26/26/26 
f 55/55/55/55 26/26/26/26 25/25/25/25 
f 267/267/267/267 265/265/265/265 266/266/266/266 
f 267/267/267/267 266/266/266/266 268/268/268/268 
f 269/269/269/269 26/26/26/26 265/265/265/265 
f 269/269/269/269 265/265/265/265 267/267/267/267 
f 26/26/26/26 270/270/270/270 271/271/271/271 
f 26/26/26/26 271/271/271/271 24/24/24/24 
f 29/29/29/29 31/31/31/31 25/25/25/25 
f 29/29/29/29 25/25/25/25 24/24/24/24 
f 24/24/24/24 271/271/271/271 27/27/27/27 
f 24/24/24/24 27/27/27/27 29/29/29/29 
f 32/32/32/32 31/31/31/31 29/29/29/29 
f 32/32/32/32 29/29/29/29 272/272/272/272 
f 28/28/28/28 81/81/81/81 272/272/272/272 
f 28/28/28/28 272/272/272/272 29/29/29/29 
f 34/34/34/34 36/36/36/36 32/32/32/32 
f 34/34/34/34 32/32/32/32 272/272/272/272 
f 36/36/36/36 38/38/38/38 30/30/30/30 
f 36/36/36/36 30/30/30/30 32/32/32/32 
f 65/65/65/65 35/35/35/35 34/34/34/34 
f 65/65/65/65 34/34/34/34 272/272/272/272 
f 81/81/81/81 80/80/80/80 65/65/65/65 
f 81/81/81/81 65/65/65/65 272/272/272/272 
f 39/39/39/39 37/37/37/37 36/36/36/36 
f 39/39/39/39 36/36/36/36 34/34/34/34 
f 39/39/39/39 34/34/34/34 33/33/33/33 
f 39/39/39/39 33/33/33/33 40/40/40/40 
f 37/37/37/37 39/39/39/39 273/273/273/273 
f 37/37/37/37 273/273/273/273 43/43/43/43 
f 41/41/41/41 274/274/274/274 273/273/273/273 
f 41/41/41/41 273/273/273/273 39/39/39/39 
f 45/45/45/45 43/43/43/43 273/273/273/273 
f 45/45/45/45 273/273/273/273 48/48/48/48 
f 45/45/45/45 44/44/44/44 42/42/42/42 
f 45/45/45/45 42/42/42/42 43/43/43/43 
f 273/273/273/273 274/274/274/274 51/51/51/51 
f 273/273/273/273 51/51/51/51 48/48/48/48 
f 47/47/47/47 46/46/46/46 45/45/45/45 
f 47/47/47/47 45/45/45/45 48/48/48/48 
f 54/54/54/54 53/53/53/53 46/46/46/46 
f 54/54/54/54 46/46/46/46 47/47/47/47 
f 266/266/266/266 52/52/52/52 5/5/5/5 
f 266/266/266/266 5/5/5/5 4/4/4/4 
f 250/250/250/250 49/49/49/49 61/61/61/61 
f 250/250/250/250 61/61/61/61 9/9/9/9 
f 61/61/61/61 50/50/50/50 57/57/57/57 
f 61/61/61/61 57/57/57/57 9/9/9/9 
f 57/57/57/57 50/50/50/50 62/62/62/62 
f 57/57/57/57 62/62/62/62 56/56/56/56 
f 59/59/59/59 251/251/251/251 51/51/51/51 
f 59/59/59/59 51/51/51/51 274/274/274/274 
f 59/59/59/59 274/274/274/274 41/41/41/41 
f 59/59/59/59 41/41/41/41 275/275/275/275 
f 59/59/59/59 275/275/275/275 276/276/276/276 
f 59/59/59/59 276/276/276/276 60/60/60/60 
f 277/277/277/277 275/275/275/275 41/41/41/41 
f 277/277/277/277 41/41/41/41 40/40/40/40 
f 275/275/275/275 277/277/277/277 278/278/278/278 
f 275/275/275/275 278/278/278/278 276/276/276/276 
f 279/279/279/279 277/277/277/277 40/40/40/40 
f 279/279/279/279 40/40/40/40 33/33/33/33 
f 277/277/277/277 279/279/279/279 68/68/68/68 
f 277/277/277/277 68/68/68/68 278/278/278/278 
f 63/63/63/63 279/279/279/279 33/33/33/33 
f 63/63/63/63 33/33/33/33 35/35/35/35 
f 279/279/279/279 63/63/63/63 69/69/69/69 
f 279/279/279/279 69/69/69/69 68/68/68/68 
f 69/69/69/69 63/63/63/63 64/64/64/64 
f 69/69/69/69 64/64/64/64 66/66/66/66 
f 280/280/280/280 67/67/67/67 69/69/69/69 
f 280/280/280/280 69/69/69/69 66/66/66/66 
f 65/65/65/65 80/80/80/80 70/70/70/70 
f 65/65/65/65 70/70/70/70 66/66/66/66 
f 70/70/70/70 72/72/72/72 280/280/280/280 
f 70/70/70/70 280/280/280/280 66/66/66/66 
f 80/80/80/80 82/82/82/82 71/71/71/71 
f 80/80/80/80 71/71/71/71 70/70/70/70 
f 71/71/71/71 75/75/75/75 74/74/74/74 
f 71/71/71/71 74/74/74/74 72/72/72/72 
f 126/126/126/126 75/75/75/75 71/71/71/71 
f 126/126/126/126 71/71/71/71 82/82/82/82 
f 125/125/125/125 73/73/73/73 75/75/75/75 
f 125/125/125/125 75/75/75/75 126/126/126/126 
f 78/78/78/78 281/281/281/281 74/74/74/74 
f 78/78/78/78 74/74/74/74 73/73/73/73 
f 282/282/282/282 76/76/76/76 78/78/78/78 
f 282/282/282/282 78/78/78/78 73/73/73/73 
f 73/73/73/73 125/125/125/125 283/283/283/283 
f 73/73/73/73 283/283/283/283 282/282/282/282 
f 281/281/281/281 280/280/280/280 72/72/72/72 
f 281/281/281/281 72/72/72/72 74/74/74/74 
f 281/281/281/281 78/78/78/78 77/77/77/77 
f 281/281/281/281 77/77/77/77 284/284/284/284 
f 280/280/280/280 281/281/281/281 284/284/284/284 
f 280/280/280/280 284/284/284/284 67/67/67/67 
f 124/124/124/124 126/126/126/126 82/82/82/82 
f 124/124/124/124 82/82/82/82 81/81/81/81 
f 94/94/94/94 285/285/285/285 282/282/282/282 
f 94/94/94/94 282/282/282/282 283/283/283/283 
f 79/79/79/79 76/76/76/76 282/282/282/282 
f 79/79/79/79 282/282/282/282 285/285/285/285 
f 286/286/286/286 95/95/95/95 94/94/94/94 
f 286/286/286/286 94/94/94/94 283/283/283/283 
f 127/127/127/127 286/286/286/286 283/283/283/283 
f 127/127/127/127 283/283/283/283 125/125/125/125 
f 287/287/287/287 288/288/288/288 289/289/289/289 
f 287/287/287/287 289/289/289/289 290/290/290/290 
f 291/291/291/291 128/128/128/128 289/289/289/289 
f 291/291/291/291 289/289/289/289 288/288/288/288 
f 292/292/292/292 85/85/85/85 290/290/290/290 
f 292/292/292/292 290/290/290/290 289/289/289/289 
f 289/289/289/289 128/128/128/128 130/130/130/130 
f 289/289/289/289 130/130/130/130 292/292/292/292 
f 83/83/83/83 85/85/85/85 292/292/292/292 
f 83/83/83/83 292/292/292/292 130/130/130/130 
f 87/87/87/87 290/290/290/290 85/85/85/85 
f 87/87/87/87 85/85/85/85 84/84/84/84 
f 95/95/95/95 286/286/286/286 288/288/288/288 
f 95/95/95/95 288/288/288/288 287/287/287/287 
f 127/127/127/127 291/291/291/291 288/288/288/288 
f 127/127/127/127 288/288/288/288 286/286/286/286 
f 290/290/290/290 87/87/87/87 293/293/293/293 
f 290/290/290/290 293/293/293/293 287/287/287/287 
f 87/87/87/87 88/88/88/88 90/90/90/90 
f 87/87/87/87 90/90/90/90 293/293/293/293 
f 93/93/93/93 95/95/95/95 287/287/287/287 
f 93/93/93/93 287/287/287/287 293/293/293/293 
f 293/293/293/293 90/90/90/90 89/89/89/89 
f 293/293/293/293 89/89/89/89 93/93/93/93 
f 294/294/294/294 295/295/295/295 93/93/93/93 
f 294/294/294/294 93/93/93/93 89/89/89/89 
f 89/89/89/89 92/92/92/92 296/296/296/296 
f 89/89/89/89 296/296/296/296 294/294/294/294 
f 295/295/295/295 103/103/103/103 94/94/94/94 
f 295/295/295/295 94/94/94/94 93/93/93/93 
f 285/285/285/285 94/94/94/94 103/103/103/103 
f 285/285/285/285 103/103/103/103 102/102/102/102 
f 98/98/98/98 97/97/97/97 103/103/103/103 
f 98/98/98/98 103/103/103/103 295/295/295/295 
f 295/295/295/295 294/294/294/294 296/296/296/296 
f 295/295/295/295 296/296/296/296 98/98/98/98 
f 98/98/98/98 296/296/296/296 297/297/297/297 
f 98/98/98/98 297/297/297/297 96/96/96/96 
f 96/96/96/96 100/100/100/100 104/104/104/104 
f 96/96/96/96 104/104/104/104 97/97/97/97 
f 101/101/101/101 100/100/100/100 96/96/96/96 
f 101/101/101/101 96/96/96/96 297/297/297/297 
f 91/91/91/91 298/298/298/298 299/299/299/299 
f 91/91/91/91 299/299/299/299 92/92/92/92 
f 300/300/300/300 99/99/99/99 101/101/101/101 
f 300/300/300/300 101/101/101/101 105/105/105/105 
f 299/299/299/299 106/106/106/106 108/108/108/108 
f 299/299/299/299 108/108/108/108 117/117/117/117 
f 301/301/301/301 109/109/109/109 107/107/107/107 
f 301/301/301/301 107/107/107/107 106/106/106/106 
f 113/113/113/113 108/108/108/108 107/107/107/107 
f 113/113/113/113 107/107/107/107 110/110/110/110 
f 302/302/302/302 112/112/112/112 110/110/110/110 
f 302/302/302/302 110/110/110/110 114/114/114/114 
f 88/88/88/88 303/303/303/303 301/301/301/301 
f 88/88/88/88 301/301/301/301 298/298/298/298 
f 304/304/304/304 115/115/115/115 109/109/109/109 
f 304/304/304/304 109/109/109/109 301/301/301/301 
f 303/303/303/303 155/155/155/155 304/304/304/304 
f 303/303/303/303 304/304/304/304 301/301/301/301 
f 113/113/113/113 116/116/116/116 117/117/117/117 
f 113/113/113/113 117/117/117/117 108/108/108/108 
f 116/116/116/116 305/305/305/305 300/300/300/300 
f 116/116/116/116 300/300/300/300 105/105/105/105 
f 305/305/305/305 116/116/116/116 113/113/113/113 
f 305/305/305/305 113/113/113/113 306/306/306/306 
f 112/112/112/307 307/307/307/308 306/306/306/309 
f 112/112/112/112 306/306/306/306 113/113/113/113 
f 308/308/308/310 307/307/307/311 112/112/112/112 
f 308/308/308/310 112/112/112/112 302/302/302/302 
f 309/309/309/312 118/118/118/118 310/310/310/313 
f 309/309/309/312 310/310/310/313 308/308/308/310 
f 309/309/309/312 308/308/308/310 302/302/302/302 
f 309/309/309/312 302/302/302/302 311/311/311/314 
f 119/119/119/119 118/118/118/118 309/309/309/312 
f 119/119/119/119 309/309/309/312 312/312/312/315 
f 312/312/312/315 309/309/309/312 311/311/311/314 
f 312/312/312/315 311/311/311/314 131/131/131/131 
f 120/120/120/120 313/313/313/316 310/310/310/313 
f 120/120/120/120 310/310/310/313 118/118/118/118 
f 314/314/314/317 315/315/315/318 316/316/316/319 
f 314/314/314/317 316/316/316/319 120/120/120/120 
f 316/316/316/319 317/317/317/320 313/313/313/316 
f 316/316/316/319 313/313/313/316 120/120/120/120 
f 318/318/318/321 314/314/314/317 120/120/120/120 
f 318/318/318/321 120/120/120/120 119/119/119/119 
f 312/312/312/315 319/319/319/322 318/318/318/321 
f 312/312/312/315 318/318/318/321 119/119/119/119 
f 311/311/311/314 302/302/302/302 114/114/114/114 
f 311/311/311/314 114/114/114/114 320/320/320/323 
f 131/131/131/131 311/311/311/314 320/320/320/323 
f 131/131/131/131 320/320/320/323 132/132/132/132 
f 121/121/121/121 320/320/320/323 114/114/114/114 
f 121/121/121/121 114/114/114/114 111/111/111/111 
f 121/121/121/121 123/123/123/123 132/132/132/132 
f 121/121/121/121 132/132/132/132 320/320/320/323 
f 115/115/115/115 122/122/122/122 121/121/121/121 
f 115/115/115/115 121/121/121/121 111/111/111/111 
f 129/129/129/129 124/124/124/124 28/28/28/28 
f 129/129/129/129 28/28/28/28 27/27/27/27 
f 271/271/271/271 321/321/321/324 178/178/178/178 
f 271/271/271/271 178/178/178/178 27/27/27/27 
f 130/130/130/130 129/129/129/129 27/27/27/27 
f 130/130/130/130 27/27/27/27 178/178/178/178 
f 270/270/270/270 322/322/322/325 321/321/321/324 
f 270/270/270/270 321/321/321/324 271/271/271/271 
f 127/127/127/127 126/126/126/126 124/124/124/124 
f 127/127/127/127 124/124/124/124 129/129/129/129 
f 323/323/323/326 156/156/156/156 155/155/155/155 
f 323/323/323/326 155/155/155/155 303/303/303/303 
f 324/324/324/327 158/158/158/158 156/156/156/156 
f 324/324/324/327 156/156/156/156 323/323/323/326 
f 177/177/177/177 324/324/324/327 323/323/323/326 
f 177/177/177/177 323/323/323/326 325/325/325/328 
f 326/326/326/329 159/159/159/159 158/158/158/158 
f 326/326/326/329 158/158/158/158 324/324/324/327 
f 179/179/179/179 326/326/326/329 324/324/324/327 
f 179/179/179/179 324/324/324/327 177/177/177/177 
f 327/327/327/330 162/162/162/162 159/159/159/159 
f 327/327/327/330 159/159/159/159 326/326/326/329 
f 172/172/172/172 327/327/327/330 326/326/326/329 
f 172/172/172/172 326/326/326/329 179/179/179/179 
f 162/162/162/162 327/327/327/330 165/165/165/165 
f 162/162/162/162 165/165/165/165 163/163/163/163 
f 174/174/174/174 165/165/165/165 327/327/327/330 
f 174/174/174/174 327/327/327/330 172/172/172/172 
f 319/319/319/322 312/312/312/315 131/131/131/131 
f 319/319/319/322 131/131/131/131 133/133/133/133 
f 122/122/122/122 154/154/154/154 328/328/328/331 
f 122/122/122/122 328/328/328/331 123/123/123/123 
f 154/154/154/154 329/329/329/332 330/330/330/333 
f 154/154/154/154 330/330/330/333 328/328/328/331 
f 329/329/329/332 152/152/152/152 331/331/331/334 
f 329/329/329/332 331/331/331/334 330/330/330/333 
f 331/331/331/334 152/152/152/152 151/151/151/151 
f 331/331/331/334 151/151/151/151 332/332/332/335 
f 333/333/333/336 332/332/332/335 334/334/334/337 
f 333/333/333/336 334/334/334/337 143/143/143/143 
f 151/151/151/151 144/144/144/144 334/334/334/337 
f 151/151/151/151 334/334/334/337 332/332/332/335 
f 134/134/134/134 143/143/143/143 334/334/334/337 
f 134/134/134/134 334/334/334/337 135/135/135/135 
f 135/135/135/135 334/334/334/337 144/144/144/144 
f 135/135/135/135 144/144/144/144 146/146/146/146 
f 135/135/135/135 335/335/335/338 336/336/336/339 
f 135/135/135/135 336/336/336/339 136/136/136/136 
f 146/146/146/146 149/149/149/149 335/335/335/338 
f 146/146/146/146 335/335/335/338 135/135/135/135 
f 336/336/336/339 335/335/335/338 137/137/137/137 
f 336/336/336/339 137/137/137/137 139/139/139/139 
f 149/149/149/149 148/148/148/148 137/137/137/137 
f 149/149/149/149 137/137/137/137 335/335/335/338 
f 137/137/137/137 148/148/148/148 169/169/169/169 
f 137/137/137/137 169/169/169/169 138/138/138/138 
f 336/336/336/339 164/164/164/164 140/140/140/140 
f 336/336/336/339 140/140/140/140 136/136/136/136 
f 134/134/134/134 136/136/136/136 141/141/141/141 
f 134/134/134/134 141/141/141/141 337/337/337/340 
f 139/139/139/139 160/160/160/160 164/164/164/164 
f 139/139/139/139 164/164/164/164 336/336/336/339 
f 139/139/139/139 138/138/138/138 157/157/157/157 
f 139/139/139/139 157/157/157/157 160/160/160/160 
f 227/227/227/227 333/333/333/336 143/143/143/143 
f 227/227/227/227 143/143/143/143 142/142/142/142 
f 337/337/337/340 193/193/193/193 142/142/142/142 
f 337/337/337/340 142/142/142/142 134/134/134/134 
f 168/168/168/168 169/169/169/169 148/148/148/148 
f 168/168/168/168 148/148/148/148 147/147/147/147 
f 329/329/329/332 171/171/171/171 150/150/150/150 
f 329/329/329/332 150/150/150/150 152/152/152/152 
f 170/170/170/170 153/153/153/153 122/122/122/122 
f 170/170/170/170 122/122/122/122 115/115/115/115 
f 115/115/115/115 304/304/304/304 167/167/167/167 
f 115/115/115/115 167/167/167/167 170/170/170/170 
f 166/166/166/166 338/338/338/341 161/161/161/161 
f 166/166/166/166 161/161/161/161 163/163/163/163 
f 173/173/173/173 178/178/178/178 321/321/321/324 
f 173/173/173/173 321/321/321/324 176/176/176/176 
f 173/173/173/173 172/172/172/172 179/179/179/179 
f 173/173/173/173 179/179/179/179 178/178/178/178 
f 177/177/177/177 83/83/83/83 130/130/130/130 
f 177/177/177/177 130/130/130/130 178/178/178/178 
f 166/166/166/166 174/174/174/174 175/175/175/175 
f 166/166/166/166 175/175/175/175 339/339/339/342 
f 321/321/321/324 322/322/322/325 181/181/181/181 
f 321/321/321/324 181/181/181/181 176/176/176/176 
f 180/180/180/180 183/183/183/183 339/339/339/342 
f 180/180/180/180 339/339/339/342 175/175/175/175 
f 182/182/182/182 180/180/180/180 181/181/181/181 
f 182/182/182/182 181/181/181/181 212/212/212/212 
f 339/339/339/342 187/187/187/187 184/184/184/184 
f 339/339/339/342 184/184/184/184 166/166/166/166 
f 184/184/184/184 186/186/186/186 338/338/338/341 
f 184/184/184/184 338/338/338/341 166/166/166/166 
f 183/183/183/183 189/189/189/189 187/187/187/187 
f 183/183/183/183 187/187/187/187 339/339/339/342 
f 188/188/188/188 340/340/340/343 185/185/185/185 
f 188/188/188/188 185/185/185/185 187/187/187/187 
f 190/190/190/190 192/192/192/192 337/337/337/340 
f 190/190/190/190 337/337/337/340 141/141/141/141 
f 190/190/190/190 186/186/186/186 185/185/185/185 
f 190/190/190/190 185/185/185/185 191/191/191/191 
f 192/192/192/192 341/341/341/344 193/193/193/193 
f 192/192/192/192 193/193/193/193 337/337/337/340 
f 191/191/191/191 205/205/205/205 341/341/341/344 
f 191/191/191/191 341/341/341/344 192/192/192/192 
f 341/341/341/344 342/342/342/345 194/194/194/194 
f 341/341/341/344 194/194/194/194 193/193/193/193 
f 341/341/341/344 205/205/205/205 343/343/343/346 
f 341/341/341/344 343/343/343/346 342/342/342/345 
f 194/194/194/194 342/342/342/345 344/344/344/347 
f 194/194/194/194 344/344/344/347 200/200/200/200 
f 342/342/342/345 343/343/343/346 345/345/345/348 
f 342/342/342/345 345/345/345/348 344/344/344/347 
f 344/344/344/347 346/346/346/349 347/347/347/350 
f 344/344/344/347 347/347/347/350 200/200/200/200 
f 348/348/348/351 346/346/346/349 344/344/344/347 
f 348/348/348/351 344/344/344/347 345/345/345/348 
f 347/347/347/350 346/346/346/349 349/349/349/352 
f 347/347/347/350 349/349/349/352 350/350/350/353 
f 346/346/346/349 348/348/348/351 207/207/207/207 
f 346/346/346/349 207/207/207/207 349/349/349/352 
f 351/351/351/354 352/352/352/355 350/350/350/353 
f 351/351/351/354 350/350/350/353 349/349/349/352 
f 349/349/349/352 207/207/207/207 209/209/209/209 
f 349/349/349/352 209/209/209/209 351/351/351/354 
f 352/352/352/355 351/351/351/354 196/196/196/196 
f 352/352/352/355 196/196/196/196 195/195/195/195 
f 351/351/351/354 209/209/209/209 198/198/198/198 
f 351/351/351/354 198/198/198/198 196/196/196/196 
f 196/196/196/196 199/199/199/199 353/353/353/356 
f 196/196/196/196 353/353/353/356 197/197/197/197 
f 194/194/194/194 201/201/201/201 226/226/226/226 
f 194/194/194/194 226/226/226/226 142/142/142/142 
f 210/210/210/210 202/202/202/202 189/189/189/189 
f 210/210/210/210 189/189/189/189 183/183/183/183 
f 206/206/206/206 203/203/203/203 202/202/202/202 
f 206/206/206/206 202/202/202/202 210/210/210/210 
f 188/188/188/188 203/203/203/203 354/354/354/357 
f 188/188/188/188 354/354/354/357 340/340/340/343 
f 354/354/354/357 203/203/203/203 206/206/206/206 
f 354/354/354/357 206/206/206/206 204/204/204/204 
f 205/205/205/205 206/206/206/206 355/355/355/358 
f 205/205/205/205 355/355/355/358 343/343/343/346 
f 343/343/343/346 355/355/355/358 356/356/356/359 
f 343/343/343/346 356/356/356/359 345/345/345/348 
f 345/345/345/348 356/356/356/359 357/357/357/360 
f 345/345/345/348 357/357/357/360 348/348/348/351 
f 208/208/208/208 207/207/207/207 348/348/348/351 
f 208/208/208/208 348/348/348/351 357/357/357/360 
f 222/222/222/222 198/198/198/198 209/209/209/209 
f 222/222/222/222 209/209/209/209 208/208/208/208 
f 222/222/222/222 217/217/217/217 199/199/199/199 
f 222/222/222/222 199/199/199/199 198/198/198/198 
f 211/211/211/211 355/355/355/358 206/206/206/206 
f 211/211/211/211 206/206/206/206 210/210/210/210 
f 358/358/358/361 356/356/356/359 355/355/355/358 
f 358/358/358/361 355/355/355/358 211/211/211/211 
f 358/358/358/361 211/211/211/211 212/212/212/212 
f 358/358/358/361 212/212/212/212 359/359/359/362 
f 356/356/356/359 358/358/358/361 360/360/360/363 
f 356/356/356/359 360/360/360/363 357/357/357/360 
f 360/360/360/363 358/358/358/361 359/359/359/362 
f 360/360/360/363 359/359/359/362 361/361/361/364 
f 357/357/357/360 360/360/360/363 362/362/362/365 
f 357/357/357/360 362/362/362/365 208/208/208/208 
f 361/361/361/364 269/269/269/269 362/362/362/365 
f 361/361/361/364 362/362/362/365 360/360/360/363 
f 208/208/208/208 362/362/362/365 363/363/363/366 
f 208/208/208/208 363/363/363/366 222/222/222/222 
f 269/269/269/269 267/267/267/267 363/363/363/366 
f 269/269/269/269 363/363/363/366 362/362/362/365 
f 363/363/363/366 364/364/364/367 218/218/218/218 
f 363/363/363/366 218/218/218/218 222/222/222/222 
f 267/267/267/267 268/268/268/268 364/364/364/367 
f 267/267/267/267 364/364/364/367 363/363/363/366 
f 365/365/365/368 366/366/366/369 218/218/218/218 
f 365/365/365/368 218/218/218/218 364/364/364/367 
f 364/364/364/367 268/268/268/268 249/249/249/249 
f 364/364/364/367 249/249/249/249 365/365/365/368 
f 224/224/224/224 366/366/366/369 365/365/365/368 
f 224/224/224/224 365/365/365/368 215/215/215/215 
f 365/365/365/368 249/249/249/249 213/213/213/213 
f 365/365/365/368 213/213/213/213 215/215/215/215 
f 215/215/215/215 229/229/229/229 225/225/225/225 
f 215/215/215/215 225/225/225/225 224/224/224/224 
f 229/229/229/229 215/215/215/215 214/214/214/214 
f 229/229/229/229 214/214/214/214 367/367/367/370 
f 217/217/217/217 368/368/368/371 353/353/353/356 
f 217/217/217/217 353/353/353/356 199/199/199/199 
f 216/216/216/216 369/369/369/372 368/368/368/371 
f 216/216/216/216 368/368/368/371 217/217/217/217 
f 370/370/370/373 216/216/216/216 218/218/218/218 
f 370/370/370/373 218/218/218/218 366/366/366/369 
f 370/370/370/373 371/371/371/374 369/369/369/372 
f 370/370/370/373 369/369/369/372 216/216/216/216 
f 372/372/372/375 370/370/370/373 366/366/366/369 
f 372/372/372/375 366/366/366/369 224/224/224/224 
f 372/372/372/375 245/245/245/245 371/371/371/374 
f 372/372/372/375 371/371/371/374 370/370/370/373 
f 220/220/220/220 372/372/372/375 224/224/224/224 
f 220/220/220/220 224/224/224/224 239/239/239/239 
f 219/219/219/219 245/245/245/245 372/372/372/375 
f 219/219/219/219 372/372/372/375 220/220/220/220 
f 239/239/239/239 238/238/238/238 373/373/373/376 
f 239/239/239/239 373/373/373/376 220/220/220/220 
f 373/373/373/376 374/374/374/377 221/221/221/221 
f 373/373/373/376 221/221/221/221 220/220/220/220 
f 223/223/223/223 375/375/375/378 239/239/239/239 
f 223/223/223/223 239/239/239/239 224/224/224/224 
f 248/248/248/248 376/376/376/379 367/367/367/370 
f 248/248/248/248 367/367/367/370 214/214/214/214 
f 376/376/376/379 377/377/377/380 378/378/378/381 
f 376/376/376/379 378/378/378/381 367/367/367/370 
f 229/229/229/229 367/367/367/370 378/378/378/381 
f 229/229/229/229 378/378/378/381 228/228/228/228 
f 225/225/225/225 228/228/228/228 231/231/231/231 
f 225/225/225/225 231/231/231/231 223/223/223/223 
f 378/378/378/381 377/377/377/380 379/379/379/382 
f 378/378/378/381 379/379/379/382 228/228/228/228 
f 231/231/231/231 230/230/230/230 375/375/375/378 
f 231/231/231/231 375/375/375/378 223/223/223/223 
f 230/230/230/230 233/233/233/233 380/380/380/383 
f 230/230/230/230 380/380/380/383 375/375/375/378 
f 380/380/380/383 240/240/240/240 239/239/239/239 
f 380/380/380/383 239/239/239/239 375/375/375/378 
f 374/374/374/377 242/242/242/242 241/241/241/241 
f 374/374/374/377 241/241/241/241 221/221/221/221 
f 26/26/26/26 269/269/269/269 361/361/361/364 
f 26/26/26/26 361/361/361/364 270/270/270/270 
f 270/270/270/270 361/361/361/364 359/359/359/362 
f 270/270/270/270 359/359/359/362 322/322/322/325 
f 325/325/325/328 86/86/86/86 83/83/83/83 
f 325/325/325/328 83/83/83/83 177/177/177/177 
f 84/84/84/84 83/83/83/83 86/86/86/86 
f 20/20/20/20 21/21/21/21 19/19/19/19 
f 20/20/20/20 19/19/19/19 260/260/260/260 
f 52/52/52/52 55/55/55/55 54/54/54/54 
f 52/52/52/52 54/54/54/54 47/47/47/47 
f 31/31/31/31 30/30/30/30 54/54/54/54 
f 31/31/31/31 54/54/54/54 25/25/25/25 
f 38/38/38/38 42/42/42/42 44/44/44/44 
f 38/38/38/38 44/44/44/44 30/30/30/30 
f 62/62/62/62 51/51/51/51 251/251/251/251 
f 62/62/62/62 251/251/251/251 56/56/56/56 
f 101/101/101/101 297/297/297/297 296/296/296/296 
f 101/101/101/101 296/296/296/296 92/92/92/92 
f 298/298/298/298 91/91/91/91 90/90/90/90 
f 298/298/298/298 90/90/90/90 88/88/88/88 
f 129/129/129/129 128/128/128/128 291/291/291/291 
f 129/129/129/129 291/291/291/291 127/127/127/127 
f 151/151/151/151 150/150/150/150 145/145/145/145 
f 151/151/151/151 145/145/145/145 144/144/144/144 
f 145/145/145/145 147/147/147/147 149/149/149/149 
f 145/145/145/145 149/149/149/149 146/146/146/146 
f 154/154/154/154 153/153/153/153 171/171/171/171 
f 154/154/154/154 171/171/171/171 329/329/329/332 
f 155/155/155/155 157/157/157/157 167/167/167/167 
f 155/155/155/155 167/167/167/167 304/304/304/304 
f 157/157/157/157 156/156/156/156 158/158/158/158 
f 157/157/157/157 158/158/158/158 160/160/160/160 
f 164/164/164/164 160/160/160/160 159/159/159/159 
f 164/164/164/164 159/159/159/159 162/162/162/162 
f 169/169/169/169 168/168/168/168 153/153/153/153 
f 169/169/169/169 153/153/153/153 170/170/170/170 
f 340/340/340/343 354/354/354/357 204/204/204/204 
f 340/340/340/343 204/204/204/204 185/185/185/185 
f 249/249/249/249 268/268/268/268 266/266/266/266 
f 249/249/249/249 266/266/266/266 4/4/4/4 
f 322/322/322/325 359/359/359/362 212/212/212/212 
f 322/322/322/325 212/212/212/212 181/181/181/181 
f 303/303/303/303 88/88/88/88 86/86/86/86 
f 303/303/303/303 86/86/86/86 323/323/323/326 
f 325/325/325/328 323/323/323/326 86/86/86/86 
f 106/106/106/106 299/299/299/299 298/298/298/298 
f 106/106/106/106 298/298/298/298 301/301/301/301 
f 105/105/105/105 299/299/299/299 117/117/117/117 
f 141/141/141/141 338/338/338/341 186/186/186/186 
f 141/141/141/141 186/186/186/186 190/190/190/190 
f 140/140/140/140 161/161/161/161 338/338/338/341 
f 140/140/140/140 338/338/338/341 141/141/141/141 
f 15/15/15/15 17/17/17/17 258/258/258/258 
f 15/15/15/15 258/258/258/258 261/261/261/261 
f 246/246/246/246 3/3/3/3 20/20/20/20 
f 246/246/246/246 20/20/20/20 264/264/264/264 
f 231/231/231/231 228/228/228/228 379/379/379/382 
f 231/231/231/231 379/379/379/382 232/232/232/232 
f 236/236/236/236 234/234/234/234 230/230/230/230 
f 236/236/236/236 230/230/230/230 232/232/232/232 
f 235/235/235/235 234/234/234/234 237/237/237/237 
f 235/235/235/235 237/237/237/237 381/381/381/384 
f 382/382/382/385 383/383/383/386 384/384/384/387 
f 385/385/385/388 382/382/382/385 384/384/384/387 
f 386/386/386/389 387/387/387/390 388/388/388/391 
f 389/389/389/392 390/390/390/393 391/391/391/394 
f 392/392/392/395 393/393/393/396 394/394/394/397 
f 392/392/392/395 394/394/394/397 395/395/395/398 
f 395/395/395/398 396/396/396/399 392/392/392/395 
f 397/397/397/400 398/398/398/401 399/399/399/402 
f 389/389/389/392 400/400/400/403 401/401/401/404 
f 402/402/402/405 403/403/403/406 382/382/382/385 
f 382/382/382/385 385/385/385/388 402/402/402/405 
f 404/404/404/407 405/405/405/408 388/388/388/391 
f 406/406/406/409 407/407/407/410 408/408/408/411 
f 409/409/409/412 410/410/410/413 411/411/411/414 
f 412/412/412/415 413/413/413/416 414/414/414/417 
f 415/415/415/418 416/416/416/419 417/417/417/420 
f 418/418/418/421 419/419/419/422 420/420/420/423 
f 421/421/421/424 422/422/422/425 423/423/423/426 
f 424/424/424/427 425/425/425/428 420/420/420/423 
f 419/419/419/422 424/424/424/427 420/420/420/423 
f 426/426/426/429 427/427/427/430 428/428/428/431 
f 405/405/405/408 429/429/429/432 430/430/430/433 
f 405/405/405/408 431/431/431/434 429/429/429/432 
f 432/432/432/435 429/429/429/432 431/431/431/434 
f 432/432/432/435 433/433/433/436 429/429/429/432 
f 434/434/434/437 388/388/388/391 430/430/430/433 
f 405/405/405/408 430/430/430/433 388/388/388/391 
f 435/435/435/438 427/427/427/430 426/426/426/429 
f 436/436/436/439 435/435/435/438 412/412/412/415 
f 435/435/435/438 426/426/426/429 412/412/412/415 
f 408/408/408/411 437/437/437/440 436/436/436/439 
f 438/438/438/441 439/439/439/442 390/390/390/393 
f 440/440/440/443 441/441/441/444 442/442/442/445 
f 431/431/431/434 443/443/443/446 432/432/432/435 
f 444/444/444/447 433/433/433/436 432/432/432/435 
f 445/445/445/448 446/446/446/449 416/416/416/419 
f 447/447/447/450 416/416/416/419 446/446/446/449 
f 446/446/446/449 448/448/448/451 447/447/447/450 
f 449/449/449/452 450/450/450/453 451/451/451/454 
f 452/452/452/455 453/453/453/456 454/454/454/457 
f 455/455/455/458 456/456/456/459 457/457/457/460 
f 458/458/458/461 459/459/459/462 460/460/460/463 
f 461/461/461/464 458/458/458/461 460/460/460/463 
f 462/462/462/465 463/463/463/466 464/464/464/467 
f 465/465/465/468 466/466/466/469 467/467/467/470 
f 468/468/468/471 467/467/467/470 469/469/469/472 
f 469/469/469/472 470/470/470/473 468/468/468/471 
f 471/471/471/474 472/472/472/475 473/473/473/476 
f 474/474/474/477 472/472/472/475 471/471/471/474 
f 475/475/475/478 476/476/476/479 477/477/477/480 
f 478/478/478/481 479/479/479/482 480/480/480/483 
f 481/481/481/484 482/482/482/485 483/483/483/486 
f 480/480/480/483 484/484/484/487 485/485/485/488 
f 486/486/486/489 480/480/480/483 485/485/485/488 
f 474/474/474/477 482/482/482/485 487/487/487/490 
f 488/488/488/491 489/489/489/492 490/490/490/493 
f 491/491/491/494 490/490/490/493 492/492/492/495 
f 492/492/492/495 493/493/493/496 491/491/491/494 
f 494/494/494/497 492/492/492/495 495/495/495/498 
f 496/496/496/499 493/493/493/496 492/492/492/495 
f 497/497/497/500 491/491/491/494 493/493/493/496 
f 498/498/498/501 499/499/499/502 487/487/487/490 
f 500/500/500/503 501/501/501/504 502/502/502/505 
f 503/503/503/506 504/504/504/507 505/505/505/508 
f 464/464/464/467 506/506/506/509 411/411/411/414 
f 507/507/507/510 508/508/508/511 509/509/509/512 
f 510/510/510/513 511/511/511/514 512/512/512/515 
f 513/513/513/516 514/514/514/517 515/515/515/518 
f 516/516/516/519 517/517/517/520 518/518/518/521 
f 519/519/519/522 520/520/520/523 521/521/521/524 
f 522/522/522/525 517/517/517/520 523/523/523/526 
f 516/516/516/519 524/524/524/527 525/525/525/528 
f 526/526/526/529 527/527/527/530 528/528/528/531 
f 529/529/529/532 530/530/530/533 531/531/531/534 
f 532/532/532/535 533/533/533/536 534/534/534/537 
f 505/505/505/508 535/535/535/538 536/536/536/539 
f 537/537/537/540 538/538/538/541 539/539/539/542 
f 540/540/540/543 541/541/541/544 542/542/542/545 
f 543/543/543/546 544/544/544/547 545/545/545/548 
f 543/543/543/546 545/545/545/548 546/546/546/549 
f 547/547/547/550 544/544/544/547 548/548/548/551 
f 522/522/522/525 543/543/543/546 546/546/546/549 
f 521/521/521/524 538/538/538/541 549/549/549/552 
f 528/528/528/531 529/529/529/532 550/550/550/553 
f 549/549/549/552 551/551/551/554 552/552/552/555 
f 553/553/553/556 550/550/550/553 536/536/536/539 
f 550/550/550/553 553/553/553/556 532/532/532/535 
f 532/532/532/535 528/528/528/531 550/550/550/553 
f 521/521/521/524 549/549/549/552 552/552/552/555 
f 554/554/554/557 555/555/555/558 556/556/556/559 
f 555/555/555/558 557/557/557/560 556/556/556/559 
f 556/556/556/559 557/557/557/560 558/558/558/561 
f 559/559/559/562 560/560/560/563 561/561/561/564 
f 555/555/555/558 547/547/547/550 548/548/548/551 
f 557/557/557/560 562/562/562/565 558/558/558/561 
f 563/563/563/566 558/558/558/561 562/562/562/565 
f 562/562/562/565 564/564/564/567 565/565/565/568 
f 566/566/566/569 567/567/567/570 568/568/568/571 
f 569/569/569/572 566/566/566/569 568/568/568/571 
f 570/570/570/573 571/571/571/574 569/569/569/572 
f 572/572/572/575 573/573/573/576 574/574/574/577 
f 575/575/575/578 525/525/525/528 576/576/576/579 
f 577/577/577/580 578/578/578/581 579/579/579/582 
f 579/579/579/582 580/580/580/583 581/581/581/584 
f 576/576/576/579 582/582/582/585 583/583/583/586 
f 570/570/570/573 584/584/584/587 571/571/571/574 
f 584/584/584/587 570/570/570/573 585/585/585/588 
f 574/574/574/577 586/586/586/589 568/568/568/571 
f 586/586/586/589 574/574/574/577 587/587/587/590 
f 588/588/588/591 586/586/586/589 587/587/587/590 
f 589/589/589/592 590/590/590/593 591/591/591/594 
f 592/592/592/595 565/565/565/568 564/564/564/567 
f 565/565/565/568 592/592/592/595 593/593/593/596 
f 593/593/593/596 594/594/594/597 565/565/565/568 
f 595/595/595/598 596/596/596/599 597/597/597/600 
f 598/598/598/601 599/599/599/602 600/600/600/603 
f 601/601/601/604 602/602/602/605 603/603/603/606 
f 604/604/604/607 600/600/600/603 599/599/599/602 
f 605/605/605/608 606/606/606/609 607/607/607/610 
f 608/608/608/611 525/525/525/528 609/609/609/612 
f 610/610/610/613 611/611/611/614 606/606/606/609 
f 612/612/612/615 232/232/232/232 613/613/613/616 
f 614/614/614/617 615/615/615/618 612/612/612/615 
f 616/616/616/619 615/615/615/618 614/614/614/617 
f 615/615/615/618 237/237/237/237 236/236/236/236 
f 617/617/617/620 618/618/618/621 619/619/619/622 
f 620/620/620/623 602/602/602/605 601/601/601/604 
f 621/621/621/624 620/620/620/623 622/622/622/625 
f 622/622/622/625 620/620/620/623 601/601/601/604 
f 623/623/623/626 622/622/622/625 601/601/601/604 
f 624/624/624/627 623/623/623/626 601/601/601/604 
f 247/247/247/247 246/246/246/246 385/385/385/388 
f 247/247/247/247 385/385/385/388 384/384/384/387 
f 597/597/597/600 248/248/248/248 247/247/247/247 
f 597/597/597/600 247/247/247/247 384/384/384/387 
f 595/595/595/598 597/597/597/600 384/384/384/387 
f 595/595/595/598 384/384/384/387 383/383/383/386 
f 387/387/387/390 386/386/386/389 383/383/383/386 
f 387/387/387/390 383/383/383/386 382/382/382/385 
f 383/383/383/386 386/386/386/389 625/625/625/628 
f 383/383/383/386 625/625/625/628 595/595/595/598 
f 382/382/382/385 403/403/403/406 391/391/391/394 
f 382/382/382/385 391/391/391/394 387/387/387/390 
f 387/387/387/390 391/391/391/394 404/404/404/407 
f 387/387/387/390 404/404/404/407 388/388/388/391 
f 391/391/391/394 403/403/403/406 400/400/400/403 
f 391/391/391/394 400/400/400/403 389/389/389/392 
f 390/390/390/393 626/626/626/629 404/404/404/407 
f 390/390/390/393 404/404/404/407 391/391/391/394 
f 401/401/401/404 395/395/395/398 394/394/394/397 
f 401/401/401/404 394/394/394/397 389/389/389/392 
f 438/438/438/441 390/390/390/393 389/389/389/392 
f 438/438/438/441 389/389/389/392 394/394/394/397 
f 627/627/627/630 438/438/438/441 394/394/394/397 
f 627/627/627/630 394/394/394/397 393/393/393/396 
f 627/627/627/630 393/393/393/396 440/440/440/443 
f 627/627/627/630 440/440/440/443 442/442/442/445 
f 628/628/628/631 396/396/396/399 395/395/395/398 
f 628/628/628/631 395/395/395/398 629/629/629/632 
f 630/630/630/633 628/628/628/631 629/629/629/632 
f 630/630/630/633 629/629/629/632 631/631/631/634 
f 631/631/631/634 257/257/257/257 256/256/256/256 
f 631/631/631/634 256/256/256/256 630/630/630/633 
f 398/398/398/401 258/258/258/258 257/257/257/257 
f 398/398/398/401 257/257/257/257 631/631/631/634 
f 629/629/629/632 399/399/399/402 398/398/398/401 
f 629/629/629/632 398/398/398/401 631/631/631/634 
f 395/395/395/398 401/401/401/404 399/399/399/402 
f 395/395/395/398 399/399/399/402 629/629/629/632 
f 397/397/397/400 399/399/399/402 401/401/401/404 
f 397/397/397/400 401/401/401/404 632/632/632/635 
f 400/400/400/403 633/633/633/636 632/632/632/635 
f 400/400/400/403 632/632/632/635 401/401/401/404 
f 632/632/632/635 262/262/262/262 261/261/261/261 
f 632/632/632/635 261/261/261/261 397/397/397/400 
f 632/632/632/635 633/633/633/636 263/263/263/263 
f 632/632/632/635 263/263/263/263 262/262/262/262 
f 264/264/264/264 263/263/263/263 633/633/633/636 
f 264/264/264/264 633/633/633/636 402/402/402/405 
f 626/626/626/629 431/431/431/434 405/405/405/408 
f 626/626/626/629 405/405/405/408 404/404/404/407 
f 434/434/434/437 437/437/437/440 634/634/634/637 
f 434/434/434/437 634/634/634/637 635/635/635/638 
f 407/407/407/410 634/634/634/637 437/437/437/440 
f 407/407/407/410 437/437/437/440 408/408/408/411 
f 635/635/635/638 634/634/634/637 636/636/636/639 
f 635/635/635/638 636/636/636/639 637/637/637/640 
f 634/634/634/637 407/407/407/410 638/638/638/641 
f 634/634/634/637 638/638/638/641 636/636/636/639 
f 407/407/407/410 406/406/406/409 639/639/639/642 
f 407/407/407/410 639/639/639/642 640/640/640/643 
f 408/408/408/411 414/414/414/417 410/410/410/413 
f 408/408/408/411 410/410/410/413 406/406/406/409 
f 409/409/409/412 639/639/639/642 406/406/406/409 
f 409/409/409/412 406/406/406/409 410/410/410/413 
f 410/410/410/413 414/414/414/417 413/413/413/416 
f 410/410/410/413 413/413/413/416 641/641/641/644 
f 641/641/641/644 464/464/464/467 411/411/411/414 
f 641/641/641/644 411/411/411/414 410/410/410/413 
f 413/413/413/416 418/418/418/421 417/417/417/420 
f 413/413/413/416 417/417/417/420 641/641/641/644 
f 418/418/418/421 413/413/413/416 412/412/412/415 
f 418/418/418/421 412/412/412/415 419/419/419/422 
f 417/417/417/420 416/416/416/419 447/447/447/450 
f 417/417/417/420 447/447/447/450 641/641/641/644 
f 447/447/447/450 462/462/462/465 464/464/464/467 
f 447/447/447/450 464/464/464/467 641/641/641/644 
f 418/418/418/421 420/420/420/423 421/421/421/424 
f 418/418/418/421 421/421/421/424 417/417/417/420 
f 421/421/421/424 423/423/423/426 415/415/415/418 
f 421/421/421/424 415/415/415/418 417/417/417/420 
f 642/642/642/645 421/421/421/424 420/420/420/423 
f 642/642/642/645 420/420/420/423 425/425/425/428 
f 642/642/642/645 643/643/643/646 422/422/422/425 
f 642/642/642/645 422/422/422/425 421/421/421/424 
f 642/642/642/645 425/425/425/428 428/428/428/431 
f 642/642/642/645 428/428/428/431 429/429/429/432 
f 424/424/424/427 426/426/426/429 428/428/428/431 
f 424/424/424/427 428/428/428/431 425/425/425/428 
f 433/433/433/436 643/643/643/646 642/642/642/645 
f 433/433/433/436 642/642/642/645 429/429/429/432 
f 428/428/428/431 427/427/427/430 430/430/430/433 
f 428/428/428/431 430/430/430/433 429/429/429/432 
f 427/427/427/430 435/435/435/438 436/436/436/439 
f 427/427/427/430 436/436/436/439 430/430/430/433 
f 388/388/388/391 434/434/434/437 635/635/635/638 
f 388/388/388/391 635/635/635/638 386/386/386/389 
f 443/443/443/446 431/431/431/434 626/626/626/629 
f 443/443/443/446 626/626/626/629 390/390/390/393 
f 439/439/439/442 432/432/432/435 443/443/443/446 
f 439/439/439/442 443/443/443/446 390/390/390/393 
f 444/444/444/447 432/432/432/435 439/439/439/442 
f 444/444/444/447 439/439/439/442 438/438/438/441 
f 442/442/442/445 643/643/643/646 433/433/433/436 
f 442/442/442/445 433/433/433/436 627/627/627/630 
f 422/422/422/425 643/643/643/646 442/442/442/445 
f 422/422/422/425 442/442/442/445 644/644/644/647 
f 645/645/645/648 644/644/644/647 442/442/442/445 
f 645/645/645/648 442/442/442/445 441/441/441/444 
f 646/646/646/649 423/423/423/426 422/422/422/425 
f 646/646/646/649 422/422/422/425 644/644/644/647 
f 647/647/647/650 646/646/646/649 644/644/644/647 
f 647/647/647/650 644/644/644/647 645/645/645/648 
f 648/648/648/651 415/415/415/418 423/423/423/426 
f 648/648/648/651 423/423/423/426 646/646/646/649 
f 451/451/451/454 648/648/648/651 646/646/646/649 
f 451/451/451/454 646/646/646/649 647/647/647/650 
f 415/415/415/418 648/648/648/651 445/445/445/448 
f 415/415/415/418 445/445/445/448 416/416/416/419 
f 450/450/450/453 445/445/445/448 648/648/648/651 
f 450/450/450/453 648/648/648/651 451/451/451/454 
f 446/446/446/449 445/445/445/448 450/450/450/453 
f 446/446/446/449 450/450/450/453 448/448/448/451 
f 649/649/649/652 448/448/448/451 450/450/450/453 
f 649/649/649/652 450/450/450/453 449/449/449/452 
f 452/452/452/455 462/462/462/465 447/447/447/450 
f 452/452/452/455 447/447/447/450 448/448/448/451 
f 649/649/649/652 453/453/453/456 452/452/452/455 
f 649/649/649/652 452/452/452/455 448/448/448/451 
f 454/454/454/457 463/463/463/466 462/462/462/465 
f 454/454/454/457 462/462/462/465 452/452/452/455 
f 457/457/457/460 456/456/456/459 454/454/454/457 
f 457/457/457/460 454/454/454/457 453/453/453/456 
f 454/454/454/457 456/456/456/459 509/509/509/512 
f 454/454/454/457 509/509/509/512 463/463/463/466 
f 456/456/456/459 455/455/455/458 507/507/507/510 
f 456/456/456/459 507/507/507/510 509/509/509/512 
f 457/457/457/460 650/650/650/653 459/459/459/462 
f 457/457/457/460 459/459/459/462 455/455/455/458 
f 459/459/459/462 458/458/458/461 651/651/651/654 
f 459/459/459/462 651/651/651/654 455/455/455/458 
f 652/652/652/655 507/507/507/510 455/455/455/458 
f 652/652/652/655 455/455/455/458 651/651/651/654 
f 453/453/453/456 649/649/649/652 650/650/650/653 
f 453/453/453/456 650/650/650/653 457/457/457/460 
f 460/460/460/463 459/459/459/462 650/650/650/653 
f 460/460/460/463 650/650/650/653 653/653/653/656 
f 653/653/653/656 650/650/650/653 649/649/649/652 
f 653/653/653/656 649/649/649/652 449/449/449/452 
f 463/463/463/466 509/509/509/512 506/506/506/509 
f 463/463/463/466 506/506/506/509 464/464/464/467 
f 477/477/477/480 652/652/652/655 651/651/651/654 
f 477/477/477/480 651/651/651/654 654/654/654/657 
f 651/651/651/654 458/458/458/461 461/461/461/464 
f 651/651/651/654 461/461/461/464 654/654/654/657 
f 477/477/477/480 476/476/476/479 655/655/655/658 
f 477/477/477/480 655/655/655/658 652/652/652/655 
f 652/652/652/655 655/655/655/658 508/508/508/511 
f 652/652/652/655 508/508/508/511 507/507/507/510 
f 656/656/656/659 657/657/657/660 658/658/658/661 
f 656/656/656/659 658/658/658/661 659/659/659/662 
f 656/656/656/659 510/510/510/513 660/660/660/663 
f 656/656/656/659 660/660/660/663 657/657/657/660 
f 659/659/659/662 466/466/466/469 661/661/661/664 
f 659/659/659/662 661/661/661/664 656/656/656/659 
f 511/511/511/514 510/510/510/513 656/656/656/659 
f 511/511/511/514 656/656/656/659 661/661/661/664 
f 661/661/661/664 466/466/466/469 465/465/465/468 
f 661/661/661/664 465/465/465/468 511/511/511/514 
f 469/469/469/472 467/467/467/470 466/466/466/469 
f 469/469/469/472 466/466/466/469 659/659/659/662 
f 657/657/657/660 655/655/655/658 476/476/476/479 
f 657/657/657/660 476/476/476/479 658/658/658/661 
f 657/657/657/660 660/660/660/663 508/508/508/511 
f 657/657/657/660 508/508/508/511 655/655/655/658 
f 662/662/662/665 469/469/469/472 659/659/659/662 
f 662/662/662/665 659/659/659/662 658/658/658/661 
f 473/473/473/476 470/470/470/473 469/469/469/472 
f 473/473/473/476 469/469/469/472 662/662/662/665 
f 658/658/658/661 476/476/476/479 475/475/475/478 
f 658/658/658/661 475/475/475/478 662/662/662/665 
f 471/471/471/474 473/473/473/476 662/662/662/665 
f 471/471/471/474 662/662/662/665 475/475/475/478 
f 475/475/475/478 663/663/663/666 664/664/664/667 
f 475/475/475/478 664/664/664/667 471/471/471/474 
f 471/471/471/474 664/664/664/667 665/665/665/668 
f 471/471/471/474 665/665/665/668 474/474/474/477 
f 663/663/663/666 475/475/475/478 477/477/477/480 
f 663/663/663/666 477/477/477/480 484/484/484/487 
f 654/654/654/657 485/485/485/488 484/484/484/487 
f 654/654/654/657 484/484/484/487 477/477/477/480 
f 479/479/479/482 663/663/663/666 484/484/484/487 
f 479/479/479/482 484/484/484/487 480/480/480/483 
f 663/663/663/666 479/479/479/482 665/665/665/668 
f 663/663/663/666 665/665/665/668 664/664/664/667 
f 666/666/666/669 665/665/665/668 479/479/479/482 
f 666/666/666/669 479/479/479/482 478/478/478/481 
f 486/486/486/489 483/483/483/486 478/478/478/481 
f 486/486/486/489 478/478/478/481 480/480/480/483 
f 482/482/482/485 666/666/666/669 478/478/478/481 
f 482/482/482/485 478/478/478/481 483/483/483/486 
f 667/667/667/670 668/668/668/671 472/472/472/475 
f 667/667/667/670 472/472/472/475 474/474/474/477 
f 669/669/669/672 487/487/487/490 482/482/482/485 
f 669/669/669/672 482/482/482/485 481/481/481/484 
f 667/667/667/670 499/499/499/502 489/489/489/492 
f 667/667/667/670 489/489/489/492 488/488/488/491 
f 490/490/490/493 491/491/491/494 670/670/670/673 
f 490/490/490/493 670/670/670/673 488/488/488/491 
f 495/495/495/498 492/492/492/495 490/490/490/493 
f 495/495/495/498 490/490/490/493 489/489/489/492 
f 671/671/671/674 496/496/496/499 492/492/492/495 
f 671/671/671/674 492/492/492/495 494/494/494/497 
f 670/670/670/673 672/672/672/675 470/470/470/473 
f 670/670/670/673 470/470/470/473 668/668/668/671 
f 491/491/491/494 497/497/497/500 673/673/673/676 
f 491/491/491/494 673/673/673/676 670/670/670/673 
f 673/673/673/676 537/537/537/540 672/672/672/675 
f 673/673/673/676 672/672/672/675 670/670/670/673 
f 489/489/489/492 499/499/499/502 498/498/498/501 
f 489/489/489/492 498/498/498/501 495/495/495/498 
f 669/669/669/672 674/674/674/677 498/498/498/501 
f 669/669/669/672 498/498/498/501 487/487/487/490 
f 495/495/495/498 498/498/498/501 674/674/674/677 
f 495/495/495/498 674/674/674/677 675/675/675/678 
f 494/494/494/497 495/495/495/498 675/675/675/678 
f 494/494/494/679 675/675/675/680 676/676/676/681 
f 677/677/677/682 671/671/671/674 494/494/494/497 
f 677/677/677/682 494/494/494/497 676/676/676/683 
f 678/678/678/684 500/500/500/503 679/679/679/685 
f 678/678/678/684 679/679/679/685 677/677/677/682 
f 679/679/679/685 680/680/680/686 671/671/671/674 
f 679/679/679/685 671/671/671/674 677/677/677/682 
f 679/679/679/685 500/500/500/503 502/502/502/505 
f 679/679/679/685 502/502/502/505 681/681/681/687 
f 681/681/681/687 513/513/513/516 680/680/680/686 
f 681/681/681/687 680/680/680/686 679/679/679/685 
f 501/501/501/504 500/500/500/503 678/678/678/684 
f 501/501/501/504 678/678/678/684 682/682/682/688 
f 683/683/683/689 501/501/501/504 684/684/684/690 
f 683/683/683/689 684/684/684/690 685/685/685/691 
f 682/682/682/688 686/686/686/692 684/684/684/690 
f 682/682/682/688 684/684/684/690 501/501/501/504 
f 687/687/687/693 502/502/502/505 501/501/501/504 
f 687/687/687/693 501/501/501/504 683/683/683/689 
f 687/687/687/693 688/688/688/694 681/681/681/687 
f 687/687/687/693 681/681/681/687 502/502/502/505 
f 680/680/680/686 689/689/689/695 496/496/496/499 
f 680/680/680/686 496/496/496/499 671/671/671/674 
f 513/513/513/516 515/515/515/518 689/689/689/695 
f 513/513/513/516 689/689/689/695 680/680/680/686 
f 496/496/496/499 689/689/689/695 503/503/503/506 
f 496/496/496/499 503/503/503/506 493/493/493/496 
f 503/503/503/506 689/689/689/695 515/515/515/518 
f 503/503/503/506 515/515/515/518 504/504/504/507 
f 503/503/503/506 505/505/505/508 497/497/497/500 
f 503/503/503/506 497/497/497/500 493/493/493/496 
f 411/411/411/414 506/506/506/509 512/512/512/515 
f 411/411/411/414 512/512/512/515 409/409/409/412 
f 561/561/561/564 690/690/690/696 639/639/639/642 
f 561/561/561/564 639/639/639/642 409/409/409/412 
f 409/409/409/412 512/512/512/515 511/511/511/514 
f 409/409/409/412 511/511/511/514 561/561/561/564 
f 690/690/690/696 691/691/691/697 640/640/640/643 
f 690/690/690/696 640/640/640/643 639/639/639/642 
f 506/506/506/509 509/509/509/512 508/508/508/511 
f 506/506/506/509 508/508/508/511 512/512/512/515 
f 537/537/537/540 539/539/539/542 692/692/692/698 
f 537/537/537/540 692/692/692/698 672/672/672/675 
f 539/539/539/542 540/540/540/543 693/693/693/699 
f 539/539/539/542 693/693/693/699 692/692/692/698 
f 692/692/692/698 693/693/693/699 559/559/559/562 
f 692/692/692/698 559/559/559/562 694/694/694/700 
f 695/695/695/701 693/693/693/699 540/540/540/543 
f 695/695/695/701 540/540/540/543 542/542/542/545 
f 693/693/693/699 695/695/695/701 560/560/560/563 
f 693/693/693/699 560/560/560/563 559/559/559/562 
f 696/696/696/702 695/695/695/701 542/542/542/545 
f 696/696/696/702 542/542/542/545 545/545/545/548 
f 554/554/554/557 560/560/560/563 695/695/695/701 
f 554/554/554/557 695/695/695/701 696/696/696/702 
f 545/545/545/548 544/544/544/547 547/547/547/550 
f 545/545/545/548 547/547/547/550 696/696/696/702 
f 555/555/555/558 554/554/554/557 696/696/696/702 
f 555/555/555/558 696/696/696/702 547/547/547/550 
f 688/688/688/694 514/514/514/517 513/513/513/516 
f 688/688/688/694 513/513/513/516 681/681/681/687 
f 505/505/505/508 504/504/504/507 697/697/697/703 
f 505/505/505/508 697/697/697/703 535/535/535/538 
f 698/698/698/704 699/699/699/705 535/535/535/538 
f 698/698/698/704 535/535/535/538 697/697/697/703 
f 700/700/700/706 533/533/533/536 699/699/699/705 
f 700/700/700/706 699/699/699/705 698/698/698/704 
f 534/534/534/537 533/533/533/536 700/700/700/706 
f 534/534/534/537 700/700/700/706 701/701/701/707 
f 702/702/702/708 701/701/701/707 703/703/703/709 
f 702/702/702/708 703/703/703/709 524/524/524/527 
f 534/534/534/537 701/701/701/707 702/702/702/708 
f 534/534/534/537 702/702/702/708 526/526/526/529 
f 516/516/516/519 518/518/518/521 702/702/702/708 
f 516/516/516/519 702/702/702/708 524/524/524/527 
f 518/518/518/521 527/527/527/530 526/526/526/529 
f 518/518/518/521 526/526/526/529 702/702/702/708 
f 704/704/704/710 705/705/705/711 518/518/518/521 
f 704/704/704/710 518/518/518/521 517/517/517/520 
f 705/705/705/711 530/530/530/533 527/527/527/530 
f 705/705/705/711 527/527/527/530 518/518/518/521 
f 704/704/704/710 520/520/520/523 519/519/519/522 
f 704/704/704/710 519/519/519/522 705/705/705/711 
f 519/519/519/522 531/531/531/534 530/530/530/533 
f 519/519/519/522 530/530/530/533 705/705/705/711 
f 519/519/519/522 521/521/521/524 552/552/552/555 
f 519/519/519/522 552/552/552/555 531/531/531/534 
f 704/704/704/710 517/517/517/520 522/522/522/525 
f 704/704/704/710 522/522/522/525 546/546/546/549 
f 523/523/523/526 517/517/517/520 516/516/516/519 
f 523/523/523/526 516/516/516/519 706/706/706/712 
f 520/520/520/523 704/704/704/710 546/546/546/549 
f 520/520/520/523 546/546/546/549 541/541/541/544 
f 541/541/541/544 538/538/538/541 521/521/521/524 
f 541/541/541/544 521/521/521/524 520/520/520/523 
f 524/524/524/527 703/703/703/709 609/609/609/612 
f 524/524/524/527 609/609/609/612 525/525/525/528 
f 525/525/525/528 575/575/575/578 706/706/706/712 
f 525/525/525/528 706/706/706/712 516/516/516/519 
f 531/531/531/534 552/552/552/555 550/550/550/553 
f 531/531/531/534 550/550/550/553 529/529/529/532 
f 699/699/699/705 533/533/533/536 532/532/532/535 
f 699/699/699/705 532/532/532/535 553/553/553/556 
f 505/505/505/508 536/536/536/539 551/551/551/554 
f 505/505/505/508 551/551/551/554 497/497/497/500 
f 497/497/497/500 551/551/551/554 549/549/549/552 
f 497/497/497/500 549/549/549/552 673/673/673/676 
f 548/548/548/551 544/544/544/547 543/543/543/546 
f 548/548/548/551 543/543/543/546 707/707/707/713 
f 690/690/690/696 561/561/561/564 556/556/556/559 
f 690/690/690/696 556/556/556/559 558/558/558/561 
f 560/560/560/563 554/554/554/557 556/556/556/559 
f 560/560/560/563 556/556/556/559 561/561/561/564 
f 511/511/511/514 465/465/465/468 559/559/559/562 
f 511/511/511/514 559/559/559/562 561/561/561/564 
f 548/548/548/551 708/708/708/714 557/557/557/560 
f 548/548/548/551 557/557/557/560 555/555/555/558 
f 563/563/563/566 691/691/691/697 690/690/690/696 
f 563/563/563/566 690/690/690/696 558/558/558/561 
f 708/708/708/714 564/564/564/567 562/562/562/565 
f 708/708/708/714 562/562/562/565 557/557/557/560 
f 563/563/563/566 562/562/562/565 565/565/565/568 
f 563/563/563/566 565/565/565/568 594/594/594/597 
f 708/708/708/714 548/548/548/551 566/566/566/569 
f 708/708/708/714 566/566/566/569 569/569/569/572 
f 707/707/707/713 567/567/567/570 566/566/566/569 
f 707/707/707/713 566/566/566/569 548/548/548/551 
f 569/569/569/572 571/571/571/574 564/564/564/567 
f 569/569/569/572 564/564/564/567 708/708/708/714 
f 568/568/568/571 709/709/709/715 570/570/570/573 
f 568/568/568/571 570/570/570/573 569/569/569/572 
f 706/706/706/712 573/573/573/576 572/572/572/575 
f 706/706/706/712 572/572/572/575 523/523/523/526 
f 568/568/568/571 567/567/567/570 572/572/572/575 
f 568/568/568/571 572/572/572/575 574/574/574/577 
f 575/575/575/578 710/710/710/716 573/573/573/576 
f 575/575/575/578 573/573/573/576 706/706/706/712 
f 710/710/710/716 587/587/587/590 574/574/574/577 
f 710/710/710/716 574/574/574/577 573/573/573/576 
f 576/576/576/579 711/711/711/717 710/710/710/716 
f 576/576/576/579 710/710/710/716 575/575/575/578 
f 712/712/712/718 587/587/587/590 710/710/710/716 
f 712/712/712/718 710/710/710/716 711/711/711/717 
f 576/576/576/579 583/583/583/586 713/713/713/719 
f 576/576/576/579 713/713/713/719 711/711/711/717 
f 714/714/714/720 712/712/712/718 711/711/711/717 
f 714/714/714/720 711/711/711/717 713/713/713/719 
f 715/715/715/721 716/716/716/722 713/713/713/719 
f 715/715/715/721 713/713/713/719 583/583/583/586 
f 713/713/713/719 716/716/716/722 717/717/717/723 
f 713/713/713/719 717/717/717/723 714/714/714/720 
f 718/718/718/724 716/716/716/722 715/715/715/721 
f 718/718/718/724 715/715/715/721 719/719/719/725 
f 589/589/589/592 717/717/717/723 716/716/716/722 
f 589/589/589/592 716/716/716/722 718/718/718/724 
f 719/719/719/725 720/720/720/726 721/721/721/727 
f 719/719/719/725 721/721/721/727 718/718/718/724 
f 590/590/590/593 589/589/589/592 718/718/718/724 
f 590/590/590/593 718/718/718/724 721/721/721/727 
f 579/579/579/582 721/721/721/727 720/720/720/726 
f 579/579/579/582 720/720/720/726 577/577/577/580 
f 581/581/581/584 590/590/590/593 721/721/721/727 
f 581/581/581/584 721/721/721/727 579/579/579/582 
f 722/722/722/728 580/580/580/583 579/579/579/582 
f 722/722/722/728 579/579/579/582 578/578/578/581 
f 608/608/608/611 582/582/582/585 576/576/576/579 
f 608/608/608/611 576/576/576/579 525/525/525/528 
f 571/571/571/574 584/584/584/587 592/592/592/595 
f 571/571/571/574 592/592/592/595 564/564/564/567 
f 584/584/584/587 585/585/585/588 588/588/588/591 
f 584/584/584/587 588/588/588/591 592/592/592/595 
f 723/723/723/729 585/585/585/588 570/570/570/573 
f 723/723/723/729 570/570/570/573 709/709/709/715 
f 588/588/588/591 585/585/585/588 723/723/723/729 
f 588/588/588/591 723/723/723/729 586/586/586/589 
f 724/724/724/730 588/588/588/591 587/587/587/590 
f 724/724/724/730 587/587/587/590 712/712/712/718 
f 712/712/712/718 714/714/714/720 725/725/725/731 
f 712/712/712/718 725/725/725/731 724/724/724/730 
f 714/714/714/720 717/717/717/723 726/726/726/732 
f 714/714/714/720 726/726/726/732 725/725/725/731 
f 591/591/591/594 726/726/726/732 717/717/717/723 
f 591/591/591/594 717/717/717/723 589/589/589/592 
f 590/590/590/593 581/581/581/584 604/604/604/607 
f 590/590/590/593 604/604/604/607 591/591/591/594 
f 604/604/604/607 581/581/581/584 580/580/580/583 
f 604/604/604/607 580/580/580/583 600/600/600/603 
f 588/588/588/591 724/724/724/730 593/593/593/596 
f 588/588/588/591 593/593/593/596 592/592/592/595 
f 724/724/724/730 725/725/725/731 727/727/727/733 
f 724/724/724/730 727/727/727/733 593/593/593/596 
f 594/594/594/597 593/593/593/596 727/727/727/733 
f 594/594/594/597 727/727/727/733 728/728/728/734 
f 729/729/729/735 727/727/727/733 725/725/725/731 
f 729/729/729/735 725/725/725/731 726/726/726/732 
f 728/728/728/734 727/727/727/733 729/729/729/735 
f 728/728/728/734 729/729/729/735 730/730/730/736 
f 731/731/731/737 729/729/729/735 726/726/726/732 
f 731/731/731/737 726/726/726/732 591/591/591/594 
f 731/731/731/737 638/638/638/641 730/730/730/736 
f 731/731/731/737 730/730/730/736 729/729/729/735 
f 732/732/732/738 731/731/731/737 591/591/591/594 
f 732/732/732/738 591/591/591/594 604/604/604/607 
f 732/732/732/738 636/636/636/639 638/638/638/641 
f 732/732/732/738 638/638/638/641 731/731/731/737 
f 599/599/599/602 733/733/733/739 732/732/732/738 
f 599/599/599/602 732/732/732/738 604/604/604/607 
f 733/733/733/739 637/637/637/640 636/636/636/639 
f 733/733/733/739 636/636/636/639 732/732/732/738 
f 734/734/734/740 733/733/733/739 599/599/599/602 
f 734/734/734/740 599/599/599/602 735/735/735/741 
f 733/733/733/739 734/734/734/740 625/625/625/628 
f 733/733/733/739 625/625/625/628 637/637/637/640 
f 734/734/734/740 735/735/735/741 607/607/607/610 
f 734/734/734/740 607/607/607/610 596/596/596/599 
f 595/595/595/598 625/625/625/628 734/734/734/740 
f 595/595/595/598 734/734/734/740 596/596/596/599 
f 606/606/606/609 611/611/611/614 596/596/596/599 
f 606/606/606/609 596/596/596/599 607/607/607/610 
f 597/597/597/600 596/596/596/599 611/611/611/614 
f 597/597/597/600 611/611/611/614 736/736/736/742 
f 722/722/722/728 737/737/737/743 600/600/600/603 
f 722/722/722/728 600/600/600/603 580/580/580/583 
f 737/737/737/743 738/738/738/744 598/598/598/601 
f 737/737/737/743 598/598/598/601 600/600/600/603 
f 599/599/599/602 598/598/598/601 739/739/739/745 
f 599/599/599/602 739/739/739/745 735/735/735/741 
f 738/738/738/744 740/740/740/746 739/739/739/745 
f 738/738/738/744 739/739/739/745 598/598/598/601 
f 735/735/735/741 739/739/739/745 741/741/741/747 
f 735/735/735/741 741/741/741/747 607/607/607/610 
f 740/740/740/746 624/624/624/627 741/741/741/747 
f 740/740/740/746 741/741/741/747 739/739/739/745 
f 607/607/607/610 741/741/741/747 603/603/603/606 
f 607/607/607/610 603/603/603/606 619/619/619/622 
f 741/741/741/747 624/624/624/627 601/601/601/604 
f 741/741/741/747 601/601/601/604 603/603/603/606 
f 619/619/619/622 603/603/603/606 742/742/742/748 
f 619/619/619/622 742/742/742/748 617/617/617/620 
f 602/602/602/605 743/743/743/749 742/742/742/748 
f 602/602/602/605 742/742/742/748 603/603/603/606 
f 619/619/619/622 744/744/744/750 605/605/605/608 
f 619/619/619/622 605/605/605/608 607/607/607/610 
f 736/736/736/742 376/376/376/379 248/248/248/248 
f 736/736/736/742 248/248/248/248 597/597/597/600 
f 745/745/745/751 377/377/377/380 376/376/376/379 
f 745/745/745/751 376/376/376/379 736/736/736/742 
f 611/611/611/614 610/610/610/613 745/745/745/751 
f 611/611/611/614 745/745/745/751 736/736/736/742 
f 613/613/613/616 610/610/610/613 606/606/606/609 
f 613/613/613/616 606/606/606/609 605/605/605/608 
f 379/379/379/382 377/377/377/380 745/745/745/751 
f 379/379/379/382 745/745/745/751 610/610/610/613 
f 613/613/613/616 605/605/605/608 744/744/744/750 
f 613/613/613/616 744/744/744/750 612/612/612/615 
f 612/612/612/615 744/744/744/750 746/746/746/752 
f 612/612/612/615 746/746/746/752 614/614/614/617 
f 619/619/619/622 618/618/618/621 746/746/746/752 
f 619/619/619/622 746/746/746/752 744/744/744/750 
f 620/620/620/623 621/621/621/624 743/743/743/749 
f 620/620/620/623 743/743/743/749 602/602/602/605 
f 407/407/407/410 640/640/640/643 730/730/730/736 
f 407/407/407/410 730/730/730/736 638/638/638/641 
f 640/640/640/643 691/691/691/697 728/728/728/734 
f 640/640/640/643 728/728/728/734 730/730/730/736 
f 465/465/465/468 468/468/468/471 694/694/694/700 
f 465/465/465/468 694/694/694/700 559/559/559/562 
f 467/467/467/470 468/468/468/471 465/465/465/468 
f 400/400/400/403 403/403/403/406 402/402/402/405 
f 400/400/400/403 402/402/402/405 633/633/633/636 
f 436/436/436/439 437/437/437/440 434/434/434/437 
f 436/436/436/439 434/434/434/437 430/430/430/433 
f 436/436/436/439 412/412/412/415 414/414/414/417 
f 436/436/436/439 414/414/414/417 408/408/408/411 
f 426/426/426/429 424/424/424/427 419/419/419/422 
f 426/426/426/429 419/419/419/422 412/412/412/415 
f 627/627/627/630 433/433/433/436 444/444/444/447 
f 627/627/627/630 444/444/444/447 438/438/438/441 
f 665/665/665/668 666/666/666/669 482/482/482/485 
f 665/665/665/668 482/482/482/485 474/474/474/477 
f 473/473/473/476 472/472/472/475 668/668/668/671 
f 473/473/473/476 668/668/668/671 470/470/470/473 
f 660/660/660/663 510/510/510/513 512/512/512/515 
f 660/660/660/663 512/512/512/515 508/508/508/511 
f 528/528/528/531 532/532/532/535 534/534/534/537 
f 528/528/528/531 534/534/534/537 526/526/526/529 
f 528/528/528/531 527/527/527/530 530/530/530/533 
f 528/528/528/531 530/530/530/533 529/529/529/532 
f 553/553/553/556 536/536/536/539 535/535/535/538 
f 553/553/553/556 535/535/535/538 699/699/699/705 
f 549/549/549/552 538/538/538/541 537/537/537/540 
f 549/549/549/552 537/537/537/540 673/673/673/676 
f 538/538/538/541 541/541/541/544 540/540/540/543 
f 538/538/538/541 540/540/540/543 539/539/539/542 
f 542/542/542/545 541/541/541/544 546/546/546/549 
f 542/542/542/545 546/546/546/549 545/545/545/548 
f 536/536/536/539 550/550/550/553 552/552/552/555 
f 536/536/536/539 552/552/552/555 551/551/551/554 
f 586/586/586/589 723/723/723/729 709/709/709/715 
f 586/586/586/589 709/709/709/715 568/568/568/571 
f 635/635/635/638 637/637/637/640 625/625/625/628 
f 635/635/635/638 625/625/625/628 386/386/386/389 
f 691/691/691/697 563/563/563/566 594/594/594/597 
f 691/691/691/697 594/594/594/597 728/728/728/734 
f 672/672/672/675 692/692/692/698 468/468/468/471 
f 672/672/672/675 468/468/468/471 470/470/470/473 
f 694/694/694/700 468/468/468/471 692/692/692/698 
f 488/488/488/491 670/670/670/673 668/668/668/671 
f 488/488/488/491 668/668/668/671 667/667/667/670 
f 487/487/487/490 499/499/499/502 667/667/667/670 
f 567/567/567/570 707/707/707/713 523/523/523/526 
f 567/567/567/570 523/523/523/526 572/572/572/575 
f 707/707/707/713 543/543/543/546 522/522/522/525 
f 707/707/707/713 522/522/522/525 523/523/523/526 
f 258/258/258/258 398/398/398/401 397/397/397/400 
f 258/258/258/258 397/397/397/400 261/261/261/261 
f 246/246/246/246 264/264/264/264 402/402/402/405 
f 246/246/246/246 402/402/402/405 385/385/385/388 
f 379/379/379/382 610/610/610/613 613/613/613/616 
f 379/379/379/382 613/613/613/616 232/232/232/232 
f 236/236/236/236 232/232/232/232 612/612/612/615 
f 236/236/236/236 612/612/612/615 615/615/615/618 
f 237/237/237/237 615/615/615/618 616/616/616/619 
f 237/237/237/237 616/616/616/619 381/381/381/384 
f 92/92/92/92 299/299/299/299 105/105/105/105 
f 474/474/474/477 487/487/487/490 667/667/667/670 
