v -42.0083 435.0779 -322.2495
v -49.6864 435.2776 -322.1662
v -49.4765 445.5086 -322.162
v -41.823 445.2991 -323.9876
v -41.6671 455.5157 -324.0255
v -49.3139 455.744 -322.168
v -41.5281 465.6842 -324.0728
v -49.1704 465.9549 -322.1833
v -41.3876 475.7606 -324.1287
v -49.0288 476.1136 -322.208
v -34.1305 445.0669 -324.0885
v -34.3165 434.8545 -322.3205
v -33.9704 455.2709 -324.1563
v -33.8221 465.4131 -324.2284
v -33.6675 475.4454 -324.3054
v -26.4271 444.8466 -324.1614
v -26.6118 434.6414 -322.3716
v -26.261 455.0449 -324.2448
v -26.102 465.1764 -324.3189
v -25.9344 475.192 -324.3867
v -18.7206 444.6548 -324.1895
v -18.9004 434.4528 -322.3976
v -18.5519 454.8506 -324.2661
v -18.3883 464.979 -324.3225
v -18.2181 474.9902 -324.3635
v -47.7534 506.8475 -321.2893
v -46.3342 512.2903 -318.1541
v -39.5687 511.1331 -318.5448
v -40.2167 506.1358 -322.8728
v -32.5377 510.9378 -318.6817
v -32.7226 505.6565 -322.8862
v -24.9824 510.7404 -318.8402
v -25.1273 505.3344 -322.9104
v -17.4116 510.6127 -318.951
v -17.5281 505.1058 -322.9353
v -40.9545 495.667 -324.2801
v -48.599 496.3649 -322.2915
v -33.2148 495.2444 -324.5208
v -25.4679 494.9418 -324.5261
v -17.7771 494.7156 -324.3974
v -41.2235 485.6965 -324.1984
v -48.8674 486.2091 -322.245
v -33.483 485.317 -324.3998
v -25.7366 485.0461 -324.4602
v -18.0237 484.843 -324.3957
v 12.9992 510.4431 -319.0834
v 5.3823 510.4492 -319.087
v 5.4789 512.4702 -312.7437
v 13.0941 512.47 -312.7351
v 5.2837 504.7951 -322.9729
v 12.9096 504.763 -322.9807
v 12.8042 494.3513 -324.0443
v 5.1632 494.4054 -324.207
v 12.6237 484.5047 -324.0113
v 5.0035 484.5315 -324.2114
v 12.4536 474.63 -324.0569
v 4.8274 474.6591 -324.1688
v -2.2245 510.4769 -319.0684
v -2.1264 512.4709 -312.7226
v -2.3235 504.8455 -322.9679
v -2.506 494.4661 -324.2149
v -2.7001 484.5981 -324.2365
v -2.866 474.723 -324.2326
v -9.8227 510.5291 -319.0239
v -9.7197 512.4728 -312.6671
v -9.925 504.9449 -322.9557
v -10.135 494.5587 -324.2688
v -10.3532 484.6897 -324.292
v -10.5365 474.8271 -324.2882
v -17.2983 512.4755 -312.576
v 4.3676 444.3117 -324.1073
v 12.0591 444.2639 -324.061
v 11.9387 434.0526 -322.3492
v 4.2339 434.1013 -322.3717
v -3.3243 444.3794 -324.1491
v -3.4756 434.1723 -322.3912
v -11.0196 444.4933 -324.1799
v -11.1881 434.2899 -322.402
v 4.5076 454.509 -324.1312
v 12.1879 454.457 -324.084
v -3.172 454.5745 -324.1888
v -10.8568 454.6878 -324.2368
v 4.659 464.6404 -324.1466
v 12.3147 464.5958 -324.0901
v -3.0196 464.703 -324.2155
v -10.6987 464.8141 -324.2719
v 19.6359 434.0202 -322.3322
v 19.7445 444.2363 -324.0114
v 19.8858 454.421 -324.0202
v 20.0355 464.5475 -324.0846
v 20.1769 474.5829 -324.1623
v 27.3258 433.9943 -322.3323
v 27.4098 444.2196 -323.9888
v 27.5319 454.4154 -323.9317
v 27.6815 464.5455 -323.8911
v 27.846 474.5727 -323.8842
v 35.0117 433.9691 -322.3555
v 35.08 444.1936 -324.0211
v 35.1848 454.3919 -323.9875
v 35.3093 464.5301 -323.9668
v 35.4506 474.5664 -323.9559
v 42.6939 433.9438 -322.3999
v 42.7557 444.1677 -324.0741
v 42.861 454.3674 -324.0419
v 42.9888 464.5074 -324.0161
v 43.1298 474.5466 -323.9956
v 20.6159 510.4435 -319.0702
v 20.516 504.7643 -322.9792
v 28.2372 510.4527 -319.0509
v 28.1466 504.7628 -322.9828
v 35.8635 510.4552 -319.0423
v 35.7705 504.7581 -322.9851
v 43.4892 510.4369 -319.0623
v 43.4009 504.7297 -322.9874
v 20.4371 494.3588 -324.1287
v 28.1279 494.3188 -323.967
v 35.7396 494.3094 -323.9539
v 43.393 494.293 -323.9558
v 20.3067 484.4884 -324.1991
v 28.006 484.4599 -323.9142
v 35.6017 484.4604 -323.9546
v 43.2741 484.4434 -323.9786
v 74.0866 508.9279 -318.1777
v 66.4251 510.3183 -319.1933
v 66.5059 512.4648 -312.8803
v 74.1694 510.7742 -312.6622
v 66.497 494.1021 -323.9013
v 66.3435 504.5338 -323.0058
v 74.0332 503.9034 -321.3949
v 74.1535 493.9339 -321.6026
v 66.4359 484.2987 -323.8988
v 74.0574 484.2234 -321.6377
v 73.9237 474.3365 -321.6637
v 66.3065 474.4091 -323.8935
v 58.7656 510.3576 -319.1529
v 58.8468 512.4664 -312.825
v 58.7251 494.2012 -323.9578
v 58.6828 504.6037 -322.9983
v 58.6382 484.3628 -324.0039
v 58.5155 474.4706 -324.0372
v 51.1235 510.4 -319.1054
v 51.202 512.4681 -312.7592
v 51.0524 494.2543 -323.9605
v 51.0428 504.6719 -322.9922
v 50.9451 484.4109 -323.9987
v 50.807 474.5164 -324.0308
v 43.5747 512.4698 -312.6986
v 65.8182 433.8271 -322.1621
v 65.9685 444.0434 -323.8843
v 73.5726 443.9853 -321.6742
v 73.5025 433.7718 -321.6292
v 58.1879 444.0966 -324.1187
v 58.0924 433.8766 -322.4332
v 50.448 444.1371 -324.1322
v 50.3812 433.9149 -322.4558
v 66.0623 454.2404 -323.887
v 73.6706 454.1772 -321.6842
v 58.2811 454.2949 -324.0974
v 50.5487 454.3374 -324.1008
v 66.1776 464.3763 -323.8893
v 73.79 464.3073 -321.6785
v 58.3925 464.4343 -324.0692
v 50.671 464.4783 -324.0657
v -43.6971 508.8438 -237.5201
v -36.1836 509.9814 -235.7438
v -36.4848 512.1863 -241.3899
v -44.2217 510.4529 -242.6039
v -42.2862 495.8428 -234.5182
v -34.8772 495.9026 -232.7781
v -35.6297 503.628 -232.6597
v -43.1704 503.383 -234.3535
v -34.2592 491.1147 -233.4831
v -41.4994 491.0057 -235.701
v -39.3338 481.6329 -237.4111
v -32.4103 481.837 -235.265
v -36.6599 472.2438 -237.3745
v -29.5219 473.131 -235.639
v -28.7347 509.923 -235.9297
v -29.1866 512.3309 -242.2068
v -27.4872 496.48 -232.802
v -28.2403 504.3862 -232.9656
v -27.0703 491.7847 -233.2702
v -25.2466 482.2451 -233.3405
v -22.419 473.8845 -235.6725
v -21.3227 510.2523 -236.2902
v -21.9224 512.368 -242.7319
v -20.4255 497.6459 -232.8509
v -21.0827 505.029 -233.0445
v -19.7731 492.6803 -230.6712
v -17.4915 482.8933 -232.2408
v -15.2368 474.7597 -235.7106
v -14.2276 511.9587 -239.0903
v -14.5482 512.4305 -243.4556
v -12.6582 497.9545 -232.8229
v -13.6422 507.5948 -232.1879
v -11.5204 493.3221 -232.1191
v -9.6695 484.3929 -233.6617
v -8.1819 476.0208 -235.6818
v -19.5895 445.1344 -235.606
v -26.3475 443.2483 -237.3274
v -22.0288 433.6642 -237.3188
v -15.4018 435.8591 -235.5957
v -12.8464 447.0716 -235.6018
v -8.787 438.0978 -235.5855
v -6.1191 449.0446 -235.5866
v -2.1904 440.3748 -235.5643
v 0.5929 451.054 -235.5528
v 4.3871 442.6907 -235.5256
v -23.3224 454.476 -235.6173
v -30.2135 452.9036 -237.34
v -16.4505 456.1155 -235.6183
v -9.5931 457.79 -235.6102
v -2.7484 459.4992 -235.5845
v -26.6202 463.8436 -235.629
v -33.6431 462.5845 -237.3563
v -19.6194 465.1901 -235.6352
v -12.6373 466.5777 -235.6338
v -5.7695 467.9308 -235.6193
v 23.9785 449.8925 -235.1976
v 30.4732 452.4076 -235.0083
v 27.2784 459.4736 -235.0453
v 20.6221 457.3043 -235.2344
v 24.4854 466.6221 -235.0867
v 17.7433 464.8047 -235.2805
v 21.9962 473.9316 -235.1388
v 15.332 472.4822 -235.3392
v 20.0924 481.044 -235.1951
v 13.1785 479.7178 -235.4322
v 17.471 447.4443 -235.3523
v 13.9623 455.1813 -235.3864
v 10.9289 462.8945 -235.4344
v 8.3782 470.7922 -234.8692
v 6.0951 478.7122 -234.9303
v 10.9416 445.0461 -235.4593
v 7.287 453.0992 -235.4903
v 4.0745 461.1447 -235.5317
v 1.1808 469.2042 -234.9618
v -1.118 477.5026 -234.9998
v 8.0873 512.3076 -240.1535
v 8.5134 507.1359 -233.3321
v 15.881 507.9051 -233.8105
v 15.5308 512.6234 -240.4431
v 0.7415 512.277 -239.8966
v 1.1978 506.5055 -233.2547
v -6.5331 512.0287 -239.7316
v -5.9006 506.3982 -233.1266
v 16.63 500.1608 -232.6216
v 9.0391 500.0435 -232.8307
v 9.7923 495.8549 -231.5141
v 17.3317 495.9712 -233.4699
v 1.7544 498.9478 -232.8122
v 2.124 494.8064 -232.5716
v -5.3171 498.1051 -232.8261
v -4.5266 493.6649 -233.695
v 11.3859 487.2218 -233.0772
v 18.6519 488.39 -234.2828
v 3.788 486.3534 -234.1522
v -2.8895 485.6571 -235.116
v 67.6185 513.2657 -248.0093
v 67.7 512.9421 -244.4372
v 74.7139 511.8969 -244.6897
v 74.8577 511.4194 -248.1865
v 59.9933 514.2927 -247.5265
v 60.3085 514.1855 -243.7415
v 52.175 513.8452 -243.1957
v 51.9774 513.6716 -247.0073
v 44.5527 512.4844 -245.969
v 44.6535 512.2161 -242.1081
v 67.701 512.3558 -240.0102
v 67.9607 506.1619 -233.1968
v 75.0537 506.7342 -234.5683
v 74.6126 512.2922 -240.4352
v 60.7169 513.7294 -238.8073
v 60.7802 507.0956 -233.0981
v 52.5974 513.6898 -237.9036
v 53.2083 506.4957 -232.4991
v 45.0394 511.4222 -236.6432
v 45.7218 504.8513 -232.3682
v 69.3021 495.3343 -235.8029
v 76.2097 496.9062 -237.4485
v 75.5521 502.7978 -234.5078
v 68.5038 501.4196 -232.791
v 61.9995 495.0384 -234.1647
v 60.9092 502.2414 -232.1562
v 54.781 494.3876 -234.1356
v 53.7593 501.681 -232.1545
v 47.8867 493.1969 -233.244
v 46.6059 500.7856 -231.1301
v 76.9082 491.7583 -237.2903
v 69.8469 490.4824 -235.6474
v 62.8436 489.4824 -235.6711
v 55.8422 488.3324 -235.6908
v 49.1914 486.6885 -234.9874
v 22.609 512.5029 -245.0975
v 15.1079 512.5027 -245.0898
v 22.9328 512.098 -240.4758
v 23.6516 501.2505 -232.5782
v 23.212 508.5797 -233.9581
v 25.594 489.4185 -233.3149
v 24.1541 497.2297 -231.7643
v 26.9439 482.1334 -234.371
v 29.9743 512.5041 -245.3985
v 30.3651 512.4376 -240.8123
v 31.137 501.9779 -232.4398
v 30.573 509.7573 -234.767
v 32.8355 490.754 -233.0009
v 31.7056 497.9749 -232.3112
v 34.2534 483.5752 -233.1422
v 37.5259 512.4897 -245.3919
v 37.7362 511.6888 -241.6251
v 38.3765 503.2525 -232.3765
v 37.9524 510.8249 -235.1305
v 40.328 492.0539 -232.8888
v 38.8471 499.4916 -231.4751
v 41.9613 485.2011 -233.6463
v 33.9723 461.6927 -234.8683
v 36.9896 454.9749 -234.8409
v 40.6958 463.9656 -234.7896
v 43.5243 457.5865 -234.7816
v 47.4163 466.2988 -234.8884
v 50.0471 460.2368 -234.8913
v 54.0779 468.671 -235.1509
v 56.5114 462.8995 -235.1482
v 31.3576 468.3361 -234.8908
v 38.3888 470.1665 -234.7766
v 45.2816 472.3515 -234.847
v 52.0253 474.6113 -235.1369
v 28.8252 475.0994 -234.3228
v 36.2121 476.5277 -233.1818
v 43.6477 478.6277 -233.8348
v 50.4898 480.7085 -235.0918
v 80.4425 476.8677 -236.9134
v 73.7841 474.9398 -235.5061
v 75.6198 470.2097 -235.4486
v 82.1138 472.4466 -236.7544
v 79.0419 481.5537 -237.0485
v 72.2368 479.8902 -235.555
v 77.8745 486.5118 -237.1717
v 70.9365 485.0662 -235.6013
v 67.1871 473.0931 -235.5639
v 69.2476 467.9537 -235.5516
v 65.4371 478.4405 -235.5869
v 63.9541 484.0101 -235.618
v 60.6301 471.0056 -235.453
v 62.8876 465.5159 -235.4267
v 58.711 476.7023 -235.5033
v 57.0975 482.6215 -235.576
v 36.0722 371.2656 -235.2608
v 31.2322 366.6432 -237.0992
v 40.5138 360.5319 -236.9989
v 44.9039 365.4411 -235.1183
v 50.3533 355.1287 -236.8908
v 54.2406 360.3187 -234.9856
v 60.6807 350.4672 -236.7868
v 64.0155 355.9295 -234.8819
v 71.4216 346.5795 -236.6933
v 74.1546 352.2969 -234.8102
v 40.8906 375.9216 -235.0844
v 49.2893 370.3916 -234.8905
v 58.1398 365.5634 -234.7469
v 67.3727 361.4605 -234.6788
v 76.9115 358.0914 -234.6731
v 45.6644 380.6088 -234.8028
v 53.6522 375.3811 -234.5888
v 62.0338 370.8568 -234.4932
v 70.7309 367.0444 -234.5246
v 79.6663 363.9322 -234.6327
v 50.4192 385.356 -234.4363
v 58.0152 380.4404 -234.2831
v 65.9293 376.223 -234.3189
v 74.078 372.6898 -234.5033
v 82.3978 369.8123 -234.7359
v 106.0147 346.0658 -234.6279
v 105.3437 339.854 -236.465
v 116.9555 339.443 -236.3978
v 116.8884 345.6845 -234.5443
v 106.7091 352.325 -234.5991
v 116.8726 351.9773 -234.5192
v 107.3829 358.5582 -234.5868
v 116.8861 358.2052 -234.4777
v 108.0003 364.8137 -234.5174
v 116.9058 364.4045 -234.218
v 95.2227 347.3498 -234.7002
v 93.8309 341.2418 -236.5359
v 96.6267 353.5247 -234.6701
v 98.0064 359.7137 -234.7339
v 99.3488 365.9216 -234.8705
v 84.5808 349.4338 -234.7567
v 82.4978 343.4948 -236.6108
v 86.6824 355.45 -234.6879
v 88.7736 361.4992 -234.7351
v 90.8364 367.5682 -234.9053
v 116.6349 383.7314 -233.1879
v 116.5734 390.5171 -233.4839
v 110.6273 390.4155 -234.7431
v 109.8059 383.9956 -234.5483
v 104.63 390.9147 -235.3652
v 103.3097 384.6543 -235.3128
v 98.6392 391.9976 -235.6957
v 96.7566 385.8474 -235.5889
v 92.6443 393.5492 -235.6882
v 90.1935 387.5757 -235.5286
v 109.1546 377.5468 -234.4434
v 116.7611 377.14 -233.328
v 101.9837 378.3871 -235.1972
v 94.8294 379.7329 -235.3968
v 87.6746 381.6343 -235.2673
v 108.5703 371.1466 -234.4409
v 116.8696 370.6909 -233.7393
v 100.6674 372.1458 -235.0409
v 92.8568 373.6445 -235.1506
v 85.075 375.7155 -234.9717
v 70.9345 396.1279 -234.535
v 74.9726 401.4705 -235.0607
v 69.2269 405.2367 -234.5809
v 64.6637 400.1482 -234.1014
v 66.7132 390.8254 -234.1767
v 59.9482 395.1228 -233.9376
v 62.3812 385.5889 -234.104
v 55.181 390.1892 -234.0933
v 77.262 392.7123 -234.9983
v 80.7624 398.2821 -235.4228
v 73.6005 387.1702 -234.5788
v 69.8031 381.6661 -234.3312
v 83.6731 389.8658 -235.3397
v 86.6485 395.6447 -235.6098
v 80.5845 384.1142 -234.9809
v 77.3775 378.3859 -234.6654
v 279.8119 443.0077 -321.9112
v 279.7269 432.7815 -321.9227
v 272.0528 432.8282 -321.9254
v 272.1414 443.0495 -323.6236
v 264.3762 432.8759 -321.9389
v 264.4737 443.0935 -323.6346
v 256.699 432.9362 -321.967
v 256.8093 443.1539 -323.663
v 249.0222 433.0243 -322.0078
v 249.1426 443.2427 -323.707
v 279.9027 453.2195 -321.8999
v 272.2338 453.2479 -323.6152
v 264.5675 453.2837 -323.6289
v 256.9041 453.3448 -323.659
v 249.2387 453.4364 -323.703
v 272.3202 463.3829 -323.6079
v 279.9878 463.3748 -321.8893
v 264.6537 463.4095 -323.626
v 256.9883 463.4732 -323.6577
v 249.3217 463.567 -323.7012
v 272.3936 473.4129 -323.6013
v 280.0609 473.4333 -321.8795
v 264.7258 473.4308 -323.6233
v 257.0589 473.4972 -323.6562
v 249.3909 473.593 -323.7
v 226.1565 443.5672 -323.9005
v 226.0172 433.3445 -322.264
v 218.2616 433.4313 -322.4012
v 218.39 443.6732 -324.0382
v 226.2377 453.7563 -323.8712
v 218.5163 453.8692 -323.954
v 226.3119 463.8902 -323.8521
v 218.6101 464.0005 -323.9082
v 226.3766 473.9224 -323.837
v 218.687 474.0332 -323.8817
v 233.8089 443.4494 -323.8121
v 233.6799 433.2327 -322.1285
v 233.9014 453.6435 -323.8051
v 233.9812 463.7775 -323.7999
v 234.0479 473.8076 -323.7959
v 241.4727 443.3423 -323.7581
v 241.3474 433.1248 -322.0591
v 241.5696 453.5374 -323.7536
v 241.6523 463.6701 -323.7502
v 241.721 473.6983 -323.7472
v 226.4361 512.4742 -313.7886
v 226.4779 510.3791 -319.7211
v 218.8311 510.474 -319.6155
v 218.7937 512.4781 -313.6468
v 234.0816 512.4695 -313.9475
v 234.1253 510.2757 -319.8372
v 241.7304 512.4648 -314.1043
v 241.7746 510.1799 -319.9495
v 249.3801 512.4601 -314.2579
v 249.427 510.0846 -320.059
v 218.8068 493.7557 -323.8418
v 218.8682 505.1945 -322.9097
v 226.5188 505.0415 -322.9243
v 226.4744 493.6337 -323.8074
v 234.1704 504.878 -322.9394
v 234.1434 493.5072 -323.7848
v 241.8217 504.7268 -322.9537
v 241.813 493.386 -323.7342
v 249.4779 504.5782 -322.9671
v 249.4798 493.2681 -323.692
v 218.7508 483.9248 -323.8637
v 226.4301 483.8112 -323.8247
v 234.1016 483.6931 -323.7932
v 241.7756 483.5815 -323.7441
v 249.4453 483.4738 -323.6989
v 272.3431 512.412 -314.7705
v 280.1871 510.7068 -311.771
v 280.2456 509.0133 -317.4754
v 272.4903 509.9191 -320.2755
v 280.1606 493.1595 -321.859
v 272.4862 493.0652 -323.5844
v 272.4482 504.2939 -322.994
v 280.2041 504.3302 -321.2746
v 280.1223 483.3581 -321.8709
v 272.4528 483.2957 -323.5951
v 264.7452 509.9201 -320.2564
v 264.6954 512.4504 -314.5432
v 264.8157 493.0768 -323.6121
v 264.7985 504.3285 -322.9892
v 264.7833 483.3056 -323.6203
v 257.083 509.9946 -320.1651
v 257.0342 512.4551 -314.4095
v 257.1475 493.1593 -323.6465
v 257.1363 504.44 -322.9795
v 257.1147 483.3755 -323.6544
v 210.6805 443.703 -323.6491
v 210.6249 433.5019 -321.6068
v 203.1192 433.6112 -321.9641
v 203.2031 443.8006 -323.7025
v 195.4247 433.6772 -322.4939
v 195.5238 443.9006 -324.0486
v 187.7572 443.9243 -324.0105
v 187.692 433.699 -322.3134
v 210.815 453.9361 -323.7619
v 203.2402 454.0057 -323.7694
v 195.5817 454.0804 -323.9742
v 187.8551 454.1147 -323.9879
v 210.9202 464.0826 -323.8064
v 203.3032 464.1494 -323.8081
v 195.6453 464.21 -323.9388
v 187.9423 464.2433 -323.9686
v 211.0037 474.1208 -323.8297
v 203.3642 474.1865 -323.8333
v 195.7052 474.24 -323.9179
v 188.0156 474.2696 -323.9531
v 157.0093 444.0748 -321.6889
v 164.624 444.0236 -323.8233
v 164.6306 433.8099 -322.0986
v 156.9484 433.8642 -321.6848
v 164.7028 454.2154 -323.8322
v 157.0856 454.2646 -321.6748
v 164.7803 464.3427 -323.8459
v 157.1615 464.3901 -321.6536
v 164.8477 474.3661 -323.8657
v 157.2271 474.4099 -321.6267
v 172.3935 443.9897 -324.0147
v 172.3473 433.7727 -322.3176
v 172.4788 454.1806 -324.0021
v 172.5657 464.3091 -323.9932
v 172.645 474.3352 -323.986
v 180.1048 443.9543 -324.0008
v 180.0429 433.7374 -322.3181
v 180.1858 454.1459 -323.9873
v 180.2692 464.2758 -323.975
v 180.3424 474.3026 -323.9631
v 165.2311 512.4866 -313.3528
v 165.215 510.6996 -319.3895
v 157.5452 509.3419 -318.3639
v 157.5608 510.7909 -313.0981
v 172.8792 510.6729 -319.4224
v 172.8925 512.4855 -313.3981
v 180.549 510.649 -319.4448
v 180.5572 512.4847 -313.4265
v 188.2147 510.6244 -319.4702
v 188.2135 512.4836 -313.4612
v 165.0047 494.0503 -323.9213
v 157.3456 493.9872 -321.6021
v 157.4995 505.0561 -321.2572
v 165.1951 505.5775 -322.8715
v 172.7916 494.0564 -323.9504
v 172.8653 505.537 -322.875
v 180.5388 505.4958 -322.8792
v 180.4674 494.021 -323.9318
v 188.2162 505.4516 -322.8841
v 188.141 493.9857 -323.9214
v 164.9096 484.2431 -323.8892
v 157.2857 484.2816 -321.6029
v 172.7185 484.2178 -323.9766
v 180.4066 484.1857 -323.9516
v 188.0792 484.1523 -323.9408
v 211.1831 510.5522 -319.5246
v 211.1549 512.4813 -313.5247
v 211.1349 493.8516 -323.8464
v 211.2101 505.3206 -322.8974
v 211.0725 484.0149 -323.844
v 203.5341 510.5959 -319.4874
v 203.5149 512.4828 -313.4788
v 203.4733 493.9158 -323.8597
v 203.5518 505.3964 -322.8902
v 203.4191 484.0788 -323.8519
v 195.8812 510.6208 -319.4688
v 195.8696 512.4835 -313.4578
v 195.8124 493.9629 -323.8834
v 195.8912 505.4409 -322.8858
v 195.7595 484.1277 -323.9034
v 268.4857 510.9148 -238.1602
v 275.7944 509.1202 -236.8818
v 276.6916 510.7534 -244.3299
v 269.264 512.4615 -244.1508
v 261.8091 512.4706 -244.2946
v 261.0034 511.0475 -238.2307
v 254.3236 512.485 -244.5074
v 253.6548 511.229 -238.3308
v 246.8422 512.4946 -244.7011
v 246.1865 511.429 -238.4435
v 266.5918 498.0322 -233.2216
v 273.965 497.3658 -234.8651
v 274.8918 502.4623 -232.4656
v 267.6002 505.5839 -231.6956
v 260.1248 505.3973 -233.0291
v 259.3058 498.6107 -233.2219
v 252.9567 505.7182 -232.9259
v 251.9703 499.0134 -233.1367
v 245.3858 505.2188 -232.633
v 244.3226 499.365 -233.1455
v 270.5413 483.4166 -234.9043
v 273.0566 492.8389 -234.915
v 265.6624 493.3494 -233.0973
v 263.1979 483.9327 -233.1264
v 258.2558 493.7662 -233.5306
v 255.9203 484.7393 -233.52
v 250.977 494.2533 -233.5286
v 248.7404 485.5104 -233.4977
v 243.6841 494.7157 -233.7411
v 241.6638 486.0899 -233.6945
v 267.6672 474.0187 -237.3754
v 260.5123 474.8051 -235.6032
v 253.3582 475.8642 -235.5684
v 246.2633 476.9164 -235.5254
v 239.1668 478.0316 -235.4351
v 216.8325 512.5024 -245.5854
v 216.3986 512.0759 -241.1378
v 223.6875 512.7615 -240.2399
v 224.4093 512.5021 -245.6023
v 215.6827 502.5998 -233.2429
v 222.5186 500.9911 -233.8932
v 222.8844 508.5061 -233.8599
v 216.134 508.5474 -234.3321
v 220.4257 489.0144 -233.0503
v 222.2843 497.2803 -233.2942
v 213.3936 498.3231 -231.3966
v 211.2558 489.9308 -231.2587
v 218.0635 481.6802 -234.579
v 210.8482 482.8373 -234.108
v 231.4941 512.5082 -240.1519
v 231.9219 512.5038 -245.2842
v 229.6138 499.9926 -232.785
v 230.8607 508.1383 -232.4809
v 226.9779 488.3702 -234.3202
v 228.6859 495.8716 -234.5262
v 224.9883 480.5125 -234.9822
v 238.7578 511.6555 -238.6013
v 239.3656 512.499 -244.9331
v 237.4301 499.8733 -234.1479
v 238.1707 506.4846 -233.4537
v 234.2322 486.9845 -232.7213
v 236.4506 495.6932 -232.8154
v 232.1285 479.0453 -235.2856
v 203.0944 461.9277 -233.9385
v 199.7116 454.9318 -234.2037
v 206.6015 452.3939 -234.019
v 210.0084 459.6862 -234.0376
v 213.2108 449.8833 -234.2731
v 216.7341 457.528 -234.4081
v 219.7398 447.4572 -234.6105
v 223.3975 455.4375 -234.7759
v 226.2653 445.1019 -234.9036
v 230.0625 453.4039 -235.0575
v 206.0665 469.008 -233.8958
v 213.0484 467.0916 -234.1731
v 219.8834 465.2459 -234.5935
v 226.6757 463.4624 -234.9494
v 233.4772 461.734 -235.1982
v 208.6679 476.1499 -233.9553
v 215.7266 474.5383 -234.3563
v 222.6709 472.9912 -234.7885
v 229.5918 471.5033 -235.1105
v 236.5267 470.0708 -235.3188
v 250.2186 447.5845 -235.4489
v 246.0144 438.3588 -235.3743
v 252.6358 436.2154 -237.1804
v 256.9736 445.7472 -237.2458
v 254.0365 456.8288 -235.5058
v 260.9208 455.2896 -237.2952
v 257.4797 466.0598 -235.5471
v 264.4894 464.8047 -237.3314
v 243.4683 449.4791 -235.3676
v 239.3981 440.5587 -235.27
v 247.1523 458.4166 -235.4444
v 250.4653 467.3504 -235.5028
v 236.7514 451.4198 -235.2476
v 232.8157 442.8053 -235.1213
v 240.3018 460.0538 -235.3538
v 243.483 468.6875 -235.439
v 157.2163 511.5581 -248.9239
v 157.0499 511.6332 -245.512
v 164.3485 513.1599 -245.2531
v 164.6039 512.92 -248.7667
v 156.4793 508.3472 -236.3852
v 163.7039 509.0564 -234.7305
v 163.9855 512.8701 -241.1265
v 156.8868 511.256 -242.0632
v 163.9971 497.6964 -233.4842
v 163.4751 504.0101 -232.9476
v 155.9694 504.3099 -234.6596
v 155.023 498.2839 -236.2419
v 162.6278 492.0466 -233.3966
v 154.2507 493.1556 -236.0892
v 171.6785 513.3459 -244.9734
v 171.8972 513.3157 -248.4173
v 170.9318 509.0678 -234.2042
v 171.3345 513.3616 -240.1756
v 170.7147 503.1019 -233.3704
v 171.5721 497.3284 -234.7005
v 170.2165 491.6643 -233.0122
v 179.1684 513.5817 -244.2587
v 179.3272 513.8224 -247.9943
v 178.4798 508.767 -233.9535
v 179.0894 513.2715 -239.5886
v 177.6177 502.549 -233.3848
v 177.0258 496.4192 -235.2824
v 176.3717 490.7686 -233.5264
v 186.5739 513.7288 -243.0047
v 187.1002 514.4725 -247.4897
v 185.8942 507.8278 -234.6126
v 186.2416 511.8128 -239.341
v 184.0952 495.3677 -233.029
v 185.1893 502.987 -232.3744
v 183.0935 488.9796 -233.6489
v 157.9706 477.7112 -235.2316
v 151.3445 479.7285 -236.871
v 150.1301 475.9762 -236.7487
v 156.6155 473.6483 -235.1034
v 164.4469 475.8355 -235.4052
v 162.7461 471.1348 -235.4256
v 168.6445 468.7231 -234.8857
v 170.7434 473.9088 -234.8543
v 175.4307 466.1815 -233.6524
v 177.8143 471.6948 -234.1835
v 159.3749 482.1509 -234.7114
v 152.4661 483.7683 -236.362
v 165.8959 480.4867 -235.4456
v 172.5037 478.8208 -234.9958
v 179.8373 477.2694 -234.7021
v 160.2349 486.7701 -234.845
v 153.4866 488.3242 -236.4922
v 167.0052 485.3717 -234.0127
v 174.4537 484.2656 -233.636
v 181.6005 482.868 -235.1182
v 196.2713 464.2337 -234.945
v 193.4921 457.5865 -235.5554
v 198.911 471.0069 -234.4087
v 201.3482 477.8724 -234.1108
v 203.3842 484.4841 -233.9688
v 187.7135 460.3262 -235.6961
v 190.183 466.6604 -235.6974
v 192.4268 473.0924 -235.58
v 194.5268 479.5497 -235.2644
v 196.5985 486.098 -234.929
v 182.0829 463.2479 -235.0402
v 184.2786 469.1298 -235.556
v 186.2996 475.2007 -235.7006
v 188.0271 481.1262 -235.7165
v 189.8845 487.4176 -234.326
v 209.2181 513.2778 -241.3584
v 208.6356 510.4546 -234.3057
v 201.6475 512.6811 -241.8553
v 201.148 510.9398 -236.4332
v 194.3197 513.4103 -242.8547
v 193.5182 512.4327 -238.14
v 207.7816 504.016 -231.9679
v 205.2415 499.5242 -231.4316
v 200.393 505.6984 -233.4186
v 199.476 500.7033 -232.2739
v 192.9981 507.6368 -233.4199
v 192.5731 501.9924 -231.9639
v 203.2769 491.2377 -232.3627
v 197.9599 492.6473 -234.0326
v 191.3982 494.1495 -233.1466
v 192.7566 361.5258 -236.5634
v 201.7129 367.8409 -236.5085
v 196.6486 372.4234 -234.8874
v 188.224 366.4081 -234.8845
v 191.7371 377.113 -235.3315
v 183.8776 371.324 -234.9438
v 187.1814 381.7689 -235.4499
v 179.7075 376.2112 -234.5148
v 182.8206 386.4648 -234.8275
v 175.5534 381.2083 -233.5403
v 183.1804 355.9099 -236.4771
v 179.2021 361.0276 -234.6239
v 175.3541 366.1867 -234.3119
v 171.5476 371.3953 -233.6164
v 167.6311 376.7784 -232.8736
v 173.0398 351.0465 -236.3444
v 169.6106 356.3898 -234.3379
v 166.2422 361.8369 -233.8732
v 162.8231 367.4019 -233.3152
v 159.3271 373.157 -233.0725
v 162.4144 346.9913 -236.2522
v 159.5472 352.586 -234.2046
v 156.7069 358.3533 -233.8336
v 153.818 364.2614 -233.6463
v 150.9785 370.2787 -233.9327
v 162.4424 397.5417 -232.7114
v 168.791 401.6185 -232.0746
v 164.1696 407.1883 -232.8809
v 158.4992 403.3542 -233.8136
v 156.1444 393.9844 -233.8961
v 152.9841 399.955 -234.9912
v 147.4805 397.0388 -235.6906
v 150.0023 390.9334 -235.107
v 142.0385 394.5543 -235.6134
v 143.9202 388.3679 -235.6947
v 166.753 391.8902 -232.2195
v 173.7623 396.2875 -232.3562
v 159.6995 388.1414 -232.9405
v 152.7797 384.9745 -234.2069
v 146.0225 382.3064 -235.3291
v 171.2251 386.4256 -232.588
v 178.4822 391.2642 -233.5391
v 163.6131 382.3809 -232.565
v 155.9105 379.0433 -233.3978
v 148.3628 376.3009 -234.6218
v 123.0969 390.5509 -232.2354
v 124.0238 383.8057 -232.5635
v 124.7215 377.3222 -233.245
v 125.2824 371.0193 -233.9998
v 125.8079 364.8684 -234.5286
v 130.2239 390.9518 -232.6582
v 131.3145 384.62 -233.6944
v 132.3076 378.3836 -234.6003
v 133.3306 372.2481 -235.0501
v 134.4351 366.1471 -235.0395
v 137.8048 386.2677 -235.2574
v 136.5236 392.4213 -234.5335
v 139.2827 380.1143 -235.5559
v 140.9148 374.0378 -235.3756
v 142.7381 367.9743 -234.8545
v 127.7561 346.1789 -234.4562
v 128.5765 339.9828 -236.3267
v 138.5336 347.5116 -234.353
v 140.0896 341.4388 -236.2673
v 149.1515 349.6402 -234.2421
v 151.3992 343.7817 -236.233
v 127.03 352.4777 -234.4623
v 137.0667 353.7596 -234.3516
v 146.9503 355.7044 -234.0882
v 126.3786 358.7241 -234.584
v 135.679 360.0055 -234.6685
v 144.771 361.8562 -234.288
v 202.6466 445.0573 -234.0327
v 196.2232 447.9656 -235.0896
v 198.4002 437.8982 -234.7242
v 192.6855 441.2203 -235.7055
v 188.8386 434.6545 -235.6942
v 194.2642 430.9736 -235.5711
v 184.9766 428.3435 -235.7423
v 189.8913 424.3041 -235.6949
v 209.3153 442.2426 -234.1118
v 204.8613 434.7207 -234.0355
v 199.9912 427.4155 -234.5242
v 195.2279 420.399 -235.4607
v 215.7257 439.4893 -234.4249
v 211.3113 431.6426 -234.2285
v 206.3728 423.992 -234.0924
v 200.9273 416.6261 -234.4346
v 222.1097 436.8146 -234.7338
v 217.5729 428.6434 -234.5488
v 212.6354 420.6683 -234.3413
v 207.181 412.9658 -234.1727
v 175.48 406.4963 -232.3968
v 170.0025 411.6732 -231.9125
v 180.2739 401.6222 -234.1166
v 184.5762 396.9277 -235.4164
v 189.1008 392.3496 -235.6954
v 181.0656 411.9941 -234.4229
v 176.1813 416.7537 -232.4115
v 185.364 407.4458 -235.714
v 190.0702 403.0312 -235.6948
v 195.1182 398.738 -235.3896
v 185.4718 417.9548 -235.7284
v 181.1258 422.3643 -234.4129
v 190.3148 413.7128 -235.6954
v 195.5366 409.618 -235.3999
v 201.1559 405.6337 -234.4322
v 204.6482 379.0916 -234.6533
v 210.0259 374.8844 -236.4754
v 212.1049 386.4302 -234.6677
v 217.7015 382.5256 -236.5502
v 218.9534 394.2896 -234.7918
v 224.7785 390.6697 -236.6751
v 225.2735 402.5673 -234.9366
v 231.3035 399.236 -236.8055
v 199.137 383.435 -234.6937
v 206.4393 390.4171 -234.4451
v 213.1285 397.9704 -234.5521
v 219.2521 405.9546 -234.7264
v 193.8832 387.8701 -235.3995
v 200.5973 394.5378 -234.5163
v 207.236 401.7421 -234.2845
v 213.2653 409.4131 -234.4471
v 241.4551 429.1615 -235.2899
v 247.9483 426.715 -237.1071
v 234.9689 431.6598 -235.161
v 228.5207 434.2084 -234.9811
v 236.4963 420.0781 -235.1894
v 242.853 417.3347 -237.0223
v 230.1462 422.8731 -235.0351
v 223.8386 425.7243 -234.8247
v 231.1112 411.188 -235.0715
v 237.3164 408.1495 -236.9224
v 224.9129 414.2797 -234.8903
v 218.7622 417.4346 -234.6478
v 138.9263 448.2582 -234.7158
v 135.7046 454.028 -236.0419
v 133.7708 452.0018 -235.6044
v 136.6527 445.9417 -234.9232
v 131.9152 450.0911 -234.8859
v 134.5785 443.7854 -234.8067
v 130.1769 448.2986 -233.8764
v 132.6129 441.7995 -234.3416
v 128.5213 446.6207 -232.5719
v 130.6952 439.9733 -233.442
v 142.478 442.4939 -233.2187
v 139.0631 439.9963 -233.9641
v 136.2039 437.679 -234.7545
v 133.7464 435.5428 -235.0393
v 131.4636 433.5972 -234.7858
v 143.2207 433.6405 -232.5225
v 147.5133 436.1708 -233.2014
v 138.743 431.4121 -233.0179
v 135.0641 429.2864 -234.2487
v 132.1234 427.2991 -234.9758
v 150.9176 430.0511 -235.1695
v 147.5114 427.01 -233.827
v 143.025 424.5698 -232.4317
v 137.7488 422.6872 -232.3948
v 133.2097 420.9361 -233.7364
v 121.9334 435.9707 -229.4153
v 121.3378 442.9324 -229.4047
v 118.7116 442.3919 -229.6313
v 118.3926 435.503 -229.4569
v 122.4386 429.4466 -230.9716
v 118.335 429.0119 -230.7296
v 122.893 422.9018 -232.4415
v 118.3272 422.4794 -231.8121
v 123.0866 416.4 -233.7322
v 118.3377 415.922 -232.7782
v 125.5957 436.8937 -230.3823
v 124.1654 443.7955 -229.8246
v 126.2913 430.4128 -232.3407
v 126.652 423.9604 -233.9509
v 126.6892 417.5917 -234.8255
v 128.5259 438.299 -232.0341
v 126.6649 445.0672 -231.0547
v 129.1441 431.868 -233.8985
v 129.4919 425.4885 -234.897
v 129.7434 419.1912 -234.8408
v 117.1463 396.9083 -234.5881
v 122.2893 397.6045 -233.4656
v 128.4417 398.0023 -231.9705
v 135.2653 398.6517 -232.696
v 140.7129 400.5006 -234.7737
v 117.8889 403.0103 -234.3566
v 122.4443 403.8669 -234.6596
v 126.893 404.992 -233.3623
v 132.6776 405.83 -231.9794
v 139.0355 406.9291 -232.6785
v 118.2627 409.3955 -233.6615
v 122.8878 410.0424 -234.6097
v 126.5615 411.3466 -234.7351
v 130.5185 412.7912 -233.4312
v 135.7709 414.0924 -232.0964
v 155.2623 409.1353 -235.3536
v 160.0438 412.8828 -234.2017
v 152.4146 414.965 -235.695
v 156.7899 418.5045 -235.596
v 149.8744 420.8848 -235.5894
v 153.6771 424.2157 -235.697
v 150.343 405.8747 -235.7017
v 148.0571 411.8421 -235.7368
v 146.2105 417.9404 -234.4217
v 145.4707 403.01 -235.7224
v 143.9129 409.083 -234.7484
v 141.6311 415.6074 -232.5725
v -17.2375 424.1945 -237.3129
v -10.737 426.6917 -235.586
v -11.9529 414.8997 -237.3071
v -5.5853 417.6979 -235.5766
v -6.1544 405.8445 -237.2999
v 0.0632 408.9463 -235.5676
v 0.1789 397.0982 -237.2897
v 6.2185 400.5076 -235.5556
v -4.2494 429.2325 -235.571
v 0.7671 420.5418 -235.5608
v 6.2625 412.0951 -235.5557
v 12.2346 403.963 -235.5472
v 2.2167 431.8141 -235.5478
v 7.0921 423.4285 -235.5416
v 12.4248 415.2879 -235.5421
v 18.201 407.4615 -235.5279
v 8.6568 434.4373 -235.5098
v 13.3809 426.3601 -235.5073
v 18.537 418.528 -235.5021
v 24.104 411.0081 -235.4535
v 27.8018 377.7608 -235.3865
v 22.5753 373.4313 -237.1802
v 32.9965 382.1235 -235.2785
v 38.1297 386.516 -235.0697
v 43.2178 390.9597 -234.7306
v 20.0788 384.847 -235.4776
v 14.526 380.8192 -237.2371
v 25.5974 388.9121 -235.4278
v 31.049 393.0109 -235.3067
v 36.4364 397.1573 -235.0568
v 12.888 392.4519 -235.5305
v 7.0665 388.7324 -237.2714
v 18.6795 396.2138 -235.5135
v 24.4094 400.015 -235.4605
v 30.0696 403.8637 -235.312
v 63.497 409.6189 -234.154
v 58.4807 404.815 -233.8717
v 57.8555 414.5642 -233.9434
v 52.4956 410.0692 -233.926
v 52.4173 420.0097 -234.0017
v 46.8145 415.8365 -234.207
v 47.2847 425.8852 -234.2521
v 41.4945 422.0398 -234.5685
v 53.3851 400.0954 -233.9639
v 47.127 405.6688 -234.2329
v 41.2359 411.758 -234.6142
v 35.7245 418.2838 -234.9584
v 48.2932 395.4789 -234.3131
v 41.7827 401.3695 -234.67
v 35.6681 407.7723 -235.0231
v 29.9398 414.6113 -235.2714
v 27.7742 442.5977 -235.1547
v 34.0969 445.4433 -234.9403
v 21.4352 439.8219 -235.3287
v 15.0642 437.1048 -235.4433
v 31.9713 435.482 -235.0631
v 38.1134 438.6617 -234.7959
v 25.8164 432.3778 -235.2891
v 19.6233 429.3406 -235.4334
v 36.5475 428.6092 -234.8735
v 42.5116 432.123 -234.554
v 30.585 425.1777 -235.1825
v 24.5892 421.8213 -235.3944
v 40.4267 448.3507 -234.7582
v 44.2669 441.91 -234.5966
v 48.4931 435.7098 -234.3824
v 53.082 429.8055 -234.1983
v 46.7704 451.2993 -234.7094
v 50.4276 445.1968 -234.592
v 54.4595 439.3315 -234.4902
v 58.8112 433.7567 -234.4885
v 53.0932 454.2689 -234.8539
v 56.5419 448.4932 -234.8216
v 60.3328 442.9581 -234.8496
v 64.3895 437.7155 -234.9804
v 59.3454 457.2353 -235.1454
v 62.5588 451.7823 -235.1785
v 66.079 446.5837 -235.2685
v 69.8298 441.6876 -235.4114
v 68.315 414.4761 -234.7349
v 73.5638 410.3675 -235.177
v 72.9096 419.364 -235.3249
v 77.7255 415.5419 -235.5924
v 77.3814 424.3046 -235.6383
v 81.8396 420.7825 -235.6946
v 81.8524 429.299 -235.6944
v 85.9711 426.0807 -235.6942
v 63.0949 419.1249 -234.3498
v 68.1232 423.7122 -234.9666
v 72.9706 428.3333 -235.4597
v 77.7568 433.0008 -235.6702
v 57.9806 424.256 -234.1612
v 63.3985 428.5299 -234.652
v 68.6265 432.8217 -235.2081
v 73.7388 437.1449 -235.5668
v 97.6461 441.6133 -234.0997
v 102.0277 446.8857 -234.1773
v 99.5123 448.8931 -234.6438
v 94.7739 443.9543 -234.4518
v 96.858 451.2783 -235.078
v 91.7904 446.701 -234.7347
v 94.1364 454.0228 -235.4706
v 88.7671 449.826 -234.955
v 91.4205 457.1075 -235.8167
v 85.7784 453.3051 -235.1196
v 93.8624 436.5185 -235.277
v 90.5862 439.1631 -235.4643
v 87.2149 442.2303 -235.5684
v 83.8323 445.6934 -235.625
v 80.5172 449.5281 -235.6368
v 90.0155 431.3401 -235.697
v 86.3029 434.2737 -235.6951
v 82.5403 437.6693 -235.6943
v 78.8231 441.4752 -235.6943
v 75.2073 445.6571 -235.637
v 77.7406 465.5895 -235.3903
v 84.059 468.1993 -236.5792
v 71.6277 462.948 -235.5613
v 65.5114 460.16 -235.4361
v 80.1928 461.2164 -235.3246
v 86.3054 464.2167 -236.3681
v 74.3479 458.1884 -235.5875
v 68.4844 455.0402 -235.4809
v 82.8964 457.1115 -235.2387
v 88.785 460.5125 -236.1152
v 77.3339 453.7041 -235.6182
v 71.7395 450.1927 -235.5548
v 78.8178 406.8526 -235.5145
v 84.1339 403.9047 -235.6687
v 89.5487 401.4976 -235.6944
v 95.046 399.5962 -235.6942
v 82.5637 412.2996 -235.6951
v 87.4688 409.6013 -235.6943
v 92.4309 407.4216 -235.6943
v 97.3856 405.7213 -235.6948
v 86.3124 417.8142 -235.6942
v 90.7931 415.3709 -235.6943
v 95.246 413.3972 -235.6948
v 99.6154 411.8629 -235.6323
v 90.0354 423.3712 -235.6944
v 94.0209 421.1465 -235.6958
v 97.9077 419.3701 -235.5974
v 101.7078 417.9932 -235.3128
v 111.6399 396.6343 -234.5691
v 112.3346 403.0253 -234.1746
v 112.9138 409.5046 -233.6889
v 113.4902 415.9888 -233.0604
v 105.8702 397.2219 -235.271
v 107.0332 403.5882 -235.0226
v 108.1637 409.9677 -234.5976
v 109.2775 416.3413 -233.9545
v 100.4729 398.1988 -235.6975
v 102.2255 404.456 -235.5962
v 103.8778 410.7304 -235.3179
v 105.4528 416.9929 -234.7746
v 116.3961 442.085 -230.153
v 115.3599 435.3136 -229.9907
v 114.2974 441.9944 -230.7914
v 112.6699 435.3538 -230.6736
v 112.3353 442.1209 -231.4484
v 110.1694 435.6354 -231.3771
v 110.4251 442.4786 -232.0711
v 107.7561 436.1795 -232.046
v 114.7264 428.9032 -231.2364
v 111.5329 429.0398 -231.9848
v 108.5683 429.4422 -232.7681
v 105.7068 430.1425 -233.4873
v 114.0969 422.4597 -232.2486
v 110.3961 422.7022 -233.0788
v 106.9998 423.2322 -233.918
v 103.7111 424.0878 -234.6034
v 100.3405 439.6999 -233.6852
v 104.3343 445.2726 -233.6941
v 96.9773 434.3278 -234.9939
v 93.5945 428.8965 -235.6171
v 102.895 438.1784 -233.205
v 106.4744 444.0211 -233.1872
v 99.965 432.5552 -234.6071
v 97.0557 426.8919 -235.4363
v 105.351 437.0161 -232.6578
v 108.4899 443.1003 -232.6489
v 102.8589 431.1707 -234.1043
v 100.4147 425.2991 -235.1063
v 164.9932 417.0924 -233.0314
v 170.2927 421.7985 -231.9743
v 175.9301 426.9789 -232.3107
v 180.5347 432.5846 -234.0706
v 160.9221 422.5206 -234.7663
v 165.0751 426.9666 -233.56
v 169.6442 431.8007 -232.3508
v 174.65 436.9916 -232.2205
v 157.522 427.9668 -235.7075
v 161.1445 432.088 -235.3274
v 164.5609 436.5918 -234.3964
v 168.2239 441.4463 -233.1934
v 154.1599 433.4501 -235.6862
v 157.4734 437.2491 -235.6943
v 160.6232 441.387 -235.6983
v 163.5056 445.7935 -235.2646
v 190.4805 451.05 -235.6975
v 185.0182 454.1689 -235.7273
v 179.6046 457.5266 -234.0243
v 172.5387 460.8001 -233.3698
v 187.2141 444.6376 -235.6988
v 182.2229 448.2443 -235.0378
v 176.3767 451.9661 -232.9319
v 169.3998 455.5495 -233.6584
v 183.9091 438.4744 -235.5974
v 179.0746 442.5022 -233.4625
v 172.336 446.5916 -232.5364
v 166.3598 450.5215 -234.444
v 148.7316 472.4174 -236.6328
v 155.0341 469.6372 -234.9488
v 147.1868 469.1487 -236.5255
v 153.2742 465.9009 -234.7527
v 145.4909 466.1468 -236.4343
v 151.3161 462.431 -234.5183
v 143.6555 463.3817 -236.3699
v 149.1406 459.2131 -234.2677
v 160.9521 466.6229 -235.4449
v 159.0329 462.3729 -235.3913
v 156.9513 458.3918 -235.1978
v 154.6793 454.6751 -234.8483
v 166.3909 463.7169 -235.1184
v 164.0912 458.937 -235.4552
v 161.7713 454.4236 -235.7032
v 159.3104 450.1546 -235.6959
v 141.4361 450.7341 -234.3717
v 137.6933 456.1604 -236.25
v 146.1143 445.1608 -233.137
v 150.9458 439.1624 -234.353
v 144.0896 453.3815 -234.0991
v 139.7062 458.4169 -236.3182
v 149.4232 448.0443 -233.6366
v 153.8238 442.5184 -235.2112
v 146.7171 456.2076 -234.0817
v 141.7114 460.8163 -236.3374
v 152.2239 451.2193 -234.2981
v 156.6268 446.1689 -235.5799
v -38.9588 512.3356 -312.1054
v -44.9134 514.4401 -312.9565
v -39.1368 517.1053 -303.303
v -37.689 512.2318 -301.4669
v -39.0731 519.4988 -293.8618
v -36.797 513.8058 -292.9506
v -39.0861 520.402 -284.8552
v -36.4524 514.5984 -284.349
v -39.0998 520.5939 -275.9738
v -36.2142 514.8409 -275.8899
v -32.4004 512.4847 -312.2547
v -32.2352 512.5021 -300.9972
v -31.8917 512.4645 -292.5192
v -31.6521 512.4167 -284.1219
v -31.4103 512.397 -275.8793
v -24.7656 512.5043 -301.0938
v -24.8563 512.4794 -312.4394
v -24.7651 512.5043 -292.5022
v -24.7523 512.5043 -284.1334
v -24.6084 512.5043 -275.9251
v -17.1808 512.5043 -301.1892
v -17.1426 512.5043 -292.5904
v -17.1022 512.5043 -284.218
v -16.9626 512.5043 -276.0188
v -36.0724 513.4438 -250.4072
v -42.2771 516.787 -249.054
v -30.1188 512.4901 -251.1706
v -22.9432 513.0084 -251.5485
v -15.3674 512.5107 -251.865
v -35.9608 514.0389 -259.1306
v -39.1991 519.4181 -258.0749
v -30.6855 512.449 -259.5207
v -23.7096 512.5032 -259.7826
v -16.1655 512.5043 -259.8948
v -36.1045 514.6255 -267.5041
v -39.1147 520.2184 -267.1325
v -31.1031 512.4095 -267.6909
v -24.2819 512.5043 -267.8023
v -16.6638 512.5043 -267.9312
v 7.7222 512.4938 -244.7056
v 14.5506 512.5043 -252.6559
v 7.0454 512.5043 -252.5007
v 14.083 512.5043 -260.3742
v 6.5229 512.5043 -260.3074
v 13.7514 512.5043 -268.1928
v 6.1519 512.5043 -268.1832
v 13.5455 512.5043 -276.1519
v 5.9223 512.5043 -276.1751
v 0.2926 512.4775 -244.3859
v -0.4552 512.5043 -252.3078
v -1.0382 512.5043 -260.202
v -1.449 512.5043 -268.1346
v -1.7014 512.5043 -276.1612
v -7.0978 512.457 -243.9374
v -7.9537 512.5043 -252.0804
v -8.6005 512.5043 -260.0579
v -9.0522 512.5043 -268.0413
v -9.3277 512.5043 -276.0987
v 5.616 512.5043 -301.2878
v 13.2362 512.5043 -301.2642
v -1.9935 512.5043 -301.2865
v -9.5917 512.5043 -301.2516
v 5.72 512.5043 -292.6819
v 13.3501 512.5043 -292.6466
v -1.9039 512.5043 -292.6901
v -9.5243 512.5043 -292.6543
v 5.7999 512.5043 -284.3269
v 13.4339 512.5043 -284.2903
v -1.8323 512.5043 -284.331
v -9.4638 512.5043 -284.2853
v 20.7092 512.4703 -312.713
v 20.8636 512.5043 -301.2252
v 20.9857 512.5043 -292.5929
v 21.0679 512.5043 -284.227
v 21.1682 512.5043 -276.0929
v 28.3338 512.4706 -312.6836
v 28.4974 512.5043 -301.1858
v 28.6247 512.5043 -292.5417
v 28.7028 512.5043 -284.1711
v 28.7899 512.5043 -276.0467
v 35.9544 512.4706 -312.6706
v 36.1349 512.5043 -301.1659
v 36.2654 512.5043 -292.5177
v 36.3388 512.5043 -284.1532
v 36.4092 512.5043 -276.0488
v 43.7761 512.5043 -301.1951
v 43.9091 512.5043 -292.5598
v 43.9773 512.5043 -284.2187
v 44.0267 512.5043 -276.1534
v 22.0568 512.5043 -252.7395
v 29.5595 512.5043 -252.8563
v 37.0569 512.5043 -253.0352
v 44.423 512.5013 -253.3888
v 21.6428 512.5043 -260.3842
v 29.1987 512.5043 -260.4193
v 36.7495 512.5043 -260.519
v 44.2777 512.5041 -260.7632
v 21.3501 512.5043 -268.1568
v 28.9446 512.5043 -268.1392
v 36.5357 512.5043 -268.1801
v 44.125 512.5043 -268.3361
v 74.7156 510.955 -254.7352
v 67.3017 512.6971 -254.8375
v 74.6302 510.7941 -261.6193
v 67.087 512.5032 -261.6675
v 74.5885 510.7942 -268.8856
v 66.9642 512.5043 -268.9139
v 74.577 510.7942 -276.5095
v 66.9323 512.5043 -276.5443
v 59.6651 513.4125 -254.5583
v 59.4788 512.7925 -261.516
v 59.3565 512.5038 -268.7925
v 59.2897 512.5043 -276.4335
v 51.8862 512.8663 -254.0473
v 51.7852 512.5016 -261.1384
v 51.7096 512.5041 -268.5552
v 51.6533 512.5043 -276.2951
v 66.7369 512.5043 -301.3646
v 74.4038 510.7943 -301.3903
v 59.0772 512.5043 -301.3192
v 51.4239 512.5043 -301.2561
v 66.8685 512.5043 -292.7669
v 74.5315 510.7943 -292.7651
v 59.2104 512.5043 -292.7123
v 51.5568 512.5043 -292.6359
v 66.9207 512.5043 -284.4945
v 74.5776 510.7943 -284.4697
v 59.2678 512.5043 -284.4201
v 51.6198 512.5043 -284.3202
v 226.423 512.5043 -301.8358
v 218.7704 512.5043 -301.7107
v 226.4008 512.5043 -293.2263
v 218.7459 512.5043 -293.0975
v 226.3514 512.5043 -284.8689
v 218.706 512.5043 -284.7447
v 226.2388 512.5043 -276.7252
v 218.615 512.5043 -276.6196
v 234.0745 512.5043 -301.9759
v 234.0557 512.5043 -293.3723
v 233.9978 512.5043 -285.0135
v 233.8655 512.5043 -276.8534
v 241.7246 512.5043 -302.1188
v 241.7091 512.5043 -293.5252
v 241.6454 512.5043 -285.1649
v 241.496 512.5043 -276.9899
v 249.3731 512.5043 -302.2596
v 249.3616 512.5043 -293.6768
v 249.2937 512.5043 -285.318
v 249.1288 512.5043 -277.1297
v 225.1223 512.5043 -253.1768
v 217.5986 512.5043 -253.254
v 232.6492 512.5043 -253.115
v 240.1785 512.5043 -253.0694
v 247.7091 512.5043 -253.0285
v 225.6516 512.5043 -260.9202
v 218.0928 512.5043 -260.9122
v 233.2141 512.5043 -260.9513
v 240.7797 512.5043 -260.9944
v 248.3467 512.5043 -261.0427
v 226.0145 512.5043 -268.7557
v 218.419 512.5043 -268.6872
v 233.6141 512.5043 -268.8479
v 241.2175 512.5043 -268.95
v 248.8245 512.5043 -269.0566
v 269.9191 512.4808 -252.8679
v 276.8861 512.8661 -252.699
v 275.9485 515.0338 -260.8928
v 270.0899 512.363 -261.111
v 275.7803 515.683 -269.3464
v 270.3925 512.256 -269.3709
v 270.6312 512.2001 -277.5302
v 275.7015 515.9764 -277.6177
v 262.7745 512.5043 -252.9741
v 263.486 512.5043 -261.1537
v 264.05 512.5043 -269.2725
v 264.4023 512.5043 -277.4001
v 255.2417 512.5043 -253.0068
v 255.9153 512.5043 -261.1031
v 256.435 512.5043 -269.1695
v 256.7645 512.5043 -277.271
v 271.3575 512.3705 -302.8119
v 278.6184 513.9938 -302.8809
v 264.6576 512.5043 -302.517
v 257.0188 512.5043 -302.3958
v 270.8169 512.1592 -294.083
v 275.7794 516.2358 -294.4869
v 264.6642 512.5043 -293.9587
v 257.0135 512.5043 -293.825
v 270.7645 512.1691 -285.7394
v 275.6659 516.1213 -285.9105
v 264.5917 512.5043 -285.6067
v 256.9427 512.5043 -285.4694
v 165.1482 512.5043 -301.4941
v 157.4813 510.7943 -301.4496
v 165.1283 512.5043 -292.9291
v 157.4633 510.7943 -292.8715
v 157.4913 510.7943 -284.633
v 165.1497 512.5043 -284.6954
v 157.5241 510.7942 -276.7433
v 165.1701 512.5043 -276.7949
v 172.8136 512.5043 -301.5381
v 172.7923 512.5043 -292.9759
v 172.8086 512.5043 -284.7355
v 172.8174 512.5043 -276.8136
v 180.4776 512.5043 -301.5641
v 180.4544 512.5043 -293.0004
v 180.4661 512.5043 -284.7483
v 180.464 512.5043 -276.7986
v 188.1397 512.5043 -301.5841
v 188.1157 512.5043 -293.0092
v 188.1209 512.5043 -284.7362
v 188.1076 512.5043 -276.7506
v 164.8754 512.5016 -255.2295
v 157.4043 510.9612 -255.3201
v 172.3394 512.6454 -255.1255
v 179.8446 512.9333 -255.0091
v 187.6787 513.3124 -254.836
v 165.0536 512.5043 -262.0034
v 157.4821 510.7941 -262.0475
v 172.637 512.5038 -261.959
v 180.2251 512.5016 -261.8962
v 187.8848 512.5007 -261.7183
v 165.1481 512.5043 -269.2276
v 157.5244 510.7942 -269.2089
v 172.7737 512.5043 -269.2049
v 180.3983 512.5043 -269.1408
v 188.0199 512.5043 -269.0343
v 210.0797 512.5043 -253.4142
v 209.5194 512.4944 -246.1904
v 210.5369 512.5043 -260.9873
v 210.8303 512.5043 -268.7
v 210.9951 512.5043 -276.5843
v 202.5606 512.5043 -253.6613
v 202.0922 512.4985 -246.472
v 202.9781 512.5043 -261.1377
v 203.2377 512.5043 -268.7809
v 203.3749 512.5043 -276.6182
v 195.0181 513.5851 -247.0866
v 195.2459 512.4893 -254.2458
v 195.409 512.5043 -261.3556
v 195.6339 512.5043 -268.9076
v 195.7456 512.5043 -276.6843
v 211.1152 512.5043 -301.6171
v 203.4583 512.5043 -301.586
v 195.8001 512.5043 -301.5788
v 211.0902 512.5043 -293.0123
v 203.4331 512.5043 -292.9913
v 195.7747 512.5043 -292.9971
v 211.0626 512.5043 -284.6775
v 203.4194 512.5043 -284.677
v 195.7734 512.5043 -284.7067
v -41.7746 445.3091 -320.5681
v -41.605 455.5289 -320.606
v -41.4534 465.7001 -320.6536
v -41.3009 475.7804 -320.7099
v -34.092 445.0865 -320.6689
v -33.9223 455.2922 -320.7368
v -33.7683 465.4359 -320.8089
v -33.6113 475.4718 -320.886
v -26.4053 444.8722 -320.7416
v -26.2375 455.0693 -320.825
v -26.0819 465.1987 -320.899
v -25.9223 475.2144 -320.9668
v -18.7169 444.6802 -320.7697
v -18.5538 454.8724 -320.8461
v -18.3987 464.9954 -320.9026
v -18.2397 475.003 -320.9436
v -40.1369 508.285 -316.7387
v -40.3567 504.8137 -319.7218
v -32.5791 508.0397 -316.8663
v -32.756 504.3231 -319.7371
v -25.1542 504.0386 -319.7455
v -25.0055 507.8975 -316.9394
v -17.5506 503.8587 -319.7509
v -17.4243 507.8076 -316.9947
v -40.8678 495.4604 -320.8675
v -33.1728 495.0157 -321.1087
v -25.4936 494.7173 -321.1136
v -17.8301 494.5052 -320.9843
v -41.1228 485.722 -320.78
v -33.4275 485.3508 -320.9804
v -25.7389 485.0695 -321.0403
v -18.0602 484.8517 -320.9759
v 5.4788 509.0843 -312.2621
v 5.3798 507.6929 -317.0625
v 12.9968 507.6873 -317.058
v 13.0933 509.0843 -312.2528
v 5.2809 503.6295 -319.7577
v 5.1309 494.2263 -320.7918
v 12.7805 494.1948 -320.6279
v 12.9003 503.6183 -319.758
v 4.9533 484.5397 -320.7918
v 12.6201 484.5025 -320.5913
v 4.784 474.6663 -320.7491
v 12.4585 474.6232 -320.6369
v -2.1261 509.0843 -312.2471
v -2.2289 507.7129 -317.0544
v -2.3315 503.6693 -319.7565
v -2.5212 494.2751 -320.8003
v -2.7173 484.597 -320.8165
v -2.8906 474.7289 -320.8127
v -9.7192 509.0843 -312.2041
v -9.8301 507.7492 -317.0318
v -9.941 503.7421 -319.7543
v -10.175 494.3618 -320.8548
v -10.3873 484.6895 -320.8722
v -10.5644 474.8323 -320.8683
v -17.298 509.0843 -312.1333
v 4.349 444.3213 -320.6873
v 12.0382 444.2689 -320.6411
v -3.3401 444.3945 -320.7292
v -11.0284 444.5142 -320.76
v 4.4846 454.5162 -320.7114
v 12.166 454.4651 -320.664
v -3.1951 454.5863 -320.7688
v -10.8732 454.7039 -320.8169
v 4.629 464.6451 -320.7268
v 12.3065 464.5972 -320.6701
v -3.0467 464.7115 -320.7956
v -10.7213 464.8242 -320.8519
v 19.7269 444.2312 -320.5913
v 19.8477 454.4294 -320.6004
v 19.9848 464.5652 -320.6649
v 20.1331 474.5974 -320.7426
v 27.4141 444.2032 -320.5688
v 27.5285 454.4033 -320.5117
v 27.6598 464.5428 -320.471
v 27.8023 474.58 -320.4644
v 35.0986 444.1799 -320.6012
v 35.208 454.3811 -320.5676
v 35.3358 464.5229 -320.547
v 35.4749 474.5634 -320.536
v 42.78 444.1557 -320.6543
v 42.8858 454.3568 -320.622
v 43.0104 464.4987 -320.5963
v 43.1463 474.5397 -320.5757
v 20.52 503.6151 -319.758
v 20.6142 507.6858 -317.0474
v 28.1383 503.6248 -319.7577
v 28.2355 507.6907 -317.0341
v 35.768 503.6268 -319.7577
v 35.8608 507.6916 -317.0276
v 43.3974 503.6027 -319.7584
v 43.4861 507.6795 -317.039
v 20.4323 494.188 -320.713
v 28.0834 494.1806 -320.5501
v 35.7393 494.1717 -320.5367
v 43.3948 494.1495 -320.5388
v 20.2869 484.4854 -320.7791
v 27.9492 484.4734 -320.4947
v 35.6163 484.4608 -320.5346
v 43.284 484.4368 -320.5586
v 66.421 507.6018 -317.1156
v 66.5062 509.0843 -312.3629
v 66.3357 503.4472 -319.763
v 66.3787 494.0008 -320.4849
v 66.2868 484.298 -320.4821
v 66.1563 474.4095 -320.4767
v 58.8478 509.0843 -312.3184
v 58.763 507.6277 -317.0926
v 58.6782 503.4993 -319.7615
v 58.7141 494.0562 -320.5409
v 58.6188 484.3521 -320.584
v 58.4872 474.4615 -320.6173
v 51.203 509.0843 -312.2642
v 51.1207 507.6555 -317.0646
v 51.0386 503.5547 -319.7598
v 51.0529 494.1075 -320.5436
v 50.9511 484.3996 -320.5787
v 50.8168 474.5055 -320.6109
v 43.5748 509.0843 -312.2144
v 65.8042 444.046 -320.4684
v 58.1342 444.0901 -320.6989
v 50.4584 444.1266 -320.7122
v 65.9049 454.2415 -320.4707
v 58.2352 454.2881 -320.6778
v 50.5613 454.3264 -320.6808
v 66.0244 464.3768 -320.4727
v 58.3552 464.426 -320.6494
v 50.6834 464.4669 -320.6458
v -36.6909 508.9555 -242.4929
v -36.1825 507.4465 -238.0396
v -35.6742 502.9571 -236.0129
v -34.8668 496.2179 -236.1835
v -34.0594 491.6259 -236.8587
v -31.9884 482.4262 -238.6074
v -29.5057 473.1926 -239.0584
v -29.2881 508.975 -242.8585
v -28.7726 507.3561 -238.1893
v -28.257 503.5661 -236.2857
v -27.489 496.6429 -236.2181
v -26.7209 491.907 -236.6701
v -24.7504 482.9575 -236.6485
v -22.3838 474.2492 -239.0728
v -21.902 508.9998 -243.3249
v -21.3872 507.5844 -238.4289
v -20.8724 503.9977 -236.2985
v -20.1366 497.1718 -236.2256
v -19.4007 492.4187 -234.0608
v -17.5306 483.7025 -235.5635
v -15.2757 475.364 -239.0765
v -14.005 508.7262 -240.1848
v -14.5036 509.0205 -243.7134
v -12.7988 497.7235 -236.2322
v -13.5065 505.9697 -235.1941
v -12.0911 493.325 -235.4912
v -10.314 484.8402 -236.9905
v -8.1703 476.5067 -239.067
v -19.5846 445.1321 -239.026
v -15.3954 435.8584 -239.0157
v -12.8404 447.0679 -239.0218
v -8.7785 438.0962 -239.0055
v -6.1058 449.0413 -239.0066
v -2.1752 440.3749 -238.9843
v 0.6175 451.0527 -238.9727
v 4.4127 442.6946 -238.9455
v -23.3182 454.4729 -239.0373
v -16.4474 456.1102 -239.0383
v -9.5833 457.7844 -239.0302
v -2.7272 459.4941 -239.0044
v -26.6162 463.8404 -239.049
v -19.6194 465.1836 -239.0552
v -12.6312 466.5705 -239.0537
v -5.6476 467.989 -239.0367
v 24.0621 449.9134 -238.6165
v 20.7045 457.3198 -238.6533
v 27.3674 459.4935 -238.4641
v 30.5618 452.4247 -238.4271
v 17.7883 464.8343 -238.7
v 24.6087 466.6853 -238.5039
v 15.2749 472.4367 -238.7584
v 22.2401 473.9811 -238.5497
v 13.1291 480.1106 -238.8292
v 20.2243 481.3675 -238.5972
v 17.534 447.4612 -238.7717
v 14.0247 455.1902 -238.8058
v 10.9593 463.0183 -238.852
v 8.3056 470.8478 -238.288
v 6.0317 478.8062 -238.3484
v 10.9832 445.0562 -238.879
v 7.3283 453.102 -238.91
v 4.1206 461.2386 -238.9501
v 1.3315 469.3652 -238.3746
v -1.068 477.6048 -238.4179
v 8.5469 505.5488 -236.3614
v 8.1362 509.0615 -241.2293
v 15.5188 509.3334 -241.3772
v 15.9027 506.1164 -236.7254
v 1.2012 505.0434 -236.3465
v 0.7604 509.0636 -241.0673
v -6.1514 505.0158 -236.2447
v -6.6223 508.8127 -240.8919
v 9.81 495.7315 -234.9318
v 9.1784 499.5062 -236.2054
v 16.5037 500.1518 -236.0392
v 17.1046 496.3687 -236.8591
v 2.5107 495.0066 -235.9637
v 1.856 498.891 -236.2302
v -4.7884 494.1851 -237.065
v -5.47 498.2986 -236.2372
v 11.3196 487.9612 -236.4157
v 18.5269 488.8334 -237.6717
v 4.1096 486.9951 -237.496
v -3.1011 485.9345 -238.5182
v 67.3729 509.8545 -247.9933
v 67.5089 509.5361 -244.6811
v 60.0943 510.7731 -243.8261
v 59.888 510.8775 -247.3766
v 52.5651 510.4485 -243.1084
v 52.3279 510.2749 -246.8151
v 45.1448 508.8381 -242.3198
v 44.8917 509.0841 -246.1103
v 67.9424 504.7404 -236.3074
v 67.645 509.2177 -241.369
v 60.5513 505.5905 -236.1605
v 60.3006 510.6687 -240.2756
v 52.8024 510.6221 -239.4017
v 53.1666 505.3378 -235.7168
v 45.9121 503.5258 -235.5151
v 45.3978 508.592 -238.5294
v 68.9776 496.1259 -239.1142
v 68.2399 502.0508 -236.1419
v 61.6556 495.974 -237.4362
v 60.802 502.3923 -235.5711
v 54.4605 495.2241 -237.4362
v 53.531 501.9335 -235.5575
v 47.4036 493.9674 -236.5409
v 46.4263 500.6614 -234.5432
v 69.8648 490.4535 -239.0673
v 62.6942 489.7932 -239.0736
v 55.6093 488.715 -239.0813
v 48.6192 487.0378 -238.341
v 15.1348 509.0842 -244.9939
v 22.562 509.0842 -245.1831
v 22.9155 508.8039 -241.3953
v 23.2691 506.5904 -236.7394
v 23.8456 500.7552 -235.9566
v 24.4222 497.2531 -235.1737
v 25.7488 489.984 -236.6843
v 27.333 482.401 -237.7582
v 29.9978 509.0842 -245.417
v 30.3123 509.0921 -241.5208
v 30.6267 507.4352 -237.2772
v 31.1845 501.468 -235.8212
v 31.7423 498.1022 -235.7286
v 32.9742 491.074 -236.4031
v 34.4412 483.6913 -236.555
v 37.4421 509.0842 -245.6955
v 37.7245 508.3015 -242.0965
v 38.0069 508.181 -237.2992
v 38.5421 502.3469 -235.6703
v 40.1976 492.5543 -236.2695
v 39.0775 499.3769 -234.8854
v 41.5474 485.3905 -237.0358
v 34.0346 461.7105 -238.2877
v 37.0495 454.9773 -238.2604
v 40.6902 463.97 -238.2096
v 43.5193 457.5653 -238.2015
v 47.3297 466.2764 -238.3072
v 49.9672 460.1914 -238.3101
v 53.9461 468.62 -238.568
v 56.3902 462.8415 -238.5655
v 31.4386 468.5754 -238.3014
v 38.2626 470.516 -238.1764
v 45.0751 472.5171 -238.2568
v 51.8623 474.5755 -238.5528
v 29.2175 475.3118 -237.7136
v 36.1923 476.8867 -236.5829
v 43.1607 478.8483 -237.2128
v 50.0981 480.713 -238.4892
v 75.7539 470.2074 -238.866
v 73.8748 474.9314 -238.9248
v 72.2988 479.8722 -238.9744
v 70.975 485.0415 -239.021
v 69.2457 467.9436 -238.9716
v 67.175 473.074 -238.9838
v 65.4257 478.4171 -239.0068
v 63.9481 483.985 -239.0379
v 62.7976 465.471 -238.8452
v 60.543 470.9529 -238.8715
v 58.6188 476.645 -238.9216
v 56.9871 482.5606 -238.9937
v 36.1492 371.2977 -238.6798
v 44.9896 365.5004 -238.5367
v 54.3192 360.3982 -238.4037
v 64.0759 356.0128 -238.3004
v 74.1953 352.3674 -238.2292
v 41.0034 375.9693 -238.5022
v 49.3983 370.4712 -238.3078
v 58.2201 365.6573 -238.1647
v 67.4143 361.5415 -238.0976
v 76.9232 358.1375 -238.0928
v 45.8146 380.6822 -238.2188
v 53.7663 375.4791 -238.0055
v 62.0862 370.9503 -237.9116
v 70.7245 367.101 -237.9441
v 79.6297 363.9342 -238.0525
v 50.5727 385.4438 -237.8518
v 58.0875 380.5336 -237.701
v 65.9115 376.2869 -237.7383
v 73.9989 372.6988 -237.9223
v 82.3073 369.7624 -238.1544
v 106.0421 346.1061 -238.0475
v 116.9127 345.7316 -237.9639
v 106.7369 352.3348 -238.019
v 116.897 351.9942 -237.9391
v 107.4369 358.581 -238.0063
v 116.8939 358.2764 -237.8969
v 108.1406 364.8514 -237.9343
v 116.9036 364.5816 -237.6334
v 95.2502 347.3884 -238.1199
v 96.6468 353.5171 -238.09
v 98.0384 359.664 -238.1534
v 99.4259 365.8344 -238.2885
v 84.6102 349.4846 -238.1762
v 86.6875 355.4577 -238.1078
v 88.7511 361.4527 -238.1547
v 90.7971 367.4735 -238.3238
v 117.0598 383.7155 -236.5813
v 110.3315 383.8564 -237.9249
v 111.0863 390.2707 -238.1291
v 117.2121 390.1926 -236.8281
v 103.556 384.5446 -238.7222
v 104.8972 390.8723 -238.7745
v 96.7944 385.753 -239.0073
v 98.7265 391.9461 -239.1142
v 90.1012 387.4911 -238.9463
v 92.6025 393.5112 -239.1077
v 116.9792 377.2836 -236.738
v 109.5853 377.4848 -237.8356
v 102.1918 378.2676 -238.6087
v 94.8245 379.6151 -238.8148
v 87.5483 381.5323 -238.6835
v 116.9321 370.9091 -237.1517
v 108.8543 371.1513 -237.8491
v 100.8116 372.0334 -238.456
v 92.8229 373.5249 -238.5683
v 84.9488 375.626 -238.3882
v 70.6743 396.067 -237.9445
v 64.4731 400.1203 -237.516
v 68.9285 405.1632 -237.987
v 74.6925 401.3851 -238.4682
v 66.5589 390.8221 -237.5932
v 59.9132 395.1546 -237.3573
v 62.3562 385.6453 -237.5234
v 55.2738 390.2643 -237.5113
v 77.0194 392.6252 -238.4086
v 80.5686 398.202 -238.8364
v 73.3923 387.1199 -237.9921
v 69.6857 381.6753 -237.7491
v 83.5017 389.774 -238.7541
v 86.5451 395.5872 -239.0277
v 80.3952 384.0286 -238.3946
v 77.2262 378.3398 -238.0817
v 272.1382 443.0463 -320.2036
v 264.4647 443.0904 -320.2146
v 256.7932 443.1511 -320.243
v 249.1215 443.2402 -320.2871
v 272.2294 453.2454 -320.1953
v 264.5578 453.2823 -320.209
v 256.8877 453.344 -320.239
v 249.2177 453.4355 -320.2831
v 272.3142 463.3806 -320.1879
v 264.6428 463.4086 -320.206
v 256.9716 463.4727 -320.2376
v 249.3011 463.5667 -320.2813
v 272.386 473.4107 -320.1813
v 264.7137 473.4297 -320.2033
v 257.0418 473.4967 -320.2363
v 249.3707 473.5928 -320.28
v 226.1062 443.55 -320.4808
v 218.4365 443.656 -320.6187
v 226.2045 453.7483 -320.4514
v 218.5337 453.8542 -320.5341
v 226.2876 463.8847 -320.4321
v 218.6166 463.9921 -320.4883
v 226.3572 473.9181 -320.4171
v 218.6865 474.0276 -320.4617
v 233.7774 443.4438 -320.3922
v 233.8757 453.6411 -320.3851
v 233.9589 463.7757 -320.38
v 234.0283 473.8062 -320.376
v 241.4494 443.3398 -320.3382
v 241.5469 453.5362 -320.3337
v 241.6302 463.6692 -320.3304
v 241.6995 473.6974 -320.3272
v 218.828 507.781 -317.5074
v 226.4746 507.7227 -317.567
v 226.4389 509.094 -313.2689
v 218.7962 509.094 -313.1533
v 234.1231 507.6602 -317.6335
v 234.0848 509.094 -313.3983
v 241.7742 507.6042 -317.6994
v 241.7343 509.094 -313.5269
v 249.4277 507.5491 -317.7639
v 249.3844 509.094 -313.6526
v 218.7964 493.6259 -320.4242
v 226.461 493.5098 -320.3897
v 226.5104 504.0587 -319.6485
v 218.8598 504.1753 -319.645
v 234.1265 493.3891 -320.3668
v 234.1613 503.934 -319.6522
v 241.7929 493.2754 -320.316
v 241.8141 503.822 -319.6555
v 249.4608 493.1654 -320.2736
v 249.4711 503.7115 -319.6588
v 218.745 483.9196 -320.4437
v 226.4141 483.8069 -320.4047
v 234.084 483.6911 -320.3732
v 241.7544 483.5798 -320.3242
v 249.4255 483.4726 -320.2789
v 272.3673 509.094 -313.9416
v 272.4131 507.449 -317.9114
v 272.4589 503.5115 -319.6647
v 272.4785 492.9813 -320.1655
v 272.4441 483.293 -320.1751
v 264.7465 507.4571 -317.8836
v 264.698 509.094 -313.8864
v 264.8031 492.9881 -320.1933
v 264.7949 503.5276 -319.6643
v 264.7703 483.3036 -320.2003
v 257.0847 507.498 -317.8276
v 257.0385 509.094 -313.7769
v 257.1306 493.0641 -320.2279
v 257.131 503.6096 -319.6618
v 257.0972 483.3742 -320.2345
v 210.7764 443.7541 -320.2308
v 203.1069 443.8251 -320.2839
v 195.4446 443.8742 -320.6295
v 187.7741 443.9116 -320.5905
v 210.8654 453.9519 -320.3422
v 203.1944 454.0222 -320.3497
v 195.5258 454.0699 -320.5546
v 187.8544 454.1055 -320.5678
v 210.9465 464.0894 -320.3866
v 203.2757 464.1584 -320.3882
v 195.6057 464.2046 -320.519
v 187.9348 464.2368 -320.5486
v 211.0166 474.1248 -320.4097
v 203.3462 474.1923 -320.4133
v 195.6762 474.2365 -320.4979
v 188.0058 474.2646 -320.5332
v 164.7632 444.0243 -320.4061
v 164.8424 454.2154 -320.415
v 164.9231 464.3439 -320.4289
v 164.995 474.3688 -320.4489
v 172.4321 443.9856 -320.5949
v 172.5117 454.1778 -320.5822
v 172.5927 464.3074 -320.5734
v 172.6647 474.3336 -320.5661
v 180.103 443.9482 -320.5808
v 180.1829 454.1413 -320.5674
v 180.2637 464.2716 -320.5551
v 180.3351 474.2986 -320.5431
v 165.2121 507.9276 -317.3866
v 165.2311 509.094 -312.9203
v 172.8773 507.9109 -317.4055
v 172.8926 509.094 -312.9573
v 180.5464 507.8952 -317.417
v 180.5573 509.094 -312.9793
v 188.2131 507.8788 -317.431
v 188.2128 509.094 -313.0063
v 165.1217 493.9413 -320.5051
v 165.1931 504.4685 -319.6364
v 172.7916 493.9088 -320.5335
v 172.8621 504.4353 -319.6374
v 180.4612 493.8751 -320.5149
v 180.5355 504.4037 -319.6383
v 188.1303 493.8422 -320.5044
v 188.2134 504.371 -319.6392
v 165.0597 484.2486 -320.4726
v 172.7291 484.2147 -320.5566
v 180.3989 484.1804 -320.5316
v 188.0686 484.1472 -320.5208
v 211.181 507.8291 -317.4556
v 211.1566 509.094 -313.0527
v 211.1314 493.7231 -320.4289
v 211.2053 504.2716 -319.6422
v 211.0764 484.0168 -320.424
v 203.5319 507.8588 -317.437
v 203.515 509.0941 -313.0172
v 203.4655 493.7863 -320.4422
v 203.5487 504.3309 -319.6404
v 203.4074 484.0823 -320.4319
v 195.8699 509.094 -313.002
v 195.8787 507.8759 -317.4289
v 195.7985 493.8253 -320.4662
v 195.8875 504.3652 -319.6394
v 195.7382 484.1241 -320.4834
v 268.5067 507.8455 -239.6686
v 269.2867 509.0651 -244.5507
v 261.0516 508.0208 -239.8223
v 261.8007 509.0716 -244.6734
v 253.5994 508.1925 -239.9034
v 254.3136 509.0797 -244.8256
v 246.1524 508.3712 -239.9748
v 246.8322 509.0842 -244.958
v 266.7134 498.3923 -236.6204
v 267.7267 504.4081 -234.9047
v 259.329 498.8066 -236.6362
v 260.3025 504.2778 -236.2558
v 251.9502 499.3076 -236.544
v 252.8851 504.5028 -236.1218
v 244.5748 499.7686 -236.5322
v 245.4727 504.2056 -235.8983
v 263.2963 484.3404 -236.5206
v 265.7002 493.3334 -236.5171
v 256.05 485.0899 -236.9195
v 258.3555 493.8502 -236.9481
v 248.8083 485.868 -236.8983
v 251.0153 494.3897 -236.9456
v 241.5711 486.5105 -237.0873
v 243.677 494.784 -237.1604
v 260.5443 475.2391 -238.9954
v 253.4111 476.2444 -238.9668
v 246.2849 477.289 -238.9249
v 239.1671 478.3797 -238.8373
v 223.8285 509.4412 -241.048
v 216.3874 508.7507 -241.9375
v 216.8963 509.0842 -245.6775
v 224.3863 509.0842 -245.485
v 222.4746 500.9675 -237.3129
v 215.1222 501.8926 -236.5417
v 215.8785 506.637 -237.1573
v 223.2706 506.8416 -236.8224
v 219.8988 489.5006 -236.3943
v 211.2219 490.6073 -234.611
v 212.9046 497.9023 -234.7551
v 221.6785 497.024 -236.6503
v 217.8588 481.9967 -237.9781
v 210.7743 483.3514 -237.4883
v 231.2697 509.1888 -240.9446
v 231.8732 509.0842 -245.2933
v 229.836 500.5613 -236.15
v 230.6663 506.5632 -235.5103
v 227.1176 488.493 -237.7352
v 229.0058 496.2636 -237.9086
v 224.9538 480.7271 -238.3953
v 238.7096 508.564 -240.0632
v 239.3546 509.0842 -245.1232
v 238.0646 505.2717 -236.6496
v 237.2022 499.7993 -237.5596
v 234.3408 487.3799 -236.1166
v 236.3396 495.3993 -236.221
v 232.0574 479.5231 -238.6713
v 203.2795 461.9403 -237.3534
v 209.9061 459.7079 -237.456
v 206.5758 452.3849 -237.4389
v 200.1362 454.9509 -237.5971
v 216.5568 457.5412 -237.8235
v 213.0578 449.8885 -237.6897
v 223.2352 455.4391 -238.1921
v 219.5767 447.463 -238.0266
v 229.9412 453.3972 -238.4753
v 226.1322 445.1033 -238.321
v 206.0893 469.0097 -237.3158
v 212.8828 467.0911 -237.5891
v 219.6921 465.2401 -238.0081
v 226.5228 463.4518 -238.3659
v 233.3728 461.721 -238.6166
v 208.5816 476.149 -237.3742
v 215.5272 474.5237 -237.7705
v 222.4847 472.9725 -238.2033
v 229.4579 471.485 -238.5278
v 236.4423 470.0544 -238.7377
v 250.1737 447.5788 -238.8686
v 245.9616 438.3559 -238.7939
v 253.9998 456.8243 -238.9256
v 257.4495 466.0569 -238.967
v 243.414 449.4688 -238.7871
v 239.3309 440.5543 -238.6894
v 247.1114 458.4061 -238.8642
v 250.4365 467.3404 -238.9226
v 236.6694 451.4094 -238.6666
v 232.7193 442.8026 -238.54
v 240.2368 460.0408 -238.7732
v 243.4346 468.6737 -238.8586
v 164.3767 509.7401 -245.2121
v 164.6023 509.5075 -248.5409
v 163.7479 506.9455 -237.4209
v 164.1512 509.5905 -242.0825
v 163.3447 503.6565 -236.3467
v 163.9407 497.7459 -236.9034
v 162.9808 492.2983 -236.789
v 171.7697 509.9282 -244.8828
v 172.0595 509.9035 -248.254
v 171.069 507.3041 -237.1312
v 171.48 510.0901 -241.1623
v 170.6579 503.2869 -236.7849
v 171.172 497.2159 -238.0951
v 170.0847 491.4874 -236.425
v 179.1969 510.1711 -244.5115
v 179.5443 510.4104 -247.9091
v 178.4137 507.0768 -236.9259
v 178.8496 510.069 -240.7646
v 177.9779 502.8535 -236.7721
v 177.2822 496.5133 -238.6915
v 176.0617 490.4828 -236.9203
v 186.6578 510.4801 -244.0705
v 187.0684 511.0526 -247.4797
v 185.7754 505.7783 -237.3479
v 186.2471 508.8815 -241.1028
v 185.3036 502.5013 -235.7577
v 184.5055 495.7433 -236.4035
v 183.1426 489.3715 -237.046
v 157.944 477.8878 -238.6469
v 156.4758 473.5984 -238.5202
v 164.5134 475.85 -238.8245
v 162.8122 471.1276 -238.8449
v 171.0405 473.7337 -238.2568
v 169.1088 468.5741 -238.2708
v 177.5289 471.5122 -237.5867
v 175.3045 465.9637 -237.0632
v 159.2589 482.2962 -238.1263
v 166.0333 480.8136 -238.8472
v 172.7742 479.1007 -238.3936
v 179.491 477.2577 -238.1045
v 160.437 487.1481 -238.238
v 167.3881 486.023 -237.3483
v 174.3242 484.6823 -237.0281
v 181.2283 483.2096 -238.5007
v 193.9086 457.6041 -238.9499
v 196.7926 464.2583 -238.325
v 199.3648 471.0148 -237.7984
v 201.6744 477.8671 -237.5152
v 203.7129 484.8124 -237.3571
v 187.6034 460.3506 -239.1142
v 190.3297 466.6599 -239.1142
v 192.7648 473.0979 -238.9833
v 194.8938 479.6707 -238.6625
v 196.748 486.3802 -238.3341
v 181.4075 463.1611 -238.3917
v 183.8558 469.1066 -238.9497
v 186.0918 475.2198 -239.1142
v 188.0628 481.5146 -239.1142
v 189.7944 487.9988 -237.6951
v 209.0289 509.8827 -241.7247
v 208.5617 508.1354 -236.8181
v 201.1552 508.2666 -238.5663
v 201.6001 509.2845 -242.2526
v 193.6923 509.4041 -239.7194
v 194.1266 510.0278 -243.3214
v 207.7586 503.1581 -235.2785
v 205.5691 499.3202 -234.8297
v 200.3813 504.5175 -236.6283
v 199.6826 500.5801 -235.6854
v 192.6044 501.8104 -235.379
v 193.1483 505.981 -236.4086
v 204.0291 491.844 -235.6434
v 198.3493 493.2269 -237.3806
v 191.3032 494.6934 -236.5217
v 188.1848 366.3615 -238.3039
v 196.7369 372.381 -238.306
v 183.6975 371.2875 -238.3589
v 191.8156 376.9838 -238.7482
v 179.3043 376.2951 -237.9099
v 186.9499 381.6766 -238.8608
v 175.0687 381.381 -236.9214
v 182.2242 386.4765 -238.1951
v 179.0752 361.0802 -238.0412
v 175.1126 366.3062 -237.7212
v 171.247 371.5922 -237.0174
v 167.4635 376.966 -236.2843
v 169.4877 356.5379 -237.7525
v 166.0993 362.0365 -237.2844
v 162.7736 367.5951 -236.7294
v 159.5079 373.2478 -236.4865
v 159.4886 352.7557 -237.6198
v 156.712 358.5062 -237.2502
v 153.9825 364.3181 -237.0619
v 151.3317 370.1994 -237.3335
v 162.9366 397.4689 -236.0947
v 159.2719 403.1313 -237.1377
v 164.8281 407.0868 -236.2354
v 168.9669 401.6711 -235.4897
v 156.801 393.8399 -237.2494
v 153.6168 399.7188 -238.3438
v 150.5025 390.7896 -238.4872
v 147.7146 396.8862 -239.0992
v 143.9533 388.3213 -239.1142
v 141.6388 394.5931 -239.0098
v 166.8512 391.9508 -235.6376
v 173.3302 396.4307 -235.7458
v 160.1676 388.0962 -236.328
v 153.3593 384.8403 -237.5748
v 146.3526 382.173 -238.7305
v 170.9296 386.5886 -235.9913
v 177.7413 391.385 -236.8757
v 163.7487 382.4677 -235.9812
v 156.3509 378.9996 -236.7891
v 148.7993 376.1431 -238.0101
v 123.3863 390.5372 -235.6431
v 123.9185 384.0315 -235.9744
v 124.4688 377.6253 -236.6421
v 125.0418 371.2916 -237.4004
v 125.6669 364.9877 -237.9436
v 129.6597 391.3464 -236.0082
v 130.6818 384.9424 -237.0399
v 131.7894 378.6088 -237.9733
v 133.0361 372.3065 -238.4569
v 134.3648 366.0503 -238.4574
v 135.6011 392.7674 -237.8085
v 137.2681 386.4026 -238.6323
v 139.0952 380.1105 -238.9707
v 141.0079 373.9039 -238.7917
v 142.9588 367.7878 -238.2623
v 127.7783 346.2286 -237.8757
v 138.5535 347.5786 -237.7723
v 149.1513 349.7612 -237.66
v 127.0513 352.4545 -237.8822
v 137.1213 353.7044 -237.7707
v 147.0303 355.7275 -237.5072
v 126.346 358.7038 -238.0038
v 135.7268 359.8568 -238.085
v 144.9585 361.7384 -237.7008
v 202.9036 445.0835 -237.443
v 196.7542 448.0153 -238.4678
v 198.9128 437.9334 -238.1053
v 192.9705 441.2351 -239.1136
v 194.6284 430.985 -238.9716
v 188.8325 434.6565 -239.1142
v 189.9595 424.3003 -239.1142
v 184.4053 428.3417 -239.1142
v 209.2072 442.2492 -237.5301
v 204.9887 434.7413 -237.453
v 200.4371 427.4388 -237.9149
v 195.6221 420.4042 -238.8578
v 215.5607 439.497 -237.8409
v 211.1731 431.6543 -237.6457
v 206.4187 424.0098 -237.5121
v 201.3118 416.6389 -237.8329
v 221.9627 436.8195 -238.1506
v 217.4146 428.6547 -237.9651
v 212.4877 420.686 -237.7581
v 207.1792 412.9887 -237.5926
v 174.7716 406.5511 -235.7422
v 170.1882 411.655 -235.3274
v 179.2629 401.6447 -237.3836
v 183.9776 396.8928 -238.7834
v 189.0258 392.2993 -239.1142
v 179.9586 412.013 -237.6587
v 175.38 416.7708 -235.7363
v 184.8663 407.4248 -239.0975
v 190.1248 403.005 -239.1142
v 195.4854 398.7176 -238.7897
v 184.9892 417.9496 -239.1142
v 179.9602 422.3623 -237.6281
v 190.4055 413.7081 -239.1142
v 195.9303 409.612 -238.7972
v 201.4888 405.6413 -237.8359
v 204.6564 379.1387 -238.073
v 212.0197 386.4754 -238.0863
v 218.8503 394.3147 -238.2101
v 225.1768 402.5794 -238.3552
v 199.3567 383.4363 -238.1066
v 206.4218 390.4692 -237.8646
v 213.0054 398.0094 -237.9696
v 219.1253 405.9751 -238.144
v 194.1682 387.8161 -238.8072
v 200.8809 394.5447 -237.9246
v 207.2138 401.778 -237.7042
v 213.1223 409.4401 -237.864
v 241.3925 429.1589 -238.7093
v 234.8867 431.6571 -238.58
v 228.4075 434.2086 -238.3992
v 236.4225 420.0786 -238.6086
v 230.0493 422.8758 -238.4537
v 223.7099 425.7317 -238.2422
v 231.0257 411.193 -238.4904
v 224.8009 414.2894 -238.3084
v 218.6174 417.45 -238.0647
v 139.3653 448.1835 -238.1067
v 136.6923 445.9789 -238.3428
v 133.9511 443.9654 -238.1638
v 131.2668 442.1246 -237.4687
v 128.7871 440.4353 -236.2424
v 142.9737 442.2748 -236.5955
v 139.984 439.7618 -237.2494
v 136.9592 437.506 -238.0855
v 133.755 435.5554 -238.4593
v 130.5194 433.8641 -238.062
v 146.6642 436.218 -236.514
v 143.1654 433.5291 -235.9402
v 139.5828 431.1272 -236.3209
v 136.1548 428.9565 -237.4733
v 132.5729 427.1435 -238.3626
v 149.9207 430.247 -238.4351
v 146.2763 427.2415 -237.0077
v 142.4278 424.648 -235.7982
v 138.3052 422.4476 -235.7607
v 134.3451 420.512 -236.9344
v 121.3953 436.7431 -232.7033
v 118.6552 436.2076 -232.7932
v 121.6532 430.1398 -234.2273
v 118.4505 429.6238 -234.0924
v 121.9061 423.5229 -235.6565
v 118.2595 423.0145 -235.1893
v 122.1532 416.9013 -236.984
v 118.0766 416.4016 -236.1543
v 124.0949 437.6406 -233.3632
v 124.6975 431.0749 -235.2933
v 125.3189 424.4711 -237.0587
v 126.1604 417.7705 -238.1996
v 126.4976 438.9112 -234.7187
v 127.5071 432.3689 -236.8592
v 128.8392 425.6856 -238.2484
v 130.3725 418.9203 -238.1915
v 117.527 396.629 -237.9754
v 123.1158 397.0403 -236.7359
v 128.681 397.8928 -235.3803
v 134.3696 399.0988 -235.9662
v 139.6033 400.9568 -237.9764
v 117.6994 403.2161 -237.7651
v 122.8859 403.5617 -238.0372
v 127.8701 404.4517 -236.5949
v 132.9096 405.7022 -235.3891
v 138.0481 407.2998 -235.9318
v 117.8911 409.8019 -237.0368
v 122.4569 410.2504 -237.9961
v 127.1546 411.0231 -238.0877
v 131.5914 412.3061 -236.6421
v 136.1006 413.9215 -235.4962
v 155.9113 408.9229 -238.7047
v 160.9619 412.6558 -237.4884
v 152.4859 414.9449 -239.1142
v 157.3028 418.3664 -238.9745
v 149.1519 421.095 -238.9256
v 153.5471 424.261 -239.1142
v 150.5491 405.7844 -239.1142
v 147.5473 412.0147 -239.1142
v 144.9084 418.2926 -237.5645
v 145.0559 403.1501 -239.1142
v 142.6824 409.4992 -237.9122
v 140.7232 415.8542 -235.8605
v -10.7291 426.6926 -239.0059
v -5.5768 417.6999 -238.9966
v 0.0716 408.9481 -238.9875
v 6.2285 400.5072 -238.9755
v -4.24 429.2332 -238.991
v 0.7752 420.5441 -238.9808
v 6.2693 412.0964 -238.9757
v 12.2459 403.9605 -238.9672
v 2.231 431.8177 -238.9678
v 7.1043 423.4343 -238.9615
v 12.4393 415.2926 -238.962
v 18.231 407.4624 -238.9477
v 8.6811 434.4465 -238.9297
v 13.4065 426.3721 -238.9272
v 18.5762 418.539 -238.9218
v 24.1774 411.0166 -238.8727
v 27.8585 377.7705 -238.806
v 33.088 382.1397 -238.6973
v 38.2755 386.5537 -238.4863
v 43.4085 391.0191 -238.1448
v 20.1128 384.8454 -238.8974
v 25.6552 388.9099 -238.8473
v 31.1585 393.0216 -238.7249
v 36.6112 397.1865 -238.4722
v 12.9055 392.4488 -238.9505
v 18.7075 396.2076 -238.9333
v 24.4736 400.015 -238.8799
v 30.1951 403.8756 -238.7296
v 58.4245 404.8086 -237.2912
v 63.2722 409.5606 -237.5661
v 52.5798 410.0681 -237.3449
v 57.7634 414.5155 -237.3618
v 46.9909 415.8327 -237.6225
v 52.4575 419.965 -237.4212
v 41.6948 422.0357 -237.9827
v 47.409 425.8456 -237.6696
v 53.4856 400.1371 -237.3822
v 47.3233 405.7014 -237.6471
v 41.4595 411.7777 -238.0268
v 35.9179 418.298 -238.3729
v 48.4787 395.5435 -237.7275
v 42.0012 401.4105 -238.0828
v 35.8605 407.7946 -238.4376
v 30.0764 414.627 -238.6886
v 27.872 442.6179 -238.5733
v 34.2015 445.449 -238.3587
v 21.5056 439.8438 -238.7479
v 15.1072 437.1212 -238.863
v 32.1019 435.495 -238.4806
v 38.2448 438.6506 -238.2134
v 25.9111 432.3994 -238.7077
v 19.6773 429.3596 -238.8529
v 36.721 428.6119 -238.2891
v 42.6596 432.0949 -237.9707
v 30.7248 425.1947 -238.5996
v 24.674 421.8385 -238.8133
v 40.4964 448.3291 -238.1774
v 44.3411 441.8641 -238.0155
v 48.5427 435.6439 -237.8014
v 53.06 429.7278 -237.6174
v 46.7647 451.2485 -238.1291
v 50.4001 445.1223 -238.0111
v 54.3776 439.2425 -237.908
v 58.6466 433.6644 -237.9033
v 53.0047 454.2017 -238.2721
v 56.4215 448.4133 -238.2385
v 60.1625 442.8764 -238.2644
v 64.171 437.6422 -238.3926
v 59.2162 457.1728 -238.5624
v 62.409 451.7213 -238.5947
v 65.9097 446.5315 -238.684
v 69.6598 441.6484 -238.8269
v 68.0044 414.3952 -238.1398
v 73.2769 410.2909 -238.5841
v 72.6536 419.3035 -238.7348
v 77.5596 415.4976 -239.008
v 77.2584 424.2763 -239.0559
v 81.791 420.7683 -239.1142
v 81.8227 429.2916 -239.1142
v 85.9737 426.0818 -239.1142
v 62.8466 419.0432 -237.7598
v 67.8355 423.6374 -238.3737
v 72.7711 428.2904 -238.8736
v 77.6768 432.9841 -239.0892
v 57.8465 424.1744 -237.5775
v 63.151 428.4436 -238.062
v 68.3911 432.7627 -238.6195
v 73.6015 437.1177 -238.9839
v 98.3566 441.954 -237.4277
v 95.3926 444.2554 -237.8018
v 92.32 446.956 -238.1039
v 89.2128 450.0337 -238.3395
v 86.1453 453.4658 -238.5161
v 94.2715 436.7326 -238.6656
v 90.8929 439.3369 -238.8661
v 87.4446 442.3705 -238.9778
v 84.0004 445.8061 -239.039
v 80.6297 449.614 -239.0539
v 90.1289 431.4154 -239.1142
v 86.3593 434.3237 -239.1142
v 82.5599 437.6898 -239.1142
v 78.7978 441.4792 -239.1142
v 75.1384 445.6547 -239.0563
v 77.9179 465.6276 -238.8055
v 71.6408 462.9607 -238.9813
v 65.4143 460.1236 -238.8546
v 80.4237 461.2908 -238.736
v 74.382 458.223 -239.0071
v 68.3839 455.014 -238.8993
v 83.1911 457.2271 -238.644
v 77.401 453.7635 -239.037
v 71.6461 450.1787 -238.9735
v 78.6246 406.7896 -238.9284
v 84.0436 403.8618 -239.0872
v 89.5203 401.4747 -239.1142
v 95.0476 399.5962 -239.1142
v 82.4937 412.2713 -239.1142
v 87.4519 409.591 -239.1142
v 92.4343 407.4233 -239.1142
v 97.4433 405.7359 -239.1142
v 86.3027 417.8121 -239.1142
v 90.8024 415.3746 -239.1142
v 95.2987 413.4217 -239.1142
v 99.8004 411.9204 -239.0468
v 90.0645 423.395 -239.1142
v 94.1113 421.1981 -239.1142
v 98.1276 419.4566 -239.0092
v 102.1193 418.1347 -238.705
v 111.8352 396.7332 -237.9821
v 112.5562 403.2352 -237.581
v 113.2706 409.7698 -237.0799
v 113.9757 416.3234 -236.4292
v 106.221 397.2512 -238.6728
v 107.5166 403.6734 -238.4072
v 108.7811 410.1266 -237.9576
v 110.0104 416.5948 -237.2854
v 100.6214 398.197 -239.1142
v 102.481 404.4973 -239.0063
v 104.3045 410.8354 -238.7096
v 106.0808 417.1929 -238.1305
v 116.0592 435.9393 -233.2795
v 113.5788 435.9121 -233.9231
v 111.1589 436.1396 -234.6118
v 108.7472 436.6425 -235.2863
v 115.3623 429.4268 -234.5557
v 112.3918 429.5056 -235.2622
v 109.4829 429.8659 -236.0362
v 106.578 430.5266 -236.7721
v 114.6706 422.8813 -235.5937
v 111.2085 423.06 -236.3816
v 107.8018 423.5443 -237.2279
v 104.3808 424.3489 -237.947
v 101.1392 440.0735 -236.9896
v 97.5056 434.5836 -238.3632
v 93.8004 428.9995 -239.0294
v 103.775 438.5812 -236.4853
v 100.6187 432.8551 -237.9506
v 97.3919 427.0409 -238.8365
v 106.2988 437.4471 -235.9154
v 103.634 431.5133 -237.4177
v 100.9152 425.5029 -238.4834
v 165.8628 416.9364 -236.3353
v 170.6048 421.7277 -235.3793
v 175.2345 426.9504 -235.659
v 179.3385 432.5506 -237.2744
v 161.8625 422.331 -238.0491
v 166.1329 426.7969 -236.8079
v 170.2394 431.6822 -235.7165
v 174.3112 436.9036 -235.6225
v 157.8142 427.8966 -239.1142
v 161.9032 431.959 -238.6597
v 165.6572 436.4504 -237.6329
v 169.1376 441.3083 -236.4861
v 153.7278 433.5704 -239.0767
v 157.4541 437.2662 -239.1142
v 161.011 441.321 -239.0956
v 164.335 445.7071 -238.5814
v 190.6306 451.0489 -239.1142
v 184.5441 454.1815 -239.1142
v 178.7861 457.391 -237.3421
v 172.8036 460.5915 -236.7731
v 187.0375 444.6519 -239.1142
v 181.2767 448.1906 -238.3239
v 175.8671 451.8156 -236.3104
v 170.1247 455.3947 -236.9971
v 183.1549 438.4714 -238.9332
v 178.0292 442.4138 -236.7176
v 172.578 446.447 -235.9448
v 167.3342 450.4143 -237.7205
v 154.8424 469.5804 -238.363
v 153.0473 465.8241 -238.1643
v 151.0925 462.3228 -237.9293
v 148.9849 459.0673 -237.681
v 160.9135 466.6433 -238.8646
v 158.8248 462.4004 -238.8049
v 156.56 458.4039 -238.5953
v 154.1345 454.6601 -238.2246
v 166.9689 463.6194 -238.4878
v 164.6121 458.8923 -238.835
v 162.0189 454.4131 -239.1142
v 159.2094 450.1935 -239.1142
v 141.9188 450.5979 -237.7547
v 145.9818 444.9976 -236.5506
v 149.9035 439.2626 -237.6088
v 144.3729 453.2198 -237.5035
v 148.8695 447.9507 -237.0102
v 153.0625 442.621 -238.5438
v 146.7377 456.0396 -237.4975
v 151.5765 451.1717 -237.6559
v 156.2089 446.2583 -238.9731
v -39.9172 509.0843 -311.6505
v -39.9267 509.7191 -300.8535
v -39.5202 511.7729 -292.5659
v -39.2083 512.5815 -284.1655
v -38.9393 512.7754 -275.826
v -32.4023 509.0843 -311.8903
v -32.3494 509.0843 -300.9666
v -32.3987 509.0843 -292.4064
v -32.419 509.0843 -284.0667
v -32.2591 509.0842 -275.8399
v -24.8569 509.0843 -312.0281
v -24.7656 509.0843 -301.0938
v -24.7651 509.0843 -292.5022
v -24.7523 509.0843 -284.1334
v -24.6084 509.0842 -275.9251
v -17.1808 509.0843 -301.1892
v -17.1426 509.0843 -292.5904
v -17.1022 509.0843 -284.218
v -16.9626 509.0842 -276.0188
v -37.7623 510.5041 -250.8525
v -30.4213 509.0842 -251.2442
v -22.9411 509.5883 -251.5659
v -15.4551 509.0919 -251.8409
v -38.4026 511.6461 -259.2232
v -31.2964 509.0842 -259.4851
v -23.7328 509.0842 -259.7006
v -16.1658 509.0842 -259.8935
v -38.7319 512.4363 -267.5338
v -31.9021 509.0842 -267.6645
v -24.2819 509.0842 -267.8023
v -16.6638 509.0842 -267.9312
v 7.7256 509.0738 -244.7139
v 7.046 509.0842 -252.5025
v 14.5506 509.0841 -252.6558
v 6.5229 509.0842 -260.3074
v 14.083 509.0842 -260.3742
v 6.1519 509.0842 -268.1832
v 13.7514 509.0842 -268.1928
v 5.9223 509.0842 -276.1751
v 13.5455 509.0842 -276.1519
v 0.3197 509.0576 -244.4099
v -0.4545 509.0841 -252.3127
v -1.0382 509.0842 -260.202
v -1.449 509.0842 -268.1346
v -1.7014 509.0842 -276.1612
v -7.0932 509.0397 -244.0735
v -7.9545 509.0842 -252.0885
v -8.6005 509.0842 -260.0579
v -9.0522 509.0842 -268.0413
v -9.3277 509.0842 -276.0987
v 5.616 509.0843 -301.2878
v 13.2362 509.0843 -301.2642
v -1.9935 509.0843 -301.2865
v -9.5917 509.0843 -301.2516
v 5.72 509.0843 -292.6819
v 13.3501 509.0843 -292.6466
v -1.9039 509.0843 -292.6901
v -9.5243 509.0843 -292.6544
v 5.7999 509.0843 -284.3269
v 13.4339 509.0843 -284.2903
v -1.8323 509.0843 -284.331
v -9.4638 509.0843 -284.2853
v 20.7084 509.0843 -312.2317
v 20.8636 509.0843 -301.2252
v 20.9857 509.0843 -292.5929
v 21.0679 509.0843 -284.227
v 21.1682 509.0842 -276.0929
v 28.3327 509.0843 -312.2052
v 28.4974 509.0843 -301.1858
v 28.6247 509.0843 -292.5417
v 28.7028 509.0843 -284.1711
v 28.7899 509.0842 -276.0467
v 35.9536 509.0843 -312.1923
v 36.1349 509.0843 -301.1659
v 36.2654 509.0843 -292.5177
v 36.3388 509.0843 -284.1532
v 36.4092 509.0842 -276.0488
v 43.7761 509.0843 -301.1951
v 43.9091 509.0843 -292.5597
v 43.9773 509.0843 -284.2187
v 44.0267 509.0842 -276.1534
v 22.0568 509.0842 -252.7395
v 29.5595 509.0842 -252.8563
v 37.0569 509.0842 -253.0352
v 44.56 509.0842 -253.3466
v 21.6428 509.0842 -260.3842
v 29.1987 509.0842 -260.4193
v 36.7495 509.0842 -260.519
v 44.3006 509.0842 -260.7422
v 21.3501 509.0841 -268.1568
v 28.9446 509.0842 -268.1392
v 36.5357 509.0842 -268.1801
v 44.125 509.0841 -268.3361
v 67.156 509.287 -254.6204
v 67.0371 509.0842 -261.603
v 66.9642 509.0841 -268.9139
v 66.9323 509.0842 -276.5443
v 59.6133 510.0095 -254.2219
v 59.4439 509.3774 -261.3378
v 59.341 509.0842 -268.7413
v 59.2897 509.0842 -276.4335
v 52.0919 509.4626 -253.7858
v 51.8705 509.0842 -261.0362
v 51.7269 509.0841 -268.5388
v 51.6533 509.0842 -276.2951
v 66.7369 509.0843 -301.3646
v 59.0772 509.0843 -301.3192
v 51.4239 509.0843 -301.2561
v 66.8685 509.0843 -292.7669
v 59.2104 509.0843 -292.7123
v 51.5568 509.0843 -292.6359
v 66.9207 509.0843 -284.4945
v 59.2678 509.0843 -284.4201
v 51.6198 509.0843 -284.3202
v 226.423 509.0843 -301.8372
v 218.7704 509.0843 -301.7122
v 226.4008 509.0843 -293.2263
v 218.7459 509.0843 -293.0975
v 226.3514 509.0843 -284.8689
v 218.706 509.0843 -284.7447
v 226.2388 509.0842 -276.7252
v 218.615 509.0842 -276.6196
v 234.0745 509.0843 -301.9773
v 234.0557 509.0843 -293.3723
v 233.9978 509.0843 -285.0135
v 233.8655 509.0842 -276.8534
v 241.7245 509.0843 -302.1203
v 241.7091 509.0843 -293.5252
v 241.6454 509.0843 -285.1649
v 241.496 509.0842 -276.9899
v 249.3731 509.0843 -302.261
v 249.3616 509.0843 -293.6768
v 249.2937 509.0843 -285.318
v 249.1288 509.0842 -277.1297
v 217.5986 509.0842 -253.254
v 225.1223 509.0842 -253.1768
v 232.6492 509.0842 -253.115
v 240.1785 509.0842 -253.0694
v 247.7088 509.0842 -253.0288
v 218.0928 509.0842 -260.9122
v 225.6516 509.0842 -260.9202
v 233.2141 509.0842 -260.9513
v 240.7797 509.0842 -260.9944
v 248.3467 509.0842 -261.0427
v 218.419 509.0842 -268.6872
v 226.0145 509.0842 -268.7557
v 233.6141 509.0842 -268.8479
v 241.2175 509.0842 -268.95
v 248.8245 509.0841 -269.0566
v 270.3069 509.0842 -252.9652
v 271.0591 509.0842 -261.1952
v 271.6716 509.0842 -269.3552
v 272.041 509.0841 -277.5138
v 262.7741 509.0842 -252.9772
v 263.486 509.0842 -261.1537
v 264.05 509.0842 -269.2725
v 264.4023 509.0842 -277.4001
v 255.2412 509.0842 -253.0083
v 255.9153 509.0842 -261.1031
v 256.435 509.0841 -269.1695
v 256.7645 509.0842 -277.271
v 272.2852 509.0842 -302.6209
v 264.6576 509.0843 -302.5185
v 257.0188 509.0843 -302.3972
v 272.3137 509.0843 -294.0822
v 264.6642 509.0843 -293.9587
v 257.0135 509.0843 -293.825
v 272.241 509.0843 -285.7318
v 264.5917 509.0843 -285.6067
v 256.9427 509.0843 -285.4694
v 165.1482 509.0843 -301.4955
v 165.1283 509.0842 -292.9291
v 165.1497 509.0843 -284.6954
v 165.1701 509.0842 -276.7949
v 172.8136 509.0843 -301.5396
v 172.7923 509.0843 -292.9759
v 172.8086 509.0843 -284.7355
v 172.8174 509.0842 -276.8136
v 180.4776 509.0843 -301.5656
v 180.4544 509.0843 -293.0004
v 180.4661 509.0843 -284.7483
v 180.464 509.0842 -276.7986
v 188.1397 509.0843 -301.5856
v 188.1157 509.0843 -293.0092
v 188.1209 509.0843 -284.7362
v 188.1076 509.0842 -276.7506
v 164.8936 509.0842 -255.0943
v 172.4381 509.2335 -254.9104
v 179.9852 509.5323 -254.6777
v 187.5311 509.9244 -254.3935
v 165.0624 509.0842 -261.9944
v 172.6538 509.0842 -261.9048
v 180.2448 509.0842 -261.7654
v 187.8311 509.0842 -261.5711
v 165.1481 509.0841 -269.2276
v 172.7737 509.0842 -269.2049
v 180.3983 509.0842 -269.1408
v 188.0199 509.0842 -269.0343
v 209.421 509.0842 -245.9519
v 210.0797 509.0842 -253.4142
v 210.5369 509.0842 -260.9873
v 210.8303 509.0841 -268.7
v 210.9951 509.0842 -276.5843
v 201.9698 509.0842 -246.3165
v 202.5606 509.0841 -253.6613
v 202.9781 509.0842 -261.1377
v 203.2377 509.0842 -268.7809
v 203.3749 509.0842 -276.6182
v 194.561 510.199 -246.9402
v 195.0278 509.0842 -254.0121
v 195.409 509.0842 -261.3556
v 195.6339 509.0842 -268.9076
v 195.7456 509.0842 -276.6843
v 211.1152 509.0842 -301.6186
v 203.4583 509.0843 -301.5875
v 195.8001 509.0843 -301.5803
v 211.0902 509.0843 -293.0123
v 203.4331 509.0843 -292.9913
v 195.7747 509.0843 -292.9971
v 211.0626 509.0843 -284.6775
v 203.4194 509.0843 -284.677
v 195.7734 509.0843 -284.7067
gi 0 0 0 0
gi 0 0 0 0
gi 0 0 0 0
gi 0 0 0 0
gi 0 0 0 0
gi 0 0 0 0
gi 0 0 0 0
gi 0 0 0 0
gi 0 0 0 0
gi 0 0 0 0
gi 0 0 0 0
gi 0 0 0 0
gi 0 0 0 0
gi 0 0 0 0
gi 0 0 0 0
gi 0 0 0 0
gi 0 0 0 0
gi 0 0 0 0
gi 0 0 0 0
gi 0 0 0 0
gi 0 0 0 0
gi 0 0 0 0
gi 0 0 0 0
gi 0 0 0 0
gi 0 0 0 0
gi 0 0 0 0
gi 0 0 0 0
gi 0 0 0 0
gi 0 0 0 0
gi 0 0 0 0
gi 0 0 0 0
gi 0 0 0 0
gi 0 0 0 0
gi 0 0 0 0
gi 0 0 0 0
gi 0 0 0 0
gi 0 0 0 0
gi 0 0 0 0
gi 0 0 0 0
gi 0 0 0 0
gi 0 0 0 0
gi 0 0 0 0
gi 0 0 0 0
gi 0 0 0 0
gi 0 0 0 0
gi 0 0 0 0
gi 0 0 0 0
gi 0 0 0 0
gi 0 0 0 0
gi 0 0 0 0
gi 0 0 0 0
gi 0 0 0 0
gi 0 0 0 0
gi 0 0 0 0
gi 0 0 0 0
gi 0 0 0 0
gi 0 0 0 0
gi 0 0 0 0
gi 0 0 0 0
gi 0 0 0 0
gi 0 0 0 0
gi 0 0 0 0
gi 0 0 0 0
gi 0 0 0 0
gi 0 0 0 0
gi 0 0 0 0
gi 0 0 0 0
gi 0 0 0 0
gi 0 0 0 0
gi 0 0 0 0
gi 0 0 0 0
gi 0 0 0 0
gi 0 0 0 0
gi 0 0 0 0
gi 0 0 0 0
gi 0 0 0 0
gi 0 0 0 0
gi 0 0 0 0
gi 0 0 0 0
gi 0 0 0 0
gi 0 0 0 0
gi 0 0 0 0
gi 0 0 0 0
gi 0 0 0 0
gi 0 0 0 0
gi 0 0 0 0
gi 0 0 0 0
gi 0 0 0 0
gi 0 0 0 0
gi 0 0 0 0
gi 0 0 0 0
gi 0 0 0 0
gi 0 0 0 0
gi 0 0 0 0
gi 0 0 0 0
gi 0 0 0 0
gi 0 0 0 0
gi 0 0 0 0
gi 0 0 0 0
gi 0 0 0 0
gi 0 0 0 0
gi 0 0 0 0
gi 0 0 0 0
gi 0 0 0 0
gi 0 0 0 0
gi 0 0 0 0
gi 0 0 0 0
gi 0 0 0 0
gi 0 0 0 0
gi 0 0 0 0
gi 0 0 0 0
gi 0 0 0 0
gi 0 0 0 0
gi 0 0 0 0
gi 0 0 0 0
gi 0 0 0 0
gi 0 0 0 0
gi 0 0 0 0
gi 0 0 0 0
gi 0 0 0 0
gi 0 0 0 0
gi 0 0 0 0
gi 0 0 0 0
gi 0 0 0 0
gi 0 0 0 0
gi 0 0 0 0
gi 0 0 0 0
gi 0 0 0 0
gi 0 0 0 0
gi 0 0 0 0
gi 0 0 0 0
gi 0 0 0 0
gi 0 0 0 0
gi 0 0 0 0
gi 0 0 0 0
gi 0 0 0 0
gi 0 0 0 0
gi 0 0 0 0
gi 0 0 0 0
gi 0 0 0 0
gi 0 0 0 0
gi 0 0 0 0
gi 0 0 0 0
gi 0 0 0 0
gi 0 0 0 0
gi 0 0 0 0
gi 0 0 0 0
gi 0 0 0 0
gi 0 0 0 0
gi 0 0 0 0
gi 0 0 0 0
gi 0 0 0 0
gi 0 0 0 0
gi 0 0 0 0
gi 0 0 0 0
gi 0 0 0 0
gi 0 0 0 0
gi 0 0 0 0
gi 0 0 0 0
gi 0 0 0 0
gi 0 0 0 0
gi 0 0 0 0
gi 0 0 0 0
gi 0 0 0 0
gi 0 0 0 0
gi 0 0 0 0
gi 0 0 0 0
gi 0 0 0 0
gi 0 0 0 0
gi 0 0 0 0
gi 0 0 0 0
gi 0 0 0 0
gi 0 0 0 0
gi 0 0 0 0
gi 0 0 0 0
gi 0 0 0 0
gi 0 0 0 0
gi 0 0 0 0
gi 0 0 0 0
gi 0 0 0 0
gi 0 0 0 0
gi 0 0 0 0
gi 0 0 0 0
gi 0 0 0 0
gi 0 0 0 0
gi 0 0 0 0
gi 0 0 0 0
gi 0 0 0 0
gi 0 0 0 0
gi 0 0 0 0
gi 0 0 0 0
gi 0 0 0 0
gi 0 0 0 0
gi 0 0 0 0
gi 0 0 0 0
gi 0 0 0 0
gi 0 0 0 0
gi 0 0 0 0
gi 0 0 0 0
gi 0 0 0 0
gi 0 0 0 0
gi 0 0 0 0
gi 0 0 0 0
gi 0 0 0 0
gi 0 0 0 0
gi 0 0 0 0
gi 0 0 0 0
gi 0 0 0 0
gi 0 0 0 0
gi 0 0 0 0
gi 0 0 0 0
gi 0 0 0 0
gi 0 0 0 0
gi 0 0 0 0
gi 0 0 0 0
gi 0 0 0 0
gi 0 0 0 0
gi 0 0 0 0
gi 0 0 0 0
gi 0 0 0 0
gi 0 0 0 0
gi 0 0 0 0
gi 0 0 0 0
gi 0 0 0 0
gi 0 0 0 0
gi 0 0 0 0
gi 0 0 0 0
gi 0 0 0 0
gi 0 0 0 0
gi 0 0 0 0
gi 0 0 0 0
gi 0 0 0 0
gi 0 0 0 0
gi 0 0 0 0
gi 0 0 0 0
gi 0 0 0 0
gi 0 0 0 0
gi 0 0 0 0
gi 0 0 0 0
gi 0 0 0 0
gi 0 0 0 0
gi 0 0 0 0
gi 0 0 0 0
gi 0 0 0 0
gi 0 0 0 0
gi 0 0 0 0
gi 0 0 0 0
gi 0 0 0 0
gi 0 0 0 0
gi 0 0 0 0
gi 0 0 0 0
gi 0 0 0 0
gi 0 0 0 0
gi 0 0 0 0
gi 0 0 0 0
gi 0 0 0 0
gi 0 0 0 0
gi 0 0 0 0
gi 0 0 0 0
gi 0 0 0 0
gi 0 0 0 0
gi 0 0 0 0
gi 0 0 0 0
gi 0 0 0 0
gi 0 0 0 0
gi 0 0 0 0
gi 0 0 0 0
gi 0 0 0 0
gi 0 0 0 0
gi 0 0 0 0
gi 0 0 0 0
gi 0 0 0 0
gi 0 0 0 0
gi 0 0 0 0
gi 0 0 0 0
gi 0 0 0 0
gi 0 0 0 0
gi 0 0 0 0
gi 0 0 0 0
gi 0 0 0 0
gi 0 0 0 0
gi 0 0 0 0
gi 0 0 0 0
gi 0 0 0 0
gi 0 0 0 0
gi 0 0 0 0
gi 0 0 0 0
gi 0 0 0 0
gi 0 0 0 0
gi 0 0 0 0
gi 0 0 0 0
gi 0 0 0 0
gi 0 0 0 0
gi 0 0 0 0
gi 0 0 0 0
gi 0 0 0 0
gi 0 0 0 0
gi 0 0 0 0
gi 0 0 0 0
gi 0 0 0 0
gi 0 0 0 0
gi 0 0 0 0
gi 0 0 0 0
gi 0 0 0 0
gi 0 0 0 0
gi 0 0 0 0
gi 0 0 0 0
gi 0 0 0 0
gi 0 0 0 0
gi 0 0 0 0
gi 0 0 0 0
gi 0 0 0 0
gi 0 0 0 0
gi 0 0 0 0
gi 0 0 0 0
gi 0 0 0 0
gi 0 0 0 0
gi 0 0 0 0
gi 0 0 0 0
gi 0 0 0 0
gi 0 0 0 0
gi 0 0 0 0
gi 0 0 0 0
gi 0 0 0 0
gi 0 0 0 0
gi 0 0 0 0
gi 0 0 0 0
gi 0 0 0 0
gi 0 0 0 0
gi 0 0 0 0
gi 0 0 0 0
gi 0 0 0 0
gi 0 0 0 0
gi 0 0 0 0
gi 0 0 0 0
gi 0 0 0 0
gi 0 0 0 0
gi 0 0 0 0
gi 0 0 0 0
gi 0 0 0 0
gi 0 0 0 0
gi 0 0 0 0
gi 0 0 0 0
gi 0 0 0 0
gi 0 0 0 0
gi 0 0 0 0
gi 0 0 0 0
gi 0 0 0 0
gi 0 0 0 0
gi 0 0 0 0
gi 0 0 0 0
gi 0 0 0 0
gi 0 0 0 0
gi 0 0 0 0
gi 0 0 0 0
gi 0 0 0 0
gi 0 0 0 0
gi 0 0 0 0
gi 0 0 0 0
gi 0 0 0 0
gi 0 0 0 0
gi 0 0 0 0
gi 0 0 0 0
gi 0 0 0 0
gi 0 0 0 0
gi 0 0 0 0
gi 0 0 0 0
gi 0 0 0 0
gi 0 0 0 0
gi 0 0 0 0
gi 0 0 0 0
gi 0 0 0 0
gi 0 0 0 0
gi 0 0 0 0
gi 0 0 0 0
gi 0 0 0 0
gi 0 0 0 0
gi 0 0 0 0
gi 0 0 0 0
gi 0 0 0 0
gi 0 0 0 0
gi 0 0 0 0
gi 0 0 0 0
gi 0 0 0 0
gi 0 0 0 0
gi 0 0 0 0
gi 0 0 0 0
gi 0 0 0 0
gi 0 0 0 0
gi 0 0 0 0
gi 0 0 0 0
gi 0 0 0 0
gi 0 0 0 0
gi 0 0 0 0
gi 0 0 0 0
gi 0 0 0 0
gi 0 0 0 0
gi 0 0 0 0
gi 0 0 0 0
gi 0 0 0 0
gi 0 0 0 0
gi 0 0 0 0
gi 0 0 0 0
gi 0 0 0 0
gi 0 0 0 0
gi 0 0 0 0
gi 0 0 0 0
gi 0 0 0 0
gi 0 0 0 0
gi 0 0 0 0
gi 0 0 0 0
gi 0 0 0 0
gi 0 0 0 0
gi 0 0 0 0
gi 0 0 0 0
gi 0 0 0 0
gi 0 0 0 0
gi 0 0 0 0
gi 0 0 0 0
gi 0 0 0 0
gi 0 0 0 0
gi 0 0 0 0
gi 0 0 0 0
gi 0 0 0 0
gi 0 0 0 0
gi 0 0 0 0
gi 0 0 0 0
gi 0 0 0 0
gi 0 0 0 0
gi 0 0 0 0
gi 0 0 0 0
gi 0 0 0 0
gi 0 0 0 0
gi 0 0 0 0
gi 0 0 0 0
gi 0 0 0 0
gi 0 0 0 0
gi 0 0 0 0
gi 0 0 0 0
gi 0 0 0 0
gi 0 0 0 0
gi 0 0 0 0
gi 0 0 0 0
gi 0 0 0 0
gi 0 0 0 0
gi 0 0 0 0
gi 0 0 0 0
gi 0 0 0 0
gi 0 0 0 0
gi 0 0 0 0
gi 0 0 0 0
gi 0 0 0 0
gi 0 0 0 0
gi 0 0 0 0
gi 0 0 0 0
gi 0 0 0 0
gi 0 0 0 0
gi 0 0 0 0
gi 0 0 0 0
gi 0 0 0 0
gi 0 0 0 0
gi 0 0 0 0
gi 0 0 0 0
gi 0 0 0 0
gi 0 0 0 0
gi 0 0 0 0
gi 0 0 0 0
gi 0 0 0 0
gi 0 0 0 0
gi 0 0 0 0
gi 0 0 0 0
gi 0 0 0 0
gi 0 0 0 0
gi 0 0 0 0
gi 0 0 0 0
gi 0 0 0 0
gi 0 0 0 0
gi 0 0 0 0
gi 0 0 0 0
gi 0 0 0 0
gi 0 0 0 0
gi 0 0 0 0
gi 0 0 0 0
gi 0 0 0 0
gi 0 0 0 0
gi 0 0 0 0
gi 0 0 0 0
gi 0 0 0 0
gi 0 0 0 0
gi 0 0 0 0
gi 0 0 0 0
gi 0 0 0 0
gi 0 0 0 0
gi 0 0 0 0
gi 0 0 0 0
gi 0 0 0 0
gi 0 0 0 0
gi 0 0 0 0
gi 0 0 0 0
gi 0 0 0 0
gi 0 0 0 0
gi 0 0 0 0
gi 0 0 0 0
gi 0 0 0 0
gi 0 0 0 0
gi 0 0 0 0
gi 0 0 0 0
gi 0 0 0 0
gi 0 0 0 0
gi 0 0 0 0
gi 0 0 0 0
gi 0 0 0 0
gi 0 0 0 0
gi 0 0 0 0
gi 0 0 0 0
gi 0 0 0 0
gi 0 0 0 0
gi 0 0 0 0
gi 0 0 0 0
gi 0 0 0 0
gi 0 0 0 0
gi 0 0 0 0
gi 0 0 0 0
gi 0 0 0 0
gi 0 0 0 0
gi 0 0 0 0
gi 0 0 0 0
gi 0 0 0 0
gi 0 0 0 0
gi 0 0 0 0
gi 0 0 0 0
gi 0 0 0 0
gi 0 0 0 0
gi 0 0 0 0
gi 0 0 0 0
gi 0 0 0 0
gi 0 0 0 0
gi 0 0 0 0
gi 0 0 0 0
gi 0 0 0 0
gi 0 0 0 0
gi 0 0 0 0
gi 0 0 0 0
gi 0 0 0 0
gi 0 0 0 0
gi 0 0 0 0
gi 0 0 0 0
gi 0 0 0 0
gi 0 0 0 0
gi 0 0 0 0
gi 0 0 0 0
gi 0 0 0 0
gi 0 0 0 0
gi 0 0 0 0
gi 0 0 0 0
gi 0 0 0 0
gi 0 0 0 0
gi 0 0 0 0
gi 0 0 0 0
gi 0 0 0 0
gi 0 0 0 0
gi 0 0 0 0
gi 0 0 0 0
gi 0 0 0 0
gi 0 0 0 0
gi 0 0 0 0
gi 0 0 0 0
gi 0 0 0 0
gi 0 0 0 0
gi 0 0 0 0
gi 0 0 0 0
gi 0 0 0 0
gi 0 0 0 0
gi 0 0 0 0
gi 0 0 0 0
gi 0 0 0 0
gi 0 0 0 0
gi 0 0 0 0
gi 0 0 0 0
gi 0 0 0 0
gi 0 0 0 0
gi 0 0 0 0
gi 0 0 0 0
gi 0 0 0 0
gi 0 0 0 0
gi 0 0 0 0
gi 0 0 0 0
gi 0 0 0 0
gi 0 0 0 0
gi 0 0 0 0
gi 0 0 0 0
gi 0 0 0 0
gi 0 0 0 0
gi 0 0 0 0
gi 0 0 0 0
gi 0 0 0 0
gi 0 0 0 0
gi 0 0 0 0
gi 0 0 0 0
gi 0 0 0 0
gi 0 0 0 0
gi 0 0 0 0
gi 0 0 0 0
gi 0 0 0 0
gi 0 0 0 0
gi 0 0 0 0
gi 0 0 0 0
gi 0 0 0 0
gi 0 0 0 0
gi 0 0 0 0
gi 0 0 0 0
gi 0 0 0 0
gi 0 0 0 0
gi 0 0 0 0
gi 0 0 0 0
gi 0 0 0 0
gi 0 0 0 0
gi 0 0 0 0
gi 0 0 0 0
gi 0 0 0 0
gi 0 0 0 0
gi 0 0 0 0
gi 0 0 0 0
gi 0 0 0 0
gi 0 0 0 0
gi 0 0 0 0
gi 0 0 0 0
gi 0 0 0 0
gi 0 0 0 0
gi 0 0 0 0
gi 0 0 0 0
gi 0 0 0 0
gi 0 0 0 0
gi 0 0 0 0
gi 0 0 0 0
gi 0 0 0 0
gi 0 0 0 0
gi 0 0 0 0
gi 0 0 0 0
gi 0 0 0 0
gi 0 0 0 0
gi 0 0 0 0
gi 0 0 0 0
gi 0 0 0 0
gi 0 0 0 0
gi 0 0 0 0
gi 0 0 0 0
gi 0 0 0 0
gi 0 0 0 0
gi 0 0 0 0
gi 0 0 0 0
gi 0 0 0 0
gi 0 0 0 0
gi 0 0 0 0
gi 0 0 0 0
gi 0 0 0 0
gi 0 0 0 0
gi 0 0 0 0
gi 0 0 0 0
gi 0 0 0 0
gi 0 0 0 0
gi 0 0 0 0
gi 0 0 0 0
gi 0 0 0 0
gi 0 0 0 0
gi 0 0 0 0
gi 0 0 0 0
gi 0 0 0 0
gi 0 0 0 0
gi 0 0 0 0
gi 0 0 0 0
gi 0 0 0 0
gi 0 0 0 0
gi 0 0 0 0
gi 0 0 0 0
gi 0 0 0 0
gi 0 0 0 0
gi 0 0 0 0
gi 0 0 0 0
gi 0 0 0 0
gi 0 0 0 0
gi 0 0 0 0
gi 0 0 0 0
gi 0 0 0 0
gi 0 0 0 0
gi 0 0 0 0
gi 0 0 0 0
gi 0 0 0 0
gi 0 0 0 0
gi 0 0 0 0
gi 0 0 0 0
gi 0 0 0 0
gi 0 0 0 0
gi 0 0 0 0
gi 0 0 0 0
gi 0 0 0 0
gi 0 0 0 0
gi 0 0 0 0
gi 0 0 0 0
gi 0 0 0 0
gi 0 0 0 0
gi 0 0 0 0
gi 0 0 0 0
gi 0 0 0 0
gi 0 0 0 0
gi 0 0 0 0
gi 0 0 0 0
gi 0 0 0 0
gi 0 0 0 0
gi 0 0 0 0
gi 0 0 0 0
gi 0 0 0 0
gi 0 0 0 0
gi 0 0 0 0
gi 0 0 0 0
gi 0 0 0 0
gi 0 0 0 0
gi 0 0 0 0
gi 0 0 0 0
gi 0 0 0 0
gi 0 0 0 0
gi 0 0 0 0
gi 0 0 0 0
gi 0 0 0 0
gi 0 0 0 0
gi 0 0 0 0
gi 0 0 0 0
gi 0 0 0 0
gi 0 0 0 0
gi 0 0 0 0
gi 0 0 0 0
gi 0 0 0 0
gi 0 0 0 0
gi 0 0 0 0
gi 0 0 0 0
gi 0 0 0 0
gi 0 0 0 0
gi 0 0 0 0
gi 0 0 0 0
gi 0 0 0 0
gi 0 0 0 0
gi 0 0 0 0
gi 0 0 0 0
gi 0 0 0 0
gi 0 0 0 0
gi 0 0 0 0
gi 0 0 0 0
gi 0 0 0 0
gi 0 0 0 0
gi 0 0 0 0
gi 0 0 0 0
gi 0 0 0 0
gi 0 0 0 0
gi 0 0 0 0
gi 0 0 0 0
gi 0 0 0 0
gi 0 0 0 0
gi 0 0 0 0
gi 0 0 0 0
gi 0 0 0 0
gi 0 0 0 0
gi 0 0 0 0
gi 0 0 0 0
gi 0 0 0 0
gi 0 0 0 0
gi 0 0 0 0
gi 0 0 0 0
gi 0 0 0 0
gi 0 0 0 0
gi 0 0 0 0
gi 0 0 0 0
gi 0 0 0 0
gi 0 0 0 0
gi 0 0 0 0
gi 0 0 0 0
gi 0 0 0 0
gi 0 0 0 0
gi 0 0 0 0
gi 0 0 0 0
gi 0 0 0 0
gi 0 0 0 0
gi 0 0 0 0
gi 0 0 0 0
gi 0 0 0 0
gi 0 0 0 0
gi 0 0 0 0
gi 0 0 0 0
gi 0 0 0 0
gi 0 0 0 0
gi 0 0 0 0
gi 0 0 0 0
gi 0 0 0 0
gi 0 0 0 0
gi 0 0 0 0
gi 0 0 0 0
gi 0 0 0 0
gi 0 0 0 0
gi 0 0 0 0
gi 0 0 0 0
gi 0 0 0 0
gi 0 0 0 0
gi 0 0 0 0
gi 0 0 0 0
gi 0 0 0 0
gi 0 0 0 0
gi 0 0 0 0
gi 0 0 0 0
gi 0 0 0 0
gi 0 0 0 0
gi 0 0 0 0
gi 0 0 0 0
gi 0 0 0 0
gi 0 0 0 0
gi 0 0 0 0
gi 0 0 0 0
gi 0 0 0 0
gi 0 0 0 0
gi 0 0 0 0
gi 0 0 0 0
gi 0 0 0 0
gi 0 0 0 0
gi 0 0 0 0
gi 0 0 0 0
gi 0 0 0 0
gi 0 0 0 0
gi 0 0 0 0
gi 0 0 0 0
gi 0 0 0 0
gi 0 0 0 0
gi 0 0 0 0
gi 0 0 0 0
gi 0 0 0 0
gi 0 0 0 0
gi 0 0 0 0
gi 0 0 0 0
gi 0 0 0 0
gi 0 0 0 0
gi 0 0 0 0
gi 0 0 0 0
gi 0 0 0 0
gi 0 0 0 0
gi 0 0 0 0
gi 0 0 0 0
gi 0 0 0 0
gi 0 0 0 0
gi 0 0 0 0
gi 0 0 0 0
gi 0 0 0 0
gi 0 0 0 0
gi 0 0 0 0
gi 0 0 0 0
gi 0 0 0 0
gi 0 0 0 0
gi 0 0 0 0
gi 0 0 0 0
gi 0 0 0 0
gi 0 0 0 0
gi 0 0 0 0
gi 0 0 0 0
gi 0 0 0 0
gi 0 0 0 0
gi 0 0 0 0
gi 0 0 0 0
gi 0 0 0 0
gi 0 0 0 0
gi 0 0 0 0
gi 0 0 0 0
gi 0 0 0 0
gi 0 0 0 0
gi 0 0 0 0
gi 0 0 0 0
gi 0 0 0 0
gi 0 0 0 0
gi 0 0 0 0
gi 0 0 0 0
gi 0 0 0 0
gi 0 0 0 0
gi 0 0 0 0
gi 0 0 0 0
gi 0 0 0 0
gi 0 0 0 0
gi 0 0 0 0
gi 0 0 0 0
gi 0 0 0 0
gi 0 0 0 0
gi 0 0 0 0
gi 0 0 0 0
gi 0 0 0 0
gi 0 0 0 0
gi 0 0 0 0
gi 0 0 0 0
gi 0 0 0 0
gi 0 0 0 0
gi 0 0 0 0
gi 0 0 0 0
gi 0 0 0 0
gi 0 0 0 0
gi 0 0 0 0
gi 0 0 0 0
gi 0 0 0 0
gi 0 0 0 0
gi 0 0 0 0
gi 0 0 0 0
gi 0 0 0 0
gi 0 0 0 0
gi 0 0 0 0
gi 0 0 0 0
gi 0 0 0 0
gi 0 0 0 0
gi 0 0 0 0
gi 0 0 0 0
gi 0 0 0 0
gi 0 0 0 0
gi 0 0 0 0
gi 0 0 0 0
gi 0 0 0 0
gi 0 0 0 0
gi 0 0 0 0
gi 0 0 0 0
gi 0 0 0 0
gi 0 0 0 0
gi 0 0 0 0
gi 0 0 0 0
gi 0 0 0 0
gi 0 0 0 0
gi 0 0 0 0
gi 0 0 0 0
gi 0 0 0 0
gi 0 0 0 0
gi 0 0 0 0
gi 0 0 0 0
gi 0 0 0 0
gi 0 0 0 0
gi 0 0 0 0
gi 0 0 0 0
gi 0 0 0 0
gi 0 0 0 0
gi 0 0 0 0
gi 0 0 0 0
gi 0 0 0 0
gi 0 0 0 0
gi 0 0 0 0
gi 0 0 0 0
gi 0 0 0 0
gi 0 0 0 0
gi 0 0 0 0
gi 0 0 0 0
gi 0 0 0 0
gi 0 0 0 0
gi 0 0 0 0
gi 0 0 0 0
gi 0 0 0 0
gi 0 0 0 0
gi 0 0 0 0
gi 0 0 0 0
gi 0 0 0 0
gi 0 0 0 0
gi 0 0 0 0
gi 0 0 0 0
gi 0 0 0 0
gi 0 0 0 0
gi 0 0 0 0
gi 0 0 0 0
gi 0 0 0 0
gi 0 0 0 0
gi 0 0 0 0
gi 0 0 0 0
gi 0 0 0 0
gi 0 0 0 0
gi 0 0 0 0
gi 0 0 0 0
gi 0 0 0 0
gi 0 0 0 0
gi 0 0 0 0
gi 0 0 0 0
gi 0 0 0 0
gi 0 0 0 0
gi 0 0 0 0
gi 0 0 0 0
gi 0 0 0 0
gi 0 0 0 0
gi 0 0 0 0
gi 0 0 0 0
gi 0 0 0 0
gi 0 0 0 0
gi 0 0 0 0
gi 0 0 0 0
gi 0 0 0 0
gi 0 0 0 0
gi 0 0 0 0
gi 0 0 0 0
gi 0 0 0 0
gi 0 0 0 0
gi 0 0 0 0
gi 0 0 0 0
gi 0 0 0 0
gi 0 0 0 0
gi 0 0 0 0
gi 0 0 0 0
gi 0 0 0 0
gi 0 0 0 0
gi 0 0 0 0
gi 0 0 0 0
gi 0 0 0 0
gi 0 0 0 0
gi 0 0 0 0
gi 0 0 0 0
gi 0 0 0 0
gi 0 0 0 0
gi 0 0 0 0
gi 0 0 0 0
gi 0 0 0 0
gi 0 0 0 0
gi 0 0 0 0
gi 0 0 0 0
gi 0 0 0 0
gi 0 0 0 0
gi 0 0 0 0
gi 0 0 0 0
gi 0 0 0 0
gi 0 0 0 0
gi 0 0 0 0
gi 0 0 0 0
gi 0 0 0 0
gi 0 0 0 0
gi 0 0 0 0
gi 0 0 0 0
gi 0 0 0 0
gi 0 0 0 0
gi 0 0 0 0
gi 0 0 0 0
gi 0 0 0 0
gi 0 0 0 0
gi 0 0 0 0
gi 0 0 0 0
gi 0 0 0 0
gi 0 0 0 0
gi 0 0 0 0
gi 0 0 0 0
gi 0 0 0 0
gi 0 0 0 0
gi 0 0 0 0
gi 0 0 0 0
gi 0 0 0 0
gi 0 0 0 0
gi 0 0 0 0
gi 0 0 0 0
gi 0 0 0 0
gi 0 0 0 0
gi 0 0 0 0
gi 0 0 0 0
gi 0 0 0 0
gi 0 0 0 0
gi 0 0 0 0
gi 0 0 0 0
gi 0 0 0 0
gi 0 0 0 0
gi 0 0 0 0
gi 0 0 0 0
gi 0 0 0 0
gi 0 0 0 0
gi 0 0 0 0
gi 0 0 0 0
gi 0 0 0 0
gi 0 0 0 0
gi 0 0 0 0
gi 0 0 0 0
gi 0 0 0 0
gi 0 0 0 0
gi 0 0 0 0
gi 0 0 0 0
gi 0 0 0 0
gi 0 0 0 0
gi 0 0 0 0
gi 0 0 0 0
gi 0 0 0 0
gi 0 0 0 0
gi 0 0 0 0
gi 0 0 0 0
gi 0 0 0 0
gi 0 0 0 0
gi 0 0 0 0
gi 0 0 0 0
gi 0 0 0 0
gi 0 0 0 0
gi 0 0 0 0
gi 0 0 0 0
gi 0 0 0 0
gi 0 0 0 0
gi 0 0 0 0
gi 0 0 0 0
gi 0 0 0 0
gi 0 0 0 0
gi 0 0 0 0
gi 0 0 0 0
gi 0 0 0 0
gi 0 0 0 0
gi 0 0 0 0
gi 0 0 0 0
gi 0 0 0 0
gi 0 0 0 0
gi 0 0 0 0
gi 0 0 0 0
gi 0 0 0 0
gi 0 0 0 0
gi 0 0 0 0
gi 0 0 0 0
gi 0 0 0 0
gi 0 0 0 0
gi 0 0 0 0
gi 0 0 0 0
gi 0 0 0 0
gi 0 0 0 0
gi 0 0 0 0
gi 0 0 0 0
gi 0 0 0 0
gi 0 0 0 0
gi 0 0 0 0
gi 0 0 0 0
gi 0 0 0 0
gi 0 0 0 0
gi 0 0 0 0
gi 0 0 0 0
gi 0 0 0 0
gi 0 0 0 0
gi 0 0 0 0
gi 0 0 0 0
gi 0 0 0 0
gi 0 0 0 0
gi 0 0 0 0
gi 0 0 0 0
gi 0 0 0 0
gi 0 0 0 0
gi 0 0 0 0
gi 0 0 0 0
gi 0 0 0 0
gi 0 0 0 0
gi 0 0 0 0
gi 0 0 0 0
gi 0 0 0 0
gi 0 0 0 0
gi 0 0 0 0
gi 0 0 0 0
gi 0 0 0 0
gi 0 0 0 0
gi 0 0 0 0
gi 0 0 0 0
gi 0 0 0 0
gi 0 0 0 0
gi 0 0 0 0
gi 0 0 0 0
gi 0 0 0 0
gi 0 0 0 0
gi 0 0 0 0
gi 0 0 0 0
gi 0 0 0 0
gi 0 0 0 0
gi 0 0 0 0
gi 0 0 0 0
gi 0 0 0 0
gi 0 0 0 0
gi 0 0 0 0
gi 0 0 0 0
gi 0 0 0 0
gi 0 0 0 0
gi 0 0 0 0
gi 0 0 0 0
gi 0 0 0 0
gi 0 0 0 0
gi 0 0 0 0
gi 0 0 0 0
gi 0 0 0 0
gi 0 0 0 0
gi 0 0 0 0
gi 0 0 0 0
gi 0 0 0 0
gi 0 0 0 0
gi 0 0 0 0
gi 0 0 0 0
gi 0 0 0 0
gi 0 0 0 0
gi 0 0 0 0
gi 0 0 0 0
gi 0 0 0 0
gi 0 0 0 0
gi 0 0 0 0
gi 0 0 0 0
gi 0 0 0 0
gi 0 0 0 0
gi 0 0 0 0
gi 0 0 0 0
gi 0 0 0 0
gi 0 0 0 0
gi 0 0 0 0
gi 0 0 0 0
gi 0 0 0 0
gi 0 0 0 0
gi 0 0 0 0
gi 0 0 0 0
gi 0 0 0 0
gi 0 0 0 0
gi 0 0 0 0
gi 0 0 0 0
gi 0 0 0 0
gi 0 0 0 0
gi 0 0 0 0
gi 0 0 0 0
gi 0 0 0 0
gi 0 0 0 0
gi 0 0 0 0
gi 0 0 0 0
gi 0 0 0 0
gi 0 0 0 0
gi 0 0 0 0
gi 0 0 0 0
gi 0 0 0 0
gi 0 0 0 0
gi 0 0 0 0
gi 0 0 0 0
gi 0 0 0 0
gi 0 0 0 0
gi 0 0 0 0
gi 0 0 0 0
gi 0 0 0 0
gi 0 0 0 0
gi 0 0 0 0
gi 0 0 0 0
gi 0 0 0 0
gi 0 0 0 0
gi 0 0 0 0
gi 0 0 0 0
gi 0 0 0 0
gi 0 0 0 0
gi 0 0 0 0
gi 0 0 0 0
gi 0 0 0 0
gi 0 0 0 0
gi 0 0 0 0
gi 0 0 0 0
gi 0 0 0 0
gi 0 0 0 0
gi 0 0 0 0
gi 0 0 0 0
gi 0 0 0 0
gi 0 0 0 0
gi 0 0 0 0
gi 0 0 0 0
gi 0 0 0 0
gi 0 0 0 0
gi 0 0 0 0
gi 0 0 0 0
gi 0 0 0 0
gi 0 0 0 0
gi 0 0 0 0
gi 0 0 0 0
gi 0 0 0 0
gi 0 0 0 0
gi 0 0 0 0
gi 0 0 0 0
gi 0 0 0 0
gi 0 0 0 0
gi 0 0 0 0
gi 0 0 0 0
gi 0 0 0 0
gi 0 0 0 0
gi 0 0 0 0
gi 0 0 0 0
gi 0 0 0 0
gi 0 0 0 0
gi 0 0 0 0
gi 0 0 0 0
gi 0 0 0 0
gi 0 0 0 0
gi 0 0 0 0
gi 0 0 0 0
gi 0 0 0 0
gi 0 0 0 0
gi 0 0 0 0
gi 0 0 0 0
gi 0 0 0 0
gi 0 0 0 0
gi 0 0 0 0
gi 0 0 0 0
gi 0 0 0 0
gi 0 0 0 0
gi 0 0 0 0
gi 0 0 0 0
gi 0 0 0 0
gi 0 0 0 0
gi 0 0 0 0
gi 0 0 0 0
gi 0 0 0 0
gi 0 0 0 0
gi 0 0 0 0
gi 0 0 0 0
gi 0 0 0 0
gi 0 0 0 0
gi 0 0 0 0
gi 0 0 0 0
gi 0 0 0 0
gi 0 0 0 0
gi 0 0 0 0
gi 0 0 0 0
gi 0 0 0 0
gi 0 0 0 0
gi 0 0 0 0
gi 0 0 0 0
gi 0 0 0 0
gi 0 0 0 0
gi 0 0 0 0
gi 0 0 0 0
gi 0 0 0 0
gi 0 0 0 0
gi 0 0 0 0
gi 0 0 0 0
gi 0 0 0 0
gi 0 0 0 0
gi 0 0 0 0
gi 0 0 0 0
gi 0 0 0 0
gi 0 0 0 0
gi 0 0 0 0
gi 0 0 0 0
gi 0 0 0 0
gi 0 0 0 0
gi 0 0 0 0
gi 0 0 0 0
gi 0 0 0 0
gi 0 0 0 0
gi 0 0 0 0
gi 0 0 0 0
gi 0 0 0 0
gi 0 0 0 0
gi 0 0 0 0
gi 0 0 0 0
gi 0 0 0 0
gi 0 0 0 0
gi 0 0 0 0
gi 0 0 0 0
gi 0 0 0 0
gi 0 0 0 0
gi 0 0 0 0
gi 0 0 0 0
gi 0 0 0 0
gi 0 0 0 0
gi 0 0 0 0
gi 0 0 0 0
gi 0 0 0 0
gi 0 0 0 0
gi 0 0 0 0
gi 0 0 0 0
gi 0 0 0 0
gi 0 0 0 0
gi 0 0 0 0
gi 0 0 0 0
gi 0 0 0 0
gi 0 0 0 0
gi 0 0 0 0
gi 0 0 0 0
gi 0 0 0 0
gi 0 0 0 0
gi 0 0 0 0
gi 0 0 0 0
gi 0 0 0 0
gi 0 0 0 0
gi 0 0 0 0
gi 0 0 0 0
gi 0 0 0 0
gi 0 0 0 0
gi 0 0 0 0
gi 0 0 0 0
gi 0 0 0 0
gi 0 0 0 0
gi 0 0 0 0
gi 0 0 0 0
gi 0 0 0 0
gi 0 0 0 0
gi 0 0 0 0
gi 0 0 0 0
gi 0 0 0 0
gi 0 0 0 0
gi 0 0 0 0
gi 0 0 0 0
gi 0 0 0 0
gi 0 0 0 0
gi 0 0 0 0
gi 0 0 0 0
gi 0 0 0 0
gi 0 0 0 0
gi 0 0 0 0
gi 0 0 0 0
gi 0 0 0 0
gi 0 0 0 0
gi 0 0 0 0
gi 0 0 0 0
gi 0 0 0 0
gi 0 0 0 0
gi 0 0 0 0
gi 0 0 0 0
gi 0 0 0 0
gi 0 0 0 0
gi 0 0 0 0
gi 0 0 0 0
gi 0 0 0 0
gi 0 0 0 0
gi 0 0 0 0
gi 0 0 0 0
gi 0 0 0 0
gi 0 0 0 0
gi 0 0 0 0
gi 0 0 0 0
gi 0 0 0 0
gi 0 0 0 0
gi 0 0 0 0
gi 0 0 0 0
gi 0 0 0 0
gi 0 0 0 0
gi 0 0 0 0
gi 0 0 0 0
gi 0 0 0 0
gi 0 0 0 0
gi 0 0 0 0
gi 0 0 0 0
gi 0 0 0 0
gi 0 0 0 0
gi 0 0 0 0
gi 0 0 0 0
gi 0 0 0 0
gi 0 0 0 0
gi 0 0 0 0
gi 0 0 0 0
gi 0 0 0 0
gi 0 0 0 0
gi 0 0 0 0
gi 0 0 0 0
gi 0 0 0 0
gi 0 0 0 0
gi 0 0 0 0
gi 0 0 0 0
gi 0 0 0 0
gi 0 0 0 0
gi 0 0 0 0
gi 0 0 0 0
gi 0 0 0 0
gi 0 0 0 0
gi 0 0 0 0
gi 0 0 0 0
gi 0 0 0 0
gi 0 0 0 0
gi 0 0 0 0
gi 0 0 0 0
gi 0 0 0 0
gi 0 0 0 0
gi 0 0 0 0
gi 0 0 0 0
gi 0 0 0 0
gi 0 0 0 0
gi 0 0 0 0
gi 0 0 0 0
gi 0 0 0 0
gi 0 0 0 0
gi 0 0 0 0
gi 0 0 0 0
gi 0 0 0 0
gi 0 0 0 0
gi 0 0 0 0
gi 0 0 0 0
gi 0 0 0 0
gi 0 0 0 0
gi 0 0 0 0
gi 0 0 0 0
gi 0 0 0 0
gi 0 0 0 0
gi 0 0 0 0
gi 0 0 0 0
gi 0 0 0 0
gi 0 0 0 0
gi 0 0 0 0
gi 0 0 0 0
gi 0 0 0 0
gi 0 0 0 0
gi 0 0 0 0
gi 0 0 0 0
gi 0 0 0 0
gi 0 0 0 0
gi 0 0 0 0
gi 0 0 0 0
gi 0 0 0 0
gi 0 0 0 0
gi 0 0 0 0
gi 0 0 0 0
gi 0 0 0 0
gi 0 0 0 0
gi 0 0 0 0
gi 0 0 0 0
gi 0 0 0 0
gi 0 0 0 0
gi 0 0 0 0
gi 0 0 0 0
gi 0 0 0 0
gi 0 0 0 0
gi 0 0 0 0
gi 0 0 0 0
gi 0 0 0 0
gi 0 0 0 0
gi 0 0 0 0
gi 0 0 0 0
gi 0 0 0 0
gi 0 0 0 0
gi 0 0 0 0
gi 0 0 0 0
gi 0 0 0 0
gi 0 0 0 0
gi 0 0 0 0
gi 0 0 0 0
gi 0 0 0 0
gi 0 0 0 0
gi 0 0 0 0
gi 0 0 0 0
gi 0 0 0 0
gi 0 0 0 0
gi 0 0 0 0
gi 0 0 0 0
gi 0 0 0 0
gi 0 0 0 0
gi 0 0 0 0
gi 0 0 0 0
gi 0 0 0 0
gi 0 0 0 0
gi 0 0 0 0
gi 0 0 0 0
gi 0 0 0 0
gi 0 0 0 0
gi 0 0 0 0
gi 0 0 0 0
gi 0 0 0 0
gi 0 0 0 0
gi 0 0 0 0
gi 0 0 0 0
gi 0 0 0 0
gi 0 0 0 0
gi 0 0 0 0
gi 0 0 0 0
gi 0 0 0 0
gi 0 0 0 0
gi 0 0 0 0
gi 0 0 0 0
gi 0 0 0 0
gi 0 0 0 0
gi 0 0 0 0
gi 0 0 0 0
gi 0 0 0 0
gi 0 0 0 0
gi 0 0 0 0
gi 0 0 0 0
gi 0 0 0 0
gi 0 0 0 0
gi 0 0 0 0
gi 0 0 0 0
gi 0 0 0 0
gi 0 0 0 0
gi 0 0 0 0
gi 0 0 0 0
gi 0 0 0 0
gi 0 0 0 0
gi 0 0 0 0
gi 0 0 0 0
gi 0 0 0 0
gi 0 0 0 0
gi 0 0 0 0
gi 0 0 0 0
gi 0 0 0 0
gi 0 0 0 0
gi 0 0 0 0
gi 0 0 0 0
gi 0 0 0 0
gi 0 0 0 0
gi 0 0 0 0
gi 0 0 0 0
gi 0 0 0 0
gi 0 0 0 0
gi 0 0 0 0
gi 0 0 0 0
gi 0 0 0 0
gi 0 0 0 0
gi 0 0 0 0
gi 0 0 0 0
gi 0 0 0 0
gi 0 0 0 0
gi 0 0 0 0
gi 0 0 0 0
gi 0 0 0 0
gi 0 0 0 0
gi 0 0 0 0
gi 0 0 0 0
gi 0 0 0 0
gi 0 0 0 0
gi 0 0 0 0
gi 0 0 0 0
gi 0 0 0 0
gi 0 0 0 0
gi 0 0 0 0
gi 0 0 0 0
gi 0 0 0 0
gi 0 0 0 0
gi 0 0 0 0
gi 0 0 0 0
gi 0 0 0 0
gi 0 0 0 0
gi 0 0 0 0
gi 0 0 0 0
gi 0 0 0 0
gi 0 0 0 0
gi 0 0 0 0
gi 0 0 0 0
gi 0 0 0 0
gi 0 0 0 0
gi 0 0 0 0
gi 0 0 0 0
gi 0 0 0 0
gi 0 0 0 0
gi 0 0 0 0
gi 0 0 0 0
gi 0 0 0 0
gi 0 0 0 0
gi 0 0 0 0
gi 0 0 0 0
gi 0 0 0 0
gi 0 0 0 0
gi 0 0 0 0
gi 0 0 0 0
gi 0 0 0 0
gi 0 0 0 0
gi 0 0 0 0
gi 0 0 0 0
gi 0 0 0 0
gi 0 0 0 0
gi 0 0 0 0
gi 0 0 0 0
gi 0 0 0 0
gi 0 0 0 0
gi 0 0 0 0
gi 0 0 0 0
gi 0 0 0 0
gi 0 0 0 0
gi 0 0 0 0
gi 0 0 0 0
gi 0 0 0 0
gi 0 0 0 0
gi 0 0 0 0
gi 0 0 0 0
gi 0 0 0 0
gi 0 0 0 0
gi 0 0 0 0
gi 0 0 0 0
gi 0 0 0 0
gi 0 0 0 0
gi 0 0 0 0
gi 0 0 0 0
gi 0 0 0 0
gi 0 0 0 0
gi 0 0 0 0
gi 0 0 0 0
gi 0 0 0 0
gi 0 0 0 0
gi 0 0 0 0
gi 0 0 0 0
gi 0 0 0 0
gi 0 0 0 0
gi 0 0 0 0
gi 0 0 0 0
gi 0 0 0 0
gi 0 0 0 0
gi 0 0 0 0
gi 0 0 0 0
gi 0 0 0 0
gi 0 0 0 0
gi 0 0 0 0
gi 0 0 0 0
gi 0 0 0 0
gi 0 0 0 0
gi 0 0 0 0
gi 0 0 0 0
gi 0 0 0 0
gi 0 0 0 0
gi 0 0 0 0
gi 0 0 0 0
gi 0 0 0 0
gi 0 0 0 0
gi 0 0 0 0
gi 0 0 0 0
gi 0 0 0 0
gi 0 0 0 0
gi 0 0 0 0
gi 0 0 0 0
gi 0 0 0 0
gi 0 0 0 0
gi 0 0 0 0
gi 0 0 0 0
gi 0 0 0 0
gi 0 0 0 0
gi 0 0 0 0
gi 0 0 0 0
gi 0 0 0 0
gi 0 0 0 0
gi 0 0 0 0
gi 0 0 0 0
gi 0 0 0 0
gi 0 0 0 0
gi 0 0 0 0
gi 0 0 0 0
gi 0 0 0 0
gi 0 0 0 0
gi 0 0 0 0
gi 0 0 0 0
gi 0 0 0 0
gi 0 0 0 0
gi 0 0 0 0
gi 0 0 0 0
gi 0 0 0 0
gi 0 0 0 0
gi 0 0 0 0
gi 0 0 0 0
gi 0 0 0 0
gi 0 0 0 0
gi 0 0 0 0
gi 0 0 0 0
gi 0 0 0 0
gi 0 0 0 0
gi 0 0 0 0
gi 0 0 0 0
gi 0 0 0 0
gi 0 0 0 0
gi 0 0 0 0
gi 0 0 0 0
gi 0 0 0 0
gi 0 0 0 0
gi 0 0 0 0
gi 0 0 0 0
gi 0 0 0 0
gi 0 0 0 0
gi 0 0 0 0
gi 0 0 0 0
gi 0 0 0 0
gi 0 0 0 0
gi 0 0 0 0
gi 0 0 0 0
gi 0 0 0 0
gi 0 0 0 0
gi 0 0 0 0
gi 0 0 0 0
gi 0 0 0 0
gi 0 0 0 0
gi 0 0 0 0
gi 0 0 0 0
gi 0 0 0 0
gi 0 0 0 0
gi 0 0 0 0
gi 0 0 0 0
gi 0 0 0 0
gi 0 0 0 0
gi 0 0 0 0
gi 0 0 0 0
gi 0 0 0 0
gi 0 0 0 0
gi 0 0 0 0
gi 0 0 0 0
gi 0 0 0 0
gi 0 0 0 0
gi 0 0 0 0
gi 0 0 0 0
gi 0 0 0 0
gi 0 0 0 0
gi 0 0 0 0
gi 0 0 0 0
gi 0 0 0 0
gi 0 0 0 0
gi 0 0 0 0
gi 0 0 0 0
gi 0 0 0 0
gi 0 0 0 0
gi 0 0 0 0
gi 0 0 0 0
gi 0 0 0 0
gi 0 0 0 0
gi 0 0 0 0
gi 0 0 0 0
gi 0 0 0 0
gi 0 0 0 0
gi 0 0 0 0
gi 0 0 0 0
gi 0 0 0 0
gi 0 0 0 0
gi 0 0 0 0
gi 0 0 0 0
gi 0 0 0 0
gi 0 0 0 0
gi 0 0 0 0
gi 0 0 0 0
gi 0 0 0 0
gi 0 0 0 0
gi 0 0 0 0
gi 0 0 0 0
gi 0 0 0 0
gi 0 0 0 0
gi 0 0 0 0
gi 0 0 0 0
gi 0 0 0 0
gi 0 0 0 0
gi 0 0 0 0
gi 0 0 0 0
gi 0 0 0 0
gi 0 0 0 0
gi 0 0 0 0
gi 0 0 0 0
gi 0 0 0 0
gi 0 0 0 0
gi 0 0 0 0
gi 0 0 0 0
gi 0 0 0 0
gi 0 0 0 0
gi 0 0 0 0
gi 0 0 0 0
gi 0 0 0 0
gi 0 0 0 0
gi 0 0 0 0
gi 0 0 0 0
gi 0 0 0 0
gi 0 0 0 0
gi 0 0 0 0
gi 0 0 0 0
gi 0 0 0 0
gi 0 0 0 0
gi 0 0 0 0
gi 0 0 0 0
gi 0 0 0 0
gi 0 0 0 0
gi 0 0 0 0
gi 0 0 0 0
gi 0 0 0 0
gi 0 0 0 0
gi 0 0 0 0
gi 0 0 0 0
gi 0 0 0 0
gi 0 0 0 0
gi 0 0 0 0
gi 0 0 0 0
gi 0 0 0 0
gi 0 0 0 0
gi 0 0 0 0
gi 0 0 0 0
gi 0 0 0 0
gi 0 0 0 0
gi 0 0 0 0
gi 0 0 0 0
gi 0 0 0 0
gi 0 0 0 0
gi 0 0 0 0
gi 0 0 0 0
gi 0 0 0 0
gi 0 0 0 0
gi 0 0 0 0
gi 0 0 0 0
gi 0 0 0 0
gi 0 0 0 0
gi 0 0 0 0
gi 0 0 0 0
gi 0 0 0 0
gi 0 0 0 0
gi 0 0 0 0
gi 0 0 0 0
gi 0 0 0 0
gi 0 0 0 0
gi 0 0 0 0
gi 0 0 0 0
gi 0 0 0 0
gi 0 0 0 0
gi 0 0 0 0
gi 0 0 0 0
gi 0 0 0 0
gi 0 0 0 0
gi 0 0 0 0
gi 0 0 0 0
gi 0 0 0 0
gi 0 0 0 0
gi 0 0 0 0
gi 0 0 0 0
gi 0 0 0 0
gi 0 0 0 0
gi 0 0 0 0
gi 0 0 0 0
gi 0 0 0 0
gi 0 0 0 0
gi 0 0 0 0
gi 0 0 0 0
gi 0 0 0 0
gi 0 0 0 0
gi 0 0 0 0
gi 0 0 0 0
gi 0 0 0 0
gi 0 0 0 0
gi 0 0 0 0
gi 0 0 0 0
gi 0 0 0 0
gi 0 0 0 0
gi 0 0 0 0
gi 0 0 0 0
gi 0 0 0 0
gi 0 0 0 0
gi 0 0 0 0
gi 0 0 0 0
gi 0 0 0 0
gi 0 0 0 0
gi 0 0 0 0
gi 0 0 0 0
gi 0 0 0 0
gi 0 0 0 0
gi 0 0 0 0
gi 0 0 0 0
gi 0 0 0 0
gi 0 0 0 0
gi 0 0 0 0
gi 0 0 0 0
gi 0 0 0 0
gi 0 0 0 0
gi 0 0 0 0
gi 0 0 0 0
gi 0 0 0 0
gi 0 0 0 0
gi 0 0 0 0
gi 0 0 0 0
gi 0 0 0 0
gi 0 0 0 0
gi 0 0 0 0
gi 0 0 0 0
gi 0 0 0 0
gi 0 0 0 0
gi 0 0 0 0
gi 0 0 0 0
gi 0 0 0 0
gi 0 0 0 0
gi 0 0 0 0
gi 0 0 0 0
gi 0 0 0 0
gi 0 0 0 0
gi 0 0 0 0
gi 0 0 0 0
gi 0 0 0 0
gi 0 0 0 0
gi 0 0 0 0
gi 0 0 0 0
gi 0 0 0 0
gi 0 0 0 0
gi 0 0 0 0
gi 0 0 0 0
gi 0 0 0 0
gi 0 0 0 0
gi 0 0 0 0
gi 0 0 0 0
gi 0 0 0 0
gi 0 0 0 0
gi 0 0 0 0
gi 0 0 0 0
gi 0 0 0 0
gi 0 0 0 0
gi 0 0 0 0
gi 0 0 0 0
gi 0 0 0 0
gi 0 0 0 0
gi 0 0 0 0
gi 0 0 0 0
gi 0 0 0 0
gi 0 0 0 0
gi 0 0 0 0
gi 0 0 0 0
gi 0 0 0 0
gi 0 0 0 0
gi 0 0 0 0
gi 0 0 0 0
gi 0 0 0 0
gi 0 0 0 0
gi 0 0 0 0
gi 0 0 0 0
gi 0 0 0 0
gi 0 0 0 0
gi 0 0 0 0
gi 0 0 0 0
gi 0 0 0 0
gi 0 0 0 0
gi 0 0 0 0
gi 0 0 0 0
gi 0 0 0 0
gi 0 0 0 0
gi 0 0 0 0
gi 0 0 0 0
gi 0 0 0 0
gi 0 0 0 0
gi 0 0 0 0
gi 0 0 0 0
gi 0 0 0 0
gi 0 0 0 0
gi 0 0 0 0
gi 0 0 0 0
gi 0 0 0 0
gi 0 0 0 0
gi 0 0 0 0
gi 0 0 0 0
gi 0 0 0 0
gi 0 0 0 0
gi 0 0 0 0
gi 0 0 0 0
gi 0 0 0 0
gi 0 0 0 0
gi 0 0 0 0
gi 0 0 0 0
gi 0 0 0 0
gi 0 0 0 0
gi 0 0 0 0
gi 0 0 0 0
gi 0 0 0 0
gi 0 0 0 0
gi 0 0 0 0
gi 0 0 0 0
gi 0 0 0 0
gi 0 0 0 0
gi 0 0 0 0
gi 0 0 0 0
gi 0 0 0 0
gi 0 0 0 0
gi 0 0 0 0
gi 0 0 0 0
gi 0 0 0 0
gi 0 0 0 0
gi 0 0 0 0
gi 0 0 0 0
gi 0 0 0 0
gi 0 0 0 0
gi 0 0 0 0
gi 0 0 0 0
gi 0 0 0 0
gi 0 0 0 0
gi 0 0 0 0
gi 0 0 0 0
gi 0 0 0 0
gi 0 0 0 0
gi 0 0 0 0
gi 0 0 0 0
gi 0 0 0 0
gi 0 0 0 0
gi 0 0 0 0
gi 0 0 0 0
gi 0 0 0 0
gi 0 0 0 0
gi 0 0 0 0
gi 0 0 0 0
gi 0 0 0 0
gi 0 0 0 0
gi 0 0 0 0
gi 0 0 0 0
gi 0 0 0 0
gi 0 0 0 0
gi 0 0 0 0
gi 0 0 0 0
gi 0 0 0 0
gi 0 0 0 0
gi 0 0 0 0
gi 0 0 0 0
gi 0 0 0 0
gi 0 0 0 0
gi 0 0 0 0
gi 0 0 0 0
gi 0 0 0 0
gi 0 0 0 0
gi 0 0 0 0
gi 0 0 0 0
gi 0 0 0 0
gi 0 0 0 0
gi 0 0 0 0
gi 0 0 0 0
gi 0 0 0 0
gi 0 0 0 0
gi 0 0 0 0
gi 0 0 0 0
gi 0 0 0 0
gi 0 0 0 0
gi 0 0 0 0
gi 0 0 0 0
gi 0 0 0 0
gi 0 0 0 0
gi 0 0 0 0
gi 0 0 0 0
gi 0 0 0 0
gi 0 0 0 0
gi 0 0 0 0
gi 0 0 0 0
gi 0 0 0 0
gi 0 0 0 0
gi 0 0 0 0
gi 0 0 0 0
gi 0 0 0 0
gi 0 0 0 0
gi 0 0 0 0
gi 0 0 0 0
gi 0 0 0 0
gi 0 0 0 0
gi 0 0 0 0
gi 0 0 0 0
gi 0 0 0 0
gi 0 0 0 0
gi 0 0 0 0
gi 0 0 0 0
gi 0 0 0 0
gi 0 0 0 0
gi 0 0 0 0
gi 0 0 0 0
gi 0 0 0 0
gi 0 0 0 0
gi 0 0 0 0
gi 0 0 0 0
gi 0 0 0 0
gi 0 0 0 0
gi 0 0 0 0
gi 0 0 0 0
gi 0 0 0 0
gi 0 0 0 0
gi 0 0 0 0
gi 0 0 0 0
gi 0 0 0 0
gi 0 0 0 0
gi 0 0 0 0
gi 0 0 0 0
gi 0 0 0 0
gi 0 0 0 0
gi 0 0 0 0
gi 0 0 0 0
gi 0 0 0 0
gi 0 0 0 0
gi 0 0 0 0
gi 0 0 0 0
gi 0 0 0 0
gi 0 0 0 0
gi 0 0 0 0
gi 0 0 0 0
gi 0 0 0 0
gi 0 0 0 0
gi 0 0 0 0
gi 0 0 0 0
gi 0 0 0 0
gi 0 0 0 0
gi 0 0 0 0
gi 0 0 0 0
gi 0 0 0 0
gi 0 0 0 0
gi 0 0 0 0
gi 0 0 0 0
gi 0 0 0 0
gi 0 0 0 0
gi 0 0 0 0
gi 0 0 0 0
gi 0 0 0 0
gi 0 0 0 0
gi 0 0 0 0
gi 0 0 0 0
gi 0 0 0 0
gi 0 0 0 0
gi 0 0 0 0
gi 0 0 0 0
gi 0 0 0 0
gi 0 0 0 0
gi 0 0 0 0
gi 0 0 0 0
gi 0 0 0 0
gi 0 0 0 0
gi 0 0 0 0
gi 0 0 0 0
gi 0 0 0 0
gi 0 0 0 0
gi 0 0 0 0
gi 0 0 0 0
gi 0 0 0 0
gi 0 0 0 0
gi 0 0 0 0
gi 0 0 0 0
gi 0 0 0 0
gi 0 0 0 0
gi 0 0 0 0
gi 0 0 0 0
gi 0 0 0 0
gi 0 0 0 0
gi 0 0 0 0
gi 0 0 0 0
gi 0 0 0 0
gi 0 0 0 0
gi 0 0 0 0
gi 0 0 0 0
gi 0 0 0 0
gi 0 0 0 0
gi 0 0 0 0
gi 0 0 0 0
gi 0 0 0 0
gi 0 0 0 0
gi 0 0 0 0
gi 0 0 0 0
gi 0 0 0 0
gi 0 0 0 0
gi 0 0 0 0
gi 0 0 0 0
gi 0 0 0 0
gi 0 0 0 0
gi 0 0 0 0
gi 0 0 0 0
gi 0 0 0 0
gi 0 0 0 0
gi 0 0 0 0
gi 0 0 0 0
gi 0 0 0 0
gi 0 0 0 0
gi 0 0 0 0
gi 0 0 0 0
gi 0 0 0 0
gi 0 0 0 0
gi 0 0 0 0
gi 0 0 0 0
gi 0 0 0 0
gi 0 0 0 0
gi 0 0 0 0
gi 0 0 0 0
gi 0 0 0 0
gi 0 0 0 0
gi 0 0 0 0
gi 0 0 0 0
gi 0 0 0 0
gi 0 0 0 0
gi 0 0 0 0
gi 0 0 0 0
gi 0 0 0 0
gi 0 0 0 0
gi 0 0 0 0
gi 0 0 0 0
gi 0 0 0 0
gi 0 0 0 0
gi 0 0 0 0
gi 0 0 0 0
gi 0 0 0 0
gi 0 0 0 0
gi 0 0 0 0
gi 0 0 0 0
gi 0 0 0 0
gi 0 0 0 0
gi 0 0 0 0
gi 0 0 0 0
gi 0 0 0 0
gi 0 0 0 0
gi 0 0 0 0
gi 0 0 0 0
gi 0 0 0 0
gi 0 0 0 0
gi 0 0 0 0
gi 0 0 0 0
gi 0 0 0 0
gi 0 0 0 0
gi 0 0 0 0
gi 0 0 0 0
gi 0 0 0 0
gi 0 0 0 0
gi 0 0 0 0
gi 0 0 0 0
gi 0 0 0 0
gi 0 0 0 0
gi 0 0 0 0
gi 0 0 0 0
gi 0 0 0 0
gi 0 0 0 0
gi 0 0 0 0
gi 0 0 0 0
gi 0 0 0 0
gi 0 0 0 0
gi 0 0 0 0
gi 0 0 0 0
gi 0 0 0 0
gi 0 0 0 0
gi 0 0 0 0
gi 0 0 0 0
gi 0 0 0 0
gi 0 0 0 0
gi 0 0 0 0
gi 0 0 0 0
gi 0 0 0 0
gi 0 0 0 0
gi 0 0 0 0
gi 0 0 0 0
gi 0 0 0 0
gi 0 0 0 0
gi 0 0 0 0
gi 0 0 0 0
gi 0 0 0 0
gi 0 0 0 0
gi 0 0 0 0
gi 0 0 0 0
gi 0 0 0 0
gi 0 0 0 0
gi 0 0 0 0
gi 0 0 0 0
gi 0 0 0 0
gi 0 0 0 0
gi 0 0 0 0
gi 0 0 0 0
gi 0 0 0 0
gi 0 0 0 0
gi 0 0 0 0
gi 0 0 0 0
gi 0 0 0 0
gi 0 0 0 0
gi 0 0 0 0
gi 0 0 0 0
gi 0 0 0 0
gi 0 0 0 0
gi 0 0 0 0
gi 0 0 0 0
gi 0 0 0 0
gi 0 0 0 0
gi 0 0 0 0
gi 0 0 0 0
gi 0 0 0 0
gi 0 0 0 0
gi 0 0 0 0
gi 0 0 0 0
gi 0 0 0 0
gi 0 0 0 0
gi 0 0 0 0
gi 0 0 0 0
gi 0 0 0 0
gi 0 0 0 0
gi 0 0 0 0
gi 0 0 0 0
gi 0 0 0 0
gi 0 0 0 0
gi 0 0 0 0
gi 0 0 0 0
gi 0 0 0 0
gi 0 0 0 0
gi 0 0 0 0
gi 0 0 0 0
gi 0 0 0 0
gi 0 0 0 0
gi 0 0 0 0
gi 0 0 0 0
gi 0 0 0 0
gi 0 0 0 0
gi 0 0 0 0
gi 0 0 0 0
gi 0 0 0 0
gi 0 0 0 0
gi 0 0 0 0
gi 0 0 0 0
gi 0 0 0 0
gi 0 0 0 0
gi 0 0 0 0
gi 0 0 0 0
gi 0 0 0 0
gi 0 0 0 0
gi 0 0 0 0
gi 0 0 0 0
gi 0 0 0 0
gi 0 0 0 0
gi 0 0 0 0
gi 0 0 0 0
gi 0 0 0 0
gi 0 0 0 0
gi 0 0 0 0
gi 0 0 0 0
gi 0 0 0 0
gi 0 0 0 0
gi 0 0 0 0
gi 0 0 0 0
gi 0 0 0 0
gi 0 0 0 0
gi 0 0 0 0
gi 0 0 0 0
gi 0 0 0 0
gi 0 0 0 0
gi 0 0 0 0
gi 0 0 0 0
gi 0 0 0 0
gi 0 0 0 0
gi 0 0 0 0
gi 0 0 0 0
gi 0 0 0 0
gi 0 0 0 0
gi 0 0 0 0
gi 0 0 0 0
gi 0 0 0 0
gi 0 0 0 0
gi 0 0 0 0
gi 0 0 0 0
gi 0 0 0 0
gi 0 0 0 0
gi 0 0 0 0
gi 0 0 0 0
gi 0 0 0 0
gi 0 0 0 0
gi 0 0 0 0
gi 0 0 0 0
gi 0 0 0 0
gi 0 0 0 0
gi 0 0 0 0
gi 0 0 0 0
gi 0 0 0 0
gi 0 0 0 0
gi 0 0 0 0
gi 0 0 0 0
gi 0 0 0 0
gi 0 0 0 0
gi 0 0 0 0
gi 0 0 0 0
gi 0 0 0 0
gi 0 0 0 0
gi 0 0 0 0
gi 0 0 0 0
gi 0 0 0 0
gi 0 0 0 0
gi 0 0 0 0
gi 0 0 0 0
gi 0 0 0 0
gi 0 0 0 0
gi 0 0 0 0
gi 0 0 0 0
gi 0 0 0 0
gi 0 0 0 0
gi 0 0 0 0
gi 0 0 0 0
gi 0 0 0 0
gi 0 0 0 0
gi 0 0 0 0
gi 0 0 0 0
gi 0 0 0 0
gi 0 0 0 0
gi 0 0 0 0
gi 0 0 0 0
gi 0 0 0 0
gi 0 0 0 0
gi 0 0 0 0
gi 0 0 0 0
gi 0 0 0 0
gi 0 0 0 0
gi 0 0 0 0
gi 0 0 0 0
gi 0 0 0 0
gi 0 0 0 0
gi 0 0 0 0
gi 0 0 0 0
gi 0 0 0 0
gi 0 0 0 0
gi 0 0 0 0
gi 0 0 0 0
gi 0 0 0 0
gi 0 0 0 0
gi 0 0 0 0
gi 0 0 0 0
gi 0 0 0 0
gi 0 0 0 0
gi 0 0 0 0
gi 0 0 0 0
gi 0 0 0 0
gi 0 0 0 0
gi 0 0 0 0
gi 0 0 0 0
gi 0 0 0 0
gi 0 0 0 0
gi 0 0 0 0
gi 0 0 0 0
gi 0 0 0 0
gi 0 0 0 0
gi 0 0 0 0
gi 0 0 0 0
gi 0 0 0 0
gi 0 0 0 0
gi 0 0 0 0
gi 0 0 0 0
gi 0 0 0 0
gi 0 0 0 0
gi 0 0 0 0
gi 0 0 0 0
gi 0 0 0 0
gi 0 0 0 0
gi 0 0 0 0
gi 0 0 0 0
gi 0 0 0 0
gi 0 0 0 0
gi 0 0 0 0
gi 0 0 0 0
gi 0 0 0 0
gi 0 0 0 0
gi 0 0 0 0
gi 0 0 0 0
gi 0 0 0 0
gi 0 0 0 0
gi 0 0 0 0
gi 0 0 0 0
gi 0 0 0 0
gi 0 0 0 0
gi 0 0 0 0
gi 0 0 0 0
gi 0 0 0 0
gi 0 0 0 0
gi 0 0 0 0
gi 0 0 0 0
gi 0 0 0 0
gi 0 0 0 0
gi 0 0 0 0
gi 0 0 0 0
gi 0 0 0 0
gi 0 0 0 0
gi 0 0 0 0
gi 0 0 0 0
gi 0 0 0 0
gi 0 0 0 0
gi 0 0 0 0
gi 0 0 0 0
gi 0 0 0 0
gi 0 0 0 0
gi 0 0 0 0
gi 0 0 0 0
gi 0 0 0 0
gi 0 0 0 0
gi 0 0 0 0
gi 0 0 0 0
gi 0 0 0 0
gi 0 0 0 0
gi 0 0 0 0
gi 0 0 0 0
gi 0 0 0 0
gi 0 0 0 0
gi 0 0 0 0
gi 0 0 0 0
gi 0 0 0 0
gi 0 0 0 0
gi 0 0 0 0
gi 0 0 0 0
gi 0 0 0 0
gi 0 0 0 0
gi 0 0 0 0
gi 0 0 0 0
gi 0 0 0 0
gi 0 0 0 0
gi 0 0 0 0
gi 0 0 0 0
gi 0 0 0 0
gi 0 0 0 0
gi 0 0 0 0
gi 0 0 0 0
gi 0 0 0 0
gi 0 0 0 0
gi 0 0 0 0
gi 0 0 0 0
gi 0 0 0 0
gi 0 0 0 0
gi 0 0 0 0
gi 0 0 0 0
gi 0 0 0 0
gi 0 0 0 0
gi 0 0 0 0
gi 0 0 0 0
gi 0 0 0 0
gi 0 0 0 0
gi 0 0 0 0
gi 0 0 0 0
gi 0 0 0 0
gi 0 0 0 0
gi 0 0 0 0
gi 0 0 0 0
gi 0 0 0 0
gi 0 0 0 0
gi 0 0 0 0
gi 0 0 0 0
gi 0 0 0 0
gi 0 0 0 0
gi 0 0 0 0
gi 0 0 0 0
gi 0 0 0 0
gi 0 0 0 0
gi 0 0 0 0
gi 0 0 0 0
gi 0 0 0 0
gi 0 0 0 0
gi 0 0 0 0
gi 0 0 0 0
gi 0 0 0 0
gi 0 0 0 0
gi 0 0 0 0
gi 0 0 0 0
gi 0 0 0 0
gi 0 0 0 0
gi 0 0 0 0
gi 0 0 0 0
gi 0 0 0 0
gi 0 0 0 0
gi 0 0 0 0
gi 0 0 0 0
gi 0 0 0 0
gi 0 0 0 0
gi 0 0 0 0
gi 0 0 0 0
gi 0 0 0 0
gi 0 0 0 0
gi 0 0 0 0
gi 0 0 0 0
gi 0 0 0 0
gi 0 0 0 0
gi 0 0 0 0
gi 0 0 0 0
gi 0 0 0 0
gi 0 0 0 0
gi 0 0 0 0
gi 0 0 0 0
gi 0 0 0 0
gi 0 0 0 0
gi 0 0 0 0
gi 0 0 0 0
gi 0 0 0 0
gi 0 0 0 0
gi 0 0 0 0
gi 0 0 0 0
gi 0 0 0 0
gi 0 0 0 0
gi 0 0 0 0
gi 0 0 0 0
gi 0 0 0 0
gi 0 0 0 0
gi 0 0 0 0
gi 0 0 0 0
gi 0 0 0 0
gi 0 0 0 0
gi 0 0 0 0
gi 0 0 0 0
gi 0 0 0 0
gi 0 0 0 0
gi 0 0 0 0
gi 0 0 0 0
gi 0 0 0 0
gi 0 0 0 0
gi 0 0 0 0
gi 0 0 0 0
gi 0 0 0 0
gi 0 0 0 0
gi 0 0 0 0
gi 0 0 0 0
gi 0 0 0 0
gi 0 0 0 0
gi 0 0 0 0
gi 0 0 0 0
gi 0 0 0 0
gi 0 0 0 0
gi 0 0 0 0
gi 0 0 0 0
gi 0 0 0 0
gi 0 0 0 0
gi 0 0 0 0
gi 0 0 0 0
gi 0 0 0 0
gi 0 0 0 0
gi 0 0 0 0
gi 0 0 0 0
gi 0 0 0 0
gi 0 0 0 0
gi 0 0 0 0
gi 0 0 0 0
gi 0 0 0 0
gi 0 0 0 0
gi 0 0 0 0
gi 0 0 0 0
gi 0 0 0 0
gi 0 0 0 0
gi 0 0 0 0
gi 0 0 0 0
gi 0 0 0 0
gi 0 0 0 0
gi 0 0 0 0
gi 0 0 0 0
gi 0 0 0 0
gi 0 0 0 0
gi 0 0 0 0
gi 0 0 0 0
gi 0 0 0 0
gi 0 0 0 0
gi 0 0 0 0
gi 0 0 0 0
gi 0 0 0 0
gi 0 0 0 0
gi 0 0 0 0
gi 0 0 0 0
gi 0 0 0 0
gi 0 0 0 0
gi 0 0 0 0
gi 0 0 0 0
gi 0 0 0 0
gi 0 0 0 0
gi 0 0 0 0
gi 0 0 0 0
gi 0 0 0 0
gi 0 0 0 0
gi 0 0 0 0
gi 0 0 0 0
gi 0 0 0 0
gi 0 0 0 0
gi 0 0 0 0
gi 0 0 0 0
gi 0 0 0 0
gi 0 0 0 0
gi 0 0 0 0
gi 0 0 0 0
gi 0 0 0 0
gi 0 0 0 0
gi 0 0 0 0
gi 0 0 0 0
gi 0 0 0 0
gi 0 0 0 0
gi 0 0 0 0
gi 0 0 0 0
gi 0 0 0 0
gi 0 0 0 0
gi 0 0 0 0
gi 0 0 0 0
gi 0 0 0 0
gi 0 0 0 0
gi 0 0 0 0
gi 0 0 0 0
gi 0 0 0 0
gi 0 0 0 0
gi 0 0 0 0
gi 0 0 0 0
gi 0 0 0 0
gi 0 0 0 0
gi 0 0 0 0
gi 0 0 0 0
gi 0 0 0 0
gi 0 0 0 0
gi 0 0 0 0
gi 0 0 0 0
gi 0 0 0 0
gi 0 0 0 0
gi 0 0 0 0
gi 0 0 0 0
gi 0 0 0 0
gi 0 0 0 0
gi 0 0 0 0
gi 0 0 0 0
gi 0 0 0 0
gi 0 0 0 0
gi 0 0 0 0
gi 0 0 0 0
gi 0 0 0 0
gi 0 0 0 0
gi 0 0 0 0
gw 0.0 0.0 0.0 0.0
gw 0.0 0.0 0.0 0.0
gw 0.0 0.0 0.0 0.0
gw 0.0 0.0 0.0 0.0
gw 0.0 0.0 0.0 0.0
gw 0.0 0.0 0.0 0.0
gw 0.0 0.0 0.0 0.0
gw 0.0 0.0 0.0 0.0
gw 0.0 0.0 0.0 0.0
gw 0.0 0.0 0.0 0.0
gw 0.0 0.0 0.0 0.0
gw 0.0 0.0 0.0 0.0
gw 0.0 0.0 0.0 0.0
gw 0.0 0.0 0.0 0.0
gw 0.0 0.0 0.0 0.0
gw 0.0 0.0 0.0 0.0
gw 0.0 0.0 0.0 0.0
gw 0.0 0.0 0.0 0.0
gw 0.0 0.0 0.0 0.0
gw 0.0 0.0 0.0 0.0
gw 0.0 0.0 0.0 0.0
gw 0.0 0.0 0.0 0.0
gw 0.0 0.0 0.0 0.0
gw 0.0 0.0 0.0 0.0
gw 0.0 0.0 0.0 0.0
gw 0.0 0.0 0.0 0.0
gw 0.0 0.0 0.0 0.0
gw 0.0 0.0 0.0 0.0
gw 0.0 0.0 0.0 0.0
gw 0.0 0.0 0.0 0.0
gw 0.0 0.0 0.0 0.0
gw 0.0 0.0 0.0 0.0
gw 0.0 0.0 0.0 0.0
gw 0.0 0.0 0.0 0.0
gw 0.0 0.0 0.0 0.0
gw 0.0 0.0 0.0 0.0
gw 0.0 0.0 0.0 0.0
gw 0.0 0.0 0.0 0.0
gw 0.0 0.0 0.0 0.0
gw 0.0 0.0 0.0 0.0
gw 0.0 0.0 0.0 0.0
gw 0.0 0.0 0.0 0.0
gw 0.0 0.0 0.0 0.0
gw 0.0 0.0 0.0 0.0
gw 0.0 0.0 0.0 0.0
gw 0.0 0.0 0.0 0.0
gw 0.0 0.0 0.0 0.0
gw 0.0 0.0 0.0 0.0
gw 0.0 0.0 0.0 0.0
gw 0.0 0.0 0.0 0.0
gw 0.0 0.0 0.0 0.0
gw 0.0 0.0 0.0 0.0
gw 0.0 0.0 0.0 0.0
gw 0.0 0.0 0.0 0.0
gw 0.0 0.0 0.0 0.0
gw 0.0 0.0 0.0 0.0
gw 0.0 0.0 0.0 0.0
gw 0.0 0.0 0.0 0.0
gw 0.0 0.0 0.0 0.0
gw 0.0 0.0 0.0 0.0
gw 0.0 0.0 0.0 0.0
gw 0.0 0.0 0.0 0.0
gw 0.0 0.0 0.0 0.0
gw 0.0 0.0 0.0 0.0
gw 0.0 0.0 0.0 0.0
gw 0.0 0.0 0.0 0.0
gw 0.0 0.0 0.0 0.0
gw 0.0 0.0 0.0 0.0
gw 0.0 0.0 0.0 0.0
gw 0.0 0.0 0.0 0.0
gw 0.0 0.0 0.0 0.0
gw 0.0 0.0 0.0 0.0
gw 0.0 0.0 0.0 0.0
gw 0.0 0.0 0.0 0.0
gw 0.0 0.0 0.0 0.0
gw 0.0 0.0 0.0 0.0
gw 0.0 0.0 0.0 0.0
gw 0.0 0.0 0.0 0.0
gw 0.0 0.0 0.0 0.0
gw 0.0 0.0 0.0 0.0
gw 0.0 0.0 0.0 0.0
gw 0.0 0.0 0.0 0.0
gw 0.0 0.0 0.0 0.0
gw 0.0 0.0 0.0 0.0
gw 0.0 0.0 0.0 0.0
gw 0.0 0.0 0.0 0.0
gw 0.0 0.0 0.0 0.0
gw 0.0 0.0 0.0 0.0
gw 0.0 0.0 0.0 0.0
gw 0.0 0.0 0.0 0.0
gw 0.0 0.0 0.0 0.0
gw 0.0 0.0 0.0 0.0
gw 0.0 0.0 0.0 0.0
gw 0.0 0.0 0.0 0.0
gw 0.0 0.0 0.0 0.0
gw 0.0 0.0 0.0 0.0
gw 0.0 0.0 0.0 0.0
gw 0.0 0.0 0.0 0.0
gw 0.0 0.0 0.0 0.0
gw 0.0 0.0 0.0 0.0
gw 0.0 0.0 0.0 0.0
gw 0.0 0.0 0.0 0.0
gw 0.0 0.0 0.0 0.0
gw 0.0 0.0 0.0 0.0
gw 0.0 0.0 0.0 0.0
gw 0.0 0.0 0.0 0.0
gw 0.0 0.0 0.0 0.0
gw 0.0 0.0 0.0 0.0
gw 0.0 0.0 0.0 0.0
gw 0.0 0.0 0.0 0.0
gw 0.0 0.0 0.0 0.0
gw 0.0 0.0 0.0 0.0
gw 0.0 0.0 0.0 0.0
gw 0.0 0.0 0.0 0.0
gw 0.0 0.0 0.0 0.0
gw 0.0 0.0 0.0 0.0
gw 0.0 0.0 0.0 0.0
gw 0.0 0.0 0.0 0.0
gw 0.0 0.0 0.0 0.0
gw 0.0 0.0 0.0 0.0
gw 0.0 0.0 0.0 0.0
gw 0.0 0.0 0.0 0.0
gw 0.0 0.0 0.0 0.0
gw 0.0 0.0 0.0 0.0
gw 0.0 0.0 0.0 0.0
gw 0.0 0.0 0.0 0.0
gw 0.0 0.0 0.0 0.0
gw 0.0 0.0 0.0 0.0
gw 0.0 0.0 0.0 0.0
gw 0.0 0.0 0.0 0.0
gw 0.0 0.0 0.0 0.0
gw 0.0 0.0 0.0 0.0
gw 0.0 0.0 0.0 0.0
gw 0.0 0.0 0.0 0.0
gw 0.0 0.0 0.0 0.0
gw 0.0 0.0 0.0 0.0
gw 0.0 0.0 0.0 0.0
gw 0.0 0.0 0.0 0.0
gw 0.0 0.0 0.0 0.0
gw 0.0 0.0 0.0 0.0
gw 0.0 0.0 0.0 0.0
gw 0.0 0.0 0.0 0.0
gw 0.0 0.0 0.0 0.0
gw 0.0 0.0 0.0 0.0
gw 0.0 0.0 0.0 0.0
gw 0.0 0.0 0.0 0.0
gw 0.0 0.0 0.0 0.0
gw 0.0 0.0 0.0 0.0
gw 0.0 0.0 0.0 0.0
gw 0.0 0.0 0.0 0.0
gw 0.0 0.0 0.0 0.0
gw 0.0 0.0 0.0 0.0
gw 0.0 0.0 0.0 0.0
gw 0.0 0.0 0.0 0.0
gw 0.0 0.0 0.0 0.0
gw 0.0 0.0 0.0 0.0
gw 0.0 0.0 0.0 0.0
gw 0.0 0.0 0.0 0.0
gw 0.0 0.0 0.0 0.0
gw 0.0 0.0 0.0 0.0
gw 0.0 0.0 0.0 0.0
gw 0.0 0.0 0.0 0.0
gw 0.0 0.0 0.0 0.0
gw 0.0 0.0 0.0 0.0
gw 0.0 0.0 0.0 0.0
gw 0.0 0.0 0.0 0.0
gw 0.0 0.0 0.0 0.0
gw 0.0 0.0 0.0 0.0
gw 0.0 0.0 0.0 0.0
gw 0.0 0.0 0.0 0.0
gw 0.0 0.0 0.0 0.0
gw 0.0 0.0 0.0 0.0
gw 0.0 0.0 0.0 0.0
gw 0.0 0.0 0.0 0.0
gw 0.0 0.0 0.0 0.0
gw 0.0 0.0 0.0 0.0
gw 0.0 0.0 0.0 0.0
gw 0.0 0.0 0.0 0.0
gw 0.0 0.0 0.0 0.0
gw 0.0 0.0 0.0 0.0
gw 0.0 0.0 0.0 0.0
gw 0.0 0.0 0.0 0.0
gw 0.0 0.0 0.0 0.0
gw 0.0 0.0 0.0 0.0
gw 0.0 0.0 0.0 0.0
gw 0.0 0.0 0.0 0.0
gw 0.0 0.0 0.0 0.0
gw 0.0 0.0 0.0 0.0
gw 0.0 0.0 0.0 0.0
gw 0.0 0.0 0.0 0.0
gw 0.0 0.0 0.0 0.0
gw 0.0 0.0 0.0 0.0
gw 0.0 0.0 0.0 0.0
gw 0.0 0.0 0.0 0.0
gw 0.0 0.0 0.0 0.0
gw 0.0 0.0 0.0 0.0
gw 0.0 0.0 0.0 0.0
gw 0.0 0.0 0.0 0.0
gw 0.0 0.0 0.0 0.0
gw 0.0 0.0 0.0 0.0
gw 0.0 0.0 0.0 0.0
gw 0.0 0.0 0.0 0.0
gw 0.0 0.0 0.0 0.0
gw 0.0 0.0 0.0 0.0
gw 0.0 0.0 0.0 0.0
gw 0.0 0.0 0.0 0.0
gw 0.0 0.0 0.0 0.0
gw 0.0 0.0 0.0 0.0
gw 0.0 0.0 0.0 0.0
gw 0.0 0.0 0.0 0.0
gw 0.0 0.0 0.0 0.0
gw 0.0 0.0 0.0 0.0
gw 0.0 0.0 0.0 0.0
gw 0.0 0.0 0.0 0.0
gw 0.0 0.0 0.0 0.0
gw 0.0 0.0 0.0 0.0
gw 0.0 0.0 0.0 0.0
gw 0.0 0.0 0.0 0.0
gw 0.0 0.0 0.0 0.0
gw 0.0 0.0 0.0 0.0
gw 0.0 0.0 0.0 0.0
gw 0.0 0.0 0.0 0.0
gw 0.0 0.0 0.0 0.0
gw 0.0 0.0 0.0 0.0
gw 0.0 0.0 0.0 0.0
gw 0.0 0.0 0.0 0.0
gw 0.0 0.0 0.0 0.0
gw 0.0 0.0 0.0 0.0
gw 0.0 0.0 0.0 0.0
gw 0.0 0.0 0.0 0.0
gw 0.0 0.0 0.0 0.0
gw 0.0 0.0 0.0 0.0
gw 0.0 0.0 0.0 0.0
gw 0.0 0.0 0.0 0.0
gw 0.0 0.0 0.0 0.0
gw 0.0 0.0 0.0 0.0
gw 0.0 0.0 0.0 0.0
gw 0.0 0.0 0.0 0.0
gw 0.0 0.0 0.0 0.0
gw 0.0 0.0 0.0 0.0
gw 0.0 0.0 0.0 0.0
gw 0.0 0.0 0.0 0.0
gw 0.0 0.0 0.0 0.0
gw 0.0 0.0 0.0 0.0
gw 0.0 0.0 0.0 0.0
gw 0.0 0.0 0.0 0.0
gw 0.0 0.0 0.0 0.0
gw 0.0 0.0 0.0 0.0
gw 0.0 0.0 0.0 0.0
gw 0.0 0.0 0.0 0.0
gw 0.0 0.0 0.0 0.0
gw 0.0 0.0 0.0 0.0
gw 0.0 0.0 0.0 0.0
gw 0.0 0.0 0.0 0.0
gw 0.0 0.0 0.0 0.0
gw 0.0 0.0 0.0 0.0
gw 0.0 0.0 0.0 0.0
gw 0.0 0.0 0.0 0.0
gw 0.0 0.0 0.0 0.0
gw 0.0 0.0 0.0 0.0
gw 0.0 0.0 0.0 0.0
gw 0.0 0.0 0.0 0.0
gw 0.0 0.0 0.0 0.0
gw 0.0 0.0 0.0 0.0
gw 0.0 0.0 0.0 0.0
gw 0.0 0.0 0.0 0.0
gw 0.0 0.0 0.0 0.0
gw 0.0 0.0 0.0 0.0
gw 0.0 0.0 0.0 0.0
gw 0.0 0.0 0.0 0.0
gw 0.0 0.0 0.0 0.0
gw 0.0 0.0 0.0 0.0
gw 0.0 0.0 0.0 0.0
gw 0.0 0.0 0.0 0.0
gw 0.0 0.0 0.0 0.0
gw 0.0 0.0 0.0 0.0
gw 0.0 0.0 0.0 0.0
gw 0.0 0.0 0.0 0.0
gw 0.0 0.0 0.0 0.0
gw 0.0 0.0 0.0 0.0
gw 0.0 0.0 0.0 0.0
gw 0.0 0.0 0.0 0.0
gw 0.0 0.0 0.0 0.0
gw 0.0 0.0 0.0 0.0
gw 0.0 0.0 0.0 0.0
gw 0.0 0.0 0.0 0.0
gw 0.0 0.0 0.0 0.0
gw 0.0 0.0 0.0 0.0
gw 0.0 0.0 0.0 0.0
gw 0.0 0.0 0.0 0.0
gw 0.0 0.0 0.0 0.0
gw 0.0 0.0 0.0 0.0
gw 0.0 0.0 0.0 0.0
gw 0.0 0.0 0.0 0.0
gw 0.0 0.0 0.0 0.0
gw 0.0 0.0 0.0 0.0
gw 0.0 0.0 0.0 0.0
gw 0.0 0.0 0.0 0.0
gw 0.0 0.0 0.0 0.0
gw 0.0 0.0 0.0 0.0
gw 0.0 0.0 0.0 0.0
gw 0.0 0.0 0.0 0.0
gw 0.0 0.0 0.0 0.0
gw 0.0 0.0 0.0 0.0
gw 0.0 0.0 0.0 0.0
gw 0.0 0.0 0.0 0.0
gw 0.0 0.0 0.0 0.0
gw 0.0 0.0 0.0 0.0
gw 0.0 0.0 0.0 0.0
gw 0.0 0.0 0.0 0.0
gw 0.0 0.0 0.0 0.0
gw 0.0 0.0 0.0 0.0
gw 0.0 0.0 0.0 0.0
gw 0.0 0.0 0.0 0.0
gw 0.0 0.0 0.0 0.0
gw 0.0 0.0 0.0 0.0
gw 0.0 0.0 0.0 0.0
gw 0.0 0.0 0.0 0.0
gw 0.0 0.0 0.0 0.0
gw 0.0 0.0 0.0 0.0
gw 0.0 0.0 0.0 0.0
gw 0.0 0.0 0.0 0.0
gw 0.0 0.0 0.0 0.0
gw 0.0 0.0 0.0 0.0
gw 0.0 0.0 0.0 0.0
gw 0.0 0.0 0.0 0.0
gw 0.0 0.0 0.0 0.0
gw 0.0 0.0 0.0 0.0
gw 0.0 0.0 0.0 0.0
gw 0.0 0.0 0.0 0.0
gw 0.0 0.0 0.0 0.0
gw 0.0 0.0 0.0 0.0
gw 0.0 0.0 0.0 0.0
gw 0.0 0.0 0.0 0.0
gw 0.0 0.0 0.0 0.0
gw 0.0 0.0 0.0 0.0
gw 0.0 0.0 0.0 0.0
gw 0.0 0.0 0.0 0.0
gw 0.0 0.0 0.0 0.0
gw 0.0 0.0 0.0 0.0
gw 0.0 0.0 0.0 0.0
gw 0.0 0.0 0.0 0.0
gw 0.0 0.0 0.0 0.0
gw 0.0 0.0 0.0 0.0
gw 0.0 0.0 0.0 0.0
gw 0.0 0.0 0.0 0.0
gw 0.0 0.0 0.0 0.0
gw 0.0 0.0 0.0 0.0
gw 0.0 0.0 0.0 0.0
gw 0.0 0.0 0.0 0.0
gw 0.0 0.0 0.0 0.0
gw 0.0 0.0 0.0 0.0
gw 0.0 0.0 0.0 0.0
gw 0.0 0.0 0.0 0.0
gw 0.0 0.0 0.0 0.0
gw 0.0 0.0 0.0 0.0
gw 0.0 0.0 0.0 0.0
gw 0.0 0.0 0.0 0.0
gw 0.0 0.0 0.0 0.0
gw 0.0 0.0 0.0 0.0
gw 0.0 0.0 0.0 0.0
gw 0.0 0.0 0.0 0.0
gw 0.0 0.0 0.0 0.0
gw 0.0 0.0 0.0 0.0
gw 0.0 0.0 0.0 0.0
gw 0.0 0.0 0.0 0.0
gw 0.0 0.0 0.0 0.0
gw 0.0 0.0 0.0 0.0
gw 0.0 0.0 0.0 0.0
gw 0.0 0.0 0.0 0.0
gw 0.0 0.0 0.0 0.0
gw 0.0 0.0 0.0 0.0
gw 0.0 0.0 0.0 0.0
gw 0.0 0.0 0.0 0.0
gw 0.0 0.0 0.0 0.0
gw 0.0 0.0 0.0 0.0
gw 0.0 0.0 0.0 0.0
gw 0.0 0.0 0.0 0.0
gw 0.0 0.0 0.0 0.0
gw 0.0 0.0 0.0 0.0
gw 0.0 0.0 0.0 0.0
gw 0.0 0.0 0.0 0.0
gw 0.0 0.0 0.0 0.0
gw 0.0 0.0 0.0 0.0
gw 0.0 0.0 0.0 0.0
gw 0.0 0.0 0.0 0.0
gw 0.0 0.0 0.0 0.0
gw 0.0 0.0 0.0 0.0
gw 0.0 0.0 0.0 0.0
gw 0.0 0.0 0.0 0.0
gw 0.0 0.0 0.0 0.0
gw 0.0 0.0 0.0 0.0
gw 0.0 0.0 0.0 0.0
gw 0.0 0.0 0.0 0.0
gw 0.0 0.0 0.0 0.0
gw 0.0 0.0 0.0 0.0
gw 0.0 0.0 0.0 0.0
gw 0.0 0.0 0.0 0.0
gw 0.0 0.0 0.0 0.0
gw 0.0 0.0 0.0 0.0
gw 0.0 0.0 0.0 0.0
gw 0.0 0.0 0.0 0.0
gw 0.0 0.0 0.0 0.0
gw 0.0 0.0 0.0 0.0
gw 0.0 0.0 0.0 0.0
gw 0.0 0.0 0.0 0.0
gw 0.0 0.0 0.0 0.0
gw 0.0 0.0 0.0 0.0
gw 0.0 0.0 0.0 0.0
gw 0.0 0.0 0.0 0.0
gw 0.0 0.0 0.0 0.0
gw 0.0 0.0 0.0 0.0
gw 0.0 0.0 0.0 0.0
gw 0.0 0.0 0.0 0.0
gw 0.0 0.0 0.0 0.0
gw 0.0 0.0 0.0 0.0
gw 0.0 0.0 0.0 0.0
gw 0.0 0.0 0.0 0.0
gw 0.0 0.0 0.0 0.0
gw 0.0 0.0 0.0 0.0
gw 0.0 0.0 0.0 0.0
gw 0.0 0.0 0.0 0.0
gw 0.0 0.0 0.0 0.0
gw 0.0 0.0 0.0 0.0
gw 0.0 0.0 0.0 0.0
gw 0.0 0.0 0.0 0.0
gw 0.0 0.0 0.0 0.0
gw 0.0 0.0 0.0 0.0
gw 0.0 0.0 0.0 0.0
gw 0.0 0.0 0.0 0.0
gw 0.0 0.0 0.0 0.0
gw 0.0 0.0 0.0 0.0
gw 0.0 0.0 0.0 0.0
gw 0.0 0.0 0.0 0.0
gw 0.0 0.0 0.0 0.0
gw 0.0 0.0 0.0 0.0
gw 0.0 0.0 0.0 0.0
gw 0.0 0.0 0.0 0.0
gw 0.0 0.0 0.0 0.0
gw 0.0 0.0 0.0 0.0
gw 0.0 0.0 0.0 0.0
gw 0.0 0.0 0.0 0.0
gw 0.0 0.0 0.0 0.0
gw 0.0 0.0 0.0 0.0
gw 0.0 0.0 0.0 0.0
gw 0.0 0.0 0.0 0.0
gw 0.0 0.0 0.0 0.0
gw 0.0 0.0 0.0 0.0
gw 0.0 0.0 0.0 0.0
gw 0.0 0.0 0.0 0.0
gw 0.0 0.0 0.0 0.0
gw 0.0 0.0 0.0 0.0
gw 0.0 0.0 0.0 0.0
gw 0.0 0.0 0.0 0.0
gw 0.0 0.0 0.0 0.0
gw 0.0 0.0 0.0 0.0
gw 0.0 0.0 0.0 0.0
gw 0.0 0.0 0.0 0.0
gw 0.0 0.0 0.0 0.0
gw 0.0 0.0 0.0 0.0
gw 0.0 0.0 0.0 0.0
gw 0.0 0.0 0.0 0.0
gw 0.0 0.0 0.0 0.0
gw 0.0 0.0 0.0 0.0
gw 0.0 0.0 0.0 0.0
gw 0.0 0.0 0.0 0.0
gw 0.0 0.0 0.0 0.0
gw 0.0 0.0 0.0 0.0
gw 0.0 0.0 0.0 0.0
gw 0.0 0.0 0.0 0.0
gw 0.0 0.0 0.0 0.0
gw 0.0 0.0 0.0 0.0
gw 0.0 0.0 0.0 0.0
gw 0.0 0.0 0.0 0.0
gw 0.0 0.0 0.0 0.0
gw 0.0 0.0 0.0 0.0
gw 0.0 0.0 0.0 0.0
gw 0.0 0.0 0.0 0.0
gw 0.0 0.0 0.0 0.0
gw 0.0 0.0 0.0 0.0
gw 0.0 0.0 0.0 0.0
gw 0.0 0.0 0.0 0.0
gw 0.0 0.0 0.0 0.0
gw 0.0 0.0 0.0 0.0
gw 0.0 0.0 0.0 0.0
gw 0.0 0.0 0.0 0.0
gw 0.0 0.0 0.0 0.0
gw 0.0 0.0 0.0 0.0
gw 0.0 0.0 0.0 0.0
gw 0.0 0.0 0.0 0.0
gw 0.0 0.0 0.0 0.0
gw 0.0 0.0 0.0 0.0
gw 0.0 0.0 0.0 0.0
gw 0.0 0.0 0.0 0.0
gw 0.0 0.0 0.0 0.0
gw 0.0 0.0 0.0 0.0
gw 0.0 0.0 0.0 0.0
gw 0.0 0.0 0.0 0.0
gw 0.0 0.0 0.0 0.0
gw 0.0 0.0 0.0 0.0
gw 0.0 0.0 0.0 0.0
gw 0.0 0.0 0.0 0.0
gw 0.0 0.0 0.0 0.0
gw 0.0 0.0 0.0 0.0
gw 0.0 0.0 0.0 0.0
gw 0.0 0.0 0.0 0.0
gw 0.0 0.0 0.0 0.0
gw 0.0 0.0 0.0 0.0
gw 0.0 0.0 0.0 0.0
gw 0.0 0.0 0.0 0.0
gw 0.0 0.0 0.0 0.0
gw 0.0 0.0 0.0 0.0
gw 0.0 0.0 0.0 0.0
gw 0.0 0.0 0.0 0.0
gw 0.0 0.0 0.0 0.0
gw 0.0 0.0 0.0 0.0
gw 0.0 0.0 0.0 0.0
gw 0.0 0.0 0.0 0.0
gw 0.0 0.0 0.0 0.0
gw 0.0 0.0 0.0 0.0
gw 0.0 0.0 0.0 0.0
gw 0.0 0.0 0.0 0.0
gw 0.0 0.0 0.0 0.0
gw 0.0 0.0 0.0 0.0
gw 0.0 0.0 0.0 0.0
gw 0.0 0.0 0.0 0.0
gw 0.0 0.0 0.0 0.0
gw 0.0 0.0 0.0 0.0
gw 0.0 0.0 0.0 0.0
gw 0.0 0.0 0.0 0.0
gw 0.0 0.0 0.0 0.0
gw 0.0 0.0 0.0 0.0
gw 0.0 0.0 0.0 0.0
gw 0.0 0.0 0.0 0.0
gw 0.0 0.0 0.0 0.0
gw 0.0 0.0 0.0 0.0
gw 0.0 0.0 0.0 0.0
gw 0.0 0.0 0.0 0.0
gw 0.0 0.0 0.0 0.0
gw 0.0 0.0 0.0 0.0
gw 0.0 0.0 0.0 0.0
gw 0.0 0.0 0.0 0.0
gw 0.0 0.0 0.0 0.0
gw 0.0 0.0 0.0 0.0
gw 0.0 0.0 0.0 0.0
gw 0.0 0.0 0.0 0.0
gw 0.0 0.0 0.0 0.0
gw 0.0 0.0 0.0 0.0
gw 0.0 0.0 0.0 0.0
gw 0.0 0.0 0.0 0.0
gw 0.0 0.0 0.0 0.0
gw 0.0 0.0 0.0 0.0
gw 0.0 0.0 0.0 0.0
gw 0.0 0.0 0.0 0.0
gw 0.0 0.0 0.0 0.0
gw 0.0 0.0 0.0 0.0
gw 0.0 0.0 0.0 0.0
gw 0.0 0.0 0.0 0.0
gw 0.0 0.0 0.0 0.0
gw 0.0 0.0 0.0 0.0
gw 0.0 0.0 0.0 0.0
gw 0.0 0.0 0.0 0.0
gw 0.0 0.0 0.0 0.0
gw 0.0 0.0 0.0 0.0
gw 0.0 0.0 0.0 0.0
gw 0.0 0.0 0.0 0.0
gw 0.0 0.0 0.0 0.0
gw 0.0 0.0 0.0 0.0
gw 0.0 0.0 0.0 0.0
gw 0.0 0.0 0.0 0.0
gw 0.0 0.0 0.0 0.0
gw 0.0 0.0 0.0 0.0
gw 0.0 0.0 0.0 0.0
gw 0.0 0.0 0.0 0.0
gw 0.0 0.0 0.0 0.0
gw 0.0 0.0 0.0 0.0
gw 0.0 0.0 0.0 0.0
gw 0.0 0.0 0.0 0.0
gw 0.0 0.0 0.0 0.0
gw 0.0 0.0 0.0 0.0
gw 0.0 0.0 0.0 0.0
gw 0.0 0.0 0.0 0.0
gw 0.0 0.0 0.0 0.0
gw 0.0 0.0 0.0 0.0
gw 0.0 0.0 0.0 0.0
gw 0.0 0.0 0.0 0.0
gw 0.0 0.0 0.0 0.0
gw 0.0 0.0 0.0 0.0
gw 0.0 0.0 0.0 0.0
gw 0.0 0.0 0.0 0.0
gw 0.0 0.0 0.0 0.0
gw 0.0 0.0 0.0 0.0
gw 0.0 0.0 0.0 0.0
gw 0.0 0.0 0.0 0.0
gw 0.0 0.0 0.0 0.0
gw 0.0 0.0 0.0 0.0
gw 0.0 0.0 0.0 0.0
gw 0.0 0.0 0.0 0.0
gw 0.0 0.0 0.0 0.0
gw 0.0 0.0 0.0 0.0
gw 0.0 0.0 0.0 0.0
gw 0.0 0.0 0.0 0.0
gw 0.0 0.0 0.0 0.0
gw 0.0 0.0 0.0 0.0
gw 0.0 0.0 0.0 0.0
gw 0.0 0.0 0.0 0.0
gw 0.0 0.0 0.0 0.0
gw 0.0 0.0 0.0 0.0
gw 0.0 0.0 0.0 0.0
gw 0.0 0.0 0.0 0.0
gw 0.0 0.0 0.0 0.0
gw 0.0 0.0 0.0 0.0
gw 0.0 0.0 0.0 0.0
gw 0.0 0.0 0.0 0.0
gw 0.0 0.0 0.0 0.0
gw 0.0 0.0 0.0 0.0
gw 0.0 0.0 0.0 0.0
gw 0.0 0.0 0.0 0.0
gw 0.0 0.0 0.0 0.0
gw 0.0 0.0 0.0 0.0
gw 0.0 0.0 0.0 0.0
gw 0.0 0.0 0.0 0.0
gw 0.0 0.0 0.0 0.0
gw 0.0 0.0 0.0 0.0
gw 0.0 0.0 0.0 0.0
gw 0.0 0.0 0.0 0.0
gw 0.0 0.0 0.0 0.0
gw 0.0 0.0 0.0 0.0
gw 0.0 0.0 0.0 0.0
gw 0.0 0.0 0.0 0.0
gw 0.0 0.0 0.0 0.0
gw 0.0 0.0 0.0 0.0
gw 0.0 0.0 0.0 0.0
gw 0.0 0.0 0.0 0.0
gw 0.0 0.0 0.0 0.0
gw 0.0 0.0 0.0 0.0
gw 0.0 0.0 0.0 0.0
gw 0.0 0.0 0.0 0.0
gw 0.0 0.0 0.0 0.0
gw 0.0 0.0 0.0 0.0
gw 0.0 0.0 0.0 0.0
gw 0.0 0.0 0.0 0.0
gw 0.0 0.0 0.0 0.0
gw 0.0 0.0 0.0 0.0
gw 0.0 0.0 0.0 0.0
gw 0.0 0.0 0.0 0.0
gw 0.0 0.0 0.0 0.0
gw 0.0 0.0 0.0 0.0
gw 0.0 0.0 0.0 0.0
gw 0.0 0.0 0.0 0.0
gw 0.0 0.0 0.0 0.0
gw 0.0 0.0 0.0 0.0
gw 0.0 0.0 0.0 0.0
gw 0.0 0.0 0.0 0.0
gw 0.0 0.0 0.0 0.0
gw 0.0 0.0 0.0 0.0
gw 0.0 0.0 0.0 0.0
gw 0.0 0.0 0.0 0.0
gw 0.0 0.0 0.0 0.0
gw 0.0 0.0 0.0 0.0
gw 0.0 0.0 0.0 0.0
gw 0.0 0.0 0.0 0.0
gw 0.0 0.0 0.0 0.0
gw 0.0 0.0 0.0 0.0
gw 0.0 0.0 0.0 0.0
gw 0.0 0.0 0.0 0.0
gw 0.0 0.0 0.0 0.0
gw 0.0 0.0 0.0 0.0
gw 0.0 0.0 0.0 0.0
gw 0.0 0.0 0.0 0.0
gw 0.0 0.0 0.0 0.0
gw 0.0 0.0 0.0 0.0
gw 0.0 0.0 0.0 0.0
gw 0.0 0.0 0.0 0.0
gw 0.0 0.0 0.0 0.0
gw 0.0 0.0 0.0 0.0
gw 0.0 0.0 0.0 0.0
gw 0.0 0.0 0.0 0.0
gw 0.0 0.0 0.0 0.0
gw 0.0 0.0 0.0 0.0
gw 0.0 0.0 0.0 0.0
gw 0.0 0.0 0.0 0.0
gw 0.0 0.0 0.0 0.0
gw 0.0 0.0 0.0 0.0
gw 0.0 0.0 0.0 0.0
gw 0.0 0.0 0.0 0.0
gw 0.0 0.0 0.0 0.0
gw 0.0 0.0 0.0 0.0
gw 0.0 0.0 0.0 0.0
gw 0.0 0.0 0.0 0.0
gw 0.0 0.0 0.0 0.0
gw 0.0 0.0 0.0 0.0
gw 0.0 0.0 0.0 0.0
gw 0.0 0.0 0.0 0.0
gw 0.0 0.0 0.0 0.0
gw 0.0 0.0 0.0 0.0
gw 0.0 0.0 0.0 0.0
gw 0.0 0.0 0.0 0.0
gw 0.0 0.0 0.0 0.0
gw 0.0 0.0 0.0 0.0
gw 0.0 0.0 0.0 0.0
gw 0.0 0.0 0.0 0.0
gw 0.0 0.0 0.0 0.0
gw 0.0 0.0 0.0 0.0
gw 0.0 0.0 0.0 0.0
gw 0.0 0.0 0.0 0.0
gw 0.0 0.0 0.0 0.0
gw 0.0 0.0 0.0 0.0
gw 0.0 0.0 0.0 0.0
gw 0.0 0.0 0.0 0.0
gw 0.0 0.0 0.0 0.0
gw 0.0 0.0 0.0 0.0
gw 0.0 0.0 0.0 0.0
gw 0.0 0.0 0.0 0.0
gw 0.0 0.0 0.0 0.0
gw 0.0 0.0 0.0 0.0
gw 0.0 0.0 0.0 0.0
gw 0.0 0.0 0.0 0.0
gw 0.0 0.0 0.0 0.0
gw 0.0 0.0 0.0 0.0
gw 0.0 0.0 0.0 0.0
gw 0.0 0.0 0.0 0.0
gw 0.0 0.0 0.0 0.0
gw 0.0 0.0 0.0 0.0
gw 0.0 0.0 0.0 0.0
gw 0.0 0.0 0.0 0.0
gw 0.0 0.0 0.0 0.0
gw 0.0 0.0 0.0 0.0
gw 0.0 0.0 0.0 0.0
gw 0.0 0.0 0.0 0.0
gw 0.0 0.0 0.0 0.0
gw 0.0 0.0 0.0 0.0
gw 0.0 0.0 0.0 0.0
gw 0.0 0.0 0.0 0.0
gw 0.0 0.0 0.0 0.0
gw 0.0 0.0 0.0 0.0
gw 0.0 0.0 0.0 0.0
gw 0.0 0.0 0.0 0.0
gw 0.0 0.0 0.0 0.0
gw 0.0 0.0 0.0 0.0
gw 0.0 0.0 0.0 0.0
gw 0.0 0.0 0.0 0.0
gw 0.0 0.0 0.0 0.0
gw 0.0 0.0 0.0 0.0
gw 0.0 0.0 0.0 0.0
gw 0.0 0.0 0.0 0.0
gw 0.0 0.0 0.0 0.0
gw 0.0 0.0 0.0 0.0
gw 0.0 0.0 0.0 0.0
gw 0.0 0.0 0.0 0.0
gw 0.0 0.0 0.0 0.0
gw 0.0 0.0 0.0 0.0
gw 0.0 0.0 0.0 0.0
gw 0.0 0.0 0.0 0.0
gw 0.0 0.0 0.0 0.0
gw 0.0 0.0 0.0 0.0
gw 0.0 0.0 0.0 0.0
gw 0.0 0.0 0.0 0.0
gw 0.0 0.0 0.0 0.0
gw 0.0 0.0 0.0 0.0
gw 0.0 0.0 0.0 0.0
gw 0.0 0.0 0.0 0.0
gw 0.0 0.0 0.0 0.0
gw 0.0 0.0 0.0 0.0
gw 0.0 0.0 0.0 0.0
gw 0.0 0.0 0.0 0.0
gw 0.0 0.0 0.0 0.0
gw 0.0 0.0 0.0 0.0
gw 0.0 0.0 0.0 0.0
gw 0.0 0.0 0.0 0.0
gw 0.0 0.0 0.0 0.0
gw 0.0 0.0 0.0 0.0
gw 0.0 0.0 0.0 0.0
gw 0.0 0.0 0.0 0.0
gw 0.0 0.0 0.0 0.0
gw 0.0 0.0 0.0 0.0
gw 0.0 0.0 0.0 0.0
gw 0.0 0.0 0.0 0.0
gw 0.0 0.0 0.0 0.0
gw 0.0 0.0 0.0 0.0
gw 0.0 0.0 0.0 0.0
gw 0.0 0.0 0.0 0.0
gw 0.0 0.0 0.0 0.0
gw 0.0 0.0 0.0 0.0
gw 0.0 0.0 0.0 0.0
gw 0.0 0.0 0.0 0.0
gw 0.0 0.0 0.0 0.0
gw 0.0 0.0 0.0 0.0
gw 0.0 0.0 0.0 0.0
gw 0.0 0.0 0.0 0.0
gw 0.0 0.0 0.0 0.0
gw 0.0 0.0 0.0 0.0
gw 0.0 0.0 0.0 0.0
gw 0.0 0.0 0.0 0.0
gw 0.0 0.0 0.0 0.0
gw 0.0 0.0 0.0 0.0
gw 0.0 0.0 0.0 0.0
gw 0.0 0.0 0.0 0.0
gw 0.0 0.0 0.0 0.0
gw 0.0 0.0 0.0 0.0
gw 0.0 0.0 0.0 0.0
gw 0.0 0.0 0.0 0.0
gw 0.0 0.0 0.0 0.0
gw 0.0 0.0 0.0 0.0
gw 0.0 0.0 0.0 0.0
gw 0.0 0.0 0.0 0.0
gw 0.0 0.0 0.0 0.0
gw 0.0 0.0 0.0 0.0
gw 0.0 0.0 0.0 0.0
gw 0.0 0.0 0.0 0.0
gw 0.0 0.0 0.0 0.0
gw 0.0 0.0 0.0 0.0
gw 0.0 0.0 0.0 0.0
gw 0.0 0.0 0.0 0.0
gw 0.0 0.0 0.0 0.0
gw 0.0 0.0 0.0 0.0
gw 0.0 0.0 0.0 0.0
gw 0.0 0.0 0.0 0.0
gw 0.0 0.0 0.0 0.0
gw 0.0 0.0 0.0 0.0
gw 0.0 0.0 0.0 0.0
gw 0.0 0.0 0.0 0.0
gw 0.0 0.0 0.0 0.0
gw 0.0 0.0 0.0 0.0
gw 0.0 0.0 0.0 0.0
gw 0.0 0.0 0.0 0.0
gw 0.0 0.0 0.0 0.0
gw 0.0 0.0 0.0 0.0
gw 0.0 0.0 0.0 0.0
gw 0.0 0.0 0.0 0.0
gw 0.0 0.0 0.0 0.0
gw 0.0 0.0 0.0 0.0
gw 0.0 0.0 0.0 0.0
gw 0.0 0.0 0.0 0.0
gw 0.0 0.0 0.0 0.0
gw 0.0 0.0 0.0 0.0
gw 0.0 0.0 0.0 0.0
gw 0.0 0.0 0.0 0.0
gw 0.0 0.0 0.0 0.0
gw 0.0 0.0 0.0 0.0
gw 0.0 0.0 0.0 0.0
gw 0.0 0.0 0.0 0.0
gw 0.0 0.0 0.0 0.0
gw 0.0 0.0 0.0 0.0
gw 0.0 0.0 0.0 0.0
gw 0.0 0.0 0.0 0.0
gw 0.0 0.0 0.0 0.0
gw 0.0 0.0 0.0 0.0
gw 0.0 0.0 0.0 0.0
gw 0.0 0.0 0.0 0.0
gw 0.0 0.0 0.0 0.0
gw 0.0 0.0 0.0 0.0
gw 0.0 0.0 0.0 0.0
gw 0.0 0.0 0.0 0.0
gw 0.0 0.0 0.0 0.0
gw 0.0 0.0 0.0 0.0
gw 0.0 0.0 0.0 0.0
gw 0.0 0.0 0.0 0.0
gw 0.0 0.0 0.0 0.0
gw 0.0 0.0 0.0 0.0
gw 0.0 0.0 0.0 0.0
gw 0.0 0.0 0.0 0.0
gw 0.0 0.0 0.0 0.0
gw 0.0 0.0 0.0 0.0
gw 0.0 0.0 0.0 0.0
gw 0.0 0.0 0.0 0.0
gw 0.0 0.0 0.0 0.0
gw 0.0 0.0 0.0 0.0
gw 0.0 0.0 0.0 0.0
gw 0.0 0.0 0.0 0.0
gw 0.0 0.0 0.0 0.0
gw 0.0 0.0 0.0 0.0
gw 0.0 0.0 0.0 0.0
gw 0.0 0.0 0.0 0.0
gw 0.0 0.0 0.0 0.0
gw 0.0 0.0 0.0 0.0
gw 0.0 0.0 0.0 0.0
gw 0.0 0.0 0.0 0.0
gw 0.0 0.0 0.0 0.0
gw 0.0 0.0 0.0 0.0
gw 0.0 0.0 0.0 0.0
gw 0.0 0.0 0.0 0.0
gw 0.0 0.0 0.0 0.0
gw 0.0 0.0 0.0 0.0
gw 0.0 0.0 0.0 0.0
gw 0.0 0.0 0.0 0.0
gw 0.0 0.0 0.0 0.0
gw 0.0 0.0 0.0 0.0
gw 0.0 0.0 0.0 0.0
gw 0.0 0.0 0.0 0.0
gw 0.0 0.0 0.0 0.0
gw 0.0 0.0 0.0 0.0
gw 0.0 0.0 0.0 0.0
gw 0.0 0.0 0.0 0.0
gw 0.0 0.0 0.0 0.0
gw 0.0 0.0 0.0 0.0
gw 0.0 0.0 0.0 0.0
gw 0.0 0.0 0.0 0.0
gw 0.0 0.0 0.0 0.0
gw 0.0 0.0 0.0 0.0
gw 0.0 0.0 0.0 0.0
gw 0.0 0.0 0.0 0.0
gw 0.0 0.0 0.0 0.0
gw 0.0 0.0 0.0 0.0
gw 0.0 0.0 0.0 0.0
gw 0.0 0.0 0.0 0.0
gw 0.0 0.0 0.0 0.0
gw 0.0 0.0 0.0 0.0
gw 0.0 0.0 0.0 0.0
gw 0.0 0.0 0.0 0.0
gw 0.0 0.0 0.0 0.0
gw 0.0 0.0 0.0 0.0
gw 0.0 0.0 0.0 0.0
gw 0.0 0.0 0.0 0.0
gw 0.0 0.0 0.0 0.0
gw 0.0 0.0 0.0 0.0
gw 0.0 0.0 0.0 0.0
gw 0.0 0.0 0.0 0.0
gw 0.0 0.0 0.0 0.0
gw 0.0 0.0 0.0 0.0
gw 0.0 0.0 0.0 0.0
gw 0.0 0.0 0.0 0.0
gw 0.0 0.0 0.0 0.0
gw 0.0 0.0 0.0 0.0
gw 0.0 0.0 0.0 0.0
gw 0.0 0.0 0.0 0.0
gw 0.0 0.0 0.0 0.0
gw 0.0 0.0 0.0 0.0
gw 0.0 0.0 0.0 0.0
gw 0.0 0.0 0.0 0.0
gw 0.0 0.0 0.0 0.0
gw 0.0 0.0 0.0 0.0
gw 0.0 0.0 0.0 0.0
gw 0.0 0.0 0.0 0.0
gw 0.0 0.0 0.0 0.0
gw 0.0 0.0 0.0 0.0
gw 0.0 0.0 0.0 0.0
gw 0.0 0.0 0.0 0.0
gw 0.0 0.0 0.0 0.0
gw 0.0 0.0 0.0 0.0
gw 0.0 0.0 0.0 0.0
gw 0.0 0.0 0.0 0.0
gw 0.0 0.0 0.0 0.0
gw 0.0 0.0 0.0 0.0
gw 0.0 0.0 0.0 0.0
gw 0.0 0.0 0.0 0.0
gw 0.0 0.0 0.0 0.0
gw 0.0 0.0 0.0 0.0
gw 0.0 0.0 0.0 0.0
gw 0.0 0.0 0.0 0.0
gw 0.0 0.0 0.0 0.0
gw 0.0 0.0 0.0 0.0
gw 0.0 0.0 0.0 0.0
gw 0.0 0.0 0.0 0.0
gw 0.0 0.0 0.0 0.0
gw 0.0 0.0 0.0 0.0
gw 0.0 0.0 0.0 0.0
gw 0.0 0.0 0.0 0.0
gw 0.0 0.0 0.0 0.0
gw 0.0 0.0 0.0 0.0
gw 0.0 0.0 0.0 0.0
gw 0.0 0.0 0.0 0.0
gw 0.0 0.0 0.0 0.0
gw 0.0 0.0 0.0 0.0
gw 0.0 0.0 0.0 0.0
gw 0.0 0.0 0.0 0.0
gw 0.0 0.0 0.0 0.0
gw 0.0 0.0 0.0 0.0
gw 0.0 0.0 0.0 0.0
gw 0.0 0.0 0.0 0.0
gw 0.0 0.0 0.0 0.0
gw 0.0 0.0 0.0 0.0
gw 0.0 0.0 0.0 0.0
gw 0.0 0.0 0.0 0.0
gw 0.0 0.0 0.0 0.0
gw 0.0 0.0 0.0 0.0
gw 0.0 0.0 0.0 0.0
gw 0.0 0.0 0.0 0.0
gw 0.0 0.0 0.0 0.0
gw 0.0 0.0 0.0 0.0
gw 0.0 0.0 0.0 0.0
gw 0.0 0.0 0.0 0.0
gw 0.0 0.0 0.0 0.0
gw 0.0 0.0 0.0 0.0
gw 0.0 0.0 0.0 0.0
gw 0.0 0.0 0.0 0.0
gw 0.0 0.0 0.0 0.0
gw 0.0 0.0 0.0 0.0
gw 0.0 0.0 0.0 0.0
gw 0.0 0.0 0.0 0.0
gw 0.0 0.0 0.0 0.0
gw 0.0 0.0 0.0 0.0
gw 0.0 0.0 0.0 0.0
gw 0.0 0.0 0.0 0.0
gw 0.0 0.0 0.0 0.0
gw 0.0 0.0 0.0 0.0
gw 0.0 0.0 0.0 0.0
gw 0.0 0.0 0.0 0.0
gw 0.0 0.0 0.0 0.0
gw 0.0 0.0 0.0 0.0
gw 0.0 0.0 0.0 0.0
gw 0.0 0.0 0.0 0.0
gw 0.0 0.0 0.0 0.0
gw 0.0 0.0 0.0 0.0
gw 0.0 0.0 0.0 0.0
gw 0.0 0.0 0.0 0.0
gw 0.0 0.0 0.0 0.0
gw 0.0 0.0 0.0 0.0
gw 0.0 0.0 0.0 0.0
gw 0.0 0.0 0.0 0.0
gw 0.0 0.0 0.0 0.0
gw 0.0 0.0 0.0 0.0
gw 0.0 0.0 0.0 0.0
gw 0.0 0.0 0.0 0.0
gw 0.0 0.0 0.0 0.0
gw 0.0 0.0 0.0 0.0
gw 0.0 0.0 0.0 0.0
gw 0.0 0.0 0.0 0.0
gw 0.0 0.0 0.0 0.0
gw 0.0 0.0 0.0 0.0
gw 0.0 0.0 0.0 0.0
gw 0.0 0.0 0.0 0.0
gw 0.0 0.0 0.0 0.0
gw 0.0 0.0 0.0 0.0
gw 0.0 0.0 0.0 0.0
gw 0.0 0.0 0.0 0.0
gw 0.0 0.0 0.0 0.0
gw 0.0 0.0 0.0 0.0
gw 0.0 0.0 0.0 0.0
gw 0.0 0.0 0.0 0.0
gw 0.0 0.0 0.0 0.0
gw 0.0 0.0 0.0 0.0
gw 0.0 0.0 0.0 0.0
gw 0.0 0.0 0.0 0.0
gw 0.0 0.0 0.0 0.0
gw 0.0 0.0 0.0 0.0
gw 0.0 0.0 0.0 0.0
gw 0.0 0.0 0.0 0.0
gw 0.0 0.0 0.0 0.0
gw 0.0 0.0 0.0 0.0
gw 0.0 0.0 0.0 0.0
gw 0.0 0.0 0.0 0.0
gw 0.0 0.0 0.0 0.0
gw 0.0 0.0 0.0 0.0
gw 0.0 0.0 0.0 0.0
gw 0.0 0.0 0.0 0.0
gw 0.0 0.0 0.0 0.0
gw 0.0 0.0 0.0 0.0
gw 0.0 0.0 0.0 0.0
gw 0.0 0.0 0.0 0.0
gw 0.0 0.0 0.0 0.0
gw 0.0 0.0 0.0 0.0
gw 0.0 0.0 0.0 0.0
gw 0.0 0.0 0.0 0.0
gw 0.0 0.0 0.0 0.0
gw 0.0 0.0 0.0 0.0
gw 0.0 0.0 0.0 0.0
gw 0.0 0.0 0.0 0.0
gw 0.0 0.0 0.0 0.0
gw 0.0 0.0 0.0 0.0
gw 0.0 0.0 0.0 0.0
gw 0.0 0.0 0.0 0.0
gw 0.0 0.0 0.0 0.0
gw 0.0 0.0 0.0 0.0
gw 0.0 0.0 0.0 0.0
gw 0.0 0.0 0.0 0.0
gw 0.0 0.0 0.0 0.0
gw 0.0 0.0 0.0 0.0
gw 0.0 0.0 0.0 0.0
gw 0.0 0.0 0.0 0.0
gw 0.0 0.0 0.0 0.0
gw 0.0 0.0 0.0 0.0
gw 0.0 0.0 0.0 0.0
gw 0.0 0.0 0.0 0.0
gw 0.0 0.0 0.0 0.0
gw 0.0 0.0 0.0 0.0
gw 0.0 0.0 0.0 0.0
gw 0.0 0.0 0.0 0.0
gw 0.0 0.0 0.0 0.0
gw 0.0 0.0 0.0 0.0
gw 0.0 0.0 0.0 0.0
gw 0.0 0.0 0.0 0.0
gw 0.0 0.0 0.0 0.0
gw 0.0 0.0 0.0 0.0
gw 0.0 0.0 0.0 0.0
gw 0.0 0.0 0.0 0.0
gw 0.0 0.0 0.0 0.0
gw 0.0 0.0 0.0 0.0
gw 0.0 0.0 0.0 0.0
gw 0.0 0.0 0.0 0.0
gw 0.0 0.0 0.0 0.0
gw 0.0 0.0 0.0 0.0
gw 0.0 0.0 0.0 0.0
gw 0.0 0.0 0.0 0.0
gw 0.0 0.0 0.0 0.0
gw 0.0 0.0 0.0 0.0
gw 0.0 0.0 0.0 0.0
gw 0.0 0.0 0.0 0.0
gw 0.0 0.0 0.0 0.0
gw 0.0 0.0 0.0 0.0
gw 0.0 0.0 0.0 0.0
gw 0.0 0.0 0.0 0.0
gw 0.0 0.0 0.0 0.0
gw 0.0 0.0 0.0 0.0
gw 0.0 0.0 0.0 0.0
gw 0.0 0.0 0.0 0.0
gw 0.0 0.0 0.0 0.0
gw 0.0 0.0 0.0 0.0
gw 0.0 0.0 0.0 0.0
gw 0.0 0.0 0.0 0.0
gw 0.0 0.0 0.0 0.0
gw 0.0 0.0 0.0 0.0
gw 0.0 0.0 0.0 0.0
gw 0.0 0.0 0.0 0.0
gw 0.0 0.0 0.0 0.0
gw 0.0 0.0 0.0 0.0
gw 0.0 0.0 0.0 0.0
gw 0.0 0.0 0.0 0.0
gw 0.0 0.0 0.0 0.0
gw 0.0 0.0 0.0 0.0
gw 0.0 0.0 0.0 0.0
gw 0.0 0.0 0.0 0.0
gw 0.0 0.0 0.0 0.0
gw 0.0 0.0 0.0 0.0
gw 0.0 0.0 0.0 0.0
gw 0.0 0.0 0.0 0.0
gw 0.0 0.0 0.0 0.0
gw 0.0 0.0 0.0 0.0
gw 0.0 0.0 0.0 0.0
gw 0.0 0.0 0.0 0.0
gw 0.0 0.0 0.0 0.0
gw 0.0 0.0 0.0 0.0
gw 0.0 0.0 0.0 0.0
gw 0.0 0.0 0.0 0.0
gw 0.0 0.0 0.0 0.0
gw 0.0 0.0 0.0 0.0
gw 0.0 0.0 0.0 0.0
gw 0.0 0.0 0.0 0.0
gw 0.0 0.0 0.0 0.0
gw 0.0 0.0 0.0 0.0
gw 0.0 0.0 0.0 0.0
gw 0.0 0.0 0.0 0.0
gw 0.0 0.0 0.0 0.0
gw 0.0 0.0 0.0 0.0
gw 0.0 0.0 0.0 0.0
gw 0.0 0.0 0.0 0.0
gw 0.0 0.0 0.0 0.0
gw 0.0 0.0 0.0 0.0
gw 0.0 0.0 0.0 0.0
gw 0.0 0.0 0.0 0.0
gw 0.0 0.0 0.0 0.0
gw 0.0 0.0 0.0 0.0
gw 0.0 0.0 0.0 0.0
gw 0.0 0.0 0.0 0.0
gw 0.0 0.0 0.0 0.0
gw 0.0 0.0 0.0 0.0
gw 0.0 0.0 0.0 0.0
gw 0.0 0.0 0.0 0.0
gw 0.0 0.0 0.0 0.0
gw 0.0 0.0 0.0 0.0
gw 0.0 0.0 0.0 0.0
gw 0.0 0.0 0.0 0.0
gw 0.0 0.0 0.0 0.0
gw 0.0 0.0 0.0 0.0
gw 0.0 0.0 0.0 0.0
gw 0.0 0.0 0.0 0.0
gw 0.0 0.0 0.0 0.0
gw 0.0 0.0 0.0 0.0
gw 0.0 0.0 0.0 0.0
gw 0.0 0.0 0.0 0.0
gw 0.0 0.0 0.0 0.0
gw 0.0 0.0 0.0 0.0
gw 0.0 0.0 0.0 0.0
gw 0.0 0.0 0.0 0.0
gw 0.0 0.0 0.0 0.0
gw 0.0 0.0 0.0 0.0
gw 0.0 0.0 0.0 0.0
gw 0.0 0.0 0.0 0.0
gw 0.0 0.0 0.0 0.0
gw 0.0 0.0 0.0 0.0
gw 0.0 0.0 0.0 0.0
gw 0.0 0.0 0.0 0.0
gw 0.0 0.0 0.0 0.0
gw 0.0 0.0 0.0 0.0
gw 0.0 0.0 0.0 0.0
gw 0.0 0.0 0.0 0.0
gw 0.0 0.0 0.0 0.0
gw 0.0 0.0 0.0 0.0
gw 0.0 0.0 0.0 0.0
gw 0.0 0.0 0.0 0.0
gw 0.0 0.0 0.0 0.0
gw 0.0 0.0 0.0 0.0
gw 0.0 0.0 0.0 0.0
gw 0.0 0.0 0.0 0.0
gw 0.0 0.0 0.0 0.0
gw 0.0 0.0 0.0 0.0
gw 0.0 0.0 0.0 0.0
gw 0.0 0.0 0.0 0.0
gw 0.0 0.0 0.0 0.0
gw 0.0 0.0 0.0 0.0
gw 0.0 0.0 0.0 0.0
gw 0.0 0.0 0.0 0.0
gw 0.0 0.0 0.0 0.0
gw 0.0 0.0 0.0 0.0
gw 0.0 0.0 0.0 0.0
gw 0.0 0.0 0.0 0.0
gw 0.0 0.0 0.0 0.0
gw 0.0 0.0 0.0 0.0
gw 0.0 0.0 0.0 0.0
gw 0.0 0.0 0.0 0.0
gw 0.0 0.0 0.0 0.0
gw 0.0 0.0 0.0 0.0
gw 0.0 0.0 0.0 0.0
gw 0.0 0.0 0.0 0.0
gw 0.0 0.0 0.0 0.0
gw 0.0 0.0 0.0 0.0
gw 0.0 0.0 0.0 0.0
gw 0.0 0.0 0.0 0.0
gw 0.0 0.0 0.0 0.0
gw 0.0 0.0 0.0 0.0
gw 0.0 0.0 0.0 0.0
gw 0.0 0.0 0.0 0.0
gw 0.0 0.0 0.0 0.0
gw 0.0 0.0 0.0 0.0
gw 0.0 0.0 0.0 0.0
gw 0.0 0.0 0.0 0.0
gw 0.0 0.0 0.0 0.0
gw 0.0 0.0 0.0 0.0
gw 0.0 0.0 0.0 0.0
gw 0.0 0.0 0.0 0.0
gw 0.0 0.0 0.0 0.0
gw 0.0 0.0 0.0 0.0
gw 0.0 0.0 0.0 0.0
gw 0.0 0.0 0.0 0.0
gw 0.0 0.0 0.0 0.0
gw 0.0 0.0 0.0 0.0
gw 0.0 0.0 0.0 0.0
gw 0.0 0.0 0.0 0.0
gw 0.0 0.0 0.0 0.0
gw 0.0 0.0 0.0 0.0
gw 0.0 0.0 0.0 0.0
gw 0.0 0.0 0.0 0.0
gw 0.0 0.0 0.0 0.0
gw 0.0 0.0 0.0 0.0
gw 0.0 0.0 0.0 0.0
gw 0.0 0.0 0.0 0.0
gw 0.0 0.0 0.0 0.0
gw 0.0 0.0 0.0 0.0
gw 0.0 0.0 0.0 0.0
gw 0.0 0.0 0.0 0.0
gw 0.0 0.0 0.0 0.0
gw 0.0 0.0 0.0 0.0
gw 0.0 0.0 0.0 0.0
gw 0.0 0.0 0.0 0.0
gw 0.0 0.0 0.0 0.0
gw 0.0 0.0 0.0 0.0
gw 0.0 0.0 0.0 0.0
gw 0.0 0.0 0.0 0.0
gw 0.0 0.0 0.0 0.0
gw 0.0 0.0 0.0 0.0
gw 0.0 0.0 0.0 0.0
gw 0.0 0.0 0.0 0.0
gw 0.0 0.0 0.0 0.0
gw 0.0 0.0 0.0 0.0
gw 0.0 0.0 0.0 0.0
gw 0.0 0.0 0.0 0.0
gw 0.0 0.0 0.0 0.0
gw 0.0 0.0 0.0 0.0
gw 0.0 0.0 0.0 0.0
gw 0.0 0.0 0.0 0.0
gw 0.0 0.0 0.0 0.0
gw 0.0 0.0 0.0 0.0
gw 0.0 0.0 0.0 0.0
gw 0.0 0.0 0.0 0.0
gw 0.0 0.0 0.0 0.0
gw 0.0 0.0 0.0 0.0
gw 0.0 0.0 0.0 0.0
gw 0.0 0.0 0.0 0.0
gw 0.0 0.0 0.0 0.0
gw 0.0 0.0 0.0 0.0
gw 0.0 0.0 0.0 0.0
gw 0.0 0.0 0.0 0.0
gw 0.0 0.0 0.0 0.0
gw 0.0 0.0 0.0 0.0
gw 0.0 0.0 0.0 0.0
gw 0.0 0.0 0.0 0.0
gw 0.0 0.0 0.0 0.0
gw 0.0 0.0 0.0 0.0
gw 0.0 0.0 0.0 0.0
gw 0.0 0.0 0.0 0.0
gw 0.0 0.0 0.0 0.0
gw 0.0 0.0 0.0 0.0
gw 0.0 0.0 0.0 0.0
gw 0.0 0.0 0.0 0.0
gw 0.0 0.0 0.0 0.0
gw 0.0 0.0 0.0 0.0
gw 0.0 0.0 0.0 0.0
gw 0.0 0.0 0.0 0.0
gw 0.0 0.0 0.0 0.0
gw 0.0 0.0 0.0 0.0
gw 0.0 0.0 0.0 0.0
gw 0.0 0.0 0.0 0.0
gw 0.0 0.0 0.0 0.0
gw 0.0 0.0 0.0 0.0
gw 0.0 0.0 0.0 0.0
gw 0.0 0.0 0.0 0.0
gw 0.0 0.0 0.0 0.0
gw 0.0 0.0 0.0 0.0
gw 0.0 0.0 0.0 0.0
gw 0.0 0.0 0.0 0.0
gw 0.0 0.0 0.0 0.0
gw 0.0 0.0 0.0 0.0
gw 0.0 0.0 0.0 0.0
gw 0.0 0.0 0.0 0.0
gw 0.0 0.0 0.0 0.0
gw 0.0 0.0 0.0 0.0
gw 0.0 0.0 0.0 0.0
gw 0.0 0.0 0.0 0.0
gw 0.0 0.0 0.0 0.0
gw 0.0 0.0 0.0 0.0
gw 0.0 0.0 0.0 0.0
gw 0.0 0.0 0.0 0.0
gw 0.0 0.0 0.0 0.0
gw 0.0 0.0 0.0 0.0
gw 0.0 0.0 0.0 0.0
gw 0.0 0.0 0.0 0.0
gw 0.0 0.0 0.0 0.0
gw 0.0 0.0 0.0 0.0
gw 0.0 0.0 0.0 0.0
gw 0.0 0.0 0.0 0.0
gw 0.0 0.0 0.0 0.0
gw 0.0 0.0 0.0 0.0
gw 0.0 0.0 0.0 0.0
gw 0.0 0.0 0.0 0.0
gw 0.0 0.0 0.0 0.0
gw 0.0 0.0 0.0 0.0
gw 0.0 0.0 0.0 0.0
gw 0.0 0.0 0.0 0.0
gw 0.0 0.0 0.0 0.0
gw 0.0 0.0 0.0 0.0
gw 0.0 0.0 0.0 0.0
gw 0.0 0.0 0.0 0.0
gw 0.0 0.0 0.0 0.0
gw 0.0 0.0 0.0 0.0
gw 0.0 0.0 0.0 0.0
gw 0.0 0.0 0.0 0.0
gw 0.0 0.0 0.0 0.0
gw 0.0 0.0 0.0 0.0
gw 0.0 0.0 0.0 0.0
gw 0.0 0.0 0.0 0.0
gw 0.0 0.0 0.0 0.0
gw 0.0 0.0 0.0 0.0
gw 0.0 0.0 0.0 0.0
gw 0.0 0.0 0.0 0.0
gw 0.0 0.0 0.0 0.0
gw 0.0 0.0 0.0 0.0
gw 0.0 0.0 0.0 0.0
gw 0.0 0.0 0.0 0.0
gw 0.0 0.0 0.0 0.0
gw 0.0 0.0 0.0 0.0
gw 0.0 0.0 0.0 0.0
gw 0.0 0.0 0.0 0.0
gw 0.0 0.0 0.0 0.0
gw 0.0 0.0 0.0 0.0
gw 0.0 0.0 0.0 0.0
gw 0.0 0.0 0.0 0.0
gw 0.0 0.0 0.0 0.0
gw 0.0 0.0 0.0 0.0
gw 0.0 0.0 0.0 0.0
gw 0.0 0.0 0.0 0.0
gw 0.0 0.0 0.0 0.0
gw 0.0 0.0 0.0 0.0
gw 0.0 0.0 0.0 0.0
gw 0.0 0.0 0.0 0.0
gw 0.0 0.0 0.0 0.0
gw 0.0 0.0 0.0 0.0
gw 0.0 0.0 0.0 0.0
gw 0.0 0.0 0.0 0.0
gw 0.0 0.0 0.0 0.0
gw 0.0 0.0 0.0 0.0
gw 0.0 0.0 0.0 0.0
gw 0.0 0.0 0.0 0.0
gw 0.0 0.0 0.0 0.0
gw 0.0 0.0 0.0 0.0
gw 0.0 0.0 0.0 0.0
gw 0.0 0.0 0.0 0.0
gw 0.0 0.0 0.0 0.0
gw 0.0 0.0 0.0 0.0
gw 0.0 0.0 0.0 0.0
gw 0.0 0.0 0.0 0.0
gw 0.0 0.0 0.0 0.0
gw 0.0 0.0 0.0 0.0
gw 0.0 0.0 0.0 0.0
gw 0.0 0.0 0.0 0.0
gw 0.0 0.0 0.0 0.0
gw 0.0 0.0 0.0 0.0
gw 0.0 0.0 0.0 0.0
gw 0.0 0.0 0.0 0.0
gw 0.0 0.0 0.0 0.0
gw 0.0 0.0 0.0 0.0
gw 0.0 0.0 0.0 0.0
gw 0.0 0.0 0.0 0.0
gw 0.0 0.0 0.0 0.0
gw 0.0 0.0 0.0 0.0
gw 0.0 0.0 0.0 0.0
gw 0.0 0.0 0.0 0.0
gw 0.0 0.0 0.0 0.0
gw 0.0 0.0 0.0 0.0
gw 0.0 0.0 0.0 0.0
gw 0.0 0.0 0.0 0.0
gw 0.0 0.0 0.0 0.0
gw 0.0 0.0 0.0 0.0
gw 0.0 0.0 0.0 0.0
gw 0.0 0.0 0.0 0.0
gw 0.0 0.0 0.0 0.0
gw 0.0 0.0 0.0 0.0
gw 0.0 0.0 0.0 0.0
gw 0.0 0.0 0.0 0.0
gw 0.0 0.0 0.0 0.0
gw 0.0 0.0 0.0 0.0
gw 0.0 0.0 0.0 0.0
gw 0.0 0.0 0.0 0.0
gw 0.0 0.0 0.0 0.0
gw 0.0 0.0 0.0 0.0
gw 0.0 0.0 0.0 0.0
gw 0.0 0.0 0.0 0.0
gw 0.0 0.0 0.0 0.0
gw 0.0 0.0 0.0 0.0
gw 0.0 0.0 0.0 0.0
gw 0.0 0.0 0.0 0.0
gw 0.0 0.0 0.0 0.0
gw 0.0 0.0 0.0 0.0
gw 0.0 0.0 0.0 0.0
gw 0.0 0.0 0.0 0.0
gw 0.0 0.0 0.0 0.0
gw 0.0 0.0 0.0 0.0
gw 0.0 0.0 0.0 0.0
gw 0.0 0.0 0.0 0.0
gw 0.0 0.0 0.0 0.0
gw 0.0 0.0 0.0 0.0
gw 0.0 0.0 0.0 0.0
gw 0.0 0.0 0.0 0.0
gw 0.0 0.0 0.0 0.0
gw 0.0 0.0 0.0 0.0
gw 0.0 0.0 0.0 0.0
gw 0.0 0.0 0.0 0.0
gw 0.0 0.0 0.0 0.0
gw 0.0 0.0 0.0 0.0
gw 0.0 0.0 0.0 0.0
gw 0.0 0.0 0.0 0.0
gw 0.0 0.0 0.0 0.0
gw 0.0 0.0 0.0 0.0
gw 0.0 0.0 0.0 0.0
gw 0.0 0.0 0.0 0.0
gw 0.0 0.0 0.0 0.0
gw 0.0 0.0 0.0 0.0
gw 0.0 0.0 0.0 0.0
gw 0.0 0.0 0.0 0.0
gw 0.0 0.0 0.0 0.0
gw 0.0 0.0 0.0 0.0
gw 0.0 0.0 0.0 0.0
gw 0.0 0.0 0.0 0.0
gw 0.0 0.0 0.0 0.0
gw 0.0 0.0 0.0 0.0
gw 0.0 0.0 0.0 0.0
gw 0.0 0.0 0.0 0.0
gw 0.0 0.0 0.0 0.0
gw 0.0 0.0 0.0 0.0
gw 0.0 0.0 0.0 0.0
gw 0.0 0.0 0.0 0.0
gw 0.0 0.0 0.0 0.0
gw 0.0 0.0 0.0 0.0
gw 0.0 0.0 0.0 0.0
gw 0.0 0.0 0.0 0.0
gw 0.0 0.0 0.0 0.0
gw 0.0 0.0 0.0 0.0
gw 0.0 0.0 0.0 0.0
gw 0.0 0.0 0.0 0.0
gw 0.0 0.0 0.0 0.0
gw 0.0 0.0 0.0 0.0
gw 0.0 0.0 0.0 0.0
gw 0.0 0.0 0.0 0.0
gw 0.0 0.0 0.0 0.0
gw 0.0 0.0 0.0 0.0
gw 0.0 0.0 0.0 0.0
gw 0.0 0.0 0.0 0.0
gw 0.0 0.0 0.0 0.0
gw 0.0 0.0 0.0 0.0
gw 0.0 0.0 0.0 0.0
gw 0.0 0.0 0.0 0.0
gw 0.0 0.0 0.0 0.0
gw 0.0 0.0 0.0 0.0
gw 0.0 0.0 0.0 0.0
gw 0.0 0.0 0.0 0.0
gw 0.0 0.0 0.0 0.0
gw 0.0 0.0 0.0 0.0
gw 0.0 0.0 0.0 0.0
gw 0.0 0.0 0.0 0.0
gw 0.0 0.0 0.0 0.0
gw 0.0 0.0 0.0 0.0
gw 0.0 0.0 0.0 0.0
gw 0.0 0.0 0.0 0.0
gw 0.0 0.0 0.0 0.0
gw 0.0 0.0 0.0 0.0
gw 0.0 0.0 0.0 0.0
gw 0.0 0.0 0.0 0.0
gw 0.0 0.0 0.0 0.0
gw 0.0 0.0 0.0 0.0
gw 0.0 0.0 0.0 0.0
gw 0.0 0.0 0.0 0.0
gw 0.0 0.0 0.0 0.0
gw 0.0 0.0 0.0 0.0
gw 0.0 0.0 0.0 0.0
gw 0.0 0.0 0.0 0.0
gw 0.0 0.0 0.0 0.0
gw 0.0 0.0 0.0 0.0
gw 0.0 0.0 0.0 0.0
gw 0.0 0.0 0.0 0.0
gw 0.0 0.0 0.0 0.0
gw 0.0 0.0 0.0 0.0
gw 0.0 0.0 0.0 0.0
gw 0.0 0.0 0.0 0.0
gw 0.0 0.0 0.0 0.0
gw 0.0 0.0 0.0 0.0
gw 0.0 0.0 0.0 0.0
gw 0.0 0.0 0.0 0.0
gw 0.0 0.0 0.0 0.0
gw 0.0 0.0 0.0 0.0
gw 0.0 0.0 0.0 0.0
gw 0.0 0.0 0.0 0.0
gw 0.0 0.0 0.0 0.0
gw 0.0 0.0 0.0 0.0
gw 0.0 0.0 0.0 0.0
gw 0.0 0.0 0.0 0.0
gw 0.0 0.0 0.0 0.0
gw 0.0 0.0 0.0 0.0
gw 0.0 0.0 0.0 0.0
gw 0.0 0.0 0.0 0.0
gw 0.0 0.0 0.0 0.0
gw 0.0 0.0 0.0 0.0
gw 0.0 0.0 0.0 0.0
gw 0.0 0.0 0.0 0.0
gw 0.0 0.0 0.0 0.0
gw 0.0 0.0 0.0 0.0
gw 0.0 0.0 0.0 0.0
gw 0.0 0.0 0.0 0.0
gw 0.0 0.0 0.0 0.0
gw 0.0 0.0 0.0 0.0
gw 0.0 0.0 0.0 0.0
gw 0.0 0.0 0.0 0.0
gw 0.0 0.0 0.0 0.0
gw 0.0 0.0 0.0 0.0
gw 0.0 0.0 0.0 0.0
gw 0.0 0.0 0.0 0.0
gw 0.0 0.0 0.0 0.0
gw 0.0 0.0 0.0 0.0
gw 0.0 0.0 0.0 0.0
gw 0.0 0.0 0.0 0.0
gw 0.0 0.0 0.0 0.0
gw 0.0 0.0 0.0 0.0
gw 0.0 0.0 0.0 0.0
gw 0.0 0.0 0.0 0.0
gw 0.0 0.0 0.0 0.0
gw 0.0 0.0 0.0 0.0
gw 0.0 0.0 0.0 0.0
gw 0.0 0.0 0.0 0.0
gw 0.0 0.0 0.0 0.0
gw 0.0 0.0 0.0 0.0
gw 0.0 0.0 0.0 0.0
gw 0.0 0.0 0.0 0.0
gw 0.0 0.0 0.0 0.0
gw 0.0 0.0 0.0 0.0
gw 0.0 0.0 0.0 0.0
gw 0.0 0.0 0.0 0.0
gw 0.0 0.0 0.0 0.0
gw 0.0 0.0 0.0 0.0
gw 0.0 0.0 0.0 0.0
gw 0.0 0.0 0.0 0.0
gw 0.0 0.0 0.0 0.0
gw 0.0 0.0 0.0 0.0
gw 0.0 0.0 0.0 0.0
gw 0.0 0.0 0.0 0.0
gw 0.0 0.0 0.0 0.0
gw 0.0 0.0 0.0 0.0
gw 0.0 0.0 0.0 0.0
gw 0.0 0.0 0.0 0.0
gw 0.0 0.0 0.0 0.0
gw 0.0 0.0 0.0 0.0
gw 0.0 0.0 0.0 0.0
gw 0.0 0.0 0.0 0.0
gw 0.0 0.0 0.0 0.0
gw 0.0 0.0 0.0 0.0
gw 0.0 0.0 0.0 0.0
gw 0.0 0.0 0.0 0.0
gw 0.0 0.0 0.0 0.0
gw 0.0 0.0 0.0 0.0
gw 0.0 0.0 0.0 0.0
gw 0.0 0.0 0.0 0.0
gw 0.0 0.0 0.0 0.0
gw 0.0 0.0 0.0 0.0
gw 0.0 0.0 0.0 0.0
gw 0.0 0.0 0.0 0.0
gw 0.0 0.0 0.0 0.0
gw 0.0 0.0 0.0 0.0
gw 0.0 0.0 0.0 0.0
gw 0.0 0.0 0.0 0.0
gw 0.0 0.0 0.0 0.0
gw 0.0 0.0 0.0 0.0
gw 0.0 0.0 0.0 0.0
gw 0.0 0.0 0.0 0.0
gw 0.0 0.0 0.0 0.0
gw 0.0 0.0 0.0 0.0
gw 0.0 0.0 0.0 0.0
gw 0.0 0.0 0.0 0.0
gw 0.0 0.0 0.0 0.0
gw 0.0 0.0 0.0 0.0
gw 0.0 0.0 0.0 0.0
gw 0.0 0.0 0.0 0.0
gw 0.0 0.0 0.0 0.0
gw 0.0 0.0 0.0 0.0
gw 0.0 0.0 0.0 0.0
gw 0.0 0.0 0.0 0.0
gw 0.0 0.0 0.0 0.0
gw 0.0 0.0 0.0 0.0
gw 0.0 0.0 0.0 0.0
gw 0.0 0.0 0.0 0.0
gw 0.0 0.0 0.0 0.0
gw 0.0 0.0 0.0 0.0
gw 0.0 0.0 0.0 0.0
gw 0.0 0.0 0.0 0.0
gw 0.0 0.0 0.0 0.0
gw 0.0 0.0 0.0 0.0
gw 0.0 0.0 0.0 0.0
gw 0.0 0.0 0.0 0.0
gw 0.0 0.0 0.0 0.0
gw 0.0 0.0 0.0 0.0
gw 0.0 0.0 0.0 0.0
gw 0.0 0.0 0.0 0.0
gw 0.0 0.0 0.0 0.0
gw 0.0 0.0 0.0 0.0
gw 0.0 0.0 0.0 0.0
gw 0.0 0.0 0.0 0.0
gw 0.0 0.0 0.0 0.0
gw 0.0 0.0 0.0 0.0
gw 0.0 0.0 0.0 0.0
gw 0.0 0.0 0.0 0.0
gw 0.0 0.0 0.0 0.0
gw 0.0 0.0 0.0 0.0
gw 0.0 0.0 0.0 0.0
gw 0.0 0.0 0.0 0.0
gw 0.0 0.0 0.0 0.0
gw 0.0 0.0 0.0 0.0
gw 0.0 0.0 0.0 0.0
gw 0.0 0.0 0.0 0.0
gw 0.0 0.0 0.0 0.0
gw 0.0 0.0 0.0 0.0
gw 0.0 0.0 0.0 0.0
gw 0.0 0.0 0.0 0.0
gw 0.0 0.0 0.0 0.0
gw 0.0 0.0 0.0 0.0
gw 0.0 0.0 0.0 0.0
gw 0.0 0.0 0.0 0.0
gw 0.0 0.0 0.0 0.0
gw 0.0 0.0 0.0 0.0
gw 0.0 0.0 0.0 0.0
gw 0.0 0.0 0.0 0.0
gw 0.0 0.0 0.0 0.0
gw 0.0 0.0 0.0 0.0
gw 0.0 0.0 0.0 0.0
gw 0.0 0.0 0.0 0.0
gw 0.0 0.0 0.0 0.0
gw 0.0 0.0 0.0 0.0
gw 0.0 0.0 0.0 0.0
gw 0.0 0.0 0.0 0.0
gw 0.0 0.0 0.0 0.0
gw 0.0 0.0 0.0 0.0
gw 0.0 0.0 0.0 0.0
gw 0.0 0.0 0.0 0.0
gw 0.0 0.0 0.0 0.0
gw 0.0 0.0 0.0 0.0
gw 0.0 0.0 0.0 0.0
gw 0.0 0.0 0.0 0.0
gw 0.0 0.0 0.0 0.0
gw 0.0 0.0 0.0 0.0
gw 0.0 0.0 0.0 0.0
gw 0.0 0.0 0.0 0.0
gw 0.0 0.0 0.0 0.0
gw 0.0 0.0 0.0 0.0
gw 0.0 0.0 0.0 0.0
gw 0.0 0.0 0.0 0.0
gw 0.0 0.0 0.0 0.0
gw 0.0 0.0 0.0 0.0
gw 0.0 0.0 0.0 0.0
gw 0.0 0.0 0.0 0.0
gw 0.0 0.0 0.0 0.0
gw 0.0 0.0 0.0 0.0
gw 0.0 0.0 0.0 0.0
gw 0.0 0.0 0.0 0.0
gw 0.0 0.0 0.0 0.0
gw 0.0 0.0 0.0 0.0
gw 0.0 0.0 0.0 0.0
gw 0.0 0.0 0.0 0.0
gw 0.0 0.0 0.0 0.0
gw 0.0 0.0 0.0 0.0
gw 0.0 0.0 0.0 0.0
gw 0.0 0.0 0.0 0.0
gw 0.0 0.0 0.0 0.0
gw 0.0 0.0 0.0 0.0
gw 0.0 0.0 0.0 0.0
gw 0.0 0.0 0.0 0.0
gw 0.0 0.0 0.0 0.0
gw 0.0 0.0 0.0 0.0
gw 0.0 0.0 0.0 0.0
gw 0.0 0.0 0.0 0.0
gw 0.0 0.0 0.0 0.0
gw 0.0 0.0 0.0 0.0
gw 0.0 0.0 0.0 0.0
gw 0.0 0.0 0.0 0.0
gw 0.0 0.0 0.0 0.0
gw 0.0 0.0 0.0 0.0
gw 0.0 0.0 0.0 0.0
gw 0.0 0.0 0.0 0.0
gw 0.0 0.0 0.0 0.0
gw 0.0 0.0 0.0 0.0
gw 0.0 0.0 0.0 0.0
gw 0.0 0.0 0.0 0.0
gw 0.0 0.0 0.0 0.0
gw 0.0 0.0 0.0 0.0
gw 0.0 0.0 0.0 0.0
gw 0.0 0.0 0.0 0.0
gw 0.0 0.0 0.0 0.0
gw 0.0 0.0 0.0 0.0
gw 0.0 0.0 0.0 0.0
gw 0.0 0.0 0.0 0.0
gw 0.0 0.0 0.0 0.0
gw 0.0 0.0 0.0 0.0
gw 0.0 0.0 0.0 0.0
gw 0.0 0.0 0.0 0.0
gw 0.0 0.0 0.0 0.0
gw 0.0 0.0 0.0 0.0
gw 0.0 0.0 0.0 0.0
gw 0.0 0.0 0.0 0.0
gw 0.0 0.0 0.0 0.0
gw 0.0 0.0 0.0 0.0
gw 0.0 0.0 0.0 0.0
gw 0.0 0.0 0.0 0.0
gw 0.0 0.0 0.0 0.0
gw 0.0 0.0 0.0 0.0
gw 0.0 0.0 0.0 0.0
gw 0.0 0.0 0.0 0.0
gw 0.0 0.0 0.0 0.0
gw 0.0 0.0 0.0 0.0
gw 0.0 0.0 0.0 0.0
gw 0.0 0.0 0.0 0.0
gw 0.0 0.0 0.0 0.0
gw 0.0 0.0 0.0 0.0
gw 0.0 0.0 0.0 0.0
gw 0.0 0.0 0.0 0.0
gw 0.0 0.0 0.0 0.0
gw 0.0 0.0 0.0 0.0
gw 0.0 0.0 0.0 0.0
gw 0.0 0.0 0.0 0.0
gw 0.0 0.0 0.0 0.0
gw 0.0 0.0 0.0 0.0
gw 0.0 0.0 0.0 0.0
gw 0.0 0.0 0.0 0.0
gw 0.0 0.0 0.0 0.0
gw 0.0 0.0 0.0 0.0
gw 0.0 0.0 0.0 0.0
gw 0.0 0.0 0.0 0.0
gw 0.0 0.0 0.0 0.0
gw 0.0 0.0 0.0 0.0
gw 0.0 0.0 0.0 0.0
gw 0.0 0.0 0.0 0.0
gw 0.0 0.0 0.0 0.0
gw 0.0 0.0 0.0 0.0
gw 0.0 0.0 0.0 0.0
gw 0.0 0.0 0.0 0.0
gw 0.0 0.0 0.0 0.0
gw 0.0 0.0 0.0 0.0
gw 0.0 0.0 0.0 0.0
gw 0.0 0.0 0.0 0.0
gw 0.0 0.0 0.0 0.0
gw 0.0 0.0 0.0 0.0
gw 0.0 0.0 0.0 0.0
gw 0.0 0.0 0.0 0.0
gw 0.0 0.0 0.0 0.0
gw 0.0 0.0 0.0 0.0
gw 0.0 0.0 0.0 0.0
gw 0.0 0.0 0.0 0.0
gw 0.0 0.0 0.0 0.0
gw 0.0 0.0 0.0 0.0
gw 0.0 0.0 0.0 0.0
gw 0.0 0.0 0.0 0.0
gw 0.0 0.0 0.0 0.0
gw 0.0 0.0 0.0 0.0
gw 0.0 0.0 0.0 0.0
gw 0.0 0.0 0.0 0.0
gw 0.0 0.0 0.0 0.0
gw 0.0 0.0 0.0 0.0
gw 0.0 0.0 0.0 0.0
gw 0.0 0.0 0.0 0.0
gw 0.0 0.0 0.0 0.0
gw 0.0 0.0 0.0 0.0
gw 0.0 0.0 0.0 0.0
gw 0.0 0.0 0.0 0.0
gw 0.0 0.0 0.0 0.0
gw 0.0 0.0 0.0 0.0
gw 0.0 0.0 0.0 0.0
gw 0.0 0.0 0.0 0.0
gw 0.0 0.0 0.0 0.0
gw 0.0 0.0 0.0 0.0
gw 0.0 0.0 0.0 0.0
gw 0.0 0.0 0.0 0.0
gw 0.0 0.0 0.0 0.0
gw 0.0 0.0 0.0 0.0
gw 0.0 0.0 0.0 0.0
gw 0.0 0.0 0.0 0.0
gw 0.0 0.0 0.0 0.0
gw 0.0 0.0 0.0 0.0
gw 0.0 0.0 0.0 0.0
gw 0.0 0.0 0.0 0.0
gw 0.0 0.0 0.0 0.0
gw 0.0 0.0 0.0 0.0
gw 0.0 0.0 0.0 0.0
gw 0.0 0.0 0.0 0.0
gw 0.0 0.0 0.0 0.0
gw 0.0 0.0 0.0 0.0
gw 0.0 0.0 0.0 0.0
gw 0.0 0.0 0.0 0.0
gw 0.0 0.0 0.0 0.0
gw 0.0 0.0 0.0 0.0
gw 0.0 0.0 0.0 0.0
gw 0.0 0.0 0.0 0.0
gw 0.0 0.0 0.0 0.0
gw 0.0 0.0 0.0 0.0
gw 0.0 0.0 0.0 0.0
gw 0.0 0.0 0.0 0.0
gw 0.0 0.0 0.0 0.0
gw 0.0 0.0 0.0 0.0
gw 0.0 0.0 0.0 0.0
gw 0.0 0.0 0.0 0.0
gw 0.0 0.0 0.0 0.0
gw 0.0 0.0 0.0 0.0
gw 0.0 0.0 0.0 0.0
gw 0.0 0.0 0.0 0.0
gw 0.0 0.0 0.0 0.0
gw 0.0 0.0 0.0 0.0
gw 0.0 0.0 0.0 0.0
gw 0.0 0.0 0.0 0.0
gw 0.0 0.0 0.0 0.0
gw 0.0 0.0 0.0 0.0
gw 0.0 0.0 0.0 0.0
gw 0.0 0.0 0.0 0.0
gw 0.0 0.0 0.0 0.0
gw 0.0 0.0 0.0 0.0
gw 0.0 0.0 0.0 0.0
gw 0.0 0.0 0.0 0.0
gw 0.0 0.0 0.0 0.0
gw 0.0 0.0 0.0 0.0
gw 0.0 0.0 0.0 0.0
gw 0.0 0.0 0.0 0.0
gw 0.0 0.0 0.0 0.0
gw 0.0 0.0 0.0 0.0
gw 0.0 0.0 0.0 0.0
gw 0.0 0.0 0.0 0.0
gw 0.0 0.0 0.0 0.0
gw 0.0 0.0 0.0 0.0
gw 0.0 0.0 0.0 0.0
gw 0.0 0.0 0.0 0.0
gw 0.0 0.0 0.0 0.0
gw 0.0 0.0 0.0 0.0
gw 0.0 0.0 0.0 0.0
gw 0.0 0.0 0.0 0.0
gw 0.0 0.0 0.0 0.0
gw 0.0 0.0 0.0 0.0
gw 0.0 0.0 0.0 0.0
gw 0.0 0.0 0.0 0.0
gw 0.0 0.0 0.0 0.0
gw 0.0 0.0 0.0 0.0
gw 0.0 0.0 0.0 0.0
gw 0.0 0.0 0.0 0.0
gw 0.0 0.0 0.0 0.0
gw 0.0 0.0 0.0 0.0
gw 0.0 0.0 0.0 0.0
gw 0.0 0.0 0.0 0.0
gw 0.0 0.0 0.0 0.0
gw 0.0 0.0 0.0 0.0
gw 0.0 0.0 0.0 0.0
gw 0.0 0.0 0.0 0.0
gw 0.0 0.0 0.0 0.0
gw 0.0 0.0 0.0 0.0
gw 0.0 0.0 0.0 0.0
gw 0.0 0.0 0.0 0.0
gw 0.0 0.0 0.0 0.0
gw 0.0 0.0 0.0 0.0
gw 0.0 0.0 0.0 0.0
gw 0.0 0.0 0.0 0.0
gw 0.0 0.0 0.0 0.0
gw 0.0 0.0 0.0 0.0
gw 0.0 0.0 0.0 0.0
gw 0.0 0.0 0.0 0.0
gw 0.0 0.0 0.0 0.0
gw 0.0 0.0 0.0 0.0
gw 0.0 0.0 0.0 0.0
gw 0.0 0.0 0.0 0.0
gw 0.0 0.0 0.0 0.0
gw 0.0 0.0 0.0 0.0
gw 0.0 0.0 0.0 0.0
gw 0.0 0.0 0.0 0.0
gw 0.0 0.0 0.0 0.0
gw 0.0 0.0 0.0 0.0
gw 0.0 0.0 0.0 0.0
gw 0.0 0.0 0.0 0.0
gw 0.0 0.0 0.0 0.0
gw 0.0 0.0 0.0 0.0
gw 0.0 0.0 0.0 0.0
gw 0.0 0.0 0.0 0.0
gw 0.0 0.0 0.0 0.0
gw 0.0 0.0 0.0 0.0
gw 0.0 0.0 0.0 0.0
gw 0.0 0.0 0.0 0.0
gw 0.0 0.0 0.0 0.0
gw 0.0 0.0 0.0 0.0
gw 0.0 0.0 0.0 0.0
gw 0.0 0.0 0.0 0.0
gw 0.0 0.0 0.0 0.0
gw 0.0 0.0 0.0 0.0
gw 0.0 0.0 0.0 0.0
gw 0.0 0.0 0.0 0.0
gw 0.0 0.0 0.0 0.0
gw 0.0 0.0 0.0 0.0
gw 0.0 0.0 0.0 0.0
gw 0.0 0.0 0.0 0.0
gw 0.0 0.0 0.0 0.0
gw 0.0 0.0 0.0 0.0
gw 0.0 0.0 0.0 0.0
gw 0.0 0.0 0.0 0.0
gw 0.0 0.0 0.0 0.0
gw 0.0 0.0 0.0 0.0
gw 0.0 0.0 0.0 0.0
gw 0.0 0.0 0.0 0.0
gw 0.0 0.0 0.0 0.0
gw 0.0 0.0 0.0 0.0
gw 0.0 0.0 0.0 0.0
gw 0.0 0.0 0.0 0.0
gw 0.0 0.0 0.0 0.0
gw 0.0 0.0 0.0 0.0
gw 0.0 0.0 0.0 0.0
gw 0.0 0.0 0.0 0.0
gw 0.0 0.0 0.0 0.0
gw 0.0 0.0 0.0 0.0
gw 0.0 0.0 0.0 0.0
gw 0.0 0.0 0.0 0.0
gw 0.0 0.0 0.0 0.0
gw 0.0 0.0 0.0 0.0
gw 0.0 0.0 0.0 0.0
gw 0.0 0.0 0.0 0.0
gw 0.0 0.0 0.0 0.0
gw 0.0 0.0 0.0 0.0
gw 0.0 0.0 0.0 0.0
gw 0.0 0.0 0.0 0.0
gw 0.0 0.0 0.0 0.0
gw 0.0 0.0 0.0 0.0
gw 0.0 0.0 0.0 0.0
gw 0.0 0.0 0.0 0.0
gw 0.0 0.0 0.0 0.0
gw 0.0 0.0 0.0 0.0
gw 0.0 0.0 0.0 0.0
gw 0.0 0.0 0.0 0.0
gw 0.0 0.0 0.0 0.0
gw 0.0 0.0 0.0 0.0
gw 0.0 0.0 0.0 0.0
gw 0.0 0.0 0.0 0.0
gw 0.0 0.0 0.0 0.0
gw 0.0 0.0 0.0 0.0
gw 0.0 0.0 0.0 0.0
gw 0.0 0.0 0.0 0.0
gw 0.0 0.0 0.0 0.0
gw 0.0 0.0 0.0 0.0
gw 0.0 0.0 0.0 0.0
gw 0.0 0.0 0.0 0.0
gw 0.0 0.0 0.0 0.0
gw 0.0 0.0 0.0 0.0
gw 0.0 0.0 0.0 0.0
gw 0.0 0.0 0.0 0.0
gw 0.0 0.0 0.0 0.0
gw 0.0 0.0 0.0 0.0
gw 0.0 0.0 0.0 0.0
gw 0.0 0.0 0.0 0.0
gw 0.0 0.0 0.0 0.0
gw 0.0 0.0 0.0 0.0
gw 0.0 0.0 0.0 0.0
gw 0.0 0.0 0.0 0.0
gw 0.0 0.0 0.0 0.0
gw 0.0 0.0 0.0 0.0
gw 0.0 0.0 0.0 0.0
gw 0.0 0.0 0.0 0.0
gw 0.0 0.0 0.0 0.0
gw 0.0 0.0 0.0 0.0
gw 0.0 0.0 0.0 0.0
gw 0.0 0.0 0.0 0.0
gw 0.0 0.0 0.0 0.0
gw 0.0 0.0 0.0 0.0
gw 0.0 0.0 0.0 0.0
gw 0.0 0.0 0.0 0.0
gw 0.0 0.0 0.0 0.0
gw 0.0 0.0 0.0 0.0
gw 0.0 0.0 0.0 0.0
gw 0.0 0.0 0.0 0.0
gw 0.0 0.0 0.0 0.0
gw 0.0 0.0 0.0 0.0
gw 0.0 0.0 0.0 0.0
gw 0.0 0.0 0.0 0.0
gw 0.0 0.0 0.0 0.0
gw 0.0 0.0 0.0 0.0
gw 0.0 0.0 0.0 0.0
gw 0.0 0.0 0.0 0.0
gw 0.0 0.0 0.0 0.0
gw 0.0 0.0 0.0 0.0
gw 0.0 0.0 0.0 0.0
gw 0.0 0.0 0.0 0.0
gw 0.0 0.0 0.0 0.0
gw 0.0 0.0 0.0 0.0
gw 0.0 0.0 0.0 0.0
gw 0.0 0.0 0.0 0.0
gw 0.0 0.0 0.0 0.0
gw 0.0 0.0 0.0 0.0
gw 0.0 0.0 0.0 0.0
gw 0.0 0.0 0.0 0.0
gw 0.0 0.0 0.0 0.0
gw 0.0 0.0 0.0 0.0
gw 0.0 0.0 0.0 0.0
gw 0.0 0.0 0.0 0.0
gw 0.0 0.0 0.0 0.0
gw 0.0 0.0 0.0 0.0
gw 0.0 0.0 0.0 0.0
gw 0.0 0.0 0.0 0.0
gw 0.0 0.0 0.0 0.0
gw 0.0 0.0 0.0 0.0
gw 0.0 0.0 0.0 0.0
gw 0.0 0.0 0.0 0.0
gw 0.0 0.0 0.0 0.0
gw 0.0 0.0 0.0 0.0
gw 0.0 0.0 0.0 0.0
gw 0.0 0.0 0.0 0.0
gw 0.0 0.0 0.0 0.0
gw 0.0 0.0 0.0 0.0
gw 0.0 0.0 0.0 0.0
gw 0.0 0.0 0.0 0.0
gw 0.0 0.0 0.0 0.0
gw 0.0 0.0 0.0 0.0
gw 0.0 0.0 0.0 0.0
gw 0.0 0.0 0.0 0.0
gw 0.0 0.0 0.0 0.0
gw 0.0 0.0 0.0 0.0
gw 0.0 0.0 0.0 0.0
gw 0.0 0.0 0.0 0.0
gw 0.0 0.0 0.0 0.0
gw 0.0 0.0 0.0 0.0
gw 0.0 0.0 0.0 0.0
gw 0.0 0.0 0.0 0.0
gw 0.0 0.0 0.0 0.0
gw 0.0 0.0 0.0 0.0
gw 0.0 0.0 0.0 0.0
gw 0.0 0.0 0.0 0.0
gw 0.0 0.0 0.0 0.0
gw 0.0 0.0 0.0 0.0
gw 0.0 0.0 0.0 0.0
gw 0.0 0.0 0.0 0.0
gw 0.0 0.0 0.0 0.0
gw 0.0 0.0 0.0 0.0
gw 0.0 0.0 0.0 0.0
gw 0.0 0.0 0.0 0.0
gw 0.0 0.0 0.0 0.0
gw 0.0 0.0 0.0 0.0
gw 0.0 0.0 0.0 0.0
gw 0.0 0.0 0.0 0.0
gw 0.0 0.0 0.0 0.0
gw 0.0 0.0 0.0 0.0
gw 0.0 0.0 0.0 0.0
gw 0.0 0.0 0.0 0.0
gw 0.0 0.0 0.0 0.0
gw 0.0 0.0 0.0 0.0
gw 0.0 0.0 0.0 0.0
gw 0.0 0.0 0.0 0.0
gw 0.0 0.0 0.0 0.0
gw 0.0 0.0 0.0 0.0
gw 0.0 0.0 0.0 0.0
gw 0.0 0.0 0.0 0.0
gw 0.0 0.0 0.0 0.0
gw 0.0 0.0 0.0 0.0
gw 0.0 0.0 0.0 0.0
gw 0.0 0.0 0.0 0.0
gw 0.0 0.0 0.0 0.0
gw 0.0 0.0 0.0 0.0
gw 0.0 0.0 0.0 0.0
gw 0.0 0.0 0.0 0.0
gw 0.0 0.0 0.0 0.0
gw 0.0 0.0 0.0 0.0
gw 0.0 0.0 0.0 0.0
gw 0.0 0.0 0.0 0.0
gw 0.0 0.0 0.0 0.0
gw 0.0 0.0 0.0 0.0
gw 0.0 0.0 0.0 0.0
gw 0.0 0.0 0.0 0.0
gw 0.0 0.0 0.0 0.0
gw 0.0 0.0 0.0 0.0
gw 0.0 0.0 0.0 0.0
gw 0.0 0.0 0.0 0.0
gw 0.0 0.0 0.0 0.0
gw 0.0 0.0 0.0 0.0
gw 0.0 0.0 0.0 0.0
gw 0.0 0.0 0.0 0.0
gw 0.0 0.0 0.0 0.0
gw 0.0 0.0 0.0 0.0
gw 0.0 0.0 0.0 0.0
gw 0.0 0.0 0.0 0.0
gw 0.0 0.0 0.0 0.0
gw 0.0 0.0 0.0 0.0
gw 0.0 0.0 0.0 0.0
gw 0.0 0.0 0.0 0.0
gw 0.0 0.0 0.0 0.0
gw 0.0 0.0 0.0 0.0
gw 0.0 0.0 0.0 0.0
gw 0.0 0.0 0.0 0.0
gw 0.0 0.0 0.0 0.0
gw 0.0 0.0 0.0 0.0
gw 0.0 0.0 0.0 0.0
gw 0.0 0.0 0.0 0.0
gw 0.0 0.0 0.0 0.0
gw 0.0 0.0 0.0 0.0
gw 0.0 0.0 0.0 0.0
gw 0.0 0.0 0.0 0.0
gw 0.0 0.0 0.0 0.0
gw 0.0 0.0 0.0 0.0
gw 0.0 0.0 0.0 0.0
gw 0.0 0.0 0.0 0.0
gw 0.0 0.0 0.0 0.0
gw 0.0 0.0 0.0 0.0
gw 0.0 0.0 0.0 0.0
gw 0.0 0.0 0.0 0.0
gw 0.0 0.0 0.0 0.0
gw 0.0 0.0 0.0 0.0
gw 0.0 0.0 0.0 0.0
gw 0.0 0.0 0.0 0.0
gw 0.0 0.0 0.0 0.0
gw 0.0 0.0 0.0 0.0
gw 0.0 0.0 0.0 0.0
gw 0.0 0.0 0.0 0.0
gw 0.0 0.0 0.0 0.0
gw 0.0 0.0 0.0 0.0
gw 0.0 0.0 0.0 0.0
gw 0.0 0.0 0.0 0.0
gw 0.0 0.0 0.0 0.0
gw 0.0 0.0 0.0 0.0
gw 0.0 0.0 0.0 0.0
gw 0.0 0.0 0.0 0.0
gw 0.0 0.0 0.0 0.0
gw 0.0 0.0 0.0 0.0
gw 0.0 0.0 0.0 0.0
gw 0.0 0.0 0.0 0.0
gw 0.0 0.0 0.0 0.0
gw 0.0 0.0 0.0 0.0
gw 0.0 0.0 0.0 0.0
gw 0.0 0.0 0.0 0.0
gw 0.0 0.0 0.0 0.0
gw 0.0 0.0 0.0 0.0
gw 0.0 0.0 0.0 0.0
gw 0.0 0.0 0.0 0.0
gw 0.0 0.0 0.0 0.0
gw 0.0 0.0 0.0 0.0
gw 0.0 0.0 0.0 0.0
gw 0.0 0.0 0.0 0.0
gw 0.0 0.0 0.0 0.0
gw 0.0 0.0 0.0 0.0
gw 0.0 0.0 0.0 0.0
gw 0.0 0.0 0.0 0.0
gw 0.0 0.0 0.0 0.0
gw 0.0 0.0 0.0 0.0
gw 0.0 0.0 0.0 0.0
gw 0.0 0.0 0.0 0.0
gw 0.0 0.0 0.0 0.0
gw 0.0 0.0 0.0 0.0
gw 0.0 0.0 0.0 0.0
gw 0.0 0.0 0.0 0.0
gw 0.0 0.0 0.0 0.0
gw 0.0 0.0 0.0 0.0
gw 0.0 0.0 0.0 0.0
gw 0.0 0.0 0.0 0.0
gw 0.0 0.0 0.0 0.0
gw 0.0 0.0 0.0 0.0
gw 0.0 0.0 0.0 0.0
gw 0.0 0.0 0.0 0.0
gw 0.0 0.0 0.0 0.0
gw 0.0 0.0 0.0 0.0
gw 0.0 0.0 0.0 0.0
gw 0.0 0.0 0.0 0.0
gw 0.0 0.0 0.0 0.0
gw 0.0 0.0 0.0 0.0
gw 0.0 0.0 0.0 0.0
gw 0.0 0.0 0.0 0.0
gw 0.0 0.0 0.0 0.0
gw 0.0 0.0 0.0 0.0
gw 0.0 0.0 0.0 0.0
gw 0.0 0.0 0.0 0.0
gw 0.0 0.0 0.0 0.0
gw 0.0 0.0 0.0 0.0
gw 0.0 0.0 0.0 0.0
gw 0.0 0.0 0.0 0.0
gw 0.0 0.0 0.0 0.0
gw 0.0 0.0 0.0 0.0
gw 0.0 0.0 0.0 0.0
gw 0.0 0.0 0.0 0.0
gw 0.0 0.0 0.0 0.0
gw 0.0 0.0 0.0 0.0
gw 0.0 0.0 0.0 0.0
gw 0.0 0.0 0.0 0.0
gw 0.0 0.0 0.0 0.0
gw 0.0 0.0 0.0 0.0
gw 0.0 0.0 0.0 0.0
gw 0.0 0.0 0.0 0.0
gw 0.0 0.0 0.0 0.0
gw 0.0 0.0 0.0 0.0
gw 0.0 0.0 0.0 0.0
gw 0.0 0.0 0.0 0.0
gw 0.0 0.0 0.0 0.0
gw 0.0 0.0 0.0 0.0
gw 0.0 0.0 0.0 0.0
gw 0.0 0.0 0.0 0.0
gw 0.0 0.0 0.0 0.0
gw 0.0 0.0 0.0 0.0
gw 0.0 0.0 0.0 0.0
gw 0.0 0.0 0.0 0.0
gw 0.0 0.0 0.0 0.0
gw 0.0 0.0 0.0 0.0
gw 0.0 0.0 0.0 0.0
gw 0.0 0.0 0.0 0.0
gw 0.0 0.0 0.0 0.0
gw 0.0 0.0 0.0 0.0
gw 0.0 0.0 0.0 0.0
gw 0.0 0.0 0.0 0.0
gw 0.0 0.0 0.0 0.0
gw 0.0 0.0 0.0 0.0
gw 0.0 0.0 0.0 0.0
gw 0.0 0.0 0.0 0.0
gw 0.0 0.0 0.0 0.0
gw 0.0 0.0 0.0 0.0
gw 0.0 0.0 0.0 0.0
gw 0.0 0.0 0.0 0.0
gw 0.0 0.0 0.0 0.0
gw 0.0 0.0 0.0 0.0
gw 0.0 0.0 0.0 0.0
gw 0.0 0.0 0.0 0.0
gw 0.0 0.0 0.0 0.0
gw 0.0 0.0 0.0 0.0
gw 0.0 0.0 0.0 0.0
gw 0.0 0.0 0.0 0.0
gw 0.0 0.0 0.0 0.0
gw 0.0 0.0 0.0 0.0
gw 0.0 0.0 0.0 0.0
gw 0.0 0.0 0.0 0.0
gw 0.0 0.0 0.0 0.0
gw 0.0 0.0 0.0 0.0
gw 0.0 0.0 0.0 0.0
gw 0.0 0.0 0.0 0.0
gw 0.0 0.0 0.0 0.0
gw 0.0 0.0 0.0 0.0
gw 0.0 0.0 0.0 0.0
gw 0.0 0.0 0.0 0.0
gw 0.0 0.0 0.0 0.0
gw 0.0 0.0 0.0 0.0
gw 0.0 0.0 0.0 0.0
gw 0.0 0.0 0.0 0.0
gw 0.0 0.0 0.0 0.0
gw 0.0 0.0 0.0 0.0
gw 0.0 0.0 0.0 0.0
gw 0.0 0.0 0.0 0.0
gw 0.0 0.0 0.0 0.0
gw 0.0 0.0 0.0 0.0
gw 0.0 0.0 0.0 0.0
gw 0.0 0.0 0.0 0.0
gw 0.0 0.0 0.0 0.0
gw 0.0 0.0 0.0 0.0
gw 0.0 0.0 0.0 0.0
gw 0.0 0.0 0.0 0.0
gw 0.0 0.0 0.0 0.0
gw 0.0 0.0 0.0 0.0
gw 0.0 0.0 0.0 0.0
gw 0.0 0.0 0.0 0.0
gw 0.0 0.0 0.0 0.0
gw 0.0 0.0 0.0 0.0
gw 0.0 0.0 0.0 0.0
gw 0.0 0.0 0.0 0.0
gw 0.0 0.0 0.0 0.0
gw 0.0 0.0 0.0 0.0
gw 0.0 0.0 0.0 0.0
gw 0.0 0.0 0.0 0.0
gw 0.0 0.0 0.0 0.0
gw 0.0 0.0 0.0 0.0
gw 0.0 0.0 0.0 0.0
gw 0.0 0.0 0.0 0.0
gw 0.0 0.0 0.0 0.0
gw 0.0 0.0 0.0 0.0
gw 0.0 0.0 0.0 0.0
gw 0.0 0.0 0.0 0.0
gw 0.0 0.0 0.0 0.0
gw 0.0 0.0 0.0 0.0
gw 0.0 0.0 0.0 0.0
gw 0.0 0.0 0.0 0.0
gw 0.0 0.0 0.0 0.0
gw 0.0 0.0 0.0 0.0
gw 0.0 0.0 0.0 0.0
gw 0.0 0.0 0.0 0.0
gw 0.0 0.0 0.0 0.0
gw 0.0 0.0 0.0 0.0
gw 0.0 0.0 0.0 0.0
gw 0.0 0.0 0.0 0.0
gw 0.0 0.0 0.0 0.0
gw 0.0 0.0 0.0 0.0
gw 0.0 0.0 0.0 0.0
gw 0.0 0.0 0.0 0.0
gw 0.0 0.0 0.0 0.0
gw 0.0 0.0 0.0 0.0
gw 0.0 0.0 0.0 0.0
gw 0.0 0.0 0.0 0.0
gw 0.0 0.0 0.0 0.0
gw 0.0 0.0 0.0 0.0
gw 0.0 0.0 0.0 0.0
gw 0.0 0.0 0.0 0.0
gw 0.0 0.0 0.0 0.0
gw 0.0 0.0 0.0 0.0
gw 0.0 0.0 0.0 0.0
gw 0.0 0.0 0.0 0.0
gw 0.0 0.0 0.0 0.0
gw 0.0 0.0 0.0 0.0
gw 0.0 0.0 0.0 0.0
gw 0.0 0.0 0.0 0.0
gw 0.0 0.0 0.0 0.0
gw 0.0 0.0 0.0 0.0
gw 0.0 0.0 0.0 0.0
gw 0.0 0.0 0.0 0.0
gw 0.0 0.0 0.0 0.0
gw 0.0 0.0 0.0 0.0
gw 0.0 0.0 0.0 0.0
gw 0.0 0.0 0.0 0.0
gw 0.0 0.0 0.0 0.0
gw 0.0 0.0 0.0 0.0
gw 0.0 0.0 0.0 0.0
gw 0.0 0.0 0.0 0.0
gw 0.0 0.0 0.0 0.0
gw 0.0 0.0 0.0 0.0
gw 0.0 0.0 0.0 0.0
gw 0.0 0.0 0.0 0.0
gw 0.0 0.0 0.0 0.0
gw 0.0 0.0 0.0 0.0
gw 0.0 0.0 0.0 0.0
gw 0.0 0.0 0.0 0.0
gw 0.0 0.0 0.0 0.0
gw 0.0 0.0 0.0 0.0
gw 0.0 0.0 0.0 0.0
gw 0.0 0.0 0.0 0.0
gw 0.0 0.0 0.0 0.0
gw 0.0 0.0 0.0 0.0
gw 0.0 0.0 0.0 0.0
gw 0.0 0.0 0.0 0.0
gw 0.0 0.0 0.0 0.0
gw 0.0 0.0 0.0 0.0
gw 0.0 0.0 0.0 0.0
gw 0.0 0.0 0.0 0.0
gw 0.0 0.0 0.0 0.0
gw 0.0 0.0 0.0 0.0
gw 0.0 0.0 0.0 0.0
gw 0.0 0.0 0.0 0.0
gw 0.0 0.0 0.0 0.0
gw 0.0 0.0 0.0 0.0
gw 0.0 0.0 0.0 0.0
gw 0.0 0.0 0.0 0.0
gw 0.0 0.0 0.0 0.0
gw 0.0 0.0 0.0 0.0
gw 0.0 0.0 0.0 0.0
gw 0.0 0.0 0.0 0.0
gw 0.0 0.0 0.0 0.0
gw 0.0 0.0 0.0 0.0
gw 0.0 0.0 0.0 0.0
gw 0.0 0.0 0.0 0.0
gw 0.0 0.0 0.0 0.0
gw 0.0 0.0 0.0 0.0
gw 0.0 0.0 0.0 0.0
gw 0.0 0.0 0.0 0.0
gw 0.0 0.0 0.0 0.0
gw 0.0 0.0 0.0 0.0
gw 0.0 0.0 0.0 0.0
gw 0.0 0.0 0.0 0.0
gw 0.0 0.0 0.0 0.0
gw 0.0 0.0 0.0 0.0
gw 0.0 0.0 0.0 0.0
gw 0.0 0.0 0.0 0.0
gw 0.0 0.0 0.0 0.0
gw 0.0 0.0 0.0 0.0
gw 0.0 0.0 0.0 0.0
gw 0.0 0.0 0.0 0.0
gw 0.0 0.0 0.0 0.0
gw 0.0 0.0 0.0 0.0
gw 0.0 0.0 0.0 0.0
gw 0.0 0.0 0.0 0.0
gw 0.0 0.0 0.0 0.0
gw 0.0 0.0 0.0 0.0
gw 0.0 0.0 0.0 0.0
gw 0.0 0.0 0.0 0.0
gw 0.0 0.0 0.0 0.0
gw 0.0 0.0 0.0 0.0
gw 0.0 0.0 0.0 0.0
gw 0.0 0.0 0.0 0.0
gw 0.0 0.0 0.0 0.0
gw 0.0 0.0 0.0 0.0
gw 0.0 0.0 0.0 0.0
gw 0.0 0.0 0.0 0.0
gw 0.0 0.0 0.0 0.0
gw 0.0 0.0 0.0 0.0
gw 0.0 0.0 0.0 0.0
gw 0.0 0.0 0.0 0.0
gw 0.0 0.0 0.0 0.0
gw 0.0 0.0 0.0 0.0
gw 0.0 0.0 0.0 0.0
gw 0.0 0.0 0.0 0.0
gw 0.0 0.0 0.0 0.0
gw 0.0 0.0 0.0 0.0
gw 0.0 0.0 0.0 0.0
gw 0.0 0.0 0.0 0.0
gw 0.0 0.0 0.0 0.0
gw 0.0 0.0 0.0 0.0
gw 0.0 0.0 0.0 0.0
gw 0.0 0.0 0.0 0.0
gw 0.0 0.0 0.0 0.0
gw 0.0 0.0 0.0 0.0
gw 0.0 0.0 0.0 0.0
gw 0.0 0.0 0.0 0.0
gw 0.0 0.0 0.0 0.0
gw 0.0 0.0 0.0 0.0
gw 0.0 0.0 0.0 0.0
gw 0.0 0.0 0.0 0.0
gw 0.0 0.0 0.0 0.0
gw 0.0 0.0 0.0 0.0
gw 0.0 0.0 0.0 0.0
gw 0.0 0.0 0.0 0.0
gw 0.0 0.0 0.0 0.0
gw 0.0 0.0 0.0 0.0
gw 0.0 0.0 0.0 0.0
gw 0.0 0.0 0.0 0.0
gw 0.0 0.0 0.0 0.0
gw 0.0 0.0 0.0 0.0
gw 0.0 0.0 0.0 0.0
gw 0.0 0.0 0.0 0.0
gw 0.0 0.0 0.0 0.0
gw 0.0 0.0 0.0 0.0
gw 0.0 0.0 0.0 0.0
gw 0.0 0.0 0.0 0.0
gw 0.0 0.0 0.0 0.0
gw 0.0 0.0 0.0 0.0
gw 0.0 0.0 0.0 0.0
gw 0.0 0.0 0.0 0.0
gw 0.0 0.0 0.0 0.0
gw 0.0 0.0 0.0 0.0
gw 0.0 0.0 0.0 0.0
gw 0.0 0.0 0.0 0.0
gw 0.0 0.0 0.0 0.0
gw 0.0 0.0 0.0 0.0
gw 0.0 0.0 0.0 0.0
gw 0.0 0.0 0.0 0.0
gw 0.0 0.0 0.0 0.0
gw 0.0 0.0 0.0 0.0
gw 0.0 0.0 0.0 0.0
gw 0.0 0.0 0.0 0.0
gw 0.0 0.0 0.0 0.0
gw 0.0 0.0 0.0 0.0
gw 0.0 0.0 0.0 0.0
gw 0.0 0.0 0.0 0.0
gw 0.0 0.0 0.0 0.0
gw 0.0 0.0 0.0 0.0
gw 0.0 0.0 0.0 0.0
gw 0.0 0.0 0.0 0.0
gw 0.0 0.0 0.0 0.0
gw 0.0 0.0 0.0 0.0
gw 0.0 0.0 0.0 0.0
gw 0.0 0.0 0.0 0.0
gw 0.0 0.0 0.0 0.0
gw 0.0 0.0 0.0 0.0
gw 0.0 0.0 0.0 0.0
gw 0.0 0.0 0.0 0.0
gw 0.0 0.0 0.0 0.0
gw 0.0 0.0 0.0 0.0
gw 0.0 0.0 0.0 0.0
gw 0.0 0.0 0.0 0.0
gw 0.0 0.0 0.0 0.0
gw 0.0 0.0 0.0 0.0
gw 0.0 0.0 0.0 0.0
gw 0.0 0.0 0.0 0.0
gw 0.0 0.0 0.0 0.0
gw 0.0 0.0 0.0 0.0
gw 0.0 0.0 0.0 0.0
gw 0.0 0.0 0.0 0.0
gw 0.0 0.0 0.0 0.0
gw 0.0 0.0 0.0 0.0
gw 0.0 0.0 0.0 0.0
gw 0.0 0.0 0.0 0.0
gw 0.0 0.0 0.0 0.0
gw 0.0 0.0 0.0 0.0
gw 0.0 0.0 0.0 0.0
gw 0.0 0.0 0.0 0.0
gw 0.0 0.0 0.0 0.0
gw 0.0 0.0 0.0 0.0
gw 0.0 0.0 0.0 0.0
gw 0.0 0.0 0.0 0.0
gw 0.0 0.0 0.0 0.0
gw 0.0 0.0 0.0 0.0
gw 0.0 0.0 0.0 0.0
gw 0.0 0.0 0.0 0.0
gw 0.0 0.0 0.0 0.0
gw 0.0 0.0 0.0 0.0
gw 0.0 0.0 0.0 0.0
gw 0.0 0.0 0.0 0.0
gw 0.0 0.0 0.0 0.0
gw 0.0 0.0 0.0 0.0
gw 0.0 0.0 0.0 0.0
gw 0.0 0.0 0.0 0.0
gw 0.0 0.0 0.0 0.0
gw 0.0 0.0 0.0 0.0
gw 0.0 0.0 0.0 0.0
gw 0.0 0.0 0.0 0.0
gw 0.0 0.0 0.0 0.0
gw 0.0 0.0 0.0 0.0
gw 0.0 0.0 0.0 0.0
gw 0.0 0.0 0.0 0.0
gw 0.0 0.0 0.0 0.0
gw 0.0 0.0 0.0 0.0
gw 0.0 0.0 0.0 0.0
gw 0.0 0.0 0.0 0.0
gw 0.0 0.0 0.0 0.0
gw 0.0 0.0 0.0 0.0
gw 0.0 0.0 0.0 0.0
gw 0.0 0.0 0.0 0.0
gw 0.0 0.0 0.0 0.0
gw 0.0 0.0 0.0 0.0
gw 0.0 0.0 0.0 0.0
gw 0.0 0.0 0.0 0.0
gw 0.0 0.0 0.0 0.0
gw 0.0 0.0 0.0 0.0
gw 0.0 0.0 0.0 0.0
gw 0.0 0.0 0.0 0.0
gw 0.0 0.0 0.0 0.0
gw 0.0 0.0 0.0 0.0
gw 0.0 0.0 0.0 0.0
gw 0.0 0.0 0.0 0.0
gw 0.0 0.0 0.0 0.0
gw 0.0 0.0 0.0 0.0
gw 0.0 0.0 0.0 0.0
gw 0.0 0.0 0.0 0.0
gw 0.0 0.0 0.0 0.0
gw 0.0 0.0 0.0 0.0
gw 0.0 0.0 0.0 0.0
gw 0.0 0.0 0.0 0.0
gw 0.0 0.0 0.0 0.0
gw 0.0 0.0 0.0 0.0
gw 0.0 0.0 0.0 0.0
gw 0.0 0.0 0.0 0.0
gw 0.0 0.0 0.0 0.0
gw 0.0 0.0 0.0 0.0
gw 0.0 0.0 0.0 0.0
gw 0.0 0.0 0.0 0.0
gw 0.0 0.0 0.0 0.0
gw 0.0 0.0 0.0 0.0
gw 0.0 0.0 0.0 0.0
gw 0.0 0.0 0.0 0.0
gw 0.0 0.0 0.0 0.0
gw 0.0 0.0 0.0 0.0
gw 0.0 0.0 0.0 0.0
gw 0.0 0.0 0.0 0.0
gw 0.0 0.0 0.0 0.0
gw 0.0 0.0 0.0 0.0
gw 0.0 0.0 0.0 0.0
gw 0.0 0.0 0.0 0.0
gw 0.0 0.0 0.0 0.0
gw 0.0 0.0 0.0 0.0
gw 0.0 0.0 0.0 0.0
gw 0.0 0.0 0.0 0.0
gw 0.0 0.0 0.0 0.0
gw 0.0 0.0 0.0 0.0
gw 0.0 0.0 0.0 0.0
gw 0.0 0.0 0.0 0.0
gw 0.0 0.0 0.0 0.0
gw 0.0 0.0 0.0 0.0
gw 0.0 0.0 0.0 0.0
gw 0.0 0.0 0.0 0.0
gw 0.0 0.0 0.0 0.0
gw 0.0 0.0 0.0 0.0
gw 0.0 0.0 0.0 0.0
gw 0.0 0.0 0.0 0.0
gw 0.0 0.0 0.0 0.0
gw 0.0 0.0 0.0 0.0
gw 0.0 0.0 0.0 0.0
gw 0.0 0.0 0.0 0.0
gw 0.0 0.0 0.0 0.0
gw 0.0 0.0 0.0 0.0
gw 0.0 0.0 0.0 0.0
gw 0.0 0.0 0.0 0.0
gw 0.0 0.0 0.0 0.0
gw 0.0 0.0 0.0 0.0
gw 0.0 0.0 0.0 0.0
gw 0.0 0.0 0.0 0.0
gw 0.0 0.0 0.0 0.0
gw 0.0 0.0 0.0 0.0
gw 0.0 0.0 0.0 0.0
gw 0.0 0.0 0.0 0.0
gw 0.0 0.0 0.0 0.0
gw 0.0 0.0 0.0 0.0
gw 0.0 0.0 0.0 0.0
gw 0.0 0.0 0.0 0.0
gw 0.0 0.0 0.0 0.0
gw 0.0 0.0 0.0 0.0
gw 0.0 0.0 0.0 0.0
gw 0.0 0.0 0.0 0.0
gw 0.0 0.0 0.0 0.0
gw 0.0 0.0 0.0 0.0
gw 0.0 0.0 0.0 0.0
gw 0.0 0.0 0.0 0.0
gw 0.0 0.0 0.0 0.0
gw 0.0 0.0 0.0 0.0
gw 0.0 0.0 0.0 0.0
gw 0.0 0.0 0.0 0.0
gw 0.0 0.0 0.0 0.0
gw 0.0 0.0 0.0 0.0
gw 0.0 0.0 0.0 0.0
gw 0.0 0.0 0.0 0.0
gw 0.0 0.0 0.0 0.0
gw 0.0 0.0 0.0 0.0
gw 0.0 0.0 0.0 0.0
gw 0.0 0.0 0.0 0.0
gw 0.0 0.0 0.0 0.0
gw 0.0 0.0 0.0 0.0
gw 0.0 0.0 0.0 0.0
gw 0.0 0.0 0.0 0.0
gw 0.0 0.0 0.0 0.0
gw 0.0 0.0 0.0 0.0
gw 0.0 0.0 0.0 0.0
gw 0.0 0.0 0.0 0.0
gw 0.0 0.0 0.0 0.0
gw 0.0 0.0 0.0 0.0
gw 0.0 0.0 0.0 0.0
gw 0.0 0.0 0.0 0.0
gw 0.0 0.0 0.0 0.0
gw 0.0 0.0 0.0 0.0
gw 0.0 0.0 0.0 0.0
gw 0.0 0.0 0.0 0.0
gw 0.0 0.0 0.0 0.0
gw 0.0 0.0 0.0 0.0
gw 0.0 0.0 0.0 0.0
gw 0.0 0.0 0.0 0.0
gw 0.0 0.0 0.0 0.0
gw 0.0 0.0 0.0 0.0
gw 0.0 0.0 0.0 0.0
gw 0.0 0.0 0.0 0.0
gw 0.0 0.0 0.0 0.0
gw 0.0 0.0 0.0 0.0
gw 0.0 0.0 0.0 0.0
gw 0.0 0.0 0.0 0.0
gw 0.0 0.0 0.0 0.0
gw 0.0 0.0 0.0 0.0
gw 0.0 0.0 0.0 0.0
gw 0.0 0.0 0.0 0.0
gw 0.0 0.0 0.0 0.0
gw 0.0 0.0 0.0 0.0
gw 0.0 0.0 0.0 0.0
gw 0.0 0.0 0.0 0.0
gw 0.0 0.0 0.0 0.0
gw 0.0 0.0 0.0 0.0
gw 0.0 0.0 0.0 0.0
gw 0.0 0.0 0.0 0.0
gw 0.0 0.0 0.0 0.0
gw 0.0 0.0 0.0 0.0
gw 0.0 0.0 0.0 0.0
gw 0.0 0.0 0.0 0.0
gw 0.0 0.0 0.0 0.0
gw 0.0 0.0 0.0 0.0
gw 0.0 0.0 0.0 0.0
gw 0.0 0.0 0.0 0.0
gw 0.0 0.0 0.0 0.0
gw 0.0 0.0 0.0 0.0
gw 0.0 0.0 0.0 0.0
gw 0.0 0.0 0.0 0.0
gw 0.0 0.0 0.0 0.0
gw 0.0 0.0 0.0 0.0
gw 0.0 0.0 0.0 0.0
gw 0.0 0.0 0.0 0.0
gw 0.0 0.0 0.0 0.0
gw 0.0 0.0 0.0 0.0
gw 0.0 0.0 0.0 0.0
gw 0.0 0.0 0.0 0.0
gw 0.0 0.0 0.0 0.0
gw 0.0 0.0 0.0 0.0
gw 0.0 0.0 0.0 0.0
gw 0.0 0.0 0.0 0.0
gw 0.0 0.0 0.0 0.0
gw 0.0 0.0 0.0 0.0
gw 0.0 0.0 0.0 0.0
gw 0.0 0.0 0.0 0.0
gw 0.0 0.0 0.0 0.0
gw 0.0 0.0 0.0 0.0
gw 0.0 0.0 0.0 0.0
gw 0.0 0.0 0.0 0.0
gw 0.0 0.0 0.0 0.0
gw 0.0 0.0 0.0 0.0
gw 0.0 0.0 0.0 0.0
gw 0.0 0.0 0.0 0.0
gw 0.0 0.0 0.0 0.0
gw 0.0 0.0 0.0 0.0
gw 0.0 0.0 0.0 0.0
gw 0.0 0.0 0.0 0.0
gw 0.0 0.0 0.0 0.0
gw 0.0 0.0 0.0 0.0
gw 0.0 0.0 0.0 0.0
gw 0.0 0.0 0.0 0.0
gw 0.0 0.0 0.0 0.0
gw 0.0 0.0 0.0 0.0
gw 0.0 0.0 0.0 0.0
gw 0.0 0.0 0.0 0.0
gw 0.0 0.0 0.0 0.0
gw 0.0 0.0 0.0 0.0
gw 0.0 0.0 0.0 0.0
gw 0.0 0.0 0.0 0.0
gw 0.0 0.0 0.0 0.0
gw 0.0 0.0 0.0 0.0
gw 0.0 0.0 0.0 0.0
gw 0.0 0.0 0.0 0.0
gw 0.0 0.0 0.0 0.0
gw 0.0 0.0 0.0 0.0
gw 0.0 0.0 0.0 0.0
gw 0.0 0.0 0.0 0.0
gw 0.0 0.0 0.0 0.0
gw 0.0 0.0 0.0 0.0
gw 0.0 0.0 0.0 0.0
gw 0.0 0.0 0.0 0.0
gw 0.0 0.0 0.0 0.0
gw 0.0 0.0 0.0 0.0
gw 0.0 0.0 0.0 0.0
gw 0.0 0.0 0.0 0.0
gw 0.0 0.0 0.0 0.0
gw 0.0 0.0 0.0 0.0
gw 0.0 0.0 0.0 0.0
gw 0.0 0.0 0.0 0.0
gw 0.0 0.0 0.0 0.0
gw 0.0 0.0 0.0 0.0
gw 0.0 0.0 0.0 0.0
gw 0.0 0.0 0.0 0.0
vt 3.4578 0.0862
vt 3.4578 0.01
vt 3.5702 0.01
vt 3.5702 0.0862
vt 3.6824 0.0862
vt 3.6826 0.01
vt 3.7942 0.0862
vt 3.7951 0.01
vt 3.9044 0.0862
vt 3.9075 0.01
vt 3.5702 0.1624
vt 3.4578 0.1624
vt 3.6823 0.1624
vt 3.7935 0.1624
vt 3.9034 0.1624
vt 3.5702 0.2386
vt 3.4578 0.2386
vt 3.6822 0.2386
vt 3.7934 0.2386
vt 3.9033 0.2386
vt 3.5702 0.3148
vt 3.4578 0.3148
vt 3.6823 0.3148
vt 3.7936 0.3148
vt 3.9037 0.3148
vt 4.2198 0.01
vt 4.2697 0.01
vt 4.2697 0.0862
vt 4.2198 0.0862
vt 4.27 0.1624
vt 4.22 0.1624
vt 4.2709 0.2386
vt 4.2209 0.2386
vt 4.2727 0.3148
vt 4.2226 0.3148
vt 4.1169 0.0862
vt 4.1181 0.01
vt 4.117 0.1624
vt 4.1176 0.2386
vt 4.1189 0.3148
vt 4.0119 0.0862
vt 4.0128 0.01
vt 4.0114 0.1624
vt 4.0116 0.2386
vt 4.0124 0.3148
vt 4.301 0.6196
vt 4.2883 0.5434
vt 4.3398 0.5434
vt 4.3573 0.6196
vt 4.2368 0.5434
vt 4.2448 0.6196
vt 4.1324 0.6196
vt 4.128 0.5434
vt 4.0199 0.6196
vt 4.0177 0.5434
vt 3.9075 0.6196
vt 3.9064 0.5434
vt 4.2805 0.4672
vt 4.3312 0.4672
vt 4.2299 0.4672
vt 4.1241 0.4672
vt 4.0156 0.4672
vt 3.9053 0.4672
vt 4.2756 0.391
vt 4.3258 0.391
vt 4.2254 0.391
vt 4.1211 0.391
vt 4.0138 0.391
vt 3.9044 0.391
vt 4.3227 0.3148
vt 3.5702 0.5434
vt 3.5702 0.6196
vt 3.4578 0.6196
vt 3.4578 0.5434
vt 3.5702 0.4672
vt 3.4578 0.4672
vt 3.5702 0.391
vt 3.4578 0.391
vt 3.6825 0.5434
vt 3.6826 0.6196
vt 3.6824 0.4672
vt 3.6823 0.391
vt 3.7946 0.5434
vt 3.7951 0.6196
vt 3.7942 0.4672
vt 3.7938 0.391
vt 3.4577 0.4672
vt 3.4577 0.391
vt 3.4577 0.3148
vt 3.5701 0.3148
vt 3.6822 0.3148
vt 3.7935 0.3148
vt 4.2253 0.391
vt 4.2726 0.3148
vt 4.2225 0.3148
vt 4.121 0.391
vt 4.3197 0.0862
vt 4.3197 0.01
vt 4.2197 0.0862
vt 4.2197 0.01
vt 4.118 0.01
vt 4.0118 0.0862
vt 4.0127 0.01
vt 3.9074 0.01
vt 3.9043 0.0862
vt 4.32 0.1624
vt 4.0113 0.1624
vt 4.3209 0.2386
vt 4.0115 0.2386
vt 3.4577 0.0862
vt 3.5701 0.0862
vt 3.5701 0.01
vt 3.5701 0.1624
vt 3.4577 0.1624
vt 3.5701 0.2386
vt 3.4577 0.2386
vt 3.6823 0.0862
vt 3.6825 0.01
vt 3.6822 0.1624
vt 3.7941 0.0862
vt 3.795 0.01
vt 3.7933 0.2386
vt -1.3963 0.01
vt -1.3963 0.0862
vt -1.4469 0.0862
vt -1.4469 0.01
vt -1.2951 0.01
vt -1.2951 0.0862
vt -1.3457 0.0862
vt -1.3457 0.01
vt -1.2446 0.0862
vt -1.2446 0.01
vt -1.1434 0.01
vt -1.1434 0.0862
vt -1.0422 0.01
vt -1.0422 0.0862
vt -1.3963 0.1624
vt -1.4469 0.1624
vt -1.2951 0.1624
vt -1.3457 0.1624
vt -1.2446 0.1624
vt -1.1434 0.1624
vt -1.0422 0.1624
vt -1.3963 0.2386
vt -1.4469 0.2386
vt -1.2951 0.2386
vt -1.3457 0.2386
vt -1.2446 0.2386
vt -1.1434 0.2386
vt -1.0422 0.2386
vt -1.3963 0.3148
vt -1.4469 0.3148
vt -1.2951 0.3148
vt -1.3457 0.3148
vt -1.2446 0.3148
vt -1.1434 0.3148
vt -1.0422 0.3148
vt -0.7387 0.0862
vt -0.7387 0.01
vt -0.6376 0.01
vt -0.6376 0.0862
vt -0.7387 0.1624
vt -0.6376 0.1624
vt -0.7387 0.2386
vt -0.6376 0.2386
vt -0.7387 0.3148
vt -0.6376 0.3148
vt -0.8399 0.0862
vt -0.8399 0.01
vt -0.8399 0.1624
vt -0.8399 0.2386
vt -0.8399 0.3148
vt -0.9411 0.0862
vt -0.9411 0.01
vt -0.9411 0.1624
vt -0.9411 0.2386
vt -0.9411 0.3148
vt -0.6376 0.5434
vt -0.6376 0.6196
vt -0.7387 0.6196
vt -0.7387 0.5434
vt -0.8399 0.6196
vt -0.8399 0.5434
vt -0.9411 0.6196
vt -0.9411 0.5434
vt -1.0422 0.6196
vt -1.0422 0.5434
vt -0.6376 0.4672
vt -0.7387 0.4672
vt -0.8399 0.4672
vt -0.9411 0.4672
vt -1.0422 0.4672
vt -0.6376 0.391
vt -0.7387 0.391
vt -0.8399 0.391
vt -0.9411 0.391
vt -1.0422 0.391
vt -1.3963 0.5434
vt -1.3457 0.5434
vt -1.3457 0.6196
vt -1.3963 0.6196
vt -1.3963 0.4672
vt -1.3457 0.4672
vt -1.3963 0.391
vt -1.3457 0.391
vt -1.2951 0.6196
vt -1.2951 0.5434
vt -1.2446 0.5434
vt -1.2446 0.6196
vt -1.2951 0.4672
vt -1.2446 0.4672
vt -1.2951 0.391
vt -1.2446 0.391
vt -1.1434 0.5434
vt -1.1434 0.6196
vt -1.1434 0.4672
vt -1.1434 0.391
vt -1.2952 0.0862
vt -1.2953 0.1624
vt -1.2953 0.2386
vt -1.2952 0.3148
vt -1.144 0.0862
vt -1.2447 0.0862
vt -1.1443 0.1624
vt -1.2448 0.1624
vt -1.1443 0.2386
vt -1.2448 0.2386
vt -1.1441 0.3148
vt -1.2448 0.3148
vt -1.0444 0.0862
vt -1.0448 0.1624
vt -1.0446 0.2386
vt -1.0441 0.3148
vt -1.4469 0.5434
vt -1.4469 0.6196
vt -1.2952 0.5434
vt -1.1436 0.5434
vt -1.0427 0.5434
vt -1.4469 0.4672
vt -1.2952 0.4672
vt -1.1438 0.4672
vt -1.2447 0.4672
vt -1.0432 0.4672
vt -1.4469 0.391
vt -1.2952 0.391
vt -1.144 0.391
vt -1.2447 0.391
vt -1.0436 0.391
vt -0.7414 0.5434
vt -0.6415 0.5434
vt -0.744 0.4672
vt -0.6455 0.4672
vt -0.7466 0.391
vt -0.6494 0.391
vt -0.7492 0.3148
vt -0.6533 0.3148
vt -0.8415 0.5434
vt -0.8432 0.4672
vt -0.8448 0.391
vt -0.8465 0.3148
vt -0.942 0.5434
vt -0.9429 0.4672
vt -0.9439 0.391
vt -0.9448 0.3148
vt -0.7598 0.01
vt -0.7571 0.0862
vt -0.6652 0.0862
vt -0.6691 0.01
vt -0.8519 0.01
vt -0.8512 0.0862
vt -0.9471 0.01
vt -0.9469 0.0862
vt -0.7545 0.1624
vt -0.6612 0.1624
vt -0.8497 0.1624
vt -0.9465 0.1624
vt -0.7519 0.2386
vt -0.6573 0.2386
vt -0.8481 0.2386
vt -0.9458 0.2386
vt 0.1615 0.0862
vt 0.1666 0.01
vt 0.2655 0.01
vt 0.2583 0.0862
vt 0.3642 0.01
vt 0.3542 0.0862
vt 0.4624 0.01
vt 0.4495 0.0862
vt 0.5606 0.01
vt 0.5441 0.0862
vt 0.1568 0.1624
vt 0.2513 0.1624
vt 0.3446 0.1624
vt 0.4367 0.1624
vt 0.528 0.1624
vt 0.1528 0.2386
vt 0.2451 0.2386
vt 0.3355 0.2386
vt 0.4244 0.2386
vt 0.5121 0.2386
vt 0.15 0.3148
vt 0.2399 0.3148
vt 0.3272 0.3148
vt 0.4126 0.3148
vt 0.4965 0.3148
vt 0.8252 0.0862
vt 0.8523 0.01
vt 0.9495 0.01
vt 0.9186 0.0862
vt 0.7981 0.1624
vt 0.8876 0.1624
vt 0.771 0.2386
vt 0.8566 0.2386
vt 0.7439 0.3148
vt 0.8256 0.3148
vt 0.7318 0.0862
vt 0.7551 0.01
vt 0.7085 0.1624
vt 0.6852 0.2386
vt 0.662 0.3148
vt 0.6381 0.0862
vt 0.6579 0.01
vt 0.6185 0.1624
vt 0.599 0.2386
vt 0.5796 0.3148
vt 0.7327 0.5434
vt 0.7017 0.6196
vt 0.6355 0.6196
vt 0.6626 0.5434
vt 0.5692 0.6196
vt 0.5924 0.5434
vt 0.503 0.6196
vt 0.5221 0.5434
vt 0.4367 0.6196
vt 0.4515 0.5434
vt 0.6897 0.4672
vt 0.7637 0.4672
vt 0.6156 0.4672
vt 0.5411 0.4672
vt 0.4663 0.4672
vt 0.7168 0.391
vt 0.7947 0.391
vt 0.6387 0.391
vt 0.5603 0.391
vt 0.4813 0.391
vt 0.2354 0.5434
vt 0.238 0.6196
vt 0.1717 0.6196
vt 0.1556 0.5434
vt 0.2343 0.4672
vt 0.1501 0.4672
vt 0.236 0.391
vt 0.1487 0.391
vt 0.3088 0.5434
vt 0.3042 0.6196
vt 0.3139 0.4672
vt 0.32 0.391
vt 0.3806 0.5434
vt 0.3705 0.6196
vt 0.3909 0.4672
vt 0.4015 0.391
vt 3.4576 0.01
vt -1.2953 0.0862
vt -1.1446 0.0862
vt -1.2449 0.0862
vt -1.0467 0.0862
vt -1.2954 0.1624
vt -1.245 0.1624
vt -1.1453 0.1624
vt -1.0475 0.1624
vt -1.2954 0.2386
vt -1.245 0.2386
vt -1.1453 0.2386
vt -1.0471 0.2386
vt -1.2953 0.3148
vt -1.1449 0.3148
vt -1.245 0.3148
vt -1.0461 0.3148
vt -0.7767 0.0862
vt -0.7822 0.01
vt -0.7027 0.01
vt -0.6946 0.0862
vt -0.7713 0.1624
vt -0.6864 0.1624
vt -0.6783 0.2386
vt -0.7659 0.2386
vt -0.6701 0.3148
vt -0.7605 0.3148
vt -0.8633 0.0862
vt -0.8647 0.01
vt -0.8602 0.1624
vt -0.8569 0.2386
vt -0.8535 0.3148
vt -0.9531 0.0862
vt -0.9535 0.01
vt -0.9523 0.1624
vt -0.9508 0.2386
vt -0.9488 0.3148
vt -0.7442 0.5434
vt -0.6457 0.5434
vt -0.8433 0.5434
vt -0.943 0.5434
vt -1.0432 0.5434
vt -0.6539 0.4672
vt -0.7496 0.4672
vt -0.8467 0.4672
vt -0.9449 0.4672
vt -1.0442 0.4672
vt -0.662 0.391
vt -0.755 0.391
vt -0.8501 0.391
vt -0.9469 0.391
vt -1.0451 0.391
vt -1.2447 0.5434
vt -1.2448 0.4672
vt -1.2953 0.391
vt -1.2449 0.391
vt -1.1438 0.5434
vt -1.1442 0.4672
vt -1.1446 0.391
vt -0.5364 0.5434
vt -0.5364 0.6196
vt -0.4353 0.5434
vt -0.4352 0.6196
vt -0.3341 0.6196
vt -0.3344 0.5434
vt -0.2329 0.6196
vt -0.2337 0.5434
vt -0.5364 0.4672
vt -0.4354 0.4672
vt -0.3346 0.4672
vt -0.2343 0.4672
vt -0.5364 0.391
vt -0.4354 0.391
vt -0.3349 0.391
vt -0.2348 0.391
vt -0.5364 0.3148
vt -0.4355 0.3148
vt -0.3349 0.3148
vt -0.2351 0.3148
vt 0.0642 0.5434
vt 0.0706 0.6196
vt 0.0592 0.4672
vt 0.057 0.391
vt 0.057 0.3148
vt -0.0338 0.5434
vt -0.0306 0.6196
vt -0.0364 0.4672
vt -0.038 0.391
vt -0.0386 0.3148
vt -0.1333 0.5434
vt -0.1317 0.6196
vt -0.1346 0.4672
vt -0.1356 0.391
vt -0.1361 0.3148
vt 0.0637 0.0862
vt 0.0671 0.01
vt -0.0348 0.0862
vt -0.0326 0.01
vt -0.1341 0.0862
vt -0.1327 0.01
vt -0.2339 0.0862
vt -0.2329 0.01
vt 0.0607 0.1624
vt -0.0367 0.1624
vt -0.1352 0.1624
vt -0.2346 0.1624
vt 0.0583 0.2386
vt -0.038 0.2386
vt -0.1359 0.2386
vt -0.235 0.2386
vt -0.5364 0.0862
vt -0.5364 0.01
vt -0.5364 0.1624
vt -0.5364 0.2386
vt -0.4353 0.0862
vt -0.4352 0.01
vt -0.4354 0.1624
vt -0.4355 0.2386
vt -0.3344 0.0862
vt -0.3341 0.01
vt -0.3347 0.1624
vt -0.3349 0.2386
vt -0.173 0.0862
vt -0.2157 0.01
vt -0.16 0.01
vt -0.1141 0.0862
vt -0.1039 0.01
vt -0.055 0.0862
vt -0.0468 0.01
vt 0.0041 0.0862
vt 0.0102 0.01
vt 0.0635 0.0862
vt -0.1299 0.1624
vt -0.0678 0.1624
vt -0.0061 0.1624
vt 0.0552 0.1624
vt 0.1163 0.1624
vt -0.0209 0.2386
vt -0.0861 0.2386
vt 0.0433 0.2386
vt 0.1065 0.2386
vt 0.1692 0.2386
vt -0.0411 0.3148
vt 0.0271 0.3148
vt 0.0934 0.3148
vt 0.1583 0.3148
vt 0.2222 0.3148
vt 0.243 0.0862
vt 0.1869 0.01
vt 0.2458 0.01
vt 0.3028 0.0862
vt 0.2991 0.1624
vt 0.3598 0.1624
vt 0.3551 0.2386
vt 0.4168 0.2386
vt 0.4112 0.3148
vt 0.4738 0.3148
vt 0.1831 0.0862
vt 0.128 0.01
vt 0.2383 0.1624
vt 0.2934 0.2386
vt 0.3485 0.3148
vt 0.1232 0.0862
vt 0.0691 0.01
vt 0.1774 0.1624
vt 0.2314 0.2386
vt 0.2855 0.3148
vt 0.6448 0.5434
vt 0.5794 0.5434
vt 0.514 0.5434
vt 0.4485 0.5434
vt 0.3829 0.5434
vt 0.5878 0.4672
vt 0.5233 0.4672
vt 0.4588 0.4672
vt 0.3941 0.4672
vt 0.3291 0.4672
vt 0.5308 0.391
vt 0.4673 0.391
vt 0.4037 0.391
vt 0.3398 0.391
vt 0.2755 0.391
vt 0.1822 0.5434
vt 0.1078 0.5434
vt 0.1279 0.4672
vt 0.0545 0.4672
vt 0.0765 0.391
vt 0.0053 0.391
vt 0.2503 0.5434
vt 0.197 0.4672
vt 0.1447 0.391
vt 0.317 0.5434
vt 0.2637 0.4672
vt 0.2108 0.391
vt -0.542 0.5434
vt -0.443 0.5434
vt -0.3446 0.5434
vt -0.2469 0.5434
vt -0.5477 0.4672
vt -0.4508 0.4672
vt -0.3552 0.4672
vt -0.2609 0.4672
vt -0.5533 0.391
vt -0.4586 0.391
vt -0.3656 0.391
vt -0.2746 0.391
vt -0.5589 0.3148
vt -0.4664 0.3148
vt -0.376 0.3148
vt -0.2881 0.3148
vt 0.0388 0.5434
vt 0.125 0.5434
vt 0.0084 0.4672
vt 0.089 0.4672
vt -0.0191 0.391
vt -0.0445 0.3148
vt 0.0277 0.3148
vt -0.0546 0.5434
vt -0.078 0.4672
vt -0.1004 0.391
vt -0.1217 0.3148
vt -0.15 0.5434
vt -0.1681 0.4672
vt -0.1859 0.391
vt -0.2031 0.3148
vt -0.0525 0.0862
vt -0.078 0.01
vt -0.1359 0.01
vt -0.1139 0.0862
vt -0.1966 0.01
vt -0.1799 0.0862
vt -0.2628 0.01
vt -0.2494 0.0862
vt -0.329 0.01
vt -0.3238 0.0862
vt -0.0266 0.1624
vt -0.0916 0.1624
vt -0.1613 0.1624
vt -0.2353 0.1624
vt -0.3134 0.1624
vt -0.0 0.2386
vt -0.0686 0.2386
vt -0.142 0.2386
vt -0.2197 0.2386
vt -0.3013 0.2386
vt -0.5758 0.0862
vt -0.5814 0.01
vt -0.5702 0.1624
vt -0.5646 0.2386
vt -0.4889 0.0862
vt -0.4953 0.01
vt -0.4816 0.1624
vt -0.4741 0.2386
vt -0.4042 0.0862
vt -0.4121 0.01
vt -0.3958 0.1624
vt -0.3862 0.2386
vt 0.1991 0.5434
vt 0.2661 0.5434
vt 0.331 0.5434
vt 0.3947 0.5434
vt 0.1616 0.4672
vt 0.2284 0.4672
vt 0.2917 0.4672
vt 0.3527 0.4672
vt 0.1269 0.391
vt 0.1918 0.391
vt 0.2528 0.391
vt 0.311 0.391
vt 0.0944 0.3148
vt 0.1563 0.3148
vt 0.2144 0.3148
vt 0.2694 0.3148
vt 0.5826 0.5434
vt 0.5298 0.4672
vt 0.4769 0.391
vt 0.424 0.3148
vt 0.5203 0.5434
vt 0.4714 0.4672
vt 0.4226 0.391
vt 0.3737 0.3148
vt 0.4578 0.5434
vt 0.4125 0.4672
vt 0.3674 0.391
vt 0.3224 0.3148
vt 0.2125 0.01
vt 0.2654 0.0862
vt 0.1793 0.01
vt 0.2277 0.0862
vt 0.146 0.01
vt 0.1893 0.0862
vt 0.1127 0.01
vt 0.1486 0.0862
vt 0.3183 0.1624
vt 0.2762 0.1624
vt 0.233 0.1624
vt 0.1878 0.1624
vt 0.3711 0.2386
vt 0.3249 0.2386
vt 0.2775 0.2386
vt 0.2282 0.2386
vt 0.0036 0.0862
vt -0.0255 0.01
vt 0.0331 0.1624
vt 0.0632 0.2386
vt 0.0554 0.0862
vt 0.0242 0.01
vt 0.0883 0.1624
vt 0.1218 0.2386
vt 0.1038 0.0862
vt 0.0685 0.01
vt 0.1397 0.1624
vt 0.1766 0.2386
vt 0.022 0.5434
vt -0.0703 0.5434
vt -0.1642 0.5434
vt -0.2592 0.5434
vt -0.0252 0.4672
vt -0.1096 0.4672
vt -0.1966 0.4672
vt -0.2855 0.4672
vt -0.0696 0.391
vt -0.1477 0.391
vt -0.2285 0.391
vt -0.3116 0.391
vt -0.1118 0.3148
vt -0.1848 0.3148
vt -0.26 0.3148
vt -0.3374 0.3148
vt -0.548 0.5434
vt -0.5597 0.4672
vt -0.5713 0.391
vt -0.5829 0.3148
vt -0.4511 0.5434
vt -0.4669 0.4672
vt -0.4828 0.391
vt -0.4986 0.3148
vt -0.3548 0.5434
vt -0.3756 0.4672
vt -0.3962 0.391
vt -0.4168 0.3148
vt -0.6295 0.01
vt -0.6178 0.0862
vt -0.5593 0.01
vt -0.5455 0.0862
vt -0.4954 0.01
vt -0.4765 0.0862
vt -0.4315 0.01
vt -0.4111 0.0862
vt -0.6062 0.1624
vt -0.53 0.1624
vt -0.4572 0.1624
vt -0.3876 0.1624
vt -0.5946 0.2386
vt -0.5144 0.2386
vt -0.4372 0.2386
vt -0.3628 0.2386
vt -0.2316 0.0862
vt -0.2704 0.01
vt -0.1925 0.1624
vt -0.1527 0.2386
vt -0.2904 0.0862
vt -0.3247 0.01
vt -0.2559 0.1624
vt -0.2208 0.2386
vt -0.3497 0.0862
vt -0.3781 0.01
vt -0.3207 0.1624
vt -0.2908 0.2386
vt 4.416 0.01
vt 4.416 0.0862
vt 4.5105 0.01
vt 4.5094 0.0862
vt 4.6015 0.01
vt 4.6006 0.0862
vt 4.6925 0.01
vt 4.6893 0.0862
vt 4.4163 0.1624
vt 4.5095 0.1624
vt 4.6001 0.1624
vt 4.6884 0.1624
vt 4.4171 0.2386
vt 4.5101 0.2386
vt 4.6003 0.2386
vt 4.6883 0.2386
vt 4.4188 0.3148
vt 4.5114 0.3148
vt 4.6011 0.3148
vt 4.6887 0.3148
vt 5.0277 0.0862
vt 4.9439 0.0862
vt 4.9439 0.01
vt 5.0277 0.01
vt 5.0277 0.1624
vt 4.9439 0.1624
vt 4.9439 0.2386
vt 5.0277 0.2386
vt 4.9439 0.3148
vt 5.0277 0.3148
vt 4.8598 0.0862
vt 4.8601 0.01
vt 4.8597 0.1624
vt 4.8597 0.2386
vt 4.8597 0.3148
vt 4.7754 0.0862
vt 4.7763 0.01
vt 4.7747 0.1624
vt 4.7746 0.2386
vt 4.7748 0.3148
vt 5.0277 0.5434
vt 5.0277 0.6196
vt 4.9439 0.6196
vt 4.9439 0.5434
vt 4.8601 0.6196
vt 4.86 0.5434
vt 4.7763 0.6196
vt 4.7758 0.5434
vt 4.6925 0.6196
vt 4.6913 0.5434
vt 5.0277 0.4672
vt 4.9439 0.4672
vt 4.8599 0.4672
vt 4.7754 0.4672
vt 4.6903 0.4672
vt 5.0277 0.391
vt 4.9439 0.391
vt 4.8598 0.391
vt 4.775 0.391
vt 4.6894 0.391
vt 4.433 0.5434
vt 4.4411 0.6196
vt 4.4261 0.4672
vt 4.4216 0.391
vt 4.5205 0.5434
vt 4.5249 0.6196
vt 4.5166 0.4672
vt 4.5135 0.391
vt 4.6064 0.5434
vt 4.6087 0.6196
vt 4.6043 0.4672
vt 4.6025 0.391
vn -0.0761 0.0016 0.9971
vn 0.2867 0.2483 0.9253
vn 0.2444 -0.8079 -0.5362
vn -0.4085 -0.9126 0.0178
vn -0.9711 -0.2381 0.0142
vn -0.0978 -0.0635 -0.9932
vn -0.1272 -0.0022 -0.9919
vn -0.9997 0.0151 0.02
vn -0.1309 -0.0031 -0.9914
vn -0.9996 0.0142 0.0242
vn -0.1344 -0.0041 -0.9909
vn -0.9995 0.0155 0.0282
vn -0.0136 -0.0885 -0.996
vn -0.0285 -0.9996 0.005
vn -0.0141 -0.0063 -0.9999
vn -0.0157 -0.0067 -0.9999
vn -0.0164 -0.0077 -0.9998
vn -0.0085 -0.0903 -0.9959
vn -0.0261 -0.9996 0.0069
vn -0.0069 -0.0072 -1.0
vn -0.0059 -0.0065 -1.0
vn -0.0035 -0.0066 -1.0
vn -0.0034 -0.0904 -0.9959
vn -0.0229 -0.9997 0.0067
vn 0.0003 -0.0061 -1.0
vn 0.0027 -0.0051 -1.0
vn 0.0065 -0.004 -1.0
vn -0.9685 0.204 -0.1425
vn -0.8592 0.4827 -0.1695
vn 0.061 0.8223 -0.5658
vn -0.0641 0.3805 -0.9226
vn 0.0104 0.8455 -0.5338
vn 0.0076 0.3993 -0.9168
vn 0.0079 0.8284 -0.5601
vn 0.0086 0.3876 -0.9218
vn 0.0047 0.8175 -0.576
vn 0.0082 0.3736 -0.9276
vn -0.1278 0.0654 -0.9896
vn -0.9982 0.0585 -0.0089
vn -0.0094 0.0697 -0.9975
vn 0.0059 0.0718 -0.9974
vn 0.0122 0.0689 -0.9976
vn -0.1384 -0.0047 -0.9904
vn -0.9992 0.0222 0.0326
vn -0.0169 -0.0088 -0.9998
vn 0.0008 -0.0068 -1.0
vn 0.0108 -0.0031 -0.9999
vn 0.0007 0.8026 -0.5965
vn 0.0008 0.8029 -0.5961
vn 0.0003 0.9879 -0.155
vn 0.0003 0.9878 -0.1554
vn 0.0033 0.3505 -0.9366
vn 0.0018 0.3472 -0.9378
vn 0.0026 0.0538 -0.9985
vn 0.0094 0.057 -0.9983
vn 0.0015 -0.0001 -1.0
vn 0.0133 -0.0006 -0.9999
vn 0.0017 -0.0002 -1.0
vn 0.0113 -0.0012 -0.9999
vn 0.0022 0.8057 -0.5923
vn 0.0007 0.9883 -0.1528
vn 0.0024 0.3553 -0.9348
vn 0.0038 0.0612 -0.9981
vn 0.0058 0.0002 -1.0
vn 0.0074 -0.0015 -1.0
vn 0.0029 0.8101 -0.5862
vn 0.0013 0.9889 -0.1489
vn 0.0054 0.3621 -0.9321
vn 0.0091 0.0643 -0.9979
vn 0.0107 0.0004 -0.9999
vn 0.0089 -0.0016 -1.0
vn 0.0016 0.9898 -0.1423
vn 0.005 -0.0853 -0.9963
vn 0.0054 -0.0837 -0.9965
vn -0.0053 -1.0 0.0003
vn -0.0078 -1.0 0.0027
vn 0.0036 -0.0872 -0.9962
vn -0.0122 -0.9999 0.0049
vn 0.001 -0.0891 -0.996
vn -0.0182 -0.9998 0.0064
vn 0.0069 -0.0022 -1.0
vn 0.0062 -0.0022 -1.0
vn 0.0067 -0.0033 -1.0
vn 0.0047 -0.0043 -1.0
vn 0.0086 -0.0013 -1.0
vn 0.004 -0.0015 -1.0
vn 0.008 -0.0021 -1.0
vn 0.0068 -0.0032 -1.0
vn -0.0037 -1.0 -0.0017
vn 0.0043 -0.0818 -0.9966
vn 0.0093 -0.0011 -1.0
vn 0.0117 -0.0028 -0.9999
vn 0.0104 -0.0023 -0.9999
vn -0.0032 -1.0 -0.0036
vn 0.0002 -0.0785 -0.9969
vn 0.003 0.0022 -1.0
vn 0.0078 -0.0002 -1.0
vn 0.0126 -0.002 -0.9999
vn -0.0033 -1.0 -0.0037
vn -0.006 -0.0787 -0.9969
vn -0.0069 0.0034 -1.0
vn -0.0082 0.0017 -1.0
vn -0.0066 0.0006 -1.0
vn -0.0035 -1.0 -0.0033
vn -0.0075 -0.0794 -0.9968
vn -0.0073 0.0028 -1.0
vn -0.0064 0.0024 -1.0
vn -0.0045 0.0021 -1.0
vn 0.0006 0.8031 -0.5958
vn 0.0017 0.3462 -0.9382
vn 0.0006 0.8042 -0.5944
vn 0.0031 0.3438 -0.939
vn 0.0008 0.8046 -0.5938
vn 0.0005 0.342 -0.9397
vn 0.0001 0.8024 -0.5968
vn 0.0004 0.3405 -0.9402
vn 0.0041 0.0527 -0.9986
vn 0.0095 0.0481 -0.9988
vn -0.0003 0.0463 -0.9989
vn -0.0004 0.0477 -0.9989
vn 0.0076 0.0002 -1.0
vn 0.0137 -0.0021 -0.9999
vn -0.0037 -0.0004 -1.0
vn -0.0028 0.002 -1.0
vn 0.9786 0.1513 -0.1398
vn 0.1098 0.7861 -0.6082
vn 0.1074 0.9805 -0.1643
vn 0.9947 0.091 -0.0488
vn 0.139 0.0366 -0.9896
vn 0.1177 0.3196 -0.9402
vn 0.9889 0.0606 -0.1354
vn 0.9987 0.007 0.0499
vn 0.15 -0.0003 -0.9887
vn 0.9975 -0.0109 0.07
vn 0.9977 -0.0133 0.067
vn 0.1511 -0.0009 -0.9885
vn 0.001 0.7952 -0.6064
vn 0.0004 0.9868 -0.1618
vn 0.0041 0.0467 -0.9989
vn 0.0015 0.3334 -0.9428
vn 0.0068 0.0031 -1.0
vn 0.0091 0.0024 -1.0
vn 0.0005 0.7991 -0.6012
vn 0.0001 0.9874 -0.1583
vn -0.0 0.0483 -0.9988
vn 0.0004 0.3377 -0.9413
vn -0.0014 0.0034 -1.0
vn -0.0024 0.0031 -1.0
vn 0.0001 0.9878 -0.1556
vn 0.3769 -0.9259 0.0234
vn 0.1291 -0.0638 -0.9896
vn 0.9618 -0.2668 0.0606
vn 0.0157 -0.081 -0.9966
vn -0.0054 -0.9999 -0.0121
vn -0.0032 -0.0797 -0.9968
vn -0.0044 -1.0 -0.0066
vn 0.1537 -0.0013 -0.9881
vn 0.998 -0.0106 0.0631
vn 0.014 0.002 -0.9999
vn -0.0033 0.003 -1.0
vn 0.1522 -0.0011 -0.9883
vn 0.9978 -0.0125 0.0645
vn 0.0117 0.0025 -0.9999
vn -0.0031 0.0032 -1.0
vn -0.9754 0.0946 0.199
vn -0.119 0.7319 0.671
vn -0.0182 0.9477 0.3186
vn -0.9995 0.0151 0.0285
vn -0.9909 -0.1291 0.0377
vn -0.116 -0.099 0.9883
vn -0.1108 0.2122 0.9709
vn -0.9859 -0.0416 0.1618
vn -0.1705 -0.1783 0.9691
vn -0.982 -0.1644 -0.0928
vn -0.965 -0.229 -0.1278
vn -0.202 -0.157 0.9667
vn -0.9582 -0.285 -0.024
vn -0.1527 -0.0953 0.9837
vn 0.0044 0.7515 0.6597
vn 0.0125 0.9786 0.2054
vn -0.0449 0.0154 0.9989
vn 0.0074 0.2543 0.9671
vn -0.1392 -0.0596 0.9885
vn -0.1314 -0.1934 0.9723
vn -0.033 -0.1366 0.9901
vn -0.0538 0.8094 0.5847
vn -0.0168 0.9857 0.1675
vn -0.044 0.107 0.9933
vn -0.0436 0.2969 0.9539
vn -0.0468 0.0518 0.9976
vn 0.022 -0.2239 0.9744
vn 0.0298 -0.1509 0.9881
vn -0.0116 0.9192 0.3935
vn -0.0069 0.9953 0.0963
vn 0.0465 0.0752 0.9961
vn 0.0027 0.4537 0.8912
vn 0.15 0.0099 0.9886
vn 0.1599 -0.158 0.9744
vn 0.0311 -0.0992 0.9946
vn -0.1133 -0.0472 0.9924
vn -0.921 -0.3896 -0.0014
vn -0.9029 -0.4299 -0.0016
vn -0.1121 -0.0528 0.9923
vn -0.0017 0.0011 1.0
vn -0.0025 0.0005 1.0
vn -0.0039 0.001 1.0
vn -0.0045 0.0001 1.0
vn -0.0072 0.0005 1.0
vn -0.0075 -0.001 1.0
vn -0.1142 -0.0418 0.9926
vn -0.9365 -0.3507 -0.0016
vn -0.0009 0.0015 1.0
vn -0.0028 0.0017 1.0
vn -0.0151 -0.0116 0.9998
vn -0.1143 -0.0365 0.9928
vn -0.9496 -0.3136 -0.0024
vn 0.0002 0.0038 1.0
vn -0.0024 0.0049 1.0
vn -0.0357 -0.0137 0.9993
vn -0.0242 -0.0067 0.9997
vn -0.0258 -0.0058 0.9996
vn -0.0259 -0.0058 0.9996
vn -0.0242 -0.0047 0.9997
vn -0.0357 -0.0187 0.9992
vn -0.0125 -0.0079 0.9999
vn -0.0599 -0.0196 0.998
vn 0.0077 0.0008 1.0
vn -0.037 -0.0927 0.995
vn 0.0331 -0.09 0.9954
vn -0.0182 -0.0052 0.9998
vn -0.0184 -0.0025 0.9998
vn -0.0011 -0.0233 0.9997
vn 0.0212 -0.016 0.9996
vn -0.0072 -0.0631 0.998
vn -0.0121 -0.0029 0.9999
vn -0.0121 -0.0006 0.9999
vn -0.0146 -0.0293 0.9995
vn -0.0353 -0.0331 0.9988
vn -0.0249 -0.0446 0.9987
vn -0.019 0.9412 0.3373
vn -0.0102 0.4749 0.88
vn -0.0091 0.5319 0.8468
vn -0.0035 0.9546 0.2979
vn -0.011 0.9295 0.3687
vn -0.0059 0.4412 0.8974
vn 0.0253 0.9305 0.3653
vn 0.0492 0.4272 0.9028
vn 0.0001 0.0829 0.9966
vn 0.0044 0.1071 0.9942
vn 0.028 -0.0137 0.9995
vn 0.0156 -0.0646 0.9978
vn -0.0405 0.0518 0.9978
vn -0.1003 -0.0802 0.9917
vn 0.0291 -0.0102 0.9995
vn 0.0401 -0.1052 0.9936
vn 0.0497 -0.1763 0.9831
vn 0.0136 -0.159 0.9872
vn -0.0797 -0.1631 0.9834
vn 0.0266 -0.1239 0.9919
vn 0.1741 0.9839 -0.0412
vn 0.1554 0.9871 0.0377
vn 0.9946 0.0977 0.0349
vn 0.9999 -0.0125 -0.0111
vn 0.029 0.9986 -0.0453
vn 0.067 0.9964 0.052
vn -0.1239 0.9913 0.0439
vn -0.1075 0.9934 -0.039
vn -0.0809 0.9963 0.0274
vn -0.126 0.9867 0.1029
vn 0.1377 0.9062 0.3999
vn 0.1327 0.4127 0.9012
vn 0.9379 0.2399 0.2505
vn 0.917 0.371 0.1463
vn 0.1062 0.8922 0.439
vn 0.0861 0.4352 0.8962
vn -0.0785 0.8825 0.4637
vn 0.011 0.3966 0.9179
vn -0.0922 0.8282 0.5528
vn -0.0166 0.3656 0.9306
vn 0.1966 -0.1913 0.9616
vn 0.9734 0.1725 -0.151
vn 0.9841 0.1127 0.1371
vn 0.1797 -0.1515 0.972
vn 0.0778 -0.2461 0.9661
vn 0.0606 -0.0665 0.9959
vn 0.0963 -0.2435 0.9651
vn 0.0689 -0.0446 0.9966
vn 0.1259 -0.2085 0.9699
vn 0.0451 -0.0044 0.999
vn 0.9844 0.1756 0.0117
vn 0.1354 0.0013 0.9908
vn 0.0376 -0.0859 0.9956
vn 0.0705 -0.1133 0.9911
vn 0.1407 -0.0832 0.9866
vn 0.0041 0.9998 0.0203
vn 0.0026 1.0 0.0091
vn -0.0122 0.9607 0.2772
vn -0.0266 0.1272 0.9915
vn -0.0148 0.5795 0.8149
vn -0.0789 -0.1426 0.9866
vn -0.0587 -0.0535 0.9968
vn -0.1142 -0.0781 0.9904
vn 0.0082 0.9993 0.0372
vn -0.0052 0.9754 0.2205
vn -0.0217 0.1957 0.9804
vn -0.0226 0.6783 0.7345
vn -0.0125 -0.1114 0.9937
vn -0.0168 -0.0178 0.9997
vn -0.0343 -0.0486 0.9982
vn 0.0082 0.998 0.062
vn -0.0073 0.9868 0.1618
vn -0.0421 0.2822 0.9584
vn -0.0154 0.7601 0.6496
vn 0.043 -0.1449 0.9885
vn -0.0402 0.0018 0.9992
vn 0.1072 -0.0476 0.9931
vn -0.0182 -0.0044 0.9998
vn -0.0178 -0.0011 0.9998
vn 0.0011 -0.0002 1.0
vn 0.0008 0.0066 1.0
vn 0.0241 0.0075 0.9997
vn 0.0229 0.0144 0.9996
vn 0.0392 0.0146 0.9991
vn 0.0355 0.018 0.9992
vn -0.0363 -0.0636 0.9973
vn 0.0144 -0.0876 0.9961
vn 0.0699 -0.0547 0.9961
vn 0.0685 -0.0026 0.9976
vn -0.0941 -0.0727 0.9929
vn -0.0052 -0.0988 0.9951
vn 0.1205 -0.0504 0.9914
vn 0.113 0.0016 0.9936
vn 0.9435 0.3288 0.0417
vn 0.0843 0.0425 0.9955
vn 0.0727 0.0452 0.9963
vn 0.9182 0.3919 0.0574
vn 0.9633 0.2669 0.0297
vn 0.094 0.0378 0.9949
vn 0.9765 0.2145 0.0189
vn 0.1008 0.0337 0.9943
vn 0.0018 0.0067 1.0
vn 0.0002 0.0035 1.0
vn 0.0018 0.0079 1.0
vn -0.0006 0.01 0.9999
vn 0.0273 0.0143 0.9995
vn 0.0271 0.0132 0.9995
vn 0.0307 0.0144 0.9994
vn 0.0378 0.0157 0.9992
vn -0.0974 -0.1142 0.9887
vn -0.5873 -0.8092 -0.0168
vn -0.5194 -0.8542 -0.0226
vn -0.0922 -0.1292 0.9873
vn -0.4497 -0.8928 -0.0271
vn -0.0816 -0.1415 0.9866
vn -0.3784 -0.9252 -0.0276
vn -0.0673 -0.1484 0.9866
vn -0.3063 -0.9516 -0.0256
vn -0.0525 -0.15 0.9873
vn -0.033 -0.0133 0.9994
vn -0.0318 -0.0224 0.9992
vn -0.0237 -0.0271 0.9994
vn -0.0122 -0.0239 0.9996
vn -0.0034 -0.0147 0.9999
vn -0.0438 -0.0206 0.9988
vn -0.0334 -0.0281 0.999
vn -0.0156 -0.0274 0.9995
vn 0.0017 -0.0174 0.9998
vn 0.011 -0.0017 0.9999
vn -0.0449 -0.025 0.9987
vn -0.0215 -0.0272 0.9994
vn 0.0047 -0.0196 0.9998
vn 0.023 -0.0035 0.9997
vn 0.0266 0.0138 0.9996
vn -0.0181 -0.1475 0.9889
vn -0.0777 -0.9968 -0.0188
vn 0.0057 -0.9997 -0.0219
vn -0.0063 -0.149 0.9888
vn -0.0088 -0.0012 1.0
vn -0.0056 -0.0009 1.0
vn -0.0172 -0.0031 0.9998
vn -0.0018 -0.0113 0.9999
vn -0.0409 -0.0103 0.9991
vn -0.0054 -0.042 0.9991
vn -0.0286 -0.1462 0.9888
vn -0.1581 -0.9872 -0.019
vn -0.0054 0.001 1.0
vn -0.0081 0.0122 0.9999
vn -0.02 0.0209 0.9996
vn -0.0387 -0.1474 0.9883
vn -0.233 -0.9722 -0.022
vn -0.0009 -0.0036 1.0
vn 0.0073 0.0115 0.9999
vn 0.0124 0.0255 0.9996
vn -0.1369 -0.0067 0.9906
vn -0.162 0.0713 0.9842
vn -0.1344 0.0411 0.9901
vn -0.1451 0.0304 0.9889
vn -0.0819 0.018 0.9965
vn -0.0717 0.0318 0.9969
vn -0.0241 0.013 0.9996
vn -0.0097 0.0265 0.9996
vn 0.012 0.0115 0.9999
vn 0.0261 0.0254 0.9993
vn -0.1188 0.0089 0.9929
vn -0.0786 -0.0454 0.9959
vn -0.0589 0.0319 0.9978
vn 0.0024 0.0331 0.9995
vn 0.0367 0.0306 0.9989
vn -0.0788 -0.007 0.9969
vn -0.0305 -0.0598 0.9977
vn -0.0391 0.0279 0.9988
vn 0.011 0.0334 0.9994
vn 0.0369 0.0262 0.999
vn 0.0758 0.018 0.997
vn 0.0818 0.0258 0.9963
vn 0.087 0.0224 0.996
vn 0.0553 0.0084 0.9984
vn 0.0448 0.0006 0.999
vn 0.0095 -0.0095 0.9999
vn 0.0066 -0.0172 0.9998
vn -0.0273 -0.0216 0.9994
vn 0.0708 0.0261 0.9972
vn 0.0566 0.0246 0.9981
vn 0.0607 0.0144 0.998
vn 0.0343 -0.0034 0.9994
vn 0.0501 0.0281 0.9983
vn 0.0296 0.0179 0.9994
vn 0.0553 0.0255 0.9981
vn 0.0442 0.013 0.9989
vn -0.0007 -0.0462 0.9989
vn 0.3543 0.1426 0.9242
vn 0.8198 0.4014 -0.4084
vn 0.9642 -0.2651 -0.0015
vn 0.3789 -0.9254 0.0102
vn 0.0829 -0.0619 -0.9946
vn -0.0069 -1.0 -0.0007
vn 0.002 -0.0819 -0.9966
vn -0.0097 -1.0 -0.0008
vn 0.0039 -0.0821 -0.9966
vn -0.0123 -0.9999 -0.0007
vn 0.0052 -0.0822 -0.9966
vn 1.0 -0.0087 0.0007
vn 0.1107 -0.0002 -0.9939
vn 0.0029 0.0004 -1.0
vn 0.0049 0.0002 -1.0
vn 0.0062 0.0002 -1.0
vn 0.1111 -0.0002 -0.9938
vn 1.0 -0.0078 0.0013
vn 0.0033 0.0003 -1.0
vn 0.0049 0.0001 -1.0
vn 0.0061 0.0001 -1.0
vn 0.1116 -0.0001 -0.9938
vn 1.0 -0.0066 0.0013
vn 0.0036 0.0003 -1.0
vn 0.005 0.0001 -1.0
vn 0.006 0.0001 -1.0
vn 0.0132 -0.0782 -0.9968
vn -0.0131 -0.9999 -0.0059
vn -0.0119 -0.9993 -0.0354
vn -0.0212 -0.0823 -0.9964
vn 0.0103 0.0029 -0.9999
vn -0.0083 0.002 -1.0
vn 0.0073 0.0019 -1.0
vn -0.0034 0.0015 -1.0
vn 0.0056 0.0014 -1.0
vn -0.0012 0.0014 -1.0
vn 0.0087 -0.0807 -0.9967
vn -0.0142 -0.9999 -0.0007
vn 0.008 0.0008 -1.0
vn 0.0068 0.0006 -1.0
vn 0.006 0.0005 -1.0
vn 0.0059 -0.082 -0.9966
vn -0.0135 -0.9999 -0.0003
vn 0.0067 0.0003 -1.0
vn 0.0064 0.0003 -1.0
vn 0.0062 0.0003 -1.0
vn 0.0004 0.9854 -0.1701
vn 0.0009 0.7746 -0.6324
vn 0.001 0.7848 -0.6198
vn 0.0005 0.9867 -0.1625
vn 0.0002 0.9839 -0.1785
vn 0.0006 0.7631 -0.6463
vn -0.0001 0.9824 -0.1866
vn 0.0001 0.752 -0.6592
vn -0.0002 0.9809 -0.1947
vn -0.0002 0.7407 -0.6718
vn 0.0019 0.041 -0.9992
vn 0.0017 0.3137 -0.9495
vn 0.002 0.3038 -0.9527
vn 0.0034 0.0394 -0.9992
vn 0.0019 0.2932 -0.9561
vn 0.0042 0.0371 -0.9993
vn 0.0022 0.2819 -0.9594
vn 0.0048 0.0348 -0.9994
vn 0.0018 0.2711 -0.9626
vn 0.0045 0.0323 -0.9995
vn 0.0011 0.0012 -1.0
vn 0.0046 0.0014 -1.0
vn 0.0054 0.0007 -1.0
vn 0.0061 0.0006 -1.0
vn 0.0059 0.0004 -1.0
vn 0.0904 0.9665 -0.2404
vn 0.9974 0.0652 0.0299
vn 0.9934 0.0861 -0.0763
vn 0.1395 0.728 -0.6713
vn 0.9999 0.0012 -0.0136
vn 0.1111 0.0266 -0.9935
vn 0.1228 0.2678 -0.9556
vn 0.9874 0.0516 -0.1496
vn 1.0 -0.0049 0.0018
vn 0.112 0.0003 -0.9937
vn -0.0016 0.7205 -0.6934
vn 0.0018 0.9785 -0.2065
vn 0.0031 0.028 -0.9996
vn 0.0007 0.2529 -0.9675
vn 0.0039 0.0006 -1.0
vn -0.0005 0.7298 -0.6837
vn -0.0003 0.9793 -0.2024
vn 0.004 0.03 -0.9995
vn 0.0013 0.2611 -0.9653
vn 0.0051 0.0005 -1.0
vn -0.0217 -0.0929 -0.9954
vn -0.0085 -0.998 0.0621
vn -0.0111 -0.9999 0.0123
vn 0.0298 -0.088 -0.9957
vn -0.0053 -0.9993 -0.036
vn 0.0186 -0.0777 -0.9968
vn -0.0044 -0.0781 -0.9969
vn -0.0038 -1.0 0.0024
vn -0.013 -0.0032 -0.9999
vn 0.0156 -0.0033 -0.9999
vn 0.0147 0.0019 -0.9999
vn 0.0003 0.0027 -1.0
vn -0.007 -0.0016 -1.0
vn 0.0091 -0.0017 -1.0
vn 0.0106 0.001 -0.9999
vn 0.0023 0.0017 -1.0
vn -0.0032 -0.001 -1.0
vn 0.0062 -0.0013 -1.0
vn 0.008 0.0006 -1.0
vn 0.0029 0.0014 -1.0
vn -0.9665 -0.2515 0.0515
vn -0.1222 -0.0617 -0.9906
vn -0.3891 -0.9209 0.0216
vn -0.0503 -0.0112 -0.9987
vn -0.0705 0.0196 -0.9973
vn 0.5304 0.8473 -0.0286
vn -0.1484 0.0012 -0.9889
vn -0.9983 0.0075 0.0582
vn -0.1487 0.0007 -0.9889
vn -0.998 0.0071 0.0624
vn -0.1498 0.0006 -0.9887
vn -0.9977 0.0064 0.0682
vn -0.0121 -0.0818 -0.9966
vn -0.0049 -0.9999 -0.0106
vn -0.0102 0.0009 -0.9999
vn -0.0085 0.0006 -1.0
vn -0.0066 0.0005 -1.0
vn -0.0001 -0.081 -0.9967
vn -0.0047 -1.0 -0.0025
vn 0.001 0.0013 -1.0
vn 0.0016 0.0012 -1.0
vn 0.0021 0.0011 -1.0
vn -0.1062 0.9841 -0.1421
vn -0.108 0.8035 -0.5854
vn -0.9761 0.1748 -0.1294
vn -0.9964 0.0783 -0.0332
vn 0.0006 0.8053 -0.5929
vn -0.0002 0.9891 -0.1469
vn 0.0007 0.8029 -0.5961
vn -0.0 0.9889 -0.1487
vn 0.0006 0.8001 -0.5998
vn -0.0002 0.9886 -0.1506
vn -0.1381 0.0392 -0.9896
vn -0.9987 0.0154 0.0479
vn -0.9881 0.0751 -0.1342
vn -0.1165 0.3293 -0.937
vn -0.0012 0.0468 -0.9989
vn 0.0002 0.3356 -0.942
vn 0.001 0.333 -0.9429
vn 0.002 0.0466 -0.9989
vn 0.0009 0.3303 -0.9439
vn 0.0024 0.0457 -0.999
vn -0.1501 0.0004 -0.9887
vn -0.9973 0.0069 0.0735
vn -0.0037 0.0004 -1.0
vn 0.0023 0.0015 -1.0
vn 0.0031 0.0016 -1.0
vn 0.0011 0.793 -0.6092
vn 0.0004 0.9878 -0.1559
vn 0.0007 0.0414 -0.9991
vn 0.0013 0.3213 -0.947
vn -0.0005 -0.0005 -1.0
vn 0.001 0.7974 -0.6034
vn 0.0005 0.9883 -0.1526
vn 0.0024 0.0422 -0.9991
vn 0.0014 0.3258 -0.9455
vn 0.0044 -0.0008 -1.0
vn 0.0008 0.7994 -0.6008
vn -0.0001 0.9886 -0.1504
vn 0.0039 0.044 -0.999
vn 0.0015 0.3287 -0.9444
vn 0.0054 0.0013 -1.0
vn 0.0876 0.8727 0.4803
vn 0.9601 0.1327 0.2461
vn 0.9928 0.052 0.1081
vn 0.0791 0.9847 0.1555
vn 0.0043 0.9932 0.1168
vn -0.0088 0.8756 0.4829
vn 0.0049 0.9948 0.1019
vn 0.01 0.8749 0.4842
vn 0.0055 0.9963 0.0854
vn 0.0099 0.8833 0.4688
vn 0.049 -0.118 0.9918
vn 0.992 -0.0978 -0.0803
vn 0.9225 -0.0819 0.3773
vn 0.0356 0.3222 0.946
vn -0.0352 0.3513 0.9356
vn -0.0274 -0.0542 0.9982
vn 0.0125 0.3636 0.9315
vn 0.0037 -0.0662 0.9978
vn -0.0269 0.3082 0.9509
vn -0.0372 -0.0415 0.9984
vn 0.9599 -0.2764 0.047
vn 0.975 -0.2222 -0.0099
vn 0.0973 -0.0268 0.9949
vn 0.0815 -0.1493 0.9854
vn -0.0215 -0.0187 0.9996
vn -0.0323 -0.1098 0.9934
vn -0.0113 -0.0416 0.9991
vn -0.0211 -0.1044 0.9943
vn 0.0179 -0.0058 0.9998
vn 0.027 -0.1253 0.9917
vn 0.9518 -0.2865 -0.1098
vn 0.1006 -0.155 0.9828
vn -0.0151 -0.1102 0.9938
vn -0.0085 -0.105 0.9944
vn 0.0137 -0.1193 0.9928
vn 0.0082 1.0 -0.0045
vn 0.0366 0.9721 0.2316
vn -0.0349 0.9624 0.2694
vn -0.0062 1.0 -0.0034
vn 0.117 0.1896 0.9749
vn 0.0113 0.047 0.9988
vn -0.07 0.5199 0.8514
vn 0.0701 0.5681 0.8199
vn 0.1455 -0.1262 0.9813
vn 0.1384 0.0095 0.9903
vn 0.1067 0.0925 0.99
vn 0.0169 -0.1684 0.9856
vn 0.0794 -0.1191 0.9897
vn 0.0156 -0.1498 0.9886
vn 0.0407 0.9567 0.2883
vn 0.0165 0.9998 0.0142
vn -0.0191 -0.0669 0.9976
vn 0.0235 0.4494 0.893
vn -0.0095 -0.0709 0.9974
vn -0.0213 -0.0287 0.9994
vn 0.023 -0.0815 0.9964
vn 0.0528 0.9039 0.4244
vn 0.0149 0.9982 0.0585
vn 0.0002 -0.0287 0.9996
vn 0.043 0.3751 0.926
vn -0.0441 -0.1011 0.9939
vn -0.017 0.0161 0.9997
vn -0.0038 -0.1024 0.9947
vn -0.0646 -0.0004 0.9979
vn -0.1118 -0.0017 0.9937
vn -0.0082 -0.009 0.9999
vn 0.0298 -0.0072 0.9995
vn 0.0426 -0.005 0.9991
vn 0.0519 -0.0039 0.9986
vn 0.0482 -0.0021 0.9988
vn 0.0473 -0.0003 0.9989
vn 0.0394 0.0003 0.9992
vn 0.0358 0.0023 0.9994
vn -0.0185 -0.001 0.9998
vn 0.0489 -0.0012 0.9988
vn 0.0562 0.0013 0.9984
vn 0.0452 0.0034 0.999
vn 0.0304 0.004 0.9995
vn 0.0167 0.0016 0.9999
vn 0.0589 0.0043 0.9983
vn 0.0558 0.0066 0.9984
vn 0.04 0.0073 0.9992
vn 0.0244 0.0065 0.9997
vn 0.1242 -0.0469 0.9911
vn 0.1254 -0.051 0.9908
vn 0.9039 -0.4276 -0.0128
vn 0.9178 -0.3968 -0.0117
vn 0.1229 -0.0431 0.9915
vn 0.931 -0.3648 -0.0107
vn 0.1214 -0.0384 0.9919
vn 0.9423 -0.3347 -0.0098
vn 0.0157 0.0031 0.9999
vn 0.0198 0.0022 0.9998
vn 0.0117 0.0031 0.9999
vn 0.0084 0.0042 1.0
vn 0.0239 0.0032 0.9997
vn 0.0285 0.0018 0.9996
vn 0.0188 0.0039 0.9998
vn 0.0141 0.0053 0.9999
vn -0.9972 0.0543 -0.0511
vn -0.9968 0.0628 -0.05
vn -0.1236 0.9923 -0.0005
vn -0.1127 0.9914 -0.0667
vn -0.9747 0.1958 0.1083
vn -0.1356 0.6125 0.7787
vn -0.1471 0.9481 0.282
vn -0.993 0.1177 -0.0022
vn -0.085 -0.0174 0.9962
vn -0.1059 0.0806 0.9911
vn -0.9838 0.0917 0.1539
vn -0.9762 0.1319 -0.1721
vn -0.1562 -0.0139 0.9876
vn -0.9666 0.2535 -0.0377
vn -0.0377 0.9992 0.0103
vn -0.0431 0.9976 -0.0538
vn -0.0268 0.5377 0.8427
vn -0.0411 0.9477 0.3166
vn 0.0317 -0.0135 0.9994
vn 0.0757 -0.0084 0.9971
vn 0.0287 0.0477 0.9984
vn -0.0198 0.9943 0.1045
vn -0.0563 0.9979 -0.031
vn 0.0272 0.5174 0.8553
vn 0.046 0.9166 0.3972
vn -0.0647 -0.0228 0.9976
vn -0.0502 -0.0055 0.9987
vn 0.018 0.041 0.999
vn 0.0045 0.9784 0.2067
vn 0.0172 0.9997 -0.0155
vn -0.0219 0.5492 0.8354
vn 0.0076 0.8731 0.4875
vn -0.091 -0.0758 0.993
vn -0.0832 0.0944 0.9921
vn 0.0065 -0.1075 0.9942
vn -0.0932 -0.0037 0.9956
vn -0.9531 0.3008 -0.0339
vn -0.9393 0.3429 0.01
vn -0.0774 0.0511 0.9957
vn -0.0147 -0.0012 0.9999
vn -0.0137 0.0048 0.9999
vn -0.1122 0.055 0.9922
vn -0.0747 0.0597 0.9954
vn 0.0258 0.0573 0.998
vn 0.0628 0.042 0.9971
vn -0.109 -0.0443 0.9931
vn -0.9669 0.2488 0.0557
vn -0.0399 -0.0961 0.9946
vn -0.042 -0.055 0.9976
vn 0.0825 -0.0113 0.9965
vn -0.1712 -0.0709 0.9827
vn -0.9638 0.2623 -0.0469
vn -0.067 -0.156 0.9855
vn 0.0122 -0.1375 0.9904
vn 0.0754 -0.1217 0.9897
vn -0.1286 0.0024 0.9917
vn -0.1085 -0.0006 0.9941
vn -0.1186 0.005 0.9929
vn -0.0914 0.0059 0.9958
vn -0.1242 -0.1184 0.9852
vn 0.0455 -0.004 0.999
vn -0.0389 0.0019 0.9992
vn -0.0915 0.0026 0.9958
vn -0.0965 -0.03 0.9949
vn -0.0883 -0.1102 0.99
vn 0.1609 0.0121 0.9869
vn 0.1149 0.0038 0.9934
vn 0.0629 -0.0035 0.998
vn 0.0231 -0.0928 0.9954
vn 0.0296 -0.1675 0.9854
vn 0.0434 0.986 0.1608
vn 0.0283 0.6877 0.7255
vn 0.0297 0.9901 0.137
vn -0.0219 0.7863 0.6174
vn 0.0635 0.982 0.1776
vn -0.0104 0.8546 0.5193
vn 0.0072 0.2736 0.9618
vn -0.0963 0.0713 0.9928
vn -0.0409 0.3755 0.9259
vn -0.0636 0.039 0.9972
vn -0.0232 0.4985 0.8666
vn 0.0037 0.0698 0.9976
vn -0.1768 -0.1482 0.973
vn -0.0936 -0.1573 0.9831
vn 0.0286 -0.1541 0.9876
vn 0.546 -0.8378 -0.0018
vn 0.6155 -0.7882 0.0025
vn 0.0587 -0.0946 0.9938
vn 0.0814 -0.0936 0.9923
vn -0.0165 0.0223 0.9996
vn 0.0514 0.0149 0.9986
vn 0.0522 0.0113 0.9986
vn 0.1173 -0.0195 0.9929
vn 0.1497 -0.0089 0.9887
vn 0.1421 -0.0491 0.9886
vn 0.4731 -0.8808 -0.0184
vn 0.0987 -0.1273 0.9869
vn 0.0703 -0.029 0.9971
vn 0.0882 -0.0556 0.9946
vn 0.0497 -0.055 0.9972
vn 0.3973 -0.9169 -0.0378
vn 0.0884 -0.162 0.9828
vn 0.0423 -0.0558 0.9975
vn 0.0152 -0.0565 0.9983
vn -0.0521 -0.0278 0.9983
vn 0.3196 -0.9464 -0.0459
vn 0.0594 -0.1763 0.9825
vn -0.0012 -0.0462 0.9989
vn -0.0481 -0.0197 0.9986
vn -0.1043 0.0185 0.9944
vn -0.1423 0.0265 0.9895
vn -0.0165 -0.0005 0.9999
vn -0.1689 0.0373 0.9849
vn -0.2078 0.065 0.976
vn -0.1924 0.0401 0.9805
vn -0.1725 0.0524 0.9836
vn -0.0502 0.0158 0.9986
vn -0.1487 0.0393 0.9881
vn 0.1324 -0.0464 0.9901
vn -0.0123 0.0113 0.9999
vn -0.0273 -0.0165 0.9995
vn 0.1342 -0.0215 0.9907
vn -0.1359 0.0126 0.9906
vn -0.1709 0.0358 0.9846
vn -0.0994 0.036 0.9944
vn 0.0871 -0.0484 0.995
vn 0.1951 -0.0195 0.9806
vn -0.0388 -0.0263 0.9989
vn -0.1287 0.0101 0.9916
vn -0.1303 0.0404 0.9907
vn -0.0785 0.0202 0.9967
vn 0.0305 -0.0671 0.9973
vn 0.0783 -0.0829 0.9935
vn 0.0774 -0.0679 0.9947
vn 0.0461 -0.0249 0.9986
vn 0.1393 -0.0744 0.9874
vn 0.1918 -0.0807 0.9781
vn 0.1549 -0.0574 0.9863
vn 0.086 -0.0153 0.9962
vn 0.0196 0.0274 0.9994
vn 0.1563 -0.0391 0.9869
vn 0.2351 -0.0938 0.9674
vn 0.0537 -0.0006 0.9986
vn -0.0294 0.0356 0.9989
vn -0.0672 0.0486 0.9966
vn 0.0048 -0.1498 0.9887
vn 0.0865 -0.9959 -0.0255
vn 0.0149 -0.1557 0.9877
vn 0.165 -0.9858 -0.0327
vn 0.0314 -0.1692 0.9851
vn 0.2422 -0.9693 -0.0418
vn -0.0053 0.0092 0.9999
vn -0.0178 0.0111 0.9998
vn -0.0249 -0.013 0.9996
vn 0.0119 0.0117 0.9999
vn -0.0159 0.0396 0.9991
vn -0.0573 0.0268 0.998
vn -0.0724 -0.0068 0.9974
vn -0.1221 -0.006 0.9925
vn -0.1165 -0.004 0.9932
vn -0.0795 -0.0035 0.9968
vn 0.0233 0.001 0.9997
vn -0.0938 -0.0018 0.9956
vn 0.1693 -0.0003 0.9856
vn -0.003 0.0014 1.0
vn 0.0164 -0.005 0.9999
vn -0.0435 -0.0068 0.999
vn -0.1022 -0.0033 0.9948
vn -0.0956 -0.0002 0.9954
vn 0.0455 -0.0028 0.999
vn 0.0277 -0.0051 0.9996
vn -0.0249 -0.0061 0.9997
vn -0.0891 -0.0024 0.996
vn 0.043 -0.0014 0.9991
vn 0.0445 -0.0035 0.999
vn 0.0325 -0.0059 0.9995
vn -0.0133 -0.0068 0.9999
vn 0.1747 -0.0122 0.9845
vn -0.0269 0.0036 0.9996
vn 0.2317 0.001 0.9728
vn 0.1546 0.0112 0.9879
vn 0.0348 0.0119 0.9993
vn 0.2512 -0.003 0.9679
vn 0.1896 -0.0038 0.9819
vn 0.1453 0.0052 0.9894
vn 0.0028 0.0057 1.0
vn -0.0789 0.0036 0.9969
vn 0.1492 0.0007 0.9888
vn 0.2607 -0.002 0.9654
vn -0.0092 0.0005 1.0
vn -0.0926 0.0016 0.9957
vn -0.0777 -0.0024 0.997
vn 0.0764 -0.1061 0.9914
vn 0.6784 -0.7346 -0.0091
vn 0.111 -0.0986 0.9889
vn 0.7319 -0.6811 -0.0206
vn 0.1257 -0.0862 0.9883
vn 0.7764 -0.6298 -0.0229
vn 0.1283 -0.0759 0.9888
vn 0.813 -0.5819 -0.0213
vn -0.0486 -0.0032 0.9988
vn -0.0065 -0.0135 0.9999
vn 0.0289 -0.0109 0.9995
vn 0.0361 -0.006 0.9993
vn -0.0503 0.01 0.9987
vn -0.0668 -0.0034 0.9978
vn -0.0075 -0.0096 0.9999
vn 0.0329 -0.0079 0.9994
vn 0.1266 -0.0558 0.9904
vn 0.8881 -0.4594 -0.0144
vn 0.024 0.0008 0.9997
vn 0.0331 -0.0001 0.9995
vn 0.1277 -0.0614 0.9899
vn 0.8678 -0.4966 -0.0168
vn 0.0283 -0.0008 0.9996
vn 0.0376 -0.0022 0.9993
vn 0.1283 -0.068 0.9894
vn 0.8432 -0.5373 -0.019
vn 0.0327 -0.0028 0.9995
vn 0.0412 -0.0046 0.9991
vn -0.1601 0.1218 0.9796
vn -0.6991 0.7147 0.0194
vn -0.6606 0.7401 0.1258
vn -0.0877 0.0902 0.9921
vn -0.5928 0.7663 0.248
vn 0.0685 0.0515 0.9963
vn -0.4981 0.79 0.3574
vn 0.2854 0.0103 0.9584
vn -0.3704 0.8184 0.4394
vn 0.4715 -0.0319 0.8813
vn -0.0813 0.0728 0.994
vn -0.1699 0.0731 0.9827
vn -0.1386 0.0476 0.9892
vn 0.0084 -0.0014 1.0
vn 0.2399 -0.0687 0.9684
vn 0.0284 0.0325 0.9991
vn 0.1852 -0.0196 0.9825
vn -0.1614 0.0798 0.9836
vn -0.2162 0.0825 0.9729
vn -0.0815 0.037 0.996
vn 0.2278 -0.0531 0.9723
vn 0.2572 -0.0626 0.9643
vn 0.1379 -0.0199 0.9902
vn -0.1044 0.0604 0.9927
vn -0.2351 0.0998 0.9668
vn 0.1423 -0.1106 0.9836
vn -0.1842 0.9226 0.339
vn -0.1621 0.9535 0.2539
vn -0.084 -0.0873 0.9926
vn 0.2274 -0.2025 0.9525
vn -0.0226 -0.1838 0.9827
vn 0.2676 -0.1723 0.948
vn 0.0264 -0.1599 0.9868
vn 0.2315 -0.1257 0.9647
vn 0.0725 -0.1372 0.9879
vn 0.3983 -0.1057 0.9112
vn -0.1929 0.8799 0.4342
vn 0.4345 -0.1853 0.8814
vn 0.3398 -0.1325 0.9311
vn 0.1088 -0.0336 0.9935
vn 0.5274 -0.0732 0.8465
vn -0.2406 0.8459 0.476
vn 0.4321 -0.1364 0.8915
vn 0.1539 -0.0452 0.9871
vn -0.1156 0.0579 0.9916
vn -0.099 0.0695 0.9927
vn -0.1646 0.1081 0.9804
vn -0.0509 0.0194 0.9985
vn 0.1972 -0.0975 0.9755
vn 0.255 -0.1033 0.9614
vn 0.0098 -0.0254 0.9996
vn -0.0929 0.0655 0.9935
vn -0.2018 0.1114 0.9731
vn -0.0417 0.0253 0.9988
vn 0.2179 -0.0834 0.9724
vn 0.0853 -0.1016 0.9912
vn 0.0725 -0.0322 0.9968
vn -0.1085 0.0647 0.992
vn -0.2259 0.1075 0.9682
vn -0.0585 0.0382 0.9976
vn -0.1679 0.0576 0.9841
vn -0.2313 0.0616 0.9709
vn -0.0112 0.0032 0.9999
vn -0.1475 0.0403 0.9882
vn 0.1966 -0.0587 0.9787
vn 0.0566 -0.0166 0.9983
vn -0.0499 0.0234 0.9985
vn 0.1603 -0.054 0.9856
vn 0.2748 -0.0836 0.9579
vn 0.1315 -0.0462 0.9902
vn 0.2704 -0.0941 0.9581
vn 0.2019 -0.0588 0.9776
vn -0.8814 -0.4724 -0.0022
vn -0.1103 -0.0587 0.9922
vn -0.8565 -0.5161 -0.0027
vn -0.1077 -0.0647 0.9921
vn -0.8268 -0.5625 -0.0031
vn -0.1042 -0.0706 0.992
vn -0.7923 -0.6101 -0.0034
vn -0.1005 -0.0765 0.992
vn -0.0029 -0.0001 1.0
vn -0.0025 -0.0006 1.0
vn -0.0018 -0.0005 1.0
vn -0.0032 0.0005 1.0
vn -0.0043 -0.0009 1.0
vn -0.0034 -0.0017 1.0
vn -0.004 -0.0016 1.0
vn -0.0088 -0.0006 1.0
vn -0.0069 -0.0026 1.0
vn -0.0074 -0.0036 1.0
vn -0.0114 -0.0036 0.9999
vn -0.0215 -0.0029 0.9998
vn -0.098 -0.1002 0.9901
vn -0.6498 -0.76 -0.0112
vn -0.0264 -0.0043 0.9996
vn -0.0425 -0.0105 0.999
vn -0.0556 -0.0167 0.9983
vn -0.0978 -0.0899 0.9911
vn -0.7043 -0.7099 -0.0072
vn -0.0165 0.0005 0.9999
vn -0.0315 -0.003 0.9995
vn -0.0513 -0.0083 0.9987
vn -0.0983 -0.0825 0.9917
vn -0.7517 -0.6595 -0.0042
vn -0.008 0.0015 1.0
vn -0.0187 -0.0003 0.9998
vn -0.0365 -0.0037 0.9993
vn 0.0653 0.018 0.9977
vn 0.016 0.0022 0.9999
vn 0.0271 0.0151 0.9995
vn -0.0248 0.001 0.9997
vn -0.0119 0.014 0.9998
vn -0.0515 0.0016 0.9987
vn -0.0363 0.012 0.9993
vn -0.0585 0.0011 0.9983
vn -0.0296 -0.0117 0.9995
vn -0.0574 -0.0089 0.9983
vn -0.0654 -0.0056 0.9978
vn -0.0567 -0.0045 0.9984
vn -0.0542 -0.0182 0.9984
vn -0.0637 -0.0115 0.9979
vn -0.0562 -0.0066 0.9984
vn -0.0394 -0.005 0.9992
vn -0.0287 -0.0067 0.9996
vn -0.0309 -0.0026 0.9995
vn -0.0206 -0.0068 0.9998
vn -0.012 -0.005 0.9999
vn -0.0382 -0.0047 0.9993
vn -0.0389 0.0024 0.9992
vn -0.0277 -0.007 0.9996
vn -0.0158 -0.0059 0.9999
vn -0.051 -0.0015 0.9987
vn -0.0433 0.0078 0.999
vn -0.0406 -0.0056 0.9992
vn -0.0248 -0.0056 0.9997
vn -0.0208 0.0056 0.9998
vn -0.0218 0.0131 0.9997
vn -0.0145 0.0197 0.9997
vn 0.0063 0.0239 0.9997
vn 0.0016 0.0151 0.9999
vn 0.008 0.0226 0.9997
vn 0.0237 0.0276 0.9993
vn 0.0483 0.0291 0.9984
vn 0.0259 0.021 0.9994
vn 0.036 0.025 0.999
vn 0.0501 0.0261 0.9984
vn 0.0641 0.0232 0.9977
vn 0.0387 0.0196 0.9991
vn 0.0441 0.0195 0.9988
vn 0.0497 0.0164 0.9986
vn 0.0498 0.0114 0.9987
vn 0.0907 0.025 0.9956
vn 0.0839 0.0233 0.9962
vn 0.075 0.0179 0.997
vn 0.0487 0.0117 0.9987
vn 0.0365 0.006 0.9993
vn 0.0147 0.0019 0.9999
vn 0.009 0.0006 1.0
vn -0.0005 0.0001 1.0
vn 0.0723 0.0255 0.9971
vn 0.0841 0.0233 0.9962
vn 0.0585 0.0117 0.9982
vn 0.0236 0.0028 0.9997
vn 0.0391 0.0254 0.9989
vn 0.0724 0.0273 0.997
vn 0.0689 0.0179 0.9975
vn 0.0406 0.0065 0.9992
vn -0.1353 -0.0032 0.9908
vn 0.5562 0.8003 0.2238
vn 0.6127 0.762 0.2096
vn -0.1017 0.0045 0.9948
vn 0.6638 0.7234 0.1901
vn -0.0695 0.0138 0.9975
vn 0.7116 0.6824 0.1672
vn -0.0395 0.0241 0.9989
vn 0.7573 0.6373 0.1427
vn -0.0112 0.0325 0.9994
vn -0.1187 -0.0644 0.9908
vn -0.0894 -0.0505 0.9947
vn -0.0674 -0.0378 0.997
vn -0.0491 -0.0289 0.9984
vn -0.0325 -0.0222 0.9992
vn -0.0343 -0.0165 0.9993
vn -0.0171 -0.0096 0.9998
vn -0.0051 -0.0045 1.0
vn 0.0078 -0.0023 1.0
vn 0.0206 -0.0002 0.9998
vn 0.057 0.0448 0.9974
vn 0.8852 0.4593 0.0742
vn -0.0031 -0.0017 1.0
vn 0.0287 0.0111 0.9995
vn 0.0376 0.0435 0.9983
vn 0.8442 0.5276 0.0947
vn -0.0093 -0.008 0.9999
vn 0.0296 0.0079 0.9995
vn 0.0148 0.0392 0.9991
vn 0.8015 0.5863 0.1181
vn -0.0191 -0.015 0.9997
vn 0.0277 0.0038 0.9996
vn 0.0568 0.0188 0.9982
vn 0.0269 0.0118 0.9996
vn 0.0091 0.0048 0.9999
vn 0.0 0.0001 1.0
vn 0.0213 0.0059 0.9998
vn 0.0052 0.0018 1.0
vn -0.001 -0.0003 1.0
vn -0.0161 -0.0046 0.9999
vn 0.0027 0.0002 1.0
vn -0.0029 -0.0004 1.0
vn -0.0164 -0.0047 0.9999
vn -0.0541 -0.016 0.9984
vn -0.0098 -0.0027 0.9999
vn -0.0283 -0.0105 0.9995
vn -0.0646 -0.024 0.9976
vn -0.1193 -0.0424 0.9919
vn -0.0897 0.0052 0.996
vn -0.0711 -0.0546 0.996
vn -0.0996 -0.0806 0.9918
vn -0.1332 -0.1034 0.9857
vn -0.1039 -0.0063 0.9946
vn -0.1401 -0.0256 0.9898
vn -0.1795 -0.0471 0.9826
vn -0.2132 -0.0751 0.9741
vn -0.0428 0.0001 0.9991
vn -0.0751 -0.0109 0.9971
vn -0.1256 -0.03 0.9916
vn -0.1832 -0.0592 0.9813
vn -0.1109 0.9722 0.2064
vn -0.212 -0.0591 0.9755
vn -0.027 0.982 0.187
vn -0.2668 -0.0375 0.963
vn 0.0782 0.9792 0.1871
vn -0.2778 -0.0237 0.9604
vn 0.1919 0.9606 0.2008
vn -0.2628 -0.0168 0.9647
vn -0.1813 -0.1555 0.9711
vn -0.251 -0.1363 0.9583
vn -0.2667 -0.1249 0.9557
vn -0.2519 -0.1158 0.9608
vn -0.1597 -0.1273 0.9789
vn -0.2363 -0.1056 0.9659
vn -0.2331 -0.0931 0.968
vn -0.1931 -0.0797 0.9779
vn -0.1691 -0.0088 0.9856
vn 0.4885 0.8415 0.2308
vn -0.1524 -0.0788 0.9852
vn -0.0607 -0.0278 0.9978
vn -0.203 -0.0119 0.9791
vn 0.4044 0.8855 0.2287
vn -0.188 -0.0928 0.9778
vn -0.0974 -0.0443 0.9943
vn -0.2356 -0.0139 0.9717
vn 0.3039 0.9275 0.2176
vn -0.223 -0.1053 0.9691
vn -0.1441 -0.0625 0.9876
vn -0.2121 0.0444 0.9762
vn -0.061 0.0219 0.9979
vn 0.1641 0.0058 0.9864
vn 0.2613 -0.0001 0.9653
vn -0.2348 0.0533 0.9706
vn -0.2474 0.0528 0.9675
vn -0.1304 0.0406 0.9906
vn 0.0839 0.0239 0.9962
vn -0.0933 0.0214 0.9954
vn -0.2051 0.038 0.978
vn -0.2532 0.0496 0.9661
vn -0.206 0.0543 0.977
vn 0.1333 -0.0359 0.9904
vn 0.0048 -0.0058 1.0
vn -0.1212 0.0191 0.9924
vn -0.2057 0.0326 0.9781
vn -0.0426 0.0007 0.9991
vn 0.1429 -0.0029 0.9897
vn 0.1802 0.017 0.9835
vn -0.0624 0.0689 0.9957
vn 0.0758 -0.0013 0.9971
vn 0.2186 0.0033 0.9758
vn 0.1151 0.0321 0.9928
vn -0.1663 0.064 0.984
vn 0.2001 -0.0018 0.9798
vn 0.2265 0.0081 0.974
vn -0.0496 0.0495 0.9975
vn -0.2235 0.0495 0.9734
vn -0.9173 0.3982 0.005
vn -0.0621 0.0579 0.9964
vn -0.8885 0.4588 -0.0063
vn -0.0484 0.071 0.9963
vn -0.8534 0.5207 -0.025
vn -0.0418 0.0891 0.9951
vn -0.8137 0.5793 -0.0489
vn -0.0481 0.1107 0.9927
vn 0.0103 -0.0073 0.9999
vn 0.0495 -0.0138 0.9987
vn 0.0947 -0.0117 0.9954
vn 0.1304 -0.0054 0.9914
vn -0.1382 0.0415 0.9895
vn -0.1297 0.0211 0.9913
vn -0.0743 0.0031 0.9972
vn 0.0155 -0.0144 0.9998
vn -0.1611 0.1404 0.9769
vn -0.7212 0.6911 -0.0478
vn 0.046 0.0485 0.9978
vn 0.2196 -0.0371 0.9749
vn -0.1215 0.1421 0.9824
vn -0.7431 0.665 -0.0745
vn 0.1264 0.0171 0.9918
vn 0.1826 -0.0331 0.9826
vn -0.0752 0.131 0.9885
vn -0.7745 0.6287 -0.0698
vn 0.1458 0.0006 0.9893
vn 0.11 -0.028 0.9935
vn 0.2684 0.9353 -0.2305
vn -0.7537 0.6569 -0.0208
vn -0.2165 0.9561 -0.1975
vn 0.5032 0.853 -0.1383
vn -0.1446 0.9725 -0.1827
vn 0.6588 0.7467 -0.0923
vn -0.1962 0.9789 -0.0566
vn 0.7016 0.7114 -0.0416
vn -0.2328 0.9724 0.0144
vn 0.7036 0.7105 -0.0094
vn -0.0071 0.9935 -0.1138
vn 0.0211 0.9995 -0.0248
vn 0.1161 0.9926 -0.0357
vn 0.1941 0.9808 -0.0183
vn 0.2148 0.9766 -0.0057
vn -0.0006 1.0 -0.0004
vn 0.0029 0.9912 -0.1324
vn -0.003 1.0 0.0012
vn -0.0059 1.0 0.0011
vn -0.0077 1.0 -0.0
vn 0.0001 1.0 -0.0012
vn 0.0 1.0 -0.0
vn 0.0 1.0 0.0
vn 0.0 1.0 -0.0
vn 0.3012 0.9308 0.2071
vn -0.7438 0.6523 0.1459
vn 0.0564 0.998 0.03
vn -0.0038 1.0 0.0055
vn 0.0157 0.9999 0.0034
vn 0.568 0.8188 0.0832
vn -0.3288 0.9349 0.1339
vn 0.1328 0.9911 0.0036
vn -0.0059 0.9999 -0.0162
vn 0.0079 0.9999 -0.0096
vn 0.6747 0.7379 0.0176
vn -0.2663 0.9611 0.073
vn 0.1928 0.9812 0.0045
vn -0.0063 1.0 -0.0003
vn -0.0 1.0 0.0
vn -0.006 0.9999 0.014
vn -0.0001 1.0 0.0003
vn -0.0002 1.0 0.001
vn 0.0 1.0 0.0
vn 0.0 1.0 0.0
vn 0.0 1.0 0.0
vn 0.0 1.0 0.0
vn 0.0 1.0 0.0
vn 0.0 1.0 -0.0
vn -0.0049 0.9995 0.0309
vn -0.0005 1.0 0.0018
vn 0.0 1.0 -0.0
vn 0.0 1.0 0.0
vn 0.0 1.0 0.0
vn -0.0038 0.9988 0.048
vn 0.0 1.0 0.0034
vn 0.0001 1.0 -0.0001
vn 0.0 1.0 0.0
vn 0.0 1.0 -0.0
vn 0.0 1.0 -0.0015
vn 0.0 1.0 -0.0015
vn 0.0 1.0 -0.0015
vn 0.0 1.0 -0.0014
vn 0.0 1.0 0.0
vn 0.0 1.0 0.0
vn 0.0 1.0 0.0
vn 0.0 1.0 0.0
vn 0.0 1.0 -0.0
vn 0.0 1.0 -0.0
vn 0.0 1.0 0.0
vn 0.0 1.0 0.0
vn 0.0003 0.9879 -0.155
vn 0.0 1.0 -0.0015
vn 0.0 1.0 -0.0
vn 0.0 1.0 -0.0
vn 0.0 1.0 0.0
vn 0.0003 0.988 -0.1541
vn 0.0 1.0 -0.0015
vn 0.0 1.0 -0.0
vn 0.0 1.0 0.0
vn 0.0 1.0 0.0
vn 0.0002 0.9881 -0.1541
vn 0.0 1.0 -0.0015
vn 0.0 1.0 0.0
vn 0.0 1.0 0.0
vn 0.0 1.0 -0.0
vn 0.0 1.0 -0.0015
vn 0.0 1.0 0.0
vn 0.0 1.0 -0.0
vn 0.0 1.0 0.0
vn -0.0 1.0 0.0001
vn -0.0 1.0 0.0
vn 0.0005 1.0 0.0007
vn -0.0346 0.9992 -0.019
vn 0.0 1.0 -0.0
vn 0.0 1.0 -0.0
vn 0.0001 1.0 0.0
vn -0.0066 1.0 -0.006
vn 0.0 1.0 0.0
vn 0.0 1.0 0.0
vn 0.0 1.0 0.0
vn 0.0001 1.0 0.0
vn 0.9995 -0.0246 -0.022
vn 0.1585 0.9848 -0.0704
vn 0.9999 -0.0096 -0.0132
vn 0.1322 0.9908 -0.0284
vn 1.0 -0.0002 -0.0054
vn 0.1144 0.9934 -0.0059
vn 1.0 -0.0 -0.0014
vn 0.1097 0.994 -0.0003
vn 0.0079 0.996 -0.0887
vn 0.0013 0.9991 -0.042
vn -0.0003 1.0 -0.0098
vn -0.0 1.0 0.0
vn -0.0678 0.9955 -0.0655
vn -0.0258 0.9993 -0.0282
vn -0.0051 1.0 -0.0047
vn 0.0 1.0 0.0
vn 0.1094 0.994 -0.0034
vn 0.9998 0.0005 -0.0196
vn 0.0 1.0 -0.0017
vn 0.0 1.0 -0.0016
vn 0.1099 0.9939 -0.0012
vn 0.9999 -0.0 -0.0103
vn 0.0 1.0 -0.0
vn 0.0 1.0 0.0
vn 0.1098 0.994 -0.0004
vn 1.0 -0.0 -0.0031
vn 0.0 1.0 -0.0
vn 0.0 1.0 -0.0
vn 0.0 1.0 -0.0012
vn 0.0 1.0 -0.0011
vn 0.0 1.0 -0.0
vn 0.0 1.0 0.0
vn 0.0 1.0 0.0
vn 0.0 1.0 -0.0
vn 0.0 1.0 -0.0
vn 0.0 1.0 0.0
vn 0.0 1.0 -0.0014
vn 0.0 1.0 -0.0
vn 0.0 1.0 0.0
vn 0.0 1.0 0.0
vn 0.0 1.0 -0.0016
vn 0.0 1.0 -0.0
vn 0.0 1.0 -0.0
vn 0.0 1.0 -0.0
vn 0.0 1.0 -0.0018
vn 0.0 1.0 -0.0
vn 0.0 1.0 -0.0
vn 0.0 1.0 0.0
vn -0.0 1.0 0.0001
vn 0.0 1.0 0.0001
vn 0.0001 1.0 0.0001
vn 0.0001 1.0 0.0004
vn 0.0001 1.0 0.0008
vn 0.0 1.0 0.0
vn 0.0 1.0 0.0
vn 0.0 1.0 -0.0
vn 0.0 1.0 -0.0
vn 0.0 1.0 -0.0
vn 0.0 1.0 0.0
vn 0.0 1.0 -0.0
vn 0.0 1.0 0.0
vn 0.0 1.0 0.0
vn 0.0 1.0 0.0
vn -0.0318 0.9973 0.0656
vn 0.9575 0.2815 0.0624
vn 0.7927 0.6065 0.0614
vn -0.1708 0.9846 0.0365
vn 0.7062 0.7068 0.041
vn -0.2537 0.9673 0.0064
vn -0.2884 0.9575 0.0015
vn 0.6538 0.7564 0.0221
vn 0.0037 1.0 0.0
vn 0.0104 0.9999 -0.0029
vn 0.0183 0.9998 -0.0016
vn 0.0235 0.9997 -0.0004
vn 0.0002 1.0 0.0014
vn 0.0 1.0 0.0
vn 0.0 1.0 0.0
vn 0.0 1.0 0.0
vn -0.0924 0.9922 -0.0835
vn 0.9077 0.4158 0.057
vn 0.0127 0.9999 0.0023
vn 0.0 1.0 -0.002
vn -0.2516 0.9669 -0.0425
vn 0.6221 0.7829 0.0029
vn 0.0233 0.9997 0.0032
vn 0.0 1.0 -0.0
vn -0.3046 0.9525 -0.0003
vn 0.6249 0.7806 0.0141
vn 0.0267 0.9996 -0.0002
vn 0.0 1.0 -0.0
vn -0.1095 0.994 -0.0011
vn -1.0 0.0 -0.0057
vn -0.1097 0.994 0.0
vn -1.0 0.0 0.0007
vn -1.0 0.0 0.0036
vn -0.1097 0.994 0.0003
vn -1.0 -0.0 0.001
vn -0.1096 0.994 -0.0
vn 0.0 1.0 -0.0008
vn 0.0 1.0 0.0
vn 0.0 1.0 0.0
vn 0.0 1.0 0.0
vn 0.0 1.0 -0.0008
vn 0.0 1.0 -0.0
vn 0.0 1.0 -0.0
vn 0.0 1.0 -0.0
vn 0.0 1.0 -0.0009
vn 0.0 1.0 0.0
vn 0.0 1.0 -0.0
vn 0.0 1.0 0.0
vn -0.1115 0.9926 -0.0488
vn -0.9996 0.0002 -0.0276
vn -0.0277 0.9976 -0.0634
vn -0.0371 0.9944 -0.0987
vn 0.0248 0.9937 -0.1093
vn -0.1102 0.9939 -0.0071
vn -0.9999 -0.0025 -0.0137
vn -0.0069 0.9999 -0.0134
vn -0.0101 0.9994 -0.0333
vn 0.0086 0.9993 -0.0362
vn -0.1097 0.994 -0.0008
vn -1.0 -0.0 -0.0052
vn 0.0 1.0 0.0001
vn -0.0 1.0 0.0002
vn 0.0 1.0 0.0002
vn -0.0002 1.0 0.0005
vn 0.0123 0.9994 -0.0331
vn 0.0 1.0 0.0
vn 0.0 1.0 0.0
vn 0.0 1.0 -0.0
vn 0.0199 0.9996 -0.0177
vn 0.0417 0.9983 -0.0409
vn -0.0003 1.0 0.0002
vn 0.0 1.0 -0.0
vn 0.0 1.0 -0.0
vn 0.0995 0.9947 -0.0243
vn 0.0633 0.9957 -0.068
vn 0.0146 0.9998 -0.0134
vn -0.0001 1.0 0.0001
vn 0.0 1.0 0.0
vn 0.0 1.0 -0.0009
vn 0.0 1.0 -0.0009
vn -0.0 1.0 -0.0009
vn 0.0 1.0 0.0
vn 0.0 1.0 -0.0
vn 0.0 1.0 -0.0
vn 0.0 1.0 -0.0
vn 0.0 1.0 -0.0
vn 0.0 1.0 -0.0
vn -0.096 -0.0763 0.9925
vn -0.0912 0.0055 0.9958
vn -0.0876 0.0062 0.9961
vn -0.0841 0.0076 0.9964
vn 0.0089 -0.077 0.997
vn 0.0141 0.0063 0.9999
vn 0.0157 0.0067 0.9999
vn 0.0169 0.0073 0.9998
vn 0.0042 -0.0754 0.9971
vn 0.0069 0.0072 1.0
vn 0.0059 0.0065 1.0
vn 0.0035 0.0066 1.0
vn -0.0007 -0.0757 0.9971
vn -0.0006 0.0063 1.0
vn -0.003 0.0048 1.0
vn -0.0059 0.0042 1.0
vn -0.31 -0.7574 0.5746
vn -0.1604 -0.3403 0.9265
vn -0.0143 -0.849 0.5281
vn -0.0082 -0.3887 0.9213
vn -0.0093 -0.3759 0.9266
vn -0.0076 -0.832 0.5547
vn -0.0085 -0.3618 0.9322
vn -0.0043 -0.8207 0.5713
vn -0.0905 -0.0505 0.9946
vn 0.0095 -0.0643 0.9979
vn -0.0061 -0.067 0.9977
vn -0.0124 -0.0641 0.9979
vn -0.08 0.0098 0.9967
vn 0.0167 0.0094 0.9998
vn -0.0008 0.0073 1.0
vn -0.0111 0.0031 0.9999
vn -0.0003 -0.9901 0.1403
vn -0.001 -0.8062 0.5916
vn -0.0007 -0.8058 0.5922
vn -0.0003 -0.99 0.141
vn -0.0037 -0.3388 0.9409
vn -0.0096 -0.0523 0.9986
vn -0.0027 -0.0491 0.9988
vn -0.0017 -0.3356 0.942
vn -0.0132 0.0008 0.9999
vn -0.0015 0.0003 1.0
vn -0.0112 0.0012 0.9999
vn -0.0015 0.0003 1.0
vn -0.0004 -0.9904 0.1383
vn -0.0013 -0.8082 0.5889
vn -0.0025 -0.3435 0.9392
vn -0.004 -0.0566 0.9984
vn -0.0058 0.0 1.0
vn -0.0074 0.0015 1.0
vn -0.0007 -0.991 0.1342
vn -0.0025 -0.8131 0.5822
vn -0.0055 -0.3502 0.9367
vn -0.0094 -0.0596 0.9982
vn -0.0108 -0.0001 0.9999
vn -0.0086 0.0019 1.0
vn -0.0012 -0.9918 0.1275
vn -0.0063 -0.0805 0.9967
vn -0.0063 -0.0821 0.9966
vn -0.0056 -0.0787 0.9969
vn -0.0038 -0.0771 0.997
vn -0.0069 0.0022 1.0
vn -0.0064 0.002 1.0
vn -0.0067 0.0033 1.0
vn -0.0045 0.0046 1.0
vn -0.0085 0.0014 1.0
vn -0.004 0.0016 1.0
vn -0.008 0.0021 1.0
vn -0.0069 0.0032 1.0
vn -0.0049 -0.084 0.9965
vn -0.0092 0.0012 1.0
vn -0.0116 0.0028 0.9999
vn -0.0102 0.0024 0.9999
vn -0.0002 -0.0868 0.9962
vn -0.0029 -0.0021 1.0
vn -0.0079 0.0002 1.0
vn -0.0126 0.0021 0.9999
vn 0.0055 -0.0869 0.9962
vn 0.0074 -0.003 1.0
vn 0.0082 -0.0017 1.0
vn 0.0069 -0.0004 1.0
vn 0.0069 -0.0862 0.9963
vn 0.0073 -0.0028 1.0
vn 0.0064 -0.0024 1.0
vn 0.0049 -0.0019 1.0
vn -0.0016 -0.3344 0.9424
vn -0.0005 -0.8063 0.5914
vn -0.0031 -0.3323 0.9432
vn -0.0005 -0.8076 0.5897
vn -0.0005 -0.3306 0.9438
vn -0.0005 -0.8078 0.5894
vn -0.0005 -0.3289 0.9444
vn -0.0005 -0.8059 0.592
vn -0.0042 -0.0476 0.9989
vn -0.0096 -0.043 0.999
vn 0.0005 -0.0409 0.9992
vn 0.0004 -0.0425 0.9991
vn -0.0077 -0.0 1.0
vn -0.0141 0.0021 0.9999
vn 0.0036 0.0005 1.0
vn 0.0028 -0.0018 1.0
vn 0.1133 -0.7896 0.6031
vn 0.1093 -0.9826 0.15
vn 0.0987 -0.3099 0.9456
vn 0.0774 -0.0326 0.9965
vn 0.0674 -0.0022 0.9977
vn 0.0667 -0.0017 0.9978
vn 0.0 -0.989 0.1477
vn -0.0008 -0.7982 0.6024
vn -0.0019 -0.3217 0.9468
vn -0.004 -0.0418 0.9991
vn -0.0065 -0.0028 1.0
vn -0.009 -0.0024 1.0
vn 0.0003 -0.9895 0.1447
vn -0.0008 -0.8025 0.5967
vn -0.0009 -0.3261 0.9453
vn 0.0 -0.0433 0.9991
vn 0.0014 -0.0032 1.0
vn 0.0025 -0.0031 1.0
vn 0.0 -0.9899 0.1416
vn 0.0609 -0.0819 0.9948
vn -0.0441 0.0063 0.999
vn -0.5765 0.8159 -0.044
vn -0.073 -0.0058 0.9973
vn -0.0166 -0.0845 0.9963
vn 0.0024 -0.0859 0.9963
vn 0.0642 -0.0008 0.9979
vn -0.0139 -0.002 0.9999
vn 0.0034 -0.003 1.0
vn 0.066 -0.0012 0.9978
vn -0.0117 -0.0025 0.9999
vn 0.0032 -0.0032 1.0
vn -0.2061 -0.9373 -0.281
vn -0.11 -0.751 -0.651
vn -0.1142 -0.2247 -0.9677
vn -0.11 0.0721 -0.9913
vn -0.0604 0.1375 -0.9887
vn -0.0305 0.1009 -0.9944
vn -0.0761 0.0237 -0.9968
vn -0.0184 -0.9814 -0.1911
vn -0.0049 -0.7561 -0.6545
vn -0.0065 -0.2377 -0.9713
vn 0.0393 -0.0038 -0.9992
vn 0.142 0.0554 -0.9883
vn 0.1317 0.1933 -0.9723
vn 0.0333 0.1333 -0.9905
vn 0.0112 -0.9888 -0.1485
vn 0.0496 -0.8233 -0.5654
vn 0.0518 -0.2929 -0.9547
vn 0.0495 -0.0987 -0.9939
vn 0.0408 -0.0473 -0.998
vn -0.024 0.2225 -0.9746
vn -0.0303 0.1544 -0.9875
vn 0.0124 -0.9264 -0.3764
vn 0.0049 -0.9965 -0.083
vn -0.0444 -0.0514 -0.9977
vn -0.0009 -0.437 -0.8995
vn -0.1525 -0.0175 -0.9881
vn -0.1641 0.1621 -0.973
vn -0.0321 0.0978 -0.9947
vn -0.1108 -0.0485 -0.9927
vn -0.1085 -0.0533 -0.9927
vn 0.0017 -0.0011 -1.0
vn 0.0025 -0.0005 -1.0
vn 0.0039 -0.001 -1.0
vn 0.0045 -0.0001 -1.0
vn 0.0072 -0.0005 -1.0
vn 0.0075 0.001 -1.0
vn -0.1123 -0.0438 -0.9927
vn 0.0009 -0.0015 -1.0
vn 0.0028 -0.0017 -1.0
vn 0.015 0.0113 -0.9998
vn -0.1131 -0.039 -0.9928
vn 0.0 -0.0019 -1.0
vn 0.0017 -0.0021 -1.0
vn 0.0345 0.0153 -0.9993
vn 0.0242 0.0067 -0.9997
vn 0.0242 0.0047 -0.9997
vn 0.026 0.0059 -0.9996
vn 0.0258 0.0058 -0.9996
vn 0.0127 0.0079 -0.9999
vn 0.0359 0.0185 -0.9992
vn -0.008 0.0006 -1.0
vn 0.0593 0.0207 -0.998
vn -0.0325 0.0916 -0.9953
vn 0.0375 0.0926 -0.995
vn 0.0182 0.0052 -0.9998
vn 0.0183 0.0026 -0.9998
vn 0.0007 0.0235 -0.9997
vn -0.0209 0.0168 -0.9996
vn 0.0068 0.0602 -0.9982
vn 0.0121 0.0029 -0.9999
vn 0.0121 0.0007 -0.9999
vn 0.0147 0.0293 -0.9995
vn 0.0346 0.0332 -0.9988
vn 0.0262 0.0446 -0.9987
vn 0.011 -0.4646 -0.8854
vn 0.0179 -0.9508 -0.3091
vn 0.0009 -0.9622 -0.2723
vn 0.0076 -0.5244 -0.8515
vn 0.0049 -0.4309 -0.9024
vn 0.01 -0.9399 -0.3412
vn -0.0535 -0.4243 -0.9039
vn -0.024 -0.9417 -0.3357
vn -0.0293 0.0166 -0.9994
vn -0.0051 -0.0901 -0.9959
vn 0.0003 -0.0633 -0.998
vn -0.0202 0.0612 -0.9979
vn 0.0985 0.0748 -0.9923
vn 0.0378 -0.03 -0.9988
vn -0.0407 0.1021 -0.9939
vn -0.0309 0.0301 -0.9991
vn -0.0514 0.1759 -0.9831
vn -0.0162 0.16 -0.987
vn 0.0782 0.1673 -0.9828
vn -0.0282 0.1237 -0.9919
vn 0.0529 -0.9978 0.0393
vn 0.0712 -0.9973 -0.019
vn -0.0637 -0.9977 -0.0228
vn -0.0292 -0.9986 0.0446
vn 0.1266 -0.9919 -0.0081
vn 0.1091 -0.9933 0.0385
vn 0.1282 -0.9901 -0.058
vn 0.0808 -0.9963 -0.0281
vn 0.1045 -0.3884 -0.9155
vn 0.1081 -0.9153 -0.388
vn -0.0828 -0.4157 -0.9057
vn -0.1024 -0.9029 -0.4175
vn 0.0807 -0.8886 -0.4515
vn -0.0091 -0.3811 -0.9245
vn 0.0204 -0.3451 -0.9383
vn 0.0996 -0.8374 -0.5374
vn 0.0313 0.2322 -0.9722
vn 0.047 0.1892 -0.9808
vn -0.0783 0.2518 -0.9646
vn -0.0599 0.0853 -0.9946
vn -0.0973 0.2472 -0.9641
vn -0.068 0.0506 -0.9964
vn -0.1274 0.2155 -0.9682
vn -0.0462 0.0081 -0.9989
vn 0.0907 0.0376 -0.9952
vn -0.039 0.0866 -0.9955
vn -0.0705 0.1135 -0.991
vn -0.1409 0.0847 -0.9864
vn -0.0031 -1.0 0.0078
vn -0.0049 -0.9999 -0.009
vn 0.0082 -0.969 -0.2468
vn 0.015 -0.5771 -0.8165
vn 0.0291 -0.102 -0.9944
vn 0.0552 0.0543 -0.997
vn 0.0758 0.1451 -0.9865
vn 0.1138 0.0783 -0.9904
vn -0.0095 -0.9994 -0.0334
vn 0.0005 -0.9823 -0.1871
vn 0.0206 -0.6823 -0.7308
vn 0.0239 -0.1719 -0.9848
vn 0.0172 0.0144 -0.9997
vn 0.0128 0.1128 -0.9935
vn 0.0341 0.0476 -0.9983
vn -0.0077 -0.9982 -0.0598
vn 0.0051 -0.9928 -0.1197
vn 0.017 -0.766 -0.6426
vn 0.0448 -0.2588 -0.9649
vn -0.0445 0.1503 -0.9876
vn 0.0409 -0.0019 -0.9992
vn -0.1075 0.0466 -0.9931
vn 0.0188 0.0049 -0.9998
vn 0.0178 0.0011 -0.9998
vn -0.0011 0.001 -1.0
vn -0.0008 -0.0066 -1.0
vn -0.0253 -0.0066 -0.9997
vn -0.0229 -0.0144 -0.9996
vn -0.0385 -0.0149 -0.9991
vn -0.0354 -0.018 -0.9992
vn 0.0363 0.0631 -0.9973
vn -0.0146 0.0899 -0.9958
vn -0.07 0.0539 -0.9961
vn -0.0676 0.0018 -0.9977
vn 0.0941 0.074 -0.9928
vn 0.0065 0.0978 -0.9952
vn -0.1205 0.0508 -0.9914
vn -0.1131 0.0003 -0.9936
vn 0.1487 0.0484 -0.9877
vn 0.1398 0.035 -0.9896
vn 0.1327 0.0247 -0.9909
vn 0.1264 0.0164 -0.9918
vn -0.0001 -0.0036 -1.0
vn -0.0018 -0.0067 -1.0
vn -0.0018 -0.008 -1.0
vn -0.0003 -0.0085 -1.0
vn -0.0264 -0.0135 -0.9996
vn -0.0272 -0.0144 -0.9995
vn -0.0306 -0.0145 -0.9994
vn -0.0386 -0.0134 -0.9992
vn -0.0526 -0.0968 -0.9939
vn -0.0423 -0.0964 -0.9944
vn -0.0356 -0.0965 -0.9947
vn -0.0321 -0.1002 -0.9944
vn -0.0283 -0.1072 -0.9938
vn 0.033 0.0133 -0.9994
vn 0.032 0.0225 -0.9992
vn 0.0237 0.0271 -0.9994
vn 0.0122 0.0239 -0.9996
vn 0.0033 0.0144 -0.9999
vn 0.044 0.0207 -0.9988
vn 0.0335 0.0281 -0.999
vn 0.0157 0.0275 -0.9995
vn -0.0015 0.0177 -0.9998
vn -0.0111 0.0017 -0.9999
vn 0.045 0.025 -0.9987
vn 0.0215 0.0271 -0.9994
vn -0.0047 0.0196 -0.9998
vn -0.0231 0.0034 -0.9997
vn -0.0267 -0.0138 -0.9995
vn -0.0026 -0.1241 -0.9923
vn 0.0082 -0.1232 -0.9923
vn 0.0088 0.0012 -1.0
vn 0.0056 0.0009 -1.0
vn 0.0174 0.0032 -0.9998
vn 0.0018 0.0115 -0.9999
vn 0.041 0.0101 -0.9991
vn 0.0057 0.0421 -0.9991
vn -0.0139 -0.1227 -0.9924
vn 0.0054 -0.001 -1.0
vn 0.0081 -0.0121 -0.9999
vn 0.02 -0.0209 -0.9996
vn -0.0229 -0.1163 -0.993
vn 0.001 0.0037 -1.0
vn -0.0072 -0.0115 -0.9999
vn -0.0123 -0.0255 -0.9996
vn 0.1375 0.006 -0.9905
vn 0.1458 -0.031 -0.9888
vn 0.1337 -0.0419 -0.9901
vn 0.163 -0.0713 -0.9841
vn 0.0717 -0.0319 -0.9969
vn 0.0816 -0.0183 -0.9965
vn 0.0098 -0.0265 -0.9996
vn 0.0241 -0.0131 -0.9996
vn -0.026 -0.0254 -0.9993
vn -0.012 -0.0116 -0.9999
vn 0.0791 0.0447 -0.9959
vn 0.1191 -0.0093 -0.9928
vn 0.0589 -0.0319 -0.9978
vn -0.0023 -0.0331 -0.9994
vn -0.0368 -0.0307 -0.9988
vn 0.0312 0.0595 -0.9977
vn 0.0788 0.0066 -0.9969
vn 0.0391 -0.0279 -0.9988
vn -0.0107 -0.0333 -0.9994
vn -0.0369 -0.0263 -0.999
vn -0.0759 -0.018 -0.997
vn -0.0554 -0.0084 -0.9984
vn -0.0871 -0.0224 -0.996
vn -0.0818 -0.0258 -0.9963
vn -0.0448 -0.0006 -0.999
vn -0.0095 0.0095 -0.9999
vn -0.0066 0.0172 -0.9998
vn 0.0274 0.0216 -0.9994
vn -0.0709 -0.0261 -0.9971
vn -0.0567 -0.0246 -0.9981
vn -0.0607 -0.0144 -0.9981
vn -0.0342 0.0034 -0.9994
vn -0.0501 -0.0282 -0.9983
vn -0.0299 -0.018 -0.9994
vn -0.0553 -0.0255 -0.9981
vn -0.0443 -0.0131 -0.9989
vn 0.107 -0.0838 0.9907
vn -0.0032 -0.0839 0.9965
vn -0.0055 -0.0837 0.9965
vn -0.0072 -0.0835 0.9965
vn 0.1082 -0.0017 0.9941
vn -0.0029 -0.0004 1.0
vn -0.0049 -0.0002 1.0
vn -0.0062 -0.0002 1.0
vn 0.1078 -0.0015 0.9942
vn -0.0033 -0.0003 1.0
vn -0.0049 -0.0001 1.0
vn -0.0061 -0.0001 1.0
vn 0.1074 -0.0013 0.9942
vn -0.0036 -0.0003 1.0
vn -0.005 -0.0001 1.0
vn -0.006 -0.0001 1.0
vn -0.0155 -0.0872 0.9961
vn 0.0196 -0.0828 0.9964
vn -0.0103 -0.0029 0.9999
vn 0.0084 -0.002 1.0
vn -0.0073 -0.0019 1.0
vn 0.0036 -0.0016 1.0
vn -0.0056 -0.0014 1.0
vn 0.0012 -0.0014 1.0
vn -0.011 -0.085 0.9963
vn -0.008 -0.0008 1.0
vn -0.0068 -0.0006 1.0
vn -0.006 -0.0005 1.0
vn -0.0081 -0.0837 0.9965
vn -0.0067 -0.0003 1.0
vn -0.0064 -0.0003 1.0
vn -0.0062 -0.0003 1.0
vn -0.0009 -0.7874 0.6164
vn -0.001 -0.7767 0.6299
vn -0.0 -0.9882 0.1534
vn 0.0 -0.9894 0.1455
vn -0.0007 -0.7647 0.6444
vn 0.0003 -0.9868 0.1617
vn -0.0001 -0.7531 0.6579
vn 0.0005 -0.9855 0.17
vn 0.0002 -0.7414 0.6711
vn 0.0005 -0.984 0.1782
vn -0.0022 -0.037 0.9993
vn -0.0034 -0.0359 0.9993
vn -0.0025 -0.2888 0.9574
vn -0.0021 -0.2986 0.9544
vn -0.0043 -0.0338 0.9994
vn -0.0024 -0.2776 0.9607
vn -0.0051 -0.0316 0.9995
vn -0.0024 -0.2666 0.9638
vn -0.0052 -0.029 0.9996
vn -0.002 -0.2551 0.9669
vn -0.0008 -0.0014 1.0
vn -0.0046 -0.0013 1.0
vn -0.0054 -0.0006 1.0
vn -0.0061 -0.0005 1.0
vn -0.0059 -0.0003 1.0
vn 0.1248 -0.9642 0.2339
vn 0.0769 -0.7393 0.6689
vn 0.0937 -0.2653 0.9596
vn 0.1067 -0.0251 0.994
vn 0.107 -0.0013 0.9943
vn 0.001 -0.7209 0.693
vn 0.0007 -0.9814 0.192
vn -0.0033 -0.0253 0.9997
vn -0.0009 -0.2361 0.9717
vn -0.0039 -0.0005 1.0
vn 0.0005 -0.73 0.6835
vn 0.0007 -0.9826 0.1858
vn -0.0042 -0.0271 0.9996
vn -0.0017 -0.2447 0.9696
vn -0.0051 -0.0004 1.0
vn 0.0201 -0.0728 0.9971
vn -0.0315 -0.0776 0.9965
vn -0.0195 -0.0877 0.996
vn 0.0037 -0.0869 0.9962
vn 0.0131 0.0034 0.9999
vn -0.0156 0.0033 0.9999
vn -0.0147 -0.0018 0.9999
vn -0.0002 -0.0027 1.0
vn 0.007 0.0016 1.0
vn -0.0093 0.0018 1.0
vn -0.0107 -0.001 0.9999
vn -0.0023 -0.0017 1.0
vn 0.0031 0.0011 1.0
vn -0.0062 0.0013 1.0
vn -0.0079 -0.0007 1.0
vn -0.0029 -0.0014 1.0
vn -0.0691 -0.0811 0.9943
vn -0.0694 0.0004 0.9976
vn -0.0688 0.0007 0.9976
vn -0.0678 0.0008 0.9977
vn 0.0113 -0.0838 0.9964
vn 0.0102 -0.0009 0.9999
vn 0.0085 -0.0006 1.0
vn 0.0065 -0.0005 1.0
vn -0.0006 -0.0847 0.9964
vn -0.001 -0.0013 1.0
vn -0.0016 -0.0012 1.0
vn -0.0021 -0.0011 1.0
vn -0.1157 -0.8049 0.5821
vn -0.109 -0.9857 0.1284
vn -0.0006 -0.8081 0.589
vn 0.0001 -0.9916 0.1296
vn -0.0007 -0.8061 0.5918
vn 0.0 -0.9913 0.1314
vn -0.0006 -0.8032 0.5956
vn 0.0002 -0.9911 0.1334
vn -0.0775 -0.0336 0.9964
vn -0.1009 -0.3163 0.9433
vn 0.0015 -0.0425 0.9991
vn -0.0005 -0.3213 0.947
vn -0.002 -0.0423 0.9991
vn -0.001 -0.3191 0.9477
vn -0.0027 -0.0415 0.9991
vn -0.0013 -0.3163 0.9486
vn -0.0673 0.0012 0.9977
vn 0.0038 -0.0006 1.0
vn -0.0023 -0.0014 1.0
vn -0.0031 -0.0015 1.0
vn -0.0011 -0.7957 0.6058
vn -0.0002 -0.9903 0.1393
vn -0.0008 -0.0372 0.9993
vn -0.0015 -0.307 0.9517
vn 0.0005 0.0007 1.0
vn -0.0011 -0.8003 0.5995
vn -0.0001 -0.9908 0.1355
vn -0.0029 -0.0376 0.9993
vn -0.0014 -0.3118 0.9501
vn -0.004 0.0006 1.0
vn -0.0003 -0.991 0.1337
vn -0.0007 -0.8027 0.5963
vn -0.0033 -0.0402 0.9992
vn -0.0015 -0.3146 0.9492
vn -0.0054 -0.0011 1.0
vn 0.1327 -0.8866 -0.4431
vn 0.1498 -0.9804 -0.1277
vn 0.0081 -0.888 -0.4597
vn -0.0043 -0.9941 -0.1082
vn -0.0113 -0.8851 -0.4652
vn -0.0048 -0.9959 -0.0905
vn -0.0105 -0.8943 -0.4474
vn -0.0052 -0.9974 -0.0721
vn 0.1687 0.1027 -0.9803
vn 0.208 -0.3263 -0.9221
vn 0.0268 0.079 -0.9965
vn 0.0368 -0.3438 -0.9383
vn -0.0025 0.0903 -0.9959
vn -0.0128 -0.3466 -0.9379
vn 0.039 0.0729 -0.9966
vn 0.0239 -0.2982 -0.9542
vn 0.1442 0.0845 -0.9859
vn 0.1303 -0.0268 -0.9911
vn 0.0324 0.1092 -0.9935
vn 0.0219 0.0175 -0.9996
vn 0.0208 0.1035 -0.9944
vn 0.0105 0.04 -0.9991
vn -0.0283 0.1244 -0.9918
vn -0.016 0.0039 -0.9999
vn 0.1279 0.0837 -0.9882
vn 0.0152 0.1115 -0.9937
vn 0.0086 0.1062 -0.9943
vn -0.0136 0.1197 -0.9927
vn 0.0344 -0.9723 -0.2311
vn -0.0296 -0.9805 -0.1944
vn -0.0057 -0.9999 0.014
vn 0.0059 -0.9999 0.0154
vn -0.0104 -0.0035 -0.9999
vn -0.1237 -0.1623 -0.9789
vn -0.0773 -0.5604 -0.8246
vn 0.0769 -0.5193 -0.8511
vn -0.1422 0.1257 -0.9818
vn -0.018 0.1644 -0.9862
vn -0.1053 -0.0926 -0.9901
vn -0.1442 -0.0224 -0.9893
vn -0.0776 0.1176 -0.99
vn -0.0148 0.1521 -0.9883
vn -0.0408 -0.9648 -0.2597
vn -0.0144 -0.9999 -0.0018
vn 0.0154 0.099 -0.995
vn -0.0248 -0.4349 -0.9001
vn 0.0147 0.0729 -0.9972
vn 0.0244 0.0288 -0.9993
vn -0.0232 0.0812 -0.9964
vn -0.0488 -0.9193 -0.3906
vn -0.0118 -0.9989 -0.0444
vn -0.0461 -0.3662 -0.9294
vn -0.0028 0.0592 -0.9982
vn 0.044 0.0996 -0.9941
vn 0.0207 -0.0169 -0.9996
vn 0.0051 0.1051 -0.9944
vn 0.0652 0.0003 -0.9979
vn -0.0304 0.007 -0.9995
vn 0.0083 0.0089 -0.9999
vn 0.1106 0.0018 -0.9939
vn -0.052 0.0039 -0.9986
vn -0.0429 0.0049 -0.9991
vn -0.0475 0.0002 -0.9989
vn -0.0482 0.0021 -0.9988
vn -0.0358 -0.0023 -0.9994
vn -0.0394 -0.0003 -0.9992
vn 0.0187 0.0009 -0.9998
vn -0.0492 0.0011 -0.9988
vn -0.0562 -0.0013 -0.9984
vn -0.0452 -0.0034 -0.999
vn -0.0305 -0.004 -0.9995
vn -0.0171 0.0004 -0.9999
vn -0.0594 -0.0027 -0.9982
vn -0.0549 -0.0053 -0.9985
vn -0.0392 -0.0056 -0.9992
vn -0.0244 -0.0049 -0.9997
vn 0.0989 -0.0505 -0.9938
vn 0.0947 -0.054 -0.994
vn 0.1023 -0.0459 -0.9937
vn 0.1041 -0.0417 -0.9937
vn -0.0157 -0.0031 -0.9999
vn -0.0198 -0.0022 -0.9998
vn -0.0117 -0.0031 -0.9999
vn -0.0082 -0.0029 -1.0
vn -0.0239 -0.0032 -0.9997
vn -0.0285 -0.0018 -0.9996
vn -0.0188 -0.0039 -0.9998
vn -0.0138 -0.004 -0.9999
vn -0.1044 -0.9945 -0.0036
vn -0.1117 -0.9922 0.0559
vn -0.0978 -0.5968 -0.7964
vn -0.0821 -0.9567 -0.2792
vn -0.121 -0.0492 -0.9914
vn -0.0944 0.039 -0.9948
vn -0.0282 0.0562 -0.998
vn 0.0372 -0.9993 0.0077
vn 0.0429 -0.9976 0.0537
vn 0.0308 -0.5304 -0.8472
vn 0.0427 -0.9554 -0.2922
vn -0.0325 0.0329 -0.9989
vn -0.0789 0.0027 -0.9969
vn -0.0266 -0.0425 -0.9987
vn 0.0196 -0.9952 -0.0963
vn 0.058 -0.9978 0.032
vn -0.0337 -0.512 -0.8584
vn -0.0502 -0.9228 -0.382
vn 0.0635 0.0334 -0.9974
vn 0.0578 0.0115 -0.9983
vn -0.0219 -0.0327 -0.9992
vn -0.0016 -0.9803 -0.1973
vn -0.018 -0.9997 0.0192
vn 0.017 -0.5394 -0.8419
vn -0.0068 -0.8806 -0.4738
vn 0.0876 -0.0749 -0.9933
vn 0.0913 0.0842 -0.9923
vn -0.0023 0.1031 -0.9947
vn -0.1354 0.0752 -0.9879
vn -0.1474 0.0315 -0.9886
vn 0.0154 0.0018 -0.9999
vn 0.0141 -0.0053 -0.9999
vn 0.0768 -0.0573 -0.9954
vn 0.1153 -0.0549 -0.9918
vn -0.0608 -0.0408 -0.9973
vn -0.0238 -0.0572 -0.9981
vn -0.117 0.1006 -0.988
vn 0.0411 0.0963 -0.9945
vn 0.0407 0.0559 -0.9976
vn -0.0797 0.0101 -0.9968
vn -0.0626 0.1401 -0.9882
vn 0.0699 0.1577 -0.985
vn -0.0099 0.1417 -0.9899
vn -0.0768 0.1222 -0.9895
vn 0.1084 0.0004 -0.9941
vn 0.1289 -0.0026 -0.9917
vn 0.1179 -0.0049 -0.993
vn 0.0913 -0.0039 -0.9958
vn 0.1243 0.1161 -0.9854
vn -0.0437 0.0035 -0.999
vn 0.0383 -0.0018 -0.9993
vn 0.091 -0.0023 -0.9958
vn 0.0972 0.0295 -0.9948
vn 0.087 0.1095 -0.9902
vn -0.1654 -0.0119 -0.9861
vn -0.1169 -0.0034 -0.9931
vn -0.0623 0.0047 -0.998
vn -0.022 0.094 -0.9953
vn -0.0297 0.1678 -0.9854
vn -0.0387 -0.99 -0.1357
vn -0.0284 -0.6829 -0.7299
vn 0.0271 -0.7872 -0.6161
vn -0.0249 -0.9937 -0.1097
vn 0.0119 -0.8535 -0.5209
vn -0.0604 -0.9842 -0.1667
vn -0.0111 -0.2538 -0.9672
vn 0.0947 -0.072 -0.9929
vn 0.0355 -0.362 -0.9315
vn 0.062 -0.0346 -0.9975
vn -0.0043 -0.0667 -0.9978
vn 0.0222 -0.4945 -0.8689
vn 0.1741 0.1481 -0.9735
vn 0.0962 0.1607 -0.9823
vn -0.0266 0.1596 -0.9868
vn 0.0593 -0.1269 -0.9901
vn 0.0975 -0.1095 -0.9892
vn -0.0518 -0.0151 -0.9985
vn 0.0166 -0.0224 -0.9996
vn -0.1173 0.0194 -0.9929
vn -0.0526 -0.0118 -0.9985
vn -0.1421 0.0491 -0.9886
vn -0.1499 0.0085 -0.9887
vn 0.0248 -0.1079 -0.9938
vn -0.0705 0.0291 -0.9971
vn -0.0883 0.0557 -0.9945
vn -0.0498 0.0549 -0.9972
vn 0.016 -0.0852 -0.9962
vn -0.0423 0.0559 -0.9975
vn -0.0152 0.0564 -0.9983
vn 0.0522 0.0276 -0.9983
vn 0.025 -0.0801 -0.9965
vn 0.0012 0.0462 -0.9989
vn 0.0482 0.0195 -0.9986
vn 0.104 -0.0186 -0.9944
vn 0.1431 -0.0265 -0.9894
vn 0.2072 -0.0647 -0.9762
vn 0.1705 -0.0372 -0.9847
vn 0.0149 -0.0001 -0.9999
vn 0.1924 -0.0402 -0.9805
vn 0.1711 -0.0523 -0.9839
vn 0.1477 -0.0389 -0.9883
vn 0.0497 -0.0154 -0.9986
vn 0.0116 -0.0111 -0.9999
vn -0.13 0.0439 -0.9905
vn 0.0276 0.0163 -0.9995
vn -0.1347 0.0206 -0.9907
vn 0.1362 -0.0128 -0.9906
vn 0.1704 -0.0357 -0.9847
vn 0.0985 -0.0355 -0.9945
vn -0.0873 0.0483 -0.995
vn -0.1943 0.0198 -0.9807
vn 0.0388 0.0261 -0.9989
vn 0.1287 -0.0103 -0.9916
vn 0.1296 -0.0402 -0.9907
vn 0.0771 -0.0225 -0.9968
vn -0.0305 0.0672 -0.9973
vn -0.0783 0.0829 -0.9935
vn -0.0777 0.0678 -0.9947
vn -0.0465 0.0249 -0.9986
vn -0.1375 0.0729 -0.9878
vn -0.1935 0.0811 -0.9777
vn -0.1561 0.057 -0.9861
vn -0.0864 0.0148 -0.9962
vn -0.0194 -0.0278 -0.9994
vn -0.2402 0.0963 -0.9659
vn -0.1567 0.0386 -0.9869
vn -0.0533 0.0001 -0.9986
vn 0.0295 -0.0356 -0.9989
vn 0.067 -0.0485 -0.9966
vn 0.0182 -0.1214 -0.9924
vn 0.0288 -0.1123 -0.9933
vn 0.0327 -0.0942 -0.995
vn 0.0053 -0.0093 -0.9999
vn 0.0178 -0.0111 -0.9998
vn 0.0248 0.0129 -0.9996
vn -0.012 -0.0118 -0.9999
vn 0.0159 -0.0396 -0.9991
vn 0.057 -0.0268 -0.998
vn 0.0721 0.0067 -0.9974
vn 0.1224 0.0059 -0.9925
vn 0.116 0.0041 -0.9932
vn 0.0782 0.0034 -0.9969
vn 0.0932 0.0016 -0.9956
vn -0.0228 -0.0013 -0.9997
vn 0.0023 -0.0014 -1.0
vn -0.1694 -0.0003 -0.9855
vn -0.0166 0.0049 -0.9999
vn 0.0438 0.0067 -0.999
vn 0.1015 0.0034 -0.9948
vn 0.0953 0.0002 -0.9954
vn -0.0458 0.0027 -0.9989
vn -0.0279 0.0051 -0.9996
vn 0.0252 0.006 -0.9997
vn 0.0883 0.0024 -0.9961
vn -0.043 0.0014 -0.9991
vn -0.0445 0.0035 -0.999
vn -0.0328 0.0059 -0.9994
vn 0.0137 0.0067 -0.9999
vn -0.172 0.0118 -0.985
vn 0.0242 -0.004 -0.9997
vn -0.2333 -0.0006 -0.9724
vn -0.1565 -0.012 -0.9876
vn -0.0338 -0.0117 -0.9994
vn -0.2552 0.0032 -0.9669
vn -0.1859 0.0034 -0.9826
vn -0.1455 -0.0058 -0.9893
vn -0.0025 -0.0053 -1.0
vn 0.0786 -0.0035 -0.9969
vn -0.1484 -0.001 -0.9889
vn -0.2659 0.0021 -0.964
vn 0.0088 -0.0005 -1.0
vn 0.0921 -0.0016 -0.9957
vn 0.0769 0.0024 -0.997
vn 0.0943 -0.0818 -0.9922
vn 0.0717 -0.0737 -0.9947
vn 0.0661 -0.0716 -0.9952
vn 0.0719 -0.0689 -0.995
vn 0.0478 0.0033 -0.9989
vn 0.0066 0.0135 -0.9999
vn -0.0291 0.0109 -0.9995
vn -0.0371 0.006 -0.9993
vn 0.0508 -0.0099 -0.9987
vn 0.0659 0.0034 -0.9978
vn 0.0079 0.0096 -0.9999
vn -0.0332 0.0079 -0.9994
vn 0.0902 -0.0574 -0.9943
vn -0.024 -0.0008 -0.9997
vn -0.0331 0.0001 -0.9995
vn 0.0847 -0.0612 -0.9945
vn -0.0283 0.0008 -0.9996
vn -0.0376 0.0022 -0.9993
vn 0.0785 -0.0651 -0.9948
vn -0.0327 0.0028 -0.9995
vn -0.0415 0.0046 -0.9991
vn -0.0054 0.057 -0.9984
vn -0.0768 0.1006 -0.992
vn -0.2288 0.1487 -0.9621
vn -0.4158 0.1928 -0.8888
vn -0.5644 0.2337 -0.7917
vn 0.0729 -0.0694 -0.9949
vn 0.1643 -0.0724 -0.9838
vn 0.1466 -0.0506 -0.9879
vn -0.0073 0.002 -1.0
vn -0.2447 0.0718 -0.9669
vn -0.1777 0.0165 -0.9839
vn -0.0293 -0.031 -0.9991
vn 0.1502 -0.0753 -0.9858
vn 0.2158 -0.0835 -0.9729
vn 0.0921 -0.0396 -0.995
vn -0.237 0.0556 -0.9699
vn -0.2569 0.0602 -0.9646
vn -0.1314 0.0181 -0.9912
vn 0.0961 -0.0564 -0.9938
vn 0.2289 -0.0978 -0.9685
vn -0.1898 0.3437 -0.9197
vn 0.0478 0.3283 -0.9434
vn -0.2283 0.203 -0.9522
vn 0.0263 0.1829 -0.9828
vn -0.2648 0.1716 -0.9489
vn -0.025 0.1596 -0.9869
vn -0.2266 0.1229 -0.9662
vn -0.0711 0.1373 -0.988
vn -0.4534 0.3257 -0.8297
vn -0.4315 0.1846 -0.883
vn -0.3386 0.1311 -0.9318
vn -0.1205 0.0367 -0.992
vn -0.5928 0.2793 -0.7554
vn -0.4304 0.1361 -0.8923
vn -0.1623 0.0481 -0.9856
vn 0.1311 -0.0632 -0.9894
vn 0.1011 -0.0732 -0.9922
vn 0.1662 -0.1084 -0.9801
vn 0.0481 -0.0181 -0.9987
vn -0.1913 0.0939 -0.977
vn -0.2626 0.1068 -0.959
vn -0.0131 0.0271 -0.9995
vn 0.1019 -0.072 -0.9922
vn 0.1984 -0.1095 -0.974
vn 0.0387 -0.0236 -0.999
vn -0.2104 0.0796 -0.9744
vn -0.08 0.099 -0.9919
vn -0.0829 0.0356 -0.9959
vn 0.1248 -0.0723 -0.9895
vn 0.2191 -0.1045 -0.9701
vn 0.0533 -0.0357 -0.9979
vn 0.1674 -0.058 -0.9842
vn 0.2317 -0.0615 -0.9708
vn 0.0109 -0.0032 -0.9999
vn 0.1453 -0.0399 -0.9886
vn -0.1995 0.0595 -0.9781
vn -0.0531 0.0149 -0.9985
vn 0.0482 -0.0224 -0.9986
vn -0.158 0.0526 -0.986
vn -0.283 0.0852 -0.9553
vn -0.1294 0.0448 -0.9906
vn -0.2805 0.0979 -0.9548
vn -0.1935 0.0552 -0.9796
vn -0.1056 -0.0583 -0.9927
vn -0.1025 -0.0635 -0.9927
vn -0.0992 -0.0694 -0.9926
vn -0.095 -0.0762 -0.9926
vn 0.0029 0.0001 -1.0
vn 0.0025 0.0006 -1.0
vn 0.0018 0.0005 -1.0
vn 0.0033 -0.0005 -1.0
vn 0.0043 0.0009 -1.0
vn 0.0034 0.0017 -1.0
vn 0.0035 0.0016 -1.0
vn 0.0087 0.0006 -1.0
vn 0.0069 0.0026 -1.0
vn 0.0074 0.0036 -1.0
vn 0.0114 0.0036 -0.9999
vn 0.0214 0.0029 -0.9998
vn -0.0658 -0.095 -0.9933
vn 0.0264 0.0043 -0.9996
vn 0.0426 0.0105 -0.999
vn 0.0556 0.0167 -0.9983
vn -0.0783 -0.0904 -0.9928
vn 0.0165 -0.0005 -0.9999
vn 0.0318 0.0031 -0.9995
vn 0.0508 0.0083 -0.9987
vn -0.0886 -0.0836 -0.9926
vn 0.008 -0.0015 -1.0
vn 0.0186 0.0003 -0.9998
vn 0.0365 0.0037 -0.9993
vn -0.016 -0.0022 -0.9999
vn -0.0655 -0.018 -0.9977
vn 0.0248 -0.001 -0.9997
vn -0.0271 -0.0152 -0.9995
vn 0.0516 -0.0016 -0.9987
vn 0.0119 -0.014 -0.9998
vn 0.0586 -0.001 -0.9983
vn 0.0364 -0.012 -0.9993
vn 0.0297 0.0117 -0.9995
vn 0.0574 0.0089 -0.9983
vn 0.0653 0.0056 -0.9978
vn 0.0566 0.0045 -0.9984
vn 0.0544 0.0183 -0.9984
vn 0.0638 0.0115 -0.9979
vn 0.0562 0.0066 -0.9984
vn 0.0394 0.005 -0.9992
vn 0.0281 0.0069 -0.9996
vn 0.031 0.0026 -0.9995
vn 0.0203 0.0069 -0.9998
vn 0.012 0.005 -0.9999
vn 0.0382 0.0047 -0.9993
vn 0.0389 -0.0024 -0.9992
vn 0.0277 0.007 -0.9996
vn 0.0157 0.0059 -0.9999
vn 0.0511 0.0015 -0.9987
vn 0.0434 -0.0079 -0.999
vn 0.0406 0.0056 -0.9992
vn 0.0246 0.0056 -0.9997
vn 0.0208 -0.0056 -0.9998
vn 0.0219 -0.0131 -0.9997
vn 0.0145 -0.0197 -0.9997
vn -0.0064 -0.0239 -0.9997
vn -0.0016 -0.0151 -0.9999
vn -0.0081 -0.0226 -0.9997
vn -0.0237 -0.0276 -0.9993
vn -0.0484 -0.0291 -0.9984
vn -0.0255 -0.0212 -0.9995
vn -0.036 -0.025 -0.999
vn -0.0502 -0.026 -0.9984
vn -0.064 -0.0233 -0.9977
vn -0.0384 -0.0197 -0.9991
vn -0.0441 -0.0194 -0.9988
vn -0.0496 -0.0164 -0.9986
vn -0.0499 -0.0114 -0.9987
vn -0.0907 -0.025 -0.9956
vn -0.0839 -0.0233 -0.9962
vn -0.075 -0.0179 -0.997
vn -0.049 -0.0117 -0.9987
vn -0.0363 -0.006 -0.9993
vn -0.0148 -0.0019 -0.9999
vn -0.009 -0.0005 -1.0
vn 0.0009 0.0 -1.0
vn -0.0724 -0.0255 -0.997
vn -0.0841 -0.0233 -0.9962
vn -0.0586 -0.0117 -0.9982
vn -0.0236 -0.0028 -0.9997
vn -0.0393 -0.0254 -0.9989
vn -0.0724 -0.0273 -0.997
vn -0.0689 -0.0179 -0.9975
vn -0.0403 -0.0065 -0.9992
vn 0.2725 0.1991 -0.9413
vn 0.2535 0.1825 -0.95
vn 0.2345 0.1636 -0.9583
vn 0.2163 0.1436 -0.9657
vn 0.1988 0.1238 -0.9722
vn 0.1187 0.0644 -0.9908
vn 0.0894 0.0505 -0.9947
vn 0.0675 0.0378 -0.997
vn 0.0493 0.0288 -0.9984
vn 0.0328 0.0221 -0.9992
vn 0.0348 0.0165 -0.9993
vn 0.0176 0.0097 -0.9998
vn 0.0054 0.0047 -1.0
vn -0.0074 0.0023 -1.0
vn -0.0205 0.0003 -0.9998
vn 0.1573 0.065 -0.9854
vn 0.0032 0.0016 -1.0
vn -0.0285 -0.0111 -0.9995
vn 0.169 0.0842 -0.982
vn 0.0094 0.008 -0.9999
vn -0.0295 -0.0079 -0.9995
vn 0.183 0.104 -0.9776
vn 0.0193 0.015 -0.9997
vn -0.0275 -0.0037 -0.9996
vn -0.0567 -0.0188 -0.9982
vn -0.0268 -0.0118 -0.9996
vn -0.0091 -0.0048 -0.9999
vn 0.0001 -0.0002 -1.0
vn -0.0212 -0.0059 -0.9998
vn -0.0054 -0.0018 -1.0
vn 0.001 0.0003 -1.0
vn 0.0165 0.0047 -0.9999
vn -0.0028 -0.0002 -1.0
vn 0.003 0.0005 -1.0
vn 0.0168 0.0048 -0.9998
vn 0.0544 0.0161 -0.9984
vn 0.0102 0.0028 -0.9999
vn 0.0288 0.0106 -0.9995
vn 0.0648 0.0241 -0.9976
vn 0.1195 0.0425 -0.9919
vn 0.0893 -0.004 -0.996
vn 0.0733 0.0531 -0.9959
vn 0.1009 0.0804 -0.9916
vn 0.1355 0.1026 -0.9854
vn 0.1044 0.0061 -0.9945
vn 0.1411 0.0251 -0.9897
vn 0.1807 0.0463 -0.9824
vn 0.214 0.0745 -0.974
vn 0.0429 -0.0 -0.9991
vn 0.0752 0.0109 -0.9971
vn 0.1255 0.0298 -0.9916
vn 0.1831 0.0591 -0.9813
vn 0.19 0.3046 -0.9333
vn 0.2649 0.2826 -0.9219
vn 0.3006 0.2651 -0.9162
vn 0.3125 0.2513 -0.9161
vn 0.1835 0.1545 -0.9708
vn 0.2517 0.1361 -0.9582
vn 0.2666 0.1248 -0.9557
vn 0.2515 0.1158 -0.9609
vn 0.1631 0.1264 -0.9785
vn 0.2369 0.1052 -0.9658
vn 0.2329 0.093 -0.968
vn 0.1929 0.0797 -0.978
vn 0.2892 0.2138 -0.9331
vn 0.1522 0.0788 -0.9852
vn 0.061 0.0279 -0.9977
vn 0.3026 0.2271 -0.9257
vn 0.1877 0.0929 -0.9778
vn 0.0971 0.0448 -0.9943
vn 0.3112 0.2392 -0.9198
vn 0.2225 0.1053 -0.9692
vn 0.1441 0.0626 -0.9876
vn 0.2124 -0.044 -0.9762
vn 0.0582 -0.0217 -0.9981
vn -0.16 -0.0064 -0.9871
vn -0.2647 -0.0003 -0.9643
vn 0.2373 -0.0541 -0.9699
vn 0.2476 -0.0519 -0.9675
vn 0.1267 -0.0395 -0.9912
vn -0.0817 -0.0239 -0.9964
vn 0.0899 -0.0202 -0.9957
vn 0.206 -0.0386 -0.9778
vn 0.2571 -0.0493 -0.9651
vn 0.2024 -0.0526 -0.9779
vn -0.1306 0.035 -0.9908
vn -0.0035 0.0057 -1.0
vn 0.119 -0.0184 -0.9927
vn 0.2098 -0.0328 -0.9772
vn 0.0403 -0.0006 -0.9992
vn -0.143 0.0025 -0.9897
vn -0.1794 -0.0182 -0.9836
vn 0.0609 -0.0679 -0.9958
vn -0.0729 0.0005 -0.9973
vn -0.2267 -0.0031 -0.974
vn -0.1099 -0.0326 -0.9934
vn 0.1638 -0.0625 -0.9845
vn -0.2044 0.0018 -0.9789
vn -0.2239 -0.0097 -0.9746
vn 0.0473 -0.0484 -0.9977
vn 0.2257 -0.0488 -0.973
vn -0.1574 0.0383 -0.9868
vn -0.1635 0.0396 -0.9857
vn -0.1608 0.0358 -0.9863
vn -0.1449 0.0276 -0.9891
vn -0.0091 0.0069 -0.9999
vn -0.0479 0.0139 -0.9988
vn -0.0926 0.0121 -0.9956
vn -0.1288 0.0055 -0.9917
vn 0.1423 -0.0415 -0.9889
vn 0.1334 -0.021 -0.9908
vn 0.0748 -0.0025 -0.9972
vn -0.0156 0.0151 -0.9998
vn -0.0107 0.0299 -0.9995
vn -0.0463 -0.0477 -0.9978
vn -0.2223 0.0361 -0.9743
vn -0.0573 0.0198 -0.9982
vn -0.1215 -0.0188 -0.9924
vn -0.1866 0.0346 -0.9818
vn -0.1098 0.0199 -0.9938
vn -0.1432 -0.0018 -0.9897
vn -0.1094 0.0285 -0.9936
vn -0.4863 -0.8409 0.2377
vn -0.7062 -0.6946 0.1376
vn -0.8414 -0.5372 0.0595
vn -0.8581 -0.5127 0.0301
vn -0.8557 -0.5172 0.0131
vn -0.0146 -0.994 0.1084
vn -0.0648 -0.9972 0.0378
vn -0.1598 -0.9862 0.044
vn -0.227 -0.9737 0.0189
vn -0.242 -0.9703 0.0051
vn -0.0023 -0.9931 0.1172
vn 0.0 -1.0 0.0
vn 0.0 -1.0 0.0
vn -0.0 -1.0 -0.0
vn -0.0 -1.0 0.0
vn 0.0 -1.0 0.0
vn 0.0 -1.0 0.0
vn -0.0 -1.0 -0.0
vn -0.0 -1.0 -0.0
vn -0.5212 -0.8275 -0.2087
vn -0.0744 -0.9966 -0.0366
vn 0.0009 -1.0 -0.005
vn -0.0165 -0.9999 -0.0027
vn -0.7565 -0.6499 -0.073
vn -0.1597 -0.9871 -0.0099
vn 0.0014 -0.9999 0.0154
vn -0.0079 -0.9999 0.0095
vn -0.8346 -0.5509 -0.0019
vn -0.2203 -0.9754 -0.0063
vn 0.0 -1.0 0.0
vn 0.0 -1.0 -0.0
vn 0.0053 -1.0 0.0063
vn 0.0002 -1.0 -0.001
vn 0.0002 -1.0 -0.0002
vn 0.0 -1.0 -0.0
vn -0.0 -1.0 -0.0
vn 0.0 -1.0 -0.0
vn -0.0 -1.0 -0.0
vn 0.0 -1.0 -0.0
vn 0.0 -1.0 -0.0
vn 0.0052 -0.9999 -0.0115
vn 0.0005 -1.0 -0.0018
vn -0.0 -1.0 -0.0
vn 0.0 -1.0 0.0
vn -0.0 -1.0 0.0
vn 0.0047 -0.9995 -0.032
vn -0.0002 -1.0 -0.0032
vn -0.0001 -1.0 0.0001
vn 0.0 -1.0 0.0
vn -0.0 -1.0 -0.0
vn 0.0 -1.0 0.0
vn 0.0 -1.0 -0.0
vn 0.0 -1.0 0.0
vn 0.0 -1.0 0.0
vn 0.0 -1.0 0.0
vn 0.0 -1.0 0.0
vn 0.0 -1.0 -0.0
vn 0.0 -1.0 -0.0
vn 0.0 -1.0 -0.0
vn 0.0 -1.0 -0.0
vn -0.0 -1.0 -0.0
vn -0.0 -1.0 -0.0
vn -0.0003 -0.99 0.1407
vn 0.0 -1.0 0.0
vn 0.0 -1.0 0.0
vn 0.0 -1.0 -0.0
vn -0.0 -1.0 -0.0
vn -0.0003 -0.9902 0.1399
vn 0.0 -1.0 0.0
vn 0.0 -1.0 -0.0
vn 0.0 -1.0 -0.0
vn 0.0 -1.0 -0.0
vn -0.0002 -0.9902 0.1398
vn 0.0 -1.0 -0.0
vn 0.0 -1.0 0.0
vn -0.0 -1.0 -0.0
vn -0.0 -1.0 -0.0
vn 0.0 -1.0 0.0
vn 0.0 -1.0 -0.0
vn -0.0 -1.0 -0.0
vn -0.0 -1.0 -0.0
vn 0.0 -1.0 0.0
vn 0.0 -1.0 -0.0
vn 0.0 -1.0 0.0
vn 0.0337 -0.9992 0.0194
vn 0.0 -1.0 0.0
vn 0.0 -1.0 -0.0
vn -0.0 -1.0 0.0
vn 0.0067 -1.0 0.0061
vn -0.0 -1.0 0.0
vn 0.0 -1.0 0.0
vn -0.0 -1.0 -0.0
vn -0.0 -1.0 -0.0
vn 0.0644 -0.9957 0.0661
vn 0.0891 -0.9957 0.0253
vn 0.1053 -0.9944 0.0044
vn 0.1097 -0.994 -0.0003
vn -0.0073 -0.996 0.0892
vn -0.0012 -0.9991 0.0421
vn 0.0002 -1.0 0.0099
vn -0.0 -1.0 -0.0
vn 0.0689 -0.9954 0.0659
vn 0.0261 -0.9993 0.0284
vn 0.0051 -1.0 0.0048
vn 0.0 -1.0 -0.0
vn 0.1094 -0.994 -0.0017
vn 0.0 -1.0 0.0
vn 0.0 -1.0 0.0
vn 0.1099 -0.9939 -0.0012
vn 0.0 -1.0 -0.0
vn 0.0 -1.0 -0.0
vn 0.1098 -0.994 -0.0004
vn -0.0 -1.0 -0.0
vn -0.0 -1.0 -0.0
vn -0.0 -1.0 -0.0004
vn -0.0 -1.0 -0.0004
vn 0.0 -1.0 -0.0
vn 0.0 -1.0 -0.0
vn -0.0 -1.0 -0.0
vn -0.0 -1.0 -0.0
vn -0.0 -1.0 0.0
vn -0.0 -1.0 -0.0
vn -0.0 -1.0 -0.0004
vn 0.0 -1.0 -0.0
vn -0.0 -1.0 -0.0
vn -0.0 -1.0 -0.0
vn -0.0 -1.0 -0.0004
vn 0.0 -1.0 0.0
vn -0.0 -1.0 -0.0
vn -0.0 -1.0 -0.0
vn -0.0 -1.0 -0.0004
vn 0.0 -1.0 -0.0
vn -0.0 -1.0 -0.0
vn -0.0 -1.0 -0.0
vn 0.0 -1.0 -0.0
vn 0.0 -1.0 -0.0
vn 0.0 -1.0 -0.0
vn 0.0 -1.0 -0.0
vn -0.0001 -1.0 -0.0001
vn 0.0 -1.0 0.0
vn 0.0 -1.0 0.0
vn 0.0 -1.0 0.0
vn 0.0 -1.0 -0.0
vn -0.0 -1.0 0.0
vn 0.0 -1.0 -0.0
vn 0.0 -1.0 -0.0
vn 0.0 -1.0 -0.0
vn -0.0 -1.0 0.0
vn -0.0 -1.0 0.0
vn 0.264 -0.9631 -0.0525
vn 0.4015 -0.9154 -0.03
vn 0.4815 -0.8765 0.0015
vn 0.5139 -0.8579 0.0033
vn -0.0001 -1.0 -0.0009
vn 0.0 -1.0 0.0
vn 0.0 -1.0 -0.0
vn -0.0 -1.0 -0.0
vn -0.0001 -1.0 -0.0004
vn 0.0 -1.0 0.0
vn 0.0 -1.0 -0.0
vn 0.0 -1.0 -0.0
vn 0.3126 -0.9442 0.1035
vn -0.0 -1.0 -0.0004
vn -0.0 -1.0 -0.0004
vn 0.4816 -0.8743 0.06
vn 0.0 -1.0 -0.0
vn 0.0 -1.0 -0.0
vn 0.5285 -0.8489 0.0036
vn -0.0 -1.0 -0.0
vn -0.0 -1.0 -0.0
vn -0.1097 -0.994 -0.001
vn -0.1097 -0.994 0.0
vn -0.1097 -0.994 0.0003
vn -0.1096 -0.994 -0.0
vn -0.0 -1.0 -0.0004
vn 0.0 -1.0 -0.0
vn -0.0 -1.0 0.0
vn 0.0 -1.0 -0.0
vn -0.0 -1.0 -0.0004
vn 0.0 -1.0 0.0
vn 0.0 -1.0 -0.0
vn 0.0 -1.0 -0.0
vn -0.0 -1.0 -0.0004
vn 0.0 -1.0 0.0
vn 0.0 -1.0 -0.0
vn 0.0 -1.0 -0.0
vn -0.1113 -0.9929 0.0427
vn 0.0277 -0.9976 0.0639
vn 0.0378 -0.9943 0.1001
vn -0.0244 -0.9935 0.1115
vn -0.1107 -0.9938 0.0038
vn 0.007 -0.9999 0.0137
vn 0.0103 -0.9994 0.0335
vn -0.0089 -0.9993 0.0364
vn -0.1097 -0.994 -0.0007
vn 0.0 -1.0 -0.0
vn 0.0 -1.0 0.0
vn 0.0 -1.0 -0.0
vn -0.0118 -0.999 0.0427
vn 0.0 -1.0 -0.0
vn -0.0 -1.0 0.0
vn 0.0 -1.0 0.0
vn 0.0 -1.0 -0.0
vn -0.0419 -0.998 0.0471
vn -0.0193 -0.9997 0.0174
vn 0.0 -1.0 -0.0
vn -0.0 -1.0 0.0
vn -0.0 -1.0 -0.0
vn -0.1004 -0.9946 0.0254
vn -0.0638 -0.9956 0.0683
vn -0.0142 -0.9998 0.0135
vn 0.0 -1.0 0.0
vn 0.0 -1.0 -0.0
vn -0.0 -1.0 -0.0004
vn -0.0 -1.0 -0.0004
vn -0.0 -1.0 -0.0004
vn -0.0 -1.0 0.0
vn 0.0 -1.0 0.0
vn 0.0 -1.0 -0.0
vn -0.0 -1.0 -0.0
vn 0.0 -1.0 -0.0
vn 0.0 -1.0 -0.0
vtan 0.0205 0.9998 -0.0001
vtan -0.0542 0.9685 -0.2431
vtan 0.3637 0.589 -0.7217
vtan -0.8521 0.3743 -0.3658
vtan -0.2385 0.9704 -0.0379
vtan 0.0187 0.9977 -0.0656
vtan 0.0147 0.9999 -0.0041
vtan 0.015 0.9999 -0.0025
vtan 0.0141 0.9999 -0.005
vtan 0.0142 0.9999 -0.0035
vtan 0.0155 0.9999 -0.0062
vtan 0.0154 0.9999 -0.0047
vtan 0.0169 0.9959 -0.0887
vtan -0.0613 -0.0033 -0.9981
vtan 0.0152 0.9999 -0.0065
vtan 0.0151 0.9999 -0.0069
vtan 0.017 0.9998 -0.008
vtan 0.0172 0.9958 -0.0904
vtan -0.0478 -0.0056 -0.9988
vtan 0.016 0.9998 -0.0073
vtan 0.0161 0.9998 -0.0066
vtan 0.0182 0.9998 -0.0066
vtan 0.0169 0.9958 -0.0904
vtan -0.0316 -0.006 -0.9995
vtan 0.0161 0.9999 -0.006
vtan 0.0165 0.9999 -0.0051
vtan 0.0182 0.9998 -0.0038
vtan 0.136 0.9135 0.3835
vtan 0.2354 0.6671 0.7068
vtan 0.1266 0.5559 0.8216
vtan 0.0833 0.9233 0.375
vtan 0.0345 0.5332 0.8453
vtan 0.0439 0.9158 0.3993
vtan 0.0218 0.5598 0.8283
vtan 0.0259 0.9214 0.3877
vtan 0.0184 0.5758 0.8174
vtan 0.0202 0.9273 0.3737
vtan 0.0478 0.9971 0.0597
vtan 0.0578 0.9959 0.0696
vtan 0.0404 0.9968 0.0693
vtan 0.0317 0.9969 0.072
vtan 0.0253 0.9973 0.0692
vtan 0.0216 0.9997 -0.0077
vtan 0.022 0.9997 -0.006
vtan 0.0225 0.9997 -0.0091
vtan 0.0234 0.9997 -0.0068
vtan 0.0225 0.9997 -0.0029
vtan 0.0145 0.5965 0.8025
vtan 0.0151 0.596 0.8028
vtan 0.0133 0.1549 0.9878
vtan 0.0133 0.1554 0.9878
vtan 0.0131 0.9365 0.3505
vtan 0.0122 0.9377 0.3471
vtan 0.0146 0.9984 0.0539
vtan 0.0151 0.9983 0.0571
vtan 0.0172 0.9999 -0.0
vtan 0.0174 0.9998 -0.0004
vtan 0.0157 0.9999 -0.0002
vtan 0.0167 0.9999 -0.001
vtan 0.0156 0.5922 0.8056
vtan 0.0132 0.1528 0.9882
vtan 0.0155 0.9346 0.3553
vtan 0.0185 0.998 0.0612
vtan 0.0187 0.9998 0.0004
vtan 0.0165 0.9999 -0.0014
vtan 0.0164 0.5861 0.8101
vtan 0.0135 0.1488 0.9888
vtan 0.0176 0.932 0.3621
vtan 0.0213 0.9977 0.0645
vtan 0.0205 0.9998 0.0006
vtan 0.0174 0.9998 -0.0014
vtan 0.0141 0.1422 0.9897
vtan 0.0134 0.9963 -0.0852
vtan 0.0125 0.9964 -0.0837
vtan 0.0397 -0.0005 -0.9992
vtan 0.0323 -0.0029 -0.9995
vtan 0.0147 0.9961 -0.0872
vtan 0.016 -0.0051 -0.9999
vtan 0.016 0.9959 -0.0891
vtan -0.0099 -0.0062 -0.9999
vtan 0.0142 0.9999 -0.0021
vtan 0.0133 0.9999 -0.0021
vtan 0.0149 0.9999 -0.0032
vtan 0.0156 0.9999 -0.0043
vtan 0.0153 0.9999 -0.0012
vtan 0.0141 0.9999 -0.0015
vtan 0.0153 0.9999 -0.002
vtan 0.016 0.9999 -0.0031
vtan 0.042 0.0015 -0.9991
vtan 0.0387 -0.0005 -0.9993
vtan 0.0118 0.9964 -0.0837
vtan 0.0117 0.9966 -0.0817
vtan 0.0129 0.9999 -0.0021
vtan 0.0137 0.9999 -0.0009
vtan 0.0138 0.9999 -0.0015
vtan 0.0144 0.9999 -0.0026
vtan 0.0156 0.9999 -0.0002
vtan 0.0145 0.9999 -0.0022
vtan 0.031 0.0035 -0.9995
vtan 0.0101 0.9969 -0.0785
vtan 0.0131 0.9999 0.0023
vtan 0.0149 0.9999 -0.0001
vtan 0.0155 0.9999 -0.0018
vtan 0.021 0.0037 -0.9998
vtan 0.0086 0.9969 -0.0788
vtan 0.0117 0.9999 0.0033
vtan 0.0136 0.9999 0.0016
vtan 0.0148 0.9999 0.0006
vtan 0.0153 0.0032 -0.9999
vtan 0.0082 0.9968 -0.0795
vtan 0.0113 0.9999 0.0028
vtan 0.0132 0.9999 0.0023
vtan 0.0143 0.9999 0.002
vtan 0.0147 0.5965 0.8025
vtan 0.0149 0.5957 0.803
vtan 0.0103 0.9381 0.3462
vtan 0.0111 0.9377 0.3472
vtan 0.0145 0.5943 0.8041
vtan 0.008 0.939 0.3438
vtan 0.0143 0.5938 0.8045
vtan 0.0081 0.9397 0.342
vtan 0.0133 0.5967 0.8024
vtan 0.0071 0.9402 0.3405
vtan 0.0107 0.9986 0.0527
vtan 0.0128 0.9985 0.0539
vtan 0.0082 0.9988 0.0482
vtan 0.008 0.9989 0.0463
vtan 0.0063 0.9988 0.0477
vtan 0.0144 0.9999 0.0003
vtan 0.0166 0.9999 -0.0
vtan 0.0143 0.9999 -0.0019
vtan 0.0143 0.9999 -0.0005
vtan 0.0135 0.9999 0.0019
vtan 0.0189 0.6098 0.7924
vtan 0.0127 0.6108 0.7917
vtan 0.0164 0.1635 0.9864
vtan 0.034 0.1566 0.9871
vtan -0.0043 0.9993 0.0364
vtan 0.0007 0.9468 0.3219
vtan -0.0164 0.952 0.3057
vtan -0.0075 0.9999 0.0096
vtan 0.0106 0.9999 0.0013
vtan 0.0107 0.9999 0.0031
vtan 0.0133 0.9999 0.0006
vtan 0.0128 0.9999 0.0011
vtan 0.0127 0.6063 0.7951
vtan 0.0161 0.1617 0.9867
vtan 0.0004 0.9989 0.0467
vtan 0.0045 0.9428 0.3334
vtan 0.011 0.9999 0.0031
vtan 0.0126 0.9999 0.0025
vtan 0.0124 0.6012 0.799
vtan 0.0155 0.1583 0.9873
vtan 0.0042 0.9988 0.0483
vtan 0.006 0.9413 0.3377
vtan 0.0124 0.9999 0.0034
vtan 0.0137 0.9999 0.0031
vtan 0.015 0.1556 0.9877
vtan 0.8702 0.3453 -0.3515
vtan 0.0093 0.998 -0.0632
vtan 0.2686 0.963 -0.0231
vtan 0.0101 0.9967 -0.0809
vtan 0.0212 0.012 -0.9997
vtan 0.0087 0.9968 -0.0797
vtan 0.0123 0.0065 -0.9999
vtan 0.0103 0.9999 0.0003
vtan 0.0107 0.9999 -0.0006
vtan 0.0102 0.9999 0.0022
vtan 0.0109 0.9999 0.003
vtan 0.012 0.9999 0.0008
vtan 0.0125 0.9999 0.0002
vtan 0.0119 0.9999 0.0026
vtan 0.0127 0.9999 0.0032
vtan 0.1069 -0.5869 0.8026
vtan 0.0678 -0.6682 0.7409
vtan 0.0626 -0.317 0.9464
vtan 0.0227 -0.3 0.9537
vtan 0.1244 -0.9864 -0.1072
vtan 0.1151 -0.9897 -0.0856
vtan 0.0917 -0.9706 0.2226
vtan 0.0834 -0.9619 0.2604
vtan 0.1597 -0.9755 -0.1514
vtan 0.1779 -0.9704 -0.1636
vtan 0.2456 -0.96 -0.1343
vtan 0.2528 -0.962 -0.1035
vtan 0.2856 -0.958 -0.0254
vtan 0.3054 -0.9512 -0.0448
vtan 0.0741 -0.6581 0.7492
vtan 0.0699 -0.2058 0.9761
vtan 0.0988 -0.9949 0.0198
vtan 0.0886 -0.9635 0.2527
vtan 0.1343 -0.9901 -0.0408
vtan 0.2621 -0.9527 -0.154
vtan 0.2999 -0.9463 -0.1206
vtan 0.0681 -0.5813 0.8109
vtan 0.0794 -0.1657 0.983
vtan 0.1117 -0.9875 0.1113
vtan 0.0725 -0.9514 0.2994
vtan 0.1797 -0.9819 0.0594
vtan 0.2445 -0.9438 -0.2224
vtan 0.2705 -0.9504 -0.1533
vtan 0.0819 -0.3913 0.9166
vtan 0.0727 -0.0955 0.9928
vtan 0.1517 -0.9861 0.0673
vtan 0.0928 -0.8874 0.4515
vtan 0.2209 -0.975 -0.0237
vtan 0.2023 -0.9609 -0.189
vtan 0.2382 -0.9657 -0.1038
vtan 0.3912 -0.9203 0.0009
vtan 0.3896 -0.921 0.001
vtan 0.4299 -0.9029 0.0008
vtan 0.4324 -0.9017 0.0009
vtan 0.391 -0.9204 0.0017
vtan 0.4338 -0.901 0.0016
vtan 0.3908 -0.9205 0.0025
vtan 0.4351 -0.9004 0.0021
vtan 0.391 -0.9204 0.0033
vtan 0.4362 -0.8998 0.0024
vtan 0.3514 -0.9362 0.001
vtan 0.3507 -0.9365 0.0012
vtan 0.3498 -0.9368 0.0017
vtan 0.3501 -0.9367 0.0026
vtan 0.3529 -0.9357 -0.0055
vtan 0.3169 -0.9485 0.0016
vtan 0.3136 -0.9496 0.0013
vtan 0.318 -0.9481 0.0035
vtan 0.3129 -0.9498 0.0054
vtan 0.3074 -0.9516 -0.002
vtan 0.4372 -0.8994 0.0045
vtan 0.4382 -0.8988 0.0061
vtan 0.3895 -0.921 0.0048
vtan 0.3865 -0.9223 0.005
vtan 0.3432 -0.9393 -0.0053
vtan 0.3335 -0.9428 -0.0033
vtan 0.2862 -0.9582 -0.0016
vtan 0.2899 -0.957 -0.0015
vtan 0.2347 -0.9686 -0.0815
vtan 0.2524 -0.9629 -0.0954
vtan 0.4372 -0.8993 0.0033
vtan 0.3886 -0.9214 0.0048
vtan 0.3367 -0.9414 -0.0215
vtan 0.298 -0.9543 -0.0216
vtan 0.2729 -0.9602 -0.0587
vtan 0.437 -0.8995 0.0027
vtan 0.3915 -0.9202 0.0042
vtan 0.3494 -0.9367 -0.0224
vtan 0.3043 -0.9524 -0.0208
vtan 0.2539 -0.9665 -0.0368
vtan 0.0681 -0.3353 0.9396
vtan 0.0679 -0.8776 0.4745
vtan 0.0715 -0.8443 0.5311
vtan 0.0701 -0.2969 0.9523
vtan 0.0809 -0.3666 0.9268
vtan 0.068 -0.8952 0.4405
vtan 0.1043 -0.3659 0.9248
vtan 0.0819 -0.9026 0.4226
vtan 0.1356 -0.9874 0.0821
vtan 0.1235 -0.9867 0.1058
vtan 0.172 -0.9849 -0.0183
vtan 0.1718 -0.9829 -0.0663
vtan 0.0886 -0.9945 0.0553
vtan 0.1471 -0.987 -0.0649
vtan 0.1239 -0.9922 -0.0138
vtan 0.1891 -0.9757 -0.111
vtan 0.2102 -0.9604 -0.1829
vtan 0.1907 -0.9687 -0.1587
vtan 0.2284 -0.9633 -0.1413
vtan 0.1982 -0.9719 -0.1267
vtan 0.0302 0.0365 0.9989
vtan 0.0211 -0.0415 0.9989
vtan -0.0377 0.0274 0.9989
vtan 0.0127 0.1347 0.9908
vtan 0.0723 0.0431 0.9965
vtan 0.0758 -0.0571 0.9955
vtan 0.0689 -0.0356 0.997
vtan 0.0518 0.0448 0.9977
vtan 0.0278 -0.0252 0.9993
vtan 0.0505 -0.0972 0.994
vtan 0.0282 -0.4072 0.9129
vtan 0.0684 -0.9108 0.4071
vtan 0.1144 -0.8958 0.4295
vtan 0.0004 -0.3675 0.93
vtan 0.049 -0.4456 0.8939
vtan 0.0261 -0.9002 0.4346
vtan 0.0734 -0.4588 0.8855
vtan 0.0883 -0.9148 0.3941
vtan 0.0795 -0.5473 0.8332
vtan 0.134 -0.9216 0.3644
vtan 0.1239 -0.9681 -0.2179
vtan 0.1262 -0.953 -0.2753
vtan 0.1383 -0.9711 -0.1943
vtan 0.1241 -0.9767 -0.1752
vtan 0.1465 -0.9557 -0.2553
vtan 0.0971 -0.9927 -0.0722
vtan 0.1546 -0.9542 -0.2561
vtan 0.1389 -0.9888 -0.0539
vtan 0.1787 -0.9569 -0.2289
vtan 0.1855 -0.9826 -0.0127
vtan 0.1753 -0.9841 0.0273
vtan 0.1481 -0.9888 -0.0189
vtan 0.1723 -0.9808 -0.0911
vtan 0.1894 -0.9739 -0.1248
vtan 0.2032 -0.9728 -0.111
vtan 0.0738 -0.0205 0.9971
vtan 0.0906 -0.0093 0.9958
vtan 0.0675 -0.297 0.9525
vtan 0.0558 -0.2761 0.9595
vtan 0.0648 -0.8447 0.5313
vtan 0.1245 -0.9888 0.0822
vtan 0.0964 -0.9869 0.1292
vtan 0.0552 -0.8132 0.5793
vtan 0.1787 -0.9757 -0.1267
vtan 0.1568 -0.9867 -0.0438
vtan 0.1712 -0.983 -0.0663
vtan 0.1803 -0.9707 -0.1589
vtan 0.222 -0.9716 -0.0823
vtan 0.2189 -0.9744 -0.0516
vtan 0.082 -0.0378 0.9959
vtan 0.057 -0.2199 0.9739
vtan 0.1017 -0.9751 0.1969
vtan 0.0529 -0.7328 0.6784
vtan 0.1748 -0.9787 -0.1075
vtan 0.1559 -0.9877 -0.0149
vtan 0.2328 -0.9717 -0.0393
vtan 0.0565 -0.0624 0.9965
vtan 0.0477 -0.1612 0.9858
vtan 0.0965 -0.9536 0.285
vtan 0.0538 -0.6482 0.7596
vtan 0.1976 -0.9686 -0.1506
vtan 0.1609 -0.9869 0.0083
vtan 0.2348 -0.9694 -0.0719
vtan 0.3863 -0.9224 0.003
vtan 0.3875 -0.9219 0.0047
vtan 0.4351 -0.9004 0.006
vtan 0.4349 -0.9004 0.0067
vtan 0.376 -0.9266 -0.0006
vtan 0.4317 -0.902 0.0056
vtan 0.3667 -0.9304 -0.0019
vtan 0.4261 -0.9047 0.0033
vtan 0.3588 -0.9334 -0.0004
vtan 0.4182 -0.9083 0.0016
vtan 0.354 -0.9341 -0.0467
vtan 0.3491 -0.9371 -0.005
vtan 0.3294 -0.9401 -0.0875
vtan 0.2938 -0.9531 -0.0729
vtan 0.2863 -0.9579 -0.0222
vtan 0.3036 -0.9519 -0.041
vtan 0.2885 -0.9575 -0.0015
vtan 0.296 -0.9507 -0.0928
vtan 0.2574 -0.963 -0.0803
vtan 0.2333 -0.9721 -0.0249
vtan 0.3282 -0.9444 0.0208
vtan 0.3305 -0.9437 0.0123
vtan 0.3904 -0.9206 0.0133
vtan 0.3912 -0.92 0.0236
vtan 0.2664 -0.9637 0.0182
vtan 0.2715 -0.9624 0.0109
vtan 0.2144 -0.9767 0.0113
vtan 0.2228 -0.9748 0.0105
vtan 0.3411 -0.94 0.0056
vtan 0.401 -0.9161 0.0031
vtan 0.2835 -0.959 0.0071
vtan 0.2282 -0.9736 0.0099
vtan 0.3497 -0.9369 0.0038
vtan 0.4102 -0.912 0.001
vtan 0.2888 -0.9574 0.0049
vtan 0.2361 -0.9717 0.0064
vtan 0.8114 -0.5844 0.0125
vtan 0.8092 -0.5875 0.011
vtan 0.8542 -0.5197 0.0123
vtan 0.8565 -0.516 0.0125
vtan 0.8929 -0.4501 0.0116
vtan 0.8953 -0.4454 0.0102
vtan 0.9254 -0.3788 0.0094
vtan 0.9276 -0.3736 0.007
vtan 0.9518 -0.3065 0.0071
vtan 0.9536 -0.3012 0.0049
vtan 0.8114 -0.5841 0.019
vtan 0.8572 -0.5147 0.0157
vtan 0.8966 -0.4427 0.0093
vtan 0.9291 -0.3698 0.0025
vtan 0.9548 -0.2972 -0.0012
vtan 0.8125 -0.5824 0.0236
vtan 0.8591 -0.5115 0.0144
vtan 0.8987 -0.4386 0.002
vtan 0.9308 -0.3655 -0.0079
vtan 0.9558 -0.2938 -0.0111
vtan 0.8151 -0.5788 0.0221
vtan 0.8619 -0.5071 0.0048
vtan 0.9006 -0.4344 -0.0127
vtan 0.9316 -0.3627 -0.0227
vtan 0.9561 -0.2922 -0.0214
vtan 0.997 -0.0767 0.0068
vtan 0.9969 -0.0779 0.0063
vtan 0.9999 0.0055 0.0084
vtan 0.9994 -0.0338 0.0013
vtan 0.997 -0.077 0.0087
vtan 0.9994 -0.0351 0.0055
vtan 0.9967 -0.0798 0.0169
vtan 0.9992 -0.0395 0.0014
vtan 0.9955 -0.0859 0.0399
vtan 0.999 -0.0446 0.0036
vtan 0.9879 -0.1553 0.0056
vtan 0.9874 -0.1582 0.0057
vtan 0.988 -0.1541 0.0055
vtan 0.9878 -0.1554 0.0099
vtan 0.9873 -0.1574 0.0231
vtan 0.9735 -0.2285 0.0041
vtan 0.9724 -0.2332 0.0058
vtan 0.9742 -0.2255 0.0
vtan 0.9746 -0.2239 -0.0045
vtan 0.9747 -0.2235 -0.0064
vtan 0.9902 -0.0292 0.1367
vtan 0.9868 0.0134 0.1615
vtan 0.9896 -0.0456 0.1362
vtan 0.9869 -0.0674 0.1469
vtan 0.9876 -0.1327 0.0835
vtan 0.987 -0.1419 0.0755
vtan 0.9767 -0.2128 0.0263
vtan 0.976 -0.2173 0.0152
vtan 0.9572 -0.2892 -0.0082
vtan 0.9559 -0.2932 -0.0175
vtan 0.9896 -0.0807 0.1192
vtan 0.9958 -0.0512 0.0762
vtan 0.9865 -0.1511 0.063
vtan 0.9752 -0.2211 0.005
vtan 0.9556 -0.2936 -0.0261
vtan 0.993 -0.0884 0.0779
vtan 0.9984 -0.0495 0.0275
vtan 0.9867 -0.1566 0.043
vtan 0.9748 -0.223 -0.0033
vtan 0.9558 -0.2927 -0.0276
vtan 0.8603 -0.5067 -0.0563
vtan 0.8582 -0.5102 -0.0573
vtan 0.8178 -0.5725 -0.0586
vtan 0.82 -0.5709 -0.0406
vtan 0.8637 -0.5025 -0.0384
vtan 0.8212 -0.5705 -0.0133
vtan 0.864 -0.5033 -0.0144
vtan 0.8187 -0.5741 0.0099
vtan 0.8965 -0.4399 -0.0521
vtan 0.896 -0.4422 -0.04
vtan 0.8993 -0.4346 -0.0485
vtan 0.901 -0.4326 -0.0323
vtan 0.9289 -0.3686 -0.0362
vtan 0.9298 -0.3676 -0.0209
vtan 0.9299 -0.3655 -0.0421
vtan 0.9312 -0.3627 -0.0364
vtan 0.0083 0.9989 0.0462
vtan -0.0441 0.9897 -0.1358
vtan -0.357 0.9159 0.1836
vtan 0.2648 0.9635 -0.038
vtan 0.8592 0.3476 -0.3754
vtan 0.0073 0.9981 -0.0616
vtan 0.0153 0.0006 -0.9999
vtan 0.0095 0.9966 -0.0819
vtan 0.0063 0.0008 -1.0
vtan 0.0101 0.9966 -0.0821
vtan -0.0035 0.0008 -1.0
vtan 0.0106 0.9966 -0.0821
vtan 0.0087 1.0 0.0008
vtan 0.0088 1.0 0.0007
vtan 0.0089 1.0 0.0005
vtan 0.0089 1.0 0.0003
vtan 0.0088 1.0 0.0003
vtan 0.0079 1.0 0.0007
vtan 0.0078 1.0 0.0009
vtan 0.0078 1.0 0.0003
vtan 0.0077 1.0 0.0002
vtan 0.0076 1.0 0.0002
vtan 0.0066 1.0 0.0006
vtan 0.0066 1.0 0.0008
vtan 0.0065 1.0 0.0003
vtan 0.0064 1.0 0.0002
vtan 0.0062 1.0 0.0002
vtan 0.0107 0.9969 -0.0781
vtan 0.0025 0.0058 -1.0
vtan 0.0044 0.0353 -0.9994
vtan 0.011 0.9965 -0.0826
vtan 0.0084 1.0 0.003
vtan 0.0102 0.9999 0.0019
vtan 0.0072 1.0 0.0019
vtan 0.0081 1.0 0.0014
vtan 0.0061 1.0 0.0014
vtan 0.0068 1.0 0.0014
vtan 0.011 0.9967 -0.0806
vtan -0.0098 0.0008 -1.0
vtan 0.0084 1.0 0.0009
vtan 0.0072 1.0 0.0006
vtan 0.006 1.0 0.0005
vtan 0.0109 0.9966 -0.0819
vtan -0.0079 0.0004 -1.0
vtan 0.0088 1.0 0.0004
vtan 0.0075 1.0 0.0003
vtan 0.0062 1.0 0.0003
vtan -0.0038 0.1701 0.9854
vtan -0.007 0.6324 0.7746
vtan -0.0065 0.6198 0.7847
vtan -0.0037 0.1625 0.9867
vtan -0.0038 0.1785 0.9839
vtan -0.0075 0.6462 0.7631
vtan -0.0038 0.1866 0.9824
vtan -0.0078 0.6592 0.7519
vtan -0.0042 0.1947 0.9809
vtan -0.0083 0.6718 0.7407
vtan 0.0051 0.9991 0.041
vtan -0.0005 0.9495 0.3137
vtan -0.0012 0.9527 0.3038
vtan 0.0041 0.9992 0.0395
vtan -0.0023 0.9561 0.2932
vtan 0.0031 0.9993 0.0371
vtan -0.0033 0.9594 0.2819
vtan 0.0022 0.9994 0.0348
vtan -0.0042 0.9625 0.2711
vtan 0.0016 0.9995 0.0323
vtan 0.0057 1.0 0.0012
vtan 0.0051 1.0 0.0015
vtan 0.0048 1.0 0.0007
vtan 0.0046 1.0 0.0006
vtan 0.0045 1.0 0.0005
vtan -0.0452 0.2451 0.9684
vtan -0.0361 0.0961 0.9947
vtan 0.0189 0.5326 0.8462
vtan -0.0116 0.6791 0.734
vtan -0.0008 0.9996 0.0281
vtan 0.0001 0.9996 0.0267
vtan -0.0019 0.963 0.2697
vtan -0.0018 0.9489 0.3156
vtan 0.0049 1.0 0.001
vtan 0.0047 1.0 0.0008
vtan -0.0089 0.6934 0.7205
vtan -0.0195 0.2064 0.9783
vtan 0.0006 0.9996 0.028
vtan -0.0051 0.9675 0.2529
vtan 0.0046 1.0 0.0006
vtan -0.0087 0.6836 0.7298
vtan -0.0049 0.2024 0.9793
vtan 0.0011 0.9995 0.03
vtan -0.0047 0.9653 0.261
vtan 0.0045 1.0 0.0005
vtan 0.0108 0.9956 -0.0932
vtan 0.0126 0.9965 -0.0826
vtan -0.0021 0.0354 -0.9994
vtan -0.0231 -0.0619 -0.9978
vtan -0.0195 -0.012 -0.9997
vtan 0.0076 0.9961 -0.0878
vtan 0.0212 0.0359 -0.9991
vtan 0.0074 0.997 -0.0776
vtan 0.0078 0.9969 -0.0781
vtan 0.0157 -0.0025 -0.9999
vtan 0.0101 0.9999 -0.0033
vtan 0.0108 0.9999 0.0019
vtan 0.0058 1.0 -0.0032
vtan 0.0066 1.0 0.0019
vtan 0.0085 1.0 0.0027
vtan 0.0088 1.0 0.0014
vtan 0.0086 1.0 -0.0016
vtan 0.0065 1.0 -0.0017
vtan 0.0065 1.0 0.0011
vtan 0.0077 1.0 0.0017
vtan 0.0073 1.0 0.0014
vtan 0.0072 1.0 -0.0011
vtan 0.006 1.0 -0.0012
vtan 0.0059 1.0 0.0007
vtan 0.0067 1.0 0.0014
vtan -0.2531 0.9671 -0.026
vtan 0.0062 0.998 -0.0629
vtan -0.8636 0.3565 -0.3565
vtan 0.0054 0.9999 -0.0115
vtan 0.0073 0.9998 0.0191
vtan -0.8461 0.5311 0.0455
vtan 0.0079 1.0 0.0
vtan 0.0076 1.0 0.0002
vtan 0.0074 1.0 -0.0004
vtan 0.0071 1.0 0.0003
vtan 0.0067 1.0 -0.0004
vtan 0.0064 1.0 0.0004
vtan 0.0056 0.9966 -0.0819
vtan -0.0015 0.0106 -0.9999
vtan 0.0083 1.0 0.0008
vtan 0.008 1.0 0.0005
vtan 0.0074 1.0 0.0005
vtan 0.007 0.9967 -0.081
vtan 0.0085 0.0024 -1.0
vtan 0.0082 1.0 0.0014
vtan 0.0078 1.0 0.0012
vtan 0.007 1.0 0.0011
vtan -0.0022 0.1427 0.9898
vtan 0.0031 0.5892 0.808
vtan -0.0024 0.5862 0.8102
vtan -0.0229 0.1297 0.9913
vtan 0.0025 0.5929 0.8053
vtan -0.0024 0.1469 0.9891
vtan 0.0017 0.5961 0.8029
vtan -0.0028 0.1487 0.9889
vtan 0.0001 0.5998 0.8001
vtan -0.0034 0.1506 0.9886
vtan 0.0127 0.9992 0.0378
vtan 0.0161 0.9998 0.0131
vtan 0.0281 0.9462 0.3225
vtan 0.0081 0.9437 0.3307
vtan 0.0085 0.9989 0.0468
vtan 0.0044 0.942 0.3356
vtan 0.0039 0.9429 0.333
vtan 0.0064 0.9989 0.0466
vtan 0.003 0.9439 0.3303
vtan 0.0064 0.9989 0.0458
vtan 0.0076 1.0 -0.0008
vtan 0.007 1.0 0.0012
vtan 0.0074 1.0 0.0004
vtan 0.0065 1.0 0.0016
vtan 0.0062 1.0 0.0016
vtan -0.0037 0.1625 0.9867
vtan -0.006 0.6198 0.7847
vtan -0.0047 0.6092 0.793
vtan -0.0036 0.1559 0.9878
vtan 0.0061 0.9991 0.0414
vtan 0.001 0.947 0.3213
vtan 0.0001 0.9495 0.3137
vtan 0.0057 0.9991 0.041
vtan 0.0064 1.0 -0.0005
vtan 0.0062 1.0 0.0012
vtan -0.0032 0.6034 0.7974
vtan -0.0036 0.1526 0.9883
vtan 0.0061 0.9991 0.0422
vtan 0.0019 0.9455 0.3258
vtan 0.0056 1.0 -0.0008
vtan -0.0016 0.6008 0.7994
vtan -0.0038 0.1504 0.9886
vtan 0.0062 0.999 0.044
vtan 0.0025 0.9444 0.3287
vtan 0.0056 1.0 0.0013
vtan -0.1223 -0.469 0.8747
vtan -0.1435 -0.5214 0.8411
vtan -0.0927 -0.2389 0.9666
vtan -0.1172 -0.1457 0.9824
vtan -0.1279 -0.1153 0.9851
vtan -0.1221 -0.4803 0.8686
vtan -0.111 -0.1007 0.9887
vtan -0.1055 -0.4805 0.8706
vtan -0.1033 -0.0844 0.9911
vtan -0.1005 -0.4655 0.8793
vtan -0.1666 -0.98 -0.1084
vtan -0.1121 -0.9733 -0.2001
vtan -0.1106 -0.9923 0.0551
vtan -0.1343 -0.9365 0.324
vtan -0.1263 -0.9302 0.3446
vtan -0.1665 -0.9843 -0.058
vtan -0.1241 -0.9238 0.3622
vtan -0.1791 -0.9817 -0.0644
vtan -0.1472 -0.9421 0.3012
vtan -0.157 -0.9865 -0.0469
vtan -0.2716 -0.9584 -0.088
vtan -0.222 -0.975 0.0134
vtan -0.2271 -0.9739 -0.0041
vtan -0.2663 -0.956 -0.1228
vtan -0.2311 -0.9727 -0.0232
vtan -0.2624 -0.9581 -0.1144
vtan -0.22 -0.9745 -0.0431
vtan -0.2576 -0.9604 -0.1063
vtan -0.1943 -0.9809 -0.0022
vtan -0.261 -0.9586 -0.114
vtan -0.3032 -0.933 -0.1938
vtan -0.3022 -0.9459 -0.1183
vtan -0.2991 -0.9479 -0.1096
vtan -0.3004 -0.9483 -0.1027
vtan -0.2987 -0.948 -0.1098
vtan -0.1112 0.0054 0.9938
vtan -0.0834 -0.2279 0.9701
vtan -0.1214 -0.2716 0.9547
vtan -0.1232 0.0026 0.9924
vtan -0.216 -0.9533 0.2113
vtan -0.0562 -0.9973 0.0475
vtan -0.0912 -0.8532 0.5135
vtan -0.0626 -0.8178 0.572
vtan -0.2591 -0.9621 -0.0853
vtan -0.1947 -0.9802 0.0366
vtan -0.3303 -0.9358 0.1231
vtan -0.2174 -0.9627 -0.1608
vtan -0.2768 -0.9564 -0.0929
vtan -0.1874 -0.9716 -0.1442
vtan -0.0923 -0.2837 0.9545
vtan -0.0833 -0.0128 0.9964
vtan -0.1625 -0.9843 -0.0691
vtan -0.1247 -0.885 0.4486
vtan -0.234 -0.9696 -0.0711
vtan -0.2268 -0.9734 -0.0327
vtan -0.2826 -0.9566 -0.0717
vtan -0.0894 -0.419 0.9036
vtan -0.0939 -0.0569 0.994
vtan -0.1663 -0.9857 -0.0282
vtan -0.1127 -0.9191 0.3776
vtan -0.253 -0.9613 -0.109
vtan -0.2319 -0.9727 0.0118
vtan -0.2849 -0.9534 -0.0992
vtan -0.4085 -0.9124 -0.0269
vtan -0.4486 -0.8922 -0.052
vtan -0.4475 -0.8942 -0.0117
vtan -0.402 -0.9156 0.0054
vtan -0.4365 -0.8996 0.0141
vtan -0.3983 -0.9171 0.0171
vtan -0.4333 -0.901 0.019
vtan -0.3973 -0.9175 0.0186
vtan -0.432 -0.9017 0.0173
vtan -0.3975 -0.9175 0.0163
vtan -0.3639 -0.9314 -0.0076
vtan -0.3595 -0.933 0.0164
vtan -0.3583 -0.9333 0.0214
vtan -0.3594 -0.933 0.0194
vtan -0.3613 -0.9323 0.0147
vtan -0.3263 -0.9452 0.0069
vtan -0.3247 -0.9455 0.0233
vtan -0.3192 -0.9474 0.0241
vtan -0.3268 -0.9449 0.02
vtan -0.3301 -0.9438 0.0142
vtan -0.3981 -0.9173 0.0065
vtan -0.4293 -0.9031 0.0079
vtan -0.4275 -0.904 0.0072
vtan -0.3968 -0.9179 0.0059
vtan -0.3655 -0.9308 0.0048
vtan -0.3648 -0.9311 0.0044
vtan -0.338 -0.9411 0.0049
vtan -0.3346 -0.9423 0.0052
vtan -0.398 -0.9173 0.009
vtan -0.4302 -0.9027 0.0105
vtan -0.3643 -0.9313 0.0071
vtan -0.3348 -0.9423 0.0068
vtan -0.3978 -0.9174 0.0124
vtan -0.4311 -0.9022 0.0139
vtan -0.3629 -0.9318 0.0104
vtan -0.3325 -0.9431 0.0097
vtan -0.0482 0.0527 0.9974
vtan -0.0522 -0.0334 0.9981
vtan -0.0778 -0.0092 0.9969
vtan -0.071 0.0589 0.9957
vtan -0.0789 -0.7538 0.6524
vtan -0.0428 -0.7889 0.6131
vtan -0.062 -0.2933 0.954
vtan -0.0356 -0.2824 0.9586
vtan -0.0951 -0.9951 -0.0255
vtan 0.0165 -0.9964 0.0827
vtan -0.0732 -0.9898 0.1221
vtan -0.1254 -0.9909 -0.0481
vtan -0.3308 -0.9414 -0.0655
vtan -0.2467 -0.9602 -0.1309
vtan -0.0673 -0.0129 0.9976
vtan -0.0653 0.0509 0.9966
vtan -0.0623 -0.8423 0.5355
vtan -0.0622 -0.3187 0.9458
vtan 0.0487 -0.9987 -0.015
vtan -0.0578 -0.9983 -0.004
vtan -0.3186 -0.9463 0.0543
vtan -0.0407 -0.1052 0.9936
vtan -0.0501 0.0282 0.9983
vtan -0.1114 -0.8487 0.517
vtan -0.0578 -0.3945 0.9171
vtan -0.0838 -0.9961 -0.0282
vtan -0.1049 -0.9944 -0.0107
vtan -0.2116 -0.9764 0.0439
vtan -0.0998 -0.2053 0.9736
vtan -0.1113 0.0174 0.9936
vtan -0.0958 -0.8329 0.5451
vtan -0.0715 -0.4858 0.8711
vtan -0.1386 -0.9864 -0.088
vtan -0.13 -0.988 0.0831
vtan -0.2015 -0.9739 -0.104
vtan -0.3061 -0.9515 -0.0322
vtan -0.2994 -0.9533 -0.0404
vtan -0.3425 -0.939 0.0303
vtan -0.3431 -0.939 0.0215
vtan -0.3213 -0.947 -0.0059
vtan -0.3547 -0.935 -0.0004
vtan -0.3947 -0.9188 0.0063
vtan -0.3555 -0.9342 0.0293
vtan -0.418 -0.9063 0.0628
vtan -0.365 -0.9289 0.0621
vtan -0.2439 -0.9673 -0.0699
vtan -0.2515 -0.9667 -0.0477
vtan -0.2639 -0.959 -0.1033
vtan -0.3263 -0.943 -0.0658
vtan -0.3264 -0.9451 0.0163
vtan -0.2719 -0.9553 -0.1163
vtan -0.2615 -0.9649 -0.0221
vtan -0.3389 -0.9254 -0.1696
vtan -0.3289 -0.9359 -0.1259
vtan -0.2799 -0.9552 -0.0961
vtan -0.3752 -0.9258 -0.0464
vtan -0.4056 -0.913 -0.0448
vtan -0.4312 -0.9009 -0.05
vtan -0.404 -0.9144 -0.0266
vtan -0.3502 -0.9359 -0.0371
vtan -0.3613 -0.9324 -0.0076
vtan -0.3168 -0.9482 -0.0235
vtan -0.3212 -0.947 0.0069
vtan -0.1541 -0.9785 -0.137
vtan -0.1883 -0.9715 -0.1442
vtan -0.3848 -0.9229 0.0139
vtan -0.3442 -0.9388 -0.0117
vtan -0.3189 -0.9474 -0.0268
vtan -0.3068 -0.95 -0.0584
vtan -0.2194 -0.9673 -0.1272
vtan -0.3789 -0.9225 0.0731
vtan -0.3399 -0.9395 0.0429
vtan -0.3036 -0.9527 0.0157
vtan -0.2832 -0.9555 -0.0825
vtan -0.2432 -0.9574 -0.1555
vtan -0.0721 -0.2286 0.9709
vtan -0.0776 -0.1571 0.9845
vtan -0.1032 -0.7199 0.6864
vtan -0.0757 -0.8166 0.5723
vtan -0.1053 -0.1332 0.9855
vtan -0.1046 -0.616 0.7808
vtan -0.1622 -0.1655 0.9728
vtan -0.1101 -0.5171 0.8488
vtan -0.3785 -0.9169 0.1265
vtan -0.2528 -0.9436 0.2138
vtan -0.3127 -0.913 0.262
vtan -0.3307 -0.9431 0.0357
vtan -0.1754 -0.915 0.3633
vtan -0.1846 -0.9825 0.0267
vtan -0.0885 -0.8644 0.4949
vtan -0.1212 -0.9902 0.0697
vtan -0.1285 -0.9767 -0.1721
vtan -0.1325 -0.9774 -0.1647
vtan -0.1937 -0.9657 -0.1729
vtan -0.1783 -0.973 -0.1467
vtan -0.8378 -0.546 0.0023
vtan -0.788 -0.6154 -0.016
vtan -0.7906 -0.6123 -0.0116
vtan -0.8365 -0.5478 0.0169
vtan -0.7823 -0.6229 0.001
vtan -0.8308 -0.5542 0.051
vtan -0.7704 -0.6357 0.0475
vtan -0.8307 -0.5499 0.0873
vtan -0.7673 -0.6317 0.1105
vtan -0.8411 -0.5326 0.0945
vtan -0.8806 -0.4734 0.0201
vtan -0.8803 -0.4736 0.0269
vtan -0.88 -0.4725 0.0483
vtan -0.886 -0.4606 0.0528
vtan -0.8959 -0.4438 0.0202
vtan -0.9171 -0.3982 0.0203
vtan -0.9191 -0.3937 0.0178
vtan -0.9222 -0.3864 0.0175
vtan -0.9279 -0.3727 -0.007
vtan -0.9301 -0.3626 -0.0586
vtan -0.9473 -0.3203 0.0089
vtan -0.95 -0.3123 0.0014
vtan -0.9531 -0.3023 -0.0152
vtan -0.9547 -0.2932 -0.0518
vtan -0.9505 -0.296 -0.0942
vtan -0.8525 -0.5113 -0.1089
vtan -0.8244 -0.5658 -0.0138
vtan -0.8102 -0.5744 -0.1172
vtan -0.838 -0.5265 -0.1434
vtan -0.8726 -0.4642 -0.1522
vtan -0.8624 -0.4905 -0.1251
vtan -0.8994 -0.4354 -0.0384
vtan -0.9029 -0.4129 -0.1195
vtan -0.9172 -0.3845 0.1046
vtan -0.9325 -0.3611 -0.0074
vtan -0.8646 -0.5014 -0.0319
vtan -0.8109 -0.5771 0.0973
vtan -0.8908 -0.4391 -0.1166
vtan -0.9113 -0.3858 -0.1441
vtan -0.9374 -0.3387 -0.0814
vtan -0.8581 -0.511 0.0502
vtan -0.7808 -0.6081 0.1432
vtan -0.9 -0.4335 -0.0464
vtan -0.9231 -0.3666 -0.1161
vtan -0.9432 -0.3129 -0.1113
vtan -0.9965 -0.0313 -0.0779
vtan -0.9868 -0.0032 -0.1622
vtan -0.9905 -0.0086 -0.137
vtan -0.9981 -0.0549 0.0268
vtan -0.9967 -0.0172 -0.0794
vtan -0.9944 -0.0781 0.0718
vtan -0.999 -0.0314 -0.0324
vtan -0.993 -0.0941 0.0708
vtan -0.9988 -0.0477 -0.0074
vtan -0.9941 -0.0992 0.0434
vtan -0.9802 -0.1521 0.1268
vtan -0.9682 -0.1788 0.1751
vtan -0.9717 -0.1892 0.1416
vtan -0.9784 -0.1898 0.0816
vtan -0.983 -0.1818 0.0242
vtan -0.9503 -0.2785 0.1395
vtan -0.9379 -0.283 0.2005
vtan -0.96 -0.2753 0.0514
vtan -0.965 -0.2617 -0.019
vtan -0.969 -0.2413 -0.0536
vtan -0.9964 -0.0849 -0.008
vtan -0.9989 -0.0457 -0.0133
vtan -1.0 -0.0055 -0.007
vtan -0.9962 -0.0863 -0.0077
vtan -0.9871 -0.1597 -0.0103
vtan -0.9863 -0.1648 -0.0077
vtan -0.9722 -0.234 -0.0092
vtan -0.9702 -0.2423 -0.0028
vtan -0.996 -0.0887 -0.0044
vtan -0.9987 -0.0508 -0.0056
vtan -0.987 -0.1601 -0.0158
vtan -0.9734 -0.2273 -0.0272
vtan -0.9953 -0.0957 0.013
vtan -0.9985 -0.0544 -0.0024
vtan -0.9857 -0.1682 -0.009
vtan -0.9723 -0.2283 -0.0496
vtan -0.4886 -0.8715 -0.0414
vtan -0.4724 -0.8791 -0.0634
vtan -0.5108 -0.8574 -0.0634
vtan -0.4845 -0.8738 -0.0417
vtan -0.5148 -0.8572 0.0129
vtan -0.5271 -0.8483 -0.0512
vtan -0.5351 -0.8398 0.0917
vtan -0.5577 -0.83 -0.0005
vtan -0.4821 -0.8761 0.0035
vtan -0.5302 -0.8474 -0.0289
vtan -0.5555 -0.8294 -0.0598
vtan -0.5776 -0.8144 -0.0557
vtan -0.4701 -0.8824 0.019
vtan -0.517 -0.856 0.0099
vtan -0.5676 -0.8231 -0.0191
vtan -0.6017 -0.7968 -0.0557
vtan -0.4668 -0.8842 0.0188
vtan -0.5061 -0.8623 0.0195
vtan -0.5529 -0.8332 0.0131
vtan -0.6063 -0.7951 -0.0135
vtan -0.7604 -0.6369 0.127
vtan -0.7877 -0.6157 -0.019
vtan -0.7112 -0.6821 0.1701
vtan -0.6972 -0.7072 0.1172
vtan -0.7093 -0.7042 0.0331
vtan -0.6432 -0.7478 0.1646
vtan -0.6884 -0.7135 0.1302
vtan -0.6389 -0.763 0.0978
vtan -0.6526 -0.7577 0.0062
vtan -0.671 -0.7398 -0.0504
vtan -0.5941 -0.7994 0.0902
vtan -0.6002 -0.7836 0.1604
vtan -0.6026 -0.798 -0.0052
vtan -0.6223 -0.7807 -0.0566
vtan -0.6463 -0.7613 -0.0522
vtan -0.7419 -0.6704 -0.0146
vtan -0.7346 -0.6785 0.0004
vtan -0.6859 -0.7277 0.0044
vtan -0.6811 -0.7321 0.0104
vtan -0.6324 -0.7745 0.0129
vtan -0.6297 -0.7767 0.0132
vtan -0.5841 -0.8115 0.0135
vtan -0.5817 -0.8133 0.0127
vtan -0.7411 -0.6703 -0.0382
vtan -0.6939 -0.7199 -0.0142
vtan -0.6367 -0.7711 0.01
vtan -0.5859 -0.8102 0.0163
vtan -0.7255 -0.6876 -0.0297
vtan -0.693 -0.7193 -0.0488
vtan -0.6483 -0.7613 -0.0122
vtan -0.5924 -0.8055 0.0131
vtan -0.4617 -0.887 0.009
vtan -0.4594 -0.8882 0.0081
vtan -0.4633 -0.8861 0.0118
vtan -0.465 -0.8852 0.0153
vtan -0.4988 -0.8667 0.0105
vtan -0.4965 -0.868 0.0095
vtan -0.5008 -0.8655 0.0135
vtan -0.5028 -0.8642 0.0171
vtan -0.5397 -0.8418 0.0122
vtan -0.5371 -0.8434 0.0112
vtan -0.5414 -0.8406 0.0154
vtan -0.5441 -0.8388 0.0186
vtan -0.7187 -0.6947 -0.0311
vtan -0.7149 -0.6992 -0.005
vtan -0.7392 -0.6705 0.0628
vtan -0.7099 -0.7043 0.0013
vtan -0.7452 -0.6386 0.192
vtan -0.7037 -0.7054 0.0848
vtan -0.7228 -0.606 0.3321
vtan -0.7015 -0.6791 0.2162
vtan -0.6874 -0.5596 0.4629
vtan -0.7115 -0.6043 0.3587
vtan -0.8073 -0.5897 -0.0228
vtan -0.7907 -0.6054 -0.0916
vtan -0.7767 -0.6249 -0.0787
vtan -0.7687 -0.6396 0.0056
vtan -0.7811 -0.606 0.1506
vtan -0.856 -0.5153 0.0411
vtan -0.8012 -0.582 0.1394
vtan -0.8805 -0.4617 -0.107
vtan -0.8407 -0.5224 -0.1425
vtan -0.8385 -0.5428 -0.0484
vtan -0.7313 -0.6686 0.1348
vtan -0.8088 -0.56 0.1794
vtan -0.896 -0.4287 0.1161
vtan -0.9295 -0.361 -0.0758
vtan -0.8995 -0.3991 -0.1775
vtan -0.9746 -0.1892 0.1197
vtan -0.9677 -0.2306 0.1016
vtan -0.9868 -0.1582 -0.0358
vtan -0.9885 -0.1183 -0.094
vtan -0.9655 -0.1743 0.1935
vtan -0.9959 -0.082 -0.0383
vtan -0.9546 -0.1808 0.2366
vtan -0.9973 -0.0717 0.015
vtan -0.9573 -0.2062 0.2029
vtan -0.9943 -0.088 0.0607
vtan -0.8811 -0.3204 0.3479
vtan -0.8772 -0.3529 0.3255
vtan -0.873 -0.3273 0.3616
vtan -0.8929 -0.3563 0.2752
vtan -0.9242 -0.3715 0.0887
vtan -0.7658 -0.4726 0.4362
vtan -0.7364 -0.4786 0.4782
vtan -0.811 -0.4912 0.3179
vtan -0.8572 -0.503 0.1106
vtan -0.8987 -0.4313 -0.0796
vtan -0.9916 -0.0901 -0.0926
vtan -0.9868 -0.0032 -0.1622
vtan -0.9953 -0.0593 -0.0772
vtan -0.9816 -0.1157 -0.1521
vtan -0.9953 -0.0835 -0.0491
vtan -0.9853 -0.1103 0.1307
vtan -0.9626 -0.208 0.1738
vtan -0.9379 -0.2831 0.2005
vtan -0.923 -0.3698 0.1061
vtan -0.9047 -0.3765 0.1995
vtan -0.985 -0.1724 0.0052
vtan -0.9752 -0.2073 -0.0775
vtan -0.9655 -0.1897 -0.1785
vtan -0.9869 -0.157 -0.0373
vtan -0.9389 -0.2897 0.1856
vtan -0.988 -0.1371 0.071
vtan -0.9725 -0.224 0.0635
vtan -0.9394 -0.3332 -0.081
vtan -0.944 -0.2693 -0.1904
vtan -0.9639 -0.2623 -0.0464
vtan -0.8103 -0.5767 -0.1045
vtan -0.8267 -0.5451 -0.1397
vtan -0.7924 -0.5994 -0.1132
vtan -0.7681 -0.6241 -0.1434
vtan -0.7932 -0.609 -0.0069
vtan -0.7484 -0.6578 -0.0848
vtan -0.7769 -0.6183 0.119
vtan -0.7334 -0.6791 0.0303
vtan -0.8467 -0.5313 -0.0299
vtan -0.8563 -0.5014 -0.1235
vtan -0.8285 -0.5501 0.1046
vtan -0.8321 -0.5199 0.1933
vtan -0.8767 -0.4717 0.0944
vtan -0.8906 -0.4533 -0.0376
vtan -0.8659 -0.4587 0.1993
vtan -0.9168 -0.3626 0.1675
vtan 0.4724 -0.8814 0.0008
vtan 0.4753 -0.8798 0.0008
vtan 0.5161 -0.8565 0.0008
vtan 0.5198 -0.8543 0.0007
vtan 0.5625 -0.8268 0.0009
vtan 0.5661 -0.8244 0.0008
vtan 0.6101 -0.7923 0.0013
vtan 0.6139 -0.7894 0.0014
vtan 0.4778 -0.8785 0.0013
vtan 0.5228 -0.8525 0.0008
vtan 0.5689 -0.8224 0.0006
vtan 0.616 -0.7877 0.0024
vtan 0.4802 -0.8772 0.0012
vtan 0.5254 -0.8508 0.0003
vtan 0.5711 -0.8208 0.001
vtan 0.6175 -0.7866 0.0049
vtan 0.4822 -0.8761 0.0011
vtan 0.5275 -0.8495 0.0008
vtan 0.5727 -0.8198 0.0036
vtan 0.6183 -0.7859 0.011
vtan 0.7623 -0.6471 0.0099
vtan 0.76 -0.6499 0.0082
vtan 0.7621 -0.6472 0.0173
vtan 0.7624 -0.6465 0.0256
vtan 0.7641 -0.6443 0.0318
vtan 0.7125 -0.7016 0.0066
vtan 0.7098 -0.7043 0.0051
vtan 0.7128 -0.7013 0.0121
vtan 0.7129 -0.701 0.0204
vtan 0.7137 -0.6998 0.0308
vtan 0.6629 -0.7487 0.0034
vtan 0.6595 -0.7517 0.0026
vtan 0.664 -0.7477 0.0064
vtan 0.6646 -0.7471 0.0122
vtan 0.6651 -0.7465 0.0215
vtan 0.7756 -0.6299 -0.0394
vtan 0.7753 -0.6315 -0.011
vtan 0.7311 -0.6822 -0.0095
vtan 0.727 -0.6864 0.0187
vtan 0.6828 -0.7304 0.0183
vtan 0.6764 -0.7356 0.0361
vtan 0.6324 -0.774 0.0322
vtan 0.6263 -0.7787 0.0375
vtan 0.7725 -0.6348 0.0155
vtan 0.7213 -0.6917 0.0352
vtan 0.6704 -0.741 0.0398
vtan 0.6216 -0.7827 0.0317
vtan 0.7678 -0.6399 0.03
vtan 0.7163 -0.6967 0.0377
vtan 0.6666 -0.7447 0.0326
vtan 0.6193 -0.7849 0.0205
vtan 0.4849 -0.8745 0.0081
vtan 0.4865 -0.8736 0.0128
vtan 0.4844 -0.8748 0.004
vtan 0.4836 -0.8753 0.0014
vtan 0.5312 -0.8471 0.0164
vtan 0.5341 -0.8451 0.0229
vtan 0.5299 -0.848 0.0088
vtan 0.5289 -0.8487 0.0034
vtan 0.5779 -0.8156 0.0283
vtan 0.5825 -0.8122 0.0316
vtan 0.5752 -0.8178 0.0187
vtan 0.5738 -0.819 0.0096
vtan 0.4843 -0.8748 0.0127
vtan 0.4859 -0.8739 0.015
vtan 0.5334 -0.8455 0.0229
vtan 0.5373 -0.8431 0.0228
vtan 0.583 -0.8119 0.0316
vtan 0.5881 -0.8084 0.0245
vtan 0.6329 -0.7735 0.0322
vtan 0.6377 -0.7702 0.0144
vtan 0.4859 -0.8739 0.0124
vtan 0.5399 -0.8416 0.0147
vtan 0.5908 -0.8068 0.0083
vtan 0.6378 -0.7702 -0.0084
vtan 0.4833 -0.8754 0.0059
vtan 0.5388 -0.8424 0.0017
vtan 0.5889 -0.8082 -0.0084
vtan 0.6339 -0.7731 -0.0227
vtan 0.4777 -0.8785 -0.0013
vtan 0.5345 -0.8451 -0.0071
vtan 0.5849 -0.811 -0.0158
vtan 0.6306 -0.7758 -0.0226
vtan 0.7671 -0.6393 -0.0538
vtan 0.7707 -0.636 -0.039
vtan 0.8119 -0.5809 -0.0579
vtan 0.8093 -0.5848 -0.0545
vtan 0.762 -0.6459 -0.0457
vtan 0.8075 -0.589 -0.0325
vtan 0.762 -0.6472 -0.0239
vtan 0.8096 -0.5869 -0.0108
vtan 0.765 -0.644 -0.0065
vtan 0.8105 -0.5858 0.0004
vtan 0.7266 -0.6861 -0.0351
vtan 0.7282 -0.6853 -0.0094
vtan 0.7206 -0.6919 -0.0447
vtan 0.7173 -0.6959 -0.0339
vtan 0.7191 -0.6947 -0.0151
vtan 0.6841 -0.7293 -0.0082
vtan 0.682 -0.7311 0.0183
vtan 0.6804 -0.7322 -0.0294
vtan 0.6756 -0.7366 -0.0334
vtan 0.6745 -0.738 -0.0226
vtan 0.7918 -0.6015 0.1062
vtan 0.7943 -0.5911 0.1399
vtan 0.759 -0.6413 0.1129
vtan 0.7541 -0.6519 0.0801
vtan 0.722 -0.6861 0.0895
vtan 0.7155 -0.6961 0.0595
vtan 0.6818 -0.7282 0.0703
vtan 0.6741 -0.7373 0.0444
vtan 0.6368 -0.7691 0.0546
vtan 0.6285 -0.7772 0.0323
vtan 0.7978 -0.6002 0.0566
vtan 0.759 -0.6502 0.0353
vtan 0.7191 -0.6945 0.0223
vtan 0.6763 -0.7366 0.0119
vtan 0.63 -0.7766 0.0033
vtan 0.8057 -0.5921 0.0179
vtan 0.764 -0.6451 0.0069
vtan 0.7209 -0.6931 0.0006
vtan 0.6763 -0.7366 -0.007
vtan 0.6306 -0.776 -0.0132
vtan 0.4542 -0.8908 0.0141
vtan 0.4586 -0.8882 0.0264
vtan 0.4624 -0.8867 -0.0001
vtan 0.4708 -0.8822 -0.0038
vtan 0.5204 -0.8537 0.0176
vtan 0.5271 -0.8492 0.0329
vtan 0.525 -0.8511 -0.0019
vtan 0.5298 -0.8481 -0.009
vtan 0.5778 -0.8159 0.0234
vtan 0.5858 -0.8093 0.0422
vtan 0.5801 -0.8145 -0.0012
vtan 0.5824 -0.8128 -0.0131
vtan 0.8532 -0.5185 -0.0566
vtan 0.8533 -0.5201 -0.0388
vtan 0.893 -0.4484 -0.0396
vtan 0.8949 -0.4459 -0.0188
vtan 0.9283 -0.3712 -0.0208
vtan 0.9303 -0.3667 -0.0067
vtan 0.9564 -0.2919 -0.0081
vtan 0.9576 -0.2881 -0.0
vtan 0.8542 -0.5197 -0.0151
vtan 0.8967 -0.4426 -0.0039
vtan 0.9313 -0.3641 0.0008
vtan 0.9572 -0.289 0.014
vtan 0.8561 -0.5168 -0.0022
vtan 0.8967 -0.4427 0.0024
vtan 0.9295 -0.3686 0.0136
vtan 0.9545 -0.2943 0.047
vtan 0.8534 -0.5212 0.007
vtan 0.8919 -0.4518 0.0205
vtan 0.9244 -0.3781 0.0507
vtan 0.9491 -0.2982 0.1014
vtan 0.9955 -0.0291 0.0898
vtan 0.9898 -0.0426 0.1361
vtan 0.9865 0.0356 0.1598
vtan 0.9944 0.0444 0.0961
vtan 0.9966 -0.0461 0.0686
vtan 0.9999 -0.0071 -0.01
vtan 0.9939 -0.0549 0.0953
vtan 0.9962 -0.0086 -0.0866
vtan 0.9905 -0.0472 0.1289
vtan 0.9974 0.0088 -0.0719
vtan 0.9853 -0.1367 0.1021
vtan 0.9877 -0.1322 0.0835
vtan 0.9809 -0.1396 0.1352
vtan 0.9759 -0.1343 0.1719
vtan 0.9714 -0.1231 0.2031
vtan 0.9759 -0.214 0.0418
vtan 0.9761 -0.2157 0.0263
vtan 0.974 -0.2153 0.071
vtan 0.9697 -0.2151 0.1163
vtan 0.9633 -0.2102 0.1672
vtan 0.9929 0.0768 0.0908
vtan 0.9711 0.1084 0.2127
vtan 0.9734 0.0644 0.2198
vtan 0.9766 0.0233 0.2137
vtan 0.9602 -0.0265 0.2779
vtan 0.9625 -0.0613 0.2643
vtan 0.9476 -0.1313 0.2911
vtan 0.9492 -0.1604 0.2706
vtan 0.9304 -0.2432 0.2742
vtan 0.9311 -0.2667 0.249
vtan 0.9979 0.0554 0.0334
vtan 0.9832 -0.0068 0.1825
vtan 0.9667 -0.0866 0.2409
vtan 0.9532 -0.181 0.2423
vtan 0.9358 -0.2823 0.2113
vtan 0.9993 0.0301 -0.0219
vtan 0.9871 -0.03 0.1571
vtan 0.9684 -0.107 0.2252
vtan 0.9571 -0.1984 0.2114
vtan 0.9419 -0.2944 0.1619
vtan 0.8302 -0.5403 0.1376
vtan 0.831 -0.5293 0.1709
vtan 0.8371 -0.5403 0.0863
vtan 0.8458 -0.5323 0.0366
vtan 0.8689 -0.4632 0.1745
vtan 0.869 -0.45 0.2058
vtan 0.8756 -0.4669 0.124
vtan 0.8835 -0.4637 0.0659
vtan 0.9039 -0.3705 0.2139
vtan 0.9038 -0.3529 0.2421
vtan 0.9096 -0.3799 0.168
vtan 0.9167 -0.3843 0.1095
vtan -0.7497 -0.6482 -0.1334
vtan -0.7769 -0.6294 -0.0187
vtan -0.7341 -0.6784 -0.03
vtan -0.7261 -0.6736 0.1376
vtan -0.6696 -0.7336 0.1157
vtan -0.6057 -0.779 0.1619
vtan -0.5596 -0.8232 0.0959
vtan -0.5692 -0.8076 0.154
vtan -0.7047 -0.6971 -0.1322
vtan -0.6818 -0.719 -0.1351
vtan -0.6807 -0.7301 -0.0597
vtan -0.637 -0.7675 0.072
vtan -0.6873 -0.7247 -0.0488
vtan -0.6412 -0.7602 -0.105
vtan -0.6068 -0.786 -0.1187
vtan -0.621 -0.7789 -0.0876
vtan -0.6795 -0.7308 0.065
vtan -0.6311 -0.7757 -0.0015
vtan -0.5834 -0.8103 -0.0556
vtan -0.5472 -0.8324 -0.0874
vtan -0.4319 -0.9017 -0.0177
vtan -0.4442 -0.8939 -0.0601
vtan -0.4249 -0.9033 0.0587
vtan -0.4593 -0.8827 0.0994
vtan -0.4867 -0.8731 0.0299
vtan -0.4654 -0.8844 0.0342
vtan -0.4758 -0.8786 -0.041
vtan -0.4626 -0.8801 0.1066
vtan -0.5286 -0.8442 0.0885
vtan -0.5157 -0.8562 -0.0315
vtan -0.5059 -0.8566 0.1017
vtan -0.5081 -0.8612 0.0127
vtan -0.5628 -0.815 0.1377
vtan -0.5948 -0.8038 0.0104
vtan -0.5223 -0.8493 -0.0768
vtan -0.3979 -0.9169 0.0322
vtan -0.3959 -0.9179 0.0287
vtan -0.4587 -0.8879 0.0353
vtan -0.4564 -0.8888 0.0412
vtan -0.5213 -0.8526 0.0362
vtan -0.5217 -0.8514 0.0544
vtan -0.581 -0.8132 0.0336
vtan -0.5886 -0.8061 0.0614
vtan -0.3968 -0.9179 -0.0026
vtan -0.4428 -0.8966 0.0096
vtan -0.4952 -0.868 0.0369
vtan -0.552 -0.831 0.0681
vtan -0.4324 -0.9014 -0.0226
vtan -0.4466 -0.8938 -0.0394
vtan -0.4882 -0.8721 -0.0337
vtan -0.5336 -0.8458 -0.0039
vtan -0.718 -0.6958 -0.0184
vtan -0.6913 -0.7224 -0.0148
vtan -0.7596 -0.647 0.0664
vtan -0.7043 -0.6975 0.1321
vtan -0.6954 -0.7184 0.0179
vtan -0.6672 -0.7449 0.007
vtan -0.6968 -0.7101 0.101
vtan -0.6393 -0.7633 0.0931
vtan -0.6497 -0.7585 0.0511
vtan -0.6314 -0.7751 0.0249
vtan -0.619 -0.78 0.0917
vtan -0.5872 -0.8084 0.0422
vtan 0.2024 0.1792 0.9628
vtan 0.2008 0.2603 0.9444
vtan 0.1215 0.2271 0.9662
vtan 0.0729 0.1175 0.9904
vtan 0.0372 0.1898 0.9811
vtan 0.0398 0.088 0.9953
vtan 0.0186 0.0614 0.9979
vtan 0.0221 0.0367 0.9991
vtan 0.0145 -0.0113 0.9998
vtan 0.0191 -0.0057 0.9998
vtan 0.035 0.114 0.9929
vtan 0.0393 0.024 0.9989
vtan 0.033 0.0321 0.9989
vtan 0.0271 0.0133 0.9995
vtan 0.0286 -0.0004 0.9996
vtan 0.0112 0.0004 0.9999
vtan 0.0142 0.1323 0.9911
vtan 0.005 -0.0012 1.0
vtan 0.0112 -0.001 0.9999
vtan 0.0284 0.0002 0.9996
vtan 0.0072 0.0012 1.0
vtan 0.0045 0.0 1.0
vtan 0.0109 -0.0 0.9999
vtan 0.0273 0.0 0.9996
vtan -0.1041 -0.3187 0.9421
vtan -0.0849 -0.1902 0.9781
vtan -0.1197 -0.3448 0.931
vtan 0.0095 -0.7056 0.7086
vtan 0.0599 -0.2058 0.9768
vtan 0.0739 -0.0341 0.9967
vtan 0.1029 -0.0051 0.9947
vtan 0.1124 -0.1646 0.9799
vtan 0.0982 -0.0049 0.9952
vtan 0.1 -0.0951 0.9904
vtan -0.0117 -0.0931 0.9956
vtan -0.0377 -0.1547 0.9872
vtan 0.0562 -0.0112 0.9984
vtan 0.0771 0.0166 0.9969
vtan 0.0789 0.0089 0.9968
vtan 0.017 -0.0395 0.9991
vtan 0.0187 -0.0706 0.9973
vtan 0.0415 -0.0128 0.9991
vtan 0.0524 0.0007 0.9986
vtan 0.0503 -0.0 0.9987
vtan 0.0832 -0.0134 0.9964
vtan 0.0734 -0.0092 0.9973
vtan 0.0706 -0.0003 0.9975
vtan 0.0768 -0.0009 0.997
vtan 0.0533 -0.0 0.9986
vtan 0.0572 -0.0 0.9984
vtan 0.0355 -0.0 0.9994
vtan 0.0381 -0.0 0.9993
vtan 0.0206 -0.0 0.9998
vtan 0.022 0.0 0.9998
vtan 0.0922 -0.0303 0.9953
vtan 0.0844 -0.0018 0.9964
vtan 0.063 0.0 0.998
vtan 0.0418 -0.0 0.9991
vtan 0.0239 -0.0 0.9997
vtan 0.102 -0.0473 0.9937
vtan 0.0907 -0.0034 0.9959
vtan 0.0705 0.0001 0.9975
vtan 0.0457 -0.0 0.999
vtan 0.0257 0.0 0.9997
vtan 0.0119 0.0015 0.9999
vtan 0.0125 0.0015 0.9999
vtan 0.0107 0.0015 0.9999
vtan 0.0091 0.0014 1.0
vtan 0.0108 -0.0 0.9999
vtan 0.0115 -0.0 0.9999
vtan 0.0095 -0.0 1.0
vtan 0.0076 -0.0 1.0
vtan 0.0125 0.0 0.9999
vtan 0.0122 0.0 0.9999
vtan 0.0125 -0.0 0.9999
vtan 0.0122 -0.0 0.9999
vtan 0.0138 0.155 0.9878
vtan 0.0134 0.1554 0.9878
vtan 0.0131 0.0015 0.9999
vtan 0.0138 0.0015 0.9999
vtan 0.0119 -0.0 0.9999
vtan 0.0121 0.0 0.9999
vtan 0.0118 0.0 0.9999
vtan 0.0112 0.0 0.9999
vtan 0.0193 -0.0 0.9998
vtan 0.0178 -0.0 0.9998
vtan 0.0143 0.1541 0.9879
vtan 0.0146 0.0015 0.9999
vtan 0.0121 0.0 0.9999
vtan 0.0102 -0.0 0.9999
vtan 0.0153 -0.0 0.9999
vtan 0.0145 0.1541 0.988
vtan 0.0156 0.0015 0.9999
vtan 0.012 -0.0 0.9999
vtan 0.0089 -0.0 1.0
vtan 0.0125 0.0 0.9999
vtan 0.0167 0.0015 0.9999
vtan 0.0119 -0.0 0.9999
vtan 0.0071 0.0 1.0
vtan 0.0091 -0.0 1.0
vtan 0.0624 -0.0001 0.998
vtan 0.0651 -0.0003 0.9979
vtan 0.0727 -0.0092 0.9973
vtan 0.0677 -0.0205 0.9975
vtan 0.0529 -0.0 0.9986
vtan 0.0567 -0.0376 0.9977
vtan 0.0449 -0.0008 0.999
vtan 0.0609 -0.0624 0.9962
vtan 0.0312 -0.025 0.9992
vtan 0.0205 0.0197 0.9996
vtan 0.0461 0.0 0.9989
vtan 0.0499 -0.0 0.9988
vtan 0.0405 0.0 0.9992
vtan 0.0317 -0.0001 0.9995
vtan 0.0193 0.0062 0.9998
vtan 0.0305 -0.0 0.9995
vtan 0.0331 -0.0 0.9995
vtan 0.0264 -0.0 0.9997
vtan 0.0222 -0.0 0.9998
vtan 0.0161 -0.0 0.9999
vtan 0.0312 0.0363 0.9989
vtan 0.0119 0.0708 0.9974
vtan 0.0233 0.0547 0.9982
vtan 0.0381 0.0651 0.9972
vtan 0.0133 0.0145 0.9998
vtan 0.0228 0.0256 0.9994
vtan 0.0054 -0.0001 1.0
vtan 0.0108 0.0047 0.9999
vtan 0.0014 -0.0 1.0
vtan 0.0028 -0.0 1.0
vtan 0.0355 0.0884 0.9955
vtan 0.0362 0.0442 0.9984
vtan 0.0209 0.042 0.9989
vtan 0.0126 0.0098 0.9999
vtan 0.0054 -0.0 1.0
vtan 0.0189 0.0669 0.9976
vtan 0.0187 0.0412 0.999
vtan 0.015 0.0286 0.9995
vtan 0.0102 0.0047 0.9999
vtan 0.0062 -0.0 1.0
vtan 0.0178 0.0015 0.9998
vtan 0.0196 0.0009 0.9998
vtan 0.0177 0.0017 0.9998
vtan 0.0175 0.0016 0.9998
vtan 0.0108 -0.0 0.9999
vtan 0.0103 0.0 0.9999
vtan 0.0113 0.0 0.9999
vtan 0.0116 -0.0 0.9999
vtan 0.0038 -0.0 1.0
vtan 0.0031 -0.0 1.0
vtan 0.0046 0.0 1.0
vtan 0.0056 0.0 1.0
vtan -0.0019 0.0012 1.0
vtan -0.0023 0.0011 1.0
vtan -0.0044 0.0 1.0
vtan -0.0041 -0.0 1.0
vtan -0.01 -0.0 0.9999
vtan -0.0087 0.0 1.0
vtan -0.0211 0.0 0.9998
vtan -0.019 -0.0 0.9998
vtan -0.0014 0.0014 1.0
vtan -0.0047 0.0 1.0
vtan -0.0117 -0.0 0.9999
vtan -0.0239 -0.0 0.9997
vtan -0.0011 0.0016 1.0
vtan -0.0048 0.0 1.0
vtan -0.0131 0.0 0.9999
vtan -0.0266 0.0 0.9996
vtan -0.0008 0.0018 1.0
vtan -0.0048 0.0 1.0
vtan -0.0143 0.0 0.9999
vtan -0.0291 -0.0 0.9996
vtan -0.0952 0.0028 0.9954
vtan -0.0803 -0.0001 0.9968
vtan -0.0812 -0.0001 0.9967
vtan -0.0994 0.0053 0.995
vtan -0.093 -0.0126 0.9956
vtan -0.0827 -0.0001 0.9966
vtan -0.0986 -0.0568 0.9935
vtan -0.0876 -0.0004 0.9962
vtan -0.1032 -0.0844 0.9911
vtan -0.0915 -0.0007 0.9958
vtan -0.0572 -0.0 0.9984
vtan -0.0545 -0.0 0.9985
vtan -0.0612 0.0 0.9981
vtan -0.0652 0.0 0.9979
vtan -0.0693 0.0 0.9976
vtan -0.0373 -0.0 0.9993
vtan -0.0347 0.0 0.9994
vtan -0.0412 -0.0 0.9992
vtan -0.045 -0.0 0.999
vtan -0.0488 -0.0 0.9988
vtan -0.03 -0.0666 0.9973
vtan -0.098 -0.1475 0.9842
vtan -0.1079 -0.0061 0.9941
vtan 0.0128 -0.2578 0.9661
vtan -0.0099 -0.0879 0.9961
vtan -0.0183 -0.0402 0.999
vtan -0.0426 -0.0153 0.999
vtan -0.029 -0.0142 0.9995
vtan -0.0164 -0.0065 0.9998
vtan -0.009 -0.0214 0.9997
vtan -0.0928 0.0003 0.9957
vtan -0.1108 -0.1156 0.9871
vtan -0.0678 0.0036 0.9977
vtan -0.051 0.0026 0.9987
vtan -0.0309 0.0011 0.9995
vtan -0.0951 -0.0014 0.9955
vtan -0.1073 -0.1008 0.9891
vtan -0.0735 -0.0 0.9973
vtan -0.0528 -0.0 0.9986
vtan -0.0313 -0.0 0.9995
vtan -0.1126 0.0729 0.991
vtan -0.2032 0.3167 0.9265
vtan -0.0107 -0.0021 0.9999
vtan -0.0006 0.002 1.0
vtan -0.0367 0.0343 0.9987
vtan -0.0624 0.0459 0.997
vtan -0.0039 -0.0031 1.0
vtan -0.0047 0.0 1.0
vtan -0.0081 -0.0022 1.0
vtan -0.0062 -0.0131 0.9999
vtan -0.0148 0.0006 0.9999
vtan -0.0152 0.0 0.9999
vtan -0.0047 0.0006 1.0
vtan -0.0057 0.0001 1.0
vtan 0.0003 -0.0 1.0
vtan 0.0007 0.0 1.0
vtan 0.0036 -0.0 1.0
vtan 0.0027 -0.0 1.0
vtan 0.001 -0.0 1.0
vtan -0.0003 -0.0 1.0
vtan -0.0047 0.0008 1.0
vtan -0.0002 -0.0 1.0
vtan 0.0017 -0.0 1.0
vtan -0.0021 -0.0 1.0
vtan -0.0047 0.0008 1.0
vtan -0.0006 0.0 1.0
vtan 0.0006 0.0 1.0
vtan -0.0042 0.0 1.0
vtan -0.0045 0.0009 1.0
vtan -0.001 -0.0 1.0
vtan -0.0004 0.0 1.0
vtan -0.0064 -0.0 1.0
vtan -0.0342 0.0453 0.9984
vtan -0.0275 0.0592 0.9979
vtan -0.0472 0.0703 0.9964
vtan -0.0416 0.0623 0.9972
vtan -0.0584 0.0512 0.997
vtan -0.0535 0.0619 0.9967
vtan -0.0663 0.0273 0.9974
vtan -0.0634 0.0962 0.9933
vtan -0.0794 0.0169 0.9967
vtan -0.0502 0.1104 0.9926
vtan -0.0212 0.0048 0.9998
vtan -0.0137 0.0016 0.9999
vtan -0.0319 0.0132 0.9994
vtan -0.0351 0.033 0.9988
vtan -0.0257 0.0364 0.999
vtan -0.0087 -0.0002 1.0
vtan -0.0052 -0.0 1.0
vtan -0.0133 -0.0001 0.9999
vtan -0.0166 -0.0002 0.9999
vtan -0.0159 -0.0002 0.9999
vtan -0.0712 -0.0005 0.9975
vtan -0.0739 0.0339 0.9967
vtan -0.0886 0.0052 0.9961
vtan -0.0802 -0.0001 0.9968
vtan -0.0492 -0.0 0.9988
vtan -0.0518 -0.0 0.9987
vtan -0.0296 -0.0 0.9996
vtan -0.0321 0.0 0.9995
vtan -0.0151 0.0 0.9999
vtan -0.0171 -0.0 0.9999
vtan -0.0578 0.0188 0.9982
vtan -0.0632 0.0435 0.9971
vtan -0.041 -0.0002 0.9992
vtan -0.0263 0.0 0.9997
vtan -0.0119 0.0 0.9999
vtan -0.0598 0.0304 0.9978
vtan -0.0318 0.0701 0.997
vtan -0.0272 0.0138 0.9995
vtan -0.0216 -0.0001 0.9998
vtan -0.0088 -0.0 1.0
vtan -0.0033 0.0009 1.0
vtan -0.0028 0.0011 1.0
vtan -0.004 0.0009 1.0
vtan -0.0044 0.0009 1.0
vtan -0.0031 -0.0 1.0
vtan -0.0038 -0.0 1.0
vtan -0.0021 0.0 1.0
vtan -0.0015 0.0 1.0
vtan -0.0058 0.0 1.0
vtan -0.0076 0.0 1.0
vtan -0.0035 0.0 1.0
vtan -0.0018 0.0 1.0
vtan 0.0869 -0.0093 0.9962
vtan 0.0832 -0.0134 0.9964
vtan 0.105 -0.0302 0.994
vtan 0.1223 -0.0471 0.9914
vtan -0.0963 0.0053 0.9953
vtan -0.0692 0.0338 0.997
vtan -0.0903 0.0445 0.9949
vtan -0.1443 0.0386 0.9888
vtan -0.8247 0.3774 0.4213
vtan 0.0196 0.9967 0.0785
vtan -0.2374 0.9706 0.0384
vtan 0.0157 0.9999 -0.0041
vtan 0.015 0.9999 -0.0025
vtan 0.015 0.9999 -0.005
vtan 0.0142 0.9999 -0.0035
vtan 0.0164 0.9998 -0.0062
vtan 0.0154 0.9999 -0.0047
vtan -0.0401 0.0062 0.9992
vtan 0.0193 0.9969 0.0768
vtan 0.0159 0.9999 -0.0065
vtan 0.0154 0.9999 -0.0069
vtan 0.017 0.9998 -0.0076
vtan -0.0364 0.0078 0.9993
vtan 0.0184 0.997 0.0753
vtan 0.0159 0.9998 -0.0073
vtan 0.0156 0.9999 -0.0066
vtan 0.0172 0.9998 -0.0066
vtan -0.0299 0.0074 0.9995
vtan 0.0168 0.997 0.0757
vtan 0.0157 0.9999 -0.0063
vtan 0.0156 0.9999 -0.0047
vtan 0.0171 0.9998 -0.0041
vtan 0.1097 0.5718 0.813
vtan 0.1786 0.5934 0.7849
vtan 0.1148 0.8743 0.4716
vtan 0.0631 0.9332 0.3537
vtan 0.0397 0.5273 0.8488
vtan 0.0426 0.9204 0.3886
vtan 0.0343 0.926 0.376
vtan 0.0324 0.5542 0.8317
vtan 0.0285 0.9318 0.3619
vtan 0.0275 0.571 0.8205
vtan 0.0578 0.996 0.0685
vtan 0.0392 0.9978 0.0542
vtan 0.0353 0.9973 0.064
vtan 0.0319 0.9972 0.0671
vtan 0.0275 0.9975 0.0644
vtan 0.022 0.9997 -0.0064
vtan 0.0218 0.9997 -0.0081
vtan 0.0222 0.9997 -0.0098
vtan 0.022 0.9997 -0.0072
vtan 0.0213 0.9998 -0.0029
vtan 0.0162 0.1403 0.99
vtan 0.0214 0.5915 0.806
vtan 0.0209 0.5921 0.8056
vtan 0.0161 0.141 0.9899
vtan 0.0182 0.9407 0.3388
vtan 0.0175 0.9985 0.0525
vtan 0.0155 0.9987 0.0491
vtan 0.0168 0.9419 0.3356
vtan 0.0179 0.9998 -0.0006
vtan 0.017 0.9999 -0.0003
vtan 0.0163 0.9999 -0.001
vtan 0.016 0.9999 -0.0002
vtan 0.0164 0.1383 0.9903
vtan 0.0223 0.5887 0.808
vtan 0.0207 0.9389 0.3434
vtan 0.0206 0.9982 0.0567
vtan 0.0191 0.9998 0.0001
vtan 0.0166 0.9999 -0.0014
vtan 0.0168 0.1342 0.9908
vtan 0.0241 0.5819 0.8129
vtan 0.0242 0.9364 0.3502
vtan 0.0239 0.9979 0.0598
vtan 0.0202 0.9998 0.0003
vtan 0.0169 0.9999 -0.0018
vtan 0.0174 0.1275 0.9917
vtan 0.0122 0.9967 0.0806
vtan 0.0216 0.0025 0.9998
vtan 0.0277 0.0001 0.9996
vtan 0.0113 0.9966 0.0821
vtan 0.0136 0.9968 0.0788
vtan 0.0071 0.0048 1.0
vtan 0.015 0.9969 0.0772
vtan -0.0146 0.0067 0.9999
vtan 0.0137 0.9999 -0.0021
vtan 0.0133 0.9999 -0.0019
vtan 0.0144 0.9999 -0.0032
vtan 0.0151 0.9999 -0.0046
vtan 0.0148 0.9999 -0.0012
vtan 0.0146 0.9999 -0.0015
vtan 0.0151 0.9999 -0.002
vtan 0.0153 0.9999 -0.0031
vtan 0.0311 -0.0018 0.9995
vtan 0.0104 0.9964 0.084
vtan 0.0109 0.9966 0.0821
vtan 0.0264 0.0001 0.9997
vtan 0.0126 0.9999 -0.001
vtan 0.013 0.9999 -0.0019
vtan 0.0141 0.9999 -0.0026
vtan 0.0144 0.9999 -0.0015
vtan 0.0152 0.9999 -0.0023
vtan 0.0156 0.9999 -0.0002
vtan 0.0321 -0.0037 0.9995
vtan 0.01 0.9962 0.0868
vtan 0.0121 0.9999 0.0022
vtan 0.0136 0.9999 -0.0001
vtan 0.0146 0.9999 -0.0019
vtan 0.0311 -0.0039 0.9995
vtan 0.0096 0.9962 0.0868
vtan 0.0117 0.9999 0.0029
vtan 0.0132 0.9999 0.0016
vtan 0.0141 0.9999 0.0003
vtan 0.0292 -0.0034 0.9996
vtan 0.0093 0.9962 0.0861
vtan 0.0113 0.9999 0.0028
vtan 0.0129 0.9999 0.0023
vtan 0.0137 0.9999 0.0019
vtan 0.0142 0.9423 0.3344
vtan 0.0204 0.5913 0.8062
vtan 0.0207 0.5921 0.8056
vtan 0.0157 0.9419 0.3356
vtan 0.0128 0.9431 0.3323
vtan 0.0207 0.5896 0.8074
vtan 0.011 0.9437 0.3306
vtan 0.0199 0.5893 0.8077
vtan 0.0096 0.9443 0.3289
vtan 0.019 0.5919 0.8058
vtan 0.0125 0.9988 0.0477
vtan 0.0142 0.9987 0.0491
vtan 0.0101 0.999 0.0431
vtan 0.0081 0.9991 0.0409
vtan 0.0058 0.9991 0.0425
vtan 0.0154 0.9999 0.0001
vtan 0.0162 0.9999 -0.0003
vtan 0.0144 0.9999 -0.0019
vtan 0.0136 0.9999 -0.0006
vtan 0.0128 0.9999 0.0018
vtan 0.0171 0.6085 0.7934
vtan 0.067 0.4082 0.9105
vtan 0.0369 0.1275 0.9912
vtan 0.019 0.1529 0.9881
vtan 0.0057 0.9504 0.3109
vtan 0.002 0.9995 0.0325
vtan -0.0087 0.9994 0.0335
vtan -0.0288 0.9738 0.2255
vtan 0.0115 0.9999 0.0014
vtan 0.0108 0.9999 0.0013
vtan 0.0132 0.9999 0.0008
vtan 0.0133 0.9999 0.0006
vtan 0.019 0.1477 0.9888
vtan 0.0182 0.6023 0.798
vtan 0.0072 0.9468 0.3217
vtan 0.0029 0.9991 0.0418
vtan 0.0116 0.9999 0.0028
vtan 0.0133 0.9999 0.0025
vtan 0.0182 0.1447 0.9893
vtan 0.0178 0.5966 0.8023
vtan 0.0082 0.9453 0.3261
vtan 0.0041 0.9991 0.0433
vtan 0.0121 0.9999 0.0032
vtan 0.0135 0.9999 0.0031
vtan 0.0177 0.1416 0.9898
vtan 0.2637 0.9631 0.0539
vtan 0.0043 0.9966 0.0818
vtan 0.8247 0.347 0.4466
vtan 0.0069 1.0 -0.006
vtan 0.8142 0.5782 0.0536
vtan 0.0061 1.0 0.0063
vtan 0.0062 0.9964 0.0846
vtan -0.0069 -0.0121 0.9999
vtan 0.0083 0.9963 0.0859
vtan 0.0196 -0.0066 0.9998
vtan 0.0108 0.9999 0.0001
vtan 0.0107 0.9999 -0.0006
vtan 0.0109 0.9999 0.0022
vtan 0.0111 0.9999 0.003
vtan 0.0125 0.9999 0.0003
vtan 0.0125 0.9999 0.0002
vtan 0.0125 0.9999 0.0026
vtan 0.0127 0.9999 0.0032
vtan 0.1074 -0.3071 0.9456
vtan 0.1121 -0.6602 0.7427
vtan 0.1448 -0.406 0.9023
vtan 0.0227 -0.3 0.9537
vtan 0.1173 -0.9703 0.2115
vtan 0.1435 -0.9858 -0.0876
vtan 0.1252 -0.9879 -0.092
vtan 0.0943 -0.9381 0.3333
vtan 0.194 -0.97 -0.1468
vtan 0.2401 -0.965 -0.1053
vtan 0.2439 -0.9628 -0.1165
vtan 0.1783 -0.9693 -0.1695
vtan 0.2791 -0.9592 -0.0441
vtan 0.2856 -0.9579 -0.0282
vtan 0.108 -0.192 0.9754
vtan 0.1195 -0.6502 0.7503
vtan 0.12 -0.9645 0.2353
vtan 0.1341 -0.9909 0.009
vtan 0.1887 -0.9816 -0.0279
vtan 0.2408 -0.9577 -0.1578
vtan 0.2737 -0.9544 -0.1193
vtan 0.1062 -0.1465 0.9835
vtan 0.1141 -0.5577 0.8221
vtan 0.1129 -0.9482 0.297
vtan 0.1322 -0.9857 0.1045
vtan 0.186 -0.9811 0.0541
vtan 0.2274 -0.9481 -0.222
vtan 0.2702 -0.9499 -0.1568
vtan 0.1155 -0.3725 0.9208
vtan 0.1394 -0.0815 0.9869
vtan 0.1242 -0.9912 0.0456
vtan 0.1031 -0.8947 0.4346
vtan 0.1862 -0.9824 -0.0114
vtan 0.227 -0.9537 -0.1972
vtan 0.2641 -0.959 -0.1028
vtan 0.3913 -0.9203 0.0013
vtan 0.4326 -0.9016 0.0012
vtan 0.4299 -0.9029 0.0008
vtan 0.3896 -0.921 0.001
vtan 0.3913 -0.9202 0.0017
vtan 0.434 -0.9009 0.0016
vtan 0.3912 -0.9203 0.0025
vtan 0.4353 -0.9003 0.0021
vtan 0.3908 -0.9205 0.0033
vtan 0.4364 -0.8997 0.0024
vtan 0.3515 -0.9362 0.0015
vtan 0.3507 -0.9365 0.0012
vtan 0.3501 -0.9367 0.0017
vtan 0.3485 -0.9373 0.0025
vtan 0.347 -0.9379 -0.0054
vtan 0.3135 -0.9496 0.0016
vtan 0.3136 -0.9496 0.0012
vtan 0.3107 -0.9505 0.0018
vtan 0.3077 -0.9515 0.0025
vtan 0.3046 -0.9525 -0.0041
vtan 0.4379 -0.899 0.0045
vtan 0.3871 -0.922 0.005
vtan 0.3868 -0.9222 0.0046
vtan 0.4388 -0.8986 0.0061
vtan 0.3379 -0.9412 -0.0031
vtan 0.3362 -0.9418 -0.0054
vtan 0.2919 -0.9565 -0.003
vtan 0.2891 -0.9573 -0.0027
vtan 0.2468 -0.9642 -0.0968
vtan 0.246 -0.9659 -0.0807
vtan 0.4378 -0.8991 0.0033
vtan 0.3888 -0.9213 0.0047
vtan 0.3422 -0.9394 -0.0218
vtan 0.2979 -0.9543 -0.0223
vtan 0.2513 -0.9663 -0.0565
vtan 0.4373 -0.8993 0.0027
vtan 0.39 -0.9208 0.0041
vtan 0.3453 -0.9382 -0.0224
vtan 0.3016 -0.9532 -0.0212
vtan 0.2588 -0.9652 -0.0363
vtan 0.0964 -0.8809 0.4634
vtan 0.0969 -0.3061 0.9471
vtan 0.0911 -0.2711 0.9582
vtan 0.0936 -0.8474 0.5227
vtan 0.0967 -0.8979 0.4294
vtan 0.1072 -0.3383 0.9349
vtan 0.098 -0.9031 0.4181
vtan 0.1178 -0.3361 0.9344
vtan 0.1764 -0.9841 -0.0215
vtan 0.1321 -0.9873 0.0886
vtan 0.1308 -0.9894 0.0628
vtan 0.1743 -0.9826 -0.0638
vtan 0.1833 -0.9815 -0.0558
vtan 0.1351 -0.9902 0.0349
vtan 0.1831 -0.9772 -0.1079
vtan 0.1331 -0.9905 -0.0339
vtan 0.2038 -0.9618 -0.1828
vtan 0.2029 -0.966 -0.16
vtan 0.2128 -0.9659 -0.1475
vtan 0.2185 -0.9675 -0.1269
vtan 0.0239 0.0406 0.9989
vtan 0.0127 0.1347 0.9908
vtan -0.0306 -0.0446 0.9985
vtan 0.0369 -0.0164 0.9992
vtan 0.0574 -0.0265 0.998
vtan 0.0583 0.0428 0.9974
vtan 0.0678 0.0005 0.9977
vtan 0.062 0.0454 0.997
vtan 0.0655 -0.0499 0.9966
vtan 0.064 -0.023 0.9977
vtan 0.0292 -0.7742 0.6322
vtan 0.0867 -0.9135 0.3974
vtan 0.0401 -0.386 0.9216
vtan -0.1505 -0.0177 0.9885
vtan 0.0619 -0.9092 0.4116
vtan 0.0548 -0.4242 0.9039
vtan 0.0686 -0.447 0.8919
vtan 0.0877 -0.9213 0.3789
vtan 0.1262 -0.9301 0.3449
vtan 0.0839 -0.5311 0.8431
vtan 0.1367 -0.9655 -0.2214
vtan 0.1355 -0.9646 -0.2261
vtan 0.1139 -0.9765 -0.1829
vtan 0.1372 -0.9732 -0.1846
vtan 0.1442 -0.9546 -0.2608
vtan 0.1032 -0.9905 -0.0912
vtan 0.1502 -0.9539 -0.2598
vtan 0.1248 -0.9904 -0.0588
vtan 0.1582 -0.9592 -0.2343
vtan 0.1581 -0.9873 -0.0153
vtan 0.1754 -0.9843 0.0172
vtan 0.1805 -0.9834 -0.0208
vtan 0.1872 -0.978 -0.0924
vtan 0.1932 -0.9731 -0.1252
vtan 0.2001 -0.9733 -0.1121
vtan 0.0904 -0.2711 0.9583
vtan 0.1053 0.0074 0.9944
vtan 0.095 -0.0095 0.9954
vtan 0.081 -0.2453 0.9661
vtan 0.1282 -0.9898 0.0628
vtan 0.093 -0.8474 0.5227
vtan 0.0938 -0.8122 0.5758
vtan 0.13 -0.9859 0.105
vtan 0.175 -0.9836 -0.0439
vtan 0.1893 -0.9735 -0.1286
vtan 0.1996 -0.9667 -0.16
vtan 0.1716 -0.9831 -0.0638
vtan 0.2306 -0.9717 -0.0503
vtan 0.2369 -0.9681 -0.0812
vtan 0.0822 -0.0341 0.996
vtan 0.0755 -0.1865 0.9796
vtan 0.0895 -0.7267 0.6811
vtan 0.1276 -0.9765 0.1736
vtan 0.1679 -0.9857 -0.0113
vtan 0.1838 -0.977 -0.1085
vtan 0.2233 -0.974 -0.0388
vtan 0.0788 -0.0602 0.9951
vtan 0.0687 -0.1191 0.9905
vtan 0.0909 -0.6388 0.764
vtan 0.1295 -0.9562 0.2625
vtan 0.1713 -0.9728 -0.1558
vtan 0.1681 -0.9857 0.0087
vtan 0.2104 -0.9752 -0.0685
vtan 0.4352 -0.9003 0.006
vtan 0.3827 -0.9239 0.0044
vtan 0.3811 -0.9245 0.0027
vtan 0.4344 -0.9007 0.0067
vtan 0.3758 -0.9267 -0.0013
vtan 0.4305 -0.9026 0.0056
vtan 0.3687 -0.9295 -0.0032
vtan 0.4249 -0.9052 0.0033
vtan 0.36 -0.9329 0.0
vtan 0.4178 -0.9085 0.0016
vtan 0.3331 -0.9429 -0.0055
vtan 0.3328 -0.9418 -0.0475
vtan 0.3256 -0.9413 -0.0897
vtan 0.3132 -0.9469 -0.0733
vtan 0.3036 -0.9525 -0.0223
vtan 0.2835 -0.959 -0.003
vtan 0.2854 -0.9574 -0.0443
vtan 0.2784 -0.956 -0.0921
vtan 0.2686 -0.9598 -0.0818
vtan 0.2541 -0.9667 -0.0292
vtan 0.3974 -0.9175 0.0149
vtan 0.3356 -0.9419 0.0141
vtan 0.3282 -0.9444 0.0209
vtan 0.3911 -0.92 0.0237
vtan 0.275 -0.9614 0.0128
vtan 0.2664 -0.9637 0.0182
vtan 0.2254 -0.9742 0.0126
vtan 0.2144 -0.9767 0.0113
vtan 0.404 -0.9148 0.0032
vtan 0.3425 -0.9395 0.0056
vtan 0.2837 -0.9589 0.0072
vtan 0.2335 -0.9723 0.0082
vtan 0.4101 -0.912 0.0015
vtan 0.3503 -0.9366 0.004
vtan 0.2942 -0.9557 0.0048
vtan 0.2419 -0.9703 0.0037
vtan 0.8127 -0.5825 0.0137
vtan 0.8573 -0.5147 0.0135
vtan 0.8542 -0.5197 0.0123
vtan 0.8092 -0.5875 0.011
vtan 0.8953 -0.4453 0.0112
vtan 0.8929 -0.4501 0.0116
vtan 0.9271 -0.3747 0.0078
vtan 0.9254 -0.3788 0.0094
vtan 0.953 -0.303 0.0055
vtan 0.9518 -0.3065 0.0071
vtan 0.8132 -0.5817 0.0191
vtan 0.8578 -0.5138 0.0159
vtan 0.8959 -0.4441 0.0092
vtan 0.9278 -0.3731 0.0024
vtan 0.9536 -0.3011 -0.0011
vtan 0.8134 -0.5812 0.0238
vtan 0.8582 -0.5131 0.0143
vtan 0.8966 -0.4429 0.0019
vtan 0.9285 -0.3713 -0.008
vtan 0.9542 -0.299 -0.0111
vtan 0.8138 -0.5807 0.0221
vtan 0.8588 -0.5123 0.0045
vtan 0.8971 -0.4416 -0.0129
vtan 0.9289 -0.3696 -0.0227
vtan 0.9547 -0.2969 -0.0214
vtan 0.9971 -0.0762 0.0069
vtan 0.9994 -0.0336 0.0124
vtan 0.9999 0.0055 0.0084
vtan 0.9969 -0.0779 0.0063
vtan 0.9972 -0.0749 0.0087
vtan 0.9994 -0.0331 0.0055
vtan 0.9972 -0.0732 0.0171
vtan 0.9995 -0.0316 0.0014
vtan 0.9967 -0.0712 0.0401
vtan 0.9996 -0.0287 0.0045
vtan 0.9878 -0.1557 0.0054
vtan 0.9874 -0.1582 0.0057
vtan 0.9881 -0.1539 0.0055
vtan 0.9884 -0.1518 0.0099
vtan 0.9885 -0.1493 0.0229
vtan 0.9732 -0.2301 0.0045
vtan 0.9724 -0.2332 0.0058
vtan 0.9736 -0.2281 0.0001
vtan 0.9741 -0.2259 -0.0045
vtan 0.9747 -0.2235 -0.0063
vtan 0.9904 -0.0182 0.1374
vtan 0.9872 -0.0609 0.1474
vtan 0.9891 -0.0559 0.1359
vtan 0.9863 -0.0156 0.1645
vtan 0.9875 -0.1384 0.0755
vtan 0.9876 -0.1333 0.0834
vtan 0.9768 -0.2138 0.0153
vtan 0.9776 -0.2087 0.0263
vtan 0.9571 -0.2893 -0.0176
vtan 0.9586 -0.2847 -0.0082
vtan 0.9967 -0.0217 0.0782
vtan 0.9907 -0.0657 0.1194
vtan 0.9878 -0.1425 0.0629
vtan 0.976 -0.2175 0.0049
vtan 0.956 -0.2922 -0.0263
vtan 0.9993 -0.0248 0.0297
vtan 0.9946 -0.069 0.0781
vtan 0.9883 -0.1462 0.0427
vtan 0.9753 -0.2208 -0.0031
vtan 0.9552 -0.2947 -0.0275
vtan 0.8576 -0.5113 -0.0561
vtan 0.8139 -0.5796 -0.0403
vtan 0.8141 -0.5778 -0.0582
vtan 0.8588 -0.5091 -0.0573
vtan 0.8586 -0.5112 -0.0382
vtan 0.8147 -0.5797 -0.0133
vtan 0.8591 -0.5116 -0.0145
vtan 0.8145 -0.5801 0.0098
vtan 0.8969 -0.4392 -0.0523
vtan 0.899 -0.4361 -0.0403
vtan 0.8968 -0.4398 -0.0482
vtan 0.8972 -0.4405 -0.0322
vtan 0.9304 -0.3648 -0.0364
vtan 0.9324 -0.3607 -0.0214
vtan 0.9295 -0.3665 -0.0422
vtan 0.9291 -0.3681 -0.0364
vtan 0.2649 0.9635 0.0392
vtan 0.0087 0.9965 0.0834
vtan 0.8391 0.3482 0.418
vtan 0.0089 0.9964 0.0839
vtan 0.0102 -0.0008 0.9999
vtan 0.0093 0.9964 0.0838
vtan -0.0028 -0.0008 1.0
vtan 0.0096 0.9965 0.0836
vtan -0.0156 -0.0005 0.9999
vtan 0.0087 1.0 0.0008
vtan 0.0087 1.0 0.0007
vtan 0.0088 1.0 0.0005
vtan 0.0088 1.0 0.0003
vtan 0.0089 1.0 0.0003
vtan 0.0078 1.0 0.0009
vtan 0.0078 1.0 0.0007
vtan 0.0077 1.0 0.0003
vtan 0.0076 1.0 0.0002
vtan 0.0076 1.0 0.0002
vtan 0.0066 1.0 0.0008
vtan 0.0065 1.0 0.0006
vtan 0.0064 1.0 0.0003
vtan 0.0063 1.0 0.0002
vtan 0.0062 1.0 0.0002
vtan 0.0104 0.9961 0.0874
vtan 0.0131 0.9965 0.0826
vtan 0.0296 -0.0357 0.9989
vtan -0.026 -0.0055 0.9996
vtan 0.0089 1.0 0.003
vtan 0.0088 1.0 0.0019
vtan 0.0076 1.0 0.0019
vtan 0.0076 1.0 0.0016
vtan 0.0063 1.0 0.0014
vtan 0.0064 1.0 0.0014
vtan 0.0094 0.9963 0.0851
vtan -0.0274 -0.0003 0.9996
vtan 0.0089 1.0 0.0009
vtan 0.0076 1.0 0.0006
vtan 0.0063 1.0 0.0005
vtan 0.0097 0.9964 0.0838
vtan -0.0213 -0.0 0.9998
vtan 0.0089 1.0 0.0004
vtan 0.0076 1.0 0.0003
vtan 0.0062 1.0 0.0003
vtan -0.008 0.6164 0.7874
vtan -0.0088 0.6298 0.7767
vtan -0.0045 0.1534 0.9882
vtan -0.0044 0.1455 0.9893
vtan -0.0094 0.6443 0.7647
vtan -0.0047 0.1617 0.9868
vtan -0.0099 0.6579 0.753
vtan -0.005 0.17 0.9854
vtan -0.0107 0.671 0.7414
vtan -0.0056 0.1782 0.984
vtan 0.0053 0.9993 0.037
vtan 0.0046 0.9993 0.0359
vtan -0.0018 0.9574 0.2888
vtan -0.001 0.9544 0.2986
vtan 0.0037 0.9994 0.0338
vtan -0.0027 0.9607 0.2776
vtan 0.0029 0.9995 0.0316
vtan -0.0036 0.9638 0.2666
vtan 0.0022 0.9996 0.029
vtan -0.0046 0.9669 0.2551
vtan 0.0055 1.0 0.0014
vtan 0.0053 1.0 0.0014
vtan 0.005 1.0 0.0006
vtan 0.0047 1.0 0.0005
vtan 0.0046 1.0 0.0004
vtan 0.0341 0.4132 0.91
vtan -0.0345 0.0714 0.9969
vtan -0.0136 0.234 0.9721
vtan -0.0069 0.6705 0.7419
vtan -0.0014 0.9638 0.2666
vtan 0.001 0.9997 0.0251
vtan -0.0008 0.9997 0.0258
vtan -0.0025 0.9503 0.3114
vtan 0.0047 1.0 0.0008
vtan 0.0049 1.0 0.0009
vtan -0.012 0.6929 0.7209
vtan -0.0081 0.192 0.9814
vtan 0.0012 0.9997 0.0253
vtan -0.0059 0.9717 0.2361
vtan 0.0046 1.0 0.0005
vtan -0.0115 0.6834 0.7299
vtan -0.0065 0.1858 0.9826
vtan 0.0016 0.9996 0.0272
vtan -0.0054 0.9696 0.2447
vtan 0.0045 1.0 0.0004
vtan 0.0126 0.9965 0.0826
vtan 0.0095 0.9973 0.0727
vtan 0.0327 0.0618 0.9976
vtan 0.0368 -0.0358 0.9987
vtan 0.0043 0.997 0.0777
vtan -0.0638 0.0129 0.9979
vtan 0.006 0.9961 0.0878
vtan -0.0247 -0.0359 0.999
vtan 0.0076 0.9962 0.0869
vtan 0.0221 0.0023 0.9998
vtan 0.0086 1.0 0.0019
vtan 0.0084 1.0 -0.0035
vtan 0.0082 1.0 -0.0032
vtan 0.008 1.0 0.0019
vtan 0.0079 1.0 0.0027
vtan 0.0075 1.0 0.0016
vtan 0.0075 1.0 -0.0016
vtan 0.0075 1.0 -0.0018
vtan 0.0075 1.0 0.0011
vtan 0.0075 1.0 0.0017
vtan 0.0064 1.0 0.0014
vtan 0.0065 1.0 -0.0011
vtan 0.0066 1.0 -0.0012
vtan 0.0066 1.0 0.0007
vtan 0.0067 1.0 0.0014
vtan -0.8226 0.3579 0.4418
vtan 0.0103 0.9966 0.082
vtan -0.249 0.9671 0.0514
vtan 0.0078 1.0 0.0002
vtan 0.0076 1.0 0.0002
vtan 0.0075 1.0 -0.0002
vtan 0.0071 1.0 0.0003
vtan 0.0067 1.0 -0.0004
vtan 0.0064 1.0 0.0004
vtan 0.0087 0.9965 0.0837
vtan 0.0204 -0.0107 0.9997
vtan 0.0079 1.0 0.0008
vtan 0.0076 1.0 0.0005
vtan 0.0068 1.0 0.0005
vtan 0.0072 0.9964 0.0847
vtan 0.0082 -0.0025 1.0
vtan 0.0079 1.0 0.0014
vtan 0.0075 1.0 0.0012
vtan 0.0068 1.0 0.0011
vtan 0.0051 0.5855 0.8106
vtan -0.0013 0.1293 0.9916
vtan -0.0244 0.1117 0.9934
vtan -0.0688 0.3161 0.9462
vtan 0.0039 0.589 0.8081
vtan -0.0019 0.1296 0.9916
vtan 0.0028 0.5918 0.8061
vtan -0.0024 0.1314 0.9913
vtan 0.0004 0.5956 0.8032
vtan -0.0034 0.1334 0.9911
vtan 0.0171 0.9992 0.0359
vtan 0.007 0.9994 0.0343
vtan 0.0066 0.9479 0.3186
vtan 0.0412 0.9702 0.2388
vtan 0.0066 0.9991 0.0425
vtan 0.0053 0.947 0.3213
vtan 0.0069 0.9991 0.0423
vtan 0.0047 0.9477 0.3191
vtan 0.0071 0.9991 0.0415
vtan 0.0038 0.9486 0.3163
vtan 0.0069 1.0 -0.0003
vtan 0.0064 1.0 -0.0007
vtan 0.0065 1.0 0.0006
vtan 0.0064 1.0 0.0014
vtan 0.0064 1.0 0.0015
vtan -0.006 0.6057 0.7956
vtan -0.0075 0.6164 0.7874
vtan -0.0044 0.1455 0.9893
vtan -0.0042 0.1393 0.9902
vtan 0.0062 0.9993 0.0372
vtan 0.0058 0.9993 0.037
vtan -0.0005 0.9544 0.2986
vtan 0.0006 0.9517 0.307
vtan 0.0058 1.0 -0.0007
vtan 0.0056 1.0 0.0014
vtan -0.004 0.5995 0.8003
vtan -0.0042 0.1355 0.9908
vtan 0.0068 0.9993 0.0376
vtan 0.0019 0.9501 0.3118
vtan 0.0061 1.0 -0.0006
vtan -0.004 0.1337 0.991
vtan -0.0018 0.5963 0.8027
vtan 0.0072 0.9992 0.0402
vtan 0.0031 0.9492 0.3146
vtan 0.0062 1.0 0.0012
vtan -0.1318 -0.4588 0.8787
vtan -0.1672 -0.1525 0.9741
vtan -0.0933 -0.2311 0.9684
vtan -0.1363 -0.5463 0.8264
vtan -0.1503 -0.4556 0.8774
vtan -0.1505 -0.1064 0.9829
vtan -0.1445 -0.4589 0.8767
vtan -0.1431 -0.0889 0.9857
vtan -0.1329 -0.4422 0.887
vtan -0.1354 -0.0707 0.9883
vtan -0.1108 -0.9777 -0.1782
vtan -0.1772 -0.9752 -0.1326
vtan -0.1697 -0.9405 0.2945
vtan -0.0208 -0.9864 -0.1633
vtan -0.1837 -0.9795 -0.0826
vtan -0.1738 -0.9269 0.3327
vtan -0.1839 -0.979 -0.0883
vtan -0.1681 -0.9239 0.3437
vtan -0.1849 -0.9796 -0.0789
vtan -0.1753 -0.9409 0.2897
vtan -0.274 -0.9603 -0.052
vtan -0.2719 -0.9546 -0.1216
vtan -0.2263 -0.974 -0.0034
vtan -0.2221 -0.975 0.0101
vtan -0.2683 -0.9566 -0.1139
vtan -0.2239 -0.9744 -0.0219
vtan -0.2647 -0.9586 -0.1053
vtan -0.2182 -0.975 -0.0413
vtan -0.2633 -0.9581 -0.1126
vtan -0.2142 -0.9768 -0.0004
vtan -0.3014 -0.9399 -0.1601
vtan -0.303 -0.9455 -0.1193
vtan -0.2997 -0.9476 -0.1109
vtan -0.2974 -0.9491 -0.104
vtan -0.2956 -0.9489 -0.1103
vtan -0.125 -0.2336 0.9643
vtan -0.118 -0.1897 0.9747
vtan -0.1313 0.0146 0.9912
vtan -0.1266 0.0145 0.9919
vtan -0.1683 -0.9857 0.0052
vtan -0.2974 -0.9351 0.1927
vtan -0.1419 -0.8125 0.5655
vtan -0.1466 -0.8503 0.5055
vtan -0.2227 -0.9705 -0.0919
vtan -0.1445 -0.9765 -0.1602
vtan -0.3307 -0.9357 0.1226
vtan -0.2475 -0.9672 0.058
vtan -0.2805 -0.9555 -0.0915
vtan -0.2255 -0.9634 -0.1449
vtan -0.1284 -0.2527 0.959
vtan -0.1352 0.0002 0.9908
vtan -0.1634 -0.9815 -0.1001
vtan -0.1453 -0.8893 0.4337
vtan -0.2524 -0.9648 -0.0742
vtan -0.2164 -0.9757 -0.0334
vtan -0.2863 -0.9555 -0.0712
vtan -0.1353 -0.3813 0.9145
vtan -0.1269 -0.0426 0.991
vtan -0.1622 -0.9153 0.3687
vtan -0.1743 -0.983 -0.0578
vtan -0.2589 -0.9599 -0.1076
vtan -0.2162 -0.9763 0.012
vtan -0.2909 -0.9513 -0.1021
vtan -0.3909 -0.9201 -0.0258
vtan -0.3938 -0.9192 0.0056
vtan -0.4313 -0.9021 -0.0116
vtan -0.4268 -0.903 -0.0492
vtan -0.3964 -0.9179 0.017
vtan -0.4329 -0.9013 0.0142
vtan -0.3981 -0.9172 0.0187
vtan -0.4333 -0.901 0.019
vtan -0.399 -0.9168 0.0164
vtan -0.4333 -0.9011 0.0173
vtan -0.3516 -0.9361 -0.0074
vtan -0.3545 -0.9349 0.0164
vtan -0.3583 -0.9334 0.0214
vtan -0.3612 -0.9323 0.0195
vtan -0.3632 -0.9316 0.0148
vtan -0.3133 -0.9497 0.005
vtan -0.3165 -0.9484 0.0214
vtan -0.3214 -0.9467 0.0227
vtan -0.3253 -0.9455 0.0181
vtan -0.3282 -0.9445 0.0126
vtan -0.3988 -0.917 0.0069
vtan -0.3968 -0.9179 0.0059
vtan -0.4275 -0.904 0.0072
vtan -0.43 -0.9028 0.0081
vtan -0.3661 -0.9306 0.0053
vtan -0.3648 -0.9311 0.0044
vtan -0.3346 -0.9423 0.0045
vtan -0.3346 -0.9423 0.0033
vtan -0.3992 -0.9168 0.0091
vtan -0.4315 -0.9021 0.0105
vtan -0.3654 -0.9308 0.0072
vtan -0.3327 -0.943 0.0055
vtan -0.3994 -0.9167 0.0125
vtan -0.4326 -0.9015 0.0139
vtan -0.3645 -0.9311 0.0104
vtan -0.3306 -0.9437 0.0084
vtan -0.0689 0.0036 0.9976
vtan -0.0514 -0.0208 0.9985
vtan -0.048 0.0561 0.9973
vtan -0.0697 0.0639 0.9955
vtan -0.1024 -0.79 0.6045
vtan -0.1413 -0.9138 0.3807
vtan -0.0343 -0.2717 0.9618
vtan -0.0746 -0.2735 0.959
vtan -0.0415 -0.9976 0.0545
vtan -0.0415 -0.9985 -0.0352
vtan -0.1235 -0.9906 -0.0586
vtan -0.0881 -0.9957 0.0301
vtan -0.3055 -0.9511 -0.0449
vtan -0.244 -0.9554 -0.1666
vtan -0.0807 0.0047 0.9967
vtan -0.0903 0.0496 0.9947
vtan -0.1026 -0.8448 0.5251
vtan -0.0852 -0.2949 0.9517
vtan -0.0089 -0.9994 -0.0327
vtan -0.0779 -0.997 0.0035
vtan -0.2933 -0.9548 0.0484
vtan -0.098 -0.0977 0.9904
vtan -0.1108 0.0254 0.9935
vtan -0.1035 -0.8524 0.5125
vtan -0.0978 -0.3761 0.9214
vtan -0.088 -0.9954 -0.039
vtan -0.1573 -0.9873 -0.0205
vtan -0.2439 -0.9691 0.037
vtan -0.1208 -0.1957 0.9732
vtan -0.1168 0.0212 0.9929
vtan -0.1137 -0.8376 0.5344
vtan -0.1104 -0.4703 0.8756
vtan -0.1266 -0.9899 0.0635
vtan -0.1643 -0.9815 -0.0984
vtan -0.2442 -0.9646 -0.0994
vtan -0.2993 -0.9532 -0.0431
vtan -0.3013 -0.953 -0.0312
vtan -0.3504 -0.9363 0.0224
vtan -0.3425 -0.939 0.0307
vtan -0.3138 -0.9495 -0.0066
vtan -0.3645 -0.9312 -0.0002
vtan -0.328 -0.9442 0.0291
vtan -0.3771 -0.9261 0.0074
vtan -0.3445 -0.9369 0.0593
vtan -0.3937 -0.9172 0.062
vtan -0.2516 -0.9665 -0.0502
vtan -0.2642 -0.9622 -0.0667
vtan -0.2711 -0.9569 -0.1038
vtan -0.288 -0.9554 -0.0653
vtan -0.3042 -0.9525 0.0147
vtan -0.2615 -0.9649 -0.0229
vtan -0.3101 -0.9438 -0.1142
vtan -0.348 -0.9216 -0.1722
vtan -0.2987 -0.9451 -0.1323
vtan -0.2916 -0.9518 -0.0949
vtan -0.4234 -0.9046 -0.0488
vtan -0.4218 -0.9055 -0.0464
vtan -0.38 -0.9238 -0.047
vtan -0.386 -0.9222 -0.0255
vtan -0.3393 -0.94 -0.0357
vtan -0.3461 -0.9382 -0.0073
vtan -0.3004 -0.9535 -0.0238
vtan -0.307 -0.9517 0.0049
vtan -0.1694 -0.9761 -0.1364
vtan -0.1798 -0.9727 -0.147
vtan -0.416 -0.9092 0.015
vtan -0.3744 -0.9272 -0.0126
vtan -0.3306 -0.9433 -0.0281
vtan -0.2882 -0.9559 -0.0565
vtan -0.2222 -0.9668 -0.1265
vtan -0.4006 -0.9129 0.0783
vtan -0.3621 -0.931 0.0459
vtan -0.3203 -0.9472 0.0155
vtan -0.2822 -0.9557 -0.084
vtan -0.2367 -0.959 -0.1561
vtan -0.0974 -0.1314 0.9865
vtan -0.1123 -0.19 0.9753
vtan -0.1487 -0.8113 0.5654
vtan -0.1375 -0.7206 0.6796
vtan -0.1508 -0.6125 0.776
vtan -0.1048 -0.1065 0.9888
vtan -0.1208 -0.5183 0.8466
vtan -0.1191 -0.1587 0.9801
vtan -0.3313 -0.9117 0.2431
vtan -0.2969 -0.9353 0.1926
vtan -0.3715 -0.9199 0.1255
vtan -0.3247 -0.9451 0.0376
vtan -0.2028 -0.9153 0.348
vtan -0.1772 -0.9839 0.0232
vtan -0.1587 -0.9851 0.0666
vtan -0.1278 -0.8634 0.4881
vtan -0.1329 -0.978 -0.1607
vtan -0.1437 -0.9742 -0.1739
vtan -0.202 -0.9632 -0.1773
vtan -0.1888 -0.9702 -0.1518
vtan -0.8378 -0.546 0.0023
vtan -0.842 -0.5392 0.0186
vtan -0.7907 -0.6121 -0.0102
vtan -0.788 -0.6154 -0.0158
vtan -0.8415 -0.5378 0.0518
vtan -0.7906 -0.6124 0.0006
vtan -0.8386 -0.5375 0.0886
vtan -0.7897 -0.6115 0.0489
vtan -0.8381 -0.5373 0.0938
vtan -0.7835 -0.6109 0.1136
vtan -0.8806 -0.4734 0.02
vtan -0.8844 -0.4659 0.0285
vtan -0.8841 -0.4646 0.0489
vtan -0.8842 -0.4641 0.0525
vtan -0.8864 -0.4625 0.0188
vtan -0.9171 -0.3982 0.0205
vtan -0.9199 -0.3918 0.0187
vtan -0.9207 -0.3899 0.0172
vtan -0.9217 -0.3879 -0.0079
vtan -0.9206 -0.386 -0.0588
vtan -0.9473 -0.3203 0.009
vtan -0.9487 -0.3162 0.0016
vtan -0.9493 -0.3139 -0.0157
vtan -0.9487 -0.3119 -0.0519
vtan -0.9456 -0.3116 -0.0931
vtan -0.8373 -0.5362 -0.1067
vtan -0.8301 -0.5396 -0.1404
vtan -0.7831 -0.6117 -0.1124
vtan -0.7944 -0.6073 -0.0117
vtan -0.8719 -0.4656 -0.152
vtan -0.8748 -0.4674 -0.1273
vtan -0.9127 -0.3903 -0.1211
vtan -0.9196 -0.3909 -0.0397
vtan -0.9494 -0.3139 -0.0075
vtan -0.9415 -0.3187 0.1095
vtan -0.8448 -0.5342 -0.032
vtan -0.7866 -0.6103 0.0943
vtan -0.8794 -0.462 -0.115
vtan -0.9103 -0.3884 -0.1435
vtan -0.9462 -0.3128 -0.0826
vtan -0.843 -0.5357 0.048
vtan -0.7792 -0.6104 0.1421
vtan -0.8862 -0.4609 -0.0465
vtan -0.9152 -0.3864 -0.1148
vtan -0.9435 -0.3123 -0.1108
vtan -0.9858 -0.0519 -0.1595
vtan -0.9929 -0.0926 -0.0747
vtan -0.9955 -0.0912 0.0243
vtan -0.9894 -0.0455 -0.1376
vtan -0.9935 -0.0887 0.0709
vtan -0.9958 -0.0426 -0.081
vtan -0.9937 -0.0858 0.0718
vtan -0.9985 -0.0436 -0.0338
vtan -0.9955 -0.0839 0.0443
vtan -0.999 -0.0448 -0.0076
vtan -0.9772 -0.1728 0.1233
vtan -0.9691 -0.1709 0.1776
vtan -0.9756 -0.165 0.1449
vtan -0.9835 -0.1605 0.0829
vtan -0.9869 -0.1595 0.0236
vtan -0.9454 -0.2492 0.2102
vtan -0.9595 -0.2427 0.1429
vtan -0.9702 -0.2368 0.0518
vtan -0.9716 -0.2359 -0.0203
vtan -0.9701 -0.2365 -0.0537
vtan -0.9964 -0.0848 -0.0079
vtan -0.9962 -0.0863 -0.0077
vtan -1.0 -0.0055 -0.007
vtan -0.999 -0.045 -0.0026
vtan -0.9866 -0.1627 -0.0103
vtan -0.9863 -0.1648 -0.0077
vtan -0.9708 -0.2397 -0.0092
vtan -0.9702 -0.2423 -0.0028
vtan -0.9964 -0.0841 -0.0045
vtan -0.999 -0.0452 -0.0056
vtan -0.9867 -0.1617 -0.0158
vtan -0.9709 -0.2381 -0.0272
vtan -0.9964 -0.0835 0.013
vtan -0.999 -0.0453 -0.0023
vtan -0.987 -0.1606 -0.0094
vtan -0.9703 -0.237 -0.0491
vtan -0.4672 -0.8832 -0.0397
vtan -0.466 -0.8825 -0.0627
vtan -0.5079 -0.8591 -0.0628
vtan -0.5095 -0.8594 -0.0429
vtan -0.5487 -0.8343 -0.0527
vtan -0.5529 -0.8331 0.0137
vtan -0.5922 -0.8058 -0.0003
vtan -0.582 -0.807 0.1003
vtan -0.47 -0.8827 0.0035
vtan -0.5089 -0.8604 -0.0281
vtan -0.5477 -0.8346 -0.0587
vtan -0.59 -0.8054 -0.0567
vtan -0.4691 -0.8829 0.0191
vtan -0.5084 -0.861 0.0099
vtan -0.5487 -0.8358 -0.0188
vtan -0.5891 -0.8062 -0.0542
vtan -0.468 -0.8835 0.0189
vtan -0.5063 -0.8621 0.0195
vtan -0.5472 -0.8369 0.013
vtan -0.5903 -0.8071 -0.0135
vtan -0.7235 -0.6802 0.1182
vtan -0.7303 -0.683 -0.015
vtan -0.7172 -0.6752 0.1725
vtan -0.7251 -0.6776 0.1231
vtan -0.735 -0.6773 0.0328
vtan -0.6642 -0.7273 0.1729
vtan -0.6732 -0.7288 0.1248
vtan -0.6756 -0.73 0.1036
vtan -0.6854 -0.7282 0.0056
vtan -0.683 -0.7287 -0.0512
vtan -0.6276 -0.7727 0.0949
vtan -0.6124 -0.7727 0.1672
vtan -0.6385 -0.7696 -0.0053
vtan -0.6345 -0.7708 -0.0574
vtan -0.6339 -0.7718 -0.0508
vtan -0.7354 -0.6775 -0.014
vtan -0.7346 -0.6785 0.0003
vtan -0.6831 -0.7303 0.0049
vtan -0.6811 -0.7321 0.0104
vtan -0.6328 -0.7742 0.0137
vtan -0.6297 -0.7767 0.0132
vtan -0.585 -0.8109 0.0139
vtan -0.5817 -0.8133 0.0127
vtan -0.7344 -0.6777 -0.0374
vtan -0.6838 -0.7295 -0.0144
vtan -0.634 -0.7732 0.01
vtan -0.5868 -0.8096 0.0169
vtan -0.7351 -0.6772 -0.0307
vtan -0.6825 -0.7293 -0.0476
vtan -0.6351 -0.7723 -0.0124
vtan -0.5887 -0.8083 0.0132
vtan -0.4594 -0.8882 0.0081
vtan -0.4625 -0.8866 0.0092
vtan -0.4646 -0.8854 0.0119
vtan -0.4665 -0.8844 0.0154
vtan -0.4965 -0.868 0.0095
vtan -0.4996 -0.8662 0.0107
vtan -0.5021 -0.8647 0.0136
vtan -0.5043 -0.8634 0.0171
vtan -0.5371 -0.8434 0.0112
vtan -0.5406 -0.8412 0.0124
vtan -0.5428 -0.8397 0.0154
vtan -0.5449 -0.8383 0.0188
vtan -0.7444 -0.6668 -0.0341
vtan -0.7822 -0.623 -0.0026
vtan -0.7359 -0.6716 0.0861
vtan -0.7145 -0.6994 0.0165
vtan -0.8068 -0.582 0.1019
vtan -0.7406 -0.6396 0.2062
vtan -0.8 -0.5424 0.2565
vtan -0.7194 -0.6067 0.3384
vtan -0.7679 -0.5007 0.3996
vtan -0.7007 -0.5567 0.4462
vtan -0.7558 -0.6547 -0.0096
vtan -0.7893 -0.6078 -0.0871
vtan -0.8276 -0.5533 -0.0945
vtan -0.8658 -0.5004 0.0053
vtan -0.8735 -0.4492 0.1877
vtan -0.7577 -0.6403 0.1261
vtan -0.8071 -0.589 0.042
vtan -0.8389 -0.5373 -0.0868
vtan -0.8664 -0.4759 -0.1513
vtan -0.9089 -0.4114 -0.0678
vtan -0.7606 -0.6317 0.1497
vtan -0.7978 -0.5764 0.1765
vtan -0.8498 -0.5168 0.1033
vtan -0.8876 -0.4567 -0.0599
vtan -0.9053 -0.3872 -0.1749
vtan -0.9621 -0.2518 0.1044
vtan -0.9818 -0.1583 -0.1049
vtan -0.9868 -0.1571 -0.04
vtan -0.9573 -0.2466 0.1508
vtan -0.9579 -0.2215 0.1825
vtan -0.9893 -0.1361 -0.0518
vtan -0.9538 -0.1916 0.2315
vtan -0.9935 -0.1133 0.0069
vtan -0.9655 -0.159 0.2062
vtan -0.9937 -0.0958 0.0582
vtan -0.8705 -0.3617 0.3337
vtan -0.8401 -0.3768 0.3903
vtan -0.8753 -0.3226 0.3603
vtan -0.9148 -0.2777 0.2933
vtan -0.9642 -0.2421 0.1082
vtan -0.7771 -0.4447 0.4454
vtan -0.7373 -0.4782 0.4771
vtan -0.8498 -0.3945 0.3497
vtan -0.9275 -0.3483 0.1357
vtan -0.9428 -0.3166 -0.1047
vtan -0.9935 -0.0594 -0.0969
vtan -0.9822 -0.1067 -0.1547
vtan -0.9927 -0.0952 -0.0747
vtan -0.9858 -0.0527 -0.1594
vtan -0.9817 -0.1851 -0.0439
vtan -0.9751 -0.185 0.1221
vtan -0.9512 -0.2635 0.1609
vtan -0.9447 -0.252 0.2098
vtan -0.9166 -0.3382 0.2134
vtan -0.9386 -0.3276 0.1087
vtan -0.9976 -0.0688 0.0112
vtan -0.9884 -0.1203 -0.0928
vtan -0.9645 -0.1986 -0.1742
vtan -0.9605 -0.2767 -0.0307
vtan -0.9201 -0.3529 0.1699
vtan -0.9942 -0.0799 0.0722
vtan -0.988 -0.1335 0.0775
vtan -0.97 -0.2184 -0.1064
vtan -0.9388 -0.2932 -0.1805
vtan -0.9288 -0.3688 -0.0364
vtan -0.8314 -0.5448 -0.1093
vtan -0.775 -0.6149 -0.146
vtan -0.7841 -0.6103 -0.1127
vtan -0.8287 -0.5418 -0.14
vtan -0.8344 -0.5511 -0.0074
vtan -0.782 -0.6167 -0.09
vtan -0.8165 -0.562 0.1324
vtan -0.7816 -0.6229 0.0322
vtan -0.8803 -0.4733 -0.0319
vtan -0.8727 -0.4715 -0.1267
vtan -0.8667 -0.4858 0.113
vtan -0.8403 -0.5022 0.2041
vtan -0.908 -0.4068 0.1002
vtan -0.9164 -0.3983 -0.0395
vtan -0.8805 -0.4223 0.2154
vtan -0.8863 -0.4381 0.1503
vtan 0.4754 -0.8798 0.0011
vtan 0.4724 -0.8814 0.0008
vtan 0.5198 -0.8543 0.001
vtan 0.5161 -0.8565 0.0008
vtan 0.566 -0.8244 0.0011
vtan 0.5625 -0.8268 0.0009
vtan 0.614 -0.7893 0.0018
vtan 0.6101 -0.7923 0.0013
vtan 0.4779 -0.8784 0.0013
vtan 0.5227 -0.8525 0.0008
vtan 0.5689 -0.8224 0.0006
vtan 0.6165 -0.7873 0.0024
vtan 0.4802 -0.8772 0.0012
vtan 0.5255 -0.8508 0.0003
vtan 0.5716 -0.8205 0.0007
vtan 0.6189 -0.7855 0.0049
vtan 0.4824 -0.876 0.0011
vtan 0.5281 -0.8492 0.0008
vtan 0.5743 -0.8187 0.0036
vtan 0.6211 -0.7836 0.011
vtan 0.7638 -0.6454 0.0112
vtan 0.76 -0.6499 0.0082
vtan 0.7645 -0.6444 0.0174
vtan 0.7649 -0.6436 0.0258
vtan 0.7653 -0.6429 0.0319
vtan 0.7136 -0.7005 0.0075
vtan 0.7098 -0.7043 0.0051
vtan 0.7149 -0.6991 0.0121
vtan 0.7159 -0.6979 0.0206
vtan 0.7167 -0.6967 0.0307
vtan 0.6634 -0.7483 0.0038
vtan 0.6595 -0.7517 0.0026
vtan 0.6654 -0.7465 0.0064
vtan 0.6671 -0.7449 0.0122
vtan 0.6686 -0.7433 0.0217
vtan 0.7675 -0.641 -0.0109
vtan 0.768 -0.6393 -0.0389
vtan 0.7202 -0.6935 0.0186
vtan 0.7221 -0.6918 -0.0091
vtan 0.6728 -0.7389 0.036
vtan 0.6756 -0.737 0.0184
vtan 0.6263 -0.7787 0.0376
vtan 0.629 -0.7767 0.0322
vtan 0.7669 -0.6415 0.0153
vtan 0.7186 -0.6946 0.0351
vtan 0.6711 -0.7403 0.0398
vtan 0.6247 -0.7803 0.0319
vtan 0.7659 -0.6423 0.03
vtan 0.7174 -0.6957 0.0378
vtan 0.6698 -0.7418 0.0329
vtan 0.6231 -0.7819 0.0207
vtan 0.4867 -0.8735 0.0077
vtan 0.4882 -0.8727 0.0128
vtan 0.4858 -0.8741 0.0039
vtan 0.4843 -0.8749 0.0015
vtan 0.5339 -0.8454 0.0165
vtan 0.5359 -0.844 0.0229
vtan 0.5325 -0.8464 0.0089
vtan 0.5305 -0.8477 0.0033
vtan 0.5803 -0.8139 0.0285
vtan 0.5826 -0.8121 0.0317
vtan 0.5787 -0.8153 0.0189
vtan 0.5767 -0.8169 0.0096
vtan 0.4855 -0.8741 0.015
vtan 0.4852 -0.8743 0.0127
vtan 0.5353 -0.8443 0.0228
vtan 0.5338 -0.8453 0.0228
vtan 0.5833 -0.8119 0.0245
vtan 0.5809 -0.8133 0.0316
vtan 0.63 -0.7764 0.0145
vtan 0.6275 -0.778 0.0322
vtan 0.4834 -0.8753 0.0124
vtan 0.5352 -0.8446 0.0147
vtan 0.5841 -0.8116 0.0086
vtan 0.6309 -0.7758 -0.008
vtan 0.4801 -0.8772 0.0063
vtan 0.5341 -0.8454 0.0019
vtan 0.5842 -0.8116 -0.0082
vtan 0.6314 -0.7751 -0.0225
vtan 0.4757 -0.8796 -0.0009
vtan 0.5324 -0.8465 -0.007
vtan 0.5843 -0.8114 -0.0157
vtan 0.6329 -0.7739 -0.0228
vtan 0.7659 -0.6407 -0.0537
vtan 0.8127 -0.5801 -0.0549
vtan 0.8111 -0.5821 -0.0578
vtan 0.7654 -0.6424 -0.0386
vtan 0.7668 -0.6402 -0.0461
vtan 0.8139 -0.5801 -0.0331
vtan 0.7684 -0.6395 -0.0241
vtan 0.8143 -0.5803 -0.0109
vtan 0.7695 -0.6386 -0.0066
vtan 0.8142 -0.5805 0.0007
vtan 0.7207 -0.6923 -0.0346
vtan 0.72 -0.6939 -0.009
vtan 0.7209 -0.6916 -0.0447
vtan 0.7226 -0.6904 -0.0343
vtan 0.7248 -0.6888 -0.0152
vtan 0.6758 -0.737 -0.0078
vtan 0.674 -0.7385 0.0184
vtan 0.6761 -0.7363 -0.0289
vtan 0.6771 -0.7351 -0.0336
vtan 0.6794 -0.7334 -0.0227
vtan 0.8052 -0.5828 0.1098
vtan 0.7682 -0.6348 0.0831
vtan 0.7588 -0.6413 0.1133
vtan 0.7942 -0.5912 0.1403
vtan 0.7292 -0.6814 0.0621
vtan 0.7219 -0.6861 0.09
vtan 0.6871 -0.7251 0.0461
vtan 0.6817 -0.7282 0.0707
vtan 0.6409 -0.7669 0.0334
vtan 0.6368 -0.7691 0.0549
vtan 0.8116 -0.5811 0.0595
vtan 0.7711 -0.6356 0.037
vtan 0.7293 -0.6838 0.0235
vtan 0.6854 -0.728 0.0128
vtan 0.6385 -0.7696 0.0039
vtan 0.8139 -0.5807 0.0187
vtan 0.7706 -0.6373 0.0073
vtan 0.727 -0.6866 0.0007
vtan 0.6822 -0.7312 -0.0068
vtan 0.6353 -0.7722 -0.0133
vtan 0.4628 -0.8864 0.0154
vtan 0.4586 -0.8882 0.0265
vtan 0.4667 -0.8844 0.0001
vtan 0.4708 -0.8822 -0.0037
vtan 0.5303 -0.8476 0.0186
vtan 0.5271 -0.8492 0.0331
vtan 0.5306 -0.8476 -0.0017
vtan 0.5309 -0.8474 -0.0089
vtan 0.5891 -0.8077 0.0244
vtan 0.5858 -0.8094 0.0425
vtan 0.5873 -0.8093 -0.0008
vtan 0.5853 -0.8107 -0.013
vtan 0.8584 -0.5115 -0.0391
vtan 0.856 -0.5139 -0.057
vtan 0.8989 -0.4378 -0.019
vtan 0.8966 -0.4409 -0.04
vtan 0.9325 -0.3611 -0.0068
vtan 0.9308 -0.365 -0.0213
vtan 0.9591 -0.283 0.0001
vtan 0.9576 -0.2879 -0.0082
vtan 0.859 -0.5118 -0.0152
vtan 0.8991 -0.4377 -0.004
vtan 0.9331 -0.3595 0.0008
vtan 0.9601 -0.2794 0.0145
vtan 0.8587 -0.5125 -0.0023
vtan 0.8991 -0.4378 0.0025
vtan 0.9336 -0.3579 0.014
vtan 0.9601 -0.2757 0.0479
vtan 0.8581 -0.5134 0.0073
vtan 0.8987 -0.4381 0.0212
vtan 0.9328 -0.3565 0.052
vtan 0.9567 -0.272 0.1036
vtan 0.9946 -0.0535 0.0894
vtan 0.9948 -0.0072 0.1019
vtan 0.9864 -0.0116 0.1642
vtan 0.9891 -0.0559 0.1359
vtan 0.9964 -0.0459 0.0709
vtan 0.9999 -0.002 -0.0131
vtan 0.9945 -0.0359 0.0983
vtan 0.9967 0.019 -0.0785
vtan 0.9907 -0.0238 0.1338
vtan 0.997 0.0417 -0.0659
vtan 0.9863 -0.1287 0.1027
vtan 0.9874 -0.1343 0.0834
vtan 0.9829 -0.1231 0.137
vtan 0.9778 -0.1162 0.1744
vtan 0.9728 -0.107 0.2056
vtan 0.9778 -0.2051 0.042
vtan 0.9772 -0.2107 0.0264
vtan 0.9772 -0.2 0.0715
vtan 0.9739 -0.1944 0.1174
vtan 0.9674 -0.1884 0.1692
vtan 0.9859 0.1361 0.0973
vtan 0.9748 0.0549 0.2163
vtan 0.9746 0.0657 0.2143
vtan 0.9711 0.1084 0.2127
vtan 0.9636 -0.0414 0.2642
vtan 0.9608 -0.0262 0.276
vtan 0.9518 -0.145 0.2703
vtan 0.9476 -0.1313 0.2912
vtan 0.9351 -0.2512 0.2501
vtan 0.9302 -0.2433 0.2748
vtan 0.9951 0.0887 0.0431
vtan 0.9819 0.0185 0.1886
vtan 0.9671 -0.0728 0.2437
vtan 0.9551 -0.1673 0.2446
vtan 0.9406 -0.2632 0.2145
vtan 0.9979 0.0626 -0.0152
vtan 0.9865 -0.0067 0.1636
vtan 0.9693 -0.0936 0.2275
vtan 0.9601 -0.1805 0.2136
vtan 0.9489 -0.2687 0.1653
vtan 0.8419 -0.5207 0.1417
vtan 0.8309 -0.5294 0.1713
vtan 0.8511 -0.5172 0.0901
vtan 0.8565 -0.5147 0.038
vtan 0.8782 -0.4439 0.1782
vtan 0.8689 -0.4501 0.2062
vtan 0.8878 -0.4419 0.1284
vtan 0.8959 -0.4392 0.0676
vtan 0.9103 -0.3529 0.2162
vtan 0.9036 -0.353 0.2426
vtan 0.9184 -0.3562 0.1722
vtan 0.9276 -0.3561 0.1128
vtan -0.7245 -0.6775 -0.1271
vtan -0.7363 -0.6765 -0.0151
vtan -0.6782 -0.7345 -0.0236
vtan -0.666 -0.7356 0.1234
vtan -0.6229 -0.7751 0.106
vtan -0.6155 -0.77 0.1681
vtan -0.5693 -0.8071 0.1565
vtan -0.5822 -0.8069 0.1003
vtan -0.721 -0.6789 -0.1385
vtan -0.6683 -0.7321 -0.1318
vtan -0.626 -0.7782 -0.049
vtan -0.5799 -0.8119 0.067
vtan -0.7314 -0.6799 -0.0522
vtan -0.6729 -0.7311 -0.1129
vtan -0.6168 -0.7772 -0.1245
vtan -0.5739 -0.8155 -0.0749
vtan -0.7273 -0.6825 0.0718
vtan -0.6806 -0.7327 -0.0018
vtan -0.6272 -0.7765 -0.0608
vtan -0.5723 -0.8145 -0.0956
vtan -0.465 -0.8831 -0.0626
vtan -0.4662 -0.8845 -0.0183
vtan -0.4589 -0.8862 0.064
vtan -0.4431 -0.8912 0.0973
vtan -0.439 -0.8979 0.0344
vtan -0.5083 -0.8601 -0.0428
vtan -0.5057 -0.8619 0.0366
vtan -0.4905 -0.8636 0.1169
vtan -0.4898 -0.8679 0.0826
vtan -0.4793 -0.8773 -0.0241
vtan -0.5368 -0.8365 0.1106
vtan -0.5457 -0.8379 0.0135
vtan -0.528 -0.8393 0.1296
vtan -0.5338 -0.8455 0.0157
vtan -0.5219 -0.8494 -0.0785
vtan -0.4058 -0.9135 0.0293
vtan -0.3979 -0.9169 0.0324
vtan -0.4612 -0.8863 0.0409
vtan -0.4587 -0.8879 0.0355
vtan -0.5165 -0.8547 0.0532
vtan -0.5213 -0.8526 0.0365
vtan -0.5688 -0.8203 0.0604
vtan -0.581 -0.8132 0.0337
vtan -0.4157 -0.9095 -0.0025
vtan -0.4679 -0.8837 0.0101
vtan -0.52 -0.8533 0.038
vtan -0.5697 -0.8189 0.0695
vtan -0.4254 -0.9047 -0.0232
vtan -0.4741 -0.8793 -0.0452
vtan -0.5246 -0.8506 -0.0372
vtan -0.5774 -0.8165 -0.0033
vtan -0.7027 -0.7113 -0.0137
vtan -0.6917 -0.7222 -0.0061
vtan -0.7165 -0.6944 0.0665
vtan -0.7098 -0.6911 0.1364
vtan -0.6601 -0.7508 0.023
vtan -0.6672 -0.7448 0.007
vtan -0.6693 -0.7368 0.0959
vtan -0.6711 -0.7344 0.1017
vtan -0.6164 -0.7857 0.0524
vtan -0.6314 -0.7751 0.024
vtan -0.6189 -0.7802 0.091
vtan -0.6289 -0.7761 0.047
vtan 0.1565 0.1838 0.9704
vtan 0.0271 0.1677 0.9855
vtan 0.0368 0.2102 0.977
vtan 0.1693 0.2246 0.9596
vtan -0.0007 0.1112 0.9938
vtan 0.0157 0.1868 0.9823
vtan 0.0124 0.0379 0.9992
vtan 0.0168 0.0611 0.998
vtan 0.0228 -0.0124 0.9997
vtan 0.0156 -0.0111 0.9998
vtan 0.02 0.1081 0.9939
vtan 0.0064 0.0375 0.9993
vtan 0.0068 0.0435 0.999
vtan 0.0134 0.0163 0.9998
vtan 0.0296 -0.0021 0.9996
vtan 0.0186 0.1172 0.9929
vtan 0.0046 0.0 1.0
vtan 0.0004 0.0 1.0
vtan 0.0093 -0.0 1.0
vtan 0.0292 0.0 0.9996
vtan 0.0077 0.0 1.0
vtan 0.0045 0.0 1.0
vtan 0.0109 -0.0 0.9999
vtan 0.0273 -0.0 0.9996
vtan -0.008 -0.2398 0.9708
vtan 0.0927 -0.3046 0.948
vtan 0.0215 -0.3485 0.9371
vtan -0.2541 -0.4779 0.8409
vtan 0.1159 -0.0451 0.9922
vtan 0.1302 -0.1919 0.9727
vtan 0.111 -0.0049 0.9938
vtan 0.1241 -0.146 0.9815
vtan 0.1025 -0.0044 0.9947
vtan 0.1144 -0.0819 0.9901
vtan 0.0155 -0.1364 0.9905
vtan 0.0177 -0.132 0.9911
vtan 0.084 -0.0236 0.9962
vtan 0.0827 0.0154 0.9965
vtan 0.0754 0.0089 0.9971
vtan 0.028 -0.068 0.9973
vtan 0.0373 -0.0599 0.9975
vtan 0.0524 -0.0183 0.9985
vtan 0.0543 0.0 0.9985
vtan 0.0498 -0.0 0.9988
vtan 0.084 0.0067 0.9964
vtan 0.0775 -0.0009 0.997
vtan 0.0714 -0.0002 0.9974
vtan 0.0761 0.0075 0.9971
vtan 0.0573 -0.0 0.9984
vtan 0.0534 -0.0 0.9986
vtan 0.0381 -0.0 0.9993
vtan 0.0355 -0.0 0.9994
vtan 0.022 -0.0 0.9998
vtan 0.0206 -0.0 0.9998
vtan 0.0947 -0.0109 0.9954
vtan 0.086 -0.0017 0.9963
vtan 0.0631 -0.0 0.998
vtan 0.0418 0.0 0.9991
vtan 0.0239 0.0 0.9997
vtan 0.1045 -0.0313 0.994
vtan 0.0942 -0.0032 0.9955
vtan 0.069 0.0001 0.9976
vtan 0.0457 0.0 0.999
vtan 0.0257 -0.0 0.9997
vtan 0.0121 0.0 0.9999
vtan 0.0128 -0.0 0.9999
vtan 0.011 0.0 0.9999
vtan 0.0094 0.0 1.0
vtan 0.0108 0.0 0.9999
vtan 0.0115 0.0 0.9999
vtan 0.0095 -0.0 1.0
vtan 0.0076 -0.0 1.0
vtan 0.0125 -0.0 0.9999
vtan 0.0122 -0.0 0.9999
vtan 0.0125 -0.0 0.9999
vtan 0.0122 -0.0 0.9999
vtan 0.0165 0.1407 0.9899
vtan 0.0141 0.0 0.9999
vtan 0.0134 -0.0 0.9999
vtan 0.0162 0.141 0.9899
vtan 0.0121 0.0 0.9999
vtan 0.0119 0.0 0.9999
vtan 0.0112 -0.0 0.9999
vtan 0.0118 -0.0 0.9999
vtan 0.0178 -0.0 0.9998
vtan 0.0193 -0.0 0.9998
vtan 0.0171 0.1399 0.99
vtan 0.015 0.0 0.9999
vtan 0.0121 -0.0 0.9999
vtan 0.0102 -0.0 0.9999
vtan 0.0153 -0.0 0.9999
vtan 0.0173 0.1398 0.99
vtan 0.016 -0.0 0.9999
vtan 0.012 0.0 0.9999
vtan 0.0089 -0.0 1.0
vtan 0.0125 -0.0 0.9999
vtan 0.0171 0.0 0.9999
vtan 0.0119 -0.0 0.9999
vtan 0.0071 -0.0 1.0
vtan 0.0094 -0.0 1.0
vtan 0.0608 0.0 0.9981
vtan 0.0647 -0.0093 0.9979
vtan 0.0714 0.0075 0.9974
vtan 0.0663 -0.0002 0.9978
vtan 0.0534 -0.0 0.9986
vtan 0.0569 -0.0339 0.9978
vtan 0.0468 0.0 0.9989
vtan 0.0504 -0.0601 0.9969
vtan 0.0396 0.0207 0.999
vtan 0.0478 -0.0243 0.9986
vtan 0.0461 0.0 0.9989
vtan 0.0499 -0.0 0.9988
vtan 0.0405 -0.0 0.9992
vtan 0.0348 0.0 0.9994
vtan 0.0293 0.0063 0.9996
vtan 0.0305 0.0 0.9995
vtan 0.0331 -0.0 0.9995
vtan 0.0264 0.0 0.9997
vtan 0.0222 -0.0 0.9998
vtan 0.018 -0.0 0.9998
vtan 0.0346 0.0412 0.9986
vtan 0.0247 0.0678 0.9974
vtan 0.0233 0.0546 0.9982
vtan 0.0119 0.0708 0.9974
vtan 0.0128 0.0266 0.9996
vtan 0.0133 0.0146 0.9998
vtan 0.0065 0.0051 1.0
vtan 0.0054 0.0 1.0
vtan 0.0028 0.0 1.0
vtan 0.0014 -0.0 1.0
vtan 0.0361 0.0435 0.9984
vtan 0.0317 0.089 0.9955
vtan 0.0187 0.0421 0.9989
vtan 0.0102 0.0099 0.9999
vtan 0.0046 -0.0 1.0
vtan 0.0415 0.0432 0.9982
vtan 0.0341 0.0683 0.9971
vtan 0.0245 0.029 0.9993
vtan 0.0141 0.0049 0.9999
vtan 0.0067 -0.0 1.0
vtan 0.0181 0.0003 0.9998
vtan 0.0196 0.0008 0.9998
vtan 0.0182 0.0 0.9998
vtan 0.0179 0.0 0.9998
vtan 0.0108 0.0 0.9999
vtan 0.0103 0.0 0.9999
vtan 0.0113 -0.0 0.9999
vtan 0.0116 -0.0 0.9999
vtan 0.0038 0.0 1.0
vtan 0.0031 -0.0 1.0
vtan 0.0046 -0.0 1.0
vtan 0.0056 -0.0 1.0
vtan -0.0021 -0.0004 1.0
vtan -0.0025 -0.0004 1.0
vtan -0.0044 -0.0 1.0
vtan -0.0041 -0.0 1.0
vtan -0.01 -0.0 0.9999
vtan -0.0087 -0.0 1.0
vtan -0.0211 0.0 0.9998
vtan -0.019 -0.0 0.9998
vtan -0.0016 -0.0004 1.0
vtan -0.0047 -0.0 1.0
vtan -0.0117 -0.0 0.9999
vtan -0.0239 -0.0 0.9997
vtan -0.0013 -0.0004 1.0
vtan -0.0048 0.0 1.0
vtan -0.0131 -0.0 0.9999
vtan -0.0266 -0.0 0.9996
vtan -0.001 -0.0004 1.0
vtan -0.0048 -0.0 1.0
vtan -0.0143 -0.0 0.9999
vtan -0.0291 -0.0 0.9996
vtan -0.0797 -0.0 0.9968
vtan -0.0817 -0.0 0.9967
vtan -0.0946 0.0147 0.9954
vtan -0.0922 0.0144 0.9956
vtan -0.0854 -0.0 0.9963
vtan -0.0978 -0.0004 0.9952
vtan -0.0896 -0.0 0.996
vtan -0.1025 -0.043 0.9938
vtan -0.0938 -0.0001 0.9956
vtan -0.1073 -0.0711 0.9917
vtan -0.0545 0.0 0.9985
vtan -0.0572 0.0 0.9984
vtan -0.0612 0.0 0.9981
vtan -0.0652 -0.0 0.9979
vtan -0.0693 0.0 0.9976
vtan -0.0347 -0.0 0.9994
vtan -0.0373 -0.0 0.9993
vtan -0.0412 -0.0 0.9992
vtan -0.045 0.0 0.999
vtan -0.0488 0.0 0.9988
vtan -0.1057 -0.0474 0.9933
vtan -0.0989 -0.1434 0.9847
vtan -0.0805 -0.0763 0.9938
vtan -0.0248 -0.1353 0.9905
vtan -0.0467 -0.0532 0.9975
vtan 0.011 -0.115 0.9933
vtan -0.0408 -0.0207 0.999
vtan -0.0171 -0.0409 0.999
vtan -0.0236 -0.0103 0.9997
vtan -0.01 -0.0205 0.9997
vtan -0.1165 -0.107 0.9874
vtan -0.1017 -0.0009 0.9948
vtan -0.0779 0.0 0.997
vtan -0.0567 -0.0 0.9984
vtan -0.0333 -0.0 0.9994
vtan -0.1122 -0.0894 0.9897
vtan -0.0979 -0.0004 0.9952
vtan -0.0735 0.0 0.9973
vtan -0.0528 -0.0 0.9986
vtan -0.0313 -0.0 0.9995
vtan -0.0738 0.0845 0.9937
vtan -0.2011 0.3119 0.9286
vtan -0.0008 -0.0004 1.0
vtan -0.0009 -0.0004 1.0
vtan -0.0212 0.0131 0.9997
vtan -0.0326 0.0505 0.9982
vtan -0.0041 -0.0 1.0
vtan -0.0047 -0.0 1.0
vtan -0.0065 -0.0128 0.9999
vtan -0.0119 -0.0032 0.9999
vtan -0.016 -0.0 0.9999
vtan -0.0152 -0.0 0.9999
vtan -0.0048 -0.0004 1.0
vtan -0.0057 -0.0004 1.0
vtan 0.0003 0.0 1.0
vtan 0.0007 0.0 1.0
vtan 0.0027 0.0 1.0
vtan 0.0036 0.0 1.0
vtan -0.0003 0.0 1.0
vtan 0.001 -0.0 1.0
vtan -0.0048 -0.0004 1.0
vtan -0.0002 -0.0 1.0
vtan 0.0017 0.0 1.0
vtan -0.0021 -0.0 1.0
vtan -0.0048 -0.0004 1.0
vtan -0.0006 0.0 1.0
vtan 0.0006 -0.0 1.0
vtan -0.0042 -0.0 1.0
vtan -0.0047 -0.0004 1.0
vtan -0.001 0.0 1.0
vtan -0.0004 -0.0 1.0
vtan -0.0064 -0.0 1.0
vtan -0.0276 0.0378 0.9989
vtan -0.0347 0.0468 0.9983
vtan -0.0421 0.0609 0.9973
vtan -0.0458 0.0938 0.9945
vtan -0.0439 0.0627 0.9971
vtan -0.052 0.0514 0.9973
vtan -0.0501 0.0981 0.9939
vtan -0.0575 0.0286 0.9979
vtan -0.0535 0.1126 0.9922
vtan -0.0686 0.0204 0.9974
vtan -0.0167 0.0057 0.9998
vtan -0.0137 0.0127 0.9998
vtan -0.0237 0.0135 0.9996
vtan -0.0293 0.0332 0.999
vtan -0.0348 0.0367 0.9987
vtan -0.0052 0.0 1.0
vtan -0.0079 0.0001 1.0
vtan -0.012 -0.0 0.9999
vtan -0.015 0.0 0.9999
vtan -0.0187 -0.0 0.9998
vtan -0.09 0.0144 0.9958
vtan -0.0855 0.0435 0.9954
vtan -0.0742 -0.0 0.9972
vtan -0.0768 -0.0 0.997
vtan -0.0492 0.0 0.9988
vtan -0.0518 0.0 0.9987
vtan -0.0296 0.0 0.9996
vtan -0.0321 -0.0 0.9995
vtan -0.0151 -0.0 0.9999
vtan -0.0171 -0.0 0.9999
vtan -0.0762 0.0502 0.9958
vtan -0.0682 0.0187 0.9975
vtan -0.0449 -0.0 0.999
vtan -0.0263 0.0 0.9997
vtan -0.0119 -0.0 0.9999
vtan -0.0783 0.0334 0.9964
vtan -0.0593 0.0721 0.9956
vtan -0.0406 0.0141 0.9991
vtan -0.023 0.0 0.9997
vtan -0.0088 -0.0 1.0
vtan -0.003 -0.0004 1.0
vtan -0.0035 -0.0004 1.0
vtan -0.0041 -0.0004 1.0
vtan -0.0046 -0.0004 1.0
vtan -0.0038 -0.0 1.0
vtan -0.0031 0.0 1.0
vtan -0.0021 0.0 1.0
vtan -0.0015 -0.0 1.0
vtan -0.0076 -0.0 1.0
vtan -0.0058 -0.0 1.0
vtan -0.0035 -0.0 1.0
vtan -0.0018 -0.0 1.0
vtan 0.1189 0.0069 0.9929
vtan 0.1086 0.0074 0.9941
vtan 0.1328 -0.0107 0.9911
vtan 0.145 -0.031 0.9889
vtan -0.0996 0.0437 0.9941
vtan -0.1344 0.0146 0.9908
vtan -0.0951 0.0509 0.9942
vtan -0.111 0.0366 0.9931
f 0/0/0/0 1/1/1/1 2/2/2/2 
f 0/0/3/3 2/2/4/4 3/3/5/5 
f 4/4/6/6 3/3/5/5 2/2/4/4 
f 4/4/6/6 2/2/4/4 5/5/7/7 
f 6/6/8/8 4/4/6/6 5/5/7/7 
f 6/6/8/8 5/5/7/7 7/7/9/9 
f 8/8/10/10 6/6/8/8 7/7/9/9 
f 8/8/10/10 7/7/9/9 9/9/11/11 
f 0/0/3/3 3/3/5/5 10/10/12/12 
f 0/0/3/3 10/10/12/12 11/11/13/13 
f 12/12/14/14 10/10/12/12 3/3/5/5 
f 12/12/14/14 3/3/5/5 4/4/6/6 
f 13/13/15/15 12/12/14/14 4/4/6/6 
f 13/13/15/15 4/4/6/6 6/6/8/8 
f 14/14/16/16 13/13/15/15 6/6/8/8 
f 14/14/16/16 6/6/8/8 8/8/10/10 
f 15/15/17/17 16/16/18/18 11/11/13/13 
f 15/15/17/17 11/11/13/13 10/10/12/12 
f 17/17/19/19 15/15/17/17 10/10/12/12 
f 17/17/19/19 10/10/12/12 12/12/14/14 
f 18/18/20/20 17/17/19/19 12/12/14/14 
f 18/18/20/20 12/12/14/14 13/13/15/15 
f 19/19/21/21 18/18/20/20 13/13/15/15 
f 19/19/21/21 13/13/15/15 14/14/16/16 
f 20/20/22/22 21/21/23/23 16/16/18/18 
f 20/20/22/22 16/16/18/18 15/15/17/17 
f 22/22/24/24 20/20/22/22 15/15/17/17 
f 22/22/24/24 15/15/17/17 17/17/19/19 
f 23/23/25/25 22/22/24/24 17/17/19/19 
f 23/23/25/25 17/17/19/19 18/18/20/20 
f 24/24/26/26 23/23/25/25 18/18/20/20 
f 24/24/26/26 18/18/20/20 19/19/21/21 
f 25/25/27/27 26/26/28/28 27/27/29/29 
f 25/25/27/27 27/27/29/29 28/28/30/30 
f 27/27/29/29 29/29/31/31 30/30/32/32 
f 27/27/29/29 30/30/32/32 28/28/30/30 
f 31/31/33/33 32/32/34/34 30/30/32/32 
f 31/31/33/33 30/30/32/32 29/29/31/31 
f 33/33/35/35 34/34/36/36 32/32/34/34 
f 33/33/35/35 32/32/34/34 31/31/33/33 
f 28/28/30/30 35/35/37/37 36/36/38/38 
f 28/28/30/30 36/36/38/38 25/25/27/27 
f 37/37/39/39 35/35/37/37 28/28/30/30 
f 37/37/39/39 28/28/30/30 30/30/32/32 
f 38/38/40/40 37/37/39/39 30/30/32/32 
f 38/38/40/40 30/30/32/32 32/32/34/34 
f 39/39/41/41 38/38/40/40 32/32/34/34 
f 39/39/41/41 32/32/34/34 34/34/36/36 
f 35/35/37/37 40/40/42/42 41/41/43/43 
f 35/35/37/37 41/41/43/43 36/36/38/38 
f 37/37/39/39 42/42/44/44 40/40/42/42 
f 37/37/39/39 40/40/42/42 35/35/37/37 
f 38/38/40/40 43/43/45/45 42/42/44/44 
f 38/38/40/40 42/42/44/44 37/37/39/39 
f 44/44/46/46 43/43/45/45 38/38/40/40 
f 44/44/46/46 38/38/40/40 39/39/41/41 
f 40/40/42/42 8/8/10/10 9/9/11/11 
f 40/40/42/42 9/9/11/11 41/41/43/43 
f 42/42/44/44 14/14/16/16 8/8/10/10 
f 42/42/44/44 8/8/10/10 40/40/42/42 
f 43/43/45/45 19/19/21/21 14/14/16/16 
f 43/43/45/45 14/14/16/16 42/42/44/44 
f 44/44/46/46 24/24/26/26 19/19/21/21 
f 44/44/46/46 19/19/21/21 43/43/45/45 
f 45/45/47/47 46/46/48/48 47/47/49/49 
f 45/45/47/47 47/47/49/49 48/48/50/50 
f 49/49/51/51 50/50/52/52 51/51/53/53 
f 49/49/51/51 51/51/53/53 52/52/54/54 
f 52/52/54/54 51/51/53/53 53/53/55/55 
f 52/52/54/54 53/53/55/55 54/54/56/56 
f 54/54/56/56 53/53/55/55 55/55/57/57 
f 54/54/56/56 55/55/57/57 56/56/58/58 
f 46/46/48/48 57/57/59/59 58/58/60/60 
f 46/46/48/48 58/58/60/60 47/47/49/49 
f 59/59/61/61 49/49/51/51 52/52/54/54 
f 59/59/61/61 52/52/54/54 60/60/62/62 
f 60/60/62/62 52/52/54/54 54/54/56/56 
f 60/60/62/62 54/54/56/56 61/61/63/63 
f 61/61/63/63 54/54/56/56 56/56/58/58 
f 61/61/63/63 56/56/58/58 62/62/64/64 
f 57/57/59/59 63/63/65/65 64/64/66/66 
f 57/57/59/59 64/64/66/66 58/58/60/60 
f 65/65/67/67 59/59/61/61 60/60/62/62 
f 65/65/67/67 60/60/62/62 66/66/68/68 
f 66/66/68/68 60/60/62/62 61/61/63/63 
f 66/66/68/68 61/61/63/63 67/67/69/69 
f 67/67/69/69 61/61/63/63 62/62/64/64 
f 67/67/69/69 62/62/64/64 68/68/70/70 
f 33/33/35/35 69/69/71/71 64/64/66/66 
f 33/33/35/35 64/64/66/66 63/63/65/65 
f 34/34/36/36 65/65/67/67 66/66/68/68 
f 34/34/36/36 66/66/68/68 39/39/41/41 
f 39/39/41/41 66/66/68/68 67/67/69/69 
f 39/39/41/41 67/67/69/69 44/44/46/46 
f 44/44/46/46 67/67/69/69 68/68/70/70 
f 44/44/46/46 68/68/70/70 24/24/26/26 
f 70/70/72/72 71/71/73/73 72/72/74/74 
f 70/70/72/72 72/72/74/74 73/73/75/75 
f 74/74/76/76 70/70/72/72 73/73/75/75 
f 74/74/76/76 73/73/75/75 75/75/77/77 
f 76/76/78/78 74/74/76/76 75/75/77/77 
f 76/76/78/78 75/75/77/77 77/77/79/79 
f 20/20/22/22 76/76/78/78 77/77/79/79 
f 20/20/22/22 77/77/79/79 21/21/23/23 
f 78/78/80/80 79/79/81/81 71/71/73/73 
f 78/78/80/80 71/71/73/73 70/70/72/72 
f 80/80/82/82 78/78/80/80 70/70/72/72 
f 80/80/82/82 70/70/72/72 74/74/76/76 
f 81/81/83/83 80/80/82/82 74/74/76/76 
f 81/81/83/83 74/74/76/76 76/76/78/78 
f 22/22/24/24 81/81/83/83 76/76/78/78 
f 22/22/24/24 76/76/78/78 20/20/22/22 
f 82/82/84/84 83/83/85/85 79/79/81/81 
f 82/82/84/84 79/79/81/81 78/78/80/80 
f 84/84/86/86 82/82/84/84 78/78/80/80 
f 84/84/86/86 78/78/80/80 80/80/82/82 
f 85/85/87/87 84/84/86/86 80/80/82/82 
f 85/85/87/87 80/80/82/82 81/81/83/83 
f 22/22/24/24 23/23/25/25 85/85/87/87 
f 22/22/24/24 85/85/87/87 81/81/83/83 
f 56/56/58/58 55/55/57/57 83/83/85/85 
f 56/56/58/58 83/83/85/85 82/82/84/84 
f 62/62/64/64 56/56/58/58 82/82/84/84 
f 62/62/64/64 82/82/84/84 84/84/86/86 
f 68/68/70/70 62/62/64/64 84/84/86/86 
f 68/68/70/70 84/84/86/86 85/85/87/87 
f 24/24/26/26 68/68/70/70 85/85/87/87 
f 24/24/26/26 85/85/87/87 23/23/25/25 
f 86/73/88/88 72/72/74/89 71/71/73/90 
f 86/73/88/88 71/71/73/90 87/70/89/91 
f 87/70/89/91 71/71/73/90 79/79/81/92 
f 87/70/89/91 79/79/81/92 88/78/90/93 
f 88/78/90/93 79/79/81/92 83/83/85/94 
f 88/78/90/93 83/83/85/94 89/82/91/95 
f 89/82/91/95 83/83/85/94 55/55/57/96 
f 89/82/91/95 55/55/57/96 90/56/92/97 
f 91/86/93/98 86/73/88/88 87/70/89/91 
f 91/86/93/98 87/70/89/91 92/74/94/99 
f 92/74/94/99 87/70/89/91 88/78/90/93 
f 92/74/94/99 88/78/90/93 93/80/95/100 
f 93/80/95/100 88/78/90/93 89/82/91/95 
f 93/80/95/100 89/82/91/95 94/84/96/101 
f 94/84/96/101 89/82/91/95 90/56/92/97 
f 94/84/96/101 90/56/92/97 95/62/97/102 
f 96/87/98/103 91/86/93/98 92/74/94/99 
f 96/87/98/103 92/74/94/99 97/76/99/104 
f 97/76/99/104 92/74/94/99 93/80/95/100 
f 97/76/99/104 93/80/95/100 98/81/100/105 
f 98/81/100/105 93/80/95/100 94/84/96/101 
f 98/81/100/105 94/84/96/101 99/85/101/106 
f 99/85/101/106 94/84/96/101 95/62/97/102 
f 99/85/101/106 95/62/97/102 100/68/102/107 
f 101/88/103/108 96/87/98/103 97/76/99/104 
f 101/88/103/108 97/76/99/104 102/89/104/109 
f 102/89/104/109 97/76/99/104 98/81/100/105 
f 102/89/104/109 98/81/100/105 103/90/105/110 
f 103/90/105/110 98/81/100/105 99/85/101/106 
f 103/90/105/110 99/85/101/106 104/91/106/111 
f 104/91/106/111 99/85/101/106 100/68/102/107 
f 104/91/106/111 100/68/102/107 105/24/107/112 
f 45/45/47/113 106/46/108/114 107/49/109/115 
f 45/45/47/113 107/49/109/115 50/50/52/116 
f 106/46/108/114 108/57/110/117 109/59/111/118 
f 106/46/108/114 109/59/111/118 107/49/109/115 
f 108/57/110/117 110/63/112/119 111/92/113/120 
f 108/57/110/117 111/92/113/120 109/59/111/118 
f 110/63/112/119 112/93/114/121 113/94/115/122 
f 110/63/112/119 113/94/115/122 111/92/113/120 
f 114/52/116/123 51/51/53/124 50/50/52/116 
f 114/52/116/123 50/50/52/116 107/49/109/115 
f 115/60/117/125 114/52/116/123 107/49/109/115 
f 115/60/117/125 107/49/109/115 109/59/111/118 
f 116/95/118/126 115/60/117/125 109/59/111/118 
f 116/95/118/126 109/59/111/118 111/92/113/120 
f 117/39/119/127 116/95/118/126 111/92/113/120 
f 117/39/119/127 111/92/113/120 113/94/115/122 
f 118/54/120/128 53/53/55/129 51/51/53/124 
f 118/54/120/128 51/51/53/124 114/52/116/123 
f 119/61/121/130 118/54/120/128 114/52/116/123 
f 119/61/121/130 114/52/116/123 115/60/117/125 
f 120/67/122/131 119/61/121/130 115/60/117/125 
f 120/67/122/131 115/60/117/125 116/95/118/126 
f 121/44/123/132 120/67/122/131 116/95/118/126 
f 121/44/123/132 116/95/118/126 117/39/119/127 
f 90/56/92/97 55/55/57/96 53/53/55/129 
f 90/56/92/97 53/53/55/129 118/54/120/128 
f 95/62/97/102 90/56/92/97 118/54/120/128 
f 95/62/97/102 118/54/120/128 119/61/121/130 
f 100/68/102/107 95/62/97/102 119/61/121/130 
f 100/68/102/107 119/61/121/130 120/67/122/131 
f 105/24/107/112 100/68/102/107 120/67/122/131 
f 105/24/107/112 120/67/122/131 121/44/123/132 
f 122/26/124/133 123/27/125/134 124/96/126/135 
f 122/26/124/133 124/96/126/135 125/97/127/136 
f 126/35/128/137 127/98/129/138 128/99/130/139 
f 126/35/128/137 128/99/130/139 129/100/131/140 
f 130/101/132/141 126/35/128/137 129/100/131/140 
f 130/101/132/141 129/100/131/140 131/102/133/142 
f 130/101/132/141 131/102/133/142 132/103/134/143 
f 130/101/132/141 132/103/134/143 133/104/135/144 
f 123/27/125/134 134/29/136/145 135/105/137/146 
f 123/27/125/134 135/105/137/146 124/96/126/135 
f 136/37/138/147 137/30/139/148 127/98/129/138 
f 136/37/138/147 127/98/129/138 126/35/128/137 
f 136/37/138/147 126/35/128/137 130/101/132/141 
f 136/37/138/147 130/101/132/141 138/106/140/149 
f 138/106/140/149 130/101/132/141 133/104/135/144 
f 138/106/140/149 133/104/135/144 139/14/141/150 
f 140/31/142/151 141/107/143/152 135/105/137/146 
f 140/31/142/151 135/105/137/146 134/29/136/145 
f 142/38/144/153 143/32/145/154 137/30/139/148 
f 142/38/144/153 137/30/139/148 136/37/138/147 
f 142/38/144/153 136/37/138/147 138/106/140/149 
f 142/38/144/153 138/106/140/149 144/108/146/155 
f 144/108/146/155 138/106/140/149 139/14/141/150 
f 144/108/146/155 139/14/141/150 145/19/147/156 
f 112/93/114/121 146/69/148/157 141/107/143/152 
f 112/93/114/121 141/107/143/152 140/31/142/151 
f 117/39/119/127 113/94/115/122 143/32/145/154 
f 117/39/119/127 143/32/145/154 142/38/144/153 
f 117/39/119/127 142/38/144/153 144/108/146/155 
f 117/39/119/127 144/108/146/155 121/44/123/132 
f 121/44/123/132 144/108/146/155 145/19/147/156 
f 121/44/123/132 145/19/147/156 105/24/107/112 
f 147/109/149/158 148/110/150/159 149/111/151/160 
f 151/112/152/161 148/110/150/159 147/109/149/158 
f 151/112/152/161 147/109/149/158 152/113/153/162 
f 153/114/154/163 151/112/152/161 152/113/153/162 
f 153/114/154/163 152/113/153/162 154/115/155/164 
f 102/89/104/109 153/114/154/163 154/115/155/164 
f 102/89/104/109 154/115/155/164 101/88/103/108 
f 155/116/156/165 156/117/157/166 149/111/151/160 
f 155/116/156/165 149/111/151/160 148/110/150/159 
f 157/118/158/167 155/116/156/165 148/110/150/159 
f 157/118/158/167 148/110/150/159 151/112/152/161 
f 158/17/159/168 157/118/158/167 151/112/152/161 
f 158/17/159/168 151/112/152/161 153/114/154/163 
f 103/90/105/110 158/17/159/168 153/114/154/163 
f 103/90/105/110 153/114/154/163 102/89/104/109 
f 159/119/160/169 160/120/161/170 156/117/157/166 
f 159/119/160/169 156/117/157/166 155/116/156/165 
f 161/13/162/171 159/119/160/169 155/116/156/165 
f 161/13/162/171 155/116/156/165 157/118/158/167 
f 162/121/163/172 161/13/162/171 157/118/158/167 
f 162/121/163/172 157/118/158/167 158/17/159/168 
f 104/91/106/111 162/121/163/172 158/17/159/168 
f 104/91/106/111 158/17/159/168 103/90/105/110 
f 133/104/135/144 132/103/134/143 160/120/161/170 
f 133/104/135/144 160/120/161/170 159/119/160/169 
f 139/14/141/150 133/104/135/144 159/119/160/169 
f 139/14/141/150 159/119/160/169 161/13/162/171 
f 145/19/147/156 139/14/141/150 161/13/162/171 
f 145/19/147/156 161/13/162/171 162/121/163/172 
f 105/24/107/112 145/19/147/156 162/121/163/172 
f 105/24/107/112 162/121/163/172 104/91/106/111 
f 163/122/164/173 164/123/165/174 165/124/166/175 
f 163/122/164/173 165/124/166/175 166/125/167/176 
f 167/126/168/177 168/127/169/178 169/128/170/179 
f 167/126/168/177 169/128/170/179 170/129/171/180 
f 171/130/172/181 172/131/173/182 173/132/174/183 
f 171/130/172/181 173/132/174/183 174/133/175/184 
f 174/133/175/184 173/132/174/183 175/134/176/185 
f 174/133/175/184 175/134/176/185 176/135/177/186 
f 177/136/178/187 178/137/179/188 165/124/166/175 
f 177/136/178/187 165/124/166/175 164/123/165/174 
f 168/127/169/178 179/138/180/189 180/139/181/190 
f 168/127/169/178 180/139/181/190 169/128/170/179 
f 181/140/182/191 171/130/172/181 174/133/175/184 
f 181/140/182/191 174/133/175/184 182/141/183/192 
f 182/141/183/192 174/133/175/184 176/135/177/186 
f 182/141/183/192 176/135/177/186 183/142/184/193 
f 177/136/178/187 184/143/185/194 185/144/186/195 
f 177/136/178/187 185/144/186/195 178/137/179/188 
f 186/145/187/196 187/146/188/197 180/139/181/190 
f 186/145/187/196 180/139/181/190 179/138/180/189 
f 188/147/189/198 181/140/182/191 182/141/183/192 
f 188/147/189/198 182/141/183/192 189/148/190/199 
f 189/148/190/199 182/141/183/192 183/142/184/193 
f 189/148/190/199 183/142/184/193 190/149/191/200 
f 191/150/192/201 192/151/193/202 185/144/186/195 
f 191/150/192/201 185/144/186/195 184/143/185/194 
f 193/152/194/203 194/153/195/204 187/146/188/197 
f 193/152/194/203 187/146/188/197 186/145/187/196 
f 195/154/196/205 188/147/189/198 189/148/190/199 
f 195/154/196/205 189/148/190/199 196/155/197/206 
f 196/155/197/206 189/148/190/199 190/149/191/200 
f 196/155/197/206 190/149/191/200 197/156/198/207 
f 198/157/199/208 199/158/200/209 200/159/201/210 
f 198/157/199/208 200/159/201/210 201/160/202/211 
f 202/161/203/212 198/157/199/208 201/160/202/211 
f 202/161/203/212 201/160/202/211 203/162/204/213 
f 204/163/205/214 202/161/203/212 203/162/204/213 
f 204/163/205/214 203/162/204/213 205/164/206/215 
f 206/165/207/216 204/163/205/214 205/164/206/215 
f 206/165/207/216 205/164/206/215 207/166/208/217 
f 208/167/209/218 209/168/210/219 199/158/200/209 
f 208/167/209/218 199/158/200/209 198/157/199/208 
f 210/169/211/220 208/167/209/218 198/157/199/208 
f 210/169/211/220 198/157/199/208 202/161/203/212 
f 211/170/212/221 210/169/211/220 202/161/203/212 
f 211/170/212/221 202/161/203/212 204/163/205/214 
f 212/171/213/222 211/170/212/221 204/163/205/214 
f 212/171/213/222 204/163/205/214 206/165/207/216 
f 213/172/214/223 214/173/215/224 209/168/210/219 
f 213/172/214/223 209/168/210/219 208/167/209/218 
f 215/174/216/225 213/172/214/223 208/167/209/218 
f 215/174/216/225 208/167/209/218 210/169/211/220 
f 216/175/217/226 215/174/216/225 210/169/211/220 
f 216/175/217/226 210/169/211/220 211/170/212/221 
f 217/176/218/227 216/175/217/226 211/170/212/221 
f 217/176/218/227 211/170/212/221 212/171/213/222 
f 176/135/177/186 175/134/176/185 214/173/215/224 
f 176/135/177/186 214/173/215/224 213/172/214/223 
f 183/142/184/193 176/135/177/186 213/172/214/223 
f 183/142/184/193 213/172/214/223 215/174/216/225 
f 190/149/191/200 183/142/184/193 215/174/216/225 
f 190/149/191/200 215/174/216/225 216/175/217/226 
f 197/156/198/207 190/149/191/200 216/175/217/226 
f 197/156/198/207 216/175/217/226 217/176/218/227 
f 218/177/219/228 219/178/220/229 220/179/221/230 
f 218/177/219/228 220/179/221/230 221/180/222/231 
f 221/180/222/231 220/179/221/230 222/181/223/232 
f 221/180/222/231 222/181/223/232 223/182/224/233 
f 223/182/224/233 222/181/223/232 224/183/225/234 
f 223/182/224/233 224/183/225/234 225/184/226/235 
f 225/184/226/235 224/183/225/234 226/185/227/236 
f 225/184/226/235 226/185/227/236 227/186/228/237 
f 228/187/229/238 218/177/219/228 221/180/222/231 
f 228/187/229/238 221/180/222/231 229/188/230/239 
f 229/188/230/239 221/180/222/231 223/182/224/233 
f 229/188/230/239 223/182/224/233 230/189/231/240 
f 230/189/231/240 223/182/224/233 225/184/226/235 
f 230/189/231/240 225/184/226/235 231/190/232/241 
f 231/190/232/241 225/184/226/235 227/186/228/237 
f 231/190/232/241 227/186/228/237 232/191/233/242 
f 233/192/234/243 228/187/229/238 229/188/230/239 
f 233/192/234/243 229/188/230/239 234/193/235/244 
f 234/193/235/244 229/188/230/239 230/189/231/240 
f 234/193/235/244 230/189/231/240 235/194/236/245 
f 235/194/236/245 230/189/231/240 231/190/232/241 
f 235/194/236/245 231/190/232/241 236/195/237/246 
f 236/195/237/246 231/190/232/241 232/191/233/242 
f 236/195/237/246 232/191/233/242 237/196/238/247 
f 207/166/208/217 233/192/234/243 234/193/235/244 
f 207/166/208/217 234/193/235/244 206/165/207/216 
f 206/165/207/216 234/193/235/244 235/194/236/245 
f 206/165/207/216 235/194/236/245 212/171/213/222 
f 212/171/213/222 235/194/236/245 236/195/237/246 
f 212/171/213/222 236/195/237/246 217/176/218/227 
f 217/176/218/227 236/195/237/246 237/196/238/247 
f 217/176/218/227 237/196/238/247 197/156/198/207 
f 238/197/239/248 239/198/240/249 240/199/241/250 
f 238/197/239/248 240/199/241/250 241/200/242/251 
f 242/201/243/252 243/202/244/253 239/198/240/249 
f 242/201/243/252 239/198/240/249 238/197/239/248 
f 242/201/243/252 244/203/245/254 245/204/246/255 
f 242/201/243/252 245/204/246/255 243/202/244/253 
f 244/203/245/254 191/150/192/201 194/153/195/204 
f 244/203/245/254 194/153/195/204 245/204/246/255 
f 246/205/247/256 247/206/248/257 248/207/249/258 
f 246/205/247/256 248/207/249/258 249/208/250/259 
f 250/209/251/260 251/210/252/261 248/207/249/258 
f 250/209/251/260 248/207/249/258 247/206/248/257 
f 252/211/253/262 253/212/254/263 251/210/252/261 
f 252/211/253/262 251/210/252/261 250/209/251/260 
f 252/211/253/262 193/152/194/203 195/154/196/205 
f 252/211/253/262 195/154/196/205 253/212/254/263 
f 254/213/255/264 255/214/256/265 249/208/250/259 
f 254/213/255/264 249/208/250/259 248/207/249/258 
f 256/215/257/266 254/213/255/264 248/207/249/258 
f 256/215/257/266 248/207/249/258 251/210/252/261 
f 257/216/258/267 256/215/257/266 251/210/252/261 
f 257/216/258/267 251/210/252/261 253/212/254/263 
f 196/155/197/206 257/216/258/267 253/212/254/263 
f 196/155/197/206 253/212/254/263 195/154/196/205 
f 227/186/228/237 226/185/227/236 255/214/256/265 
f 227/186/228/237 255/214/256/265 254/213/255/264 
f 232/191/233/242 227/186/228/237 254/213/255/264 
f 232/191/233/242 254/213/255/264 256/215/257/266 
f 237/196/238/247 232/191/233/242 256/215/257/266 
f 237/196/238/247 256/215/257/266 257/216/258/267 
f 197/156/198/207 237/196/238/247 257/216/258/267 
f 197/156/198/207 257/216/258/267 196/155/197/206 
f 258/124/259/268 259/123/260/269 260/122/261/270 
f 258/124/259/268 260/122/261/270 261/125/262/271 
f 262/137/263/272 263/136/264/273 259/123/260/269 
f 262/137/263/272 259/123/260/269 258/124/259/268 
f 264/143/265/274 263/136/264/273 262/137/263/272 
f 264/143/265/274 262/137/263/272 265/144/266/275 
f 266/151/267/276 267/150/268/277 264/143/265/274 
f 266/151/267/276 264/143/265/274 265/144/266/275 
f 268/128/269/278 269/217/270/279 270/126/271/280 
f 268/128/269/278 270/126/271/280 271/129/272/281 
f 268/128/269/278 272/139/273/282 273/218/274/283 
f 268/128/269/278 273/218/274/283 269/217/270/279 
f 274/146/275/284 275/219/276/285 273/218/274/283 
f 274/146/275/284 273/218/274/283 272/139/273/282 
f 276/153/277/286 277/220/278/287 275/219/276/285 
f 276/153/277/286 275/219/276/285 274/146/275/284 
f 278/221/279/288 279/132/280/289 280/131/281/290 
f 278/221/279/288 280/131/281/290 281/222/282/291 
f 282/223/283/292 278/221/279/288 281/222/282/291 
f 282/223/283/292 281/222/282/291 283/224/284/293 
f 284/225/285/294 282/223/283/292 283/224/284/293 
f 284/225/285/294 283/224/284/293 285/226/286/295 
f 286/227/287/296 284/225/285/294 285/226/286/295 
f 286/227/287/296 285/226/286/295 287/228/288/297 
f 288/134/289/298 279/132/280/289 278/221/279/288 
f 288/134/289/298 278/221/279/288 289/229/290/299 
f 290/230/291/300 289/229/290/299 278/221/279/288 
f 290/230/291/300 278/221/279/288 282/223/283/292 
f 291/231/292/301 290/230/291/300 282/223/283/292 
f 291/231/292/301 282/223/283/292 284/225/285/294 
f 292/232/293/302 291/231/292/301 284/225/285/294 
f 292/232/293/302 284/225/285/294 286/227/287/296 
f 293/233/294/303 294/234/295/304 241/200/242/305 
f 293/233/294/303 241/200/242/305 295/197/296/306 
f 240/199/241/307 246/205/247/308 296/235/297/309 
f 240/199/241/307 296/235/297/309 297/198/298/310 
f 298/236/299/311 299/207/300/312 249/208/250/313 
f 298/236/299/311 249/208/250/313 255/214/256/314 
f 226/185/227/315 300/237/301/316 298/236/299/311 
f 226/185/227/315 298/236/299/311 255/214/256/314 
f 301/238/302/317 293/233/294/303 295/197/296/306 
f 301/238/302/317 295/197/296/306 302/201/303/318 
f 297/198/298/310 296/235/297/309 303/239/304/319 
f 297/198/298/310 303/239/304/319 304/202/305/320 
f 298/236/299/311 305/240/306/321 306/241/307/322 
f 298/236/299/311 306/241/307/322 299/207/300/312 
f 307/242/308/323 305/240/306/321 298/236/299/311 
f 307/242/308/323 298/236/299/311 300/237/301/316 
f 308/243/309/324 301/238/302/317 302/201/303/318 
f 308/243/309/324 302/201/303/318 309/203/310/325 
f 304/202/305/320 303/239/304/319 310/244/311/326 
f 304/202/305/320 310/244/311/326 311/204/312/327 
f 312/245/313/328 313/246/314/329 306/241/307/322 
f 312/245/313/328 306/241/307/322 305/240/306/321 
f 307/242/308/323 314/247/315/330 312/245/313/328 
f 307/242/308/323 312/245/313/328 305/240/306/321 
f 308/243/309/324 309/203/310/325 267/150/268/277 
f 308/243/309/324 267/150/268/277 266/151/267/276 
f 311/204/312/327 310/244/311/326 277/220/278/287 
f 311/204/312/327 277/220/278/287 276/153/277/286 
f 312/245/313/328 286/227/287/296 287/228/288/297 
f 312/245/313/328 287/228/288/297 313/246/314/329 
f 314/247/315/330 292/232/293/302 286/227/287/296 
f 314/247/315/330 286/227/287/296 312/245/313/328 
f 315/248/316/331 220/179/221/332 219/178/220/333 
f 315/248/316/331 219/178/220/333 316/249/317/334 
f 317/250/318/335 315/248/316/331 316/249/317/334 
f 317/250/318/335 316/249/317/334 318/251/319/336 
f 319/252/320/337 317/250/318/335 318/251/319/336 
f 319/252/320/337 318/251/319/336 320/253/321/338 
f 321/254/322/339 319/252/320/337 320/253/321/338 
f 321/254/322/339 320/253/321/338 322/255/323/340 
f 323/256/324/341 222/181/223/342 220/179/221/332 
f 323/256/324/341 220/179/221/332 315/248/316/331 
f 324/257/325/343 323/256/324/341 315/248/316/331 
f 324/257/325/343 315/248/316/331 317/250/318/335 
f 325/258/326/344 324/257/325/343 317/250/318/335 
f 325/258/326/344 317/250/318/335 319/252/320/337 
f 325/258/326/344 319/252/320/337 321/254/322/339 
f 325/258/326/344 321/254/322/339 326/259/327/345 
f 327/260/328/346 224/183/225/347 222/181/223/342 
f 327/260/328/346 222/181/223/342 323/256/324/341 
f 328/261/329/348 327/260/328/346 323/256/324/341 
f 328/261/329/348 323/256/324/341 324/257/325/343 
f 329/262/330/349 328/261/329/348 324/257/325/343 
f 329/262/330/349 324/257/325/343 325/258/326/344 
f 329/262/330/349 325/258/326/344 326/259/327/345 
f 329/262/330/349 326/259/327/345 330/263/331/350 
f 300/237/301/316 226/185/227/315 224/183/225/347 
f 300/237/301/316 224/183/225/347 327/260/328/346 
f 307/242/308/323 300/237/301/316 327/260/328/346 
f 307/242/308/323 327/260/328/346 328/261/329/348 
f 314/247/315/330 307/242/308/323 328/261/329/348 
f 314/247/315/330 328/261/329/348 329/262/330/349 
f 314/247/315/330 329/262/330/349 330/263/331/350 
f 314/247/315/330 330/263/331/350 292/232/293/302 
f 331/264/332/351 332/265/333/352 333/266/334/353 
f 331/264/332/351 333/266/334/353 334/267/335/354 
f 335/268/336/355 336/269/337/356 332/265/333/352 
f 335/268/336/355 332/265/333/352 331/264/332/351 
f 337/270/338/357 338/271/339/358 336/269/337/356 
f 337/270/338/357 336/269/337/356 335/268/336/355 
f 289/229/290/299 338/271/339/358 337/270/338/357 
f 289/229/290/299 337/270/338/357 288/134/289/298 
f 332/265/333/352 339/272/340/359 340/273/341/360 
f 332/265/333/352 340/273/341/360 333/266/334/353 
f 336/269/337/356 341/274/342/361 339/272/340/359 
f 336/269/337/356 339/272/340/359 332/265/333/352 
f 338/271/339/358 342/275/343/362 341/274/342/361 
f 338/271/339/358 341/274/342/361 336/269/337/356 
f 289/229/290/299 290/230/291/300 342/275/343/362 
f 289/229/290/299 342/275/343/362 338/271/339/358 
f 339/272/340/359 343/276/344/363 344/277/345/364 
f 339/272/340/359 344/277/345/364 340/273/341/360 
f 341/274/342/361 345/278/346/365 343/276/344/363 
f 341/274/342/361 343/276/344/363 339/272/340/359 
f 342/275/343/362 346/279/347/366 345/278/346/365 
f 342/275/343/362 345/278/346/365 341/274/342/361 
f 290/230/291/300 291/231/292/301 346/279/347/366 
f 290/230/291/300 346/279/347/366 342/275/343/362 
f 343/276/344/363 321/254/322/339 322/255/323/340 
f 343/276/344/363 322/255/323/340 344/277/345/364 
f 345/278/346/365 326/259/327/345 321/254/322/339 
f 345/278/346/365 321/254/322/339 343/276/344/363 
f 330/263/331/350 326/259/327/345 345/278/346/365 
f 330/263/331/350 345/278/346/365 346/279/347/366 
f 292/232/293/302 330/263/331/350 346/279/347/366 
f 292/232/293/302 346/279/347/366 291/231/292/301 
f 347/280/348/367 348/281/349/368 349/282/350/369 
f 347/280/348/367 349/282/350/369 350/283/351/370 
f 350/283/351/370 349/282/350/369 351/284/352/371 
f 350/283/351/370 351/284/352/371 352/285/353/372 
f 352/285/353/372 351/284/352/371 353/286/354/373 
f 352/285/353/372 353/286/354/373 354/287/355/374 
f 354/287/355/374 353/286/354/373 355/288/356/375 
f 354/287/355/374 355/288/356/375 356/289/357/376 
f 357/290/358/377 347/280/348/367 350/283/351/370 
f 357/290/358/377 350/283/351/370 358/291/359/378 
f 358/291/359/378 350/283/351/370 352/285/353/372 
f 358/291/359/378 352/285/353/372 359/292/360/379 
f 359/292/360/379 352/285/353/372 354/287/355/374 
f 359/292/360/379 354/287/355/374 360/293/361/380 
f 360/293/361/380 354/287/355/374 356/289/357/376 
f 360/293/361/380 356/289/357/376 361/294/362/381 
f 362/295/363/382 357/290/358/377 358/291/359/378 
f 362/295/363/382 358/291/359/378 363/296/364/383 
f 363/296/364/383 358/291/359/378 359/292/360/379 
f 363/296/364/383 359/292/360/379 364/297/365/384 
f 364/297/365/384 359/292/360/379 360/293/361/380 
f 364/297/365/384 360/293/361/380 365/298/366/385 
f 365/298/366/385 360/293/361/380 361/294/362/381 
f 365/298/366/385 361/294/362/381 366/299/367/386 
f 367/300/368/387 362/295/363/382 363/296/364/383 
f 367/300/368/387 363/296/364/383 368/301/369/388 
f 368/301/369/388 363/296/364/383 364/297/365/384 
f 368/301/369/388 364/297/365/384 369/302/370/389 
f 369/302/370/389 364/297/365/384 365/298/366/385 
f 369/302/370/389 365/298/366/385 370/303/371/390 
f 370/303/371/390 365/298/366/385 366/299/367/386 
f 370/303/371/390 366/299/367/386 371/304/372/391 
f 372/305/373/392 373/306/374/393 374/307/375/394 
f 372/305/373/392 374/307/375/394 375/308/376/395 
f 376/309/377/396 372/305/373/392 375/308/376/395 
f 376/309/377/396 375/308/376/395 377/310/378/397 
f 378/311/379/398 376/309/377/396 377/310/378/397 
f 378/311/379/398 377/310/378/397 379/312/380/399 
f 380/313/381/400 378/311/379/398 379/312/380/399 
f 380/313/381/400 379/312/380/399 381/314/382/401 
f 382/315/383/402 383/316/384/403 373/306/374/393 
f 382/315/383/402 373/306/374/393 372/305/373/392 
f 384/317/385/404 382/315/383/402 372/305/373/392 
f 384/317/385/404 372/305/373/392 376/309/377/396 
f 385/318/386/405 384/317/385/404 376/309/377/396 
f 385/318/386/405 376/309/377/396 378/311/379/398 
f 386/319/387/406 385/318/386/405 378/311/379/398 
f 386/319/387/406 378/311/379/398 380/313/381/400 
f 387/320/388/407 388/321/389/408 383/316/384/403 
f 387/320/388/407 383/316/384/403 382/315/383/402 
f 389/322/390/409 387/320/388/407 382/315/383/402 
f 389/322/390/409 382/315/383/402 384/317/385/404 
f 390/323/391/410 389/322/390/409 384/317/385/404 
f 390/323/391/410 384/317/385/404 385/318/386/405 
f 391/324/392/411 390/323/391/410 385/318/386/405 
f 391/324/392/411 385/318/386/405 386/319/387/406 
f 356/289/357/376 355/288/356/375 388/321/389/408 
f 356/289/357/376 388/321/389/408 387/320/388/407 
f 361/294/362/381 356/289/357/376 387/320/388/407 
f 361/294/362/381 387/320/388/407 389/322/390/409 
f 366/299/367/386 361/294/362/381 389/322/390/409 
f 366/299/367/386 389/322/390/409 390/323/391/410 
f 371/304/372/391 366/299/367/386 390/323/391/410 
f 371/304/372/391 390/323/391/410 391/324/392/411 
f 392/325/393/412 393/326/394/413 394/327/395/414 
f 392/325/393/412 394/327/395/414 395/328/396/415 
f 395/328/396/415 394/327/395/414 396/329/397/416 
f 395/328/396/415 396/329/397/416 397/330/398/417 
f 397/330/398/417 396/329/397/416 398/331/399/418 
f 397/330/398/417 398/331/399/418 399/332/400/419 
f 399/332/400/419 398/331/399/418 400/333/401/420 
f 399/332/400/419 400/333/401/420 401/334/402/421 
f 402/335/403/422 403/336/404/423 392/325/393/412 
f 402/335/403/422 392/325/393/412 395/328/396/415 
f 402/335/403/422 395/328/396/415 397/330/398/417 
f 402/335/403/422 397/330/398/417 404/337/405/424 
f 404/337/405/424 397/330/398/417 399/332/400/419 
f 404/337/405/424 399/332/400/419 405/338/406/425 
f 405/338/406/425 399/332/400/419 401/334/402/421 
f 405/338/406/425 401/334/402/421 406/339/407/426 
f 407/340/408/427 408/341/409/428 403/336/404/423 
f 407/340/408/427 403/336/404/423 402/335/403/422 
f 407/340/408/427 402/335/403/422 404/337/405/424 
f 407/340/408/427 404/337/405/424 409/342/410/429 
f 409/342/410/429 404/337/405/424 405/338/406/425 
f 409/342/410/429 405/338/406/425 410/343/411/430 
f 410/343/411/430 405/338/406/425 406/339/407/426 
f 410/343/411/430 406/339/407/426 411/344/412/431 
f 380/313/381/400 381/314/382/401 408/341/409/428 
f 380/313/381/400 408/341/409/428 407/340/408/427 
f 380/313/381/400 407/340/408/427 409/342/410/429 
f 380/313/381/400 409/342/410/429 386/319/387/406 
f 386/319/387/406 409/342/410/429 410/343/411/430 
f 386/319/387/406 410/343/411/430 391/324/392/411 
f 391/324/392/411 410/343/411/430 411/344/412/431 
f 391/324/392/411 411/344/412/431 371/304/372/391 
f 412/345/413/432 413/346/414/433 414/347/415/434 
f 412/345/413/432 414/347/415/434 415/348/416/435 
f 416/349/417/436 412/345/413/432 415/348/416/435 
f 416/349/417/436 415/348/416/435 417/350/418/437 
f 418/351/419/438 416/349/417/436 417/350/418/437 
f 418/351/419/438 417/350/418/437 419/352/420/439 
f 368/301/369/388 418/351/419/438 419/352/420/439 
f 368/301/369/388 419/352/420/439 367/300/368/387 
f 420/353/421/440 421/354/422/441 413/346/414/433 
f 420/353/421/440 413/346/414/433 412/345/413/432 
f 422/355/423/442 420/353/421/440 412/345/413/432 
f 422/355/423/442 412/345/413/432 416/349/417/436 
f 423/356/424/443 422/355/423/442 416/349/417/436 
f 423/356/424/443 416/349/417/436 418/351/419/438 
f 369/302/370/389 423/356/424/443 418/351/419/438 
f 369/302/370/389 418/351/419/438 368/301/369/388 
f 424/357/425/444 425/358/426/445 421/354/422/441 
f 424/357/425/444 421/354/422/441 420/353/421/440 
f 426/359/427/446 424/357/425/444 420/353/421/440 
f 426/359/427/446 420/353/421/440 422/355/423/442 
f 427/360/428/447 426/359/427/446 422/355/423/442 
f 427/360/428/447 422/355/423/442 423/356/424/443 
f 370/303/371/390 427/360/428/447 423/356/424/443 
f 370/303/371/390 423/356/424/443 369/302/370/389 
f 401/334/402/421 400/333/401/420 425/358/426/445 
f 401/334/402/421 425/358/426/445 424/357/425/444 
f 406/339/407/426 401/334/402/421 424/357/425/444 
f 406/339/407/426 424/357/425/444 426/359/427/446 
f 411/344/412/431 406/339/407/426 426/359/427/446 
f 411/344/412/431 426/359/427/446 427/360/428/447 
f 371/304/372/391 411/344/412/431 427/360/428/447 
f 371/304/372/391 427/360/428/447 370/303/371/390 
f 428/2/429/448 429/1/430/449 430/0/431/450 
f 428/2/432/451 430/0/433/452 431/3/434/453 
f 431/3/434/453 430/0/433/452 432/11/435/454 
f 431/3/434/453 432/11/435/454 433/10/436/455 
f 433/10/436/455 432/11/435/454 434/16/437/456 
f 433/10/436/455 434/16/437/456 435/15/438/457 
f 435/15/438/457 434/16/437/456 436/21/439/458 
f 435/15/438/457 436/21/439/458 437/20/440/459 
f 438/5/441/460 428/2/432/451 431/3/434/453 
f 438/5/441/460 431/3/434/453 439/4/442/461 
f 439/4/442/461 431/3/434/453 433/10/436/455 
f 439/4/442/461 433/10/436/455 440/12/443/462 
f 440/12/443/462 433/10/436/455 435/15/438/457 
f 440/12/443/462 435/15/438/457 441/17/444/463 
f 441/17/444/463 435/15/438/457 437/20/440/459 
f 441/17/444/463 437/20/440/459 442/22/445/464 
f 443/6/446/465 444/7/447/466 438/5/441/460 
f 443/6/446/465 438/5/441/460 439/4/442/461 
f 443/6/446/465 439/4/442/461 440/12/443/462 
f 443/6/446/465 440/12/443/462 445/13/448/467 
f 445/13/448/467 440/12/443/462 441/17/444/463 
f 445/13/448/467 441/17/444/463 446/18/449/468 
f 446/18/449/468 441/17/444/463 442/22/445/464 
f 446/18/449/468 442/22/445/464 447/23/450/469 
f 448/8/451/470 449/9/452/471 444/7/447/466 
f 448/8/451/470 444/7/447/466 443/6/446/465 
f 448/8/451/470 443/6/446/465 445/13/448/467 
f 448/8/451/470 445/13/448/467 450/14/453/472 
f 450/14/453/472 445/13/448/467 446/18/449/468 
f 450/14/453/472 446/18/449/468 451/19/454/473 
f 451/19/454/473 446/18/449/468 447/23/450/469 
f 451/19/454/473 447/23/450/469 452/24/455/474 
f 453/70/456/475 454/73/457/476 455/72/458/477 
f 453/70/456/475 455/72/458/477 456/71/459/478 
f 457/78/460/479 453/70/456/475 456/71/459/478 
f 457/78/460/479 456/71/459/478 458/79/461/480 
f 459/82/462/481 457/78/460/479 458/79/461/480 
f 459/82/462/481 458/79/461/480 460/83/463/482 
f 461/56/464/483 459/82/462/481 460/83/463/482 
f 461/56/464/483 460/83/463/482 462/55/465/484 
f 463/74/466/485 464/75/467/486 454/73/457/476 
f 463/74/466/485 454/73/457/476 453/70/456/475 
f 465/80/468/487 463/74/466/485 453/70/456/475 
f 465/80/468/487 453/70/456/475 457/78/460/479 
f 466/84/469/488 465/80/468/487 457/78/460/479 
f 466/84/469/488 457/78/460/479 459/82/462/481 
f 467/62/470/489 466/84/469/488 459/82/462/481 
f 467/62/470/489 459/82/462/481 461/56/464/483 
f 468/76/471/490 469/77/472/491 464/75/467/486 
f 468/76/471/490 464/75/467/486 463/74/466/485 
f 470/81/473/492 468/76/471/490 463/74/466/485 
f 470/81/473/492 463/74/466/485 465/80/468/487 
f 471/85/474/493 470/81/473/492 465/80/468/487 
f 471/85/474/493 465/80/468/487 466/84/469/488 
f 472/68/475/494 471/85/474/493 466/84/469/488 
f 472/68/475/494 466/84/469/488 467/62/470/489 
f 437/20/440/459 436/21/439/458 469/77/472/491 
f 437/20/440/459 469/77/472/491 468/76/471/490 
f 442/22/445/464 437/20/440/459 468/76/471/490 
f 442/22/445/464 468/76/471/490 470/81/473/492 
f 447/23/450/469 442/22/445/464 470/81/473/492 
f 447/23/450/469 470/81/473/492 471/85/474/493 
f 452/24/455/474 447/23/450/469 471/85/474/493 
f 452/24/455/474 471/85/474/493 472/68/475/494 
f 473/47/476/495 474/46/477/496 475/45/478/497 
f 473/47/476/495 475/45/478/497 476/48/479/498 
f 477/58/480/499 478/57/481/500 474/46/477/496 
f 477/58/480/499 474/46/477/496 473/47/476/495 
f 479/64/482/501 480/63/483/502 478/57/481/500 
f 479/64/482/501 478/57/481/500 477/58/480/499 
f 481/69/484/503 482/33/485/504 480/63/483/502 
f 481/69/484/503 480/63/483/502 479/64/482/501 
f 483/51/486/505 484/50/487/506 485/49/488/507 
f 483/51/486/505 485/49/488/507 486/52/489/508 
f 486/52/489/508 485/49/488/507 487/59/490/509 
f 486/52/489/508 487/59/490/509 488/60/491/510 
f 488/60/491/510 487/59/490/509 489/65/492/511 
f 488/60/491/510 489/65/492/511 490/66/493/512 
f 490/66/493/512 489/65/492/511 491/34/494/513 
f 490/66/493/512 491/34/494/513 492/39/495/514 
f 493/53/496/515 483/51/486/505 486/52/489/508 
f 493/53/496/515 486/52/489/508 494/54/497/516 
f 494/54/497/516 486/52/489/508 488/60/491/510 
f 494/54/497/516 488/60/491/510 495/61/498/517 
f 495/61/498/517 488/60/491/510 490/66/493/512 
f 495/61/498/517 490/66/493/512 496/67/499/518 
f 496/67/499/518 490/66/493/512 492/39/495/514 
f 496/67/499/518 492/39/495/514 497/44/500/519 
f 462/55/465/484 493/53/496/515 494/54/497/516 
f 462/55/465/484 494/54/497/516 461/56/464/483 
f 461/56/464/483 494/54/497/516 495/61/498/517 
f 461/56/464/483 495/61/498/517 467/62/470/489 
f 467/62/470/489 495/61/498/517 496/67/499/518 
f 467/62/470/489 496/67/499/518 472/68/475/494 
f 472/68/475/494 496/67/499/518 497/44/500/519 
f 472/68/475/494 497/44/500/519 452/24/455/474 
f 498/96/501/520 499/97/502/521 500/26/503/522 
f 498/96/501/520 500/26/503/522 501/27/504/523 
f 502/36/505/524 503/35/506/525 504/28/507/526 
f 502/36/505/524 504/28/507/526 505/25/508/527 
f 506/41/509/528 507/40/510/529 503/35/506/525 
f 506/41/509/528 503/35/506/525 502/36/505/524 
f 449/9/452/471 448/8/451/470 507/40/510/529 
f 449/9/452/471 507/40/510/529 506/41/509/528 
f 498/96/501/520 501/27/504/523 508/29/511/530 
f 498/96/501/520 508/29/511/530 509/105/512/531 
f 510/37/513/532 511/30/514/533 504/28/507/526 
f 510/37/513/532 504/28/507/526 503/35/506/525 
f 512/42/515/534 510/37/513/532 503/35/506/525 
f 512/42/515/534 503/35/506/525 507/40/510/529 
f 450/14/453/472 512/42/515/534 507/40/510/529 
f 450/14/453/472 507/40/510/529 448/8/451/470 
f 509/105/512/531 508/29/511/530 513/31/516/535 
f 509/105/512/531 513/31/516/535 514/107/517/536 
f 515/38/518/537 516/32/519/538 511/30/514/533 
f 515/38/518/537 511/30/514/533 510/37/513/532 
f 517/43/520/539 515/38/518/537 510/37/513/532 
f 517/43/520/539 510/37/513/532 512/42/515/534 
f 451/19/454/473 517/43/520/539 512/42/515/534 
f 451/19/454/473 512/42/515/534 450/14/453/472 
f 514/107/517/536 513/31/516/535 482/33/485/504 
f 514/107/517/536 482/33/485/504 481/69/484/503 
f 492/39/495/514 491/34/494/513 516/32/519/538 
f 492/39/495/514 516/32/519/538 515/38/518/537 
f 497/44/500/519 492/39/495/514 515/38/518/537 
f 497/44/500/519 515/38/518/537 517/43/520/539 
f 452/24/455/474 497/44/500/519 517/43/520/539 
f 452/24/455/474 517/43/520/539 451/19/454/473 
f 518/70/521/540 456/71/459/541 455/72/458/542 
f 518/70/521/540 455/72/458/542 519/73/522/543 
f 518/70/521/540 519/73/522/543 520/86/523/544 
f 518/70/521/540 520/86/523/544 521/74/524/545 
f 521/74/524/545 520/86/523/544 522/87/525/546 
f 521/74/524/545 522/87/525/546 523/76/526/547 
f 524/89/527/548 523/76/526/547 522/87/525/546 
f 524/89/527/548 522/87/525/546 525/88/528/549 
f 526/78/529/550 458/79/461/551 456/71/459/541 
f 526/78/529/550 456/71/459/541 518/70/521/540 
f 526/78/529/550 518/70/521/540 521/74/524/545 
f 526/78/529/550 521/74/524/545 527/80/530/552 
f 527/80/530/552 521/74/524/545 523/76/526/547 
f 527/80/530/552 523/76/526/547 528/81/531/553 
f 528/81/531/553 523/76/526/547 524/89/527/548 
f 528/81/531/553 524/89/527/548 529/90/532/554 
f 460/83/463/555 458/79/461/551 526/78/529/550 
f 460/83/463/555 526/78/529/550 530/82/533/556 
f 530/82/533/556 526/78/529/550 527/80/530/552 
f 530/82/533/556 527/80/530/552 531/84/534/557 
f 531/84/534/557 527/80/530/552 528/81/531/553 
f 531/84/534/557 528/81/531/553 532/85/535/558 
f 532/85/535/558 528/81/531/553 529/90/532/554 
f 532/85/535/558 529/90/532/554 533/91/536/559 
f 462/55/465/560 460/83/463/555 530/82/533/556 
f 462/55/465/560 530/82/533/556 534/56/537/561 
f 534/56/537/561 530/82/533/556 531/84/534/557 
f 534/56/537/561 531/84/534/557 535/62/538/562 
f 535/62/538/562 531/84/534/557 532/85/535/558 
f 535/62/538/562 532/85/535/558 536/68/539/563 
f 536/68/539/563 532/85/535/558 533/91/536/559 
f 536/68/539/563 533/91/536/559 537/24/540/564 
f 538/111/541/565 539/110/542/566 540/109/543/567 
f 538/111/544/568 540/109/545/569 541/361/546/570 
f 542/116/547/571 539/110/542/566 538/111/541/565 
f 542/116/547/571 538/111/541/565 543/117/548/572 
f 544/119/549/573 542/116/547/571 543/117/548/572 
f 544/119/549/573 543/117/548/572 545/120/550/574 
f 546/104/551/575 544/119/549/573 545/120/550/574 
f 546/104/551/575 545/120/550/574 547/103/552/576 
f 548/112/553/577 549/113/554/578 540/109/543/567 
f 548/112/553/577 540/109/543/567 539/110/542/566 
f 550/118/555/579 548/112/553/577 539/110/542/566 
f 550/118/555/579 539/110/542/566 542/116/547/571 
f 551/13/556/580 550/118/555/579 542/116/547/571 
f 551/13/556/580 542/116/547/571 544/119/549/573 
f 552/14/557/581 551/13/556/580 544/119/549/573 
f 552/14/557/581 544/119/549/573 546/104/551/575 
f 553/114/558/582 554/115/559/583 549/113/554/578 
f 553/114/558/582 549/113/554/578 548/112/553/577 
f 555/17/560/584 553/114/558/582 548/112/553/577 
f 555/17/560/584 548/112/553/577 550/118/555/579 
f 556/121/561/585 555/17/560/584 550/118/555/579 
f 556/121/561/585 550/118/555/579 551/13/556/580 
f 557/19/562/586 556/121/561/585 551/13/556/580 
f 557/19/562/586 551/13/556/580 552/14/557/581 
f 524/89/527/548 525/88/528/549 554/115/559/583 
f 524/89/527/548 554/115/559/583 553/114/558/582 
f 529/90/532/554 524/89/527/548 553/114/558/582 
f 529/90/532/554 553/114/558/582 555/17/560/584 
f 533/91/536/559 529/90/532/554 555/17/560/584 
f 533/91/536/559 555/17/560/584 556/121/561/585 
f 537/24/540/564 533/91/536/559 556/121/561/585 
f 537/24/540/564 556/121/561/585 557/19/562/586 
f 558/96/563/587 559/27/564/588 560/26/565/589 
f 558/96/563/587 560/26/565/589 561/97/566/590 
f 562/29/567/591 559/27/564/588 558/96/563/587 
f 562/29/567/591 558/96/563/587 563/105/568/592 
f 564/31/569/593 562/29/567/591 563/105/568/592 
f 564/31/569/593 563/105/568/592 565/107/570/594 
f 566/93/571/595 564/31/569/593 565/107/570/594 
f 566/93/571/595 565/107/570/594 567/69/572/596 
f 568/35/573/597 569/100/574/598 570/99/575/599 
f 568/35/573/597 570/99/575/599 571/98/576/600 
f 572/37/577/601 568/35/573/597 571/98/576/600 
f 572/37/577/601 571/98/576/600 573/30/578/602 
f 572/37/577/601 573/30/578/602 574/32/579/603 
f 572/37/577/601 574/32/579/603 575/38/580/604 
f 575/38/580/604 574/32/579/603 576/94/581/605 
f 575/38/580/604 576/94/581/605 577/39/582/606 
f 578/101/583/607 579/102/584/608 569/100/574/598 
f 578/101/583/607 569/100/574/598 568/35/573/597 
f 580/106/585/609 578/101/583/607 568/35/573/597 
f 580/106/585/609 568/35/573/597 572/37/577/601 
f 580/106/585/609 572/37/577/601 575/38/580/604 
f 580/106/585/609 575/38/580/604 581/108/586/610 
f 581/108/586/610 575/38/580/604 577/39/582/606 
f 581/108/586/610 577/39/582/606 582/44/587/611 
f 547/103/552/576 579/102/584/608 578/101/583/607 
f 547/103/552/576 578/101/583/607 546/104/551/575 
f 546/104/551/575 578/101/583/607 580/106/585/609 
f 546/104/551/575 580/106/585/609 552/14/557/581 
f 552/14/557/581 580/106/585/609 581/108/586/610 
f 552/14/557/581 581/108/586/610 557/19/562/586 
f 557/19/562/586 581/108/586/610 582/44/587/611 
f 557/19/562/586 582/44/587/611 537/24/540/564 
f 476/48/479/612 475/45/478/613 583/46/588/614 
f 476/48/479/612 583/46/588/614 584/47/589/615 
f 585/52/590/616 586/49/591/617 484/50/487/618 
f 585/52/590/616 484/50/487/618 483/51/486/619 
f 587/54/592/620 585/52/590/616 483/51/486/619 
f 587/54/592/620 483/51/486/619 493/53/496/621 
f 534/56/537/561 587/54/592/620 493/53/496/621 
f 534/56/537/561 493/53/496/621 462/55/465/560 
f 584/47/589/615 583/46/588/614 588/57/593/622 
f 584/47/589/615 588/57/593/622 589/58/594/623 
f 590/60/595/624 591/59/596/625 586/49/591/617 
f 590/60/595/624 586/49/591/617 585/52/590/616 
f 592/61/597/626 590/60/595/624 585/52/590/616 
f 592/61/597/626 585/52/590/616 587/54/592/620 
f 535/62/538/562 592/61/597/626 587/54/592/620 
f 535/62/538/562 587/54/592/620 534/56/537/561 
f 589/58/594/623 588/57/593/622 593/63/598/627 
f 589/58/594/623 593/63/598/627 594/64/599/628 
f 595/95/600/629 596/92/601/630 591/59/596/625 
f 595/95/600/629 591/59/596/625 590/60/595/624 
f 597/67/602/631 595/95/600/629 590/60/595/624 
f 597/67/602/631 590/60/595/624 592/61/597/626 
f 536/68/539/563 597/67/602/631 592/61/597/626 
f 536/68/539/563 592/61/597/626 535/62/538/562 
f 593/63/598/627 566/93/571/595 567/69/572/596 
f 593/63/598/627 567/69/572/596 594/64/599/628 
f 577/39/582/606 576/94/581/605 596/92/601/630 
f 577/39/582/606 596/92/601/630 595/95/600/629 
f 582/44/587/611 577/39/582/606 595/95/600/629 
f 582/44/587/611 595/95/600/629 597/67/602/631 
f 537/24/540/564 582/44/587/611 597/67/602/631 
f 537/24/540/564 597/67/602/631 536/68/539/563 
f 598/123/603/632 599/122/604/633 600/125/605/634 
f 598/123/603/632 600/125/605/634 601/124/606/635 
f 602/137/607/636 603/136/608/637 598/123/603/632 
f 602/137/607/636 598/123/603/632 601/124/606/635 
f 604/144/609/638 605/143/610/639 603/136/608/637 
f 604/144/609/638 603/136/608/637 602/137/607/636 
f 606/151/611/640 607/150/612/641 605/143/610/639 
f 606/151/611/640 605/143/610/639 604/144/609/638 
f 608/127/613/642 609/126/614/643 610/129/615/644 
f 608/127/613/642 610/129/615/644 611/128/616/645 
f 612/139/617/646 613/138/618/647 608/127/613/642 
f 612/139/617/646 608/127/613/642 611/128/616/645 
f 614/146/619/648 615/145/620/649 613/138/618/647 
f 614/146/619/648 613/138/618/647 612/139/617/646 
f 616/153/621/650 617/152/622/651 615/145/620/649 
f 616/153/621/650 615/145/620/649 614/146/619/648 
f 618/132/623/652 619/131/624/653 620/130/625/654 
f 618/132/623/652 620/130/625/654 621/133/626/655 
f 621/133/626/655 620/130/625/654 622/140/627/656 
f 621/133/626/655 622/140/627/656 623/141/628/657 
f 623/141/628/657 622/140/627/656 624/147/629/658 
f 623/141/628/657 624/147/629/658 625/148/630/659 
f 625/148/630/659 624/147/629/658 626/154/631/660 
f 625/148/630/659 626/154/631/660 627/155/632/661 
f 628/134/633/662 618/132/623/652 621/133/626/655 
f 628/134/633/662 621/133/626/655 629/135/634/663 
f 629/135/634/663 621/133/626/655 623/141/628/657 
f 629/135/634/663 623/141/628/657 630/142/635/664 
f 630/142/635/664 623/141/628/657 625/148/630/659 
f 630/142/635/664 625/148/630/659 631/149/636/665 
f 631/149/636/665 625/148/630/659 627/155/632/661 
f 631/149/636/665 627/155/632/661 632/156/637/666 
f 633/234/638/667 634/200/639/668 635/197/640/669 
f 633/234/638/667 635/197/640/669 636/233/641/670 
f 637/205/642/671 638/206/643/672 639/198/644/673 
f 637/205/642/671 639/198/644/673 640/199/645/674 
f 641/213/646/675 642/207/647/676 643/208/648/677 
f 641/213/646/675 643/208/648/677 644/214/649/678 
f 645/186/650/679 641/213/646/675 644/214/649/678 
f 645/186/650/679 644/214/649/678 646/185/651/680 
f 636/233/641/670 635/197/640/669 647/201/652/681 
f 636/233/641/670 647/201/652/681 648/238/653/682 
f 639/198/644/673 638/206/643/672 649/209/654/683 
f 639/198/644/673 649/209/654/683 650/202/655/684 
f 651/215/656/685 652/210/657/686 642/207/647/676 
f 651/215/656/685 642/207/647/676 641/213/646/675 
f 653/191/658/687 651/215/656/685 641/213/646/675 
f 653/191/658/687 641/213/646/675 645/186/650/679 
f 647/201/652/681 654/203/659/688 655/243/660/689 
f 647/201/652/681 655/243/660/689 648/238/653/682 
f 650/202/655/684 649/209/654/683 656/211/661/690 
f 650/202/655/684 656/211/661/690 657/204/662/691 
f 658/216/663/692 659/212/664/693 652/210/657/686 
f 658/216/663/692 652/210/657/686 651/215/656/685 
f 660/196/665/694 658/216/663/692 651/215/656/685 
f 660/196/665/694 651/215/656/685 653/191/658/687 
f 655/243/660/689 654/203/659/688 607/150/612/641 
f 655/243/660/689 607/150/612/641 606/151/611/640 
f 657/204/662/691 656/211/661/690 617/152/622/651 
f 657/204/662/691 617/152/622/651 616/153/621/650 
f 627/155/632/661 626/154/631/660 659/212/664/693 
f 627/155/632/661 659/212/664/693 658/216/663/692 
f 632/156/637/666 627/155/632/661 658/216/663/692 
f 632/156/637/666 658/216/663/692 660/196/665/694 
f 661/179/666/695 662/178/667/696 663/177/668/697 
f 661/179/666/695 663/177/668/697 664/180/669/698 
f 664/180/669/698 663/177/668/697 665/187/670/699 
f 664/180/669/698 665/187/670/699 666/188/671/700 
f 666/188/671/700 665/187/670/699 667/192/672/701 
f 666/188/671/700 667/192/672/701 668/193/673/702 
f 668/193/673/702 667/192/672/701 669/166/674/703 
f 668/193/673/702 669/166/674/703 670/165/675/704 
f 671/181/676/705 661/179/666/695 664/180/669/698 
f 671/181/676/705 664/180/669/698 672/182/677/706 
f 672/182/677/706 664/180/669/698 666/188/671/700 
f 672/182/677/706 666/188/671/700 673/189/678/707 
f 673/189/678/707 666/188/671/700 668/193/673/702 
f 673/189/678/707 668/193/673/702 674/194/679/708 
f 674/194/679/708 668/193/673/702 670/165/675/704 
f 674/194/679/708 670/165/675/704 675/171/680/709 
f 676/183/681/710 671/181/676/705 672/182/677/706 
f 676/183/681/710 672/182/677/706 677/184/682/711 
f 677/184/682/711 672/182/677/706 673/189/678/707 
f 677/184/682/711 673/189/678/707 678/190/683/712 
f 678/190/683/712 673/189/678/707 674/194/679/708 
f 678/190/683/712 674/194/679/708 679/195/684/713 
f 679/195/684/713 674/194/679/708 675/171/680/709 
f 679/195/684/713 675/171/680/709 680/176/685/714 
f 646/185/651/680 676/183/681/710 677/184/682/711 
f 646/185/651/680 677/184/682/711 645/186/650/679 
f 645/186/650/679 677/184/682/711 678/190/683/712 
f 645/186/650/679 678/190/683/712 653/191/658/687 
f 653/191/658/687 678/190/683/712 679/195/684/713 
f 653/191/658/687 679/195/684/713 660/196/665/694 
f 660/196/665/694 679/195/684/713 680/176/685/714 
f 660/196/665/694 680/176/685/714 632/156/637/666 
f 681/157/686/715 682/160/687/716 683/159/688/717 
f 681/157/686/715 683/159/688/717 684/158/689/718 
f 685/167/690/719 681/157/686/715 684/158/689/718 
f 685/167/690/719 684/158/689/718 686/168/691/720 
f 687/172/692/721 685/167/690/719 686/168/691/720 
f 687/172/692/721 686/168/691/720 688/173/693/722 
f 629/135/634/663 687/172/692/721 688/173/693/722 
f 629/135/634/663 688/173/693/722 628/134/633/662 
f 689/161/694/723 690/162/695/724 682/160/687/716 
f 689/161/694/723 682/160/687/716 681/157/686/715 
f 691/169/696/725 689/161/694/723 681/157/686/715 
f 691/169/696/725 681/157/686/715 685/167/690/719 
f 692/174/697/726 691/169/696/725 685/167/690/719 
f 692/174/697/726 685/167/690/719 687/172/692/721 
f 630/142/635/664 692/174/697/726 687/172/692/721 
f 630/142/635/664 687/172/692/721 629/135/634/663 
f 693/163/698/727 694/164/699/728 690/162/695/724 
f 693/163/698/727 690/162/695/724 689/161/694/723 
f 695/170/700/729 693/163/698/727 689/161/694/723 
f 695/170/700/729 689/161/694/723 691/169/696/725 
f 696/175/701/730 695/170/700/729 691/169/696/725 
f 696/175/701/730 691/169/696/725 692/174/697/726 
f 631/149/636/665 696/175/701/730 692/174/697/726 
f 631/149/636/665 692/174/697/726 630/142/635/664 
f 670/165/675/704 669/166/674/703 694/164/699/728 
f 670/165/675/704 694/164/699/728 693/163/698/727 
f 675/171/680/709 670/165/675/704 693/163/698/727 
f 675/171/680/709 693/163/698/727 695/170/700/729 
f 680/176/685/714 675/171/680/709 695/170/700/729 
f 680/176/685/714 695/170/700/729 696/175/701/730 
f 632/156/637/666 680/176/685/714 696/175/701/730 
f 632/156/637/666 696/175/701/730 631/149/636/665 
f 697/125/702/731 698/122/703/732 699/123/704/733 
f 697/125/702/731 699/123/704/733 700/124/705/734 
f 701/126/706/735 702/362/707/736 703/128/708/737 
f 701/126/706/735 703/128/708/737 704/129/709/738 
f 705/363/710/739 706/364/711/740 707/131/712/741 
f 705/363/710/739 707/131/712/741 708/132/713/742 
f 709/365/714/743 705/363/710/739 708/132/713/742 
f 709/365/714/743 708/132/713/742 710/134/715/744 
f 700/124/705/734 699/123/704/733 711/136/716/745 
f 700/124/705/734 711/136/716/745 712/137/717/746 
f 702/362/707/736 713/366/718/747 714/139/719/748 
f 702/362/707/736 714/139/719/748 703/128/708/737 
f 715/367/720/749 706/364/711/740 705/363/710/739 
f 715/367/720/749 705/363/710/739 716/368/721/750 
f 717/369/722/751 716/368/721/750 705/363/710/739 
f 717/369/722/751 705/363/710/739 709/365/714/743 
f 711/136/716/745 718/143/723/752 719/144/724/753 
f 711/136/716/745 719/144/724/753 712/137/717/746 
f 714/139/719/748 713/366/718/747 720/370/725/754 
f 714/139/719/748 720/370/725/754 721/146/726/755 
f 722/371/727/756 715/367/720/749 716/368/721/750 
f 722/371/727/756 716/368/721/750 723/372/728/757 
f 724/373/729/758 723/372/728/757 716/368/721/750 
f 724/373/729/758 716/368/721/750 717/369/722/751 
f 718/143/723/752 725/150/730/759 726/151/731/760 
f 718/143/723/752 726/151/731/760 719/144/724/753 
f 720/370/725/754 727/374/732/761 728/153/733/762 
f 720/370/725/754 728/153/733/762 721/146/726/755 
f 729/375/734/763 730/376/735/764 722/371/727/756 
f 729/375/734/763 722/371/727/756 723/372/728/757 
f 729/375/734/763 723/372/728/757 724/373/729/758 
f 729/375/734/763 724/373/729/758 731/377/736/765 
f 732/378/737/766 733/379/738/767 734/380/739/768 
f 732/378/737/766 734/380/739/768 735/381/740/769 
f 736/382/741/770 732/378/737/766 735/381/740/769 
f 736/382/741/770 735/381/740/769 737/383/742/771 
f 738/384/743/772 739/385/744/773 736/382/741/770 
f 738/384/743/772 736/382/741/770 737/383/742/771 
f 740/386/745/774 741/387/746/775 739/385/744/773 
f 740/386/745/774 739/385/744/773 738/384/743/772 
f 732/378/737/766 742/388/747/776 743/389/748/777 
f 732/378/737/766 743/389/748/777 733/379/738/767 
f 736/382/741/770 744/390/749/778 742/388/747/776 
f 736/382/741/770 742/388/747/776 732/378/737/766 
f 739/385/744/773 745/391/750/779 744/390/749/778 
f 739/385/744/773 744/390/749/778 736/382/741/770 
f 741/387/746/775 746/392/751/780 745/391/750/779 
f 741/387/746/775 745/391/750/779 739/385/744/773 
f 747/393/752/781 748/394/753/782 743/389/748/777 
f 747/393/752/781 743/389/748/777 742/388/747/776 
f 749/395/754/783 747/393/752/781 742/388/747/776 
f 749/395/754/783 742/388/747/776 744/390/749/778 
f 745/391/750/779 750/396/755/784 749/395/754/783 
f 745/391/750/779 749/395/754/783 744/390/749/778 
f 746/392/751/780 751/397/756/785 750/396/755/784 
f 746/392/751/780 750/396/755/784 745/391/750/779 
f 747/393/752/781 709/365/714/743 710/134/715/744 
f 747/393/752/781 710/134/715/744 748/394/753/782 
f 749/395/754/783 717/369/722/751 709/365/714/743 
f 749/395/754/783 709/365/714/743 747/393/752/781 
f 750/396/755/784 724/373/729/758 717/369/722/751 
f 750/396/755/784 717/369/722/751 749/395/754/783 
f 751/397/756/785 731/377/736/765 724/373/729/758 
f 751/397/756/785 724/373/729/758 750/396/755/784 
f 752/398/757/786 753/399/758/787 662/178/667/788 
f 752/398/757/786 662/178/667/788 661/179/666/789 
f 754/400/759/790 752/398/757/786 661/179/666/789 
f 754/400/759/790 661/179/666/789 671/181/676/791 
f 755/401/760/792 754/400/759/790 671/181/676/791 
f 755/401/760/792 671/181/676/791 676/183/681/793 
f 756/402/761/794 755/401/760/792 676/183/681/793 
f 756/402/761/794 676/183/681/793 646/185/651/795 
f 757/403/762/796 753/399/758/787 752/398/757/786 
f 757/403/762/796 752/398/757/786 758/404/763/797 
f 759/405/764/798 758/404/763/797 752/398/757/786 
f 759/405/764/798 752/398/757/786 754/400/759/790 
f 760/406/765/799 759/405/764/798 754/400/759/790 
f 760/406/765/799 754/400/759/790 755/401/760/792 
f 761/407/766/800 760/406/765/799 755/401/760/792 
f 761/407/766/800 755/401/760/792 756/402/761/794 
f 762/408/767/801 757/403/762/796 758/404/763/797 
f 762/408/767/801 758/404/763/797 763/409/768/802 
f 763/409/768/802 758/404/763/797 759/405/764/798 
f 763/409/768/802 759/405/764/798 764/410/769/803 
f 765/411/770/804 764/410/769/803 759/405/764/798 
f 765/411/770/804 759/405/764/798 760/406/765/799 
f 766/412/771/805 765/411/770/804 760/406/765/799 
f 766/412/771/805 760/406/765/799 761/407/766/800 
f 740/386/745/774 762/408/767/801 763/409/768/802 
f 740/386/745/774 763/409/768/802 741/387/746/775 
f 741/387/746/775 763/409/768/802 764/410/769/803 
f 741/387/746/775 764/410/769/803 746/392/751/780 
f 751/397/756/785 746/392/751/780 764/410/769/803 
f 751/397/756/785 764/410/769/803 765/411/770/804 
f 751/397/756/785 765/411/770/804 766/412/771/805 
f 751/397/756/785 766/412/771/805 731/377/736/765 
f 634/200/639/806 767/197/772/807 768/198/773/808 
f 634/200/639/806 768/198/773/808 640/199/645/809 
f 767/197/772/807 769/201/774/810 770/202/775/811 
f 767/197/772/807 770/202/775/811 768/198/773/808 
f 769/201/774/810 771/203/776/812 772/204/777/813 
f 769/201/774/810 772/204/777/813 770/202/775/811 
f 725/150/730/759 728/153/733/762 772/204/777/813 
f 725/150/730/759 772/204/777/813 771/203/776/812 
f 643/208/648/814 637/205/642/815 773/235/778/816 
f 643/208/648/814 773/235/778/816 774/413/779/817 
f 774/413/779/817 773/235/778/816 775/239/780/818 
f 774/413/779/817 775/239/780/818 776/414/781/819 
f 775/239/780/818 777/415/782/820 778/416/783/821 
f 775/239/780/818 778/416/783/821 776/414/781/819 
f 777/415/782/820 727/374/732/761 730/376/735/764 
f 777/415/782/820 730/376/735/764 778/416/783/821 
f 774/413/779/817 779/417/784/822 644/214/649/823 
f 774/413/779/817 644/214/649/823 643/208/648/814 
f 776/414/781/819 780/418/785/824 779/417/784/822 
f 776/414/781/819 779/417/784/822 774/413/779/817 
f 781/419/786/825 780/418/785/824 776/414/781/819 
f 781/419/786/825 776/414/781/819 778/416/783/821 
f 729/375/734/763 781/419/786/825 778/416/783/821 
f 729/375/734/763 778/416/783/821 730/376/735/764 
f 756/402/761/794 646/185/651/795 644/214/649/823 
f 756/402/761/794 644/214/649/823 779/417/784/822 
f 761/407/766/800 756/402/761/794 779/417/784/822 
f 761/407/766/800 779/417/784/822 780/418/785/824 
f 766/412/771/805 761/407/766/800 780/418/785/824 
f 766/412/771/805 780/418/785/824 781/419/786/825 
f 731/377/736/765 766/412/771/805 781/419/786/825 
f 731/377/736/765 781/419/786/825 729/375/734/763 
f 782/282/787/826 783/281/788/827 784/280/789/828 
f 782/282/787/826 784/280/789/828 785/283/790/829 
f 785/283/790/829 784/280/789/828 786/290/791/830 
f 785/283/790/829 786/290/791/830 787/291/792/831 
f 787/291/792/831 786/290/791/830 788/295/793/832 
f 787/291/792/831 788/295/793/832 789/296/794/833 
f 789/296/794/833 788/295/793/832 790/300/795/834 
f 789/296/794/833 790/300/795/834 791/301/796/835 
f 792/284/797/836 782/282/787/826 785/283/790/829 
f 792/284/797/836 785/283/790/829 793/285/798/837 
f 793/285/798/837 785/283/790/829 787/291/792/831 
f 793/285/798/837 787/291/792/831 794/292/799/838 
f 794/292/799/838 787/291/792/831 789/296/794/833 
f 794/292/799/838 789/296/794/833 795/297/800/839 
f 795/297/800/839 789/296/794/833 791/301/796/835 
f 795/297/800/839 791/301/796/835 796/302/801/840 
f 797/286/802/841 792/284/797/836 793/285/798/837 
f 797/286/802/841 793/285/798/837 798/287/803/842 
f 798/287/803/842 793/285/798/837 794/292/799/838 
f 798/287/803/842 794/292/799/838 799/293/804/843 
f 799/293/804/843 794/292/799/838 795/297/800/839 
f 799/293/804/843 795/297/800/839 800/298/805/844 
f 800/298/805/844 795/297/800/839 796/302/801/840 
f 800/298/805/844 796/302/801/840 801/303/806/845 
f 802/288/807/846 797/286/802/841 798/287/803/842 
f 802/288/807/846 798/287/803/842 803/289/808/847 
f 803/289/808/847 798/287/803/842 799/293/804/843 
f 803/289/808/847 799/293/804/843 804/294/809/848 
f 804/294/809/848 799/293/804/843 800/298/805/844 
f 804/294/809/848 800/298/805/844 805/299/810/849 
f 805/299/810/849 800/298/805/844 801/303/806/845 
f 805/299/810/849 801/303/806/845 806/304/811/850 
f 807/345/812/851 808/348/813/852 809/347/814/853 
f 807/345/812/851 809/347/814/853 810/346/815/854 
f 811/353/816/855 807/345/812/851 810/346/815/854 
f 811/353/816/855 810/346/815/854 812/354/817/856 
f 813/358/818/857 814/357/819/858 811/353/816/855 
f 813/358/818/857 811/353/816/855 812/354/817/856 
f 815/333/820/859 816/334/821/860 814/357/819/858 
f 815/333/820/859 814/357/819/858 813/358/818/857 
f 817/349/822/861 818/350/823/862 808/348/813/852 
f 817/349/822/861 808/348/813/852 807/345/812/851 
f 819/355/824/863 817/349/822/861 807/345/812/851 
f 819/355/824/863 807/345/812/851 811/353/816/855 
f 820/359/825/864 819/355/824/863 811/353/816/855 
f 820/359/825/864 811/353/816/855 814/357/819/858 
f 821/339/826/865 820/359/825/864 814/357/819/858 
f 821/339/826/865 814/357/819/858 816/334/821/860 
f 822/351/827/866 823/352/828/867 818/350/823/862 
f 822/351/827/866 818/350/823/862 817/349/822/861 
f 824/356/829/868 822/351/827/866 817/349/822/861 
f 824/356/829/868 817/349/822/861 819/355/824/863 
f 825/360/830/869 824/356/829/868 819/355/824/863 
f 825/360/830/869 819/355/824/863 820/359/825/864 
f 826/344/831/870 825/360/830/869 820/359/825/864 
f 826/344/831/870 820/359/825/864 821/339/826/865 
f 791/301/796/835 790/300/795/834 823/352/828/867 
f 791/301/796/835 823/352/828/867 822/351/827/866 
f 796/302/801/840 791/301/796/835 822/351/827/866 
f 796/302/801/840 822/351/827/866 824/356/829/868 
f 801/303/806/845 796/302/801/840 824/356/829/868 
f 801/303/806/845 824/356/829/868 825/360/830/869 
f 806/304/811/850 801/303/806/845 825/360/830/869 
f 806/304/811/850 825/360/830/869 826/344/831/870 
f 827/327/832/871 393/326/394/872 392/325/393/873 
f 827/327/832/871 392/325/393/873 828/328/833/874 
f 828/328/833/874 392/325/393/873 403/336/404/875 
f 828/328/833/874 403/336/404/875 829/335/834/876 
f 829/335/834/876 403/336/404/875 408/341/409/877 
f 829/335/834/876 408/341/409/877 830/340/835/878 
f 830/340/835/878 408/341/409/877 381/314/382/879 
f 830/340/835/878 381/314/382/879 831/313/836/880 
f 832/329/837/881 827/327/832/871 828/328/833/874 
f 832/329/837/881 828/328/833/874 833/330/838/882 
f 833/330/838/882 828/328/833/874 829/335/834/876 
f 833/330/838/882 829/335/834/876 834/337/839/883 
f 834/337/839/883 829/335/834/876 830/340/835/878 
f 834/337/839/883 830/340/835/878 835/342/840/884 
f 836/319/841/885 835/342/840/884 830/340/835/878 
f 836/319/841/885 830/340/835/878 831/313/836/880 
f 837/332/842/886 838/331/843/887 832/329/837/881 
f 837/332/842/886 832/329/837/881 833/330/838/882 
f 839/338/844/888 837/332/842/886 833/330/838/882 
f 839/338/844/888 833/330/838/882 834/337/839/883 
f 840/343/845/889 839/338/844/888 834/337/839/883 
f 840/343/845/889 834/337/839/883 835/342/840/884 
f 840/343/845/889 835/342/840/884 836/319/841/885 
f 840/343/845/889 836/319/841/885 841/324/846/890 
f 816/334/821/860 815/333/820/859 838/331/843/887 
f 816/334/821/860 838/331/843/887 837/332/842/886 
f 821/339/826/865 816/334/821/860 837/332/842/886 
f 821/339/826/865 837/332/842/886 839/338/844/888 
f 821/339/826/865 839/338/844/888 840/343/845/889 
f 821/339/826/865 840/343/845/889 826/344/831/870 
f 826/344/831/870 840/343/845/889 841/324/846/890 
f 826/344/831/870 841/324/846/890 806/304/811/850 
f 842/305/847/891 375/308/376/892 374/307/375/893 
f 842/305/847/891 374/307/375/893 843/306/848/894 
f 844/315/849/895 842/305/847/891 843/306/848/894 
f 844/315/849/895 843/306/848/894 845/316/850/896 
f 846/320/851/897 844/315/849/895 845/316/850/896 
f 846/320/851/897 845/316/850/896 847/321/852/898 
f 803/289/808/847 846/320/851/897 847/321/852/898 
f 803/289/808/847 847/321/852/898 802/288/807/846 
f 848/309/853/899 377/310/378/900 375/308/376/892 
f 848/309/853/899 375/308/376/892 842/305/847/891 
f 849/317/854/901 848/309/853/899 842/305/847/891 
f 849/317/854/901 842/305/847/891 844/315/849/895 
f 850/322/855/902 849/317/854/901 844/315/849/895 
f 850/322/855/902 844/315/849/895 846/320/851/897 
f 804/294/809/848 850/322/855/902 846/320/851/897 
f 804/294/809/848 846/320/851/897 803/289/808/847 
f 851/311/856/903 379/312/380/904 377/310/378/900 
f 851/311/856/903 377/310/378/900 848/309/853/899 
f 852/318/857/905 851/311/856/903 848/309/853/899 
f 852/318/857/905 848/309/853/899 849/317/854/901 
f 853/323/858/906 852/318/857/905 849/317/854/901 
f 853/323/858/906 849/317/854/901 850/322/855/902 
f 805/299/810/849 853/323/858/906 850/322/855/902 
f 805/299/810/849 850/322/855/902 804/294/809/848 
f 851/311/856/903 831/313/836/880 381/314/382/879 
f 851/311/856/903 381/314/382/879 379/312/380/904 
f 836/319/841/885 831/313/836/880 851/311/856/903 
f 836/319/841/885 851/311/856/903 852/318/857/905 
f 841/324/846/890 836/319/841/885 852/318/857/905 
f 841/324/846/890 852/318/857/905 853/323/858/906 
f 806/304/811/850 841/324/846/890 853/323/858/906 
f 806/304/811/850 853/323/858/906 805/299/810/849 
f 854/420/859/907 663/177/668/697 662/178/667/696 
f 854/420/859/907 662/178/667/696 855/421/860/908 
f 856/422/861/909 854/420/859/907 855/421/860/908 
f 856/422/861/909 855/421/860/908 857/423/862/910 
f 856/422/861/909 857/423/862/910 858/424/863/911 
f 856/422/861/909 858/424/863/911 859/425/864/912 
f 859/425/864/912 858/424/863/911 860/426/865/913 
f 859/425/864/912 860/426/865/913 861/427/866/914 
f 862/428/867/915 665/187/670/699 663/177/668/697 
f 862/428/867/915 663/177/668/697 854/420/859/907 
f 863/429/868/916 862/428/867/915 854/420/859/907 
f 863/429/868/916 854/420/859/907 856/422/861/909 
f 864/430/869/917 863/429/868/916 856/422/861/909 
f 864/430/869/917 856/422/861/909 859/425/864/912 
f 864/430/869/917 859/425/864/912 861/427/866/914 
f 864/430/869/917 861/427/866/914 865/431/870/918 
f 866/432/871/919 667/192/672/701 665/187/670/699 
f 866/432/871/919 665/187/670/699 862/428/867/915 
f 867/433/872/920 866/432/871/919 862/428/867/915 
f 867/433/872/920 862/428/867/915 863/429/868/916 
f 868/434/873/921 867/433/872/920 863/429/868/916 
f 868/434/873/921 863/429/868/916 864/430/869/917 
f 869/435/874/922 868/434/873/921 864/430/869/917 
f 869/435/874/922 864/430/869/917 865/431/870/918 
f 870/436/875/923 669/166/674/703 667/192/672/701 
f 870/436/875/923 667/192/672/701 866/432/871/919 
f 871/437/876/924 870/436/875/923 866/432/871/919 
f 871/437/876/924 866/432/871/919 867/433/872/920 
f 872/438/877/925 871/437/876/924 867/433/872/920 
f 872/438/877/925 867/433/872/920 868/434/873/921 
f 873/439/878/926 872/438/877/925 868/434/873/921 
f 873/439/878/926 868/434/873/921 869/435/874/922 
f 808/348/813/852 874/440/879/927 875/441/880/928 
f 808/348/813/852 875/441/880/928 809/347/814/853 
f 818/350/823/862 876/442/881/929 874/440/879/927 
f 818/350/823/862 874/440/879/927 808/348/813/852 
f 823/352/828/867 877/443/882/930 876/442/881/929 
f 823/352/828/867 876/442/881/929 818/350/823/862 
f 790/300/795/834 878/444/883/931 877/443/882/930 
f 790/300/795/834 877/443/882/930 823/352/828/867 
f 874/440/879/927 879/445/884/932 880/446/885/933 
f 874/440/879/927 880/446/885/933 875/441/880/928 
f 876/442/881/929 881/447/886/934 879/445/884/932 
f 876/442/881/929 879/445/884/932 874/440/879/927 
f 882/448/887/935 881/447/886/934 876/442/881/929 
f 882/448/887/935 876/442/881/929 877/443/882/930 
f 883/449/888/936 882/448/887/935 877/443/882/930 
f 883/449/888/936 877/443/882/930 878/444/883/931 
f 884/450/889/937 885/451/890/938 880/446/885/933 
f 884/450/889/937 880/446/885/933 879/445/884/932 
f 886/452/891/939 884/450/889/937 879/445/884/932 
f 886/452/891/939 879/445/884/932 881/447/886/934 
f 887/453/892/940 886/452/891/939 881/447/886/934 
f 887/453/892/940 881/447/886/934 882/448/887/935 
f 883/449/888/936 888/454/893/941 887/453/892/940 
f 883/449/888/936 887/453/892/940 882/448/887/935 
f 861/427/866/914 860/426/865/913 885/451/890/938 
f 861/427/866/914 885/451/890/938 884/450/889/937 
f 865/431/870/918 861/427/866/914 884/450/889/937 
f 865/431/870/918 884/450/889/937 886/452/891/939 
f 887/453/892/940 869/435/874/922 865/431/870/918 
f 887/453/892/940 865/431/870/918 886/452/891/939 
f 888/454/893/941 873/439/878/926 869/435/874/922 
f 888/454/893/941 869/435/874/922 887/453/892/940 
f 889/455/894/942 784/280/789/828 783/281/788/827 
f 889/455/894/942 783/281/788/827 890/456/895/943 
f 891/457/896/944 889/455/894/942 890/456/895/943 
f 891/457/896/944 890/456/895/943 892/458/897/945 
f 893/459/898/946 891/457/896/944 892/458/897/945 
f 893/459/898/946 892/458/897/945 894/460/899/947 
f 895/461/900/948 893/459/898/946 894/460/899/947 
f 895/461/900/948 894/460/899/947 896/462/901/949 
f 897/463/902/950 786/290/791/830 784/280/789/828 
f 897/463/902/950 784/280/789/828 889/455/894/942 
f 898/464/903/951 897/463/902/950 889/455/894/942 
f 898/464/903/951 889/455/894/942 891/457/896/944 
f 899/465/904/952 898/464/903/951 891/457/896/944 
f 899/465/904/952 891/457/896/944 893/459/898/946 
f 900/466/905/953 899/465/904/952 893/459/898/946 
f 900/466/905/953 893/459/898/946 895/461/900/948 
f 901/467/906/954 788/295/793/832 786/290/791/830 
f 901/467/906/954 786/290/791/830 897/463/902/950 
f 902/468/907/955 901/467/906/954 897/463/902/950 
f 902/468/907/955 897/463/902/950 898/464/903/951 
f 903/469/908/956 902/468/907/955 898/464/903/951 
f 903/469/908/956 898/464/903/951 899/465/904/952 
f 904/470/909/957 903/469/908/956 899/465/904/952 
f 904/470/909/957 899/465/904/952 900/466/905/953 
f 878/444/883/931 790/300/795/834 788/295/793/832 
f 878/444/883/931 788/295/793/832 901/467/906/954 
f 883/449/888/936 878/444/883/931 901/467/906/954 
f 883/449/888/936 901/467/906/954 902/468/907/955 
f 888/454/893/941 883/449/888/936 902/468/907/955 
f 888/454/893/941 902/468/907/955 903/469/908/956 
f 873/439/878/926 888/454/893/941 903/469/908/956 
f 873/439/878/926 903/469/908/956 904/470/909/957 
f 682/160/687/716 905/471/910/958 906/472/911/959 
f 682/160/687/716 906/472/911/959 683/159/688/717 
f 690/162/695/724 907/473/912/960 905/471/910/958 
f 690/162/695/724 905/471/910/958 682/160/687/716 
f 694/164/699/728 908/474/913/961 907/473/912/960 
f 694/164/699/728 907/473/912/960 690/162/695/724 
f 669/166/674/703 870/436/875/923 908/474/913/961 
f 669/166/674/703 908/474/913/961 694/164/699/728 
f 905/471/910/958 909/475/914/962 910/476/915/963 
f 905/471/910/958 910/476/915/963 906/472/911/959 
f 907/473/912/960 911/477/916/964 909/475/914/962 
f 907/473/912/960 909/475/914/962 905/471/910/958 
f 908/474/913/961 912/478/917/965 911/477/916/964 
f 908/474/913/961 911/477/916/964 907/473/912/960 
f 870/436/875/923 871/437/876/924 912/478/917/965 
f 870/436/875/923 912/478/917/965 908/474/913/961 
f 909/475/914/962 913/479/918/966 914/480/919/967 
f 909/475/914/962 914/480/919/967 910/476/915/963 
f 911/477/916/964 915/481/920/968 913/479/918/966 
f 911/477/916/964 913/479/918/966 909/475/914/962 
f 912/478/917/965 916/482/921/969 915/481/920/968 
f 912/478/917/965 915/481/920/968 911/477/916/964 
f 871/437/876/924 872/438/877/925 916/482/921/969 
f 871/437/876/924 916/482/921/969 912/478/917/965 
f 913/479/918/966 895/461/900/948 896/462/901/949 
f 913/479/918/966 896/462/901/949 914/480/919/967 
f 915/481/920/968 900/466/905/953 895/461/900/948 
f 915/481/920/968 895/461/900/948 913/479/918/966 
f 916/482/921/969 904/470/909/957 900/466/905/953 
f 916/482/921/969 900/466/905/953 915/481/920/968 
f 872/438/877/925 873/439/878/926 904/470/909/957 
f 872/438/877/925 904/470/909/957 916/482/921/969 
f 917/483/922/970 918/484/923/971 919/485/924/972 
f 917/483/922/970 919/485/924/972 920/486/925/973 
f 920/486/925/973 919/485/924/972 921/487/926/974 
f 920/486/925/973 921/487/926/974 922/488/927/975 
f 922/488/927/975 921/487/926/974 923/489/928/976 
f 922/488/927/975 923/489/928/976 924/490/929/977 
f 924/490/929/977 923/489/928/976 925/491/930/978 
f 924/490/929/977 925/491/930/978 926/492/931/979 
f 927/493/932/980 917/483/922/970 920/486/925/973 
f 927/493/932/980 920/486/925/973 928/494/933/981 
f 928/494/933/981 920/486/925/973 922/488/927/975 
f 928/494/933/981 922/488/927/975 929/495/934/982 
f 929/495/934/982 922/488/927/975 924/490/929/977 
f 929/495/934/982 924/490/929/977 930/496/935/983 
f 930/496/935/983 924/490/929/977 926/492/931/979 
f 930/496/935/983 926/492/931/979 931/497/936/984 
f 932/498/937/985 933/499/938/986 927/493/932/980 
f 932/498/937/985 927/493/932/980 928/494/933/981 
f 932/498/937/985 928/494/933/981 929/495/934/982 
f 932/498/937/985 929/495/934/982 934/500/939/987 
f 934/500/939/987 929/495/934/982 930/496/935/983 
f 934/500/939/987 930/496/935/983 935/501/940/988 
f 935/501/940/988 930/496/935/983 931/497/936/984 
f 935/501/940/988 931/497/936/984 936/502/941/989 
f 937/503/942/990 933/499/938/986 932/498/937/985 
f 937/503/942/990 932/498/937/985 938/504/943/991 
f 939/505/944/992 938/504/943/991 932/498/937/985 
f 939/505/944/992 932/498/937/985 934/500/939/987 
f 940/506/945/993 939/505/944/992 934/500/939/987 
f 940/506/945/993 934/500/939/987 935/501/940/988 
f 940/506/945/993 935/501/940/988 936/502/941/989 
f 940/506/945/993 936/502/941/989 941/507/946/994 
f 942/508/947/995 943/509/948/996 944/510/949/997 
f 942/508/947/995 944/510/949/997 945/511/950/998 
f 946/512/951/999 942/508/947/995 945/511/950/998 
f 946/512/951/999 945/511/950/998 947/513/952/1000 
f 948/514/953/1001 946/512/951/999 947/513/952/1000 
f 948/514/953/1001 947/513/952/1000 949/515/954/1002 
f 950/516/955/1003 948/514/953/1001 949/515/954/1002 
f 950/516/955/1003 949/515/954/1002 951/517/956/1004 
f 952/518/957/1005 953/519/958/1006 943/509/948/996 
f 952/518/957/1005 943/509/948/996 942/508/947/995 
f 954/520/959/1007 952/518/957/1005 942/508/947/995 
f 954/520/959/1007 942/508/947/995 946/512/951/999 
f 955/521/960/1008 954/520/959/1007 946/512/951/999 
f 955/521/960/1008 946/512/951/999 948/514/953/1001 
f 956/522/961/1009 955/521/960/1008 948/514/953/1001 
f 956/522/961/1009 948/514/953/1001 950/516/955/1003 
f 957/523/962/1010 958/524/963/1011 953/519/958/1006 
f 957/523/962/1010 953/519/958/1006 952/518/957/1005 
f 959/525/964/1012 957/523/962/1010 952/518/957/1005 
f 959/525/964/1012 952/518/957/1005 954/520/959/1007 
f 960/526/965/1013 959/525/964/1012 954/520/959/1007 
f 960/526/965/1013 954/520/959/1007 955/521/960/1008 
f 961/527/966/1014 960/526/965/1013 955/521/960/1008 
f 961/527/966/1014 955/521/960/1008 956/522/961/1009 
f 926/492/931/979 925/491/930/978 958/524/963/1011 
f 926/492/931/979 958/524/963/1011 957/523/962/1010 
f 931/497/936/984 926/492/931/979 957/523/962/1010 
f 931/497/936/984 957/523/962/1010 959/525/964/1012 
f 936/502/941/989 931/497/936/984 959/525/964/1012 
f 936/502/941/989 959/525/964/1012 960/526/965/1013 
f 941/507/946/994 936/502/941/989 960/526/965/1013 
f 941/507/946/994 960/526/965/1013 961/527/966/1014 
f 962/528/967/1015 393/326/394/1016 827/327/832/1017 
f 962/528/967/1015 827/327/832/1017 963/529/968/1018 
f 964/530/969/1019 963/529/968/1018 827/327/832/1017 
f 964/530/969/1019 827/327/832/1017 832/329/837/1020 
f 965/531/970/1021 964/530/969/1019 832/329/837/1020 
f 965/531/970/1021 832/329/837/1020 838/331/843/1022 
f 965/531/970/1021 838/331/843/1022 815/333/820/1023 
f 965/531/970/1021 815/333/820/1023 966/532/971/1024 
f 967/533/972/1025 962/528/967/1015 963/529/968/1018 
f 967/533/972/1025 963/529/968/1018 968/534/973/1026 
f 969/535/974/1027 968/534/973/1026 963/529/968/1018 
f 969/535/974/1027 963/529/968/1018 964/530/969/1019 
f 970/536/975/1028 969/535/974/1027 964/530/969/1019 
f 970/536/975/1028 964/530/969/1019 965/531/970/1021 
f 971/537/976/1029 970/536/975/1028 965/531/970/1021 
f 971/537/976/1029 965/531/970/1021 966/532/971/1024 
f 972/538/977/1030 967/533/972/1025 968/534/973/1026 
f 972/538/977/1030 968/534/973/1026 973/539/978/1031 
f 973/539/978/1031 968/534/973/1026 969/535/974/1027 
f 973/539/978/1031 969/535/974/1027 974/540/979/1032 
f 975/541/980/1033 974/540/979/1032 969/535/974/1027 
f 975/541/980/1033 969/535/974/1027 970/536/975/1028 
f 976/542/981/1034 975/541/980/1033 970/536/975/1028 
f 976/542/981/1034 970/536/975/1028 971/537/976/1029 
f 951/517/956/1004 972/538/977/1030 973/539/978/1031 
f 951/517/956/1004 973/539/978/1031 950/516/955/1003 
f 950/516/955/1003 973/539/978/1031 974/540/979/1032 
f 950/516/955/1003 974/540/979/1032 956/522/961/1009 
f 956/522/961/1009 974/540/979/1032 975/541/980/1033 
f 956/522/961/1009 975/541/980/1033 961/527/966/1014 
f 961/527/966/1014 975/541/980/1033 976/542/981/1034 
f 961/527/966/1014 976/542/981/1034 941/507/946/994 
f 977/543/982/1035 810/346/815/1036 809/347/814/1037 
f 977/543/982/1035 809/347/814/1037 978/544/983/1038 
f 979/545/984/1039 977/543/982/1035 978/544/983/1038 
f 979/545/984/1039 978/544/983/1038 980/546/985/1040 
f 981/547/986/1041 979/545/984/1039 980/546/985/1040 
f 981/547/986/1041 980/546/985/1040 982/548/987/1042 
f 938/504/943/991 981/547/986/1041 982/548/987/1042 
f 938/504/943/991 982/548/987/1042 937/503/942/990 
f 983/549/988/1043 812/354/817/1044 810/346/815/1036 
f 983/549/988/1043 810/346/815/1036 977/543/982/1035 
f 984/550/989/1045 983/549/988/1043 977/543/982/1035 
f 984/550/989/1045 977/543/982/1035 979/545/984/1039 
f 985/551/990/1046 984/550/989/1045 979/545/984/1039 
f 985/551/990/1046 979/545/984/1039 981/547/986/1041 
f 939/505/944/992 985/551/990/1046 981/547/986/1041 
f 939/505/944/992 981/547/986/1041 938/504/943/991 
f 986/552/991/1047 813/358/818/1048 812/354/817/1044 
f 986/552/991/1047 812/354/817/1044 983/549/988/1043 
f 987/553/992/1049 986/552/991/1047 983/549/988/1043 
f 987/553/992/1049 983/549/988/1043 984/550/989/1045 
f 988/554/993/1050 987/553/992/1049 984/550/989/1045 
f 988/554/993/1050 984/550/989/1045 985/551/990/1046 
f 939/505/944/992 940/506/945/993 988/554/993/1050 
f 939/505/944/992 988/554/993/1050 985/551/990/1046 
f 966/532/971/1024 815/333/820/1023 813/358/818/1048 
f 966/532/971/1024 813/358/818/1048 986/552/991/1047 
f 971/537/976/1029 966/532/971/1024 986/552/991/1047 
f 971/537/976/1029 986/552/991/1047 987/553/992/1049 
f 988/554/993/1050 976/542/981/1034 971/537/976/1029 
f 988/554/993/1050 971/537/976/1029 987/553/992/1049 
f 940/506/945/993 941/507/946/994 976/542/981/1034 
f 940/506/945/993 976/542/981/1034 988/554/993/1050 
f 201/160/202/211 200/159/201/210 989/472/994/1051 
f 201/160/202/211 989/472/994/1051 990/471/995/1052 
f 990/471/995/1052 989/472/994/1051 991/476/996/1053 
f 990/471/995/1052 991/476/996/1053 992/475/997/1054 
f 992/475/997/1054 991/476/996/1053 993/480/998/1055 
f 992/475/997/1054 993/480/998/1055 994/479/999/1056 
f 994/479/999/1056 993/480/998/1055 995/462/1000/1057 
f 994/479/999/1056 995/462/1000/1057 996/461/1001/1058 
f 203/162/204/213 201/160/202/211 990/471/995/1052 
f 203/162/204/213 990/471/995/1052 997/473/1002/1059 
f 997/473/1002/1059 990/471/995/1052 992/475/997/1054 
f 997/473/1002/1059 992/475/997/1054 998/477/1003/1060 
f 998/477/1003/1060 992/475/997/1054 994/479/999/1056 
f 998/477/1003/1060 994/479/999/1056 999/481/1004/1061 
f 999/481/1004/1061 994/479/999/1056 996/461/1001/1058 
f 999/481/1004/1061 996/461/1001/1058 1000/466/1005/1062 
f 205/164/206/215 203/162/204/213 997/473/1002/1059 
f 205/164/206/215 997/473/1002/1059 1001/474/1006/1063 
f 1001/474/1006/1063 997/473/1002/1059 998/477/1003/1060 
f 1001/474/1006/1063 998/477/1003/1060 1002/478/1007/1064 
f 1002/478/1007/1064 998/477/1003/1060 999/481/1004/1061 
f 1002/478/1007/1064 999/481/1004/1061 1003/482/1008/1065 
f 1003/482/1008/1065 999/481/1004/1061 1000/466/1005/1062 
f 1003/482/1008/1065 1000/466/1005/1062 1004/470/1009/1066 
f 207/166/208/217 205/164/206/215 1001/474/1006/1063 
f 207/166/208/217 1001/474/1006/1063 1005/436/1010/1067 
f 1005/436/1010/1067 1001/474/1006/1063 1002/478/1007/1064 
f 1005/436/1010/1067 1002/478/1007/1064 1006/437/1011/1068 
f 1006/437/1011/1068 1002/478/1007/1064 1003/482/1008/1065 
f 1006/437/1011/1068 1003/482/1008/1065 1007/438/1012/1069 
f 1007/438/1012/1069 1003/482/1008/1065 1004/470/1009/1066 
f 1007/438/1012/1069 1004/470/1009/1066 1008/439/1013/1070 
f 1009/455/1014/1071 1010/456/1015/1072 348/281/349/368 
f 1009/455/1014/1071 348/281/349/368 347/280/348/367 
f 1011/463/1016/1073 1009/455/1014/1071 347/280/348/367 
f 1011/463/1016/1073 347/280/348/367 357/290/358/377 
f 1012/467/1017/1074 1011/463/1016/1073 357/290/358/377 
f 1012/467/1017/1074 357/290/358/377 362/295/363/382 
f 1013/444/1018/1075 1012/467/1017/1074 362/295/363/382 
f 1013/444/1018/1075 362/295/363/382 367/300/368/387 
f 1014/457/1019/1076 1015/458/1020/1077 1010/456/1015/1072 
f 1014/457/1019/1076 1010/456/1015/1072 1009/455/1014/1071 
f 1016/464/1021/1078 1014/457/1019/1076 1009/455/1014/1071 
f 1016/464/1021/1078 1009/455/1014/1071 1011/463/1016/1073 
f 1017/468/1022/1079 1016/464/1021/1078 1011/463/1016/1073 
f 1017/468/1022/1079 1011/463/1016/1073 1012/467/1017/1074 
f 1018/449/1023/1080 1017/468/1022/1079 1012/467/1017/1074 
f 1018/449/1023/1080 1012/467/1017/1074 1013/444/1018/1075 
f 1019/459/1024/1081 1020/460/1025/1082 1015/458/1020/1077 
f 1019/459/1024/1081 1015/458/1020/1077 1014/457/1019/1076 
f 1021/465/1026/1083 1019/459/1024/1081 1014/457/1019/1076 
f 1021/465/1026/1083 1014/457/1019/1076 1016/464/1021/1078 
f 1022/469/1027/1084 1021/465/1026/1083 1016/464/1021/1078 
f 1022/469/1027/1084 1016/464/1021/1078 1017/468/1022/1079 
f 1023/454/1028/1085 1022/469/1027/1084 1017/468/1022/1079 
f 1023/454/1028/1085 1017/468/1022/1079 1018/449/1023/1080 
f 996/461/1001/1058 995/462/1000/1057 1020/460/1025/1082 
f 996/461/1001/1058 1020/460/1025/1082 1019/459/1024/1081 
f 1000/466/1005/1062 996/461/1001/1058 1019/459/1024/1081 
f 1000/466/1005/1062 1019/459/1024/1081 1021/465/1026/1083 
f 1004/470/1009/1066 1000/466/1005/1062 1021/465/1026/1083 
f 1004/470/1009/1066 1021/465/1026/1083 1022/469/1027/1084 
f 1008/439/1013/1070 1004/470/1009/1066 1022/469/1027/1084 
f 1008/439/1013/1070 1022/469/1027/1084 1023/454/1028/1085 
f 415/348/416/435 414/347/415/434 1024/441/1029/1086 
f 415/348/416/435 1024/441/1029/1086 1025/440/1030/1087 
f 1025/440/1030/1087 1024/441/1029/1086 1026/446/1031/1088 
f 1025/440/1030/1087 1026/446/1031/1088 1027/445/1032/1089 
f 1027/445/1032/1089 1026/446/1031/1088 1028/451/1033/1090 
f 1027/445/1032/1089 1028/451/1033/1090 1029/450/1034/1091 
f 1029/450/1034/1091 1028/451/1033/1090 1030/426/1035/1092 
f 1029/450/1034/1091 1030/426/1035/1092 1031/427/1036/1093 
f 417/350/418/437 415/348/416/435 1025/440/1030/1087 
f 417/350/418/437 1025/440/1030/1087 1032/442/1037/1094 
f 1032/442/1037/1094 1025/440/1030/1087 1027/445/1032/1089 
f 1032/442/1037/1094 1027/445/1032/1089 1033/447/1038/1095 
f 1033/447/1038/1095 1027/445/1032/1089 1029/450/1034/1091 
f 1033/447/1038/1095 1029/450/1034/1091 1034/452/1039/1096 
f 1034/452/1039/1096 1029/450/1034/1091 1031/427/1036/1093 
f 1034/452/1039/1096 1031/427/1036/1093 1035/431/1040/1097 
f 419/352/420/439 417/350/418/437 1032/442/1037/1094 
f 419/352/420/439 1032/442/1037/1094 1036/443/1041/1098 
f 1036/443/1041/1098 1032/442/1037/1094 1033/447/1038/1095 
f 1036/443/1041/1098 1033/447/1038/1095 1037/448/1042/1099 
f 1037/448/1042/1099 1033/447/1038/1095 1034/452/1039/1096 
f 1037/448/1042/1099 1034/452/1039/1096 1038/453/1043/1100 
f 1038/453/1043/1100 1034/452/1039/1096 1035/431/1040/1097 
f 1038/453/1043/1100 1035/431/1040/1097 1039/435/1044/1101 
f 367/300/368/387 419/352/420/439 1036/443/1041/1098 
f 367/300/368/387 1036/443/1041/1098 1013/444/1018/1075 
f 1013/444/1018/1075 1036/443/1041/1098 1037/448/1042/1099 
f 1013/444/1018/1075 1037/448/1042/1099 1018/449/1023/1080 
f 1018/449/1023/1080 1037/448/1042/1099 1038/453/1043/1100 
f 1018/449/1023/1080 1038/453/1043/1100 1023/454/1028/1085 
f 1023/454/1028/1085 1038/453/1043/1100 1039/435/1044/1101 
f 1023/454/1028/1085 1039/435/1044/1101 1008/439/1013/1070 
f 1040/420/1045/1102 1041/421/1046/1103 219/178/220/229 
f 1040/420/1045/1102 219/178/220/229 218/177/219/228 
f 1042/428/1047/1104 1040/420/1045/1102 218/177/219/228 
f 1042/428/1047/1104 218/177/219/228 228/187/229/238 
f 1043/432/1048/1105 1042/428/1047/1104 228/187/229/238 
f 1043/432/1048/1105 228/187/229/238 233/192/234/243 
f 1005/436/1010/1067 1043/432/1048/1105 233/192/234/243 
f 1005/436/1010/1067 233/192/234/243 207/166/208/217 
f 1044/422/1049/1106 1045/423/1050/1107 1041/421/1046/1103 
f 1044/422/1049/1106 1041/421/1046/1103 1040/420/1045/1102 
f 1046/429/1051/1108 1044/422/1049/1106 1040/420/1045/1102 
f 1046/429/1051/1108 1040/420/1045/1102 1042/428/1047/1104 
f 1047/433/1052/1109 1046/429/1051/1108 1042/428/1047/1104 
f 1047/433/1052/1109 1042/428/1047/1104 1043/432/1048/1105 
f 1006/437/1011/1068 1047/433/1052/1109 1043/432/1048/1105 
f 1006/437/1011/1068 1043/432/1048/1105 1005/436/1010/1067 
f 1048/425/1053/1110 1049/424/1054/1111 1045/423/1050/1107 
f 1048/425/1053/1110 1045/423/1050/1107 1044/422/1049/1106 
f 1050/430/1055/1112 1048/425/1053/1110 1044/422/1049/1106 
f 1050/430/1055/1112 1044/422/1049/1106 1046/429/1051/1108 
f 1051/434/1056/1113 1050/430/1055/1112 1046/429/1051/1108 
f 1051/434/1056/1113 1046/429/1051/1108 1047/433/1052/1109 
f 1007/438/1012/1069 1051/434/1056/1113 1047/433/1052/1109 
f 1007/438/1012/1069 1047/433/1052/1109 1006/437/1011/1068 
f 1031/427/1036/1093 1030/426/1035/1092 1049/424/1054/1111 
f 1031/427/1036/1093 1049/424/1054/1111 1048/425/1053/1110 
f 1035/431/1040/1097 1031/427/1036/1093 1048/425/1053/1110 
f 1035/431/1040/1097 1048/425/1053/1110 1050/430/1055/1112 
f 1039/435/1044/1101 1035/431/1040/1097 1050/430/1055/1112 
f 1039/435/1044/1101 1050/430/1055/1112 1051/434/1056/1113 
f 1008/439/1013/1070 1039/435/1044/1101 1051/434/1056/1113 
f 1008/439/1013/1070 1051/434/1056/1113 1007/438/1012/1069 
f 316/249/317/334 219/178/220/333 1041/421/1046/1114 
f 316/249/317/334 1041/421/1046/1114 1052/555/1057/1115 
f 1052/555/1057/1115 1041/421/1046/1114 1045/423/1050/1116 
f 1052/555/1057/1115 1045/423/1050/1116 1053/556/1058/1117 
f 1053/556/1058/1117 1045/423/1050/1116 1049/424/1054/1118 
f 1053/556/1058/1117 1049/424/1054/1118 1054/557/1059/1119 
f 1054/557/1059/1119 1049/424/1054/1118 1030/426/1035/1120 
f 1054/557/1059/1119 1030/426/1035/1120 1055/558/1060/1121 
f 318/251/319/336 316/249/317/334 1052/555/1057/1115 
f 318/251/319/336 1052/555/1057/1115 1056/559/1061/1122 
f 1056/559/1061/1122 1052/555/1057/1115 1053/556/1058/1117 
f 1056/559/1061/1122 1053/556/1058/1117 1057/560/1062/1123 
f 1057/560/1062/1123 1053/556/1058/1117 1054/557/1059/1119 
f 1057/560/1062/1123 1054/557/1059/1119 1058/561/1063/1124 
f 1058/561/1063/1124 1054/557/1059/1119 1055/558/1060/1121 
f 1058/561/1063/1124 1055/558/1060/1121 1059/562/1064/1125 
f 320/253/321/338 318/251/319/336 1056/559/1061/1122 
f 320/253/321/338 1056/559/1061/1122 1060/563/1065/1126 
f 1060/563/1065/1126 1056/559/1061/1122 1057/560/1062/1123 
f 1060/563/1065/1126 1057/560/1062/1123 1061/564/1066/1127 
f 1061/564/1066/1127 1057/560/1062/1123 1058/561/1063/1124 
f 1061/564/1066/1127 1058/561/1063/1124 1062/565/1067/1128 
f 1062/565/1067/1128 1058/561/1063/1124 1059/562/1064/1125 
f 1062/565/1067/1128 1059/562/1064/1125 1063/566/1068/1129 
f 322/255/323/340 320/253/321/338 1060/563/1065/1126 
f 322/255/323/340 1060/563/1065/1126 1064/567/1069/1130 
f 1064/567/1069/1130 1060/563/1065/1126 1061/564/1066/1127 
f 1064/567/1069/1130 1061/564/1066/1127 1065/568/1070/1131 
f 1065/568/1070/1131 1061/564/1066/1127 1062/565/1067/1128 
f 1065/568/1070/1131 1062/565/1067/1128 1066/569/1071/1132 
f 1066/569/1071/1132 1062/565/1067/1128 1063/566/1068/1129 
f 1066/569/1071/1132 1063/566/1068/1129 1067/570/1072/1133 
f 1068/571/1073/1134 1024/441/1029/1135 414/347/415/1136 
f 1068/571/1073/1134 414/347/415/1136 1069/572/1074/1137 
f 1070/573/1075/1138 1068/571/1073/1134 1069/572/1074/1137 
f 1070/573/1075/1138 1069/572/1074/1137 1071/574/1076/1139 
f 1072/575/1077/1140 1070/573/1075/1138 1071/574/1076/1139 
f 1072/575/1077/1140 1071/574/1076/1139 1073/443/1078/1141 
f 1074/576/1079/1142 1072/575/1077/1140 1073/443/1078/1141 
f 1074/576/1079/1142 1073/443/1078/1141 1075/577/1080/1143 
f 1076/578/1081/1144 1026/446/1031/1145 1024/441/1029/1135 
f 1076/578/1081/1144 1024/441/1029/1135 1068/571/1073/1134 
f 1077/579/1082/1146 1076/578/1081/1144 1068/571/1073/1134 
f 1077/579/1082/1146 1068/571/1073/1134 1070/573/1075/1138 
f 1078/580/1083/1147 1077/579/1082/1146 1070/573/1075/1138 
f 1078/580/1083/1147 1070/573/1075/1138 1072/575/1077/1140 
f 1079/581/1084/1148 1078/580/1083/1147 1072/575/1077/1140 
f 1079/581/1084/1148 1072/575/1077/1140 1074/576/1079/1142 
f 1080/582/1085/1149 1028/451/1033/1150 1026/446/1031/1145 
f 1080/582/1085/1149 1026/446/1031/1145 1076/578/1081/1144 
f 1081/583/1086/1151 1080/582/1085/1149 1076/578/1081/1144 
f 1081/583/1086/1151 1076/578/1081/1144 1077/579/1082/1146 
f 1082/584/1087/1152 1081/583/1086/1151 1077/579/1082/1146 
f 1082/584/1087/1152 1077/579/1082/1146 1078/580/1083/1147 
f 1083/585/1088/1153 1082/584/1087/1152 1078/580/1083/1147 
f 1083/585/1088/1153 1078/580/1083/1147 1079/581/1084/1148 
f 1055/558/1060/1121 1030/426/1035/1120 1028/451/1033/1150 
f 1055/558/1060/1121 1028/451/1033/1150 1080/582/1085/1149 
f 1059/562/1064/1125 1055/558/1060/1121 1080/582/1085/1149 
f 1059/562/1064/1125 1080/582/1085/1149 1081/583/1086/1151 
f 1063/566/1068/1129 1059/562/1064/1125 1081/583/1086/1151 
f 1063/566/1068/1129 1081/583/1086/1151 1082/584/1087/1152 
f 1067/570/1072/1133 1063/566/1068/1129 1082/584/1087/1152 
f 1067/570/1072/1133 1082/584/1087/1152 1083/585/1088/1153 
f 1084/586/1089/1154 1085/587/1090/1155 1086/588/1091/1156 
f 1084/586/1089/1154 1086/588/1091/1156 1087/589/1092/1157 
f 1087/589/1092/1157 1086/588/1091/1156 1088/590/1093/1158 
f 1087/589/1092/1157 1088/590/1093/1158 1089/591/1094/1159 
f 1089/591/1094/1159 1088/590/1093/1158 1090/592/1095/1160 
f 1089/591/1094/1159 1090/592/1095/1160 1091/593/1096/1161 
f 1091/593/1096/1161 1090/592/1095/1160 1092/594/1097/1162 
f 1091/593/1096/1161 1092/594/1097/1162 1093/595/1098/1163 
f 1094/596/1099/1164 1084/586/1089/1154 1087/589/1092/1157 
f 1094/596/1099/1164 1087/589/1092/1157 1095/597/1100/1165 
f 1095/597/1100/1165 1087/589/1092/1157 1089/591/1094/1159 
f 1095/597/1100/1165 1089/591/1094/1159 1096/598/1101/1166 
f 1096/598/1101/1166 1089/591/1094/1159 1091/593/1096/1161 
f 1096/598/1101/1166 1091/593/1096/1161 1097/599/1102/1167 
f 1097/599/1102/1167 1091/593/1096/1161 1093/595/1098/1163 
f 1097/599/1102/1167 1093/595/1098/1163 1098/600/1103/1168 
f 1099/601/1104/1169 1094/596/1099/1164 1095/597/1100/1165 
f 1099/601/1104/1169 1095/597/1100/1165 1100/602/1105/1170 
f 1100/602/1105/1170 1095/597/1100/1165 1096/598/1101/1166 
f 1100/602/1105/1170 1096/598/1101/1166 1101/603/1106/1171 
f 1101/603/1106/1171 1096/598/1101/1166 1097/599/1102/1167 
f 1101/603/1106/1171 1097/599/1102/1167 1102/604/1107/1172 
f 1102/604/1107/1172 1097/599/1102/1167 1098/600/1103/1168 
f 1102/604/1107/1172 1098/600/1103/1168 1103/605/1108/1173 
f 1075/577/1080/1143 1099/601/1104/1169 1100/602/1105/1170 
f 1075/577/1080/1143 1100/602/1105/1170 1074/576/1079/1142 
f 1074/576/1079/1142 1100/602/1105/1170 1101/603/1106/1171 
f 1074/576/1079/1142 1101/603/1106/1171 1079/581/1084/1148 
f 1079/581/1084/1148 1101/603/1106/1171 1102/604/1107/1172 
f 1079/581/1084/1148 1102/604/1107/1172 1083/585/1088/1153 
f 1083/585/1088/1153 1102/604/1107/1172 1103/605/1108/1173 
f 1083/585/1088/1153 1103/605/1108/1173 1067/570/1072/1133 
f 1104/606/1109/1174 1105/607/1110/1175 334/267/335/354 
f 1104/606/1109/1174 334/267/335/354 333/266/334/353 
f 1106/608/1111/1176 1104/606/1109/1174 333/266/334/353 
f 1106/608/1111/1176 333/266/334/353 340/273/341/360 
f 1107/609/1112/1177 1106/608/1111/1176 340/273/341/360 
f 1107/609/1112/1177 340/273/341/360 344/277/345/364 
f 1064/567/1069/1130 1107/609/1112/1177 344/277/345/364 
f 1064/567/1069/1130 344/277/345/364 322/255/323/340 
f 1108/610/1113/1178 1109/611/1114/1179 1105/607/1110/1175 
f 1108/610/1113/1178 1105/607/1110/1175 1104/606/1109/1174 
f 1110/612/1115/1180 1108/610/1113/1178 1104/606/1109/1174 
f 1110/612/1115/1180 1104/606/1109/1174 1106/608/1111/1176 
f 1111/613/1116/1181 1110/612/1115/1180 1106/608/1111/1176 
f 1111/613/1116/1181 1106/608/1111/1176 1107/609/1112/1177 
f 1065/568/1070/1131 1111/613/1116/1181 1107/609/1112/1177 
f 1065/568/1070/1131 1107/609/1112/1177 1064/567/1069/1130 
f 1112/614/1117/1182 1113/615/1118/1183 1109/611/1114/1179 
f 1112/614/1117/1182 1109/611/1114/1179 1108/610/1113/1178 
f 1114/616/1119/1184 1112/614/1117/1182 1108/610/1113/1178 
f 1114/616/1119/1184 1108/610/1113/1178 1110/612/1115/1180 
f 1115/617/1120/1185 1114/616/1119/1184 1110/612/1115/1180 
f 1115/617/1120/1185 1110/612/1115/1180 1111/613/1116/1181 
f 1066/569/1071/1132 1115/617/1120/1185 1111/613/1116/1181 
f 1066/569/1071/1132 1111/613/1116/1181 1065/568/1070/1131 
f 1093/595/1098/1163 1092/594/1097/1162 1113/615/1118/1183 
f 1093/595/1098/1163 1113/615/1118/1183 1112/614/1117/1182 
f 1098/600/1103/1168 1093/595/1098/1163 1112/614/1117/1182 
f 1098/600/1103/1168 1112/614/1117/1182 1114/616/1119/1184 
f 1103/605/1108/1173 1098/600/1103/1168 1114/616/1119/1184 
f 1103/605/1108/1173 1114/616/1119/1184 1115/617/1120/1185 
f 1067/570/1072/1133 1103/605/1108/1173 1115/617/1120/1185 
f 1067/570/1072/1133 1115/617/1120/1185 1066/569/1071/1132 
f 1069/572/1074/1137 414/347/415/1136 413/346/414/1186 
f 1069/572/1074/1137 413/346/414/1186 1116/618/1121/1187 
f 1116/618/1121/1187 413/346/414/1186 421/354/422/1188 
f 1116/618/1121/1187 421/354/422/1188 1117/619/1122/1189 
f 1117/619/1122/1189 421/354/422/1188 425/358/426/1190 
f 1117/619/1122/1189 425/358/426/1190 1118/620/1123/1191 
f 1118/620/1123/1191 425/358/426/1190 400/333/401/1192 
f 1118/620/1123/1191 400/333/401/1192 1119/621/1124/1193 
f 1071/574/1076/1139 1069/572/1074/1137 1116/618/1121/1187 
f 1071/574/1076/1139 1116/618/1121/1187 1120/622/1125/1194 
f 1120/622/1125/1194 1116/618/1121/1187 1117/619/1122/1189 
f 1120/622/1125/1194 1117/619/1122/1189 1121/623/1126/1195 
f 1121/623/1126/1195 1117/619/1122/1189 1118/620/1123/1191 
f 1121/623/1126/1195 1118/620/1123/1191 1122/624/1127/1196 
f 1122/624/1127/1196 1118/620/1123/1191 1119/621/1124/1193 
f 1122/624/1127/1196 1119/621/1124/1193 1123/625/1128/1197 
f 1073/443/1078/1141 1071/574/1076/1139 1120/622/1125/1194 
f 1073/443/1078/1141 1120/622/1125/1194 1124/626/1129/1198 
f 1124/626/1129/1198 1120/622/1125/1194 1121/623/1126/1195 
f 1124/626/1129/1198 1121/623/1126/1195 1125/627/1130/1199 
f 1125/627/1130/1199 1121/623/1126/1195 1122/624/1127/1196 
f 1125/627/1130/1199 1122/624/1127/1196 1126/628/1131/1200 
f 1126/628/1131/1200 1122/624/1127/1196 1123/625/1128/1197 
f 1126/628/1131/1200 1123/625/1128/1197 1127/629/1132/1201 
f 1075/577/1080/1143 1073/443/1078/1141 1124/626/1129/1198 
f 1075/577/1080/1143 1124/626/1129/1198 1128/630/1133/1202 
f 1128/630/1133/1202 1124/626/1129/1198 1125/627/1130/1199 
f 1128/630/1133/1202 1125/627/1130/1199 1129/631/1134/1203 
f 1129/631/1134/1203 1125/627/1130/1199 1126/628/1131/1200 
f 1129/631/1134/1203 1126/628/1131/1200 1130/632/1135/1204 
f 1130/632/1135/1204 1126/628/1131/1200 1127/629/1132/1201 
f 1130/632/1135/1204 1127/629/1132/1201 1131/633/1136/1205 
f 1132/634/1137/1206 394/327/395/1207 393/326/394/1208 
f 1132/634/1137/1206 393/326/394/1208 962/528/967/1209 
f 1133/635/1138/1210 1132/634/1137/1206 962/528/967/1209 
f 1133/635/1138/1210 962/528/967/1209 967/533/972/1211 
f 1134/636/1139/1212 1133/635/1138/1210 967/533/972/1211 
f 1134/636/1139/1212 967/533/972/1211 972/538/977/1213 
f 1135/637/1140/1214 1134/636/1139/1212 972/538/977/1213 
f 1135/637/1140/1214 972/538/977/1213 951/517/956/1215 
f 1136/638/1141/1216 396/329/397/1217 394/327/395/1207 
f 1136/638/1141/1216 394/327/395/1207 1132/634/1137/1206 
f 1137/639/1142/1218 1136/638/1141/1216 1132/634/1137/1206 
f 1137/639/1142/1218 1132/634/1137/1206 1133/635/1138/1210 
f 1138/640/1143/1219 1137/639/1142/1218 1133/635/1138/1210 
f 1138/640/1143/1219 1133/635/1138/1210 1134/636/1139/1212 
f 1139/641/1144/1220 1138/640/1143/1219 1134/636/1139/1212 
f 1139/641/1144/1220 1134/636/1139/1212 1135/637/1140/1214 
f 1140/642/1145/1221 398/331/399/1222 396/329/397/1217 
f 1140/642/1145/1221 396/329/397/1217 1136/638/1141/1216 
f 1141/643/1146/1223 1140/642/1145/1221 1136/638/1141/1216 
f 1141/643/1146/1223 1136/638/1141/1216 1137/639/1142/1218 
f 1142/644/1147/1224 1141/643/1146/1223 1137/639/1142/1218 
f 1142/644/1147/1224 1137/639/1142/1218 1138/640/1143/1219 
f 1143/645/1148/1225 1142/644/1147/1224 1138/640/1143/1219 
f 1143/645/1148/1225 1138/640/1143/1219 1139/641/1144/1220 
f 1119/621/1124/1193 400/333/401/1192 398/331/399/1222 
f 1119/621/1124/1193 398/331/399/1222 1140/642/1145/1221 
f 1123/625/1128/1197 1119/621/1124/1193 1140/642/1145/1221 
f 1123/625/1128/1197 1140/642/1145/1221 1141/643/1146/1223 
f 1127/629/1132/1201 1123/625/1128/1197 1141/643/1146/1223 
f 1127/629/1132/1201 1141/643/1146/1223 1142/644/1147/1224 
f 1131/633/1136/1205 1127/629/1132/1201 1142/644/1147/1224 
f 1131/633/1136/1205 1142/644/1147/1224 1143/645/1148/1225 
f 945/511/950/1226 944/510/949/1227 1144/646/1149/1228 
f 945/511/950/1226 1144/646/1149/1228 1145/647/1150/1229 
f 1145/647/1150/1229 1144/646/1149/1228 1146/648/1151/1230 
f 1145/647/1150/1229 1146/648/1151/1230 1147/649/1152/1231 
f 1147/649/1152/1231 1146/648/1151/1230 1148/650/1153/1232 
f 1147/649/1152/1231 1148/650/1153/1232 1149/651/1154/1233 
f 1149/651/1154/1233 1148/650/1153/1232 1150/652/1155/1234 
f 1149/651/1154/1233 1150/652/1155/1234 1151/653/1156/1235 
f 947/513/952/1236 945/511/950/1226 1145/647/1150/1229 
f 947/513/952/1236 1145/647/1150/1229 1152/654/1157/1237 
f 1152/654/1157/1237 1145/647/1150/1229 1147/649/1152/1231 
f 1152/654/1157/1237 1147/649/1152/1231 1153/655/1158/1238 
f 1153/655/1158/1238 1147/649/1152/1231 1149/651/1154/1233 
f 1153/655/1158/1238 1149/651/1154/1233 1154/656/1159/1239 
f 1154/656/1159/1239 1149/651/1154/1233 1151/653/1156/1235 
f 1154/656/1159/1239 1151/653/1156/1235 1155/657/1160/1240 
f 949/515/954/1241 947/513/952/1236 1152/654/1157/1237 
f 949/515/954/1241 1152/654/1157/1237 1156/658/1161/1242 
f 1156/658/1161/1242 1152/654/1157/1237 1153/655/1158/1238 
f 1156/658/1161/1242 1153/655/1158/1238 1157/659/1162/1243 
f 1157/659/1162/1243 1153/655/1158/1238 1154/656/1159/1239 
f 1157/659/1162/1243 1154/656/1159/1239 1158/660/1163/1244 
f 1158/660/1163/1244 1154/656/1159/1239 1155/657/1160/1240 
f 1158/660/1163/1244 1155/657/1160/1240 1159/661/1164/1245 
f 951/517/956/1215 949/515/954/1241 1156/658/1161/1242 
f 951/517/956/1215 1156/658/1161/1242 1135/637/1140/1214 
f 1135/637/1140/1214 1156/658/1161/1242 1157/659/1162/1243 
f 1135/637/1140/1214 1157/659/1162/1243 1139/641/1144/1220 
f 1139/641/1144/1220 1157/659/1162/1243 1158/660/1163/1244 
f 1139/641/1144/1220 1158/660/1163/1244 1143/645/1148/1225 
f 1143/645/1148/1225 1158/660/1163/1244 1159/661/1164/1245 
f 1143/645/1148/1225 1159/661/1164/1245 1131/633/1136/1205 
f 1160/662/1165/1246 1161/663/1166/1247 1085/587/1090/1155 
f 1160/662/1165/1246 1085/587/1090/1155 1084/586/1089/1154 
f 1162/664/1167/1248 1160/662/1165/1246 1084/586/1089/1154 
f 1162/664/1167/1248 1084/586/1089/1154 1094/596/1099/1164 
f 1163/665/1168/1249 1162/664/1167/1248 1094/596/1099/1164 
f 1163/665/1168/1249 1094/596/1099/1164 1099/601/1104/1169 
f 1128/630/1133/1202 1163/665/1168/1249 1099/601/1104/1169 
f 1128/630/1133/1202 1099/601/1104/1169 1075/577/1080/1143 
f 1164/666/1169/1250 1165/667/1170/1251 1161/663/1166/1247 
f 1164/666/1169/1250 1161/663/1166/1247 1160/662/1165/1246 
f 1166/668/1171/1252 1164/666/1169/1250 1160/662/1165/1246 
f 1166/668/1171/1252 1160/662/1165/1246 1162/664/1167/1248 
f 1167/669/1172/1253 1166/668/1171/1252 1162/664/1167/1248 
f 1167/669/1172/1253 1162/664/1167/1248 1163/665/1168/1249 
f 1129/631/1134/1203 1167/669/1172/1253 1163/665/1168/1249 
f 1129/631/1134/1203 1163/665/1168/1249 1128/630/1133/1202 
f 1168/670/1173/1254 1169/671/1174/1255 1165/667/1170/1251 
f 1168/670/1173/1254 1165/667/1170/1251 1164/666/1169/1250 
f 1170/672/1175/1256 1168/670/1173/1254 1164/666/1169/1250 
f 1170/672/1175/1256 1164/666/1169/1250 1166/668/1171/1252 
f 1171/673/1176/1257 1170/672/1175/1256 1166/668/1171/1252 
f 1171/673/1176/1257 1166/668/1171/1252 1167/669/1172/1253 
f 1130/632/1135/1204 1171/673/1176/1257 1167/669/1172/1253 
f 1130/632/1135/1204 1167/669/1172/1253 1129/631/1134/1203 
f 1151/653/1156/1235 1150/652/1155/1234 1169/671/1174/1255 
f 1151/653/1156/1235 1169/671/1174/1255 1168/670/1173/1254 
f 1155/657/1160/1240 1151/653/1156/1235 1168/670/1173/1254 
f 1155/657/1160/1240 1168/670/1173/1254 1170/672/1175/1256 
f 1159/661/1164/1245 1155/657/1160/1240 1170/672/1175/1256 
f 1159/661/1164/1245 1170/672/1175/1256 1171/673/1176/1257 
f 1131/633/1136/1205 1159/661/1164/1245 1171/673/1176/1257 
f 1131/633/1136/1205 1171/673/1176/1257 1130/632/1135/1204 
f 1172/674/1177/1258 978/544/983/1038 809/347/814/1037 
f 1172/674/1177/1258 809/347/814/1037 875/441/880/1259 
f 1173/675/1178/1260 1172/674/1177/1258 875/441/880/1259 
f 1173/675/1178/1260 875/441/880/1259 880/446/885/1261 
f 1174/676/1179/1262 1173/675/1178/1260 880/446/885/1261 
f 1174/676/1179/1262 880/446/885/1261 885/451/890/1263 
f 1174/676/1179/1262 885/451/890/1263 860/426/865/1264 
f 1174/676/1179/1262 860/426/865/1264 1175/677/1180/1265 
f 980/546/985/1040 978/544/983/1038 1172/674/1177/1258 
f 980/546/985/1040 1172/674/1177/1258 1176/678/1181/1266 
f 1176/678/1181/1266 1172/674/1177/1258 1173/675/1178/1260 
f 1176/678/1181/1266 1173/675/1178/1260 1177/679/1182/1267 
f 1178/680/1183/1268 1177/679/1182/1267 1173/675/1178/1260 
f 1178/680/1183/1268 1173/675/1178/1260 1174/676/1179/1262 
f 1179/681/1184/1269 1178/680/1183/1268 1174/676/1179/1262 
f 1179/681/1184/1269 1174/676/1179/1262 1175/677/1180/1265 
f 982/548/987/1042 980/546/985/1040 1176/678/1181/1266 
f 982/548/987/1042 1176/678/1181/1266 1180/682/1185/1270 
f 1180/682/1185/1270 1176/678/1181/1266 1177/679/1182/1267 
f 1180/682/1185/1270 1177/679/1182/1267 1181/683/1186/1271 
f 1181/683/1186/1271 1177/679/1182/1267 1178/680/1183/1268 
f 1181/683/1186/1271 1178/680/1183/1268 1182/684/1187/1272 
f 1183/685/1188/1273 1182/684/1187/1272 1178/680/1183/1268 
f 1183/685/1188/1273 1178/680/1183/1268 1179/681/1184/1269 
f 937/503/942/990 982/548/987/1042 1180/682/1185/1270 
f 937/503/942/990 1180/682/1185/1270 1184/686/1189/1274 
f 1184/686/1189/1274 1180/682/1185/1270 1181/683/1186/1271 
f 1184/686/1189/1274 1181/683/1186/1271 1185/687/1190/1275 
f 1185/687/1190/1275 1181/683/1186/1271 1182/684/1187/1272 
f 1185/687/1190/1275 1182/684/1187/1272 1186/688/1191/1276 
f 1186/688/1191/1276 1182/684/1187/1272 1183/685/1188/1273 
f 1186/688/1191/1276 1183/685/1188/1273 1187/689/1192/1277 
f 753/399/758/787 1188/690/1193/1278 855/421/860/1279 
f 753/399/758/787 855/421/860/1279 662/178/667/788 
f 1189/691/1194/1280 1188/690/1193/1278 753/399/758/787 
f 1189/691/1194/1280 753/399/758/787 757/403/762/796 
f 1190/692/1195/1281 1189/691/1194/1280 757/403/762/796 
f 1190/692/1195/1281 757/403/762/796 762/408/767/801 
f 740/386/745/774 1191/693/1196/1282 1190/692/1195/1281 
f 740/386/745/774 1190/692/1195/1281 762/408/767/801 
f 1192/694/1197/1283 857/423/862/1284 855/421/860/1279 
f 1192/694/1197/1283 855/421/860/1279 1188/690/1193/1278 
f 1193/695/1198/1285 1192/694/1197/1283 1188/690/1193/1278 
f 1193/695/1198/1285 1188/690/1193/1278 1189/691/1194/1280 
f 1194/696/1199/1286 1193/695/1198/1285 1189/691/1194/1280 
f 1194/696/1199/1286 1189/691/1194/1280 1190/692/1195/1281 
f 1191/693/1196/1282 1195/697/1200/1287 1194/696/1199/1286 
f 1191/693/1196/1282 1194/696/1199/1286 1190/692/1195/1281 
f 1196/698/1201/1288 858/424/863/1289 857/423/862/1284 
f 1196/698/1201/1288 857/423/862/1284 1192/694/1197/1283 
f 1197/699/1202/1290 1196/698/1201/1288 1192/694/1197/1283 
f 1197/699/1202/1290 1192/694/1197/1283 1193/695/1198/1285 
f 1194/696/1199/1286 1198/700/1203/1291 1197/699/1202/1290 
f 1194/696/1199/1286 1197/699/1202/1290 1193/695/1198/1285 
f 1195/697/1200/1287 1199/701/1204/1292 1198/700/1203/1291 
f 1195/697/1200/1287 1198/700/1203/1291 1194/696/1199/1286 
f 1175/677/1180/1265 860/426/865/1264 858/424/863/1289 
f 1175/677/1180/1265 858/424/863/1289 1196/698/1201/1288 
f 1179/681/1184/1269 1175/677/1180/1265 1196/698/1201/1288 
f 1179/681/1184/1269 1196/698/1201/1288 1197/699/1202/1290 
f 1198/700/1203/1291 1183/685/1188/1273 1179/681/1184/1269 
f 1198/700/1203/1291 1179/681/1184/1269 1197/699/1202/1290 
f 1187/689/1192/1277 1183/685/1188/1273 1198/700/1203/1291 
f 1187/689/1192/1277 1198/700/1203/1291 1199/701/1204/1292 
f 735/381/740/769 734/380/739/768 1200/702/1205/1293 
f 735/381/740/769 1200/702/1205/1293 1201/703/1206/1294 
f 1201/703/1206/1294 1200/702/1205/1293 1202/704/1207/1295 
f 1201/703/1206/1294 1202/704/1207/1295 1203/705/1208/1296 
f 1203/705/1208/1296 1202/704/1207/1295 1204/706/1209/1297 
f 1203/705/1208/1296 1204/706/1209/1297 1205/707/1210/1298 
f 1205/707/1210/1298 1204/706/1209/1297 1206/708/1211/1299 
f 1205/707/1210/1298 1206/708/1211/1299 1207/709/1212/1300 
f 737/383/742/771 735/381/740/769 1201/703/1206/1294 
f 737/383/742/771 1201/703/1206/1294 1208/710/1213/1301 
f 1208/710/1213/1301 1201/703/1206/1294 1203/705/1208/1296 
f 1208/710/1213/1301 1203/705/1208/1296 1209/711/1214/1302 
f 1209/711/1214/1302 1203/705/1208/1296 1205/707/1210/1298 
f 1209/711/1214/1302 1205/707/1210/1298 1210/712/1215/1303 
f 1210/712/1215/1303 1205/707/1210/1298 1207/709/1212/1300 
f 1210/712/1215/1303 1207/709/1212/1300 1211/713/1216/1304 
f 738/384/743/772 737/383/742/771 1208/710/1213/1301 
f 738/384/743/772 1208/710/1213/1301 1212/714/1217/1305 
f 1212/714/1217/1305 1208/710/1213/1301 1209/711/1214/1302 
f 1212/714/1217/1305 1209/711/1214/1302 1213/715/1218/1306 
f 1213/715/1218/1306 1209/711/1214/1302 1210/712/1215/1303 
f 1213/715/1218/1306 1210/712/1215/1303 1214/716/1219/1307 
f 1214/716/1219/1307 1210/712/1215/1303 1211/713/1216/1304 
f 1214/716/1219/1307 1211/713/1216/1304 1215/717/1220/1308 
f 1191/693/1196/1282 740/386/745/774 738/384/743/772 
f 1191/693/1196/1282 738/384/743/772 1212/714/1217/1305 
f 1195/697/1200/1287 1191/693/1196/1282 1212/714/1217/1305 
f 1195/697/1200/1287 1212/714/1217/1305 1213/715/1218/1306 
f 1195/697/1200/1287 1213/715/1218/1306 1214/716/1219/1307 
f 1195/697/1200/1287 1214/716/1219/1307 1199/701/1204/1292 
f 1199/701/1204/1292 1214/716/1219/1307 1215/717/1220/1308 
f 1199/701/1204/1292 1215/717/1220/1308 1187/689/1192/1277 
f 1216/718/1221/1309 1217/719/1222/1310 918/484/923/971 
f 1216/718/1221/1309 918/484/923/971 917/483/922/970 
f 1218/720/1223/1311 1216/718/1221/1309 917/483/922/970 
f 1218/720/1223/1311 917/483/922/970 927/493/932/980 
f 933/499/938/986 1219/721/1224/1312 1218/720/1223/1311 
f 933/499/938/986 1218/720/1223/1311 927/493/932/980 
f 1184/686/1189/1274 1219/721/1224/1312 933/499/938/986 
f 1184/686/1189/1274 933/499/938/986 937/503/942/990 
f 1220/722/1225/1313 1221/723/1226/1314 1217/719/1222/1310 
f 1220/722/1225/1313 1217/719/1222/1310 1216/718/1221/1309 
f 1222/724/1227/1315 1220/722/1225/1313 1216/718/1221/1309 
f 1222/724/1227/1315 1216/718/1221/1309 1218/720/1223/1311 
f 1223/725/1228/1316 1222/724/1227/1315 1218/720/1223/1311 
f 1223/725/1228/1316 1218/720/1223/1311 1219/721/1224/1312 
f 1185/687/1190/1275 1223/725/1228/1316 1219/721/1224/1312 
f 1185/687/1190/1275 1219/721/1224/1312 1184/686/1189/1274 
f 1224/726/1229/1317 1225/727/1230/1318 1221/723/1226/1314 
f 1224/726/1229/1317 1221/723/1226/1314 1220/722/1225/1313 
f 1226/728/1231/1319 1224/726/1229/1317 1220/722/1225/1313 
f 1226/728/1231/1319 1220/722/1225/1313 1222/724/1227/1315 
f 1227/729/1232/1320 1226/728/1231/1319 1222/724/1227/1315 
f 1227/729/1232/1320 1222/724/1227/1315 1223/725/1228/1316 
f 1186/688/1191/1276 1227/729/1232/1320 1223/725/1228/1316 
f 1186/688/1191/1276 1223/725/1228/1316 1185/687/1190/1275 
f 1207/709/1212/1300 1206/708/1211/1299 1225/727/1230/1318 
f 1207/709/1212/1300 1225/727/1230/1318 1224/726/1229/1317 
f 1211/713/1216/1304 1207/709/1212/1300 1224/726/1229/1317 
f 1211/713/1216/1304 1224/726/1229/1317 1226/728/1231/1319 
f 1215/717/1220/1308 1211/713/1216/1304 1226/728/1231/1319 
f 1215/717/1220/1308 1226/728/1231/1319 1227/729/1232/1320 
f 1187/689/1192/1277 1215/717/1220/1308 1227/729/1232/1320 
f 1187/689/1192/1277 1227/729/1232/1320 1186/688/1191/1276 
f 1228/96/1233/1321 1229/97/1234/1322 1230/730/1235/1323 
f 1228/96/1233/1321 1230/730/1235/1323 1231/731/1236/1324 
f 1231/731/1236/1324 1230/730/1235/1323 1232/732/1237/1325 
f 1231/731/1236/1324 1232/732/1237/1325 1233/733/1238/1326 
f 1233/733/1238/1326 1232/732/1237/1325 1234/734/1239/1327 
f 1233/733/1238/1326 1234/734/1239/1327 1235/735/1240/1328 
f 1235/735/1240/1328 1234/734/1239/1327 1236/736/1241/1329 
f 1235/735/1240/1328 1236/736/1241/1329 1237/737/1242/1330 
f 1238/105/1243/1331 1228/96/1233/1321 1231/731/1236/1324 
f 1238/105/1243/1331 1231/731/1236/1324 1239/738/1244/1332 
f 1239/738/1244/1332 1231/731/1236/1324 1233/733/1238/1326 
f 1239/738/1244/1332 1233/733/1238/1326 1240/739/1245/1333 
f 1240/739/1245/1333 1233/733/1238/1326 1235/735/1240/1328 
f 1240/739/1245/1333 1235/735/1240/1328 1241/740/1246/1334 
f 1241/740/1246/1334 1235/735/1240/1328 1237/737/1242/1330 
f 1241/740/1246/1334 1237/737/1242/1330 1242/741/1247/1335 
f 1243/742/1248/1336 1244/107/1249/1337 1238/105/1243/1331 
f 1243/742/1248/1336 1238/105/1243/1331 1239/738/1244/1332 
f 1243/742/1248/1336 1239/738/1244/1332 1240/739/1245/1333 
f 1243/742/1248/1336 1240/739/1245/1333 1245/743/1250/1338 
f 1245/743/1250/1338 1240/739/1245/1333 1241/740/1246/1334 
f 1245/743/1250/1338 1241/740/1246/1334 1246/744/1251/1339 
f 1246/744/1251/1339 1241/740/1246/1334 1242/741/1247/1335 
f 1246/744/1251/1339 1242/741/1247/1335 1247/745/1252/1340 
f 1248/746/1253/1341 69/69/71/71 1244/107/1249/1337 
f 1248/746/1253/1341 1244/107/1249/1337 1243/742/1248/1336 
f 1249/747/1254/1342 1248/746/1253/1341 1243/742/1248/1336 
f 1249/747/1254/1342 1243/742/1248/1336 1245/743/1250/1338 
f 1250/748/1255/1343 1249/747/1254/1342 1245/743/1250/1338 
f 1250/748/1255/1343 1245/743/1250/1338 1246/744/1251/1339 
f 1250/748/1255/1343 1246/744/1251/1339 1247/745/1252/1340 
f 1250/748/1255/1343 1247/745/1252/1340 1251/749/1256/1344 
f 165/750/166/1345 1252/751/1257/1346 1253/752/1258/1347 
f 165/750/166/1345 1253/752/1258/1347 166/753/167/1348 
f 178/754/179/1349 1254/755/1259/1350 1252/751/1257/1346 
f 178/754/179/1349 1252/751/1257/1346 165/750/166/1345 
f 1255/756/1260/1351 1254/755/1259/1350 178/754/179/1349 
f 1255/756/1260/1351 178/754/179/1349 185/757/186/1352 
f 1256/758/1261/1353 1255/756/1260/1351 185/757/186/1352 
f 1256/758/1261/1353 185/757/186/1352 192/759/193/1354 
f 1252/751/1257/1346 1257/760/1262/1355 1258/761/1263/1356 
f 1252/751/1257/1346 1258/761/1263/1356 1253/752/1258/1347 
f 1254/755/1259/1350 1259/762/1264/1357 1257/760/1262/1355 
f 1254/755/1259/1350 1257/760/1262/1355 1252/751/1257/1346 
f 1260/763/1265/1358 1259/762/1264/1357 1254/755/1259/1350 
f 1260/763/1265/1358 1254/755/1259/1350 1255/756/1260/1351 
f 1261/764/1266/1359 1260/763/1265/1358 1255/756/1260/1351 
f 1261/764/1266/1359 1255/756/1260/1351 1256/758/1261/1353 
f 1257/760/1262/1355 1262/765/1267/1360 1263/766/1268/1361 
f 1257/760/1262/1355 1263/766/1268/1361 1258/761/1263/1356 
f 1259/762/1264/1357 1264/767/1269/1362 1262/765/1267/1360 
f 1259/762/1264/1357 1262/765/1267/1360 1257/760/1262/1355 
f 1265/768/1270/1363 1264/767/1269/1362 1259/762/1264/1357 
f 1265/768/1270/1363 1259/762/1264/1357 1260/763/1265/1358 
f 1266/769/1271/1364 1265/768/1270/1363 1260/763/1265/1358 
f 1266/769/1271/1364 1260/763/1265/1358 1261/764/1266/1359 
f 1237/737/1242/1330 1236/736/1241/1329 1263/766/1268/1361 
f 1237/737/1242/1330 1263/766/1268/1361 1262/765/1267/1360 
f 1242/741/1247/1335 1237/737/1242/1330 1262/765/1267/1360 
f 1242/741/1247/1335 1262/765/1267/1360 1264/767/1269/1362 
f 1247/745/1252/1340 1242/741/1247/1335 1264/767/1269/1362 
f 1247/745/1252/1340 1264/767/1269/1362 1265/768/1270/1363 
f 1251/749/1256/1344 1247/745/1252/1340 1265/768/1270/1363 
f 1251/749/1256/1344 1265/768/1270/1363 1266/769/1271/1364 
f 1267/770/1272/1365 294/771/295/1366 1268/772/1273/1367 
f 1267/770/1272/1365 1268/772/1273/1367 1269/773/1274/1368 
f 1269/773/1274/1368 1268/772/1273/1367 1270/774/1275/1369 
f 1269/773/1274/1368 1270/774/1275/1369 1271/775/1276/1370 
f 1271/775/1276/1370 1270/774/1275/1369 1272/776/1277/1371 
f 1271/775/1276/1370 1272/776/1277/1371 1273/777/1278/1372 
f 1273/777/1278/1372 1272/776/1277/1371 1274/778/1279/1373 
f 1273/777/1278/1372 1274/778/1279/1373 1275/779/1280/1374 
f 1276/780/1281/1375 1267/770/1272/1365 1269/773/1274/1368 
f 1276/780/1281/1375 1269/773/1274/1368 1277/781/1282/1376 
f 1277/781/1282/1376 1269/773/1274/1368 1271/775/1276/1370 
f 1277/781/1282/1376 1271/775/1276/1370 1278/782/1283/1377 
f 1278/782/1283/1377 1271/775/1276/1370 1273/777/1278/1372 
f 1278/782/1283/1377 1273/777/1278/1372 1279/783/1284/1378 
f 1279/783/1284/1378 1273/777/1278/1372 1275/779/1280/1374 
f 1279/783/1284/1378 1275/779/1280/1374 1280/784/1285/1379 
f 1281/785/1286/1380 1276/780/1281/1375 1277/781/1282/1376 
f 1281/785/1286/1380 1277/781/1282/1376 1282/786/1287/1381 
f 1282/786/1287/1381 1277/781/1282/1376 1278/782/1283/1377 
f 1282/786/1287/1381 1278/782/1283/1377 1283/787/1288/1382 
f 1283/787/1288/1382 1278/782/1283/1377 1279/783/1284/1378 
f 1283/787/1288/1382 1279/783/1284/1378 1284/788/1289/1383 
f 1284/788/1289/1383 1279/783/1284/1378 1280/784/1285/1379 
f 1284/788/1289/1383 1280/784/1285/1379 1285/789/1290/1384 
f 192/759/193/1354 1281/785/1286/1380 1282/786/1287/1381 
f 192/759/193/1354 1282/786/1287/1381 1256/758/1261/1353 
f 1256/758/1261/1353 1282/786/1287/1381 1283/787/1288/1382 
f 1256/758/1261/1353 1283/787/1288/1382 1261/764/1266/1359 
f 1261/764/1266/1359 1283/787/1288/1382 1284/788/1289/1383 
f 1261/764/1266/1359 1284/788/1289/1383 1266/769/1271/1364 
f 1266/769/1271/1364 1284/788/1289/1383 1285/789/1290/1384 
f 1266/769/1271/1364 1285/789/1290/1384 1251/749/1256/1344 
f 1286/790/1291/1385 1287/791/1292/1386 48/48/50/50 
f 1286/790/1291/1385 48/48/50/50 47/47/49/49 
f 1288/792/1293/1387 1286/790/1291/1385 47/47/49/49 
f 1288/792/1293/1387 47/47/49/49 58/58/60/60 
f 1289/793/1294/1388 1288/792/1293/1387 58/58/60/60 
f 1289/793/1294/1388 58/58/60/60 64/64/66/66 
f 1248/746/1253/1341 1289/793/1294/1388 64/64/66/66 
f 1248/746/1253/1341 64/64/66/66 69/69/71/71 
f 1290/794/1295/1389 1291/795/1296/1390 1287/791/1292/1386 
f 1290/794/1295/1389 1287/791/1292/1386 1286/790/1291/1385 
f 1292/796/1297/1391 1290/794/1295/1389 1286/790/1291/1385 
f 1292/796/1297/1391 1286/790/1291/1385 1288/792/1293/1387 
f 1293/797/1298/1392 1292/796/1297/1391 1288/792/1293/1387 
f 1293/797/1298/1392 1288/792/1293/1387 1289/793/1294/1388 
f 1249/747/1254/1342 1293/797/1298/1392 1289/793/1294/1388 
f 1249/747/1254/1342 1289/793/1294/1388 1248/746/1253/1341 
f 1294/798/1299/1393 1295/799/1300/1394 1291/795/1296/1390 
f 1294/798/1299/1393 1291/795/1296/1390 1290/794/1295/1389 
f 1296/800/1301/1395 1294/798/1299/1393 1290/794/1295/1389 
f 1296/800/1301/1395 1290/794/1295/1389 1292/796/1297/1391 
f 1297/801/1302/1396 1296/800/1301/1395 1292/796/1297/1391 
f 1297/801/1302/1396 1292/796/1297/1391 1293/797/1298/1392 
f 1250/748/1255/1343 1297/801/1302/1396 1293/797/1298/1392 
f 1250/748/1255/1343 1293/797/1298/1392 1249/747/1254/1342 
f 1275/779/1280/1374 1274/778/1279/1373 1295/799/1300/1394 
f 1275/779/1280/1374 1295/799/1300/1394 1294/798/1299/1393 
f 1280/784/1285/1379 1275/779/1280/1374 1294/798/1299/1393 
f 1280/784/1285/1379 1294/798/1299/1393 1296/800/1301/1395 
f 1285/789/1290/1384 1280/784/1285/1379 1296/800/1301/1395 
f 1285/789/1290/1384 1296/800/1301/1395 1297/801/1302/1396 
f 1251/749/1256/1344 1285/789/1290/1384 1297/801/1302/1396 
f 1251/749/1256/1344 1297/801/1302/1396 1250/748/1255/1343 
f 1298/47/1303/1397 48/48/50/1398 1287/791/1292/1399 
f 1298/47/1303/1397 1287/791/1292/1399 1299/790/1304/1400 
f 1299/790/1304/1400 1287/791/1292/1399 1291/795/1296/1401 
f 1299/790/1304/1400 1291/795/1296/1401 1300/794/1305/1402 
f 1300/794/1305/1402 1291/795/1296/1401 1295/799/1300/1403 
f 1300/794/1305/1402 1295/799/1300/1403 1301/798/1306/1404 
f 1301/798/1306/1404 1295/799/1300/1403 1274/778/1279/1405 
f 1301/798/1306/1404 1274/778/1279/1405 1302/779/1307/1406 
f 1303/58/1308/1407 1298/47/1303/1397 1299/790/1304/1400 
f 1303/58/1308/1407 1299/790/1304/1400 1304/792/1309/1408 
f 1304/792/1309/1408 1299/790/1304/1400 1300/794/1305/1402 
f 1304/792/1309/1408 1300/794/1305/1402 1305/796/1310/1409 
f 1305/796/1310/1409 1300/794/1305/1402 1301/798/1306/1404 
f 1305/796/1310/1409 1301/798/1306/1404 1306/800/1311/1410 
f 1306/800/1311/1410 1301/798/1306/1404 1302/779/1307/1406 
f 1306/800/1311/1410 1302/779/1307/1406 1307/784/1312/1411 
f 1308/64/1313/1412 1303/58/1308/1407 1304/792/1309/1408 
f 1308/64/1313/1412 1304/792/1309/1408 1309/793/1314/1413 
f 1309/793/1314/1413 1304/792/1309/1408 1305/796/1310/1409 
f 1309/793/1314/1413 1305/796/1310/1409 1310/797/1315/1414 
f 1310/797/1315/1414 1305/796/1310/1409 1306/800/1311/1410 
f 1310/797/1315/1414 1306/800/1311/1410 1311/801/1316/1415 
f 1311/801/1316/1415 1306/800/1311/1410 1307/784/1312/1411 
f 1311/801/1316/1415 1307/784/1312/1411 1312/789/1317/1416 
f 146/69/148/157 1308/64/1313/1412 1309/793/1314/1413 
f 146/69/148/157 1309/793/1314/1413 1313/746/1318/1417 
f 1313/746/1318/1417 1309/793/1314/1413 1310/797/1315/1414 
f 1313/746/1318/1417 1310/797/1315/1414 1314/747/1319/1418 
f 1314/747/1319/1418 1310/797/1315/1414 1311/801/1316/1415 
f 1314/747/1319/1418 1311/801/1316/1415 1315/748/1320/1419 
f 1315/748/1320/1419 1311/801/1316/1415 1312/789/1317/1416 
f 1315/748/1320/1419 1312/789/1317/1416 1316/749/1321/1420 
f 1317/773/1322/1421 1268/772/1273/1422 294/771/295/1423 
f 1317/773/1322/1421 294/771/295/1423 293/770/294/1424 
f 1318/781/1323/1425 1317/773/1322/1421 293/770/294/1424 
f 1318/781/1323/1425 293/770/294/1424 301/780/302/1426 
f 1319/786/1324/1427 1318/781/1323/1425 301/780/302/1426 
f 1319/786/1324/1427 301/780/302/1426 308/785/309/1428 
f 266/759/267/1429 1320/758/1325/1430 1319/786/1324/1427 
f 266/759/267/1429 1319/786/1324/1427 308/785/309/1428 
f 1321/775/1326/1431 1270/774/1275/1432 1268/772/1273/1422 
f 1321/775/1326/1431 1268/772/1273/1422 1317/773/1322/1421 
f 1322/782/1327/1433 1321/775/1326/1431 1317/773/1322/1421 
f 1322/782/1327/1433 1317/773/1322/1421 1318/781/1323/1425 
f 1323/787/1328/1434 1322/782/1327/1433 1318/781/1323/1425 
f 1323/787/1328/1434 1318/781/1323/1425 1319/786/1324/1427 
f 1320/758/1325/1430 1324/764/1329/1435 1323/787/1328/1434 
f 1320/758/1325/1430 1323/787/1328/1434 1319/786/1324/1427 
f 1325/777/1330/1436 1272/776/1277/1437 1270/774/1275/1432 
f 1325/777/1330/1436 1270/774/1275/1432 1321/775/1326/1431 
f 1326/783/1331/1438 1325/777/1330/1436 1321/775/1326/1431 
f 1326/783/1331/1438 1321/775/1326/1431 1322/782/1327/1433 
f 1327/788/1332/1439 1326/783/1331/1438 1322/782/1327/1433 
f 1327/788/1332/1439 1322/782/1327/1433 1323/787/1328/1434 
f 1328/769/1333/1440 1327/788/1332/1439 1323/787/1328/1434 
f 1328/769/1333/1440 1323/787/1328/1434 1324/764/1329/1435 
f 1302/779/1307/1406 1274/778/1279/1405 1272/776/1277/1437 
f 1302/779/1307/1406 1272/776/1277/1437 1325/777/1330/1436 
f 1307/784/1312/1411 1302/779/1307/1406 1325/777/1330/1436 
f 1307/784/1312/1411 1325/777/1330/1436 1326/783/1331/1438 
f 1312/789/1317/1416 1307/784/1312/1411 1326/783/1331/1438 
f 1312/789/1317/1416 1326/783/1331/1438 1327/788/1332/1439 
f 1316/749/1321/1420 1312/789/1317/1416 1327/788/1332/1439 
f 1316/749/1321/1420 1327/788/1332/1439 1328/769/1333/1440 
f 258/750/259/1441 261/753/262/1442 1329/752/1334/1443 
f 258/750/259/1441 1329/752/1334/1443 1330/751/1335/1444 
f 1330/751/1335/1444 1329/752/1334/1443 1331/761/1336/1445 
f 1330/751/1335/1444 1331/761/1336/1445 1332/760/1337/1446 
f 1332/760/1337/1446 1331/761/1336/1445 1333/766/1338/1447 
f 1332/760/1337/1446 1333/766/1338/1447 1334/765/1339/1448 
f 1334/765/1339/1448 1333/766/1338/1447 1335/736/1340/1449 
f 1334/765/1339/1448 1335/736/1340/1449 1336/737/1341/1450 
f 1337/755/1342/1451 262/754/263/1452 258/750/259/1441 
f 1337/755/1342/1451 258/750/259/1441 1330/751/1335/1444 
f 1337/755/1342/1451 1330/751/1335/1444 1332/760/1337/1446 
f 1337/755/1342/1451 1332/760/1337/1446 1338/762/1343/1453 
f 1338/762/1343/1453 1332/760/1337/1446 1334/765/1339/1448 
f 1338/762/1343/1453 1334/765/1339/1448 1339/767/1344/1454 
f 1340/741/1345/1455 1339/767/1344/1454 1334/765/1339/1448 
f 1340/741/1345/1455 1334/765/1339/1448 1336/737/1341/1450 
f 1341/756/1346/1456 265/757/266/1457 262/754/263/1452 
f 1341/756/1346/1456 262/754/263/1452 1337/755/1342/1451 
f 1342/763/1347/1458 1341/756/1346/1456 1337/755/1342/1451 
f 1342/763/1347/1458 1337/755/1342/1451 1338/762/1343/1453 
f 1343/768/1348/1459 1342/763/1347/1458 1338/762/1343/1453 
f 1343/768/1348/1459 1338/762/1343/1453 1339/767/1344/1454 
f 1344/745/1349/1460 1343/768/1348/1459 1339/767/1344/1454 
f 1344/745/1349/1460 1339/767/1344/1454 1340/741/1345/1455 
f 1320/758/1325/1430 266/759/267/1429 265/757/266/1457 
f 1320/758/1325/1430 265/757/266/1457 1341/756/1346/1456 
f 1324/764/1329/1435 1320/758/1325/1430 1341/756/1346/1456 
f 1324/764/1329/1435 1341/756/1346/1456 1342/763/1347/1458 
f 1328/769/1333/1440 1324/764/1329/1435 1342/763/1347/1458 
f 1328/769/1333/1440 1342/763/1347/1458 1343/768/1348/1459 
f 1316/749/1321/1420 1328/769/1333/1440 1343/768/1348/1459 
f 1316/749/1321/1420 1343/768/1348/1459 1344/745/1349/1460 
f 1345/731/1350/1461 1346/730/1351/1462 125/97/127/136 
f 1345/731/1350/1461 125/97/127/136 124/96/126/135 
f 1347/738/1352/1463 1345/731/1350/1461 124/96/126/135 
f 1347/738/1352/1463 124/96/126/135 135/105/137/146 
f 1348/742/1353/1464 1347/738/1352/1463 135/105/137/146 
f 1348/742/1353/1464 135/105/137/146 141/107/143/152 
f 1313/746/1318/1417 1348/742/1353/1464 141/107/143/152 
f 1313/746/1318/1417 141/107/143/152 146/69/148/157 
f 1349/733/1354/1465 1350/732/1355/1466 1346/730/1351/1462 
f 1349/733/1354/1465 1346/730/1351/1462 1345/731/1350/1461 
f 1351/739/1356/1467 1349/733/1354/1465 1345/731/1350/1461 
f 1351/739/1356/1467 1345/731/1350/1461 1347/738/1352/1463 
f 1352/743/1357/1468 1351/739/1356/1467 1347/738/1352/1463 
f 1352/743/1357/1468 1347/738/1352/1463 1348/742/1353/1464 
f 1314/747/1319/1418 1352/743/1357/1468 1348/742/1353/1464 
f 1314/747/1319/1418 1348/742/1353/1464 1313/746/1318/1417 
f 1353/735/1358/1469 1354/734/1359/1470 1350/732/1355/1466 
f 1353/735/1358/1469 1350/732/1355/1466 1349/733/1354/1465 
f 1355/740/1360/1471 1353/735/1358/1469 1349/733/1354/1465 
f 1355/740/1360/1471 1349/733/1354/1465 1351/739/1356/1467 
f 1356/744/1361/1472 1355/740/1360/1471 1351/739/1356/1467 
f 1356/744/1361/1472 1351/739/1356/1467 1352/743/1357/1468 
f 1315/748/1320/1419 1356/744/1361/1472 1352/743/1357/1468 
f 1315/748/1320/1419 1352/743/1357/1468 1314/747/1319/1418 
f 1336/737/1341/1450 1335/736/1340/1449 1354/734/1359/1470 
f 1336/737/1341/1450 1354/734/1359/1470 1353/735/1358/1469 
f 1355/740/1360/1471 1340/741/1345/1455 1336/737/1341/1450 
f 1355/740/1360/1471 1336/737/1341/1450 1353/735/1358/1469 
f 1356/744/1361/1472 1344/745/1349/1460 1340/741/1345/1455 
f 1356/744/1361/1472 1340/741/1345/1455 1355/740/1360/1471 
f 1315/748/1320/1419 1316/749/1321/1420 1344/745/1349/1460 
f 1315/748/1320/1419 1344/745/1349/1460 1356/744/1361/1472 
f 1357/790/1362/1473 473/47/476/495 476/48/479/498 
f 1357/790/1362/1473 476/48/479/498 1358/791/1363/1474 
f 1359/794/1364/1475 1357/790/1362/1473 1358/791/1363/1474 
f 1359/794/1364/1475 1358/791/1363/1474 1360/795/1365/1476 
f 1361/798/1366/1477 1359/794/1364/1475 1360/795/1365/1476 
f 1361/798/1366/1477 1360/795/1365/1476 1362/799/1367/1478 
f 1363/779/1368/1479 1361/798/1366/1477 1362/799/1367/1478 
f 1363/779/1368/1479 1362/799/1367/1478 1364/778/1369/1480 
f 1365/792/1370/1481 477/58/480/499 473/47/476/495 
f 1365/792/1370/1481 473/47/476/495 1357/790/1362/1473 
f 1366/796/1371/1482 1365/792/1370/1481 1357/790/1362/1473 
f 1366/796/1371/1482 1357/790/1362/1473 1359/794/1364/1475 
f 1367/800/1372/1483 1366/796/1371/1482 1359/794/1364/1475 
f 1367/800/1372/1483 1359/794/1364/1475 1361/798/1366/1477 
f 1368/784/1373/1484 1367/800/1372/1483 1361/798/1366/1477 
f 1368/784/1373/1484 1361/798/1366/1477 1363/779/1368/1479 
f 1369/793/1374/1485 479/64/482/501 477/58/480/499 
f 1369/793/1374/1485 477/58/480/499 1365/792/1370/1481 
f 1370/797/1375/1486 1369/793/1374/1485 1365/792/1370/1481 
f 1370/797/1375/1486 1365/792/1370/1481 1366/796/1371/1482 
f 1371/801/1376/1487 1370/797/1375/1486 1366/796/1371/1482 
f 1371/801/1376/1487 1366/796/1371/1482 1367/800/1372/1483 
f 1372/789/1377/1488 1371/801/1376/1487 1367/800/1372/1483 
f 1372/789/1377/1488 1367/800/1372/1483 1368/784/1373/1484 
f 1373/746/1378/1489 481/69/484/503 479/64/482/501 
f 1373/746/1378/1489 479/64/482/501 1369/793/1374/1485 
f 1374/747/1379/1490 1373/746/1378/1489 1369/793/1374/1485 
f 1374/747/1379/1490 1369/793/1374/1485 1370/797/1375/1486 
f 1375/748/1380/1491 1374/747/1379/1490 1370/797/1375/1486 
f 1375/748/1380/1491 1370/797/1375/1486 1371/801/1376/1487 
f 1376/749/1381/1492 1375/748/1380/1491 1371/801/1376/1487 
f 1376/749/1381/1492 1371/801/1376/1487 1372/789/1377/1488 
f 636/770/641/1493 1377/773/1382/1494 1378/772/1383/1495 
f 636/770/641/1493 1378/772/1383/1495 633/771/638/1496 
f 648/780/653/1497 1379/781/1384/1498 1377/773/1382/1494 
f 648/780/653/1497 1377/773/1382/1494 636/770/641/1493 
f 655/785/660/1499 1380/786/1385/1500 1379/781/1384/1498 
f 655/785/660/1499 1379/781/1384/1498 648/780/653/1497 
f 606/759/611/1501 1381/758/1386/1502 1380/786/1385/1500 
f 606/759/611/1501 1380/786/1385/1500 655/785/660/1499 
f 1377/773/1382/1494 1382/775/1387/1503 1383/774/1388/1504 
f 1377/773/1382/1494 1383/774/1388/1504 1378/772/1383/1495 
f 1379/781/1384/1498 1384/782/1389/1505 1382/775/1387/1503 
f 1379/781/1384/1498 1382/775/1387/1503 1377/773/1382/1494 
f 1380/786/1385/1500 1385/787/1390/1506 1384/782/1389/1505 
f 1380/786/1385/1500 1384/782/1389/1505 1379/781/1384/1498 
f 1381/758/1386/1502 1386/764/1391/1507 1385/787/1390/1506 
f 1381/758/1386/1502 1385/787/1390/1506 1380/786/1385/1500 
f 1382/775/1387/1503 1387/777/1392/1508 1388/776/1393/1509 
f 1382/775/1387/1503 1388/776/1393/1509 1383/774/1388/1504 
f 1384/782/1389/1505 1389/783/1394/1510 1387/777/1392/1508 
f 1384/782/1389/1505 1387/777/1392/1508 1382/775/1387/1503 
f 1385/787/1390/1506 1390/788/1395/1511 1389/783/1394/1510 
f 1385/787/1390/1506 1389/783/1394/1510 1384/782/1389/1505 
f 1386/764/1391/1507 1391/769/1396/1512 1390/788/1395/1511 
f 1386/764/1391/1507 1390/788/1395/1511 1385/787/1390/1506 
f 1387/777/1392/1508 1363/779/1368/1479 1364/778/1369/1480 
f 1387/777/1392/1508 1364/778/1369/1480 1388/776/1393/1509 
f 1389/783/1394/1510 1368/784/1373/1484 1363/779/1368/1479 
f 1389/783/1394/1510 1363/779/1368/1479 1387/777/1392/1508 
f 1390/788/1395/1511 1372/789/1377/1488 1368/784/1373/1484 
f 1390/788/1395/1511 1368/784/1373/1484 1389/783/1394/1510 
f 1391/769/1396/1512 1376/749/1381/1492 1372/789/1377/1488 
f 1391/769/1396/1512 1372/789/1377/1488 1390/788/1395/1511 
f 1392/751/1397/1513 601/750/606/1514 600/753/605/1515 
f 1392/751/1397/1513 600/753/605/1515 1393/752/1398/1516 
f 1392/751/1397/1513 1393/752/1398/1516 1394/761/1399/1517 
f 1392/751/1397/1513 1394/761/1399/1517 1395/760/1400/1518 
f 1395/760/1400/1518 1394/761/1399/1517 1396/766/1401/1519 
f 1395/760/1400/1518 1396/766/1401/1519 1397/765/1402/1520 
f 1398/737/1403/1521 1397/765/1402/1520 1396/766/1401/1519 
f 1398/737/1403/1521 1396/766/1401/1519 1399/736/1404/1522 
f 1400/755/1405/1523 602/754/607/1524 601/750/606/1514 
f 1400/755/1405/1523 601/750/606/1514 1392/751/1397/1513 
f 1401/762/1406/1525 1400/755/1405/1523 1392/751/1397/1513 
f 1401/762/1406/1525 1392/751/1397/1513 1395/760/1400/1518 
f 1402/767/1407/1526 1401/762/1406/1525 1395/760/1400/1518 
f 1402/767/1407/1526 1395/760/1400/1518 1397/765/1402/1520 
f 1403/741/1408/1527 1402/767/1407/1526 1397/765/1402/1520 
f 1403/741/1408/1527 1397/765/1402/1520 1398/737/1403/1521 
f 1404/756/1409/1528 604/757/609/1529 602/754/607/1524 
f 1404/756/1409/1528 602/754/607/1524 1400/755/1405/1523 
f 1405/763/1410/1530 1404/756/1409/1528 1400/755/1405/1523 
f 1405/763/1410/1530 1400/755/1405/1523 1401/762/1406/1525 
f 1406/768/1411/1531 1405/763/1410/1530 1401/762/1406/1525 
f 1406/768/1411/1531 1401/762/1406/1525 1402/767/1407/1526 
f 1407/745/1412/1532 1406/768/1411/1531 1402/767/1407/1526 
f 1407/745/1412/1532 1402/767/1407/1526 1403/741/1408/1527 
f 1381/758/1386/1502 606/759/611/1501 604/757/609/1529 
f 1381/758/1386/1502 604/757/609/1529 1404/756/1409/1528 
f 1386/764/1391/1507 1381/758/1386/1502 1404/756/1409/1528 
f 1386/764/1391/1507 1404/756/1409/1528 1405/763/1410/1530 
f 1391/769/1396/1512 1386/764/1391/1507 1405/763/1410/1530 
f 1391/769/1396/1512 1405/763/1410/1530 1406/768/1411/1531 
f 1376/749/1381/1492 1391/769/1396/1512 1406/768/1411/1531 
f 1376/749/1381/1492 1406/768/1411/1531 1407/745/1412/1532 
f 1408/731/1413/1533 1409/730/1414/1534 499/97/502/521 
f 1408/731/1413/1533 499/97/502/521 498/96/501/520 
f 509/105/512/531 1410/738/1415/1535 1408/731/1413/1533 
f 509/105/512/531 1408/731/1413/1533 498/96/501/520 
f 514/107/517/536 1411/742/1416/1536 1410/738/1415/1535 
f 514/107/517/536 1410/738/1415/1535 509/105/512/531 
f 481/69/484/503 1373/746/1378/1489 1411/742/1416/1536 
f 481/69/484/503 1411/742/1416/1536 514/107/517/536 
f 1408/731/1413/1533 1412/733/1417/1537 1413/732/1418/1538 
f 1408/731/1413/1533 1413/732/1418/1538 1409/730/1414/1534 
f 1410/738/1415/1535 1414/739/1419/1539 1412/733/1417/1537 
f 1410/738/1415/1535 1412/733/1417/1537 1408/731/1413/1533 
f 1411/742/1416/1536 1415/743/1420/1540 1414/739/1419/1539 
f 1411/742/1416/1536 1414/739/1419/1539 1410/738/1415/1535 
f 1373/746/1378/1489 1374/747/1379/1490 1415/743/1420/1540 
f 1373/746/1378/1489 1415/743/1420/1540 1411/742/1416/1536 
f 1412/733/1417/1537 1416/735/1421/1541 1417/734/1422/1542 
f 1412/733/1417/1537 1417/734/1422/1542 1413/732/1418/1538 
f 1414/739/1419/1539 1418/740/1423/1543 1416/735/1421/1541 
f 1414/739/1419/1539 1416/735/1421/1541 1412/733/1417/1537 
f 1415/743/1420/1540 1419/744/1424/1544 1418/740/1423/1543 
f 1415/743/1420/1540 1418/740/1423/1543 1414/739/1419/1539 
f 1374/747/1379/1490 1375/748/1380/1491 1419/744/1424/1544 
f 1374/747/1379/1490 1419/744/1424/1544 1415/743/1420/1540 
f 1416/735/1421/1541 1398/737/1403/1521 1399/736/1404/1522 
f 1416/735/1421/1541 1399/736/1404/1522 1417/734/1422/1542 
f 1418/740/1423/1543 1403/741/1408/1527 1398/737/1403/1521 
f 1418/740/1423/1543 1398/737/1403/1521 1416/735/1421/1541 
f 1419/744/1424/1544 1407/745/1412/1532 1403/741/1408/1527 
f 1419/744/1424/1544 1403/741/1408/1527 1418/740/1423/1543 
f 1375/748/1380/1491 1376/749/1381/1492 1407/745/1412/1532 
f 1375/748/1380/1491 1407/745/1412/1532 1419/744/1424/1544 
f 1420/731/1425/1545 558/96/563/587 561/97/566/590 
f 1420/731/1425/1545 561/97/566/590 1421/730/1426/1546 
f 1422/733/1427/1547 1420/731/1425/1545 1421/730/1426/1546 
f 1422/733/1427/1547 1421/730/1426/1546 1423/732/1428/1548 
f 1422/733/1427/1547 1423/732/1428/1548 1424/734/1429/1549 
f 1422/733/1427/1547 1424/734/1429/1549 1425/735/1430/1550 
f 1425/735/1430/1550 1424/734/1429/1549 1426/736/1431/1551 
f 1425/735/1430/1550 1426/736/1431/1551 1427/737/1432/1552 
f 1428/738/1433/1553 563/105/568/592 558/96/563/587 
f 1428/738/1433/1553 558/96/563/587 1420/731/1425/1545 
f 1429/739/1434/1554 1428/738/1433/1553 1420/731/1425/1545 
f 1429/739/1434/1554 1420/731/1425/1545 1422/733/1427/1547 
f 1429/739/1434/1554 1422/733/1427/1547 1425/735/1430/1550 
f 1429/739/1434/1554 1425/735/1430/1550 1430/740/1435/1555 
f 1430/740/1435/1555 1425/735/1430/1550 1427/737/1432/1552 
f 1430/740/1435/1555 1427/737/1432/1552 1431/741/1436/1556 
f 1432/742/1437/1557 565/107/570/594 563/105/568/592 
f 1432/742/1437/1557 563/105/568/592 1428/738/1433/1553 
f 1433/743/1438/1558 1432/742/1437/1557 1428/738/1433/1553 
f 1433/743/1438/1558 1428/738/1433/1553 1429/739/1434/1554 
f 1433/743/1438/1558 1429/739/1434/1554 1430/740/1435/1555 
f 1433/743/1438/1558 1430/740/1435/1555 1434/744/1439/1559 
f 1434/744/1439/1559 1430/740/1435/1555 1431/741/1436/1556 
f 1434/744/1439/1559 1431/741/1436/1556 1435/745/1440/1560 
f 1436/746/1441/1561 567/69/572/596 565/107/570/594 
f 1436/746/1441/1561 565/107/570/594 1432/742/1437/1557 
f 1436/746/1441/1561 1432/742/1437/1557 1433/743/1438/1558 
f 1436/746/1441/1561 1433/743/1438/1558 1437/747/1442/1562 
f 1437/747/1442/1562 1433/743/1438/1558 1434/744/1439/1559 
f 1437/747/1442/1562 1434/744/1439/1559 1438/748/1443/1563 
f 1438/748/1443/1563 1434/744/1439/1559 1435/745/1440/1560 
f 1438/748/1443/1563 1435/745/1440/1560 1439/749/1444/1564 
f 1440/751/1445/1565 1441/752/1446/1566 697/753/702/1567 
f 1440/751/1445/1565 697/753/702/1567 700/750/705/1568 
f 712/754/717/1569 1442/755/1447/1570 1440/751/1445/1565 
f 712/754/717/1569 1440/751/1445/1565 700/750/705/1568 
f 719/757/724/1571 1443/756/1448/1572 1442/755/1447/1570 
f 719/757/724/1571 1442/755/1447/1570 712/754/717/1569 
f 726/759/731/1573 1444/758/1449/1574 1443/756/1448/1572 
f 726/759/731/1573 1443/756/1448/1572 719/757/724/1571 
f 1440/751/1445/1565 1445/760/1450/1575 1446/761/1451/1576 
f 1440/751/1445/1565 1446/761/1451/1576 1441/752/1446/1566 
f 1442/755/1447/1570 1447/762/1452/1577 1445/760/1450/1575 
f 1442/755/1447/1570 1445/760/1450/1575 1440/751/1445/1565 
f 1443/756/1448/1572 1448/763/1453/1578 1447/762/1452/1577 
f 1443/756/1448/1572 1447/762/1452/1577 1442/755/1447/1570 
f 1444/758/1449/1574 1449/764/1454/1579 1448/763/1453/1578 
f 1444/758/1449/1574 1448/763/1453/1578 1443/756/1448/1572 
f 1445/760/1450/1575 1450/765/1455/1580 1451/766/1456/1581 
f 1445/760/1450/1575 1451/766/1456/1581 1446/761/1451/1576 
f 1447/762/1452/1577 1452/767/1457/1582 1450/765/1455/1580 
f 1447/762/1452/1577 1450/765/1455/1580 1445/760/1450/1575 
f 1448/763/1453/1578 1453/768/1458/1583 1452/767/1457/1582 
f 1448/763/1453/1578 1452/767/1457/1582 1447/762/1452/1577 
f 1454/769/1459/1584 1453/768/1458/1583 1448/763/1453/1578 
f 1454/769/1459/1584 1448/763/1453/1578 1449/764/1454/1579 
f 1450/765/1455/1580 1427/737/1432/1552 1426/736/1431/1551 
f 1450/765/1455/1580 1426/736/1431/1551 1451/766/1456/1581 
f 1431/741/1436/1556 1427/737/1432/1552 1450/765/1455/1580 
f 1431/741/1436/1556 1450/765/1455/1580 1452/767/1457/1582 
f 1435/745/1440/1560 1431/741/1436/1556 1452/767/1457/1582 
f 1435/745/1440/1560 1452/767/1457/1582 1453/768/1458/1583 
f 1439/749/1444/1564 1435/745/1440/1560 1453/768/1458/1583 
f 1439/749/1444/1564 1453/768/1458/1583 1454/769/1459/1584 
f 1455/773/1460/1585 1456/770/1461/1586 633/771/638/1587 
f 1455/773/1460/1585 633/771/638/1587 1378/772/1383/1588 
f 1457/775/1462/1589 1455/773/1460/1585 1378/772/1383/1588 
f 1457/775/1462/1589 1378/772/1383/1588 1383/774/1388/1590 
f 1458/777/1463/1591 1457/775/1462/1589 1383/774/1388/1590 
f 1458/777/1463/1591 1383/774/1388/1590 1388/776/1393/1592 
f 1459/779/1464/1593 1458/777/1463/1591 1388/776/1393/1592 
f 1459/779/1464/1593 1388/776/1393/1592 1364/778/1369/1594 
f 1460/781/1465/1595 1461/780/1466/1596 1456/770/1461/1586 
f 1460/781/1465/1595 1456/770/1461/1586 1455/773/1460/1585 
f 1462/782/1467/1597 1460/781/1465/1595 1455/773/1460/1585 
f 1462/782/1467/1597 1455/773/1460/1585 1457/775/1462/1589 
f 1463/783/1468/1598 1462/782/1467/1597 1457/775/1462/1589 
f 1463/783/1468/1598 1457/775/1462/1589 1458/777/1463/1591 
f 1464/784/1469/1599 1463/783/1468/1598 1458/777/1463/1591 
f 1464/784/1469/1599 1458/777/1463/1591 1459/779/1464/1593 
f 1465/785/1470/1600 1461/780/1466/1596 1460/781/1465/1595 
f 1465/785/1470/1600 1460/781/1465/1595 1466/786/1471/1601 
f 1466/786/1471/1601 1460/781/1465/1595 1462/782/1467/1597 
f 1466/786/1471/1601 1462/782/1467/1597 1467/787/1472/1602 
f 1468/788/1473/1603 1467/787/1472/1602 1462/782/1467/1597 
f 1468/788/1473/1603 1462/782/1467/1597 1463/783/1468/1598 
f 1468/788/1473/1603 1463/783/1468/1598 1464/784/1469/1599 
f 1468/788/1473/1603 1464/784/1469/1599 1469/789/1474/1604 
f 1444/758/1449/1574 726/759/731/1573 1465/785/1470/1600 
f 1444/758/1449/1574 1465/785/1470/1600 1466/786/1471/1601 
f 1444/758/1449/1574 1466/786/1471/1601 1467/787/1472/1602 
f 1444/758/1449/1574 1467/787/1472/1602 1449/764/1454/1579 
f 1449/764/1454/1579 1467/787/1472/1602 1468/788/1473/1603 
f 1449/764/1454/1579 1468/788/1473/1603 1454/769/1459/1584 
f 1454/769/1459/1584 1468/788/1473/1603 1469/789/1474/1604 
f 1454/769/1459/1584 1469/789/1474/1604 1439/749/1444/1564 
f 584/47/589/615 1470/790/1475/1605 1358/791/1363/1606 
f 584/47/589/615 1358/791/1363/1606 476/48/479/612 
f 589/58/594/623 1471/792/1476/1607 1470/790/1475/1605 
f 589/58/594/623 1470/790/1475/1605 584/47/589/615 
f 594/64/599/628 1472/793/1477/1608 1471/792/1476/1607 
f 594/64/599/628 1471/792/1476/1607 589/58/594/623 
f 1436/746/1441/1561 1472/793/1477/1608 594/64/599/628 
f 1436/746/1441/1561 594/64/599/628 567/69/572/596 
f 1470/790/1475/1605 1473/794/1478/1609 1360/795/1365/1610 
f 1470/790/1475/1605 1360/795/1365/1610 1358/791/1363/1606 
f 1471/792/1476/1607 1474/796/1479/1611 1473/794/1478/1609 
f 1471/792/1476/1607 1473/794/1478/1609 1470/790/1475/1605 
f 1475/797/1480/1612 1474/796/1479/1611 1471/792/1476/1607 
f 1475/797/1480/1612 1471/792/1476/1607 1472/793/1477/1608 
f 1437/747/1442/1562 1475/797/1480/1612 1472/793/1477/1608 
f 1437/747/1442/1562 1472/793/1477/1608 1436/746/1441/1561 
f 1473/794/1478/1609 1476/798/1481/1613 1362/799/1367/1614 
f 1473/794/1478/1609 1362/799/1367/1614 1360/795/1365/1610 
f 1477/800/1482/1615 1476/798/1481/1613 1473/794/1478/1609 
f 1477/800/1482/1615 1473/794/1478/1609 1474/796/1479/1611 
f 1478/801/1483/1616 1477/800/1482/1615 1474/796/1479/1611 
f 1478/801/1483/1616 1474/796/1479/1611 1475/797/1480/1612 
f 1438/748/1443/1563 1478/801/1483/1616 1475/797/1480/1612 
f 1438/748/1443/1563 1475/797/1480/1612 1437/747/1442/1562 
f 1476/798/1481/1613 1459/779/1464/1593 1364/778/1369/1594 
f 1476/798/1481/1613 1364/778/1369/1594 1362/799/1367/1614 
f 1464/784/1469/1599 1459/779/1464/1593 1476/798/1481/1613 
f 1464/784/1469/1599 1476/798/1481/1613 1477/800/1482/1615 
f 1469/789/1474/1604 1464/784/1469/1599 1477/800/1482/1615 
f 1469/789/1474/1604 1477/800/1482/1615 1478/801/1483/1616 
f 1439/749/1444/1564 1469/789/1474/1604 1478/801/1483/1616 
f 1439/749/1444/1564 1478/801/1483/1616 1438/748/1443/1563 
f 474/46/477/496 485/49/488/507 484/50/487/506 
f 474/46/477/496 484/50/487/506 475/45/478/497 
f 478/57/481/500 487/59/490/509 485/49/488/507 
f 478/57/481/500 485/49/488/507 474/46/477/496 
f 480/63/483/502 489/65/492/511 487/59/490/509 
f 480/63/483/502 487/59/490/509 478/57/481/500 
f 482/33/485/504 491/34/494/513 489/65/492/511 
f 482/33/485/504 489/65/492/511 480/63/483/502 
f 505/25/508/527 504/28/507/526 501/27/504/523 
f 505/25/508/527 501/27/504/523 500/26/503/522 
f 504/28/507/526 511/30/514/533 508/29/511/530 
f 504/28/507/526 508/29/511/530 501/27/504/523 
f 508/29/511/530 511/30/514/533 516/32/519/538 
f 508/29/511/530 516/32/519/538 513/31/516/535 
f 513/31/516/535 516/32/519/538 491/34/494/513 
f 513/31/516/535 491/34/494/513 482/33/485/504 
f 571/98/576/600 570/99/575/599 560/26/565/589 
f 571/98/576/600 560/26/565/589 559/27/564/588 
f 571/98/576/600 559/27/564/588 562/29/567/591 
f 571/98/576/600 562/29/567/591 573/30/578/602 
f 573/30/578/602 562/29/567/591 564/31/569/593 
f 573/30/578/602 564/31/569/593 574/32/579/603 
f 574/32/579/603 564/31/569/593 566/93/571/595 
f 574/32/579/603 566/93/571/595 576/94/581/605 
f 475/45/478/613 484/50/487/618 586/49/591/617 
f 475/45/478/613 586/49/591/617 583/46/588/614 
f 583/46/588/614 586/49/591/617 591/59/596/625 
f 583/46/588/614 591/59/596/625 588/57/593/622 
f 596/92/601/630 593/63/598/627 588/57/593/622 
f 596/92/601/630 588/57/593/622 591/59/596/625 
f 576/94/581/605 566/93/571/595 593/63/598/627 
f 576/94/581/605 593/63/598/627 596/92/601/630 
f 1229/97/1234/1322 1228/96/1233/1321 27/27/29/29 
f 1229/97/1234/1322 27/27/29/29 26/26/28/28 
f 1228/96/1233/1321 1238/105/1243/1331 29/29/31/31 
f 1228/96/1233/1321 29/29/31/31 27/27/29/29 
f 1244/107/1249/1337 31/31/33/33 29/29/31/31 
f 1244/107/1249/1337 29/29/31/31 1238/105/1243/1331 
f 69/69/71/71 33/33/35/35 31/31/33/33 
f 69/69/71/71 31/31/33/33 1244/107/1249/1337 
f 50/50/52/52 49/49/51/51 46/46/48/48 
f 50/50/52/52 46/46/48/48 45/45/47/47 
f 49/49/51/51 59/59/61/61 57/57/59/59 
f 49/49/51/51 57/57/59/59 46/46/48/48 
f 65/65/67/67 63/63/65/65 57/57/59/59 
f 65/65/67/67 57/57/59/59 59/59/61/61 
f 34/34/36/36 33/33/35/35 63/63/65/65 
f 34/34/36/36 63/63/65/65 65/65/67/67 
f 48/48/50/1398 1298/47/1303/1397 106/46/108/114 
f 48/48/50/1398 106/46/108/114 45/45/47/113 
f 1298/47/1303/1397 1303/58/1308/1407 108/57/110/117 
f 1298/47/1303/1397 108/57/110/117 106/46/108/114 
f 1303/58/1308/1407 1308/64/1313/1412 110/63/112/119 
f 1303/58/1308/1407 110/63/112/119 108/57/110/117 
f 1308/64/1313/1412 146/69/148/157 112/93/114/121 
f 1308/64/1313/1412 112/93/114/121 110/63/112/119 
f 127/98/129/138 123/27/125/134 122/26/124/133 
f 127/98/129/138 122/26/124/133 128/99/130/139 
f 137/30/139/148 134/29/136/145 123/27/125/134 
f 137/30/139/148 123/27/125/134 127/98/129/138 
f 143/32/145/154 140/31/142/151 134/29/136/145 
f 143/32/145/154 134/29/136/145 137/30/139/148 
f 143/32/145/154 113/94/115/122 112/93/114/121 
f 143/32/145/154 112/93/114/121 140/31/142/151 
f 172/131/173/182 171/130/172/181 168/127/169/178 
f 172/131/173/182 168/127/169/178 167/126/168/177 
f 171/130/172/181 181/140/182/191 179/138/180/189 
f 171/130/172/181 179/138/180/189 168/127/169/178 
f 188/147/189/198 186/145/187/196 179/138/180/189 
f 188/147/189/198 179/138/180/189 181/140/182/191 
f 188/147/189/198 195/154/196/205 193/152/194/203 
f 188/147/189/198 193/152/194/203 186/145/187/196 
f 240/199/241/250 239/198/240/249 247/206/248/257 
f 240/199/241/250 247/206/248/257 246/205/247/256 
f 243/202/244/253 250/209/251/260 247/206/248/257 
f 243/202/244/253 247/206/248/257 239/198/240/249 
f 245/204/246/255 252/211/253/262 250/209/251/260 
f 245/204/246/255 250/209/251/260 243/202/244/253 
f 245/204/246/255 194/153/195/204 193/152/194/203 
f 245/204/246/255 193/152/194/203 252/211/253/262 
f 269/217/270/279 281/222/282/291 280/131/281/290 
f 269/217/270/279 280/131/281/290 270/126/271/280 
f 283/224/284/293 281/222/282/291 269/217/270/279 
f 283/224/284/293 269/217/270/279 273/218/274/283 
f 283/224/284/293 273/218/274/283 275/219/276/285 
f 283/224/284/293 275/219/276/285 285/226/286/295 
f 277/220/278/287 287/228/288/297 285/226/286/295 
f 277/220/278/287 285/226/286/295 275/219/276/285 
f 299/207/300/312 296/235/297/309 246/205/247/308 
f 299/207/300/312 246/205/247/308 249/208/250/313 
f 299/207/300/312 306/241/307/322 303/239/304/319 
f 299/207/300/312 303/239/304/319 296/235/297/309 
f 313/246/314/329 310/244/311/326 303/239/304/319 
f 313/246/314/329 303/239/304/319 306/241/307/322 
f 287/228/288/297 277/220/278/287 310/244/311/326 
f 287/228/288/297 310/244/311/326 313/246/314/329 
f 170/129/171/180 169/128/170/179 164/123/165/174 
f 170/129/171/180 164/123/165/174 163/122/164/173 
f 169/128/170/179 180/139/181/190 177/136/178/187 
f 169/128/170/179 177/136/178/187 164/123/165/174 
f 187/146/188/197 184/143/185/194 177/136/178/187 
f 187/146/188/197 177/136/178/187 180/139/181/190 
f 194/153/195/204 191/150/192/201 184/143/185/194 
f 194/153/195/204 184/143/185/194 187/146/188/197 
f 294/234/295/1617 1267/233/1272/1618 238/197/239/248 
f 294/234/295/1617 238/197/239/248 241/200/242/251 
f 1267/233/1272/1618 1276/238/1281/1619 242/201/243/252 
f 1267/233/1272/1618 242/201/243/252 238/197/239/248 
f 1276/238/1281/1619 1281/243/1286/1620 244/203/245/254 
f 1276/238/1281/1619 244/203/245/254 242/201/243/252 
f 1281/243/1286/1620 192/151/193/202 191/150/192/201 
f 1281/243/1286/1620 191/150/192/201 244/203/245/254 
f 271/129/272/281 260/122/261/270 259/123/260/269 
f 271/129/272/281 259/123/260/269 268/128/269/278 
f 263/136/264/273 272/139/273/282 268/128/269/278 
f 263/136/264/273 268/128/269/278 259/123/260/269 
f 264/143/265/274 274/146/275/284 272/139/273/282 
f 264/143/265/274 272/139/273/282 263/136/264/273 
f 267/150/268/277 276/153/277/286 274/146/275/284 
f 267/150/268/277 274/146/275/284 264/143/265/274 
f 240/199/241/307 297/198/298/310 295/197/296/306 
f 240/199/241/307 295/197/296/306 241/200/242/305 
f 304/202/305/320 302/201/303/318 295/197/296/306 
f 304/202/305/320 295/197/296/306 297/198/298/310 
f 311/204/312/327 309/203/310/325 302/201/303/318 
f 311/204/312/327 302/201/303/318 304/202/305/320 
f 276/153/277/286 267/150/268/277 309/203/310/325 
f 276/153/277/286 309/203/310/325 311/204/312/327 
f 611/128/616/645 610/129/615/644 599/122/604/633 
f 611/128/616/645 599/122/604/633 598/123/603/632 
f 603/136/608/637 612/139/617/646 611/128/616/645 
f 603/136/608/637 611/128/616/645 598/123/603/632 
f 605/143/610/639 614/146/619/648 612/139/617/646 
f 605/143/610/639 612/139/617/646 603/136/608/637 
f 607/150/612/641 616/153/621/650 614/146/619/648 
f 607/150/612/641 614/146/619/648 605/143/610/639 
f 634/200/639/668 640/199/645/674 639/198/644/673 
f 634/200/639/668 639/198/644/673 635/197/640/669 
f 639/198/644/673 650/202/655/684 647/201/652/681 
f 639/198/644/673 647/201/652/681 635/197/640/669 
f 650/202/655/684 657/204/662/691 654/203/659/688 
f 650/202/655/684 654/203/659/688 647/201/652/681 
f 657/204/662/691 616/153/621/650 607/150/612/641 
f 657/204/662/691 607/150/612/641 654/203/659/688 
f 703/128/708/737 699/123/704/733 698/122/703/732 
f 703/128/708/737 698/122/703/732 704/129/709/738 
f 703/128/708/737 714/139/719/748 711/136/716/745 
f 703/128/708/737 711/136/716/745 699/123/704/733 
f 714/139/719/748 721/146/726/755 718/143/723/752 
f 714/139/719/748 718/143/723/752 711/136/716/745 
f 721/146/726/755 728/153/733/762 725/150/730/759 
f 721/146/726/755 725/150/730/759 718/143/723/752 
f 634/200/639/806 633/234/638/1621 1456/233/1461/1622 
f 634/200/639/806 1456/233/1461/1622 767/197/772/807 
f 767/197/772/807 1456/233/1461/1622 1461/238/1466/1623 
f 767/197/772/807 1461/238/1466/1623 769/201/774/810 
f 1465/243/1470/1624 771/203/776/812 769/201/774/810 
f 1465/243/1470/1624 769/201/774/810 1461/238/1466/1623 
f 771/203/776/812 1465/243/1470/1624 726/151/731/760 
f 771/203/776/812 726/151/731/760 725/150/730/759 
f 608/127/613/642 620/130/625/654 619/131/624/653 
f 608/127/613/642 619/131/624/653 609/126/614/643 
f 613/138/618/647 622/140/627/656 620/130/625/654 
f 613/138/618/647 620/130/625/654 608/127/613/642 
f 615/145/620/649 624/147/629/658 622/140/627/656 
f 615/145/620/649 622/140/627/656 613/138/618/647 
f 617/152/622/651 626/154/631/660 624/147/629/658 
f 617/152/622/651 624/147/629/658 615/145/620/649 
f 637/205/642/671 643/208/648/677 642/207/647/676 
f 637/205/642/671 642/207/647/676 638/206/643/672 
f 642/207/647/676 652/210/657/686 649/209/654/683 
f 642/207/647/676 649/209/654/683 638/206/643/672 
f 649/209/654/683 652/210/657/686 659/212/664/693 
f 649/209/654/683 659/212/664/693 656/211/661/690 
f 656/211/661/690 659/212/664/693 626/154/631/660 
f 656/211/661/690 626/154/631/660 617/152/622/651 
f 701/126/706/735 707/131/712/741 706/364/711/740 
f 701/126/706/735 706/364/711/740 702/362/707/736 
f 706/364/711/740 715/367/720/749 713/366/718/747 
f 706/364/711/740 713/366/718/747 702/362/707/736 
f 713/366/718/747 715/367/720/749 722/371/727/756 
f 713/366/718/747 722/371/727/756 720/370/725/754 
f 720/370/725/754 722/371/727/756 730/376/735/764 
f 720/370/725/754 730/376/735/764 727/374/732/761 
f 640/199/645/809 768/198/773/808 773/235/778/816 
f 640/199/645/809 773/235/778/816 637/205/642/815 
f 768/198/773/808 770/202/775/811 775/239/780/818 
f 768/198/773/808 775/239/780/818 773/235/778/816 
f 770/202/775/811 772/204/777/813 777/415/782/820 
f 770/202/775/811 777/415/782/820 775/239/780/818 
f 772/204/777/813 728/153/733/762 727/374/732/761 
f 772/204/777/813 727/374/732/761 777/415/782/820 
f 0/0/3/1625 1479/3/1484/1626 2/2/4/1627 
f 2/2/4/1627 1479/3/1484/1626 1480/4/1485/1628 
f 2/2/4/1627 1480/4/1485/1628 5/5/7/1629 
f 5/5/7/1629 1480/4/1485/1628 1481/6/1486/1630 
f 5/5/7/1629 1481/6/1486/1630 7/7/9/1631 
f 7/7/9/1631 1481/6/1486/1630 1482/8/1487/1632 
f 7/7/9/1631 1482/8/1487/1632 9/9/11/1633 
f 0/0/3/1625 11/11/13/1634 1483/10/1488/1635 
f 0/0/3/1625 1483/10/1488/1635 1479/3/1484/1626 
f 1479/3/1484/1626 1483/10/1488/1635 1484/12/1489/1636 
f 1479/3/1484/1626 1484/12/1489/1636 1480/4/1485/1628 
f 1480/4/1485/1628 1484/12/1489/1636 1485/13/1490/1637 
f 1480/4/1485/1628 1485/13/1490/1637 1481/6/1486/1630 
f 1481/6/1486/1630 1485/13/1490/1637 1486/14/1491/1638 
f 1481/6/1486/1630 1486/14/1491/1638 1482/8/1487/1632 
f 11/11/13/1634 16/16/18/1639 1487/15/1492/1640 
f 11/11/13/1634 1487/15/1492/1640 1483/10/1488/1635 
f 1483/10/1488/1635 1487/15/1492/1640 1488/17/1493/1641 
f 1483/10/1488/1635 1488/17/1493/1641 1484/12/1489/1636 
f 1484/12/1489/1636 1488/17/1493/1641 1489/18/1494/1642 
f 1484/12/1489/1636 1489/18/1494/1642 1485/13/1490/1637 
f 1485/13/1490/1637 1489/18/1494/1642 1490/19/1495/1643 
f 1485/13/1490/1637 1490/19/1495/1643 1486/14/1491/1638 
f 16/16/18/1639 21/21/23/1644 1491/20/1496/1645 
f 16/16/18/1639 1491/20/1496/1645 1487/15/1492/1640 
f 1487/15/1492/1640 1491/20/1496/1645 1492/22/1497/1646 
f 1487/15/1492/1640 1492/22/1497/1646 1488/17/1493/1641 
f 1488/17/1493/1641 1492/22/1497/1646 1493/23/1498/1647 
f 1488/17/1493/1641 1493/23/1498/1647 1489/18/1494/1642 
f 1489/18/1494/1642 1493/23/1498/1647 1494/24/1499/1648 
f 1489/18/1494/1642 1494/24/1499/1648 1490/19/1495/1643 
f 1495/27/1500/1649 26/26/28/1650 25/25/27/1651 
f 1495/27/1500/1649 25/25/27/1651 1496/28/1501/1652 
f 1497/29/1502/1653 1495/27/1500/1649 1496/28/1501/1652 
f 1497/29/1502/1653 1496/28/1501/1652 1498/30/1503/1654 
f 1499/32/1504/1655 1500/31/1505/1656 1497/29/1502/1653 
f 1499/32/1504/1655 1497/29/1502/1653 1498/30/1503/1654 
f 1501/34/1506/1657 1502/33/1507/1658 1500/31/1505/1656 
f 1501/34/1506/1657 1500/31/1505/1656 1499/32/1504/1655 
f 36/36/38/1659 1503/35/1508/1660 1496/28/1501/1652 
f 36/36/38/1659 1496/28/1501/1652 25/25/27/1651 
f 1503/35/1508/1660 1504/37/1509/1661 1498/30/1503/1654 
f 1503/35/1508/1660 1498/30/1503/1654 1496/28/1501/1652 
f 1505/38/1510/1662 1499/32/1504/1655 1498/30/1503/1654 
f 1505/38/1510/1662 1498/30/1503/1654 1504/37/1509/1661 
f 1506/39/1511/1663 1501/34/1506/1657 1499/32/1504/1655 
f 1506/39/1511/1663 1499/32/1504/1655 1505/38/1510/1662 
f 41/41/43/1664 1507/40/1512/1665 1503/35/1508/1660 
f 41/41/43/1664 1503/35/1508/1660 36/36/38/1659 
f 1507/40/1512/1665 1508/42/1513/1666 1504/37/1509/1661 
f 1507/40/1512/1665 1504/37/1509/1661 1503/35/1508/1660 
f 1508/42/1513/1666 1509/43/1514/1667 1505/38/1510/1662 
f 1508/42/1513/1666 1505/38/1510/1662 1504/37/1509/1661 
f 1510/44/1515/1668 1506/39/1511/1663 1505/38/1510/1662 
f 1510/44/1515/1668 1505/38/1510/1662 1509/43/1514/1667 
f 9/9/11/1633 1482/8/1487/1632 1507/40/1512/1665 
f 9/9/11/1633 1507/40/1512/1665 41/41/43/1664 
f 1482/8/1487/1632 1486/14/1491/1638 1508/42/1513/1666 
f 1482/8/1487/1632 1508/42/1513/1666 1507/40/1512/1665 
f 1486/14/1491/1638 1490/19/1495/1643 1509/43/1514/1667 
f 1486/14/1491/1638 1509/43/1514/1667 1508/42/1513/1666 
f 1490/19/1495/1643 1494/24/1499/1648 1510/44/1515/1668 
f 1490/19/1495/1643 1510/44/1515/1668 1509/43/1514/1667 
f 1511/47/1516/1669 1512/46/1517/1670 1513/45/1518/1671 
f 1511/47/1516/1669 1513/45/1518/1671 1514/48/1519/1672 
f 1515/49/1520/1673 1516/52/1521/1674 1517/51/1522/1675 
f 1515/49/1520/1673 1517/51/1522/1675 1518/50/1523/1676 
f 1516/52/1521/1674 1519/54/1524/1677 1520/53/1525/1678 
f 1516/52/1521/1674 1520/53/1525/1678 1517/51/1522/1675 
f 1519/54/1524/1677 1521/56/1526/1679 1522/55/1527/1680 
f 1519/54/1524/1677 1522/55/1527/1680 1520/53/1525/1678 
f 1523/58/1528/1681 1524/57/1529/1682 1512/46/1517/1670 
f 1523/58/1528/1681 1512/46/1517/1670 1511/47/1516/1669 
f 1525/59/1530/1683 1526/60/1531/1684 1516/52/1521/1674 
f 1525/59/1530/1683 1516/52/1521/1674 1515/49/1520/1673 
f 1526/60/1531/1684 1527/61/1532/1685 1519/54/1524/1677 
f 1526/60/1531/1684 1519/54/1524/1677 1516/52/1521/1674 
f 1527/61/1532/1685 1528/62/1533/1686 1521/56/1526/1679 
f 1527/61/1532/1685 1521/56/1526/1679 1519/54/1524/1677 
f 1529/64/1534/1687 1530/63/1535/1688 1524/57/1529/1682 
f 1529/64/1534/1687 1524/57/1529/1682 1523/58/1528/1681 
f 1531/65/1536/1689 1532/66/1537/1690 1526/60/1531/1684 
f 1531/65/1536/1689 1526/60/1531/1684 1525/59/1530/1683 
f 1532/66/1537/1690 1533/67/1538/1691 1527/61/1532/1685 
f 1532/66/1537/1690 1527/61/1532/1685 1526/60/1531/1684 
f 1533/67/1538/1691 1534/68/1539/1692 1528/62/1533/1686 
f 1533/67/1538/1691 1528/62/1533/1686 1527/61/1532/1685 
f 1535/69/1540/1693 1502/33/1507/1658 1530/63/1535/1688 
f 1535/69/1540/1693 1530/63/1535/1688 1529/64/1534/1687 
f 1501/34/1506/1657 1506/39/1511/1663 1532/66/1537/1690 
f 1501/34/1506/1657 1532/66/1537/1690 1531/65/1536/1689 
f 1506/39/1511/1663 1510/44/1515/1668 1533/67/1538/1691 
f 1506/39/1511/1663 1533/67/1538/1691 1532/66/1537/1690 
f 1510/44/1515/1668 1494/24/1499/1648 1534/68/1539/1692 
f 1510/44/1515/1668 1534/68/1539/1692 1533/67/1538/1691 
f 1536/70/1541/1694 73/73/75/1695 72/72/74/1696 
f 1536/70/1541/1694 72/72/74/1696 1537/71/1542/1697 
f 1538/74/1543/1698 75/75/77/1699 73/73/75/1695 
f 1538/74/1543/1698 73/73/75/1695 1536/70/1541/1694 
f 1539/76/1544/1700 77/77/79/1701 75/75/77/1699 
f 1539/76/1544/1700 75/75/77/1699 1538/74/1543/1698 
f 1491/20/1496/1645 21/21/23/1644 77/77/79/1701 
f 1491/20/1496/1645 77/77/79/1701 1539/76/1544/1700 
f 1540/78/1545/1702 1536/70/1541/1694 1537/71/1542/1697 
f 1540/78/1545/1702 1537/71/1542/1697 1541/79/1546/1703 
f 1542/80/1547/1704 1538/74/1543/1698 1536/70/1541/1694 
f 1542/80/1547/1704 1536/70/1541/1694 1540/78/1545/1702 
f 1543/81/1548/1705 1539/76/1544/1700 1538/74/1543/1698 
f 1543/81/1548/1705 1538/74/1543/1698 1542/80/1547/1704 
f 1543/81/1548/1705 1492/22/1497/1646 1491/20/1496/1645 
f 1543/81/1548/1705 1491/20/1496/1645 1539/76/1544/1700 
f 1544/82/1549/1706 1540/78/1545/1702 1541/79/1546/1703 
f 1544/82/1549/1706 1541/79/1546/1703 1545/83/1550/1707 
f 1546/84/1551/1708 1542/80/1547/1704 1540/78/1545/1702 
f 1546/84/1551/1708 1540/78/1545/1702 1544/82/1549/1706 
f 1547/85/1552/1709 1543/81/1548/1705 1542/80/1547/1704 
f 1547/85/1552/1709 1542/80/1547/1704 1546/84/1551/1708 
f 1547/85/1552/1709 1493/23/1498/1647 1492/22/1497/1646 
f 1547/85/1552/1709 1492/22/1497/1646 1543/81/1548/1705 
f 1521/56/1526/1679 1544/82/1549/1706 1545/83/1550/1707 
f 1521/56/1526/1679 1545/83/1550/1707 1522/55/1527/1680 
f 1528/62/1533/1686 1546/84/1551/1708 1544/82/1549/1706 
f 1528/62/1533/1686 1544/82/1549/1706 1521/56/1526/1679 
f 1534/68/1539/1692 1547/85/1552/1709 1546/84/1551/1708 
f 1534/68/1539/1692 1546/84/1551/1708 1528/62/1533/1686 
f 1534/68/1539/1692 1494/24/1499/1648 1493/23/1498/1647 
f 1534/68/1539/1692 1493/23/1498/1647 1547/85/1552/1709 
f 86/73/88/1710 1548/70/1553/1711 1537/71/1542/1712 
f 86/73/88/1710 1537/71/1542/1712 72/72/74/1713 
f 1548/70/1553/1711 1549/78/1554/1714 1541/79/1546/1715 
f 1548/70/1553/1711 1541/79/1546/1715 1537/71/1542/1712 
f 1549/78/1554/1714 1550/82/1555/1716 1545/83/1550/1717 
f 1549/78/1554/1714 1545/83/1550/1717 1541/79/1546/1715 
f 1550/82/1555/1716 1551/56/1556/1718 1522/55/1527/1719 
f 1550/82/1555/1716 1522/55/1527/1719 1545/83/1550/1717 
f 91/86/93/1720 1552/74/1557/1721 1548/70/1553/1711 
f 91/86/93/1720 1548/70/1553/1711 86/73/88/1710 
f 1552/74/1557/1721 1553/80/1558/1722 1549/78/1554/1714 
f 1552/74/1557/1721 1549/78/1554/1714 1548/70/1553/1711 
f 1553/80/1558/1722 1554/84/1559/1723 1550/82/1555/1716 
f 1553/80/1558/1722 1550/82/1555/1716 1549/78/1554/1714 
f 1554/84/1559/1723 1555/62/1560/1724 1551/56/1556/1718 
f 1554/84/1559/1723 1551/56/1556/1718 1550/82/1555/1716 
f 96/87/98/1725 1556/76/1561/1726 1552/74/1557/1721 
f 96/87/98/1725 1552/74/1557/1721 91/86/93/1720 
f 1556/76/1561/1726 1557/81/1562/1727 1553/80/1558/1722 
f 1556/76/1561/1726 1553/80/1558/1722 1552/74/1557/1721 
f 1557/81/1562/1727 1558/85/1563/1728 1554/84/1559/1723 
f 1557/81/1562/1727 1554/84/1559/1723 1553/80/1558/1722 
f 1558/85/1563/1728 1559/68/1564/1729 1555/62/1560/1724 
f 1558/85/1563/1728 1555/62/1560/1724 1554/84/1559/1723 
f 101/88/103/1730 1560/89/1565/1731 1556/76/1561/1726 
f 101/88/103/1730 1556/76/1561/1726 96/87/98/1725 
f 1560/89/1565/1731 1561/90/1566/1732 1557/81/1562/1727 
f 1560/89/1565/1731 1557/81/1562/1727 1556/76/1561/1726 
f 1561/90/1566/1732 1562/91/1567/1733 1558/85/1563/1728 
f 1561/90/1566/1732 1558/85/1563/1728 1557/81/1562/1727 
f 1562/91/1567/1733 1563/24/1568/1734 1559/68/1564/1729 
f 1562/91/1567/1733 1559/68/1564/1729 1558/85/1563/1728 
f 1564/49/1569/1735 1565/46/1570/1736 1513/45/1518/1737 
f 1564/49/1569/1735 1513/45/1518/1737 1518/50/1523/1738 
f 1566/59/1571/1739 1567/57/1572/1740 1565/46/1570/1736 
f 1566/59/1571/1739 1565/46/1570/1736 1564/49/1569/1735 
f 1568/92/1573/1741 1569/63/1574/1742 1567/57/1572/1740 
f 1568/92/1573/1741 1567/57/1572/1740 1566/59/1571/1739 
f 1570/94/1575/1743 1571/93/1576/1744 1569/63/1574/1742 
f 1570/94/1575/1743 1569/63/1574/1742 1568/92/1573/1741 
f 1572/52/1577/1745 1564/49/1569/1735 1518/50/1523/1738 
f 1572/52/1577/1745 1518/50/1523/1738 1517/51/1522/1746 
f 1573/60/1578/1747 1566/59/1571/1739 1564/49/1569/1735 
f 1573/60/1578/1747 1564/49/1569/1735 1572/52/1577/1745 
f 1574/95/1579/1748 1568/92/1573/1741 1566/59/1571/1739 
f 1574/95/1579/1748 1566/59/1571/1739 1573/60/1578/1747 
f 1575/39/1580/1749 1570/94/1575/1743 1568/92/1573/1741 
f 1575/39/1580/1749 1568/92/1573/1741 1574/95/1579/1748 
f 1576/54/1581/1750 1572/52/1577/1745 1517/51/1522/1746 
f 1576/54/1581/1750 1517/51/1522/1746 1520/53/1525/1751 
f 1577/61/1582/1752 1573/60/1578/1747 1572/52/1577/1745 
f 1577/61/1582/1752 1572/52/1577/1745 1576/54/1581/1750 
f 1578/67/1583/1753 1574/95/1579/1748 1573/60/1578/1747 
f 1578/67/1583/1753 1573/60/1578/1747 1577/61/1582/1752 
f 1579/44/1584/1754 1575/39/1580/1749 1574/95/1579/1748 
f 1579/44/1584/1754 1574/95/1579/1748 1578/67/1583/1753 
f 1551/56/1556/1718 1576/54/1581/1750 1520/53/1525/1751 
f 1551/56/1556/1718 1520/53/1525/1751 1522/55/1527/1719 
f 1555/62/1560/1724 1577/61/1582/1752 1576/54/1581/1750 
f 1555/62/1560/1724 1576/54/1581/1750 1551/56/1556/1718 
f 1559/68/1564/1729 1578/67/1583/1753 1577/61/1582/1752 
f 1559/68/1564/1729 1577/61/1582/1752 1555/62/1560/1724 
f 1563/24/1568/1734 1579/44/1584/1754 1578/67/1583/1753 
f 1563/24/1568/1734 1578/67/1583/1753 1559/68/1564/1729 
f 1580/27/1585/1755 122/26/124/1756 125/97/127/1757 
f 1580/27/1585/1755 125/97/127/1757 1581/96/1586/1758 
f 1582/98/1587/1759 1583/35/1588/1760 129/100/131/1761 
f 1582/98/1587/1759 129/100/131/1761 128/99/130/1762 
f 1583/35/1588/1760 1584/101/1589/1763 131/102/133/1764 
f 1583/35/1588/1760 131/102/133/1764 129/100/131/1761 
f 1584/101/1589/1763 1585/104/1590/1765 132/103/134/1766 
f 1584/101/1589/1763 132/103/134/1766 131/102/133/1764 
f 1586/105/1591/1767 1587/29/1592/1768 1580/27/1585/1755 
f 1586/105/1591/1767 1580/27/1585/1755 1581/96/1586/1758 
f 1582/98/1587/1759 1588/30/1593/1769 1589/37/1594/1770 
f 1582/98/1587/1759 1589/37/1594/1770 1583/35/1588/1760 
f 1589/37/1594/1770 1590/106/1595/1771 1584/101/1589/1763 
f 1589/37/1594/1770 1584/101/1589/1763 1583/35/1588/1760 
f 1590/106/1595/1771 1591/14/1596/1772 1585/104/1590/1765 
f 1590/106/1595/1771 1585/104/1590/1765 1584/101/1589/1763 
f 1592/107/1597/1773 1593/31/1598/1774 1587/29/1592/1768 
f 1592/107/1597/1773 1587/29/1592/1768 1586/105/1591/1767 
f 1588/30/1593/1769 1594/32/1599/1775 1595/38/1600/1776 
f 1588/30/1593/1769 1595/38/1600/1776 1589/37/1594/1770 
f 1595/38/1600/1776 1596/108/1601/1777 1590/106/1595/1771 
f 1595/38/1600/1776 1590/106/1595/1771 1589/37/1594/1770 
f 1596/108/1601/1777 1597/19/1602/1778 1591/14/1596/1772 
f 1596/108/1601/1777 1591/14/1596/1772 1590/106/1595/1771 
f 1598/69/1603/1779 1571/93/1576/1744 1593/31/1598/1774 
f 1598/69/1603/1779 1593/31/1598/1774 1592/107/1597/1773 
f 1594/32/1599/1775 1570/94/1575/1743 1575/39/1580/1749 
f 1594/32/1599/1775 1575/39/1580/1749 1595/38/1600/1776 
f 1575/39/1580/1749 1579/44/1584/1754 1596/108/1601/1777 
f 1575/39/1580/1749 1596/108/1601/1777 1595/38/1600/1776 
f 1579/44/1584/1754 1563/24/1568/1734 1597/19/1602/1778 
f 1579/44/1584/1754 1597/19/1602/1778 1596/108/1601/1777 
f 149/111/151/1780 1599/110/1604/1781 147/109/149/1782 
f 147/109/1605/1783 150/361/1606/1784 149/111/1607/1785 
f 1600/112/1608/1786 152/113/153/1787 147/109/149/1782 
f 1600/112/1608/1786 147/109/149/1782 1599/110/1604/1781 
f 1601/114/1609/1788 154/115/155/1789 152/113/153/1787 
f 1601/114/1609/1788 152/113/153/1787 1600/112/1608/1786 
f 1560/89/1565/1731 101/88/103/1730 154/115/155/1789 
f 1560/89/1565/1731 154/115/155/1789 1601/114/1609/1788 
f 1602/116/1610/1790 1599/110/1604/1781 149/111/151/1780 
f 1602/116/1610/1790 149/111/151/1780 156/117/157/1791 
f 1603/118/1611/1792 1600/112/1608/1786 1599/110/1604/1781 
f 1603/118/1611/1792 1599/110/1604/1781 1602/116/1610/1790 
f 1604/17/1612/1793 1601/114/1609/1788 1600/112/1608/1786 
f 1604/17/1612/1793 1600/112/1608/1786 1603/118/1611/1792 
f 1561/90/1566/1732 1560/89/1565/1731 1601/114/1609/1788 
f 1561/90/1566/1732 1601/114/1609/1788 1604/17/1612/1793 
f 1605/119/1613/1794 1602/116/1610/1790 156/117/157/1791 
f 1605/119/1613/1794 156/117/157/1791 160/120/161/1795 
f 1606/13/1614/1796 1603/118/1611/1792 1602/116/1610/1790 
f 1606/13/1614/1796 1602/116/1610/1790 1605/119/1613/1794 
f 1607/121/1615/1797 1604/17/1612/1793 1603/118/1611/1792 
f 1607/121/1615/1797 1603/118/1611/1792 1606/13/1614/1796 
f 1562/91/1567/1733 1561/90/1566/1732 1604/17/1612/1793 
f 1562/91/1567/1733 1604/17/1612/1793 1607/121/1615/1797 
f 1585/104/1590/1765 1605/119/1613/1794 160/120/161/1795 
f 1585/104/1590/1765 160/120/161/1795 132/103/134/1766 
f 1591/14/1596/1772 1606/13/1614/1796 1605/119/1613/1794 
f 1591/14/1596/1772 1605/119/1613/1794 1585/104/1590/1765 
f 1597/19/1602/1778 1607/121/1615/1797 1606/13/1614/1796 
f 1597/19/1602/1778 1606/13/1614/1796 1591/14/1596/1772 
f 1563/24/1568/1734 1562/91/1567/1733 1607/121/1615/1797 
f 1563/24/1568/1734 1607/121/1615/1797 1597/19/1602/1778 
f 1608/124/1616/1798 1609/123/1617/1799 163/122/164/1800 
f 1608/124/1616/1798 163/122/164/1800 166/125/167/1801 
f 1610/128/1618/1802 1611/127/1619/1803 167/126/168/1804 
f 1610/128/1618/1802 167/126/168/1804 170/129/171/1805 
f 1612/130/1620/1806 1613/133/1621/1807 173/132/174/1808 
f 1612/130/1620/1806 173/132/174/1808 172/131/173/1809 
f 1613/133/1621/1807 1614/135/1622/1810 175/134/176/1811 
f 1613/133/1621/1807 175/134/176/1811 173/132/174/1808 
f 1615/137/1623/1812 1616/136/1624/1813 1609/123/1617/1799 
f 1615/137/1623/1812 1609/123/1617/1799 1608/124/1616/1798 
f 1617/139/1625/1814 1618/138/1626/1815 1611/127/1619/1803 
f 1617/139/1625/1814 1611/127/1619/1803 1610/128/1618/1802 
f 1619/140/1627/1816 1620/141/1628/1817 1613/133/1621/1807 
f 1619/140/1627/1816 1613/133/1621/1807 1612/130/1620/1806 
f 1620/141/1628/1817 1621/142/1629/1818 1614/135/1622/1810 
f 1620/141/1628/1817 1614/135/1622/1810 1613/133/1621/1807 
f 1622/144/1630/1819 1623/143/1631/1820 1616/136/1624/1813 
f 1622/144/1630/1819 1616/136/1624/1813 1615/137/1623/1812 
f 1624/146/1632/1821 1625/145/1633/1822 1618/138/1626/1815 
f 1624/146/1632/1821 1618/138/1626/1815 1617/139/1625/1814 
f 1626/147/1634/1823 1627/148/1635/1824 1620/141/1628/1817 
f 1626/147/1634/1823 1620/141/1628/1817 1619/140/1627/1816 
f 1627/148/1635/1824 1628/149/1636/1825 1621/142/1629/1818 
f 1627/148/1635/1824 1621/142/1629/1818 1620/141/1628/1817 
f 1629/150/1637/1826 1623/143/1631/1820 1622/144/1630/1819 
f 1629/150/1637/1826 1622/144/1630/1819 1630/151/1638/1827 
f 1631/152/1639/1828 1625/145/1633/1822 1624/146/1632/1821 
f 1631/152/1639/1828 1624/146/1632/1821 1632/153/1640/1829 
f 1633/154/1641/1830 1634/155/1642/1831 1627/148/1635/1824 
f 1633/154/1641/1830 1627/148/1635/1824 1626/147/1634/1823 
f 1634/155/1642/1831 1635/156/1643/1832 1628/149/1636/1825 
f 1634/155/1642/1831 1628/149/1636/1825 1627/148/1635/1824 
f 1636/157/1644/1833 1637/160/1645/1834 200/159/201/1835 
f 1636/157/1644/1833 200/159/201/1835 199/158/200/1836 
f 1638/161/1646/1837 1639/162/1647/1838 1637/160/1645/1834 
f 1638/161/1646/1837 1637/160/1645/1834 1636/157/1644/1833 
f 1640/163/1648/1839 1641/164/1649/1840 1639/162/1647/1838 
f 1640/163/1648/1839 1639/162/1647/1838 1638/161/1646/1837 
f 1642/165/1650/1841 1643/166/1651/1842 1641/164/1649/1840 
f 1642/165/1650/1841 1641/164/1649/1840 1640/163/1648/1839 
f 1644/167/1652/1843 1636/157/1644/1833 199/158/200/1836 
f 1644/167/1652/1843 199/158/200/1836 209/168/210/1844 
f 1645/169/1653/1845 1638/161/1646/1837 1636/157/1644/1833 
f 1645/169/1653/1845 1636/157/1644/1833 1644/167/1652/1843 
f 1646/170/1654/1846 1640/163/1648/1839 1638/161/1646/1837 
f 1646/170/1654/1846 1638/161/1646/1837 1645/169/1653/1845 
f 1647/171/1655/1847 1642/165/1650/1841 1640/163/1648/1839 
f 1647/171/1655/1847 1640/163/1648/1839 1646/170/1654/1846 
f 1648/172/1656/1848 1644/167/1652/1843 209/168/210/1844 
f 1648/172/1656/1848 209/168/210/1844 214/173/215/1849 
f 1649/174/1657/1850 1645/169/1653/1845 1644/167/1652/1843 
f 1649/174/1657/1850 1644/167/1652/1843 1648/172/1656/1848 
f 1650/175/1658/1851 1646/170/1654/1846 1645/169/1653/1845 
f 1650/175/1658/1851 1645/169/1653/1845 1649/174/1657/1850 
f 1651/176/1659/1852 1647/171/1655/1847 1646/170/1654/1846 
f 1651/176/1659/1852 1646/170/1654/1846 1650/175/1658/1851 
f 1614/135/1622/1810 1648/172/1656/1848 214/173/215/1849 
f 1614/135/1622/1810 214/173/215/1849 175/134/176/1811 
f 1621/142/1629/1818 1649/174/1657/1850 1648/172/1656/1848 
f 1621/142/1629/1818 1648/172/1656/1848 1614/135/1622/1810 
f 1628/149/1636/1825 1650/175/1658/1851 1649/174/1657/1850 
f 1628/149/1636/1825 1649/174/1657/1850 1621/142/1629/1818 
f 1635/156/1643/1832 1651/176/1659/1852 1650/175/1658/1851 
f 1635/156/1643/1832 1650/175/1658/1851 1628/149/1636/1825 
f 1652/177/1660/1853 1653/180/1661/1854 1654/179/1662/1855 
f 1652/177/1660/1853 1654/179/1662/1855 1655/178/1663/1856 
f 1653/180/1661/1854 1656/182/1664/1857 1657/181/1665/1858 
f 1653/180/1661/1854 1657/181/1665/1858 1654/179/1662/1855 
f 1656/182/1664/1857 1658/184/1666/1859 1659/183/1667/1860 
f 1656/182/1664/1857 1659/183/1667/1860 1657/181/1665/1858 
f 1658/184/1666/1859 1660/186/1668/1861 1661/185/1669/1862 
f 1658/184/1666/1859 1661/185/1669/1862 1659/183/1667/1860 
f 1662/187/1670/1863 1663/188/1671/1864 1653/180/1661/1854 
f 1662/187/1670/1863 1653/180/1661/1854 1652/177/1660/1853 
f 1663/188/1671/1864 1664/189/1672/1865 1656/182/1664/1857 
f 1663/188/1671/1864 1656/182/1664/1857 1653/180/1661/1854 
f 1664/189/1672/1865 1665/190/1673/1866 1658/184/1666/1859 
f 1664/189/1672/1865 1658/184/1666/1859 1656/182/1664/1857 
f 1665/190/1673/1866 1666/191/1674/1867 1660/186/1668/1861 
f 1665/190/1673/1866 1660/186/1668/1861 1658/184/1666/1859 
f 1667/192/1675/1868 1668/193/1676/1869 1663/188/1671/1864 
f 1667/192/1675/1868 1663/188/1671/1864 1662/187/1670/1863 
f 1668/193/1676/1869 1669/194/1677/1870 1664/189/1672/1865 
f 1668/193/1676/1869 1664/189/1672/1865 1663/188/1671/1864 
f 1669/194/1677/1870 1670/195/1678/1871 1665/190/1673/1866 
f 1669/194/1677/1870 1665/190/1673/1866 1664/189/1672/1865 
f 1670/195/1678/1871 1671/196/1679/1872 1666/191/1674/1867 
f 1670/195/1678/1871 1666/191/1674/1867 1665/190/1673/1866 
f 1643/166/1651/1842 1642/165/1650/1841 1668/193/1676/1869 
f 1643/166/1651/1842 1668/193/1676/1869 1667/192/1675/1868 
f 1642/165/1650/1841 1647/171/1655/1847 1669/194/1677/1870 
f 1642/165/1650/1841 1669/194/1677/1870 1668/193/1676/1869 
f 1647/171/1655/1847 1651/176/1659/1852 1670/195/1678/1871 
f 1647/171/1655/1847 1670/195/1678/1871 1669/194/1677/1870 
f 1651/176/1659/1852 1635/156/1643/1832 1671/196/1679/1872 
f 1651/176/1659/1852 1671/196/1679/1872 1670/195/1678/1871 
f 1672/198/1680/1873 1673/197/1681/1874 1674/200/1682/1875 
f 1672/198/1680/1873 1674/200/1682/1875 1675/199/1683/1876 
f 1676/202/1684/1877 1677/201/1685/1878 1673/197/1681/1874 
f 1676/202/1684/1877 1673/197/1681/1874 1672/198/1680/1873 
f 1678/204/1686/1879 1679/203/1687/1880 1677/201/1685/1878 
f 1678/204/1686/1879 1677/201/1685/1878 1676/202/1684/1877 
f 1632/153/1640/1829 1629/150/1637/1826 1679/203/1687/1880 
f 1632/153/1640/1829 1679/203/1687/1880 1678/204/1686/1879 
f 1680/207/1688/1881 1681/206/1689/1882 1682/205/1690/1883 
f 1680/207/1688/1881 1682/205/1690/1883 1683/208/1691/1884 
f 1684/210/1692/1885 1685/209/1693/1886 1681/206/1689/1882 
f 1684/210/1692/1885 1681/206/1689/1882 1680/207/1688/1881 
f 1686/212/1694/1887 1687/211/1695/1888 1685/209/1693/1886 
f 1686/212/1694/1887 1685/209/1693/1886 1684/210/1692/1885 
f 1633/154/1641/1830 1631/152/1639/1828 1687/211/1695/1888 
f 1633/154/1641/1830 1687/211/1695/1888 1686/212/1694/1887 
f 1688/213/1696/1889 1680/207/1688/1881 1683/208/1691/1884 
f 1688/213/1696/1889 1683/208/1691/1884 1689/214/1697/1890 
f 1690/215/1698/1891 1684/210/1692/1885 1680/207/1688/1881 
f 1690/215/1698/1891 1680/207/1688/1881 1688/213/1696/1889 
f 1691/216/1699/1892 1686/212/1694/1887 1684/210/1692/1885 
f 1691/216/1699/1892 1684/210/1692/1885 1690/215/1698/1891 
f 1634/155/1642/1831 1633/154/1641/1830 1686/212/1694/1887 
f 1634/155/1642/1831 1686/212/1694/1887 1691/216/1699/1892 
f 1660/186/1668/1861 1688/213/1696/1889 1689/214/1697/1890 
f 1660/186/1668/1861 1689/214/1697/1890 1661/185/1669/1862 
f 1666/191/1674/1867 1690/215/1698/1891 1688/213/1696/1889 
f 1666/191/1674/1867 1688/213/1696/1889 1660/186/1668/1861 
f 1671/196/1679/1872 1691/216/1699/1892 1690/215/1698/1891 
f 1671/196/1679/1872 1690/215/1698/1891 1666/191/1674/1867 
f 1635/156/1643/1832 1634/155/1642/1831 1691/216/1699/1892 
f 1635/156/1643/1832 1691/216/1699/1892 1671/196/1679/1872 
f 1692/124/1700/1893 261/125/262/1894 260/122/261/1895 
f 1692/124/1700/1893 260/122/261/1895 1693/123/1701/1896 
f 1693/123/1701/1896 1694/136/1702/1897 1695/137/1703/1898 
f 1693/123/1701/1896 1695/137/1703/1898 1692/124/1700/1893 
f 1694/136/1702/1897 1696/143/1704/1899 1697/144/1705/1900 
f 1694/136/1702/1897 1697/144/1705/1900 1695/137/1703/1898 
f 1696/143/1704/1899 1698/150/1706/1901 1699/151/1707/1902 
f 1696/143/1704/1899 1699/151/1707/1902 1697/144/1705/1900 
f 270/126/271/1903 1700/217/1708/1904 1701/128/1709/1905 
f 270/126/271/1903 1701/128/1709/1905 271/129/272/1906 
f 1702/218/1710/1907 1703/139/1711/1908 1701/128/1709/1905 
f 1702/218/1710/1907 1701/128/1709/1905 1700/217/1708/1904 
f 1704/146/1712/1909 1703/139/1711/1908 1702/218/1710/1907 
f 1704/146/1712/1909 1702/218/1710/1907 1705/219/1713/1910 
f 1705/219/1713/1910 1706/220/1714/1911 1707/153/1715/1912 
f 1705/219/1713/1910 1707/153/1715/1912 1704/146/1712/1909 
f 279/132/280/1913 1708/221/1716/1914 1709/222/1717/1915 
f 279/132/280/1913 1709/222/1717/1915 280/131/281/1916 
f 1709/222/1717/1915 1708/221/1716/1914 1710/223/1718/1917 
f 1709/222/1717/1915 1710/223/1718/1917 1711/224/1719/1918 
f 1711/224/1719/1918 1710/223/1718/1917 1712/225/1720/1919 
f 1711/224/1719/1918 1712/225/1720/1919 1713/226/1721/1920 
f 1712/225/1720/1919 1714/227/1722/1921 1715/228/1723/1922 
f 1712/225/1720/1919 1715/228/1723/1922 1713/226/1721/1920 
f 288/134/289/1923 1716/229/1724/1924 1708/221/1716/1914 
f 288/134/289/1923 1708/221/1716/1914 279/132/280/1913 
f 1708/221/1716/1914 1716/229/1724/1924 1717/230/1725/1925 
f 1708/221/1716/1914 1717/230/1725/1925 1710/223/1718/1917 
f 1710/223/1718/1917 1717/230/1725/1925 1718/231/1726/1926 
f 1710/223/1718/1917 1718/231/1726/1926 1712/225/1720/1919 
f 1718/231/1726/1926 1719/232/1727/1927 1714/227/1722/1921 
f 1718/231/1726/1926 1714/227/1722/1921 1712/225/1720/1919 
f 1674/200/1682/1928 1720/234/1728/1929 1721/233/1729/1930 
f 1674/200/1682/1928 1721/233/1729/1930 1722/197/1730/1931 
f 1682/205/1690/1932 1675/199/1683/1933 1723/198/1731/1934 
f 1682/205/1690/1932 1723/198/1731/1934 1724/235/1732/1935 
f 1725/207/1733/1936 1726/236/1734/1937 1689/214/1697/1938 
f 1725/207/1733/1936 1689/214/1697/1938 1683/208/1691/1939 
f 1726/236/1734/1937 1727/237/1735/1940 1661/185/1669/1941 
f 1726/236/1734/1937 1661/185/1669/1941 1689/214/1697/1938 
f 1722/197/1730/1931 1721/233/1729/1930 1728/238/1736/1942 
f 1722/197/1730/1931 1728/238/1736/1942 1729/201/1737/1943 
f 1723/198/1731/1934 1730/202/1738/1944 1731/239/1739/1945 
f 1723/198/1731/1934 1731/239/1739/1945 1724/235/1732/1935 
f 1732/241/1740/1946 1733/240/1741/1947 1726/236/1734/1937 
f 1732/241/1740/1946 1726/236/1734/1937 1725/207/1733/1936 
f 1733/240/1741/1947 1734/242/1742/1948 1727/237/1735/1940 
f 1733/240/1741/1947 1727/237/1735/1940 1726/236/1734/1937 
f 1729/201/1737/1943 1728/238/1736/1942 1735/243/1743/1949 
f 1729/201/1737/1943 1735/243/1743/1949 1736/203/1744/1950 
f 1730/202/1738/1944 1737/204/1745/1951 1738/244/1746/1952 
f 1730/202/1738/1944 1738/244/1746/1952 1731/239/1739/1945 
f 1739/245/1747/1953 1733/240/1741/1947 1732/241/1740/1946 
f 1739/245/1747/1953 1732/241/1740/1946 1740/246/1748/1954 
f 1741/247/1749/1955 1734/242/1742/1948 1733/240/1741/1947 
f 1741/247/1749/1955 1733/240/1741/1947 1739/245/1747/1953 
f 1736/203/1744/1950 1735/243/1743/1949 1699/151/1707/1902 
f 1736/203/1744/1950 1699/151/1707/1902 1698/150/1706/1901 
f 1737/204/1745/1951 1707/153/1715/1912 1706/220/1714/1911 
f 1737/204/1745/1951 1706/220/1714/1911 1738/244/1746/1952 
f 1714/227/1722/1921 1739/245/1747/1953 1740/246/1748/1954 
f 1714/227/1722/1921 1740/246/1748/1954 1715/228/1723/1922 
f 1719/232/1727/1927 1741/247/1749/1955 1739/245/1747/1953 
f 1719/232/1727/1927 1739/245/1747/1953 1714/227/1722/1921 
f 1655/178/1663/1956 1654/179/1662/1957 1742/248/1750/1958 
f 1655/178/1663/1956 1742/248/1750/1958 1743/249/1751/1959 
f 1743/249/1751/1959 1742/248/1750/1958 1744/250/1752/1960 
f 1743/249/1751/1959 1744/250/1752/1960 1745/251/1753/1961 
f 1745/251/1753/1961 1744/250/1752/1960 1746/252/1754/1962 
f 1745/251/1753/1961 1746/252/1754/1962 1747/253/1755/1963 
f 1747/253/1755/1963 1746/252/1754/1962 1748/254/1756/1964 
f 1747/253/1755/1963 1748/254/1756/1964 1749/255/1757/1965 
f 1654/179/1662/1957 1657/181/1665/1966 1750/256/1758/1967 
f 1654/179/1662/1957 1750/256/1758/1967 1742/248/1750/1958 
f 1742/248/1750/1958 1750/256/1758/1967 1751/257/1759/1968 
f 1742/248/1750/1958 1751/257/1759/1968 1744/250/1752/1960 
f 1744/250/1752/1960 1751/257/1759/1968 1752/258/1760/1969 
f 1744/250/1752/1960 1752/258/1760/1969 1746/252/1754/1962 
f 1746/252/1754/1962 1752/258/1760/1969 1753/259/1761/1970 
f 1746/252/1754/1962 1753/259/1761/1970 1748/254/1756/1964 
f 1657/181/1665/1966 1659/183/1667/1971 1754/260/1762/1972 
f 1657/181/1665/1966 1754/260/1762/1972 1750/256/1758/1967 
f 1750/256/1758/1967 1754/260/1762/1972 1755/261/1763/1973 
f 1750/256/1758/1967 1755/261/1763/1973 1751/257/1759/1968 
f 1751/257/1759/1968 1755/261/1763/1973 1756/262/1764/1974 
f 1751/257/1759/1968 1756/262/1764/1974 1752/258/1760/1969 
f 1752/258/1760/1969 1756/262/1764/1974 1757/263/1765/1975 
f 1752/258/1760/1969 1757/263/1765/1975 1753/259/1761/1970 
f 1659/183/1667/1971 1661/185/1669/1941 1727/237/1735/1940 
f 1659/183/1667/1971 1727/237/1735/1940 1754/260/1762/1972 
f 1754/260/1762/1972 1727/237/1735/1940 1734/242/1742/1948 
f 1754/260/1762/1972 1734/242/1742/1948 1755/261/1763/1973 
f 1734/242/1742/1948 1741/247/1749/1955 1756/262/1764/1974 
f 1734/242/1742/1948 1756/262/1764/1974 1755/261/1763/1973 
f 1741/247/1749/1955 1719/232/1727/1927 1757/263/1765/1975 
f 1741/247/1749/1955 1757/263/1765/1975 1756/262/1764/1974 
f 1758/266/1766/1976 1759/265/1767/1977 331/264/332/1978 
f 1758/266/1766/1976 331/264/332/1978 334/267/335/1979 
f 1759/265/1767/1977 1760/269/1768/1980 335/268/336/1981 
f 1759/265/1767/1977 335/268/336/1981 331/264/332/1978 
f 1760/269/1768/1980 1761/271/1769/1982 337/270/338/1983 
f 1760/269/1768/1980 337/270/338/1983 335/268/336/1981 
f 1716/229/1724/1924 288/134/289/1923 337/270/338/1983 
f 1716/229/1724/1924 337/270/338/1983 1761/271/1769/1982 
f 1762/273/1770/1984 1763/272/1771/1985 1759/265/1767/1977 
f 1762/273/1770/1984 1759/265/1767/1977 1758/266/1766/1976 
f 1763/272/1771/1985 1764/274/1772/1986 1760/269/1768/1980 
f 1763/272/1771/1985 1760/269/1768/1980 1759/265/1767/1977 
f 1764/274/1772/1986 1765/275/1773/1987 1761/271/1769/1982 
f 1764/274/1772/1986 1761/271/1769/1982 1760/269/1768/1980 
f 1765/275/1773/1987 1717/230/1725/1925 1716/229/1724/1924 
f 1765/275/1773/1987 1716/229/1724/1924 1761/271/1769/1982 
f 1766/277/1774/1988 1767/276/1775/1989 1763/272/1771/1985 
f 1766/277/1774/1988 1763/272/1771/1985 1762/273/1770/1984 
f 1767/276/1775/1989 1768/278/1776/1990 1764/274/1772/1986 
f 1767/276/1775/1989 1764/274/1772/1986 1763/272/1771/1985 
f 1768/278/1776/1990 1769/279/1777/1991 1765/275/1773/1987 
f 1768/278/1776/1990 1765/275/1773/1987 1764/274/1772/1986 
f 1769/279/1777/1991 1718/231/1726/1926 1717/230/1725/1925 
f 1769/279/1777/1991 1717/230/1725/1925 1765/275/1773/1987 
f 1749/255/1757/1965 1748/254/1756/1964 1767/276/1775/1989 
f 1749/255/1757/1965 1767/276/1775/1989 1766/277/1774/1988 
f 1748/254/1756/1964 1753/259/1761/1970 1768/278/1776/1990 
f 1748/254/1756/1964 1768/278/1776/1990 1767/276/1775/1989 
f 1757/263/1765/1975 1769/279/1777/1991 1768/278/1776/1990 
f 1757/263/1765/1975 1768/278/1776/1990 1753/259/1761/1970 
f 1719/232/1727/1927 1718/231/1726/1926 1769/279/1777/1991 
f 1719/232/1727/1927 1769/279/1777/1991 1757/263/1765/1975 
f 1770/280/1778/1992 1771/283/1779/1993 349/282/350/1994 
f 1770/280/1778/1992 349/282/350/1994 348/281/349/1995 
f 1771/283/1779/1993 1772/285/1780/1996 351/284/352/1997 
f 1771/283/1779/1993 351/284/352/1997 349/282/350/1994 
f 1772/285/1780/1996 1773/287/1781/1998 353/286/354/1999 
f 1772/285/1780/1996 353/286/354/1999 351/284/352/1997 
f 1773/287/1781/1998 1774/289/1782/2000 355/288/356/2001 
f 1773/287/1781/1998 355/288/356/2001 353/286/354/1999 
f 1775/290/1783/2002 1776/291/1784/2003 1771/283/1779/1993 
f 1775/290/1783/2002 1771/283/1779/1993 1770/280/1778/1992 
f 1776/291/1784/2003 1777/292/1785/2004 1772/285/1780/1996 
f 1776/291/1784/2003 1772/285/1780/1996 1771/283/1779/1993 
f 1777/292/1785/2004 1778/293/1786/2005 1773/287/1781/1998 
f 1777/292/1785/2004 1773/287/1781/1998 1772/285/1780/1996 
f 1778/293/1786/2005 1779/294/1787/2006 1774/289/1782/2000 
f 1778/293/1786/2005 1774/289/1782/2000 1773/287/1781/1998 
f 1780/295/1788/2007 1781/296/1789/2008 1776/291/1784/2003 
f 1780/295/1788/2007 1776/291/1784/2003 1775/290/1783/2002 
f 1781/296/1789/2008 1782/297/1790/2009 1777/292/1785/2004 
f 1781/296/1789/2008 1777/292/1785/2004 1776/291/1784/2003 
f 1782/297/1790/2009 1783/298/1791/2010 1778/293/1786/2005 
f 1782/297/1790/2009 1778/293/1786/2005 1777/292/1785/2004 
f 1783/298/1791/2010 1784/299/1792/2011 1779/294/1787/2006 
f 1783/298/1791/2010 1779/294/1787/2006 1778/293/1786/2005 
f 1785/300/1793/2012 1786/301/1794/2013 1781/296/1789/2008 
f 1785/300/1793/2012 1781/296/1789/2008 1780/295/1788/2007 
f 1786/301/1794/2013 1787/302/1795/2014 1782/297/1790/2009 
f 1786/301/1794/2013 1782/297/1790/2009 1781/296/1789/2008 
f 1787/302/1795/2014 1788/303/1796/2015 1783/298/1791/2010 
f 1787/302/1795/2014 1783/298/1791/2010 1782/297/1790/2009 
f 1788/303/1796/2015 1789/304/1797/2016 1784/299/1792/2011 
f 1788/303/1796/2015 1784/299/1792/2011 1783/298/1791/2010 
f 1790/305/1798/2017 1791/308/1799/2018 374/307/375/2019 
f 1790/305/1798/2017 374/307/375/2019 373/306/374/2020 
f 1792/309/1800/2021 1793/310/1801/2022 1791/308/1799/2018 
f 1792/309/1800/2021 1791/308/1799/2018 1790/305/1798/2017 
f 1794/311/1802/2023 1795/312/1803/2024 1793/310/1801/2022 
f 1794/311/1802/2023 1793/310/1801/2022 1792/309/1800/2021 
f 1796/313/1804/2025 1797/314/1805/2026 1795/312/1803/2024 
f 1796/313/1804/2025 1795/312/1803/2024 1794/311/1802/2023 
f 1798/315/1806/2027 1790/305/1798/2017 373/306/374/2020 
f 1798/315/1806/2027 373/306/374/2020 383/316/384/2028 
f 1799/317/1807/2029 1792/309/1800/2021 1790/305/1798/2017 
f 1799/317/1807/2029 1790/305/1798/2017 1798/315/1806/2027 
f 1800/318/1808/2030 1794/311/1802/2023 1792/309/1800/2021 
f 1800/318/1808/2030 1792/309/1800/2021 1799/317/1807/2029 
f 1801/319/1809/2031 1796/313/1804/2025 1794/311/1802/2023 
f 1801/319/1809/2031 1794/311/1802/2023 1800/318/1808/2030 
f 1802/320/1810/2032 1798/315/1806/2027 383/316/384/2028 
f 1802/320/1810/2032 383/316/384/2028 388/321/389/2033 
f 1803/322/1811/2034 1799/317/1807/2029 1798/315/1806/2027 
f 1803/322/1811/2034 1798/315/1806/2027 1802/320/1810/2032 
f 1804/323/1812/2035 1800/318/1808/2030 1799/317/1807/2029 
f 1804/323/1812/2035 1799/317/1807/2029 1803/322/1811/2034 
f 1805/324/1813/2036 1801/319/1809/2031 1800/318/1808/2030 
f 1805/324/1813/2036 1800/318/1808/2030 1804/323/1812/2035 
f 1774/289/1782/2000 1802/320/1810/2032 388/321/389/2033 
f 1774/289/1782/2000 388/321/389/2033 355/288/356/2001 
f 1779/294/1787/2006 1803/322/1811/2034 1802/320/1810/2032 
f 1779/294/1787/2006 1802/320/1810/2032 1774/289/1782/2000 
f 1784/299/1792/2011 1804/323/1812/2035 1803/322/1811/2034 
f 1784/299/1792/2011 1803/322/1811/2034 1779/294/1787/2006 
f 1789/304/1797/2016 1805/324/1813/2036 1804/323/1812/2035 
f 1789/304/1797/2016 1804/323/1812/2035 1784/299/1792/2011 
f 1806/325/1814/2037 1807/328/1815/2038 1808/327/1816/2039 
f 1806/325/1814/2037 1808/327/1816/2039 1809/326/1817/2040 
f 1807/328/1815/2038 1810/330/1818/2041 1811/329/1819/2042 
f 1807/328/1815/2038 1811/329/1819/2042 1808/327/1816/2039 
f 1810/330/1818/2041 1812/332/1820/2043 1813/331/1821/2044 
f 1810/330/1818/2041 1813/331/1821/2044 1811/329/1819/2042 
f 1812/332/1820/2043 1814/334/1822/2045 1815/333/1823/2046 
f 1812/332/1820/2043 1815/333/1823/2046 1813/331/1821/2044 
f 1816/336/1824/2047 1817/335/1825/2048 1807/328/1815/2038 
f 1816/336/1824/2047 1807/328/1815/2038 1806/325/1814/2037 
f 1817/335/1825/2048 1818/337/1826/2049 1810/330/1818/2041 
f 1817/335/1825/2048 1810/330/1818/2041 1807/328/1815/2038 
f 1818/337/1826/2049 1819/338/1827/2050 1812/332/1820/2043 
f 1818/337/1826/2049 1812/332/1820/2043 1810/330/1818/2041 
f 1819/338/1827/2050 1820/339/1828/2051 1814/334/1822/2045 
f 1819/338/1827/2050 1814/334/1822/2045 1812/332/1820/2043 
f 1821/341/1829/2052 1822/340/1830/2053 1817/335/1825/2048 
f 1821/341/1829/2052 1817/335/1825/2048 1816/336/1824/2047 
f 1822/340/1830/2053 1823/342/1831/2054 1818/337/1826/2049 
f 1822/340/1830/2053 1818/337/1826/2049 1817/335/1825/2048 
f 1823/342/1831/2054 1824/343/1832/2055 1819/338/1827/2050 
f 1823/342/1831/2054 1819/338/1827/2050 1818/337/1826/2049 
f 1824/343/1832/2055 1825/344/1833/2056 1820/339/1828/2051 
f 1824/343/1832/2055 1820/339/1828/2051 1819/338/1827/2050 
f 1797/314/1805/2026 1796/313/1804/2025 1822/340/1830/2053 
f 1797/314/1805/2026 1822/340/1830/2053 1821/341/1829/2052 
f 1796/313/1804/2025 1801/319/1809/2031 1823/342/1831/2054 
f 1796/313/1804/2025 1823/342/1831/2054 1822/340/1830/2053 
f 1801/319/1809/2031 1805/324/1813/2036 1824/343/1832/2055 
f 1801/319/1809/2031 1824/343/1832/2055 1823/342/1831/2054 
f 1805/324/1813/2036 1789/304/1797/2016 1825/344/1833/2056 
f 1805/324/1813/2036 1825/344/1833/2056 1824/343/1832/2055 
f 1826/345/1834/2057 1827/348/1835/2058 1828/347/1836/2059 
f 1826/345/1834/2057 1828/347/1836/2059 1829/346/1837/2060 
f 1830/349/1838/2061 1831/350/1839/2062 1827/348/1835/2058 
f 1830/349/1838/2061 1827/348/1835/2058 1826/345/1834/2057 
f 1832/351/1840/2063 1833/352/1841/2064 1831/350/1839/2062 
f 1832/351/1840/2063 1831/350/1839/2062 1830/349/1838/2061 
f 1786/301/1794/2013 1785/300/1793/2012 1833/352/1841/2064 
f 1786/301/1794/2013 1833/352/1841/2064 1832/351/1840/2063 
f 1834/353/1842/2065 1826/345/1834/2057 1829/346/1837/2060 
f 1834/353/1842/2065 1829/346/1837/2060 1835/354/1843/2066 
f 1836/355/1844/2067 1830/349/1838/2061 1826/345/1834/2057 
f 1836/355/1844/2067 1826/345/1834/2057 1834/353/1842/2065 
f 1837/356/1845/2068 1832/351/1840/2063 1830/349/1838/2061 
f 1837/356/1845/2068 1830/349/1838/2061 1836/355/1844/2067 
f 1787/302/1795/2014 1786/301/1794/2013 1832/351/1840/2063 
f 1787/302/1795/2014 1832/351/1840/2063 1837/356/1845/2068 
f 1838/357/1846/2069 1834/353/1842/2065 1835/354/1843/2066 
f 1838/357/1846/2069 1835/354/1843/2066 1839/358/1847/2070 
f 1840/359/1848/2071 1836/355/1844/2067 1834/353/1842/2065 
f 1840/359/1848/2071 1834/353/1842/2065 1838/357/1846/2069 
f 1841/360/1849/2072 1837/356/1845/2068 1836/355/1844/2067 
f 1841/360/1849/2072 1836/355/1844/2067 1840/359/1848/2071 
f 1788/303/1796/2015 1787/302/1795/2014 1837/356/1845/2068 
f 1788/303/1796/2015 1837/356/1845/2068 1841/360/1849/2072 
f 1814/334/1822/2045 1838/357/1846/2069 1839/358/1847/2070 
f 1814/334/1822/2045 1839/358/1847/2070 1815/333/1823/2046 
f 1820/339/1828/2051 1840/359/1848/2071 1838/357/1846/2069 
f 1820/339/1828/2051 1838/357/1846/2069 1814/334/1822/2045 
f 1825/344/1833/2056 1841/360/1849/2072 1840/359/1848/2071 
f 1825/344/1833/2056 1840/359/1848/2071 1820/339/1828/2051 
f 1789/304/1797/2016 1788/303/1796/2015 1841/360/1849/2072 
f 1789/304/1797/2016 1841/360/1849/2072 1825/344/1833/2056 
f 428/2/432/2073 1842/3/1850/2074 430/0/433/2075 
f 1842/3/1850/2074 1843/10/1851/2076 432/11/435/2077 
f 1842/3/1850/2074 432/11/435/2077 430/0/433/2075 
f 1843/10/1851/2076 1844/15/1852/2078 434/16/437/2079 
f 1843/10/1851/2076 434/16/437/2079 432/11/435/2077 
f 1844/15/1852/2078 1845/20/1853/2080 436/21/439/2081 
f 1844/15/1852/2078 436/21/439/2081 434/16/437/2079 
f 438/5/441/2082 1846/4/1854/2083 1842/3/1850/2074 
f 438/5/441/2082 1842/3/1850/2074 428/2/432/2073 
f 1846/4/1854/2083 1847/12/1855/2084 1843/10/1851/2076 
f 1846/4/1854/2083 1843/10/1851/2076 1842/3/1850/2074 
f 1847/12/1855/2084 1848/17/1856/2085 1844/15/1852/2078 
f 1847/12/1855/2084 1844/15/1852/2078 1843/10/1851/2076 
f 1848/17/1856/2085 1849/22/1857/2086 1845/20/1853/2080 
f 1848/17/1856/2085 1845/20/1853/2080 1844/15/1852/2078 
f 438/5/441/2082 444/7/447/2087 1850/6/1858/2088 
f 438/5/441/2082 1850/6/1858/2088 1846/4/1854/2083 
f 1850/6/1858/2088 1851/13/1859/2089 1847/12/1855/2084 
f 1850/6/1858/2088 1847/12/1855/2084 1846/4/1854/2083 
f 1851/13/1859/2089 1852/18/1860/2090 1848/17/1856/2085 
f 1851/13/1859/2089 1848/17/1856/2085 1847/12/1855/2084 
f 1852/18/1860/2090 1853/23/1861/2091 1849/22/1857/2086 
f 1852/18/1860/2090 1849/22/1857/2086 1848/17/1856/2085 
f 444/7/447/2087 449/9/452/2092 1854/8/1862/2093 
f 444/7/447/2087 1854/8/1862/2093 1850/6/1858/2088 
f 1854/8/1862/2093 1855/14/1863/2094 1851/13/1859/2089 
f 1854/8/1862/2093 1851/13/1859/2089 1850/6/1858/2088 
f 1855/14/1863/2094 1856/19/1864/2095 1852/18/1860/2090 
f 1855/14/1863/2094 1852/18/1860/2090 1851/13/1859/2089 
f 1856/19/1864/2095 1857/24/1865/2096 1853/23/1861/2091 
f 1856/19/1864/2095 1853/23/1861/2091 1852/18/1860/2090 
f 1858/70/1866/2097 1859/71/1867/2098 455/72/458/2099 
f 1858/70/1866/2097 455/72/458/2099 454/73/457/2100 
f 1860/78/1868/2101 1861/79/1869/2102 1859/71/1867/2098 
f 1860/78/1868/2101 1859/71/1867/2098 1858/70/1866/2097 
f 1862/82/1870/2103 1863/83/1871/2104 1861/79/1869/2102 
f 1862/82/1870/2103 1861/79/1869/2102 1860/78/1868/2101 
f 1864/56/1872/2105 1865/55/1873/2106 1863/83/1871/2104 
f 1864/56/1872/2105 1863/83/1871/2104 1862/82/1870/2103 
f 1866/74/1874/2107 1858/70/1866/2097 454/73/457/2100 
f 1866/74/1874/2107 454/73/457/2100 464/75/467/2108 
f 1867/80/1875/2109 1860/78/1868/2101 1858/70/1866/2097 
f 1867/80/1875/2109 1858/70/1866/2097 1866/74/1874/2107 
f 1868/84/1876/2110 1862/82/1870/2103 1860/78/1868/2101 
f 1868/84/1876/2110 1860/78/1868/2101 1867/80/1875/2109 
f 1869/62/1877/2111 1864/56/1872/2105 1862/82/1870/2103 
f 1869/62/1877/2111 1862/82/1870/2103 1868/84/1876/2110 
f 1870/76/1878/2112 1866/74/1874/2107 464/75/467/2108 
f 1870/76/1878/2112 464/75/467/2108 469/77/472/2113 
f 1871/81/1879/2114 1867/80/1875/2109 1866/74/1874/2107 
f 1871/81/1879/2114 1866/74/1874/2107 1870/76/1878/2112 
f 1872/85/1880/2115 1868/84/1876/2110 1867/80/1875/2109 
f 1872/85/1880/2115 1867/80/1875/2109 1871/81/1879/2114 
f 1873/68/1881/2116 1869/62/1877/2111 1868/84/1876/2110 
f 1873/68/1881/2116 1868/84/1876/2110 1872/85/1880/2115 
f 1845/20/1853/2080 1870/76/1878/2112 469/77/472/2113 
f 1845/20/1853/2080 469/77/472/2113 436/21/439/2081 
f 1849/22/1857/2086 1871/81/1879/2114 1870/76/1878/2112 
f 1849/22/1857/2086 1870/76/1878/2112 1845/20/1853/2080 
f 1853/23/1861/2091 1872/85/1880/2115 1871/81/1879/2114 
f 1853/23/1861/2091 1871/81/1879/2114 1849/22/1857/2086 
f 1857/24/1865/2096 1873/68/1881/2116 1872/85/1880/2115 
f 1857/24/1865/2096 1872/85/1880/2115 1853/23/1861/2091 
f 1874/45/1882/2117 1875/46/1883/2118 1876/47/1884/2119 
f 1874/45/1882/2117 1876/47/1884/2119 1877/48/1885/2120 
f 1875/46/1883/2118 1878/57/1886/2121 1879/58/1887/2122 
f 1875/46/1883/2118 1879/58/1887/2122 1876/47/1884/2119 
f 1878/57/1886/2121 1880/63/1888/2123 1881/64/1889/2124 
f 1878/57/1886/2121 1881/64/1889/2124 1879/58/1887/2122 
f 1880/63/1888/2123 1882/33/1890/2125 1883/69/1891/2126 
f 1880/63/1888/2123 1883/69/1891/2126 1881/64/1889/2124 
f 1884/51/1892/2127 1885/52/1893/2128 1886/49/1894/2129 
f 1884/51/1892/2127 1886/49/1894/2129 1887/50/1895/2130 
f 1885/52/1893/2128 1888/60/1896/2131 1889/59/1897/2132 
f 1885/52/1893/2128 1889/59/1897/2132 1886/49/1894/2129 
f 1888/60/1896/2131 1890/66/1898/2133 1891/65/1899/2134 
f 1888/60/1896/2131 1891/65/1899/2134 1889/59/1897/2132 
f 1890/66/1898/2133 1892/39/1900/2135 1893/34/1901/2136 
f 1890/66/1898/2133 1893/34/1901/2136 1891/65/1899/2134 
f 1894/53/1902/2137 1895/54/1903/2138 1885/52/1893/2128 
f 1894/53/1902/2137 1885/52/1893/2128 1884/51/1892/2127 
f 1895/54/1903/2138 1896/61/1904/2139 1888/60/1896/2131 
f 1895/54/1903/2138 1888/60/1896/2131 1885/52/1893/2128 
f 1896/61/1904/2139 1897/67/1905/2140 1890/66/1898/2133 
f 1896/61/1904/2139 1890/66/1898/2133 1888/60/1896/2131 
f 1897/67/1905/2140 1898/44/1906/2141 1892/39/1900/2135 
f 1897/67/1905/2140 1892/39/1900/2135 1890/66/1898/2133 
f 1865/55/1873/2106 1864/56/1872/2105 1895/54/1903/2138 
f 1865/55/1873/2106 1895/54/1903/2138 1894/53/1902/2137 
f 1864/56/1872/2105 1869/62/1877/2111 1896/61/1904/2139 
f 1864/56/1872/2105 1896/61/1904/2139 1895/54/1903/2138 
f 1869/62/1877/2111 1873/68/1881/2116 1897/67/1905/2140 
f 1869/62/1877/2111 1897/67/1905/2140 1896/61/1904/2139 
f 1873/68/1881/2116 1857/24/1865/2096 1898/44/1906/2141 
f 1873/68/1881/2116 1898/44/1906/2141 1897/67/1905/2140 
f 500/26/503/2142 499/97/502/2143 1899/96/1907/2144 
f 500/26/503/2142 1899/96/1907/2144 1900/27/1908/2145 
f 1901/28/1909/2146 1902/35/1910/2147 502/36/505/2148 
f 1901/28/1909/2146 502/36/505/2148 505/25/508/2149 
f 1902/35/1910/2147 1903/40/1911/2150 506/41/509/2151 
f 1902/35/1910/2147 506/41/509/2151 502/36/505/2148 
f 1903/40/1911/2150 1854/8/1862/2093 449/9/452/2092 
f 1903/40/1911/2150 449/9/452/2092 506/41/509/2151 
f 1904/29/1912/2152 1900/27/1908/2145 1899/96/1907/2144 
f 1904/29/1912/2152 1899/96/1907/2144 1905/105/1913/2153 
f 1906/37/1914/2154 1902/35/1910/2147 1901/28/1909/2146 
f 1906/37/1914/2154 1901/28/1909/2146 1907/30/1915/2155 
f 1908/42/1916/2156 1903/40/1911/2150 1902/35/1910/2147 
f 1908/42/1916/2156 1902/35/1910/2147 1906/37/1914/2154 
f 1855/14/1863/2094 1854/8/1862/2093 1903/40/1911/2150 
f 1855/14/1863/2094 1903/40/1911/2150 1908/42/1916/2156 
f 1909/31/1917/2157 1904/29/1912/2152 1905/105/1913/2153 
f 1909/31/1917/2157 1905/105/1913/2153 1910/107/1918/2158 
f 1911/38/1919/2159 1906/37/1914/2154 1907/30/1915/2155 
f 1911/38/1919/2159 1907/30/1915/2155 1912/32/1920/2160 
f 1913/43/1921/2161 1908/42/1916/2156 1906/37/1914/2154 
f 1913/43/1921/2161 1906/37/1914/2154 1911/38/1919/2159 
f 1856/19/1864/2095 1855/14/1863/2094 1908/42/1916/2156 
f 1856/19/1864/2095 1908/42/1916/2156 1913/43/1921/2161 
f 1882/33/1890/2125 1909/31/1917/2157 1910/107/1918/2158 
f 1882/33/1890/2125 1910/107/1918/2158 1883/69/1891/2126 
f 1892/39/1900/2135 1911/38/1919/2159 1912/32/1920/2160 
f 1892/39/1900/2135 1912/32/1920/2160 1893/34/1901/2136 
f 1898/44/1906/2141 1913/43/1921/2161 1911/38/1919/2159 
f 1898/44/1906/2141 1911/38/1919/2159 1892/39/1900/2135 
f 1857/24/1865/2096 1856/19/1864/2095 1913/43/1921/2161 
f 1857/24/1865/2096 1913/43/1921/2161 1898/44/1906/2141 
f 1859/71/1867/2162 1914/70/1922/2163 519/73/522/2164 
f 1859/71/1867/2162 519/73/522/2164 455/72/458/2165 
f 1914/70/1922/2163 1915/74/1923/2166 520/86/523/2167 
f 1914/70/1922/2163 520/86/523/2167 519/73/522/2164 
f 1915/74/1923/2166 1916/76/1924/2168 522/87/525/2169 
f 1915/74/1923/2166 522/87/525/2169 520/86/523/2167 
f 1916/76/1924/2168 1917/89/1925/2170 525/88/528/2171 
f 1916/76/1924/2168 525/88/528/2171 522/87/525/2169 
f 1861/79/1869/2172 1918/78/1926/2173 1914/70/1922/2163 
f 1861/79/1869/2172 1914/70/1922/2163 1859/71/1867/2162 
f 1918/78/1926/2173 1919/80/1927/2174 1915/74/1923/2166 
f 1918/78/1926/2173 1915/74/1923/2166 1914/70/1922/2163 
f 1919/80/1927/2174 1920/81/1928/2175 1916/76/1924/2168 
f 1919/80/1927/2174 1916/76/1924/2168 1915/74/1923/2166 
f 1920/81/1928/2175 1921/90/1929/2176 1917/89/1925/2170 
f 1920/81/1928/2175 1917/89/1925/2170 1916/76/1924/2168 
f 1863/83/1871/2177 1922/82/1930/2178 1918/78/1926/2173 
f 1863/83/1871/2177 1918/78/1926/2173 1861/79/1869/2172 
f 1922/82/1930/2178 1923/84/1931/2179 1919/80/1927/2174 
f 1922/82/1930/2178 1919/80/1927/2174 1918/78/1926/2173 
f 1923/84/1931/2179 1924/85/1932/2180 1920/81/1928/2175 
f 1923/84/1931/2179 1920/81/1928/2175 1919/80/1927/2174 
f 1924/85/1932/2180 1925/91/1933/2181 1921/90/1929/2176 
f 1924/85/1932/2180 1921/90/1929/2176 1920/81/1928/2175 
f 1865/55/1873/2182 1926/56/1934/2183 1922/82/1930/2178 
f 1865/55/1873/2182 1922/82/1930/2178 1863/83/1871/2177 
f 1926/56/1934/2183 1927/62/1935/2184 1923/84/1931/2179 
f 1926/56/1934/2183 1923/84/1931/2179 1922/82/1930/2178 
f 1927/62/1935/2184 1928/68/1936/2185 1924/85/1932/2180 
f 1927/62/1935/2184 1924/85/1932/2180 1923/84/1931/2179 
f 1928/68/1936/2185 1929/24/1937/2186 1925/91/1933/2181 
f 1928/68/1936/2185 1925/91/1933/2181 1924/85/1932/2180 
f 540/109/543/2187 1930/110/1938/2188 538/111/541/2189 
f 1931/116/1939/2190 543/117/548/2191 538/111/541/2189 
f 1931/116/1939/2190 538/111/541/2189 1930/110/1938/2188 
f 1932/119/1940/2192 545/120/550/2193 543/117/548/2191 
f 1932/119/1940/2192 543/117/548/2191 1931/116/1939/2190 
f 1933/104/1941/2194 547/103/552/2195 545/120/550/2193 
f 1933/104/1941/2194 545/120/550/2193 1932/119/1940/2192 
f 1934/112/1942/2196 1930/110/1938/2188 540/109/543/2187 
f 1934/112/1942/2196 540/109/543/2187 549/113/554/2197 
f 1935/118/1943/2198 1931/116/1939/2190 1930/110/1938/2188 
f 1935/118/1943/2198 1930/110/1938/2188 1934/112/1942/2196 
f 1936/13/1944/2199 1932/119/1940/2192 1931/116/1939/2190 
f 1936/13/1944/2199 1931/116/1939/2190 1935/118/1943/2198 
f 1937/14/1945/2200 1933/104/1941/2194 1932/119/1940/2192 
f 1937/14/1945/2200 1932/119/1940/2192 1936/13/1944/2199 
f 1938/114/1946/2201 1934/112/1942/2196 549/113/554/2197 
f 1938/114/1946/2201 549/113/554/2197 554/115/559/2202 
f 1939/17/1947/2203 1935/118/1943/2198 1934/112/1942/2196 
f 1939/17/1947/2203 1934/112/1942/2196 1938/114/1946/2201 
f 1940/121/1948/2204 1936/13/1944/2199 1935/118/1943/2198 
f 1940/121/1948/2204 1935/118/1943/2198 1939/17/1947/2203 
f 1941/19/1949/2205 1937/14/1945/2200 1936/13/1944/2199 
f 1941/19/1949/2205 1936/13/1944/2199 1940/121/1948/2204 
f 1917/89/1925/2170 1938/114/1946/2201 554/115/559/2202 
f 1917/89/1925/2170 554/115/559/2202 525/88/528/2171 
f 1921/90/1929/2176 1939/17/1947/2203 1938/114/1946/2201 
f 1921/90/1929/2176 1938/114/1946/2201 1917/89/1925/2170 
f 1925/91/1933/2181 1940/121/1948/2204 1939/17/1947/2203 
f 1925/91/1933/2181 1939/17/1947/2203 1921/90/1929/2176 
f 1929/24/1937/2186 1941/19/1949/2205 1940/121/1948/2204 
f 1929/24/1937/2186 1940/121/1948/2204 1925/91/1933/2181 
f 1942/27/1950/2206 1943/96/1951/2207 561/97/566/2208 
f 1942/27/1950/2206 561/97/566/2208 560/26/565/2209 
f 1944/29/1952/2210 1945/105/1953/2211 1943/96/1951/2207 
f 1944/29/1952/2210 1943/96/1951/2207 1942/27/1950/2206 
f 1946/31/1954/2212 1947/107/1955/2213 1945/105/1953/2211 
f 1946/31/1954/2212 1945/105/1953/2211 1944/29/1952/2210 
f 1948/93/1956/2214 1949/69/1957/2215 1947/107/1955/2213 
f 1948/93/1956/2214 1947/107/1955/2213 1946/31/1954/2212 
f 569/100/574/2216 1950/35/1958/2217 1951/98/1959/2218 
f 569/100/574/2216 1951/98/1959/2218 570/99/575/2219 
f 1950/35/1958/2217 1952/37/1960/2220 1953/30/1961/2221 
f 1950/35/1958/2217 1953/30/1961/2221 1951/98/1959/2218 
f 1952/37/1960/2220 1954/38/1962/2222 1955/32/1963/2223 
f 1952/37/1960/2220 1955/32/1963/2223 1953/30/1961/2221 
f 1954/38/1962/2222 1956/39/1964/2224 1957/94/1965/2225 
f 1954/38/1962/2222 1957/94/1965/2225 1955/32/1963/2223 
f 579/102/584/2226 1958/101/1966/2227 1950/35/1958/2217 
f 579/102/584/2226 1950/35/1958/2217 569/100/574/2216 
f 1958/101/1966/2227 1959/106/1967/2228 1952/37/1960/2220 
f 1958/101/1966/2227 1952/37/1960/2220 1950/35/1958/2217 
f 1959/106/1967/2228 1960/108/1968/2229 1954/38/1962/2222 
f 1959/106/1967/2228 1954/38/1962/2222 1952/37/1960/2220 
f 1960/108/1968/2229 1961/44/1969/2230 1956/39/1964/2224 
f 1960/108/1968/2229 1956/39/1964/2224 1954/38/1962/2222 
f 547/103/552/2195 1933/104/1941/2194 1958/101/1966/2227 
f 547/103/552/2195 1958/101/1966/2227 579/102/584/2226 
f 1933/104/1941/2194 1937/14/1945/2200 1959/106/1967/2228 
f 1933/104/1941/2194 1959/106/1967/2228 1958/101/1966/2227 
f 1937/14/1945/2200 1941/19/1949/2205 1960/108/1968/2229 
f 1937/14/1945/2200 1960/108/1968/2229 1959/106/1967/2228 
f 1941/19/1949/2205 1929/24/1937/2186 1961/44/1969/2230 
f 1941/19/1949/2205 1961/44/1969/2230 1960/108/1968/2229 
f 1962/46/1970/2231 1874/45/1882/2232 1877/48/1885/2233 
f 1962/46/1970/2231 1877/48/1885/2233 1963/47/1971/2234 
f 1964/52/1972/2235 1884/51/1892/2236 1887/50/1895/2237 
f 1964/52/1972/2235 1887/50/1895/2237 1965/49/1973/2238 
f 1966/54/1974/2239 1894/53/1902/2240 1884/51/1892/2236 
f 1966/54/1974/2239 1884/51/1892/2236 1964/52/1972/2235 
f 1926/56/1934/2183 1865/55/1873/2182 1894/53/1902/2240 
f 1926/56/1934/2183 1894/53/1902/2240 1966/54/1974/2239 
f 1967/57/1975/2241 1962/46/1970/2231 1963/47/1971/2234 
f 1967/57/1975/2241 1963/47/1971/2234 1968/58/1976/2242 
f 1969/60/1977/2243 1964/52/1972/2235 1965/49/1973/2238 
f 1969/60/1977/2243 1965/49/1973/2238 1970/59/1978/2244 
f 1971/61/1979/2245 1966/54/1974/2239 1964/52/1972/2235 
f 1971/61/1979/2245 1964/52/1972/2235 1969/60/1977/2243 
f 1927/62/1935/2184 1926/56/1934/2183 1966/54/1974/2239 
f 1927/62/1935/2184 1966/54/1974/2239 1971/61/1979/2245 
f 1967/57/1975/2241 1968/58/1976/2242 1972/64/1980/2246 
f 1967/57/1975/2241 1972/64/1980/2246 1973/63/1981/2247 
f 1974/95/1982/2248 1969/60/1977/2243 1970/59/1978/2244 
f 1974/95/1982/2248 1970/59/1978/2244 1975/92/1983/2249 
f 1976/67/1984/2250 1971/61/1979/2245 1969/60/1977/2243 
f 1976/67/1984/2250 1969/60/1977/2243 1974/95/1982/2248 
f 1928/68/1936/2185 1927/62/1935/2184 1971/61/1979/2245 
f 1928/68/1936/2185 1971/61/1979/2245 1976/67/1984/2250 
f 1973/63/1981/2247 1972/64/1980/2246 1949/69/1957/2215 
f 1973/63/1981/2247 1949/69/1957/2215 1948/93/1956/2214 
f 1957/94/1965/2225 1956/39/1964/2224 1974/95/1982/2248 
f 1957/94/1965/2225 1974/95/1982/2248 1975/92/1983/2249 
f 1961/44/1969/2230 1976/67/1984/2250 1974/95/1982/2248 
f 1961/44/1969/2230 1974/95/1982/2248 1956/39/1964/2224 
f 1929/24/1937/2186 1928/68/1936/2185 1976/67/1984/2250 
f 1929/24/1937/2186 1976/67/1984/2250 1961/44/1969/2230 
f 1977/123/1985/2251 1978/124/1986/2252 600/125/605/2253 
f 1977/123/1985/2251 600/125/605/2253 599/122/604/2254 
f 1977/123/1985/2251 1979/136/1987/2255 1980/137/1988/2256 
f 1977/123/1985/2251 1980/137/1988/2256 1978/124/1986/2252 
f 1979/136/1987/2255 1981/143/1989/2257 1982/144/1990/2258 
f 1979/136/1987/2255 1982/144/1990/2258 1980/137/1988/2256 
f 1981/143/1989/2257 1983/150/1991/2259 1984/151/1992/2260 
f 1981/143/1989/2257 1984/151/1992/2260 1982/144/1990/2258 
f 609/126/614/2261 1985/127/1993/2262 1986/128/1994/2263 
f 609/126/614/2261 1986/128/1994/2263 610/129/615/2264 
f 1985/127/1993/2262 1987/138/1995/2265 1988/139/1996/2266 
f 1985/127/1993/2262 1988/139/1996/2266 1986/128/1994/2263 
f 1987/138/1995/2265 1989/145/1997/2267 1990/146/1998/2268 
f 1987/138/1995/2265 1990/146/1998/2268 1988/139/1996/2266 
f 1989/145/1997/2267 1991/152/1999/2269 1992/153/2000/2270 
f 1989/145/1997/2267 1992/153/2000/2270 1990/146/1998/2268 
f 618/132/623/2271 1993/133/2001/2272 1994/130/2002/2273 
f 618/132/623/2271 1994/130/2002/2273 619/131/624/2274 
f 1993/133/2001/2272 1995/141/2003/2275 1996/140/2004/2276 
f 1993/133/2001/2272 1996/140/2004/2276 1994/130/2002/2273 
f 1995/141/2003/2275 1997/148/2005/2277 1998/147/2006/2278 
f 1995/141/2003/2275 1998/147/2006/2278 1996/140/2004/2276 
f 1997/148/2005/2277 1999/155/2007/2279 2000/154/2008/2280 
f 1997/148/2005/2277 2000/154/2008/2280 1998/147/2006/2278 
f 628/134/633/2281 2001/135/2009/2282 1993/133/2001/2272 
f 628/134/633/2281 1993/133/2001/2272 618/132/623/2271 
f 2001/135/2009/2282 2002/142/2010/2283 1995/141/2003/2275 
f 2001/135/2009/2282 1995/141/2003/2275 1993/133/2001/2272 
f 2002/142/2010/2283 2003/149/2011/2284 1997/148/2005/2277 
f 2002/142/2010/2283 1997/148/2005/2277 1995/141/2003/2275 
f 2003/149/2011/2284 2004/156/2012/2285 1999/155/2007/2279 
f 2003/149/2011/2284 1999/155/2007/2279 1997/148/2005/2277 
f 2005/197/2013/2286 2006/200/2014/2287 2007/234/2015/2288 
f 2005/197/2013/2286 2007/234/2015/2288 2008/233/2016/2289 
f 2009/206/2017/2290 2010/205/2018/2291 2011/199/2019/2292 
f 2009/206/2017/2290 2011/199/2019/2292 2012/198/2020/2293 
f 2013/213/2021/2294 2014/214/2022/2295 2015/208/2023/2296 
f 2013/213/2021/2294 2015/208/2023/2296 2016/207/2024/2297 
f 2013/213/2021/2294 2017/186/2025/2298 2018/185/2026/2299 
f 2013/213/2021/2294 2018/185/2026/2299 2014/214/2022/2295 
f 2019/201/2027/2300 2005/197/2013/2286 2008/233/2016/2289 
f 2019/201/2027/2300 2008/233/2016/2289 2020/238/2028/2301 
f 2021/209/2029/2302 2009/206/2017/2290 2012/198/2020/2293 
f 2021/209/2029/2302 2012/198/2020/2293 2022/202/2030/2303 
f 2023/215/2031/2304 2013/213/2021/2294 2016/207/2024/2297 
f 2023/215/2031/2304 2016/207/2024/2297 2024/210/2032/2305 
f 2025/191/2033/2306 2017/186/2025/2298 2013/213/2021/2294 
f 2025/191/2033/2306 2013/213/2021/2294 2023/215/2031/2304 
f 2026/203/2034/2307 2019/201/2027/2300 2020/238/2028/2301 
f 2026/203/2034/2307 2020/238/2028/2301 2027/243/2035/2308 
f 2021/209/2029/2302 2022/202/2030/2303 2028/204/2036/2309 
f 2021/209/2029/2302 2028/204/2036/2309 2029/211/2037/2310 
f 2030/216/2038/2311 2023/215/2031/2304 2024/210/2032/2305 
f 2030/216/2038/2311 2024/210/2032/2305 2031/212/2039/2312 
f 2032/196/2040/2313 2025/191/2033/2306 2023/215/2031/2304 
f 2032/196/2040/2313 2023/215/2031/2304 2030/216/2038/2311 
f 1983/150/1991/2259 2026/203/2034/2307 2027/243/2035/2308 
f 1983/150/1991/2259 2027/243/2035/2308 1984/151/1992/2260 
f 1991/152/1999/2269 2029/211/2037/2310 2028/204/2036/2309 
f 1991/152/1999/2269 2028/204/2036/2309 1992/153/2000/2270 
f 1999/155/2007/2279 2030/216/2038/2311 2031/212/2039/2312 
f 1999/155/2007/2279 2031/212/2039/2312 2000/154/2008/2280 
f 2004/156/2012/2285 2032/196/2040/2313 2030/216/2038/2311 
f 2004/156/2012/2285 2030/216/2038/2311 1999/155/2007/2279 
f 2033/179/2041/2314 2034/180/2042/2315 2035/177/2043/2316 
f 2033/179/2041/2314 2035/177/2043/2316 2036/178/2044/2317 
f 2034/180/2042/2315 2037/188/2045/2318 2038/187/2046/2319 
f 2034/180/2042/2315 2038/187/2046/2319 2035/177/2043/2316 
f 2037/188/2045/2318 2039/193/2047/2320 2040/192/2048/2321 
f 2037/188/2045/2318 2040/192/2048/2321 2038/187/2046/2319 
f 2039/193/2047/2320 2041/165/2049/2322 2042/166/2050/2323 
f 2039/193/2047/2320 2042/166/2050/2323 2040/192/2048/2321 
f 2043/181/2051/2324 2044/182/2052/2325 2034/180/2042/2315 
f 2043/181/2051/2324 2034/180/2042/2315 2033/179/2041/2314 
f 2044/182/2052/2325 2045/189/2053/2326 2037/188/2045/2318 
f 2044/182/2052/2325 2037/188/2045/2318 2034/180/2042/2315 
f 2045/189/2053/2326 2046/194/2054/2327 2039/193/2047/2320 
f 2045/189/2053/2326 2039/193/2047/2320 2037/188/2045/2318 
f 2046/194/2054/2327 2047/171/2055/2328 2041/165/2049/2322 
f 2046/194/2054/2327 2041/165/2049/2322 2039/193/2047/2320 
f 2048/183/2056/2329 2049/184/2057/2330 2044/182/2052/2325 
f 2048/183/2056/2329 2044/182/2052/2325 2043/181/2051/2324 
f 2049/184/2057/2330 2050/190/2058/2331 2045/189/2053/2326 
f 2049/184/2057/2330 2045/189/2053/2326 2044/182/2052/2325 
f 2050/190/2058/2331 2051/195/2059/2332 2046/194/2054/2327 
f 2050/190/2058/2331 2046/194/2054/2327 2045/189/2053/2326 
f 2051/195/2059/2332 2052/176/2060/2333 2047/171/2055/2328 
f 2051/195/2059/2332 2047/171/2055/2328 2046/194/2054/2327 
f 2018/185/2026/2299 2017/186/2025/2298 2049/184/2057/2330 
f 2018/185/2026/2299 2049/184/2057/2330 2048/183/2056/2329 
f 2017/186/2025/2298 2025/191/2033/2306 2050/190/2058/2331 
f 2017/186/2025/2298 2050/190/2058/2331 2049/184/2057/2330 
f 2025/191/2033/2306 2032/196/2040/2313 2051/195/2059/2332 
f 2025/191/2033/2306 2051/195/2059/2332 2050/190/2058/2331 
f 2032/196/2040/2313 2004/156/2012/2285 2052/176/2060/2333 
f 2032/196/2040/2313 2052/176/2060/2333 2051/195/2059/2332 
f 2053/157/2061/2334 684/158/689/2335 683/159/688/2336 
f 2053/157/2061/2334 683/159/688/2336 2054/160/2062/2337 
f 2055/167/2063/2338 686/168/691/2339 684/158/689/2335 
f 2055/167/2063/2338 684/158/689/2335 2053/157/2061/2334 
f 2056/172/2064/2340 688/173/693/2341 686/168/691/2339 
f 2056/172/2064/2340 686/168/691/2339 2055/167/2063/2338 
f 2001/135/2009/2282 628/134/633/2281 688/173/693/2341 
f 2001/135/2009/2282 688/173/693/2341 2056/172/2064/2340 
f 2057/161/2065/2342 2053/157/2061/2334 2054/160/2062/2337 
f 2057/161/2065/2342 2054/160/2062/2337 2058/162/2066/2343 
f 2059/169/2067/2344 2055/167/2063/2338 2053/157/2061/2334 
f 2059/169/2067/2344 2053/157/2061/2334 2057/161/2065/2342 
f 2060/174/2068/2345 2056/172/2064/2340 2055/167/2063/2338 
f 2060/174/2068/2345 2055/167/2063/2338 2059/169/2067/2344 
f 2002/142/2010/2283 2001/135/2009/2282 2056/172/2064/2340 
f 2002/142/2010/2283 2056/172/2064/2340 2060/174/2068/2345 
f 2061/163/2069/2346 2057/161/2065/2342 2058/162/2066/2343 
f 2061/163/2069/2346 2058/162/2066/2343 2062/164/2070/2347 
f 2063/170/2071/2348 2059/169/2067/2344 2057/161/2065/2342 
f 2063/170/2071/2348 2057/161/2065/2342 2061/163/2069/2346 
f 2064/175/2072/2349 2060/174/2068/2345 2059/169/2067/2344 
f 2064/175/2072/2349 2059/169/2067/2344 2063/170/2071/2348 
f 2003/149/2011/2284 2002/142/2010/2283 2060/174/2068/2345 
f 2003/149/2011/2284 2060/174/2068/2345 2064/175/2072/2349 
f 2041/165/2049/2322 2061/163/2069/2346 2062/164/2070/2347 
f 2041/165/2049/2322 2062/164/2070/2347 2042/166/2050/2323 
f 2047/171/2055/2328 2063/170/2071/2348 2061/163/2069/2346 
f 2047/171/2055/2328 2061/163/2069/2346 2041/165/2049/2322 
f 2052/176/2060/2333 2064/175/2072/2349 2063/170/2071/2348 
f 2052/176/2060/2333 2063/170/2071/2348 2047/171/2055/2328 
f 2004/156/2012/2285 2003/149/2011/2284 2064/175/2072/2349 
f 2004/156/2012/2285 2064/175/2072/2349 2052/176/2060/2333 
f 2065/123/2073/2350 698/122/703/2351 697/125/702/2352 
f 2065/123/2073/2350 697/125/702/2352 2066/124/2074/2353 
f 2067/362/2075/2354 701/126/706/2355 704/129/709/2356 
f 2067/362/2075/2354 704/129/709/2356 2068/128/2076/2357 
f 2069/364/2077/2358 2070/363/2078/2359 708/132/713/2360 
f 2069/364/2077/2358 708/132/713/2360 707/131/712/2361 
f 708/132/713/2360 2070/363/2078/2359 2071/365/2079/2362 
f 708/132/713/2360 2071/365/2079/2362 710/134/715/2363 
f 2072/136/2080/2364 2065/123/2073/2350 2066/124/2074/2353 
f 2072/136/2080/2364 2066/124/2074/2353 2073/137/2081/2365 
f 2074/366/2082/2366 2067/362/2075/2354 2068/128/2076/2357 
f 2074/366/2082/2366 2068/128/2076/2357 2075/139/2083/2367 
f 2076/367/2084/2368 2077/368/2085/2369 2070/363/2078/2359 
f 2076/367/2084/2368 2070/363/2078/2359 2069/364/2077/2358 
f 2070/363/2078/2359 2077/368/2085/2369 2078/369/2086/2370 
f 2070/363/2078/2359 2078/369/2086/2370 2071/365/2079/2362 
f 2079/143/2087/2371 2072/136/2080/2364 2073/137/2081/2365 
f 2079/143/2087/2371 2073/137/2081/2365 2080/144/2088/2372 
f 2081/370/2089/2373 2074/366/2082/2366 2075/139/2083/2367 
f 2081/370/2089/2373 2075/139/2083/2367 2082/146/2090/2374 
f 2083/371/2091/2375 2084/372/2092/2376 2077/368/2085/2369 
f 2083/371/2091/2375 2077/368/2085/2369 2076/367/2084/2368 
f 2077/368/2085/2369 2084/372/2092/2376 2085/373/2093/2377 
f 2077/368/2085/2369 2085/373/2093/2377 2078/369/2086/2370 
f 2086/150/2094/2378 2079/143/2087/2371 2080/144/2088/2372 
f 2086/150/2094/2378 2080/144/2088/2372 2087/151/2095/2379 
f 2088/374/2096/2380 2081/370/2089/2373 2082/146/2090/2374 
f 2088/374/2096/2380 2082/146/2090/2374 2089/153/2097/2381 
f 2083/371/2091/2375 2090/376/2098/2382 2091/375/2099/2383 
f 2083/371/2091/2375 2091/375/2099/2383 2084/372/2092/2376 
f 2084/372/2092/2376 2091/375/2099/2383 2092/377/2100/2384 
f 2084/372/2092/2376 2092/377/2100/2384 2085/373/2093/2377 
f 733/379/738/2385 2093/378/2101/2386 2094/381/2102/2387 
f 733/379/738/2385 2094/381/2102/2387 734/380/739/2388 
f 2095/382/2103/2389 2096/383/2104/2390 2094/381/2102/2387 
f 2095/382/2103/2389 2094/381/2102/2387 2093/378/2101/2386 
f 2097/385/2105/2391 2098/384/2106/2392 2096/383/2104/2390 
f 2097/385/2105/2391 2096/383/2104/2390 2095/382/2103/2389 
f 2099/387/2107/2393 2100/386/2108/2394 2098/384/2106/2392 
f 2099/387/2107/2393 2098/384/2106/2392 2097/385/2105/2391 
f 743/389/748/2395 2101/388/2109/2396 2093/378/2101/2386 
f 743/389/748/2395 2093/378/2101/2386 733/379/738/2385 
f 2101/388/2109/2396 2102/390/2110/2397 2095/382/2103/2389 
f 2101/388/2109/2396 2095/382/2103/2389 2093/378/2101/2386 
f 2102/390/2110/2397 2103/391/2111/2398 2097/385/2105/2391 
f 2102/390/2110/2397 2097/385/2105/2391 2095/382/2103/2389 
f 2103/391/2111/2398 2104/392/2112/2399 2099/387/2107/2393 
f 2103/391/2111/2398 2099/387/2107/2393 2097/385/2105/2391 
f 748/394/753/2400 2105/393/2113/2401 2101/388/2109/2396 
f 748/394/753/2400 2101/388/2109/2396 743/389/748/2395 
f 2105/393/2113/2401 2106/395/2114/2402 2102/390/2110/2397 
f 2105/393/2113/2401 2102/390/2110/2397 2101/388/2109/2396 
f 2106/395/2114/2402 2107/396/2115/2403 2103/391/2111/2398 
f 2106/395/2114/2402 2103/391/2111/2398 2102/390/2110/2397 
f 2107/396/2115/2403 2108/397/2116/2404 2104/392/2112/2399 
f 2107/396/2115/2403 2104/392/2112/2399 2103/391/2111/2398 
f 710/134/715/2363 2071/365/2079/2362 2105/393/2113/2401 
f 710/134/715/2363 2105/393/2113/2401 748/394/753/2400 
f 2071/365/2079/2362 2078/369/2086/2370 2106/395/2114/2402 
f 2071/365/2079/2362 2106/395/2114/2402 2105/393/2113/2401 
f 2078/369/2086/2370 2085/373/2093/2377 2107/396/2115/2403 
f 2078/369/2086/2370 2107/396/2115/2403 2106/395/2114/2402 
f 2085/373/2093/2377 2092/377/2100/2384 2108/397/2116/2404 
f 2085/373/2093/2377 2108/397/2116/2404 2107/396/2115/2403 
f 2036/178/2044/2405 2109/399/2117/2406 2110/398/2118/2407 
f 2036/178/2044/2405 2110/398/2118/2407 2033/179/2041/2408 
f 2033/179/2041/2408 2110/398/2118/2407 2111/400/2119/2409 
f 2033/179/2041/2408 2111/400/2119/2409 2043/181/2051/2410 
f 2043/181/2051/2410 2111/400/2119/2409 2112/401/2120/2411 
f 2043/181/2051/2410 2112/401/2120/2411 2048/183/2056/2412 
f 2048/183/2056/2412 2112/401/2120/2411 2113/402/2121/2413 
f 2048/183/2056/2412 2113/402/2121/2413 2018/185/2026/2414 
f 2109/399/2117/2406 2114/403/2122/2415 2115/404/2123/2416 
f 2109/399/2117/2406 2115/404/2123/2416 2110/398/2118/2407 
f 2110/398/2118/2407 2115/404/2123/2416 2116/405/2124/2417 
f 2110/398/2118/2407 2116/405/2124/2417 2111/400/2119/2409 
f 2111/400/2119/2409 2116/405/2124/2417 2117/406/2125/2418 
f 2111/400/2119/2409 2117/406/2125/2418 2112/401/2120/2411 
f 2112/401/2120/2411 2117/406/2125/2418 2118/407/2126/2419 
f 2112/401/2120/2411 2118/407/2126/2419 2113/402/2121/2413 
f 2114/403/2122/2415 2119/408/2127/2420 2120/409/2128/2421 
f 2114/403/2122/2415 2120/409/2128/2421 2115/404/2123/2416 
f 2115/404/2123/2416 2120/409/2128/2421 2121/410/2129/2422 
f 2115/404/2123/2416 2121/410/2129/2422 2116/405/2124/2417 
f 2116/405/2124/2417 2121/410/2129/2422 2122/411/2130/2423 
f 2116/405/2124/2417 2122/411/2130/2423 2117/406/2125/2418 
f 2117/406/2125/2418 2122/411/2130/2423 2123/412/2131/2424 
f 2117/406/2125/2418 2123/412/2131/2424 2118/407/2126/2419 
f 2119/408/2127/2420 2100/386/2108/2394 2099/387/2107/2393 
f 2119/408/2127/2420 2099/387/2107/2393 2120/409/2128/2421 
f 2120/409/2128/2421 2099/387/2107/2393 2104/392/2112/2399 
f 2120/409/2128/2421 2104/392/2112/2399 2121/410/2129/2422 
f 2121/410/2129/2422 2104/392/2112/2399 2108/397/2116/2404 
f 2121/410/2129/2422 2108/397/2116/2404 2122/411/2130/2423 
f 2122/411/2130/2423 2108/397/2116/2404 2092/377/2100/2384 
f 2122/411/2130/2423 2092/377/2100/2384 2123/412/2131/2424 
f 2124/197/2132/2425 2006/200/2014/2426 2011/199/2019/2427 
f 2124/197/2132/2425 2011/199/2019/2427 2125/198/2133/2428 
f 2124/197/2132/2425 2125/198/2133/2428 2126/202/2134/2429 
f 2124/197/2132/2425 2126/202/2134/2429 2127/201/2135/2430 
f 2128/204/2136/2431 2129/203/2137/2432 2127/201/2135/2430 
f 2128/204/2136/2431 2127/201/2135/2430 2126/202/2134/2429 
f 2089/153/2097/2381 2086/150/2094/2378 2129/203/2137/2432 
f 2089/153/2097/2381 2129/203/2137/2432 2128/204/2136/2431 
f 2130/235/2138/2433 2010/205/2018/2434 2015/208/2023/2435 
f 2130/235/2138/2433 2015/208/2023/2435 2131/413/2139/2436 
f 2132/239/2140/2437 2130/235/2138/2433 2131/413/2139/2436 
f 2132/239/2140/2437 2131/413/2139/2436 2133/414/2141/2438 
f 2134/416/2142/2439 2135/415/2143/2440 2132/239/2140/2437 
f 2134/416/2142/2439 2132/239/2140/2437 2133/414/2141/2438 
f 2088/374/2096/2380 2135/415/2143/2440 2134/416/2142/2439 
f 2088/374/2096/2380 2134/416/2142/2439 2090/376/2098/2382 
f 2014/214/2022/2441 2136/417/2144/2442 2131/413/2139/2436 
f 2014/214/2022/2441 2131/413/2139/2436 2015/208/2023/2435 
f 2137/418/2145/2443 2133/414/2141/2438 2131/413/2139/2436 
f 2137/418/2145/2443 2131/413/2139/2436 2136/417/2144/2442 
f 2138/419/2146/2444 2134/416/2142/2439 2133/414/2141/2438 
f 2138/419/2146/2444 2133/414/2141/2438 2137/418/2145/2443 
f 2138/419/2146/2444 2091/375/2099/2383 2090/376/2098/2382 
f 2138/419/2146/2444 2090/376/2098/2382 2134/416/2142/2439 
f 2113/402/2121/2413 2136/417/2144/2442 2014/214/2022/2441 
f 2113/402/2121/2413 2014/214/2022/2441 2018/185/2026/2414 
f 2118/407/2126/2419 2137/418/2145/2443 2136/417/2144/2442 
f 2118/407/2126/2419 2136/417/2144/2442 2113/402/2121/2413 
f 2123/412/2131/2424 2138/419/2146/2444 2137/418/2145/2443 
f 2123/412/2131/2424 2137/418/2145/2443 2118/407/2126/2419 
f 2123/412/2131/2424 2092/377/2100/2384 2091/375/2099/2383 
f 2123/412/2131/2424 2091/375/2099/2383 2138/419/2146/2444 
f 782/282/787/2445 2139/283/2147/2446 2140/280/2148/2447 
f 782/282/787/2445 2140/280/2148/2447 783/281/788/2448 
f 2139/283/2147/2446 2141/291/2149/2449 2142/290/2150/2450 
f 2139/283/2147/2446 2142/290/2150/2450 2140/280/2148/2447 
f 2141/291/2149/2449 2143/296/2151/2451 2144/295/2152/2452 
f 2141/291/2149/2449 2144/295/2152/2452 2142/290/2150/2450 
f 2143/296/2151/2451 2145/301/2153/2453 2146/300/2154/2454 
f 2143/296/2151/2451 2146/300/2154/2454 2144/295/2152/2452 
f 792/284/797/2455 2147/285/2155/2456 2139/283/2147/2446 
f 792/284/797/2455 2139/283/2147/2446 782/282/787/2445 
f 2147/285/2155/2456 2148/292/2156/2457 2141/291/2149/2449 
f 2147/285/2155/2456 2141/291/2149/2449 2139/283/2147/2446 
f 2148/292/2156/2457 2149/297/2157/2458 2143/296/2151/2451 
f 2148/292/2156/2457 2143/296/2151/2451 2141/291/2149/2449 
f 2149/297/2157/2458 2150/302/2158/2459 2145/301/2153/2453 
f 2149/297/2157/2458 2145/301/2153/2453 2143/296/2151/2451 
f 797/286/802/2460 2151/287/2159/2461 2147/285/2155/2456 
f 797/286/802/2460 2147/285/2155/2456 792/284/797/2455 
f 2151/287/2159/2461 2152/293/2160/2462 2148/292/2156/2457 
f 2151/287/2159/2461 2148/292/2156/2457 2147/285/2155/2456 
f 2152/293/2160/2462 2153/298/2161/2463 2149/297/2157/2458 
f 2152/293/2160/2462 2149/297/2157/2458 2148/292/2156/2457 
f 2153/298/2161/2463 2154/303/2162/2464 2150/302/2158/2459 
f 2153/298/2161/2463 2150/302/2158/2459 2149/297/2157/2458 
f 802/288/807/2465 2155/289/2163/2466 2151/287/2159/2461 
f 802/288/807/2465 2151/287/2159/2461 797/286/802/2460 
f 2155/289/2163/2466 2156/294/2164/2467 2152/293/2160/2462 
f 2155/289/2163/2466 2152/293/2160/2462 2151/287/2159/2461 
f 2156/294/2164/2467 2157/299/2165/2468 2153/298/2161/2463 
f 2156/294/2164/2467 2153/298/2161/2463 2152/293/2160/2462 
f 2157/299/2165/2468 2158/304/2166/2469 2154/303/2162/2464 
f 2157/299/2165/2468 2154/303/2162/2464 2153/298/2161/2463 
f 2159/345/2167/2470 2160/346/2168/2471 2161/347/2169/2472 
f 2159/345/2167/2470 2161/347/2169/2472 2162/348/2170/2473 
f 2163/353/2171/2474 2164/354/2172/2475 2160/346/2168/2471 
f 2163/353/2171/2474 2160/346/2168/2471 2159/345/2167/2470 
f 2165/357/2173/2476 2166/358/2174/2477 2164/354/2172/2475 
f 2165/357/2173/2476 2164/354/2172/2475 2163/353/2171/2474 
f 2167/334/2175/2478 2168/333/2176/2479 2166/358/2174/2477 
f 2167/334/2175/2478 2166/358/2174/2477 2165/357/2173/2476 
f 2169/349/2177/2480 2159/345/2167/2470 2162/348/2170/2473 
f 2169/349/2177/2480 2162/348/2170/2473 2170/350/2178/2481 
f 2171/355/2179/2482 2163/353/2171/2474 2159/345/2167/2470 
f 2171/355/2179/2482 2159/345/2167/2470 2169/349/2177/2480 
f 2172/359/2180/2483 2165/357/2173/2476 2163/353/2171/2474 
f 2172/359/2180/2483 2163/353/2171/2474 2171/355/2179/2482 
f 2173/339/2181/2484 2167/334/2175/2478 2165/357/2173/2476 
f 2173/339/2181/2484 2165/357/2173/2476 2172/359/2180/2483 
f 2174/351/2182/2485 2169/349/2177/2480 2170/350/2178/2481 
f 2174/351/2182/2485 2170/350/2178/2481 2175/352/2183/2486 
f 2176/356/2184/2487 2171/355/2179/2482 2169/349/2177/2480 
f 2176/356/2184/2487 2169/349/2177/2480 2174/351/2182/2485 
f 2177/360/2185/2488 2172/359/2180/2483 2171/355/2179/2482 
f 2177/360/2185/2488 2171/355/2179/2482 2176/356/2184/2487 
f 2178/344/2186/2489 2173/339/2181/2484 2172/359/2180/2483 
f 2178/344/2186/2489 2172/359/2180/2483 2177/360/2185/2488 
f 2145/301/2153/2453 2174/351/2182/2485 2175/352/2183/2486 
f 2145/301/2153/2453 2175/352/2183/2486 2146/300/2154/2454 
f 2150/302/2158/2459 2176/356/2184/2487 2174/351/2182/2485 
f 2150/302/2158/2459 2174/351/2182/2485 2145/301/2153/2453 
f 2154/303/2162/2464 2177/360/2185/2488 2176/356/2184/2487 
f 2154/303/2162/2464 2176/356/2184/2487 2150/302/2158/2459 
f 2158/304/2166/2469 2178/344/2186/2489 2177/360/2185/2488 
f 2158/304/2166/2469 2177/360/2185/2488 2154/303/2162/2464 
f 1809/326/1817/2490 2179/327/2187/2491 2180/328/2188/2492 
f 1809/326/1817/2490 2180/328/2188/2492 1806/325/1814/2493 
f 1806/325/1814/2493 2180/328/2188/2492 2181/335/2189/2494 
f 1806/325/1814/2493 2181/335/2189/2494 1816/336/1824/2495 
f 2181/335/2189/2494 2182/340/2190/2496 1821/341/1829/2497 
f 2181/335/2189/2494 1821/341/1829/2497 1816/336/1824/2495 
f 2182/340/2190/2496 2183/313/2191/2498 1797/314/1805/2499 
f 2182/340/2190/2496 1797/314/1805/2499 1821/341/1829/2497 
f 2184/329/2192/2500 2185/330/2193/2501 2180/328/2188/2492 
f 2184/329/2192/2500 2180/328/2188/2492 2179/327/2187/2491 
f 2185/330/2193/2501 2186/337/2194/2502 2181/335/2189/2494 
f 2185/330/2193/2501 2181/335/2189/2494 2180/328/2188/2492 
f 2186/337/2194/2502 2187/342/2195/2503 2182/340/2190/2496 
f 2186/337/2194/2502 2182/340/2190/2496 2181/335/2189/2494 
f 2187/342/2195/2503 2188/319/2196/2504 2183/313/2191/2498 
f 2187/342/2195/2503 2183/313/2191/2498 2182/340/2190/2496 
f 2189/331/2197/2505 2190/332/2198/2506 2185/330/2193/2501 
f 2189/331/2197/2505 2185/330/2193/2501 2184/329/2192/2500 
f 2190/332/2198/2506 2191/338/2199/2507 2186/337/2194/2502 
f 2190/332/2198/2506 2186/337/2194/2502 2185/330/2193/2501 
f 2191/338/2199/2507 2192/343/2200/2508 2187/342/2195/2503 
f 2191/338/2199/2507 2187/342/2195/2503 2186/337/2194/2502 
f 2192/343/2200/2508 2193/324/2201/2509 2188/319/2196/2504 
f 2192/343/2200/2508 2188/319/2196/2504 2187/342/2195/2503 
f 2168/333/2176/2479 2167/334/2175/2478 2190/332/2198/2506 
f 2168/333/2176/2479 2190/332/2198/2506 2189/331/2197/2505 
f 2167/334/2175/2478 2173/339/2181/2484 2191/338/2199/2507 
f 2167/334/2175/2478 2191/338/2199/2507 2190/332/2198/2506 
f 2173/339/2181/2484 2178/344/2186/2489 2192/343/2200/2508 
f 2173/339/2181/2484 2192/343/2200/2508 2191/338/2199/2507 
f 2178/344/2186/2489 2158/304/2166/2469 2193/324/2201/2509 
f 2178/344/2186/2489 2193/324/2201/2509 2192/343/2200/2508 
f 2194/305/2202/2510 843/306/848/2511 374/307/375/2512 
f 2194/305/2202/2510 374/307/375/2512 1791/308/1799/2513 
f 2195/315/2203/2514 845/316/850/2515 843/306/848/2511 
f 2195/315/2203/2514 843/306/848/2511 2194/305/2202/2510 
f 2196/320/2204/2516 847/321/852/2517 845/316/850/2515 
f 2196/320/2204/2516 845/316/850/2515 2195/315/2203/2514 
f 2155/289/2163/2466 802/288/807/2465 847/321/852/2517 
f 2155/289/2163/2466 847/321/852/2517 2196/320/2204/2516 
f 2197/309/2205/2518 2194/305/2202/2510 1791/308/1799/2513 
f 2197/309/2205/2518 1791/308/1799/2513 1793/310/1801/2519 
f 2198/317/2206/2520 2195/315/2203/2514 2194/305/2202/2510 
f 2198/317/2206/2520 2194/305/2202/2510 2197/309/2205/2518 
f 2199/322/2207/2521 2196/320/2204/2516 2195/315/2203/2514 
f 2199/322/2207/2521 2195/315/2203/2514 2198/317/2206/2520 
f 2156/294/2164/2467 2155/289/2163/2466 2196/320/2204/2516 
f 2156/294/2164/2467 2196/320/2204/2516 2199/322/2207/2521 
f 2200/311/2208/2522 2197/309/2205/2518 1793/310/1801/2519 
f 2200/311/2208/2522 1793/310/1801/2519 1795/312/1803/2523 
f 2201/318/2209/2524 2198/317/2206/2520 2197/309/2205/2518 
f 2201/318/2209/2524 2197/309/2205/2518 2200/311/2208/2522 
f 2202/323/2210/2525 2199/322/2207/2521 2198/317/2206/2520 
f 2202/323/2210/2525 2198/317/2206/2520 2201/318/2209/2524 
f 2157/299/2165/2468 2156/294/2164/2467 2199/322/2207/2521 
f 2157/299/2165/2468 2199/322/2207/2521 2202/323/2210/2525 
f 2183/313/2191/2498 2200/311/2208/2522 1795/312/1803/2523 
f 2183/313/2191/2498 1795/312/1803/2523 1797/314/1805/2499 
f 2188/319/2196/2504 2201/318/2209/2524 2200/311/2208/2522 
f 2188/319/2196/2504 2200/311/2208/2522 2183/313/2191/2498 
f 2193/324/2201/2509 2202/323/2210/2525 2201/318/2209/2524 
f 2193/324/2201/2509 2201/318/2209/2524 2188/319/2196/2504 
f 2158/304/2166/2469 2157/299/2165/2468 2202/323/2210/2525 
f 2158/304/2166/2469 2202/323/2210/2525 2193/324/2201/2509 
f 2036/178/2044/2317 2035/177/2043/2316 2203/420/2211/2526 
f 2036/178/2044/2317 2203/420/2211/2526 2204/421/2212/2527 
f 2204/421/2212/2527 2203/420/2211/2526 2205/422/2213/2528 
f 2204/421/2212/2527 2205/422/2213/2528 2206/423/2214/2529 
f 2206/423/2214/2529 2205/422/2213/2528 2207/425/2215/2530 
f 2206/423/2214/2529 2207/425/2215/2530 2208/424/2216/2531 
f 2208/424/2216/2531 2207/425/2215/2530 2209/427/2217/2532 
f 2208/424/2216/2531 2209/427/2217/2532 2210/426/2218/2533 
f 2035/177/2043/2316 2038/187/2046/2319 2211/428/2219/2534 
f 2035/177/2043/2316 2211/428/2219/2534 2203/420/2211/2526 
f 2203/420/2211/2526 2211/428/2219/2534 2212/429/2220/2535 
f 2203/420/2211/2526 2212/429/2220/2535 2205/422/2213/2528 
f 2205/422/2213/2528 2212/429/2220/2535 2213/430/2221/2536 
f 2205/422/2213/2528 2213/430/2221/2536 2207/425/2215/2530 
f 2207/425/2215/2530 2213/430/2221/2536 2214/431/2222/2537 
f 2207/425/2215/2530 2214/431/2222/2537 2209/427/2217/2532 
f 2038/187/2046/2319 2040/192/2048/2321 2215/432/2223/2538 
f 2038/187/2046/2319 2215/432/2223/2538 2211/428/2219/2534 
f 2211/428/2219/2534 2215/432/2223/2538 2216/433/2224/2539 
f 2211/428/2219/2534 2216/433/2224/2539 2212/429/2220/2535 
f 2212/429/2220/2535 2216/433/2224/2539 2217/434/2225/2540 
f 2212/429/2220/2535 2217/434/2225/2540 2213/430/2221/2536 
f 2213/430/2221/2536 2217/434/2225/2540 2218/435/2226/2541 
f 2213/430/2221/2536 2218/435/2226/2541 2214/431/2222/2537 
f 2040/192/2048/2321 2042/166/2050/2323 2219/436/2227/2542 
f 2040/192/2048/2321 2219/436/2227/2542 2215/432/2223/2538 
f 2215/432/2223/2538 2219/436/2227/2542 2220/437/2228/2543 
f 2215/432/2223/2538 2220/437/2228/2543 2216/433/2224/2539 
f 2216/433/2224/2539 2220/437/2228/2543 2221/438/2229/2544 
f 2216/433/2224/2539 2221/438/2229/2544 2217/434/2225/2540 
f 2217/434/2225/2540 2221/438/2229/2544 2222/439/2230/2545 
f 2217/434/2225/2540 2222/439/2230/2545 2218/435/2226/2541 
f 2223/440/2231/2546 2162/348/2170/2473 2161/347/2169/2472 
f 2223/440/2231/2546 2161/347/2169/2472 2224/441/2232/2547 
f 2223/440/2231/2546 2225/442/2233/2548 2170/350/2178/2481 
f 2223/440/2231/2546 2170/350/2178/2481 2162/348/2170/2473 
f 2225/442/2233/2548 2226/443/2234/2549 2175/352/2183/2486 
f 2225/442/2233/2548 2175/352/2183/2486 2170/350/2178/2481 
f 2226/443/2234/2549 2227/444/2235/2550 2146/300/2154/2454 
f 2226/443/2234/2549 2146/300/2154/2454 2175/352/2183/2486 
f 2228/445/2236/2551 2223/440/2231/2546 2224/441/2232/2547 
f 2228/445/2236/2551 2224/441/2232/2547 2229/446/2237/2552 
f 2228/445/2236/2551 2230/447/2238/2553 2225/442/2233/2548 
f 2228/445/2236/2551 2225/442/2233/2548 2223/440/2231/2546 
f 2230/447/2238/2553 2231/448/2239/2554 2226/443/2234/2549 
f 2230/447/2238/2553 2226/443/2234/2549 2225/442/2233/2548 
f 2231/448/2239/2554 2232/449/2240/2555 2227/444/2235/2550 
f 2231/448/2239/2554 2227/444/2235/2550 2226/443/2234/2549 
f 2233/450/2241/2556 2228/445/2236/2551 2229/446/2237/2552 
f 2233/450/2241/2556 2229/446/2237/2552 2234/451/2242/2557 
f 2233/450/2241/2556 2235/452/2243/2558 2230/447/2238/2553 
f 2233/450/2241/2556 2230/447/2238/2553 2228/445/2236/2551 
f 2235/452/2243/2558 2236/453/2244/2559 2231/448/2239/2554 
f 2235/452/2243/2558 2231/448/2239/2554 2230/447/2238/2553 
f 2236/453/2244/2559 2237/454/2245/2560 2232/449/2240/2555 
f 2236/453/2244/2559 2232/449/2240/2555 2231/448/2239/2554 
f 2209/427/2217/2532 2233/450/2241/2556 2234/451/2242/2557 
f 2209/427/2217/2532 2234/451/2242/2557 2210/426/2218/2533 
f 2209/427/2217/2532 2214/431/2222/2537 2235/452/2243/2558 
f 2209/427/2217/2532 2235/452/2243/2558 2233/450/2241/2556 
f 2214/431/2222/2537 2218/435/2226/2541 2236/453/2244/2559 
f 2214/431/2222/2537 2236/453/2244/2559 2235/452/2243/2558 
f 2218/435/2226/2541 2222/439/2230/2545 2237/454/2245/2560 
f 2218/435/2226/2541 2237/454/2245/2560 2236/453/2244/2559 
f 783/281/788/2448 2140/280/2148/2447 2238/455/2246/2561 
f 783/281/788/2448 2238/455/2246/2561 890/456/895/2562 
f 890/456/895/2562 2238/455/2246/2561 2239/457/2247/2563 
f 890/456/895/2562 2239/457/2247/2563 892/458/897/2564 
f 892/458/897/2564 2239/457/2247/2563 2240/459/2248/2565 
f 892/458/897/2564 2240/459/2248/2565 894/460/899/2566 
f 894/460/899/2566 2240/459/2248/2565 2241/461/2249/2567 
f 894/460/899/2566 2241/461/2249/2567 896/462/901/2568 
f 2140/280/2148/2447 2142/290/2150/2450 2242/463/2250/2569 
f 2140/280/2148/2447 2242/463/2250/2569 2238/455/2246/2561 
f 2238/455/2246/2561 2242/463/2250/2569 2243/464/2251/2570 
f 2238/455/2246/2561 2243/464/2251/2570 2239/457/2247/2563 
f 2239/457/2247/2563 2243/464/2251/2570 2244/465/2252/2571 
f 2239/457/2247/2563 2244/465/2252/2571 2240/459/2248/2565 
f 2240/459/2248/2565 2244/465/2252/2571 2245/466/2253/2572 
f 2240/459/2248/2565 2245/466/2253/2572 2241/461/2249/2567 
f 2142/290/2150/2450 2144/295/2152/2452 2246/467/2254/2573 
f 2142/290/2150/2450 2246/467/2254/2573 2242/463/2250/2569 
f 2242/463/2250/2569 2246/467/2254/2573 2247/468/2255/2574 
f 2242/463/2250/2569 2247/468/2255/2574 2243/464/2251/2570 
f 2243/464/2251/2570 2247/468/2255/2574 2248/469/2256/2575 
f 2243/464/2251/2570 2248/469/2256/2575 2244/465/2252/2571 
f 2244/465/2252/2571 2248/469/2256/2575 2249/470/2257/2576 
f 2244/465/2252/2571 2249/470/2257/2576 2245/466/2253/2572 
f 2144/295/2152/2452 2146/300/2154/2454 2227/444/2235/2550 
f 2144/295/2152/2452 2227/444/2235/2550 2246/467/2254/2573 
f 2246/467/2254/2573 2227/444/2235/2550 2232/449/2240/2555 
f 2246/467/2254/2573 2232/449/2240/2555 2247/468/2255/2574 
f 2247/468/2255/2574 2232/449/2240/2555 2237/454/2245/2560 
f 2247/468/2255/2574 2237/454/2245/2560 2248/469/2256/2575 
f 2248/469/2256/2575 2237/454/2245/2560 2222/439/2230/2545 
f 2248/469/2256/2575 2222/439/2230/2545 2249/470/2257/2576 
f 906/472/911/2577 2250/471/2258/2578 2054/160/2062/2337 
f 906/472/911/2577 2054/160/2062/2337 683/159/688/2336 
f 2250/471/2258/2578 2251/473/2259/2579 2058/162/2066/2343 
f 2250/471/2258/2578 2058/162/2066/2343 2054/160/2062/2337 
f 2251/473/2259/2579 2252/474/2260/2580 2062/164/2070/2347 
f 2251/473/2259/2579 2062/164/2070/2347 2058/162/2066/2343 
f 2252/474/2260/2580 2219/436/2227/2542 2042/166/2050/2323 
f 2252/474/2260/2580 2042/166/2050/2323 2062/164/2070/2347 
f 910/476/915/2581 2253/475/2261/2582 2250/471/2258/2578 
f 910/476/915/2581 2250/471/2258/2578 906/472/911/2577 
f 2253/475/2261/2582 2254/477/2262/2583 2251/473/2259/2579 
f 2253/475/2261/2582 2251/473/2259/2579 2250/471/2258/2578 
f 2254/477/2262/2583 2255/478/2263/2584 2252/474/2260/2580 
f 2254/477/2262/2583 2252/474/2260/2580 2251/473/2259/2579 
f 2255/478/2263/2584 2220/437/2228/2543 2219/436/2227/2542 
f 2255/478/2263/2584 2219/436/2227/2542 2252/474/2260/2580 
f 914/480/919/2585 2256/479/2264/2586 2253/475/2261/2582 
f 914/480/919/2585 2253/475/2261/2582 910/476/915/2581 
f 2256/479/2264/2586 2257/481/2265/2587 2254/477/2262/2583 
f 2256/479/2264/2586 2254/477/2262/2583 2253/475/2261/2582 
f 2257/481/2265/2587 2258/482/2266/2588 2255/478/2263/2584 
f 2257/481/2265/2587 2255/478/2263/2584 2254/477/2262/2583 
f 2258/482/2266/2588 2221/438/2229/2544 2220/437/2228/2543 
f 2258/482/2266/2588 2220/437/2228/2543 2255/478/2263/2584 
f 896/462/901/2568 2241/461/2249/2567 2256/479/2264/2586 
f 896/462/901/2568 2256/479/2264/2586 914/480/919/2585 
f 2241/461/2249/2567 2245/466/2253/2572 2257/481/2265/2587 
f 2241/461/2249/2567 2257/481/2265/2587 2256/479/2264/2586 
f 2245/466/2253/2572 2249/470/2257/2576 2258/482/2266/2588 
f 2245/466/2253/2572 2258/482/2266/2588 2257/481/2265/2587 
f 2249/470/2257/2576 2222/439/2230/2545 2221/438/2229/2544 
f 2249/470/2257/2576 2221/438/2229/2544 2258/482/2266/2588 
f 2259/483/2267/2589 2260/486/2268/2590 919/485/924/2591 
f 2259/483/2267/2589 919/485/924/2591 918/484/923/2592 
f 2260/486/2268/2590 2261/488/2269/2593 921/487/926/2594 
f 2260/486/2268/2590 921/487/926/2594 919/485/924/2591 
f 2261/488/2269/2593 2262/490/2270/2595 923/489/928/2596 
f 2261/488/2269/2593 923/489/928/2596 921/487/926/2594 
f 2262/490/2270/2595 2263/492/2271/2597 925/491/930/2598 
f 2262/490/2270/2595 925/491/930/2598 923/489/928/2596 
f 2264/493/2272/2599 2265/494/2273/2600 2260/486/2268/2590 
f 2264/493/2272/2599 2260/486/2268/2590 2259/483/2267/2589 
f 2265/494/2273/2600 2266/495/2274/2601 2261/488/2269/2593 
f 2265/494/2273/2600 2261/488/2269/2593 2260/486/2268/2590 
f 2266/495/2274/2601 2267/496/2275/2602 2262/490/2270/2595 
f 2266/495/2274/2601 2262/490/2270/2595 2261/488/2269/2593 
f 2267/496/2275/2602 2268/497/2276/2603 2263/492/2271/2597 
f 2267/496/2275/2602 2263/492/2271/2597 2262/490/2270/2595 
f 2269/499/2277/2604 2270/498/2278/2605 2265/494/2273/2600 
f 2269/499/2277/2604 2265/494/2273/2600 2264/493/2272/2599 
f 2270/498/2278/2605 2271/500/2279/2606 2266/495/2274/2601 
f 2270/498/2278/2605 2266/495/2274/2601 2265/494/2273/2600 
f 2271/500/2279/2606 2272/501/2280/2607 2267/496/2275/2602 
f 2271/500/2279/2606 2267/496/2275/2602 2266/495/2274/2601 
f 2272/501/2280/2607 2273/502/2281/2608 2268/497/2276/2603 
f 2272/501/2280/2607 2268/497/2276/2603 2267/496/2275/2602 
f 2274/503/2282/2609 2275/504/2283/2610 2270/498/2278/2605 
f 2274/503/2282/2609 2270/498/2278/2605 2269/499/2277/2604 
f 2275/504/2283/2610 2276/505/2284/2611 2271/500/2279/2606 
f 2275/504/2283/2610 2271/500/2279/2606 2270/498/2278/2605 
f 2276/505/2284/2611 2277/506/2285/2612 2272/501/2280/2607 
f 2276/505/2284/2611 2272/501/2280/2607 2271/500/2279/2606 
f 2277/506/2285/2612 2278/507/2286/2613 2273/502/2281/2608 
f 2277/506/2285/2612 2273/502/2281/2608 2272/501/2280/2607 
f 2279/508/2287/2614 2280/511/2288/2615 944/510/949/2616 
f 2279/508/2287/2614 944/510/949/2616 943/509/948/2617 
f 2281/512/2289/2618 2282/513/2290/2619 2280/511/2288/2615 
f 2281/512/2289/2618 2280/511/2288/2615 2279/508/2287/2614 
f 2283/514/2291/2620 2284/515/2292/2621 2282/513/2290/2619 
f 2283/514/2291/2620 2282/513/2290/2619 2281/512/2289/2618 
f 2285/516/2293/2622 2286/517/2294/2623 2284/515/2292/2621 
f 2285/516/2293/2622 2284/515/2292/2621 2283/514/2291/2620 
f 2287/518/2295/2624 2279/508/2287/2614 943/509/948/2617 
f 2287/518/2295/2624 943/509/948/2617 953/519/958/2625 
f 2288/520/2296/2626 2281/512/2289/2618 2279/508/2287/2614 
f 2288/520/2296/2626 2279/508/2287/2614 2287/518/2295/2624 
f 2289/521/2297/2627 2283/514/2291/2620 2281/512/2289/2618 
f 2289/521/2297/2627 2281/512/2289/2618 2288/520/2296/2626 
f 2290/522/2298/2628 2285/516/2293/2622 2283/514/2291/2620 
f 2290/522/2298/2628 2283/514/2291/2620 2289/521/2297/2627 
f 2291/523/2299/2629 2287/518/2295/2624 953/519/958/2625 
f 2291/523/2299/2629 953/519/958/2625 958/524/963/2630 
f 2292/525/2300/2631 2288/520/2296/2626 2287/518/2295/2624 
f 2292/525/2300/2631 2287/518/2295/2624 2291/523/2299/2629 
f 2293/526/2301/2632 2289/521/2297/2627 2288/520/2296/2626 
f 2293/526/2301/2632 2288/520/2296/2626 2292/525/2300/2631 
f 2294/527/2302/2633 2290/522/2298/2628 2289/521/2297/2627 
f 2294/527/2302/2633 2289/521/2297/2627 2293/526/2301/2632 
f 2263/492/2271/2597 2291/523/2299/2629 958/524/963/2630 
f 2263/492/2271/2597 958/524/963/2630 925/491/930/2598 
f 2268/497/2276/2603 2292/525/2300/2631 2291/523/2299/2629 
f 2268/497/2276/2603 2291/523/2299/2629 2263/492/2271/2597 
f 2273/502/2281/2608 2293/526/2301/2632 2292/525/2300/2631 
f 2273/502/2281/2608 2292/525/2300/2631 2268/497/2276/2603 
f 2278/507/2286/2613 2294/527/2302/2633 2293/526/2301/2632 
f 2278/507/2286/2613 2293/526/2301/2632 2273/502/2281/2608 
f 2295/528/2303/2634 2296/529/2304/2635 2179/327/2187/2636 
f 2295/528/2303/2634 2179/327/2187/2636 1809/326/1817/2637 
f 2296/529/2304/2635 2297/530/2305/2638 2184/329/2192/2639 
f 2296/529/2304/2635 2184/329/2192/2639 2179/327/2187/2636 
f 2297/530/2305/2638 2298/531/2306/2640 2189/331/2197/2641 
f 2297/530/2305/2638 2189/331/2197/2641 2184/329/2192/2639 
f 2298/531/2306/2640 2299/532/2307/2642 2168/333/2176/2643 
f 2298/531/2306/2640 2168/333/2176/2643 2189/331/2197/2641 
f 2300/533/2308/2644 2301/534/2309/2645 2296/529/2304/2635 
f 2300/533/2308/2644 2296/529/2304/2635 2295/528/2303/2634 
f 2301/534/2309/2645 2302/535/2310/2646 2297/530/2305/2638 
f 2301/534/2309/2645 2297/530/2305/2638 2296/529/2304/2635 
f 2302/535/2310/2646 2303/536/2311/2647 2298/531/2306/2640 
f 2302/535/2310/2646 2298/531/2306/2640 2297/530/2305/2638 
f 2303/536/2311/2647 2304/537/2312/2648 2299/532/2307/2642 
f 2303/536/2311/2647 2299/532/2307/2642 2298/531/2306/2640 
f 2305/538/2313/2649 2306/539/2314/2650 2301/534/2309/2645 
f 2305/538/2313/2649 2301/534/2309/2645 2300/533/2308/2644 
f 2306/539/2314/2650 2307/540/2315/2651 2302/535/2310/2646 
f 2306/539/2314/2650 2302/535/2310/2646 2301/534/2309/2645 
f 2307/540/2315/2651 2308/541/2316/2652 2303/536/2311/2647 
f 2307/540/2315/2651 2303/536/2311/2647 2302/535/2310/2646 
f 2308/541/2316/2652 2309/542/2317/2653 2304/537/2312/2648 
f 2308/541/2316/2652 2304/537/2312/2648 2303/536/2311/2647 
f 2286/517/2294/2623 2285/516/2293/2622 2306/539/2314/2650 
f 2286/517/2294/2623 2306/539/2314/2650 2305/538/2313/2649 
f 2285/516/2293/2622 2290/522/2298/2628 2307/540/2315/2651 
f 2285/516/2293/2622 2307/540/2315/2651 2306/539/2314/2650 
f 2290/522/2298/2628 2294/527/2302/2633 2308/541/2316/2652 
f 2290/522/2298/2628 2308/541/2316/2652 2307/540/2315/2651 
f 2294/527/2302/2633 2278/507/2286/2613 2309/542/2317/2653 
f 2294/527/2302/2633 2309/542/2317/2653 2308/541/2316/2652 
f 2310/543/2318/2654 2311/544/2319/2655 2161/347/2169/2656 
f 2310/543/2318/2654 2161/347/2169/2656 2160/346/2168/2657 
f 2312/545/2320/2658 2313/546/2321/2659 2311/544/2319/2655 
f 2312/545/2320/2658 2311/544/2319/2655 2310/543/2318/2654 
f 2314/547/2322/2660 2315/548/2323/2661 2313/546/2321/2659 
f 2314/547/2322/2660 2313/546/2321/2659 2312/545/2320/2658 
f 2275/504/2283/2610 2274/503/2282/2609 2315/548/2323/2661 
f 2275/504/2283/2610 2315/548/2323/2661 2314/547/2322/2660 
f 2316/549/2324/2662 2310/543/2318/2654 2160/346/2168/2657 
f 2316/549/2324/2662 2160/346/2168/2657 2164/354/2172/2663 
f 2317/550/2325/2664 2312/545/2320/2658 2310/543/2318/2654 
f 2317/550/2325/2664 2310/543/2318/2654 2316/549/2324/2662 
f 2318/551/2326/2665 2314/547/2322/2660 2312/545/2320/2658 
f 2318/551/2326/2665 2312/545/2320/2658 2317/550/2325/2664 
f 2276/505/2284/2611 2275/504/2283/2610 2314/547/2322/2660 
f 2276/505/2284/2611 2314/547/2322/2660 2318/551/2326/2665 
f 2319/552/2327/2666 2316/549/2324/2662 2164/354/2172/2663 
f 2319/552/2327/2666 2164/354/2172/2663 2166/358/2174/2667 
f 2320/553/2328/2668 2317/550/2325/2664 2316/549/2324/2662 
f 2320/553/2328/2668 2316/549/2324/2662 2319/552/2327/2666 
f 2321/554/2329/2669 2318/551/2326/2665 2317/550/2325/2664 
f 2321/554/2329/2669 2317/550/2325/2664 2320/553/2328/2668 
f 2277/506/2285/2612 2276/505/2284/2611 2318/551/2326/2665 
f 2277/506/2285/2612 2318/551/2326/2665 2321/554/2329/2669 
f 2299/532/2307/2642 2319/552/2327/2666 2166/358/2174/2667 
f 2299/532/2307/2642 2166/358/2174/2667 2168/333/2176/2643 
f 2304/537/2312/2648 2320/553/2328/2668 2319/552/2327/2666 
f 2304/537/2312/2648 2319/552/2327/2666 2299/532/2307/2642 
f 2309/542/2317/2653 2321/554/2329/2669 2320/553/2328/2668 
f 2309/542/2317/2653 2320/553/2328/2668 2304/537/2312/2648 
f 2278/507/2286/2613 2277/506/2285/2612 2321/554/2329/2669 
f 2278/507/2286/2613 2321/554/2329/2669 2309/542/2317/2653 
f 1637/160/1645/1834 2322/471/2330/2670 989/472/994/2671 
f 1637/160/1645/1834 989/472/994/2671 200/159/201/1835 
f 2322/471/2330/2670 2323/475/2331/2672 991/476/996/2673 
f 2322/471/2330/2670 991/476/996/2673 989/472/994/2671 
f 2323/475/2331/2672 2324/479/2332/2674 993/480/998/2675 
f 2323/475/2331/2672 993/480/998/2675 991/476/996/2673 
f 2324/479/2332/2674 2325/461/2333/2676 995/462/1000/2677 
f 2324/479/2332/2674 995/462/1000/2677 993/480/998/2675 
f 1639/162/1647/1838 2326/473/2334/2678 2322/471/2330/2670 
f 1639/162/1647/1838 2322/471/2330/2670 1637/160/1645/1834 
f 2326/473/2334/2678 2327/477/2335/2679 2323/475/2331/2672 
f 2326/473/2334/2678 2323/475/2331/2672 2322/471/2330/2670 
f 2327/477/2335/2679 2328/481/2336/2680 2324/479/2332/2674 
f 2327/477/2335/2679 2324/479/2332/2674 2323/475/2331/2672 
f 2328/481/2336/2680 2329/466/2337/2681 2325/461/2333/2676 
f 2328/481/2336/2680 2325/461/2333/2676 2324/479/2332/2674 
f 1641/164/1649/1840 2330/474/2338/2682 2326/473/2334/2678 
f 1641/164/1649/1840 2326/473/2334/2678 1639/162/1647/1838 
f 2330/474/2338/2682 2331/478/2339/2683 2327/477/2335/2679 
f 2330/474/2338/2682 2327/477/2335/2679 2326/473/2334/2678 
f 2331/478/2339/2683 2332/482/2340/2684 2328/481/2336/2680 
f 2331/478/2339/2683 2328/481/2336/2680 2327/477/2335/2679 
f 2332/482/2340/2684 2333/470/2341/2685 2329/466/2337/2681 
f 2332/482/2340/2684 2329/466/2337/2681 2328/481/2336/2680 
f 1643/166/1651/1842 2334/436/2342/2686 2330/474/2338/2682 
f 1643/166/1651/1842 2330/474/2338/2682 1641/164/1649/1840 
f 2334/436/2342/2686 2335/437/2343/2687 2331/478/2339/2683 
f 2334/436/2342/2686 2331/478/2339/2683 2330/474/2338/2682 
f 2335/437/2343/2687 2336/438/2344/2688 2332/482/2340/2684 
f 2335/437/2343/2687 2332/482/2340/2684 2331/478/2339/2683 
f 2336/438/2344/2688 2337/439/2345/2689 2333/470/2341/2685 
f 2336/438/2344/2688 2333/470/2341/2685 2332/482/2340/2684 
f 2338/455/2346/2690 1770/280/1778/1992 348/281/349/1995 
f 2338/455/2346/2690 348/281/349/1995 1010/456/1015/2691 
f 2339/463/2347/2692 1775/290/1783/2002 1770/280/1778/1992 
f 2339/463/2347/2692 1770/280/1778/1992 2338/455/2346/2690 
f 2340/467/2348/2693 1780/295/1788/2007 1775/290/1783/2002 
f 2340/467/2348/2693 1775/290/1783/2002 2339/463/2347/2692 
f 2341/444/2349/2694 1785/300/1793/2012 1780/295/1788/2007 
f 2341/444/2349/2694 1780/295/1788/2007 2340/467/2348/2693 
f 2342/457/2350/2695 2338/455/2346/2690 1010/456/1015/2691 
f 2342/457/2350/2695 1010/456/1015/2691 1015/458/1020/2696 
f 2343/464/2351/2697 2339/463/2347/2692 2338/455/2346/2690 
f 2343/464/2351/2697 2338/455/2346/2690 2342/457/2350/2695 
f 2344/468/2352/2698 2340/467/2348/2693 2339/463/2347/2692 
f 2344/468/2352/2698 2339/463/2347/2692 2343/464/2351/2697 
f 2345/449/2353/2699 2341/444/2349/2694 2340/467/2348/2693 
f 2345/449/2353/2699 2340/467/2348/2693 2344/468/2352/2698 
f 2346/459/2354/2700 2342/457/2350/2695 1015/458/1020/2696 
f 2346/459/2354/2700 1015/458/1020/2696 1020/460/1025/2701 
f 2347/465/2355/2702 2343/464/2351/2697 2342/457/2350/2695 
f 2347/465/2355/2702 2342/457/2350/2695 2346/459/2354/2700 
f 2348/469/2356/2703 2344/468/2352/2698 2343/464/2351/2697 
f 2348/469/2356/2703 2343/464/2351/2697 2347/465/2355/2702 
f 2349/454/2357/2704 2345/449/2353/2699 2344/468/2352/2698 
f 2349/454/2357/2704 2344/468/2352/2698 2348/469/2356/2703 
f 2325/461/2333/2676 2346/459/2354/2700 1020/460/1025/2701 
f 2325/461/2333/2676 1020/460/1025/2701 995/462/1000/2677 
f 2329/466/2337/2681 2347/465/2355/2702 2346/459/2354/2700 
f 2329/466/2337/2681 2346/459/2354/2700 2325/461/2333/2676 
f 2333/470/2341/2685 2348/469/2356/2703 2347/465/2355/2702 
f 2333/470/2341/2685 2347/465/2355/2702 2329/466/2337/2681 
f 2337/439/2345/2689 2349/454/2357/2704 2348/469/2356/2703 
f 2337/439/2345/2689 2348/469/2356/2703 2333/470/2341/2685 
f 1827/348/1835/2058 2350/440/2358/2705 2351/441/2359/2706 
f 1827/348/1835/2058 2351/441/2359/2706 1828/347/1836/2059 
f 2350/440/2358/2705 2352/445/2360/2707 2353/446/2361/2708 
f 2350/440/2358/2705 2353/446/2361/2708 2351/441/2359/2706 
f 2352/445/2360/2707 2354/450/2362/2709 2355/451/2363/2710 
f 2352/445/2360/2707 2355/451/2363/2710 2353/446/2361/2708 
f 2354/450/2362/2709 2356/427/2364/2711 2357/426/2365/2712 
f 2354/450/2362/2709 2357/426/2365/2712 2355/451/2363/2710 
f 1831/350/1839/2062 2358/442/2366/2713 2350/440/2358/2705 
f 1831/350/1839/2062 2350/440/2358/2705 1827/348/1835/2058 
f 2358/442/2366/2713 2359/447/2367/2714 2352/445/2360/2707 
f 2358/442/2366/2713 2352/445/2360/2707 2350/440/2358/2705 
f 2359/447/2367/2714 2360/452/2368/2715 2354/450/2362/2709 
f 2359/447/2367/2714 2354/450/2362/2709 2352/445/2360/2707 
f 2360/452/2368/2715 2361/431/2369/2716 2356/427/2364/2711 
f 2360/452/2368/2715 2356/427/2364/2711 2354/450/2362/2709 
f 1833/352/1841/2064 2362/443/2370/2717 2358/442/2366/2713 
f 1833/352/1841/2064 2358/442/2366/2713 1831/350/1839/2062 
f 2362/443/2370/2717 2363/448/2371/2718 2359/447/2367/2714 
f 2362/443/2370/2717 2359/447/2367/2714 2358/442/2366/2713 
f 2363/448/2371/2718 2364/453/2372/2719 2360/452/2368/2715 
f 2363/448/2371/2718 2360/452/2368/2715 2359/447/2367/2714 
f 2364/453/2372/2719 2365/435/2373/2720 2361/431/2369/2716 
f 2364/453/2372/2719 2361/431/2369/2716 2360/452/2368/2715 
f 1785/300/1793/2012 2341/444/2349/2694 2362/443/2370/2717 
f 1785/300/1793/2012 2362/443/2370/2717 1833/352/1841/2064 
f 2341/444/2349/2694 2345/449/2353/2699 2363/448/2371/2718 
f 2341/444/2349/2694 2363/448/2371/2718 2362/443/2370/2717 
f 2345/449/2353/2699 2349/454/2357/2704 2364/453/2372/2719 
f 2345/449/2353/2699 2364/453/2372/2719 2363/448/2371/2718 
f 2349/454/2357/2704 2337/439/2345/2689 2365/435/2373/2720 
f 2349/454/2357/2704 2365/435/2373/2720 2364/453/2372/2719 
f 2366/420/2374/2721 1652/177/1660/1853 1655/178/1663/1856 
f 2366/420/2374/2721 1655/178/1663/1856 2367/421/2375/2722 
f 2368/428/2376/2723 1662/187/1670/1863 1652/177/1660/1853 
f 2368/428/2376/2723 1652/177/1660/1853 2366/420/2374/2721 
f 2369/432/2377/2724 1667/192/1675/1868 1662/187/1670/1863 
f 2369/432/2377/2724 1662/187/1670/1863 2368/428/2376/2723 
f 2334/436/2342/2686 1643/166/1651/1842 1667/192/1675/1868 
f 2334/436/2342/2686 1667/192/1675/1868 2369/432/2377/2724 
f 2370/422/2378/2725 2366/420/2374/2721 2367/421/2375/2722 
f 2370/422/2378/2725 2367/421/2375/2722 2371/423/2379/2726 
f 2372/429/2380/2727 2368/428/2376/2723 2366/420/2374/2721 
f 2372/429/2380/2727 2366/420/2374/2721 2370/422/2378/2725 
f 2373/433/2381/2728 2369/432/2377/2724 2368/428/2376/2723 
f 2373/433/2381/2728 2368/428/2376/2723 2372/429/2380/2727 
f 2335/437/2343/2687 2334/436/2342/2686 2369/432/2377/2724 
f 2335/437/2343/2687 2369/432/2377/2724 2373/433/2381/2728 
f 2374/425/2382/2729 2370/422/2378/2725 2371/423/2379/2726 
f 2374/425/2382/2729 2371/423/2379/2726 2375/424/2383/2730 
f 2376/430/2384/2731 2372/429/2380/2727 2370/422/2378/2725 
f 2376/430/2384/2731 2370/422/2378/2725 2374/425/2382/2729 
f 2377/434/2385/2732 2373/433/2381/2728 2372/429/2380/2727 
f 2377/434/2385/2732 2372/429/2380/2727 2376/430/2384/2731 
f 2336/438/2344/2688 2335/437/2343/2687 2373/433/2381/2728 
f 2336/438/2344/2688 2373/433/2381/2728 2377/434/2385/2732 
f 2356/427/2364/2711 2374/425/2382/2729 2375/424/2383/2730 
f 2356/427/2364/2711 2375/424/2383/2730 2357/426/2365/2712 
f 2361/431/2369/2716 2376/430/2384/2731 2374/425/2382/2729 
f 2361/431/2369/2716 2374/425/2382/2729 2356/427/2364/2711 
f 2365/435/2373/2720 2377/434/2385/2732 2376/430/2384/2731 
f 2365/435/2373/2720 2376/430/2384/2731 2361/431/2369/2716 
f 2337/439/2345/2689 2336/438/2344/2688 2377/434/2385/2732 
f 2337/439/2345/2689 2377/434/2385/2732 2365/435/2373/2720 
f 1743/249/1751/1959 2378/555/2386/2733 2367/421/2375/2734 
f 1743/249/1751/1959 2367/421/2375/2734 1655/178/1663/1956 
f 2378/555/2386/2733 2379/556/2387/2735 2371/423/2379/2736 
f 2378/555/2386/2733 2371/423/2379/2736 2367/421/2375/2734 
f 2379/556/2387/2735 2380/557/2388/2737 2375/424/2383/2738 
f 2379/556/2387/2735 2375/424/2383/2738 2371/423/2379/2736 
f 2380/557/2388/2737 2381/558/2389/2739 2357/426/2365/2740 
f 2380/557/2388/2737 2357/426/2365/2740 2375/424/2383/2738 
f 1745/251/1753/1961 2382/559/2390/2741 2378/555/2386/2733 
f 1745/251/1753/1961 2378/555/2386/2733 1743/249/1751/1959 
f 2382/559/2390/2741 2383/560/2391/2742 2379/556/2387/2735 
f 2382/559/2390/2741 2379/556/2387/2735 2378/555/2386/2733 
f 2383/560/2391/2742 2384/561/2392/2743 2380/557/2388/2737 
f 2383/560/2391/2742 2380/557/2388/2737 2379/556/2387/2735 
f 2384/561/2392/2743 2385/562/2393/2744 2381/558/2389/2739 
f 2384/561/2392/2743 2381/558/2389/2739 2380/557/2388/2737 
f 1747/253/1755/1963 2386/563/2394/2745 2382/559/2390/2741 
f 1747/253/1755/1963 2382/559/2390/2741 1745/251/1753/1961 
f 2386/563/2394/2745 2387/564/2395/2746 2383/560/2391/2742 
f 2386/563/2394/2745 2383/560/2391/2742 2382/559/2390/2741 
f 2387/564/2395/2746 2388/565/2396/2747 2384/561/2392/2743 
f 2387/564/2395/2746 2384/561/2392/2743 2383/560/2391/2742 
f 2388/565/2396/2747 2389/566/2397/2748 2385/562/2393/2744 
f 2388/565/2396/2747 2385/562/2393/2744 2384/561/2392/2743 
f 1749/255/1757/1965 2390/567/2398/2749 2386/563/2394/2745 
f 1749/255/1757/1965 2386/563/2394/2745 1747/253/1755/1963 
f 2390/567/2398/2749 2391/568/2399/2750 2387/564/2395/2746 
f 2390/567/2398/2749 2387/564/2395/2746 2386/563/2394/2745 
f 2391/568/2399/2750 2392/569/2400/2751 2388/565/2396/2747 
f 2391/568/2399/2750 2388/565/2396/2747 2387/564/2395/2746 
f 2392/569/2400/2751 2393/570/2401/2752 2389/566/2397/2748 
f 2392/569/2400/2751 2389/566/2397/2748 2388/565/2396/2747 
f 2394/571/2402/2753 2395/572/2403/2754 1828/347/1836/2755 
f 2394/571/2402/2753 1828/347/1836/2755 2351/441/2359/2756 
f 2396/573/2404/2757 2397/574/2405/2758 2395/572/2403/2754 
f 2396/573/2404/2757 2395/572/2403/2754 2394/571/2402/2753 
f 2398/575/2406/2759 2399/443/2407/2760 2397/574/2405/2758 
f 2398/575/2406/2759 2397/574/2405/2758 2396/573/2404/2757 
f 2400/576/2408/2761 2401/577/2409/2762 2399/443/2407/2760 
f 2400/576/2408/2761 2399/443/2407/2760 2398/575/2406/2759 
f 2402/578/2410/2763 2394/571/2402/2753 2351/441/2359/2756 
f 2402/578/2410/2763 2351/441/2359/2756 2353/446/2361/2764 
f 2403/579/2411/2765 2396/573/2404/2757 2394/571/2402/2753 
f 2403/579/2411/2765 2394/571/2402/2753 2402/578/2410/2763 
f 2404/580/2412/2766 2398/575/2406/2759 2396/573/2404/2757 
f 2404/580/2412/2766 2396/573/2404/2757 2403/579/2411/2765 
f 2405/581/2413/2767 2400/576/2408/2761 2398/575/2406/2759 
f 2405/581/2413/2767 2398/575/2406/2759 2404/580/2412/2766 
f 2406/582/2414/2768 2402/578/2410/2763 2353/446/2361/2764 
f 2406/582/2414/2768 2353/446/2361/2764 2355/451/2363/2769 
f 2407/583/2415/2770 2403/579/2411/2765 2402/578/2410/2763 
f 2407/583/2415/2770 2402/578/2410/2763 2406/582/2414/2768 
f 2408/584/2416/2771 2404/580/2412/2766 2403/579/2411/2765 
f 2408/584/2416/2771 2403/579/2411/2765 2407/583/2415/2770 
f 2409/585/2417/2772 2405/581/2413/2767 2404/580/2412/2766 
f 2409/585/2417/2772 2404/580/2412/2766 2408/584/2416/2771 
f 2381/558/2389/2739 2406/582/2414/2768 2355/451/2363/2769 
f 2381/558/2389/2739 2355/451/2363/2769 2357/426/2365/2740 
f 2385/562/2393/2744 2407/583/2415/2770 2406/582/2414/2768 
f 2385/562/2393/2744 2406/582/2414/2768 2381/558/2389/2739 
f 2389/566/2397/2748 2408/584/2416/2771 2407/583/2415/2770 
f 2389/566/2397/2748 2407/583/2415/2770 2385/562/2393/2744 
f 2393/570/2401/2752 2409/585/2417/2772 2408/584/2416/2771 
f 2393/570/2401/2752 2408/584/2416/2771 2389/566/2397/2748 
f 2410/586/2418/2773 2411/589/2419/2774 1086/588/1091/2775 
f 2410/586/2418/2773 1086/588/1091/2775 1085/587/1090/2776 
f 2411/589/2419/2774 2412/591/2420/2777 1088/590/1093/2778 
f 2411/589/2419/2774 1088/590/1093/2778 1086/588/1091/2775 
f 2412/591/2420/2777 2413/593/2421/2779 1090/592/1095/2780 
f 2412/591/2420/2777 1090/592/1095/2780 1088/590/1093/2778 
f 2413/593/2421/2779 2414/595/2422/2781 1092/594/1097/2782 
f 2413/593/2421/2779 1092/594/1097/2782 1090/592/1095/2780 
f 2415/596/2423/2783 2416/597/2424/2784 2411/589/2419/2774 
f 2415/596/2423/2783 2411/589/2419/2774 2410/586/2418/2773 
f 2416/597/2424/2784 2417/598/2425/2785 2412/591/2420/2777 
f 2416/597/2424/2784 2412/591/2420/2777 2411/589/2419/2774 
f 2417/598/2425/2785 2418/599/2426/2786 2413/593/2421/2779 
f 2417/598/2425/2785 2413/593/2421/2779 2412/591/2420/2777 
f 2418/599/2426/2786 2419/600/2427/2787 2414/595/2422/2781 
f 2418/599/2426/2786 2414/595/2422/2781 2413/593/2421/2779 
f 2420/601/2428/2788 2421/602/2429/2789 2416/597/2424/2784 
f 2420/601/2428/2788 2416/597/2424/2784 2415/596/2423/2783 
f 2421/602/2429/2789 2422/603/2430/2790 2417/598/2425/2785 
f 2421/602/2429/2789 2417/598/2425/2785 2416/597/2424/2784 
f 2422/603/2430/2790 2423/604/2431/2791 2418/599/2426/2786 
f 2422/603/2430/2790 2418/599/2426/2786 2417/598/2425/2785 
f 2423/604/2431/2791 2424/605/2432/2792 2419/600/2427/2787 
f 2423/604/2431/2791 2419/600/2427/2787 2418/599/2426/2786 
f 2401/577/2409/2762 2400/576/2408/2761 2421/602/2429/2789 
f 2401/577/2409/2762 2421/602/2429/2789 2420/601/2428/2788 
f 2400/576/2408/2761 2405/581/2413/2767 2422/603/2430/2790 
f 2400/576/2408/2761 2422/603/2430/2790 2421/602/2429/2789 
f 2405/581/2413/2767 2409/585/2417/2772 2423/604/2431/2791 
f 2405/581/2413/2767 2423/604/2431/2791 2422/603/2430/2790 
f 2409/585/2417/2772 2393/570/2401/2752 2424/605/2432/2792 
f 2409/585/2417/2772 2424/605/2432/2792 2423/604/2431/2791 
f 2425/606/2433/2793 1758/266/1766/1976 334/267/335/1979 
f 2425/606/2433/2793 334/267/335/1979 1105/607/1110/2794 
f 2426/608/2434/2795 1762/273/1770/1984 1758/266/1766/1976 
f 2426/608/2434/2795 1758/266/1766/1976 2425/606/2433/2793 
f 2427/609/2435/2796 1766/277/1774/1988 1762/273/1770/1984 
f 2427/609/2435/2796 1762/273/1770/1984 2426/608/2434/2795 
f 2390/567/2398/2749 1749/255/1757/1965 1766/277/1774/1988 
f 2390/567/2398/2749 1766/277/1774/1988 2427/609/2435/2796 
f 2428/610/2436/2797 2425/606/2433/2793 1105/607/1110/2794 
f 2428/610/2436/2797 1105/607/1110/2794 1109/611/1114/2798 
f 2429/612/2437/2799 2426/608/2434/2795 2425/606/2433/2793 
f 2429/612/2437/2799 2425/606/2433/2793 2428/610/2436/2797 
f 2430/613/2438/2800 2427/609/2435/2796 2426/608/2434/2795 
f 2430/613/2438/2800 2426/608/2434/2795 2429/612/2437/2799 
f 2391/568/2399/2750 2390/567/2398/2749 2427/609/2435/2796 
f 2391/568/2399/2750 2427/609/2435/2796 2430/613/2438/2800 
f 2431/614/2439/2801 2428/610/2436/2797 1109/611/1114/2798 
f 2431/614/2439/2801 1109/611/1114/2798 1113/615/1118/2802 
f 2432/616/2440/2803 2429/612/2437/2799 2428/610/2436/2797 
f 2432/616/2440/2803 2428/610/2436/2797 2431/614/2439/2801 
f 2433/617/2441/2804 2430/613/2438/2800 2429/612/2437/2799 
f 2433/617/2441/2804 2429/612/2437/2799 2432/616/2440/2803 
f 2392/569/2400/2751 2391/568/2399/2750 2430/613/2438/2800 
f 2392/569/2400/2751 2430/613/2438/2800 2433/617/2441/2804 
f 2414/595/2422/2781 2431/614/2439/2801 1113/615/1118/2802 
f 2414/595/2422/2781 1113/615/1118/2802 1092/594/1097/2782 
f 2419/600/2427/2787 2432/616/2440/2803 2431/614/2439/2801 
f 2419/600/2427/2787 2431/614/2439/2801 2414/595/2422/2781 
f 2424/605/2432/2792 2433/617/2441/2804 2432/616/2440/2803 
f 2424/605/2432/2792 2432/616/2440/2803 2419/600/2427/2787 
f 2393/570/2401/2752 2392/569/2400/2751 2433/617/2441/2804 
f 2393/570/2401/2752 2433/617/2441/2804 2424/605/2432/2792 
f 2395/572/2403/2754 2434/618/2442/2805 1829/346/1837/2806 
f 2395/572/2403/2754 1829/346/1837/2806 1828/347/1836/2755 
f 2434/618/2442/2805 2435/619/2443/2807 1835/354/1843/2808 
f 2434/618/2442/2805 1835/354/1843/2808 1829/346/1837/2806 
f 2435/619/2443/2807 2436/620/2444/2809 1839/358/1847/2810 
f 2435/619/2443/2807 1839/358/1847/2810 1835/354/1843/2808 
f 2436/620/2444/2809 2437/621/2445/2811 1815/333/1823/2812 
f 2436/620/2444/2809 1815/333/1823/2812 1839/358/1847/2810 
f 2397/574/2405/2758 2438/622/2446/2813 2434/618/2442/2805 
f 2397/574/2405/2758 2434/618/2442/2805 2395/572/2403/2754 
f 2438/622/2446/2813 2439/623/2447/2814 2435/619/2443/2807 
f 2438/622/2446/2813 2435/619/2443/2807 2434/618/2442/2805 
f 2439/623/2447/2814 2440/624/2448/2815 2436/620/2444/2809 
f 2439/623/2447/2814 2436/620/2444/2809 2435/619/2443/2807 
f 2440/624/2448/2815 2441/625/2449/2816 2437/621/2445/2811 
f 2440/624/2448/2815 2437/621/2445/2811 2436/620/2444/2809 
f 2399/443/2407/2760 2442/626/2450/2817 2438/622/2446/2813 
f 2399/443/2407/2760 2438/622/2446/2813 2397/574/2405/2758 
f 2442/626/2450/2817 2443/627/2451/2818 2439/623/2447/2814 
f 2442/626/2450/2817 2439/623/2447/2814 2438/622/2446/2813 
f 2443/627/2451/2818 2444/628/2452/2819 2440/624/2448/2815 
f 2443/627/2451/2818 2440/624/2448/2815 2439/623/2447/2814 
f 2444/628/2452/2819 2445/629/2453/2820 2441/625/2449/2816 
f 2444/628/2452/2819 2441/625/2449/2816 2440/624/2448/2815 
f 2401/577/2409/2762 2446/630/2454/2821 2442/626/2450/2817 
f 2401/577/2409/2762 2442/626/2450/2817 2399/443/2407/2760 
f 2446/630/2454/2821 2447/631/2455/2822 2443/627/2451/2818 
f 2446/630/2454/2821 2443/627/2451/2818 2442/626/2450/2817 
f 2447/631/2455/2822 2448/632/2456/2823 2444/628/2452/2819 
f 2447/631/2455/2822 2444/628/2452/2819 2443/627/2451/2818 
f 2448/632/2456/2823 2449/633/2457/2824 2445/629/2453/2820 
f 2448/632/2456/2823 2445/629/2453/2820 2444/628/2452/2819 
f 2450/634/2458/2825 2295/528/2303/2826 1809/326/1817/2827 
f 2450/634/2458/2825 1809/326/1817/2827 1808/327/1816/2828 
f 2451/635/2459/2829 2300/533/2308/2830 2295/528/2303/2826 
f 2451/635/2459/2829 2295/528/2303/2826 2450/634/2458/2825 
f 2452/636/2460/2831 2305/538/2313/2832 2300/533/2308/2830 
f 2452/636/2460/2831 2300/533/2308/2830 2451/635/2459/2829 
f 2453/637/2461/2833 2286/517/2294/2834 2305/538/2313/2832 
f 2453/637/2461/2833 2305/538/2313/2832 2452/636/2460/2831 
f 2454/638/2462/2835 2450/634/2458/2825 1808/327/1816/2828 
f 2454/638/2462/2835 1808/327/1816/2828 1811/329/1819/2836 
f 2455/639/2463/2837 2451/635/2459/2829 2450/634/2458/2825 
f 2455/639/2463/2837 2450/634/2458/2825 2454/638/2462/2835 
f 2456/640/2464/2838 2452/636/2460/2831 2451/635/2459/2829 
f 2456/640/2464/2838 2451/635/2459/2829 2455/639/2463/2837 
f 2457/641/2465/2839 2453/637/2461/2833 2452/636/2460/2831 
f 2457/641/2465/2839 2452/636/2460/2831 2456/640/2464/2838 
f 2458/642/2466/2840 2454/638/2462/2835 1811/329/1819/2836 
f 2458/642/2466/2840 1811/329/1819/2836 1813/331/1821/2841 
f 2459/643/2467/2842 2455/639/2463/2837 2454/638/2462/2835 
f 2459/643/2467/2842 2454/638/2462/2835 2458/642/2466/2840 
f 2460/644/2468/2843 2456/640/2464/2838 2455/639/2463/2837 
f 2460/644/2468/2843 2455/639/2463/2837 2459/643/2467/2842 
f 2461/645/2469/2844 2457/641/2465/2839 2456/640/2464/2838 
f 2461/645/2469/2844 2456/640/2464/2838 2460/644/2468/2843 
f 2437/621/2445/2811 2458/642/2466/2840 1813/331/1821/2841 
f 2437/621/2445/2811 1813/331/1821/2841 1815/333/1823/2812 
f 2441/625/2449/2816 2459/643/2467/2842 2458/642/2466/2840 
f 2441/625/2449/2816 2458/642/2466/2840 2437/621/2445/2811 
f 2445/629/2453/2820 2460/644/2468/2843 2459/643/2467/2842 
f 2445/629/2453/2820 2459/643/2467/2842 2441/625/2449/2816 
f 2449/633/2457/2824 2461/645/2469/2844 2460/644/2468/2843 
f 2449/633/2457/2824 2460/644/2468/2843 2445/629/2453/2820 
f 2280/511/2288/2845 2462/647/2470/2846 1144/646/1149/2847 
f 2280/511/2288/2845 1144/646/1149/2847 944/510/949/2848 
f 2462/647/2470/2846 2463/649/2471/2849 1146/648/1151/2850 
f 2462/647/2470/2846 1146/648/1151/2850 1144/646/1149/2847 
f 2463/649/2471/2849 2464/651/2472/2851 1148/650/1153/2852 
f 2463/649/2471/2849 1148/650/1153/2852 1146/648/1151/2850 
f 2464/651/2472/2851 2465/653/2473/2853 1150/652/1155/2854 
f 2464/651/2472/2851 1150/652/1155/2854 1148/650/1153/2852 
f 2282/513/2290/2855 2466/654/2474/2856 2462/647/2470/2846 
f 2282/513/2290/2855 2462/647/2470/2846 2280/511/2288/2845 
f 2466/654/2474/2856 2467/655/2475/2857 2463/649/2471/2849 
f 2466/654/2474/2856 2463/649/2471/2849 2462/647/2470/2846 
f 2467/655/2475/2857 2468/656/2476/2858 2464/651/2472/2851 
f 2467/655/2475/2857 2464/651/2472/2851 2463/649/2471/2849 
f 2468/656/2476/2858 2469/657/2477/2859 2465/653/2473/2853 
f 2468/656/2476/2858 2465/653/2473/2853 2464/651/2472/2851 
f 2284/515/2292/2860 2470/658/2478/2861 2466/654/2474/2856 
f 2284/515/2292/2860 2466/654/2474/2856 2282/513/2290/2855 
f 2470/658/2478/2861 2471/659/2479/2862 2467/655/2475/2857 
f 2470/658/2478/2861 2467/655/2475/2857 2466/654/2474/2856 
f 2471/659/2479/2862 2472/660/2480/2863 2468/656/2476/2858 
f 2471/659/2479/2862 2468/656/2476/2858 2467/655/2475/2857 
f 2472/660/2480/2863 2473/661/2481/2864 2469/657/2477/2859 
f 2472/660/2480/2863 2469/657/2477/2859 2468/656/2476/2858 
f 2286/517/2294/2834 2453/637/2461/2833 2470/658/2478/2861 
f 2286/517/2294/2834 2470/658/2478/2861 2284/515/2292/2860 
f 2453/637/2461/2833 2457/641/2465/2839 2471/659/2479/2862 
f 2453/637/2461/2833 2471/659/2479/2862 2470/658/2478/2861 
f 2457/641/2465/2839 2461/645/2469/2844 2472/660/2480/2863 
f 2457/641/2465/2839 2472/660/2480/2863 2471/659/2479/2862 
f 2461/645/2469/2844 2449/633/2457/2824 2473/661/2481/2864 
f 2461/645/2469/2844 2473/661/2481/2864 2472/660/2480/2863 
f 2474/662/2482/2865 2410/586/2418/2773 1085/587/1090/2776 
f 2474/662/2482/2865 1085/587/1090/2776 1161/663/1166/2866 
f 2475/664/2483/2867 2415/596/2423/2783 2410/586/2418/2773 
f 2475/664/2483/2867 2410/586/2418/2773 2474/662/2482/2865 
f 2476/665/2484/2868 2420/601/2428/2788 2415/596/2423/2783 
f 2476/665/2484/2868 2415/596/2423/2783 2475/664/2483/2867 
f 2446/630/2454/2821 2401/577/2409/2762 2420/601/2428/2788 
f 2446/630/2454/2821 2420/601/2428/2788 2476/665/2484/2868 
f 2477/666/2485/2869 2474/662/2482/2865 1161/663/1166/2866 
f 2477/666/2485/2869 1161/663/1166/2866 1165/667/1170/2870 
f 2478/668/2486/2871 2475/664/2483/2867 2474/662/2482/2865 
f 2478/668/2486/2871 2474/662/2482/2865 2477/666/2485/2869 
f 2479/669/2487/2872 2476/665/2484/2868 2475/664/2483/2867 
f 2479/669/2487/2872 2475/664/2483/2867 2478/668/2486/2871 
f 2447/631/2455/2822 2446/630/2454/2821 2476/665/2484/2868 
f 2447/631/2455/2822 2476/665/2484/2868 2479/669/2487/2872 
f 2480/670/2488/2873 2477/666/2485/2869 1165/667/1170/2870 
f 2480/670/2488/2873 1165/667/1170/2870 1169/671/1174/2874 
f 2481/672/2489/2875 2478/668/2486/2871 2477/666/2485/2869 
f 2481/672/2489/2875 2477/666/2485/2869 2480/670/2488/2873 
f 2482/673/2490/2876 2479/669/2487/2872 2478/668/2486/2871 
f 2482/673/2490/2876 2478/668/2486/2871 2481/672/2489/2875 
f 2448/632/2456/2823 2447/631/2455/2822 2479/669/2487/2872 
f 2448/632/2456/2823 2479/669/2487/2872 2482/673/2490/2876 
f 2465/653/2473/2853 2480/670/2488/2873 1169/671/1174/2874 
f 2465/653/2473/2853 1169/671/1174/2874 1150/652/1155/2854 
f 2469/657/2477/2859 2481/672/2489/2875 2480/670/2488/2873 
f 2469/657/2477/2859 2480/670/2488/2873 2465/653/2473/2853 
f 2473/661/2481/2864 2482/673/2490/2876 2481/672/2489/2875 
f 2473/661/2481/2864 2481/672/2489/2875 2469/657/2477/2859 
f 2449/633/2457/2824 2448/632/2456/2823 2482/673/2490/2876 
f 2449/633/2457/2824 2482/673/2490/2876 2473/661/2481/2864 
f 2311/544/2319/2655 2483/674/2491/2877 2224/441/2232/2878 
f 2311/544/2319/2655 2224/441/2232/2878 2161/347/2169/2656 
f 2483/674/2491/2877 2484/675/2492/2879 2229/446/2237/2880 
f 2483/674/2491/2877 2229/446/2237/2880 2224/441/2232/2878 
f 2484/675/2492/2879 2485/676/2493/2881 2234/451/2242/2882 
f 2484/675/2492/2879 2234/451/2242/2882 2229/446/2237/2880 
f 2485/676/2493/2881 2486/677/2494/2883 2210/426/2218/2884 
f 2485/676/2493/2881 2210/426/2218/2884 2234/451/2242/2882 
f 2313/546/2321/2659 2487/678/2495/2885 2483/674/2491/2877 
f 2313/546/2321/2659 2483/674/2491/2877 2311/544/2319/2655 
f 2487/678/2495/2885 2488/679/2496/2886 2484/675/2492/2879 
f 2487/678/2495/2885 2484/675/2492/2879 2483/674/2491/2877 
f 2488/679/2496/2886 2489/680/2497/2887 2485/676/2493/2881 
f 2488/679/2496/2886 2485/676/2493/2881 2484/675/2492/2879 
f 2489/680/2497/2887 2490/681/2498/2888 2486/677/2494/2883 
f 2489/680/2497/2887 2486/677/2494/2883 2485/676/2493/2881 
f 2315/548/2323/2661 2491/682/2499/2889 2487/678/2495/2885 
f 2315/548/2323/2661 2487/678/2495/2885 2313/546/2321/2659 
f 2491/682/2499/2889 2492/683/2500/2890 2488/679/2496/2886 
f 2491/682/2499/2889 2488/679/2496/2886 2487/678/2495/2885 
f 2492/683/2500/2890 2493/684/2501/2891 2489/680/2497/2887 
f 2492/683/2500/2890 2489/680/2497/2887 2488/679/2496/2886 
f 2493/684/2501/2891 2494/685/2502/2892 2490/681/2498/2888 
f 2493/684/2501/2891 2490/681/2498/2888 2489/680/2497/2887 
f 2274/503/2282/2609 2495/686/2503/2893 2491/682/2499/2889 
f 2274/503/2282/2609 2491/682/2499/2889 2315/548/2323/2661 
f 2495/686/2503/2893 2496/687/2504/2894 2492/683/2500/2890 
f 2495/686/2503/2893 2492/683/2500/2890 2491/682/2499/2889 
f 2496/687/2504/2894 2497/688/2505/2895 2493/684/2501/2891 
f 2496/687/2504/2894 2493/684/2501/2891 2492/683/2500/2890 
f 2497/688/2505/2895 2498/689/2506/2896 2494/685/2502/2892 
f 2497/688/2505/2895 2494/685/2502/2892 2493/684/2501/2891 
f 2204/421/2212/2897 2499/690/2507/2898 2109/399/2117/2406 
f 2204/421/2212/2897 2109/399/2117/2406 2036/178/2044/2405 
f 2499/690/2507/2898 2500/691/2508/2899 2114/403/2122/2415 
f 2499/690/2507/2898 2114/403/2122/2415 2109/399/2117/2406 
f 2501/692/2509/2900 2119/408/2127/2420 2114/403/2122/2415 
f 2501/692/2509/2900 2114/403/2122/2415 2500/691/2508/2899 
f 2502/693/2510/2901 2100/386/2108/2394 2119/408/2127/2420 
f 2502/693/2510/2901 2119/408/2127/2420 2501/692/2509/2900 
f 2206/423/2214/2902 2503/694/2511/2903 2499/690/2507/2898 
f 2206/423/2214/2902 2499/690/2507/2898 2204/421/2212/2897 
f 2504/695/2512/2904 2500/691/2508/2899 2499/690/2507/2898 
f 2504/695/2512/2904 2499/690/2507/2898 2503/694/2511/2903 
f 2505/696/2513/2905 2501/692/2509/2900 2500/691/2508/2899 
f 2505/696/2513/2905 2500/691/2508/2899 2504/695/2512/2904 
f 2506/697/2514/2906 2502/693/2510/2901 2501/692/2509/2900 
f 2506/697/2514/2906 2501/692/2509/2900 2505/696/2513/2905 
f 2507/698/2515/2907 2503/694/2511/2903 2206/423/2214/2902 
f 2507/698/2515/2907 2206/423/2214/2902 2208/424/2216/2908 
f 2508/699/2516/2909 2504/695/2512/2904 2503/694/2511/2903 
f 2508/699/2516/2909 2503/694/2511/2903 2507/698/2515/2907 
f 2509/700/2517/2910 2505/696/2513/2905 2504/695/2512/2904 
f 2509/700/2517/2910 2504/695/2512/2904 2508/699/2516/2909 
f 2510/701/2518/2911 2506/697/2514/2906 2505/696/2513/2905 
f 2510/701/2518/2911 2505/696/2513/2905 2509/700/2517/2910 
f 2486/677/2494/2883 2507/698/2515/2907 2208/424/2216/2908 
f 2486/677/2494/2883 2208/424/2216/2908 2210/426/2218/2884 
f 2490/681/2498/2888 2508/699/2516/2909 2507/698/2515/2907 
f 2490/681/2498/2888 2507/698/2515/2907 2486/677/2494/2883 
f 2494/685/2502/2892 2509/700/2517/2910 2508/699/2516/2909 
f 2494/685/2502/2892 2508/699/2516/2909 2490/681/2498/2888 
f 2498/689/2506/2896 2510/701/2518/2911 2509/700/2517/2910 
f 2498/689/2506/2896 2509/700/2517/2910 2494/685/2502/2892 
f 2094/381/2102/2387 2511/703/2519/2912 1200/702/1205/2913 
f 2094/381/2102/2387 1200/702/1205/2913 734/380/739/2388 
f 2511/703/2519/2912 2512/705/2520/2914 1202/704/1207/2915 
f 2511/703/2519/2912 1202/704/1207/2915 1200/702/1205/2913 
f 2512/705/2520/2914 2513/707/2521/2916 1204/706/1209/2917 
f 2512/705/2520/2914 1204/706/1209/2917 1202/704/1207/2915 
f 2513/707/2521/2916 2514/709/2522/2918 1206/708/1211/2919 
f 2513/707/2521/2916 1206/708/1211/2919 1204/706/1209/2917 
f 2096/383/2104/2390 2515/710/2523/2920 2511/703/2519/2912 
f 2096/383/2104/2390 2511/703/2519/2912 2094/381/2102/2387 
f 2515/710/2523/2920 2516/711/2524/2921 2512/705/2520/2914 
f 2515/710/2523/2920 2512/705/2520/2914 2511/703/2519/2912 
f 2516/711/2524/2921 2517/712/2525/2922 2513/707/2521/2916 
f 2516/711/2524/2921 2513/707/2521/2916 2512/705/2520/2914 
f 2517/712/2525/2922 2518/713/2526/2923 2514/709/2522/2918 
f 2517/712/2525/2922 2514/709/2522/2918 2513/707/2521/2916 
f 2098/384/2106/2392 2519/714/2527/2924 2515/710/2523/2920 
f 2098/384/2106/2392 2515/710/2523/2920 2096/383/2104/2390 
f 2519/714/2527/2924 2520/715/2528/2925 2516/711/2524/2921 
f 2519/714/2527/2924 2516/711/2524/2921 2515/710/2523/2920 
f 2520/715/2528/2925 2521/716/2529/2926 2517/712/2525/2922 
f 2520/715/2528/2925 2517/712/2525/2922 2516/711/2524/2921 
f 2521/716/2529/2926 2522/717/2530/2927 2518/713/2526/2923 
f 2521/716/2529/2926 2518/713/2526/2923 2517/712/2525/2922 
f 2100/386/2108/2394 2502/693/2510/2901 2519/714/2527/2924 
f 2100/386/2108/2394 2519/714/2527/2924 2098/384/2106/2392 
f 2502/693/2510/2901 2506/697/2514/2906 2520/715/2528/2925 
f 2502/693/2510/2901 2520/715/2528/2925 2519/714/2527/2924 
f 2506/697/2514/2906 2510/701/2518/2911 2521/716/2529/2926 
f 2506/697/2514/2906 2521/716/2529/2926 2520/715/2528/2925 
f 2510/701/2518/2911 2498/689/2506/2896 2522/717/2530/2927 
f 2510/701/2518/2911 2522/717/2530/2927 2521/716/2529/2926 
f 2523/718/2531/2928 2259/483/2267/2589 918/484/923/2592 
f 2523/718/2531/2928 918/484/923/2592 1217/719/1222/2929 
f 2524/720/2532/2930 2264/493/2272/2599 2259/483/2267/2589 
f 2524/720/2532/2930 2259/483/2267/2589 2523/718/2531/2928 
f 2525/721/2533/2931 2269/499/2277/2604 2264/493/2272/2599 
f 2525/721/2533/2931 2264/493/2272/2599 2524/720/2532/2930 
f 2495/686/2503/2893 2274/503/2282/2609 2269/499/2277/2604 
f 2495/686/2503/2893 2269/499/2277/2604 2525/721/2533/2931 
f 2526/722/2534/2932 2523/718/2531/2928 1217/719/1222/2929 
f 2526/722/2534/2932 1217/719/1222/2929 1221/723/1226/2933 
f 2527/724/2535/2934 2524/720/2532/2930 2523/718/2531/2928 
f 2527/724/2535/2934 2523/718/2531/2928 2526/722/2534/2932 
f 2528/725/2536/2935 2525/721/2533/2931 2524/720/2532/2930 
f 2528/725/2536/2935 2524/720/2532/2930 2527/724/2535/2934 
f 2496/687/2504/2894 2495/686/2503/2893 2525/721/2533/2931 
f 2496/687/2504/2894 2525/721/2533/2931 2528/725/2536/2935 
f 2529/726/2537/2936 2526/722/2534/2932 1221/723/1226/2933 
f 2529/726/2537/2936 1221/723/1226/2933 1225/727/1230/2937 
f 2530/728/2538/2938 2527/724/2535/2934 2526/722/2534/2932 
f 2530/728/2538/2938 2526/722/2534/2932 2529/726/2537/2936 
f 2531/729/2539/2939 2528/725/2536/2935 2527/724/2535/2934 
f 2531/729/2539/2939 2527/724/2535/2934 2530/728/2538/2938 
f 2497/688/2505/2895 2496/687/2504/2894 2528/725/2536/2935 
f 2497/688/2505/2895 2528/725/2536/2935 2531/729/2539/2939 
f 2514/709/2522/2918 2529/726/2537/2936 1225/727/1230/2937 
f 2514/709/2522/2918 1225/727/1230/2937 1206/708/1211/2919 
f 2518/713/2526/2923 2530/728/2538/2938 2529/726/2537/2936 
f 2518/713/2526/2923 2529/726/2537/2936 2514/709/2522/2918 
f 2522/717/2530/2927 2531/729/2539/2939 2530/728/2538/2938 
f 2522/717/2530/2927 2530/728/2538/2938 2518/713/2526/2923 
f 2498/689/2506/2896 2497/688/2505/2895 2531/729/2539/2939 
f 2498/689/2506/2896 2531/729/2539/2939 2522/717/2530/2927 
f 2532/96/2540/2940 2533/731/2541/2941 1230/730/1235/2942 
f 2532/96/2540/2940 1230/730/1235/2942 1229/97/1234/2943 
f 2533/731/2541/2941 2534/733/2542/2944 1232/732/1237/2945 
f 2533/731/2541/2941 1232/732/1237/2945 1230/730/1235/2942 
f 2534/733/2542/2944 2535/735/2543/2946 1234/734/1239/2947 
f 2534/733/2542/2944 1234/734/1239/2947 1232/732/1237/2945 
f 2535/735/2543/2946 2536/737/2544/2948 1236/736/1241/2949 
f 2535/735/2543/2946 1236/736/1241/2949 1234/734/1239/2947 
f 2532/96/2540/2940 2537/105/2545/2950 2538/738/2546/2951 
f 2532/96/2540/2940 2538/738/2546/2951 2533/731/2541/2941 
f 2538/738/2546/2951 2539/739/2547/2952 2534/733/2542/2944 
f 2538/738/2546/2951 2534/733/2542/2944 2533/731/2541/2941 
f 2539/739/2547/2952 2540/740/2548/2953 2535/735/2543/2946 
f 2539/739/2547/2952 2535/735/2543/2946 2534/733/2542/2944 
f 2540/740/2548/2953 2541/741/2549/2954 2536/737/2544/2948 
f 2540/740/2548/2953 2536/737/2544/2948 2535/735/2543/2946 
f 2537/105/2545/2950 2542/107/2550/2955 2543/742/2551/2956 
f 2537/105/2545/2950 2543/742/2551/2956 2538/738/2546/2951 
f 2538/738/2546/2951 2543/742/2551/2956 2544/743/2552/2957 
f 2538/738/2546/2951 2544/743/2552/2957 2539/739/2547/2952 
f 2539/739/2547/2952 2544/743/2552/2957 2545/744/2553/2958 
f 2539/739/2547/2952 2545/744/2553/2958 2540/740/2548/2953 
f 2545/744/2553/2958 2546/745/2554/2959 2541/741/2549/2954 
f 2545/744/2553/2958 2541/741/2549/2954 2540/740/2548/2953 
f 1535/69/1540/1693 2547/746/2555/2960 2543/742/2551/2956 
f 1535/69/1540/1693 2543/742/2551/2956 2542/107/2550/2955 
f 2543/742/2551/2956 2547/746/2555/2960 2548/747/2556/2961 
f 2543/742/2551/2956 2548/747/2556/2961 2544/743/2552/2957 
f 2544/743/2552/2957 2548/747/2556/2961 2549/748/2557/2962 
f 2544/743/2552/2957 2549/748/2557/2962 2545/744/2553/2958 
f 2549/748/2557/2962 2550/749/2558/2963 2546/745/2554/2959 
f 2549/748/2557/2962 2546/745/2554/2959 2545/744/2553/2958 
f 2551/751/2559/2964 1608/750/1616/2965 166/753/167/2966 
f 2551/751/2559/2964 166/753/167/2966 1253/752/1258/2967 
f 2552/755/2560/2968 1615/754/1623/2969 1608/750/1616/2965 
f 2552/755/2560/2968 1608/750/1616/2965 2551/751/2559/2964 
f 2553/756/2561/2970 1622/757/1630/2971 1615/754/1623/2969 
f 2553/756/2561/2970 1615/754/1623/2969 2552/755/2560/2968 
f 2554/758/2562/2972 1630/759/1638/2973 1622/757/1630/2971 
f 2554/758/2562/2972 1622/757/1630/2971 2553/756/2561/2970 
f 1258/761/1263/2974 2555/760/2563/2975 2551/751/2559/2964 
f 1258/761/1263/2974 2551/751/2559/2964 1253/752/1258/2967 
f 2556/762/2564/2976 2552/755/2560/2968 2551/751/2559/2964 
f 2556/762/2564/2976 2551/751/2559/2964 2555/760/2563/2975 
f 2557/763/2565/2977 2553/756/2561/2970 2552/755/2560/2968 
f 2557/763/2565/2977 2552/755/2560/2968 2556/762/2564/2976 
f 2558/764/2566/2978 2554/758/2562/2972 2553/756/2561/2970 
f 2558/764/2566/2978 2553/756/2561/2970 2557/763/2565/2977 
f 1263/766/1268/2979 2559/765/2567/2980 2555/760/2563/2975 
f 1263/766/1268/2979 2555/760/2563/2975 1258/761/1263/2974 
f 2560/767/2568/2981 2556/762/2564/2976 2555/760/2563/2975 
f 2560/767/2568/2981 2555/760/2563/2975 2559/765/2567/2980 
f 2561/768/2569/2982 2557/763/2565/2977 2556/762/2564/2976 
f 2561/768/2569/2982 2556/762/2564/2976 2560/767/2568/2981 
f 2562/769/2570/2983 2558/764/2566/2978 2557/763/2565/2977 
f 2562/769/2570/2983 2557/763/2565/2977 2561/768/2569/2982 
f 2536/737/2544/2948 2559/765/2567/2980 1263/766/1268/2979 
f 2536/737/2544/2948 1263/766/1268/2979 1236/736/1241/2949 
f 2541/741/2549/2954 2560/767/2568/2981 2559/765/2567/2980 
f 2541/741/2549/2954 2559/765/2567/2980 2536/737/2544/2948 
f 2546/745/2554/2959 2561/768/2569/2982 2560/767/2568/2981 
f 2546/745/2554/2959 2560/767/2568/2981 2541/741/2549/2954 
f 2550/749/2558/2963 2562/769/2570/2983 2561/768/2569/2982 
f 2550/749/2558/2963 2561/768/2569/2982 2546/745/2554/2959 
f 2563/770/2571/2984 2564/773/2572/2985 2565/772/2573/2986 
f 2563/770/2571/2984 2565/772/2573/2986 1720/771/1728/2987 
f 2564/773/2572/2985 2566/775/2574/2988 2567/774/2575/2989 
f 2564/773/2572/2985 2567/774/2575/2989 2565/772/2573/2986 
f 2566/775/2574/2988 2568/777/2576/2990 2569/776/2577/2991 
f 2566/775/2574/2988 2569/776/2577/2991 2567/774/2575/2989 
f 2568/777/2576/2990 2570/779/2578/2992 2571/778/2579/2993 
f 2568/777/2576/2990 2571/778/2579/2993 2569/776/2577/2991 
f 2572/780/2580/2994 2573/781/2581/2995 2564/773/2572/2985 
f 2572/780/2580/2994 2564/773/2572/2985 2563/770/2571/2984 
f 2573/781/2581/2995 2574/782/2582/2996 2566/775/2574/2988 
f 2573/781/2581/2995 2566/775/2574/2988 2564/773/2572/2985 
f 2574/782/2582/2996 2575/783/2583/2997 2568/777/2576/2990 
f 2574/782/2582/2996 2568/777/2576/2990 2566/775/2574/2988 
f 2575/783/2583/2997 2576/784/2584/2998 2570/779/2578/2992 
f 2575/783/2583/2997 2570/779/2578/2992 2568/777/2576/2990 
f 2577/785/2585/2999 2578/786/2586/3000 2573/781/2581/2995 
f 2577/785/2585/2999 2573/781/2581/2995 2572/780/2580/2994 
f 2578/786/2586/3000 2579/787/2587/3001 2574/782/2582/2996 
f 2578/786/2586/3000 2574/782/2582/2996 2573/781/2581/2995 
f 2579/787/2587/3001 2580/788/2588/3002 2575/783/2583/2997 
f 2579/787/2587/3001 2575/783/2583/2997 2574/782/2582/2996 
f 2580/788/2588/3002 2581/789/2589/3003 2576/784/2584/2998 
f 2580/788/2588/3002 2576/784/2584/2998 2575/783/2583/2997 
f 1630/759/1638/2973 2554/758/2562/2972 2578/786/2586/3000 
f 1630/759/1638/2973 2578/786/2586/3000 2577/785/2585/2999 
f 2554/758/2562/2972 2558/764/2566/2978 2579/787/2587/3001 
f 2554/758/2562/2972 2579/787/2587/3001 2578/786/2586/3000 
f 2558/764/2566/2978 2562/769/2570/2983 2580/788/2588/3002 
f 2558/764/2566/2978 2580/788/2588/3002 2579/787/2587/3001 
f 2562/769/2570/2983 2550/749/2558/2963 2581/789/2589/3003 
f 2562/769/2570/2983 2581/789/2589/3003 2580/788/2588/3002 
f 2582/790/2590/3004 1511/47/1516/1669 1514/48/1519/1672 
f 2582/790/2590/3004 1514/48/1519/1672 2583/791/2591/3005 
f 2584/792/2592/3006 1523/58/1528/1681 1511/47/1516/1669 
f 2584/792/2592/3006 1511/47/1516/1669 2582/790/2590/3004 
f 2585/793/2593/3007 1529/64/1534/1687 1523/58/1528/1681 
f 2585/793/2593/3007 1523/58/1528/1681 2584/792/2592/3006 
f 2547/746/2555/2960 1535/69/1540/1693 1529/64/1534/1687 
f 2547/746/2555/2960 1529/64/1534/1687 2585/793/2593/3007 
f 2586/794/2594/3008 2582/790/2590/3004 2583/791/2591/3005 
f 2586/794/2594/3008 2583/791/2591/3005 2587/795/2595/3009 
f 2588/796/2596/3010 2584/792/2592/3006 2582/790/2590/3004 
f 2588/796/2596/3010 2582/790/2590/3004 2586/794/2594/3008 
f 2589/797/2597/3011 2585/793/2593/3007 2584/792/2592/3006 
f 2589/797/2597/3011 2584/792/2592/3006 2588/796/2596/3010 
f 2548/747/2556/2961 2547/746/2555/2960 2585/793/2593/3007 
f 2548/747/2556/2961 2585/793/2593/3007 2589/797/2597/3011 
f 2590/798/2598/3012 2586/794/2594/3008 2587/795/2595/3009 
f 2590/798/2598/3012 2587/795/2595/3009 2591/799/2599/3013 
f 2592/800/2600/3014 2588/796/2596/3010 2586/794/2594/3008 
f 2592/800/2600/3014 2586/794/2594/3008 2590/798/2598/3012 
f 2593/801/2601/3015 2589/797/2597/3011 2588/796/2596/3010 
f 2593/801/2601/3015 2588/796/2596/3010 2592/800/2600/3014 
f 2549/748/2557/2962 2548/747/2556/2961 2589/797/2597/3011 
f 2549/748/2557/2962 2589/797/2597/3011 2593/801/2601/3015 
f 2570/779/2578/2992 2590/798/2598/3012 2591/799/2599/3013 
f 2570/779/2578/2992 2591/799/2599/3013 2571/778/2579/2993 
f 2576/784/2584/2998 2592/800/2600/3014 2590/798/2598/3012 
f 2576/784/2584/2998 2590/798/2598/3012 2570/779/2578/2992 
f 2581/789/2589/3003 2593/801/2601/3015 2592/800/2600/3014 
f 2581/789/2589/3003 2592/800/2600/3014 2576/784/2584/2998 
f 2550/749/2558/2963 2549/748/2557/2962 2593/801/2601/3015 
f 2550/749/2558/2963 2593/801/2601/3015 2581/789/2589/3003 
f 2594/47/2602/3016 2595/790/2603/3017 2583/791/2591/3018 
f 2594/47/2602/3016 2583/791/2591/3018 1514/48/1519/3019 
f 2595/790/2603/3017 2596/794/2604/3020 2587/795/2595/3021 
f 2595/790/2603/3017 2587/795/2595/3021 2583/791/2591/3018 
f 2596/794/2604/3020 2597/798/2605/3022 2591/799/2599/3023 
f 2596/794/2604/3020 2591/799/2599/3023 2587/795/2595/3021 
f 2597/798/2605/3022 2598/779/2606/3024 2571/778/2579/3025 
f 2597/798/2605/3022 2571/778/2579/3025 2591/799/2599/3023 
f 2599/58/2607/3026 2600/792/2608/3027 2595/790/2603/3017 
f 2599/58/2607/3026 2595/790/2603/3017 2594/47/2602/3016 
f 2600/792/2608/3027 2601/796/2609/3028 2596/794/2604/3020 
f 2600/792/2608/3027 2596/794/2604/3020 2595/790/2603/3017 
f 2601/796/2609/3028 2602/800/2610/3029 2597/798/2605/3022 
f 2601/796/2609/3028 2597/798/2605/3022 2596/794/2604/3020 
f 2602/800/2610/3029 2603/784/2611/3030 2598/779/2606/3024 
f 2602/800/2610/3029 2598/779/2606/3024 2597/798/2605/3022 
f 2604/64/2612/3031 2605/793/2613/3032 2600/792/2608/3027 
f 2604/64/2612/3031 2600/792/2608/3027 2599/58/2607/3026 
f 2605/793/2613/3032 2606/797/2614/3033 2601/796/2609/3028 
f 2605/793/2613/3032 2601/796/2609/3028 2600/792/2608/3027 
f 2606/797/2614/3033 2607/801/2615/3034 2602/800/2610/3029 
f 2606/797/2614/3033 2602/800/2610/3029 2601/796/2609/3028 
f 2607/801/2615/3034 2608/789/2616/3035 2603/784/2611/3030 
f 2607/801/2615/3034 2603/784/2611/3030 2602/800/2610/3029 
f 1598/69/1603/1779 2609/746/2617/3036 2605/793/2613/3032 
f 1598/69/1603/1779 2605/793/2613/3032 2604/64/2612/3031 
f 2609/746/2617/3036 2610/747/2618/3037 2606/797/2614/3033 
f 2609/746/2617/3036 2606/797/2614/3033 2605/793/2613/3032 
f 2610/747/2618/3037 2611/748/2619/3038 2607/801/2615/3034 
f 2610/747/2618/3037 2607/801/2615/3034 2606/797/2614/3033 
f 2611/748/2619/3038 2612/749/2620/3039 2608/789/2616/3035 
f 2611/748/2619/3038 2608/789/2616/3035 2607/801/2615/3034 
f 2613/773/2621/3040 1721/770/1729/3041 1720/771/1728/3042 
f 2613/773/2621/3040 1720/771/1728/3042 2565/772/2573/3043 
f 2614/781/2622/3044 1728/780/1736/3045 1721/770/1729/3041 
f 2614/781/2622/3044 1721/770/1729/3041 2613/773/2621/3040 
f 2615/786/2623/3046 1735/785/1743/3047 1728/780/1736/3045 
f 2615/786/2623/3046 1728/780/1736/3045 2614/781/2622/3044 
f 2616/758/2624/3048 1699/759/1707/3049 1735/785/1743/3047 
f 2616/758/2624/3048 1735/785/1743/3047 2615/786/2623/3046 
f 2617/775/2625/3050 2613/773/2621/3040 2565/772/2573/3043 
f 2617/775/2625/3050 2565/772/2573/3043 2567/774/2575/3051 
f 2618/782/2626/3052 2614/781/2622/3044 2613/773/2621/3040 
f 2618/782/2626/3052 2613/773/2621/3040 2617/775/2625/3050 
f 2619/787/2627/3053 2615/786/2623/3046 2614/781/2622/3044 
f 2619/787/2627/3053 2614/781/2622/3044 2618/782/2626/3052 
f 2620/764/2628/3054 2616/758/2624/3048 2615/786/2623/3046 
f 2620/764/2628/3054 2615/786/2623/3046 2619/787/2627/3053 
f 2621/777/2629/3055 2617/775/2625/3050 2567/774/2575/3051 
f 2621/777/2629/3055 2567/774/2575/3051 2569/776/2577/3056 
f 2622/783/2630/3057 2618/782/2626/3052 2617/775/2625/3050 
f 2622/783/2630/3057 2617/775/2625/3050 2621/777/2629/3055 
f 2623/788/2631/3058 2619/787/2627/3053 2618/782/2626/3052 
f 2623/788/2631/3058 2618/782/2626/3052 2622/783/2630/3057 
f 2624/769/2632/3059 2620/764/2628/3054 2619/787/2627/3053 
f 2624/769/2632/3059 2619/787/2627/3053 2623/788/2631/3058 
f 2598/779/2606/3024 2621/777/2629/3055 2569/776/2577/3056 
f 2598/779/2606/3024 2569/776/2577/3056 2571/778/2579/3025 
f 2603/784/2611/3030 2622/783/2630/3057 2621/777/2629/3055 
f 2603/784/2611/3030 2621/777/2629/3055 2598/779/2606/3024 
f 2608/789/2616/3035 2623/788/2631/3058 2622/783/2630/3057 
f 2608/789/2616/3035 2622/783/2630/3057 2603/784/2611/3030 
f 2612/749/2620/3039 2624/769/2632/3059 2623/788/2631/3058 
f 2612/749/2620/3039 2623/788/2631/3058 2608/789/2616/3035 
f 1692/750/1700/3060 2625/751/2633/3061 1329/752/1334/3062 
f 1692/750/1700/3060 1329/752/1334/3062 261/753/262/3063 
f 2625/751/2633/3061 2626/760/2634/3064 1331/761/1336/3065 
f 2625/751/2633/3061 1331/761/1336/3065 1329/752/1334/3062 
f 2626/760/2634/3064 2627/765/2635/3066 1333/766/1338/3067 
f 2626/760/2634/3064 1333/766/1338/3067 1331/761/1336/3065 
f 2627/765/2635/3066 2628/737/2636/3068 1335/736/1340/3069 
f 2627/765/2635/3066 1335/736/1340/3069 1333/766/1338/3067 
f 1692/750/1700/3060 1695/754/1703/3070 2629/755/2637/3071 
f 1692/750/1700/3060 2629/755/2637/3071 2625/751/2633/3061 
f 2625/751/2633/3061 2629/755/2637/3071 2630/762/2638/3072 
f 2625/751/2633/3061 2630/762/2638/3072 2626/760/2634/3064 
f 2626/760/2634/3064 2630/762/2638/3072 2631/767/2639/3073 
f 2626/760/2634/3064 2631/767/2639/3073 2627/765/2635/3066 
f 2627/765/2635/3066 2631/767/2639/3073 2632/741/2640/3074 
f 2627/765/2635/3066 2632/741/2640/3074 2628/737/2636/3068 
f 1695/754/1703/3070 1697/757/1705/3075 2633/756/2641/3076 
f 1695/754/1703/3070 2633/756/2641/3076 2629/755/2637/3071 
f 2629/755/2637/3071 2633/756/2641/3076 2634/763/2642/3077 
f 2629/755/2637/3071 2634/763/2642/3077 2630/762/2638/3072 
f 2630/762/2638/3072 2634/763/2642/3077 2635/768/2643/3078 
f 2630/762/2638/3072 2635/768/2643/3078 2631/767/2639/3073 
f 2631/767/2639/3073 2635/768/2643/3078 2636/745/2644/3079 
f 2631/767/2639/3073 2636/745/2644/3079 2632/741/2640/3074 
f 1697/757/1705/3075 1699/759/1707/3049 2616/758/2624/3048 
f 1697/757/1705/3075 2616/758/2624/3048 2633/756/2641/3076 
f 2633/756/2641/3076 2616/758/2624/3048 2620/764/2628/3054 
f 2633/756/2641/3076 2620/764/2628/3054 2634/763/2642/3077 
f 2634/763/2642/3077 2620/764/2628/3054 2624/769/2632/3059 
f 2634/763/2642/3077 2624/769/2632/3059 2635/768/2643/3078 
f 2635/768/2643/3078 2624/769/2632/3059 2612/749/2620/3039 
f 2635/768/2643/3078 2612/749/2620/3039 2636/745/2644/3079 
f 2637/731/2645/3080 1581/96/1586/1758 125/97/127/1757 
f 2637/731/2645/3080 125/97/127/1757 1346/730/1351/3081 
f 2638/738/2646/3082 1586/105/1591/1767 1581/96/1586/1758 
f 2638/738/2646/3082 1581/96/1586/1758 2637/731/2645/3080 
f 2639/742/2647/3083 1592/107/1597/1773 1586/105/1591/1767 
f 2639/742/2647/3083 1586/105/1591/1767 2638/738/2646/3082 
f 2609/746/2617/3036 1598/69/1603/1779 1592/107/1597/1773 
f 2609/746/2617/3036 1592/107/1597/1773 2639/742/2647/3083 
f 2640/733/2648/3084 2637/731/2645/3080 1346/730/1351/3081 
f 2640/733/2648/3084 1346/730/1351/3081 1350/732/1355/3085 
f 2641/739/2649/3086 2638/738/2646/3082 2637/731/2645/3080 
f 2641/739/2649/3086 2637/731/2645/3080 2640/733/2648/3084 
f 2642/743/2650/3087 2639/742/2647/3083 2638/738/2646/3082 
f 2642/743/2650/3087 2638/738/2646/3082 2641/739/2649/3086 
f 2610/747/2618/3037 2609/746/2617/3036 2639/742/2647/3083 
f 2610/747/2618/3037 2639/742/2647/3083 2642/743/2650/3087 
f 2643/735/2651/3088 2640/733/2648/3084 1350/732/1355/3085 
f 2643/735/2651/3088 1350/732/1355/3085 1354/734/1359/3089 
f 2644/740/2652/3090 2641/739/2649/3086 2640/733/2648/3084 
f 2644/740/2652/3090 2640/733/2648/3084 2643/735/2651/3088 
f 2645/744/2653/3091 2642/743/2650/3087 2641/739/2649/3086 
f 2645/744/2653/3091 2641/739/2649/3086 2644/740/2652/3090 
f 2611/748/2619/3038 2610/747/2618/3037 2642/743/2650/3087 
f 2611/748/2619/3038 2642/743/2650/3087 2645/744/2653/3091 
f 2628/737/2636/3068 2643/735/2651/3088 1354/734/1359/3089 
f 2628/737/2636/3068 1354/734/1359/3089 1335/736/1340/3069 
f 2628/737/2636/3068 2632/741/2640/3074 2644/740/2652/3090 
f 2628/737/2636/3068 2644/740/2652/3090 2643/735/2651/3088 
f 2632/741/2640/3074 2636/745/2644/3079 2645/744/2653/3091 
f 2632/741/2640/3074 2645/744/2653/3091 2644/740/2652/3090 
f 2636/745/2644/3079 2612/749/2620/3039 2611/748/2619/3038 
f 2636/745/2644/3079 2611/748/2619/3038 2645/744/2653/3091 
f 1877/48/1885/2120 1876/47/1884/2119 2646/790/2654/3092 
f 1877/48/1885/2120 2646/790/2654/3092 2647/791/2655/3093 
f 2647/791/2655/3093 2646/790/2654/3092 2648/794/2656/3094 
f 2647/791/2655/3093 2648/794/2656/3094 2649/795/2657/3095 
f 2649/795/2657/3095 2648/794/2656/3094 2650/798/2658/3096 
f 2649/795/2657/3095 2650/798/2658/3096 2651/799/2659/3097 
f 2651/799/2659/3097 2650/798/2658/3096 2652/779/2660/3098 
f 2651/799/2659/3097 2652/779/2660/3098 2653/778/2661/3099 
f 1876/47/1884/2119 1879/58/1887/2122 2654/792/2662/3100 
f 1876/47/1884/2119 2654/792/2662/3100 2646/790/2654/3092 
f 2646/790/2654/3092 2654/792/2662/3100 2655/796/2663/3101 
f 2646/790/2654/3092 2655/796/2663/3101 2648/794/2656/3094 
f 2648/794/2656/3094 2655/796/2663/3101 2656/800/2664/3102 
f 2648/794/2656/3094 2656/800/2664/3102 2650/798/2658/3096 
f 2650/798/2658/3096 2656/800/2664/3102 2657/784/2665/3103 
f 2650/798/2658/3096 2657/784/2665/3103 2652/779/2660/3098 
f 1879/58/1887/2122 1881/64/1889/2124 2658/793/2666/3104 
f 1879/58/1887/2122 2658/793/2666/3104 2654/792/2662/3100 
f 2654/792/2662/3100 2658/793/2666/3104 2659/797/2667/3105 
f 2654/792/2662/3100 2659/797/2667/3105 2655/796/2663/3101 
f 2655/796/2663/3101 2659/797/2667/3105 2660/801/2668/3106 
f 2655/796/2663/3101 2660/801/2668/3106 2656/800/2664/3102 
f 2656/800/2664/3102 2660/801/2668/3106 2661/789/2669/3107 
f 2656/800/2664/3102 2661/789/2669/3107 2657/784/2665/3103 
f 1881/64/1889/2124 1883/69/1891/2126 2662/746/2670/3108 
f 1881/64/1889/2124 2662/746/2670/3108 2658/793/2666/3104 
f 2658/793/2666/3104 2662/746/2670/3108 2663/747/2671/3109 
f 2658/793/2666/3104 2663/747/2671/3109 2659/797/2667/3105 
f 2659/797/2667/3105 2663/747/2671/3109 2664/748/2672/3110 
f 2659/797/2667/3105 2664/748/2672/3110 2660/801/2668/3106 
f 2660/801/2668/3106 2664/748/2672/3110 2665/749/2673/3111 
f 2660/801/2668/3106 2665/749/2673/3111 2661/789/2669/3107 
f 2666/772/2674/3112 2667/773/2675/3113 2008/770/2016/3114 
f 2666/772/2674/3112 2008/770/2016/3114 2007/771/2015/3115 
f 2667/773/2675/3113 2668/781/2676/3116 2020/780/2028/3117 
f 2667/773/2675/3113 2020/780/2028/3117 2008/770/2016/3114 
f 2668/781/2676/3116 2669/786/2677/3118 2027/785/2035/3119 
f 2668/781/2676/3116 2027/785/2035/3119 2020/780/2028/3117 
f 2669/786/2677/3118 2670/758/2678/3120 1984/759/1992/3121 
f 2669/786/2677/3118 1984/759/1992/3121 2027/785/2035/3119 
f 2671/774/2679/3122 2672/775/2680/3123 2667/773/2675/3113 
f 2671/774/2679/3122 2667/773/2675/3113 2666/772/2674/3112 
f 2672/775/2680/3123 2673/782/2681/3124 2668/781/2676/3116 
f 2672/775/2680/3123 2668/781/2676/3116 2667/773/2675/3113 
f 2673/782/2681/3124 2674/787/2682/3125 2669/786/2677/3118 
f 2673/782/2681/3124 2669/786/2677/3118 2668/781/2676/3116 
f 2674/787/2682/3125 2675/764/2683/3126 2670/758/2678/3120 
f 2674/787/2682/3125 2670/758/2678/3120 2669/786/2677/3118 
f 2676/776/2684/3127 2677/777/2685/3128 2672/775/2680/3123 
f 2676/776/2684/3127 2672/775/2680/3123 2671/774/2679/3122 
f 2677/777/2685/3128 2678/783/2686/3129 2673/782/2681/3124 
f 2677/777/2685/3128 2673/782/2681/3124 2672/775/2680/3123 
f 2678/783/2686/3129 2679/788/2687/3130 2674/787/2682/3125 
f 2678/783/2686/3129 2674/787/2682/3125 2673/782/2681/3124 
f 2679/788/2687/3130 2680/769/2688/3131 2675/764/2683/3126 
f 2679/788/2687/3130 2675/764/2683/3126 2674/787/2682/3125 
f 2653/778/2661/3099 2652/779/2660/3098 2677/777/2685/3128 
f 2653/778/2661/3099 2677/777/2685/3128 2676/776/2684/3127 
f 2652/779/2660/3098 2657/784/2665/3103 2678/783/2686/3129 
f 2652/779/2660/3098 2678/783/2686/3129 2677/777/2685/3128 
f 2657/784/2665/3103 2661/789/2669/3107 2679/788/2687/3130 
f 2657/784/2665/3103 2679/788/2687/3130 2678/783/2686/3129 
f 2661/789/2669/3107 2665/749/2673/3111 2680/769/2688/3131 
f 2661/789/2669/3107 2680/769/2688/3131 2679/788/2687/3130 
f 600/753/605/3132 1978/750/1986/3133 2681/751/2689/3134 
f 600/753/605/3132 2681/751/2689/3134 1393/752/1398/3135 
f 1393/752/1398/3135 2681/751/2689/3134 2682/760/2690/3136 
f 1393/752/1398/3135 2682/760/2690/3136 1394/761/1399/3137 
f 1394/761/1399/3137 2682/760/2690/3136 2683/765/2691/3138 
f 1394/761/1399/3137 2683/765/2691/3138 1396/766/1401/3139 
f 1396/766/1401/3139 2683/765/2691/3138 2684/737/2692/3140 
f 1396/766/1401/3139 2684/737/2692/3140 1399/736/1404/3141 
f 1978/750/1986/3133 1980/754/1988/3142 2685/755/2693/3143 
f 1978/750/1986/3133 2685/755/2693/3143 2681/751/2689/3134 
f 2681/751/2689/3134 2685/755/2693/3143 2686/762/2694/3144 
f 2681/751/2689/3134 2686/762/2694/3144 2682/760/2690/3136 
f 2682/760/2690/3136 2686/762/2694/3144 2687/767/2695/3145 
f 2682/760/2690/3136 2687/767/2695/3145 2683/765/2691/3138 
f 2683/765/2691/3138 2687/767/2695/3145 2688/741/2696/3146 
f 2683/765/2691/3138 2688/741/2696/3146 2684/737/2692/3140 
f 1980/754/1988/3142 1982/757/1990/3147 2689/756/2697/3148 
f 1980/754/1988/3142 2689/756/2697/3148 2685/755/2693/3143 
f 2685/755/2693/3143 2689/756/2697/3148 2690/763/2698/3149 
f 2685/755/2693/3143 2690/763/2698/3149 2686/762/2694/3144 
f 2686/762/2694/3144 2690/763/2698/3149 2691/768/2699/3150 
f 2686/762/2694/3144 2691/768/2699/3150 2687/767/2695/3145 
f 2687/767/2695/3145 2691/768/2699/3150 2692/745/2700/3151 
f 2687/767/2695/3145 2692/745/2700/3151 2688/741/2696/3146 
f 1982/757/1990/3147 1984/759/1992/3121 2670/758/2678/3120 
f 1982/757/1990/3147 2670/758/2678/3120 2689/756/2697/3148 
f 2689/756/2697/3148 2670/758/2678/3120 2675/764/2683/3126 
f 2689/756/2697/3148 2675/764/2683/3126 2690/763/2698/3149 
f 2690/763/2698/3149 2675/764/2683/3126 2680/769/2688/3131 
f 2690/763/2698/3149 2680/769/2688/3131 2691/768/2699/3150 
f 2691/768/2699/3150 2680/769/2688/3131 2665/749/2673/3111 
f 2691/768/2699/3150 2665/749/2673/3111 2692/745/2700/3151 
f 2693/731/2701/3152 1899/96/1907/2144 499/97/502/2143 
f 2693/731/2701/3152 499/97/502/2143 1409/730/1414/3153 
f 2693/731/2701/3152 2694/738/2702/3154 1905/105/1913/2153 
f 2693/731/2701/3152 1905/105/1913/2153 1899/96/1907/2144 
f 2694/738/2702/3154 2695/742/2703/3155 1910/107/1918/2158 
f 2694/738/2702/3154 1910/107/1918/2158 1905/105/1913/2153 
f 2695/742/2703/3155 2662/746/2670/3108 1883/69/1891/2126 
f 2695/742/2703/3155 1883/69/1891/2126 1910/107/1918/2158 
f 1413/732/1418/3156 2696/733/2704/3157 2693/731/2701/3152 
f 1413/732/1418/3156 2693/731/2701/3152 1409/730/1414/3153 
f 2696/733/2704/3157 2697/739/2705/3158 2694/738/2702/3154 
f 2696/733/2704/3157 2694/738/2702/3154 2693/731/2701/3152 
f 2697/739/2705/3158 2698/743/2706/3159 2695/742/2703/3155 
f 2697/739/2705/3158 2695/742/2703/3155 2694/738/2702/3154 
f 2698/743/2706/3159 2663/747/2671/3109 2662/746/2670/3108 
f 2698/743/2706/3159 2662/746/2670/3108 2695/742/2703/3155 
f 1417/734/1422/3160 2699/735/2707/3161 2696/733/2704/3157 
f 1417/734/1422/3160 2696/733/2704/3157 1413/732/1418/3156 
f 2699/735/2707/3161 2700/740/2708/3162 2697/739/2705/3158 
f 2699/735/2707/3161 2697/739/2705/3158 2696/733/2704/3157 
f 2700/740/2708/3162 2701/744/2709/3163 2698/743/2706/3159 
f 2700/740/2708/3162 2698/743/2706/3159 2697/739/2705/3158 
f 2701/744/2709/3163 2664/748/2672/3110 2663/747/2671/3109 
f 2701/744/2709/3163 2663/747/2671/3109 2698/743/2706/3159 
f 1399/736/1404/3141 2684/737/2692/3140 2699/735/2707/3161 
f 1399/736/1404/3141 2699/735/2707/3161 1417/734/1422/3160 
f 2684/737/2692/3140 2688/741/2696/3146 2700/740/2708/3162 
f 2684/737/2692/3140 2700/740/2708/3162 2699/735/2707/3161 
f 2688/741/2696/3146 2692/745/2700/3151 2701/744/2709/3163 
f 2688/741/2696/3146 2701/744/2709/3163 2700/740/2708/3162 
f 2692/745/2700/3151 2665/749/2673/3111 2664/748/2672/3110 
f 2692/745/2700/3151 2664/748/2672/3110 2701/744/2709/3163 
f 1943/96/1951/2207 2702/731/2710/3164 1421/730/1426/3165 
f 1943/96/1951/2207 1421/730/1426/3165 561/97/566/2208 
f 1421/730/1426/3165 2702/731/2710/3164 2703/733/2711/3166 
f 1421/730/1426/3165 2703/733/2711/3166 1423/732/1428/3167 
f 2703/733/2711/3166 2704/735/2712/3168 1424/734/1429/3169 
f 2703/733/2711/3166 1424/734/1429/3169 1423/732/1428/3167 
f 2704/735/2712/3168 2705/737/2713/3170 1426/736/1431/3171 
f 2704/735/2712/3168 1426/736/1431/3171 1424/734/1429/3169 
f 1943/96/1951/2207 1945/105/1953/2211 2706/738/2714/3172 
f 1943/96/1951/2207 2706/738/2714/3172 2702/731/2710/3164 
f 2702/731/2710/3164 2706/738/2714/3172 2707/739/2715/3173 
f 2702/731/2710/3164 2707/739/2715/3173 2703/733/2711/3166 
f 2707/739/2715/3173 2708/740/2716/3174 2704/735/2712/3168 
f 2707/739/2715/3173 2704/735/2712/3168 2703/733/2711/3166 
f 2708/740/2716/3174 2709/741/2717/3175 2705/737/2713/3170 
f 2708/740/2716/3174 2705/737/2713/3170 2704/735/2712/3168 
f 1945/105/1953/2211 1947/107/1955/2213 2710/742/2718/3176 
f 1945/105/1953/2211 2710/742/2718/3176 2706/738/2714/3172 
f 2706/738/2714/3172 2710/742/2718/3176 2711/743/2719/3177 
f 2706/738/2714/3172 2711/743/2719/3177 2707/739/2715/3173 
f 2711/743/2719/3177 2712/744/2720/3178 2708/740/2716/3174 
f 2711/743/2719/3177 2708/740/2716/3174 2707/739/2715/3173 
f 2712/744/2720/3178 2713/745/2721/3179 2709/741/2717/3175 
f 2712/744/2720/3178 2709/741/2717/3175 2708/740/2716/3174 
f 1947/107/1955/2213 1949/69/1957/2215 2714/746/2722/3180 
f 1947/107/1955/2213 2714/746/2722/3180 2710/742/2718/3176 
f 2714/746/2722/3180 2715/747/2723/3181 2711/743/2719/3177 
f 2714/746/2722/3180 2711/743/2719/3177 2710/742/2718/3176 
f 2715/747/2723/3181 2716/748/2724/3182 2712/744/2720/3178 
f 2715/747/2723/3181 2712/744/2720/3178 2711/743/2719/3177 
f 2716/748/2724/3182 2717/749/2725/3183 2713/745/2721/3179 
f 2716/748/2724/3182 2713/745/2721/3179 2712/744/2720/3178 
f 1441/752/1446/3184 2718/751/2726/3185 2066/750/2074/3186 
f 1441/752/1446/3184 2066/750/2074/3186 697/753/702/3187 
f 2718/751/2726/3185 2719/755/2727/3188 2073/754/2081/3189 
f 2718/751/2726/3185 2073/754/2081/3189 2066/750/2074/3186 
f 2719/755/2727/3188 2720/756/2728/3190 2080/757/2088/3191 
f 2719/755/2727/3188 2080/757/2088/3191 2073/754/2081/3189 
f 2720/756/2728/3190 2721/758/2729/3192 2087/759/2095/3193 
f 2720/756/2728/3190 2087/759/2095/3193 2080/757/2088/3191 
f 2722/760/2730/3194 2718/751/2726/3185 1441/752/1446/3184 
f 2722/760/2730/3194 1441/752/1446/3184 1446/761/1451/3195 
f 2722/760/2730/3194 2723/762/2731/3196 2719/755/2727/3188 
f 2722/760/2730/3194 2719/755/2727/3188 2718/751/2726/3185 
f 2723/762/2731/3196 2724/763/2732/3197 2720/756/2728/3190 
f 2723/762/2731/3196 2720/756/2728/3190 2719/755/2727/3188 
f 2724/763/2732/3197 2725/764/2733/3198 2721/758/2729/3192 
f 2724/763/2732/3197 2721/758/2729/3192 2720/756/2728/3190 
f 1451/766/1456/3199 2726/765/2734/3200 2722/760/2730/3194 
f 1451/766/1456/3199 2722/760/2730/3194 1446/761/1451/3195 
f 2726/765/2734/3200 2727/767/2735/3201 2723/762/2731/3196 
f 2726/765/2734/3200 2723/762/2731/3196 2722/760/2730/3194 
f 2727/767/2735/3201 2728/768/2736/3202 2724/763/2732/3197 
f 2727/767/2735/3201 2724/763/2732/3197 2723/762/2731/3196 
f 2729/769/2737/3203 2725/764/2733/3198 2724/763/2732/3197 
f 2729/769/2737/3203 2724/763/2732/3197 2728/768/2736/3202 
f 1426/736/1431/3171 2705/737/2713/3170 2726/765/2734/3200 
f 1426/736/1431/3171 2726/765/2734/3200 1451/766/1456/3199 
f 2709/741/2717/3175 2727/767/2735/3201 2726/765/2734/3200 
f 2709/741/2717/3175 2726/765/2734/3200 2705/737/2713/3170 
f 2713/745/2721/3179 2728/768/2736/3202 2727/767/2735/3201 
f 2713/745/2721/3179 2727/767/2735/3201 2709/741/2717/3175 
f 2717/749/2725/3183 2729/769/2737/3203 2728/768/2736/3202 
f 2717/749/2725/3183 2728/768/2736/3202 2713/745/2721/3179 
f 2007/771/2015/3204 2730/770/2738/3205 2731/773/2739/3206 
f 2007/771/2015/3204 2731/773/2739/3206 2666/772/2674/3207 
f 2666/772/2674/3207 2731/773/2739/3206 2732/775/2740/3208 
f 2666/772/2674/3207 2732/775/2740/3208 2671/774/2679/3209 
f 2671/774/2679/3209 2732/775/2740/3208 2733/777/2741/3210 
f 2671/774/2679/3209 2733/777/2741/3210 2676/776/2684/3211 
f 2676/776/2684/3211 2733/777/2741/3210 2734/779/2742/3212 
f 2676/776/2684/3211 2734/779/2742/3212 2653/778/2661/3213 
f 2730/770/2738/3205 2735/780/2743/3214 2736/781/2744/3215 
f 2730/770/2738/3205 2736/781/2744/3215 2731/773/2739/3206 
f 2731/773/2739/3206 2736/781/2744/3215 2737/782/2745/3216 
f 2731/773/2739/3206 2737/782/2745/3216 2732/775/2740/3208 
f 2732/775/2740/3208 2737/782/2745/3216 2738/783/2746/3217 
f 2732/775/2740/3208 2738/783/2746/3217 2733/777/2741/3210 
f 2733/777/2741/3210 2738/783/2746/3217 2739/784/2747/3218 
f 2733/777/2741/3210 2739/784/2747/3218 2734/779/2742/3212 
f 2735/780/2743/3214 2740/785/2748/3219 2741/786/2749/3220 
f 2735/780/2743/3214 2741/786/2749/3220 2736/781/2744/3215 
f 2736/781/2744/3215 2741/786/2749/3220 2742/787/2750/3221 
f 2736/781/2744/3215 2742/787/2750/3221 2737/782/2745/3216 
f 2737/782/2745/3216 2742/787/2750/3221 2743/788/2751/3222 
f 2737/782/2745/3216 2743/788/2751/3222 2738/783/2746/3217 
f 2743/788/2751/3222 2744/789/2752/3223 2739/784/2747/3218 
f 2743/788/2751/3222 2739/784/2747/3218 2738/783/2746/3217 
f 2740/785/2748/3219 2087/759/2095/3193 2721/758/2729/3192 
f 2740/785/2748/3219 2721/758/2729/3192 2741/786/2749/3220 
f 2741/786/2749/3220 2721/758/2729/3192 2725/764/2733/3198 
f 2741/786/2749/3220 2725/764/2733/3198 2742/787/2750/3221 
f 2742/787/2750/3221 2725/764/2733/3198 2729/769/2737/3203 
f 2742/787/2750/3221 2729/769/2737/3203 2743/788/2751/3222 
f 2729/769/2737/3203 2717/749/2725/3183 2744/789/2752/3223 
f 2729/769/2737/3203 2744/789/2752/3223 2743/788/2751/3222 
f 2647/791/2655/3224 2745/790/2753/3225 1963/47/1971/2234 
f 2647/791/2655/3224 1963/47/1971/2234 1877/48/1885/2233 
f 2745/790/2753/3225 2746/792/2754/3226 1968/58/1976/2242 
f 2745/790/2753/3225 1968/58/1976/2242 1963/47/1971/2234 
f 2746/792/2754/3226 2747/793/2755/3227 1972/64/1980/2246 
f 2746/792/2754/3226 1972/64/1980/2246 1968/58/1976/2242 
f 2747/793/2755/3227 2714/746/2722/3180 1949/69/1957/2215 
f 2747/793/2755/3227 1949/69/1957/2215 1972/64/1980/2246 
f 2649/795/2657/3228 2748/794/2756/3229 2745/790/2753/3225 
f 2649/795/2657/3228 2745/790/2753/3225 2647/791/2655/3224 
f 2748/794/2756/3229 2749/796/2757/3230 2746/792/2754/3226 
f 2748/794/2756/3229 2746/792/2754/3226 2745/790/2753/3225 
f 2750/797/2758/3231 2747/793/2755/3227 2746/792/2754/3226 
f 2750/797/2758/3231 2746/792/2754/3226 2749/796/2757/3230 
f 2715/747/2723/3181 2714/746/2722/3180 2747/793/2755/3227 
f 2715/747/2723/3181 2747/793/2755/3227 2750/797/2758/3231 
f 2651/799/2659/3232 2751/798/2759/3233 2748/794/2756/3229 
f 2651/799/2659/3232 2748/794/2756/3229 2649/795/2657/3228 
f 2752/800/2760/3234 2749/796/2757/3230 2748/794/2756/3229 
f 2752/800/2760/3234 2748/794/2756/3229 2751/798/2759/3233 
f 2753/801/2761/3235 2750/797/2758/3231 2749/796/2757/3230 
f 2753/801/2761/3235 2749/796/2757/3230 2752/800/2760/3234 
f 2716/748/2724/3182 2715/747/2723/3181 2750/797/2758/3231 
f 2716/748/2724/3182 2750/797/2758/3231 2753/801/2761/3235 
f 2653/778/2661/3213 2734/779/2742/3212 2751/798/2759/3233 
f 2653/778/2661/3213 2751/798/2759/3233 2651/799/2659/3232 
f 2739/784/2747/3218 2752/800/2760/3234 2751/798/2759/3233 
f 2739/784/2747/3218 2751/798/2759/3233 2734/779/2742/3212 
f 2744/789/2752/3223 2753/801/2761/3235 2752/800/2760/3234 
f 2744/789/2752/3223 2752/800/2760/3234 2739/784/2747/3218 
f 2717/749/2725/3183 2716/748/2724/3182 2753/801/2761/3235 
f 2717/749/2725/3183 2753/801/2761/3235 2744/789/2752/3223 
f 1887/50/1895/2130 1886/49/1894/2129 1875/46/1883/2118 
f 1887/50/1895/2130 1875/46/1883/2118 1874/45/1882/2117 
f 1886/49/1894/2129 1889/59/1897/2132 1878/57/1886/2121 
f 1886/49/1894/2129 1878/57/1886/2121 1875/46/1883/2118 
f 1889/59/1897/2132 1891/65/1899/2134 1880/63/1888/2123 
f 1889/59/1897/2132 1880/63/1888/2123 1878/57/1886/2121 
f 1891/65/1899/2134 1893/34/1901/2136 1882/33/1890/2125 
f 1891/65/1899/2134 1882/33/1890/2125 1880/63/1888/2123 
f 1900/27/1908/2145 1901/28/1909/2146 505/25/508/2149 
f 1900/27/1908/2145 505/25/508/2149 500/26/503/2142 
f 1907/30/1915/2155 1901/28/1909/2146 1900/27/1908/2145 
f 1907/30/1915/2155 1900/27/1908/2145 1904/29/1912/2152 
f 1912/32/1920/2160 1907/30/1915/2155 1904/29/1912/2152 
f 1912/32/1920/2160 1904/29/1912/2152 1909/31/1917/2157 
f 1893/34/1901/2136 1912/32/1920/2160 1909/31/1917/2157 
f 1893/34/1901/2136 1909/31/1917/2157 1882/33/1890/2125 
f 570/99/575/2219 1951/98/1959/2218 1942/27/1950/2206 
f 570/99/575/2219 1942/27/1950/2206 560/26/565/2209 
f 1951/98/1959/2218 1953/30/1961/2221 1944/29/1952/2210 
f 1951/98/1959/2218 1944/29/1952/2210 1942/27/1950/2206 
f 1953/30/1961/2221 1955/32/1963/2223 1946/31/1954/2212 
f 1953/30/1961/2221 1946/31/1954/2212 1944/29/1952/2210 
f 1955/32/1963/2223 1957/94/1965/2225 1948/93/1956/2214 
f 1955/32/1963/2223 1948/93/1956/2214 1946/31/1954/2212 
f 1965/49/1973/2238 1887/50/1895/2237 1874/45/1882/2232 
f 1965/49/1973/2238 1874/45/1882/2232 1962/46/1970/2231 
f 1970/59/1978/2244 1965/49/1973/2238 1962/46/1970/2231 
f 1970/59/1978/2244 1962/46/1970/2231 1967/57/1975/2241 
f 1975/92/1983/2249 1970/59/1978/2244 1967/57/1975/2241 
f 1975/92/1983/2249 1967/57/1975/2241 1973/63/1981/2247 
f 1957/94/1965/2225 1975/92/1983/2249 1973/63/1981/2247 
f 1957/94/1965/2225 1973/63/1981/2247 1948/93/1956/2214 
f 1229/97/1234/2943 26/26/28/1650 1495/27/1500/1649 
f 1229/97/1234/2943 1495/27/1500/1649 2532/96/2540/2940 
f 1497/29/1502/1653 2537/105/2545/2950 2532/96/2540/2940 
f 1497/29/1502/1653 2532/96/2540/2940 1495/27/1500/1649 
f 1500/31/1505/1656 2542/107/2550/2955 2537/105/2545/2950 
f 1500/31/1505/1656 2537/105/2545/2950 1497/29/1502/1653 
f 1502/33/1507/1658 1535/69/1540/1693 2542/107/2550/2955 
f 1502/33/1507/1658 2542/107/2550/2955 1500/31/1505/1656 
f 1512/46/1517/1670 1515/49/1520/1673 1518/50/1523/1676 
f 1512/46/1517/1670 1518/50/1523/1676 1513/45/1518/1671 
f 1524/57/1529/1682 1525/59/1530/1683 1515/49/1520/1673 
f 1524/57/1529/1682 1515/49/1520/1673 1512/46/1517/1670 
f 1530/63/1535/1688 1531/65/1536/1689 1525/59/1530/1683 
f 1530/63/1535/1688 1525/59/1530/1683 1524/57/1529/1682 
f 1502/33/1507/1658 1501/34/1506/1657 1531/65/1536/1689 
f 1502/33/1507/1658 1531/65/1536/1689 1530/63/1535/1688 
f 1565/46/1570/1736 2594/47/2602/3016 1514/48/1519/3019 
f 1565/46/1570/1736 1514/48/1519/3019 1513/45/1518/1737 
f 1567/57/1572/1740 2599/58/2607/3026 2594/47/2602/3016 
f 1567/57/1572/1740 2594/47/2602/3016 1565/46/1570/1736 
f 1569/63/1574/1742 2604/64/2612/3031 2599/58/2607/3026 
f 1569/63/1574/1742 2599/58/2607/3026 1567/57/1572/1740 
f 1571/93/1576/1744 1598/69/1603/1779 2604/64/2612/3031 
f 1571/93/1576/1744 2604/64/2612/3031 1569/63/1574/1742 
f 1580/27/1585/1755 1582/98/1587/1759 128/99/130/1762 
f 1580/27/1585/1755 128/99/130/1762 122/26/124/1756 
f 1587/29/1592/1768 1588/30/1593/1769 1582/98/1587/1759 
f 1587/29/1592/1768 1582/98/1587/1759 1580/27/1585/1755 
f 1593/31/1598/1774 1594/32/1599/1775 1588/30/1593/1769 
f 1593/31/1598/1774 1588/30/1593/1769 1587/29/1592/1768 
f 1571/93/1576/1744 1570/94/1575/1743 1594/32/1599/1775 
f 1571/93/1576/1744 1594/32/1599/1775 1593/31/1598/1774 
f 1611/127/1619/1803 1612/130/1620/1806 172/131/173/1809 
f 1611/127/1619/1803 172/131/173/1809 167/126/168/1804 
f 1618/138/1626/1815 1619/140/1627/1816 1612/130/1620/1806 
f 1618/138/1626/1815 1612/130/1620/1806 1611/127/1619/1803 
f 1625/145/1633/1822 1626/147/1634/1823 1619/140/1627/1816 
f 1625/145/1633/1822 1619/140/1627/1816 1618/138/1626/1815 
f 1631/152/1639/1828 1633/154/1641/1830 1626/147/1634/1823 
f 1631/152/1639/1828 1626/147/1634/1823 1625/145/1633/1822 
f 1681/206/1689/1882 1672/198/1680/1873 1675/199/1683/1876 
f 1681/206/1689/1882 1675/199/1683/1876 1682/205/1690/1883 
f 1685/209/1693/1886 1676/202/1684/1877 1672/198/1680/1873 
f 1685/209/1693/1886 1672/198/1680/1873 1681/206/1689/1882 
f 1687/211/1695/1888 1678/204/1686/1879 1676/202/1684/1877 
f 1687/211/1695/1888 1676/202/1684/1877 1685/209/1693/1886 
f 1631/152/1639/1828 1632/153/1640/1829 1678/204/1686/1879 
f 1631/152/1639/1828 1678/204/1686/1879 1687/211/1695/1888 
f 280/131/281/1916 1709/222/1717/1915 1700/217/1708/1904 
f 280/131/281/1916 1700/217/1708/1904 270/126/271/1903 
f 1700/217/1708/1904 1709/222/1717/1915 1711/224/1719/1918 
f 1700/217/1708/1904 1711/224/1719/1918 1702/218/1710/1907 
f 1702/218/1710/1907 1711/224/1719/1918 1713/226/1721/1920 
f 1702/218/1710/1907 1713/226/1721/1920 1705/219/1713/1910 
f 1713/226/1721/1920 1715/228/1723/1922 1706/220/1714/1911 
f 1713/226/1721/1920 1706/220/1714/1911 1705/219/1713/1910 
f 1724/235/1732/1935 1725/207/1733/1936 1683/208/1691/1939 
f 1724/235/1732/1935 1683/208/1691/1939 1682/205/1690/1932 
f 1731/239/1739/1945 1732/241/1740/1946 1725/207/1733/1936 
f 1731/239/1739/1945 1725/207/1733/1936 1724/235/1732/1935 
f 1738/244/1746/1952 1740/246/1748/1954 1732/241/1740/1946 
f 1738/244/1746/1952 1732/241/1740/1946 1731/239/1739/1945 
f 1706/220/1714/1911 1715/228/1723/1922 1740/246/1748/1954 
f 1706/220/1714/1911 1740/246/1748/1954 1738/244/1746/1952 
f 1609/123/1617/1799 1610/128/1618/1802 170/129/171/1805 
f 1609/123/1617/1799 170/129/171/1805 163/122/164/1800 
f 1616/136/1624/1813 1617/139/1625/1814 1610/128/1618/1802 
f 1616/136/1624/1813 1610/128/1618/1802 1609/123/1617/1799 
f 1623/143/1631/1820 1624/146/1632/1821 1617/139/1625/1814 
f 1623/143/1631/1820 1617/139/1625/1814 1616/136/1624/1813 
f 1632/153/1640/1829 1624/146/1632/1821 1623/143/1631/1820 
f 1632/153/1640/1829 1623/143/1631/1820 1629/150/1637/1826 
f 1673/197/1681/1874 2563/233/2571/3236 1720/234/1728/3237 
f 1673/197/1681/1874 1720/234/1728/3237 1674/200/1682/1875 
f 1677/201/1685/1878 2572/238/2580/3238 2563/233/2571/3236 
f 1677/201/1685/1878 2563/233/2571/3236 1673/197/1681/1874 
f 1679/203/1687/1880 2577/243/2585/3239 2572/238/2580/3238 
f 1679/203/1687/1880 2572/238/2580/3238 1677/201/1685/1878 
f 1629/150/1637/1826 1630/151/1638/1827 2577/243/2585/3239 
f 1629/150/1637/1826 2577/243/2585/3239 1679/203/1687/1880 
f 260/122/261/1895 271/129/272/1906 1701/128/1709/1905 
f 260/122/261/1895 1701/128/1709/1905 1693/123/1701/1896 
f 1701/128/1709/1905 1703/139/1711/1908 1694/136/1702/1897 
f 1701/128/1709/1905 1694/136/1702/1897 1693/123/1701/1896 
f 1703/139/1711/1908 1704/146/1712/1909 1696/143/1704/1899 
f 1703/139/1711/1908 1696/143/1704/1899 1694/136/1702/1897 
f 1704/146/1712/1909 1707/153/1715/1912 1698/150/1706/1901 
f 1704/146/1712/1909 1698/150/1706/1901 1696/143/1704/1899 
f 1722/197/1730/1931 1723/198/1731/1934 1675/199/1683/1933 
f 1722/197/1730/1931 1675/199/1683/1933 1674/200/1682/1928 
f 1730/202/1738/1944 1723/198/1731/1934 1722/197/1730/1931 
f 1730/202/1738/1944 1722/197/1730/1931 1729/201/1737/1943 
f 1736/203/1744/1950 1737/204/1745/1951 1730/202/1738/1944 
f 1736/203/1744/1950 1730/202/1738/1944 1729/201/1737/1943 
f 1707/153/1715/1912 1737/204/1745/1951 1736/203/1744/1950 
f 1707/153/1715/1912 1736/203/1744/1950 1698/150/1706/1901 
f 1986/128/1994/2263 1977/123/1985/2251 599/122/604/2254 
f 1986/128/1994/2263 599/122/604/2254 610/129/615/2264 
f 1986/128/1994/2263 1988/139/1996/2266 1979/136/1987/2255 
f 1986/128/1994/2263 1979/136/1987/2255 1977/123/1985/2251 
f 1988/139/1996/2266 1990/146/1998/2268 1981/143/1989/2257 
f 1988/139/1996/2266 1981/143/1989/2257 1979/136/1987/2255 
f 1990/146/1998/2268 1992/153/2000/2270 1983/150/1991/2259 
f 1990/146/1998/2268 1983/150/1991/2259 1981/143/1989/2257 
f 2012/198/2020/2293 2011/199/2019/2292 2006/200/2014/2287 
f 2012/198/2020/2293 2006/200/2014/2287 2005/197/2013/2286 
f 2012/198/2020/2293 2005/197/2013/2286 2019/201/2027/2300 
f 2012/198/2020/2293 2019/201/2027/2300 2022/202/2030/2303 
f 2028/204/2036/2309 2022/202/2030/2303 2019/201/2027/2300 
f 2028/204/2036/2309 2019/201/2027/2300 2026/203/2034/2307 
f 1992/153/2000/2270 2028/204/2036/2309 2026/203/2034/2307 
f 1992/153/2000/2270 2026/203/2034/2307 1983/150/1991/2259 
f 2068/128/2076/2357 704/129/709/2356 698/122/703/2351 
f 2068/128/2076/2357 698/122/703/2351 2065/123/2073/2350 
f 2068/128/2076/2357 2065/123/2073/2350 2072/136/2080/2364 
f 2068/128/2076/2357 2072/136/2080/2364 2075/139/2083/2367 
f 2082/146/2090/2374 2075/139/2083/2367 2072/136/2080/2364 
f 2082/146/2090/2374 2072/136/2080/2364 2079/143/2087/2371 
f 2089/153/2097/2381 2082/146/2090/2374 2079/143/2087/2371 
f 2089/153/2097/2381 2079/143/2087/2371 2086/150/2094/2378 
f 2730/233/2738/3240 2007/234/2015/3241 2006/200/2014/2426 
f 2730/233/2738/3240 2006/200/2014/2426 2124/197/2132/2425 
f 2735/238/2743/3242 2730/233/2738/3240 2124/197/2132/2425 
f 2735/238/2743/3242 2124/197/2132/2425 2127/201/2135/2430 
f 2129/203/2137/2432 2740/243/2748/3243 2735/238/2743/3242 
f 2129/203/2137/2432 2735/238/2743/3242 2127/201/2135/2430 
f 2087/151/2095/2379 2740/243/2748/3243 2129/203/2137/2432 
f 2087/151/2095/2379 2129/203/2137/2432 2086/150/2094/2378 
f 619/131/624/2274 1994/130/2002/2273 1985/127/1993/2262 
f 619/131/624/2274 1985/127/1993/2262 609/126/614/2261 
f 1994/130/2002/2273 1996/140/2004/2276 1987/138/1995/2265 
f 1994/130/2002/2273 1987/138/1995/2265 1985/127/1993/2262 
f 1996/140/2004/2276 1998/147/2006/2278 1989/145/1997/2267 
f 1996/140/2004/2276 1989/145/1997/2267 1987/138/1995/2265 
f 1998/147/2006/2278 2000/154/2008/2280 1991/152/1999/2269 
f 1998/147/2006/2278 1991/152/1999/2269 1989/145/1997/2267 
f 2016/207/2024/2297 2015/208/2023/2296 2010/205/2018/2291 
f 2016/207/2024/2297 2010/205/2018/2291 2009/206/2017/2290 
f 2024/210/2032/2305 2016/207/2024/2297 2009/206/2017/2290 
f 2024/210/2032/2305 2009/206/2017/2290 2021/209/2029/2302 
f 2031/212/2039/2312 2024/210/2032/2305 2021/209/2029/2302 
f 2031/212/2039/2312 2021/209/2029/2302 2029/211/2037/2310 
f 2000/154/2008/2280 2031/212/2039/2312 2029/211/2037/2310 
f 2000/154/2008/2280 2029/211/2037/2310 1991/152/1999/2269 
f 2069/364/2077/2358 707/131/712/2361 701/126/706/2355 
f 2069/364/2077/2358 701/126/706/2355 2067/362/2075/2354 
f 2076/367/2084/2368 2069/364/2077/2358 2067/362/2075/2354 
f 2076/367/2084/2368 2067/362/2075/2354 2074/366/2082/2366 
f 2083/371/2091/2375 2076/367/2084/2368 2074/366/2082/2366 
f 2083/371/2091/2375 2074/366/2082/2366 2081/370/2089/2373 
f 2083/371/2091/2375 2081/370/2089/2373 2088/374/2096/2380 
f 2083/371/2091/2375 2088/374/2096/2380 2090/376/2098/2382 
f 2011/199/2019/2427 2010/205/2018/2434 2130/235/2138/2433 
f 2011/199/2019/2427 2130/235/2138/2433 2125/198/2133/2428 
f 2125/198/2133/2428 2130/235/2138/2433 2132/239/2140/2437 
f 2125/198/2133/2428 2132/239/2140/2437 2126/202/2134/2429 
f 2135/415/2143/2440 2128/204/2136/2431 2126/202/2134/2429 
f 2135/415/2143/2440 2126/202/2134/2429 2132/239/2140/2437 
f 2089/153/2097/2381 2128/204/2136/2431 2135/415/2143/2440 
f 2089/153/2097/2381 2135/415/2143/2440 2088/374/2096/2380 
