v -1014.377 691.019 -57.2898
v -1007.6375 691.019 -57.4644
v -1007.7808 690.377 -56.6517
v -1014.2336 690.377 -56.4771
v -1000.1504 691.019 -54.7394
v -1000.5632 690.377 -54.0247
v -994.0471 691.019 -49.618
v -994.6792 690.377 -49.0876
v -990.0635 691.019 -42.718
v -990.8389 690.377 -42.4358
v -989.4768 691.019 -37.3026
v -990.2896 690.377 -37.1593
v -990.8389 691.6611 -42.4358
v -990.2896 691.6611 -37.1593
v -994.6792 691.6611 -49.0876
v -1000.5632 691.6611 -54.0247
v -1007.7808 691.6611 -56.6517
v -1014.2336 691.6611 -56.4771
v -1007.8206 685.2854 -56.4253
v -1014.1936 685.2854 -56.2506
v -1000.678 685.2854 -53.8256
v -994.8555 685.2854 -48.9398
v -991.0549 685.2854 -42.3571
v -990.5161 685.2854 -37.1194
v -1014.2173 692.4716 -56.3852
v -1007.7969 692.4716 -56.5598
v -1000.6096 692.4716 -53.9439
v -994.7507 692.4716 -49.0276
v -990.9265 692.4716 -42.4039
v -990.3813 692.4716 -37.1431
v -1015.939 691.019 -12.309
v -1023.426 691.019 -15.034
v -1023.0134 690.377 -15.7487
v -1015.7957 690.377 -13.1217
v -1029.5293 691.019 -20.1554
v -1028.8972 690.377 -20.6859
v -1033.5132 691.019 -27.0554
v -1032.7375 690.377 -27.3377
v -1034.5508 691.019 -32.9402
v -1033.738 690.377 -33.0108
v -1028.8972 691.6611 -20.6859
v -1032.7375 691.6611 -27.3377
v -1023.0134 691.6611 -15.7487
v -1015.7957 691.6611 -13.1217
v -1010.426 691.019 -12.0262
v -1010.4966 691.6611 -12.839
v -1022.8984 685.2854 -15.9479
v -1015.7556 685.2854 -13.3482
v -1028.7209 685.2854 -20.8337
v -1032.5215 685.2854 -27.4163
v -1033.5115 685.2854 -33.0305
v -1010.5046 692.4716 -12.9309
v -1015.7795 692.4716 -13.2136
v -1022.9666 692.4716 -15.8296
v -1028.8257 692.4716 -20.7458
v -1032.6499 692.4716 -27.3696
v -1034.9502 691.019 -38.9395
v -1032.2251 691.019 -46.4265
v -1031.5105 690.377 -46.0139
v -1034.1375 690.377 -38.7962
v -1027.1038 691.019 -52.5299
v -1026.5732 690.377 -51.8977
v -1020.2039 691.019 -56.5136
v -1019.9216 690.377 -55.7382
v -1019.9216 691.6611 -55.7382
v -1026.5732 691.6611 -51.8977
v -1031.5105 691.6611 -46.0139
v -1034.1375 691.6611 -38.7962
v -1031.3113 685.2854 -45.8989
v -1033.9109 685.2854 -38.7563
v -1026.4255 685.2854 -51.7216
v -1019.8428 685.2854 -55.5221
v -1034.0457 692.4716 -38.7801
v -1031.4297 692.4716 -45.9672
v -1026.5134 692.4716 -51.8263
v -1019.8896 692.4716 -55.6505
v -989.7947 691.019 -30.638
v -990.6074 690.377 -30.7813
v -992.5198 691.019 -23.151
v -993.2344 690.377 -23.5637
v -997.6411 691.019 -17.0476
v -998.1716 690.377 -17.6798
v -1004.5413 691.019 -13.0639
v -1004.8235 690.377 -13.8393
v -1010.4966 690.377 -12.839
v -998.1716 691.6611 -17.6798
v -1004.8235 691.6611 -13.8393
v -993.2344 691.6611 -23.5637
v -990.6074 691.6611 -30.7813
v -990.834 685.2854 -30.8212
v -993.4336 685.2854 -23.6786
v -998.3196 685.2854 -17.8559
v -1004.9021 685.2854 -14.0554
v -1009.9541 685.2854 -13.7262
v -990.6995 692.4716 -30.7975
v -993.3154 692.4716 -23.6103
v -998.2317 692.4716 -17.7512
v -1004.8552 692.4716 -13.927
v -1010.55 517.2119 -51.315
v -1016.8323 517.2119 -50.6269
v -1016.939 517.4937 -50.9655
v -1010.519 517.4937 -51.6686
v -1010.552 519.0934 -51.2919
v -1016.8252 519.0934 -50.6048
v -1016.8184 519.5308 -50.5827
v -1010.554 519.5308 -51.2687
v -1010.519 518.7635 -51.6686
v -1016.939 518.7635 -50.9655
v -1017.0056 518.1287 -51.1764
v -1010.4998 518.1287 -51.8888
v -1010.7581 520.7997 -48.9367
v -1016.1145 520.7997 -48.3501
v -1016.1428 521.3669 -48.4402
v -1010.7498 521.3669 -49.0309
v -1016.0823 521.709 -48.248
v -1010.7673 521.709 -48.8301
v -1016.0532 522.3844 -48.156
v -1010.7759 522.3844 -48.7341
v -1015.2639 523.4145 -45.6527
v -1011.0046 523.4145 -46.1193
v -1010.8918 524.9419 -47.4081
v -1015.686 524.9419 -46.883
v -1015.5623 525.4954 -46.4905
v -1010.9277 525.4954 -46.9981
v -1016.2554 527.8762 -48.5861
v -1010.7361 527.8734 -49.188
v -1010.9053 670.4604 -47.2543
v -1015.595 670.4604 -46.7407
v -1015.7544 674.316 -47.1602
v -1010.8667 674.316 -47.6955
v -1010.9053 668.5433 -47.2543
v -1010.7656 668.5882 -48.8512
v -1005.6357 668.5882 -47.356
v -1006.3757 668.5433 -45.9341
v -1010.752 668.7437 -49.0061
v -1005.564 668.7437 -47.4939
v -1010.752 670.2601 -49.0061
v -1016.1238 670.2602 -48.4178
v -1016.0769 670.4156 -48.2695
v -1010.7656 670.4156 -48.8512
v -1016.1238 668.7437 -48.4178
v -1010.907 667.9811 -47.2327
v -1015.5886 667.9811 -46.72
v -1015.595 668.5433 -46.7407
v -1010.907 666.8755 -47.2327
v -1015.5886 666.8755 -46.72
v -1015.7468 667.4283 -47.2219
v -1010.8613 667.4283 -47.757
v -1010.9336 655.6772 -46.9295
v -1015.6191 655.6772 -46.4164
v -1010.6016 555.647 -50.7238
v -1016.7576 555.647 -50.0496
v -1016.4121 584.3373 -48.9628
v -1010.7009 584.3373 -49.5883
v -1010.5621 533.0953 -51.1748
v -1016.8846 533.0953 -50.4824
v -1010.554 516.3724 -51.2687
v -1016.8184 516.3725 -50.5827
v -1006.3757 670.4604 -45.9341
v -1005.6357 670.4156 -47.356
v -1013.4043 517.4937 -18.6898
v -1013.3733 517.2119 -19.0435
v -1007.0911 517.2119 -19.7315
v -1006.9844 517.4937 -19.3929
v -1013.3694 519.5308 -19.0897
v -1013.3713 519.0934 -19.0666
v -1007.0979 519.0934 -19.7536
v -1007.105 519.5308 -19.7758
v -1013.4043 518.7635 -18.6898
v -1006.9844 518.7635 -19.3929
v -1013.4236 518.1287 -18.4696
v -1006.9177 518.1287 -19.1821
v -1013.1653 520.7997 -21.4217
v -1007.8088 520.7997 -22.0083
v -1007.7805 521.3669 -21.9182
v -1013.1736 521.3669 -21.3276
v -1013.156 521.709 -21.5284
v -1007.8411 521.709 -22.1104
v -1013.1475 522.3844 -21.6244
v -1007.8701 522.3844 -22.2024
v -1012.9187 523.4145 -24.2392
v -1008.6594 523.4145 -24.7057
v -1008.2522 524.9419 -23.3059
v -1013.0464 524.9419 -22.7809
v -1013.0393 655.6772 -22.8614
v -1013.0713 649.0216 -22.496
v -1008.2407 649.0216 -23.0251
v -1008.354 655.6772 -23.3746
v -1013.0105 525.4954 -23.191
v -1008.376 525.4954 -23.6985
v -1007.6777 527.9432 -21.3788
v -1013.2223 527.9459 -20.7689
v -1013.5334 681.9954 -17.2129
v -1006.6187 681.9954 -17.9702
v -1013.0129 668.5433 -23.1636
v -1013.1526 668.5882 -21.5667
v -1018.2822 668.5882 -23.0619
v -1017.5422 668.5433 -24.4838
v -1013.166 668.7437 -21.4118
v -1018.3542 668.7437 -22.924
v -1013.1526 670.4156 -21.5667
v -1013.166 670.2601 -21.4118
v -1007.7944 670.2601 -22.0001
v -1007.8411 670.4156 -22.1484
v -1007.7944 668.7437 -22.0001
v -1013.011 667.9811 -23.1852
v -1008.3296 667.9811 -23.6979
v -1008.323 668.5433 -23.6772
v -1013.0569 667.4283 -22.6609
v -1013.011 666.8755 -23.1852
v -1008.3296 666.8755 -23.6979
v -1008.1714 667.4283 -23.196
v -1013.3682 555.647 -19.1017
v -1013.4034 533.0954 -18.6976
v -1007.0812 533.0954 -19.39
v -1007.2124 555.647 -19.776
v -1013.3694 516.3725 -19.0897
v -1007.105 516.3725 -19.7758
v -1013.0129 670.4604 -23.1636
v -1017.5422 670.4604 -24.4838
v -1018.2822 670.4156 -23.0619
v -1028.4509 517.4937 -36.6218
v -1028.0974 517.2119 -36.5909
v -1027.4094 517.2119 -30.3086
v -1027.748 517.4937 -30.2018
v -1028.051 519.5308 -36.5869
v -1028.0742 519.0934 -36.5889
v -1027.3872 519.0934 -30.3156
v -1027.365 519.5308 -30.3225
v -1028.4509 518.7635 -36.6218
v -1027.748 518.7635 -30.2018
v -1028.6711 518.1287 -36.6411
v -1027.9587 518.1287 -30.1354
v -1025.7192 520.7997 -36.3828
v -1025.1326 520.7997 -31.0265
v -1025.2227 521.3669 -30.998
v -1025.8132 521.3669 -36.3911
v -1025.6125 521.709 -36.3735
v -1025.0305 521.709 -31.0586
v -1025.5166 522.3844 -36.3651
v -1024.9385 522.3844 -31.0877
v -1022.9016 523.4145 -36.1364
v -1022.4351 523.4145 -31.8769
v -1024.2827 524.9419 -36.1718
v -1023.7576 524.9419 -31.3776
v -1024.0205 655.6772 -35.9483
v -1024.3928 649.0216 -35.9886
v -1023.8638 649.0216 -31.158
v -1023.5073 655.6772 -31.2629
v -1023.8726 525.4954 -36.1359
v -1023.365 525.4954 -31.5014
v -1026.1847 527.9099 -36.2561
v -1025.5916 527.9237 -30.7197
v -1029.7397 681.9954 -36.5267
v -1028.9824 681.9954 -29.612
v -999.9136 668.5433 -34.1551
v -998.3169 668.5882 -34.0154
v -999.812 668.5882 -28.8856
v -1001.2339 668.5433 -29.6258
v -998.1619 668.7437 -34.0019
v -999.6741 668.7437 -28.8138
v -1025.6013 670.4156 -36.4025
v -1025.7561 670.2601 -36.416
v -1025.168 670.2601 -31.0442
v -1025.0195 670.4156 -31.091
v -1025.7561 668.7437 -36.416
v -1025.168 668.7437 -31.0442
v -1024.0044 668.5433 -36.2628
v -1023.9829 667.9811 -36.2609
v -1023.4702 667.9811 -31.5795
v -1023.4907 668.5433 -31.573
v -1024.5071 667.4283 -36.3067
v -1023.9829 666.8755 -36.2609
v -1023.4702 666.8755 -31.5795
v -1023.9719 667.4283 -31.4213
v -1027.7959 555.647 -36.2961
v -1028.2214 533.0953 -36.3569
v -1027.5291 533.0954 -30.0345
v -1027.1218 555.647 -30.1401
v -1028.051 516.3725 -36.5869
v -1027.365 516.3725 -30.3225
v -998.3169 670.4156 -34.0154
v -999.9136 670.4604 -34.1551
v -1001.2339 670.4604 -29.6258
v -999.812 670.4156 -28.8856
v -995.4722 517.4937 -33.7366
v -995.8259 517.2119 -33.7675
v -996.5139 517.2119 -40.0499
v -996.1753 517.4937 -40.1566
v -995.8721 519.5308 -33.7716
v -995.8491 519.0934 -33.7696
v -996.5361 519.0934 -40.0429
v -996.5581 519.5308 -40.036
v -995.4722 518.7635 -33.7366
v -996.1753 518.7635 -40.1566
v -995.252 518.1287 -33.7173
v -995.9646 518.1287 -40.2231
v -998.2041 520.7997 -33.9756
v -998.7908 520.7997 -39.332
v -998.7004 521.3669 -39.3604
v -998.1099 521.3669 -33.9674
v -998.3108 521.709 -33.9849
v -998.8928 521.709 -39.2998
v -998.4067 522.3844 -33.9934
v -998.9849 522.3844 -39.2708
v -1001.0217 523.4145 -34.2221
v -1001.488 523.4145 -38.4815
v -1000.1804 524.9419 -38.8114
v -999.6555 524.9419 -34.0172
v -999.9524 655.6772 -33.8426
v -999.5786 649.0216 -33.8177
v -1000.1077 649.0216 -38.6483
v -1000.4656 655.6772 -38.528
v -1000.0657 525.4954 -34.0531
v -1000.573 525.4954 -38.6876
v -998.3861 527.8959 -39.2984
v -997.7677 527.9099 -33.77
v -994.2197 681.9954 -33.4192
v -994.9768 681.9954 -40.3339
v -1025.6013 668.5882 -36.4025
v -1024.106 668.5882 -41.5323
v -1022.6841 668.5433 -40.7921
v -1024.2439 668.7437 -41.6041
v -998.1619 670.2601 -34.0019
v -998.7502 670.2601 -39.3737
v -998.8984 670.4156 -39.3269
v -998.7502 668.7437 -39.3737
v -999.9353 667.9811 -34.157
v -1000.448 667.9811 -38.8384
v -1000.4272 668.5433 -38.8449
v -999.4111 667.4283 -34.1112
v -999.9353 666.8755 -34.157
v -1000.448 666.8755 -38.8384
v -999.946 667.4283 -38.9966
v -996.1741 555.647 -33.5295
v -995.7444 533.0953 -33.5155
v -996.4368 533.0953 -39.8379
v -996.8481 555.647 -39.6854
v -995.8721 516.3725 -33.7716
v -996.5581 516.3725 -40.0359
v -1024.0044 670.4604 -36.2628
v -1022.6841 670.4604 -40.7921
v -1024.106 670.4156 -41.5323
v -1022.6013 517.4937 -47.8591
v -1022.373 517.2119 -47.5871
v -1026.3289 517.2119 -42.6583
v -1026.6438 517.4937 -42.8223
v -1022.3433 519.5308 -47.5516
v -1022.3582 519.0934 -47.5693
v -1026.3083 519.0934 -42.6476
v -1026.2878 519.5308 -42.6369
v -1022.6013 518.7635 -47.8591
v -1026.6438 518.7635 -42.8223
v -1022.7434 518.1287 -48.0284
v -1026.8398 518.1287 -42.9243
v -1020.8994 521.3669 -45.8307
v -1020.8386 520.7997 -45.7583
v -1024.2114 520.7997 -41.556
v -1024.2952 521.3669 -41.5996
v -1020.7698 521.709 -45.6763
v -1024.1162 521.709 -41.5066
v -1020.7078 522.3844 -45.6025
v -1024.031 522.3844 -41.4621
v -1019.0205 523.4145 -43.5918
v -1021.7026 523.4145 -40.2501
v -1019.9143 524.9419 -44.5633
v -1022.9331 524.9419 -40.802
v -1019.7515 655.6772 -44.1493
v -1019.9915 649.0216 -44.4439
v -1023.0332 649.0216 -40.654
v -1022.7014 655.6772 -40.4734
v -1019.6497 525.4954 -44.248
v -1022.5679 525.4954 -40.6119
v -1021.1282 527.8842 -45.921
v -1024.6155 527.896 -41.5932
v -1023.4392 681.9954 -48.6299
v -1027.7932 681.9954 -43.2049
v -1002.6965 668.5433 -42.9812
v -1001.4685 668.5882 -44.0115
v -998.8984 668.5882 -39.3269
v -1001.3494 668.7437 -44.1115
v -1020.7615 670.4156 -45.6994
v -1020.8616 670.2602 -45.8185
v -1024.2439 670.2601 -41.6041
v -1020.8616 668.7437 -45.8185
v -1019.7312 668.5433 -44.4715
v -1019.7173 667.9811 -44.4548
v -1022.665 667.9811 -40.7821
v -1020.0557 667.4283 -44.858
v -1019.7173 666.8755 -44.4548
v -1022.665 666.8755 -40.7821
v -1023.1318 667.4283 -41.0251
v -1022.187 555.647 -47.071
v -1022.4607 533.0953 -47.4232
v -1026.4415 533.0953 -42.463
v -1026.063 555.647 -42.2414
v -1022.3433 516.3725 -47.5516
v -1026.2878 516.3725 -42.6369
v -1001.4685 670.4156 -44.0115
v -1002.6965 670.4604 -42.9812
v -1000.4272 670.4604 -38.8449
v -1001.322 517.4937 -22.4994
v -1001.5503 517.2119 -22.7713
v -997.5945 517.2119 -27.7001
v -997.2795 517.4937 -27.5362
v -1001.5801 519.5308 -22.8068
v -1001.5652 519.0934 -22.7891
v -997.615 519.0934 -27.7108
v -997.6355 519.5308 -27.7215
v -1001.322 518.7635 -22.4994
v -997.2795 518.7635 -27.5362
v -1001.1797 518.1287 -22.33
v -997.0835 518.1287 -27.4341
v -1003.0239 521.3669 -24.5277
v -1003.0847 520.7997 -24.6001
v -999.7119 520.7997 -28.8025
v -999.6282 521.3669 -28.7588
v -1003.1536 521.709 -24.6821
v -999.8069 521.709 -28.8519
v -1003.2156 522.3844 -24.7559
v -999.8923 522.3844 -28.8964
v -1004.9026 523.4145 -26.7667
v -1002.2207 523.4145 -30.1084
v -1001.0051 524.9419 -29.387
v -1004.0237 524.9419 -25.6257
v -1004.2217 655.6772 -25.6417
v -1003.9802 649.0216 -25.3624
v -1000.9385 649.0216 -29.1523
v -1001.2712 655.6772 -29.3176
v -1004.2883 525.4954 -25.941
v -1001.3701 525.4954 -29.577
v -999.3131 527.9237 -28.4206
v -1002.7925 527.9354 -24.0675
v -1000.5203 681.9954 -21.316
v -996.166 681.9954 -26.741
v -1021.2217 668.5433 -27.4367
v -1022.4495 668.5882 -26.4064
v -1025.0195 668.5882 -31.091
v -1022.5686 668.7437 -26.3064
v -1003.1565 670.4156 -24.7185
v -1003.0566 670.2601 -24.5994
v -999.6741 670.2601 -28.8138
v -1003.0566 668.7437 -24.5994
v -1004.1868 668.5433 -25.9464
v -1004.2009 667.9811 -25.9631
v -1001.2532 667.9811 -29.6358
v -1003.8625 667.4283 -25.5599
v -1004.2009 666.8755 -25.9631
v -1001.2532 666.8755 -29.6358
v -1000.7864 667.4283 -29.3928
v -1001.783 555.647 -22.7546
v -1001.505 533.0954 -22.4492
v -997.524 533.0954 -27.4094
v -997.9067 555.647 -27.5842
v -1001.5801 516.3725 -22.8068
v -997.6355 516.3725 -27.7215
v -1022.4495 670.4156 -26.4064
v -1021.2217 670.4604 -27.4368
v -1023.4907 670.4604 -31.573
v -1024.6414 517.4937 -24.5395
v -1024.3696 517.2119 -24.7677
v -1019.4407 517.2119 -20.812
v -1019.6047 517.4937 -20.4971
v -1024.334 519.5308 -24.7976
v -1024.3518 519.0934 -24.7827
v -1019.4299 519.0934 -20.8326
v -1019.4194 519.5308 -20.8531
v -1024.6414 518.7635 -24.5395
v -1019.6047 518.7635 -20.4971
v -1024.8108 518.1287 -24.3975
v -1019.7068 518.1287 -20.301
v -1022.613 521.3669 -26.2415
v -1022.5408 520.7997 -26.3023
v -1018.3384 520.7997 -22.9295
v -1018.3821 521.3669 -22.8457
v -1018.2891 521.709 -23.0245
v -1022.4587 521.709 -26.3711
v -1022.385 522.3844 -26.4331
v -1018.2444 522.3844 -23.11
v -1020.3743 523.4145 -28.1202
v -1017.0325 523.4145 -25.4383
v -1021.438 524.9419 -27.1493
v -1017.6765 524.9419 -24.1305
v -1021.2402 655.6772 -27.1306
v -1021.5264 649.0216 -26.8975
v -1017.7366 649.0216 -23.8558
v -1017.5645 655.6772 -24.1804
v -1017.4866 525.4954 -24.4956
v -1021.1226 525.4954 -27.4138
v -1022.921 527.9354 -25.8285
v -1018.5769 527.9431 -22.3324
v -1025.6367 681.9954 -23.5134
v -1020.2117 681.9954 -19.1594
v -1003.1565 668.5882 -24.7185
v -1007.8411 668.5882 -22.1484
v -1022.5686 670.2601 -26.3064
v -1018.3542 670.2601 -22.924
v -1021.2048 667.9811 -27.4507
v -1017.5322 667.9811 -24.503
v -1021.6082 667.4283 -27.1124
v -1021.2048 666.8755 -27.4507
v -1017.5322 666.8755 -24.503
v -1017.7751 667.4283 -24.0362
v -1024.1431 555.647 -24.7108
v -1024.47 533.0954 -24.4584
v -1019.5098 533.0954 -20.4773
v -1019.3137 555.647 -20.8346
v -1024.334 516.3725 -24.7976
v -1019.4194 516.3725 -20.8531
v -1004.1868 670.4604 -25.9464
v -1008.323 670.4604 -23.6772
v -999.2817 517.4937 -45.8189
v -999.5537 517.2119 -45.5907
v -1004.4824 517.2119 -49.5465
v -1004.3186 517.4937 -49.8614
v -999.5894 519.5308 -45.5609
v -999.5715 519.0934 -45.5758
v -1004.4934 519.0934 -49.5259
v -1004.5039 519.5308 -49.5053
v -999.2817 518.7635 -45.8189
v -1004.3186 518.7635 -49.8614
v -999.1123 518.1287 -45.961
v -1004.2166 518.1287 -50.0575
v -1001.3101 521.3669 -44.1169
v -1001.3826 520.7997 -44.0562
v -1005.585 520.7997 -47.4289
v -1005.5413 521.3669 -47.5127
v -1005.6343 521.709 -47.3339
v -1001.4644 521.709 -43.9873
v -1001.5383 522.3844 -43.9254
v -1005.6787 522.3844 -47.2484
v -1003.5491 523.4145 -42.2382
v -1006.8909 523.4145 -44.9202
v -1006.2615 524.9419 -46.0585
v -1002.5002 524.9419 -43.0398
v -1002.7327 655.6772 -42.6604
v -1002.4451 649.0216 -42.9088
v -1006.2349 649.0216 -45.9505
v -1006.4084 655.6772 -45.6106
v -1006.4517 525.4954 -45.6934
v -1002.8157 525.4954 -42.7752
v -1005.4052 527.8762 -47.6368
v -1001.0691 527.8842 -44.1661
v -998.3228 681.9954 -46.4325
v -1003.7478 681.9954 -50.7865
v -1020.7615 668.5882 -45.6994
v -1016.0769 668.5882 -48.2695
v -1001.3494 670.2601 -44.1115
v -1005.564 670.2601 -47.4939
v -1002.7131 667.9811 -42.9672
v -1006.386 667.9811 -45.9149
v -1002.3101 667.4283 -43.3055
v -1002.7131 666.8755 -42.9672
v -1006.386 666.8755 -45.9149
v -1006.1428 667.4283 -46.3817
v -999.8267 555.647 -45.1148
v -999.4958 533.0953 -45.414
v -1004.4561 533.0953 -49.395
v -1004.6563 555.647 -48.9909
v -999.5894 516.3725 -45.5609
v -1004.5039 516.3725 -49.5053
v -1019.7312 670.4604 -44.4715
v -1015.731 649.0217 -46.7813
v -1017.3408 681.9954 -51.9757
v -1010.9004 649.0216 -47.3103
v -1010.4258 681.9954 -52.733
v -1010.7002 678.1557 -49.5983
v -1016.3875 678.1557 -48.9755
v -1007.5688 678.1557 -21.0065
v -1013.2561 678.1557 -20.3837
v -1013.0632 674.316 -22.5878
v -1008.1755 674.316 -23.1231
v -1023.9836 674.316 -31.3522
v -1025.9626 678.1557 -30.5817
v -1026.5854 678.1557 -36.269
v -1024.5188 674.316 -36.24
v -997.9937 678.1557 -39.4003
v -997.3708 678.1557 -33.713
v -999.4111 674.316 -34.0433
v -999.9465 674.316 -38.9311
v -1023.1428 674.316 -40.9605
v -1024.9844 678.1557 -41.7617
v -1021.4033 678.1557 -46.2236
v -1020.0652 674.316 -44.7952
v -998.9719 678.1557 -28.2203
v -1002.5527 678.1557 -23.7584
v -1003.8647 674.316 -25.4881
v -1000.7871 674.316 -29.3228
v -1017.7839 674.316 -23.9637
v -1018.7488 678.1557 -21.9846
v -1023.2107 678.1557 -25.5657
v -1021.6184 674.316 -27.0413
v -1005.2075 678.1557 -47.9973
v -1000.7456 678.1557 -44.4163
v -1002.3113 674.316 -43.242
v -1006.146 674.316 -46.3196
v -1016.2395 605.7348 -48.4194
v -1010.7507 605.7347 -49.0205
v -1007.5566 584.3373 -20.8762
v -1013.2678 584.3373 -20.2508
v -1026.0276 584.3373 -30.4917
v -1026.6531 584.3373 -36.2029
v -997.9412 584.3373 -39.3474
v -997.3157 584.3373 -33.6362
v -1025.0454 584.3373 -41.7187
v -1021.4492 584.3373 -46.1994
v -998.9233 584.3373 -28.1204
v -1002.5195 584.3373 -23.6397
v -1018.7834 584.3373 -21.8585
v -1023.2642 584.3373 -25.4546
v -1005.1853 584.3373 -47.9806
v -1000.7046 584.3373 -44.3845
v -1007.7288 605.7347 -21.4264
v -1013.2175 605.7347 -20.8252
v -1025.4805 605.7347 -30.6675
v -1026.0818 605.7347 -36.1563
v -998.4875 605.7347 -39.1783
v -997.8865 605.7347 -33.6895
v -1024.5366 605.7347 -41.4573
v -1021.0806 605.7347 -45.7636
v -999.4316 605.7347 -28.3885
v -1002.8879 605.7347 -24.0822
v -1018.5186 605.7347 -22.3703
v -1022.8247 605.7347 -25.8265
v -1005.4497 605.7347 -47.4754
v -1001.1436 605.7347 -44.0193
v -1033.738 691.6611 -33.0108
v -1033.646 692.4716 -33.0188
vt 0.103 0.2482
vt 0.103 0.1954
vt 0.0979 0.1954
vt 0.0979 0.2482
vt 0.103 0.1461
vt 0.0979 0.1461
vt 0.103 0.1057
vt 0.0979 0.1057
vt 0.103 0.0602
vt 0.0979 0.0602
vt 0.103 0.0084
vt 0.0979 0.0084
vt 0.108 0.0602
vt 0.108 0.0084
vt 0.108 0.1057
vt 0.108 0.1461
vt 0.108 0.1954
vt 0.108 0.2482
vt 0.063 0.1954
vt 0.063 0.2482
vt 0.063 0.1461
vt 0.063 0.1057
vt 0.063 0.0602
vt 0.063 0.0084
vt 0.1136 0.2482
vt 0.1136 0.1954
vt 0.1136 0.1461
vt 0.1136 0.1057
vt 0.1136 0.0602
vt 0.1136 0.0084
vt 0.103 0.0213
vt 0.0979 0.0213
vt 0.103 0.2218
vt 0.108 0.2218
vt 0.063 0.0213
vt 0.1136 0.2218
vt 0.9446 0.0085
vt 0.9018 0.0085
vt 0.9018 0.0108
vt 0.9446 0.0108
vt 0.9446 0.0214
vt 0.9018 0.0214
vt 0.9018 0.0242
vt 0.9446 0.0242
vt 0.9446 0.0189
vt 0.9018 0.0189
vt 0.9018 0.0149
vt 0.9446 0.0149
vt 0.9446 0.0392
vt 0.9018 0.0392
vt 0.9018 0.0431
vt 0.9446 0.0431
vt 0.9018 0.0457
vt 0.9446 0.0457
vt 0.9018 0.0491
vt 0.9446 0.0491
vt 0.9018 0.066
vt 0.9446 0.066
vt 0.9446 0.0737
vt 0.9018 0.0737
vt 0.9018 0.0775
vt 0.9446 0.0775
vt 0.9018 0.0951
vt 0.9446 0.095
vt 0.9446 0.5773
vt 0.9018 0.5773
vt 0.9018 0.5941
vt 0.9446 0.5941
vt 0.2613 0.5481
vt 0.2613 0.5574
vt 0.304 0.5574
vt 0.304 0.5481
vt 0.2613 0.5583
vt 0.304 0.5583
vt 0.9446 0.5671
vt 0.9018 0.5671
vt 0.9018 0.568
vt 0.9446 0.568
vt 0.9446 0.5583
vt 0.9018 0.5583
vt 0.9446 0.5449
vt 0.9018 0.5449
vt 0.9018 0.5481
vt 0.9446 0.5481
vt 0.9446 0.5364
vt 0.9018 0.5364
vt 0.9018 0.5406
vt 0.9446 0.5406
vt 0.9446 0.4783
vt 0.9018 0.4783
vt 0.9446 0.2121
vt 0.9018 0.2121
vt 0.9018 0.2792
vt 0.9446 0.2792
vt 0.9446 0.1232
vt 0.9018 0.1232
vt 0.9446 0.0031
vt 0.9018 0.0031
vt 0.2613 0.5773
vt 0.304 0.5773
vt 0.304 0.568
vt 0.2613 0.568
vt 0.6029 0.0108
vt 0.6029 0.0085
vt 0.5602 0.0085
vt 0.5602 0.0108
vt 0.6029 0.0242
vt 0.6029 0.0214
vt 0.5602 0.0214
vt 0.5602 0.0242
vt 0.6029 0.0189
vt 0.5602 0.0189
vt 0.6029 0.0149
vt 0.5602 0.0149
vt 0.6029 0.0392
vt 0.5602 0.0392
vt 0.5602 0.0431
vt 0.6029 0.0431
vt 0.6029 0.0457
vt 0.5602 0.0457
vt 0.6029 0.0491
vt 0.5602 0.0491
vt 0.6029 0.066
vt 0.5602 0.066
vt 0.5602 0.0737
vt 0.6029 0.0737
vt 0.6029 0.4783
vt 0.6029 0.4453
vt 0.5602 0.4453
vt 0.5602 0.4783
vt 0.6029 0.0775
vt 0.5602 0.0775
vt 0.5602 0.0955
vt 0.6029 0.0956
vt 0.5801 0.6444
vt 0.6029 0.6276
vt 0.5602 0.6276
vt 0.5602 0.6444
vt 0.6029 0.5481
vt 0.6029 0.5574
vt 0.6456 0.5574
vt 0.6456 0.5481
vt 0.6029 0.5583
vt 0.6456 0.5583
vt 0.6029 0.568
vt 0.6029 0.5671
vt 0.5602 0.5671
vt 0.5602 0.568
vt 0.5602 0.5583
vt 0.6029 0.5449
vt 0.5602 0.5449
vt 0.5602 0.5481
vt 0.6029 0.5406
vt 0.6029 0.5364
vt 0.5602 0.5364
vt 0.5602 0.5406
vt 0.6029 0.2121
vt 0.6029 0.1232
vt 0.5602 0.1232
vt 0.5602 0.2121
vt 0.6029 0.0031
vt 0.5602 0.0031
vt 0.6029 0.5773
vt 0.6456 0.5773
vt 0.6456 0.568
vt 0.7737 0.0108
vt 0.7737 0.0085
vt 0.731 0.0085
vt 0.731 0.0108
vt 0.7737 0.0242
vt 0.7737 0.0214
vt 0.731 0.0214
vt 0.731 0.0242
vt 0.7737 0.0189
vt 0.731 0.0189
vt 0.7737 0.0149
vt 0.731 0.0149
vt 0.7737 0.0392
vt 0.731 0.0392
vt 0.731 0.0431
vt 0.7737 0.0431
vt 0.7737 0.0457
vt 0.731 0.0457
vt 0.7737 0.0491
vt 0.731 0.0491
vt 0.7737 0.066
vt 0.731 0.066
vt 0.7737 0.0737
vt 0.731 0.0737
vt 0.7737 0.4783
vt 0.7737 0.4453
vt 0.731 0.4453
vt 0.731 0.4783
vt 0.7737 0.0775
vt 0.731 0.0775
vt 0.7737 0.0953
vt 0.731 0.0954
vt 0.752 0.6444
vt 0.7737 0.6276
vt 0.731 0.6276
vt 0.731 0.6444
vt 0.4321 0.5481
vt 0.4321 0.5574
vt 0.4748 0.5574
vt 0.4748 0.5481
vt 0.4321 0.5583
vt 0.4748 0.5583
vt 0.7737 0.568
vt 0.7737 0.5671
vt 0.731 0.5671
vt 0.731 0.568
vt 0.7737 0.5583
vt 0.731 0.5583
vt 0.7737 0.5481
vt 0.7737 0.5449
vt 0.731 0.5449
vt 0.731 0.5481
vt 0.7737 0.5406
vt 0.7737 0.5364
vt 0.731 0.5364
vt 0.731 0.5406
vt 0.7737 0.2121
vt 0.7737 0.1232
vt 0.731 0.1232
vt 0.731 0.2121
vt 0.7737 0.0031
vt 0.731 0.0031
vt 0.4321 0.568
vt 0.4321 0.5773
vt 0.4748 0.5773
vt 0.4748 0.568
vt 0.4321 0.0108
vt 0.4321 0.0085
vt 0.3894 0.0085
vt 0.3894 0.0108
vt 0.4321 0.0242
vt 0.4321 0.0214
vt 0.3894 0.0214
vt 0.3894 0.0242
vt 0.4321 0.0189
vt 0.3894 0.0189
vt 0.4321 0.0149
vt 0.3894 0.0149
vt 0.4321 0.0392
vt 0.3894 0.0392
vt 0.3894 0.0431
vt 0.4321 0.0431
vt 0.4321 0.0457
vt 0.3894 0.0457
vt 0.4321 0.0491
vt 0.3894 0.0491
vt 0.4321 0.066
vt 0.3894 0.066
vt 0.3894 0.0737
vt 0.4321 0.0737
vt 0.4321 0.4783
vt 0.4321 0.4453
vt 0.3894 0.4453
vt 0.3894 0.4783
vt 0.4321 0.0775
vt 0.3894 0.0775
vt 0.3894 0.0952
vt 0.4321 0.0953
vt 0.4089 0.6444
vt 0.4321 0.6276
vt 0.3894 0.6276
vt 0.3894 0.6444
vt 0.7737 0.5574
vt 0.8164 0.5574
vt 0.8164 0.5481
vt 0.8164 0.5583
vt 0.4321 0.5671
vt 0.3894 0.5671
vt 0.3894 0.568
vt 0.3894 0.5583
vt 0.4321 0.5449
vt 0.3894 0.5449
vt 0.3894 0.5481
vt 0.4321 0.5406
vt 0.4321 0.5364
vt 0.3894 0.5364
vt 0.3894 0.5406
vt 0.4321 0.2121
vt 0.4321 0.1232
vt 0.3894 0.1232
vt 0.3894 0.2121
vt 0.4321 0.0031
vt 0.3894 0.0031
vt 0.7737 0.5773
vt 0.8164 0.5773
vt 0.8164 0.568
vt 0.8591 0.0108
vt 0.8591 0.0085
vt 0.8164 0.0085
vt 0.8164 0.0108
vt 0.8591 0.0242
vt 0.8591 0.0214
vt 0.8164 0.0214
vt 0.8164 0.0242
vt 0.8591 0.0189
vt 0.8164 0.0189
vt 0.8591 0.0149
vt 0.8164 0.0149
vt 0.8591 0.0431
vt 0.8591 0.0392
vt 0.8164 0.0392
vt 0.8164 0.0431
vt 0.8591 0.0457
vt 0.8164 0.0457
vt 0.8591 0.0491
vt 0.8164 0.0491
vt 0.8591 0.066
vt 0.8164 0.066
vt 0.8591 0.0737
vt 0.8164 0.0737
vt 0.8591 0.4783
vt 0.8591 0.4453
vt 0.8164 0.4453
vt 0.8164 0.4783
vt 0.8591 0.0775
vt 0.8164 0.0775
vt 0.8591 0.0951
vt 0.8164 0.0952
vt 0.8591 0.6276
vt 0.8164 0.6276
vt 0.8164 0.6444
vt 0.8591 0.6444
vt 0.3467 0.5481
vt 0.3467 0.5574
vt 0.3894 0.5574
vt 0.3467 0.5583
vt 0.8591 0.568
vt 0.8591 0.5671
vt 0.8164 0.5671
vt 0.8591 0.5583
vt 0.8591 0.5481
vt 0.8591 0.5449
vt 0.8164 0.5449
vt 0.8591 0.5406
vt 0.8591 0.5364
vt 0.8164 0.5364
vt 0.8164 0.5406
vt 0.8591 0.2121
vt 0.8591 0.1232
vt 0.8164 0.1232
vt 0.8164 0.2121
vt 0.8591 0.0031
vt 0.8164 0.0031
vt 0.3467 0.568
vt 0.3467 0.5773
vt 0.3894 0.5773
vt 0.5175 0.0108
vt 0.5175 0.0085
vt 0.4748 0.0085
vt 0.4748 0.0108
vt 0.5175 0.0242
vt 0.5175 0.0214
vt 0.4748 0.0214
vt 0.4748 0.0242
vt 0.5175 0.0189
vt 0.4748 0.0189
vt 0.5175 0.0149
vt 0.4748 0.0149
vt 0.5175 0.0431
vt 0.5175 0.0392
vt 0.4748 0.0392
vt 0.4748 0.0431
vt 0.5175 0.0457
vt 0.4748 0.0457
vt 0.5175 0.0491
vt 0.4748 0.0491
vt 0.5175 0.066
vt 0.4748 0.066
vt 0.4748 0.0737
vt 0.5175 0.0737
vt 0.5175 0.4783
vt 0.5175 0.4453
vt 0.4748 0.4453
vt 0.4748 0.4783
vt 0.5175 0.0775
vt 0.4748 0.0775
vt 0.4748 0.0954
vt 0.5175 0.0955
vt 0.4748 0.6444
vt 0.5175 0.6444
vt 0.5175 0.6276
vt 0.4748 0.6276
vt 0.6883 0.5481
vt 0.6883 0.5574
vt 0.731 0.5574
vt 0.6883 0.5583
vt 0.5175 0.568
vt 0.5175 0.5671
vt 0.4748 0.5671
vt 0.5175 0.5583
vt 0.5175 0.5481
vt 0.5175 0.5449
vt 0.4748 0.5449
vt 0.5175 0.5406
vt 0.5175 0.5364
vt 0.4748 0.5364
vt 0.4748 0.5406
vt 0.5175 0.2121
vt 0.5175 0.1232
vt 0.4748 0.1232
vt 0.4748 0.2121
vt 0.5175 0.0031
vt 0.4748 0.0031
vt 0.6883 0.568
vt 0.6883 0.5773
vt 0.731 0.5773
vt 0.6883 0.0108
vt 0.6883 0.0085
vt 0.6456 0.0085
vt 0.6456 0.0108
vt 0.6883 0.0242
vt 0.6883 0.0214
vt 0.6456 0.0214
vt 0.6456 0.0242
vt 0.6883 0.0189
vt 0.6456 0.0189
vt 0.6883 0.0149
vt 0.6456 0.0149
vt 0.6883 0.0431
vt 0.6883 0.0392
vt 0.6456 0.0392
vt 0.6456 0.0431
vt 0.6456 0.0457
vt 0.6883 0.0457
vt 0.6883 0.0491
vt 0.6456 0.0491
vt 0.6883 0.066
vt 0.6456 0.066
vt 0.6883 0.0737
vt 0.6456 0.0737
vt 0.6883 0.4783
vt 0.6883 0.4453
vt 0.6456 0.4453
vt 0.6456 0.4783
vt 0.6456 0.0775
vt 0.6883 0.0775
vt 0.6883 0.0955
vt 0.6456 0.0955
vt 0.6883 0.6276
vt 0.6456 0.6276
vt 0.6456 0.6444
vt 0.6883 0.6444
vt 0.5175 0.5574
vt 0.5602 0.5574
vt 0.6883 0.5671
vt 0.6456 0.5671
vt 0.6883 0.5449
vt 0.6456 0.5449
vt 0.6883 0.5406
vt 0.6883 0.5364
vt 0.6456 0.5364
vt 0.6456 0.5406
vt 0.6883 0.2121
vt 0.6883 0.1232
vt 0.6456 0.1232
vt 0.6456 0.2121
vt 0.6883 0.0031
vt 0.6456 0.0031
vt 0.5175 0.5773
vt 0.5602 0.5773
vt 0.3467 0.0108
vt 0.3467 0.0085
vt 0.304 0.0085
vt 0.304 0.0108
vt 0.3467 0.0242
vt 0.3467 0.0214
vt 0.304 0.0214
vt 0.304 0.0242
vt 0.3467 0.0189
vt 0.304 0.0189
vt 0.3467 0.0149
vt 0.304 0.0149
vt 0.3467 0.0431
vt 0.3467 0.0392
vt 0.304 0.0392
vt 0.304 0.0431
vt 0.304 0.0457
vt 0.3467 0.0457
vt 0.3467 0.0491
vt 0.304 0.0491
vt 0.3467 0.066
vt 0.304 0.066
vt 0.304 0.0737
vt 0.3467 0.0737
vt 0.3467 0.4783
vt 0.3467 0.4453
vt 0.304 0.4453
vt 0.304 0.4783
vt 0.304 0.0775
vt 0.3467 0.0775
vt 0.304 0.0951
vt 0.3467 0.0951
vt 0.304 0.6444
vt 0.3467 0.6444
vt 0.3467 0.6276
vt 0.304 0.6276
vt 0.8591 0.5574
vt 0.9018 0.5574
vt 0.3467 0.5671
vt 0.304 0.5671
vt 0.3467 0.5449
vt 0.304 0.5449
vt 0.3467 0.5406
vt 0.3467 0.5364
vt 0.304 0.5364
vt 0.304 0.5406
vt 0.3467 0.2121
vt 0.3467 0.1232
vt 0.304 0.1232
vt 0.304 0.2121
vt 0.3467 0.0031
vt 0.304 0.0031
vt 0.8591 0.5773
vt 0.9018 0.4453
vt 0.9018 0.6444
vt 0.9018 0.6276
vt 0.7737 0.6444
vt 0.4321 0.6444
vt 0.6029 0.6444
vt 0.2613 0.0085
vt 0.2613 0.0108
vt 0.2613 0.0214
vt 0.2613 0.0242
vt 0.2613 0.0189
vt 0.2613 0.0149
vt 0.2613 0.0392
vt 0.2613 0.0431
vt 0.2613 0.0457
vt 0.2613 0.0491
vt 0.2613 0.066
vt 0.2613 0.0737
vt 0.2613 0.4453
vt 0.2613 0.4783
vt 0.2613 0.0775
vt 0.2613 0.095
vt 0.2613 0.6444
vt 0.2613 0.6276
vt 0.9446 0.5574
vt 0.2613 0.5671
vt 0.2613 0.5449
vt 0.2613 0.5364
vt 0.2613 0.5406
vt 0.2613 0.1232
vt 0.2613 0.2121
vt 0.2613 0.0031
vt 0.9446 0.6109
vt 0.9018 0.6109
vt 0.9446 0.6276
vt 0.5602 0.6109
vt 0.6029 0.6109
vt 0.6029 0.5941
vt 0.5602 0.5941
vt 0.731 0.5941
vt 0.731 0.6109
vt 0.7737 0.6109
vt 0.7737 0.5941
vt 0.3894 0.6109
vt 0.4321 0.6109
vt 0.4321 0.5941
vt 0.3894 0.5941
vt 0.8164 0.5941
vt 0.8164 0.6109
vt 0.8591 0.6109
vt 0.8591 0.5941
vt 0.4748 0.6109
vt 0.5175 0.6109
vt 0.5175 0.5941
vt 0.4748 0.5941
vt 0.6456 0.5941
vt 0.6456 0.6109
vt 0.6883 0.6109
vt 0.6883 0.5941
vt 0.304 0.6109
vt 0.3467 0.6109
vt 0.3467 0.5941
vt 0.304 0.5941
vt 0.2613 0.6109
vt 0.2613 0.5941
vt 0.9222 0.6444
vt 0.9018 0.3128
vt 0.9446 0.3128
vt 0.5602 0.2792
vt 0.6029 0.2792
vt 0.731 0.2792
vt 0.7737 0.2792
vt 0.3894 0.2792
vt 0.4321 0.2792
vt 0.8164 0.2792
vt 0.8591 0.2792
vt 0.4748 0.2792
vt 0.5175 0.2792
vt 0.6456 0.2792
vt 0.6883 0.2792
vt 0.304 0.2792
vt 0.3467 0.2792
vt 0.2613 0.2792
vt 0.5602 0.3128
vt 0.6029 0.3128
vt 0.731 0.3128
vt 0.7737 0.3128
vt 0.3894 0.3128
vt 0.4321 0.3128
vt 0.8164 0.3128
vt 0.8591 0.3128
vt 0.4748 0.3128
vt 0.5175 0.3128
vt 0.6456 0.3128
vt 0.6883 0.3128
vt 0.304 0.3128
vt 0.3467 0.3128
vt 0.2613 0.3128
vt 0.9446 0.4453
vt 0.108 0.0213
vt 0.1136 0.0213
vt 0.0979 0.2218
vt 0.063 0.2218
vt 0.9446 0.6444
vn -0.0806 -0.0001 -0.9968
vn 0.1619 -0.0 -0.9868
vn 0.1403 -0.4812 -0.8653
vn -0.0685 -0.4622 -0.8841
vn 0.5 -0.0 -0.866
vn 0.4388 -0.4795 -0.76
vn 0.766 -0.0 -0.6428
vn 0.6723 -0.4795 -0.5641
vn 0.9496 -0.0001 -0.3134
vn 0.832 -0.4853 -0.2689
vn 0.9994 -0.0 -0.0339
vn 0.8851 -0.4649 -0.0224
vn 0.8156 0.5149 -0.2639
vn 0.8686 0.495 -0.0222
vn 0.6593 0.5092 -0.5532
vn 0.4303 0.5092 -0.7453
vn 0.1375 0.5114 -0.8483
vn -0.0674 0.4923 -0.8678
vn 0.1522 -0.427 -0.8913
vn -0.0742 -0.431 -0.8993
vn 0.45 -0.4415 -0.7763
vn 0.6864 -0.4471 -0.5735
vn 0.8522 -0.4421 -0.2798
vn 0.8996 -0.4353 -0.0339
vn -0.0771 0.1132 -0.9906
vn 0.1591 0.1144 -0.9806
vn 0.4968 0.1143 -0.8603
vn 0.761 0.1143 -0.6386
vn 0.9451 0.1148 -0.3059
vn 0.9933 0.1129 -0.0256
vn -0.198 -0.0 0.9802
vn -0.5 -0.0001 0.866
vn -0.4388 -0.4795 0.76
vn -0.159 -0.4901 0.857
vn -0.766 -0.0 0.6428
vn -0.6723 -0.4795 0.5641
vn -0.9397 -0.0 0.342
vn -0.8246 -0.4795 0.3002
vn -0.9928 -0.0 0.1198
vn -0.8801 -0.4623 0.1081
vn -0.6593 0.5092 0.5532
vn -0.8087 0.5092 0.2943
vn -0.4303 0.5093 0.7453
vn -0.1728 0.5052 0.8455
vn 0.0629 -0.0001 0.998
vn 0.0523 0.5 0.8645
vn -0.4483 -0.4395 0.7784
vn -0.149 -0.4433 0.8839
vn -0.6882 -0.4385 0.578
vn -0.8459 -0.4363 0.3069
vn -0.8903 -0.4426 0.1069
vn 0.06 0.1131 0.9918
vn -0.1989 0.1143 0.9733
vn -0.4967 0.1145 0.8603
vn -0.761 0.1144 0.6386
vn -0.9335 0.1142 0.3398
vn -0.9896 -0.0 -0.1438
vn -0.866 -0.0 -0.5
vn -0.76 -0.4794 -0.4388
vn -0.8663 -0.4847 -0.1211
vn -0.6428 -0.0001 -0.7661
vn -0.5641 -0.4795 -0.6722
vn -0.3239 -0.0001 -0.9461
vn -0.2802 -0.4836 -0.8292
vn -0.2749 0.5134 -0.8129
vn -0.5532 0.5092 -0.6593
vn -0.7453 0.5092 -0.4303
vn -0.8494 0.5142 -0.1189
vn -0.7735 -0.4519 -0.4443
vn -0.887 -0.4429 -0.1305
vn -0.5761 -0.448 -0.6837
vn -0.2941 -0.4356 -0.8508
vn -0.9837 0.1153 -0.1382
vn -0.8603 0.1144 -0.4967
vn -0.6386 0.1142 -0.761
vn -0.3182 0.1145 -0.9411
vn 0.9807 -0.0 0.1958
vn 0.8622 -0.4755 0.1747
vn 0.866 -0.0 0.5
vn 0.76 -0.4795 0.4388
vn 0.6428 -0.0 0.7661
vn 0.5641 -0.4795 0.6722
vn 0.342 -0.0001 0.9397
vn 0.2847 -0.4919 0.8228
vn 0.0529 -0.4965 0.8664
vn 0.5532 0.5092 0.6593
vn 0.2943 0.5092 0.8088
vn 0.7453 0.5093 0.4303
vn 0.8458 0.5053 0.1713
vn 0.8898 -0.4171 0.1852
vn 0.7811 -0.4285 0.4542
vn 0.5752 -0.4377 0.691
vn 0.2812 -0.4455 0.85
vn 0.0663 -0.4663 0.8822
vn 0.9737 0.1139 0.1972
vn 0.8603 0.1146 0.4967
vn 0.6385 0.1143 0.761
vn 0.3398 0.1143 0.9335
vn 0.0764 -0.4817 -0.873
vn -0.2635 -0.4817 -0.8358
vn -0.2485 -0.5632 -0.7881
vn 0.072 -0.5631 -0.8233
vn 0.0775 0.4583 -0.8854
vn -0.2672 0.458 -0.8478
vn -0.259 0.5084 -0.8213
vn 0.0751 0.5085 -0.8578
vn 0.0731 0.5456 -0.8348
vn -0.252 0.5456 -0.7993
vn -0.3007 0.0001 -0.9537
vn 0.0871 0.0001 -0.9962
vn 0.0769 0.4702 -0.8792
vn -0.2654 0.4702 -0.8417
vn -0.296 0.1754 -0.9389
vn 0.0858 0.1754 -0.9807
vn -0.2829 0.3385 -0.8974
vn 0.082 0.3386 -0.9374
vn -0.2424 0.5917 -0.7689
vn 0.0702 0.5916 -0.8031
vn -0.288 0.2711 -0.9184
vn 0.0838 0.2724 -0.9585
vn 0.0871 -0.0295 -0.9958
vn -0.3014 -0.0306 -0.953
vn -0.2996 -0.0589 -0.9522
vn 0.087 -0.0582 -0.9945
vn -0.257 -0.518 -0.8159
vn 0.0746 -0.5171 -0.8527
vn 0.0619 0.704 -0.7075
vn -0.2131 0.7035 -0.678
vn -0.2872 -0.2919 -0.9123
vn 0.0834 -0.29 -0.9534
vn 0.0571 -0.7558 -0.6523
vn 0.0377 -0.9013 -0.4315
vn 0.2001 -0.9013 -0.3843
vn 0.3024 -0.7558 -0.5808
vn 0.0811 -0.3668 -0.9268
vn 0.4296 -0.3667 -0.8252
vn 0.0811 0.3669 -0.9267
vn -0.2797 0.367 -0.8872
vn -0.1301 0.9015 -0.4129
vn 0.0377 0.9014 -0.4314
vn -0.2798 -0.3669 -0.8872
vn 0.081 0.3704 -0.9253
vn -0.2793 0.3704 -0.8859
vn -0.1969 -0.7558 -0.6245
vn 0.0799 -0.4006 -0.9128
vn -0.275 -0.3997 -0.8744
vn -0.3007 0.0 -0.9537
vn 0.0871 0.0 -0.9962
vn 0.0871 0.0152 -0.9961
vn -0.3013 0.0162 -0.9534
vn 0.0871 0.0298 -0.9958
vn -0.3006 0.0298 -0.9533
vn -0.3005 0.0332 -0.9532
vn 0.0871 0.0332 -0.9956
vn 0.0859 -0.1676 -0.9821
vn -0.2966 -0.168 -0.9401
vn 0.087 -0.0552 -0.9947
vn -0.3003 -0.0551 -0.9523
vn 0.3276 0.7035 -0.6306
vn 0.2001 0.9013 -0.3843
vn -0.072 -0.5632 0.8232
vn -0.0764 -0.4818 0.873
vn 0.2635 -0.4818 0.8357
vn 0.2485 -0.5631 0.7881
vn -0.0751 0.5084 0.8578
vn -0.0775 0.4582 0.8855
vn 0.2673 0.4582 0.8477
vn 0.2589 0.5085 0.8212
vn -0.073 0.5457 0.8348
vn 0.252 0.5456 0.7993
vn -0.0872 0.0001 0.9962
vn 0.3007 0.0001 0.9537
vn -0.0769 0.4702 0.8792
vn 0.2654 0.4702 0.8417
vn 0.2961 0.1754 0.9389
vn -0.0858 0.1754 0.9807
vn -0.082 0.3385 0.9374
vn 0.2829 0.3385 0.8974
vn -0.0703 0.5916 0.8032
vn 0.2424 0.5917 0.7689
vn -0.0846 0.24 0.9671
vn 0.2932 0.2412 0.9251
vn 0.2995 -0.0568 0.9524
vn -0.087 -0.0579 0.9945
vn -0.0871 0.0421 0.9953
vn -0.0871 0.0468 0.9951
vn 0.3004 0.0469 0.9527
vn 0.2998 0.0411 0.9531
vn -0.0869 -0.0774 0.9932
vn 0.3004 -0.0767 0.9507
vn 0.2536 -0.5384 0.8036
vn -0.0734 -0.5392 0.839
vn -0.057 -0.715 0.6968
vn 0.2022 -0.7211 0.6627
vn -0.0571 -0.7558 0.6524
vn -0.0378 -0.9013 0.4315
vn -0.1999 -0.9014 0.3841
vn -0.3024 -0.7558 0.5808
vn -0.0811 -0.3669 0.9267
vn -0.4296 -0.3669 0.8251
vn -0.0378 0.9013 0.4315
vn -0.0811 0.3668 0.9268
vn 0.2797 0.3668 0.8872
vn 0.1302 0.9013 0.4131
vn 0.2798 -0.3668 0.8873
vn -0.081 0.3704 0.9253
vn 0.2793 0.3704 0.8859
vn 0.1969 -0.7558 0.6245
vn -0.0872 -0.0 0.9962
vn -0.0808 -0.3749 0.9235
vn 0.2793 -0.3758 0.8836
vn 0.3007 0.0 0.9537
vn -0.0871 0.029 0.9958
vn -0.0858 -0.1776 0.9804
vn 0.2957 -0.1772 0.9387
vn 0.3006 0.0291 0.9533
vn -0.0871 -0.0552 0.9947
vn 0.3003 -0.0552 0.9523
vn -0.063 0.6916 0.7195
vn -0.3338 0.6921 0.64
vn -0.1999 0.9014 0.3841
vn -0.8232 -0.5631 -0.072
vn -0.8729 -0.4818 -0.0764
vn -0.8357 -0.4819 0.2635
vn -0.7882 -0.563 0.2485
vn -0.8578 0.5084 -0.075
vn -0.8855 0.4581 -0.0774
vn -0.8476 0.4584 0.2673
vn -0.8212 0.5085 0.259
vn -0.8349 0.5456 -0.073
vn -0.7992 0.5456 0.252
vn -0.9962 0.0 -0.0872
vn -0.9537 0.0001 0.3007
vn -0.8791 0.4703 -0.0769
vn -0.8417 0.4702 0.2654
vn -0.9389 0.1754 0.2961
vn -0.9807 0.1755 -0.0858
vn -0.9374 0.3384 -0.082
vn -0.8974 0.3385 0.283
vn -0.8032 0.5916 -0.0703
vn -0.7688 0.5917 0.2424
vn -0.9627 0.2559 -0.088
vn -0.9245 0.2497 0.2879
vn -0.9954 -0.0442 -0.0849
vn -0.952 -0.0495 0.3022
vn -0.9959 0.0287 -0.0853
vn -0.9951 0.0476 -0.0871
vn -0.9527 0.0473 0.3003
vn -0.9527 0.0338 0.3021
vn -0.9937 -0.0679 -0.0886
vn -0.9517 -0.0716 0.2985
vn -0.8456 -0.5285 -0.0745
vn -0.8073 -0.5327 0.254
vn -0.6865 -0.7254 -0.0507
vn -0.6627 -0.7193 0.2082
vn 0.6523 -0.7558 0.0571
vn 0.4314 -0.9014 0.0377
vn 0.3841 -0.9014 0.2
vn 0.5809 -0.7558 0.3024
vn 0.9267 -0.3669 0.0811
vn 0.8251 -0.3669 0.4296
vn -0.4315 0.9013 -0.0378
vn -0.9268 0.3668 -0.0811
vn -0.8872 0.367 0.2797
vn -0.4128 0.9015 0.1302
vn -0.9268 -0.3666 -0.0811
vn -0.8872 -0.367 0.2797
vn -0.6524 -0.7557 -0.0571
vn -0.9253 0.3705 -0.0809
vn -0.8859 0.3705 0.2793
vn -0.6246 -0.7557 0.197
vn -0.9962 0.0 -0.0871
vn -0.9181 -0.3878 -0.0821
vn -0.8816 -0.3828 0.2762
vn -0.9537 -0.0 0.3007
vn -0.9958 0.0294 -0.0871
vn -0.9812 -0.173 -0.0857
vn -0.9389 -0.1745 0.2966
vn -0.9533 0.0293 0.3006
vn -0.9947 -0.0555 -0.087
vn -0.9522 -0.0553 0.3003
vn 0.4312 0.9015 0.0377
vn 0.7137 0.6978 0.0609
vn 0.638 0.6954 0.3305
vn 0.3841 0.9014 0.1999
vn 0.8232 -0.5632 0.072
vn 0.8729 -0.4818 0.0764
vn 0.8358 -0.4817 -0.2635
vn 0.7882 -0.5631 -0.2485
vn 0.8579 0.5083 0.075
vn 0.8855 0.4581 0.0774
vn 0.8477 0.4581 -0.2673
vn 0.8213 0.5084 -0.259
vn 0.8348 0.5457 0.073
vn 0.7993 0.5456 -0.252
vn 0.9962 0.0 0.0872
vn 0.9537 0.0 -0.3007
vn 0.8793 0.4701 0.0769
vn 0.8418 0.4701 -0.2654
vn 0.9389 0.1754 -0.2961
vn 0.9807 0.1755 0.0858
vn 0.9373 0.3387 0.082
vn 0.8973 0.3388 -0.283
vn 0.8032 0.5916 0.0702
vn 0.7688 0.5917 -0.2424
vn 0.9633 0.2559 0.0805
vn 0.9193 0.2622 -0.2935
vn 0.9536 -0.0386 -0.2985
vn 0.995 -0.0441 0.0893
vn 0.9956 0.0287 0.0889
vn 0.9951 0.0476 0.087
vn 0.9526 0.0479 -0.3004
vn 0.954 0.0236 -0.299
vn 0.994 -0.0679 0.0853
vn 0.9513 -0.0642 -0.3015
vn 0.812 -0.5242 -0.2565
vn 0.8457 -0.5285 0.0735
vn 0.7052 -0.7057 0.0684
vn 0.6572 -0.7263 -0.2015
vn -0.4318 -0.9012 -0.0378
vn -0.3841 -0.9014 -0.1999
vn -0.5809 -0.7557 -0.3024
vn -0.8252 -0.3669 -0.4295
vn 0.9267 0.3671 0.081
vn 0.8874 0.3665 -0.2797
vn 0.4134 0.9012 -0.1303
vn 0.8873 -0.3666 -0.2798
vn 0.9254 0.3702 0.081
vn 0.8859 0.3703 -0.2793
vn 0.6245 -0.7558 -0.1969
vn 0.9962 0.0 0.0872
vn 0.9184 -0.3878 0.0786
vn 0.8766 -0.3928 -0.2781
vn 0.9537 -0.0001 -0.3007
vn 0.9958 0.0294 0.0872
vn 0.9812 -0.1726 0.0864
vn 0.9399 -0.1706 -0.2958
vn 0.9533 0.0296 -0.3005
vn 0.9947 -0.0552 0.087
vn 0.9523 -0.0551 -0.3003
vn -0.7134 0.6978 -0.064
vn -0.6326 0.7002 -0.3309
vn -0.3843 0.9013 -0.2
vn -0.5312 -0.5631 -0.633
vn -0.5633 -0.4818 -0.6713
vn -0.7773 -0.4817 -0.4047
vn -0.733 -0.5631 -0.3816
vn -0.5535 0.5084 -0.6597
vn -0.5713 0.4582 -0.6809
vn -0.7885 0.4581 -0.4104
vn -0.7638 0.5084 -0.3976
vn -0.5387 0.5456 -0.642
vn -0.7434 0.5456 -0.3869
vn -0.6428 0.0001 -0.766
vn -0.887 0.0001 -0.4617
vn -0.6328 0.1756 -0.7541
vn -0.5673 0.4702 -0.6761
vn -0.7828 0.4703 -0.4075
vn -0.8732 0.1756 -0.4546
vn -0.6048 0.3387 -0.7208
vn -0.8347 0.3384 -0.4346
vn -0.5182 0.5916 -0.6176
vn -0.7152 0.5915 -0.3723
vn -0.6173 0.2675 -0.7399
vn -0.8544 0.2622 -0.4487
vn -0.6436 -0.0338 -0.7646
vn -0.8873 -0.0386 -0.4596
vn -0.6437 0.0192 -0.7651
vn -0.642 0.0482 -0.7652
vn -0.886 0.048 -0.4612
vn -0.8875 0.0236 -0.4601
vn -0.6407 -0.061 -0.7654
vn -0.8845 -0.0642 -0.4622
vn -0.5485 -0.5205 -0.6543
vn -0.7551 -0.5243 -0.3936
vn -0.4382 -0.729 -0.5259
vn -0.6018 -0.7336 -0.3159
vn 0.5016 -0.7558 -0.4209
vn 0.3318 -0.9013 -0.2784
vn 0.4133 -0.9012 -0.1303
vn 0.7126 -0.3668 -0.598
vn -0.2781 0.9016 -0.3314
vn -0.5979 0.3672 -0.7125
vn -0.8252 0.3667 -0.4295
vn -0.598 -0.3669 -0.7126
vn -0.4209 -0.7558 -0.5016
vn -0.5971 0.3704 -0.7115
vn -0.8239 0.3705 -0.4289
vn -0.6428 0.0 -0.766
vn -0.589 -0.397 -0.7039
vn -0.815 -0.3927 -0.4261
vn -0.887 -0.0 -0.4618
vn -0.6425 0.0297 -0.7657
vn -0.6338 -0.169 -0.7548
vn -0.8742 -0.1706 -0.4545
vn -0.8867 0.0296 -0.4615
vn -0.6418 -0.0551 -0.7649
vn -0.8857 -0.055 -0.461
vn 0.3317 0.9014 -0.2783
vn 0.5447 0.7022 -0.4585
vn 0.6805 0.7002 -0.216
vn 0.5311 -0.5632 0.633
vn 0.5633 -0.4816 0.6714
vn 0.7773 -0.4818 0.4046
vn 0.733 -0.5631 0.3816
vn 0.5535 0.5084 0.6597
vn 0.5714 0.4582 0.6809
vn 0.7885 0.458 0.4105
vn 0.7639 0.5083 0.3977
vn 0.5386 0.5458 0.6419
vn 0.7434 0.5456 0.387
vn 0.6428 0.0 0.766
vn 0.887 0.0001 0.4618
vn 0.6328 0.1755 0.7541
vn 0.5673 0.4702 0.6761
vn 0.7828 0.4703 0.4075
vn 0.8732 0.1756 0.4546
vn 0.6048 0.3386 0.7208
vn 0.8347 0.3384 0.4345
vn 0.5182 0.5916 0.6176
vn 0.7152 0.5915 0.3723
vn 0.6252 0.2446 0.7411
vn 0.8605 0.2498 0.4441
vn 0.885 -0.0496 0.4629
vn 0.6407 -0.054 0.7659
vn 0.6413 0.0382 0.7663
vn 0.6421 0.0471 0.7652
vn 0.886 0.0473 0.4612
vn 0.8857 0.0338 0.463
vn 0.6419 -0.0747 0.7632
vn 0.8854 -0.0717 0.4592
vn 0.7509 -0.5327 0.3903
vn 0.5429 -0.5362 0.6464
vn 0.4492 -0.7205 0.5283
vn 0.626 -0.7106 0.3213
vn -0.5016 -0.7559 0.4208
vn -0.3317 -0.9014 0.2784
vn -0.4129 -0.9014 0.1302
vn -0.7126 -0.3669 0.598
vn 0.2785 0.9013 0.3318
vn 0.598 0.3668 0.7127
vn 0.8252 0.3669 0.4295
vn 0.598 -0.3668 0.7126
vn 0.4208 -0.7559 0.5015
vn 0.5971 0.3703 0.7116
vn 0.8239 0.3704 0.4289
vn 0.6429 0.0 0.766
vn 0.5959 -0.3787 0.7081
vn 0.8202 -0.3829 0.4251
vn 0.887 0.0 0.4618
vn 0.6425 0.0292 0.7658
vn 0.6324 -0.1761 0.7543
vn 0.8732 -0.1745 0.4551
vn 0.8866 0.0293 0.4616
vn 0.6418 -0.0551 0.7649
vn 0.8857 -0.0551 0.461
vn -0.3318 0.9014 0.2783
vn -0.5527 0.6934 0.4623
vn -0.6858 0.6954 0.2147
vn -0.633 -0.5631 0.5312
vn -0.6713 -0.4817 0.5633
vn -0.4046 -0.4817 0.7773
vn -0.3816 -0.5631 0.733
vn -0.6596 0.5084 0.5535
vn -0.6809 0.4581 0.5714
vn -0.4105 0.4581 0.7885
vn -0.3977 0.5083 0.7639
vn -0.6419 0.5456 0.5387
vn -0.387 0.5457 0.7433
vn -0.766 -0.0 0.6428
vn -0.4618 0.0 0.887
vn -0.7542 0.1754 0.6328
vn -0.6761 0.4702 0.5673
vn -0.4075 0.4702 0.7829
vn -0.4545 0.1754 0.8733
vn -0.4345 0.3385 0.8346
vn -0.7208 0.3385 0.6048
vn -0.6176 0.5916 0.5182
vn -0.3722 0.5917 0.7151
vn -0.7444 0.2446 0.6213
vn -0.4493 0.2412 0.8602
vn -0.764 -0.054 0.643
vn -0.4603 -0.0569 0.8859
vn -0.7647 0.0382 0.6433
vn -0.7652 0.0471 0.642
vn -0.4613 0.0469 0.886
vn -0.4608 0.0411 0.8866
vn -0.461 -0.0768 0.8841
vn -0.7646 -0.0748 0.6401
vn -0.6469 -0.5362 0.5423
vn -0.3892 -0.5384 0.7474
vn -0.5311 -0.721 0.445
vn -0.3203 -0.723 0.6121
vn 0.2784 -0.9013 0.3318
vn 0.1303 -0.9013 0.4131
vn -0.7126 0.3669 0.598
vn -0.4296 0.3669 0.8251
vn -0.7116 0.3704 0.5971
vn -0.4289 0.3703 0.8239
vn -0.7661 0.0 0.6427
vn -0.7098 -0.3787 0.5939
vn -0.4285 -0.3758 0.8217
vn -0.4617 0.0 0.887
vn -0.7657 0.0292 0.6426
vn -0.7538 -0.1761 0.633
vn -0.4542 -0.1772 0.8731
vn -0.4615 0.0291 0.8866
vn -0.7649 -0.0554 0.6418
vn -0.4611 -0.055 0.8857
vn 0.464 0.6934 0.5512
vn 0.2176 0.6921 0.6882
vn 0.6331 -0.5631 -0.5311
vn 0.6713 -0.4818 -0.5632
vn 0.4047 -0.4817 -0.7773
vn 0.3816 -0.5631 -0.733
vn 0.6596 0.5084 -0.5535
vn 0.6809 0.4582 -0.5714
vn 0.4104 0.4581 -0.7885
vn 0.3977 0.5084 -0.7638
vn 0.6419 0.5457 -0.5387
vn 0.387 0.5457 -0.7433
vn 0.7661 0.0001 -0.6428
vn 0.4617 0.0001 -0.887
vn 0.7542 0.1754 -0.6328
vn 0.6761 0.4702 -0.5673
vn 0.4075 0.4702 -0.7829
vn 0.4546 0.1753 -0.8733
vn 0.4345 0.3384 -0.8347
vn 0.7209 0.3384 -0.6048
vn 0.6176 0.5916 -0.5182
vn 0.3723 0.5916 -0.7151
vn 0.7364 0.2675 -0.6214
vn 0.4431 0.2711 -0.8545
vn 0.4623 -0.0306 -0.8862
vn 0.7666 -0.0339 -0.6412
vn 0.7667 0.0192 -0.6417
vn 0.7651 0.0482 -0.6421
vn 0.4612 0.0484 -0.886
vn 0.4623 0.0162 -0.8866
vn 0.4604 -0.0588 -0.8858
vn 0.7638 -0.061 -0.6425
vn 0.3948 -0.518 -0.7588
vn 0.6538 -0.5206 -0.5491
vn 0.5236 -0.7281 -0.4425
vn 0.3169 -0.7225 -0.6145
vn -0.2783 -0.9014 -0.3318
vn -0.1302 -0.9014 -0.413
vn 0.7126 0.3669 -0.598
vn 0.4296 0.3667 -0.8252
vn 0.7116 0.3703 -0.5971
vn 0.4289 0.3703 -0.824
vn 0.766 0.0 -0.6428
vn 0.7023 -0.3969 -0.5909
vn 0.4226 -0.3997 -0.8134
vn 0.4617 0.0 -0.887
vn 0.7657 0.0297 -0.6425
vn 0.7553 -0.169 -0.6333
vn 0.4554 -0.168 -0.8743
vn 0.4616 0.0298 -0.8866
vn 0.7649 -0.0553 -0.6418
vn 0.4611 -0.0553 -0.8856
vn -0.4568 0.7022 -0.5461
vn -0.3003 0.0484 -0.9526
vn -0.2014 -0.7178 -0.6665
vn 0.0871 0.0484 -0.995
vn 0.0563 -0.7095 -0.7025
vn 0.0728 -0.5495 -0.8323
vn -0.2516 -0.5506 -0.796
vn 0.2456 -0.5748 0.7806
vn -0.0713 -0.5758 0.8145
vn -0.0821 -0.3369 0.938
vn 0.2837 -0.3352 0.8984
vn -0.903 -0.3227 0.2836
vn -0.7846 -0.5679 0.2487
vn -0.8235 -0.563 -0.0706
vn -0.9458 -0.3138 -0.0839
vn 0.7919 -0.5579 -0.2483
vn 0.8232 -0.563 0.0734
vn 0.946 -0.3138 0.0816
vn 0.908 -0.3047 -0.2874
vn -0.8443 -0.3048 -0.4408
vn -0.7368 -0.5579 -0.382
vn -0.5361 -0.5535 -0.6373
vn -0.6131 -0.2971 -0.732
vn 0.7295 -0.5679 0.3812
vn 0.5265 -0.5721 0.6289
vn 0.6074 -0.3302 0.7226
vn 0.8401 -0.3227 0.4361
vn -0.4354 -0.3352 0.8355
vn -0.3774 -0.5748 0.7261
vn -0.6277 -0.5721 0.528
vn -0.7236 -0.3302 0.6061
vn 0.386 -0.5506 -0.7402
vn 0.6387 -0.5535 -0.5345
vn 0.7309 -0.297 -0.6144
vn 0.4412 -0.2919 -0.8486
vn -0.3005 0.0331 -0.9532
vn 0.0871 0.0331 -0.9956
vn 0.3005 0.0336 0.9532
vn -0.0871 0.0336 0.9956
vn -0.9532 0.0335 0.3005
vn -0.9956 0.0334 -0.0871
vn 0.9532 0.0333 -0.3005
vn 0.9956 0.0334 0.0871
vn -0.8865 0.0333 -0.4615
vn -0.6424 0.0332 -0.7656
vn 0.8865 0.0335 0.4615
vn 0.6424 0.0335 0.7656
vn -0.4615 0.0336 0.8865
vn -0.7656 0.0335 0.6424
vn 0.4615 0.0332 -0.8865
vn 0.7656 0.0333 -0.6424
vn 0.3006 0.0328 0.9532
vn -0.0871 0.0328 0.9957
vn -0.9532 0.0329 0.3005
vn -0.9957 0.033 -0.0871
vn 0.9532 0.033 -0.3006
vn 0.9957 0.033 0.0871
vn -0.8865 0.033 -0.4615
vn -0.6424 0.0331 -0.7656
vn 0.8865 0.0329 0.4615
vn 0.6425 0.0328 0.7656
vn -0.4615 0.0328 0.8865
vn -0.7657 0.0329 0.6424
vn 0.4615 0.0331 -0.8865
vn 0.7656 0.0331 -0.6425
vn -0.8644 0.4915 0.1058
vn -0.9863 0.1127 0.1208
vtan -0.0 1.0 -0.0001 -1.0
vtan 0.0053 1.0 0.0008 -1.0
vtan 0.0783 0.8766 -0.4748 -1.0
vtan -0.0785 0.8859 -0.4571 -1.0
vtan 0.0094 0.9999 0.0054 -1.0
vtan 0.2362 0.8775 -0.4173 -1.0
vtan 0.007 0.9999 0.0083 -1.0
vtan 0.3637 0.8775 -0.3125 -1.0
vtan 0.0018 1.0 0.005 -1.0
vtan 0.4554 0.8742 -0.1684 -1.0
vtan 0.0 1.0 -0.0 -1.0
vtan 0.4619 0.8833 -0.0804 -1.0
vtan -0.4855 0.8571 0.1719 -1.0
vtan -0.4917 0.8666 0.0849 -1.0
vtan -0.3941 0.8606 0.3225 -1.0
vtan -0.26 0.8606 0.4379 -1.0
vtan -0.0883 0.8593 0.5038 -1.0
vtan 0.0855 0.8694 0.4866 -1.0
vtan 0.0688 0.9042 -0.4215 -1.0
vtan -0.0399 0.9023 -0.4292 -1.0
vtan 0.2188 0.8972 -0.3835 -1.0
vtan 0.3431 0.8945 -0.2868 -1.0
vtan 0.4201 0.897 -0.1375 -1.0
vtan 0.4348 0.9003 -0.0231 -1.0
vtan 0.0199 0.9935 0.112 -1.0
vtan -0.0181 0.9934 0.1129 -1.0
vtan -0.0558 0.9934 0.0998 -1.0
vtan -0.0867 0.9934 0.0745 -1.0
vtan -0.1078 0.9934 0.0396 -1.0
vtan -0.1124 0.9935 0.0199 -1.0
vtan -0.0054 1.0 -0.0011 -1.0
vtan -0.0094 0.9999 -0.0054 -1.0
vtan -0.2361 0.8775 0.4173 -1.0
vtan -0.0867 0.8717 0.4824 -1.0
vtan -0.007 0.9999 -0.0083 -1.0
vtan -0.3637 0.8775 0.3125 -1.0
vtan -0.0019 1.0 -0.0051 -1.0
vtan -0.4501 0.8775 0.1653 -1.0
vtan -0.0 1.0 0.0 -1.0
vtan -0.4605 0.8866 0.0426 -1.0
vtan 0.3941 0.8606 -0.3225 -1.0
vtan 0.4807 0.8606 -0.1682 -1.0
vtan 0.2601 0.8606 -0.4379 -1.0
vtan 0.0933 0.8629 -0.4966 -1.0
vtan 0.0 1.0 0.0001 -1.0
vtan -0.0311 0.8661 -0.499 -1.0
vtan -0.2169 0.8982 0.3823 -1.0
vtan -0.0923 0.8962 0.4339 -1.0
vtan -0.3358 0.8987 0.282 -1.0
vtan -0.4111 0.8998 0.1462 -1.0
vtan -0.4396 0.8967 0.0512 -1.0
vtan -0.0069 0.9936 -0.1129 -1.0
vtan 0.0199 0.9934 -0.1126 -1.0
vtan 0.0562 0.9934 -0.0998 -1.0
vtan 0.0868 0.9934 -0.0744 -1.0
vtan 0.1069 0.9935 -0.0403 -1.0
vtan 0.0015 0.9999 -0.0103 -1.0
vtan 0.0054 0.9999 -0.0094 -1.0
vtan -0.4173 0.8776 -0.2361 -1.0
vtan -0.4772 0.8745 -0.0867 -1.0
vtan 0.0083 0.9999 -0.007 -1.0
vtan -0.3125 0.8775 -0.3637 -1.0
vtan 0.0051 1.0 -0.0018 -1.0
vtan -0.1683 0.8752 -0.4535 -1.0
vtan -0.0 1.0 -0.0001 -1.0
vtan -0.0815 0.8858 -0.4568 -1.0
vtan 0.1719 0.8581 0.4838 -1.0
vtan 0.0859 0.8694 0.4865 -1.0
vtan 0.3224 0.8606 0.3941 -1.0
vtan 0.4378 0.8606 0.2601 -1.0
vtan 0.5047 0.8573 0.1015 -1.0
vtan -0.3933 0.892 -0.2226 -1.0
vtan -0.438 0.8966 -0.0658 -1.0
vtan -0.2886 0.894 -0.3427 -1.0
vtan -0.1413 0.9002 -0.412 -1.0
vtan -0.0399 0.9023 -0.4292 -1.0
vtan 0.1136 0.9933 0.0199 -1.0
vtan 0.0997 0.9934 0.0561 -1.0
vtan 0.0744 0.9935 0.0867 -1.0
vtan 0.0396 0.9934 0.1075 -1.0
vtan 0.0199 0.9935 0.112 -1.0
vtan 0.4626 0.884 -0.067 -1.0
vtan 0.0 1.0 -0.0 -1.0
vtan -0.0011 1.0 0.0054 -1.0
vtan 0.4681 0.8796 0.084 -1.0
vtan -0.0054 0.9999 0.0094 -1.0
vtan 0.4173 0.8775 0.2362 -1.0
vtan -0.0083 0.9999 0.007 -1.0
vtan 0.3125 0.8775 0.3637 -1.0
vtan -0.0051 1.0 0.0019 -1.0
vtan 0.1506 0.8706 0.4684 -1.0
vtan 0.0 1.0 0.0001 -1.0
vtan -0.0149 0.8671 0.4979 -1.0
vtan -0.3226 0.8606 -0.3941 -1.0
vtan -0.1681 0.8606 -0.4807 -1.0
vtan -0.438 0.8605 -0.2601 -1.0
vtan -0.4965 0.8629 -0.0939 -1.0
vtan -0.4923 0.8673 0.0739 -1.0
vtan 0.4093 0.9089 0.0802 -1.0
vtan 0.4348 0.9003 -0.0231 -1.0
vtan 0.3719 0.9036 0.2127 -1.0
vtan 0.2802 0.8991 0.3363 -1.0
vtan 0.1413 0.8953 0.4225 -1.0
vtan -0.0291 0.8828 0.4688 -1.0
vtan -0.1124 0.9935 0.0199 -1.0
vtan -0.1126 0.9935 -0.0182 -1.0
vtan -0.1 0.9934 -0.056 -1.0
vtan -0.0747 0.9934 -0.0866 -1.0
vtan -0.0402 0.9934 -0.107 -1.0
vtan 0.9957 0.0836 0.041 -1.0
vtan 0.9537 -0.0 -0.3007 -1.0
vtan 0.9537 -0.0 -0.3007 -1.0
vtan 0.9955 0.092 0.0242 -1.0
vtan 0.9957 -0.0807 0.0454 -1.0
vtan 0.9537 -0.0 -0.3006 -1.0
vtan 0.9537 -0.0 -0.3007 -1.0
vtan 0.9956 -0.0867 0.0357 -1.0
vtan 0.9955 -0.0904 0.028 -1.0
vtan 0.9537 -0.0 -0.3007 -1.0
vtan 0.9537 -0.0 -0.3007 -1.0
vtan 0.9962 -0.0 0.0871 -1.0
vtan 0.9957 -0.0822 0.0432 -1.0
vtan 0.9537 0.0 -0.3007 -1.0
vtan 0.9537 -0.0 -0.3007 -1.0
vtan 0.9961 -0.0343 0.081 -1.0
vtan 0.9537 -0.0 -0.3007 -1.0
vtan 0.9959 -0.0632 0.0643 -1.0
vtan 0.9537 0.0 -0.3007 -1.0
vtan 0.9954 -0.0942 0.0176 -1.0
vtan 0.9542 0.0001 -0.2992 -1.0
vtan 0.996 -0.0521 0.0723 -1.0
vtan 0.9962 0.0059 0.087 -1.0
vtan 0.9535 0.0 -0.3015 -1.0
vtan 0.9539 -0.0 -0.3001 -1.0
vtan 0.9962 0.0123 0.0864 -1.0
vtan 0.9537 0.0005 -0.3007 -1.0
vtan 0.9955 0.0892 0.033 -1.0
vtan 0.9951 -0.0985 -0.011 -1.0
vtan 0.954 -0.0 -0.3 -1.0
vtan 0.9539 0.0 -0.3002 -1.0
vtan 0.996 0.0551 0.0704 -1.0
vtan 0.9753 -0.0974 0.1981 -1.0
vtan 0.9667 -0.0765 0.2442 -1.0
vtan 0.887 0.0 0.4618 -1.0
vtan 0.887 0.0 0.4618 -1.0
vtan 0.9912 -0.0677 0.1135 -1.0
vtan 0.887 0.0 0.4617 -1.0
vtan 0.9959 -0.0677 0.0603 -1.0
vtan 0.9537 -0.0 -0.3007 -1.0
vtan 0.9537 -0.0 -0.3007 -1.0
vtan 0.9944 -0.0764 -0.0727 -1.0
vtan 0.9959 0.0677 0.0603 -1.0
vtan 0.9537 -0.0 -0.3007 -1.0
vtan 0.9959 -0.0683 0.0599 -1.0
vtan 0.9537 -0.0 -0.3007 -1.0
vtan 0.9537 0.0 -0.3007 -1.0
vtan 0.9949 0.0973 -0.0257 -1.0
vtan 0.9958 0.0728 0.0552 -1.0
vtan 0.9539 0.0 -0.3 -1.0
vtan 0.9537 -0.0 -0.3007 -1.0
vtan 0.9962 -0.0 0.0871 -1.0
vtan 0.9962 -0.003 0.0871 -1.0
vtan 0.9535 0.0 -0.3014 -1.0
vtan 0.9962 -0.0059 0.087 -1.0
vtan 0.9537 0.0 -0.3007 -1.0
vtan 0.9537 0.0 -0.3007 -1.0
vtan 0.9962 -0.0066 0.0869 -1.0
vtan 0.9961 0.0328 0.0815 -1.0
vtan 0.9537 0.0002 -0.3009 -1.0
vtan 0.9962 0.011 0.0865 -1.0
vtan 0.9537 -0.0 -0.3007 -1.0
vtan 0.9781 0.0985 0.1836 -1.0
vtan 0.8874 0.0 0.4611 -1.0
vtan 0.887 -0.0001 0.4618 -1.0
vtan 0.9667 0.0764 0.2442 -1.0
vtan -0.9962 -0.0 -0.0872 -1.0
vtan -0.9962 0.0 -0.0871 -1.0
vtan -0.9537 -0.0 0.3007 -1.0
vtan -0.9537 -0.0 0.3007 -1.0
vtan -0.9962 -0.0 -0.0872 -1.0
vtan -0.9962 -0.0 -0.0872 -1.0
vtan -0.9537 -0.0 0.3007 -1.0
vtan -0.9537 -0.0 0.3007 -1.0
vtan -0.9962 -0.0 -0.0872 -1.0
vtan -0.9537 -0.0 0.3007 -1.0
vtan -0.9962 0.0 -0.0872 -1.0
vtan -0.9537 0.0 0.3007 -1.0
vtan -0.9962 0.0 -0.0871 -1.0
vtan -0.9537 0.0 0.3008 -1.0
vtan -0.9537 0.0 0.3007 -1.0
vtan -0.9962 -0.0 -0.0872 -1.0
vtan -0.9962 -0.0 -0.0872 -1.0
vtan -0.9537 -0.0 0.3007 -1.0
vtan -0.9962 0.0 -0.0871 -1.0
vtan -0.9537 -0.0 0.3007 -1.0
vtan -0.9962 -0.0 -0.0872 -1.0
vtan -0.9533 -0.0001 0.3021 -1.0
vtan -0.954 -0.0 0.3 -1.0
vtan -0.9962 -0.0 -0.0872 -1.0
vtan -0.9962 0.0 -0.0871 -1.0
vtan -0.9962 0.0 -0.0871 -1.0
vtan -0.9537 0.0 0.3007 -1.0
vtan -0.9539 -0.0 0.3001 -1.0
vtan -0.9962 -0.0004 -0.0872 -1.0
vtan -0.9535 0.0003 0.3013 -1.0
vtan -0.9537 -0.0005 0.3006 -1.0
vtan -0.9962 0.0001 -0.0872 -1.0
vtan -0.9971 0.0032 0.0767 -1.0
vtan -0.997 0.0044 -0.077 -1.0
vtan -0.9563 0.0006 0.2924 -1.0
vtan -0.9501 -0.0045 0.312 -1.0
vtan -0.9962 -0.0 -0.0872 -1.0
vtan -0.9962 0.0 -0.0872 -1.0
vtan -0.887 0.0 -0.4617 -1.0
vtan -0.887 0.0 -0.4617 -1.0
vtan -0.9962 0.0 -0.0871 -1.0
vtan -0.887 0.0 -0.4618 -1.0
vtan -0.9962 -0.0 -0.0872 -1.0
vtan -0.9962 -0.0 -0.0871 -1.0
vtan -0.9537 -0.0 0.3007 -1.0
vtan -0.9537 0.0 0.3007 -1.0
vtan -0.9537 -0.0 0.3007 -1.0
vtan -0.9962 -0.0 -0.0872 -1.0
vtan -0.9537 0.0 0.3007 -1.0
vtan -0.9537 0.0 0.3007 -1.0
vtan -0.9962 -0.0 -0.0872 -1.0
vtan -0.9962 -0.0 -0.0872 -1.0
vtan -0.9535 0.0 0.3014 -1.0
vtan -0.9537 0.0 0.3007 -1.0
vtan -0.9962 -0.0 -0.0871 -1.0
vtan -0.9962 0.0004 -0.0871 -1.0
vtan -0.9538 -0.0004 0.3004 -1.0
vtan -0.9537 -0.0 0.3007 -1.0
vtan -0.9962 0.0 -0.0872 -1.0
vtan -0.9537 -0.0 0.3007 -1.0
vtan -0.9962 0.0 -0.0872 -1.0
vtan -0.8866 -0.0 -0.4625 -1.0
vtan -0.887 0.0 -0.4617 -1.0
vtan 0.0872 0.0 -0.9962 -1.0
vtan 0.0872 -0.0 -0.9962 -1.0
vtan -0.3007 -0.0 -0.9537 -1.0
vtan -0.3007 0.0 -0.9537 -1.0
vtan 0.0871 0.0 -0.9962 -1.0
vtan 0.0871 0.0 -0.9962 -1.0
vtan -0.3007 0.0 -0.9537 -1.0
vtan -0.3007 0.0 -0.9537 -1.0
vtan 0.0871 0.0 -0.9962 -1.0
vtan -0.3007 0.0 -0.9537 -1.0
vtan 0.0872 0.0 -0.9962 -1.0
vtan -0.3007 0.0 -0.9537 -1.0
vtan 0.0871 -0.0 -0.9962 -1.0
vtan -0.3007 -0.0 -0.9537 -1.0
vtan -0.3007 0.0 -0.9537 -1.0
vtan 0.0872 0.0 -0.9962 -1.0
vtan 0.0871 0.0 -0.9962 -1.0
vtan -0.3007 0.0 -0.9537 -1.0
vtan 0.0871 -0.0 -0.9962 -1.0
vtan -0.3007 0.0 -0.9537 -1.0
vtan 0.0911 0.0004 -0.9958 -1.0
vtan -0.2972 0.0003 -0.9548 -1.0
vtan 0.085 0.0 -0.9964 -1.0
vtan -0.3026 0.0 -0.9531 -1.0
vtan 0.0854 0.0 -0.9963 -1.0
vtan 0.0872 0.0 -0.9962 -1.0
vtan -0.3007 -0.0 -0.9537 -1.0
vtan -0.3023 0.0 -0.9532 -1.0
vtan 0.0888 -0.0 -0.996 -1.0
vtan -0.2992 -0.0 -0.9542 -1.0
vtan 0.0874 0.0006 -0.9962 -1.0
vtan -0.3006 0.0007 -0.9538 -1.0
vtan -0.1183 -0.002 -0.993 -1.0
vtan 0.0731 0.0005 -0.9973 -1.0
vtan -0.2993 -0.0004 -0.9542 -1.0
vtan -0.3436 0.0057 -0.9391 -1.0
vtan -0.0872 -0.0 0.9962 -1.0
vtan -0.0872 -0.0 0.9962 -1.0
vtan -0.4618 0.0001 0.887 -1.0
vtan -0.4618 0.0 0.887 -1.0
vtan -0.0871 -0.0 0.9962 -1.0
vtan -0.4618 0.0 0.887 -1.0
vtan 0.0872 -0.0 -0.9962 -1.0
vtan 0.0872 -0.0 -0.9962 -1.0
vtan -0.3007 0.0 -0.9537 -1.0
vtan -0.3007 0.0 -0.9537 -1.0
vtan 0.0871 -0.0 -0.9962 -1.0
vtan -0.3007 0.0 -0.9537 -1.0
vtan 0.0872 -0.0 -0.9962 -1.0
vtan 0.0871 0.0 -0.9962 -1.0
vtan -0.3007 -0.0 -0.9537 -1.0
vtan -0.3007 -0.0 -0.9537 -1.0
vtan 0.0871 0.0 -0.9962 -1.0
vtan 0.0891 -0.0 -0.996 -1.0
vtan -0.299 0.0 -0.9543 -1.0
vtan -0.3007 0.0 -0.9537 -1.0
vtan 0.0871 -0.0 -0.9962 -1.0
vtan 0.087 0.0002 -0.9962 -1.0
vtan -0.3012 0.0002 -0.9536 -1.0
vtan -0.3008 0.0 -0.9537 -1.0
vtan 0.0872 -0.0 -0.9962 -1.0
vtan -0.3007 -0.0 -0.9537 -1.0
vtan -0.0872 0.0 0.9962 -1.0
vtan -0.0851 0.0001 0.9964 -1.0
vtan -0.4601 0.0001 0.8879 -1.0
vtan -0.4617 0.0 0.887 -1.0
vtan -0.0872 0.0 0.9962 -1.0
vtan -0.0872 -0.0 0.9962 -1.0
vtan 0.3007 0.0 0.9537 -1.0
vtan 0.3007 0.0 0.9537 -1.0
vtan -0.0871 0.0 0.9962 -1.0
vtan -0.0871 0.0 0.9962 -1.0
vtan 0.3007 0.0 0.9537 -1.0
vtan 0.3007 0.0 0.9537 -1.0
vtan -0.0871 0.0 0.9962 -1.0
vtan 0.3007 0.0 0.9537 -1.0
vtan -0.0872 -0.0 0.9962 -1.0
vtan 0.3007 -0.0 0.9537 -1.0
vtan -0.0872 -0.0 0.9962 -1.0
vtan 0.3007 -0.0 0.9537 -1.0
vtan 0.3007 0.0 0.9537 -1.0
vtan -0.0872 -0.0 0.9962 -1.0
vtan -0.0872 0.0 0.9962 -1.0
vtan 0.3007 0.0 0.9537 -1.0
vtan -0.0871 0.0 0.9962 -1.0
vtan 0.3007 0.0 0.9537 -1.0
vtan -0.0832 -0.0004 0.9965 -1.0
vtan 0.3042 -0.0003 0.9526 -1.0
vtan 0.2987 -0.0 0.9543 -1.0
vtan -0.0893 -0.0 0.996 -1.0
vtan -0.0889 -0.0 0.996 -1.0
vtan -0.0871 -0.0 0.9962 -1.0
vtan 0.3007 -0.0 0.9537 -1.0
vtan 0.2991 -0.0 0.9542 -1.0
vtan -0.0855 0.0 0.9963 -1.0
vtan 0.3022 -0.0 0.9533 -1.0
vtan 0.3008 -0.0007 0.9537 -1.0
vtan -0.0869 -0.0006 0.9962 -1.0
vtan 0.0422 0.0093 0.9991 -1.0
vtan -0.0927 0.0038 0.9957 -1.0
vtan 0.2922 -0.0009 0.9564 -1.0
vtan 0.3136 0.0036 0.9495 -1.0
vtan 0.0872 -0.0 -0.9962 -1.0
vtan 0.4617 -0.0001 -0.887 -1.0
vtan 0.4618 -0.0 -0.887 -1.0
vtan 0.4617 -0.0 -0.887 -1.0
vtan -0.0871 0.0 0.9962 -1.0
vtan 0.3007 -0.0 0.9537 -1.0
vtan 0.3007 -0.0001 0.9537 -1.0
vtan 0.3007 -0.0 0.9537 -1.0
vtan -0.0872 0.0 0.9962 -1.0
vtan 0.3007 -0.0 0.9537 -1.0
vtan 0.3007 0.0 0.9537 -1.0
vtan -0.0872 -0.0 0.9962 -1.0
vtan -0.0852 0.0 0.9964 -1.0
vtan 0.3024 0.0 0.9532 -1.0
vtan 0.3007 -0.0 0.9537 -1.0
vtan -0.0872 -0.0 0.9962 -1.0
vtan -0.0877 -0.0001 0.9961 -1.0
vtan 0.3002 -0.0001 0.9539 -1.0
vtan 0.3006 -0.0 0.9537 -1.0
vtan -0.0871 -0.0 0.9962 -1.0
vtan 0.3007 -0.0 0.9537 -1.0
vtan 0.0892 -0.0001 -0.996 -1.0
vtan 0.4634 -0.0001 -0.8861 -1.0
vtan 0.4617 0.0001 -0.887 -1.0
vtan 0.766 -0.0 -0.6428 -1.0
vtan 0.766 -0.0 -0.6428 -1.0
vtan 0.4617 -0.0 -0.887 -1.0
vtan 0.4618 0.0 -0.887 -1.0
vtan 0.7661 -0.0 -0.6428 -1.0
vtan 0.7661 -0.0 -0.6428 -1.0
vtan 0.4617 0.0 -0.887 -1.0
vtan 0.4617 0.0 -0.887 -1.0
vtan 0.766 0.0 -0.6428 -1.0
vtan 0.4617 0.0 -0.887 -1.0
vtan 0.766 0.0 -0.6428 -1.0
vtan 0.4617 -0.0 -0.887 -1.0
vtan 0.766 0.0 -0.6428 -1.0
vtan 0.766 0.0 -0.6428 -1.0
vtan 0.4617 0.0 -0.887 -1.0
vtan 0.4617 -0.0 -0.887 -1.0
vtan 0.766 0.0 -0.6428 -1.0
vtan 0.4618 -0.0 -0.887 -1.0
vtan 0.766 0.0 -0.6428 -1.0
vtan 0.4618 -0.0 -0.887 -1.0
vtan 0.7679 0.0003 -0.6406 -1.0
vtan 0.465 0.0003 -0.8853 -1.0
vtan 0.765 0.0 -0.644 -1.0
vtan 0.4599 0.0 -0.888 -1.0
vtan 0.7652 0.0 -0.6438 -1.0
vtan 0.7661 0.0 -0.6428 -1.0
vtan 0.4618 0.0 -0.887 -1.0
vtan 0.4602 0.0 -0.8878 -1.0
vtan 0.7668 -0.0003 -0.6419 -1.0
vtan 0.4631 0.0 -0.8863 -1.0
vtan 0.7663 0.0 -0.6425 -1.0
vtan 0.4619 0.0007 -0.887 -1.0
vtan 0.7681 0.0002 -0.6403 -1.0
vtan 0.4644 0.0004 -0.8856 -1.0
vtan 0.4996 -0.0036 -0.8662 -1.0
vtan 0.7641 0.002 -0.6451 -1.0
vtan 0.6428 -0.0 0.766 -1.0
vtan 0.6428 -0.0 0.7661 -1.0
vtan 0.3007 -0.0 0.9537 -1.0
vtan 0.6428 -0.0 0.766 -1.0
vtan 0.7661 0.0 -0.6428 -1.0
vtan 0.766 0.0 -0.6428 -1.0
vtan 0.4617 0.0 -0.887 -1.0
vtan 0.766 0.0 -0.6428 -1.0
vtan 0.7661 0.0 -0.6428 -1.0
vtan 0.766 0.0 -0.6428 -1.0
vtan 0.4617 0.0 -0.887 -1.0
vtan 0.766 0.0 -0.6428 -1.0
vtan 0.7669 -0.0 -0.6417 -1.0
vtan 0.4634 0.0 -0.8862 -1.0
vtan 0.4618 0.0 -0.887 -1.0
vtan 0.766 0.0 -0.6428 -1.0
vtan 0.7658 0.0002 -0.6431 -1.0
vtan 0.4613 0.0001 -0.8872 -1.0
vtan 0.4617 0.0 -0.887 -1.0
vtan 0.766 0.0 -0.6428 -1.0
vtan 0.4617 -0.0 -0.887 -1.0
vtan 0.6428 0.0 0.766 -1.0
vtan 0.6439 0.0001 0.7651 -1.0
vtan 0.3025 0.0001 0.9531 -1.0
vtan -0.7661 0.0 0.6428 -1.0
vtan -0.7661 0.0 0.6428 -1.0
vtan -0.4618 -0.0 0.887 -1.0
vtan -0.4617 0.0 0.887 -1.0
vtan -0.766 0.0 0.6428 -1.0
vtan -0.766 0.0 0.6428 -1.0
vtan -0.4618 -0.0 0.887 -1.0
vtan -0.4618 -0.0 0.887 -1.0
vtan -0.766 0.0 0.6428 -1.0
vtan -0.4617 0.0 0.887 -1.0
vtan -0.766 0.0 0.6428 -1.0
vtan -0.4618 -0.0 0.887 -1.0
vtan -0.766 0.0 0.6428 -1.0
vtan -0.766 0.0 0.6428 -1.0
vtan -0.4617 0.0 0.887 -1.0
vtan -0.4618 0.0 0.887 -1.0
vtan -0.766 0.0 0.6428 -1.0
vtan -0.4617 0.0 0.887 -1.0
vtan -0.7661 -0.0 0.6428 -1.0
vtan -0.4617 0.0 0.887 -1.0
vtan -0.7643 -0.0003 0.6449 -1.0
vtan -0.4585 -0.0003 0.8887 -1.0
vtan -0.4635 -0.0 0.8861 -1.0
vtan -0.767 -0.0 0.6416 -1.0
vtan -0.7669 -0.0 0.6418 -1.0
vtan -0.766 0.0 0.6428 -1.0
vtan -0.4617 -0.0 0.887 -1.0
vtan -0.4632 -0.0 0.8862 -1.0
vtan -0.7653 -0.0 0.6437 -1.0
vtan -0.4604 0.0 0.8877 -1.0
vtan -0.4616 -0.0007 0.8871 -1.0
vtan -0.7658 0.0 0.6431 -1.0
vtan -0.5059 -0.0079 0.8625 -1.0
vtan -0.7705 -0.0065 0.6374 -1.0
vtan -0.7632 -0.0021 0.6461 -1.0
vtan -0.4572 -0.0006 0.8893 -1.0
vtan -0.6427 0.0 -0.7661 -1.0
vtan -0.6428 -0.0 -0.766 -1.0
vtan -0.3007 0.0 -0.9537 -1.0
vtan -0.6428 -0.0 -0.766 -1.0
vtan -0.766 0.0 0.6428 -1.0
vtan -0.766 0.0 0.6428 -1.0
vtan -0.4617 0.0 0.887 -1.0
vtan -0.766 -0.0 0.6428 -1.0
vtan -0.766 -0.0 0.6428 -1.0
vtan -0.766 0.0 0.6428 -1.0
vtan -0.4618 -0.0 0.887 -1.0
vtan -0.766 0.0 0.6429 -1.0
vtan -0.7651 -0.0 0.6439 -1.0
vtan -0.4602 0.0 0.8878 -1.0
vtan -0.4618 -0.0 0.887 -1.0
vtan -0.7661 -0.0 0.6427 -1.0
vtan -0.7663 0.0002 0.6425 -1.0
vtan -0.4622 -0.0002 0.8868 -1.0
vtan -0.4618 0.0 0.887 -1.0
vtan -0.7661 0.0 0.6428 -1.0
vtan -0.4617 -0.0 0.887 -1.0
vtan -0.6428 -0.0 -0.7661 -1.0
vtan -0.6417 -0.0001 -0.767 -1.0
vtan -0.2989 -0.0001 -0.9543 -1.0
vtan -0.6428 0.0 -0.766 -1.0
vtan -0.6428 0.0 -0.7661 -1.0
vtan -0.887 0.0 -0.4617 -1.0
vtan -0.887 -0.0 -0.4618 -1.0
vtan -0.6428 0.0 -0.766 -1.0
vtan -0.6428 0.0 -0.766 -1.0
vtan -0.887 -0.0 -0.4618 -1.0
vtan -0.887 -0.0 -0.4618 -1.0
vtan -0.6428 0.0 -0.766 -1.0
vtan -0.887 -0.0 -0.4618 -1.0
vtan -0.6428 -0.0 -0.766 -1.0
vtan -0.887 -0.0 -0.4618 -1.0
vtan -0.6428 -0.0 -0.766 -1.0
vtan -0.6428 -0.0 -0.7661 -1.0
vtan -0.887 0.0 -0.4617 -1.0
vtan -0.887 0.0 -0.4617 -1.0
vtan -0.887 0.0 -0.4618 -1.0
vtan -0.6428 -0.0 -0.7661 -1.0
vtan -0.6428 -0.0 -0.7661 -1.0
vtan -0.887 -0.0 -0.4617 -1.0
vtan -0.6407 0.0003 -0.7678 -1.0
vtan -0.8863 0.0001 -0.463 -1.0
vtan -0.6439 0.0 -0.7651 -1.0
vtan -0.8874 0.0 -0.4611 -1.0
vtan -0.6438 0.0 -0.7652 -1.0
vtan -0.6428 0.0 -0.7661 -1.0
vtan -0.887 -0.0 -0.4618 -1.0
vtan -0.8873 0.0 -0.4612 -1.0
vtan -0.8867 0.0001 -0.4623 -1.0
vtan -0.6419 0.0 -0.7668 -1.0
vtan -0.6425 -0.0 -0.7663 -1.0
vtan -0.8871 0.0005 -0.4616 -1.0
vtan -0.6423 0.0001 -0.7665 -1.0
vtan -0.8863 0.0005 -0.4632 -1.0
vtan -0.8655 -0.0044 -0.501 -1.0
vtan -0.6433 0.0005 -0.7656 -1.0
vtan -0.766 -0.0 0.6428 -1.0
vtan -0.9537 -0.0 0.3007 -1.0
vtan -0.6428 -0.0 -0.766 -1.0
vtan -0.887 0.0 -0.4618 -1.0
vtan -0.6428 -0.0 -0.766 -1.0
vtan -0.887 0.0 -0.4617 -1.0
vtan -0.6427 -0.0 -0.7661 -1.0
vtan -0.6417 -0.0 -0.7669 -1.0
vtan -0.8867 -0.0 -0.4624 -1.0
vtan -0.887 0.0 -0.4617 -1.0
vtan -0.6428 0.0 -0.766 -1.0
vtan -0.6431 -0.0002 -0.7658 -1.0
vtan -0.8871 0.0 -0.4615 -1.0
vtan -0.887 0.0 -0.4617 -1.0
vtan -0.6428 -0.0 -0.766 -1.0
vtan -0.887 0.0 -0.4618 -1.0
vtan -0.7651 0.0001 0.6439 -1.0
vtan -0.9535 0.0 0.3015 -1.0
vtan 0.6428 0.0 0.7661 -1.0
vtan 0.6428 0.0 0.7661 -1.0
vtan 0.887 0.0 0.4618 -1.0
vtan 0.887 -0.0 0.4617 -1.0
vtan 0.6428 -0.0 0.766 -1.0
vtan 0.6428 -0.0 0.766 -1.0
vtan 0.887 -0.0 0.4617 -1.0
vtan 0.887 -0.0 0.4618 -1.0
vtan 0.6428 0.0 0.766 -1.0
vtan 0.887 -0.0 0.4618 -1.0
vtan 0.6428 -0.0 0.7661 -1.0
vtan 0.887 0.0 0.4617 -1.0
vtan 0.6428 -0.0 0.7661 -1.0
vtan 0.6428 0.0 0.766 -1.0
vtan 0.887 -0.0 0.4617 -1.0
vtan 0.887 0.0 0.4617 -1.0
vtan 0.887 0.0 0.4617 -1.0
vtan 0.6427 -0.0 0.7661 -1.0
vtan 0.6428 0.0 0.766 -1.0
vtan 0.887 0.0 0.4617 -1.0
vtan 0.645 -0.0003 0.7642 -1.0
vtan 0.8877 -0.0001 0.4603 -1.0
vtan 0.8866 -0.0 0.4626 -1.0
vtan 0.6416 -0.0 0.7671 -1.0
vtan 0.6418 -0.0 0.7669 -1.0
vtan 0.6428 0.0 0.766 -1.0
vtan 0.887 -0.0 0.4617 -1.0
vtan 0.8867 -0.0 0.4624 -1.0
vtan 0.8873 -0.0004 0.4612 -1.0
vtan 0.6438 0.0003 0.7652 -1.0
vtan 0.887 -0.0005 0.4618 -1.0
vtan 0.6431 -0.0 0.7658 -1.0
vtan 0.8634 -0.007 0.5045 -1.0
vtan 0.6404 -0.0021 0.7681 -1.0
vtan 0.6454 -0.0002 0.7639 -1.0
vtan 0.8886 -0.0005 0.4588 -1.0
vtan 0.7661 0.0 -0.6427 -1.0
vtan 0.9537 0.0 -0.3007 -1.0
vtan 0.6428 -0.0 0.766 -1.0
vtan 0.887 -0.0 0.4617 -1.0
vtan 0.6428 -0.0 0.7661 -1.0
vtan 0.887 -0.0 0.4617 -1.0
vtan 0.6428 -0.0 0.766 -1.0
vtan 0.6438 0.0 0.7652 -1.0
vtan 0.8874 -0.0 0.4611 -1.0
vtan 0.887 0.0 0.4617 -1.0
vtan 0.6427 -0.0 0.7661 -1.0
vtan 0.6425 -0.0002 0.7663 -1.0
vtan 0.8869 0.0002 0.4619 -1.0
vtan 0.887 -0.0 0.4618 -1.0
vtan 0.6428 0.0 0.766 -1.0
vtan 0.887 0.0 0.4618 -1.0
vtan 0.767 -0.0001 -0.6417 -1.0
vtan 0.9537 0.0 -0.3007 -1.0
vtan 0.9439 0.0073 -0.33 -1.0
vtan 0.9573 -0.0001 -0.2891 -1.0
vtan 0.1483 -0.0056 -0.9889 -1.0
vtan -0.2049 -0.0025 0.9788 -1.0
vtan -0.9863 0.002 -0.1652 -1.0
vtan 0.9877 -0.0836 0.1325 -1.0
vtan 0.9845 -0.092 0.1491 -1.0
vtan 0.9885 0.0807 0.1282 -1.0
vtan 0.9867 0.0866 0.1377 -1.0
vtan 0.9852 0.0904 0.1453 -1.0
vtan 0.9962 0.0 0.0871 -1.0
vtan 0.9881 0.0822 0.1304 -1.0
vtan 0.9951 0.0343 0.0932 -1.0
vtan 0.992 0.0632 0.1097 -1.0
vtan 0.9833 0.0942 0.1554 -1.0
vtan 0.9935 0.0521 0.1017 -1.0
vtan 0.9962 -0.0059 0.0873 -1.0
vtan 0.9961 0.0096 0.0876 -1.0
vtan 0.9962 0.003 0.0872 -1.0
vtan 0.9961 -0.0115 0.0878 -1.0
vtan 0.9861 -0.0893 0.1404 -1.0
vtan 0.9797 -0.0541 0.1932 -1.0
vtan 0.9781 -0.1021 0.1816 -1.0
vtan 0.9944 0.0764 -0.0727 -1.0
vtan 0.9912 0.0677 0.1135 -1.0
vtan 0.9911 0.0682 0.1141 -1.0
vtan 0.9903 -0.0728 0.1186 -1.0
vtan 0.9962 0.0 0.0871 -1.0
vtan 0.9951 -0.0336 0.0928 -1.0
vtan 0.9962 0.0059 0.0873 -1.0
vtan 0.9961 -0.011 0.0877 -1.0
vtan 0.9955 0.0908 0.0272 -1.0
vtan 0.9535 0.0 -0.3014 -1.0
vtan 0.9967 0.0816 -0.0025 -1.0
vtan -0.9539 -0.0 0.3001 -1.0
vtan -0.9962 0.0 -0.0872 -1.0
vtan -0.9962 0.0 -0.0872 -1.0
vtan -0.9536 -0.0 0.3011 -1.0
vtan -0.2996 0.0 -0.9541 -1.0
vtan -0.3023 0.0001 -0.9532 -1.0
vtan 0.0854 0.0001 -0.9963 -1.0
vtan 0.0884 0.0 -0.9961 -1.0
vtan 0.2991 -0.0001 0.9542 -1.0
vtan -0.0889 -0.0001 0.996 -1.0
vtan -0.0859 -0.0 0.9963 -1.0
vtan 0.3018 -0.0 0.9534 -1.0
vtan 0.4628 0.0 -0.8865 -1.0
vtan 0.4603 0.0001 -0.8878 -1.0
vtan 0.7652 0.0001 -0.6438 -1.0
vtan 0.7666 0.0 -0.6421 -1.0
vtan -0.4632 -0.0001 0.8862 -1.0
vtan -0.7668 -0.0001 0.6419 -1.0
vtan -0.7655 -0.0 0.6434 -1.0
vtan -0.4608 -0.0 0.8875 -1.0
vtan -0.8868 0.0 -0.4622 -1.0
vtan -0.8873 0.0 -0.4611 -1.0
vtan -0.6437 0.0001 -0.7652 -1.0
vtan -0.6421 0.0 -0.7666 -1.0
vtan 0.8867 -0.0 0.4624 -1.0
vtan 0.6418 -0.0001 0.7669 -1.0
vtan 0.6435 -0.0 0.7655 -1.0
vtan 0.8872 -0.0 0.4613 -1.0
vtan 0.9851 -0.0908 0.1461 -1.0
vtan 0.9931 -0.0551 0.1036 -1.0
vtan 0.9965 0.0033 -0.0838 -1.0
vtan 0.9537 0.0 -0.3007 -1.0
vtan 0.9962 -0.0066 0.0869 -1.0
vtan -0.9537 -0.0 0.3007 -1.0
vtan -0.9962 -0.0 -0.0872 -1.0
vtan -0.3007 0.0 -0.9537 -1.0
vtan 0.0872 -0.0 -0.9962 -1.0
vtan 0.3007 0.0 0.9537 -1.0
vtan -0.0871 0.0 0.9962 -1.0
vtan 0.4618 -0.0 -0.887 -1.0
vtan 0.7661 -0.0 -0.6428 -1.0
vtan -0.4617 0.0 0.887 -1.0
vtan -0.766 0.0 0.6428 -1.0
vtan -0.887 -0.0 -0.4617 -1.0
vtan -0.6428 0.0 -0.766 -1.0
vtan 0.887 0.0 0.4617 -1.0
vtan 0.6428 0.0 0.766 -1.0
vtan 0.9962 0.0066 0.0874 -1.0
vtan -0.9537 0.0 0.3007 -1.0
vtan -0.9962 0.0 -0.0871 -1.0
vtan -0.3007 -0.0 -0.9537 -1.0
vtan 0.0872 -0.0 -0.9962 -1.0
vtan 0.3008 0.0 0.9537 -1.0
vtan -0.0871 0.0 0.9962 -1.0
vtan 0.4618 -0.0 -0.887 -1.0
vtan 0.7661 0.0 -0.6428 -1.0
vtan -0.4617 0.0 0.887 -1.0
vtan -0.766 0.0 0.6428 -1.0
vtan -0.887 -0.0 -0.4618 -1.0
vtan -0.6428 -0.0 -0.7661 -1.0
vtan 0.887 0.0 0.4617 -1.0
vtan 0.6428 0.0 0.766 -1.0
vtan 0.9962 0.0066 0.0874 -1.0
vtan 0.9962 -0.0096 0.0867 -1.0
vtan 0.4899 0.8708 -0.0424 -1.0
vtan 0.112 0.9936 -0.0124 -1.0
vtan -0.0431 0.866 -0.4982 -1.0
vtan -0.0124 0.9936 -0.1126 -1.0
vtan -0.0083 0.8674 0.4976 -1.0
vtan -0.0881 0.8779 0.4706 -1.0
vtan 0.9883 0.0766 0.132 -1.0
vtan 0.2423 -0.2416 0.9396 -1.0
vtan 0.0557 -0.3345 0.9407 -1.0
vtan 0.0339 -0.3443 0.9382 -1.0
vtan -0.1107 -0.0216 -0.9936 1.0
vtan 0.1025 0.0866 -0.991 1.0
vtan -0.1095 -0.0198 -0.9938 1.0
vtan -0.4787 0.8746 -0.0764 1.0
vtan -0.4624 0.8863 0.0259 1.0
vtan -0.0 1.0 0.0 1.0
vtan -0.0 1.0 -0.0 1.0
vtan 0.4898 0.8708 -0.0427 1.0
vtan 0.5084 0.8577 0.0767 1.0
vtan 0.1127 0.9936 -0.0072 1.0
vtan 0.1136 0.9933 0.0199 1.0
f 0/0/0/0 1/1/1/1 2/2/2/2 
f 0/0/0/0 2/2/2/2 3/3/3/3 
f 1/1/1/1 4/4/4/4 5/5/5/5 
f 1/1/1/1 5/5/5/5 2/2/2/2 
f 4/4/4/4 6/6/6/6 7/7/7/7 
f 4/4/4/4 7/7/7/7 5/5/5/5 
f 6/6/6/6 8/8/8/8 9/9/9/9 
f 6/6/6/6 9/9/9/9 7/7/7/7 
f 9/9/9/9 8/8/8/8 10/10/10/10 
f 9/9/9/9 10/10/10/10 11/11/11/11 
f 10/10/10/10 8/8/8/8 12/12/12/12 
f 10/10/10/10 12/12/12/12 13/13/13/13 
f 8/8/8/8 6/6/6/6 14/14/14/14 
f 8/8/8/8 14/14/14/14 12/12/12/12 
f 6/6/6/6 4/4/4/4 15/15/15/15 
f 6/6/6/6 15/15/15/15 14/14/14/14 
f 4/4/4/4 1/1/1/1 16/16/16/16 
f 4/4/4/4 16/16/16/16 15/15/15/15 
f 0/0/0/0 17/17/17/17 16/16/16/16 
f 0/0/0/0 16/16/16/16 1/1/1/1 
f 3/3/3/3 2/2/2/2 18/18/18/18 
f 3/3/3/3 18/18/18/18 19/19/19/19 
f 2/2/2/2 5/5/5/5 20/20/20/20 
f 2/2/2/2 20/20/20/20 18/18/18/18 
f 5/5/5/5 7/7/7/7 21/21/21/21 
f 5/5/5/5 21/21/21/21 20/20/20/20 
f 9/9/9/9 22/22/22/22 21/21/21/21 
f 9/9/9/9 21/21/21/21 7/7/7/7 
f 11/11/11/11 23/23/23/23 22/22/22/22 
f 11/11/11/11 22/22/22/22 9/9/9/9 
f 17/17/17/17 24/24/24/24 25/25/25/25 
f 17/17/17/17 25/25/25/25 16/16/16/16 
f 16/16/16/16 25/25/25/25 26/26/26/26 
f 16/16/16/16 26/26/26/26 15/15/15/15 
f 15/15/15/15 26/26/26/26 27/27/27/27 
f 15/15/15/15 27/27/27/27 14/14/14/14 
f 14/14/14/14 27/27/27/27 28/28/28/28 
f 14/14/14/14 28/28/28/28 12/12/12/12 
f 13/13/13/13 12/12/12/12 28/28/28/28 
f 13/13/13/13 28/28/28/28 29/29/29/29 
f 30/1/30/30 31/4/31/31 32/5/32/32 
f 30/1/30/30 32/5/32/32 33/2/33/33 
f 31/4/31/31 34/6/34/34 35/7/35/35 
f 31/4/31/31 35/7/35/35 32/5/32/32 
f 34/6/34/34 36/8/36/36 37/9/37/37 
f 34/6/34/34 37/9/37/37 35/7/35/35 
f 37/9/37/37 36/8/36/36 38/30/38/38 
f 37/9/37/37 38/30/38/38 39/31/39/39 
f 36/8/36/36 34/6/34/34 40/14/40/40 
f 36/8/36/36 40/14/40/40 41/12/41/41 
f 34/6/34/34 31/4/31/31 42/15/42/42 
f 34/6/34/34 42/15/42/42 40/14/40/40 
f 31/4/31/31 30/1/30/30 43/16/43/43 
f 31/4/31/31 43/16/43/43 42/15/42/42 
f 30/1/30/30 44/32/44/44 45/33/45/45 
f 30/1/30/30 45/33/45/45 43/16/43/43 
f 33/2/33/33 32/5/32/32 46/20/46/46 
f 33/2/33/33 46/20/46/46 47/18/47/47 
f 32/5/32/32 35/7/35/35 48/21/48/48 
f 32/5/32/32 48/21/48/48 46/20/46/46 
f 37/9/37/37 49/22/49/49 48/21/48/48 
f 37/9/37/37 48/21/48/48 35/7/35/35 
f 39/31/39/39 50/34/50/50 49/22/49/49 
f 39/31/39/39 49/22/49/49 37/9/37/37 
f 43/16/43/43 45/33/45/45 51/35/51/51 
f 43/16/43/43 51/35/51/51 52/25/52/52 
f 43/16/43/43 52/25/52/52 53/26/53/53 
f 43/16/43/43 53/26/53/53 42/15/42/42 
f 42/15/42/42 53/26/53/53 54/27/54/54 
f 42/15/42/42 54/27/54/54 40/14/40/40 
f 40/14/40/40 54/27/54/54 55/28/55/55 
f 40/14/40/40 55/28/55/55 41/12/41/41 
f 56/1/56/56 57/4/57/57 58/5/58/58 
f 56/1/56/56 58/5/58/58 59/2/59/59 
f 57/4/57/57 60/6/60/60 61/7/61/61 
f 57/4/57/57 61/7/61/61 58/5/58/58 
f 60/6/60/60 62/8/62/62 63/9/63/63 
f 60/6/60/60 63/9/63/63 61/7/61/61 
f 0/10/0/64 3/11/3/65 63/9/63/63 
f 0/10/0/64 63/9/63/63 62/8/62/62 
f 0/10/0/64 62/8/62/62 64/12/64/66 
f 0/10/0/64 64/12/64/66 17/13/17/67 
f 62/8/62/62 60/6/60/60 65/14/65/68 
f 62/8/62/62 65/14/65/68 64/12/64/66 
f 60/6/60/60 57/4/57/57 66/15/66/69 
f 60/6/60/60 66/15/66/69 65/14/65/68 
f 57/4/57/57 56/1/56/56 67/16/67/70 
f 57/4/57/57 67/16/67/70 66/15/66/69 
f 59/2/59/59 58/5/58/58 68/20/68/71 
f 59/2/59/59 68/20/68/71 69/18/69/72 
f 58/5/58/58 61/7/61/61 70/21/70/73 
f 58/5/58/58 70/21/70/73 68/20/68/71 
f 63/9/63/63 71/22/71/74 70/21/70/73 
f 63/9/63/63 70/21/70/73 61/7/61/61 
f 3/11/3/65 19/23/19/75 71/22/71/74 
f 3/11/3/65 71/22/71/74 63/9/63/63 
f 67/16/67/70 72/25/72/76 73/26/73/77 
f 67/16/67/70 73/26/73/77 66/15/66/69 
f 66/15/66/69 73/26/73/77 74/27/74/78 
f 66/15/66/69 74/27/74/78 65/14/65/68 
f 65/14/65/68 74/27/74/78 75/28/75/79 
f 65/14/65/68 75/28/75/79 64/12/64/66 
f 17/13/17/67 64/12/64/66 75/28/75/79 
f 17/13/17/67 75/28/75/79 24/29/24/80 
f 11/3/11/81 10/0/10/82 76/1/76/83 
f 11/3/11/81 76/1/76/83 77/2/77/84 
f 76/1/76/83 78/4/78/85 79/5/79/86 
f 76/1/76/83 79/5/79/86 77/2/77/84 
f 78/4/78/85 80/6/80/87 81/7/81/88 
f 78/4/78/85 81/7/81/88 79/5/79/86 
f 80/6/80/87 82/8/82/89 83/9/83/90 
f 80/6/80/87 83/9/83/90 81/7/81/88 
f 83/9/83/90 82/8/82/89 44/30/44/91 
f 83/9/83/90 44/30/44/91 84/31/84/92 
f 82/8/82/89 80/6/80/87 85/14/85/93 
f 82/8/82/89 85/14/85/93 86/12/86/94 
f 80/6/80/87 78/4/78/85 87/15/87/95 
f 80/6/80/87 87/15/87/95 85/14/85/93 
f 78/4/78/85 76/1/76/83 88/16/88/96 
f 78/4/78/85 88/16/88/96 87/15/87/95 
f 76/1/76/83 10/0/10/82 13/17/13/97 
f 76/1/76/83 13/17/13/97 88/16/88/96 
f 11/3/11/81 77/2/77/84 89/18/89/98 
f 11/3/11/81 89/18/89/98 23/19/23/99 
f 77/2/77/84 79/5/79/86 90/20/90/100 
f 77/2/77/84 90/20/90/100 89/18/89/98 
f 79/5/79/86 81/7/81/88 91/21/91/101 
f 79/5/79/86 91/21/91/101 90/20/90/100 
f 83/9/83/90 92/22/92/102 91/21/91/101 
f 83/9/83/90 91/21/91/101 81/7/81/88 
f 83/9/83/90 84/31/84/92 93/34/93/103 
f 83/9/83/90 93/34/93/103 92/22/92/102 
f 13/17/13/97 29/24/29/104 94/25/94/105 
f 13/17/13/97 94/25/94/105 88/16/88/96 
f 88/16/88/96 94/25/94/105 95/26/95/106 
f 88/16/88/96 95/26/95/106 87/15/87/95 
f 87/15/87/95 95/26/95/106 96/27/96/107 
f 87/15/87/95 96/27/96/107 85/14/85/93 
f 85/14/85/93 96/27/96/107 97/28/97/108 
f 85/14/85/93 97/28/97/108 86/12/86/94 
f 98/36/98/109 99/37/99/110 100/38/100/111 
f 98/36/98/109 100/38/100/111 101/39/101/112 
f 102/40/102/113 103/41/103/114 104/42/104/115 
f 102/40/102/113 104/42/104/115 105/43/105/116 
f 106/44/106/117 107/45/107/118 103/41/103/114 
f 106/44/106/117 103/41/103/114 102/40/102/113 
f 101/39/101/112 100/38/100/111 108/46/108/119 
f 101/39/101/112 108/46/108/119 109/47/109/120 
f 109/47/109/120 108/46/108/119 107/45/107/118 
f 109/47/109/120 107/45/107/118 106/44/106/117 
f 110/48/110/121 111/49/111/122 112/50/112/123 
f 110/48/110/121 112/50/112/123 113/51/113/124 
f 113/51/113/124 112/50/112/123 114/52/114/125 
f 113/51/113/124 114/52/114/125 115/53/115/126 
f 115/53/115/126 114/52/114/125 116/54/116/127 
f 115/53/115/126 116/54/116/127 117/55/117/128 
f 105/43/105/116 104/42/104/115 111/49/111/122 
f 105/43/105/116 111/49/111/122 110/48/110/121 
f 117/55/117/128 116/54/116/127 118/56/118/129 
f 117/55/117/128 118/56/118/129 119/57/119/130 
f 120/58/120/131 119/57/119/130 118/56/118/129 
f 120/58/120/131 118/56/118/129 121/59/121/132 
f 120/58/120/131 121/59/121/132 122/60/122/133 
f 120/58/120/131 122/60/122/133 123/61/123/134 
f 123/61/123/134 122/60/122/133 124/62/124/135 
f 123/61/123/134 124/62/124/135 125/63/125/136 
f 126/64/126/137 127/65/127/138 128/66/128/139 
f 126/64/126/137 128/66/128/139 129/67/129/140 
f 130/68/130/141 131/69/131/142 132/70/132/143 
f 130/68/130/141 132/70/132/143 133/71/133/144 
f 134/72/134/145 135/73/135/146 132/70/132/143 
f 134/72/134/145 132/70/132/143 131/69/131/142 
f 136/74/136/147 137/75/137/148 138/76/138/149 
f 136/74/136/147 138/76/138/149 139/77/139/150 
f 136/74/136/147 134/78/134/151 140/79/140/152 
f 136/74/136/147 140/79/140/152 137/75/137/148 
f 141/80/141/153 142/81/142/154 143/82/143/155 
f 141/80/141/153 143/82/143/155 130/83/130/156 
f 144/84/144/157 145/85/145/158 146/86/146/159 
f 144/84/144/157 146/86/146/159 147/87/147/160 
f 147/87/147/160 146/86/146/159 142/81/142/154 
f 147/87/147/160 142/81/142/154 141/80/141/153 
f 148/88/148/161 149/89/149/162 145/85/145/158 
f 148/88/148/161 145/85/145/158 144/84/144/157 
f 150/90/150/163 151/91/151/164 152/92/152/165 
f 150/90/150/163 152/92/152/165 153/93/153/166 
f 154/94/154/167 155/95/155/168 151/91/151/164 
f 154/94/154/167 151/91/151/164 150/90/150/163 
f 156/96/156/169 157/97/157/170 99/37/99/110 
f 156/96/156/169 99/37/99/110 98/36/98/109 
f 126/98/126/171 158/99/158/172 159/100/159/173 
f 126/98/126/171 159/100/159/173 139/101/139/174 
f 160/102/160/175 161/103/161/176 162/104/162/177 
f 160/102/160/175 162/104/162/177 163/105/163/178 
f 164/106/164/179 165/107/165/180 166/108/166/181 
f 164/106/164/179 166/108/166/181 167/109/167/182 
f 165/107/165/180 168/110/168/183 169/111/169/184 
f 165/107/165/180 169/111/169/184 166/108/166/181 
f 170/112/170/185 160/102/160/175 163/105/163/178 
f 170/112/170/185 163/105/163/178 171/113/171/186 
f 168/110/168/183 170/112/170/185 171/113/171/186 
f 168/110/168/183 171/113/171/186 169/111/169/184 
f 172/114/172/187 173/115/173/188 174/116/174/189 
f 172/114/172/187 174/116/174/189 175/117/175/190 
f 176/118/176/191 175/117/175/190 174/116/174/189 
f 176/118/176/191 174/116/174/189 177/119/177/192 
f 178/120/178/193 176/118/176/191 177/119/177/192 
f 178/120/178/193 177/119/177/192 179/121/179/194 
f 172/114/172/187 164/106/164/179 167/109/167/182 
f 172/114/172/187 167/109/167/182 173/115/173/188 
f 180/122/180/195 178/120/178/193 179/121/179/194 
f 180/122/180/195 179/121/179/194 181/123/181/196 
f 180/122/180/195 181/123/181/196 182/124/182/197 
f 180/122/180/195 182/124/182/197 183/125/183/198 
f 184/126/184/199 185/127/185/200 186/128/186/201 
f 184/126/184/199 186/128/186/201 187/129/187/202 
f 188/130/188/203 183/125/183/198 182/124/182/197 
f 188/130/188/203 182/124/182/197 189/131/189/204 
f 188/130/188/203 189/131/189/204 190/132/190/205 
f 188/130/188/203 190/132/190/205 191/133/191/206 
f 93/134/93/207 192/135/192/208 193/136/193/209 
f 93/134/93/207 193/136/193/209 92/137/92/210 
f 194/138/194/211 195/139/195/212 196/140/196/213 
f 194/138/194/211 196/140/196/213 197/141/197/214 
f 195/139/195/212 198/142/198/215 199/143/199/216 
f 195/139/195/212 199/143/199/216 196/140/196/213 
f 200/144/200/217 201/145/201/218 202/146/202/219 
f 200/144/200/217 202/146/202/219 203/147/203/220 
f 201/145/201/218 198/142/198/215 204/148/204/221 
f 201/145/201/218 204/148/204/221 202/146/202/219 
f 194/138/194/211 205/149/205/222 206/150/206/223 
f 194/138/194/211 206/150/206/223 207/151/207/224 
f 208/152/208/225 209/153/209/226 210/154/210/227 
f 208/152/208/225 210/154/210/227 211/155/211/228 
f 205/149/205/222 208/152/208/225 211/155/211/228 
f 205/149/205/222 211/155/211/228 206/150/206/223 
f 209/153/209/226 184/126/184/199 187/129/187/202 
f 209/153/209/226 187/129/187/202 210/154/210/227 
f 212/156/212/229 213/157/213/230 214/158/214/231 
f 212/156/212/229 214/158/214/231 215/159/215/232 
f 161/103/161/176 216/160/216/233 217/161/217/234 
f 161/103/161/176 217/161/217/234 162/104/162/177 
f 200/144/200/217 218/162/218/235 219/163/219/236 
f 200/144/200/217 219/163/219/236 220/164/220/237 
f 221/165/221/238 222/166/222/239 223/167/223/240 
f 221/165/221/238 223/167/223/240 224/168/224/241 
f 225/169/225/242 226/170/226/243 227/171/227/244 
f 225/169/225/242 227/171/227/244 228/172/228/245 
f 226/170/226/243 229/173/229/246 230/174/230/247 
f 226/170/226/243 230/174/230/247 227/171/227/244 
f 231/175/231/248 221/165/221/238 224/168/224/241 
f 231/175/231/248 224/168/224/241 232/176/232/249 
f 229/173/229/246 231/175/231/248 232/176/232/249 
f 229/173/229/246 232/176/232/249 230/174/230/247 
f 233/177/233/250 234/178/234/251 235/179/235/252 
f 233/177/233/250 235/179/235/252 236/180/236/253 
f 237/181/237/254 236/180/236/253 235/179/235/252 
f 237/181/237/254 235/179/235/252 238/182/238/255 
f 239/183/239/256 237/181/237/254 238/182/238/255 
f 239/183/239/256 238/182/238/255 240/184/240/257 
f 233/177/233/250 225/169/225/242 228/172/228/245 
f 233/177/233/250 228/172/228/245 234/178/234/251 
f 241/185/241/258 239/183/239/256 240/184/240/257 
f 241/185/241/258 240/184/240/257 242/186/242/259 
f 243/187/243/260 241/185/241/258 242/186/242/259 
f 243/187/243/260 242/186/242/259 244/188/244/261 
f 245/189/245/262 246/190/246/263 247/191/247/264 
f 245/189/245/262 247/191/247/264 248/192/248/265 
f 249/193/249/266 243/187/243/260 244/188/244/261 
f 249/193/249/266 244/188/244/261 250/194/250/267 
f 251/195/251/268 249/193/249/266 250/194/250/267 
f 251/195/251/268 250/194/250/267 252/196/252/269 
f 50/197/50/270 253/198/253/271 254/199/254/272 
f 50/197/50/270 254/199/254/272 49/200/49/273 
f 255/201/255/274 256/202/256/275 257/203/257/276 
f 255/201/255/274 257/203/257/276 258/204/258/277 
f 256/202/256/275 259/205/259/278 260/206/260/279 
f 256/202/256/275 260/206/260/279 257/203/257/276 
f 261/207/261/280 262/208/262/281 263/209/263/282 
f 261/207/261/280 263/209/263/282 264/210/264/283 
f 262/208/262/281 265/211/265/284 266/212/266/285 
f 262/208/262/281 266/212/266/285 263/209/263/282 
f 267/213/267/286 268/214/268/287 269/215/269/288 
f 267/213/267/286 269/215/269/288 270/216/270/289 
f 271/217/271/290 272/218/272/291 273/219/273/292 
f 271/217/271/290 273/219/273/292 274/220/274/293 
f 268/214/268/287 271/217/271/290 274/220/274/293 
f 268/214/268/287 274/220/274/293 269/215/269/288 
f 273/219/273/292 272/218/272/291 245/189/245/262 
f 273/219/273/292 245/189/245/262 248/192/248/265 
f 275/221/275/294 276/222/276/295 277/223/277/296 
f 275/221/275/294 277/223/277/296 278/224/278/297 
f 222/166/222/239 279/225/279/298 280/226/280/299 
f 222/166/222/239 280/226/280/299 223/167/223/240 
f 281/227/281/300 282/228/282/301 283/229/283/302 
f 281/227/281/300 283/229/283/302 284/230/284/303 
f 285/231/285/304 286/232/286/305 287/233/287/306 
f 285/231/285/304 287/233/287/306 288/234/288/307 
f 289/235/289/308 290/236/290/309 291/237/291/310 
f 289/235/289/308 291/237/291/310 292/238/292/311 
f 290/236/290/309 293/239/293/312 294/240/294/313 
f 290/236/290/309 294/240/294/313 291/237/291/310 
f 295/241/295/314 285/231/285/304 288/234/288/307 
f 295/241/295/314 288/234/288/307 296/242/296/315 
f 293/239/293/312 295/241/295/314 296/242/296/315 
f 293/239/293/312 296/242/296/315 294/240/294/313 
f 297/243/297/316 298/244/298/317 299/245/299/318 
f 297/243/297/316 299/245/299/318 300/246/300/319 
f 301/247/301/320 300/246/300/319 299/245/299/318 
f 301/247/301/320 299/245/299/318 302/248/302/321 
f 303/249/303/322 301/247/301/320 302/248/302/321 
f 303/249/303/322 302/248/302/321 304/250/304/323 
f 297/243/297/316 289/235/289/308 292/238/292/311 
f 297/243/297/316 292/238/292/311 298/244/298/317 
f 305/251/305/324 303/249/303/322 304/250/304/323 
f 305/251/305/324 304/250/304/323 306/252/306/325 
f 305/251/305/324 306/252/306/325 307/253/307/326 
f 305/251/305/324 307/253/307/326 308/254/308/327 
f 309/255/309/328 310/256/310/329 311/257/311/330 
f 309/255/309/328 311/257/311/330 312/258/312/331 
f 313/259/313/332 308/254/308/327 307/253/307/326 
f 313/259/313/332 307/253/307/326 314/260/314/333 
f 313/259/313/332 314/260/314/333 315/261/315/334 
f 313/259/313/332 315/261/315/334 316/262/316/335 
f 23/263/23/336 317/264/317/337 318/265/318/338 
f 23/263/23/336 318/265/318/338 22/266/22/339 
f 267/213/267/286 319/267/319/340 320/268/320/341 
f 267/213/267/286 320/268/320/341 321/269/321/342 
f 319/267/319/340 265/211/265/284 322/270/322/343 
f 319/267/319/340 322/270/322/343 320/268/320/341 
f 281/227/281/300 323/271/323/344 324/272/324/345 
f 281/227/281/300 324/272/324/345 325/273/325/346 
f 323/271/323/344 259/205/259/278 326/274/326/347 
f 323/271/323/344 326/274/326/347 324/272/324/345 
f 255/201/255/274 327/275/327/348 328/276/328/349 
f 255/201/255/274 328/276/328/349 329/277/329/350 
f 330/278/330/351 331/279/331/352 332/280/332/353 
f 330/278/330/351 332/280/332/353 333/281/333/354 
f 327/275/327/348 330/278/330/351 333/281/333/354 
f 327/275/327/348 333/281/333/354 328/276/328/349 
f 331/279/331/352 309/255/309/328 312/258/312/331 
f 331/279/331/352 312/258/312/331 332/280/332/353 
f 334/282/334/355 335/283/335/356 336/284/336/357 
f 334/282/334/355 336/284/336/357 337/285/337/358 
f 286/232/286/305 338/286/338/359 339/287/339/360 
f 286/232/286/305 339/287/339/360 287/233/287/306 
f 261/207/261/280 340/288/340/361 341/289/341/362 
f 261/207/261/280 341/289/341/362 342/290/342/363 
f 343/291/343/364 344/292/344/365 345/293/345/366 
f 343/291/343/364 345/293/345/366 346/294/346/367 
f 347/295/347/368 348/296/348/369 349/297/349/370 
f 347/295/347/368 349/297/349/370 350/298/350/371 
f 348/296/348/369 351/299/351/372 352/300/352/373 
f 348/296/348/369 352/300/352/373 349/297/349/370 
f 353/301/353/374 343/291/343/364 346/294/346/367 
f 353/301/353/374 346/294/346/367 354/302/354/375 
f 351/299/351/372 353/301/353/374 354/302/354/375 
f 351/299/351/372 354/302/354/375 352/300/352/373 
f 355/303/355/376 356/304/356/377 357/305/357/378 
f 355/303/355/376 357/305/357/378 358/306/358/379 
f 359/307/359/380 355/303/355/376 358/306/358/379 
f 359/307/359/380 358/306/358/379 360/308/360/381 
f 361/309/361/382 359/307/359/380 360/308/360/381 
f 361/309/361/382 360/308/360/381 362/310/362/383 
f 356/304/356/377 347/295/347/368 350/298/350/371 
f 356/304/356/377 350/298/350/371 357/305/357/378 
f 363/311/363/384 361/309/361/382 362/310/362/383 
f 363/311/363/384 362/310/362/383 364/312/364/385 
f 365/313/365/386 363/311/363/384 364/312/364/385 
f 365/313/365/386 364/312/364/385 366/314/366/387 
f 367/315/367/388 368/316/368/389 369/317/369/390 
f 367/315/367/388 369/317/369/390 370/318/370/391 
f 371/319/371/392 365/313/365/386 366/314/366/387 
f 371/319/371/392 366/314/366/387 372/320/372/393 
f 373/321/373/394 371/319/371/392 372/320/372/393 
f 373/321/373/394 372/320/372/393 374/322/374/395 
f 375/323/375/396 376/324/376/397 68/325/68/398 
f 375/323/375/396 68/325/68/398 70/326/70/399 
f 377/327/377/400 378/328/378/401 379/329/379/402 
f 377/327/377/400 379/329/379/402 329/277/329/350 
f 378/328/378/401 380/330/380/403 326/274/326/347 
f 378/328/378/401 326/274/326/347 379/329/379/402 
f 381/331/381/404 382/332/382/405 383/333/383/406 
f 381/331/381/404 383/333/383/406 342/290/342/363 
f 382/332/382/405 384/334/384/407 322/270/322/343 
f 382/332/382/405 322/270/322/343 383/333/383/406 
f 385/335/385/408 386/336/386/409 387/337/387/410 
f 385/335/385/408 387/337/387/410 321/269/321/342 
f 388/338/388/411 389/339/389/412 390/340/390/413 
f 388/338/388/411 390/340/390/413 391/341/391/414 
f 386/336/386/409 388/338/388/411 391/341/391/414 
f 386/336/386/409 391/341/391/414 387/337/387/410 
f 390/340/390/413 389/339/389/412 367/315/367/388 
f 390/340/390/413 367/315/367/388 370/318/370/391 
f 392/342/392/415 393/343/393/416 394/344/394/417 
f 392/342/392/415 394/344/394/417 395/345/395/418 
f 344/292/344/365 396/346/396/419 397/347/397/420 
f 344/292/344/365 397/347/397/420 345/293/345/366 
f 398/348/398/421 399/349/399/422 400/350/400/423 
f 398/348/398/421 400/350/400/423 325/273/325/346 
f 401/351/401/424 402/352/402/425 403/353/403/426 
f 401/351/401/424 403/353/403/426 404/354/404/427 
f 405/355/405/428 406/356/406/429 407/357/407/430 
f 405/355/405/428 407/357/407/430 408/358/408/431 
f 406/356/406/429 409/359/409/432 410/360/410/433 
f 406/356/406/429 410/360/410/433 407/357/407/430 
f 411/361/411/434 401/351/401/424 404/354/404/427 
f 411/361/411/434 404/354/404/427 412/362/412/435 
f 409/359/409/432 411/361/411/434 412/362/412/435 
f 409/359/409/432 412/362/412/435 410/360/410/433 
f 413/363/413/436 414/364/414/437 415/365/415/438 
f 413/363/413/436 415/365/415/438 416/366/416/439 
f 417/367/417/440 413/363/413/436 416/366/416/439 
f 417/367/417/440 416/366/416/439 418/368/418/441 
f 419/369/419/442 417/367/417/440 418/368/418/441 
f 419/369/419/442 418/368/418/441 420/370/420/443 
f 414/364/414/437 405/355/405/428 408/358/408/431 
f 414/364/414/437 408/358/408/431 415/365/415/438 
f 421/371/421/444 419/369/419/442 420/370/420/443 
f 421/371/421/444 420/370/420/443 422/372/422/445 
f 423/373/423/446 424/374/424/447 421/371/421/444 
f 423/373/423/446 421/371/421/444 422/372/422/445 
f 425/375/425/448 426/376/426/449 427/377/427/450 
f 425/375/425/448 427/377/427/450 428/378/428/451 
f 429/379/429/452 424/374/424/447 423/373/423/446 
f 429/379/429/452 423/373/423/446 430/380/430/453 
f 429/379/429/452 430/380/430/453 431/381/431/454 
f 429/379/429/452 431/381/431/454 432/382/432/455 
f 90/383/90/456 91/384/91/457 433/385/433/458 
f 90/383/90/456 433/385/433/458 434/386/434/459 
f 435/387/435/460 436/388/436/461 437/389/437/462 
f 435/387/435/460 437/389/437/462 270/216/270/289 
f 436/388/436/461 438/390/438/463 266/212/266/285 
f 436/388/436/461 266/212/266/285 437/389/437/462 
f 439/391/439/464 440/392/440/465 441/393/441/466 
f 439/391/439/464 441/393/441/466 284/230/284/303 
f 440/392/440/465 442/394/442/467 260/206/260/279 
f 440/392/440/465 260/206/260/279 441/393/441/466 
f 443/395/443/468 444/396/444/469 445/397/445/470 
f 443/395/443/468 445/397/445/470 258/204/258/277 
f 446/398/446/471 447/399/447/472 448/400/448/473 
f 446/398/446/471 448/400/448/473 449/401/449/474 
f 444/396/444/469 446/398/446/471 449/401/449/474 
f 444/396/444/469 449/401/449/474 445/397/445/470 
f 447/399/447/472 425/375/425/448 428/378/428/451 
f 447/399/447/472 428/378/428/451 448/400/448/473 
f 450/402/450/475 451/403/451/476 452/404/452/477 
f 450/402/450/475 452/404/452/477 453/405/453/478 
f 402/352/402/425 454/406/454/479 455/407/455/480 
f 402/352/402/425 455/407/455/480 403/353/403/426 
f 456/408/456/481 457/409/457/482 458/410/458/483 
f 456/408/456/481 458/410/458/483 264/210/264/283 
f 459/411/459/484 460/412/460/485 461/413/461/486 
f 459/411/459/484 461/413/461/486 462/414/462/487 
f 463/415/463/488 464/416/464/489 465/417/465/490 
f 463/415/463/488 465/417/465/490 466/418/466/491 
f 464/416/464/489 467/419/467/492 468/420/468/493 
f 464/416/464/489 468/420/468/493 465/417/465/490 
f 469/421/469/494 459/411/459/484 462/414/462/487 
f 469/421/469/494 462/414/462/487 470/422/470/495 
f 467/419/467/492 469/421/469/494 470/422/470/495 
f 467/419/467/492 470/422/470/495 468/420/468/493 
f 471/423/471/496 472/424/472/497 473/425/473/498 
f 471/423/471/496 473/425/473/498 474/426/474/499 
f 471/423/471/496 474/426/474/499 475/427/475/500 
f 471/423/471/496 475/427/475/500 476/428/476/501 
f 477/429/477/502 476/428/476/501 475/427/475/500 
f 477/429/477/502 475/427/475/500 478/430/478/503 
f 472/424/472/497 463/415/463/488 466/418/466/491 
f 472/424/472/497 466/418/466/491 473/425/473/498 
f 479/431/479/504 477/429/477/502 478/430/478/503 
f 479/431/479/504 478/430/478/503 480/432/480/505 
f 481/433/481/506 479/431/479/504 480/432/480/505 
f 481/433/481/506 480/432/480/505 482/434/482/507 
f 483/435/483/508 484/436/484/509 485/437/485/510 
f 483/435/483/508 485/437/485/510 486/438/486/511 
f 481/433/481/506 482/434/482/507 487/439/487/512 
f 481/433/481/506 487/439/487/512 488/440/488/513 
f 489/441/489/514 488/440/488/513 487/439/487/512 
f 489/441/489/514 487/439/487/512 490/442/490/515 
f 491/443/491/516 492/444/492/517 46/445/46/518 
f 491/443/491/516 46/445/46/518 48/446/48/519 
f 443/395/443/468 493/447/493/520 494/448/494/521 
f 443/395/443/468 494/448/494/521 207/151/207/224 
f 493/447/493/520 442/394/442/467 204/148/204/221 
f 493/447/493/520 204/148/204/221 494/448/494/521 
f 456/408/456/481 495/449/495/522 496/450/496/523 
f 456/408/456/481 496/450/496/523 220/164/220/237 
f 495/449/495/522 438/390/438/463 199/143/199/216 
f 495/449/495/522 199/143/199/216 496/450/496/523 
f 435/387/435/460 497/451/497/524 498/452/498/525 
f 435/387/435/460 498/452/498/525 197/141/197/214 
f 499/453/499/526 500/454/500/527 501/455/501/528 
f 499/453/499/526 501/455/501/528 502/456/502/529 
f 499/453/499/526 502/456/502/529 498/452/498/525 
f 499/453/499/526 498/452/498/525 497/451/497/524 
f 501/455/501/528 500/454/500/527 483/435/483/508 
f 501/455/501/528 483/435/483/508 486/438/486/511 
f 503/457/503/530 504/458/504/531 505/459/505/532 
f 503/457/503/530 505/459/505/532 506/460/506/533 
f 460/412/460/485 507/461/507/534 508/462/508/535 
f 460/412/460/485 508/462/508/535 461/413/461/486 
f 439/391/439/464 509/463/509/536 510/464/510/537 
f 439/391/439/464 510/464/510/537 203/147/203/220 
f 511/465/511/538 512/466/512/539 513/467/513/540 
f 511/465/511/538 513/467/513/540 514/468/514/541 
f 515/469/515/542 516/470/516/543 517/471/517/544 
f 515/469/515/542 517/471/517/544 518/472/518/545 
f 516/470/516/543 519/473/519/546 520/474/520/547 
f 516/470/516/543 520/474/520/547 517/471/517/544 
f 521/475/521/548 511/465/511/538 514/468/514/541 
f 521/475/521/548 514/468/514/541 522/476/522/549 
f 519/473/519/546 521/475/521/548 522/476/522/549 
f 519/473/519/546 522/476/522/549 520/474/520/547 
f 523/477/523/550 524/478/524/551 525/479/525/552 
f 523/477/523/550 525/479/525/552 526/480/526/553 
f 523/477/523/550 526/480/526/553 527/481/527/554 
f 523/477/523/550 527/481/527/554 528/482/528/555 
f 529/483/529/556 528/482/528/555 527/481/527/554 
f 529/483/529/556 527/481/527/554 530/484/530/557 
f 524/478/524/551 515/469/515/542 518/472/518/545 
f 524/478/524/551 518/472/518/545 525/479/525/552 
f 531/485/531/558 529/483/529/556 530/484/530/557 
f 531/485/531/558 530/484/530/557 532/486/532/559 
f 531/485/531/558 532/486/532/559 533/487/533/560 
f 531/485/531/558 533/487/533/560 534/488/534/561 
f 535/489/535/562 536/490/536/563 537/491/537/564 
f 535/489/535/562 537/491/537/564 538/492/538/565 
f 534/488/534/561 533/487/533/560 539/493/539/566 
f 534/488/534/561 539/493/539/566 540/494/540/567 
f 540/494/540/567 539/493/539/566 541/495/541/568 
f 540/494/540/567 541/495/541/568 542/496/542/569 
f 20/497/20/570 21/498/21/571 543/499/543/572 
f 20/497/20/570 543/499/543/572 544/500/544/573 
f 385/335/385/408 545/501/545/574 546/502/546/575 
f 385/335/385/408 546/502/546/575 143/82/143/155 
f 545/501/545/574 384/334/384/407 140/79/140/152 
f 545/501/545/574 140/79/140/152 546/502/546/575 
f 398/348/398/421 547/503/547/576 548/504/548/577 
f 398/348/398/421 548/504/548/577 159/100/159/173 
f 547/503/547/576 380/330/380/403 135/73/135/146 
f 547/503/547/576 135/73/135/146 548/504/548/577 
f 377/327/377/400 549/505/549/578 550/506/550/579 
f 377/327/377/400 550/506/550/579 133/71/133/144 
f 551/507/551/580 552/508/552/581 553/509/553/582 
f 551/507/551/580 553/509/553/582 554/510/554/583 
f 551/507/551/580 554/510/554/583 550/506/550/579 
f 551/507/551/580 550/506/550/579 549/505/549/578 
f 552/508/552/581 535/489/535/562 538/492/538/565 
f 552/508/552/581 538/492/538/565 553/509/553/582 
f 555/511/555/584 556/512/556/585 557/513/557/586 
f 555/511/555/584 557/513/557/586 558/514/558/587 
f 512/466/512/539 559/515/559/588 560/516/560/589 
f 512/466/512/539 560/516/560/589 513/467/513/540 
f 381/331/381/404 561/517/561/590 127/65/127/138 
f 381/331/381/404 127/65/127/138 138/76/138/149 
f 100/38/100/111 99/37/99/110 344/292/344/365 
f 100/38/100/111 344/292/344/365 343/291/343/364 
f 104/42/104/115 103/41/103/114 348/296/348/369 
f 104/42/104/115 348/296/348/369 347/295/347/368 
f 103/41/103/114 107/45/107/118 351/299/351/372 
f 103/41/103/114 351/299/351/372 348/296/348/369 
f 108/46/108/119 100/38/100/111 343/291/343/364 
f 108/46/108/119 343/291/343/364 353/301/353/374 
f 107/45/107/118 108/46/108/119 353/301/353/374 
f 107/45/107/118 353/301/353/374 351/299/351/372 
f 112/50/112/123 111/49/111/122 356/304/356/377 
f 112/50/112/123 356/304/356/377 355/303/355/376 
f 114/52/114/125 112/50/112/123 355/303/355/376 
f 114/52/114/125 355/303/355/376 359/307/359/380 
f 116/54/116/127 114/52/114/125 359/307/359/380 
f 116/54/116/127 359/307/359/380 361/309/361/382 
f 111/49/111/122 104/42/104/115 347/295/347/368 
f 111/49/111/122 347/295/347/368 356/304/356/377 
f 118/56/118/129 116/54/116/127 361/309/361/382 
f 118/56/118/129 361/309/361/382 363/311/363/384 
f 121/59/121/132 118/56/118/129 363/311/363/384 
f 121/59/121/132 363/311/363/384 365/313/365/386 
f 149/89/149/162 562/518/562/591 368/316/368/389 
f 149/89/149/162 368/316/368/389 367/315/367/388 
f 122/60/122/133 121/59/121/132 365/313/365/386 
f 122/60/122/133 365/313/365/386 371/319/371/392 
f 124/62/124/135 122/60/122/133 371/319/371/392 
f 124/62/124/135 371/319/371/392 373/321/373/394 
f 71/519/71/592 563/520/563/593 375/323/375/396 
f 71/519/71/592 375/323/375/396 70/326/70/399 
f 132/70/132/143 378/328/378/401 377/327/377/400 
f 132/70/132/143 377/327/377/400 133/71/133/144 
f 132/70/132/143 135/73/135/146 380/330/380/403 
f 132/70/132/143 380/330/380/403 378/328/378/401 
f 138/76/138/149 137/75/137/148 382/332/382/405 
f 138/76/138/149 382/332/382/405 381/331/381/404 
f 137/75/137/148 140/79/140/152 384/334/384/407 
f 137/75/137/148 384/334/384/407 382/332/382/405 
f 143/82/143/155 142/81/142/154 386/336/386/409 
f 143/82/143/155 386/336/386/409 385/335/385/408 
f 145/85/145/158 389/339/389/412 388/338/388/411 
f 145/85/145/158 388/338/388/411 146/86/146/159 
f 142/81/142/154 146/86/146/159 388/338/388/411 
f 142/81/142/154 388/338/388/411 386/336/386/409 
f 389/339/389/412 145/85/145/158 149/89/149/162 
f 389/339/389/412 149/89/149/162 367/315/367/388 
f 151/91/151/164 155/95/155/168 393/343/393/416 
f 151/91/151/164 393/343/393/416 392/342/392/415 
f 99/37/99/110 157/97/157/170 396/346/396/419 
f 99/37/99/110 396/346/396/419 344/292/344/365 
f 159/100/159/173 158/99/158/172 399/349/399/422 
f 159/100/159/173 399/349/399/422 398/348/398/421 
f 163/105/163/178 162/104/162/177 402/352/402/425 
f 163/105/163/178 402/352/402/425 401/351/401/424 
f 167/109/167/182 166/108/166/181 406/356/406/429 
f 167/109/167/182 406/356/406/429 405/355/405/428 
f 166/108/166/181 169/111/169/184 409/359/409/432 
f 166/108/166/181 409/359/409/432 406/356/406/429 
f 171/113/171/186 163/105/163/178 401/351/401/424 
f 171/113/171/186 401/351/401/424 411/361/411/434 
f 169/111/169/184 171/113/171/186 411/361/411/434 
f 169/111/169/184 411/361/411/434 409/359/409/432 
f 174/116/174/189 173/115/173/188 414/364/414/437 
f 174/116/174/189 414/364/414/437 413/363/413/436 
f 177/119/177/192 174/116/174/189 413/363/413/436 
f 177/119/177/192 413/363/413/436 417/367/417/440 
f 179/121/179/194 177/119/177/192 417/367/417/440 
f 179/121/179/194 417/367/417/440 419/369/419/442 
f 173/115/173/188 167/109/167/182 405/355/405/428 
f 173/115/173/188 405/355/405/428 414/364/414/437 
f 181/123/181/196 179/121/179/194 419/369/419/442 
f 181/123/181/196 419/369/419/442 421/371/421/444 
f 424/374/424/447 182/124/182/197 181/123/181/196 
f 424/374/424/447 181/123/181/196 421/371/421/444 
f 187/129/187/202 186/128/186/201 426/376/426/449 
f 187/129/187/202 426/376/426/449 425/375/425/448 
f 189/131/189/204 182/124/182/197 424/374/424/447 
f 189/131/189/204 424/374/424/447 429/379/429/452 
f 189/131/189/204 429/379/429/452 432/382/432/455 
f 189/131/189/204 432/382/432/455 190/132/190/205 
f 91/384/91/457 92/137/92/210 193/136/193/209 
f 91/384/91/457 193/136/193/209 433/385/433/458 
f 196/140/196/213 436/388/436/461 435/387/435/460 
f 196/140/196/213 435/387/435/460 197/141/197/214 
f 196/140/196/213 199/143/199/216 438/390/438/463 
f 196/140/196/213 438/390/438/463 436/388/436/461 
f 203/147/203/220 202/146/202/219 440/392/440/465 
f 203/147/203/220 440/392/440/465 439/391/439/464 
f 202/146/202/219 204/148/204/221 442/394/442/467 
f 202/146/202/219 442/394/442/467 440/392/440/465 
f 207/151/207/224 206/150/206/223 444/396/444/469 
f 207/151/207/224 444/396/444/469 443/395/443/468 
f 210/154/210/227 447/399/447/472 446/398/446/471 
f 210/154/210/227 446/398/446/471 211/155/211/228 
f 206/150/206/223 211/155/211/228 446/398/446/471 
f 206/150/206/223 446/398/446/471 444/396/444/469 
f 210/154/210/227 187/129/187/202 425/375/425/448 
f 210/154/210/227 425/375/425/448 447/399/447/472 
f 215/159/215/232 214/158/214/231 451/403/451/476 
f 215/159/215/232 451/403/451/476 450/402/450/475 
f 162/104/162/177 217/161/217/234 454/406/454/479 
f 162/104/162/177 454/406/454/479 402/352/402/425 
f 220/164/220/237 219/163/219/236 457/409/457/482 
f 220/164/220/237 457/409/457/482 456/408/456/481 
f 224/168/224/241 223/167/223/240 460/412/460/485 
f 224/168/224/241 460/412/460/485 459/411/459/484 
f 228/172/228/245 227/171/227/244 464/416/464/489 
f 228/172/228/245 464/416/464/489 463/415/463/488 
f 227/171/227/244 230/174/230/247 467/419/467/492 
f 227/171/227/244 467/419/467/492 464/416/464/489 
f 232/176/232/249 224/168/224/241 459/411/459/484 
f 232/176/232/249 459/411/459/484 469/421/469/494 
f 230/174/230/247 232/176/232/249 469/421/469/494 
f 230/174/230/247 469/421/469/494 467/419/467/492 
f 235/179/235/252 234/178/234/251 472/424/472/497 
f 235/179/235/252 472/424/472/497 471/423/471/496 
f 238/182/238/255 235/179/235/252 471/423/471/496 
f 238/182/238/255 471/423/471/496 476/428/476/501 
f 240/184/240/257 238/182/238/255 476/428/476/501 
f 240/184/240/257 476/428/476/501 477/429/477/502 
f 234/178/234/251 228/172/228/245 463/415/463/488 
f 234/178/234/251 463/415/463/488 472/424/472/497 
f 242/186/242/259 240/184/240/257 477/429/477/502 
f 242/186/242/259 477/429/477/502 479/431/479/504 
f 244/188/244/261 242/186/242/259 479/431/479/504 
f 244/188/244/261 479/431/479/504 481/433/481/506 
f 248/192/248/265 247/191/247/264 484/436/484/509 
f 248/192/248/265 484/436/484/509 483/435/483/508 
f 250/194/250/267 244/188/244/261 481/433/481/506 
f 250/194/250/267 481/433/481/506 488/440/488/513 
f 252/196/252/269 250/194/250/267 488/440/488/513 
f 252/196/252/269 488/440/488/513 489/441/489/514 
f 49/200/49/273 254/199/254/272 491/443/491/516 
f 49/200/49/273 491/443/491/516 48/446/48/519 
f 258/204/258/277 257/203/257/276 493/447/493/520 
f 258/204/258/277 493/447/493/520 443/395/443/468 
f 257/203/257/276 260/206/260/279 442/394/442/467 
f 257/203/257/276 442/394/442/467 493/447/493/520 
f 264/210/264/283 263/209/263/282 495/449/495/522 
f 264/210/264/283 495/449/495/522 456/408/456/481 
f 263/209/263/282 266/212/266/285 438/390/438/463 
f 263/209/263/282 438/390/438/463 495/449/495/522 
f 270/216/270/289 269/215/269/288 497/451/497/524 
f 270/216/270/289 497/451/497/524 435/387/435/460 
f 274/220/274/293 273/219/273/292 500/454/500/527 
f 274/220/274/293 500/454/500/527 499/453/499/526 
f 269/215/269/288 274/220/274/293 499/453/499/526 
f 269/215/269/288 499/453/499/526 497/451/497/524 
f 500/454/500/527 273/219/273/292 248/192/248/265 
f 500/454/500/527 248/192/248/265 483/435/483/508 
f 278/224/278/297 277/223/277/296 504/458/504/531 
f 278/224/278/297 504/458/504/531 503/457/503/530 
f 223/167/223/240 280/226/280/299 507/461/507/534 
f 223/167/223/240 507/461/507/534 460/412/460/485 
f 284/230/284/303 283/229/283/302 509/463/509/536 
f 284/230/284/303 509/463/509/536 439/391/439/464 
f 288/234/288/307 287/233/287/306 512/466/512/539 
f 288/234/288/307 512/466/512/539 511/465/511/538 
f 292/238/292/311 291/237/291/310 516/470/516/543 
f 292/238/292/311 516/470/516/543 515/469/515/542 
f 291/237/291/310 294/240/294/313 519/473/519/546 
f 291/237/291/310 519/473/519/546 516/470/516/543 
f 296/242/296/315 288/234/288/307 511/465/511/538 
f 296/242/296/315 511/465/511/538 521/475/521/548 
f 294/240/294/313 296/242/296/315 521/475/521/548 
f 294/240/294/313 521/475/521/548 519/473/519/546 
f 299/245/299/318 298/244/298/317 524/478/524/551 
f 299/245/299/318 524/478/524/551 523/477/523/550 
f 302/248/302/321 299/245/299/318 523/477/523/550 
f 302/248/302/321 523/477/523/550 528/482/528/555 
f 304/250/304/323 302/248/302/321 528/482/528/555 
f 304/250/304/323 528/482/528/555 529/483/529/556 
f 298/244/298/317 292/238/292/311 515/469/515/542 
f 298/244/298/317 515/469/515/542 524/478/524/551 
f 306/252/306/325 304/250/304/323 529/483/529/556 
f 306/252/306/325 529/483/529/556 531/485/531/558 
f 534/488/534/561 307/253/307/326 306/252/306/325 
f 534/488/534/561 306/252/306/325 531/485/531/558 
f 312/258/312/331 311/257/311/330 536/490/536/563 
f 312/258/312/331 536/490/536/563 535/489/535/562 
f 314/260/314/333 307/253/307/326 534/488/534/561 
f 314/260/314/333 534/488/534/561 540/494/540/567 
f 314/260/314/333 540/494/540/567 542/496/542/569 
f 314/260/314/333 542/496/542/569 315/261/315/334 
f 22/266/22/339 318/265/318/338 543/499/543/572 
f 22/266/22/339 543/499/543/572 21/498/21/571 
f 321/269/321/342 320/268/320/341 545/501/545/574 
f 321/269/321/342 545/501/545/574 385/335/385/408 
f 320/268/320/341 322/270/322/343 384/334/384/407 
f 320/268/320/341 384/334/384/407 545/501/545/574 
f 325/273/325/346 324/272/324/345 547/503/547/576 
f 325/273/325/346 547/503/547/576 398/348/398/421 
f 324/272/324/345 326/274/326/347 380/330/380/403 
f 324/272/324/345 380/330/380/403 547/503/547/576 
f 329/277/329/350 328/276/328/349 549/505/549/578 
f 329/277/329/350 549/505/549/578 377/327/377/400 
f 333/281/333/354 332/280/332/353 552/508/552/581 
f 333/281/333/354 552/508/552/581 551/507/551/580 
f 328/276/328/349 333/281/333/354 551/507/551/580 
f 328/276/328/349 551/507/551/580 549/505/549/578 
f 332/280/332/353 312/258/312/331 535/489/535/562 
f 332/280/332/353 535/489/535/562 552/508/552/581 
f 337/285/337/358 336/284/336/357 556/512/556/585 
f 337/285/337/358 556/512/556/585 555/511/555/584 
f 287/233/287/306 339/287/339/360 559/515/559/588 
f 287/233/287/306 559/515/559/588 512/466/512/539 
f 342/290/342/363 341/289/341/362 561/517/561/590 
f 342/290/342/363 561/517/561/590 381/331/381/404 
f 346/294/346/367 345/293/345/366 222/166/222/239 
f 346/294/346/367 222/166/222/239 221/165/221/238 
f 350/298/350/371 349/297/349/370 226/170/226/243 
f 350/298/350/371 226/170/226/243 225/169/225/242 
f 349/297/349/370 352/300/352/373 229/173/229/246 
f 349/297/349/370 229/173/229/246 226/170/226/243 
f 354/302/354/375 346/294/346/367 221/165/221/238 
f 354/302/354/375 221/165/221/238 231/175/231/248 
f 352/300/352/373 354/302/354/375 231/175/231/248 
f 352/300/352/373 231/175/231/248 229/173/229/246 
f 358/306/358/379 357/305/357/378 233/177/233/250 
f 358/306/358/379 233/177/233/250 236/180/236/253 
f 360/308/360/381 358/306/358/379 236/180/236/253 
f 360/308/360/381 236/180/236/253 237/181/237/254 
f 362/310/362/383 360/308/360/381 237/181/237/254 
f 362/310/362/383 237/181/237/254 239/183/239/256 
f 357/305/357/378 350/298/350/371 225/169/225/242 
f 357/305/357/378 225/169/225/242 233/177/233/250 
f 364/312/364/385 362/310/362/383 239/183/239/256 
f 364/312/364/385 239/183/239/256 241/185/241/258 
f 366/314/366/387 364/312/364/385 241/185/241/258 
f 366/314/366/387 241/185/241/258 243/187/243/260 
f 370/318/370/391 369/317/369/390 246/190/246/263 
f 370/318/370/391 246/190/246/263 245/189/245/262 
f 372/320/372/393 366/314/366/387 243/187/243/260 
f 372/320/372/393 243/187/243/260 249/193/249/266 
f 374/322/374/395 372/320/372/393 249/193/249/266 
f 374/322/374/395 249/193/249/266 251/195/251/268 
f 376/324/376/397 253/198/253/271 69/521/69/594 
f 376/324/376/397 69/521/69/594 68/325/68/398 
f 329/277/329/350 379/329/379/402 256/202/256/275 
f 329/277/329/350 256/202/256/275 255/201/255/274 
f 379/329/379/402 326/274/326/347 259/205/259/278 
f 379/329/379/402 259/205/259/278 256/202/256/275 
f 342/290/342/363 383/333/383/406 262/208/262/281 
f 342/290/342/363 262/208/262/281 261/207/261/280 
f 383/333/383/406 322/270/322/343 265/211/265/284 
f 383/333/383/406 265/211/265/284 262/208/262/281 
f 321/269/321/342 387/337/387/410 268/214/268/287 
f 321/269/321/342 268/214/268/287 267/213/267/286 
f 391/341/391/414 390/340/390/413 272/218/272/291 
f 391/341/391/414 272/218/272/291 271/217/271/290 
f 387/337/387/410 391/341/391/414 271/217/271/290 
f 387/337/387/410 271/217/271/290 268/214/268/287 
f 272/218/272/291 390/340/390/413 370/318/370/391 
f 272/218/272/291 370/318/370/391 245/189/245/262 
f 395/345/395/418 394/344/394/417 276/222/276/295 
f 395/345/395/418 276/222/276/295 275/221/275/294 
f 345/293/345/366 397/347/397/420 279/225/279/298 
f 345/293/345/366 279/225/279/298 222/166/222/239 
f 325/273/325/346 400/350/400/423 282/228/282/301 
f 325/273/325/346 282/228/282/301 281/227/281/300 
f 404/354/404/427 403/353/403/426 286/232/286/305 
f 404/354/404/427 286/232/286/305 285/231/285/304 
f 408/358/408/431 407/357/407/430 290/236/290/309 
f 408/358/408/431 290/236/290/309 289/235/289/308 
f 407/357/407/430 410/360/410/433 293/239/293/312 
f 407/357/407/430 293/239/293/312 290/236/290/309 
f 412/362/412/435 404/354/404/427 285/231/285/304 
f 412/362/412/435 285/231/285/304 295/241/295/314 
f 410/360/410/433 412/362/412/435 295/241/295/314 
f 410/360/410/433 295/241/295/314 293/239/293/312 
f 416/366/416/439 415/365/415/438 297/243/297/316 
f 416/366/416/439 297/243/297/316 300/246/300/319 
f 418/368/418/441 416/366/416/439 300/246/300/319 
f 418/368/418/441 300/246/300/319 301/247/301/320 
f 420/370/420/443 418/368/418/441 301/247/301/320 
f 420/370/420/443 301/247/301/320 303/249/303/322 
f 415/365/415/438 408/358/408/431 289/235/289/308 
f 415/365/415/438 289/235/289/308 297/243/297/316 
f 422/372/422/445 420/370/420/443 303/249/303/322 
f 422/372/422/445 303/249/303/322 305/251/305/324 
f 308/254/308/327 423/373/423/446 422/372/422/445 
f 308/254/308/327 422/372/422/445 305/251/305/324 
f 428/378/428/451 427/377/427/450 310/256/310/329 
f 428/378/428/451 310/256/310/329 309/255/309/328 
f 430/380/430/453 423/373/423/446 308/254/308/327 
f 430/380/430/453 308/254/308/327 313/259/313/332 
f 430/380/430/453 313/259/313/332 316/262/316/335 
f 430/380/430/453 316/262/316/335 431/381/431/454 
f 89/522/89/595 90/383/90/456 434/386/434/459 
f 89/522/89/595 434/386/434/459 317/264/317/337 
f 437/389/437/462 319/267/319/340 267/213/267/286 
f 437/389/437/462 267/213/267/286 270/216/270/289 
f 437/389/437/462 266/212/266/285 265/211/265/284 
f 437/389/437/462 265/211/265/284 319/267/319/340 
f 284/230/284/303 441/393/441/466 323/271/323/344 
f 284/230/284/303 323/271/323/344 281/227/281/300 
f 441/393/441/466 260/206/260/279 259/205/259/278 
f 441/393/441/466 259/205/259/278 323/271/323/344 
f 258/204/258/277 445/397/445/470 327/275/327/348 
f 258/204/258/277 327/275/327/348 255/201/255/274 
f 449/401/449/474 448/400/448/473 331/279/331/352 
f 449/401/449/474 331/279/331/352 330/278/330/351 
f 445/397/445/470 449/401/449/474 330/278/330/351 
f 445/397/445/470 330/278/330/351 327/275/327/348 
f 448/400/448/473 428/378/428/451 309/255/309/328 
f 448/400/448/473 309/255/309/328 331/279/331/352 
f 453/405/453/478 452/404/452/477 335/283/335/356 
f 453/405/453/478 335/283/335/356 334/282/334/355 
f 403/353/403/426 455/407/455/480 338/286/338/359 
f 403/353/403/426 338/286/338/359 286/232/286/305 
f 264/210/264/283 458/410/458/483 340/288/340/361 
f 264/210/264/283 340/288/340/361 261/207/261/280 
f 462/414/462/487 461/413/461/486 161/103/161/176 
f 462/414/462/487 161/103/161/176 160/102/160/175 
f 466/418/466/491 465/417/465/490 165/107/165/180 
f 466/418/466/491 165/107/165/180 164/106/164/179 
f 465/417/465/490 468/420/468/493 168/110/168/183 
f 465/417/465/490 168/110/168/183 165/107/165/180 
f 470/422/470/495 462/414/462/487 160/102/160/175 
f 470/422/470/495 160/102/160/175 170/112/170/185 
f 468/420/468/493 470/422/470/495 170/112/170/185 
f 468/420/468/493 170/112/170/185 168/110/168/183 
f 474/426/474/499 473/425/473/498 172/114/172/187 
f 474/426/474/499 172/114/172/187 175/117/175/190 
f 475/427/475/500 474/426/474/499 175/117/175/190 
f 475/427/475/500 175/117/175/190 176/118/176/191 
f 478/430/478/503 475/427/475/500 176/118/176/191 
f 478/430/478/503 176/118/176/191 178/120/178/193 
f 473/425/473/498 466/418/466/491 164/106/164/179 
f 473/425/473/498 164/106/164/179 172/114/172/187 
f 480/432/480/505 478/430/478/503 178/120/178/193 
f 480/432/480/505 178/120/178/193 180/122/180/195 
f 482/434/482/507 480/432/480/505 180/122/180/195 
f 482/434/482/507 180/122/180/195 183/125/183/198 
f 486/438/486/511 485/437/485/510 185/127/185/200 
f 486/438/486/511 185/127/185/200 184/126/184/199 
f 487/439/487/512 482/434/482/507 183/125/183/198 
f 487/439/487/512 183/125/183/198 188/130/188/203 
f 487/439/487/512 188/130/188/203 191/133/191/206 
f 487/439/487/512 191/133/191/206 490/442/490/515 
f 47/523/47/596 46/445/46/518 492/444/492/517 
f 47/523/47/596 492/444/492/517 192/135/192/208 
f 207/151/207/224 494/448/494/521 195/139/195/212 
f 207/151/207/224 195/139/195/212 194/138/194/211 
f 494/448/494/521 204/148/204/221 198/142/198/215 
f 494/448/494/521 198/142/198/215 195/139/195/212 
f 220/164/220/237 496/450/496/523 201/145/201/218 
f 220/164/220/237 201/145/201/218 200/144/200/217 
f 496/450/496/523 199/143/199/216 198/142/198/215 
f 496/450/496/523 198/142/198/215 201/145/201/218 
f 197/141/197/214 498/452/498/525 205/149/205/222 
f 197/141/197/214 205/149/205/222 194/138/194/211 
f 502/456/502/529 501/455/501/528 209/153/209/226 
f 502/456/502/529 209/153/209/226 208/152/208/225 
f 498/452/498/525 502/456/502/529 208/152/208/225 
f 498/452/498/525 208/152/208/225 205/149/205/222 
f 501/455/501/528 486/438/486/511 184/126/184/199 
f 501/455/501/528 184/126/184/199 209/153/209/226 
f 506/460/506/533 505/459/505/532 213/157/213/230 
f 506/460/506/533 213/157/213/230 212/156/212/229 
f 461/413/461/486 508/462/508/535 216/160/216/233 
f 461/413/461/486 216/160/216/233 161/103/161/176 
f 203/147/203/220 510/464/510/537 218/162/218/235 
f 203/147/203/220 218/162/218/235 200/144/200/217 
f 514/468/514/541 513/467/513/540 98/524/98/597 
f 514/468/514/541 98/524/98/597 101/525/101/598 
f 518/472/518/545 517/471/517/544 102/526/102/599 
f 518/472/518/545 102/526/102/599 105/527/105/600 
f 517/471/517/544 520/474/520/547 106/528/106/601 
f 517/471/517/544 106/528/106/601 102/526/102/599 
f 522/476/522/549 514/468/514/541 101/525/101/598 
f 522/476/522/549 101/525/101/598 109/529/109/602 
f 520/474/520/547 522/476/522/549 109/529/109/602 
f 520/474/520/547 109/529/109/602 106/528/106/601 
f 526/480/526/553 525/479/525/552 110/530/110/603 
f 526/480/526/553 110/530/110/603 113/531/113/604 
f 527/481/527/554 526/480/526/553 113/531/113/604 
f 527/481/527/554 113/531/113/604 115/532/115/605 
f 530/484/530/557 527/481/527/554 115/532/115/605 
f 530/484/530/557 115/532/115/605 117/533/117/606 
f 525/479/525/552 518/472/518/545 105/527/105/600 
f 525/479/525/552 105/527/105/600 110/530/110/603 
f 532/486/532/559 530/484/530/557 117/533/117/606 
f 532/486/532/559 117/533/117/606 119/534/119/607 
f 120/535/120/608 533/487/533/560 532/486/532/559 
f 120/535/120/608 532/486/532/559 119/534/119/607 
f 538/492/538/565 537/491/537/564 564/536/564/609 
f 538/492/538/565 564/536/564/609 148/537/148/610 
f 539/493/539/566 533/487/533/560 120/535/120/608 
f 539/493/539/566 120/535/120/608 123/538/123/611 
f 539/493/539/566 123/538/123/611 125/539/125/612 
f 539/493/539/566 125/539/125/612 541/495/541/568 
f 18/540/18/613 20/497/20/570 544/500/544/573 
f 18/540/18/613 544/500/544/573 565/541/565/614 
f 546/502/546/575 131/542/131/615 130/83/130/156 
f 546/502/546/575 130/83/130/156 143/82/143/155 
f 546/502/546/575 140/79/140/152 134/78/134/151 
f 546/502/546/575 134/78/134/151 131/542/131/615 
f 159/100/159/173 548/504/548/577 136/543/136/616 
f 159/100/159/173 136/543/136/616 139/101/139/174 
f 548/504/548/577 135/73/135/146 134/72/134/145 
f 548/504/548/577 134/72/134/145 136/543/136/616 
f 133/71/133/144 550/506/550/579 141/544/141/617 
f 133/71/133/144 141/544/141/617 130/68/130/141 
f 553/509/553/582 144/545/144/618 147/546/147/619 
f 553/509/553/582 147/546/147/619 554/510/554/583 
f 550/506/550/579 554/510/554/583 147/546/147/619 
f 550/506/550/579 147/546/147/619 141/544/141/617 
f 553/509/553/582 538/492/538/565 148/537/148/610 
f 553/509/553/582 148/537/148/610 144/545/144/618 
f 558/514/558/587 557/513/557/586 154/547/154/620 
f 558/514/558/587 154/547/154/620 150/548/150/621 
f 513/467/513/540 560/516/560/589 156/549/156/622 
f 513/467/513/540 156/549/156/622 98/524/98/597 
f 138/76/138/149 127/65/127/138 126/64/126/137 
f 138/76/138/149 126/64/126/137 139/77/139/150 
f 566/550/566/623 567/551/567/624 563/520/563/593 
f 566/550/566/623 563/520/563/593 565/552/565/625 
f 568/553/568/626 569/554/569/627 570/555/570/628 
f 568/553/568/626 570/555/570/628 571/556/571/629 
f 572/557/572/630 573/558/573/631 574/559/574/632 
f 572/557/572/630 574/559/574/632 575/560/575/633 
f 576/561/576/634 577/562/577/635 578/563/578/636 
f 576/561/576/634 578/563/578/636 579/564/579/637 
f 580/565/580/638 581/566/581/639 582/567/582/640 
f 580/565/580/638 582/567/582/640 583/568/583/641 
f 584/569/584/642 585/570/585/643 586/571/586/644 
f 584/569/584/642 586/571/586/644 587/572/587/645 
f 588/573/588/646 589/574/589/647 590/575/590/648 
f 588/573/588/646 590/575/590/648 591/576/591/649 
f 592/577/592/650 593/578/593/651 594/579/594/652 
f 592/577/592/650 594/579/594/652 595/580/595/653 
f 583/568/583/641 582/567/582/640 567/551/567/624 
f 583/568/583/641 567/551/567/624 128/66/128/139 
f 585/570/585/643 568/553/568/626 571/556/571/629 
f 585/570/585/643 571/556/571/629 586/571/586/644 
f 591/576/591/649 590/575/590/648 573/558/573/631 
f 591/576/591/649 573/558/573/631 572/557/572/630 
f 593/578/593/651 576/561/576/634 579/564/579/637 
f 593/578/593/651 579/564/579/637 594/579/594/652 
f 575/560/575/633 574/559/574/632 581/566/581/639 
f 575/560/575/633 581/566/581/639 580/565/580/638 
f 577/562/577/635 584/569/584/642 587/572/587/645 
f 577/562/577/635 587/572/587/645 578/563/578/636 
f 570/555/570/628 569/554/569/627 589/574/589/647 
f 570/555/570/628 589/574/589/647 588/573/588/646 
f 566/581/566/654 592/577/592/650 595/580/595/653 
f 566/581/566/654 595/580/595/653 129/582/129/655 
f 193/136/193/209 192/135/192/208 569/554/569/627 
f 193/136/193/209 569/554/569/627 568/553/568/626 
f 254/199/254/272 253/198/253/271 574/559/574/632 
f 254/199/254/272 574/559/574/632 573/558/573/631 
f 317/264/317/337 577/562/577/635 576/561/576/634 
f 317/264/317/337 576/561/576/634 318/265/318/338 
f 376/324/376/397 375/323/375/396 582/567/582/640 
f 376/324/376/397 582/567/582/640 581/566/581/639 
f 433/385/433/458 585/570/585/643 584/569/584/642 
f 433/385/433/458 584/569/584/642 434/386/434/459 
f 492/444/492/517 491/443/491/516 590/575/590/648 
f 492/444/492/517 590/575/590/648 589/574/589/647 
f 543/499/543/572 593/578/593/651 592/577/592/650 
f 543/499/543/572 592/577/592/650 544/500/544/573 
f 375/323/375/396 563/520/563/593 567/551/567/624 
f 375/323/375/396 567/551/567/624 582/567/582/640 
f 193/136/193/209 568/553/568/626 585/570/585/643 
f 193/136/193/209 585/570/585/643 433/385/433/458 
f 491/443/491/516 254/199/254/272 573/558/573/631 
f 491/443/491/516 573/558/573/631 590/575/590/648 
f 318/265/318/338 576/561/576/634 593/578/593/651 
f 318/265/318/338 593/578/593/651 543/499/543/572 
f 253/198/253/271 376/324/376/397 581/566/581/639 
f 253/198/253/271 581/566/581/639 574/559/574/632 
f 434/386/434/459 584/569/584/642 577/562/577/635 
f 434/386/434/459 577/562/577/635 317/264/317/337 
f 192/135/192/208 492/444/492/517 589/574/589/647 
f 192/135/192/208 589/574/589/647 569/554/569/627 
f 565/541/565/614 544/500/544/573 592/577/592/650 
f 565/541/565/614 592/577/592/650 566/581/566/654 
f 19/583/19/656 565/552/565/625 563/520/563/593 
f 19/583/19/656 563/520/563/593 71/519/71/592 
f 566/550/566/623 129/67/129/140 128/66/128/139 
f 566/550/566/623 128/66/128/139 567/551/567/624 
f 571/556/571/629 570/555/570/628 218/162/218/235 
f 571/556/571/629 218/162/218/235 510/464/510/537 
f 458/410/458/483 572/557/572/630 575/560/575/633 
f 458/410/458/483 575/560/575/633 340/288/340/361 
f 579/564/579/637 578/563/578/636 282/228/282/301 
f 579/564/579/637 282/228/282/301 400/350/400/423 
f 341/289/341/362 580/565/580/638 583/568/583/641 
f 341/289/341/362 583/568/583/641 561/517/561/590 
f 587/572/587/645 586/571/586/644 509/463/509/536 
f 587/572/587/645 509/463/509/536 283/229/283/302 
f 219/163/219/236 588/573/588/646 591/576/591/649 
f 219/163/219/236 591/576/591/649 457/409/457/482 
f 595/580/595/653 594/579/594/652 399/349/399/422 
f 595/580/595/653 399/349/399/422 158/99/158/172 
f 561/517/561/590 583/568/583/641 128/66/128/139 
f 561/517/561/590 128/66/128/139 127/65/127/138 
f 586/571/586/644 571/556/571/629 510/464/510/537 
f 586/571/586/644 510/464/510/537 509/463/509/536 
f 457/409/457/482 591/576/591/649 572/557/572/630 
f 457/409/457/482 572/557/572/630 458/410/458/483 
f 594/579/594/652 579/564/579/637 400/350/400/423 
f 594/579/594/652 400/350/400/423 399/349/399/422 
f 340/288/340/361 575/560/575/633 580/565/580/638 
f 340/288/340/361 580/565/580/638 341/289/341/362 
f 578/563/578/636 587/572/587/645 283/229/283/302 
f 578/563/578/636 283/229/283/302 282/228/282/301 
f 570/555/570/628 588/573/588/646 219/163/219/236 
f 570/555/570/628 219/163/219/236 218/162/218/235 
f 129/582/129/655 595/580/595/653 158/99/158/172 
f 129/582/129/655 158/99/158/172 126/98/126/171 
f 153/93/153/166 152/92/152/165 596/584/596/657 
f 153/93/153/166 596/584/596/657 597/585/597/658 
f 598/586/598/659 599/587/599/660 212/156/212/229 
f 598/586/598/659 212/156/212/229 215/159/215/232 
f 600/588/600/661 601/589/601/662 275/221/275/294 
f 600/588/600/661 275/221/275/294 278/224/278/297 
f 602/590/602/663 603/591/603/664 334/282/334/355 
f 602/590/602/663 334/282/334/355 337/285/337/358 
f 604/592/604/665 605/593/605/666 392/342/392/415 
f 604/592/604/665 392/342/392/415 395/345/395/418 
f 606/594/606/667 607/595/607/668 450/402/450/475 
f 606/594/606/667 450/402/450/475 453/405/453/478 
f 608/596/608/669 609/597/609/670 503/457/503/530 
f 608/596/608/669 503/457/503/530 506/460/506/533 
f 610/598/610/671 611/599/611/672 555/511/555/584 
f 610/598/610/671 555/511/555/584 558/514/558/587 
f 605/593/605/666 152/92/152/165 151/91/151/164 
f 605/593/605/666 151/91/151/164 392/342/392/415 
f 607/595/607/668 598/586/598/659 215/159/215/232 
f 607/595/607/668 215/159/215/232 450/402/450/475 
f 609/597/609/670 600/588/600/661 278/224/278/297 
f 609/597/609/670 278/224/278/297 503/457/503/530 
f 611/599/611/672 602/590/602/663 337/285/337/358 
f 611/599/611/672 337/285/337/358 555/511/555/584 
f 601/589/601/662 604/592/604/665 395/345/395/418 
f 601/589/601/662 395/345/395/418 275/221/275/294 
f 603/591/603/664 606/594/606/667 453/405/453/478 
f 603/591/603/664 453/405/453/478 334/282/334/355 
f 599/587/599/660 608/596/608/669 506/460/506/533 
f 599/587/599/660 506/460/506/533 212/156/212/229 
f 153/600/153/673 610/598/610/671 558/514/558/587 
f 153/600/153/673 558/514/558/587 150/548/150/621 
f 612/601/612/674 613/602/613/675 599/587/599/660 
f 612/601/612/674 599/587/599/660 598/586/598/659 
f 614/603/614/676 615/604/615/677 601/589/601/662 
f 614/603/614/676 601/589/601/662 600/588/600/661 
f 616/605/616/678 617/606/617/679 603/591/603/664 
f 616/605/616/678 603/591/603/664 602/590/602/663 
f 618/607/618/680 619/608/619/681 605/593/605/666 
f 618/607/618/680 605/593/605/666 604/592/604/665 
f 620/609/620/682 621/610/621/683 607/595/607/668 
f 620/609/620/682 607/595/607/668 606/594/606/667 
f 622/611/622/684 623/612/623/685 609/597/609/670 
f 622/611/622/684 609/597/609/670 608/596/608/669 
f 624/613/624/686 625/614/625/687 611/599/611/672 
f 624/613/624/686 611/599/611/672 610/598/610/671 
f 619/608/619/681 596/584/596/657 152/92/152/165 
f 619/608/619/681 152/92/152/165 605/593/605/666 
f 621/610/621/683 612/601/612/674 598/586/598/659 
f 621/610/621/683 598/586/598/659 607/595/607/668 
f 623/612/623/685 614/603/614/676 600/588/600/661 
f 623/612/623/685 600/588/600/661 609/597/609/670 
f 625/614/625/687 616/605/616/678 602/590/602/663 
f 625/614/625/687 602/590/602/663 611/599/611/672 
f 615/604/615/677 618/607/618/680 604/592/604/665 
f 615/604/615/677 604/592/604/665 601/589/601/662 
f 617/606/617/679 620/609/620/682 606/594/606/667 
f 617/606/617/679 606/594/606/667 603/591/603/664 
f 613/602/613/675 622/611/622/684 608/596/608/669 
f 613/602/613/675 608/596/608/669 599/587/599/660 
f 597/615/597/688 624/613/624/686 610/598/610/671 
f 597/615/597/688 610/598/610/671 153/600/153/673 
f 597/585/597/658 596/584/596/657 562/518/562/591 
f 597/585/597/658 562/518/562/591 564/616/564/689 
f 253/198/253/271 50/197/50/270 69/521/69/594 
f 38/30/38/38 36/8/36/36 41/12/41/41 
f 38/30/38/38 41/12/41/41 626/617/626/690 
f 627/618/627/691 626/617/626/690 41/12/41/41 
f 627/618/627/691 41/12/41/41 55/28/55/55 
f 192/135/192/208 93/134/93/207 47/523/47/596 
f 86/12/86/94 45/617/45/692 44/30/44/91 
f 86/12/86/94 44/30/44/91 82/8/82/89 
f 51/618/51/693 45/617/45/692 86/12/86/94 
f 51/618/51/693 86/12/86/94 97/28/97/108 
f 84/619/84/694 44/32/44/44 30/1/30/30 
f 84/619/84/694 30/1/30/30 33/2/33/33 
f 47/18/47/47 93/620/93/695 84/619/84/694 
f 47/18/47/47 84/619/84/694 33/2/33/33 
f 317/264/317/337 23/263/23/336 89/522/89/595 
f 565/552/565/625 19/583/19/656 18/621/18/696 
f 39/31/39/697 59/2/59/698 69/521/69/699 
f 39/31/39/700 69/521/69/701 50/197/50/702 
f 59/2/59/703 39/31/39/704 38/30/38/705 
f 59/2/59/703 38/30/38/705 56/1/56/706 
f 38/30/38/705 626/617/626/707 67/16/67/708 
f 38/30/38/705 67/16/67/708 56/1/56/706 
f 67/16/67/708 626/617/626/707 627/618/627/709 
f 67/16/67/708 627/618/627/709 72/25/72/710 
f 186/128/186/201 185/127/185/200 613/602/613/675 
f 186/128/186/201 613/602/613/675 612/601/612/674 
f 247/191/247/264 246/190/246/263 615/604/615/677 
f 247/191/247/264 615/604/615/677 614/603/614/676 
f 311/257/311/330 310/256/310/329 617/606/617/679 
f 311/257/311/330 617/606/617/679 616/605/616/678 
f 368/316/368/389 619/608/619/681 618/607/618/680 
f 368/316/368/389 618/607/618/680 369/317/369/390 
f 426/376/426/449 621/610/621/683 620/609/620/682 
f 426/376/426/449 620/609/620/682 427/377/427/450 
f 484/436/484/509 623/612/623/685 622/611/622/684 
f 484/436/484/509 622/611/622/684 485/437/485/510 
f 536/490/536/563 625/614/625/687 624/613/624/686 
f 536/490/536/563 624/613/624/686 537/491/537/564 
f 368/316/368/389 562/518/562/591 596/584/596/657 
f 368/316/368/389 596/584/596/657 619/608/619/681 
f 426/376/426/449 186/128/186/201 612/601/612/674 
f 426/376/426/449 612/601/612/674 621/610/621/683 
f 484/436/484/509 247/191/247/264 614/603/614/676 
f 484/436/484/509 614/603/614/676 623/612/623/685 
f 536/490/536/563 311/257/311/330 616/605/616/678 
f 536/490/536/563 616/605/616/678 625/614/625/687 
f 369/317/369/390 618/607/618/680 615/604/615/677 
f 369/317/369/390 615/604/615/677 246/190/246/263 
f 427/377/427/450 620/609/620/682 617/606/617/679 
f 427/377/427/450 617/606/617/679 310/256/310/329 
f 485/437/485/510 622/611/622/684 613/602/613/675 
f 485/437/485/510 613/602/613/675 185/127/185/200 
f 537/491/537/564 624/613/624/686 597/615/597/688 
f 537/491/537/564 597/615/597/688 564/536/564/609 
f 564/616/564/689 562/518/562/591 149/89/149/162 
f 564/616/564/689 149/89/149/162 148/88/148/161 
f 155/95/155/168 154/94/154/167 125/63/125/136 
f 155/95/155/168 125/63/125/136 124/62/124/135 
f 214/158/214/231 213/157/213/230 191/133/191/206 
f 214/158/214/231 191/133/191/206 190/132/190/205 
f 252/196/252/269 277/223/277/296 276/222/276/295 
f 252/196/252/269 276/222/276/295 251/195/251/268 
f 336/284/336/357 335/283/335/356 316/262/316/335 
f 336/284/336/357 316/262/316/335 315/261/315/334 
f 374/322/374/395 394/344/394/417 393/343/393/416 
f 374/322/374/395 393/343/393/416 373/321/373/394 
f 452/404/452/477 451/403/451/476 432/382/432/455 
f 452/404/452/477 432/382/432/455 431/381/431/454 
f 490/442/490/515 505/459/505/532 504/458/504/531 
f 490/442/490/515 504/458/504/531 489/441/489/514 
f 557/513/557/586 556/512/556/585 542/496/542/569 
f 557/513/557/586 542/496/542/569 541/495/541/568 
f 373/321/373/394 393/343/393/416 155/95/155/168 
f 373/321/373/394 155/95/155/168 124/62/124/135 
f 451/403/451/476 214/158/214/231 190/132/190/205 
f 451/403/451/476 190/132/190/205 432/382/432/455 
f 489/441/489/514 504/458/504/531 277/223/277/296 
f 489/441/489/514 277/223/277/296 252/196/252/269 
f 556/512/556/585 336/284/336/357 315/261/315/334 
f 556/512/556/585 315/261/315/334 542/496/542/569 
f 251/195/251/268 276/222/276/295 394/344/394/417 
f 251/195/251/268 394/344/394/417 374/322/374/395 
f 335/283/335/356 452/404/452/477 431/381/431/454 
f 335/283/335/356 431/381/431/454 316/262/316/335 
f 213/157/213/230 505/459/505/532 490/442/490/515 
f 213/157/213/230 490/442/490/515 191/133/191/206 
f 154/547/154/620 557/513/557/586 541/495/541/568 
f 154/547/154/620 541/495/541/568 125/539/125/612 
