v -616.9795 123.0057 -244.5544
v -622.0199 123.0057 -244.5381
v -622.0748 123.0704 -245.0623
v -616.928 123.0704 -245.0789
v -616.942 124.2827 -244.9353
v -622.0598 124.2827 -244.9188
v -621.9647 126.1729 -244.0131
v -617.0313 126.1729 -244.029
v -621.7769 127.5391 -242.2224
v -617.2076 127.5391 -242.2371
v -621.4449 128.1461 -239.0606
v -617.519 128.1461 -239.0733
v -617.869 127.532 -235.5179
v -621.0721 127.532 -235.5075
v -621.0881 124.0548 -235.6599
v -617.854 124.0548 -235.6703
v -621.053 123.8755 -235.3257
v -617.887 123.8755 -235.3359
v -617.1609 123.5384 -242.7121
v -621.8267 123.5384 -242.6971
v -617.192 123.0423 -242.3956
v -621.7935 123.0423 -242.3807
v -617.1829 121.4659 -242.4894
v -621.8032 121.4659 -242.4745
v -617.0355 119.8593 -243.9852
v -621.9601 119.8593 -243.9693
v -617.1531 114.8046 -242.7919
v -621.835 114.8046 -242.7768
v -621.998 117.2166 -244.3311
v -617.0 117.2166 -244.3472
v -617.4525 112.8378 -239.7498
v -621.516 112.8378 -239.7367
v -617.9545 111.3456 -234.6503
v -620.9811 111.3456 -234.6405
v -619.0079 109.629 -223.9476
v -619.8586 109.629 -223.9448
v -618.9724 108.8544 -224.3087
v -619.8965 108.8544 -224.3057
v -619.088 107.9935 -223.1338
v -619.7733 107.9935 -223.1316
v -619.8837 108.0405 -224.1837
v -618.9844 108.0405 -224.1866
v -619.2056 106.818 -221.9384
v -619.6478 106.818 -221.937
v -619.6475 107.0779 -221.9326
v -619.2061 107.0779 -221.934
v -619.0609 105.9905 -223.4073
v -619.8019 105.9905 -223.405
v -619.0115 104.9318 -223.9102
v -619.8546 104.9318 -223.9075
v -619.0922 104.8019 -223.0903
v -619.7687 104.8019 -223.0882
v -619.3395 123.0057 -194.8515
v -614.3245 123.0057 -195.3781
v -614.2168 123.0704 -194.8626
v -619.3378 123.0704 -194.325
v -609.5204 123.0057 -196.9028
v -609.311 123.0704 -196.4196
v -605.1215 123.0057 -199.3634
v -604.8191 123.0704 -198.9323
v -601.3079 123.0057 -202.6591
v -600.9248 123.0704 -202.2977
v -598.2357 123.0057 -206.655
v -597.7877 123.0704 -206.3781
v -596.0309 123.0057 -211.1876
v -595.5363 123.0704 -211.0065
v -594.7834 123.0057 -216.0711
v -594.2625 123.0704 -215.9933
v -594.5446 123.0057 -221.1058
v -594.0186 123.0704 -221.1344
v -595.3241 123.0057 -226.0855
v -594.8146 123.0704 -226.2195
v -597.0901 123.0057 -230.8064
v -596.6178 123.0704 -231.0402
v -599.7701 123.0057 -235.0751
v -599.3546 123.0704 -235.3992
v -603.2546 123.0057 -238.7171
v -602.9127 123.0704 -239.1181
v -607.4009 123.0057 -241.583
v -607.1466 123.0704 -242.0447
v -612.0391 123.0057 -243.5557
v -611.8831 123.0704 -244.0591
v -624.462 123.0704 -194.8296
v -624.3577 123.0057 -195.3457
v -629.3778 123.0704 -196.3549
v -629.1716 123.0057 -196.8394
v -633.8859 123.0704 -198.8385
v -633.5863 123.0057 -199.2716
v -637.8018 123.0704 -202.1788
v -637.421 123.0057 -202.5427
v -640.9651 123.0704 -206.2389
v -640.5189 123.0057 -206.5187
v -643.2463 123.0704 -210.8526
v -642.7529 123.0057 -211.0369
v -644.5522 123.0704 -215.8311
v -644.0319 123.0057 -215.9123
v -644.8293 123.0704 -220.9706
v -644.3031 123.0057 -220.9453
v -644.0662 123.0704 -226.0606
v -643.5557 123.0057 -225.93
v -642.2939 123.0704 -230.8929
v -641.8203 123.0057 -230.6621
v -639.5854 123.0704 -235.2695
v -639.1678 123.0057 -234.9481
v -636.0513 123.0704 -239.0113
v -635.7069 123.0057 -238.6124
v -631.8363 123.0704 -241.9651
v -631.5792 123.0057 -241.5051
v -627.113 123.0704 -244.01
v -626.9537 123.0057 -243.5076
v -619.3383 124.2827 -194.4693
v -614.2463 124.2827 -195.0039
v -614.4326 126.1729 -195.8954
v -619.3412 126.1729 -195.38
v -609.3683 124.2827 -196.5521
v -609.7302 126.1729 -197.3878
v -604.9019 124.2827 -199.0504
v -605.4246 126.1729 -199.7962
v -601.0297 124.2827 -202.3968
v -601.6919 126.1729 -203.0221
v -597.9104 124.2827 -206.454
v -598.6849 126.1729 -206.9333
v -595.6716 124.2827 -211.0562
v -596.5267 126.1729 -211.3697
v -594.4052 124.2827 -216.0147
v -595.3058 126.1729 -216.1497
v -594.1626 124.2827 -221.1267
v -595.072 126.1729 -221.0776
v -594.9541 124.2827 -226.1829
v -595.8351 126.1729 -225.9517
v -596.7472 124.2827 -230.9762
v -597.5635 126.1729 -230.5725
v -599.4684 124.2827 -235.3105
v -600.1868 126.1729 -234.7507
v -603.0063 124.2827 -239.0084
v -603.5973 126.1729 -238.3154
v -607.2163 124.2827 -241.9184
v -607.6556 126.1729 -241.1206
v -611.9258 124.2827 -243.9213
v -612.1956 126.1729 -243.0515
v -624.2529 126.1729 -195.8637
v -624.4335 124.2827 -194.971
v -628.9648 126.1729 -197.3258
v -629.3213 124.2827 -196.4877
v -633.2859 126.1729 -199.7064
v -633.8038 124.2827 -198.9572
v -637.0393 126.1729 -202.9081
v -637.6975 124.2827 -202.2785
v -640.0715 126.1729 -206.7998
v -640.8429 124.2827 -206.3156
v -642.2582 126.1729 -211.2222
v -643.1112 124.2827 -210.9032
v -643.5099 126.1729 -215.9942
v -644.4098 124.2827 -215.8534
v -643.7755 126.1729 -220.9205
v -644.6852 124.2827 -220.9638
v -643.0439 126.1729 -225.7995
v -643.9264 124.2827 -226.0249
v -641.3453 126.1729 -230.4313
v -642.1643 124.2827 -230.8298
v -638.749 126.1729 -234.6264
v -639.4711 124.2827 -235.1815
v -635.3616 126.1729 -238.213
v -635.957 124.2827 -238.9021
v -631.3214 126.1729 -241.0443
v -631.7659 124.2827 -241.8392
v -626.7939 126.1729 -243.0044
v -627.0695 124.2827 -243.8725
v -614.8008 127.5391 -197.6578
v -619.3469 127.5391 -197.1805
v -610.4458 127.5391 -199.0401
v -606.458 127.5391 -201.2706
v -603.001 127.5391 -204.2583
v -600.2161 127.5391 -207.8806
v -598.2173 127.5391 -211.9894
v -597.0864 127.5391 -216.4165
v -596.87 127.5391 -220.9805
v -597.5767 127.5391 -225.4947
v -599.1775 127.5391 -229.7742
v -601.6069 127.5391 -233.644
v -604.7657 127.5391 -236.9454
v -608.5244 127.5391 -239.5435
v -612.729 127.5391 -241.3318
v -623.8961 127.5391 -197.6285
v -628.26 127.5391 -198.9826
v -632.262 127.5391 -201.1874
v -635.7383 127.5391 -204.1527
v -638.5465 127.5391 -207.757
v -640.5718 127.5391 -211.8528
v -641.7311 127.5391 -216.2725
v -641.9769 127.5391 -220.8351
v -641.2994 127.5391 -225.3537
v -639.7262 127.5391 -229.6435
v -637.3218 127.5391 -233.5288
v -634.1843 127.5391 -236.8506
v -630.4425 127.5391 -239.4728
v -626.2495 127.5391 -241.2882
v -628.3185 123.8755 -206.8915
v -625.5454 123.8755 -205.3637
v -622.5215 123.8755 -204.4254
v -616.2192 123.8755 -204.4457
v -619.3693 123.8755 -204.115
v -613.2014 123.8755 -205.4035
v -610.4382 123.8755 -206.9491
v -606.1129 123.8755 -211.5294
v -608.0427 123.8755 -209.0193
v -635.0503 123.8755 -220.5059
v -604.728 123.8755 -214.3765
v -603.9445 123.8755 -217.4441
v -603.7944 123.8755 -220.6066
v -634.8799 123.8755 -217.3443
v -634.0765 123.8755 -214.2818
v -632.6732 123.8755 -211.4437
v -630.7273 123.8755 -208.9462
v -609.2656 123.8755 -231.6692
v -611.87 123.8755 -233.4695
v -614.7836 123.8755 -234.7086
v -605.3933 123.8755 -226.7001
v -627.0577 123.8755 -233.4205
v -624.1522 123.8755 -234.6784
v -629.6505 123.8755 -231.6035
v -631.8246 123.8755 -229.3017
v -634.5808 123.8755 -223.637
v -633.4907 123.8755 -226.6095
v -604.2841 123.8755 -223.7346
v -607.0768 123.8755 -229.3815
v -615.451 128.146 -200.7697
v -619.3572 128.146 -200.3596
v -611.7091 128.146 -201.9573
v -608.2827 128.146 -203.8739
v -605.3123 128.146 -206.4409
v -602.9194 128.146 -209.5534
v -601.202 128.146 -213.0838
v -600.2305 128.146 -216.8876
v -600.0444 128.146 -220.8091
v -600.6516 128.146 -224.6878
v -602.0271 128.146 -228.3649
v -604.1146 128.1461 -231.6899
v -606.8286 128.1461 -234.5266
v -610.0582 128.1461 -236.7589
v -613.6709 128.1461 -238.2954
v -623.2659 128.1461 -200.7445
v -627.0155 128.1461 -201.908
v -630.4541 128.1461 -203.8024
v -633.441 128.1461 -206.3502
v -635.8539 128.1461 -209.4472
v -637.5941 128.1461 -212.9664
v -638.5902 128.1461 -216.7639
v -638.8015 128.1461 -220.6841
v -638.2194 128.1461 -224.5667
v -636.8676 128.1461 -228.2526
v -634.8016 128.1461 -231.5909
v -632.1058 128.1461 -234.4451
v -628.8907 128.1461 -236.6982
v -625.288 128.1461 -238.258
v -619.3688 127.532 -203.9322
v -616.1818 127.532 -204.2668
v -616.1505 124.0548 -204.1169
v -619.3683 124.0548 -203.779
v -613.1288 127.532 -205.2358
v -613.0679 124.0548 -205.0952
v -610.3333 127.532 -206.7995
v -610.2454 124.0548 -206.674
v -607.9098 127.532 -208.8938
v -607.7985 124.0548 -208.7887
v -605.9575 127.532 -211.4332
v -605.8273 124.0548 -211.3526
v -604.5564 127.532 -214.3136
v -604.4125 124.0548 -214.2608
v -603.7637 127.532 -217.417
v -603.6122 124.0548 -217.3943
v -603.6118 127.532 -220.6165
v -603.4589 124.0548 -220.6248
v -604.1072 127.532 -223.7811
v -603.9591 124.0548 -223.8199
v -605.2295 127.532 -226.7811
v -605.0922 124.0548 -226.849
v -606.9326 127.532 -229.4939
v -606.8118 124.0548 -229.588
v -609.147 127.532 -231.8083
v -609.0476 124.0548 -231.9248
v -611.7819 127.532 -233.6296
v -611.708 124.0548 -233.7637
v -614.7295 127.532 -234.8832
v -614.6841 124.0548 -235.0295
v -622.5881 124.0548 -204.0961
v -622.5577 127.532 -204.2462
v -625.6769 124.0548 -205.0545
v -625.6169 127.532 -205.1955
v -628.5095 124.0548 -206.6151
v -628.4225 127.532 -206.7411
v -630.9701 124.0548 -208.714
v -630.8594 127.532 -208.8198
v -632.9578 124.0548 -211.2651
v -632.828 127.532 -211.3465
v -634.3912 124.0548 -214.1642
v -634.2478 127.532 -214.2178
v -635.2118 124.0548 -217.2924
v -635.0604 127.532 -217.3161
v -635.3859 124.0548 -220.5218
v -635.2329 127.532 -220.5145
v -634.9064 124.0548 -223.7201
v -634.7579 127.532 -223.6822
v -633.7928 124.0548 -226.7565
v -633.655 127.532 -226.6895
v -632.0908 124.0548 -229.5065
v -631.9695 127.532 -229.4132
v -629.8702 124.0548 -231.8577
v -629.77 127.532 -231.7418
v -627.2217 124.0548 -233.7137
v -627.147 127.532 -233.58
v -624.2539 124.0548 -234.9986
v -624.2075 127.532 -234.8526
v -619.3455 123.5384 -196.7027
v -614.7031 123.5384 -197.1901
v -610.256 123.5384 -198.6016
v -606.184 123.5384 -200.8793
v -602.6537 123.5384 -203.9301
v -599.8099 123.5384 -207.6291
v -597.7689 123.5384 -211.8248
v -596.6141 123.5384 -216.3455
v -596.3931 123.5384 -221.006
v -597.1146 123.5384 -225.6157
v -598.7494 123.5384 -229.9857
v -601.2302 123.5384 -233.9373
v -604.4558 123.5384 -237.3086
v -608.2939 123.5384 -239.9616
v -612.5875 123.5384 -241.7877
v -623.9907 123.5384 -197.1602
v -628.4469 123.5384 -198.5429
v -632.5336 123.5384 -200.7944
v -636.0834 123.5384 -203.8223
v -638.9509 123.5384 -207.5029
v -641.019 123.5384 -211.6853
v -642.2029 123.5384 -216.1985
v -642.454 123.5384 -220.8575
v -641.7622 123.5384 -225.4717
v -640.1556 123.5384 -229.8522
v -637.7003 123.5384 -233.8197
v -634.4966 123.5384 -237.2117
v -630.6757 123.5384 -239.8894
v -626.3939 123.5384 -241.7432
v -619.3464 123.0423 -197.021
v -614.7682 123.0423 -197.5016
v -610.3824 123.0423 -198.8936
v -606.3666 123.0423 -201.14
v -602.8851 123.0423 -204.1487
v -600.0804 123.0423 -207.7966
v -598.0676 123.0423 -211.9344
v -596.9288 123.0423 -216.3927
v -596.7108 123.0423 -220.989
v -597.4225 123.0423 -225.535
v -599.0345 123.0423 -229.8448
v -601.4812 123.0423 -233.7418
v -604.6622 123.0423 -237.0666
v -608.4475 123.0423 -239.683
v -612.6819 123.0423 -241.4839
v -623.9276 123.0423 -197.4721
v -628.3224 123.0423 -198.8358
v -632.3527 123.0423 -201.0562
v -635.8534 123.0423 -204.0424
v -638.6815 123.0423 -207.6721
v -640.7211 123.0423 -211.7969
v -641.8885 123.0423 -216.2477
v -642.1362 123.0423 -220.8425
v -641.4539 123.0423 -225.393
v -639.8696 123.0423 -229.7131
v -637.4481 123.0423 -233.6258
v -634.2886 123.0423 -236.9711
v -630.5203 123.0423 -239.6118
v -626.2976 123.0423 -241.44
v -619.3462 121.4659 -196.9268
v -614.749 121.4659 -197.4095
v -610.345 121.4659 -198.8073
v -606.3125 121.4659 -201.0629
v -602.8167 121.4659 -204.0841
v -600.0004 121.4659 -207.7471
v -597.9791 121.4659 -211.9021
v -596.8357 121.4659 -216.3788
v -596.6168 121.4659 -220.9941
v -597.3313 121.4659 -225.559
v -598.9502 121.4659 -229.8866
v -601.407 121.4659 -233.7998
v -604.6012 121.4659 -237.1383
v -608.402 121.4659 -239.7655
v -612.6539 121.4659 -241.5739
v -623.9463 121.4659 -197.3799
v -628.3593 121.4659 -198.7492
v -632.4063 121.4659 -200.9788
v -635.9215 121.4659 -203.9773
v -638.7612 121.4659 -207.6221
v -640.8092 121.4659 -211.7639
v -641.9816 121.4659 -216.2332
v -642.2302 121.4659 -220.847
v -641.5452 121.4659 -225.4164
v -639.9542 121.4659 -229.7544
v -637.5227 121.4659 -233.6833
v -634.3501 121.4659 -237.0424
v -630.5663 121.4659 -239.694
v -626.3262 121.4659 -241.5298
v -619.3413 119.8593 -195.4238
v -614.4415 119.8593 -195.9383
v -609.7477 119.8593 -197.428
v -605.4498 119.8593 -199.8321
v -601.7238 119.8593 -203.0521
v -598.7223 119.8593 -206.9563
v -596.568 119.8593 -211.3847
v -595.3492 119.8593 -216.1561
v -595.116 119.8593 -221.0751
v -595.8776 119.8593 -225.9404
v -597.6029 119.8593 -230.5529
v -600.2214 119.8593 -234.7236
v -603.6259 119.8593 -238.2819
v -607.6769 119.8593 -241.082
v -612.2086 119.8593 -243.0094
v -624.2443 119.8593 -195.9066
v -628.9476 119.8593 -197.3661
v -633.261 119.8593 -199.7424
v -637.0076 119.8593 -202.9383
v -640.0343 119.8593 -206.823
v -642.217 119.8593 -211.2375
v -643.4666 119.8593 -216.0009
v -643.7316 119.8593 -220.9183
v -643.0013 119.8593 -225.7885
v -641.3058 119.8593 -230.412
v -638.7142 119.8593 -234.5995
v -635.3328 119.8593 -238.1797
v -631.2999 119.8593 -241.0059
v -626.7808 119.8593 -242.9624
v -619.3452 114.8046 -196.6229
v -614.6868 114.8046 -197.112
v -614.3672 117.2166 -195.5822
v -619.3401 117.2166 -195.0601
v -610.2242 114.8046 -198.5284
v -609.6031 117.2166 -197.0942
v -606.1381 114.8046 -200.814
v -605.241 117.2166 -199.5342
v -602.5956 114.8046 -203.8754
v -601.4594 117.2166 -202.8024
v -599.7419 114.8046 -207.5872
v -598.413 117.2166 -206.7649
v -597.6938 114.8046 -211.7975
v -596.2264 117.2166 -211.2594
v -596.5352 114.8046 -216.3338
v -594.9895 117.2166 -216.1021
v -596.3132 114.8046 -221.0105
v -594.7527 117.2166 -221.0947
v -597.0374 114.8046 -225.6362
v -595.5256 117.2166 -226.0328
v -598.6777 114.8046 -230.0214
v -597.2769 117.2166 -230.7142
v -601.1672 114.8046 -233.9866
v -599.9344 117.2166 -234.9472
v -604.4039 114.8046 -237.3696
v -603.3898 117.2166 -238.5587
v -608.2554 114.8046 -240.0318
v -607.5013 117.2166 -241.4007
v -612.5638 114.8046 -241.8642
v -612.1008 117.2166 -243.3569
v -624.3164 117.2166 -195.5501
v -624.0066 114.8046 -197.082
v -629.09 117.2166 -197.0313
v -628.4783 114.8046 -198.4695
v -633.4678 117.2166 -199.4432
v -632.5791 114.8046 -200.7288
v -637.2705 117.2166 -202.6869
v -636.1411 114.8046 -203.7672
v -640.3424 117.2166 -206.6296
v -639.0187 114.8046 -207.4606
v -642.5577 117.2166 -211.11
v -641.094 114.8046 -211.6575
v -643.8259 117.2166 -215.9447
v -642.2819 114.8046 -216.1863
v -644.095 117.2166 -220.9356
v -642.5339 114.8046 -220.8615
v -643.3539 117.2166 -225.8786
v -641.8396 114.8046 -225.4917
v -641.6329 117.2166 -230.5711
v -640.2275 114.8046 -229.8874
v -639.0026 117.2166 -234.8213
v -637.7637 114.8046 -233.8686
v -635.5707 117.2166 -238.4549
v -634.5488 114.8046 -237.2724
v -631.4775 117.2166 -241.3234
v -630.7146 114.8046 -239.9594
v -626.8907 117.2166 -243.3092
v -626.4181 114.8046 -241.8196
v -619.355 112.8378 -199.6797
v -615.312 112.8377 -200.1042
v -611.439 112.8377 -201.3335
v -607.8926 112.8377 -203.3172
v -604.8181 112.8377 -205.9742
v -602.3414 112.8378 -209.1957
v -600.5638 112.8378 -212.8497
v -599.5582 112.8378 -216.7868
v -599.3656 112.8378 -220.8457
v -599.994 112.8378 -224.8603
v -601.4177 112.8378 -228.6663
v -603.5784 112.8378 -232.1077
v -606.3876 112.8378 -235.0438
v -609.7302 112.8378 -237.3543
v -613.4695 112.8378 -238.9447
v -623.4006 112.8378 -200.0781
v -627.2816 112.8378 -201.2824
v -630.8407 112.8378 -203.2432
v -633.9323 112.8378 -205.8803
v -636.4297 112.8378 -209.0857
v -638.2308 112.8378 -212.7283
v -639.2617 112.8378 -216.6588
v -639.4805 112.8378 -220.7164
v -638.8779 112.8378 -224.7349
v -637.4789 112.8378 -228.55
v -635.3405 112.8378 -232.0053
v -632.5503 112.8378 -234.9594
v -629.2227 112.8378 -237.2914
v -625.4937 112.8378 -238.9059
v -619.3716 111.3456 -204.8039
v -616.3601 111.3456 -205.12
v -613.4752 111.3456 -206.0357
v -610.8336 111.3456 -207.5132
v -608.5436 111.3456 -209.4923
v -606.6989 111.3456 -211.8918
v -605.3748 111.3456 -214.6136
v -604.6257 111.3456 -217.5462
v -604.4823 111.3456 -220.5695
v -604.9504 111.3456 -223.5598
v -606.0109 111.3456 -226.3946
v -607.6202 111.3456 -228.958
v -609.7126 111.3456 -231.145
v -612.2024 111.3456 -232.866
v -614.9877 111.3456 -234.0506
v -622.385 111.3456 -205.1006
v -625.2758 111.3456 -205.9976
v -627.9268 111.3456 -207.4581
v -630.2295 111.3456 -209.4224
v -632.0897 111.3456 -211.81
v -633.4313 111.3456 -214.5231
v -634.1992 111.3456 -217.4508
v -634.3622 111.3456 -220.4731
v -633.9133 111.3456 -223.4664
v -632.8712 111.3456 -226.308
v -631.2784 111.3456 -228.8817
v -629.2002 111.3456 -231.0822
v -626.7214 111.3456 -232.8192
v -623.9438 111.3456 -234.0217
v -619.4063 109.629 -215.5584
v -618.5598 109.629 -215.6473
v -617.7489 109.629 -215.9046
v -617.0063 109.629 -216.3199
v -616.3627 109.629 -216.8762
v -615.8442 109.629 -217.5507
v -615.472 109.629 -218.3157
v -615.2615 109.629 -219.14
v -615.2212 109.629 -219.9898
v -615.3528 109.629 -220.8303
v -615.6509 109.629 -221.6271
v -616.1031 109.629 -222.3476
v -616.6913 109.629 -222.9623
v -617.3911 109.629 -223.4461
v -618.1741 109.629 -223.779
v -620.2532 109.629 -215.6418
v -621.0658 109.629 -215.8939
v -621.8109 109.629 -216.3044
v -622.4581 109.629 -216.8566
v -622.9811 109.629 -217.5277
v -623.3582 109.629 -218.2903
v -623.574 109.629 -219.1132
v -623.6198 109.629 -219.9627
v -623.4937 109.629 -220.804
v -623.2007 109.629 -221.6028
v -622.7529 109.629 -222.3262
v -622.1688 109.629 -222.9447
v -621.4722 109.629 -223.4329
v -620.6914 109.629 -223.7709
v -619.405 108.8544 -215.1956
v -618.4856 108.8544 -215.2921
v -617.6047 108.8544 -215.5717
v -616.7982 108.8544 -216.0229
v -616.0989 108.8544 -216.6271
v -615.5356 108.8544 -217.3598
v -615.1313 108.8544 -218.1908
v -614.9027 108.8544 -219.0862
v -614.8589 108.8544 -220.0093
v -615.0018 108.8544 -220.9224
v -615.3256 108.8544 -221.7879
v -615.817 108.8544 -222.5706
v -616.4559 108.8544 -223.2384
v -617.2161 108.8544 -223.7639
v -618.0665 108.8544 -224.1255
v -620.3252 108.8544 -215.2862
v -621.2078 108.8544 -215.5601
v -622.0172 108.8544 -216.006
v -622.7203 108.8544 -216.6058
v -623.2883 108.8544 -217.3348
v -623.698 108.8544 -218.1632
v -623.9324 108.8544 -219.0571
v -623.9822 108.8544 -219.9799
v -623.8451 108.8544 -220.8939
v -623.527 108.8544 -221.7615
v -623.0406 108.8544 -222.5473
v -622.406 108.8544 -223.2192
v -621.6492 108.8544 -223.7496
v -620.8011 108.8544 -224.1167
v -619.4088 107.9935 -216.3761
v -618.7271 107.9935 -216.4477
v -618.5106 108.0405 -215.4122
v -619.4054 108.0405 -215.3182
v -618.0739 107.9935 -216.655
v -617.6534 108.0405 -215.6842
v -617.4757 107.9935 -216.9896
v -616.8685 108.0405 -216.1233
v -616.9573 107.9935 -217.4377
v -616.1881 108.0405 -216.7113
v -616.5396 107.9935 -217.981
v -615.64 108.0405 -217.4243
v -616.2397 107.9935 -218.5972
v -615.2466 108.0405 -218.233
v -616.0702 107.9935 -219.2612
v -615.0239 108.0405 -219.1044
v -616.0377 107.9935 -219.9457
v -614.9813 108.0405 -220.0027
v -616.1437 107.9935 -220.6228
v -615.1205 108.0405 -220.8912
v -616.3838 107.9935 -221.2646
v -615.4355 108.0405 -221.7336
v -616.7482 107.9935 -221.845
v -615.9137 108.0405 -222.4952
v -617.2219 107.9935 -222.3402
v -616.5355 108.0405 -223.1451
v -617.7856 107.9935 -222.7298
v -617.2753 108.0405 -223.6564
v -618.4163 107.9935 -222.998
v -618.1029 108.0405 -224.0084
v -619.4095 107.4117 -216.5756
v -620.0516 107.4117 -216.6388
v -619.8522 107.0779 -217.625
v -619.4127 107.0779 -217.5818
v -620.6676 107.4117 -216.8299
v -620.2737 107.0779 -217.7558
v -621.2324 107.4117 -217.1411
v -620.6603 107.0779 -217.9688
v -621.7231 107.4117 -217.5597
v -620.9961 107.0779 -218.2552
v -622.1195 107.4117 -218.0685
v -621.2673 107.0779 -218.6034
v -622.4054 107.4117 -218.6466
v -621.463 107.0779 -218.999
v -622.5691 107.4117 -219.2704
v -621.575 107.0779 -219.4259
v -622.6038 107.4117 -219.9144
v -621.5988 107.0779 -219.8667
v -622.5081 107.4117 -220.5522
v -621.5332 107.0779 -220.3032
v -622.286 107.4117 -221.1577
v -621.3813 107.0779 -220.7175
v -621.9467 107.4117 -221.7062
v -621.149 107.0779 -221.0928
v -621.5038 107.4117 -222.175
v -620.8459 107.0779 -221.4137
v -620.9757 107.4117 -222.5452
v -620.4845 107.0779 -221.667
v -620.3838 107.4117 -222.8014
v -620.0795 107.0779 -221.8424
v -619.7524 107.4117 -222.9333
v -619.4128 106.818 -217.5773
v -618.9727 106.818 -217.6235
v -618.9736 107.0779 -217.6279
v -618.5511 106.818 -217.7573
v -618.553 107.0779 -217.7614
v -618.1652 106.818 -217.9732
v -618.1677 107.0779 -217.9769
v -617.8306 106.818 -218.2624
v -617.8337 107.0779 -218.2654
v -617.561 106.818 -218.613
v -617.5648 107.0779 -218.6153
v -617.3676 106.818 -219.0107
v -617.3717 107.0779 -219.0122
v -617.2581 106.818 -219.4392
v -617.2625 107.0779 -219.4399
v -617.2371 106.818 -219.8809
v -617.2416 107.0779 -219.8807
v -617.3055 106.818 -220.3179
v -617.3098 107.0779 -220.3168
v -617.4604 106.818 -220.7321
v -617.4645 107.0779 -220.7302
v -617.6956 106.818 -221.1067
v -617.6991 107.0779 -221.104
v -618.0013 106.818 -221.4262
v -618.0043 107.0779 -221.4229
v -618.3651 106.818 -221.6777
v -618.3673 107.0779 -221.6738
v -618.7721 106.818 -221.8508
v -618.7734 107.0779 -221.8466
v -619.8531 106.818 -217.6207
v -620.2755 106.818 -217.7518
v -620.6628 106.818 -217.9652
v -620.9994 106.818 -218.2522
v -621.2711 106.818 -218.6011
v -621.4672 106.818 -218.9976
v -621.5793 106.818 -219.4254
v -621.6031 106.818 -219.867
v -621.5376 106.818 -220.3043
v -621.3853 106.818 -220.7196
v -621.1525 106.818 -221.0956
v -620.8489 106.818 -221.4171
v -620.4867 106.818 -221.6709
v -620.0808 106.818 -221.8466
v -619.4081 105.9905 -216.1012
v -618.6708 105.9905 -216.1786
v -617.9646 105.9905 -216.4028
v -617.318 105.9905 -216.7644
v -616.7574 105.9905 -217.2489
v -616.3058 105.9905 -217.8363
v -615.9817 105.9905 -218.5025
v -615.7983 105.9905 -219.2204
v -615.7632 105.9905 -219.9604
v -615.8778 105.9905 -220.6924
v -616.1373 105.9905 -221.3864
v -616.5313 105.9905 -222.0139
v -617.0435 105.9905 -222.5492
v -617.653 105.9905 -222.9705
v -618.3347 105.9905 -223.2605
v -620.1459 105.9905 -216.1739
v -620.8534 105.9905 -216.3935
v -621.5023 105.9905 -216.7511
v -622.066 105.9905 -217.2319
v -622.5214 105.9905 -217.8164
v -622.8497 105.9905 -218.4806
v -623.0377 105.9905 -219.1973
v -623.0775 105.9905 -219.9371
v -622.9677 105.9905 -220.6698
v -622.7125 105.9905 -221.3654
v -622.3226 105.9905 -221.9954
v -621.8138 105.9905 -222.534
v -621.207 105.9905 -222.9592
v -620.5271 105.9905 -223.2535
v -619.4065 104.9318 -215.5959
v -618.5675 104.9318 -215.684
v -617.7638 104.9318 -215.939
v -617.028 104.9318 -216.3506
v -616.39 104.9318 -216.9019
v -615.8761 104.9318 -217.5704
v -615.5073 104.9318 -218.3286
v -615.2986 104.9318 -219.1454
v -615.2587 104.9318 -219.9877
v -615.389 104.9318 -220.8206
v -615.6844 104.9318 -221.6104
v -616.1327 104.9318 -222.3244
v -616.7156 104.9318 -222.9337
v -617.4092 104.9318 -223.4131
v -618.1851 104.9318 -223.7431
v -620.246 104.9318 -215.6786
v -621.0513 104.9318 -215.9285
v -621.7897 104.9318 -216.3354
v -622.4312 104.9318 -216.8826
v -622.9493 104.9318 -217.5478
v -623.323 104.9318 -218.3036
v -623.5369 104.9318 -219.1191
v -623.5823 104.9318 -219.9611
v -623.4572 104.9318 -220.7949
v -623.1669 104.9318 -221.5865
v -622.7231 104.9318 -222.3034
v -622.1442 104.9318 -222.9163
v -621.4537 104.9318 -223.4002
v -620.6799 104.9318 -223.7351
v -619.4091 104.8019 -216.4198
v -618.736 104.8019 -216.4904
v -618.0912 104.8019 -216.6951
v -617.5009 104.8019 -217.0253
v -616.989 104.8019 -217.4676
v -616.5767 104.8019 -218.0039
v -616.2808 104.8019 -218.6122
v -616.1134 104.8019 -219.2676
v -616.0813 104.8019 -219.9433
v -616.1859 104.8019 -220.6116
v -616.4229 104.8019 -221.2452
v -616.7826 104.8019 -221.8181
v -617.2502 104.8019 -222.3069
v -617.8066 104.8019 -222.6915
v -618.4292 104.8019 -222.9563
v -620.0826 104.8019 -216.4861
v -620.7286 104.8019 -216.6866
v -621.3212 104.8019 -217.013
v -621.8358 104.8019 -217.4521
v -622.2516 104.8019 -217.9857
v -622.5514 104.8019 -218.5921
v -622.7229 104.8019 -219.2464
v -622.7594 104.8019 -219.9219
v -622.6591 104.8019 -220.5909
v -622.426 104.8019 -221.226
v -622.0701 104.8019 -221.8012
v -621.6056 104.8019 -222.2929
v -621.0516 104.8019 -222.6811
v -620.4308 104.8019 -222.9499
v -620.3008 108.0405 -215.4064
v -621.1598 108.0405 -215.6729
v -621.9475 108.0405 -216.1069
v -622.6317 108.0405 -216.6906
v -623.1844 108.0405 -217.4
v -623.583 108.0405 -218.2061
v -623.8113 108.0405 -219.076
v -623.8596 108.0405 -219.9741
v -623.7263 108.0405 -220.8635
v -623.4166 108.0405 -221.7078
v -622.9434 108.0405 -222.4726
v -622.3258 108.0405 -223.1264
v -621.5894 108.0405 -223.6425
v -620.764 108.0405 -223.9998
v -619.1075 107.4117 -222.9353
v -618.7678 107.4117 -216.6429
v -618.1531 107.4117 -216.838
v -617.5902 107.4117 -217.1529
v -617.1023 107.4117 -217.5746
v -616.7091 107.4117 -218.0859
v -616.427 107.4117 -218.6659
v -616.2675 107.4117 -219.2907
v -616.2368 107.4117 -219.935
v -616.3365 107.4117 -220.5721
v -616.5625 107.4117 -221.1762
v -616.9055 107.4117 -221.7224
v -617.3513 107.4117 -222.1884
v -617.8818 107.4117 -222.5551
v -618.4753 107.4117 -222.8076
v -620.0912 107.9935 -216.4433
v -620.7456 107.9935 -216.6464
v -621.3459 107.9935 -216.9771
v -621.8673 107.9935 -217.4218
v -622.2885 107.9935 -217.9624
v -622.5922 107.9935 -218.5767
v -622.7661 107.9935 -219.2396
v -622.803 107.9935 -219.9239
v -622.7013 107.9935 -220.6016
v -622.4653 107.9935 -221.245
v -622.1047 107.9935 -221.8277
v -621.6342 107.9935 -222.3259
v -621.073 107.9935 -222.7192
v -620.4441 107.9935 -222.9915
gi 0 0 0 0
gw 0.0 0.0 0.0 0.0
gi 0 0 0 0
gw 0.0 0.0 0.0 0.0
gi 0 0 0 0
gw 0.0 0.0 0.0 0.0
gi 0 0 0 0
gw 0.0 0.0 0.0 0.0
gi 0 0 0 0
gw 0.0 0.0 0.0 0.0
gi 0 0 0 0
gw 0.0 0.0 0.0 0.0
gi 0 0 0 0
gw 0.0 0.0 0.0 0.0
gi 0 0 0 0
gw 0.0 0.0 0.0 0.0
gi 0 0 0 0
gw 0.0 0.0 0.0 0.0
gi 0 0 0 0
gw 0.0 0.0 0.0 0.0
gi 0 0 0 0
gw 0.0 0.0 0.0 0.0
gi 0 0 0 0
gw 0.0 0.0 0.0 0.0
gi 0 0 0 0
gw 0.0 0.0 0.0 0.0
gi 0 0 0 0
gw 0.0 0.0 0.0 0.0
gi 0 0 0 0
gw 0.0 0.0 0.0 0.0
gi 0 0 0 0
gw 0.0 0.0 0.0 0.0
gi 0 0 0 0
gw 0.0 0.0 0.0 0.0
gi 0 0 0 0
gw 0.0 0.0 0.0 0.0
gi 0 0 0 0
gw 0.0 0.0 0.0 0.0
gi 0 0 0 0
gw 0.0 0.0 0.0 0.0
gi 0 0 0 0
gw 0.0 0.0 0.0 0.0
gi 0 0 0 0
gw 0.0 0.0 0.0 0.0
gi 0 0 0 0
gw 0.0 0.0 0.0 0.0
gi 0 0 0 0
gw 0.0 0.0 0.0 0.0
gi 0 0 0 0
gw 0.0 0.0 0.0 0.0
gi 0 0 0 0
gw 0.0 0.0 0.0 0.0
gi 0 0 0 0
gw 0.0 0.0 0.0 0.0
gi 0 0 0 0
gw 0.0 0.0 0.0 0.0
gi 0 0 0 0
gw 0.0 0.0 0.0 0.0
gi 0 0 0 0
gw 0.0 0.0 0.0 0.0
gi 0 0 0 0
gw 0.0 0.0 0.0 0.0
gi 0 0 0 0
gw 0.0 0.0 0.0 0.0
gi 0 0 0 0
gw 0.0 0.0 0.0 0.0
gi 0 0 0 0
gw 0.0 0.0 0.0 0.0
gi 0 0 0 0
gw 0.0 0.0 0.0 0.0
gi 0 0 0 0
gw 0.0 0.0 0.0 0.0
gi 0 0 0 0
gw 0.0 0.0 0.0 0.0
gi 0 0 0 0
gw 0.0 0.0 0.0 0.0
gi 0 0 0 0
gw 0.0 0.0 0.0 0.0
gi 0 0 0 0
gw 0.0 0.0 0.0 0.0
gi 0 0 0 0
gw 0.0 0.0 0.0 0.0
gi 0 0 0 0
gw 0.0 0.0 0.0 0.0
gi 0 0 0 0
gw 0.0 0.0 0.0 0.0
gi 0 0 0 0
gw 0.0 0.0 0.0 0.0
gi 0 0 0 0
gw 0.0 0.0 0.0 0.0
gi 0 0 0 0
gw 0.0 0.0 0.0 0.0
gi 0 0 0 0
gw 0.0 0.0 0.0 0.0
gi 0 0 0 0
gw 0.0 0.0 0.0 0.0
gi 0 0 0 0
gw 0.0 0.0 0.0 0.0
gi 0 0 0 0
gw 0.0 0.0 0.0 0.0
gi 0 0 0 0
gw 0.0 0.0 0.0 0.0
gi 0 0 0 0
gw 0.0 0.0 0.0 0.0
gi 0 0 0 0
gw 0.0 0.0 0.0 0.0
gi 0 0 0 0
gw 0.0 0.0 0.0 0.0
gi 0 0 0 0
gw 0.0 0.0 0.0 0.0
gi 0 0 0 0
gw 0.0 0.0 0.0 0.0
gi 0 0 0 0
gw 0.0 0.0 0.0 0.0
gi 0 0 0 0
gw 0.0 0.0 0.0 0.0
gi 0 0 0 0
gw 0.0 0.0 0.0 0.0
gi 0 0 0 0
gw 0.0 0.0 0.0 0.0
gi 0 0 0 0
gw 0.0 0.0 0.0 0.0
gi 0 0 0 0
gw 0.0 0.0 0.0 0.0
gi 0 0 0 0
gw 0.0 0.0 0.0 0.0
gi 0 0 0 0
gw 0.0 0.0 0.0 0.0
gi 0 0 0 0
gw 0.0 0.0 0.0 0.0
gi 0 0 0 0
gw 0.0 0.0 0.0 0.0
gi 0 0 0 0
gw 0.0 0.0 0.0 0.0
gi 0 0 0 0
gw 0.0 0.0 0.0 0.0
gi 0 0 0 0
gw 0.0 0.0 0.0 0.0
gi 0 0 0 0
gw 0.0 0.0 0.0 0.0
gi 0 0 0 0
gw 0.0 0.0 0.0 0.0
gi 0 0 0 0
gw 0.0 0.0 0.0 0.0
gi 0 0 0 0
gw 0.0 0.0 0.0 0.0
gi 0 0 0 0
gw 0.0 0.0 0.0 0.0
gi 0 0 0 0
gw 0.0 0.0 0.0 0.0
gi 0 0 0 0
gw 0.0 0.0 0.0 0.0
gi 0 0 0 0
gw 0.0 0.0 0.0 0.0
gi 0 0 0 0
gw 0.0 0.0 0.0 0.0
gi 0 0 0 0
gw 0.0 0.0 0.0 0.0
gi 0 0 0 0
gw 0.0 0.0 0.0 0.0
gi 0 0 0 0
gw 0.0 0.0 0.0 0.0
gi 0 0 0 0
gw 0.0 0.0 0.0 0.0
gi 0 0 0 0
gw 0.0 0.0 0.0 0.0
gi 0 0 0 0
gw 0.0 0.0 0.0 0.0
gi 0 0 0 0
gw 0.0 0.0 0.0 0.0
gi 0 0 0 0
gw 0.0 0.0 0.0 0.0
gi 0 0 0 0
gw 0.0 0.0 0.0 0.0
gi 0 0 0 0
gw 0.0 0.0 0.0 0.0
gi 0 0 0 0
gw 0.0 0.0 0.0 0.0
gi 0 0 0 0
gw 0.0 0.0 0.0 0.0
gi 0 0 0 0
gw 0.0 0.0 0.0 0.0
gi 0 0 0 0
gw 0.0 0.0 0.0 0.0
gi 0 0 0 0
gw 0.0 0.0 0.0 0.0
gi 0 0 0 0
gw 0.0 0.0 0.0 0.0
gi 0 0 0 0
gw 0.0 0.0 0.0 0.0
gi 0 0 0 0
gw 0.0 0.0 0.0 0.0
gi 0 0 0 0
gw 0.0 0.0 0.0 0.0
gi 0 0 0 0
gw 0.0 0.0 0.0 0.0
gi 0 0 0 0
gw 0.0 0.0 0.0 0.0
gi 0 0 0 0
gw 0.0 0.0 0.0 0.0
gi 0 0 0 0
gw 0.0 0.0 0.0 0.0
gi 0 0 0 0
gw 0.0 0.0 0.0 0.0
gi 0 0 0 0
gw 0.0 0.0 0.0 0.0
gi 0 0 0 0
gw 0.0 0.0 0.0 0.0
gi 0 0 0 0
gw 0.0 0.0 0.0 0.0
gi 0 0 0 0
gw 0.0 0.0 0.0 0.0
gi 0 0 0 0
gw 0.0 0.0 0.0 0.0
gi 0 0 0 0
gw 0.0 0.0 0.0 0.0
gi 0 0 0 0
gw 0.0 0.0 0.0 0.0
gi 0 0 0 0
gw 0.0 0.0 0.0 0.0
gi 0 0 0 0
gw 0.0 0.0 0.0 0.0
gi 0 0 0 0
gw 0.0 0.0 0.0 0.0
gi 0 0 0 0
gw 0.0 0.0 0.0 0.0
gi 0 0 0 0
gw 0.0 0.0 0.0 0.0
gi 0 0 0 0
gw 0.0 0.0 0.0 0.0
gi 0 0 0 0
gw 0.0 0.0 0.0 0.0
gi 0 0 0 0
gw 0.0 0.0 0.0 0.0
gi 0 0 0 0
gw 0.0 0.0 0.0 0.0
gi 0 0 0 0
gw 0.0 0.0 0.0 0.0
gi 0 0 0 0
gw 0.0 0.0 0.0 0.0
gi 0 0 0 0
gw 0.0 0.0 0.0 0.0
gi 0 0 0 0
gw 0.0 0.0 0.0 0.0
gi 0 0 0 0
gw 0.0 0.0 0.0 0.0
gi 0 0 0 0
gw 0.0 0.0 0.0 0.0
gi 0 0 0 0
gw 0.0 0.0 0.0 0.0
gi 0 0 0 0
gw 0.0 0.0 0.0 0.0
gi 0 0 0 0
gw 0.0 0.0 0.0 0.0
gi 0 0 0 0
gw 0.0 0.0 0.0 0.0
gi 0 0 0 0
gw 0.0 0.0 0.0 0.0
gi 0 0 0 0
gw 0.0 0.0 0.0 0.0
gi 0 0 0 0
gw 0.0 0.0 0.0 0.0
gi 0 0 0 0
gw 0.0 0.0 0.0 0.0
gi 0 0 0 0
gw 0.0 0.0 0.0 0.0
gi 0 0 0 0
gw 0.0 0.0 0.0 0.0
gi 0 0 0 0
gw 0.0 0.0 0.0 0.0
gi 0 0 0 0
gw 0.0 0.0 0.0 0.0
gi 0 0 0 0
gw 0.0 0.0 0.0 0.0
gi 0 0 0 0
gw 0.0 0.0 0.0 0.0
gi 0 0 0 0
gw 0.0 0.0 0.0 0.0
gi 0 0 0 0
gw 0.0 0.0 0.0 0.0
gi 0 0 0 0
gw 0.0 0.0 0.0 0.0
gi 0 0 0 0
gw 0.0 0.0 0.0 0.0
gi 0 0 0 0
gw 0.0 0.0 0.0 0.0
gi 0 0 0 0
gw 0.0 0.0 0.0 0.0
gi 0 0 0 0
gw 0.0 0.0 0.0 0.0
gi 0 0 0 0
gw 0.0 0.0 0.0 0.0
gi 0 0 0 0
gw 0.0 0.0 0.0 0.0
gi 0 0 0 0
gw 0.0 0.0 0.0 0.0
gi 0 0 0 0
gw 0.0 0.0 0.0 0.0
gi 0 0 0 0
gw 0.0 0.0 0.0 0.0
gi 0 0 0 0
gw 0.0 0.0 0.0 0.0
gi 0 0 0 0
gw 0.0 0.0 0.0 0.0
gi 0 0 0 0
gw 0.0 0.0 0.0 0.0
gi 0 0 0 0
gw 0.0 0.0 0.0 0.0
gi 0 0 0 0
gw 0.0 0.0 0.0 0.0
gi 0 0 0 0
gw 0.0 0.0 0.0 0.0
gi 0 0 0 0
gw 0.0 0.0 0.0 0.0
gi 0 0 0 0
gw 0.0 0.0 0.0 0.0
gi 0 0 0 0
gw 0.0 0.0 0.0 0.0
gi 0 0 0 0
gw 0.0 0.0 0.0 0.0
gi 0 0 0 0
gw 0.0 0.0 0.0 0.0
gi 0 0 0 0
gw 0.0 0.0 0.0 0.0
gi 0 0 0 0
gw 0.0 0.0 0.0 0.0
gi 0 0 0 0
gw 0.0 0.0 0.0 0.0
gi 0 0 0 0
gw 0.0 0.0 0.0 0.0
gi 0 0 0 0
gw 0.0 0.0 0.0 0.0
gi 0 0 0 0
gw 0.0 0.0 0.0 0.0
gi 0 0 0 0
gw 0.0 0.0 0.0 0.0
gi 0 0 0 0
gw 0.0 0.0 0.0 0.0
gi 0 0 0 0
gw 0.0 0.0 0.0 0.0
gi 0 0 0 0
gw 0.0 0.0 0.0 0.0
gi 0 0 0 0
gw 0.0 0.0 0.0 0.0
gi 0 0 0 0
gw 0.0 0.0 0.0 0.0
gi 0 0 0 0
gw 0.0 0.0 0.0 0.0
gi 0 0 0 0
gw 0.0 0.0 0.0 0.0
gi 0 0 0 0
gw 0.0 0.0 0.0 0.0
gi 0 0 0 0
gw 0.0 0.0 0.0 0.0
gi 0 0 0 0
gw 0.0 0.0 0.0 0.0
gi 0 0 0 0
gw 0.0 0.0 0.0 0.0
gi 0 0 0 0
gw 0.0 0.0 0.0 0.0
gi 0 0 0 0
gw 0.0 0.0 0.0 0.0
gi 0 0 0 0
gw 0.0 0.0 0.0 0.0
gi 0 0 0 0
gw 0.0 0.0 0.0 0.0
gi 0 0 0 0
gw 0.0 0.0 0.0 0.0
gi 0 0 0 0
gw 0.0 0.0 0.0 0.0
gi 0 0 0 0
gw 0.0 0.0 0.0 0.0
gi 0 0 0 0
gw 0.0 0.0 0.0 0.0
gi 0 0 0 0
gw 0.0 0.0 0.0 0.0
gi 0 0 0 0
gw 0.0 0.0 0.0 0.0
gi 0 0 0 0
gw 0.0 0.0 0.0 0.0
gi 0 0 0 0
gw 0.0 0.0 0.0 0.0
gi 0 0 0 0
gw 0.0 0.0 0.0 0.0
gi 0 0 0 0
gw 0.0 0.0 0.0 0.0
gi 0 0 0 0
gw 0.0 0.0 0.0 0.0
gi 0 0 0 0
gw 0.0 0.0 0.0 0.0
gi 0 0 0 0
gw 0.0 0.0 0.0 0.0
gi 0 0 0 0
gw 0.0 0.0 0.0 0.0
gi 0 0 0 0
gw 0.0 0.0 0.0 0.0
gi 0 0 0 0
gw 0.0 0.0 0.0 0.0
gi 0 0 0 0
gw 0.0 0.0 0.0 0.0
gi 0 0 0 0
gw 0.0 0.0 0.0 0.0
gi 0 0 0 0
gw 0.0 0.0 0.0 0.0
gi 0 0 0 0
gw 0.0 0.0 0.0 0.0
gi 0 0 0 0
gw 0.0 0.0 0.0 0.0
gi 0 0 0 0
gw 0.0 0.0 0.0 0.0
gi 0 0 0 0
gw 0.0 0.0 0.0 0.0
gi 0 0 0 0
gw 0.0 0.0 0.0 0.0
gi 0 0 0 0
gw 0.0 0.0 0.0 0.0
gi 0 0 0 0
gw 0.0 0.0 0.0 0.0
gi 0 0 0 0
gw 0.0 0.0 0.0 0.0
gi 0 0 0 0
gw 0.0 0.0 0.0 0.0
gi 0 0 0 0
gw 0.0 0.0 0.0 0.0
gi 0 0 0 0
gw 0.0 0.0 0.0 0.0
gi 0 0 0 0
gw 0.0 0.0 0.0 0.0
gi 0 0 0 0
gw 0.0 0.0 0.0 0.0
gi 0 0 0 0
gw 0.0 0.0 0.0 0.0
gi 0 0 0 0
gw 0.0 0.0 0.0 0.0
gi 0 0 0 0
gw 0.0 0.0 0.0 0.0
gi 0 0 0 0
gw 0.0 0.0 0.0 0.0
gi 0 0 0 0
gw 0.0 0.0 0.0 0.0
gi 0 0 0 0
gw 0.0 0.0 0.0 0.0
gi 0 0 0 0
gw 0.0 0.0 0.0 0.0
gi 0 0 0 0
gw 0.0 0.0 0.0 0.0
gi 0 0 0 0
gw 0.0 0.0 0.0 0.0
gi 0 0 0 0
gw 0.0 0.0 0.0 0.0
gi 0 0 0 0
gw 0.0 0.0 0.0 0.0
gi 0 0 0 0
gw 0.0 0.0 0.0 0.0
gi 0 0 0 0
gw 0.0 0.0 0.0 0.0
gi 0 0 0 0
gw 0.0 0.0 0.0 0.0
gi 0 0 0 0
gw 0.0 0.0 0.0 0.0
gi 0 0 0 0
gw 0.0 0.0 0.0 0.0
gi 0 0 0 0
gw 0.0 0.0 0.0 0.0
gi 0 0 0 0
gw 0.0 0.0 0.0 0.0
gi 0 0 0 0
gw 0.0 0.0 0.0 0.0
gi 0 0 0 0
gw 0.0 0.0 0.0 0.0
gi 0 0 0 0
gw 0.0 0.0 0.0 0.0
gi 0 0 0 0
gw 0.0 0.0 0.0 0.0
gi 0 0 0 0
gw 0.0 0.0 0.0 0.0
gi 0 0 0 0
gw 0.0 0.0 0.0 0.0
gi 0 0 0 0
gw 0.0 0.0 0.0 0.0
gi 0 0 0 0
gw 0.0 0.0 0.0 0.0
gi 0 0 0 0
gw 0.0 0.0 0.0 0.0
gi 0 0 0 0
gw 0.0 0.0 0.0 0.0
gi 0 0 0 0
gw 0.0 0.0 0.0 0.0
gi 0 0 0 0
gw 0.0 0.0 0.0 0.0
gi 0 0 0 0
gw 0.0 0.0 0.0 0.0
gi 0 0 0 0
gw 0.0 0.0 0.0 0.0
gi 0 0 0 0
gw 0.0 0.0 0.0 0.0
gi 0 0 0 0
gw 0.0 0.0 0.0 0.0
gi 0 0 0 0
gw 0.0 0.0 0.0 0.0
gi 0 0 0 0
gw 0.0 0.0 0.0 0.0
gi 0 0 0 0
gw 0.0 0.0 0.0 0.0
gi 0 0 0 0
gw 0.0 0.0 0.0 0.0
gi 0 0 0 0
gw 0.0 0.0 0.0 0.0
gi 0 0 0 0
gw 0.0 0.0 0.0 0.0
gi 0 0 0 0
gw 0.0 0.0 0.0 0.0
gi 0 0 0 0
gw 0.0 0.0 0.0 0.0
gi 0 0 0 0
gw 0.0 0.0 0.0 0.0
gi 0 0 0 0
gw 0.0 0.0 0.0 0.0
gi 0 0 0 0
gw 0.0 0.0 0.0 0.0
gi 0 0 0 0
gw 0.0 0.0 0.0 0.0
gi 0 0 0 0
gw 0.0 0.0 0.0 0.0
gi 0 0 0 0
gw 0.0 0.0 0.0 0.0
gi 0 0 0 0
gw 0.0 0.0 0.0 0.0
gi 0 0 0 0
gw 0.0 0.0 0.0 0.0
gi 0 0 0 0
gw 0.0 0.0 0.0 0.0
gi 0 0 0 0
gw 0.0 0.0 0.0 0.0
gi 0 0 0 0
gw 0.0 0.0 0.0 0.0
gi 0 0 0 0
gw 0.0 0.0 0.0 0.0
gi 0 0 0 0
gw 0.0 0.0 0.0 0.0
gi 0 0 0 0
gw 0.0 0.0 0.0 0.0
gi 0 0 0 0
gw 0.0 0.0 0.0 0.0
gi 0 0 0 0
gw 0.0 0.0 0.0 0.0
gi 0 0 0 0
gw 0.0 0.0 0.0 0.0
gi 0 0 0 0
gw 0.0 0.0 0.0 0.0
gi 0 0 0 0
gw 0.0 0.0 0.0 0.0
gi 0 0 0 0
gw 0.0 0.0 0.0 0.0
gi 0 0 0 0
gw 0.0 0.0 0.0 0.0
gi 0 0 0 0
gw 0.0 0.0 0.0 0.0
gi 0 0 0 0
gw 0.0 0.0 0.0 0.0
gi 0 0 0 0
gw 0.0 0.0 0.0 0.0
gi 0 0 0 0
gw 0.0 0.0 0.0 0.0
gi 0 0 0 0
gw 0.0 0.0 0.0 0.0
gi 0 0 0 0
gw 0.0 0.0 0.0 0.0
gi 0 0 0 0
gw 0.0 0.0 0.0 0.0
gi 0 0 0 0
gw 0.0 0.0 0.0 0.0
gi 0 0 0 0
gw 0.0 0.0 0.0 0.0
gi 0 0 0 0
gw 0.0 0.0 0.0 0.0
gi 0 0 0 0
gw 0.0 0.0 0.0 0.0
gi 0 0 0 0
gw 0.0 0.0 0.0 0.0
gi 0 0 0 0
gw 0.0 0.0 0.0 0.0
gi 0 0 0 0
gw 0.0 0.0 0.0 0.0
gi 0 0 0 0
gw 0.0 0.0 0.0 0.0
gi 0 0 0 0
gw 0.0 0.0 0.0 0.0
gi 0 0 0 0
gw 0.0 0.0 0.0 0.0
gi 0 0 0 0
gw 0.0 0.0 0.0 0.0
gi 0 0 0 0
gw 0.0 0.0 0.0 0.0
gi 0 0 0 0
gw 0.0 0.0 0.0 0.0
gi 0 0 0 0
gw 0.0 0.0 0.0 0.0
gi 0 0 0 0
gw 0.0 0.0 0.0 0.0
gi 0 0 0 0
gw 0.0 0.0 0.0 0.0
gi 0 0 0 0
gw 0.0 0.0 0.0 0.0
gi 0 0 0 0
gw 0.0 0.0 0.0 0.0
gi 0 0 0 0
gw 0.0 0.0 0.0 0.0
gi 0 0 0 0
gw 0.0 0.0 0.0 0.0
gi 0 0 0 0
gw 0.0 0.0 0.0 0.0
gi 0 0 0 0
gw 0.0 0.0 0.0 0.0
gi 0 0 0 0
gw 0.0 0.0 0.0 0.0
gi 0 0 0 0
gw 0.0 0.0 0.0 0.0
gi 0 0 0 0
gw 0.0 0.0 0.0 0.0
gi 0 0 0 0
gw 0.0 0.0 0.0 0.0
gi 0 0 0 0
gw 0.0 0.0 0.0 0.0
gi 0 0 0 0
gw 0.0 0.0 0.0 0.0
gi 0 0 0 0
gw 0.0 0.0 0.0 0.0
gi 0 0 0 0
gw 0.0 0.0 0.0 0.0
gi 0 0 0 0
gw 0.0 0.0 0.0 0.0
gi 0 0 0 0
gw 0.0 0.0 0.0 0.0
gi 0 0 0 0
gw 0.0 0.0 0.0 0.0
gi 0 0 0 0
gw 0.0 0.0 0.0 0.0
gi 0 0 0 0
gw 0.0 0.0 0.0 0.0
gi 0 0 0 0
gw 0.0 0.0 0.0 0.0
gi 0 0 0 0
gw 0.0 0.0 0.0 0.0
gi 0 0 0 0
gw 0.0 0.0 0.0 0.0
gi 0 0 0 0
gw 0.0 0.0 0.0 0.0
gi 0 0 0 0
gw 0.0 0.0 0.0 0.0
gi 0 0 0 0
gw 0.0 0.0 0.0 0.0
gi 0 0 0 0
gw 0.0 0.0 0.0 0.0
gi 0 0 0 0
gw 0.0 0.0 0.0 0.0
gi 0 0 0 0
gw 0.0 0.0 0.0 0.0
gi 0 0 0 0
gw 0.0 0.0 0.0 0.0
gi 0 0 0 0
gw 0.0 0.0 0.0 0.0
gi 0 0 0 0
gw 0.0 0.0 0.0 0.0
gi 0 0 0 0
gw 0.0 0.0 0.0 0.0
gi 0 0 0 0
gw 0.0 0.0 0.0 0.0
gi 0 0 0 0
gw 0.0 0.0 0.0 0.0
gi 0 0 0 0
gw 0.0 0.0 0.0 0.0
gi 0 0 0 0
gw 0.0 0.0 0.0 0.0
gi 0 0 0 0
gw 0.0 0.0 0.0 0.0
gi 0 0 0 0
gw 0.0 0.0 0.0 0.0
gi 0 0 0 0
gw 0.0 0.0 0.0 0.0
gi 0 0 0 0
gw 0.0 0.0 0.0 0.0
gi 0 0 0 0
gw 0.0 0.0 0.0 0.0
gi 0 0 0 0
gw 0.0 0.0 0.0 0.0
gi 0 0 0 0
gw 0.0 0.0 0.0 0.0
gi 0 0 0 0
gw 0.0 0.0 0.0 0.0
gi 0 0 0 0
gw 0.0 0.0 0.0 0.0
gi 0 0 0 0
gw 0.0 0.0 0.0 0.0
gi 0 0 0 0
gw 0.0 0.0 0.0 0.0
gi 0 0 0 0
gw 0.0 0.0 0.0 0.0
gi 0 0 0 0
gw 0.0 0.0 0.0 0.0
gi 0 0 0 0
gw 0.0 0.0 0.0 0.0
gi 0 0 0 0
gw 0.0 0.0 0.0 0.0
gi 0 0 0 0
gw 0.0 0.0 0.0 0.0
gi 0 0 0 0
gw 0.0 0.0 0.0 0.0
gi 0 0 0 0
gw 0.0 0.0 0.0 0.0
gi 0 0 0 0
gw 0.0 0.0 0.0 0.0
gi 0 0 0 0
gw 0.0 0.0 0.0 0.0
gi 0 0 0 0
gw 0.0 0.0 0.0 0.0
gi 0 0 0 0
gw 0.0 0.0 0.0 0.0
gi 0 0 0 0
gw 0.0 0.0 0.0 0.0
gi 0 0 0 0
gw 0.0 0.0 0.0 0.0
gi 0 0 0 0
gw 0.0 0.0 0.0 0.0
gi 0 0 0 0
gw 0.0 0.0 0.0 0.0
gi 0 0 0 0
gw 0.0 0.0 0.0 0.0
gi 0 0 0 0
gw 0.0 0.0 0.0 0.0
gi 0 0 0 0
gw 0.0 0.0 0.0 0.0
gi 0 0 0 0
gw 0.0 0.0 0.0 0.0
gi 0 0 0 0
gw 0.0 0.0 0.0 0.0
gi 0 0 0 0
gw 0.0 0.0 0.0 0.0
gi 0 0 0 0
gw 0.0 0.0 0.0 0.0
gi 0 0 0 0
gw 0.0 0.0 0.0 0.0
gi 0 0 0 0
gw 0.0 0.0 0.0 0.0
gi 0 0 0 0
gw 0.0 0.0 0.0 0.0
gi 0 0 0 0
gw 0.0 0.0 0.0 0.0
gi 0 0 0 0
gw 0.0 0.0 0.0 0.0
gi 0 0 0 0
gw 0.0 0.0 0.0 0.0
gi 0 0 0 0
gw 0.0 0.0 0.0 0.0
gi 0 0 0 0
gw 0.0 0.0 0.0 0.0
gi 0 0 0 0
gw 0.0 0.0 0.0 0.0
gi 0 0 0 0
gw 0.0 0.0 0.0 0.0
gi 0 0 0 0
gw 0.0 0.0 0.0 0.0
gi 0 0 0 0
gw 0.0 0.0 0.0 0.0
gi 0 0 0 0
gw 0.0 0.0 0.0 0.0
gi 0 0 0 0
gw 0.0 0.0 0.0 0.0
gi 0 0 0 0
gw 0.0 0.0 0.0 0.0
gi 0 0 0 0
gw 0.0 0.0 0.0 0.0
gi 0 0 0 0
gw 0.0 0.0 0.0 0.0
gi 0 0 0 0
gw 0.0 0.0 0.0 0.0
gi 0 0 0 0
gw 0.0 0.0 0.0 0.0
gi 0 0 0 0
gw 0.0 0.0 0.0 0.0
gi 0 0 0 0
gw 0.0 0.0 0.0 0.0
gi 0 0 0 0
gw 0.0 0.0 0.0 0.0
gi 0 0 0 0
gw 0.0 0.0 0.0 0.0
gi 0 0 0 0
gw 0.0 0.0 0.0 0.0
gi 0 0 0 0
gw 0.0 0.0 0.0 0.0
gi 0 0 0 0
gw 0.0 0.0 0.0 0.0
gi 0 0 0 0
gw 0.0 0.0 0.0 0.0
gi 0 0 0 0
gw 0.0 0.0 0.0 0.0
gi 0 0 0 0
gw 0.0 0.0 0.0 0.0
gi 0 0 0 0
gw 0.0 0.0 0.0 0.0
gi 0 0 0 0
gw 0.0 0.0 0.0 0.0
gi 0 0 0 0
gw 0.0 0.0 0.0 0.0
gi 0 0 0 0
gw 0.0 0.0 0.0 0.0
gi 0 0 0 0
gw 0.0 0.0 0.0 0.0
gi 0 0 0 0
gw 0.0 0.0 0.0 0.0
gi 0 0 0 0
gw 0.0 0.0 0.0 0.0
gi 0 0 0 0
gw 0.0 0.0 0.0 0.0
gi 0 0 0 0
gw 0.0 0.0 0.0 0.0
gi 0 0 0 0
gw 0.0 0.0 0.0 0.0
gi 0 0 0 0
gw 0.0 0.0 0.0 0.0
gi 0 0 0 0
gw 0.0 0.0 0.0 0.0
gi 0 0 0 0
gw 0.0 0.0 0.0 0.0
gi 0 0 0 0
gw 0.0 0.0 0.0 0.0
gi 0 0 0 0
gw 0.0 0.0 0.0 0.0
gi 0 0 0 0
gw 0.0 0.0 0.0 0.0
gi 0 0 0 0
gw 0.0 0.0 0.0 0.0
gi 0 0 0 0
gw 0.0 0.0 0.0 0.0
gi 0 0 0 0
gw 0.0 0.0 0.0 0.0
gi 0 0 0 0
gw 0.0 0.0 0.0 0.0
gi 0 0 0 0
gw 0.0 0.0 0.0 0.0
gi 0 0 0 0
gw 0.0 0.0 0.0 0.0
gi 0 0 0 0
gw 0.0 0.0 0.0 0.0
gi 0 0 0 0
gw 0.0 0.0 0.0 0.0
gi 0 0 0 0
gw 0.0 0.0 0.0 0.0
gi 0 0 0 0
gw 0.0 0.0 0.0 0.0
gi 0 0 0 0
gw 0.0 0.0 0.0 0.0
gi 0 0 0 0
gw 0.0 0.0 0.0 0.0
gi 0 0 0 0
gw 0.0 0.0 0.0 0.0
gi 0 0 0 0
gw 0.0 0.0 0.0 0.0
gi 0 0 0 0
gw 0.0 0.0 0.0 0.0
gi 0 0 0 0
gw 0.0 0.0 0.0 0.0
gi 0 0 0 0
gw 0.0 0.0 0.0 0.0
gi 0 0 0 0
gw 0.0 0.0 0.0 0.0
gi 0 0 0 0
gw 0.0 0.0 0.0 0.0
gi 0 0 0 0
gw 0.0 0.0 0.0 0.0
gi 0 0 0 0
gw 0.0 0.0 0.0 0.0
gi 0 0 0 0
gw 0.0 0.0 0.0 0.0
gi 0 0 0 0
gw 0.0 0.0 0.0 0.0
gi 0 0 0 0
gw 0.0 0.0 0.0 0.0
gi 0 0 0 0
gw 0.0 0.0 0.0 0.0
gi 0 0 0 0
gw 0.0 0.0 0.0 0.0
gi 0 0 0 0
gw 0.0 0.0 0.0 0.0
gi 0 0 0 0
gw 0.0 0.0 0.0 0.0
gi 0 0 0 0
gw 0.0 0.0 0.0 0.0
gi 0 0 0 0
gw 0.0 0.0 0.0 0.0
gi 0 0 0 0
gw 0.0 0.0 0.0 0.0
gi 0 0 0 0
gw 0.0 0.0 0.0 0.0
gi 0 0 0 0
gw 0.0 0.0 0.0 0.0
gi 0 0 0 0
gw 0.0 0.0 0.0 0.0
gi 0 0 0 0
gw 0.0 0.0 0.0 0.0
gi 0 0 0 0
gw 0.0 0.0 0.0 0.0
gi 0 0 0 0
gw 0.0 0.0 0.0 0.0
gi 0 0 0 0
gw 0.0 0.0 0.0 0.0
gi 0 0 0 0
gw 0.0 0.0 0.0 0.0
gi 0 0 0 0
gw 0.0 0.0 0.0 0.0
gi 0 0 0 0
gw 0.0 0.0 0.0 0.0
gi 0 0 0 0
gw 0.0 0.0 0.0 0.0
gi 0 0 0 0
gw 0.0 0.0 0.0 0.0
gi 0 0 0 0
gw 0.0 0.0 0.0 0.0
gi 0 0 0 0
gw 0.0 0.0 0.0 0.0
gi 0 0 0 0
gw 0.0 0.0 0.0 0.0
gi 0 0 0 0
gw 0.0 0.0 0.0 0.0
gi 0 0 0 0
gw 0.0 0.0 0.0 0.0
gi 0 0 0 0
gw 0.0 0.0 0.0 0.0
gi 0 0 0 0
gw 0.0 0.0 0.0 0.0
gi 0 0 0 0
gw 0.0 0.0 0.0 0.0
gi 0 0 0 0
gw 0.0 0.0 0.0 0.0
gi 0 0 0 0
gw 0.0 0.0 0.0 0.0
gi 0 0 0 0
gw 0.0 0.0 0.0 0.0
gi 0 0 0 0
gw 0.0 0.0 0.0 0.0
gi 0 0 0 0
gw 0.0 0.0 0.0 0.0
gi 0 0 0 0
gw 0.0 0.0 0.0 0.0
gi 0 0 0 0
gw 0.0 0.0 0.0 0.0
gi 0 0 0 0
gw 0.0 0.0 0.0 0.0
gi 0 0 0 0
gw 0.0 0.0 0.0 0.0
gi 0 0 0 0
gw 0.0 0.0 0.0 0.0
gi 0 0 0 0
gw 0.0 0.0 0.0 0.0
gi 0 0 0 0
gw 0.0 0.0 0.0 0.0
gi 0 0 0 0
gw 0.0 0.0 0.0 0.0
gi 0 0 0 0
gw 0.0 0.0 0.0 0.0
gi 0 0 0 0
gw 0.0 0.0 0.0 0.0
gi 0 0 0 0
gw 0.0 0.0 0.0 0.0
gi 0 0 0 0
gw 0.0 0.0 0.0 0.0
gi 0 0 0 0
gw 0.0 0.0 0.0 0.0
gi 0 0 0 0
gw 0.0 0.0 0.0 0.0
gi 0 0 0 0
gw 0.0 0.0 0.0 0.0
gi 0 0 0 0
gw 0.0 0.0 0.0 0.0
gi 0 0 0 0
gw 0.0 0.0 0.0 0.0
gi 0 0 0 0
gw 0.0 0.0 0.0 0.0
gi 0 0 0 0
gw 0.0 0.0 0.0 0.0
gi 0 0 0 0
gw 0.0 0.0 0.0 0.0
gi 0 0 0 0
gw 0.0 0.0 0.0 0.0
gi 0 0 0 0
gw 0.0 0.0 0.0 0.0
gi 0 0 0 0
gw 0.0 0.0 0.0 0.0
gi 0 0 0 0
gw 0.0 0.0 0.0 0.0
gi 0 0 0 0
gw 0.0 0.0 0.0 0.0
gi 0 0 0 0
gw 0.0 0.0 0.0 0.0
gi 0 0 0 0
gw 0.0 0.0 0.0 0.0
gi 0 0 0 0
gw 0.0 0.0 0.0 0.0
gi 0 0 0 0
gw 0.0 0.0 0.0 0.0
gi 0 0 0 0
gw 0.0 0.0 0.0 0.0
gi 0 0 0 0
gw 0.0 0.0 0.0 0.0
gi 0 0 0 0
gw 0.0 0.0 0.0 0.0
gi 0 0 0 0
gw 0.0 0.0 0.0 0.0
gi 0 0 0 0
gw 0.0 0.0 0.0 0.0
gi 0 0 0 0
gw 0.0 0.0 0.0 0.0
gi 0 0 0 0
gw 0.0 0.0 0.0 0.0
gi 0 0 0 0
gw 0.0 0.0 0.0 0.0
gi 0 0 0 0
gw 0.0 0.0 0.0 0.0
gi 0 0 0 0
gw 0.0 0.0 0.0 0.0
gi 0 0 0 0
gw 0.0 0.0 0.0 0.0
gi 0 0 0 0
gw 0.0 0.0 0.0 0.0
gi 0 0 0 0
gw 0.0 0.0 0.0 0.0
gi 0 0 0 0
gw 0.0 0.0 0.0 0.0
gi 0 0 0 0
gw 0.0 0.0 0.0 0.0
gi 0 0 0 0
gw 0.0 0.0 0.0 0.0
gi 0 0 0 0
gw 0.0 0.0 0.0 0.0
gi 0 0 0 0
gw 0.0 0.0 0.0 0.0
gi 0 0 0 0
gw 0.0 0.0 0.0 0.0
gi 0 0 0 0
gw 0.0 0.0 0.0 0.0
gi 0 0 0 0
gw 0.0 0.0 0.0 0.0
gi 0 0 0 0
gw 0.0 0.0 0.0 0.0
gi 0 0 0 0
gw 0.0 0.0 0.0 0.0
gi 0 0 0 0
gw 0.0 0.0 0.0 0.0
gi 0 0 0 0
gw 0.0 0.0 0.0 0.0
gi 0 0 0 0
gw 0.0 0.0 0.0 0.0
gi 0 0 0 0
gw 0.0 0.0 0.0 0.0
gi 0 0 0 0
gw 0.0 0.0 0.0 0.0
gi 0 0 0 0
gw 0.0 0.0 0.0 0.0
gi 0 0 0 0
gw 0.0 0.0 0.0 0.0
gi 0 0 0 0
gw 0.0 0.0 0.0 0.0
gi 0 0 0 0
gw 0.0 0.0 0.0 0.0
gi 0 0 0 0
gw 0.0 0.0 0.0 0.0
gi 0 0 0 0
gw 0.0 0.0 0.0 0.0
gi 0 0 0 0
gw 0.0 0.0 0.0 0.0
gi 0 0 0 0
gw 0.0 0.0 0.0 0.0
gi 0 0 0 0
gw 0.0 0.0 0.0 0.0
gi 0 0 0 0
gw 0.0 0.0 0.0 0.0
gi 0 0 0 0
gw 0.0 0.0 0.0 0.0
gi 0 0 0 0
gw 0.0 0.0 0.0 0.0
gi 0 0 0 0
gw 0.0 0.0 0.0 0.0
gi 0 0 0 0
gw 0.0 0.0 0.0 0.0
gi 0 0 0 0
gw 0.0 0.0 0.0 0.0
gi 0 0 0 0
gw 0.0 0.0 0.0 0.0
gi 0 0 0 0
gw 0.0 0.0 0.0 0.0
gi 0 0 0 0
gw 0.0 0.0 0.0 0.0
gi 0 0 0 0
gw 0.0 0.0 0.0 0.0
gi 0 0 0 0
gw 0.0 0.0 0.0 0.0
gi 0 0 0 0
gw 0.0 0.0 0.0 0.0
gi 0 0 0 0
gw 0.0 0.0 0.0 0.0
gi 0 0 0 0
gw 0.0 0.0 0.0 0.0
gi 0 0 0 0
gw 0.0 0.0 0.0 0.0
gi 0 0 0 0
gw 0.0 0.0 0.0 0.0
gi 0 0 0 0
gw 0.0 0.0 0.0 0.0
gi 0 0 0 0
gw 0.0 0.0 0.0 0.0
gi 0 0 0 0
gw 0.0 0.0 0.0 0.0
gi 0 0 0 0
gw 0.0 0.0 0.0 0.0
gi 0 0 0 0
gw 0.0 0.0 0.0 0.0
gi 0 0 0 0
gw 0.0 0.0 0.0 0.0
gi 0 0 0 0
gw 0.0 0.0 0.0 0.0
gi 0 0 0 0
gw 0.0 0.0 0.0 0.0
gi 0 0 0 0
gw 0.0 0.0 0.0 0.0
gi 0 0 0 0
gw 0.0 0.0 0.0 0.0
gi 0 0 0 0
gw 0.0 0.0 0.0 0.0
gi 0 0 0 0
gw 0.0 0.0 0.0 0.0
gi 0 0 0 0
gw 0.0 0.0 0.0 0.0
gi 0 0 0 0
gw 0.0 0.0 0.0 0.0
gi 0 0 0 0
gw 0.0 0.0 0.0 0.0
gi 0 0 0 0
gw 0.0 0.0 0.0 0.0
gi 0 0 0 0
gw 0.0 0.0 0.0 0.0
gi 0 0 0 0
gw 0.0 0.0 0.0 0.0
gi 0 0 0 0
gw 0.0 0.0 0.0 0.0
gi 0 0 0 0
gw 0.0 0.0 0.0 0.0
gi 0 0 0 0
gw 0.0 0.0 0.0 0.0
gi 0 0 0 0
gw 0.0 0.0 0.0 0.0
gi 0 0 0 0
gw 0.0 0.0 0.0 0.0
gi 0 0 0 0
gw 0.0 0.0 0.0 0.0
gi 0 0 0 0
gw 0.0 0.0 0.0 0.0
gi 0 0 0 0
gw 0.0 0.0 0.0 0.0
gi 0 0 0 0
gw 0.0 0.0 0.0 0.0
gi 0 0 0 0
gw 0.0 0.0 0.0 0.0
gi 0 0 0 0
gw 0.0 0.0 0.0 0.0
gi 0 0 0 0
gw 0.0 0.0 0.0 0.0
gi 0 0 0 0
gw 0.0 0.0 0.0 0.0
gi 0 0 0 0
gw 0.0 0.0 0.0 0.0
gi 0 0 0 0
gw 0.0 0.0 0.0 0.0
gi 0 0 0 0
gw 0.0 0.0 0.0 0.0
gi 0 0 0 0
gw 0.0 0.0 0.0 0.0
gi 0 0 0 0
gw 0.0 0.0 0.0 0.0
gi 0 0 0 0
gw 0.0 0.0 0.0 0.0
gi 0 0 0 0
gw 0.0 0.0 0.0 0.0
gi 0 0 0 0
gw 0.0 0.0 0.0 0.0
gi 0 0 0 0
gw 0.0 0.0 0.0 0.0
gi 0 0 0 0
gw 0.0 0.0 0.0 0.0
gi 0 0 0 0
gw 0.0 0.0 0.0 0.0
gi 0 0 0 0
gw 0.0 0.0 0.0 0.0
gi 0 0 0 0
gw 0.0 0.0 0.0 0.0
gi 0 0 0 0
gw 0.0 0.0 0.0 0.0
gi 0 0 0 0
gw 0.0 0.0 0.0 0.0
gi 0 0 0 0
gw 0.0 0.0 0.0 0.0
gi 0 0 0 0
gw 0.0 0.0 0.0 0.0
gi 0 0 0 0
gw 0.0 0.0 0.0 0.0
gi 0 0 0 0
gw 0.0 0.0 0.0 0.0
gi 0 0 0 0
gw 0.0 0.0 0.0 0.0
gi 0 0 0 0
gw 0.0 0.0 0.0 0.0
gi 0 0 0 0
gw 0.0 0.0 0.0 0.0
gi 0 0 0 0
gw 0.0 0.0 0.0 0.0
gi 0 0 0 0
gw 0.0 0.0 0.0 0.0
gi 0 0 0 0
gw 0.0 0.0 0.0 0.0
gi 0 0 0 0
gw 0.0 0.0 0.0 0.0
gi 0 0 0 0
gw 0.0 0.0 0.0 0.0
gi 0 0 0 0
gw 0.0 0.0 0.0 0.0
gi 0 0 0 0
gw 0.0 0.0 0.0 0.0
gi 0 0 0 0
gw 0.0 0.0 0.0 0.0
gi 0 0 0 0
gw 0.0 0.0 0.0 0.0
gi 0 0 0 0
gw 0.0 0.0 0.0 0.0
gi 0 0 0 0
gw 0.0 0.0 0.0 0.0
gi 0 0 0 0
gw 0.0 0.0 0.0 0.0
gi 0 0 0 0
gw 0.0 0.0 0.0 0.0
gi 0 0 0 0
gw 0.0 0.0 0.0 0.0
gi 0 0 0 0
gw 0.0 0.0 0.0 0.0
gi 0 0 0 0
gw 0.0 0.0 0.0 0.0
gi 0 0 0 0
gw 0.0 0.0 0.0 0.0
gi 0 0 0 0
gw 0.0 0.0 0.0 0.0
gi 0 0 0 0
gw 0.0 0.0 0.0 0.0
gi 0 0 0 0
gw 0.0 0.0 0.0 0.0
gi 0 0 0 0
gw 0.0 0.0 0.0 0.0
gi 0 0 0 0
gw 0.0 0.0 0.0 0.0
gi 0 0 0 0
gw 0.0 0.0 0.0 0.0
gi 0 0 0 0
gw 0.0 0.0 0.0 0.0
gi 0 0 0 0
gw 0.0 0.0 0.0 0.0
gi 0 0 0 0
gw 0.0 0.0 0.0 0.0
gi 0 0 0 0
gw 0.0 0.0 0.0 0.0
gi 0 0 0 0
gw 0.0 0.0 0.0 0.0
gi 0 0 0 0
gw 0.0 0.0 0.0 0.0
gi 0 0 0 0
gw 0.0 0.0 0.0 0.0
gi 0 0 0 0
gw 0.0 0.0 0.0 0.0
gi 0 0 0 0
gw 0.0 0.0 0.0 0.0
gi 0 0 0 0
gw 0.0 0.0 0.0 0.0
gi 0 0 0 0
gw 0.0 0.0 0.0 0.0
gi 0 0 0 0
gw 0.0 0.0 0.0 0.0
gi 0 0 0 0
gw 0.0 0.0 0.0 0.0
gi 0 0 0 0
gw 0.0 0.0 0.0 0.0
gi 0 0 0 0
gw 0.0 0.0 0.0 0.0
gi 0 0 0 0
gw 0.0 0.0 0.0 0.0
gi 0 0 0 0
gw 0.0 0.0 0.0 0.0
gi 0 0 0 0
gw 0.0 0.0 0.0 0.0
gi 0 0 0 0
gw 0.0 0.0 0.0 0.0
gi 0 0 0 0
gw 0.0 0.0 0.0 0.0
gi 0 0 0 0
gw 0.0 0.0 0.0 0.0
gi 0 0 0 0
gw 0.0 0.0 0.0 0.0
gi 0 0 0 0
gw 0.0 0.0 0.0 0.0
gi 0 0 0 0
gw 0.0 0.0 0.0 0.0
gi 0 0 0 0
gw 0.0 0.0 0.0 0.0
gi 0 0 0 0
gw 0.0 0.0 0.0 0.0
gi 0 0 0 0
gw 0.0 0.0 0.0 0.0
gi 0 0 0 0
gw 0.0 0.0 0.0 0.0
gi 0 0 0 0
gw 0.0 0.0 0.0 0.0
gi 0 0 0 0
gw 0.0 0.0 0.0 0.0
gi 0 0 0 0
gw 0.0 0.0 0.0 0.0
gi 0 0 0 0
gw 0.0 0.0 0.0 0.0
gi 0 0 0 0
gw 0.0 0.0 0.0 0.0
gi 0 0 0 0
gw 0.0 0.0 0.0 0.0
gi 0 0 0 0
gw 0.0 0.0 0.0 0.0
gi 0 0 0 0
gw 0.0 0.0 0.0 0.0
gi 0 0 0 0
gw 0.0 0.0 0.0 0.0
gi 0 0 0 0
gw 0.0 0.0 0.0 0.0
gi 0 0 0 0
gw 0.0 0.0 0.0 0.0
gi 0 0 0 0
gw 0.0 0.0 0.0 0.0
gi 0 0 0 0
gw 0.0 0.0 0.0 0.0
gi 0 0 0 0
gw 0.0 0.0 0.0 0.0
gi 0 0 0 0
gw 0.0 0.0 0.0 0.0
gi 0 0 0 0
gw 0.0 0.0 0.0 0.0
gi 0 0 0 0
gw 0.0 0.0 0.0 0.0
gi 0 0 0 0
gw 0.0 0.0 0.0 0.0
gi 0 0 0 0
gw 0.0 0.0 0.0 0.0
gi 0 0 0 0
gw 0.0 0.0 0.0 0.0
gi 0 0 0 0
gw 0.0 0.0 0.0 0.0
gi 0 0 0 0
gw 0.0 0.0 0.0 0.0
gi 0 0 0 0
gw 0.0 0.0 0.0 0.0
gi 0 0 0 0
gw 0.0 0.0 0.0 0.0
gi 0 0 0 0
gw 0.0 0.0 0.0 0.0
gi 0 0 0 0
gw 0.0 0.0 0.0 0.0
gi 0 0 0 0
gw 0.0 0.0 0.0 0.0
gi 0 0 0 0
gw 0.0 0.0 0.0 0.0
gi 0 0 0 0
gw 0.0 0.0 0.0 0.0
gi 0 0 0 0
gw 0.0 0.0 0.0 0.0
gi 0 0 0 0
gw 0.0 0.0 0.0 0.0
gi 0 0 0 0
gw 0.0 0.0 0.0 0.0
gi 0 0 0 0
gw 0.0 0.0 0.0 0.0
gi 0 0 0 0
gw 0.0 0.0 0.0 0.0
gi 0 0 0 0
gw 0.0 0.0 0.0 0.0
gi 0 0 0 0
gw 0.0 0.0 0.0 0.0
gi 0 0 0 0
gw 0.0 0.0 0.0 0.0
gi 0 0 0 0
gw 0.0 0.0 0.0 0.0
gi 0 0 0 0
gw 0.0 0.0 0.0 0.0
gi 0 0 0 0
gw 0.0 0.0 0.0 0.0
gi 0 0 0 0
gw 0.0 0.0 0.0 0.0
gi 0 0 0 0
gw 0.0 0.0 0.0 0.0
gi 0 0 0 0
gw 0.0 0.0 0.0 0.0
gi 0 0 0 0
gw 0.0 0.0 0.0 0.0
gi 0 0 0 0
gw 0.0 0.0 0.0 0.0
gi 0 0 0 0
gw 0.0 0.0 0.0 0.0
gi 0 0 0 0
gw 0.0 0.0 0.0 0.0
gi 0 0 0 0
gw 0.0 0.0 0.0 0.0
gi 0 0 0 0
gw 0.0 0.0 0.0 0.0
gi 0 0 0 0
gw 0.0 0.0 0.0 0.0
gi 0 0 0 0
gw 0.0 0.0 0.0 0.0
gi 0 0 0 0
gw 0.0 0.0 0.0 0.0
gi 0 0 0 0
gw 0.0 0.0 0.0 0.0
gi 0 0 0 0
gw 0.0 0.0 0.0 0.0
gi 0 0 0 0
gw 0.0 0.0 0.0 0.0
gi 0 0 0 0
gw 0.0 0.0 0.0 0.0
gi 0 0 0 0
gw 0.0 0.0 0.0 0.0
gi 0 0 0 0
gw 0.0 0.0 0.0 0.0
gi 0 0 0 0
gw 0.0 0.0 0.0 0.0
gi 0 0 0 0
gw 0.0 0.0 0.0 0.0
gi 0 0 0 0
gw 0.0 0.0 0.0 0.0
gi 0 0 0 0
gw 0.0 0.0 0.0 0.0
gi 0 0 0 0
gw 0.0 0.0 0.0 0.0
gi 0 0 0 0
gw 0.0 0.0 0.0 0.0
gi 0 0 0 0
gw 0.0 0.0 0.0 0.0
gi 0 0 0 0
gw 0.0 0.0 0.0 0.0
gi 0 0 0 0
gw 0.0 0.0 0.0 0.0
gi 0 0 0 0
gw 0.0 0.0 0.0 0.0
gi 0 0 0 0
gw 0.0 0.0 0.0 0.0
gi 0 0 0 0
gw 0.0 0.0 0.0 0.0
gi 0 0 0 0
gw 0.0 0.0 0.0 0.0
gi 0 0 0 0
gw 0.0 0.0 0.0 0.0
gi 0 0 0 0
gw 0.0 0.0 0.0 0.0
gi 0 0 0 0
gw 0.0 0.0 0.0 0.0
gi 0 0 0 0
gw 0.0 0.0 0.0 0.0
gi 0 0 0 0
gw 0.0 0.0 0.0 0.0
gi 0 0 0 0
gw 0.0 0.0 0.0 0.0
gi 0 0 0 0
gw 0.0 0.0 0.0 0.0
gi 0 0 0 0
gw 0.0 0.0 0.0 0.0
gi 0 0 0 0
gw 0.0 0.0 0.0 0.0
gi 0 0 0 0
gw 0.0 0.0 0.0 0.0
gi 0 0 0 0
gw 0.0 0.0 0.0 0.0
gi 0 0 0 0
gw 0.0 0.0 0.0 0.0
gi 0 0 0 0
gw 0.0 0.0 0.0 0.0
gi 0 0 0 0
gw 0.0 0.0 0.0 0.0
gi 0 0 0 0
gw 0.0 0.0 0.0 0.0
gi 0 0 0 0
gw 0.0 0.0 0.0 0.0
gi 0 0 0 0
gw 0.0 0.0 0.0 0.0
gi 0 0 0 0
gw 0.0 0.0 0.0 0.0
gi 0 0 0 0
gw 0.0 0.0 0.0 0.0
gi 0 0 0 0
gw 0.0 0.0 0.0 0.0
gi 0 0 0 0
gw 0.0 0.0 0.0 0.0
gi 0 0 0 0
gw 0.0 0.0 0.0 0.0
gi 0 0 0 0
gw 0.0 0.0 0.0 0.0
gi 0 0 0 0
gw 0.0 0.0 0.0 0.0
gi 0 0 0 0
gw 0.0 0.0 0.0 0.0
gi 0 0 0 0
gw 0.0 0.0 0.0 0.0
gi 0 0 0 0
gw 0.0 0.0 0.0 0.0
gi 0 0 0 0
gw 0.0 0.0 0.0 0.0
gi 0 0 0 0
gw 0.0 0.0 0.0 0.0
gi 0 0 0 0
gw 0.0 0.0 0.0 0.0
gi 0 0 0 0
gw 0.0 0.0 0.0 0.0
gi 0 0 0 0
gw 0.0 0.0 0.0 0.0
gi 0 0 0 0
gw 0.0 0.0 0.0 0.0
gi 0 0 0 0
gw 0.0 0.0 0.0 0.0
gi 0 0 0 0
gw 0.0 0.0 0.0 0.0
gi 0 0 0 0
gw 0.0 0.0 0.0 0.0
gi 0 0 0 0
gw 0.0 0.0 0.0 0.0
gi 0 0 0 0
gw 0.0 0.0 0.0 0.0
gi 0 0 0 0
gw 0.0 0.0 0.0 0.0
gi 0 0 0 0
gw 0.0 0.0 0.0 0.0
gi 0 0 0 0
gw 0.0 0.0 0.0 0.0
gi 0 0 0 0
gw 0.0 0.0 0.0 0.0
gi 0 0 0 0
gw 0.0 0.0 0.0 0.0
gi 0 0 0 0
gw 0.0 0.0 0.0 0.0
gi 0 0 0 0
gw 0.0 0.0 0.0 0.0
gi 0 0 0 0
gw 0.0 0.0 0.0 0.0
gi 0 0 0 0
gw 0.0 0.0 0.0 0.0
gi 0 0 0 0
gw 0.0 0.0 0.0 0.0
gi 0 0 0 0
gw 0.0 0.0 0.0 0.0
gi 0 0 0 0
gw 0.0 0.0 0.0 0.0
gi 0 0 0 0
gw 0.0 0.0 0.0 0.0
gi 0 0 0 0
gw 0.0 0.0 0.0 0.0
gi 0 0 0 0
gw 0.0 0.0 0.0 0.0
gi 0 0 0 0
gw 0.0 0.0 0.0 0.0
gi 0 0 0 0
gw 0.0 0.0 0.0 0.0
gi 0 0 0 0
gw 0.0 0.0 0.0 0.0
gi 0 0 0 0
gw 0.0 0.0 0.0 0.0
gi 0 0 0 0
gw 0.0 0.0 0.0 0.0
gi 0 0 0 0
gw 0.0 0.0 0.0 0.0
gi 0 0 0 0
gw 0.0 0.0 0.0 0.0
gi 0 0 0 0
gw 0.0 0.0 0.0 0.0
gi 0 0 0 0
gw 0.0 0.0 0.0 0.0
gi 0 0 0 0
gw 0.0 0.0 0.0 0.0
gi 0 0 0 0
gw 0.0 0.0 0.0 0.0
gi 0 0 0 0
gw 0.0 0.0 0.0 0.0
gi 0 0 0 0
gw 0.0 0.0 0.0 0.0
gi 0 0 0 0
gw 0.0 0.0 0.0 0.0
gi 0 0 0 0
gw 0.0 0.0 0.0 0.0
gi 0 0 0 0
gw 0.0 0.0 0.0 0.0
gi 0 0 0 0
gw 0.0 0.0 0.0 0.0
gi 0 0 0 0
gw 0.0 0.0 0.0 0.0
gi 0 0 0 0
gw 0.0 0.0 0.0 0.0
gi 0 0 0 0
gw 0.0 0.0 0.0 0.0
gi 0 0 0 0
gw 0.0 0.0 0.0 0.0
gi 0 0 0 0
gw 0.0 0.0 0.0 0.0
gi 0 0 0 0
gw 0.0 0.0 0.0 0.0
gi 0 0 0 0
gw 0.0 0.0 0.0 0.0
gi 0 0 0 0
gw 0.0 0.0 0.0 0.0
gi 0 0 0 0
gw 0.0 0.0 0.0 0.0
gi 0 0 0 0
gw 0.0 0.0 0.0 0.0
gi 0 0 0 0
gw 0.0 0.0 0.0 0.0
gi 0 0 0 0
gw 0.0 0.0 0.0 0.0
gi 0 0 0 0
gw 0.0 0.0 0.0 0.0
gi 0 0 0 0
gw 0.0 0.0 0.0 0.0
gi 0 0 0 0
gw 0.0 0.0 0.0 0.0
gi 0 0 0 0
gw 0.0 0.0 0.0 0.0
gi 0 0 0 0
gw 0.0 0.0 0.0 0.0
gi 0 0 0 0
gw 0.0 0.0 0.0 0.0
gi 0 0 0 0
gw 0.0 0.0 0.0 0.0
gi 0 0 0 0
gw 0.0 0.0 0.0 0.0
gi 0 0 0 0
gw 0.0 0.0 0.0 0.0
gi 0 0 0 0
gw 0.0 0.0 0.0 0.0
gi 0 0 0 0
gw 0.0 0.0 0.0 0.0
gi 0 0 0 0
gw 0.0 0.0 0.0 0.0
gi 0 0 0 0
gw 0.0 0.0 0.0 0.0
gi 0 0 0 0
gw 0.0 0.0 0.0 0.0
gi 0 0 0 0
gw 0.0 0.0 0.0 0.0
gi 0 0 0 0
gw 0.0 0.0 0.0 0.0
gi 0 0 0 0
gw 0.0 0.0 0.0 0.0
gi 0 0 0 0
gw 0.0 0.0 0.0 0.0
gi 0 0 0 0
gw 0.0 0.0 0.0 0.0
gi 0 0 0 0
gw 0.0 0.0 0.0 0.0
gi 0 0 0 0
gw 0.0 0.0 0.0 0.0
gi 0 0 0 0
gw 0.0 0.0 0.0 0.0
gi 0 0 0 0
gw 0.0 0.0 0.0 0.0
gi 0 0 0 0
gw 0.0 0.0 0.0 0.0
gi 0 0 0 0
gw 0.0 0.0 0.0 0.0
gi 0 0 0 0
gw 0.0 0.0 0.0 0.0
gi 0 0 0 0
gw 0.0 0.0 0.0 0.0
vt 0.4869 0.5717
vt 0.5179 0.5717
vt 0.5179 0.5834
vt 0.4869 0.5834
vt 0.4869 0.5948
vt 0.5179 0.5948
vt 0.5179 0.6131
vt 0.4869 0.6131
vt 0.5179 0.6333
vt 0.4869 0.6333
vt 0.5179 0.66
vt 0.4869 0.66
vt 0.4869 0.6808
vt 0.5179 0.6808
vt 0.5179 0.7268
vt 0.4869 0.7268
vt 0.5179 0.73
vt 0.4869 0.73
vt 0.4869 0.5579
vt 0.5179 0.5579
vt 0.4869 0.4408
vt 0.5179 0.4408
vt 0.4869 0.4221
vt 0.5179 0.4221
vt 0.4869 0.4106
vt 0.5179 0.4106
vt 0.4869 0.386
vt 0.5179 0.386
vt 0.5179 0.3975
vt 0.4869 0.3975
vt 0.4869 0.3651
vt 0.5179 0.3651
vt 0.4869 0.3234
vt 0.5179 0.3234
vt 0.4869 0.2759
vt 0.5179 0.2759
vt 0.4869 0.2647
vt 0.5179 0.2647
vt 0.4869 0.2425
vt 0.5179 0.2425
vt 0.5179 0.2501
vt 0.4869 0.2501
vt 0.4869 0.2035
vt 0.5179 0.2035
vt 0.5179 0.217
vt 0.4869 0.217
vt 0.4869 0.1873
vt 0.5179 0.1873
vt 0.4869 0.1709
vt 0.5179 0.1709
vt 0.4869 0.1687
vt 0.5179 0.1687
vt 0.0221 0.5717
vt 0.0531 0.5717
vt 0.0531 0.5834
vt 0.0221 0.5834
vt 0.0841 0.5717
vt 0.0841 0.5834
vt 0.1151 0.5717
vt 0.1151 0.5834
vt 0.1461 0.5717
vt 0.1461 0.5834
vt 0.1771 0.5717
vt 0.1771 0.5834
vt 0.208 0.5717
vt 0.208 0.5834
vt 0.239 0.5717
vt 0.239 0.5834
vt 0.27 0.5717
vt 0.27 0.5834
vt 0.301 0.5717
vt 0.301 0.5834
vt 0.332 0.5717
vt 0.332 0.5834
vt 0.363 0.5717
vt 0.363 0.5834
vt 0.394 0.5717
vt 0.394 0.5834
vt 0.4249 0.5717
vt 0.4249 0.5834
vt 0.4559 0.5717
vt 0.4559 0.5834
vt 0.9788 0.5837
vt 0.9517 0.5834
vt 0.9517 0.5717
vt 0.9788 0.5721
vt 0.9207 0.5834
vt 0.9207 0.5717
vt 0.8897 0.5834
vt 0.8897 0.5717
vt 0.8587 0.5834
vt 0.8587 0.5717
vt 0.8278 0.5834
vt 0.8278 0.5717
vt 0.7968 0.5834
vt 0.7968 0.5717
vt 0.7658 0.5834
vt 0.7658 0.5717
vt 0.7348 0.5834
vt 0.7348 0.5717
vt 0.7038 0.5834
vt 0.7038 0.5717
vt 0.6728 0.5834
vt 0.6728 0.5717
vt 0.6418 0.5834
vt 0.6418 0.5717
vt 0.6109 0.5834
vt 0.6109 0.5717
vt 0.5799 0.5834
vt 0.5799 0.5717
vt 0.5489 0.5834
vt 0.5489 0.5717
vt 0.0221 0.5948
vt 0.0531 0.5948
vt 0.0531 0.6131
vt 0.0221 0.6131
vt 0.0841 0.5948
vt 0.0841 0.6131
vt 0.1151 0.5948
vt 0.1151 0.6131
vt 0.1461 0.5948
vt 0.1461 0.6131
vt 0.1771 0.5948
vt 0.1771 0.6131
vt 0.208 0.5948
vt 0.208 0.6131
vt 0.239 0.5948
vt 0.239 0.6131
vt 0.27 0.5948
vt 0.27 0.6131
vt 0.301 0.5948
vt 0.301 0.6131
vt 0.332 0.5948
vt 0.332 0.6131
vt 0.363 0.5948
vt 0.363 0.6131
vt 0.394 0.5948
vt 0.394 0.6131
vt 0.4249 0.5948
vt 0.4249 0.6131
vt 0.4559 0.5948
vt 0.4559 0.6131
vt 0.9788 0.6134
vt 0.9517 0.6131
vt 0.9517 0.5948
vt 0.9788 0.5951
vt 0.9207 0.6131
vt 0.9207 0.5948
vt 0.8897 0.6131
vt 0.8897 0.5948
vt 0.8587 0.6131
vt 0.8587 0.5948
vt 0.8278 0.6131
vt 0.8278 0.5948
vt 0.7968 0.6131
vt 0.7968 0.5948
vt 0.7658 0.6131
vt 0.7658 0.5948
vt 0.7348 0.6131
vt 0.7348 0.5948
vt 0.7038 0.6131
vt 0.7038 0.5948
vt 0.6728 0.6131
vt 0.6728 0.5948
vt 0.6418 0.6131
vt 0.6418 0.5948
vt 0.6109 0.6131
vt 0.6109 0.5948
vt 0.5799 0.6131
vt 0.5799 0.5948
vt 0.5489 0.6131
vt 0.5489 0.5948
vt 0.0531 0.6333
vt 0.0221 0.6333
vt 0.0841 0.6333
vt 0.1151 0.6333
vt 0.1461 0.6333
vt 0.1771 0.6333
vt 0.208 0.6333
vt 0.239 0.6333
vt 0.27 0.6333
vt 0.301 0.6333
vt 0.332 0.6333
vt 0.363 0.6333
vt 0.394 0.6333
vt 0.4249 0.6333
vt 0.4559 0.6333
vt 0.9788 0.6336
vt 0.9517 0.6333
vt 0.9207 0.6333
vt 0.8897 0.6333
vt 0.8587 0.6333
vt 0.8278 0.6333
vt 0.7968 0.6333
vt 0.7658 0.6333
vt 0.7348 0.6333
vt 0.7038 0.6333
vt 0.6728 0.6333
vt 0.6418 0.6333
vt 0.6109 0.6333
vt 0.5799 0.6333
vt 0.5489 0.6333
vt 0.7109 0.7631
vt 0.7316 0.7775
vt 0.7489 0.7957
vt 0.771 0.8407
vt 0.7622 0.8171
vt 0.7748 0.8656
vt 0.7736 0.8908
vt 0.7562 0.9378
vt 0.7672 0.9152
vt 0.5903 0.7631
vt 0.7407 0.9577
vt 0.7216 0.9741
vt 0.6996 0.9863
vt 0.6132 0.7532
vt 0.6379 0.7481
vt 0.6631 0.7481
vt 0.6878 0.7531
vt 0.6014 0.9863
vt 0.5794 0.9741
vt 0.5603 0.9577
vt 0.6505 0.9964
vt 0.5449 0.9378
vt 0.5338 0.9152
vt 0.5262 0.8657
vt 0.5275 0.8908
vt 0.53 0.8408
vt 0.5387 0.8171
vt 0.5694 0.7775
vt 0.552 0.7958
vt 0.5901 0.7631
vt 0.6756 0.9939
vt 0.6255 0.9939
vt 0.0531 0.66
vt 0.0221 0.66
vt 0.0841 0.66
vt 0.1151 0.66
vt 0.1461 0.66
vt 0.1771 0.66
vt 0.208 0.66
vt 0.239 0.66
vt 0.27 0.66
vt 0.301 0.66
vt 0.332 0.66
vt 0.363 0.66
vt 0.394 0.66
vt 0.4249 0.66
vt 0.4559 0.66
vt 0.9788 0.6603
vt 0.9517 0.66
vt 0.9207 0.66
vt 0.8897 0.66
vt 0.8587 0.66
vt 0.8278 0.66
vt 0.7968 0.66
vt 0.7658 0.66
vt 0.7348 0.66
vt 0.7038 0.66
vt 0.6728 0.66
vt 0.6418 0.66
vt 0.6109 0.66
vt 0.5799 0.66
vt 0.5489 0.66
vt 0.0221 0.6808
vt 0.0531 0.6808
vt 0.0531 0.7268
vt 0.0221 0.7268
vt 0.0841 0.6808
vt 0.0841 0.7268
vt 0.1151 0.6808
vt 0.1151 0.7268
vt 0.1461 0.6808
vt 0.1461 0.7268
vt 0.1771 0.6808
vt 0.1771 0.7268
vt 0.208 0.6808
vt 0.208 0.7268
vt 0.239 0.6808
vt 0.239 0.7268
vt 0.27 0.6808
vt 0.27 0.7268
vt 0.301 0.6808
vt 0.301 0.7268
vt 0.332 0.6808
vt 0.332 0.7268
vt 0.363 0.6808
vt 0.363 0.7268
vt 0.394 0.6808
vt 0.394 0.7268
vt 0.4249 0.6808
vt 0.4249 0.7268
vt 0.4559 0.6808
vt 0.4559 0.7268
vt 0.9788 0.7272
vt 0.9517 0.7268
vt 0.9517 0.6808
vt 0.9788 0.6811
vt 0.9207 0.7268
vt 0.9207 0.6808
vt 0.8897 0.7268
vt 0.8897 0.6808
vt 0.8587 0.7268
vt 0.8587 0.6808
vt 0.8278 0.7268
vt 0.8278 0.6808
vt 0.7968 0.7268
vt 0.7968 0.6808
vt 0.7658 0.7268
vt 0.7658 0.6808
vt 0.7348 0.7268
vt 0.7348 0.6808
vt 0.7038 0.7268
vt 0.7038 0.6808
vt 0.6728 0.7268
vt 0.6728 0.6808
vt 0.6418 0.7268
vt 0.6418 0.6808
vt 0.6109 0.7268
vt 0.6109 0.6808
vt 0.5799 0.7268
vt 0.5799 0.6808
vt 0.5489 0.7268
vt 0.5489 0.6808
vt 0.0531 0.73
vt 0.0221 0.73
vt 0.0841 0.73
vt 0.1151 0.73
vt 0.1461 0.73
vt 0.1771 0.73
vt 0.208 0.73
vt 0.239 0.73
vt 0.27 0.73
vt 0.301 0.73
vt 0.332 0.73
vt 0.363 0.73
vt 0.394 0.73
vt 0.4249 0.73
vt 0.4559 0.73
vt 0.9788 0.7303
vt 0.9517 0.73
vt 0.9207 0.73
vt 0.8897 0.73
vt 0.8587 0.73
vt 0.8278 0.73
vt 0.7968 0.73
vt 0.7658 0.73
vt 0.7348 0.73
vt 0.7038 0.73
vt 0.6728 0.73
vt 0.6418 0.73
vt 0.6109 0.73
vt 0.5799 0.73
vt 0.5489 0.73
vt 0.0221 0.5579
vt 0.0531 0.5579
vt 0.0841 0.5579
vt 0.1151 0.5579
vt 0.1461 0.5579
vt 0.1771 0.5579
vt 0.208 0.5579
vt 0.239 0.5579
vt 0.27 0.5579
vt 0.301 0.5579
vt 0.332 0.5579
vt 0.363 0.5579
vt 0.394 0.5579
vt 0.4249 0.5579
vt 0.4559 0.5579
vt 0.9517 0.5579
vt 0.9788 0.5583
vt 0.9207 0.5579
vt 0.8897 0.5579
vt 0.8587 0.5579
vt 0.8278 0.5579
vt 0.7968 0.5579
vt 0.7658 0.5579
vt 0.7348 0.5579
vt 0.7038 0.5579
vt 0.6728 0.5579
vt 0.6418 0.5579
vt 0.6109 0.5579
vt 0.5799 0.5579
vt 0.5489 0.5579
vt 0.0221 0.4408
vt 0.0531 0.4408
vt 0.0841 0.4408
vt 0.1151 0.4408
vt 0.1461 0.4408
vt 0.1771 0.4408
vt 0.208 0.4408
vt 0.239 0.4408
vt 0.27 0.4408
vt 0.301 0.4408
vt 0.332 0.4408
vt 0.363 0.4408
vt 0.394 0.4408
vt 0.4249 0.4408
vt 0.4559 0.4408
vt 0.9517 0.4408
vt 0.9788 0.4412
vt 0.9207 0.4408
vt 0.8897 0.4408
vt 0.8587 0.4408
vt 0.8278 0.4408
vt 0.7968 0.4408
vt 0.7658 0.4408
vt 0.7348 0.4408
vt 0.7038 0.4408
vt 0.6728 0.4408
vt 0.6418 0.4408
vt 0.6109 0.4408
vt 0.5799 0.4408
vt 0.5489 0.4408
vt 0.0221 0.4221
vt 0.0531 0.4221
vt 0.0841 0.4221
vt 0.1151 0.4221
vt 0.1461 0.4221
vt 0.1771 0.4221
vt 0.208 0.4221
vt 0.239 0.4221
vt 0.27 0.4221
vt 0.301 0.4221
vt 0.332 0.4221
vt 0.363 0.4221
vt 0.394 0.4221
vt 0.4249 0.4221
vt 0.4559 0.4221
vt 0.9517 0.4221
vt 0.9788 0.4225
vt 0.9207 0.4221
vt 0.8897 0.4221
vt 0.8587 0.4221
vt 0.8278 0.4221
vt 0.7968 0.4221
vt 0.7658 0.4221
vt 0.7348 0.4221
vt 0.7038 0.4221
vt 0.6728 0.4221
vt 0.6418 0.4221
vt 0.6109 0.4221
vt 0.5799 0.4221
vt 0.5489 0.4221
vt 0.0221 0.4106
vt 0.0531 0.4108
vt 0.0841 0.4106
vt 0.1151 0.4106
vt 0.1461 0.4106
vt 0.1771 0.4106
vt 0.208 0.4106
vt 0.239 0.4106
vt 0.27 0.4106
vt 0.301 0.4106
vt 0.332 0.4106
vt 0.363 0.4106
vt 0.394 0.4106
vt 0.4249 0.4106
vt 0.4559 0.4106
vt 0.9517 0.4106
vt 0.9783 0.4115
vt 0.9207 0.4106
vt 0.8897 0.4106
vt 0.8587 0.4106
vt 0.8278 0.4106
vt 0.7968 0.4106
vt 0.7658 0.4106
vt 0.7348 0.4106
vt 0.7038 0.4106
vt 0.6728 0.4106
vt 0.6418 0.4106
vt 0.6109 0.4106
vt 0.5799 0.4106
vt 0.5489 0.4106
vt 0.0221 0.386
vt 0.0531 0.386
vt 0.0531 0.3977
vt 0.0221 0.3975
vt 0.0841 0.386
vt 0.0841 0.3975
vt 0.1151 0.386
vt 0.1151 0.3975
vt 0.1461 0.386
vt 0.1461 0.3975
vt 0.1771 0.386
vt 0.1771 0.3975
vt 0.208 0.386
vt 0.208 0.3975
vt 0.239 0.386
vt 0.239 0.3975
vt 0.27 0.386
vt 0.27 0.3975
vt 0.301 0.386
vt 0.301 0.3975
vt 0.332 0.386
vt 0.332 0.3975
vt 0.363 0.386
vt 0.363 0.3975
vt 0.394 0.386
vt 0.394 0.3975
vt 0.4249 0.386
vt 0.4249 0.3975
vt 0.4559 0.386
vt 0.4559 0.3975
vt 0.9788 0.3979
vt 0.9517 0.3975
vt 0.9517 0.386
vt 0.9788 0.3864
vt 0.9207 0.3975
vt 0.9207 0.386
vt 0.8897 0.3975
vt 0.8897 0.386
vt 0.8587 0.3975
vt 0.8587 0.386
vt 0.8278 0.3975
vt 0.8278 0.386
vt 0.7968 0.3975
vt 0.7968 0.386
vt 0.7658 0.3975
vt 0.7658 0.386
vt 0.7348 0.3975
vt 0.7348 0.386
vt 0.7038 0.3975
vt 0.7038 0.386
vt 0.6728 0.3975
vt 0.6728 0.386
vt 0.6418 0.3975
vt 0.6418 0.386
vt 0.6109 0.3975
vt 0.6109 0.386
vt 0.5799 0.3975
vt 0.5799 0.386
vt 0.5489 0.3975
vt 0.5489 0.386
vt 0.0221 0.3651
vt 0.0531 0.3651
vt 0.0841 0.3651
vt 0.1151 0.3651
vt 0.1461 0.3651
vt 0.1771 0.3651
vt 0.208 0.3651
vt 0.239 0.3651
vt 0.27 0.3651
vt 0.301 0.3651
vt 0.332 0.3651
vt 0.363 0.3651
vt 0.394 0.3651
vt 0.4249 0.3651
vt 0.4559 0.3651
vt 0.9517 0.3651
vt 0.9788 0.3655
vt 0.9207 0.3651
vt 0.8897 0.3651
vt 0.8587 0.3651
vt 0.8278 0.3651
vt 0.7968 0.3651
vt 0.7658 0.3651
vt 0.7348 0.3651
vt 0.7038 0.3651
vt 0.6728 0.3651
vt 0.6418 0.3651
vt 0.6109 0.3651
vt 0.5799 0.3651
vt 0.5489 0.3651
vt 0.0221 0.3234
vt 0.0531 0.3234
vt 0.0841 0.3234
vt 0.1151 0.3234
vt 0.1461 0.3234
vt 0.1771 0.3234
vt 0.208 0.3234
vt 0.239 0.3234
vt 0.27 0.3234
vt 0.301 0.3234
vt 0.332 0.3234
vt 0.363 0.3234
vt 0.394 0.3234
vt 0.4249 0.3234
vt 0.4559 0.3234
vt 0.9517 0.3234
vt 0.9788 0.3234
vt 0.9207 0.3234
vt 0.8897 0.3234
vt 0.8587 0.3234
vt 0.8278 0.3234
vt 0.7968 0.3234
vt 0.7658 0.3234
vt 0.7348 0.3234
vt 0.7038 0.3234
vt 0.6728 0.3234
vt 0.6418 0.3234
vt 0.6109 0.3234
vt 0.5799 0.3234
vt 0.5489 0.3234
vt 0.0221 0.2759
vt 0.0531 0.2759
vt 0.0841 0.2759
vt 0.1151 0.2759
vt 0.1461 0.2759
vt 0.1771 0.2759
vt 0.208 0.2759
vt 0.239 0.2759
vt 0.27 0.2759
vt 0.301 0.2759
vt 0.332 0.2759
vt 0.363 0.2759
vt 0.394 0.2759
vt 0.4249 0.2759
vt 0.4559 0.2759
vt 0.9517 0.2759
vt 0.9788 0.2759
vt 0.9207 0.2759
vt 0.8897 0.2759
vt 0.8587 0.2759
vt 0.8278 0.2759
vt 0.7968 0.2759
vt 0.7658 0.2759
vt 0.7348 0.2759
vt 0.7038 0.2759
vt 0.6728 0.2759
vt 0.6418 0.2759
vt 0.6109 0.2759
vt 0.5799 0.2759
vt 0.5489 0.2759
vt 0.0221 0.2647
vt 0.0531 0.2647
vt 0.0841 0.2647
vt 0.1151 0.2647
vt 0.1461 0.2647
vt 0.1771 0.2647
vt 0.208 0.2647
vt 0.239 0.2647
vt 0.27 0.2647
vt 0.301 0.2647
vt 0.332 0.2647
vt 0.363 0.2647
vt 0.394 0.2647
vt 0.4249 0.2647
vt 0.4559 0.2647
vt 0.9517 0.2647
vt 0.9788 0.265
vt 0.9207 0.2647
vt 0.8897 0.2647
vt 0.8587 0.2647
vt 0.8278 0.2647
vt 0.7968 0.2647
vt 0.7658 0.2647
vt 0.7348 0.2647
vt 0.7038 0.2647
vt 0.6728 0.2647
vt 0.6418 0.2647
vt 0.6109 0.2647
vt 0.5799 0.2647
vt 0.5489 0.2647
vt 0.0221 0.2425
vt 0.0531 0.2425
vt 0.0531 0.2501
vt 0.0221 0.2501
vt 0.0841 0.2425
vt 0.0841 0.2501
vt 0.1151 0.2425
vt 0.1151 0.2501
vt 0.1461 0.2425
vt 0.1461 0.2501
vt 0.1771 0.2425
vt 0.1771 0.2501
vt 0.208 0.2425
vt 0.208 0.2501
vt 0.239 0.2425
vt 0.239 0.2501
vt 0.27 0.2425
vt 0.27 0.2501
vt 0.301 0.2425
vt 0.301 0.2501
vt 0.332 0.2425
vt 0.332 0.2501
vt 0.363 0.2425
vt 0.363 0.2501
vt 0.394 0.2425
vt 0.394 0.2501
vt 0.4249 0.2425
vt 0.4249 0.2501
vt 0.4559 0.2425
vt 0.4559 0.2501
vt 0.9788 0.2319
vt 0.9517 0.232
vt 0.9517 0.217
vt 0.9788 0.2168
vt 0.9207 0.232
vt 0.9207 0.217
vt 0.8897 0.232
vt 0.8897 0.217
vt 0.8587 0.232
vt 0.8587 0.217
vt 0.8278 0.232
vt 0.8278 0.217
vt 0.7968 0.232
vt 0.7968 0.217
vt 0.7658 0.232
vt 0.7658 0.217
vt 0.7348 0.232
vt 0.7348 0.217
vt 0.7038 0.232
vt 0.7038 0.217
vt 0.6728 0.232
vt 0.6728 0.217
vt 0.6418 0.232
vt 0.6418 0.217
vt 0.6109 0.232
vt 0.6109 0.217
vt 0.5799 0.232
vt 0.5799 0.217
vt 0.5489 0.232
vt 0.5489 0.217
vt 0.5179 0.232
vt 0.0221 0.2035
vt 0.0531 0.2035
vt 0.0531 0.217
vt 0.0221 0.217
vt 0.0841 0.2035
vt 0.0841 0.217
vt 0.1151 0.2035
vt 0.1151 0.217
vt 0.1461 0.2035
vt 0.1461 0.217
vt 0.177 0.2035
vt 0.1771 0.217
vt 0.208 0.2035
vt 0.208 0.217
vt 0.239 0.2035
vt 0.239 0.217
vt 0.27 0.2035
vt 0.27 0.217
vt 0.301 0.2035
vt 0.301 0.217
vt 0.332 0.2035
vt 0.332 0.217
vt 0.363 0.2035
vt 0.363 0.217
vt 0.3939 0.2035
vt 0.394 0.217
vt 0.4249 0.2035
vt 0.4249 0.217
vt 0.4559 0.2035
vt 0.4559 0.217
vt 0.9517 0.2035
vt 0.9788 0.2036
vt 0.9207 0.2035
vt 0.8897 0.2035
vt 0.8587 0.2035
vt 0.8277 0.2035
vt 0.7968 0.2035
vt 0.7658 0.2035
vt 0.7348 0.2035
vt 0.7038 0.2035
vt 0.6728 0.2035
vt 0.6418 0.2035
vt 0.6108 0.2035
vt 0.5799 0.2035
vt 0.5489 0.2035
vt 0.0221 0.1873
vt 0.0531 0.1873
vt 0.0841 0.1873
vt 0.1151 0.1873
vt 0.1461 0.1873
vt 0.177 0.1873
vt 0.208 0.1873
vt 0.239 0.1873
vt 0.27 0.1873
vt 0.301 0.1873
vt 0.332 0.1873
vt 0.363 0.1873
vt 0.3939 0.1873
vt 0.4249 0.1873
vt 0.4559 0.1873
vt 0.9517 0.1873
vt 0.9788 0.1873
vt 0.9207 0.1873
vt 0.8897 0.1873
vt 0.8587 0.1873
vt 0.8277 0.1873
vt 0.7968 0.1873
vt 0.7658 0.1873
vt 0.7348 0.1873
vt 0.7038 0.1873
vt 0.6728 0.1873
vt 0.6418 0.1873
vt 0.6108 0.1873
vt 0.5799 0.1873
vt 0.5489 0.1873
vt 0.0221 0.1709
vt 0.0531 0.1709
vt 0.0841 0.1709
vt 0.1151 0.1709
vt 0.1461 0.1709
vt 0.177 0.1709
vt 0.208 0.1709
vt 0.239 0.1709
vt 0.27 0.1709
vt 0.301 0.1709
vt 0.332 0.1709
vt 0.363 0.1709
vt 0.3939 0.1709
vt 0.4249 0.1709
vt 0.4559 0.1709
vt 0.9517 0.1709
vt 0.9788 0.1715
vt 0.9207 0.1709
vt 0.8897 0.1709
vt 0.8587 0.1709
vt 0.8277 0.1709
vt 0.7968 0.1709
vt 0.7658 0.1709
vt 0.7348 0.1709
vt 0.7038 0.1709
vt 0.6728 0.1709
vt 0.6418 0.1709
vt 0.6108 0.1709
vt 0.5799 0.1709
vt 0.5489 0.1709
vt 0.0221 0.1687
vt 0.0531 0.1687
vt 0.0841 0.1687
vt 0.1151 0.1687
vt 0.1461 0.1687
vt 0.177 0.1687
vt 0.208 0.1687
vt 0.239 0.1687
vt 0.27 0.1687
vt 0.301 0.1687
vt 0.332 0.1687
vt 0.363 0.1687
vt 0.3939 0.1687
vt 0.4249 0.1687
vt 0.4559 0.1687
vt 0.9517 0.1687
vt 0.9788 0.1691
vt 0.9207 0.1687
vt 0.8897 0.1687
vt 0.8587 0.1687
vt 0.8277 0.1687
vt 0.7968 0.1687
vt 0.7658 0.1687
vt 0.7348 0.1687
vt 0.7038 0.1687
vt 0.6728 0.1687
vt 0.6418 0.1687
vt 0.6108 0.1687
vt 0.5799 0.1687
vt 0.5489 0.1687
vt 0.9517 0.2501
vt 0.9788 0.2499
vt 0.9207 0.2501
vt 0.8897 0.2501
vt 0.8587 0.2501
vt 0.8278 0.2501
vt 0.7968 0.2501
vt 0.7658 0.2501
vt 0.7348 0.2501
vt 0.7038 0.2501
vt 0.6728 0.2501
vt 0.6418 0.2501
vt 0.6109 0.2501
vt 0.5799 0.2501
vt 0.5489 0.2501
vt 0.4869 0.232
vt 0.0531 0.232
vt 0.0221 0.232
vt 0.0841 0.232
vt 0.1151 0.232
vt 0.1461 0.232
vt 0.1771 0.232
vt 0.208 0.232
vt 0.239 0.232
vt 0.27 0.232
vt 0.301 0.232
vt 0.332 0.232
vt 0.363 0.232
vt 0.394 0.232
vt 0.4249 0.232
vt 0.4559 0.232
vt 0.9517 0.2425
vt 0.9788 0.2423
vt 0.9207 0.2425
vt 0.8897 0.2425
vt 0.8587 0.2425
vt 0.8278 0.2425
vt 0.7968 0.2425
vt 0.7658 0.2425
vt 0.7348 0.2425
vt 0.7038 0.2425
vt 0.6728 0.2425
vt 0.6418 0.2425
vt 0.6109 0.2425
vt 0.5799 0.2425
vt 0.5489 0.2425
vn -0.0065 -0.9978 0.0658
vn 0.0069 -0.9978 0.0658
vn -0.0838 -0.596 -0.7986
vn 0.0787 -0.5959 -0.7992
vn 0.0941 0.2771 -0.9562
vn -0.1003 0.2771 -0.9556
vn -0.0814 0.6256 -0.7758
vn 0.0764 0.6256 -0.7764
vn -0.0437 0.908 -0.4166
vn 0.041 0.908 -0.4169
vn -0.0022 0.9998 -0.0206
vn 0.002 0.9998 -0.0206
vn -0.0745 0.6491 0.7571
vn 0.0794 0.6491 0.7566
vn 0.0915 0.4812 0.8718
vn -0.0859 0.4812 0.8724
vn 0.0268 0.9663 0.2558
vn -0.0252 0.9663 0.256
vn 0.0311 -0.9481 -0.3164
vn -0.0332 -0.9481 -0.3161
vn 0.0947 -0.2574 -0.9617
vn -0.1009 -0.2575 -0.961
vn 0.0896 0.403 -0.9108
vn -0.0955 0.403 -0.9102
vn 0.0888 0.4226 -0.902
vn -0.0946 0.4226 -0.9014
vn 0.0698 -0.7015 -0.7092
vn -0.0744 -0.7015 -0.7088
vn -0.102 -0.2127 -0.9718
vn 0.0957 -0.2127 -0.9724
vn 0.0414 -0.9065 -0.4202
vn -0.0441 -0.9065 -0.42
vn 0.0218 -0.9748 -0.2218
vn -0.0233 -0.9748 -0.2216
vn 0.0854 -0.4908 -0.8671
vn -0.0909 -0.4908 -0.8665
vn 0.097 0.1412 -0.9852
vn -0.1034 0.1412 -0.9846
vn 0.0563 -0.8182 -0.5721
vn -0.06 -0.8182 -0.5718
vn -0.0721 -0.7234 -0.6866
vn 0.0676 -0.7234 -0.6871
vn 0.0832 0.5274 -0.8455
vn -0.0886 0.5274 -0.845
vn -0.0837 -0.5971 -0.7978
vn 0.0785 -0.5971 -0.7983
vn 0.0724 0.674 -0.7352
vn -0.0771 0.6739 -0.7348
vn 0.0877 -0.4458 -0.8908
vn -0.0934 -0.4458 -0.8903
vn 0.0153 -0.9878 -0.155
vn -0.0162 -0.9878 -0.1549
vn -0.0002 -0.9978 -0.066
vn -0.0135 -0.9978 -0.0647
vn 0.1642 -0.5959 0.7861
vn 0.0026 -0.5959 0.8031
vn -0.0263 -0.9978 -0.0606
vn 0.3191 -0.5959 0.7369
vn -0.0379 -0.9978 -0.0541
vn 0.4609 -0.5959 0.6576
vn -0.048 -0.9978 -0.0454
vn 0.5839 -0.5959 0.5514
vn -0.0562 -0.9978 -0.0348
vn 0.6829 -0.5959 0.4225
vn -0.062 -0.9978 -0.0227
vn 0.7539 -0.596 0.2764
vn -0.0653 -0.9978 -0.0098
vn 0.7942 -0.5959 0.119
vn -0.066 -0.9978 0.0036
vn 0.8018 -0.596 -0.0433
vn -0.0639 -0.9978 0.0168
vn 0.7767 -0.596 -0.2038
vn -0.0593 -0.9978 0.0293
vn 0.7198 -0.5959 -0.356
vn -0.0521 -0.9978 0.0406
vn 0.6334 -0.596 -0.4936
vn -0.0429 -0.9978 0.0503
vn 0.5211 -0.596 -0.611
vn -0.0319 -0.9978 0.0579
vn 0.3874 -0.596 -0.7034
vn -0.0196 -0.9978 0.0631
vn 0.2379 -0.596 -0.767
vn -0.1592 -0.5959 0.7871
vn 0.0131 -0.9978 -0.0647
vn -0.3144 -0.5959 0.739
vn 0.0259 -0.9978 -0.0608
vn -0.4567 -0.5959 0.6606
vn 0.0376 -0.9978 -0.0543
vn -0.5803 -0.5959 0.5551
vn 0.0478 -0.9978 -0.0457
vn -0.6802 -0.5959 0.4269
vn 0.0559 -0.9978 -0.0351
vn -0.7522 -0.5959 0.2813
vn 0.0619 -0.9978 -0.0231
vn -0.7934 -0.596 0.1241
vn 0.0653 -0.9978 -0.0102
vn -0.8021 -0.596 -0.0381
vn 0.066 -0.9978 0.0031
vn -0.7781 -0.5959 -0.1988
vn 0.064 -0.9978 0.0164
vn -0.722 -0.596 -0.3513
vn 0.0594 -0.9978 0.0289
vn -0.6366 -0.596 -0.4895
vn 0.0524 -0.9978 0.0403
vn -0.525 -0.5959 -0.6076
vn 0.0432 -0.9978 0.05
vn -0.392 -0.596 -0.7009
vn 0.0323 -0.9978 0.0577
vn -0.2428 -0.596 -0.7654
vn 0.02 -0.9978 0.063
vn 0.0031 0.2771 0.9608
vn 0.1965 0.2772 0.9405
vn 0.1595 0.6256 0.7636
vn 0.0025 0.6256 0.7801
vn 0.3818 0.2772 0.8817
vn 0.31 0.6256 0.7159
vn 0.5515 0.2771 0.7868
vn 0.4478 0.6257 0.6388
vn 0.6986 0.2772 0.6597
vn 0.5672 0.6256 0.5356
vn 0.8171 0.2771 0.5056
vn 0.6634 0.6257 0.4105
vn 0.9021 0.2771 0.3307
vn 0.7324 0.6257 0.2685
vn 0.9502 0.2772 0.1424
vn 0.7715 0.6256 0.1156
vn 0.9594 0.2771 -0.0518
vn 0.779 0.6257 -0.0421
vn 0.9294 0.2771 -0.2439
vn 0.7545 0.6257 -0.198
vn 0.8613 0.2771 -0.426
vn 0.6993 0.6256 -0.3458
vn 0.7579 0.2771 -0.5906
vn 0.6153 0.6257 -0.4795
vn 0.6235 0.2771 -0.7311
vn 0.5062 0.6257 -0.5935
vn 0.4636 0.2771 -0.8416
vn 0.3764 0.6257 -0.6833
vn 0.2847 0.2771 -0.9177
vn 0.2311 0.6256 -0.7451
vn -0.1546 0.6257 0.7646
vn -0.1904 0.2771 0.9418
vn -0.3054 0.6257 0.7178
vn -0.3761 0.2771 0.8842
vn -0.4436 0.6256 0.6417
vn -0.5464 0.2772 0.7903
vn -0.5637 0.6257 0.5392
vn -0.6943 0.2771 0.6642
vn -0.6607 0.6256 0.4147
vn -0.8138 0.2771 0.5108
vn -0.7307 0.6256 0.2733
vn -0.9 0.2771 0.3366
vn -0.7707 0.6257 0.1206
vn -0.9493 0.2771 0.1485
vn -0.7792 0.6256 -0.037
vn -0.9598 0.2771 -0.0456
vn -0.7558 0.6257 -0.1931
vn -0.9309 0.2772 -0.2379
vn -0.7015 0.6257 -0.3413
vn -0.864 0.2771 -0.4204
vn -0.6184 0.6257 -0.4755
vn -0.7617 0.2771 -0.5857
vn -0.51 0.6257 -0.5903
vn -0.6282 0.2772 -0.727
vn -0.3808 0.6257 -0.6809
vn -0.469 0.2771 -0.8386
vn -0.2359 0.6257 -0.7436
vn -0.2906 0.2771 -0.9158
vn 0.0857 0.908 0.41
vn 0.0014 0.9081 0.4189
vn 0.1664 0.9081 0.3844
vn 0.2404 0.9081 0.343
vn 0.3045 0.9081 0.2876
vn 0.3562 0.9081 0.2204
vn 0.3932 0.9081 0.1442
vn 0.4142 0.9081 0.0621
vn 0.4182 0.9081 -0.0226
vn 0.4051 0.9081 -0.1063
vn 0.3754 0.9081 -0.1857
vn 0.3304 0.908 -0.2575
vn 0.2718 0.908 -0.3187
vn 0.2021 0.9081 -0.3669
vn 0.1241 0.908 -0.4001
vn -0.083 0.908 0.4106
vn -0.164 0.908 0.3854
vn -0.2382 0.908 0.3446
vn -0.3027 0.908 0.2895
vn -0.3548 0.908 0.2227
vn -0.3923 0.908 0.1467
vn -0.4138 0.908 0.0647
vn -0.4184 0.9081 -0.0199
vn -0.4058 0.908 -0.1037
vn -0.3767 0.908 -0.1833
vn -0.332 0.908 -0.2553
vn -0.2738 0.9081 -0.3169
vn -0.2044 0.908 -0.3656
vn -0.1267 0.908 -0.3993
vn 0.1463 0.9663 -0.2116
vn 0.1007 0.9663 -0.2368
vn 0.051 0.9663 -0.2522
vn -0.0526 0.9663 -0.2519
vn -0.0008 0.9663 -0.2573
vn -0.1022 0.9663 -0.2361
vn -0.1477 0.9663 -0.2107
vn -0.2188 0.9663 -0.1354
vn -0.1871 0.9663 -0.1767
vn 0.257 0.9663 0.0122
vn -0.2414 0.9664 -0.0885
vn -0.2544 0.9664 -0.0381
vn -0.2569 0.9663 0.0139
vn 0.2542 0.9663 -0.0398
vn 0.241 0.9663 -0.0901
vn 0.2179 0.9663 -0.1368
vn 0.1859 0.9663 -0.1778
vn -0.167 0.9663 0.1958
vn -0.1242 0.9663 0.2254
vn -0.0762 0.9663 0.2457
vn -0.2307 0.9663 0.1141
vn 0.1256 0.9663 0.2246
vn 0.0778 0.9663 0.2452
vn 0.1682 0.9663 0.1947
vn 0.204 0.9663 0.1569
vn 0.2492 0.9663 0.0637
vn 0.2314 0.9663 0.1126
vn -0.2488 0.9664 0.0653
vn -0.203 0.9663 0.1582
vn 0.0042 0.9998 0.0203
vn 0.0001 0.9998 0.0207
vn 0.0082 0.9998 0.019
vn 0.0119 0.9998 0.017
vn 0.0151 0.9998 0.0142
vn 0.0176 0.9998 0.0109
vn 0.0195 0.9998 0.0071
vn 0.0205 0.9998 0.0031
vn 0.0207 0.9998 -0.0011
vn 0.02 0.9998 -0.0053
vn 0.0186 0.9998 -0.0092
vn 0.0163 0.9998 -0.0127
vn 0.0134 0.9998 -0.0158
vn 0.01 0.9998 -0.0182
vn 0.0061 0.9998 -0.0198
vn -0.0041 0.9998 0.0203
vn -0.0081 0.9998 0.0191
vn -0.0118 0.9998 0.017
vn -0.015 0.9998 0.0143
vn -0.0176 0.9998 0.011
vn -0.0194 0.9998 0.0073
vn -0.0205 0.9998 0.0032
vn -0.0207 0.9998 -0.001
vn -0.0201 0.9998 -0.0051
vn -0.0186 0.9998 -0.0091
vn -0.0164 0.9998 -0.0126
vn -0.0135 0.9998 -0.0157
vn -0.0101 0.9998 -0.0181
vn -0.0063 0.9998 -0.0198
vn -0.0025 0.6491 -0.7607
vn -0.1556 0.6491 -0.7446
vn -0.1793 0.4811 -0.8581
vn -0.0028 0.4812 -0.8766
vn -0.3023 0.6491 -0.6981
vn -0.3484 0.4811 -0.8045
vn -0.4366 0.6491 -0.6229
vn -0.5032 0.4811 -0.7179
vn -0.5531 0.6491 -0.5223
vn -0.6374 0.4811 -0.6019
vn -0.6469 0.6491 -0.4003
vn -0.7455 0.4811 -0.4613
vn -0.7142 0.6491 -0.2619
vn -0.823 0.4812 -0.3017
vn -0.7523 0.6491 -0.1127
vn -0.8669 0.4812 -0.1299
vn -0.7596 0.6491 0.041
vn -0.8754 0.4811 0.0473
vn -0.7358 0.6491 0.1931
vn -0.8479 0.4812 0.2225
vn -0.6819 0.6491 0.3372
vn -0.7858 0.4811 0.3886
vn -0.6 0.6491 0.4676
vn -0.6915 0.4811 0.5388
vn -0.4936 0.6491 0.5788
vn -0.5689 0.4811 0.667
vn -0.367 0.6491 0.6663
vn -0.423 0.4811 0.7679
vn -0.2254 0.6491 0.7266
vn -0.2597 0.4812 0.8373
vn 0.1738 0.4812 -0.8592
vn 0.1508 0.6491 -0.7456
vn 0.3432 0.4811 -0.8067
vn 0.2978 0.6491 -0.7
vn 0.4985 0.4812 -0.7211
vn 0.4326 0.6491 -0.6258
vn 0.6335 0.4812 -0.606
vn 0.5497 0.6491 -0.5259
vn 0.7425 0.4811 -0.4661
vn 0.6443 0.6491 -0.4045
vn 0.8211 0.4811 -0.3071
vn 0.7125 0.6491 -0.2665
vn 0.8661 0.4811 -0.1355
vn 0.7516 0.6491 -0.1176
vn 0.8756 0.4812 0.0416
vn 0.7599 0.6491 0.0361
vn 0.8493 0.4812 0.217
vn 0.7371 0.6491 0.1883
vn 0.7883 0.4811 0.3836
vn 0.6841 0.6491 0.3328
vn 0.6949 0.4811 0.5344
vn 0.603 0.6491 0.4637
vn 0.5732 0.4811 0.6633
vn 0.4974 0.6491 0.5756
vn 0.4279 0.4811 0.7651
vn 0.3713 0.6491 0.664
vn 0.2651 0.4811 0.8356
vn 0.2301 0.6491 0.7251
vn 0.001 -0.9482 0.3177
vn 0.065 -0.9482 0.311
vn 0.1263 -0.9482 0.2916
vn 0.1824 -0.9482 0.2602
vn 0.231 -0.9482 0.2181
vn 0.2702 -0.9482 0.1672
vn 0.2985 -0.9481 0.1094
vn 0.3143 -0.9482 0.0471
vn 0.3174 -0.9481 -0.0171
vn 0.3074 -0.9482 -0.0807
vn 0.285 -0.9481 -0.1409
vn 0.2507 -0.9481 -0.1954
vn 0.2063 -0.9481 -0.2419
vn 0.1533 -0.9482 -0.2784
vn 0.0942 -0.9481 -0.3036
vn -0.063 -0.9482 0.3115
vn -0.1244 -0.9482 0.2924
vn -0.1807 -0.9482 0.2614
vn -0.2296 -0.9482 0.2196
vn -0.2692 -0.9482 0.169
vn -0.2977 -0.9481 0.1114
vn -0.3139 -0.9482 0.0491
vn -0.3175 -0.9481 -0.0151
vn -0.308 -0.9481 -0.0787
vn -0.2859 -0.9481 -0.1391
vn -0.252 -0.9481 -0.1937
vn -0.2079 -0.9481 -0.2406
vn -0.1551 -0.9482 -0.2774
vn -0.0961 -0.9481 -0.303
vn 0.0031 -0.2577 0.9662
vn 0.1976 -0.2576 0.9458
vn 0.384 -0.2576 0.8867
vn 0.5546 -0.2576 0.7912
vn 0.7025 -0.2577 0.6634
vn 0.8217 -0.2576 0.5084
vn 0.9072 -0.2575 0.3326
vn 0.9556 -0.2576 0.1432
vn 0.9649 -0.2575 -0.0521
vn 0.9346 -0.2575 -0.2452
vn 0.8661 -0.2575 -0.4284
vn 0.7622 -0.2575 -0.5939
vn 0.627 -0.2574 -0.7352
vn 0.4662 -0.2575 -0.8464
vn 0.2863 -0.2575 -0.9229
vn -0.1915 -0.2576 0.9471
vn -0.3782 -0.2576 0.8891
vn -0.5495 -0.2576 0.7948
vn -0.6982 -0.2576 0.6679
vn -0.8184 -0.2576 0.5137
vn -0.9051 -0.2575 0.3385
vn -0.9547 -0.2576 0.1494
vn -0.9652 -0.2576 -0.0459
vn -0.9362 -0.2575 -0.2392
vn -0.8689 -0.2574 -0.4228
vn -0.766 -0.2575 -0.589
vn -0.6318 -0.2574 -0.7312
vn -0.4716 -0.2576 -0.8433
vn -0.2922 -0.2575 -0.921
vn 0.0029 0.403 0.9152
vn 0.1872 0.403 0.8959
vn 0.3637 0.403 0.8398
vn 0.5253 0.403 0.7494
vn 0.6654 0.403 0.6284
vn 0.7783 0.4029 0.4816
vn 0.8593 0.403 0.315
vn 0.9051 0.403 0.1356
vn 0.9139 0.403 -0.0493
vn 0.8852 0.403 -0.2323
vn 0.8204 0.403 -0.4057
vn 0.7219 0.403 -0.5625
vn 0.5939 0.403 -0.6964
vn 0.4416 0.403 -0.8016
vn 0.2712 0.403 -0.8741
vn -0.1814 0.403 0.897
vn -0.3583 0.403 0.8422
vn -0.5205 0.403 0.7528
vn -0.6613 0.403 0.6326
vn -0.7752 0.403 0.4866
vn -0.8572 0.403 0.3206
vn -0.9042 0.403 0.1414
vn -0.9142 0.403 -0.0434
vn -0.8867 0.403 -0.2266
vn -0.823 0.403 -0.4004
vn -0.7255 0.403 -0.5579
vn -0.5984 0.403 -0.6925
vn -0.4467 0.403 -0.7988
vn -0.2768 0.403 -0.8723
vn 0.0029 0.4225 0.9063
vn 0.1854 0.4226 0.8872
vn 0.3602 0.4226 0.8317
vn 0.5202 0.4226 0.7422
vn 0.659 0.4226 0.6223
vn 0.7707 0.4226 0.4769
vn 0.8509 0.4226 0.312
vn 0.8963 0.4226 0.1343
vn 0.905 0.4226 -0.0489
vn 0.8767 0.4226 -0.23
vn 0.8124 0.4226 -0.4018
vn 0.7149 0.4226 -0.5571
vn 0.5881 0.4226 -0.6896
vn 0.4373 0.4226 -0.7939
vn 0.2685 0.4226 -0.8656
vn -0.1796 0.4226 0.8883
vn -0.3548 0.4226 0.834
vn -0.5154 0.4226 0.7455
vn -0.6549 0.4226 0.6265
vn -0.7676 0.4226 0.4818
vn -0.8489 0.4226 0.3175
vn -0.8954 0.4226 0.1401
vn -0.9053 0.4226 -0.043
vn -0.8781 0.4226 -0.2244
vn -0.815 0.4226 -0.3965
vn -0.7185 0.4226 -0.5525
vn -0.5926 0.4226 -0.6858
vn -0.4424 0.4226 -0.791
vn -0.2741 0.4226 -0.8639
vn 0.0023 -0.7015 0.7127
vn 0.1457 -0.7015 0.6976
vn 0.1998 -0.2127 0.9565
vn 0.0032 -0.2127 0.9771
vn 0.2832 -0.7015 0.654
vn 0.3883 -0.2127 0.8966
vn 0.409 -0.7015 0.5836
vn 0.5608 -0.2127 0.8001
vn 0.5181 -0.7015 0.4893
vn 0.7104 -0.2127 0.6709
vn 0.606 -0.7015 0.375
vn 0.8309 -0.2127 0.5141
vn 0.6691 -0.7015 0.2453
vn 0.9174 -0.2127 0.3364
vn 0.7048 -0.7015 0.1056
vn 0.9663 -0.2127 0.1448
vn 0.7116 -0.7015 -0.0384
vn 0.9757 -0.2127 -0.0527
vn 0.6893 -0.7015 -0.1809
vn 0.9451 -0.2127 -0.248
vn 0.6388 -0.7015 -0.3159
vn 0.8758 -0.2127 -0.4332
vn 0.5621 -0.7015 -0.438
vn 0.7707 -0.2127 -0.6006
vn 0.4624 -0.7015 -0.5422
vn 0.6341 -0.2127 -0.7435
vn 0.3438 -0.7015 -0.6242
vn 0.4714 -0.2127 -0.8559
vn 0.2111 -0.7015 -0.6807
vn 0.2895 -0.2127 -0.9332
vn -0.1937 -0.2127 0.9577
vn -0.1412 -0.7015 0.6985
vn -0.3825 -0.2127 0.8991
vn -0.279 -0.7015 0.6558
vn -0.5557 -0.2127 0.8037
vn -0.4053 -0.7015 0.5862
vn -0.7061 -0.2127 0.6754
vn -0.515 -0.7015 0.4926
vn -0.8276 -0.2127 0.5195
vn -0.6036 -0.7015 0.3789
vn -0.9152 -0.2127 0.3423
vn -0.6675 -0.7015 0.2496
vn -0.9654 -0.2127 0.151
vn -0.7041 -0.7015 0.1102
vn -0.976 -0.2127 -0.0464
vn -0.7118 -0.7015 -0.0338
vn -0.9467 -0.2127 -0.2419
vn -0.6905 -0.7015 -0.1764
vn -0.8786 -0.2127 -0.4275
vn -0.6408 -0.7015 -0.3118
vn -0.7746 -0.2127 -0.5956
vn -0.5649 -0.7015 -0.4344
vn -0.6388 -0.2127 -0.7393
vn -0.4659 -0.7015 -0.5392
vn -0.4769 -0.2127 -0.8528
vn -0.3479 -0.7015 -0.622
vn -0.2955 -0.2127 -0.9314
vn -0.2155 -0.7015 -0.6793
vn 0.0014 -0.9065 0.4223
vn 0.0864 -0.9065 0.4133
vn 0.1678 -0.9065 0.3875
vn 0.2424 -0.9065 0.3458
vn 0.307 -0.9065 0.2899
vn 0.3591 -0.9065 0.2222
vn 0.3965 -0.9065 0.1454
vn 0.4176 -0.9065 0.0626
vn 0.4216 -0.9065 -0.0228
vn 0.4084 -0.9065 -0.1072
vn 0.3785 -0.9065 -0.1872
vn 0.3331 -0.9065 -0.2596
vn 0.274 -0.9065 -0.3213
vn 0.2037 -0.9065 -0.3699
vn 0.1251 -0.9065 -0.4033
vn -0.0837 -0.9065 0.4139
vn -0.1653 -0.9065 0.3886
vn -0.2401 -0.9065 0.3473
vn -0.3051 -0.9065 0.2919
vn -0.3576 -0.9065 0.2245
vn -0.3955 -0.9065 0.1479
vn -0.4172 -0.9065 0.0653
vn -0.4218 -0.9065 -0.02
vn -0.4091 -0.9065 -0.1045
vn -0.3797 -0.9065 -0.1847
vn -0.3347 -0.9065 -0.2574
vn -0.2761 -0.9065 -0.3195
vn -0.2061 -0.9065 -0.3685
vn -0.1277 -0.9065 -0.4025
vn 0.0007 -0.9748 0.2229
vn 0.0456 -0.9749 0.2181
vn 0.0886 -0.9749 0.2045
vn 0.1279 -0.9749 0.1825
vn 0.162 -0.9748 0.153
vn 0.1895 -0.9748 0.1173
vn 0.2092 -0.9748 0.0767
vn 0.2204 -0.9748 0.033
vn 0.2225 -0.9748 -0.012
vn 0.2156 -0.9748 -0.0566
vn 0.1998 -0.9748 -0.0988
vn 0.1758 -0.9748 -0.137
vn 0.1446 -0.9748 -0.1696
vn 0.1075 -0.9748 -0.1952
vn 0.066 -0.9748 -0.2129
vn -0.0442 -0.9748 0.2184
vn -0.0872 -0.9748 0.2051
vn -0.1267 -0.9748 0.1833
vn -0.1611 -0.9748 0.1541
vn -0.1888 -0.9748 0.1185
vn -0.2087 -0.9748 0.0781
vn -0.2202 -0.9748 0.0344
vn -0.2226 -0.9748 -0.0106
vn -0.2159 -0.9748 -0.0552
vn -0.2004 -0.9748 -0.0975
vn -0.1767 -0.9748 -0.1358
vn -0.1457 -0.9748 -0.1686
vn -0.1088 -0.9748 -0.1945
vn -0.0674 -0.9748 -0.2124
vn 0.0028 -0.4908 0.8712
vn 0.1782 -0.4908 0.8529
vn 0.3462 -0.4908 0.7995
vn 0.5001 -0.4909 0.7134
vn 0.6334 -0.4909 0.5981
vn 0.7409 -0.4908 0.4584
vn 0.818 -0.4908 0.2999
vn 0.8617 -0.4908 0.1291
vn 0.87 -0.4908 -0.047
vn 0.8428 -0.4908 -0.2211
vn 0.781 -0.4908 -0.3862
vn 0.6872 -0.4909 -0.5355
vn 0.5654 -0.4908 -0.6629
vn 0.4203 -0.4908 -0.7632
vn 0.2581 -0.4908 -0.8322
vn -0.1727 -0.4908 0.854
vn -0.341 -0.4908 0.8017
vn -0.4955 -0.4908 0.7166
vn -0.6296 -0.4908 0.6023
vn -0.7379 -0.4908 0.4632
vn -0.8161 -0.4909 0.3051
vn -0.8608 -0.4908 0.1346
vn -0.8703 -0.4908 -0.0413
vn -0.8441 -0.4909 -0.2157
vn -0.7834 -0.4908 -0.3813
vn -0.6907 -0.4908 -0.5311
vn -0.5697 -0.4908 -0.6592
vn -0.4253 -0.4908 -0.7604
vn -0.2635 -0.4908 -0.8305
vn 0.0032 0.1412 0.99
vn 0.2024 0.1412 0.9691
vn 0.3934 0.1411 0.9085
vn 0.5682 0.1411 0.8107
vn 0.7198 0.1412 0.6797
vn 0.8419 0.1412 0.5209
vn 0.9295 0.1411 0.3408
vn 0.9791 0.1412 0.1467
vn 0.9886 0.1411 -0.0533
vn 0.9576 0.1412 -0.2513
vn 0.8874 0.1412 -0.4389
vn 0.7809 0.1412 -0.6085
vn 0.6424 0.1411 -0.7532
vn 0.4776 0.1411 -0.8672
vn 0.2933 0.1412 -0.9455
vn -0.1962 0.1412 0.9703
vn -0.3875 0.1412 0.911
vn -0.563 0.1411 0.8143
vn -0.7154 0.1412 0.6843
vn -0.8385 0.1411 0.5264
vn -0.9273 0.1411 0.3468
vn -0.9781 0.1412 0.153
vn -0.9889 0.1411 -0.047
vn -0.9592 0.1411 -0.2451
vn -0.8902 0.1412 -0.4331
vn -0.7848 0.1412 -0.6035
vn -0.6473 0.1412 -0.7491
vn -0.4832 0.1411 -0.8641
vn -0.2994 0.1411 -0.9436
vn 0.0019 -0.8183 0.5748
vn 0.1176 -0.8182 0.5628
vn 0.1412 -0.7234 0.6758
vn 0.0022 -0.7234 0.6904
vn 0.2285 -0.8182 0.5276
vn 0.2744 -0.7234 0.6336
vn 0.33 -0.8182 0.4708
vn 0.3963 -0.7234 0.5654
vn 0.418 -0.8182 0.3947
vn 0.502 -0.7234 0.474
vn 0.4889 -0.8182 0.3025
vn 0.5871 -0.7235 0.3632
vn 0.5397 -0.8183 0.1979
vn 0.6482 -0.7235 0.2376
vn 0.5685 -0.8183 0.0852
vn 0.6828 -0.7234 0.1024
vn 0.5741 -0.8182 -0.031
vn 0.6894 -0.7234 -0.0372
vn 0.5561 -0.8182 -0.1459
vn 0.6678 -0.7234 -0.1752
vn 0.5153 -0.8182 -0.2549
vn 0.6189 -0.7234 -0.3061
vn 0.4535 -0.8182 -0.3534
vn 0.5446 -0.7234 -0.4244
vn 0.3731 -0.8182 -0.4374
vn 0.448 -0.7234 -0.5253
vn 0.2774 -0.8182 -0.5036
vn 0.3331 -0.7234 -0.6048
vn 0.1703 -0.8182 -0.5492
vn 0.2046 -0.7234 -0.6594
vn 0.0023 -0.6966 0.7174
vn -0.1422 -0.6966 0.7033
vn -0.1589 -0.5971 0.7863
vn 0.0026 -0.597 0.8022
vn -0.2809 -0.6965 0.6603
vn -0.314 -0.5971 0.7381
vn -0.408 -0.6966 0.5902
vn -0.4561 -0.5971 0.6598
vn -0.5185 -0.6966 0.4959
vn -0.5797 -0.597 0.5545
vn -0.6076 -0.6966 0.3814
vn -0.6794 -0.597 0.4265
vn -0.672 -0.6966 0.2513
vn -0.7513 -0.5971 0.281
vn -0.7089 -0.6965 0.1109
vn -0.7923 -0.5974 0.124
vn -0.7167 -0.6965 -0.0341
vn -0.8011 -0.5973 -0.0381
vn -0.6951 -0.6966 -0.1777
vn -0.7773 -0.5969 -0.1988
vn -0.6452 -0.6965 -0.3139
vn -0.7214 -0.597 -0.351
vn -0.5689 -0.6965 -0.4374
vn -0.636 -0.5969 -0.4891
vn -0.4691 -0.6966 -0.5429
vn -0.5245 -0.5969 -0.6071
vn -0.3503 -0.6965 -0.6262
vn -0.3916 -0.597 -0.7001
vn -0.217 -0.6966 -0.6839
vn -0.2426 -0.5971 -0.7646
vn -0.0749 -0.6965 -0.7136
vn 0.0027 0.5276 0.8495
vn 0.1737 0.5275 0.8316
vn 0.1641 -0.597 0.7853
vn 0.3376 0.5275 0.7796
vn 0.3188 -0.597 0.7362
vn 0.4877 0.5274 0.6957
vn 0.4604 -0.597 0.657
vn 0.6178 0.5271 0.5834
vn 0.5831 -0.5974 0.5505
vn 0.7224 0.5275 0.447
vn 0.6822 -0.597 0.4222
vn 0.7977 0.5274 0.2924
vn 0.7532 -0.5971 0.2761
vn 0.8401 0.5275 0.126
vn 0.7934 -0.597 0.1189
vn 0.8482 0.5277 -0.0457
vn 0.8012 -0.5969 -0.0432
vn 0.8217 0.5275 -0.2156
vn 0.776 -0.597 -0.2036
vn 0.7615 0.5276 -0.3765
vn 0.7192 -0.5969 -0.3557
vn 0.6702 0.5273 -0.5223
vn 0.6327 -0.5971 -0.4931
vn 0.5513 0.5275 -0.6464
vn 0.5205 -0.5971 -0.6104
vn 0.4099 0.5275 -0.7441
vn 0.3872 -0.597 -0.7027
vn 0.2517 0.5273 -0.8115
vn 0.2376 -0.5972 -0.7661
vn -0.1684 0.5275 0.8327
vn -0.3326 0.5274 0.7818
vn -0.4831 0.5273 0.699
vn -0.6139 0.5275 0.5873
vn -0.7196 0.5274 0.4516
vn -0.7958 0.5275 0.2975
vn -0.8396 0.5272 0.1313
vn -0.8488 0.5271 -0.0403
vn -0.8231 0.5276 -0.2103
vn -0.7639 0.5275 -0.3718
vn -0.6734 0.5276 -0.5179
vn -0.5554 0.5277 -0.6428
vn -0.4147 0.5275 -0.7415
vn -0.2569 0.5274 -0.8098
vn 0.0024 0.6739 0.7388
vn 0.1511 0.6739 0.7232
vn 0.2936 0.674 0.6779
vn 0.424 0.674 0.605
vn 0.5371 0.674 0.5072
vn 0.6282 0.674 0.3887
vn 0.6936 0.6739 0.2543
vn 0.7306 0.6739 0.1095
vn 0.7377 0.6739 -0.0399
vn 0.7146 0.6739 -0.1875
vn 0.6622 0.6739 -0.3275
vn 0.5827 0.6739 -0.4541
vn 0.4794 0.6739 -0.5621
vn 0.3565 0.6739 -0.6471
vn 0.2189 0.6739 -0.7056
vn -0.1465 0.6739 0.7241
vn -0.2893 0.674 0.6798
vn -0.4202 0.674 0.6077
vn -0.5339 0.6739 0.5107
vn -0.6258 0.6739 0.3928
vn -0.692 0.674 0.2587
vn -0.7299 0.6739 0.1142
vn -0.7379 0.6739 -0.0351
vn -0.7158 0.6739 -0.1829
vn -0.6643 0.6739 -0.3233
vn -0.5857 0.6739 -0.4504
vn -0.483 0.6739 -0.559
vn -0.3606 0.6739 -0.6448
vn -0.2234 0.6739 -0.7042
vn 0.0029 -0.4458 0.8951
vn 0.1831 -0.4458 0.8762
vn 0.3557 -0.4457 0.8215
vn 0.5138 -0.4458 0.733
vn 0.6508 -0.4457 0.6146
vn 0.7612 -0.4458 0.471
vn 0.8404 -0.4458 0.3081
vn 0.8853 -0.4458 0.1327
vn 0.8938 -0.4458 -0.0483
vn 0.8659 -0.4457 -0.2271
vn 0.8024 -0.4458 -0.3968
vn 0.7061 -0.4458 -0.5502
vn 0.5809 -0.4457 -0.6811
vn 0.4319 -0.4458 -0.7841
vn 0.2652 -0.4458 -0.855
vn -0.1774 -0.4458 0.8774
vn -0.3505 -0.4457 0.8237
vn -0.5091 -0.4458 0.7363
vn -0.6469 -0.4457 0.6187
vn -0.7582 -0.4458 0.4758
vn -0.8384 -0.4458 0.3135
vn -0.8844 -0.4458 0.1384
vn -0.8941 -0.4457 -0.0425
vn -0.8673 -0.4458 -0.2216
vn -0.8049 -0.4458 -0.3917
vn -0.7096 -0.4458 -0.5457
vn -0.5852 -0.4458 -0.6773
vn -0.4369 -0.4457 -0.7813
vn -0.2707 -0.4458 -0.8532
vn 0.0005 -0.9878 0.1557
vn 0.0318 -0.9878 0.1525
vn 0.0619 -0.9878 0.1429
vn 0.0894 -0.9878 0.1275
vn 0.1132 -0.9878 0.1069
vn 0.1325 -0.9878 0.082
vn 0.1462 -0.9878 0.0536
vn 0.154 -0.9878 0.0231
vn 0.1555 -0.9878 -0.0084
vn 0.1506 -0.9878 -0.0395
vn 0.1396 -0.9878 -0.069
vn 0.1229 -0.9878 -0.0957
vn 0.1011 -0.9878 -0.1185
vn 0.0752 -0.9878 -0.1364
vn 0.0461 -0.9878 -0.1488
vn -0.0309 -0.9878 0.1526
vn -0.061 -0.9878 0.1433
vn -0.0886 -0.9878 0.1281
vn -0.1125 -0.9878 0.1076
vn -0.1319 -0.9878 0.0828
vn -0.1459 -0.9878 0.0545
vn -0.1539 -0.9878 0.0241
vn -0.1556 -0.9878 -0.0074
vn -0.1509 -0.9878 -0.0386
vn -0.14 -0.9878 -0.0681
vn -0.1235 -0.9878 -0.095
vn -0.1018 -0.9878 -0.1179
vn -0.076 -0.9878 -0.136
vn -0.0471 -0.9878 -0.1485
vn -0.1368 -0.7234 0.6767
vn -0.2703 -0.7234 0.6353
vn -0.3926 -0.7234 0.5679
vn -0.4989 -0.7234 0.4772
vn -0.5847 -0.7234 0.3671
vn -0.6466 -0.7234 0.2419
vn -0.6822 -0.7234 0.1067
vn -0.6896 -0.7234 -0.0328
vn -0.6689 -0.7234 -0.1709
vn -0.6208 -0.7235 -0.302
vn -0.5473 -0.7234 -0.4209
vn -0.4514 -0.7234 -0.5224
vn -0.337 -0.7234 -0.6026
vn -0.2088 -0.7234 -0.6581
vn 0.0703 -0.6966 -0.714
vn 0.1467 -0.6966 0.7023
vn 0.2851 -0.6965 0.6584
vn 0.4118 -0.6966 0.5875
vn 0.5216 -0.6966 0.4926
vn 0.6102 -0.6965 0.3775
vn 0.6736 -0.6966 0.2469
vn 0.7095 -0.6967 0.1063
vn 0.7165 -0.6965 -0.0386
vn 0.6941 -0.6965 -0.1821
vn 0.6431 -0.6965 -0.3181
vn 0.566 -0.6965 -0.441
vn 0.4656 -0.6966 -0.5459
vn 0.3462 -0.6966 -0.6284
vn 0.2126 -0.6965 -0.6853
vn -0.1139 -0.8182 0.5635
vn -0.225 -0.8182 0.529
vn -0.3269 -0.8182 0.4729
vn -0.4154 -0.8183 0.3974
vn -0.4869 -0.8183 0.3056
vn -0.5384 -0.8182 0.2014
vn -0.568 -0.8182 0.0889
vn -0.5743 -0.8182 -0.0273
vn -0.557 -0.8182 -0.1424
vn -0.517 -0.8182 -0.2516
vn -0.4558 -0.8182 -0.3504
vn -0.3759 -0.8182 -0.435
vn -0.2807 -0.8182 -0.5018
vn -0.1739 -0.8182 -0.548
vtan -0.9952 -0.0 -0.098 1.0
vtan -0.9945 0.0 0.1044 1.0
vtan -0.9945 0.0 0.1044 1.0
vtan -0.9952 -0.0 -0.098 1.0
vtan -0.9952 0.0 -0.098 1.0
vtan -0.9945 -0.0 0.1044 1.0
vtan -0.9945 -0.0 0.1044 1.0
vtan -0.9952 -0.0 -0.098 1.0
vtan -0.9945 -0.0 0.1044 1.0
vtan -0.9952 0.0 -0.098 1.0
vtan -0.9945 0.0 0.1044 1.0
vtan -0.9952 -0.0 -0.098 1.0
vtan -0.9952 0.0 -0.098 1.0
vtan -0.9945 0.0 0.1044 1.0
vtan -0.9945 0.0 0.1044 1.0
vtan -0.9952 0.0 -0.098 1.0
vtan -0.9945 0.0 0.1044 1.0
vtan -0.9952 0.0 -0.0979 1.0
vtan -0.9952 -0.0 -0.098 1.0
vtan -0.9945 0.0 0.1044 1.0
vtan -0.9952 0.0 -0.098 1.0
vtan -0.9945 -0.0 0.1044 1.0
vtan -0.9952 -0.0 -0.0979 1.0
vtan -0.9945 0.0 0.1044 1.0
vtan -0.9952 -0.0 -0.098 1.0
vtan -0.9945 0.0 0.1044 1.0
vtan -0.9952 0.0 -0.098 1.0
vtan -0.9945 0.0 0.1044 1.0
vtan -0.9945 0.0 0.1044 1.0
vtan -0.9952 -0.0 -0.098 1.0
vtan -0.9952 0.0 -0.098 1.0
vtan -0.9945 -0.0 0.1044 1.0
vtan -0.9952 -0.0 -0.0979 1.0
vtan -0.9945 -0.0 0.1044 1.0
vtan -0.9952 -0.0 -0.098 1.0
vtan -0.9945 -0.0 0.1044 1.0
vtan -0.9952 0.0 -0.098 1.0
vtan -0.9945 -0.0 0.1044 1.0
vtan -0.9952 -0.0 -0.098 1.0
vtan -0.9945 0.0 0.1044 1.0
vtan -0.9945 -0.0 0.1044 1.0
vtan -0.9952 -0.0 -0.098 1.0
vtan -0.9952 -0.0 -0.0979 1.0
vtan -0.9945 -0.0 0.1043 1.0
vtan -0.9945 0.0 0.1043 1.0
vtan -0.9952 -0.0 -0.0979 1.0
vtan -0.9952 0.0 -0.098 1.0
vtan -0.9945 -0.0 0.1043 1.0
vtan -0.9952 -0.0 -0.098 1.0
vtan -0.9945 0.0 0.1044 1.0
vtan -0.9952 0.0 -0.098 1.0
vtan -0.9945 -0.0 0.1043 1.0
vtan 0.9946 0.0067 -0.104 1.0
vtan 0.9789 0.0 -0.2045 1.0
vtan 0.9789 -0.0 -0.2045 1.0
vtan 0.998 -0.0486 -0.0393 1.0
vtan 0.9177 -0.0 -0.3974 1.0
vtan 0.9177 -0.0 -0.3974 1.0
vtan 0.8189 -0.0 -0.574 1.0
vtan 0.8189 -0.0 -0.574 1.0
vtan 0.6866 -0.0 -0.727 1.0
vtan 0.6866 -0.0 -0.7271 1.0
vtan 0.5262 0.0 -0.8504 1.0
vtan 0.5262 -0.0 -0.8504 1.0
vtan 0.3442 0.0 -0.9389 1.0
vtan 0.3442 -0.0 -0.9389 1.0
vtan 0.1482 -0.0 -0.989 1.0
vtan 0.1482 -0.0 -0.989 1.0
vtan -0.0539 -0.0 -0.9985 1.0
vtan -0.0539 -0.0 -0.9985 1.0
vtan -0.2538 -0.0 -0.9673 1.0
vtan -0.2538 -0.0 -0.9673 1.0
vtan -0.4433 0.0 -0.8964 1.0
vtan -0.4433 -0.0 -0.8964 1.0
vtan -0.6147 -0.0 -0.7888 1.0
vtan -0.6147 -0.0 -0.7888 1.0
vtan -0.7609 -0.0 -0.6489 1.0
vtan -0.7609 -0.0 -0.6489 1.0
vtan -0.8759 -0.0 -0.4825 1.0
vtan -0.8759 -0.0 -0.4825 1.0
vtan -0.9551 -0.0 -0.2963 1.0
vtan -0.9551 -0.0 -0.2963 1.0
vtan 0.9985 0.0457 0.0307 1.0
vtan 0.9804 -0.0013 0.1972 1.0
vtan 0.9808 0.0002 0.1951 1.0
vtan 0.9959 -0.0062 0.0904 1.0
vtan 0.9202 0.0 0.3915 1.0
vtan 0.9202 0.0 0.3914 1.0
vtan 0.8226 0.0 0.5687 1.0
vtan 0.8226 0.0 0.5687 1.0
vtan 0.6912 0.0 0.7226 1.0
vtan 0.6913 0.0 0.7226 1.0
vtan 0.5316 0.0 0.847 1.0
vtan 0.5317 0.0 0.847 1.0
vtan 0.3503 0.0 0.9366 1.0
vtan 0.3503 0.0 0.9366 1.0
vtan 0.1546 0.0 0.988 1.0
vtan 0.1546 0.0 0.988 1.0
vtan -0.0475 0.0 0.9989 1.0
vtan -0.0474 0.0 0.9989 1.0
vtan -0.2476 0.0 0.9689 1.0
vtan -0.2476 0.0 0.9689 1.0
vtan -0.4375 0.0 0.8992 1.0
vtan -0.4375 0.0 0.8992 1.0
vtan -0.6096 0.0 0.7927 1.0
vtan -0.6096 0.0 0.7927 1.0
vtan -0.7567 -0.0 0.6538 1.0
vtan -0.7567 -0.0 0.6538 1.0
vtan -0.8728 0.0 0.4881 1.0
vtan -0.8728 0.0 0.4881 1.0
vtan -0.9532 -0.0 0.3024 1.0
vtan -0.9532 0.0 0.3024 1.0
vtan 0.9996 0.0271 -0.011 1.0
vtan 0.9789 -0.0 -0.2045 1.0
vtan 0.9789 0.0 -0.2045 1.0
vtan 0.9978 0.0496 -0.043 1.0
vtan 0.9177 0.0 -0.3974 1.0
vtan 0.9177 0.0 -0.3974 1.0
vtan 0.8189 0.0 -0.574 1.0
vtan 0.8189 0.0 -0.574 1.0
vtan 0.6866 0.0 -0.727 1.0
vtan 0.6866 0.0 -0.7271 1.0
vtan 0.5262 -0.0 -0.8504 1.0
vtan 0.5262 0.0 -0.8504 1.0
vtan 0.3442 0.0 -0.9389 1.0
vtan 0.3442 0.0 -0.9389 1.0
vtan 0.1482 0.0 -0.989 1.0
vtan 0.1482 -0.0 -0.989 1.0
vtan -0.0539 0.0 -0.9985 1.0
vtan -0.0539 0.0 -0.9985 1.0
vtan -0.2538 -0.0 -0.9673 1.0
vtan -0.2538 0.0 -0.9673 1.0
vtan -0.4433 -0.0 -0.8964 1.0
vtan -0.4433 -0.0 -0.8964 1.0
vtan -0.6147 0.0 -0.7888 1.0
vtan -0.6147 0.0 -0.7888 1.0
vtan -0.7609 -0.0 -0.6489 1.0
vtan -0.7609 -0.0 -0.6489 1.0
vtan -0.8759 -0.0 -0.4825 1.0
vtan -0.8759 -0.0 -0.4825 1.0
vtan -0.9551 0.0 -0.2963 1.0
vtan -0.9551 -0.0 -0.2963 1.0
vtan 0.9977 -0.0547 0.0406 1.0
vtan 0.9797 -0.0027 0.2003 1.0
vtan 0.98 -0.0031 0.1991 1.0
vtan 0.9994 -0.0332 0.0064 1.0
vtan 0.9202 -0.0 0.3915 1.0
vtan 0.9202 0.0 0.3915 1.0
vtan 0.8226 -0.0 0.5687 1.0
vtan 0.8226 0.0 0.5687 1.0
vtan 0.6913 -0.0 0.7226 1.0
vtan 0.6913 -0.0 0.7226 1.0
vtan 0.5316 -0.0 0.847 1.0
vtan 0.5316 -0.0 0.847 1.0
vtan 0.3503 -0.0 0.9366 1.0
vtan 0.3503 -0.0 0.9366 1.0
vtan 0.1546 0.0 0.988 1.0
vtan 0.1546 -0.0 0.988 1.0
vtan -0.0475 -0.0 0.9989 1.0
vtan -0.0475 0.0 0.9989 1.0
vtan -0.2476 -0.0 0.9689 1.0
vtan -0.2476 0.0 0.9689 1.0
vtan -0.4375 -0.0 0.8992 1.0
vtan -0.4375 -0.0 0.8992 1.0
vtan -0.6096 0.0 0.7927 1.0
vtan -0.6096 0.0 0.7927 1.0
vtan -0.7567 -0.0 0.6538 1.0
vtan -0.7567 -0.0 0.6538 1.0
vtan -0.8728 -0.0 0.4881 1.0
vtan -0.8728 -0.0 0.4881 1.0
vtan -0.9532 0.0 0.3024 1.0
vtan -0.9532 0.0 0.3024 1.0
vtan 0.9789 -0.0 -0.2045 1.0
vtan 0.9955 0.0385 -0.0867 1.0
vtan 0.9177 0.0 -0.3974 1.0
vtan 0.8189 -0.0 -0.574 1.0
vtan 0.6866 0.0 -0.7271 1.0
vtan 0.5262 0.0 -0.8504 1.0
vtan 0.3442 0.0 -0.9389 1.0
vtan 0.1482 -0.0 -0.989 1.0
vtan -0.0539 0.0 -0.9985 1.0
vtan -0.2538 -0.0 -0.9673 1.0
vtan -0.4433 0.0 -0.8964 1.0
vtan -0.6147 -0.0 -0.7888 1.0
vtan -0.7609 0.0 -0.6489 1.0
vtan -0.8759 0.0 -0.4825 1.0
vtan -0.9551 0.0 -0.2963 1.0
vtan 0.9954 -0.0415 0.0868 1.0
vtan 0.9795 -0.0016 0.2016 1.0
vtan 0.9202 -0.0 0.3915 1.0
vtan 0.8226 -0.0 0.5687 1.0
vtan 0.6913 0.0 0.7226 1.0
vtan 0.5317 0.0 0.847 1.0
vtan 0.3503 0.0 0.9366 1.0
vtan 0.1546 -0.0 0.988 1.0
vtan -0.0475 -0.0 0.9989 1.0
vtan -0.2476 -0.0 0.9689 1.0
vtan -0.4375 0.0 0.8992 1.0
vtan -0.6096 -0.0 0.7927 1.0
vtan -0.7567 0.0 0.6538 1.0
vtan -0.8728 0.0 0.4881 1.0
vtan -0.9532 -0.0 0.3024 1.0
vtan 0.4654 0.1215 0.8767 1.0
vtan 0.4597 0.1659 0.8725 1.0
vtan 0.4641 0.2007 0.8628 1.0
vtan 0.4451 0.2485 0.8603 1.0
vtan 0.448 0.2304 0.8638 1.0
vtan 0.4391 0.2568 0.861 1.0
vtan 0.4178 0.254 0.8723 1.0
vtan 0.405 0.2162 0.8884 1.0
vtan 0.4051 0.2397 0.8823 1.0
vtan 0.4145 -0.1216 0.9019 1.0
vtan 0.4065 0.1835 0.895 1.0
vtan 0.4099 0.1434 0.9008 1.0
vtan 0.4187 0.0984 0.9028 1.0
vtan 0.4281 -0.0755 0.9006 1.0
vtan 0.4372 -0.0252 0.899 1.0
vtan 0.4493 0.0251 0.893 1.0
vtan 0.4656 0.0727 0.882 1.0
vtan 0.4623 -0.0987 0.8812 1.0
vtan 0.4686 -0.1432 0.8718 1.0
vtan 0.4657 -0.1834 0.8658 1.0
vtan 0.4435 0.0001 0.8963 1.0
vtan 0.461 -0.216 0.8607 1.0
vtan 0.4496 -0.2403 0.8603 1.0
vtan 0.4256 -0.257 0.8677 1.0
vtan 0.4251 -0.2547 0.8686 1.0
vtan 0.4282 -0.2495 0.8686 1.0
vtan 0.4041 -0.2291 0.8856 1.0
vtan 0.408 -0.1644 0.8981 1.0
vtan 0.421 -0.2038 0.8839 1.0
vtan 0.4148 -0.1217 0.9017 1.0
vtan 0.4194 0.0986 0.9024 1.0
vtan 0.4276 0.0491 0.9026 1.0
vtan 0.4578 -0.0491 0.8877 1.0
vtan 0.9789 0.0 -0.2045 1.0
vtan 0.9945 0.0021 -0.1044 1.0
vtan 0.9177 -0.0 -0.3974 1.0
vtan 0.8189 0.0 -0.574 1.0
vtan 0.6866 0.0 -0.7271 1.0
vtan 0.5262 -0.0 -0.8504 1.0
vtan 0.3442 -0.0 -0.9389 1.0
vtan 0.1482 -0.0 -0.989 1.0
vtan -0.0539 -0.0 -0.9985 1.0
vtan -0.2538 0.0 -0.9673 1.0
vtan -0.4433 0.0 -0.8964 1.0
vtan -0.6147 0.0 -0.7888 1.0
vtan -0.7609 0.0 -0.6489 1.0
vtan -0.8759 0.0 -0.4825 1.0
vtan -0.9551 0.0 -0.2963 1.0
vtan 0.9941 -0.0023 0.1084 1.0
vtan 0.979 -0.0001 0.2039 1.0
vtan 0.9202 -0.0 0.3915 1.0
vtan 0.8226 0.0 0.5687 1.0
vtan 0.6913 -0.0 0.7226 1.0
vtan 0.5317 0.0 0.847 1.0
vtan 0.3503 0.0 0.9366 1.0
vtan 0.1546 0.0 0.988 1.0
vtan -0.0475 0.0 0.9989 1.0
vtan -0.2476 -0.0 0.9689 1.0
vtan -0.4375 0.0 0.8992 1.0
vtan -0.6096 -0.0 0.7927 1.0
vtan -0.7567 0.0 0.6538 1.0
vtan -0.8728 0.0 0.4881 1.0
vtan -0.9532 -0.0 0.3024 1.0
vtan 0.9977 -0.0501 -0.046 1.0
vtan 0.9789 0.0 -0.2045 1.0
vtan 0.9789 -0.0 -0.2045 1.0
vtan 0.9987 -0.0429 -0.0267 1.0
vtan 0.9176 0.0 -0.3974 1.0
vtan 0.9177 -0.0 -0.3974 1.0
vtan 0.8189 0.0 -0.574 1.0
vtan 0.8189 0.0 -0.574 1.0
vtan 0.6866 0.0 -0.727 1.0
vtan 0.6866 0.0 -0.7271 1.0
vtan 0.5262 0.0 -0.8504 1.0
vtan 0.5262 -0.0 -0.8504 1.0
vtan 0.3442 0.0 -0.9389 1.0
vtan 0.3442 0.0 -0.9389 1.0
vtan 0.1482 -0.0 -0.989 1.0
vtan 0.1482 -0.0 -0.989 1.0
vtan -0.0539 0.0 -0.9985 1.0
vtan -0.0539 -0.0 -0.9985 1.0
vtan -0.2538 -0.0 -0.9673 1.0
vtan -0.2538 0.0 -0.9673 1.0
vtan -0.4433 0.0 -0.8964 1.0
vtan -0.4433 -0.0 -0.8964 1.0
vtan -0.6147 0.0 -0.7888 1.0
vtan -0.6147 -0.0 -0.7888 1.0
vtan -0.7609 0.0 -0.6489 1.0
vtan -0.7609 0.0 -0.6489 1.0
vtan -0.8759 0.0 -0.4825 1.0
vtan -0.8759 0.0 -0.4825 1.0
vtan -0.9551 0.0 -0.2963 1.0
vtan -0.9551 0.0 -0.2963 1.0
vtan 0.9984 0.0514 0.025 1.0
vtan 0.9797 0.0039 0.2003 1.0
vtan 0.9795 0.0036 0.2012 1.0
vtan 0.9974 0.0564 0.0449 1.0
vtan 0.9202 0.0 0.3914 1.0
vtan 0.9202 0.0 0.3914 1.0
vtan 0.8226 0.0 0.5687 1.0
vtan 0.8226 0.0 0.5687 1.0
vtan 0.6913 -0.0 0.7226 1.0
vtan 0.6913 0.0 0.7226 1.0
vtan 0.5316 0.0 0.847 1.0
vtan 0.5317 -0.0 0.847 1.0
vtan 0.3503 0.0 0.9367 1.0
vtan 0.3503 -0.0 0.9367 1.0
vtan 0.1546 -0.0 0.988 1.0
vtan 0.1546 0.0 0.988 1.0
vtan -0.0475 -0.0 0.9989 1.0
vtan -0.0475 -0.0 0.9989 1.0
vtan -0.2476 0.0 0.9689 1.0
vtan -0.2476 0.0 0.9689 1.0
vtan -0.4375 0.0 0.8992 1.0
vtan -0.4375 0.0 0.8992 1.0
vtan -0.6096 -0.0 0.7927 1.0
vtan -0.6096 -0.0 0.7927 1.0
vtan -0.7567 0.0 0.6538 1.0
vtan -0.7567 0.0 0.6538 1.0
vtan -0.8728 -0.0 0.4881 1.0
vtan -0.8728 -0.0 0.4881 1.0
vtan -0.9532 -0.0 0.3024 1.0
vtan -0.9532 0.0 0.3024 1.0
vtan 0.9789 0.0 -0.2045 1.0
vtan 0.9949 -0.0252 -0.0977 1.0
vtan 0.9177 -0.0 -0.3974 1.0
vtan 0.8189 -0.0 -0.574 1.0
vtan 0.6866 0.0 -0.7271 1.0
vtan 0.5262 -0.0 -0.8504 1.0
vtan 0.3442 0.0 -0.9389 1.0
vtan 0.1482 -0.0 -0.989 1.0
vtan -0.0539 -0.0 -0.9985 1.0
vtan -0.2538 0.0 -0.9673 1.0
vtan -0.4433 -0.0 -0.8964 1.0
vtan -0.6147 -0.0 -0.7888 1.0
vtan -0.7609 0.0 -0.6489 1.0
vtan -0.8759 0.0 -0.4825 1.0
vtan -0.9551 0.0 -0.2963 1.0
vtan 0.994 0.0289 0.1052 1.0
vtan 0.9791 0.0014 0.2034 1.0
vtan 0.9202 0.0 0.3915 1.0
vtan 0.8226 -0.0 0.5687 1.0
vtan 0.6913 -0.0 0.7226 1.0
vtan 0.5316 0.0 0.847 1.0
vtan 0.3503 0.0 0.9366 1.0
vtan 0.1546 -0.0 0.988 1.0
vtan -0.0475 -0.0 0.9989 1.0
vtan -0.2476 0.0 0.9689 1.0
vtan -0.4375 -0.0 0.8992 1.0
vtan -0.6096 -0.0 0.7927 1.0
vtan -0.7567 0.0 0.6538 1.0
vtan -0.8728 0.0 0.4881 1.0
vtan -0.9532 0.0 0.3024 1.0
vtan 0.9951 -0.0305 -0.0943 1.0
vtan 0.9789 -0.0 -0.2045 1.0
vtan 0.9177 -0.0 -0.3974 1.0
vtan 0.8189 -0.0 -0.574 1.0
vtan 0.6866 0.0 -0.727 1.0
vtan 0.5262 -0.0 -0.8504 1.0
vtan 0.3442 0.0 -0.9389 1.0
vtan 0.1482 0.0 -0.989 1.0
vtan -0.0539 -0.0 -0.9985 1.0
vtan -0.2538 0.0 -0.9673 1.0
vtan -0.4433 -0.0 -0.8964 1.0
vtan -0.6147 0.0 -0.7888 1.0
vtan -0.7609 -0.0 -0.6489 1.0
vtan -0.8759 0.0 -0.4825 1.0
vtan -0.9551 0.0 -0.2963 1.0
vtan 0.9806 -0.0008 0.1959 1.0
vtan 0.9962 0.0288 0.0828 1.0
vtan 0.9202 0.0 0.3914 1.0
vtan 0.8226 -0.0 0.5687 1.0
vtan 0.6913 0.0 0.7226 1.0
vtan 0.5317 0.0 0.847 1.0
vtan 0.3503 0.0 0.9366 1.0
vtan 0.1546 0.0 0.988 1.0
vtan -0.0475 0.0 0.9989 1.0
vtan -0.2476 0.0 0.9689 1.0
vtan -0.4375 -0.0 0.8992 1.0
vtan -0.6096 0.0 0.7927 1.0
vtan -0.7567 0.0 0.6538 1.0
vtan -0.8728 0.0 0.4881 1.0
vtan -0.9532 0.0 0.3024 1.0
vtan 0.9996 -0.0253 -0.01 1.0
vtan 0.9789 0.0 -0.2045 1.0
vtan 0.9176 -0.0 -0.3974 1.0
vtan 0.8189 -0.0 -0.574 1.0
vtan 0.6866 -0.0 -0.7271 1.0
vtan 0.5262 0.0 -0.8504 1.0
vtan 0.3442 0.0 -0.9389 1.0
vtan 0.1482 -0.0 -0.989 1.0
vtan -0.0539 -0.0 -0.9985 1.0
vtan -0.2538 -0.0 -0.9673 1.0
vtan -0.4433 0.0 -0.8964 1.0
vtan -0.6147 0.0 -0.7888 1.0
vtan -0.7609 0.0 -0.6489 1.0
vtan -0.8759 0.0 -0.4825 1.0
vtan -0.9551 -0.0 -0.2963 1.0
vtan 0.9803 -0.0018 0.1977 1.0
vtan 0.9998 0.0218 0.0026 1.0
vtan 0.9202 0.0 0.3915 1.0
vtan 0.8226 0.0 0.5687 1.0
vtan 0.6912 -0.0 0.7226 1.0
vtan 0.5317 0.0 0.847 1.0
vtan 0.3503 -0.0 0.9366 1.0
vtan 0.1546 -0.0 0.988 1.0
vtan -0.0475 0.0 0.9989 1.0
vtan -0.2476 -0.0 0.9689 1.0
vtan -0.4375 0.0 0.8992 1.0
vtan -0.6096 0.0 0.7927 1.0
vtan -0.7567 0.0 0.6538 1.0
vtan -0.8728 -0.0 0.4881 1.0
vtan -0.9532 -0.0 0.3024 1.0
vtan 0.9991 0.0375 -0.0197 1.0
vtan 0.979 -0.0013 -0.204 1.0
vtan 0.9174 0.0013 -0.3979 1.0
vtan 0.8189 -0.0 -0.574 1.0
vtan 0.6866 0.0 -0.727 1.0
vtan 0.5262 -0.0 -0.8504 1.0
vtan 0.3442 0.0 -0.9389 1.0
vtan 0.1482 -0.0 -0.989 1.0
vtan -0.0539 -0.0 -0.9985 1.0
vtan -0.2538 0.0 -0.9673 1.0
vtan -0.4433 -0.0 -0.8964 1.0
vtan -0.6147 0.0 -0.7888 1.0
vtan -0.7609 -0.0 -0.6489 1.0
vtan -0.8759 0.0 -0.4825 1.0
vtan -0.9551 0.0 -0.2963 1.0
vtan 0.9797 -0.0052 0.2005 1.0
vtan 0.9983 -0.0545 0.0208 1.0
vtan 0.9202 0.0 0.3915 1.0
vtan 0.8226 0.0 0.5687 1.0
vtan 0.6912 0.0 0.7226 1.0
vtan 0.5316 -0.0 0.847 1.0
vtan 0.3503 -0.0 0.9366 1.0
vtan 0.1546 0.0 0.988 1.0
vtan -0.0475 -0.0 0.9989 1.0
vtan -0.2476 0.0 0.9689 1.0
vtan -0.4375 -0.0 0.8992 1.0
vtan -0.6096 0.0 0.7927 1.0
vtan -0.7567 -0.0 0.6538 1.0
vtan -0.8728 -0.0 0.4881 1.0
vtan -0.9532 -0.0 0.3024 1.0
vtan 0.9992 0.0343 -0.0192 1.0
vtan 0.979 -0.0012 -0.204 1.0
vtan 0.917 0.0035 -0.3989 1.0
vtan 0.8189 -0.0 -0.574 1.0
vtan 0.6866 -0.0 -0.7271 1.0
vtan 0.5262 0.0 -0.8504 1.0
vtan 0.3442 0.0 -0.9389 1.0
vtan 0.1482 -0.0 -0.989 1.0
vtan -0.0539 -0.0 -0.9985 1.0
vtan -0.2538 0.0 -0.9673 1.0
vtan -0.4433 -0.0 -0.8964 1.0
vtan -0.6147 -0.0 -0.7888 1.0
vtan -0.7609 0.0 -0.6489 1.0
vtan -0.8759 -0.0 -0.4825 1.0
vtan -0.9551 0.0 -0.2963 1.0
vtan 0.9789 -0.0129 0.2041 1.0
vtan 0.9976 -0.0641 0.0266 1.0
vtan 0.9202 0.0 0.3915 1.0
vtan 0.8226 -0.0 0.5687 1.0
vtan 0.6913 0.0 0.7226 1.0
vtan 0.5316 -0.0 0.847 1.0
vtan 0.3503 -0.0 0.9366 1.0
vtan 0.1546 -0.0 0.988 1.0
vtan -0.0475 -0.0 0.9989 1.0
vtan -0.2476 0.0 0.9689 1.0
vtan -0.4375 -0.0 0.8992 1.0
vtan -0.6096 0.0 0.7927 1.0
vtan -0.7567 -0.0 0.6538 1.0
vtan -0.8728 -0.0 0.4881 1.0
vtan -0.9532 -0.0 0.3024 1.0
vtan 0.997 -0.0532 -0.0556 1.0
vtan 0.9791 0.0012 -0.2033 1.0
vtan 0.9789 0.0015 -0.2042 1.0
vtan 0.9995 -0.0295 -0.0097 1.0
vtan 0.9176 -0.0 -0.3974 1.0
vtan 0.9179 0.0026 -0.3969 1.0
vtan 0.8189 0.0 -0.574 1.0
vtan 0.8189 -0.0 -0.574 1.0
vtan 0.6866 0.0 -0.7271 1.0
vtan 0.6866 0.0 -0.7271 1.0
vtan 0.5262 0.0 -0.8504 1.0
vtan 0.5262 0.0 -0.8504 1.0
vtan 0.3442 0.0 -0.9389 1.0
vtan 0.3442 0.0 -0.9389 1.0
vtan 0.1482 0.0 -0.989 1.0
vtan 0.1482 -0.0 -0.989 1.0
vtan -0.0539 -0.0 -0.9985 1.0
vtan -0.0539 0.0 -0.9985 1.0
vtan -0.2538 0.0 -0.9673 1.0
vtan -0.2538 -0.0 -0.9673 1.0
vtan -0.4433 -0.0 -0.8964 1.0
vtan -0.4433 0.0 -0.8964 1.0
vtan -0.6147 0.0 -0.7888 1.0
vtan -0.6147 -0.0 -0.7888 1.0
vtan -0.7609 0.0 -0.6489 1.0
vtan -0.7609 0.0 -0.6489 1.0
vtan -0.8759 0.0 -0.4825 1.0
vtan -0.8759 0.0 -0.4825 1.0
vtan -0.9551 -0.0 -0.2963 1.0
vtan -0.9551 -0.0 -0.2963 1.0
vtan 1.0 0.0044 -0.0023 1.0
vtan 0.9806 -0.0117 0.1957 1.0
vtan 0.9813 -0.0062 0.1922 1.0
vtan 0.9987 0.0376 0.0338 1.0
vtan 0.9202 -0.0 0.3915 1.0
vtan 0.9202 0.0 0.3915 1.0
vtan 0.8226 0.0 0.5687 1.0
vtan 0.8226 -0.0 0.5687 1.0
vtan 0.6913 -0.0 0.7226 1.0
vtan 0.6913 0.0 0.7226 1.0
vtan 0.5316 -0.0 0.847 1.0
vtan 0.5317 0.0 0.847 1.0
vtan 0.3503 -0.0 0.9366 1.0
vtan 0.3503 -0.0 0.9366 1.0
vtan 0.1546 0.0 0.988 1.0
vtan 0.1546 -0.0 0.988 1.0
vtan -0.0475 -0.0 0.9989 1.0
vtan -0.0475 0.0 0.9989 1.0
vtan -0.2476 -0.0 0.9689 1.0
vtan -0.2476 -0.0 0.9689 1.0
vtan -0.4375 -0.0 0.8992 1.0
vtan -0.4375 0.0 0.8992 1.0
vtan -0.6096 -0.0 0.7927 1.0
vtan -0.6096 0.0 0.7927 1.0
vtan -0.7567 -0.0 0.6538 1.0
vtan -0.7567 -0.0 0.6538 1.0
vtan -0.8728 -0.0 0.4881 1.0
vtan -0.8728 -0.0 0.4881 1.0
vtan -0.9532 -0.0 0.3024 1.0
vtan -0.9532 0.0 0.3024 1.0
vtan 0.9955 -0.0388 -0.0865 1.0
vtan 0.9789 -0.0 -0.2045 1.0
vtan 0.9176 0.0 -0.3974 1.0
vtan 0.8189 -0.0 -0.574 1.0
vtan 0.6866 0.0 -0.7271 1.0
vtan 0.5262 0.0 -0.8504 1.0
vtan 0.3442 0.0 -0.9389 1.0
vtan 0.1482 0.0 -0.989 1.0
vtan -0.0539 0.0 -0.9985 1.0
vtan -0.2538 -0.0 -0.9673 1.0
vtan -0.4433 -0.0 -0.8964 1.0
vtan -0.6147 0.0 -0.7888 1.0
vtan -0.7609 0.0 -0.6489 1.0
vtan -0.8759 0.0 -0.4825 1.0
vtan -0.9551 -0.0 -0.2963 1.0
vtan 0.9814 -0.003 0.1919 1.0
vtan 0.9971 0.0334 0.0684 1.0
vtan 0.9202 0.0 0.3915 1.0
vtan 0.8226 0.0 0.5687 1.0
vtan 0.6913 -0.0 0.7226 1.0
vtan 0.5316 -0.0 0.847 1.0
vtan 0.3503 -0.0 0.9366 1.0
vtan 0.1546 -0.0 0.988 1.0
vtan -0.0475 0.0 0.9989 1.0
vtan -0.2476 0.0 0.9689 1.0
vtan -0.4375 0.0 0.8992 1.0
vtan -0.6096 -0.0 0.7927 1.0
vtan -0.7567 0.0 0.6538 1.0
vtan -0.8728 0.0 0.4881 1.0
vtan -0.9532 0.0 0.3024 1.0
vtan 0.9948 -0.022 -0.0994 1.0
vtan 0.9789 0.0 -0.2045 1.0
vtan 0.9177 0.0 -0.3974 1.0
vtan 0.8189 0.0 -0.574 1.0
vtan 0.6866 0.0 -0.7271 1.0
vtan 0.5262 0.0 -0.8504 1.0
vtan 0.3442 0.0 -0.9389 1.0
vtan 0.1482 -0.0 -0.989 1.0
vtan -0.0539 -0.0 -0.9985 1.0
vtan -0.2538 0.0 -0.9673 1.0
vtan -0.4433 0.0 -0.8964 1.0
vtan -0.6147 -0.0 -0.7888 1.0
vtan -0.7609 -0.0 -0.6489 1.0
vtan -0.8759 -0.0 -0.4825 1.0
vtan -0.9551 0.0 -0.2963 1.0
vtan 0.9804 -0.0003 0.1969 1.0
vtan 0.9954 0.022 0.093 1.0
vtan 0.9202 0.0 0.3915 1.0
vtan 0.8226 0.0 0.5687 1.0
vtan 0.6912 0.0 0.7226 1.0
vtan 0.5317 0.0 0.847 1.0
vtan 0.3503 0.0 0.9366 1.0
vtan 0.1546 -0.0 0.988 1.0
vtan -0.0475 -0.0 0.9989 1.0
vtan -0.2476 0.0 0.9689 1.0
vtan -0.4375 0.0 0.8992 1.0
vtan -0.6096 0.0 0.7927 1.0
vtan -0.7567 -0.0 0.6538 1.0
vtan -0.8728 -0.0 0.4881 1.0
vtan -0.9532 0.0 0.3024 1.0
vtan 0.9987 -0.0435 -0.0277 1.0
vtan 0.9789 -0.0 -0.2045 1.0
vtan 0.9177 0.0 -0.3973 1.0
vtan 0.8189 0.0 -0.574 1.0
vtan 0.6866 -0.0 -0.7271 1.0
vtan 0.5262 -0.0 -0.8504 1.0
vtan 0.3442 0.0 -0.9389 1.0
vtan 0.1481 0.0 -0.989 1.0
vtan -0.0539 -0.0 -0.9985 1.0
vtan -0.2538 -0.0 -0.9673 1.0
vtan -0.4433 0.0 -0.8964 1.0
vtan -0.6147 0.0 -0.7888 1.0
vtan -0.7608 -0.0 -0.6489 1.0
vtan -0.8759 0.0 -0.4824 1.0
vtan -0.9551 0.0 -0.2962 1.0
vtan 0.9802 -0.0 0.1982 1.0
vtan 0.9991 0.0392 0.0188 1.0
vtan 0.9202 -0.0 0.3914 1.0
vtan 0.8225 -0.0 0.5687 1.0
vtan 0.6912 -0.0 0.7226 1.0
vtan 0.5317 -0.0 0.8469 1.0
vtan 0.3502 -0.0 0.9367 1.0
vtan 0.1545 -0.0 0.988 1.0
vtan -0.0475 -0.0 0.9989 1.0
vtan -0.2476 0.0 0.9689 1.0
vtan -0.4376 -0.0 0.8992 1.0
vtan -0.6096 -0.0 0.7927 1.0
vtan -0.7566 0.0 0.6538 1.0
vtan -0.8728 0.0 0.4881 1.0
vtan -0.9532 0.0 0.3024 1.0
vtan 0.9999 0.0142 -0.0052 1.0
vtan 0.9789 0.0 -0.2045 1.0
vtan 0.9176 0.0 -0.3974 1.0
vtan 0.8189 0.0 -0.574 1.0
vtan 0.6866 -0.0 -0.727 1.0
vtan 0.5262 0.0 -0.8504 1.0
vtan 0.3442 -0.0 -0.9389 1.0
vtan 0.1482 -0.0 -0.989 1.0
vtan -0.0539 0.0 -0.9985 1.0
vtan -0.2538 -0.0 -0.9672 1.0
vtan -0.4433 -0.0 -0.8964 1.0
vtan -0.6147 0.0 -0.7888 1.0
vtan -0.7609 -0.0 -0.6489 1.0
vtan -0.8759 -0.0 -0.4824 1.0
vtan -0.9551 -0.0 -0.2963 1.0
vtan 0.9799 -0.0073 0.1992 1.0
vtan 0.9996 -0.0271 0.0006 1.0
vtan 0.9202 0.0 0.3915 1.0
vtan 0.8226 -0.0 0.5687 1.0
vtan 0.6912 0.0 0.7226 1.0
vtan 0.5317 -0.0 0.8469 1.0
vtan 0.3503 -0.0 0.9366 1.0
vtan 0.1545 0.0 0.988 1.0
vtan -0.0474 0.0 0.9989 1.0
vtan -0.2476 0.0 0.9689 1.0
vtan -0.4375 -0.0 0.8992 1.0
vtan -0.6096 0.0 0.7927 1.0
vtan -0.7567 0.0 0.6538 1.0
vtan -0.8728 0.0 0.4881 1.0
vtan -0.9532 0.0 0.3024 1.0
vtan 0.9963 -0.0477 -0.0711 1.0
vtan 0.9789 0.0 -0.2045 1.0
vtan 0.9789 0.0 -0.2045 1.0
vtan 0.9971 -0.0507 -0.0563 1.0
vtan 0.9176 0.0 -0.3974 1.0
vtan 0.9176 -0.0 -0.3974 1.0
vtan 0.8189 0.0 -0.574 1.0
vtan 0.8189 0.0 -0.574 1.0
vtan 0.6865 -0.0 -0.7271 1.0
vtan 0.6866 0.0 -0.7271 1.0
vtan 0.5262 0.0 -0.8504 1.0
vtan 0.5262 -0.0 -0.8504 1.0
vtan 0.3443 0.0 -0.9389 1.0
vtan 0.3443 0.0 -0.9389 1.0
vtan 0.1481 -0.0 -0.989 1.0
vtan 0.1482 -0.0 -0.989 1.0
vtan -0.0539 -0.0 -0.9985 1.0
vtan -0.0539 -0.0 -0.9985 1.0
vtan -0.2538 0.0 -0.9673 1.0
vtan -0.2538 0.0 -0.9673 1.0
vtan -0.4434 0.0 -0.8963 1.0
vtan -0.4433 -0.0 -0.8964 1.0
vtan -0.6147 -0.0 -0.7888 1.0
vtan -0.6147 -0.0 -0.7888 1.0
vtan -0.7608 0.0 -0.6489 1.0
vtan -0.7609 0.0 -0.6489 1.0
vtan -0.8759 0.0 -0.4825 1.0
vtan -0.8759 0.0 -0.4824 1.0
vtan -0.9551 0.0 -0.2962 1.0
vtan -0.9551 -0.0 -0.2963 1.0
vtan 0.9966 0.0604 0.0555 1.0
vtan 0.9795 0.0032 0.2012 1.0
vtan 0.9794 0.0053 0.202 1.0
vtan 0.9974 0.0592 0.0408 1.0
vtan 0.9202 0.0 0.3914 1.0
vtan 0.9202 0.0 0.3915 1.0
vtan 0.8226 -0.0 0.5687 1.0
vtan 0.8226 0.0 0.5686 1.0
vtan 0.6912 0.0 0.7226 1.0
vtan 0.6912 -0.0 0.7227 1.0
vtan 0.5317 -0.0 0.847 1.0
vtan 0.5317 -0.0 0.8469 1.0
vtan 0.3503 -0.0 0.9366 1.0
vtan 0.3504 -0.0 0.9366 1.0
vtan 0.1546 -0.0 0.988 1.0
vtan 0.1547 -0.0 0.988 1.0
vtan -0.0475 -0.0 0.9989 1.0
vtan -0.0475 0.0 0.9989 1.0
vtan -0.2476 -0.0 0.9688 1.0
vtan -0.2477 -0.0 0.9688 1.0
vtan -0.4375 0.0 0.8992 1.0
vtan -0.4375 -0.0 0.8992 1.0
vtan -0.6095 0.0 0.7928 1.0
vtan -0.6096 -0.0 0.7927 1.0
vtan -0.7567 -0.0 0.6538 1.0
vtan -0.7567 -0.0 0.6538 1.0
vtan -0.8728 -0.0 0.4882 1.0
vtan -0.8727 -0.0 0.4882 1.0
vtan -0.9532 -0.0 0.3024 1.0
vtan -0.9532 0.0 0.3025 1.0
vtan -0.9945 0.0 0.1043 1.0
vtan 0.9985 0.0455 -0.0315 1.0
vtan 0.9789 -0.0 -0.2045 1.0
vtan 0.9789 0.0 -0.2045 1.0
vtan 0.998 -0.0486 -0.0394 1.0
vtan 0.9176 0.0 -0.3974 1.0
vtan 0.9177 -0.0 -0.3974 1.0
vtan 0.8189 -0.0 -0.574 1.0
vtan 0.8189 0.0 -0.5739 1.0
vtan 0.6866 -0.0 -0.7271 1.0
vtan 0.6865 0.0 -0.7271 1.0
vtan 0.5262 0.0 -0.8504 1.0
vtan 0.5262 -0.0 -0.8504 1.0
vtan 0.3441 -0.0 -0.9389 1.0
vtan 0.3441 0.0 -0.9389 1.0
vtan 0.1483 0.0 -0.9889 1.0
vtan 0.1482 -0.0 -0.989 1.0
vtan -0.0538 -0.0 -0.9986 1.0
vtan -0.0538 0.0 -0.9985 1.0
vtan -0.2538 -0.0 -0.9673 1.0
vtan -0.2538 0.0 -0.9673 1.0
vtan -0.4433 0.0 -0.8964 1.0
vtan -0.4433 0.0 -0.8964 1.0
vtan -0.6147 0.0 -0.7888 1.0
vtan -0.6147 0.0 -0.7887 1.0
vtan -0.7608 0.0 -0.6489 1.0
vtan -0.7609 -0.0 -0.6489 1.0
vtan -0.8759 0.0 -0.4825 1.0
vtan -0.8759 -0.0 -0.4826 1.0
vtan -0.9551 -0.0 -0.2962 1.0
vtan -0.9551 0.0 -0.2963 1.0
vtan 0.9797 -0.0037 0.2005 1.0
vtan 0.9981 -0.0536 0.0301 1.0
vtan 0.9202 -0.0 0.3915 1.0
vtan 0.8226 -0.0 0.5686 1.0
vtan 0.6912 0.0 0.7226 1.0
vtan 0.5316 -0.0 0.847 1.0
vtan 0.3502 0.0 0.9367 1.0
vtan 0.1545 -0.0 0.988 1.0
vtan -0.0474 -0.0 0.9989 1.0
vtan -0.2476 0.0 0.9689 1.0
vtan -0.4376 0.0 0.8992 1.0
vtan -0.6096 -0.0 0.7927 1.0
vtan -0.7567 -0.0 0.6538 1.0
vtan -0.8728 -0.0 0.4881 1.0
vtan -0.9532 0.0 0.3024 1.0
vtan 0.9975 0.0506 -0.0493 1.0
vtan 0.9789 -0.0 -0.2046 1.0
vtan 0.9177 0.0 -0.3974 1.0
vtan 0.8189 -0.0 -0.5739 1.0
vtan 0.6866 0.0 -0.727 1.0
vtan 0.5262 0.0 -0.8504 1.0
vtan 0.3443 0.0 -0.9389 1.0
vtan 0.1482 0.0 -0.989 1.0
vtan -0.0539 -0.0 -0.9985 1.0
vtan -0.2538 0.0 -0.9673 1.0
vtan -0.4433 0.0 -0.8964 1.0
vtan -0.6147 -0.0 -0.7888 1.0
vtan -0.7609 0.0 -0.6489 1.0
vtan -0.8759 0.0 -0.4825 1.0
vtan -0.9551 0.0 -0.2963 1.0
vtan 0.98 -0.0007 0.1989 1.0
vtan 0.997 -0.0584 0.0501 1.0
vtan 0.9202 0.0 0.3915 1.0
vtan 0.8225 -0.0 0.5687 1.0
vtan 0.6912 0.0 0.7226 1.0
vtan 0.5316 -0.0 0.847 1.0
vtan 0.3502 -0.0 0.9367 1.0
vtan 0.1545 -0.0 0.988 1.0
vtan -0.0475 0.0 0.9989 1.0
vtan -0.2476 0.0 0.9689 1.0
vtan -0.4376 0.0 0.8992 1.0
vtan -0.6096 -0.0 0.7927 1.0
vtan -0.7567 0.0 0.6537 1.0
vtan -0.8728 -0.0 0.488 1.0
vtan -0.9532 -0.0 0.3024 1.0
vtan 0.9989 -0.0406 -0.0234 1.0
vtan 0.9789 0.0 -0.2045 1.0
vtan 0.9177 -0.0 -0.3973 1.0
vtan 0.8189 0.0 -0.574 1.0
vtan 0.6866 -0.0 -0.727 1.0
vtan 0.5261 -0.0 -0.8504 1.0
vtan 0.3442 0.0 -0.9389 1.0
vtan 0.1482 -0.0 -0.989 1.0
vtan -0.0539 0.0 -0.9985 1.0
vtan -0.2537 -0.0 -0.9673 1.0
vtan -0.4433 -0.0 -0.8964 1.0
vtan -0.6147 0.0 -0.7888 1.0
vtan -0.7609 0.0 -0.6489 1.0
vtan -0.8759 0.0 -0.4825 1.0
vtan -0.9551 0.0 -0.2963 1.0
vtan 0.983 -0.0371 0.1799 1.0
vtan 0.9993 -0.0315 -0.0189 1.0
vtan 0.9202 -0.0 0.3915 1.0
vtan 0.8225 0.0 0.5687 1.0
vtan 0.6912 -0.0 0.7227 1.0
vtan 0.5316 0.0 0.847 1.0
vtan 0.3503 0.0 0.9367 1.0
vtan 0.1546 -0.0 0.988 1.0
vtan -0.0475 -0.0 0.9989 1.0
vtan -0.2476 0.0 0.9689 1.0
vtan -0.4376 -0.0 0.8992 1.0
vtan -0.6096 0.0 0.7927 1.0
vtan -0.7567 -0.0 0.6538 1.0
vtan -0.8728 -0.0 0.488 1.0
vtan -0.9532 -0.0 0.3024 1.0
vtan 0.9947 -0.0156 -0.1019 1.0
vtan 0.9789 0.0 -0.2045 1.0
vtan 0.9176 -0.0 -0.3974 1.0
vtan 0.8189 -0.0 -0.574 1.0
vtan 0.6866 -0.0 -0.727 1.0
vtan 0.5261 -0.0 -0.8504 1.0
vtan 0.3443 0.0 -0.9389 1.0
vtan 0.1482 0.0 -0.989 1.0
vtan -0.0538 0.0 -0.9985 1.0
vtan -0.2538 0.0 -0.9673 1.0
vtan -0.4433 -0.0 -0.8964 1.0
vtan -0.6146 0.0 -0.7888 1.0
vtan -0.7608 -0.0 -0.6489 1.0
vtan -0.8759 -0.0 -0.4825 1.0
vtan -0.9551 -0.0 -0.2963 1.0
vtan 0.9962 -0.0179 0.0854 1.0
vtan 0.9941 -0.0164 -0.1074 1.0
vtan 0.9202 -0.0 0.3914 1.0
vtan 0.8225 -0.0 0.5687 1.0
vtan 0.6912 -0.0 0.7226 1.0
vtan 0.5316 -0.0 0.847 1.0
vtan 0.3502 -0.0 0.9367 1.0
vtan 0.1546 0.0 0.988 1.0
vtan -0.0474 -0.0 0.9989 1.0
vtan -0.2477 -0.0 0.9688 1.0
vtan -0.4375 0.0 0.8992 1.0
vtan -0.6096 -0.0 0.7927 1.0
vtan -0.7567 -0.0 0.6538 1.0
vtan -0.8728 -0.0 0.4881 1.0
vtan -0.9532 -0.0 0.3024 1.0
vtan 0.9794 0.0035 0.2017 1.0
vtan 0.9962 0.0618 0.0615 1.0
vtan 0.9202 -0.0 0.3915 1.0
vtan 0.8225 -0.0 0.5687 1.0
vtan 0.6912 -0.0 0.7226 1.0
vtan 0.5317 0.0 0.847 1.0
vtan 0.3503 0.0 0.9366 1.0
vtan 0.1545 -0.0 0.988 1.0
vtan -0.0474 0.0 0.9989 1.0
vtan -0.2476 0.0 0.9689 1.0
vtan -0.4375 0.0 0.8992 1.0
vtan -0.6096 -0.0 0.7927 1.0
vtan -0.7567 -0.0 0.6538 1.0
vtan -0.8728 -0.0 0.4881 1.0
vtan -0.9532 -0.0 0.3024 1.0
vtan -0.9952 -0.0 -0.098 1.0
vtan 0.9789 -0.0 -0.2045 1.0
vtan 0.9973 -0.0507 -0.0524 1.0
vtan 0.9176 -0.0 -0.3974 1.0
vtan 0.8189 -0.0 -0.574 1.0
vtan 0.6866 -0.0 -0.727 1.0
vtan 0.5262 0.0 -0.8504 1.0
vtan 0.3442 -0.0 -0.9389 1.0
vtan 0.1482 -0.0 -0.989 1.0
vtan -0.0538 0.0 -0.9986 1.0
vtan -0.2538 0.0 -0.9673 1.0
vtan -0.4434 0.0 -0.8963 1.0
vtan -0.6147 -0.0 -0.7888 1.0
vtan -0.7608 -0.0 -0.649 1.0
vtan -0.8759 0.0 -0.4825 1.0
vtan -0.9551 -0.0 -0.2962 1.0
vtan 0.9782 0.0066 0.2074 1.0
vtan 0.9947 0.0606 0.083 1.0
vtan 0.9202 0.0 0.3914 1.0
vtan 0.8226 -0.0 0.5687 1.0
vtan 0.6913 -0.0 0.7226 1.0
vtan 0.5316 0.0 0.847 1.0
vtan 0.3503 0.0 0.9366 1.0
vtan 0.1546 0.0 0.988 1.0
vtan -0.0475 -0.0 0.9989 1.0
vtan -0.2477 0.0 0.9688 1.0
vtan -0.4376 -0.0 0.8992 1.0
vtan -0.6095 0.0 0.7928 1.0
vtan -0.7567 -0.0 0.6538 1.0
vtan -0.8728 0.0 0.4881 1.0
vtan -0.9532 -0.0 0.3024 1.0
f 0/0/0/0 1/1/1/1 2/2/2/2 
f 0/0/0/0 2/2/2/2 3/3/3/3 
f 4/4/4/4 5/5/5/5 6/6/6/6 
f 4/4/4/4 6/6/6/6 7/7/7/7 
f 7/7/7/7 6/6/6/6 8/8/8/8 
f 7/7/7/7 8/8/8/8 9/9/9/9 
f 9/9/9/9 8/8/8/8 10/10/10/10 
f 9/9/9/9 10/10/10/10 11/11/11/11 
f 12/12/12/12 13/13/13/13 14/14/14/14 
f 12/12/12/12 14/14/14/14 15/15/15/15 
f 15/15/15/15 14/14/14/14 16/16/16/16 
f 15/15/15/15 16/16/16/16 17/17/17/17 
f 1/1/1/1 0/0/0/0 18/18/18/18 
f 1/1/1/1 18/18/18/18 19/19/19/19 
f 20/20/20/20 21/21/21/21 19/19/19/19 
f 20/20/20/20 19/19/19/19 18/18/18/18 
f 22/22/22/22 23/23/23/23 21/21/21/21 
f 22/22/22/22 21/21/21/21 20/20/20/20 
f 24/24/24/24 25/25/25/25 23/23/23/23 
f 24/24/24/24 23/23/23/23 22/22/22/22 
f 26/26/26/26 27/27/27/27 28/28/28/28 
f 26/26/26/26 28/28/28/28 29/29/29/29 
f 30/30/30/30 31/31/31/31 27/27/27/27 
f 30/30/30/30 27/27/27/27 26/26/26/26 
f 32/32/32/32 33/33/33/33 31/31/31/31 
f 32/32/32/32 31/31/31/31 30/30/30/30 
f 34/34/34/34 35/35/35/35 33/33/33/33 
f 34/34/34/34 33/33/33/33 32/32/32/32 
f 36/36/36/36 37/37/37/37 35/35/35/35 
f 36/36/36/36 35/35/35/35 34/34/34/34 
f 38/38/38/38 39/39/39/39 40/40/40/40 
f 38/38/38/38 40/40/40/40 41/41/41/41 
f 42/42/42/42 43/43/43/43 44/44/44/44 
f 42/42/42/42 44/44/44/44 45/45/45/45 
f 46/46/46/46 47/47/47/47 43/43/43/43 
f 46/46/46/46 43/43/43/43 42/42/42/42 
f 48/48/48/48 49/49/49/49 47/47/47/47 
f 48/48/48/48 47/47/47/47 46/46/46/46 
f 50/50/50/50 51/51/51/51 49/49/49/49 
f 50/50/50/50 49/49/49/49 48/48/48/48 
f 41/41/41/41 40/40/40/40 37/37/37/37 
f 41/41/41/41 37/37/37/37 36/36/36/36 
f 11/11/11/11 10/10/10/10 13/13/13/13 
f 11/11/11/11 13/13/13/13 12/12/12/12 
f 3/3/3/3 2/2/2/2 5/5/5/5 
f 3/3/3/3 5/5/5/5 4/4/4/4 
f 52/52/52/52 53/53/53/53 54/54/54/54 
f 52/52/52/52 54/54/54/54 55/55/55/55 
f 53/53/53/53 56/56/56/56 57/57/57/57 
f 53/53/53/53 57/57/57/57 54/54/54/54 
f 56/56/56/56 58/58/58/58 59/59/59/59 
f 56/56/56/56 59/59/59/59 57/57/57/57 
f 58/58/58/58 60/60/60/60 61/61/61/61 
f 58/58/58/58 61/61/61/61 59/59/59/59 
f 60/60/60/60 62/62/62/62 63/63/63/63 
f 60/60/60/60 63/63/63/63 61/61/61/61 
f 62/62/62/62 64/64/64/64 65/65/65/65 
f 62/62/62/62 65/65/65/65 63/63/63/63 
f 64/64/64/64 66/66/66/66 67/67/67/67 
f 64/64/64/64 67/67/67/67 65/65/65/65 
f 66/66/66/66 68/68/68/68 69/69/69/69 
f 66/66/66/66 69/69/69/69 67/67/67/67 
f 68/68/68/68 70/70/70/70 71/71/71/71 
f 68/68/68/68 71/71/71/71 69/69/69/69 
f 70/70/70/70 72/72/72/72 73/73/73/73 
f 70/70/70/70 73/73/73/73 71/71/71/71 
f 72/72/72/72 74/74/74/74 75/75/75/75 
f 72/72/72/72 75/75/75/75 73/73/73/73 
f 74/74/74/74 76/76/76/76 77/77/77/77 
f 74/74/74/74 77/77/77/77 75/75/75/75 
f 76/76/76/76 78/78/78/78 79/79/79/79 
f 76/76/76/76 79/79/79/79 77/77/77/77 
f 78/78/78/78 80/80/80/80 81/81/81/81 
f 78/78/78/78 81/81/81/81 79/79/79/79 
f 80/80/80/80 0/0/0/0 3/3/3/3 
f 80/80/80/80 3/3/3/3 81/81/81/81 
f 55/82/55/82 82/83/82/83 83/84/83/84 
f 55/82/55/82 83/84/83/84 52/85/52/85 
f 82/83/82/83 84/86/84/86 85/87/85/87 
f 82/83/82/83 85/87/85/87 83/84/83/84 
f 84/86/84/86 86/88/86/88 87/89/87/89 
f 84/86/84/86 87/89/87/89 85/87/85/87 
f 86/88/86/88 88/90/88/90 89/91/89/91 
f 86/88/86/88 89/91/89/91 87/89/87/89 
f 88/90/88/90 90/92/90/92 91/93/91/93 
f 88/90/88/90 91/93/91/93 89/91/89/91 
f 90/92/90/92 92/94/92/94 93/95/93/95 
f 90/92/90/92 93/95/93/95 91/93/91/93 
f 92/94/92/94 94/96/94/96 95/97/95/97 
f 92/94/92/94 95/97/95/97 93/95/93/95 
f 94/96/94/96 96/98/96/98 97/99/97/99 
f 94/96/94/96 97/99/97/99 95/97/95/97 
f 96/98/96/98 98/100/98/100 99/101/99/101 
f 96/98/96/98 99/101/99/101 97/99/97/99 
f 98/100/98/100 100/102/100/102 101/103/101/103 
f 98/100/98/100 101/103/101/103 99/101/99/101 
f 100/102/100/102 102/104/102/104 103/105/103/105 
f 100/102/100/102 103/105/103/105 101/103/101/103 
f 102/104/102/104 104/106/104/106 105/107/105/107 
f 102/104/102/104 105/107/105/107 103/105/103/105 
f 104/106/104/106 106/108/106/108 107/109/107/109 
f 104/106/104/106 107/109/107/109 105/107/105/107 
f 106/108/106/108 108/110/108/110 109/111/109/111 
f 106/108/106/108 109/111/109/111 107/109/107/109 
f 108/110/108/110 2/2/2/2 1/1/1/1 
f 108/110/108/110 1/1/1/1 109/111/109/111 
f 110/112/110/112 111/113/111/113 112/114/112/114 
f 110/112/110/112 112/114/112/114 113/115/113/115 
f 111/113/111/113 114/116/114/116 115/117/115/117 
f 111/113/111/113 115/117/115/117 112/114/112/114 
f 114/116/114/116 116/118/116/118 117/119/117/119 
f 114/116/114/116 117/119/117/119 115/117/115/117 
f 116/118/116/118 118/120/118/120 119/121/119/121 
f 116/118/116/118 119/121/119/121 117/119/117/119 
f 118/120/118/120 120/122/120/122 121/123/121/123 
f 118/120/118/120 121/123/121/123 119/121/119/121 
f 120/122/120/122 122/124/122/124 123/125/123/125 
f 120/122/120/122 123/125/123/125 121/123/121/123 
f 122/124/122/124 124/126/124/126 125/127/125/127 
f 122/124/122/124 125/127/125/127 123/125/123/125 
f 124/126/124/126 126/128/126/128 127/129/127/129 
f 124/126/124/126 127/129/127/129 125/127/125/127 
f 126/128/126/128 128/130/128/130 129/131/129/131 
f 126/128/126/128 129/131/129/131 127/129/127/129 
f 128/130/128/130 130/132/130/132 131/133/131/133 
f 128/130/128/130 131/133/131/133 129/131/129/131 
f 130/132/130/132 132/134/132/134 133/135/133/135 
f 130/132/130/132 133/135/133/135 131/133/131/133 
f 132/134/132/134 134/136/134/136 135/137/135/137 
f 132/134/132/134 135/137/135/137 133/135/133/135 
f 134/136/134/136 136/138/136/138 137/139/137/139 
f 134/136/134/136 137/139/137/139 135/137/135/137 
f 136/138/136/138 138/140/138/140 139/141/139/141 
f 136/138/136/138 139/141/139/141 137/139/137/139 
f 138/140/138/140 4/4/4/4 7/7/7/7 
f 138/140/138/140 7/7/7/7 139/141/139/141 
f 113/142/113/142 140/143/140/143 141/144/141/144 
f 113/142/113/142 141/144/141/144 110/145/110/145 
f 140/143/140/143 142/146/142/146 143/147/143/147 
f 140/143/140/143 143/147/143/147 141/144/141/144 
f 142/146/142/146 144/148/144/148 145/149/145/149 
f 142/146/142/146 145/149/145/149 143/147/143/147 
f 144/148/144/148 146/150/146/150 147/151/147/151 
f 144/148/144/148 147/151/147/151 145/149/145/149 
f 146/150/146/150 148/152/148/152 149/153/149/153 
f 146/150/146/150 149/153/149/153 147/151/147/151 
f 148/152/148/152 150/154/150/154 151/155/151/155 
f 148/152/148/152 151/155/151/155 149/153/149/153 
f 150/154/150/154 152/156/152/156 153/157/153/157 
f 150/154/150/154 153/157/153/157 151/155/151/155 
f 152/156/152/156 154/158/154/158 155/159/155/159 
f 152/156/152/156 155/159/155/159 153/157/153/157 
f 154/158/154/158 156/160/156/160 157/161/157/161 
f 154/158/154/158 157/161/157/161 155/159/155/159 
f 156/160/156/160 158/162/158/162 159/163/159/163 
f 156/160/156/160 159/163/159/163 157/161/157/161 
f 158/162/158/162 160/164/160/164 161/165/161/165 
f 158/162/158/162 161/165/161/165 159/163/159/163 
f 160/164/160/164 162/166/162/166 163/167/163/167 
f 160/164/160/164 163/167/163/167 161/165/161/165 
f 162/166/162/166 164/168/164/168 165/169/165/169 
f 162/166/162/166 165/169/165/169 163/167/163/167 
f 164/168/164/168 166/170/166/170 167/171/167/171 
f 164/168/164/168 167/171/167/171 165/169/165/169 
f 166/170/166/170 6/6/6/6 5/5/5/5 
f 166/170/166/170 5/5/5/5 167/171/167/171 
f 113/115/113/115 112/114/112/114 168/172/168/172 
f 113/115/113/115 168/172/168/172 169/173/169/173 
f 112/114/112/114 115/117/115/117 170/174/170/174 
f 112/114/112/114 170/174/170/174 168/172/168/172 
f 115/117/115/117 117/119/117/119 171/175/171/175 
f 115/117/115/117 171/175/171/175 170/174/170/174 
f 117/119/117/119 119/121/119/121 172/176/172/176 
f 117/119/117/119 172/176/172/176 171/175/171/175 
f 119/121/119/121 121/123/121/123 173/177/173/177 
f 119/121/119/121 173/177/173/177 172/176/172/176 
f 121/123/121/123 123/125/123/125 174/178/174/178 
f 121/123/121/123 174/178/174/178 173/177/173/177 
f 123/125/123/125 125/127/125/127 175/179/175/179 
f 123/125/123/125 175/179/175/179 174/178/174/178 
f 125/127/125/127 127/129/127/129 176/180/176/180 
f 125/127/125/127 176/180/176/180 175/179/175/179 
f 127/129/127/129 129/131/129/131 177/181/177/181 
f 127/129/127/129 177/181/177/181 176/180/176/180 
f 129/131/129/131 131/133/131/133 178/182/178/182 
f 129/131/129/131 178/182/178/182 177/181/177/181 
f 131/133/131/133 133/135/133/135 179/183/179/183 
f 131/133/131/133 179/183/179/183 178/182/178/182 
f 133/135/133/135 135/137/135/137 180/184/180/184 
f 133/135/133/135 180/184/180/184 179/183/179/183 
f 135/137/135/137 137/139/137/139 181/185/181/185 
f 135/137/135/137 181/185/181/185 180/184/180/184 
f 137/139/137/139 139/141/139/141 182/186/182/186 
f 137/139/137/139 182/186/182/186 181/185/181/185 
f 139/141/139/141 7/7/7/7 9/9/9/9 
f 139/141/139/141 9/9/9/9 182/186/182/186 
f 169/187/169/187 183/188/183/188 140/143/140/143 
f 169/187/169/187 140/143/140/143 113/142/113/142 
f 183/188/183/188 184/189/184/189 142/146/142/146 
f 183/188/183/188 142/146/142/146 140/143/140/143 
f 184/189/184/189 185/190/185/190 144/148/144/148 
f 184/189/184/189 144/148/144/148 142/146/142/146 
f 185/190/185/190 186/191/186/191 146/150/146/150 
f 185/190/185/190 146/150/146/150 144/148/144/148 
f 186/191/186/191 187/192/187/192 148/152/148/152 
f 186/191/186/191 148/152/148/152 146/150/146/150 
f 187/192/187/192 188/193/188/193 150/154/150/154 
f 187/192/187/192 150/154/150/154 148/152/148/152 
f 188/193/188/193 189/194/189/194 152/156/152/156 
f 188/193/188/193 152/156/152/156 150/154/150/154 
f 189/194/189/194 190/195/190/195 154/158/154/158 
f 189/194/189/194 154/158/154/158 152/156/152/156 
f 190/195/190/195 191/196/191/196 156/160/156/160 
f 190/195/190/195 156/160/156/160 154/158/154/158 
f 191/196/191/196 192/197/192/197 158/162/158/162 
f 191/196/191/196 158/162/158/162 156/160/156/160 
f 192/197/192/197 193/198/193/198 160/164/160/164 
f 192/197/192/197 160/164/160/164 158/162/158/162 
f 193/198/193/198 194/199/194/199 162/166/162/166 
f 193/198/193/198 162/166/162/166 160/164/160/164 
f 194/199/194/199 195/200/195/200 164/168/164/168 
f 194/199/194/199 164/168/164/168 162/166/162/166 
f 195/200/195/200 196/201/196/201 166/170/166/170 
f 195/200/195/200 166/170/166/170 164/168/164/168 
f 196/201/196/201 8/8/8/8 6/6/6/6 
f 196/201/196/201 6/6/6/6 166/170/166/170 
f 197/202/197/202 198/203/198/203 199/204/199/204 
f 197/202/197/202 199/204/199/204 200/205/200/205 
f 199/204/199/204 201/206/201/206 200/205/200/205 
f 200/205/200/205 202/207/202/207 203/208/203/208 
f 200/205/200/205 203/208/203/208 204/209/204/209 
f 203/208/203/208 205/210/205/210 204/209/204/209 
f 197/202/197/202 200/205/200/205 204/209/204/209 
f 197/202/197/202 204/209/204/209 206/211/206/211 
f 204/209/204/209 207/212/207/212 208/213/208/213 
f 204/209/204/209 208/213/208/213 206/211/206/211 
f 208/213/208/213 209/214/209/214 206/211/206/211 
f 206/211/206/211 210/215/210/215 211/216/211/216 
f 206/211/206/211 211/216/211/216 197/202/197/202 
f 197/202/197/202 211/216/211/216 212/217/212/217 
f 197/202/197/202 212/217/212/217 213/218/213/218 
f 214/219/214/219 215/220/215/220 216/221/216/221 
f 214/219/214/219 216/221/216/221 217/222/217/222 
f 216/221/216/221 17/223/17/223 16/224/16/224 
f 216/221/216/221 16/224/16/224 218/225/218/225 
f 16/224/16/224 219/226/219/226 218/225/218/225 
f 218/225/218/225 220/227/220/227 221/228/221/228 
f 218/225/218/225 221/228/221/228 222/229/222/229 
f 221/228/221/228 223/230/223/230 222/229/222/229 
f 222/229/222/229 206/231/206/231 209/214/209/232 
f 222/229/222/229 209/214/209/232 217/222/217/222 
f 209/214/209/232 224/232/224/233 217/222/217/222 
f 218/225/218/225 222/229/222/229 217/222/217/222 
f 218/225/218/225 217/222/217/222 216/221/216/221 
f 225/233/225/234 214/219/214/219 217/222/217/222 
f 169/173/169/173 168/172/168/172 226/234/226/235 
f 169/173/169/173 226/234/226/235 227/235/227/236 
f 168/172/168/172 170/174/170/174 228/236/228/237 
f 168/172/168/172 228/236/228/237 226/234/226/235 
f 170/174/170/174 171/175/171/175 229/237/229/238 
f 170/174/170/174 229/237/229/238 228/236/228/237 
f 171/175/171/175 172/176/172/176 230/238/230/239 
f 171/175/171/175 230/238/230/239 229/237/229/238 
f 172/176/172/176 173/177/173/177 231/239/231/240 
f 172/176/172/176 231/239/231/240 230/238/230/239 
f 173/177/173/177 174/178/174/178 232/240/232/241 
f 173/177/173/177 232/240/232/241 231/239/231/240 
f 174/178/174/178 175/179/175/179 233/241/233/242 
f 174/178/174/178 233/241/233/242 232/240/232/241 
f 175/179/175/179 176/180/176/180 234/242/234/243 
f 175/179/175/179 234/242/234/243 233/241/233/242 
f 176/180/176/180 177/181/177/181 235/243/235/244 
f 176/180/176/180 235/243/235/244 234/242/234/243 
f 177/181/177/181 178/182/178/182 236/244/236/245 
f 177/181/177/181 236/244/236/245 235/243/235/244 
f 178/182/178/182 179/183/179/183 237/245/237/246 
f 178/182/178/182 237/245/237/246 236/244/236/245 
f 179/183/179/183 180/184/180/184 238/246/238/247 
f 179/183/179/183 238/246/238/247 237/245/237/246 
f 180/184/180/184 181/185/181/185 239/247/239/248 
f 180/184/180/184 239/247/239/248 238/246/238/247 
f 181/185/181/185 182/186/182/186 240/248/240/249 
f 181/185/181/185 240/248/240/249 239/247/239/248 
f 182/186/182/186 9/9/9/9 11/11/11/11 
f 182/186/182/186 11/11/11/11 240/248/240/249 
f 227/249/227/250 241/250/241/251 183/188/183/188 
f 227/249/227/250 183/188/183/188 169/187/169/187 
f 241/250/241/251 242/251/242/252 184/189/184/189 
f 241/250/241/251 184/189/184/189 183/188/183/188 
f 242/251/242/252 243/252/243/253 185/190/185/190 
f 242/251/242/252 185/190/185/190 184/189/184/189 
f 243/252/243/253 244/253/244/254 186/191/186/191 
f 243/252/243/253 186/191/186/191 185/190/185/190 
f 244/253/244/254 245/254/245/255 187/192/187/192 
f 244/253/244/254 187/192/187/192 186/191/186/191 
f 245/254/245/255 246/255/246/256 188/193/188/193 
f 245/254/245/255 188/193/188/193 187/192/187/192 
f 246/255/246/256 247/256/247/257 189/194/189/194 
f 246/255/246/256 189/194/189/194 188/193/188/193 
f 247/256/247/257 248/257/248/258 190/195/190/195 
f 247/256/247/257 190/195/190/195 189/194/189/194 
f 248/257/248/258 249/258/249/259 191/196/191/196 
f 248/257/248/258 191/196/191/196 190/195/190/195 
f 249/258/249/259 250/259/250/260 192/197/192/197 
f 249/258/249/259 192/197/192/197 191/196/191/196 
f 250/259/250/260 251/260/251/261 193/198/193/198 
f 250/259/250/260 193/198/193/198 192/197/192/197 
f 251/260/251/261 252/261/252/262 194/199/194/199 
f 251/260/251/261 194/199/194/199 193/198/193/198 
f 252/261/252/262 253/262/253/263 195/200/195/200 
f 252/261/252/262 195/200/195/200 194/199/194/199 
f 253/262/253/263 254/263/254/264 196/201/196/201 
f 253/262/253/263 196/201/196/201 195/200/195/200 
f 254/263/254/264 10/10/10/10 8/8/8/8 
f 254/263/254/264 8/8/8/8 196/201/196/201 
f 255/264/255/265 256/265/256/266 257/266/257/267 
f 255/264/255/265 257/266/257/267 258/267/258/268 
f 256/265/256/266 259/268/259/269 260/269/260/270 
f 256/265/256/266 260/269/260/270 257/266/257/267 
f 259/268/259/269 261/270/261/271 262/271/262/272 
f 259/268/259/269 262/271/262/272 260/269/260/270 
f 261/270/261/271 263/272/263/273 264/273/264/274 
f 261/270/261/271 264/273/264/274 262/271/262/272 
f 263/272/263/273 265/274/265/275 266/275/266/276 
f 263/272/263/273 266/275/266/276 264/273/264/274 
f 265/274/265/275 267/276/267/277 268/277/268/278 
f 265/274/265/275 268/277/268/278 266/275/266/276 
f 267/276/267/277 269/278/269/279 270/279/270/280 
f 267/276/267/277 270/279/270/280 268/277/268/278 
f 269/278/269/279 271/280/271/281 272/281/272/282 
f 269/278/269/279 272/281/272/282 270/279/270/280 
f 271/280/271/281 273/282/273/283 274/283/274/284 
f 271/280/271/281 274/283/274/284 272/281/272/282 
f 273/282/273/283 275/284/275/285 276/285/276/286 
f 273/282/273/283 276/285/276/286 274/283/274/284 
f 275/284/275/285 277/286/277/287 278/287/278/288 
f 275/284/275/285 278/287/278/288 276/285/276/286 
f 277/286/277/287 279/288/279/289 280/289/280/290 
f 277/286/277/287 280/289/280/290 278/287/278/288 
f 279/288/279/289 281/290/281/291 282/291/282/292 
f 279/288/279/289 282/291/282/292 280/289/280/290 
f 281/290/281/291 283/292/283/293 284/293/284/294 
f 281/290/281/291 284/293/284/294 282/291/282/292 
f 283/292/283/293 12/12/12/12 15/15/15/15 
f 283/292/283/293 15/15/15/15 284/293/284/294 
f 258/294/258/295 285/295/285/296 286/296/286/297 
f 258/294/258/295 286/296/286/297 255/297/255/298 
f 285/295/285/296 287/298/287/299 288/299/288/300 
f 285/295/285/296 288/299/288/300 286/296/286/297 
f 287/298/287/299 289/300/289/301 290/301/290/302 
f 287/298/287/299 290/301/290/302 288/299/288/300 
f 289/300/289/301 291/302/291/303 292/303/292/304 
f 289/300/289/301 292/303/292/304 290/301/290/302 
f 291/302/291/303 293/304/293/305 294/305/294/306 
f 291/302/291/303 294/305/294/306 292/303/292/304 
f 293/304/293/305 295/306/295/307 296/307/296/308 
f 293/304/293/305 296/307/296/308 294/305/294/306 
f 295/306/295/307 297/308/297/309 298/309/298/310 
f 295/306/295/307 298/309/298/310 296/307/296/308 
f 297/308/297/309 299/310/299/311 300/311/300/312 
f 297/308/297/309 300/311/300/312 298/309/298/310 
f 299/310/299/311 301/312/301/313 302/313/302/314 
f 299/310/299/311 302/313/302/314 300/311/300/312 
f 301/312/301/313 303/314/303/315 304/315/304/316 
f 301/312/301/313 304/315/304/316 302/313/302/314 
f 303/314/303/315 305/316/305/317 306/317/306/318 
f 303/314/303/315 306/317/306/318 304/315/304/316 
f 305/316/305/317 307/318/307/319 308/319/308/320 
f 305/316/305/317 308/319/308/320 306/317/306/318 
f 307/318/307/319 309/320/309/321 310/321/310/322 
f 307/318/307/319 310/321/310/322 308/319/308/320 
f 309/320/309/321 311/322/311/323 312/323/312/324 
f 309/320/309/321 312/323/312/324 310/321/310/322 
f 311/322/311/323 14/14/14/14 13/13/13/13 
f 311/322/311/323 13/13/13/13 312/323/312/324 
f 258/267/258/268 257/266/257/267 200/324/200/325 
f 258/267/258/268 200/324/200/325 201/325/201/326 
f 257/266/257/267 260/269/260/270 202/326/202/327 
f 257/266/257/267 202/326/202/327 200/324/200/325 
f 260/269/260/270 262/271/262/272 203/327/203/328 
f 260/269/260/270 203/327/203/328 202/326/202/327 
f 262/271/262/272 264/273/264/274 205/328/205/329 
f 262/271/262/272 205/328/205/329 203/327/203/328 
f 264/273/264/274 266/275/266/276 204/329/204/330 
f 264/273/264/274 204/329/204/330 205/328/205/329 
f 266/275/266/276 268/277/268/278 207/330/207/331 
f 266/275/266/276 207/330/207/331 204/329/204/330 
f 268/277/268/278 270/279/270/280 208/331/208/332 
f 268/277/268/278 208/331/208/332 207/330/207/331 
f 270/279/270/280 272/281/272/282 209/332/209/333 
f 270/279/270/280 209/332/209/333 208/331/208/332 
f 272/281/272/282 274/283/274/284 224/333/224/334 
f 272/281/272/282 224/333/224/334 209/332/209/333 
f 274/283/274/284 276/285/276/286 217/334/217/335 
f 274/283/274/284 217/334/217/335 224/333/224/334 
f 276/285/276/286 278/287/278/288 225/335/225/336 
f 276/285/276/286 225/335/225/336 217/334/217/335 
f 278/287/278/288 280/289/280/290 214/336/214/337 
f 278/287/278/288 214/336/214/337 225/335/225/336 
f 280/289/280/290 282/291/282/292 215/337/215/338 
f 280/289/280/290 215/337/215/338 214/336/214/337 
f 282/291/282/292 284/293/284/294 216/338/216/339 
f 282/291/282/292 216/338/216/339 215/337/215/338 
f 284/293/284/294 15/15/15/15 17/17/17/17 
f 284/293/284/294 17/17/17/17 216/338/216/339 
f 201/339/201/340 199/340/199/341 285/295/285/296 
f 201/339/201/340 285/295/285/296 258/294/258/295 
f 199/340/199/341 198/341/198/342 287/298/287/299 
f 199/340/199/341 287/298/287/299 285/295/285/296 
f 198/341/198/342 197/342/197/343 289/300/289/301 
f 198/341/198/342 289/300/289/301 287/298/287/299 
f 197/342/197/343 213/343/213/344 291/302/291/303 
f 197/342/197/343 291/302/291/303 289/300/289/301 
f 213/343/213/344 212/344/212/345 293/304/293/305 
f 213/343/213/344 293/304/293/305 291/302/291/303 
f 212/344/212/345 211/345/211/346 295/306/295/307 
f 212/344/212/345 295/306/295/307 293/304/293/305 
f 211/345/211/346 210/346/210/347 297/308/297/309 
f 211/345/211/346 297/308/297/309 295/306/295/307 
f 210/346/210/347 206/347/206/348 299/310/299/311 
f 210/346/210/347 299/310/299/311 297/308/297/309 
f 206/347/206/348 222/348/222/349 301/312/301/313 
f 206/347/206/348 301/312/301/313 299/310/299/311 
f 222/348/222/349 223/349/223/350 303/314/303/315 
f 222/348/222/349 303/314/303/315 301/312/301/313 
f 223/349/223/350 221/350/221/351 305/316/305/317 
f 223/349/223/350 305/316/305/317 303/314/303/315 
f 221/350/221/351 220/351/220/352 307/318/307/319 
f 221/350/221/351 307/318/307/319 305/316/305/317 
f 220/351/220/352 218/352/218/353 309/320/309/321 
f 220/351/220/352 309/320/309/321 307/318/307/319 
f 218/352/218/353 219/353/219/354 311/322/311/323 
f 218/352/218/353 311/322/311/323 309/320/309/321 
f 219/353/219/354 16/16/16/16 14/14/14/14 
f 219/353/219/354 14/14/14/14 311/322/311/323 
f 313/354/313/355 314/355/314/356 53/53/53/53 
f 313/354/313/355 53/53/53/53 52/52/52/52 
f 314/355/314/356 315/356/315/357 56/56/56/56 
f 314/355/314/356 56/56/56/56 53/53/53/53 
f 315/356/315/357 316/357/316/358 58/58/58/58 
f 315/356/315/357 58/58/58/58 56/56/56/56 
f 316/357/316/358 317/358/317/359 60/60/60/60 
f 316/357/316/358 60/60/60/60 58/58/58/58 
f 317/358/317/359 318/359/318/360 62/62/62/62 
f 317/358/317/359 62/62/62/62 60/60/60/60 
f 318/359/318/360 319/360/319/361 64/64/64/64 
f 318/359/318/360 64/64/64/64 62/62/62/62 
f 319/360/319/361 320/361/320/362 66/66/66/66 
f 319/360/319/361 66/66/66/66 64/64/64/64 
f 320/361/320/362 321/362/321/363 68/68/68/68 
f 320/361/320/362 68/68/68/68 66/66/66/66 
f 321/362/321/363 322/363/322/364 70/70/70/70 
f 321/362/321/363 70/70/70/70 68/68/68/68 
f 322/363/322/364 323/364/323/365 72/72/72/72 
f 322/363/322/364 72/72/72/72 70/70/70/70 
f 323/364/323/365 324/365/324/366 74/74/74/74 
f 323/364/323/365 74/74/74/74 72/72/72/72 
f 324/365/324/366 325/366/325/367 76/76/76/76 
f 324/365/324/366 76/76/76/76 74/74/74/74 
f 325/366/325/367 326/367/326/368 78/78/78/78 
f 325/366/325/367 78/78/78/78 76/76/76/76 
f 326/367/326/368 327/368/327/369 80/80/80/80 
f 326/367/326/368 80/80/80/80 78/78/78/78 
f 0/0/0/0 80/80/80/80 327/368/327/369 
f 0/0/0/0 327/368/327/369 18/18/18/18 
f 52/85/52/85 83/84/83/84 328/369/328/370 
f 52/85/52/85 328/369/328/370 313/370/313/371 
f 83/84/83/84 85/87/85/87 329/371/329/372 
f 83/84/83/84 329/371/329/372 328/369/328/370 
f 85/87/85/87 87/89/87/89 330/372/330/373 
f 85/87/85/87 330/372/330/373 329/371/329/372 
f 87/89/87/89 89/91/89/91 331/373/331/374 
f 87/89/87/89 331/373/331/374 330/372/330/373 
f 89/91/89/91 91/93/91/93 332/374/332/375 
f 89/91/89/91 332/374/332/375 331/373/331/374 
f 91/93/91/93 93/95/93/95 333/375/333/376 
f 91/93/91/93 333/375/333/376 332/374/332/375 
f 93/95/93/95 95/97/95/97 334/376/334/377 
f 93/95/93/95 334/376/334/377 333/375/333/376 
f 95/97/95/97 97/99/97/99 335/377/335/378 
f 95/97/95/97 335/377/335/378 334/376/334/377 
f 97/99/97/99 99/101/99/101 336/378/336/379 
f 97/99/97/99 336/378/336/379 335/377/335/378 
f 99/101/99/101 101/103/101/103 337/379/337/380 
f 99/101/99/101 337/379/337/380 336/378/336/379 
f 101/103/101/103 103/105/103/105 338/380/338/381 
f 101/103/101/103 338/380/338/381 337/379/337/380 
f 103/105/103/105 105/107/105/107 339/381/339/382 
f 103/105/103/105 339/381/339/382 338/380/338/381 
f 105/107/105/107 107/109/107/109 340/382/340/383 
f 105/107/105/107 340/382/340/383 339/381/339/382 
f 107/109/107/109 109/111/109/111 341/383/341/384 
f 107/109/107/109 341/383/341/384 340/382/340/383 
f 109/111/109/111 1/1/1/1 19/19/19/19 
f 109/111/109/111 19/19/19/19 341/383/341/384 
f 342/384/342/385 343/385/343/386 314/355/314/356 
f 342/384/342/385 314/355/314/356 313/354/313/355 
f 343/385/343/386 344/386/344/387 315/356/315/357 
f 343/385/343/386 315/356/315/357 314/355/314/356 
f 344/386/344/387 345/387/345/388 316/357/316/358 
f 344/386/344/387 316/357/316/358 315/356/315/357 
f 345/387/345/388 346/388/346/389 317/358/317/359 
f 345/387/345/388 317/358/317/359 316/357/316/358 
f 346/388/346/389 347/389/347/390 318/359/318/360 
f 346/388/346/389 318/359/318/360 317/358/317/359 
f 347/389/347/390 348/390/348/391 319/360/319/361 
f 347/389/347/390 319/360/319/361 318/359/318/360 
f 348/390/348/391 349/391/349/392 320/361/320/362 
f 348/390/348/391 320/361/320/362 319/360/319/361 
f 349/391/349/392 350/392/350/393 321/362/321/363 
f 349/391/349/392 321/362/321/363 320/361/320/362 
f 350/392/350/393 351/393/351/394 322/363/322/364 
f 350/392/350/393 322/363/322/364 321/362/321/363 
f 351/393/351/394 352/394/352/395 323/364/323/365 
f 351/393/351/394 323/364/323/365 322/363/322/364 
f 352/394/352/395 353/395/353/396 324/365/324/366 
f 352/394/352/395 324/365/324/366 323/364/323/365 
f 353/395/353/396 354/396/354/397 325/366/325/367 
f 353/395/353/396 325/366/325/367 324/365/324/366 
f 354/396/354/397 355/397/355/398 326/367/326/368 
f 354/396/354/397 326/367/326/368 325/366/325/367 
f 355/397/355/398 356/398/356/399 327/368/327/369 
f 355/397/355/398 327/368/327/369 326/367/326/368 
f 356/398/356/399 20/20/20/20 18/18/18/18 
f 356/398/356/399 18/18/18/18 327/368/327/369 
f 313/370/313/371 328/369/328/370 357/399/357/400 
f 313/370/313/371 357/399/357/400 342/400/342/401 
f 328/369/328/370 329/371/329/372 358/401/358/402 
f 328/369/328/370 358/401/358/402 357/399/357/400 
f 329/371/329/372 330/372/330/373 359/402/359/403 
f 329/371/329/372 359/402/359/403 358/401/358/402 
f 330/372/330/373 331/373/331/374 360/403/360/404 
f 330/372/330/373 360/403/360/404 359/402/359/403 
f 331/373/331/374 332/374/332/375 361/404/361/405 
f 331/373/331/374 361/404/361/405 360/403/360/404 
f 332/374/332/375 333/375/333/376 362/405/362/406 
f 332/374/332/375 362/405/362/406 361/404/361/405 
f 333/375/333/376 334/376/334/377 363/406/363/407 
f 333/375/333/376 363/406/363/407 362/405/362/406 
f 334/376/334/377 335/377/335/378 364/407/364/408 
f 334/376/334/377 364/407/364/408 363/406/363/407 
f 335/377/335/378 336/378/336/379 365/408/365/409 
f 335/377/335/378 365/408/365/409 364/407/364/408 
f 336/378/336/379 337/379/337/380 366/409/366/410 
f 336/378/336/379 366/409/366/410 365/408/365/409 
f 337/379/337/380 338/380/338/381 367/410/367/411 
f 337/379/337/380 367/410/367/411 366/409/366/410 
f 338/380/338/381 339/381/339/382 368/411/368/412 
f 338/380/338/381 368/411/368/412 367/410/367/411 
f 339/381/339/382 340/382/340/383 369/412/369/413 
f 339/381/339/382 369/412/369/413 368/411/368/412 
f 340/382/340/383 341/383/341/384 370/413/370/414 
f 340/382/340/383 370/413/370/414 369/412/369/413 
f 341/383/341/384 19/19/19/19 21/21/21/21 
f 341/383/341/384 21/21/21/21 370/413/370/414 
f 371/414/371/415 372/415/372/416 343/385/343/386 
f 371/414/371/415 343/385/343/386 342/384/342/385 
f 372/415/372/416 373/416/373/417 344/386/344/387 
f 372/415/372/416 344/386/344/387 343/385/343/386 
f 373/416/373/417 374/417/374/418 345/387/345/388 
f 373/416/373/417 345/387/345/388 344/386/344/387 
f 374/417/374/418 375/418/375/419 346/388/346/389 
f 374/417/374/418 346/388/346/389 345/387/345/388 
f 375/418/375/419 376/419/376/420 347/389/347/390 
f 375/418/375/419 347/389/347/390 346/388/346/389 
f 376/419/376/420 377/420/377/421 348/390/348/391 
f 376/419/376/420 348/390/348/391 347/389/347/390 
f 377/420/377/421 378/421/378/422 349/391/349/392 
f 377/420/377/421 349/391/349/392 348/390/348/391 
f 378/421/378/422 379/422/379/423 350/392/350/393 
f 378/421/378/422 350/392/350/393 349/391/349/392 
f 379/422/379/423 380/423/380/424 351/393/351/394 
f 379/422/379/423 351/393/351/394 350/392/350/393 
f 380/423/380/424 381/424/381/425 352/394/352/395 
f 380/423/380/424 352/394/352/395 351/393/351/394 
f 381/424/381/425 382/425/382/426 353/395/353/396 
f 381/424/381/425 353/395/353/396 352/394/352/395 
f 382/425/382/426 383/426/383/427 354/396/354/397 
f 382/425/382/426 354/396/354/397 353/395/353/396 
f 383/426/383/427 384/427/384/428 355/397/355/398 
f 383/426/383/427 355/397/355/398 354/396/354/397 
f 384/427/384/428 385/428/385/429 356/398/356/399 
f 384/427/384/428 356/398/356/399 355/397/355/398 
f 385/428/385/429 22/22/22/22 20/20/20/20 
f 385/428/385/429 20/20/20/20 356/398/356/399 
f 342/400/342/401 357/399/357/400 386/429/386/430 
f 342/400/342/401 386/429/386/430 371/430/371/431 
f 357/399/357/400 358/401/358/402 387/431/387/432 
f 357/399/357/400 387/431/387/432 386/429/386/430 
f 358/401/358/402 359/402/359/403 388/432/388/433 
f 358/401/358/402 388/432/388/433 387/431/387/432 
f 359/402/359/403 360/403/360/404 389/433/389/434 
f 359/402/359/403 389/433/389/434 388/432/388/433 
f 360/403/360/404 361/404/361/405 390/434/390/435 
f 360/403/360/404 390/434/390/435 389/433/389/434 
f 361/404/361/405 362/405/362/406 391/435/391/436 
f 361/404/361/405 391/435/391/436 390/434/390/435 
f 362/405/362/406 363/406/363/407 392/436/392/437 
f 362/405/362/406 392/436/392/437 391/435/391/436 
f 363/406/363/407 364/407/364/408 393/437/393/438 
f 363/406/363/407 393/437/393/438 392/436/392/437 
f 364/407/364/408 365/408/365/409 394/438/394/439 
f 364/407/364/408 394/438/394/439 393/437/393/438 
f 365/408/365/409 366/409/366/410 395/439/395/440 
f 365/408/365/409 395/439/395/440 394/438/394/439 
f 366/409/366/410 367/410/367/411 396/440/396/441 
f 366/409/366/410 396/440/396/441 395/439/395/440 
f 367/410/367/411 368/411/368/412 397/441/397/442 
f 367/410/367/411 397/441/397/442 396/440/396/441 
f 368/411/368/412 369/412/369/413 398/442/398/443 
f 368/411/368/412 398/442/398/443 397/441/397/442 
f 369/412/369/413 370/413/370/414 399/443/399/444 
f 369/412/369/413 399/443/399/444 398/442/398/443 
f 370/413/370/414 21/21/21/21 23/23/23/23 
f 370/413/370/414 23/23/23/23 399/443/399/444 
f 400/444/400/445 401/445/401/446 372/415/372/416 
f 400/444/400/445 372/415/372/416 371/414/371/415 
f 401/445/401/446 402/446/402/447 373/416/373/417 
f 401/445/401/446 373/416/373/417 372/415/372/416 
f 402/446/402/447 403/447/403/448 374/417/374/418 
f 402/446/402/447 374/417/374/418 373/416/373/417 
f 403/447/403/448 404/448/404/449 375/418/375/419 
f 403/447/403/448 375/418/375/419 374/417/374/418 
f 404/448/404/449 405/449/405/450 376/419/376/420 
f 404/448/404/449 376/419/376/420 375/418/375/419 
f 405/449/405/450 406/450/406/451 377/420/377/421 
f 405/449/405/450 377/420/377/421 376/419/376/420 
f 406/450/406/451 407/451/407/452 378/421/378/422 
f 406/450/406/451 378/421/378/422 377/420/377/421 
f 407/451/407/452 408/452/408/453 379/422/379/423 
f 407/451/407/452 379/422/379/423 378/421/378/422 
f 408/452/408/453 409/453/409/454 380/423/380/424 
f 408/452/408/453 380/423/380/424 379/422/379/423 
f 409/453/409/454 410/454/410/455 381/424/381/425 
f 409/453/409/454 381/424/381/425 380/423/380/424 
f 410/454/410/455 411/455/411/456 382/425/382/426 
f 410/454/410/455 382/425/382/426 381/424/381/425 
f 411/455/411/456 412/456/412/457 383/426/383/427 
f 411/455/411/456 383/426/383/427 382/425/382/426 
f 412/456/412/457 413/457/413/458 384/427/384/428 
f 412/456/412/457 384/427/384/428 383/426/383/427 
f 413/457/413/458 414/458/414/459 385/428/385/429 
f 413/457/413/458 385/428/385/429 384/427/384/428 
f 414/458/414/459 24/24/24/24 22/22/22/22 
f 414/458/414/459 22/22/22/22 385/428/385/429 
f 371/430/371/431 386/429/386/430 415/459/415/460 
f 371/430/371/431 415/459/415/460 400/460/400/461 
f 386/429/386/430 387/431/387/432 416/461/416/462 
f 386/429/386/430 416/461/416/462 415/459/415/460 
f 387/431/387/432 388/432/388/433 417/462/417/463 
f 387/431/387/432 417/462/417/463 416/461/416/462 
f 388/432/388/433 389/433/389/434 418/463/418/464 
f 388/432/388/433 418/463/418/464 417/462/417/463 
f 389/433/389/434 390/434/390/435 419/464/419/465 
f 389/433/389/434 419/464/419/465 418/463/418/464 
f 390/434/390/435 391/435/391/436 420/465/420/466 
f 390/434/390/435 420/465/420/466 419/464/419/465 
f 391/435/391/436 392/436/392/437 421/466/421/467 
f 391/435/391/436 421/466/421/467 420/465/420/466 
f 392/436/392/437 393/437/393/438 422/467/422/468 
f 392/436/392/437 422/467/422/468 421/466/421/467 
f 393/437/393/438 394/438/394/439 423/468/423/469 
f 393/437/393/438 423/468/423/469 422/467/422/468 
f 394/438/394/439 395/439/395/440 424/469/424/470 
f 394/438/394/439 424/469/424/470 423/468/423/469 
f 395/439/395/440 396/440/396/441 425/470/425/471 
f 395/439/395/440 425/470/425/471 424/469/424/470 
f 396/440/396/441 397/441/397/442 426/471/426/472 
f 396/440/396/441 426/471/426/472 425/470/425/471 
f 397/441/397/442 398/442/398/443 427/472/427/473 
f 397/441/397/442 427/472/427/473 426/471/426/472 
f 398/442/398/443 399/443/399/444 428/473/428/474 
f 398/442/398/443 428/473/428/474 427/472/427/473 
f 399/443/399/444 23/23/23/23 25/25/25/25 
f 399/443/399/444 25/25/25/25 428/473/428/474 
f 429/474/429/475 430/475/430/476 431/476/431/477 
f 429/474/429/475 431/476/431/477 432/477/432/478 
f 430/475/430/476 433/478/433/479 434/479/434/480 
f 430/475/430/476 434/479/434/480 431/476/431/477 
f 433/478/433/479 435/480/435/481 436/481/436/482 
f 433/478/433/479 436/481/436/482 434/479/434/480 
f 435/480/435/481 437/482/437/483 438/483/438/484 
f 435/480/435/481 438/483/438/484 436/481/436/482 
f 437/482/437/483 439/484/439/485 440/485/440/486 
f 437/482/437/483 440/485/440/486 438/483/438/484 
f 439/484/439/485 441/486/441/487 442/487/442/488 
f 439/484/439/485 442/487/442/488 440/485/440/486 
f 441/486/441/487 443/488/443/489 444/489/444/490 
f 441/486/441/487 444/489/444/490 442/487/442/488 
f 443/488/443/489 445/490/445/491 446/491/446/492 
f 443/488/443/489 446/491/446/492 444/489/444/490 
f 445/490/445/491 447/492/447/493 448/493/448/494 
f 445/490/445/491 448/493/448/494 446/491/446/492 
f 447/492/447/493 449/494/449/495 450/495/450/496 
f 447/492/447/493 450/495/450/496 448/493/448/494 
f 449/494/449/495 451/496/451/497 452/497/452/498 
f 449/494/449/495 452/497/452/498 450/495/450/496 
f 451/496/451/497 453/498/453/499 454/499/454/500 
f 451/496/451/497 454/499/454/500 452/497/452/498 
f 453/498/453/499 455/500/455/501 456/501/456/502 
f 453/498/453/499 456/501/456/502 454/499/454/500 
f 455/500/455/501 457/502/457/503 458/503/458/504 
f 455/500/455/501 458/503/458/504 456/501/456/502 
f 457/502/457/503 26/26/26/26 29/29/29/29 
f 457/502/457/503 29/29/29/29 458/503/458/504 
f 432/504/432/505 459/505/459/506 460/506/460/507 
f 432/504/432/505 460/506/460/507 429/507/429/508 
f 459/505/459/506 461/508/461/509 462/509/462/510 
f 459/505/459/506 462/509/462/510 460/506/460/507 
f 461/508/461/509 463/510/463/511 464/511/464/512 
f 461/508/461/509 464/511/464/512 462/509/462/510 
f 463/510/463/511 465/512/465/513 466/513/466/514 
f 463/510/463/511 466/513/466/514 464/511/464/512 
f 465/512/465/513 467/514/467/515 468/515/468/516 
f 465/512/465/513 468/515/468/516 466/513/466/514 
f 467/514/467/515 469/516/469/517 470/517/470/518 
f 467/514/467/515 470/517/470/518 468/515/468/516 
f 469/516/469/517 471/518/471/519 472/519/472/520 
f 469/516/469/517 472/519/472/520 470/517/470/518 
f 471/518/471/519 473/520/473/521 474/521/474/522 
f 471/518/471/519 474/521/474/522 472/519/472/520 
f 473/520/473/521 475/522/475/523 476/523/476/524 
f 473/520/473/521 476/523/476/524 474/521/474/522 
f 475/522/475/523 477/524/477/525 478/525/478/526 
f 475/522/475/523 478/525/478/526 476/523/476/524 
f 477/524/477/525 479/526/479/527 480/527/480/528 
f 477/524/477/525 480/527/480/528 478/525/478/526 
f 479/526/479/527 481/528/481/529 482/529/482/530 
f 479/526/479/527 482/529/482/530 480/527/480/528 
f 481/528/481/529 483/530/483/531 484/531/484/532 
f 481/528/481/529 484/531/484/532 482/529/482/530 
f 483/530/483/531 485/532/485/533 486/533/486/534 
f 483/530/483/531 486/533/486/534 484/531/484/532 
f 485/532/485/533 28/28/28/28 27/27/27/27 
f 485/532/485/533 27/27/27/27 486/533/486/534 
f 487/534/487/535 488/535/488/536 430/475/430/476 
f 487/534/487/535 430/475/430/476 429/474/429/475 
f 488/535/488/536 489/536/489/537 433/478/433/479 
f 488/535/488/536 433/478/433/479 430/475/430/476 
f 489/536/489/537 490/537/490/538 435/480/435/481 
f 489/536/489/537 435/480/435/481 433/478/433/479 
f 490/537/490/538 491/538/491/539 437/482/437/483 
f 490/537/490/538 437/482/437/483 435/480/435/481 
f 491/538/491/539 492/539/492/540 439/484/439/485 
f 491/538/491/539 439/484/439/485 437/482/437/483 
f 492/539/492/540 493/540/493/541 441/486/441/487 
f 492/539/492/540 441/486/441/487 439/484/439/485 
f 493/540/493/541 494/541/494/542 443/488/443/489 
f 493/540/493/541 443/488/443/489 441/486/441/487 
f 494/541/494/542 495/542/495/543 445/490/445/491 
f 494/541/494/542 445/490/445/491 443/488/443/489 
f 495/542/495/543 496/543/496/544 447/492/447/493 
f 495/542/495/543 447/492/447/493 445/490/445/491 
f 496/543/496/544 497/544/497/545 449/494/449/495 
f 496/543/496/544 449/494/449/495 447/492/447/493 
f 497/544/497/545 498/545/498/546 451/496/451/497 
f 497/544/497/545 451/496/451/497 449/494/449/495 
f 498/545/498/546 499/546/499/547 453/498/453/499 
f 498/545/498/546 453/498/453/499 451/496/451/497 
f 499/546/499/547 500/547/500/548 455/500/455/501 
f 499/546/499/547 455/500/455/501 453/498/453/499 
f 500/547/500/548 501/548/501/549 457/502/457/503 
f 500/547/500/548 457/502/457/503 455/500/455/501 
f 501/548/501/549 30/30/30/30 26/26/26/26 
f 501/548/501/549 26/26/26/26 457/502/457/503 
f 429/507/429/508 460/506/460/507 502/549/502/550 
f 429/507/429/508 502/549/502/550 487/550/487/551 
f 460/506/460/507 462/509/462/510 503/551/503/552 
f 460/506/460/507 503/551/503/552 502/549/502/550 
f 462/509/462/510 464/511/464/512 504/552/504/553 
f 462/509/462/510 504/552/504/553 503/551/503/552 
f 464/511/464/512 466/513/466/514 505/553/505/554 
f 464/511/464/512 505/553/505/554 504/552/504/553 
f 466/513/466/514 468/515/468/516 506/554/506/555 
f 466/513/466/514 506/554/506/555 505/553/505/554 
f 468/515/468/516 470/517/470/518 507/555/507/556 
f 468/515/468/516 507/555/507/556 506/554/506/555 
f 470/517/470/518 472/519/472/520 508/556/508/557 
f 470/517/470/518 508/556/508/557 507/555/507/556 
f 472/519/472/520 474/521/474/522 509/557/509/558 
f 472/519/472/520 509/557/509/558 508/556/508/557 
f 474/521/474/522 476/523/476/524 510/558/510/559 
f 474/521/474/522 510/558/510/559 509/557/509/558 
f 476/523/476/524 478/525/478/526 511/559/511/560 
f 476/523/476/524 511/559/511/560 510/558/510/559 
f 478/525/478/526 480/527/480/528 512/560/512/561 
f 478/525/478/526 512/560/512/561 511/559/511/560 
f 480/527/480/528 482/529/482/530 513/561/513/562 
f 480/527/480/528 513/561/513/562 512/560/512/561 
f 482/529/482/530 484/531/484/532 514/562/514/563 
f 482/529/482/530 514/562/514/563 513/561/513/562 
f 484/531/484/532 486/533/486/534 515/563/515/564 
f 484/531/484/532 515/563/515/564 514/562/514/563 
f 486/533/486/534 27/27/27/27 31/31/31/31 
f 486/533/486/534 31/31/31/31 515/563/515/564 
f 516/564/516/565 517/565/517/566 488/535/488/536 
f 516/564/516/565 488/535/488/536 487/534/487/535 
f 517/565/517/566 518/566/518/567 489/536/489/537 
f 517/565/517/566 489/536/489/537 488/535/488/536 
f 518/566/518/567 519/567/519/568 490/537/490/538 
f 518/566/518/567 490/537/490/538 489/536/489/537 
f 519/567/519/568 520/568/520/569 491/538/491/539 
f 519/567/519/568 491/538/491/539 490/537/490/538 
f 520/568/520/569 521/569/521/570 492/539/492/540 
f 520/568/520/569 492/539/492/540 491/538/491/539 
f 521/569/521/570 522/570/522/571 493/540/493/541 
f 521/569/521/570 493/540/493/541 492/539/492/540 
f 522/570/522/571 523/571/523/572 494/541/494/542 
f 522/570/522/571 494/541/494/542 493/540/493/541 
f 523/571/523/572 524/572/524/573 495/542/495/543 
f 523/571/523/572 495/542/495/543 494/541/494/542 
f 524/572/524/573 525/573/525/574 496/543/496/544 
f 524/572/524/573 496/543/496/544 495/542/495/543 
f 525/573/525/574 526/574/526/575 497/544/497/545 
f 525/573/525/574 497/544/497/545 496/543/496/544 
f 526/574/526/575 527/575/527/576 498/545/498/546 
f 526/574/526/575 498/545/498/546 497/544/497/545 
f 527/575/527/576 528/576/528/577 499/546/499/547 
f 527/575/527/576 499/546/499/547 498/545/498/546 
f 528/576/528/577 529/577/529/578 500/547/500/548 
f 528/576/528/577 500/547/500/548 499/546/499/547 
f 529/577/529/578 530/578/530/579 501/548/501/549 
f 529/577/529/578 501/548/501/549 500/547/500/548 
f 530/578/530/579 32/32/32/32 30/30/30/30 
f 530/578/530/579 30/30/30/30 501/548/501/549 
f 487/550/487/551 502/549/502/550 531/579/531/580 
f 487/550/487/551 531/579/531/580 516/580/516/581 
f 502/549/502/550 503/551/503/552 532/581/532/582 
f 502/549/502/550 532/581/532/582 531/579/531/580 
f 503/551/503/552 504/552/504/553 533/582/533/583 
f 503/551/503/552 533/582/533/583 532/581/532/582 
f 504/552/504/553 505/553/505/554 534/583/534/584 
f 504/552/504/553 534/583/534/584 533/582/533/583 
f 505/553/505/554 506/554/506/555 535/584/535/585 
f 505/553/505/554 535/584/535/585 534/583/534/584 
f 506/554/506/555 507/555/507/556 536/585/536/586 
f 506/554/506/555 536/585/536/586 535/584/535/585 
f 507/555/507/556 508/556/508/557 537/586/537/587 
f 507/555/507/556 537/586/537/587 536/585/536/586 
f 508/556/508/557 509/557/509/558 538/587/538/588 
f 508/556/508/557 538/587/538/588 537/586/537/587 
f 509/557/509/558 510/558/510/559 539/588/539/589 
f 509/557/509/558 539/588/539/589 538/587/538/588 
f 510/558/510/559 511/559/511/560 540/589/540/590 
f 510/558/510/559 540/589/540/590 539/588/539/589 
f 511/559/511/560 512/560/512/561 541/590/541/591 
f 511/559/511/560 541/590/541/591 540/589/540/590 
f 512/560/512/561 513/561/513/562 542/591/542/592 
f 512/560/512/561 542/591/542/592 541/590/541/591 
f 513/561/513/562 514/562/514/563 543/592/543/593 
f 513/561/513/562 543/592/543/593 542/591/542/592 
f 514/562/514/563 515/563/515/564 544/593/544/594 
f 514/562/514/563 544/593/544/594 543/592/543/593 
f 515/563/515/564 31/31/31/31 33/33/33/33 
f 515/563/515/564 33/33/33/33 544/593/544/594 
f 545/594/545/595 546/595/546/596 517/565/517/566 
f 545/594/545/595 517/565/517/566 516/564/516/565 
f 546/595/546/596 547/596/547/597 518/566/518/567 
f 546/595/546/596 518/566/518/567 517/565/517/566 
f 547/596/547/597 548/597/548/598 519/567/519/568 
f 547/596/547/597 519/567/519/568 518/566/518/567 
f 548/597/548/598 549/598/549/599 520/568/520/569 
f 548/597/548/598 520/568/520/569 519/567/519/568 
f 549/598/549/599 550/599/550/600 521/569/521/570 
f 549/598/549/599 521/569/521/570 520/568/520/569 
f 550/599/550/600 551/600/551/601 522/570/522/571 
f 550/599/550/600 522/570/522/571 521/569/521/570 
f 551/600/551/601 552/601/552/602 523/571/523/572 
f 551/600/551/601 523/571/523/572 522/570/522/571 
f 552/601/552/602 553/602/553/603 524/572/524/573 
f 552/601/552/602 524/572/524/573 523/571/523/572 
f 553/602/553/603 554/603/554/604 525/573/525/574 
f 553/602/553/603 525/573/525/574 524/572/524/573 
f 554/603/554/604 555/604/555/605 526/574/526/575 
f 554/603/554/604 526/574/526/575 525/573/525/574 
f 555/604/555/605 556/605/556/606 527/575/527/576 
f 555/604/555/605 527/575/527/576 526/574/526/575 
f 556/605/556/606 557/606/557/607 528/576/528/577 
f 556/605/556/606 528/576/528/577 527/575/527/576 
f 557/606/557/607 558/607/558/608 529/577/529/578 
f 557/606/557/607 529/577/529/578 528/576/528/577 
f 558/607/558/608 559/608/559/609 530/578/530/579 
f 558/607/558/608 530/578/530/579 529/577/529/578 
f 559/608/559/609 34/34/34/34 32/32/32/32 
f 559/608/559/609 32/32/32/32 530/578/530/579 
f 516/580/516/581 531/579/531/580 560/609/560/610 
f 516/580/516/581 560/609/560/610 545/610/545/611 
f 531/579/531/580 532/581/532/582 561/611/561/612 
f 531/579/531/580 561/611/561/612 560/609/560/610 
f 532/581/532/582 533/582/533/583 562/612/562/613 
f 532/581/532/582 562/612/562/613 561/611/561/612 
f 533/582/533/583 534/583/534/584 563/613/563/614 
f 533/582/533/583 563/613/563/614 562/612/562/613 
f 534/583/534/584 535/584/535/585 564/614/564/615 
f 534/583/534/584 564/614/564/615 563/613/563/614 
f 535/584/535/585 536/585/536/586 565/615/565/616 
f 535/584/535/585 565/615/565/616 564/614/564/615 
f 536/585/536/586 537/586/537/587 566/616/566/617 
f 536/585/536/586 566/616/566/617 565/615/565/616 
f 537/586/537/587 538/587/538/588 567/617/567/618 
f 537/586/537/587 567/617/567/618 566/616/566/617 
f 538/587/538/588 539/588/539/589 568/618/568/619 
f 538/587/538/588 568/618/568/619 567/617/567/618 
f 539/588/539/589 540/589/540/590 569/619/569/620 
f 539/588/539/589 569/619/569/620 568/618/568/619 
f 540/589/540/590 541/590/541/591 570/620/570/621 
f 540/589/540/590 570/620/570/621 569/619/569/620 
f 541/590/541/591 542/591/542/592 571/621/571/622 
f 541/590/541/591 571/621/571/622 570/620/570/621 
f 542/591/542/592 543/592/543/593 572/622/572/623 
f 542/591/542/592 572/622/572/623 571/621/571/622 
f 543/592/543/593 544/593/544/594 573/623/573/624 
f 543/592/543/593 573/623/573/624 572/622/572/623 
f 544/593/544/594 33/33/33/33 35/35/35/35 
f 544/593/544/594 35/35/35/35 573/623/573/624 
f 574/624/574/625 575/625/575/626 546/595/546/596 
f 574/624/574/625 546/595/546/596 545/594/545/595 
f 575/625/575/626 576/626/576/627 547/596/547/597 
f 575/625/575/626 547/596/547/597 546/595/546/596 
f 576/626/576/627 577/627/577/628 548/597/548/598 
f 576/626/576/627 548/597/548/598 547/596/547/597 
f 577/627/577/628 578/628/578/629 549/598/549/599 
f 577/627/577/628 549/598/549/599 548/597/548/598 
f 578/628/578/629 579/629/579/630 550/599/550/600 
f 578/628/578/629 550/599/550/600 549/598/549/599 
f 579/629/579/630 580/630/580/631 551/600/551/601 
f 579/629/579/630 551/600/551/601 550/599/550/600 
f 580/630/580/631 581/631/581/632 552/601/552/602 
f 580/630/580/631 552/601/552/602 551/600/551/601 
f 581/631/581/632 582/632/582/633 553/602/553/603 
f 581/631/581/632 553/602/553/603 552/601/552/602 
f 582/632/582/633 583/633/583/634 554/603/554/604 
f 582/632/582/633 554/603/554/604 553/602/553/603 
f 583/633/583/634 584/634/584/635 555/604/555/605 
f 583/633/583/634 555/604/555/605 554/603/554/604 
f 584/634/584/635 585/635/585/636 556/605/556/606 
f 584/634/584/635 556/605/556/606 555/604/555/605 
f 585/635/585/636 586/636/586/637 557/606/557/607 
f 585/635/585/636 557/606/557/607 556/605/556/606 
f 586/636/586/637 587/637/587/638 558/607/558/608 
f 586/636/586/637 558/607/558/608 557/606/557/607 
f 587/637/587/638 588/638/588/639 559/608/559/609 
f 587/637/587/638 559/608/559/609 558/607/558/608 
f 588/638/588/639 36/36/36/36 34/34/34/34 
f 588/638/588/639 34/34/34/34 559/608/559/609 
f 545/610/545/611 560/609/560/610 589/639/589/640 
f 545/610/545/611 589/639/589/640 574/640/574/641 
f 560/609/560/610 561/611/561/612 590/641/590/642 
f 560/609/560/610 590/641/590/642 589/639/589/640 
f 561/611/561/612 562/612/562/613 591/642/591/643 
f 561/611/561/612 591/642/591/643 590/641/590/642 
f 562/612/562/613 563/613/563/614 592/643/592/644 
f 562/612/562/613 592/643/592/644 591/642/591/643 
f 563/613/563/614 564/614/564/615 593/644/593/645 
f 563/613/563/614 593/644/593/645 592/643/592/644 
f 564/614/564/615 565/615/565/616 594/645/594/646 
f 564/614/564/615 594/645/594/646 593/644/593/645 
f 565/615/565/616 566/616/566/617 595/646/595/647 
f 565/615/565/616 595/646/595/647 594/645/594/646 
f 566/616/566/617 567/617/567/618 596/647/596/648 
f 566/616/566/617 596/647/596/648 595/646/595/647 
f 567/617/567/618 568/618/568/619 597/648/597/649 
f 567/617/567/618 597/648/597/649 596/647/596/648 
f 568/618/568/619 569/619/569/620 598/649/598/650 
f 568/618/568/619 598/649/598/650 597/648/597/649 
f 569/619/569/620 570/620/570/621 599/650/599/651 
f 569/619/569/620 599/650/599/651 598/649/598/650 
f 570/620/570/621 571/621/571/622 600/651/600/652 
f 570/620/570/621 600/651/600/652 599/650/599/651 
f 571/621/571/622 572/622/572/623 601/652/601/653 
f 571/621/571/622 601/652/601/653 600/651/600/652 
f 572/622/572/623 573/623/573/624 602/653/602/654 
f 572/622/572/623 602/653/602/654 601/652/601/653 
f 573/623/573/624 35/35/35/35 37/37/37/37 
f 573/623/573/624 37/37/37/37 602/653/602/654 
f 603/654/603/655 604/655/604/656 605/656/605/657 
f 603/654/603/655 605/656/605/657 606/657/606/658 
f 604/655/604/656 607/658/607/659 608/659/608/660 
f 604/655/604/656 608/659/608/660 605/656/605/657 
f 607/658/607/659 609/660/609/661 610/661/610/662 
f 607/658/607/659 610/661/610/662 608/659/608/660 
f 609/660/609/661 611/662/611/663 612/663/612/664 
f 609/660/609/661 612/663/612/664 610/661/610/662 
f 611/662/611/663 613/664/613/665 614/665/614/666 
f 611/662/611/663 614/665/614/666 612/663/612/664 
f 613/664/613/665 615/666/615/667 616/667/616/668 
f 613/664/613/665 616/667/616/668 614/665/614/666 
f 615/666/615/667 617/668/617/669 618/669/618/670 
f 615/666/615/667 618/669/618/670 616/667/616/668 
f 617/668/617/669 619/670/619/671 620/671/620/672 
f 617/668/617/669 620/671/620/672 618/669/618/670 
f 619/670/619/671 621/672/621/673 622/673/622/674 
f 619/670/619/671 622/673/622/674 620/671/620/672 
f 621/672/621/673 623/674/623/675 624/675/624/676 
f 621/672/621/673 624/675/624/676 622/673/622/674 
f 623/674/623/675 625/676/625/677 626/677/626/678 
f 623/674/623/675 626/677/626/678 624/675/624/676 
f 625/676/625/677 627/678/627/679 628/679/628/680 
f 625/676/625/677 628/679/628/680 626/677/626/678 
f 627/678/627/679 629/680/629/681 630/681/630/682 
f 627/678/627/679 630/681/630/682 628/679/628/680 
f 629/680/629/681 631/682/631/683 632/683/632/684 
f 629/680/629/681 632/683/632/684 630/681/630/682 
f 631/682/631/683 38/38/38/38 41/41/41/41 
f 631/682/631/683 41/41/41/41 632/683/632/684 
f 633/684/633/685 634/685/634/686 635/686/635/687 
f 633/684/633/685 635/686/635/687 636/687/636/688 
f 634/685/634/686 637/688/637/689 638/689/638/690 
f 634/685/634/686 638/689/638/690 635/686/635/687 
f 637/688/637/689 639/690/639/691 640/691/640/692 
f 637/688/637/689 640/691/640/692 638/689/638/690 
f 639/690/639/691 641/692/641/693 642/693/642/694 
f 639/690/639/691 642/693/642/694 640/691/640/692 
f 641/692/641/693 643/694/643/695 644/695/644/696 
f 641/692/641/693 644/695/644/696 642/693/642/694 
f 643/694/643/695 645/696/645/697 646/697/646/698 
f 643/694/643/695 646/697/646/698 644/695/644/696 
f 645/696/645/697 647/698/647/699 648/699/648/700 
f 645/696/645/697 648/699/648/700 646/697/646/698 
f 647/698/647/699 649/700/649/701 650/701/650/702 
f 647/698/647/699 650/701/650/702 648/699/648/700 
f 649/700/649/701 651/702/651/703 652/703/652/704 
f 649/700/649/701 652/703/652/704 650/701/650/702 
f 651/702/651/703 653/704/653/705 654/705/654/706 
f 651/702/651/703 654/705/654/706 652/703/652/704 
f 653/704/653/705 655/706/655/707 656/707/656/708 
f 653/704/653/705 656/707/656/708 654/705/654/706 
f 655/706/655/707 657/708/657/709 658/709/658/710 
f 655/706/655/707 658/709/658/710 656/707/656/708 
f 657/708/657/709 659/710/659/711 660/711/660/712 
f 657/708/657/709 660/711/660/712 658/709/658/710 
f 659/710/659/711 661/712/661/713 662/713/662/714 
f 659/710/659/711 662/713/662/714 660/711/660/712 
f 661/712/661/713 663/714/663/715 44/44/44/44 
f 661/712/661/713 44/44/44/44 662/713/662/714 
f 664/715/664/716 665/716/665/717 666/717/666/718 
f 664/715/664/716 666/717/666/718 636/718/636/719 
f 665/716/665/717 667/719/667/720 668/720/668/721 
f 665/716/665/717 668/720/668/721 666/717/666/718 
f 667/719/667/720 669/721/669/722 670/722/670/723 
f 667/719/667/720 670/722/670/723 668/720/668/721 
f 669/721/669/722 671/723/671/724 672/724/672/725 
f 669/721/669/722 672/724/672/725 670/722/670/723 
f 671/723/671/724 673/725/673/726 674/726/674/727 
f 671/723/671/724 674/726/674/727 672/724/672/725 
f 673/725/673/726 675/727/675/728 676/728/676/729 
f 673/725/673/726 676/728/676/729 674/726/674/727 
f 675/727/675/728 677/729/677/730 678/730/678/731 
f 675/727/675/728 678/730/678/731 676/728/676/729 
f 677/729/677/730 679/731/679/732 680/732/680/733 
f 677/729/677/730 680/732/680/733 678/730/678/731 
f 679/731/679/732 681/733/681/734 682/734/682/735 
f 679/731/679/732 682/734/682/735 680/732/680/733 
f 681/733/681/734 683/735/683/736 684/736/684/737 
f 681/733/681/734 684/736/684/737 682/734/682/735 
f 683/735/683/736 685/737/685/738 686/738/686/739 
f 683/735/683/736 686/738/686/739 684/736/684/737 
f 685/737/685/738 687/739/687/740 688/740/688/741 
f 685/737/685/738 688/740/688/741 686/738/686/739 
f 687/739/687/740 689/741/689/742 690/742/690/743 
f 687/739/687/740 690/742/690/743 688/740/688/741 
f 689/741/689/742 691/743/691/744 692/744/692/745 
f 689/741/689/742 692/744/692/745 690/742/690/743 
f 691/743/691/744 42/42/42/42 45/45/45/45 
f 691/743/691/744 45/45/45/45 692/744/692/745 
f 636/687/636/688 635/686/635/687 693/745/693/746 
f 636/687/636/688 693/745/693/746 664/746/664/747 
f 635/686/635/687 638/689/638/690 694/747/694/748 
f 635/686/635/687 694/747/694/748 693/745/693/746 
f 638/689/638/690 640/691/640/692 695/748/695/749 
f 638/689/638/690 695/748/695/749 694/747/694/748 
f 640/691/640/692 642/693/642/694 696/749/696/750 
f 640/691/640/692 696/749/696/750 695/748/695/749 
f 642/693/642/694 644/695/644/696 697/750/697/751 
f 642/693/642/694 697/750/697/751 696/749/696/750 
f 644/695/644/696 646/697/646/698 698/751/698/752 
f 644/695/644/696 698/751/698/752 697/750/697/751 
f 646/697/646/698 648/699/648/700 699/752/699/753 
f 646/697/646/698 699/752/699/753 698/751/698/752 
f 648/699/648/700 650/701/650/702 700/753/700/754 
f 648/699/648/700 700/753/700/754 699/752/699/753 
f 650/701/650/702 652/703/652/704 701/754/701/755 
f 650/701/650/702 701/754/701/755 700/753/700/754 
f 652/703/652/704 654/705/654/706 702/755/702/756 
f 652/703/652/704 702/755/702/756 701/754/701/755 
f 654/705/654/706 656/707/656/708 703/756/703/757 
f 654/705/654/706 703/756/703/757 702/755/702/756 
f 656/707/656/708 658/709/658/710 704/757/704/758 
f 656/707/656/708 704/757/704/758 703/756/703/757 
f 658/709/658/710 660/711/660/712 705/758/705/759 
f 658/709/658/710 705/758/705/759 704/757/704/758 
f 660/711/660/712 662/713/662/714 706/759/706/760 
f 660/711/660/712 706/759/706/760 705/758/705/759 
f 662/713/662/714 44/44/44/44 43/43/43/43 
f 662/713/662/714 43/43/43/43 706/759/706/760 
f 707/760/707/761 708/761/708/762 665/716/665/717 
f 707/760/707/761 665/716/665/717 664/715/664/716 
f 708/761/708/762 709/762/709/763 667/719/667/720 
f 708/761/708/762 667/719/667/720 665/716/665/717 
f 709/762/709/763 710/763/710/764 669/721/669/722 
f 709/762/709/763 669/721/669/722 667/719/667/720 
f 710/763/710/764 711/764/711/765 671/723/671/724 
f 710/763/710/764 671/723/671/724 669/721/669/722 
f 711/764/711/765 712/765/712/766 673/725/673/726 
f 711/764/711/765 673/725/673/726 671/723/671/724 
f 712/765/712/766 713/766/713/767 675/727/675/728 
f 712/765/712/766 675/727/675/728 673/725/673/726 
f 713/766/713/767 714/767/714/768 677/729/677/730 
f 713/766/713/767 677/729/677/730 675/727/675/728 
f 714/767/714/768 715/768/715/769 679/731/679/732 
f 714/767/714/768 679/731/679/732 677/729/677/730 
f 715/768/715/769 716/769/716/770 681/733/681/734 
f 715/768/715/769 681/733/681/734 679/731/679/732 
f 716/769/716/770 717/770/717/771 683/735/683/736 
f 716/769/716/770 683/735/683/736 681/733/681/734 
f 717/770/717/771 718/771/718/772 685/737/685/738 
f 717/770/717/771 685/737/685/738 683/735/683/736 
f 718/771/718/772 719/772/719/773 687/739/687/740 
f 718/771/718/772 687/739/687/740 685/737/685/738 
f 719/772/719/773 720/773/720/774 689/741/689/742 
f 719/772/719/773 689/741/689/742 687/739/687/740 
f 720/773/720/774 721/774/721/775 691/743/691/744 
f 720/773/720/774 691/743/691/744 689/741/689/742 
f 721/774/721/775 46/46/46/46 42/42/42/42 
f 721/774/721/775 42/42/42/42 691/743/691/744 
f 664/746/664/747 693/745/693/746 722/775/722/776 
f 664/746/664/747 722/775/722/776 707/776/707/777 
f 693/745/693/746 694/747/694/748 723/777/723/778 
f 693/745/693/746 723/777/723/778 722/775/722/776 
f 694/747/694/748 695/748/695/749 724/778/724/779 
f 694/747/694/748 724/778/724/779 723/777/723/778 
f 695/748/695/749 696/749/696/750 725/779/725/780 
f 695/748/695/749 725/779/725/780 724/778/724/779 
f 696/749/696/750 697/750/697/751 726/780/726/781 
f 696/749/696/750 726/780/726/781 725/779/725/780 
f 697/750/697/751 698/751/698/752 727/781/727/782 
f 697/750/697/751 727/781/727/782 726/780/726/781 
f 698/751/698/752 699/752/699/753 728/782/728/783 
f 698/751/698/752 728/782/728/783 727/781/727/782 
f 699/752/699/753 700/753/700/754 729/783/729/784 
f 699/752/699/753 729/783/729/784 728/782/728/783 
f 700/753/700/754 701/754/701/755 730/784/730/785 
f 700/753/700/754 730/784/730/785 729/783/729/784 
f 701/754/701/755 702/755/702/756 731/785/731/786 
f 701/754/701/755 731/785/731/786 730/784/730/785 
f 702/755/702/756 703/756/703/757 732/786/732/787 
f 702/755/702/756 732/786/732/787 731/785/731/786 
f 703/756/703/757 704/757/704/758 733/787/733/788 
f 703/756/703/757 733/787/733/788 732/786/732/787 
f 704/757/704/758 705/758/705/759 734/788/734/789 
f 704/757/704/758 734/788/734/789 733/787/733/788 
f 705/758/705/759 706/759/706/760 735/789/735/790 
f 705/758/705/759 735/789/735/790 734/788/734/789 
f 706/759/706/760 43/43/43/43 47/47/47/47 
f 706/759/706/760 47/47/47/47 735/789/735/790 
f 736/790/736/791 737/791/737/792 708/761/708/762 
f 736/790/736/791 708/761/708/762 707/760/707/761 
f 737/791/737/792 738/792/738/793 709/762/709/763 
f 737/791/737/792 709/762/709/763 708/761/708/762 
f 738/792/738/793 739/793/739/794 710/763/710/764 
f 738/792/738/793 710/763/710/764 709/762/709/763 
f 739/793/739/794 740/794/740/795 711/764/711/765 
f 739/793/739/794 711/764/711/765 710/763/710/764 
f 740/794/740/795 741/795/741/796 712/765/712/766 
f 740/794/740/795 712/765/712/766 711/764/711/765 
f 741/795/741/796 742/796/742/797 713/766/713/767 
f 741/795/741/796 713/766/713/767 712/765/712/766 
f 742/796/742/797 743/797/743/798 714/767/714/768 
f 742/796/742/797 714/767/714/768 713/766/713/767 
f 743/797/743/798 744/798/744/799 715/768/715/769 
f 743/797/743/798 715/768/715/769 714/767/714/768 
f 744/798/744/799 745/799/745/800 716/769/716/770 
f 744/798/744/799 716/769/716/770 715/768/715/769 
f 745/799/745/800 746/800/746/801 717/770/717/771 
f 745/799/745/800 717/770/717/771 716/769/716/770 
f 746/800/746/801 747/801/747/802 718/771/718/772 
f 746/800/746/801 718/771/718/772 717/770/717/771 
f 747/801/747/802 748/802/748/803 719/772/719/773 
f 747/801/747/802 719/772/719/773 718/771/718/772 
f 748/802/748/803 749/803/749/804 720/773/720/774 
f 748/802/748/803 720/773/720/774 719/772/719/773 
f 749/803/749/804 750/804/750/805 721/774/721/775 
f 749/803/749/804 721/774/721/775 720/773/720/774 
f 750/804/750/805 48/48/48/48 46/46/46/46 
f 750/804/750/805 46/46/46/46 721/774/721/775 
f 707/776/707/777 722/775/722/776 751/805/751/806 
f 707/776/707/777 751/805/751/806 736/806/736/807 
f 722/775/722/776 723/777/723/778 752/807/752/808 
f 722/775/722/776 752/807/752/808 751/805/751/806 
f 723/777/723/778 724/778/724/779 753/808/753/809 
f 723/777/723/778 753/808/753/809 752/807/752/808 
f 724/778/724/779 725/779/725/780 754/809/754/810 
f 724/778/724/779 754/809/754/810 753/808/753/809 
f 725/779/725/780 726/780/726/781 755/810/755/811 
f 725/779/725/780 755/810/755/811 754/809/754/810 
f 726/780/726/781 727/781/727/782 756/811/756/812 
f 726/780/726/781 756/811/756/812 755/810/755/811 
f 727/781/727/782 728/782/728/783 757/812/757/813 
f 727/781/727/782 757/812/757/813 756/811/756/812 
f 728/782/728/783 729/783/729/784 758/813/758/814 
f 728/782/728/783 758/813/758/814 757/812/757/813 
f 729/783/729/784 730/784/730/785 759/814/759/815 
f 729/783/729/784 759/814/759/815 758/813/758/814 
f 730/784/730/785 731/785/731/786 760/815/760/816 
f 730/784/730/785 760/815/760/816 759/814/759/815 
f 731/785/731/786 732/786/732/787 761/816/761/817 
f 731/785/731/786 761/816/761/817 760/815/760/816 
f 732/786/732/787 733/787/733/788 762/817/762/818 
f 732/786/732/787 762/817/762/818 761/816/761/817 
f 733/787/733/788 734/788/734/789 763/818/763/819 
f 733/787/733/788 763/818/763/819 762/817/762/818 
f 734/788/734/789 735/789/735/790 764/819/764/820 
f 734/788/734/789 764/819/764/820 763/818/763/819 
f 735/789/735/790 47/47/47/47 49/49/49/49 
f 735/789/735/790 49/49/49/49 764/819/764/820 
f 765/820/765/821 766/821/766/822 737/791/737/792 
f 765/820/765/821 737/791/737/792 736/790/736/791 
f 766/821/766/822 767/822/767/823 738/792/738/793 
f 766/821/766/822 738/792/738/793 737/791/737/792 
f 767/822/767/823 768/823/768/824 739/793/739/794 
f 767/822/767/823 739/793/739/794 738/792/738/793 
f 768/823/768/824 769/824/769/825 740/794/740/795 
f 768/823/768/824 740/794/740/795 739/793/739/794 
f 769/824/769/825 770/825/770/826 741/795/741/796 
f 769/824/769/825 741/795/741/796 740/794/740/795 
f 770/825/770/826 771/826/771/827 742/796/742/797 
f 770/825/770/826 742/796/742/797 741/795/741/796 
f 771/826/771/827 772/827/772/828 743/797/743/798 
f 771/826/771/827 743/797/743/798 742/796/742/797 
f 772/827/772/828 773/828/773/829 744/798/744/799 
f 772/827/772/828 744/798/744/799 743/797/743/798 
f 773/828/773/829 774/829/774/830 745/799/745/800 
f 773/828/773/829 745/799/745/800 744/798/744/799 
f 774/829/774/830 775/830/775/831 746/800/746/801 
f 774/829/774/830 746/800/746/801 745/799/745/800 
f 775/830/775/831 776/831/776/832 747/801/747/802 
f 775/830/775/831 747/801/747/802 746/800/746/801 
f 776/831/776/832 777/832/777/833 748/802/748/803 
f 776/831/776/832 748/802/748/803 747/801/747/802 
f 777/832/777/833 778/833/778/834 749/803/749/804 
f 777/832/777/833 749/803/749/804 748/802/748/803 
f 778/833/778/834 779/834/779/835 750/804/750/805 
f 778/833/778/834 750/804/750/805 749/803/749/804 
f 779/834/779/835 50/50/50/50 48/48/48/48 
f 779/834/779/835 48/48/48/48 750/804/750/805 
f 736/806/736/807 751/805/751/806 780/835/780/836 
f 736/806/736/807 780/835/780/836 765/836/765/837 
f 751/805/751/806 752/807/752/808 781/837/781/838 
f 751/805/751/806 781/837/781/838 780/835/780/836 
f 752/807/752/808 753/808/753/809 782/838/782/839 
f 752/807/752/808 782/838/782/839 781/837/781/838 
f 753/808/753/809 754/809/754/810 783/839/783/840 
f 753/808/753/809 783/839/783/840 782/838/782/839 
f 754/809/754/810 755/810/755/811 784/840/784/841 
f 754/809/754/810 784/840/784/841 783/839/783/840 
f 755/810/755/811 756/811/756/812 785/841/785/842 
f 755/810/755/811 785/841/785/842 784/840/784/841 
f 756/811/756/812 757/812/757/813 786/842/786/843 
f 756/811/756/812 786/842/786/843 785/841/785/842 
f 757/812/757/813 758/813/758/814 787/843/787/844 
f 757/812/757/813 787/843/787/844 786/842/786/843 
f 758/813/758/814 759/814/759/815 788/844/788/845 
f 758/813/758/814 788/844/788/845 787/843/787/844 
f 759/814/759/815 760/815/760/816 789/845/789/846 
f 759/814/759/815 789/845/789/846 788/844/788/845 
f 760/815/760/816 761/816/761/817 790/846/790/847 
f 760/815/760/816 790/846/790/847 789/845/789/846 
f 761/816/761/817 762/817/762/818 791/847/791/848 
f 761/816/761/817 791/847/791/848 790/846/790/847 
f 762/817/762/818 763/818/763/819 792/848/792/849 
f 762/817/762/818 792/848/792/849 791/847/791/848 
f 763/818/763/819 764/819/764/820 793/849/793/850 
f 763/818/763/819 793/849/793/850 792/848/792/849 
f 764/819/764/820 49/49/49/49 51/51/51/51 
f 764/819/764/820 51/51/51/51 793/849/793/850 
f 606/657/606/658 605/656/605/657 575/625/575/626 
f 606/657/606/658 575/625/575/626 574/624/574/625 
f 605/656/605/657 608/659/608/660 576/626/576/627 
f 605/656/605/657 576/626/576/627 575/625/575/626 
f 608/659/608/660 610/661/610/662 577/627/577/628 
f 608/659/608/660 577/627/577/628 576/626/576/627 
f 610/661/610/662 612/663/612/664 578/628/578/629 
f 610/661/610/662 578/628/578/629 577/627/577/628 
f 612/663/612/664 614/665/614/666 579/629/579/630 
f 612/663/612/664 579/629/579/630 578/628/578/629 
f 614/665/614/666 616/667/616/668 580/630/580/631 
f 614/665/614/666 580/630/580/631 579/629/579/630 
f 616/667/616/668 618/669/618/670 581/631/581/632 
f 616/667/616/668 581/631/581/632 580/630/580/631 
f 618/669/618/670 620/671/620/672 582/632/582/633 
f 618/669/618/670 582/632/582/633 581/631/581/632 
f 620/671/620/672 622/673/622/674 583/633/583/634 
f 620/671/620/672 583/633/583/634 582/632/582/633 
f 622/673/622/674 624/675/624/676 584/634/584/635 
f 622/673/622/674 584/634/584/635 583/633/583/634 
f 624/675/624/676 626/677/626/678 585/635/585/636 
f 624/675/624/676 585/635/585/636 584/634/584/635 
f 626/677/626/678 628/679/628/680 586/636/586/637 
f 626/677/626/678 586/636/586/637 585/635/585/636 
f 628/679/628/680 630/681/630/682 587/637/587/638 
f 628/679/628/680 587/637/587/638 586/636/586/637 
f 630/681/630/682 632/683/632/684 588/638/588/639 
f 630/681/630/682 588/638/588/639 587/637/587/638 
f 632/683/632/684 41/41/41/41 36/36/36/36 
f 632/683/632/684 36/36/36/36 588/638/588/639 
f 574/640/574/641 589/639/589/640 794/850/794/851 
f 574/640/574/641 794/850/794/851 606/851/606/852 
f 589/639/589/640 590/641/590/642 795/852/795/853 
f 589/639/589/640 795/852/795/853 794/850/794/851 
f 590/641/590/642 591/642/591/643 796/853/796/854 
f 590/641/590/642 796/853/796/854 795/852/795/853 
f 591/642/591/643 592/643/592/644 797/854/797/855 
f 591/642/591/643 797/854/797/855 796/853/796/854 
f 592/643/592/644 593/644/593/645 798/855/798/856 
f 592/643/592/644 798/855/798/856 797/854/797/855 
f 593/644/593/645 594/645/594/646 799/856/799/857 
f 593/644/593/645 799/856/799/857 798/855/798/856 
f 594/645/594/646 595/646/595/647 800/857/800/858 
f 594/645/594/646 800/857/800/858 799/856/799/857 
f 595/646/595/647 596/647/596/648 801/858/801/859 
f 595/646/595/647 801/858/801/859 800/857/800/858 
f 596/647/596/648 597/648/597/649 802/859/802/860 
f 596/647/596/648 802/859/802/860 801/858/801/859 
f 597/648/597/649 598/649/598/650 803/860/803/861 
f 597/648/597/649 803/860/803/861 802/859/802/860 
f 598/649/598/650 599/650/599/651 804/861/804/862 
f 598/649/598/650 804/861/804/862 803/860/803/861 
f 599/650/599/651 600/651/600/652 805/862/805/863 
f 599/650/599/651 805/862/805/863 804/861/804/862 
f 600/651/600/652 601/652/601/653 806/863/806/864 
f 600/651/600/652 806/863/806/864 805/862/805/863 
f 601/652/601/653 602/653/602/654 807/864/807/865 
f 601/652/601/653 807/864/807/865 806/863/806/864 
f 602/653/602/654 37/37/37/37 40/40/40/40 
f 602/653/602/654 40/40/40/40 807/864/807/865 
f 227/235/227/236 226/234/226/235 256/265/256/266 
f 227/235/227/236 256/265/256/266 255/264/255/265 
f 226/234/226/235 228/236/228/237 259/268/259/269 
f 226/234/226/235 259/268/259/269 256/265/256/266 
f 228/236/228/237 229/237/229/238 261/270/261/271 
f 228/236/228/237 261/270/261/271 259/268/259/269 
f 229/237/229/238 230/238/230/239 263/272/263/273 
f 229/237/229/238 263/272/263/273 261/270/261/271 
f 230/238/230/239 231/239/231/240 265/274/265/275 
f 230/238/230/239 265/274/265/275 263/272/263/273 
f 231/239/231/240 232/240/232/241 267/276/267/277 
f 231/239/231/240 267/276/267/277 265/274/265/275 
f 232/240/232/241 233/241/233/242 269/278/269/279 
f 232/240/232/241 269/278/269/279 267/276/267/277 
f 233/241/233/242 234/242/234/243 271/280/271/281 
f 233/241/233/242 271/280/271/281 269/278/269/279 
f 234/242/234/243 235/243/235/244 273/282/273/283 
f 234/242/234/243 273/282/273/283 271/280/271/281 
f 235/243/235/244 236/244/236/245 275/284/275/285 
f 235/243/235/244 275/284/275/285 273/282/273/283 
f 236/244/236/245 237/245/237/246 277/286/277/287 
f 236/244/236/245 277/286/277/287 275/284/275/285 
f 237/245/237/246 238/246/238/247 279/288/279/289 
f 237/245/237/246 279/288/279/289 277/286/277/287 
f 238/246/238/247 239/247/239/248 281/290/281/291 
f 238/246/238/247 281/290/281/291 279/288/279/289 
f 239/247/239/248 240/248/240/249 283/292/283/293 
f 239/247/239/248 283/292/283/293 281/290/281/291 
f 240/248/240/249 11/11/11/11 12/12/12/12 
f 240/248/240/249 12/12/12/12 283/292/283/293 
f 255/297/255/298 286/296/286/297 241/250/241/251 
f 255/297/255/298 241/250/241/251 227/249/227/250 
f 286/296/286/297 288/299/288/300 242/251/242/252 
f 286/296/286/297 242/251/242/252 241/250/241/251 
f 288/299/288/300 290/301/290/302 243/252/243/253 
f 288/299/288/300 243/252/243/253 242/251/242/252 
f 290/301/290/302 292/303/292/304 244/253/244/254 
f 290/301/290/302 244/253/244/254 243/252/243/253 
f 292/303/292/304 294/305/294/306 245/254/245/255 
f 292/303/292/304 245/254/245/255 244/253/244/254 
f 294/305/294/306 296/307/296/308 246/255/246/256 
f 294/305/294/306 246/255/246/256 245/254/245/255 
f 296/307/296/308 298/309/298/310 247/256/247/257 
f 296/307/296/308 247/256/247/257 246/255/246/256 
f 298/309/298/310 300/311/300/312 248/257/248/258 
f 298/309/298/310 248/257/248/258 247/256/247/257 
f 300/311/300/312 302/313/302/314 249/258/249/259 
f 300/311/300/312 249/258/249/259 248/257/248/258 
f 302/313/302/314 304/315/304/316 250/259/250/260 
f 302/313/302/314 250/259/250/260 249/258/249/259 
f 304/315/304/316 306/317/306/318 251/260/251/261 
f 304/315/304/316 251/260/251/261 250/259/250/260 
f 306/317/306/318 308/319/308/320 252/261/252/262 
f 306/317/306/318 252/261/252/262 251/260/251/261 
f 308/319/308/320 310/321/310/322 253/262/253/263 
f 308/319/308/320 253/262/253/263 252/261/252/262 
f 310/321/310/322 312/323/312/324 254/263/254/264 
f 310/321/310/322 254/263/254/264 253/262/253/263 
f 312/323/312/324 13/13/13/13 10/10/10/10 
f 312/323/312/324 10/10/10/10 254/263/254/264 
f 55/55/55/55 54/54/54/54 111/113/111/113 
f 55/55/55/55 111/113/111/113 110/112/110/112 
f 54/54/54/54 57/57/57/57 114/116/114/116 
f 54/54/54/54 114/116/114/116 111/113/111/113 
f 57/57/57/57 59/59/59/59 116/118/116/118 
f 57/57/57/57 116/118/116/118 114/116/114/116 
f 59/59/59/59 61/61/61/61 118/120/118/120 
f 59/59/59/59 118/120/118/120 116/118/116/118 
f 61/61/61/61 63/63/63/63 120/122/120/122 
f 61/61/61/61 120/122/120/122 118/120/118/120 
f 63/63/63/63 65/65/65/65 122/124/122/124 
f 63/63/63/63 122/124/122/124 120/122/120/122 
f 65/65/65/65 67/67/67/67 124/126/124/126 
f 65/65/65/65 124/126/124/126 122/124/122/124 
f 67/67/67/67 69/69/69/69 126/128/126/128 
f 67/67/67/67 126/128/126/128 124/126/124/126 
f 69/69/69/69 71/71/71/71 128/130/128/130 
f 69/69/69/69 128/130/128/130 126/128/126/128 
f 71/71/71/71 73/73/73/73 130/132/130/132 
f 71/71/71/71 130/132/130/132 128/130/128/130 
f 73/73/73/73 75/75/75/75 132/134/132/134 
f 73/73/73/73 132/134/132/134 130/132/130/132 
f 75/75/75/75 77/77/77/77 134/136/134/136 
f 75/75/75/75 134/136/134/136 132/134/132/134 
f 77/77/77/77 79/79/79/79 136/138/136/138 
f 77/77/77/77 136/138/136/138 134/136/134/136 
f 79/79/79/79 81/81/81/81 138/140/138/140 
f 79/79/79/79 138/140/138/140 136/138/136/138 
f 81/81/81/81 3/3/3/3 4/4/4/4 
f 81/81/81/81 4/4/4/4 138/140/138/140 
f 110/145/110/145 141/144/141/144 82/83/82/83 
f 110/145/110/145 82/83/82/83 55/82/55/82 
f 141/144/141/144 143/147/143/147 84/86/84/86 
f 141/144/141/144 84/86/84/86 82/83/82/83 
f 143/147/143/147 145/149/145/149 86/88/86/88 
f 143/147/143/147 86/88/86/88 84/86/84/86 
f 145/149/145/149 147/151/147/151 88/90/88/90 
f 145/149/145/149 88/90/88/90 86/88/86/88 
f 147/151/147/151 149/153/149/153 90/92/90/92 
f 147/151/147/151 90/92/90/92 88/90/88/90 
f 149/153/149/153 151/155/151/155 92/94/92/94 
f 149/153/149/153 92/94/92/94 90/92/90/92 
f 151/155/151/155 153/157/153/157 94/96/94/96 
f 151/155/151/155 94/96/94/96 92/94/92/94 
f 153/157/153/157 155/159/155/159 96/98/96/98 
f 153/157/153/157 96/98/96/98 94/96/94/96 
f 155/159/155/159 157/161/157/161 98/100/98/100 
f 155/159/155/159 98/100/98/100 96/98/96/98 
f 157/161/157/161 159/163/159/163 100/102/100/102 
f 157/161/157/161 100/102/100/102 98/100/98/100 
f 159/163/159/163 161/165/161/165 102/104/102/104 
f 159/163/159/163 102/104/102/104 100/102/100/102 
f 161/165/161/165 163/167/163/167 104/106/104/106 
f 161/165/161/165 104/106/104/106 102/104/102/104 
f 163/167/163/167 165/169/165/169 106/108/106/108 
f 163/167/163/167 106/108/106/108 104/106/104/106 
f 165/169/165/169 167/171/167/171 108/110/108/110 
f 165/169/165/169 108/110/108/110 106/108/106/108 
f 167/171/167/171 5/5/5/5 2/2/2/2 
f 167/171/167/171 2/2/2/2 108/110/108/110 
f 663/714/663/715 39/39/39/39 38/38/38/38 
f 663/714/663/715 38/38/38/38 808/865/808/866 
f 809/866/809/867 604/655/604/656 603/654/603/655 
f 809/866/809/867 603/654/603/655 633/867/633/868 
f 810/868/810/869 607/658/607/659 604/655/604/656 
f 810/868/810/869 604/655/604/656 809/866/809/867 
f 811/869/811/870 609/660/609/661 607/658/607/659 
f 811/869/811/870 607/658/607/659 810/868/810/869 
f 812/870/812/871 611/662/611/663 609/660/609/661 
f 812/870/812/871 609/660/609/661 811/869/811/870 
f 813/871/813/872 613/664/613/665 611/662/611/663 
f 813/871/813/872 611/662/611/663 812/870/812/871 
f 814/872/814/873 615/666/615/667 613/664/613/665 
f 814/872/814/873 613/664/613/665 813/871/813/872 
f 815/873/815/874 617/668/617/669 615/666/615/667 
f 815/873/815/874 615/666/615/667 814/872/814/873 
f 816/874/816/875 619/670/619/671 617/668/617/669 
f 816/874/816/875 617/668/617/669 815/873/815/874 
f 817/875/817/876 621/672/621/673 619/670/619/671 
f 817/875/817/876 619/670/619/671 816/874/816/875 
f 818/876/818/877 623/674/623/675 621/672/621/673 
f 818/876/818/877 621/672/621/673 817/875/817/876 
f 819/877/819/878 625/676/625/677 623/674/623/675 
f 819/877/819/878 623/674/623/675 818/876/818/877 
f 820/878/820/879 627/678/627/679 625/676/625/677 
f 820/878/820/879 625/676/625/677 819/877/819/878 
f 821/879/821/880 629/680/629/681 627/678/627/679 
f 821/879/821/880 627/678/627/679 820/878/820/879 
f 822/880/822/881 631/682/631/683 629/680/629/681 
f 822/880/822/881 629/680/629/681 821/879/821/880 
f 808/865/808/866 38/38/38/38 631/682/631/683 
f 808/865/808/866 631/682/631/683 822/880/822/881 
f 794/850/794/851 823/881/823/882 603/882/603/883 
f 794/850/794/851 603/882/603/883 606/851/606/852 
f 795/852/795/853 824/883/824/884 823/881/823/882 
f 795/852/795/853 823/881/823/882 794/850/794/851 
f 796/853/796/854 825/884/825/885 824/883/824/884 
f 796/853/796/854 824/883/824/884 795/852/795/853 
f 797/854/797/855 826/885/826/886 825/884/825/885 
f 797/854/797/855 825/884/825/885 796/853/796/854 
f 798/855/798/856 827/886/827/887 826/885/826/886 
f 798/855/798/856 826/885/826/886 797/854/797/855 
f 799/856/799/857 828/887/828/888 827/886/827/887 
f 799/856/799/857 827/886/827/887 798/855/798/856 
f 800/857/800/858 829/888/829/889 828/887/828/888 
f 800/857/800/858 828/887/828/888 799/856/799/857 
f 801/858/801/859 830/889/830/890 829/888/829/889 
f 801/858/801/859 829/888/829/889 800/857/800/858 
f 802/859/802/860 831/890/831/891 830/889/830/890 
f 802/859/802/860 830/889/830/890 801/858/801/859 
f 803/860/803/861 832/891/832/892 831/890/831/891 
f 803/860/803/861 831/890/831/891 802/859/802/860 
f 804/861/804/862 833/892/833/893 832/891/832/892 
f 804/861/804/862 832/891/832/892 803/860/803/861 
f 805/862/805/863 834/893/834/894 833/892/833/893 
f 805/862/805/863 833/892/833/893 804/861/804/862 
f 806/863/806/864 835/894/835/895 834/893/834/894 
f 806/863/806/864 834/893/834/894 805/862/805/863 
f 807/864/807/865 836/895/836/896 835/894/835/895 
f 807/864/807/865 835/894/835/895 806/863/806/864 
f 40/40/40/40 39/39/39/39 836/895/836/896 
f 40/40/40/40 836/895/836/896 807/864/807/865 
f 823/881/823/882 634/685/634/686 633/684/633/685 
f 823/881/823/882 633/684/633/685 603/882/603/883 
f 824/883/824/884 637/688/637/689 634/685/634/686 
f 824/883/824/884 634/685/634/686 823/881/823/882 
f 825/884/825/885 639/690/639/691 637/688/637/689 
f 825/884/825/885 637/688/637/689 824/883/824/884 
f 826/885/826/886 641/692/641/693 639/690/639/691 
f 826/885/826/886 639/690/639/691 825/884/825/885 
f 827/886/827/887 643/694/643/695 641/692/641/693 
f 827/886/827/887 641/692/641/693 826/885/826/886 
f 828/887/828/888 645/696/645/697 643/694/643/695 
f 828/887/828/888 643/694/643/695 827/886/827/887 
f 829/888/829/889 647/698/647/699 645/696/645/697 
f 829/888/829/889 645/696/645/697 828/887/828/888 
f 830/889/830/890 649/700/649/701 647/698/647/699 
f 830/889/830/890 647/698/647/699 829/888/829/889 
f 831/890/831/891 651/702/651/703 649/700/649/701 
f 831/890/831/891 649/700/649/701 830/889/830/890 
f 832/891/832/892 653/704/653/705 651/702/651/703 
f 832/891/832/892 651/702/651/703 831/890/831/891 
f 833/892/833/893 655/706/655/707 653/704/653/705 
f 833/892/833/893 653/704/653/705 832/891/832/892 
f 834/893/834/894 657/708/657/709 655/706/655/707 
f 834/893/834/894 655/706/655/707 833/892/833/893 
f 835/894/835/895 659/710/659/711 657/708/657/709 
f 835/894/835/895 657/708/657/709 834/893/834/894 
f 836/895/836/896 661/712/661/713 659/710/659/711 
f 836/895/836/896 659/710/659/711 835/894/835/895 
f 39/39/39/39 663/714/663/715 661/712/661/713 
f 39/39/39/39 661/712/661/713 836/895/836/896 
f 44/44/44/44 663/714/663/715 808/865/808/866 
f 44/44/44/44 808/865/808/866 45/45/45/45 
f 666/717/666/718 809/866/809/867 633/867/633/868 
f 666/717/666/718 633/867/633/868 636/718/636/719 
f 668/720/668/721 810/868/810/869 809/866/809/867 
f 668/720/668/721 809/866/809/867 666/717/666/718 
f 670/722/670/723 811/869/811/870 810/868/810/869 
f 670/722/670/723 810/868/810/869 668/720/668/721 
f 672/724/672/725 812/870/812/871 811/869/811/870 
f 672/724/672/725 811/869/811/870 670/722/670/723 
f 674/726/674/727 813/871/813/872 812/870/812/871 
f 674/726/674/727 812/870/812/871 672/724/672/725 
f 676/728/676/729 814/872/814/873 813/871/813/872 
f 676/728/676/729 813/871/813/872 674/726/674/727 
f 678/730/678/731 815/873/815/874 814/872/814/873 
f 678/730/678/731 814/872/814/873 676/728/676/729 
f 680/732/680/733 816/874/816/875 815/873/815/874 
f 680/732/680/733 815/873/815/874 678/730/678/731 
f 682/734/682/735 817/875/817/876 816/874/816/875 
f 682/734/682/735 816/874/816/875 680/732/680/733 
f 684/736/684/737 818/876/818/877 817/875/817/876 
f 684/736/684/737 817/875/817/876 682/734/682/735 
f 686/738/686/739 819/877/819/878 818/876/818/877 
f 686/738/686/739 818/876/818/877 684/736/684/737 
f 688/740/688/741 820/878/820/879 819/877/819/878 
f 688/740/688/741 819/877/819/878 686/738/686/739 
f 690/742/690/743 821/879/821/880 820/878/820/879 
f 690/742/690/743 820/878/820/879 688/740/688/741 
f 692/744/692/745 822/880/822/881 821/879/821/880 
f 692/744/692/745 821/879/821/880 690/742/690/743 
f 45/45/45/45 808/865/808/866 822/880/822/881 
f 45/45/45/45 822/880/822/881 692/744/692/745 
f 400/460/400/461 415/459/415/460 459/505/459/506 
f 400/460/400/461 459/505/459/506 432/504/432/505 
f 415/459/415/460 416/461/416/462 461/508/461/509 
f 415/459/415/460 461/508/461/509 459/505/459/506 
f 416/461/416/462 417/462/417/463 463/510/463/511 
f 416/461/416/462 463/510/463/511 461/508/461/509 
f 417/462/417/463 418/463/418/464 465/512/465/513 
f 417/462/417/463 465/512/465/513 463/510/463/511 
f 418/463/418/464 419/464/419/465 467/514/467/515 
f 418/463/418/464 467/514/467/515 465/512/465/513 
f 419/464/419/465 420/465/420/466 469/516/469/517 
f 419/464/419/465 469/516/469/517 467/514/467/515 
f 420/465/420/466 421/466/421/467 471/518/471/519 
f 420/465/420/466 471/518/471/519 469/516/469/517 
f 421/466/421/467 422/467/422/468 473/520/473/521 
f 421/466/421/467 473/520/473/521 471/518/471/519 
f 422/467/422/468 423/468/423/469 475/522/475/523 
f 422/467/422/468 475/522/475/523 473/520/473/521 
f 423/468/423/469 424/469/424/470 477/524/477/525 
f 423/468/423/469 477/524/477/525 475/522/475/523 
f 424/469/424/470 425/470/425/471 479/526/479/527 
f 424/469/424/470 479/526/479/527 477/524/477/525 
f 425/470/425/471 426/471/426/472 481/528/481/529 
f 425/470/425/471 481/528/481/529 479/526/479/527 
f 426/471/426/472 427/472/427/473 483/530/483/531 
f 426/471/426/472 483/530/483/531 481/528/481/529 
f 427/472/427/473 428/473/428/474 485/532/485/533 
f 427/472/427/473 485/532/485/533 483/530/483/531 
f 428/473/428/474 25/25/25/25 28/28/28/28 
f 428/473/428/474 28/28/28/28 485/532/485/533 
f 25/25/25/25 24/24/24/24 29/29/29/29 
f 25/25/25/25 29/29/29/29 28/28/28/28 
f 24/24/24/24 414/458/414/459 458/503/458/504 
f 24/24/24/24 458/503/458/504 29/29/29/29 
f 414/458/414/459 413/457/413/458 456/501/456/502 
f 414/458/414/459 456/501/456/502 458/503/458/504 
f 413/457/413/458 412/456/412/457 454/499/454/500 
f 413/457/413/458 454/499/454/500 456/501/456/502 
f 412/456/412/457 411/455/411/456 452/497/452/498 
f 412/456/412/457 452/497/452/498 454/499/454/500 
f 411/455/411/456 410/454/410/455 450/495/450/496 
f 411/455/411/456 450/495/450/496 452/497/452/498 
f 410/454/410/455 409/453/409/454 448/493/448/494 
f 410/454/410/455 448/493/448/494 450/495/450/496 
f 409/453/409/454 408/452/408/453 446/491/446/492 
f 409/453/409/454 446/491/446/492 448/493/448/494 
f 408/452/408/453 407/451/407/452 444/489/444/490 
f 408/452/408/453 444/489/444/490 446/491/446/492 
f 407/451/407/452 406/450/406/451 442/487/442/488 
f 407/451/407/452 442/487/442/488 444/489/444/490 
f 406/450/406/451 405/449/405/450 440/485/440/486 
f 406/450/406/451 440/485/440/486 442/487/442/488 
f 405/449/405/450 404/448/404/449 438/483/438/484 
f 405/449/405/450 438/483/438/484 440/485/440/486 
f 404/448/404/449 403/447/403/448 436/481/436/482 
f 404/448/404/449 436/481/436/482 438/483/438/484 
f 403/447/403/448 402/446/402/447 434/479/434/480 
f 403/447/403/448 434/479/434/480 436/481/436/482 
f 402/446/402/447 401/445/401/446 431/476/431/477 
f 402/446/402/447 431/476/431/477 434/479/434/480 
f 401/445/401/446 400/444/400/445 432/477/432/478 
f 401/445/401/446 432/477/432/478 431/476/431/477 
