v -1227.4504 117.646 -383.1724
v -1229.5234 117.646 -383.1844
v -1228.6968 117.4486 -385.0487
v -1227.6707 117.4486 -385.0508
v -1227.4563 118.2999 -383.1572
v -1229.5295 118.2999 -383.1693
v -1227.4404 120.658 -383.1982
v -1229.5127 120.658 -383.2104
v -1176.6123 117.4486 -385.0309
v -1176.9614 117.646 -383.1526
v -1176.9558 118.2999 -383.1374
v -1176.9714 120.658 -383.1785
v -1175.7117 117.4486 -385.0176
v -1174.967 117.646 -383.1524
v -1174.9607 118.2999 -383.1372
v -1174.9775 120.658 -383.1783
v -1230.9956 117.646 -384.6437
v -1229.3306 117.4486 -385.7384
v -1231.0022 118.2999 -384.6288
v -1230.9841 120.658 -384.6691
v -1265.4485 117.4486 -421.8279
v -1266.6602 117.646 -420.381
v -1266.675 118.2999 -420.3745
v -1266.1755 117.4486 -422.5496
v -1268.0686 117.646 -421.7934
v -1268.084 118.2999 -421.7871
v -1268.043 120.658 -421.8041
v -1266.6348 120.658 -420.3923
v -1266.1538 117.4486 -475.5682
v -1268.0366 117.646 -476.3497
v -1266.5774 117.646 -477.822
v -1265.4456 117.4486 -476.2471
v -1268.052 118.2999 -476.3561
v -1266.5923 118.2999 -477.8286
v -1268.011 120.658 -476.339
v -1266.5522 120.658 -477.8107
v -1229.356 117.4486 -512.365
v -1230.8401 117.646 -513.4867
v -1230.8467 118.2999 -513.5015
v -1229.428 117.646 -514.8952
v -1228.6833 117.4486 -513.03
v -1229.4341 118.2999 -514.9104
v -1230.8289 120.658 -513.4613
v -1229.417 120.658 -514.8693
v -1268.0488 117.646 -474.2769
v -1266.1331 117.4486 -474.5873
v -1268.064 118.2999 -474.2827
v -1268.0229 120.658 -474.2669
v -1266.1848 117.4486 -423.5158
v -1268.0686 117.646 -422.7645
v -1268.084 118.2999 -422.7584
v -1268.0427 120.658 -423.798
v -1138.241 117.4486 -422.4794
v -1136.3582 117.646 -421.6979
v -1137.8171 117.646 -420.2257
v -1138.9492 117.4486 -421.8005
v -1136.343 118.2999 -421.6916
v -1137.8025 118.2999 -420.219
v -1136.384 120.658 -421.7087
v -1137.8425 120.658 -420.2369
v -1175.0388 117.4486 -385.6827
v -1173.5547 117.646 -384.561
v -1173.5481 118.2999 -384.5461
v -1173.5659 120.658 -384.5864
v -1136.3459 117.646 -423.7708
v -1138.2617 117.4486 -423.4604
v -1136.3308 118.2999 -423.7649
v -1136.3718 120.658 -423.7807
v -1138.2417 117.4486 -474.5187
v -1136.3262 117.646 -474.2596
v -1136.311 118.2999 -474.2655
v -1138.2192 117.4486 -475.4981
v -1136.3259 117.646 -476.2543
v -1136.3108 118.2999 -476.2606
v -1136.3521 120.658 -476.2435
v -1136.3521 120.658 -474.2497
v -1176.9443 117.646 -514.8753
v -1174.8713 117.646 -514.8632
v -1175.698 117.4486 -512.9989
v -1176.7239 117.4486 -512.9968
v -1176.9385 118.2999 -514.8905
v -1174.8652 118.2999 -514.8784
v -1176.9541 120.658 -514.8494
v -1174.8823 120.658 -514.8373
v -1227.7822 117.4486 -513.0168
v -1227.4331 117.646 -514.895
v -1227.439 118.2999 -514.9103
v -1227.4233 120.658 -514.8691
v -1173.3992 117.646 -513.4039
v -1175.0642 117.4486 -512.3093
v -1173.3926 118.2999 -513.4188
v -1173.4104 120.658 -513.3786
v -1138.9463 117.4486 -476.2197
v -1137.7346 117.646 -477.6666
v -1137.7197 118.2999 -477.6732
v -1137.7598 120.658 -477.6553
v -1230.0442 121.9064 -376.4172
v -1232.3269 121.9064 -376.4294
v -1229.803 127.4853 -377.0452
v -1228.5017 128.3705 -380.4347
v -1230.6594 128.3705 -380.4468
v -1232.0662 127.4853 -377.0575
v -1225.9473 131.8359 -387.0876
v -1222.1763 133.0169 -396.9093
v -1223.822 133.0169 -396.9211
v -1227.8984 131.8359 -387.0997
v -1221.6392 133.0169 -398.3082
v -1223.2415 133.0169 -398.32
v -1228.2932 128.5146 -380.9777
v -1227.7075 130.1974 -382.5026
v -1229.8013 130.1974 -382.5146
v -1230.4341 128.5146 -380.9899
v -1230.7529 125.3371 -374.5706
v -1233.0933 125.3371 -374.5829
v -1233.0161 124.0055 -374.7686
v -1230.6816 124.0055 -374.7563
v -1174.3733 121.9064 -376.3953
v -1178.4619 131.8359 -387.0691
v -1182.2251 133.0169 -396.8937
v -1182.761 133.0169 -398.293
v -1173.6658 125.3371 -374.5482
v -1174.614 127.4853 -377.0237
v -1172.1736 121.9064 -376.3951
v -1173.835 128.3705 -380.4139
v -1175.9126 128.3705 -380.4141
v -1172.4333 127.4853 -377.0235
v -1180.6472 133.0169 -396.8935
v -1176.5859 131.8359 -387.0689
v -1181.2258 133.0169 -398.2928
v -1174.6899 130.1974 -382.4824
v -1176.7051 130.1974 -382.4826
v -1176.1206 128.5146 -380.9573
v -1174.0596 128.5146 -380.9572
v -1171.4099 125.3371 -374.548
v -1171.4868 124.0055 -374.7338
v -1173.7368 124.0055 -374.7339
v -1233.9475 121.9064 -378.0372
v -1232.1919 128.3705 -381.9664
v -1233.6731 127.4853 -378.6515
v -1224.9924 133.0169 -398.0782
v -1229.2847 131.8359 -388.4728
v -1224.3813 133.0169 -399.4462
v -1231.2883 130.1974 -383.9887
v -1231.9546 128.5146 -382.4974
v -1234.7546 125.3371 -376.2314
v -1234.6733 124.0055 -376.413
v -1273.2727 121.9064 -417.4425
v -1253.2136 133.0169 -426.3568
v -1262.8276 131.8359 -422.0843
v -1251.8442 133.0169 -426.9652
v -1272.6577 127.4853 -417.7158
v -1275.0803 125.3371 -416.6393
v -1274.8259 121.9064 -419.0
v -1269.3401 128.3705 -419.1902
v -1270.8074 128.3705 -420.6613
v -1274.1978 127.4853 -419.2598
v -1254.3276 133.0169 -427.4738
v -1264.1523 131.8359 -423.4124
v -1252.9282 133.0169 -428.0522
v -1268.8086 128.5146 -419.4264
v -1267.3159 130.1974 -420.0897
v -1268.7388 130.1974 -421.5164
v -1270.2642 128.5146 -420.8859
v -1276.6733 125.3371 -418.2365
v -1276.4875 124.0055 -418.3132
v -1274.8984 124.0055 -416.72
v -1274.7917 121.9064 -479.1534
v -1273.1841 121.9064 -480.774
v -1270.7744 128.3705 -477.486
v -1269.2549 128.3705 -479.0183
v -1272.5696 127.4853 -480.4996
v -1274.1638 127.4853 -478.8927
v -1254.3 133.0169 -470.6485
v -1253.1428 133.0169 -471.819
v -1262.7485 131.8359 -476.111
v -1264.1216 131.8359 -474.7248
v -1252.9014 133.0169 -470.0679
v -1251.7749 133.0169 -471.2077
v -1268.7065 130.1974 -476.6277
v -1267.2324 130.1974 -478.1147
v -1268.7236 128.5146 -478.7811
v -1270.2312 128.5146 -477.2606
v -1274.99 125.3371 -481.5809
v -1276.6384 125.3371 -479.9197
v -1276.4526 124.0055 -479.8427
v -1274.8083 124.0055 -481.4998
v -1233.7788 121.9064 -520.0992
v -1224.8645 133.0169 -500.04
v -1229.137 131.8359 -509.6541
v -1224.2559 133.0169 -498.6707
v -1233.5056 127.4853 -519.4843
v -1234.582 125.3371 -521.9067
v -1232.2212 121.9064 -521.6525
v -1232.031 128.3705 -516.1664
v -1230.5598 128.3705 -517.6337
v -1231.9614 127.4853 -521.0242
v -1223.7473 133.0169 -501.1541
v -1227.8088 131.8359 -510.9788
v -1223.1689 133.0169 -499.7548
v -1231.7949 128.5146 -515.6349
v -1231.1316 130.1974 -514.1423
v -1229.7048 130.1974 -515.5652
v -1230.3354 128.5146 -517.0905
v -1232.9849 125.3371 -523.4996
v -1232.908 124.0055 -523.3138
v -1234.5012 124.0055 -521.7249
v -1274.8042 121.9064 -476.8705
v -1274.176 127.4853 -476.6293
v -1270.7864 128.3705 -475.3279
v -1264.1335 131.8359 -472.7736
v -1254.3118 133.0169 -469.0027
v -1252.9131 133.0169 -468.4656
v -1270.2434 128.5146 -475.1194
v -1268.7185 130.1974 -474.5341
v -1276.6506 125.3371 -477.5795
v -1276.4648 124.0055 -477.5082
v -1274.8259 121.9064 -421.1997
v -1264.1521 131.8359 -425.2882
v -1254.3276 133.0169 -429.0515
v -1252.9282 133.0169 -429.5875
v -1276.6729 125.3371 -420.4922
v -1274.1975 127.4853 -421.4404
v -1270.8071 128.3705 -422.7391
v -1268.7385 130.1974 -423.5314
v -1270.2639 128.5146 -422.9471
v -1276.4873 124.0055 -420.5633
v -1129.6028 121.9064 -418.8943
v -1131.2109 121.9064 -417.2737
v -1133.6206 128.3705 -420.5616
v -1135.1399 128.3705 -419.0293
v -1131.825 127.4853 -417.5482
v -1130.231 127.4853 -419.1549
v -1150.0945 133.0169 -427.3992
v -1151.2517 133.0169 -426.2286
v -1141.6465 131.8359 -421.9366
v -1140.2732 131.8359 -423.3229
v -1151.4937 133.0169 -427.9797
v -1152.6199 133.0169 -426.84
v -1135.6882 130.1974 -421.4199
v -1137.1621 130.1974 -419.9329
v -1135.6709 128.5146 -419.2666
v -1134.1633 128.5146 -420.7871
v -1129.405 125.3371 -416.4667
v -1127.7563 125.3371 -418.1279
v -1127.9421 124.0055 -418.205
v -1129.5864 124.0055 -416.5479
v -1170.616 121.9064 -377.9485
v -1179.5303 133.0169 -398.0077
v -1175.2578 131.8359 -388.3936
v -1180.1387 133.0169 -399.377
v -1170.8894 127.4853 -378.5634
v -1169.8127 125.3371 -376.141
v -1172.3638 128.3705 -381.8812
v -1172.6001 128.5146 -382.4128
v -1173.2632 130.1974 -383.9053
v -1169.8936 124.0055 -376.3228
v -1129.5908 121.9064 -421.1772
v -1130.2188 127.4853 -421.4183
v -1133.6082 128.3705 -422.7197
v -1140.2612 131.8359 -425.274
v -1150.0828 133.0169 -429.045
v -1151.4817 133.0169 -429.582
v -1134.1514 128.5146 -422.9282
v -1135.676 130.1974 -423.5136
v -1127.7441 125.3371 -420.4682
v -1127.9297 124.0055 -420.5394
v -1129.5688 121.9064 -476.848
v -1140.2427 131.8359 -472.7595
v -1150.0671 133.0169 -468.9962
v -1151.4666 133.0169 -468.4602
v -1127.7217 125.3371 -477.5554
v -1130.1973 127.4853 -476.6073
v -1129.5686 121.9064 -479.0477
v -1133.5874 128.3705 -477.3864
v -1133.5876 128.3705 -475.3085
v -1130.197 127.4853 -478.788
v -1150.0671 133.0169 -470.5739
v -1140.2424 131.8359 -474.6352
v -1151.4663 133.0169 -469.9954
v -1135.656 130.1974 -476.5313
v -1135.656 130.1974 -474.5163
v -1134.1309 128.5146 -475.1005
v -1134.1309 128.5146 -477.1618
v -1127.7217 125.3371 -479.8112
v -1127.9075 124.0055 -479.7345
v -1127.9075 124.0055 -477.4844
v -1174.3508 121.9064 -521.6306
v -1172.0679 121.9064 -521.6183
v -1174.5918 127.4853 -521.0024
v -1175.8933 128.3705 -517.6129
v -1173.7354 128.3705 -517.6008
v -1172.3284 127.4853 -520.9902
v -1178.4475 131.8359 -510.96
v -1182.2185 133.0169 -501.1383
v -1180.5725 133.0169 -501.1265
v -1176.4963 131.8359 -510.948
v -1182.7556 133.0169 -499.7395
v -1181.1533 133.0169 -499.7277
v -1176.1018 128.5146 -517.0699
v -1176.687 130.1974 -515.5452
v -1174.5935 130.1974 -515.533
v -1173.9604 128.5146 -517.0577
v -1173.6416 125.3371 -523.4771
v -1171.3013 125.3371 -523.4648
v -1171.3784 124.0055 -523.2791
v -1173.7129 124.0055 -523.2914
v -1230.0215 121.9064 -521.6523
v -1225.9331 131.8359 -510.9786
v -1222.1697 133.0169 -501.1539
v -1221.6338 133.0169 -499.7547
v -1230.729 125.3371 -523.4995
v -1229.7808 127.4853 -521.024
v -1228.4822 128.3705 -517.6335
v -1227.6899 130.1974 -515.5651
v -1228.2739 128.5146 -517.0903
v -1230.6577 124.0055 -523.3137
v -1170.4473 121.9064 -520.0104
v -1172.2029 128.3705 -516.0814
v -1170.7217 127.4853 -519.3962
v -1179.4021 133.0169 -499.9695
v -1175.1101 131.8359 -509.5749
v -1180.0134 133.0169 -498.6014
v -1173.1064 130.1974 -514.059
v -1172.4402 128.5146 -515.5502
v -1169.6401 125.3371 -521.8163
v -1169.7214 124.0055 -521.6347
v -1131.1221 121.9064 -480.6051
v -1151.1812 133.0169 -471.691
v -1141.5671 131.8359 -475.9634
v -1152.5505 133.0169 -471.0824
v -1131.7368 127.4853 -480.332
v -1129.3145 125.3371 -481.4084
v -1135.0549 128.3705 -478.8575
v -1135.5864 128.5146 -478.6213
v -1137.0789 130.1974 -477.958
v -1129.4961 124.0055 -481.3276
v -1251.2039 96.2221 -428.7652
v -1201.1875 96.2221 -450.6363
v -1251.1675 96.2221 -469.3484
v -1223.2415 131.5067 -398.32
v -1221.6392 131.5067 -398.3082
v -1182.761 131.5067 -398.293
v -1181.2258 131.5067 -398.2928
v -1180.1387 131.5067 -399.377
v -1152.6199 131.5067 -426.84
v -1151.4937 131.5067 -427.9797
v -1151.4817 131.5067 -429.582
v -1151.4666 131.5067 -468.4602
v -1151.4663 131.5067 -469.9954
v -1152.5505 131.5067 -471.0824
v -1180.0134 131.5067 -498.6014
v -1181.1533 131.5067 -499.7277
v -1182.7556 131.5067 -499.7395
v -1221.6338 131.5067 -499.7547
v -1223.1689 131.5067 -499.7548
v -1224.2559 131.5067 -498.6707
v -1251.7749 131.5067 -471.2077
v -1252.9014 131.5067 -470.0679
v -1252.9131 131.5067 -468.4656
v -1252.9282 131.5067 -429.5875
v -1252.9282 131.5067 -428.0522
v -1251.8442 131.5067 -426.9652
v -1224.3813 131.5067 -399.4462
v -1223.2415 96.8694 -398.32
v -1221.6392 96.8694 -398.3082
v -1182.761 96.8694 -398.293
v -1181.2258 96.8694 -398.2929
v -1180.1387 96.8694 -399.377
v -1152.6199 96.8694 -426.84
v -1151.4937 96.8694 -427.9798
v -1151.4817 96.8694 -429.582
v -1151.4666 96.8694 -468.4602
v -1151.4663 96.8694 -469.9954
v -1152.5505 96.8694 -471.0824
v -1180.0134 96.8694 -498.6014
v -1181.1533 96.8694 -499.7277
v -1182.7556 96.8694 -499.7394
v -1221.6338 96.8694 -499.7547
v -1223.1689 96.8694 -499.7548
v -1224.2559 96.8694 -498.6707
v -1251.7749 96.8694 -471.2077
v -1252.9014 96.8694 -470.0679
v -1252.9131 96.8694 -468.4656
v -1252.9282 96.8694 -429.5875
v -1252.9282 96.8694 -428.0522
v -1251.8442 96.8694 -426.9652
v -1224.3813 96.8694 -399.4463
v -1223.2415 96.2221 -398.32
v -1221.6392 96.2221 -398.3082
v -1182.761 96.2221 -398.293
v -1181.2258 96.2221 -398.2929
v -1180.1387 96.2221 -399.377
v -1152.6199 96.2221 -426.84
v -1151.4937 96.2221 -427.9798
v -1151.4817 96.2221 -429.582
v -1151.4666 96.2221 -468.4602
v -1151.4663 96.2221 -469.9651
v -1152.5505 96.2221 -471.0824
v -1180.0134 96.2221 -498.6014
v -1181.2358 96.2221 -499.7283
v -1182.7556 96.2221 -499.7394
v -1221.6338 96.2221 -499.7547
v -1223.1689 96.2221 -499.7548
v -1224.2559 96.2221 -498.6707
v -1251.7749 96.2221 -471.2077
v -1252.9014 96.2221 -470.0679
v -1252.9131 96.2221 -468.4656
v -1252.9282 96.2221 -429.5875
v -1252.9282 96.2221 -428.0522
v -1251.8442 96.2221 -426.9652
v -1224.3813 96.2221 -399.4463
v -1181.9387 96.2221 -400.0175
v -1153.2271 96.2221 -428.6993
v -1153.1912 96.2221 -469.2825
v -1181.884 96.2221 -497.988
v -1222.4561 96.2221 -498.0302
v -1222.522 96.2221 -400.0536
v -1174.6086 75.3813 -380.0035
v -1172.8223 78.4423 -375.5215
v -1231.4685 78.4423 -375.5444
v -1229.6785 75.3813 -380.0251
v -1231.3354 80.2061 -375.8776
v -1172.9551 80.2064 -375.855
v -1173.5659 81.8652 -377.3877
v -1230.7227 81.8665 -377.4113
v -1227.6707 88.4596 -385.051
v -1176.6125 88.4596 -385.0309
v -1172.8201 79.3315 -375.5158
v -1231.4707 79.3315 -375.5388
v -1176.0547 85.5486 -383.6318
v -1228.2295 85.5486 -383.6522
v -1229.4736 84.1289 -380.5376
v -1174.814 84.1302 -380.519
v -1226.7947 74.4251 -387.2437
v -1177.4868 74.4251 -387.2244
v -1176.0569 88.3867 -383.6366
v -1228.2275 88.3867 -383.657
v -1176.5991 74.4251 -387.2244
v -1173.6082 75.3813 -380.0035
v -1171.7517 78.4423 -375.5214
v -1172.5247 81.8653 -377.3877
v -1171.8899 80.2064 -375.855
v -1175.1111 85.5486 -383.6317
v -1175.113 88.3867 -383.6365
v -1171.7493 79.3315 -375.5157
v -1175.6907 88.4596 -385.0309
v -1173.8215 84.1302 -380.5188
v -1227.7302 74.4251 -387.2545
v -1230.7205 75.3813 -380.0359
v -1232.5764 78.4423 -375.5552
v -1231.8025 81.8679 -377.4234
v -1232.4385 80.2058 -375.8881
v -1229.2161 88.3867 -383.6678
v -1229.218 85.5486 -383.663
v -1232.5786 79.3315 -375.5497
v -1228.6384 88.4596 -385.0617
v -1230.5093 84.1275 -380.5453
v -1233.3672 78.4423 -376.3309
v -1274.8528 78.4423 -417.7839
v -1270.4202 75.3813 -419.69
v -1231.4646 75.3813 -380.765
v -1273.0049 81.8677 -418.5786
v -1274.5234 80.2058 -417.9255
v -1233.2258 80.2061 -376.6607
v -1232.5747 81.8665 -378.1783
v -1265.4482 88.4596 -421.828
v -1229.3306 88.4596 -385.7385
v -1233.3696 79.3315 -376.3254
v -1274.8584 79.3315 -417.7815
v -1231.2471 84.1289 -381.2721
v -1229.9246 85.5486 -384.3544
v -1266.832 85.5486 -421.233
v -1269.9158 84.1277 -419.9069
v -1263.2791 74.4251 -422.7608
v -1228.3994 74.4251 -387.9084
v -1266.8274 88.3867 -421.235
v -1229.9224 88.3867 -384.3591
v -1271.1602 75.3813 -420.4584
v -1263.9414 74.4251 -423.4485
v -1275.6411 78.4423 -418.6025
v -1273.7708 81.8701 -419.3772
v -1275.3088 80.2052 -418.7402
v -1267.5283 88.3867 -421.9629
v -1267.5332 85.5486 -421.9609
v -1275.6467 79.3315 -418.6002
v -1266.1343 88.4596 -422.5403
v -1270.656 84.1252 -420.6674
v -1274.853 78.4423 -480.2838
v -1233.4001 78.4423 -521.7693
v -1231.4939 75.3813 -517.3367
v -1270.4189 75.3813 -478.3812
v -1232.6064 81.8652 -519.9236
v -1233.2583 80.2064 -521.4395
v -1274.5232 80.2061 -480.1423
v -1273.0056 81.8665 -479.4911
v -1229.356 88.4596 -512.3649
v -1265.4453 88.4596 -476.2471
v -1274.8584 79.3315 -480.2863
v -1233.4023 79.3315 -521.7748
v -1269.9119 84.1289 -478.1636
v -1266.8296 85.5486 -476.8411
v -1229.9509 85.5486 -513.7486
v -1231.2747 84.1302 -516.827
v -1228.4231 74.4251 -510.1957
v -1263.2754 74.4251 -475.316
v -1229.949 88.3867 -513.7439
v -1266.825 88.3867 -476.8391
v -1227.7957 74.4251 -510.8233
v -1230.7866 75.3813 -518.0442
v -1232.6431 78.4423 -522.5264
v -1231.8701 81.8653 -520.66
v -1232.5049 80.2064 -522.1927
v -1229.2817 88.3867 -514.4111
v -1229.2837 85.5486 -514.416
v -1232.6453 79.3315 -522.5319
v -1228.7041 88.4596 -513.0168
v -1230.573 84.1302 -517.5289
v -1263.9294 74.4251 -474.6469
v -1271.1479 75.3813 -477.6369
v -1275.6287 78.4423 -479.4929
v -1275.2959 80.2058 -479.3549
v -1273.7605 81.8679 -478.719
v -1267.521 85.5486 -476.1345
v -1267.5161 88.3867 -476.1326
v -1275.6343 79.3315 -479.4951
v -1266.1221 88.4596 -475.5551
v -1270.6384 84.1275 -477.4259
v -1271.1804 75.3813 -421.5252
v -1275.6624 78.4423 -419.7387
v -1275.6394 78.4423 -478.385
v -1271.1589 75.3813 -476.595
v -1275.3062 80.2061 -478.2518
v -1275.3296 80.2058 -419.8714
v -1273.7939 81.8677 -420.4835
v -1273.7727 81.8665 -477.6392
v -1266.1328 88.4596 -474.5872
v -1266.1528 88.4596 -423.5291
v -1275.668 79.3315 -419.7365
v -1275.645 79.3315 -478.3872
v -1267.552 85.5486 -422.9713
v -1267.5317 85.5486 -475.1461
v -1270.6462 84.1289 -476.3903
v -1270.6704 84.1277 -421.7285
v -1263.9402 74.4251 -473.7112
v -1263.9595 74.4251 -424.4033
v -1267.5474 88.3867 -422.9732
v -1267.5269 88.3867 -475.144
v -1129.5417 78.4423 -417.7638
v -1170.9949 78.4423 -376.2784
v -1172.9009 75.3813 -380.711
v -1133.9758 75.3813 -419.6664
v -1171.7883 81.8652 -378.124
v -1171.1367 80.2064 -376.6083
v -1129.8716 80.2061 -417.9053
v -1131.3892 81.8665 -418.5565
v -1175.0388 88.4596 -385.6829
v -1138.9495 88.4596 -421.8005
v -1129.5364 79.3315 -417.7614
v -1170.9924 79.3315 -376.2728
v -1134.4829 84.1289 -419.884
v -1137.5652 85.5486 -421.2065
v -1174.4438 85.5486 -384.2991
v -1173.1201 84.1302 -381.2207
v -1175.9717 74.4251 -387.8521
v -1141.1194 74.4251 -422.7316
v -1174.4458 88.3867 -384.3038
v -1137.5701 88.3867 -421.2086
v -1140.4656 74.4251 -423.4008
v -1133.2468 75.3813 -420.4108
v -1128.7661 78.4423 -418.5548
v -1129.0991 80.2058 -418.6927
v -1130.6343 81.8679 -419.3286
v -1136.8738 85.5486 -421.9132
v -1136.8787 88.3867 -421.9152
v -1128.7607 79.3315 -418.5525
v -1138.2727 88.4596 -422.4926
v -1133.7561 84.1275 -420.6218
v -1133.2144 75.3813 -476.5225
v -1128.7322 78.4423 -478.309
v -1128.7554 78.4423 -419.6627
v -1133.2361 75.3813 -421.4526
v -1129.0884 80.2061 -419.7958
v -1129.0654 80.2058 -478.1762
v -1130.6008 81.8677 -477.5643
v -1130.6221 81.8665 -420.4084
v -1138.262 88.4596 -423.4604
v -1138.2419 88.4596 -474.5186
v -1128.7268 79.3315 -478.3112
v -1128.7498 79.3315 -419.6605
v -1136.8428 85.5486 -475.0763
v -1136.863 85.5486 -422.9016
v -1133.7485 84.1289 -421.6574
v -1133.7244 84.1277 -476.3193
v -1140.4548 74.4251 -424.3364
v -1140.4353 74.4251 -473.6443
v -1136.8474 88.3867 -475.0744
v -1136.8679 88.3867 -422.9036
v -1140.4534 74.4251 -474.5991
v -1133.2344 75.3813 -477.5892
v -1128.7537 78.4423 -479.4453
v -1130.624 81.8701 -478.6705
v -1129.0859 80.2052 -479.3076
v -1136.8618 85.5486 -476.0867
v -1136.8665 88.3867 -476.0848
v -1128.7483 79.3315 -479.4476
v -1138.2605 88.4596 -475.5074
v -1133.739 84.1252 -477.3802
v -1229.7861 75.3813 -518.0441
v -1231.5728 78.4423 -522.5262
v -1172.9263 78.4423 -522.5033
v -1174.7163 75.3813 -518.0226
v -1173.0593 80.2061 -522.17
v -1231.4397 80.2064 -522.1927
v -1230.8286 81.8652 -520.66
v -1173.6721 81.8665 -520.6365
v -1176.7241 88.4596 -512.9967
v -1227.7822 88.4596 -513.0167
v -1231.575 79.3315 -522.5318
v -1172.9241 79.3315 -522.5089
v -1228.3398 85.5486 -514.4158
v -1176.1653 85.5486 -514.3954
v -1174.9209 84.1289 -517.5101
v -1229.5806 84.1302 -517.5287
v -1177.6001 74.4251 -510.8039
v -1226.908 74.4251 -510.8232
v -1228.3381 88.3867 -514.4111
v -1176.1672 88.3867 -514.3906
v -1176.6646 74.4251 -510.7932
v -1173.6746 75.3813 -518.0117
v -1171.8186 78.4423 -522.4924
v -1172.5923 81.8679 -520.6243
v -1171.9565 80.2058 -522.1595
v -1175.179 88.3867 -514.3799
v -1175.1768 85.5486 -514.3846
v -1171.8162 79.3315 -522.498
v -1175.7561 88.4596 -512.986
v -1173.8855 84.1275 -517.5024
v -1171.0273 78.4423 -521.7167
v -1129.542 78.4423 -480.2637
v -1133.9746 75.3813 -478.3577
v -1172.9299 75.3813 -517.2827
v -1131.3899 81.8677 -479.4692
v -1129.8713 80.2058 -480.1222
v -1171.1689 80.2061 -521.387
v -1171.8203 81.8665 -519.8693
v -1138.9465 88.4596 -476.2197
v -1175.0642 88.4596 -512.3092
v -1171.0251 79.3315 -521.7223
v -1129.5366 79.3315 -480.2662
v -1173.1477 84.1289 -516.7755
v -1174.4702 85.5486 -513.6933
v -1137.5627 85.5486 -476.8147
v -1134.479 84.1277 -478.1407
v -1141.1157 74.4251 -475.2869
v -1175.9954 74.4251 -510.1392
v -1137.5676 88.3867 -476.8126
v -1174.4722 88.3867 -513.6886
v -1221.2937 32.2535 -399.2082
v -1222.8679 32.2535 -399.2198
v -1222.8679 -0.6933 -399.2198
v -1221.2937 -0.6933 -399.2082
v -1221.2905 33.4485 -399.2162
v -1220.9902 34.2158 -399.9985
v -1222.54 34.2158 -400.0102
v -1222.8647 33.4485 -399.2279
v -1218.7041 41.51 -405.9528
v -1220.0688 41.51 -405.9645
v -1220.0706 40.6785 -405.9603
v -1218.7058 40.6785 -405.9487
v -1220.916 42.5328 -400.192
v -1222.46 42.533 -400.2029
v -1221.1284 47.1788 -399.6381
v -1222.6895 47.1788 -399.65
v -1222.6875 43.1879 -399.6547
v -1221.1267 43.1879 -399.643
v -1220.9395 48.3056 -400.1311
v -1218.9924 52.9777 -405.2017
v -1220.3806 52.9777 -405.2134
v -1222.4851 48.3052 -400.1424
v -1218.7766 54.3402 -405.7637
v -1220.1472 54.3404 -405.7755
v -1220.2629 55.3654 -405.4966
v -1218.884 55.3658 -405.4844
v -1221.2334 59.9894 -399.3655
v -1222.8027 59.9894 -399.3773
v -1222.1316 60.3445 -397.0255
v -1223.7739 60.3445 -397.0372
v -1218.8584 39.7283 -405.5505
v -1220.2356 39.7286 -405.5625
v -1227.1123 70.0688 -388.9939
v -1225.2197 70.0688 -388.9819
v -1225.8977 74.4251 -387.2167
v -1227.8447 74.4251 -387.2287
v -1225.3809 67.4503 -393.1655
v -1223.6182 67.4503 -393.1536
v -1224.5422 67.7144 -390.7473
v -1226.3796 67.7144 -390.7591
v -1225.1221 66.6964 -393.7888
v -1223.3789 66.6964 -393.7769
v -1183.106 -0.6933 -399.1932
v -1183.106 32.2535 -399.1932
v -1183.1089 33.4485 -399.2012
v -1183.4087 34.2158 -399.9838
v -1185.6887 40.6785 -405.9359
v -1185.6902 41.51 -405.9399
v -1183.4829 42.5327 -400.178
v -1183.2725 43.1879 -399.6282
v -1183.2705 47.1788 -399.6234
v -1183.4597 48.3059 -400.1168
v -1185.4023 52.9777 -405.1886
v -1185.6177 54.3401 -405.7507
v -1185.5105 55.3662 -405.4708
v -1183.1663 59.9894 -399.3506
v -1182.2695 60.3445 -397.0099
v -1181.5979 -0.6933 -399.1931
v -1181.5979 32.2535 -399.1931
v -1181.9248 34.2158 -399.9837
v -1181.6013 33.4485 -399.2012
v -1184.3853 40.6785 -405.9357
v -1184.387 41.51 -405.9399
v -1182.0051 42.5327 -400.1779
v -1181.7778 43.1879 -399.6281
v -1181.7756 47.1788 -399.6232
v -1184.0764 52.9777 -405.1885
v -1181.9797 48.3059 -400.1166
v -1184.3088 54.3401 -405.7507
v -1184.1931 55.3662 -405.4708
v -1181.6628 59.9894 -399.3505
v -1180.6953 60.3445 -397.0097
v -1184.2205 39.728 -405.5371
v -1185.5359 39.728 -405.5372
v -1179.1877 70.0688 -388.9639
v -1179.864 67.7144 -390.7297
v -1178.0991 67.7144 -390.7296
v -1177.3694 70.0688 -388.9638
v -1179.0942 67.4503 -393.1367
v -1180.7859 67.4503 -393.1368
v -1179.3521 66.6964 -393.7603
v -1181.0249 66.6964 -393.7604
v -1223.988 32.2535 -400.3264
v -1223.988 -0.6933 -400.3264
v -1223.6426 34.2158 -401.0993
v -1223.9844 33.4485 -400.3342
v -1221.0405 41.51 -406.9225
v -1221.0425 40.6785 -406.9185
v -1223.5581 42.5328 -401.2885
v -1223.8 47.1788 -400.7469
v -1223.7979 43.1879 -400.7516
v -1221.3689 52.9777 -406.188
v -1223.5847 48.3056 -401.2291
v -1221.1233 54.3402 -406.7377
v -1223.9192 59.9894 -400.4803
v -1221.2454 55.3658 -406.4644
v -1224.9419 60.3445 -398.1918
v -1221.2163 39.7283 -406.5291
v -1228.4568 70.0688 -390.3254
v -1227.6853 67.7144 -392.0518
v -1226.6338 67.4503 -394.4052
v -1226.3613 66.6964 -395.0148
v -1250.9634 -0.6933 -427.3568
v -1250.9634 32.2535 -427.3568
v -1250.9553 33.4485 -427.3603
v -1250.1897 34.2158 -427.7005
v -1244.3652 40.6785 -430.2889
v -1244.3611 41.51 -430.2908
v -1249.9995 42.5327 -427.785
v -1250.5376 43.1879 -427.5458
v -1250.5425 47.1788 -427.5438
v -1250.0596 48.3059 -427.7584
v -1245.0964 52.9777 -429.964
v -1244.5461 54.3401 -430.2084
v -1244.8201 55.3662 -430.0867
v -1250.8093 59.9894 -427.4252
v -1253.0999 60.3445 -426.4072
v -1252.0281 32.2535 -428.4244
v -1252.0281 -0.6933 -428.4244
v -1251.2375 34.2158 -428.7512
v -1252.02 33.4485 -428.4277
v -1245.2815 41.51 -431.2134
v -1245.2856 40.6785 -431.2117
v -1251.0432 42.5327 -428.8315
v -1251.5979 47.1788 -428.6022
v -1251.5933 43.1879 -428.6042
v -1246.0327 52.9777 -430.9028
v -1251.1047 48.3059 -428.8062
v -1245.4707 54.3401 -431.1353
v -1245.7505 55.3662 -431.0195
v -1251.8708 59.9894 -428.4895
v -1254.2114 60.3445 -427.5219
v -1244.7551 39.728 -430.1156
v -1245.6841 39.728 -431.047
v -1262.2576 70.0688 -424.1957
v -1260.9734 70.0688 -422.9083
v -1262.7014 74.4251 -422.1403
v -1264.0232 74.4251 -423.4658
v -1258.0847 67.4503 -425.9207
v -1256.8901 67.4503 -424.723
v -1259.2454 67.7144 -423.6762
v -1260.4915 67.7144 -424.9257
v -1257.4609 66.6964 -426.1785
v -1256.2798 66.6964 -424.9941
v -1229.2283 74.4251 -388.5989
v -1250.8948 32.2535 -470.8145
v -1250.8948 -0.6933 -470.8145
v -1252.0012 -0.6933 -469.6945
v -1252.0012 32.2535 -469.6945
v -1251.2109 34.2158 -469.3664
v -1250.1218 34.2158 -470.4691
v -1250.887 33.4485 -470.8109
v -1251.9934 33.4485 -469.6911
v -1244.2986 41.51 -467.8669
v -1244.3027 40.6785 -467.8688
v -1245.261 40.6785 -466.8969
v -1245.2568 41.51 -466.8951
v -1251.0183 42.533 -469.2864
v -1249.9326 42.5328 -470.3845
v -1250.4744 47.1788 -470.6265
v -1250.4695 43.1879 -470.6244
v -1251.5667 43.1879 -469.514
v -1251.5713 47.1788 -469.5159
v -1246.0078 52.9777 -467.2068
v -1245.0332 52.9777 -468.1952
v -1249.9922 48.3056 -470.411
v -1251.0789 48.3052 -469.3116
v -1245.4458 54.3404 -466.9736
v -1244.4834 54.3402 -467.9496
v -1245.7246 55.3654 -467.0894
v -1251.844 59.9894 -469.6291
v -1250.741 59.9894 -470.7457
v -1244.7568 55.3658 -468.0717
v -1254.1838 60.3445 -470.6003
v -1253.0295 60.3445 -471.7682
v -1245.6587 39.7286 -467.062
v -1244.6919 39.7283 -468.0428
v -1260.896 70.0688 -475.2833
v -1259.1694 67.7144 -474.5118
v -1260.4619 67.7144 -473.206
v -1262.2273 70.0688 -473.9387
v -1258.0557 67.4503 -472.2073
v -1256.8162 67.4503 -473.4603
v -1257.4324 66.6964 -471.9485
v -1256.2065 66.6964 -473.1878
v -1223.8645 -0.6933 -497.7898
v -1223.8645 32.2535 -497.7897
v -1223.8611 33.4485 -497.7819
v -1223.5205 34.2158 -497.0161
v -1220.9324 40.6785 -491.1916
v -1220.9304 41.51 -491.1876
v -1223.4363 42.5327 -496.826
v -1223.6753 43.1879 -497.3641
v -1223.6775 47.1788 -497.3688
v -1223.4629 48.3059 -496.8859
v -1221.2573 52.9777 -491.9228
v -1221.0129 54.3401 -491.3727
v -1221.1345 55.3662 -491.6466
v -1223.7961 59.9894 -497.6357
v -1224.814 60.3445 -499.9263
v -1222.7969 32.2535 -498.8546
v -1222.7969 -0.6933 -498.8546
v -1222.47 34.2158 -498.064
v -1222.7935 33.4485 -498.8466
v -1220.0078 41.51 -492.1078
v -1220.0095 40.6785 -492.112
v -1222.3896 42.5327 -497.8698
v -1222.6189 47.1788 -498.4244
v -1222.6169 43.1879 -498.4196
v -1220.3184 52.9777 -492.8591
v -1222.415 48.3059 -497.9311
v -1220.0859 54.3401 -492.2971
v -1220.2017 55.3662 -492.5769
v -1222.7317 59.9894 -498.6971
v -1223.6995 60.3445 -501.0379
v -1221.1057 39.728 -491.5817
v -1220.1743 39.728 -492.5105
v -1227.0256 70.0688 -509.0839
v -1228.313 70.0688 -507.7999
v -1229.0808 74.4251 -509.5278
v -1227.7554 74.4251 -510.8497
v -1225.3005 67.4503 -504.911
v -1226.4983 67.4503 -503.7164
v -1227.5452 67.7144 -506.0719
v -1226.2954 67.7144 -507.3181
v -1225.0427 66.6964 -504.2875
v -1226.2271 66.6964 -503.1062
v -1262.6223 74.4251 -476.0546
v -1252.0132 32.2535 -468.1201
v -1252.0132 -0.6933 -468.1201
v -1252.0051 33.4485 -468.117
v -1251.2227 34.2158 -467.8167
v -1245.2686 41.51 -465.5305
v -1245.2725 40.6785 -465.5322
v -1251.0293 42.5328 -467.7424
v -1251.583 47.1788 -467.955
v -1251.5781 43.1879 -467.9532
v -1251.0901 48.3056 -467.7657
v -1246.0193 52.9777 -465.8189
v -1245.4575 54.3402 -465.6031
v -1245.7368 55.3658 -465.7104
v -1251.8557 59.9894 -468.0596
v -1254.1956 60.3445 -468.9581
v -1245.6707 39.7283 -465.685
v -1262.2393 70.0688 -472.0464
v -1264.0046 74.4251 -472.7241
v -1263.9927 74.4251 -474.6713
v -1258.0676 67.4503 -470.4447
v -1260.4739 67.7144 -471.3686
v -1257.4443 66.6964 -470.2054
v -1252.0281 -0.6933 -429.9323
v -1252.0281 32.2535 -429.9323
v -1252.02 33.4485 -429.9354
v -1251.2373 34.2158 -430.2351
v -1245.2854 40.6785 -432.515
v -1245.2812 41.51 -432.5166
v -1251.0432 42.5327 -430.3096
v -1251.593 43.1879 -430.0989
v -1251.5979 47.1788 -430.097
v -1251.1045 48.3059 -430.2861
v -1246.0325 52.9777 -432.2288
v -1245.4705 54.3401 -432.4442
v -1245.7505 55.3662 -432.3369
v -1251.8706 59.9894 -429.9926
v -1254.2114 60.3445 -429.096
v -1245.6841 39.728 -432.3623
v -1262.2573 70.0688 -426.014
v -1260.4915 67.7144 -426.6904
v -1258.0845 67.4503 -427.6124
v -1257.4609 66.6964 -427.8513
v -1153.5 32.2535 -427.2333
v -1153.5 -0.6933 -427.2333
v -1152.3933 -0.6933 -428.3532
v -1152.3933 32.2535 -428.3532
v -1153.1838 34.2158 -428.6812
v -1154.2729 34.2158 -427.5787
v -1153.5078 33.4485 -427.2368
v -1152.4016 33.4485 -428.3566
v -1160.0962 41.51 -430.1807
v -1160.092 40.6785 -430.1789
v -1159.134 40.6785 -431.1508
v -1159.1379 41.51 -431.1525
v -1153.3765 42.533 -428.7612
v -1154.4622 42.5328 -427.6632
v -1153.9204 47.1788 -427.4212
v -1153.9253 43.1879 -427.4233
v -1152.8284 43.1879 -428.5338
v -1152.8235 47.1788 -428.5317
v -1158.387 52.9777 -430.8408
v -1159.3616 52.9777 -429.8525
v -1154.4026 48.3056 -427.6366
v -1153.3159 48.3052 -428.7361
v -1158.949 54.3404 -431.074
v -1159.9111 54.3402 -430.0981
v -1158.6702 55.3654 -430.9584
v -1152.5508 59.9894 -428.4186
v -1153.6538 59.9894 -427.3021
v -1159.6382 55.3658 -429.976
v -1150.2107 60.3445 -427.4473
v -1151.3655 60.3445 -426.2794
v -1158.7361 39.7286 -430.9857
v -1159.7026 39.7283 -430.0048
v -1143.499 70.0688 -422.7645
v -1145.2253 67.7144 -423.5359
v -1143.9326 67.7144 -424.8417
v -1142.1675 70.0688 -424.1091
v -1146.3389 67.4503 -425.8404
v -1147.5786 67.4503 -424.5875
v -1146.9624 66.6964 -426.0991
v -1148.1885 66.6964 -424.8599
v -1180.5303 -0.6933 -400.2579
v -1180.5303 32.2535 -400.2579
v -1180.5339 33.4485 -400.2657
v -1180.874 34.2158 -401.0316
v -1183.4624 40.6785 -406.856
v -1183.4641 41.51 -406.86
v -1180.9585 42.5327 -401.2216
v -1180.7195 43.1879 -400.6835
v -1180.7173 47.1788 -400.6788
v -1180.9319 48.3059 -401.1617
v -1183.1375 52.9777 -406.1249
v -1183.3821 54.3401 -406.675
v -1183.2603 55.3662 -406.401
v -1180.5989 59.9894 -400.412
v -1179.5808 60.3445 -398.1213
v -1183.2893 39.728 -406.4659
v -1176.0818 70.0688 -390.2478
v -1175.314 74.4251 -388.5198
v -1176.6394 74.4251 -387.198
v -1177.8965 67.4503 -394.3312
v -1176.8499 67.7144 -391.9758
v -1178.1677 66.6964 -394.9414
v -1141.7725 74.4251 -421.993
v -1152.3818 32.2535 -429.9276
v -1152.3818 -0.6933 -429.9276
v -1152.3896 33.4485 -429.9307
v -1153.1721 34.2158 -430.231
v -1159.1265 41.51 -432.5172
v -1159.1223 40.6785 -432.5156
v -1153.3655 42.5328 -430.3053
v -1152.8118 47.1788 -430.0927
v -1152.8164 43.1879 -430.0945
v -1153.3047 48.3056 -430.2819
v -1158.3752 52.9777 -432.2288
v -1158.9375 54.3402 -432.4446
v -1158.658 55.3658 -432.3373
v -1152.5391 59.9894 -429.988
v -1150.199 60.3445 -429.0896
v -1158.7241 39.7283 -432.3627
v -1142.1555 70.0688 -426.0013
v -1140.3904 74.4251 -425.3235
v -1140.4023 74.4251 -423.3765
v -1146.3271 67.4503 -427.603
v -1143.9207 67.7144 -426.6791
v -1146.9504 66.6964 -427.8423
v -1152.3667 -0.6933 -468.1154
v -1152.3667 32.2535 -468.1154
v -1152.3748 33.4485 -468.1123
v -1153.1575 34.2158 -467.8125
v -1159.1094 40.6785 -465.5327
v -1159.1135 41.51 -465.5311
v -1153.3516 42.5327 -467.7382
v -1152.8018 43.1879 -467.9487
v -1152.7969 47.1788 -467.9506
v -1153.2903 48.3059 -467.7616
v -1158.3621 52.9777 -465.8189
v -1158.9243 54.3401 -465.6036
v -1158.6445 55.3662 -465.7108
v -1152.5242 59.9894 -468.0551
v -1150.1833 60.3445 -468.9517
v -1152.3667 -0.6933 -469.6233
v -1152.3667 32.2535 -469.6233
v -1153.1572 34.2158 -469.2964
v -1152.3748 33.4485 -469.6199
v -1159.1094 40.6785 -466.8359
v -1159.1135 41.51 -466.8342
v -1153.3513 42.5327 -469.2162
v -1152.8015 43.1879 -469.4435
v -1152.7969 47.1788 -469.4454
v -1158.3621 52.9777 -467.1448
v -1153.2903 48.3059 -469.2415
v -1158.9243 54.3401 -466.9125
v -1158.6443 55.3662 -467.0282
v -1152.5242 59.9894 -469.5582
v -1150.1833 60.3445 -470.5258
v -1158.7107 39.728 -467.0007
v -1158.7107 39.728 -465.6854
v -1142.1375 70.0688 -472.0336
v -1143.9033 67.7144 -471.3572
v -1143.9031 67.7144 -473.122
v -1142.1375 70.0688 -473.8519
v -1146.3103 67.4503 -472.127
v -1146.3103 67.4503 -470.4352
v -1146.9338 66.6964 -471.8691
v -1146.9338 66.6964 -470.1964
v -1183.1011 32.2535 -498.8395
v -1181.5269 32.2535 -498.8278
v -1181.5269 -0.6933 -498.8278
v -1183.1011 -0.6933 -498.8395
v -1183.1042 33.4485 -498.8314
v -1183.4045 34.2158 -498.0491
v -1181.855 34.2158 -498.0375
v -1181.5303 33.4485 -498.8198
v -1185.6907 41.51 -492.0948
v -1184.3262 41.51 -492.0833
v -1184.3245 40.6785 -492.0873
v -1185.6892 40.6785 -492.0989
v -1183.479 42.5328 -497.8557
v -1181.9346 42.533 -497.8448
v -1183.2661 47.1788 -498.4095
v -1181.7051 47.1788 -498.3978
v -1181.7073 43.1879 -498.3929
v -1183.2681 43.1879 -498.4046
v -1183.4556 48.3056 -497.9166
v -1185.4023 52.9777 -492.8459
v -1184.0144 52.9777 -492.8343
v -1181.9097 48.3052 -497.9053
v -1185.6182 54.3402 -492.2839
v -1184.2476 54.3404 -492.2722
v -1184.1318 55.3654 -492.551
v -1185.511 55.3658 -492.5632
v -1183.1616 59.9894 -498.6821
v -1181.592 59.9894 -498.6703
v -1182.2632 60.3445 -501.0222
v -1180.6211 60.3445 -501.0104
v -1185.5361 39.7283 -492.4971
v -1184.1592 39.7286 -492.4851
v -1177.2827 70.0688 -509.0537
v -1179.1748 70.0688 -509.0657
v -1178.4971 74.4251 -510.831
v -1176.55 74.4251 -510.819
v -1179.0139 67.4503 -504.8822
v -1180.7766 67.4503 -504.8942
v -1179.8525 67.7144 -507.3004
v -1178.0154 67.7144 -507.2885
v -1179.2727 66.6964 -504.2589
v -1181.0159 66.6964 -504.2707
v -1221.2891 -0.6933 -498.8545
v -1221.2891 32.2535 -498.8544
v -1221.2859 33.4485 -498.8464
v -1220.9861 34.2158 -498.0638
v -1218.7063 40.6785 -492.1119
v -1218.7046 41.51 -492.1078
v -1220.9116 42.5327 -497.8696
v -1221.1223 43.1879 -498.4195
v -1221.124 47.1788 -498.4243
v -1220.9351 48.3059 -497.9309
v -1218.9924 52.9777 -492.8591
v -1218.7771 54.3401 -492.2969
v -1218.8843 55.3662 -492.5768
v -1221.2288 59.9894 -498.697
v -1222.1252 60.3445 -501.0377
v -1218.8589 39.728 -492.5104
v -1225.2073 70.0688 -509.0837
v -1224.5308 67.7144 -507.3179
v -1223.6089 67.4503 -504.9109
v -1223.3699 66.6964 -504.2873
v -1180.4067 32.2535 -497.7213
v -1180.4067 -0.6933 -497.7213
v -1180.7522 34.2158 -496.9483
v -1180.4102 33.4485 -497.7134
v -1183.3542 41.51 -491.1251
v -1183.3525 40.6785 -491.1292
v -1180.8367 42.5328 -496.7592
v -1180.5947 47.1788 -497.3007
v -1180.5969 43.1879 -497.296
v -1183.0261 52.9777 -491.8596
v -1180.8101 48.3056 -496.8186
v -1183.2717 54.3402 -491.3099
v -1180.4756 59.9894 -497.5673
v -1183.1497 55.3658 -491.5832
v -1179.4531 60.3445 -499.8559
v -1183.1785 39.7283 -491.5186
v -1175.938 70.0688 -507.7223
v -1176.7095 67.7144 -505.9958
v -1177.761 67.4503 -503.6425
v -1178.0334 66.6964 -503.0329
v -1153.4314 -0.6933 -470.691
v -1153.4314 32.2535 -470.691
v -1153.4392 33.4485 -470.6874
v -1154.2051 34.2158 -470.3471
v -1160.0295 40.6785 -467.7588
v -1160.0337 41.51 -467.757
v -1154.395 42.5327 -470.2627
v -1153.8572 43.1879 -470.5018
v -1153.8523 47.1788 -470.5038
v -1154.3352 48.3059 -470.2892
v -1159.2986 52.9777 -468.0837
v -1159.8484 54.3401 -467.8392
v -1159.5747 55.3662 -467.9609
v -1153.5854 59.9894 -470.6224
v -1151.2949 60.3445 -471.6404
v -1159.6396 39.728 -467.9321
v -1143.4214 70.0688 -475.1393
v -1141.6934 74.4251 -475.9073
v -1140.3716 74.4251 -474.5819
v -1147.5049 67.4503 -473.3247
v -1145.1494 67.7144 -474.3715
v -1148.115 66.6964 -473.0535
v -1175.1665 74.4251 -509.4487
v -1178.5112 74.4251 -387.1981
v -1264.0229 74.4251 -425.3377
v -1140.3716 74.4251 -472.71
v -1225.8835 74.4251 -510.8495
v -1222.7634 62.2313 -395.3799
v -1224.4568 62.2313 -395.3917
v -1180.0149 62.2313 -395.3637
v -1181.6389 62.2313 -395.3638
v -1225.6609 62.2313 -396.5825
v -1254.7107 62.2313 -425.6915
v -1255.8574 62.2313 -426.8413
v -1255.8293 62.2313 -471.2833
v -1254.6389 62.2313 -472.4874
v -1225.5298 62.2313 -501.5371
v -1224.3799 62.2313 -502.684
v -1255.8413 62.2313 -469.59
v -1255.8574 62.2313 -428.4655
v -1148.5652 62.2313 -426.7644
v -1149.7561 62.2313 -425.5604
v -1178.865 62.2313 -396.5106
v -1148.5535 62.2313 -428.4578
v -1148.5371 62.2313 -471.2063
v -1148.5374 62.2313 -469.5822
v -1181.6313 62.2313 -502.6678
v -1179.938 62.2313 -502.6559
v -1222.7559 62.2313 -502.6838
v -1178.7339 62.2313 -501.4651
v -1149.6841 62.2313 -472.3562
vt 0.1754 0.0221
vt 0.1675 0.0222
vt 0.1642 0.0143
vt 0.1724 0.0143
vt 0.178 0.0287
vt 0.1702 0.0287
vt 0.1853 0.0477
vt 0.1781 0.0478
vt 0.3698 0.022
vt 0.3728 0.0142
vt 0.3673 0.0286
vt 0.36 0.0477
vt 0.3808 0.0142
vt 0.3775 0.022
vt 0.3748 0.0286
vt 0.3669 0.0477
vt 0.1618 0.0278
vt 0.1584 0.0201
vt 0.1647 0.0342
vt 0.173 0.0528
vt 0.0168 0.162
vt 0.0245 0.1654
vt 0.0309 0.1682
vt 0.0112 0.1676
vt 0.019 0.1708
vt 0.0256 0.1735
vt 0.0447 0.1814
vt 0.0495 0.1765
vt 0.0113 0.3841
vt 0.0192 0.3809
vt 0.0248 0.3865
vt 0.0171 0.39
vt 0.0258 0.3781
vt 0.0312 0.3837
vt 0.0448 0.3702
vt 0.0498 0.3753
vt 0.159 0.5315
vt 0.1624 0.5239
vt 0.1653 0.5174
vt 0.1678 0.5293
vt 0.1646 0.5371
vt 0.1705 0.5227
vt 0.1735 0.4988
vt 0.1784 0.5037
vt 0.0191 0.3729
vt 0.0113 0.3759
vt 0.0257 0.3704
vt 0.0447 0.3631
vt 0.0112 0.1714
vt 0.019 0.1746
vt 0.0256 0.1772
vt 0.0447 0.1873
vt 0.534 0.1672
vt 0.5262 0.1704
vt 0.5206 0.1648
vt 0.5282 0.1613
vt 0.5196 0.1732
vt 0.5141 0.1677
vt 0.5006 0.1811
vt 0.4955 0.176
vt 0.3864 0.0198
vt 0.383 0.0275
vt 0.3801 0.0339
vt 0.3718 0.0525
vt 0.5262 0.1784
vt 0.5341 0.1754
vt 0.5196 0.181
vt 0.5006 0.1883
vt 0.5341 0.3758
vt 0.5263 0.3728
vt 0.5197 0.3703
vt 0.5341 0.3838
vt 0.5263 0.3805
vt 0.5197 0.3778
vt 0.5007 0.3699
vt 0.5007 0.363
vt 0.3699 0.5292
vt 0.3779 0.5292
vt 0.3811 0.537
vt 0.3729 0.5371
vt 0.3674 0.5226
vt 0.3752 0.5226
vt 0.3601 0.5036
vt 0.3673 0.5036
vt 0.1725 0.5371
vt 0.1755 0.5293
vt 0.178 0.5227
vt 0.1853 0.5037
vt 0.3836 0.5235
vt 0.387 0.5312
vt 0.3807 0.5171
vt 0.3724 0.4985
vt 0.5286 0.3894
vt 0.5209 0.3859
vt 0.5144 0.3831
vt 0.4958 0.3748
vt 0.1953 0.0738
vt 0.1889 0.0739
vt 0.2013 0.0895
vt 0.2047 0.0983
vt 0.1991 0.0983
vt 0.1954 0.0896
vt 0.2113 0.1155
vt 0.221 0.1409
vt 0.2168 0.1409
vt 0.2062 0.1155
vt 0.2224 0.1445
vt 0.2183 0.1446
vt 0.2052 0.0997
vt 0.2067 0.1037
vt 0.2013 0.1037
vt 0.1997 0.0997
vt 0.1988 0.0831
vt 0.1928 0.0832
vt 0.1919 0.081
vt 0.198 0.081
vt 0.35 0.0738
vt 0.334 0.1155
vt 0.3243 0.1409
vt 0.3229 0.1445
vt 0.3464 0.0831
vt 0.344 0.0895
vt 0.3561 0.0738
vt 0.346 0.0983
vt 0.3406 0.0983
vt 0.3496 0.0895
vt 0.3284 0.1409
vt 0.3389 0.1155
vt 0.3269 0.1445
vt 0.3438 0.1036
vt 0.3386 0.1036
vt 0.3401 0.0997
vt 0.3454 0.0997
vt 0.3523 0.0831
vt 0.3532 0.0809
vt 0.3473 0.0809
vt 0.1844 0.0783
vt 0.1951 0.1023
vt 0.1913 0.0937
vt 0.2137 0.1439
vt 0.2026 0.1191
vt 0.2153 0.1475
vt 0.1975 0.1075
vt 0.1957 0.1036
vt 0.1885 0.0874
vt 0.1875 0.0853
vt 0.0751 0.1879
vt 0.1408 0.2171
vt 0.1159 0.206
vt 0.1443 0.2186
vt 0.0905 0.1947
vt 0.0842 0.1919
vt 0.0708 0.1922
vt 0.0991 0.1985
vt 0.0953 0.2023
vt 0.0865 0.1987
vt 0.1379 0.2199
vt 0.1125 0.2094
vt 0.1415 0.2214
vt 0.1004 0.1991
vt 0.1043 0.2008
vt 0.1006 0.2045
vt 0.0967 0.2029
vt 0.0801 0.1961
vt 0.0779 0.1952
vt 0.0821 0.191
vt 0.0709 0.3594
vt 0.0753 0.3639
vt 0.0954 0.3493
vt 0.0993 0.3532
vt 0.0907 0.357
vt 0.0866 0.3529
vt 0.1379 0.3316
vt 0.1409 0.3346
vt 0.1161 0.3457
vt 0.1126 0.3421
vt 0.1416 0.3301
vt 0.1445 0.333
vt 0.1007 0.347
vt 0.1045 0.3509
vt 0.1007 0.3526
vt 0.0968 0.3487
vt 0.0845 0.3598
vt 0.0802 0.3555
vt 0.078 0.3564
vt 0.0823 0.3608
vt 0.1849 0.4732
vt 0.2141 0.4076
vt 0.203 0.4324
vt 0.2156 0.404
vt 0.1917 0.4579
vt 0.1889 0.4641
vt 0.1892 0.4776
vt 0.1955 0.4493
vt 0.1993 0.4531
vt 0.1957 0.4618
vt 0.2169 0.4105
vt 0.2064 0.4359
vt 0.2184 0.4068
vt 0.1961 0.4479
vt 0.1979 0.444
vt 0.2015 0.4477
vt 0.1999 0.4517
vt 0.1931 0.4682
vt 0.1922 0.4704
vt 0.188 0.4662
vt 0.0708 0.3531
vt 0.0866 0.347
vt 0.0953 0.3437
vt 0.1125 0.3371
vt 0.1379 0.3273
vt 0.1415 0.3259
vt 0.0967 0.3431
vt 0.1007 0.3416
vt 0.0802 0.3495
vt 0.078 0.3503
vt 0.0708 0.1983
vt 0.1125 0.2143
vt 0.1379 0.224
vt 0.1415 0.2254
vt 0.0801 0.2019
vt 0.0865 0.2043
vt 0.0953 0.2077
vt 0.1006 0.2097
vt 0.0967 0.2082
vt 0.0779 0.2011
vt 0.4745 0.1919
vt 0.47 0.1874
vt 0.45 0.2021
vt 0.4461 0.1981
vt 0.4546 0.1943
vt 0.4588 0.1984
vt 0.4074 0.2197
vt 0.4044 0.2167
vt 0.4292 0.2056
vt 0.4328 0.2092
vt 0.4038 0.2212
vt 0.4009 0.2183
vt 0.4446 0.2043
vt 0.4408 0.2004
vt 0.4447 0.1987
vt 0.4486 0.2026
vt 0.4609 0.1915
vt 0.4652 0.1958
vt 0.4673 0.1949
vt 0.463 0.1905
vt 0.3605 0.0781
vt 0.3313 0.1437
vt 0.3423 0.1189
vt 0.3297 0.1473
vt 0.3536 0.0935
vt 0.3564 0.0872
vt 0.3498 0.1021
vt 0.3492 0.1034
vt 0.3475 0.1073
vt 0.3573 0.0851
vt 0.4745 0.1983
vt 0.4588 0.2043
vt 0.45 0.2076
vt 0.4328 0.2143
vt 0.4074 0.224
vt 0.4038 0.2254
vt 0.4486 0.2082
vt 0.4447 0.2097
vt 0.4652 0.2018
vt 0.4673 0.201
vt 0.4746 0.353
vt 0.4329 0.337
vt 0.4075 0.3273
vt 0.4038 0.3259
vt 0.4652 0.3494
vt 0.4588 0.347
vt 0.4746 0.3591
vt 0.4501 0.349
vt 0.4501 0.3436
vt 0.4588 0.3526
vt 0.4075 0.3314
vt 0.4329 0.3419
vt 0.4038 0.3299
vt 0.4447 0.3468
vt 0.4447 0.3416
vt 0.4487 0.3431
vt 0.4487 0.3484
vt 0.4652 0.3553
vt 0.4674 0.3562
vt 0.4674 0.3503
vt 0.3501 0.4775
vt 0.3564 0.4775
vt 0.3441 0.4618
vt 0.3407 0.453
vt 0.3463 0.453
vt 0.3499 0.4617
vt 0.3341 0.4358
vt 0.3243 0.4104
vt 0.3286 0.4104
vt 0.3391 0.4358
vt 0.3229 0.4068
vt 0.3271 0.4068
vt 0.3401 0.4516
vt 0.3386 0.4477
vt 0.344 0.4476
vt 0.3457 0.4516
vt 0.3465 0.4682
vt 0.3526 0.4681
vt 0.3535 0.4703
vt 0.3473 0.4703
vt 0.1953 0.4776
vt 0.2113 0.4359
vt 0.221 0.4105
vt 0.2224 0.4068
vt 0.1989 0.4682
vt 0.2013 0.4618
vt 0.2047 0.4531
vt 0.2068 0.4477
vt 0.2052 0.4517
vt 0.1981 0.4704
vt 0.3609 0.473
vt 0.3502 0.4491
vt 0.3541 0.4576
vt 0.3316 0.4074
vt 0.3427 0.4322
vt 0.33 0.4039
vt 0.3479 0.4438
vt 0.3496 0.4477
vt 0.3569 0.4639
vt 0.3578 0.466
vt 0.4702 0.3634
vt 0.4046 0.3343
vt 0.4294 0.3453
vt 0.401 0.3327
vt 0.4549 0.3566
vt 0.4611 0.3594
vt 0.4463 0.3528
vt 0.4449 0.3522
vt 0.441 0.3505
vt 0.4632 0.3603
vt 0.1534 0.2264
vt 0.2749 0.2796
vt 0.1535 0.325
vt 0.2193 0.1471
vt 0.2234 0.1471
vt 0.322 0.147
vt 0.3258 0.147
vt 0.3286 0.1498
vt 0.3984 0.2194
vt 0.4012 0.2223
vt 0.4013 0.2264
vt 0.4013 0.3249
vt 0.4013 0.3288
vt 0.3985 0.3316
vt 0.3289 0.4014
vt 0.326 0.4042
vt 0.322 0.4042
vt 0.2234 0.4043
vt 0.2195 0.4043
vt 0.2167 0.4015
vt 0.147 0.3319
vt 0.1441 0.329
vt 0.1441 0.325
vt 0.144 0.2264
vt 0.144 0.2225
vt 0.1468 0.2197
vt 0.2164 0.15
vt 0.6723 0.1477
vt 0.5656 0.1477
vt 0.5656 0.1522
vt 0.6723 0.1522
vt 0.5656 0.275
vt 0.6723 0.275
vt 0.5656 0.2794
vt 0.6723 0.2794
vt 0.5656 0.2838
vt 0.6723 0.2838
vt 0.5656 0.4066
vt 0.6723 0.4066
vt 0.5656 0.4112
vt 0.6723 0.4112
vt 0.5656 0.4158
vt 0.6723 0.4158
vt 0.5656 0.5386
vt 0.6723 0.5386
vt 0.6723 0.0115
vt 0.5656 0.0115
vt 0.5656 0.0159
vt 0.6723 0.0159
vt 0.5656 0.0203
vt 0.6723 0.0203
vt 0.5656 0.1431
vt 0.6723 0.1431
vt 0.2215 0.1529
vt 0.221 0.1516
vt 0.2249 0.1516
vt 0.2254 0.1528
vt 0.3201 0.1515
vt 0.3196 0.1528
vt 0.3238 0.1515
vt 0.3233 0.1528
vt 0.3265 0.1542
vt 0.3259 0.1554
vt 0.3938 0.2214
vt 0.3926 0.2219
vt 0.3966 0.2242
vt 0.3953 0.2247
vt 0.3966 0.2281
vt 0.3953 0.2286
vt 0.3966 0.3232
vt 0.3953 0.3227
vt 0.3953 0.3264
vt 0.3966 0.327
vt 0.3927 0.3291
vt 0.394 0.3296
vt 0.3268 0.397
vt 0.3262 0.3957
vt 0.324 0.3997
vt 0.3233 0.3985
vt 0.3196 0.3985
vt 0.3201 0.3998
vt 0.2249 0.3998
vt 0.2254 0.3985
vt 0.2212 0.3998
vt 0.2217 0.3985
vt 0.2185 0.3972
vt 0.2191 0.3959
vt 0.1512 0.3299
vt 0.1524 0.3294
vt 0.1484 0.3272
vt 0.1497 0.3266
vt 0.1484 0.3232
vt 0.1497 0.3227
vt 0.1483 0.2281
vt 0.1496 0.2286
vt 0.1483 0.2243
vt 0.1496 0.2249
vt 0.151 0.2217
vt 0.1523 0.2222
vt 0.2182 0.1543
vt 0.2188 0.1556
vt 0.3217 0.1566
vt 0.3915 0.2263
vt 0.3916 0.3253
vt 0.3219 0.3946
vt 0.2233 0.3947
vt 0.2231 0.1567
vt 0.9492 0.5062
vt 0.9241 0.5062
vt 0.9241 0.2789
vt 0.9492 0.279
vt 0.9097 0.2789
vt 0.9097 0.5062
vt 0.8961 0.5062
vt 0.8961 0.2789
vt 0.7168 0.279
vt 0.8439 0.279
vt 0.8439 0.5063
vt 0.7168 0.5063
vt 0.9168 0.5062
vt 0.9168 0.2789
vt 0.8617 0.5063
vt 0.8617 0.279
vt 0.875 0.279
vt 0.875 0.5062
vt 0.9926 0.279
vt 0.9926 0.5063
vt 0.8516 0.5063
vt 0.8516 0.279
vt 0.9926 0.51
vt 0.9492 0.51
vt 0.9241 0.51
vt 0.8961 0.51
vt 0.9097 0.51
vt 0.8617 0.51
vt 0.8516 0.51
vt 0.9168 0.51
vt 0.8439 0.51
vt 0.7168 0.51
vt 0.875 0.51
vt 0.9926 0.2751
vt 0.9492 0.2751
vt 0.9241 0.2751
vt 0.8961 0.2751
vt 0.9097 0.2751
vt 0.8516 0.2751
vt 0.8617 0.2751
vt 0.9168 0.2751
vt 0.8439 0.2751
vt 0.7168 0.2751
vt 0.875 0.2751
vt 0.9241 0.2712
vt 0.9241 0.0439
vt 0.9492 0.0439
vt 0.9492 0.2712
vt 0.8961 0.0439
vt 0.9097 0.0439
vt 0.9097 0.2712
vt 0.8961 0.2712
vt 0.8439 0.0439
vt 0.8439 0.2712
vt 0.7168 0.2712
vt 0.7168 0.0439
vt 0.9168 0.2712
vt 0.9168 0.0439
vt 0.875 0.2712
vt 0.8617 0.2712
vt 0.8617 0.0439
vt 0.875 0.0439
vt 0.9926 0.0439
vt 0.9926 0.2712
vt 0.8516 0.0439
vt 0.8516 0.2712
vt 0.9492 0.0399
vt 0.9926 0.0399
vt 0.9241 0.0399
vt 0.8961 0.0399
vt 0.9097 0.0399
vt 0.8516 0.0399
vt 0.8617 0.0399
vt 0.9168 0.0399
vt 0.8439 0.0399
vt 0.7168 0.0399
vt 0.875 0.0399
vt 0.9241 0.7409
vt 0.9241 0.5137
vt 0.9492 0.5137
vt 0.9492 0.7409
vt 0.8961 0.5137
vt 0.9097 0.5137
vt 0.9097 0.7409
vt 0.8961 0.7409
vt 0.8439 0.5137
vt 0.8439 0.7408
vt 0.7168 0.7408
vt 0.7168 0.5137
vt 0.9168 0.7409
vt 0.9168 0.5137
vt 0.875 0.7409
vt 0.8617 0.7408
vt 0.8617 0.5137
vt 0.875 0.5137
vt 0.9926 0.5137
vt 0.9926 0.7408
vt 0.8516 0.5137
vt 0.8516 0.7408
vt 0.9926 0.7447
vt 0.9492 0.7448
vt 0.9241 0.7448
vt 0.9097 0.7448
vt 0.8961 0.7448
vt 0.8617 0.7447
vt 0.8516 0.7447
vt 0.9168 0.7448
vt 0.8439 0.7447
vt 0.7168 0.7447
vt 0.875 0.7448
vt 0.9492 0.9758
vt 0.9241 0.9758
vt 0.9241 0.7487
vt 0.9492 0.7486
vt 0.9097 0.7487
vt 0.9097 0.9758
vt 0.8961 0.9758
vt 0.8961 0.7487
vt 0.7168 0.7486
vt 0.8439 0.7486
vt 0.8439 0.9758
vt 0.7168 0.9758
vt 0.9168 0.9758
vt 0.9168 0.7487
vt 0.8617 0.9758
vt 0.8617 0.7486
vt 0.875 0.7486
vt 0.875 0.9758
vt 0.9926 0.7486
vt 0.9926 0.9758
vt 0.8516 0.9758
vt 0.8516 0.7486
vt 0.9492 0.0359
vt 0.9926 0.0359
vt 0.9241 0.0359
vt 0.8961 0.0359
vt 0.9097 0.0359
vt 0.8617 0.0359
vt 0.8516 0.0359
vt 0.9168 0.0359
vt 0.8439 0.0359
vt 0.7168 0.0359
vt 0.875 0.0359
vt 0.1915 0.6982
vt 0.1856 0.6982
vt 0.1856 0.5492
vt 0.1915 0.5492
vt 0.1915 0.7068
vt 0.1915 0.7122
vt 0.1856 0.7122
vt 0.1856 0.7068
vt 0.1915 0.7643
vt 0.1856 0.7643
vt 0.1856 0.7584
vt 0.1915 0.7584
vt 0.1915 0.7905
vt 0.1856 0.7905
vt 0.1915 0.8022
vt 0.1856 0.8022
vt 0.1856 0.7921
vt 0.1915 0.7921
vt 0.1915 0.8201
vt 0.1915 0.8371
vt 0.1856 0.8371
vt 0.1856 0.8201
vt 0.1915 0.8568
vt 0.1856 0.8568
vt 0.1856 0.8628
vt 0.1915 0.8628
vt 0.1915 0.9045
vt 0.1856 0.9045
vt 0.1915 0.9124
vt 0.1856 0.9124
vt 0.1915 0.7516
vt 0.1856 0.7516
vt 0.1856 0.9759
vt 0.1915 0.9759
vt 0.1915 0.9887
vt 0.1856 0.9887
vt 0.1856 0.9531
vt 0.1915 0.9531
vt 0.1915 0.9554
vt 0.1856 0.9554
vt 0.1856 0.9466
vt 0.1915 0.9466
vt 0.3492 0.5492
vt 0.3492 0.6982
vt 0.3492 0.7068
vt 0.3492 0.7122
vt 0.3492 0.7584
vt 0.3492 0.7643
vt 0.3492 0.7905
vt 0.3492 0.7921
vt 0.3492 0.8022
vt 0.3492 0.8201
vt 0.3492 0.8371
vt 0.3492 0.8568
vt 0.3492 0.8628
vt 0.3492 0.9045
vt 0.3492 0.9124
vt 0.3548 0.5492
vt 0.3548 0.6982
vt 0.3548 0.7122
vt 0.3548 0.7068
vt 0.3548 0.7584
vt 0.3548 0.7643
vt 0.3548 0.7905
vt 0.3548 0.7921
vt 0.3548 0.8022
vt 0.3548 0.8371
vt 0.3548 0.8201
vt 0.3548 0.8568
vt 0.3548 0.8628
vt 0.3548 0.9045
vt 0.3548 0.9124
vt 0.3548 0.7516
vt 0.3492 0.7516
vt 0.3492 0.9759
vt 0.3492 0.9554
vt 0.3548 0.9554
vt 0.3548 0.9759
vt 0.3548 0.9531
vt 0.3492 0.9531
vt 0.3548 0.9466
vt 0.3492 0.9466
vt 0.1797 0.6982
vt 0.1797 0.5492
vt 0.1797 0.7122
vt 0.1797 0.7068
vt 0.1797 0.7643
vt 0.1797 0.7584
vt 0.1797 0.7905
vt 0.1797 0.8022
vt 0.1797 0.7921
vt 0.1797 0.8371
vt 0.1797 0.8201
vt 0.1797 0.8568
vt 0.1797 0.9045
vt 0.1797 0.8628
vt 0.1797 0.9124
vt 0.1797 0.7516
vt 0.1797 0.9759
vt 0.1797 0.9554
vt 0.1797 0.9531
vt 0.1797 0.9466
vt 0.022 0.5492
vt 0.022 0.6982
vt 0.022 0.7068
vt 0.022 0.7122
vt 0.022 0.7584
vt 0.022 0.7643
vt 0.022 0.7905
vt 0.022 0.7921
vt 0.022 0.8022
vt 0.022 0.8201
vt 0.022 0.8371
vt 0.022 0.8568
vt 0.022 0.8628
vt 0.022 0.9045
vt 0.022 0.9124
vt 0.0164 0.6982
vt 0.0164 0.5492
vt 0.0164 0.7122
vt 0.0164 0.7068
vt 0.0164 0.7643
vt 0.0164 0.7584
vt 0.0164 0.7905
vt 0.0164 0.8022
vt 0.0164 0.7921
vt 0.0164 0.8371
vt 0.0164 0.8201
vt 0.0164 0.8568
vt 0.0164 0.8628
vt 0.0164 0.9045
vt 0.0164 0.9124
vt 0.022 0.7516
vt 0.0164 0.7516
vt 0.0164 0.9759
vt 0.022 0.9759
vt 0.022 0.9887
vt 0.0164 0.9887
vt 0.0164 0.9531
vt 0.022 0.9531
vt 0.022 0.9554
vt 0.0164 0.9554
vt 0.0164 0.9466
vt 0.022 0.9466
vt 0.1797 0.9887
vt 0.5181 0.6982
vt 0.5181 0.5492
vt 0.524 0.5492
vt 0.524 0.6982
vt 0.524 0.7122
vt 0.5181 0.7122
vt 0.5181 0.7068
vt 0.524 0.7068
vt 0.5181 0.7643
vt 0.5181 0.7584
vt 0.524 0.7584
vt 0.524 0.7643
vt 0.524 0.7905
vt 0.5181 0.7905
vt 0.5181 0.8022
vt 0.5181 0.7921
vt 0.524 0.7921
vt 0.524 0.8022
vt 0.524 0.8371
vt 0.5181 0.8371
vt 0.5181 0.8201
vt 0.524 0.8201
vt 0.524 0.8568
vt 0.5181 0.8568
vt 0.524 0.8628
vt 0.524 0.9045
vt 0.5181 0.9045
vt 0.5181 0.8628
vt 0.524 0.9124
vt 0.5181 0.9124
vt 0.524 0.7516
vt 0.5181 0.7516
vt 0.5182 0.9759
vt 0.5182 0.9554
vt 0.524 0.9554
vt 0.524 0.9759
vt 0.524 0.9531
vt 0.5182 0.9531
vt 0.524 0.9466
vt 0.5182 0.9466
vt 0.3604 0.5492
vt 0.3604 0.6982
vt 0.3604 0.7068
vt 0.3604 0.7122
vt 0.3604 0.7584
vt 0.3604 0.7643
vt 0.3604 0.7905
vt 0.3604 0.7921
vt 0.3604 0.8022
vt 0.3604 0.8201
vt 0.3604 0.8371
vt 0.3604 0.8568
vt 0.3604 0.8628
vt 0.3604 0.9045
vt 0.3604 0.9124
vt 0.3604 0.7516
vt 0.3604 0.9759
vt 0.3604 0.9887
vt 0.3548 0.9887
vt 0.3604 0.9531
vt 0.3604 0.9554
vt 0.3604 0.9466
vt 0.5182 0.9887
vt 0.5299 0.6982
vt 0.5299 0.5492
vt 0.5299 0.7068
vt 0.5299 0.7122
vt 0.5299 0.7643
vt 0.5299 0.7584
vt 0.5299 0.7905
vt 0.5299 0.8022
vt 0.5299 0.7921
vt 0.5299 0.8201
vt 0.5299 0.8371
vt 0.5299 0.8568
vt 0.5299 0.8628
vt 0.5299 0.9045
vt 0.5299 0.9124
vt 0.5299 0.7516
vt 0.5299 0.9759
vt 0.5299 0.9887
vt 0.524 0.9887
vt 0.5299 0.9531
vt 0.5299 0.9554
vt 0.5299 0.9466
vt 0.6876 0.5492
vt 0.6876 0.6982
vt 0.6876 0.7068
vt 0.6876 0.7122
vt 0.6876 0.7584
vt 0.6876 0.7643
vt 0.6876 0.7905
vt 0.6876 0.7921
vt 0.6876 0.8022
vt 0.6876 0.8201
vt 0.6876 0.8371
vt 0.6876 0.8568
vt 0.6876 0.8628
vt 0.6876 0.9045
vt 0.6876 0.9124
vt 0.0107 0.6982
vt 0.0107 0.5492
vt 0.0107 0.7122
vt 0.0107 0.7068
vt 0.0108 0.7643
vt 0.0108 0.7584
vt 0.0107 0.7905
vt 0.0107 0.8022
vt 0.0107 0.7921
vt 0.0108 0.8371
vt 0.0107 0.8201
vt 0.0108 0.8568
vt 0.0107 0.9045
vt 0.0108 0.8628
vt 0.0107 0.9124
vt 0.0108 0.7516
vt 0.0107 0.9759
vt 0.0107 0.9554
vt 0.0107 0.9531
vt 0.0107 0.9466
vt 0.6876 0.7516
vt 0.6876 0.9554
vt 0.6876 0.9759
vt 0.6876 0.9531
vt 0.6876 0.9466
vt 0.3492 0.9887
vt 0.0107 0.9887
vt 0.6876 0.9887
vt 0.1915 0.9253
vt 0.1856 0.9253
vt 0.3548 0.9253
vt 0.3492 0.9253
vt 0.1797 0.9253
vt 0.022 0.9253
vt 0.0164 0.9253
vt 0.524 0.9253
vt 0.5181 0.9253
vt 0.3604 0.9253
vt 0.5299 0.9253
vt 0.0107 0.9253
vt 0.6876 0.9253
vn -0.0022 -0.6771 0.7359
vn -0.3039 -0.6104 0.7315
vn -0.2495 -0.7698 0.5875
vn -0.0013 -0.6689 0.7434
vn -0.0031 -0.0029 1.0
vn -0.3833 -0.003 0.9236
vn -0.0023 -0.6338 0.7735
vn -0.2632 -0.7271 0.6341
vn -0.0003 -0.6776 0.7354
vn -0.0027 -0.6676 0.7445
vn -0.0002 -0.0029 1.0
vn -0.0002 -0.6332 0.774
vn 0.2433 -0.7658 0.5952
vn 0.3028 -0.6094 0.7328
vn 0.382 -0.0031 0.9241
vn 0.2618 -0.7282 0.6333
vn -0.519 -0.6783 0.5202
vn -0.5315 -0.6656 0.5239
vn -0.7059 -0.0028 0.7083
vn -0.5461 -0.6338 0.5478
vn -0.5271 -0.6692 0.5238
vn -0.5206 -0.6776 0.5194
vn -0.7079 -0.0029 0.7063
vn -0.5951 -0.7641 0.2492
vn -0.7324 -0.6099 0.3027
vn -0.9241 -0.0033 0.3821
vn -0.6333 -0.7282 0.2618
vn -0.5479 -0.6332 0.5466
vn -0.5898 -0.7697 -0.2443
vn -0.7312 -0.6109 -0.3035
vn -0.5207 -0.6777 -0.5192
vn -0.5255 -0.6672 -0.528
vn -0.9236 -0.0034 -0.3833
vn -0.7083 -0.0029 -0.7059
vn -0.6341 -0.7271 -0.2632
vn -0.5478 -0.6338 -0.5461
vn -0.5246 -0.6693 -0.5261
vn -0.5198 -0.677 -0.5211
vn -0.7063 -0.0029 -0.7079
vn -0.3028 -0.6093 -0.7328
vn -0.2433 -0.7658 -0.5953
vn -0.382 -0.0031 -0.9242
vn -0.5466 -0.6332 -0.5479
vn -0.2618 -0.7282 -0.6334
vn -0.7354 -0.6777 -0.002
vn -0.7447 -0.6674 0.0016
vn -1.0 -0.0029 -0.0031
vn -0.7735 -0.6338 -0.0023
vn -0.7415 -0.671 0.0046
vn -0.7351 -0.678 -0.0
vn -1.0 -0.0031 -0.0002
vn -0.774 -0.6332 -0.0002
vn 0.5897 -0.7698 0.2443
vn 0.7315 -0.6105 0.3036
vn 0.5208 -0.6776 0.5193
vn 0.5255 -0.6672 0.528
vn 0.9236 -0.0032 0.3833
vn 0.7083 -0.0029 0.7059
vn 0.6341 -0.7271 0.2632
vn 0.5478 -0.6338 0.546
vn 0.5246 -0.6694 0.5261
vn 0.5198 -0.677 0.5211
vn 0.7063 -0.0029 0.7079
vn 0.5467 -0.6332 0.5479
vn 0.7354 -0.6776 0.002
vn 0.7446 -0.6675 -0.0017
vn 1.0 -0.0028 0.0032
vn 0.7735 -0.6338 0.0023
vn 0.7446 -0.6675 0.0011
vn 0.7348 -0.6783 0.0004
vn 1.0 -0.0029 0.0002
vn 0.5933 -0.7675 -0.2427
vn 0.7325 -0.6097 -0.3027
vn 0.9241 -0.003 -0.382
vn 0.6334 -0.7282 -0.2618
vn 0.774 -0.6332 0.0002
vn 0.0022 -0.6771 -0.7359
vn 0.3039 -0.6105 -0.7314
vn 0.2495 -0.7698 -0.5875
vn 0.0013 -0.6689 -0.7434
vn 0.0031 -0.0029 -1.0
vn 0.3833 -0.003 -0.9236
vn 0.0023 -0.6338 -0.7735
vn 0.2632 -0.7271 -0.6341
vn 0.0028 -0.6676 -0.7445
vn 0.0003 -0.6776 -0.7354
vn 0.0002 -0.0029 -1.0
vn 0.0002 -0.6332 -0.774
vn 0.5189 -0.6784 -0.5201
vn 0.5315 -0.6656 -0.5239
vn 0.7059 -0.003 -0.7083
vn 0.5461 -0.6338 -0.5478
vn 0.5271 -0.6692 -0.5238
vn 0.5203 -0.678 -0.5192
vn 0.7079 -0.0029 -0.7063
vn 0.5479 -0.6333 -0.5466
vn -0.0014 -0.8568 0.5157
vn -0.2112 -0.8345 0.509
vn -0.0013 0.8846 0.4663
vn -0.0008 0.9671 0.2543
vn -0.0904 0.9718 0.2178
vn -0.1847 0.8763 0.4449
vn -0.0007 0.9733 0.2293
vn -0.0002 0.9982 0.0599
vn -0.0264 0.9976 0.0636
vn -0.0909 0.9715 0.2191
vn 0.0027 0.7079 -0.7063
vn 0.2287 0.8024 -0.5512
vn -0.0017 0.8545 0.5194
vn -0.0016 0.8316 0.5553
vn -0.2176 0.8232 0.5244
vn -0.169 0.8976 0.4071
vn -0.0029 0.351 0.9364
vn -0.362 0.3287 0.8723
vn -0.3525 -0.3928 0.8494
vn -0.0027 -0.3933 0.9194
vn -0.0001 -0.8568 0.5156
vn -0.0001 0.9733 0.2293
vn -0.0 0.9982 0.0598
vn 0.0002 0.7071 -0.7071
vn -0.0002 0.3511 0.9364
vn -0.0001 0.8846 0.4663
vn 0.2108 -0.8341 0.5098
vn 0.0901 0.9718 0.218
vn -0.0001 0.9671 0.2545
vn 0.1842 0.8761 0.4456
vn 0.0264 0.9976 0.0638
vn 0.0908 0.9714 0.2195
vn -0.2271 0.804 -0.5495
vn 0.2171 0.8229 0.5251
vn -0.0001 0.8316 0.5554
vn -0.0001 0.8542 0.52
vn 0.1682 0.8979 0.4068
vn 0.3609 0.3283 0.8729
vn 0.3514 -0.3925 0.85
vn -0.0002 -0.3931 0.9195
vn -0.3642 -0.8567 0.3652
vn -0.1795 0.9671 0.1801
vn -0.3293 0.8846 0.3302
vn -0.0423 0.9982 0.0424
vn -0.1619 0.9734 0.1624
vn 0.4982 0.7079 -0.5007
vn -0.3921 0.8316 0.3933
vn -0.3666 0.8545 0.3679
vn -0.661 0.351 0.6632
vn -0.6491 -0.3933 0.6511
vn -0.365 -0.8568 0.3642
vn -0.0423 0.9982 0.0422
vn -0.1624 0.9733 0.162
vn 0.5006 0.7071 -0.4994
vn -0.3301 0.8846 0.3294
vn -0.6629 0.351 0.6613
vn -0.5098 -0.8341 0.2108
vn -0.1802 0.9671 0.1798
vn -0.218 0.9718 0.0901
vn -0.4456 0.8761 0.1842
vn -0.0638 0.9976 0.0264
vn -0.2195 0.9714 0.0908
vn 0.5495 0.804 -0.2272
vn -0.3682 0.8541 0.3673
vn -0.3932 0.8316 0.3923
vn -0.5251 0.8229 0.2171
vn -0.4067 0.8979 0.1681
vn -0.8729 0.3284 0.3608
vn -0.85 -0.3925 0.3514
vn -0.6509 -0.3932 0.6494
vn -0.509 -0.8345 -0.2112
vn -0.3652 -0.8567 -0.3642
vn -0.2178 0.9718 -0.0904
vn -0.1801 0.9671 -0.1795
vn -0.3302 0.8846 -0.3293
vn -0.4449 0.8763 -0.1847
vn -0.0636 0.9976 -0.0264
vn -0.0424 0.9982 -0.0423
vn -0.1624 0.9734 -0.1619
vn -0.2191 0.9715 -0.0909
vn 0.5511 0.8025 0.2287
vn 0.5007 0.7079 0.4982
vn -0.5244 0.8232 -0.2176
vn -0.3933 0.8316 -0.3921
vn -0.3679 0.8546 -0.3666
vn -0.407 0.8976 -0.169
vn -0.6632 0.351 -0.661
vn -0.8723 0.3286 -0.362
vn -0.8494 -0.3928 -0.3525
vn -0.6511 -0.3933 -0.6491
vn -0.3642 -0.8568 -0.365
vn -0.0422 0.9982 -0.0423
vn -0.162 0.9733 -0.1624
vn 0.4994 0.7071 0.5006
vn -0.3293 0.8846 -0.3301
vn -0.6613 0.351 -0.6629
vn -0.2107 -0.8341 -0.5098
vn -0.1798 0.9671 -0.1802
vn -0.0901 0.9718 -0.218
vn -0.1842 0.8761 -0.4456
vn -0.0264 0.9976 -0.0638
vn -0.0908 0.9714 -0.2195
vn 0.2272 0.804 0.5495
vn -0.3673 0.8541 -0.3682
vn -0.3923 0.8316 -0.3932
vn -0.2171 0.8229 -0.5251
vn -0.1682 0.8979 -0.4068
vn -0.3609 0.3283 -0.8729
vn -0.3514 -0.3925 -0.85
vn -0.6494 -0.3931 -0.651
vn -0.5158 -0.8567 -0.0014
vn -0.4663 0.8846 -0.0013
vn -0.2543 0.9671 -0.0008
vn -0.2293 0.9733 -0.0007
vn -0.0599 0.9982 -0.0002
vn 0.7063 0.7079 0.0027
vn -0.5194 0.8545 -0.0017
vn -0.5553 0.8316 -0.0016
vn -0.9364 0.351 -0.0028
vn -0.9194 -0.3933 -0.0027
vn -0.5156 -0.8568 -0.0001
vn -0.2294 0.9733 -0.0001
vn -0.0598 0.9982 -0.0
vn 0.7071 0.7071 0.0001
vn -0.9363 0.3511 -0.0002
vn -0.4663 0.8846 -0.0001
vn -0.2545 0.9671 -0.0001
vn -0.5554 0.8316 -0.0001
vn -0.52 0.8542 -0.0001
vn -0.9195 -0.3931 -0.0002
vn 0.509 -0.8345 0.2112
vn 0.3651 -0.8568 0.3642
vn 0.2179 0.9718 0.0904
vn 0.1801 0.9671 0.1795
vn 0.3302 0.8846 0.3293
vn 0.4449 0.8763 0.1847
vn 0.0636 0.9976 0.0264
vn 0.0424 0.9982 0.0423
vn 0.1624 0.9734 0.1619
vn 0.2191 0.9715 0.0909
vn -0.5512 0.8024 -0.2288
vn -0.5007 0.7079 -0.4982
vn 0.5244 0.8232 0.2176
vn 0.3933 0.8316 0.3921
vn 0.3679 0.8545 0.3666
vn 0.4071 0.8976 0.1689
vn 0.6632 0.351 0.661
vn 0.8723 0.3286 0.3621
vn 0.8494 -0.3927 0.3526
vn 0.6511 -0.3932 0.6491
vn 0.3642 -0.8568 0.365
vn 0.0422 0.9982 0.0423
vn 0.162 0.9733 0.1624
vn -0.4994 0.7071 -0.5006
vn 0.3293 0.8846 0.3301
vn 0.6613 0.351 0.6629
vn 0.1797 0.9671 0.1802
vn 0.3673 0.8542 0.3682
vn 0.3923 0.8316 0.3932
vn 0.6494 -0.3931 0.651
vn 0.5157 -0.8568 0.0014
vn 0.4663 0.8846 0.0013
vn 0.2543 0.9671 0.0008
vn 0.2293 0.9734 0.0007
vn 0.0599 0.9982 0.0002
vn -0.7063 0.7079 -0.0028
vn 0.5193 0.8546 0.0017
vn 0.5554 0.8316 0.0017
vn 0.9364 0.351 0.0029
vn 0.9194 -0.3932 0.0027
vn 0.5156 -0.8568 0.0001
vn 0.2293 0.9733 0.0001
vn 0.0598 0.9982 0.0
vn -0.7071 0.7071 -0.0002
vn 0.9364 0.351 0.0002
vn 0.4663 0.8846 0.0001
vn 0.5098 -0.8341 -0.2108
vn 0.218 0.9718 -0.0901
vn 0.2545 0.9671 0.0001
vn 0.4456 0.8761 -0.1842
vn 0.0638 0.9976 -0.0264
vn 0.2195 0.9714 -0.0908
vn -0.5495 0.804 0.2271
vn 0.5251 0.8229 -0.2171
vn 0.5554 0.8316 0.0001
vn 0.52 0.8541 0.0001
vn 0.4068 0.8979 -0.1682
vn 0.8729 0.3283 -0.3609
vn 0.85 -0.3925 -0.3514
vn 0.9195 -0.3931 0.0002
vn 0.0014 -0.8567 -0.5158
vn 0.2113 -0.8345 -0.509
vn 0.0013 0.8846 -0.4663
vn 0.0008 0.9671 -0.2543
vn 0.0904 0.9718 -0.2178
vn 0.1847 0.8763 -0.4449
vn 0.0007 0.9734 -0.2293
vn 0.0002 0.9982 -0.0599
vn 0.0264 0.9976 -0.0636
vn 0.0909 0.9715 -0.2191
vn -0.0027 0.7079 0.7063
vn -0.2287 0.8024 0.5512
vn 0.0017 0.8545 -0.5194
vn 0.0017 0.8316 -0.5554
vn 0.2176 0.8232 -0.5244
vn 0.169 0.8976 -0.407
vn 0.0029 0.351 -0.9364
vn 0.3621 0.3287 -0.8723
vn 0.3525 -0.3928 -0.8494
vn 0.0027 -0.3933 -0.9194
vn 0.0001 -0.8568 -0.5156
vn 0.0001 0.9733 -0.2293
vn 0.0 0.9982 -0.0598
vn -0.0002 0.7071 0.7071
vn 0.0002 0.351 -0.9364
vn 0.0001 0.8846 -0.4663
vn 0.0001 0.9671 -0.2545
vn 0.0001 0.8316 -0.5554
vn 0.0001 0.8541 -0.52
vn 0.0002 -0.3931 -0.9195
vn 0.3642 -0.8567 -0.3651
vn 0.1795 0.9671 -0.1801
vn 0.3293 0.8846 -0.3302
vn 0.0423 0.9982 -0.0424
vn 0.1619 0.9733 -0.1624
vn -0.4982 0.7079 0.5007
vn 0.3921 0.8316 -0.3933
vn 0.3666 0.8545 -0.3679
vn 0.6611 0.351 -0.6632
vn 0.6491 -0.3933 -0.6511
vn 0.365 -0.8568 -0.3642
vn 0.0423 0.9982 -0.0422
vn 0.1624 0.9733 -0.162
vn -0.5006 0.7071 0.4994
vn 0.3301 0.8846 -0.3293
vn 0.6629 0.3511 -0.6613
vn 0.1802 0.9671 -0.1798
vn 0.3682 0.8541 -0.3673
vn 0.3932 0.8316 -0.3923
vn 0.651 -0.3931 -0.6494
vn -0.0 1.0 0.0
vn 0.0 1.0 0.0
vn -0.0 1.0 -0.0
vn 0.3833 0.0 -0.9236
vn 0.0039 0.0 -1.0
vn 0.0003 0.0 -1.0
vn -0.382 0.0 -0.9242
vn -0.7063 0.0 -0.7079
vn -0.7089 0.0 -0.7054
vn -0.9236 0.0 -0.3834
vn -1.0 0.0 -0.0039
vn -1.0 0.0 -0.0003
vn -0.9242 0.0 0.382
vn -0.7079 0.0 0.7063
vn -0.7053 0.0 0.7089
vn -0.3833 0.0 0.9236
vn -0.0039 0.0 1.0
vn -0.0002 0.0 1.0
vn 0.3821 0.0 0.9241
vn 0.7063 0.0 0.7079
vn 0.7088 0.0 0.7054
vn 0.9236 0.0 0.3833
vn 1.0 0.0 0.0039
vn 1.0 0.0 0.0002
vn 0.9241 0.0 -0.382
vn 0.708 0.0 -0.7063
vn 0.7053 0.0 -0.7089
vn 0.3833 0.0 -0.9236
vn 0.0039 0.0 -1.0
vn 0.0002 0.0 -1.0
vn -0.382 0.0 -0.9242
vn -0.7062 0.0 -0.708
vn -0.7089 0.0 -0.7054
vn -0.9236 0.0 -0.3833
vn -1.0 0.0 -0.0039
vn -1.0 0.0 -0.0003
vn -0.9228 0.0046 0.3852
vn -0.7091 0.0041 0.7051
vn -0.7022 0.0109 0.7119
vn -0.3919 0.0125 0.9199
vn -0.0039 0.0 1.0
vn -0.0002 0.0 1.0
vn 0.3821 0.0 0.9241
vn 0.7063 0.0 0.7079
vn 0.7088 0.0 0.7054
vn 0.9236 0.0 0.3833
vn 1.0 0.0 0.0039
vn 1.0 0.0 0.0002
vn 0.9241 0.0 -0.3821
vn 0.7079 0.0 -0.7063
vn 0.7053 0.0 -0.7089
vn 0.2973 0.6314 -0.7162
vn 0.0028 0.7063 -0.7079
vn 0.0002 0.7071 -0.7071
vn -0.2966 0.6304 -0.7174
vn -0.4994 0.7071 -0.5006
vn -0.5018 0.7063 -0.4993
vn -0.7162 0.6314 -0.2973
vn -0.7079 0.7063 -0.0028
vn -0.7071 0.7071 -0.0002
vn -0.7184 0.6344 0.2853
vn -0.5013 0.7084 0.4967
vn -0.4921 0.7103 0.5033
vn -0.2679 0.6416 0.7187
vn -0.0027 0.7063 0.7079
vn -0.0002 0.7071 0.7071
vn 0.2966 0.6304 0.7174
vn 0.4994 0.7071 0.5006
vn 0.5018 0.7063 0.4993
vn 0.7162 0.6314 0.2973
vn 0.7079 0.7063 0.0027
vn 0.7071 0.7071 0.0001
vn 0.7174 0.6304 -0.2966
vn 0.5006 0.7071 -0.4994
vn 0.4993 0.7063 -0.5018
vn 0.0 1.0 0.0
vn 0.0 1.0 0.0
vn 0.0 1.0 0.0
vn 0.0 1.0 -0.0
vn -0.0 1.0 -0.0
vn -0.0 1.0 -0.0
vn -0.0001 -0.934 0.3574
vn -0.0002 -0.4697 0.8828
vn -0.0048 -0.4696 0.8829
vn -0.0017 -0.9339 0.3575
vn -0.0044 0.5297 0.8482
vn -0.0002 0.5293 0.8484
vn -0.0002 0.7481 0.6636
vn -0.0033 0.7485 0.6632
vn -0.0018 0.6895 0.7242
vn -0.0026 0.6884 0.7253
vn -0.0002 0.1807 0.9835
vn -0.0052 0.1809 0.9835
vn -0.0002 0.5417 0.8406
vn -0.0044 0.5428 0.8399
vn -0.0025 0.8646 0.5024
vn -0.0002 0.8643 0.5029
vn -0.0006 -0.9914 0.1311
vn -0.0 -0.9913 0.1313
vn -0.0002 0.689 0.7248
vn -0.0042 0.6879 0.7258
vn 0.0465 -0.9926 0.1122
vn 0.1463 -0.9241 0.3531
vn 0.3432 -0.4421 0.8287
vn 0.2482 0.7612 0.5991
vn 0.3229 0.5367 0.7796
vn 0.2983 0.6264 0.7202
vn 0.3015 0.6159 0.7278
vn 0.3761 0.1853 0.9079
vn 0.2342 0.7855 0.5729
vn 0.1883 0.8706 0.4545
vn -0.0465 -0.9926 0.1122
vn -0.1459 -0.9245 0.3521
vn -0.3432 -0.4428 0.8284
vn -0.248 0.7615 0.5989
vn -0.3229 0.5368 0.7795
vn -0.301 0.6176 0.7266
vn -0.299 0.6241 0.7219
vn -0.3761 0.1853 0.9079
vn -0.2425 0.784 0.5714
vn -0.1882 0.8707 0.4544
vn -0.621 -0.4696 0.6276
vn -0.6305 -0.4694 0.6181
vn -0.2549 -0.9338 0.2509
vn -0.2516 -0.9339 0.254
vn -0.4728 0.7488 0.4645
vn -0.6051 0.5302 0.5939
vn -0.5966 0.5297 0.6028
vn -0.4666 0.7485 0.4713
vn -0.5134 0.6905 0.5096
vn -0.5156 0.6895 0.5087
vn -0.6918 0.1809 0.6991
vn -0.7021 0.181 0.6887
vn -0.3534 0.8646 0.357
vn -0.5907 0.5428 0.597
vn -0.5985 0.5436 0.5884
vn -0.3579 0.8649 0.3519
vn -0.0932 -0.9914 0.0919
vn -0.0923 -0.9914 0.0931
vn -0.5186 0.687 0.509
vn -0.5103 0.6879 0.5161
vn -0.3512 -0.9249 0.1455
vn -0.1122 -0.9926 0.0465
vn -0.828 -0.4437 0.3429
vn -0.5985 0.7618 0.2479
vn -0.7793 0.5371 0.3228
vn -0.7256 0.619 0.3005
vn -0.7231 0.6225 0.2994
vn -0.9079 0.1853 0.376
vn -0.5763 0.7809 0.241
vn -0.4541 0.8708 0.1881
vn -0.6277 -0.4696 -0.6209
vn -0.6244 -0.4696 -0.6242
vn -0.2528 -0.934 -0.2526
vn -0.254 -0.9339 -0.2516
vn -0.4693 0.7481 -0.4691
vn -0.6 0.5292 -0.5999
vn -0.6028 0.5298 -0.5966
vn -0.4713 0.7485 -0.4666
vn -0.5129 0.6885 -0.5128
vn -0.5111 0.6895 -0.5132
vn -0.6991 0.1809 -0.6918
vn -0.6956 0.1808 -0.6953
vn -0.357 0.8646 -0.3534
vn -0.597 0.5427 -0.5908
vn -0.5945 0.5417 -0.5942
vn -0.3557 0.8644 -0.3555
vn -0.0929 -0.9913 -0.0928
vn -0.0931 -0.9914 -0.0923
vn -0.5126 0.6889 -0.5124
vn -0.5162 0.6879 -0.5103
vn -0.0465 -0.9926 -0.1122
vn -0.1463 -0.9241 -0.3531
vn -0.3432 -0.4419 -0.8288
vn -0.2481 0.7613 -0.5991
vn -0.3229 0.5366 -0.7796
vn -0.3015 0.616 -0.7278
vn -0.2983 0.6264 -0.7202
vn -0.376 0.1854 -0.9079
vn -0.2344 0.7854 -0.5728
vn -0.1882 0.8706 -0.4545
vn -0.1122 -0.9926 -0.0465
vn -0.3521 -0.9245 -0.1459
vn -0.8284 -0.4428 -0.3431
vn -0.7795 0.5368 -0.3228
vn -0.5989 0.7615 -0.2481
vn -0.7219 0.6241 -0.299
vn -0.7266 0.6177 -0.3009
vn -0.9079 0.1852 -0.376
vn -0.5737 0.7838 -0.2376
vn -0.4544 0.8707 -0.1882
vn -0.3577 -0.9338 0.0029
vn -0.8829 -0.4694 0.0087
vn -0.8829 -0.4696 -0.0048
vn -0.3575 -0.9339 -0.0017
vn -0.8482 0.5297 -0.0043
vn -0.848 0.53 0.0079
vn -0.6627 0.7489 0.0059
vn -0.6632 0.7484 -0.0034
vn -0.7244 0.6894 0.0013
vn -0.7236 0.6902 0.0051
vn -0.9835 0.1809 0.0094
vn -0.9835 0.1808 -0.0051
vn -0.8393 0.5436 0.0071
vn -0.8399 0.5428 -0.0044
vn -0.5024 0.8646 -0.0026
vn -0.5019 0.8649 0.0043
vn -0.1311 -0.9914 -0.0006
vn -0.1309 -0.9914 0.0009
vn -0.7267 0.687 0.0068
vn -0.7258 0.6879 -0.0041
vn 0.6277 -0.4695 0.6209
vn 0.6244 -0.4697 0.6241
vn 0.2528 -0.934 0.2526
vn 0.254 -0.9339 0.2516
vn 0.4694 0.7481 0.4691
vn 0.6001 0.5293 0.5998
vn 0.6029 0.5297 0.5966
vn 0.4713 0.7484 0.4666
vn 0.5129 0.6885 0.5127
vn 0.5112 0.6895 0.5131
vn 0.6991 0.1809 0.6917
vn 0.6956 0.1808 0.6953
vn 0.357 0.8646 0.3534
vn 0.597 0.5428 0.5907
vn 0.5945 0.5417 0.5942
vn 0.3557 0.8644 0.3555
vn 0.0929 -0.9913 0.0928
vn 0.0931 -0.9914 0.0923
vn 0.5126 0.6889 0.5124
vn 0.5161 0.6879 0.5103
vn 0.1123 -0.9926 0.0465
vn 0.3522 -0.9245 0.1458
vn 0.8284 -0.4428 0.3431
vn 0.7795 0.5368 0.3229
vn 0.5989 0.7614 0.2481
vn 0.7219 0.624 0.299
vn 0.7265 0.6177 0.301
vn 0.9079 0.1853 0.3761
vn 0.5735 0.784 0.2375
vn 0.4544 0.8707 0.1881
vn 0.3577 -0.9338 -0.0029
vn 0.883 -0.4693 -0.0088
vn 0.8829 -0.4695 0.0048
vn 0.3575 -0.9339 0.0017
vn 0.8482 0.5297 0.0045
vn 0.8479 0.5301 -0.0079
vn 0.6627 0.7488 -0.0059
vn 0.6632 0.7485 0.0034
vn 0.7243 0.6895 -0.0015
vn 0.7234 0.6904 0.0004
vn 0.9834 0.181 -0.0094
vn 0.9835 0.1809 0.0052
vn 0.8393 0.5437 -0.0072
vn 0.8399 0.5427 0.0044
vn 0.5024 0.8647 0.0025
vn 0.5019 0.8649 -0.0043
vn 0.1311 -0.9914 0.0006
vn 0.1309 -0.9914 -0.0009
vn 0.7267 0.687 -0.0068
vn 0.7258 0.6879 0.0041
vn 0.1122 -0.9926 -0.0465
vn 0.3512 -0.9249 -0.1455
vn 0.828 -0.4436 -0.343
vn 0.5985 0.7618 -0.2479
vn 0.7794 0.5371 -0.3228
vn 0.7231 0.6224 -0.2995
vn 0.7256 0.619 -0.3006
vn 0.9079 0.1852 -0.3761
vn 0.5769 0.7819 -0.2362
vn 0.4541 0.8709 -0.1881
vn 0.0001 -0.934 -0.3574
vn 0.0002 -0.4697 -0.8829
vn 0.0048 -0.4696 -0.8829
vn 0.0017 -0.9339 -0.3575
vn 0.0044 0.5298 -0.8481
vn 0.0002 0.5293 -0.8484
vn 0.0002 0.7481 -0.6636
vn 0.0033 0.7485 -0.6632
vn 0.0018 0.6895 -0.7242
vn 0.0021 0.6884 -0.7254
vn 0.0002 0.1807 -0.9835
vn 0.0052 0.1809 -0.9835
vn 0.0003 0.5417 -0.8406
vn 0.0045 0.5428 -0.8399
vn 0.0025 0.8647 -0.5024
vn 0.0001 0.8643 -0.5029
vn 0.0006 -0.9914 -0.1311
vn 0.0 -0.9913 -0.1313
vn 0.0001 0.6889 -0.7248
vn 0.0041 0.6879 -0.7258
vn 0.0465 -0.9926 -0.1122
vn 0.1458 -0.9245 -0.3522
vn 0.3431 -0.4429 -0.8283
vn 0.2481 0.7615 -0.5989
vn 0.3228 0.5368 -0.7795
vn 0.3008 0.6177 -0.7266
vn 0.2991 0.624 -0.7219
vn 0.3761 0.1853 -0.9079
vn 0.2425 0.784 -0.5714
vn 0.1882 0.8707 -0.4543
vn 0.6209 -0.4695 -0.6278
vn 0.6305 -0.4694 -0.6182
vn 0.2549 -0.9338 -0.2509
vn 0.2516 -0.9339 -0.2541
vn 0.4728 0.7488 -0.4644
vn 0.6052 0.5301 -0.594
vn 0.5966 0.5297 -0.6029
vn 0.4666 0.7485 -0.4713
vn 0.5134 0.6905 -0.5096
vn 0.5156 0.6894 -0.5087
vn 0.6917 0.1809 -0.6991
vn 0.7021 0.181 -0.6887
vn 0.3534 0.8647 -0.357
vn 0.5908 0.5427 -0.597
vn 0.5986 0.5437 -0.5883
vn 0.3579 0.8649 -0.3519
vn 0.0932 -0.9914 -0.0919
vn 0.0923 -0.9914 -0.0931
vn 0.5185 0.687 -0.509
vn 0.5102 0.6879 -0.5162
vn -0.0039 0.0034 1.0
vn -0.3833 0.0036 0.9236
vn -0.3833 0.0 0.9236
vn -0.0039 0.0 1.0
vn -0.0038 0.3903 0.9207
vn -0.0028 0.7123 0.7018
vn -0.2581 0.7394 0.6218
vn -0.3552 0.3765 0.8556
vn -0.0033 -0.6414 0.7672
vn -0.2606 -0.7334 0.6279
vn -0.3735 0.2251 0.8999
vn -0.0042 0.1999 0.9798
vn -0.0018 -0.8655 0.5009
vn -0.2053 -0.8445 0.4946
vn -0.0041 0.2043 0.9789
vn -0.3749 0.2082 0.9034
vn -0.3612 -0.3344 0.8704
vn -0.0039 -0.3424 0.9395
vn -0.0033 0.5809 0.814
vn -0.0036 0.5727 0.8198
vn -0.2989 0.6264 0.72
vn -0.3109 0.5849 0.7492
vn -0.0042 0.0628 0.998
vn -0.3823 0.0729 0.9212
vn -0.2992 -0.6251 0.7209
vn -0.0036 -0.5612 0.8277
vn -0.0017 -0.9219 0.3874
vn -0.1205 -0.9494 0.2902
vn -0.0017 -0.8765 0.4814
vn -0.1986 -0.8553 0.4785
vn -0.0036 0.5596 0.8288
vn -0.3035 0.6108 0.7313
vn -0.3305 -0.5068 0.7962
vn -0.003 -0.4922 0.8705
vn -0.0033 -0.376 0.9266
vn -0.351 -0.4018 0.8458
vn -0.1448 -0.9259 0.3489
vn -0.0019 -0.8807 0.4737
vn -0.0015 -0.8685 0.4957
vn -0.2076 -0.8407 0.5001
vn -0.3219 -0.5432 0.7754
vn -0.0031 -0.4956 0.8686
vn -0.0002 0.0 1.0
vn -0.0002 0.0033 1.0
vn -0.0002 0.3903 0.9207
vn -0.0002 0.7119 0.7023
vn -0.0003 0.1996 0.9799
vn -0.0002 -0.6405 0.7679
vn -0.0001 -0.8657 0.5005
vn -0.0002 -0.3426 0.9395
vn -0.0002 0.2042 0.9789
vn -0.0002 0.5806 0.8142
vn -0.0002 0.5719 0.8203
vn -0.0002 0.0624 0.998
vn -0.0002 -0.5606 0.8281
vn -0.0001 -0.9215 0.3883
vn -0.0001 -0.8766 0.4812
vn 0.382 0.0 0.9241
vn 0.382 0.0037 0.9241
vn 0.2572 0.7393 0.6223
vn 0.354 0.376 0.8563
vn 0.3722 0.2255 0.9004
vn 0.2589 -0.7352 0.6265
vn 0.2048 -0.8442 0.4953
vn 0.36 -0.3344 0.8709
vn 0.3737 0.2081 0.9039
vn 0.2977 0.6268 0.7201
vn 0.3099 0.5846 0.7498
vn 0.381 0.0727 0.9217
vn 0.2978 -0.6262 0.7205
vn 0.1198 -0.9496 0.2896
vn 0.1983 -0.8548 0.4796
vn 0.3023 0.6114 0.7313
vn -0.0002 0.559 0.8292
vn -0.0002 -0.4919 0.8706
vn -0.0001 -0.8686 0.4954
vn 0.2072 -0.8402 0.5011
vn 0.3294 -0.5065 0.7968
vn 0.1439 -0.9264 0.348
vn -0.0001 -0.8802 0.4746
vn 0.3207 -0.5435 0.7758
vn -0.0002 -0.495 0.8689
vn -0.7053 0.0034 0.7089
vn -0.7053 0.0 0.7089
vn -0.495 0.7123 0.4976
vn -0.6492 0.3904 0.6528
vn -0.541 -0.6413 0.5441
vn -0.6909 0.1998 0.6948
vn -0.3535 -0.8655 0.355
vn -0.6903 0.2044 0.6941
vn -0.6626 -0.3424 0.6662
vn -0.578 0.5727 0.5814
vn -0.574 0.5809 0.5771
vn -0.7038 0.0627 0.7077
vn -0.2731 -0.9219 0.2747
vn -0.5835 -0.5613 0.587
vn -0.3397 -0.8765 0.3411
vn -0.5843 0.5595 0.5878
vn -0.6143 -0.4922 0.6167
vn -0.3499 -0.8685 0.3511
vn -0.3341 -0.8807 0.3358
vn -0.6129 -0.4956 0.6155
vn -0.7079 0.0 0.7063
vn -0.7079 0.0034 0.7063
vn -0.6518 0.3903 0.6503
vn -0.4972 0.7118 0.4961
vn -0.6937 0.1997 0.6921
vn -0.5437 -0.6404 0.5425
vn -0.3543 -0.8657 0.3535
vn -0.6651 -0.3426 0.6635
vn -0.693 0.2042 0.6914
vn -0.5764 0.5806 0.5751
vn -0.5807 0.5719 0.5794
vn -0.7065 0.0625 0.7049
vn -0.5862 -0.5605 0.5849
vn -0.2749 -0.9215 0.2742
vn -0.3407 -0.8766 0.3399
vn -0.9241 0.0037 0.3821
vn -0.9241 0.0 0.3821
vn -0.6223 0.7393 0.2572
vn -0.8563 0.376 0.3541
vn -0.6264 -0.7353 0.259
vn -0.9004 0.2255 0.3722
vn -0.4952 -0.8443 0.2047
vn -0.9039 0.2081 0.3737
vn -0.8709 -0.3345 0.36
vn -0.7201 0.6268 0.2976
vn -0.7498 0.5846 0.3099
vn -0.9217 0.0728 0.381
vn -0.7205 -0.6262 0.2979
vn -0.2896 -0.9496 0.1197
vn -0.4796 -0.8548 0.1982
vn -0.5871 0.5589 0.5857
vn -0.7313 0.6114 0.3023
vn -0.7968 -0.5066 0.3294
vn -0.6163 -0.4919 0.6149
vn -0.6561 -0.3756 0.6545
vn -0.8464 -0.4016 0.3498
vn -0.348 -0.9264 0.1439
vn -0.336 -0.8802 0.3352
vn -0.3508 -0.8686 0.3499
vn -0.5011 -0.8402 0.2072
vn -0.7757 -0.5435 0.3207
vn -0.6151 -0.4951 0.6136
vn -0.6538 -0.376 0.6566
vn -0.7089 0.0034 -0.7053
vn -0.7089 0.0 -0.7053
vn -0.9236 0.0 -0.3834
vn -0.9236 0.0036 -0.3834
vn -0.6218 0.7395 -0.2581
vn -0.4976 0.7123 -0.495
vn -0.6528 0.3904 -0.6492
vn -0.8557 0.3765 -0.3551
vn -0.5441 -0.6413 -0.541
vn -0.6948 0.1999 -0.6908
vn -0.8999 0.2251 -0.3735
vn -0.6279 -0.7334 -0.2606
vn -0.4946 -0.8445 -0.2053
vn -0.355 -0.8655 -0.3534
vn -0.6941 0.2043 -0.6903
vn -0.6661 -0.3424 -0.6626
vn -0.8704 -0.3345 -0.3612
vn -0.9034 0.2082 -0.3749
vn -0.72 0.6263 -0.2988
vn -0.5814 0.5727 -0.578
vn -0.5771 0.5809 -0.5741
vn -0.7491 0.5849 -0.3109
vn -0.9212 0.0729 -0.3823
vn -0.7076 0.0627 -0.7038
vn -0.7209 -0.6251 -0.2992
vn -0.2902 -0.9494 -0.1204
vn -0.2747 -0.9219 -0.2731
vn -0.5869 -0.5613 -0.5835
vn -0.4785 -0.8554 -0.1986
vn -0.3412 -0.8765 -0.3397
vn -0.7313 0.6108 -0.3036
vn -0.5878 0.5595 -0.5844
vn -0.6168 -0.4922 -0.6143
vn -0.3512 -0.8685 -0.3499
vn -0.5001 -0.8407 -0.2075
vn -0.7962 -0.5068 -0.3304
vn -0.3489 -0.9259 -0.1448
vn -0.3358 -0.8807 -0.3341
vn -0.7754 -0.5432 -0.3218
vn -0.6155 -0.4956 -0.6128
vn -0.7063 0.0 -0.7079
vn -0.7063 0.0033 -0.7079
vn -0.6503 0.3903 -0.6518
vn -0.496 0.7119 -0.4972
vn -0.692 0.1998 -0.6937
vn -0.5425 -0.6404 -0.5437
vn -0.3535 -0.8657 -0.3543
vn -0.6635 -0.3426 -0.6651
vn -0.6914 0.2043 -0.693
vn -0.575 0.5806 -0.5764
vn -0.5793 0.5719 -0.5808
vn -0.7049 0.0625 -0.7066
vn -0.5849 -0.5605 -0.5863
vn -0.2742 -0.9216 -0.2749
vn -0.3399 -0.8766 -0.3407
vn -0.382 0.0036 -0.9241
vn -0.3821 0.0 -0.9241
vn -0.2572 0.7394 -0.6222
vn -0.354 0.376 -0.8563
vn -0.259 -0.7352 -0.6264
vn -0.3722 0.2255 -0.9003
vn -0.2047 -0.8443 -0.4953
vn -0.3736 0.2081 -0.9039
vn -0.36 -0.3344 -0.8709
vn -0.2977 0.6268 -0.7201
vn -0.31 0.5846 -0.7498
vn -0.381 0.0728 -0.9217
vn -0.2979 -0.6262 -0.7206
vn -0.1197 -0.9496 -0.2897
vn -0.1983 -0.8548 -0.4796
vn -0.5857 0.5589 -0.587
vn -0.3023 0.6113 -0.7313
vn -0.3294 -0.5066 -0.7968
vn -0.6149 -0.4919 -0.6164
vn -0.6546 -0.3756 -0.6561
vn -0.3498 -0.4017 -0.8463
vn -0.1439 -0.9264 -0.3481
vn -0.3352 -0.8802 -0.336
vn -0.3499 -0.8686 -0.3508
vn -0.2071 -0.8402 -0.5012
vn -0.3207 -0.5435 -0.7758
vn -0.6137 -0.4951 -0.6151
vn -0.6566 -0.376 -0.6538
vn -1.0 0.0034 -0.004
vn -1.0 0.0 -0.004
vn -0.9206 0.3904 -0.0039
vn -0.7018 0.7124 -0.0028
vn -0.7672 -0.6414 -0.0033
vn -0.9798 0.1998 -0.0041
vn -0.501 -0.8654 -0.0018
vn -0.9789 0.2043 -0.004
vn -0.9396 -0.3423 -0.0038
vn -0.814 0.5809 -0.0033
vn -0.8198 0.5726 -0.0035
vn -0.998 0.0627 -0.0041
vn -0.8277 -0.5612 -0.0036
vn -0.3874 -0.9219 -0.0017
vn -0.4814 -0.8765 -0.0017
vn -0.8288 0.5596 -0.0036
vn -0.8705 -0.4922 -0.003
vn -0.9266 -0.376 -0.0033
vn -0.8458 -0.4018 -0.351
vn -0.4737 -0.8807 -0.0019
vn -0.4957 -0.8685 -0.0016
vn -0.8685 -0.4956 -0.0031
vn -1.0 0.0 -0.0002
vn -1.0 0.0034 -0.0002
vn -0.9207 0.3903 -0.0002
vn -0.7023 0.7119 -0.0002
vn -0.9799 0.1997 -0.0003
vn -0.768 -0.6405 -0.0002
vn -0.5006 -0.8657 -0.0001
vn -0.9395 -0.3426 -0.0002
vn -0.9789 0.2042 -0.0002
vn -0.8142 0.5806 -0.0002
vn -0.8203 0.5719 -0.0002
vn -0.9981 0.0623 -0.0003
vn -0.8281 -0.5606 -0.0002
vn -0.3883 -0.9215 -0.0001
vn -0.4812 -0.8766 -0.0001
vn -0.8292 0.5589 -0.0002
vn -0.8707 -0.4919 -0.0002
vn -0.4955 -0.8686 -0.0001
vn -0.4746 -0.8802 -0.0001
vn -0.8689 -0.495 -0.0002
vn 0.7088 0.0034 0.7054
vn 0.7088 0.0 0.7054
vn 0.9236 0.0 0.3833
vn 0.9236 0.0037 0.3833
vn 0.6218 0.7394 0.2581
vn 0.4975 0.7124 0.495
vn 0.6528 0.3904 0.6492
vn 0.8556 0.3766 0.3551
vn 0.5441 -0.6413 0.541
vn 0.6948 0.2 0.6908
vn 0.8999 0.2251 0.3735
vn 0.6277 -0.7335 0.2605
vn 0.4946 -0.8445 0.2053
vn 0.355 -0.8655 0.3534
vn 0.6941 0.2043 0.6903
vn 0.6662 -0.3424 0.6626
vn 0.8704 -0.3344 0.3613
vn 0.9034 0.2081 0.3749
vn 0.72 0.6264 0.2989
vn 0.5814 0.5727 0.578
vn 0.5771 0.5809 0.5741
vn 0.7492 0.5849 0.3109
vn 0.9212 0.0729 0.3823
vn 0.7076 0.0628 0.7038
vn 0.7209 -0.6251 0.2992
vn 0.2902 -0.9494 0.1204
vn 0.2747 -0.9219 0.2731
vn 0.587 -0.5612 0.5835
vn 0.4785 -0.8553 0.1986
vn 0.3411 -0.8765 0.3397
vn 0.7313 0.6108 0.3035
vn 0.5878 0.5596 0.5843
vn 0.6167 -0.4922 0.6143
vn 0.3511 -0.8685 0.3499
vn 0.5001 -0.8407 0.2076
vn 0.7962 -0.5068 0.3305
vn 0.3488 -0.9259 0.1448
vn 0.3358 -0.8807 0.3341
vn 0.7754 -0.5433 0.3219
vn 0.6154 -0.4956 0.6129
vn 0.7063 0.0 0.7079
vn 0.7063 0.0034 0.7079
vn 0.6502 0.3903 0.6518
vn 0.496 0.7118 0.4972
vn 0.6921 0.1996 0.6937
vn 0.5424 -0.6405 0.5437
vn 0.3535 -0.8657 0.3544
vn 0.6635 -0.3425 0.6651
vn 0.6914 0.2043 0.693
vn 0.575 0.5807 0.5764
vn 0.5793 0.5719 0.5807
vn 0.7049 0.0624 0.7065
vn 0.5848 -0.5606 0.5862
vn 0.2743 -0.9215 0.2749
vn 0.3399 -0.8766 0.3407
vn 0.5857 0.5589 0.5871
vn 0.6149 -0.4919 0.6164
vn 0.6545 -0.3756 0.6561
vn 0.3499 -0.4017 0.8463
vn 0.3352 -0.8802 0.336
vn 0.3499 -0.8686 0.3507
vn 0.6137 -0.495 0.6151
vn 0.6566 -0.376 0.6538
vn 1.0 0.0032 0.0038
vn 1.0 0.0 0.0038
vn 0.9207 0.3903 0.0039
vn 0.7018 0.7124 0.0028
vn 0.7672 -0.6414 0.0033
vn 0.9798 0.1999 0.0042
vn 0.5009 -0.8655 0.0018
vn 0.9789 0.2043 0.004
vn 0.9395 -0.3424 0.0039
vn 0.814 0.5808 0.0033
vn 0.8197 0.5727 0.0035
vn 0.998 0.0628 0.0041
vn 0.8276 -0.5613 0.0036
vn 0.3874 -0.9219 0.0017
vn 0.4814 -0.8765 0.0017
vn 0.8288 0.5596 0.0036
vn 0.8705 -0.4922 0.003
vn 0.9266 -0.376 0.0033
vn 0.8458 -0.4018 0.351
vn 0.4737 -0.8807 0.0019
vn 0.4957 -0.8685 0.0016
vn 0.8686 -0.4956 0.0031
vn 1.0 0.0 0.0002
vn 1.0 0.0034 0.0002
vn 0.9207 0.3903 0.0002
vn 0.7023 0.7119 0.0002
vn 0.9799 0.1997 0.0002
vn 0.768 -0.6404 0.0002
vn 0.5006 -0.8657 0.0001
vn 0.9395 -0.3425 0.0003
vn 0.9789 0.2043 0.0002
vn 0.8142 0.5806 0.0002
vn 0.8203 0.5719 0.0002
vn 0.998 0.0625 0.0002
vn 0.8281 -0.5605 0.0002
vn 0.3883 -0.9216 0.0001
vn 0.4812 -0.8766 0.0001
vn 0.9241 0.0 -0.382
vn 0.9241 0.0036 -0.382
vn 0.6222 0.7394 -0.2572
vn 0.8563 0.3761 -0.354
vn 0.9003 0.2255 -0.3722
vn 0.6265 -0.7352 -0.259
vn 0.4953 -0.8443 -0.2047
vn 0.8709 -0.3345 -0.36
vn 0.9039 0.2082 -0.3736
vn 0.72 0.6269 -0.2977
vn 0.7498 0.5846 -0.31
vn 0.9217 0.0728 -0.381
vn 0.7205 -0.6262 -0.2978
vn 0.2897 -0.9496 -0.1198
vn 0.4795 -0.8548 -0.1982
vn 0.7313 0.6114 -0.3024
vn 0.8292 0.5589 0.0002
vn 0.8707 -0.4919 0.0002
vn 0.4954 -0.8686 0.0001
vn 0.5012 -0.8402 -0.2072
vn 0.7968 -0.5065 -0.3294
vn 0.3481 -0.9264 -0.1439
vn 0.4746 -0.8802 0.0001
vn 0.7758 -0.5434 -0.3207
vn 0.8689 -0.495 0.0002
vn 0.0039 0.0034 -1.0
vn 0.3833 0.0037 -0.9236
vn 0.3833 0.0 -0.9236
vn 0.0039 0.0 -1.0
vn 0.0038 0.3904 -0.9206
vn 0.0028 0.7123 -0.7018
vn 0.258 0.7394 -0.6218
vn 0.355 0.3765 -0.8557
vn 0.0033 -0.6413 -0.7672
vn 0.2605 -0.7335 -0.6278
vn 0.3735 0.2251 -0.8999
vn 0.0042 0.1999 -0.9798
vn 0.0018 -0.8655 -0.5009
vn 0.2054 -0.8445 -0.4947
vn 0.004 0.2043 -0.9789
vn 0.375 0.2081 -0.9034
vn 0.3613 -0.3344 -0.8705
vn 0.0039 -0.3424 -0.9396
vn 0.0033 0.5809 -0.814
vn 0.0035 0.5727 -0.8198
vn 0.2988 0.6264 -0.72
vn 0.3109 0.5849 -0.7492
vn 0.0041 0.0628 -0.998
vn 0.3824 0.0729 -0.9211
vn 0.2992 -0.6251 -0.7209
vn 0.0036 -0.5612 -0.8277
vn 0.0017 -0.9219 -0.3874
vn 0.1205 -0.9494 -0.2902
vn 0.0017 -0.8765 -0.4814
vn 0.1986 -0.8553 -0.4785
vn 0.0036 0.5596 -0.8288
vn 0.3035 0.6108 -0.7313
vn 0.3304 -0.5068 -0.7962
vn 0.003 -0.4922 -0.8705
vn 0.0033 -0.376 -0.9266
vn 0.351 -0.4018 -0.8458
vn 0.1448 -0.9259 -0.3489
vn 0.0019 -0.8807 -0.4736
vn 0.0016 -0.8685 -0.4957
vn 0.2075 -0.8407 -0.5001
vn 0.3218 -0.5433 -0.7754
vn 0.0031 -0.4956 -0.8685
vn 0.0002 0.0 -1.0
vn 0.0003 0.0033 -1.0
vn 0.0002 0.3903 -0.9207
vn 0.0002 0.7119 -0.7023
vn 0.0002 0.1996 -0.9799
vn 0.0002 -0.6405 -0.768
vn 0.0001 -0.8657 -0.5005
vn 0.0002 -0.3426 -0.9395
vn 0.0002 0.2042 -0.9789
vn 0.0002 0.5806 -0.8142
vn 0.0002 0.5719 -0.8203
vn 0.0003 0.0625 -0.998
vn 0.0002 -0.5605 -0.8281
vn 0.0001 -0.9215 -0.3883
vn 0.0001 -0.8766 -0.4812
vn 0.0002 0.5589 -0.8293
vn 0.0002 -0.4919 -0.8707
vn 0.0001 -0.8686 -0.4954
vn 0.0001 -0.8802 -0.4746
vn 0.0002 -0.4951 -0.8689
vn 0.7053 0.0034 -0.7089
vn 0.7053 0.0 -0.7089
vn 0.4949 0.7124 -0.4975
vn 0.6492 0.3904 -0.6528
vn 0.541 -0.6413 -0.5441
vn 0.6908 0.2 -0.6948
vn 0.3535 -0.8655 -0.355
vn 0.6903 0.2043 -0.694
vn 0.6626 -0.3423 -0.6662
vn 0.578 0.5727 -0.5813
vn 0.5741 0.5809 -0.5771
vn 0.7038 0.0627 -0.7076
vn 0.2731 -0.9219 -0.2747
vn 0.5836 -0.5612 -0.5869
vn 0.3397 -0.8765 -0.3411
vn 0.5843 0.5596 -0.5878
vn 0.6143 -0.4922 -0.6168
vn 0.3499 -0.8685 -0.3511
vn 0.3341 -0.8807 -0.3358
vn 0.6129 -0.4956 -0.6155
vn 0.708 0.0 -0.7063
vn 0.708 0.0033 -0.7062
vn 0.6518 0.3903 -0.6502
vn 0.4972 0.7119 -0.496
vn 0.6937 0.1996 -0.692
vn 0.5437 -0.6404 -0.5424
vn 0.3544 -0.8657 -0.3536
vn 0.6651 -0.3425 -0.6636
vn 0.693 0.2043 -0.6914
vn 0.5764 0.5806 -0.575
vn 0.5807 0.5719 -0.5794
vn 0.7066 0.0625 -0.7049
vn 0.5863 -0.5605 -0.5849
vn 0.2749 -0.9215 -0.2742
vn 0.3407 -0.8766 -0.3399
vn 0.5871 0.5589 -0.5857
vn 0.6164 -0.4919 -0.6149
vn 0.6561 -0.3756 -0.6545
vn 0.8463 -0.4017 -0.3499
vn 0.336 -0.8802 -0.3352
vn 0.3507 -0.8686 -0.3499
vn 0.6151 -0.495 -0.6137
vn 0.6538 -0.376 -0.6566
vn -0.0002 -0.3756 0.9268
vn -0.9268 -0.3756 -0.0002
vn 0.9268 -0.3756 0.0002
vn 0.0002 -0.3756 -0.9268
vn -0.0032 -0.5067 0.8621
vn -0.3287 -0.5144 0.7921
vn 0.3277 -0.5141 0.7927
vn -0.0002 -0.5064 0.8623
vn -0.6082 -0.5067 0.6111
vn -0.6105 -0.5064 0.609
vn -0.7927 -0.5141 0.3277
vn -0.7921 -0.5144 -0.3287
vn -0.6111 -0.5067 -0.6081
vn -0.609 -0.5064 -0.6104
vn -0.3277 -0.5141 -0.7927
vn -0.8621 -0.5067 -0.0033
vn -0.8623 -0.5064 -0.0002
vn 0.792 -0.5144 0.3288
vn 0.611 -0.5067 0.6082
vn 0.609 -0.5064 0.6104
vn 0.8621 -0.5067 0.0032
vn 0.7927 -0.5141 -0.3277
vn 0.8623 -0.5064 0.0002
vn 0.0033 -0.5067 -0.8621
vn 0.3288 -0.5144 -0.792
vn 0.0002 -0.5064 -0.8623
vn 0.6082 -0.5067 -0.611
vn 0.6104 -0.5064 -0.609
vtan 1.0 0.0013 0.0041 1.0
vtan 0.8768 0.1212 0.4654 1.0
vtan 0.7535 0.2268 0.6171 1.0
vtan 1.0 -0.0013 0.0007 1.0
vtan 1.0 0.0017 0.0031 1.0
vtan 0.9124 0.1544 0.3791 1.0
vtan 1.0 0.0021 0.0047 1.0
vtan 0.8608 0.1197 0.4946 1.0
vtan 1.0 0.0006 0.001 1.0
vtan 1.0 0.0026 0.006 1.0
vtan 1.0 0.0001 0.0002 1.0
vtan 1.0 0.0001 0.0003 1.0
vtan 0.7685 -0.2223 -0.6 1.0
vtan 0.8819 -0.1123 -0.4578 1.0
vtan 0.913 -0.1539 -0.3779 1.0
vtan 0.8632 -0.1168 -0.4912 1.0
vtan 0.4709 0.281 0.8362 1.0
vtan 0.1186 0.5539 0.8241 1.0
vtan 0.6775 0.2892 0.6763 1.0
vtan 0.5355 0.2387 0.8101 1.0
vtan 0.0445 0.5938 0.8034 1.0
vtan 0.2251 0.478 0.8491 1.0
vtan 0.5853 0.5572 0.589 1.0
vtan -0.3918 0.5465 0.7401 1.0
vtan -0.0966 0.5331 0.8405 1.0
vtan 0.2782 0.6798 0.6786 1.0
vtan -0.2136 0.4897 0.8453 1.0
vtan 0.1898 0.5423 0.8184 1.0
vtan -0.4951 0.5837 -0.6436 1.0
vtan -0.085 0.523 -0.8481 1.0
vtan 0.2448 0.4642 -0.8513 1.0
vtan 0.079 0.5796 -0.8111 1.0
vtan 0.2822 0.671 -0.6857 1.0
vtan 0.5804 0.5668 -0.5847 1.0
vtan -0.2292 0.5017 -0.8341 1.0
vtan 0.1315 0.5794 -0.8044 1.0
vtan 0.2018 0.5025 -0.8407 1.0
vtan 0.4897 0.2637 -0.8311 1.0
vtan 0.6785 0.2827 -0.6781 1.0
vtan 0.8824 0.1112 -0.4571 1.0
vtan 0.7689 0.2218 -0.5996 1.0
vtan 0.9129 0.1543 -0.3779 1.0
vtan 0.5433 0.2298 -0.8075 1.0
vtan 0.8622 0.1185 -0.4926 1.0
vtan -0.5325 0.5797 -0.6167 1.0
vtan -0.6601 0.7362 -0.1496 1.0
vtan 0.0 0.7312 -0.6822 1.0
vtan -0.4222 0.518 -0.7439 1.0
vtan -0.4496 0.5018 0.739 1.0
vtan -0.4264 0.4623 0.7775 1.0
vtan -0.0024 0.7278 0.6858 1.0
vtan -0.4324 0.5282 0.7308 1.0
vtan -0.4951 -0.5836 -0.6436 1.0
vtan -0.0832 -0.5219 -0.849 1.0
vtan 0.2505 -0.4602 -0.8518 1.0
vtan 0.0789 -0.5797 -0.811 1.0
vtan 0.2826 -0.6701 -0.6864 1.0
vtan 0.583 -0.5613 -0.5874 1.0
vtan -0.2305 -0.5026 -0.8332 1.0
vtan 0.1294 -0.5806 -0.8038 1.0
vtan 0.2078 -0.4986 -0.8416 1.0
vtan 0.4892 -0.2642 -0.8312 1.0
vtan 0.6781 -0.2845 -0.6777 1.0
vtan 0.5446 -0.2282 -0.8071 1.0
vtan -0.525 -0.5716 -0.6306 1.0
vtan -0.6599 -0.7358 -0.152 1.0
vtan 0.0001 -0.7261 -0.6876 1.0
vtan -0.423 -0.5189 -0.7429 1.0
vtan -0.6551 -0.7305 0.1932 1.0
vtan -0.527 -0.5705 0.63 1.0
vtan -0.0023 -0.7306 0.6828 1.0
vtan -0.4949 -0.5856 0.642 1.0
vtan -0.0901 -0.5276 0.8447 1.0
vtan 0.2792 -0.6774 0.6806 1.0
vtan -0.2322 -0.5016 0.8333 1.0
vtan -0.4331 -0.5291 0.7297 1.0
vtan 1.0 -0.0009 0.0038 1.0
vtan 0.8769 -0.1208 0.4652 1.0
vtan 0.7502 -0.23 0.6199 1.0
vtan 1.0 -0.0058 0.007 1.0
vtan 1.0 -0.0001 0.0031 1.0
vtan 0.9125 -0.1538 0.3791 1.0
vtan 1.0 0.0 0.003 1.0
vtan 0.8614 -0.1188 0.4938 1.0
vtan 1.0 -0.0024 0.0059 1.0
vtan 1.0 -0.0005 0.0009 1.0
vtan 1.0 -0.0001 0.0002 1.0
vtan 1.0 -0.0001 0.0004 1.0
vtan 0.4695 -0.2823 0.8366 1.0
vtan 0.1186 -0.5538 0.8241 1.0
vtan 0.6771 -0.2907 0.676 1.0
vtan 0.5342 -0.2403 0.8105 1.0
vtan 0.054 -0.5888 0.8065 1.0
vtan 0.231 -0.4736 0.8499 1.0
vtan 0.5853 -0.5572 0.589 1.0
vtan 0.1897 -0.5423 0.8185 1.0
vtan 1.0 0.0036 0.0086 1.0
vtan 0.8225 0.1295 0.5538 1.0
vtan 1.0 0.0037 -0.0042 1.0
vtan 1.0 -0.0 0.003 1.0
vtan 0.9956 0.0934 -0.0037 1.0
vtan 0.9782 0.2078 -0.0032 1.0
vtan 1.0 -0.0001 0.0033 1.0
vtan 1.0 0.0002 -0.0001 1.0
vtan 0.9996 0.0261 0.0051 1.0
vtan 0.9956 0.0934 -0.0009 1.0
vtan 1.0 -0.0041 -0.0002 1.0
vtan 0.9735 -0.1931 0.1228 1.0
vtan 1.0 0.0002 0.0028 1.0
vtan 1.0 0.0001 0.0028 1.0
vtan 0.968 0.2506 0.0083 1.0
vtan 0.9826 0.1858 -0.0019 1.0
vtan 1.0 0.0071 0.0004 1.0
vtan 0.8932 0.3901 0.2237 1.0
vtan 0.8185 0.3106 0.4833 1.0
vtan 1.0 0.0019 0.0038 1.0
vtan 1.0 0.0001 0.0004 1.0
vtan 1.0 0.0001 0.0 1.0
vtan 1.0 0.0 0.0003 1.0
vtan 1.0 -0.0002 0.0001 1.0
vtan 1.0 0.0002 0.0001 1.0
vtan 1.0 0.0 0.0002 1.0
vtan 0.8249 -0.1281 -0.5506 1.0
vtan 0.9957 -0.0924 0.0005 1.0
vtan 1.0 0.0 0.0002 1.0
vtan 0.9787 -0.2052 -0.0011 1.0
vtan 0.9996 -0.0259 -0.0083 1.0
vtan 0.9957 -0.0926 -0.002 1.0
vtan 0.9739 0.1898 -0.1248 1.0
vtan 0.9675 -0.2529 -0.0037 1.0
vtan 1.0 0.0001 0.0001 1.0
vtan 1.0 -0.0 0.0002 1.0
vtan 0.9827 -0.1853 0.0029 1.0
vtan 0.8953 -0.3842 -0.2256 1.0
vtan 0.8202 -0.3087 -0.4816 1.0
vtan 1.0 0.0004 0.0004 1.0
vtan 0.3434 0.2409 0.9078 1.0
vtan 0.9824 0.1858 -0.0187 1.0
vtan 0.9371 0.3492 -0.0011 1.0
vtan 0.9991 0.0421 0.0055 1.0
vtan 0.9863 0.1649 -0.0048 1.0
vtan 0.8669 -0.4163 0.274 1.0
vtan 0.9041 0.4273 -0.0022 1.0
vtan 0.9157 0.4014 -0.02 1.0
vtan 0.6672 0.6793 0.3055 1.0
vtan 0.3787 0.5753 0.725 1.0
vtan -0.2957 0.4776 0.8273 1.0
vtan 0.9991 0.0424 -0.0007 1.0
vtan 0.9864 0.164 0.003 1.0
vtan 0.8435 -0.5282 0.0976 1.0
vtan 0.9365 0.3506 -0.0031 1.0
vtan 0.5675 0.8118 0.1379 1.0
vtan -0.4807 0.4793 0.7343 1.0
vtan 0.983 0.1837 -0.003 1.0
vtan 0.9758 0.2185 0.0042 1.0
vtan 0.8911 0.4538 -0.0025 1.0
vtan 0.998 0.0637 0.004 1.0
vtan 0.9754 0.2203 0.0013 1.0
vtan 0.8355 -0.5295 0.1471 1.0
vtan 0.9165 0.3998 -0.011 1.0
vtan 0.9029 0.4297 -0.0059 1.0
vtan 0.8427 0.5384 -0.0023 1.0
vtan 0.911 0.4124 0.0013 1.0
vtan 0.4114 0.8929 0.1828 1.0
vtan -0.2035 0.8598 0.4683 1.0
vtan -0.0308 0.8684 0.4949 1.0
vtan -0.481 0.4792 -0.7341 1.0
vtan -0.2963 0.4778 -0.827 1.0
vtan 0.9758 0.2185 -0.0026 1.0
vtan 0.983 0.1835 0.0021 1.0
vtan 0.9366 0.3504 0.0022 1.0
vtan 0.8916 0.4529 0.0011 1.0
vtan 0.998 0.0636 0.0002 1.0
vtan 0.9991 0.0423 -0.003 1.0
vtan 0.9863 0.1647 0.0005 1.0
vtan 0.9755 0.2201 0.0007 1.0
vtan 0.8344 -0.5305 -0.1495 1.0
vtan 0.8464 -0.5211 -0.1101 1.0
vtan 0.8434 0.5373 0.0001 1.0
vtan 0.9024 0.4308 0.0087 1.0
vtan 0.9171 0.3986 0.0089 1.0
vtan 0.9114 0.4113 -0.0108 1.0
vtan 0.576 0.8034 -0.1513 1.0
vtan 0.4127 0.8919 -0.1849 1.0
vtan -0.2012 0.8584 -0.4718 1.0
vtan -0.0181 0.8631 -0.5048 1.0
vtan 0.3589 0.2326 -0.9039 1.0
vtan 0.9991 0.0421 -0.0042 1.0
vtan 0.9862 0.1654 0.0078 1.0
vtan 0.8662 -0.4181 -0.2735 1.0
vtan 0.937 0.3494 0.0016 1.0
vtan 0.6663 0.6809 -0.3041 1.0
vtan 0.8238 0.1293 -0.552 1.0
vtan 0.9833 0.182 -0.0042 1.0
vtan 0.9957 0.0922 -0.0005 1.0
vtan 0.979 0.2038 -0.0039 1.0
vtan 0.9997 0.0264 0.0002 1.0
vtan 0.9955 0.0946 0.007 1.0
vtan 0.9738 -0.1903 -0.1241 1.0
vtan 0.9188 0.3948 -0.0006 1.0
vtan 0.9035 0.4286 0.0052 1.0
vtan 0.9673 0.2535 -0.0026 1.0
vtan 0.9828 0.1848 0.0017 1.0
vtan 0.8953 0.3842 -0.2256 1.0
vtan 0.8208 0.3075 -0.4813 1.0
vtan 0.3711 0.5833 -0.7225 1.0
vtan -0.6653 0.4015 -0.6294 1.0
vtan 0.8846 0.4663 0.0017 1.0
vtan 0.967 0.2543 -0.0143 1.0
vtan 0.9733 0.2293 0.0006 1.0
vtan 0.9982 0.0599 0.0002 1.0
vtan 0.6985 -0.6964 -0.1649 1.0
vtan 0.8544 0.5192 -0.0213 1.0
vtan 0.8316 0.5553 0.0021 1.0
vtan 0.3471 0.9248 -0.1556 1.0
vtan -0.3552 0.8335 -0.4233 1.0
vtan -0.679 0.4085 0.61 1.0
vtan 0.9733 0.2294 0.0 1.0
vtan 0.9982 0.0598 -0.0002 1.0
vtan 0.6965 -0.6964 0.1729 1.0
vtan 0.3468 0.9251 0.1546 1.0
vtan 0.8846 0.4663 -0.0015 1.0
vtan 0.967 0.2545 -0.0088 1.0
vtan 0.8316 0.5554 0.0002 1.0
vtan 0.8541 0.5199 -0.0144 1.0
vtan -0.3583 0.8379 0.4117 1.0
vtan -0.4833 -0.4801 -0.732 1.0
vtan -0.2963 -0.4778 -0.827 1.0
vtan 0.9752 -0.2204 0.0188 1.0
vtan 0.9829 -0.1842 0.0061 1.0
vtan 0.9367 -0.3501 0.0012 1.0
vtan 0.8919 -0.4523 -0.0026 1.0
vtan 0.998 -0.0636 0.0015 1.0
vtan 0.9991 -0.0423 -0.003 1.0
vtan 0.9864 -0.1647 0.0005 1.0
vtan 0.9755 -0.2202 0.0021 1.0
vtan 0.8344 0.5305 -0.1495 1.0
vtan 0.8463 0.5211 -0.1101 1.0
vtan 0.8434 -0.5373 0.0001 1.0
vtan 0.9024 -0.4309 0.0086 1.0
vtan 0.917 -0.3987 0.0089 1.0
vtan 0.909 -0.4162 0.0211 1.0
vtan 0.5761 -0.8033 -0.1514 1.0
vtan 0.4128 -0.8919 -0.1849 1.0
vtan -0.2011 -0.8584 -0.4719 1.0
vtan -0.018 -0.8631 -0.5048 1.0
vtan 0.3622 -0.2308 -0.9031 1.0
vtan 0.9991 -0.0419 -0.0097 1.0
vtan 0.9865 -0.1638 -0.0024 1.0
vtan 0.8662 0.4181 -0.2735 1.0
vtan 0.9369 -0.3495 0.0017 1.0
vtan 0.6668 -0.68 -0.3051 1.0
vtan 0.9826 -0.1852 0.0138 1.0
vtan 0.9153 -0.4022 0.02 1.0
vtan 0.9039 -0.4277 0.0027 1.0
vtan 0.3713 -0.5831 -0.7226 1.0
vtan -0.6693 -0.4039 -0.6236 1.0
vtan 0.8846 -0.4663 -0.0013 1.0
vtan 0.9671 -0.2542 -0.0128 1.0
vtan 0.9733 -0.2293 0.0009 1.0
vtan 0.9982 -0.0599 0.0022 1.0
vtan 0.6971 0.6948 -0.1768 1.0
vtan 0.8544 -0.5192 -0.0213 1.0
vtan 0.8316 -0.5554 0.0005 1.0
vtan 0.3472 -0.9248 -0.1554 1.0
vtan -0.3559 -0.8351 -0.4195 1.0
vtan -0.6855 -0.4124 0.6 1.0
vtan 0.9733 -0.2293 -0.0001 1.0
vtan 0.9982 -0.0598 -0.0 1.0
vtan 0.6965 0.6965 0.1729 1.0
vtan 0.346 -0.9231 0.1677 1.0
vtan 0.8846 -0.4663 -0.0015 1.0
vtan -0.4832 -0.4803 0.732 1.0
vtan 0.9758 -0.2185 0.0042 1.0
vtan 0.967 -0.2545 -0.0088 1.0
vtan 0.8913 -0.4534 -0.0001 1.0
vtan 0.998 -0.0639 -0.0019 1.0
vtan 0.9754 -0.2203 0.0013 1.0
vtan 0.8355 0.5292 0.1478 1.0
vtan 0.8427 -0.5384 -0.0023 1.0
vtan 0.8316 -0.5554 0.0003 1.0
vtan 0.8541 -0.52 -0.0143 1.0
vtan 0.911 -0.4124 0.0013 1.0
vtan 0.4133 -0.8907 0.1893 1.0
vtan -0.2032 -0.8597 0.4687 1.0
vtan -0.3569 -0.8346 0.4195 1.0
vtan 1.0 -0.0003 0.0032 1.0
vtan 0.824 -0.1281 0.5519 1.0
vtan 1.0 -0.0037 -0.0044 1.0
vtan 1.0 -0.0001 0.0027 1.0
vtan 0.9957 -0.0923 0.0015 1.0
vtan 0.9782 -0.2078 -0.0033 1.0
vtan 1.0 -0.0 0.0029 1.0
vtan 1.0 0.0 0.0035 1.0
vtan 0.9997 -0.0263 0.0015 1.0
vtan 0.9956 -0.0937 -0.0022 1.0
vtan 1.0 0.0003 0.0036 1.0
vtan 0.9735 0.1887 0.1293 1.0
vtan 1.0 -0.0022 -0.0005 1.0
vtan 1.0 -0.0058 -0.0057 1.0
vtan 0.967 -0.2549 0.0012 1.0
vtan 0.9831 -0.1831 0.0042 1.0
vtan 1.0 -0.0073 0.0003 1.0
vtan 0.8932 -0.3902 0.2237 1.0
vtan 0.8191 -0.3094 0.4831 1.0
vtan 1.0 -0.0004 0.0031 1.0
vtan 1.0 -0.0001 0.0005 1.0
vtan 1.0 -0.0 0.0001 1.0
vtan 1.0 -0.0 -0.0002 1.0
vtan 1.0 0.0003 -0.0001 1.0
vtan 1.0 -0.0 0.0002 1.0
vtan 1.0 -0.0 0.0002 1.0
vtan 1.0 -0.0 0.0001 1.0
vtan 1.0 -0.0 0.0002 1.0
vtan 1.0 -0.0001 0.0 1.0
vtan 1.0 -0.0001 0.0003 1.0
vtan 0.3401 -0.2426 0.9085 1.0
vtan 0.9833 -0.1818 0.0038 1.0
vtan 0.937 -0.3494 -0.0017 1.0
vtan 0.9991 -0.0425 -0.0037 1.0
vtan 0.9863 -0.1649 -0.0048 1.0
vtan 0.8668 0.4214 0.2667 1.0
vtan 0.9041 -0.4273 -0.0022 1.0
vtan 0.9196 -0.3929 0.0035 1.0
vtan 0.6672 -0.6793 0.3055 1.0
vtan 0.3785 -0.5755 0.725 1.0
vtan -0.2957 -0.4776 0.8273 1.0
vtan 0.9991 -0.0423 0.0009 1.0
vtan 0.9864 -0.1642 0.0022 1.0
vtan 0.8452 0.5239 0.1053 1.0
vtan 0.9365 -0.3507 -0.0031 1.0
vtan 0.5702 -0.8091 0.1421 1.0
vtan 0.983 -0.1837 -0.003 1.0
vtan 0.9165 -0.3998 -0.011 1.0
vtan 0.9029 -0.4297 -0.0059 1.0
vtan -0.0299 -0.8681 0.4955 1.0
vtan 0.9996 0.0 -0.0268 1.0
vtan 1.0 -0.0 0.001 1.0
vtan 0.9998 0.0 0.0187 1.0
vtan 0.8341 -0.4296 0.3461 1.0
vtan 1.0 -0.0 0.0039 1.0
vtan 1.0 -0.0008 0.0003 1.0
vtan 0.8375 0.4227 -0.3462 1.0
vtan 0.4734 0.7435 -0.4723 1.0
vtan 0.2646 0.927 -0.2659 1.0
vtan 0.1134 0.9553 -0.2731 1.0
vtan 0.001 0.9699 -0.2435 1.0
vtan -0.0001 0.9665 0.2569 1.0
vtan 0.1152 0.9535 0.2786 1.0
vtan 0.2644 0.9273 0.265 1.0
vtan 0.4841 0.7305 0.4817 1.0
vtan 0.845 0.4036 0.3507 1.0
vtan 1.0 0.0 0.0039 1.0
vtan 1.0 0.0008 0.0002 1.0
vtan 0.8375 -0.4227 -0.3463 1.0
vtan 0.4734 -0.7435 -0.4723 1.0
vtan 0.2646 -0.927 -0.2659 1.0
vtan 0.1117 -0.9566 -0.2692 1.0
vtan 0.0009 -0.9749 -0.2228 1.0
vtan -0.0 -0.9665 0.2567 1.0
vtan 0.1152 -0.9535 0.2786 1.0
vtan 0.2645 -0.9272 0.2652 1.0
vtan 0.4797 -0.7363 0.4773 1.0
vtan 0.0 -1.0 0.0 -1.0
vtan -0.0 -1.0 -0.0 -1.0
vtan -0.0 -1.0 -0.0 -1.0
vtan 0.0 -1.0 -0.0 -1.0
vtan 0.0 -1.0 -0.0 -1.0
vtan 0.0 -1.0 -0.0 -1.0
vtan 0.0 -1.0 -0.0 -1.0
vtan -0.0 -1.0 -0.0 -1.0
vtan 0.0 -1.0 -0.0 -1.0
vtan -0.0 -1.0 -0.0 -1.0
vtan -0.0042 -1.0 0.0018 -1.0
vtan -0.0029 -1.0 0.0029 -1.0
vtan 0.0 -1.0 0.0 -1.0
vtan -0.0076 -0.9999 0.0077 -1.0
vtan -0.0049 -0.9999 0.0115 -1.0
vtan 0.0 -1.0 0.0 -1.0
vtan 0.0 -1.0 0.0 -1.0
vtan 0.0 -1.0 0.0 -1.0
vtan -0.0 -1.0 -0.0 -1.0
vtan -0.0 -1.0 -0.0 -1.0
vtan -0.0 -1.0 -0.0 -1.0
vtan 0.9531 -0.2409 0.1832 1.0
vtan 0.8618 -0.3597 0.3576 1.0
vtan 0.9999 -0.0134 0.0039 1.0
vtan 1.0 -0.0069 -0.003 1.0
vtan 1.0 -0.0 0.0002 1.0
vtan 1.0 -0.0001 0.0001 1.0
vtan 0.8585 0.3702 -0.3549 1.0
vtan 0.953 0.2442 -0.1794 1.0
vtan 0.5215 0.6762 -0.5203 1.0
vtan 0.8663 0.4149 -0.2782 1.0
vtan 0.2891 0.9122 -0.2905 1.0
vtan 0.8466 0.5194 -0.1161 1.0
vtan 0.1269 0.9436 -0.3057 1.0
vtan 0.6934 0.6921 -0.2006 1.0
vtan 0.0012 0.9534 -0.3018 1.0
vtan 0.695 0.6958 -0.1813 1.0
vtan -0.0001 0.9538 0.3005 1.0
vtan 0.7025 0.7025 0.1141 1.0
vtan 0.6886 0.7069 0.1619 1.0
vtan 0.1389 0.9366 0.3217 1.0
vtan 0.8404 0.5353 0.0848 1.0
vtan 0.2924 0.9116 0.2888 1.0
vtan 0.5475 0.6475 0.5301 1.0
vtan 0.8705 0.4003 0.2861 1.0
vtan 0.8474 0.3942 0.3556 1.0
vtan 0.9612 0.2285 0.1543 1.0
vtan 1.0 0.0003 0.0035 1.0
vtan 1.0 0.0043 0.0039 1.0
vtan 1.0 0.0 0.0002 1.0
vtan 1.0 0.0001 0.0002 1.0
vtan 0.8616 -0.3615 -0.3562 1.0
vtan 0.9534 -0.2384 -0.1847 1.0
vtan 0.5387 -0.6488 -0.5375 1.0
vtan 0.8663 -0.4047 -0.2927 1.0
vtan 0.2936 -0.9093 -0.295 1.0
vtan 0.8479 -0.5159 -0.1222 1.0
vtan 0.1446 -0.9261 -0.3484 1.0
vtan 0.6957 -0.6797 -0.2325 1.0
vtan 0.0012 -0.9516 -0.3074 1.0
vtan 0.695 -0.6958 -0.1813 1.0
vtan -0.0001 -0.9546 0.298 1.0
vtan 0.6957 -0.6958 0.1783 1.0
vtan 0.1476 -0.9224 0.357 1.0
vtan 0.6943 -0.6819 0.2301 1.0
vtan 0.2928 -0.91 0.2935 1.0
vtan 0.8462 -0.5215 0.1099 1.0
vtan 0.5401 -0.6476 0.5375 1.0
vtan 0.8664 -0.404 0.2934 1.0
vtan 0.9998 -0.0 0.019 1.0
vtan 0.9998 -0.0 0.0183 1.0
vtan 0.9972 0.0 -0.0742 1.0
vtan 0.9998 -0.0 -0.0204 1.0
vtan 0.9998 0.0 0.0192 1.0
vtan 0.9997 -0.0 -0.0231 1.0
vtan -0.3301 -0.3373 -0.8816 1.0
vtan -0.1818 -0.8681 -0.4619 1.0
vtan 0.1716 -0.8702 -0.4619 1.0
vtan 0.3507 -0.3354 -0.8744 1.0
vtan -0.2048 -0.8307 0.5177 1.0
vtan 0.207 -0.83 0.5179 1.0
vtan 0.2854 -0.636 0.717 1.0
vtan -0.2813 -0.6371 0.7176 1.0
vtan 0.0025 -0.7434 -0.6689 1.0
vtan -0.2493 -0.7017 0.6675 1.0
vtan 0.2453 -0.7027 0.6678 1.0
vtan 0.0024 -0.7445 -0.6676 1.0
vtan 0.0721 -0.981 0.1803 1.0
vtan -0.0714 -0.9811 0.18 1.0
vtan 0.1993 -0.8237 0.5309 1.0
vtan -0.2033 -0.8228 0.5307 1.0
vtan -0.3201 -0.4766 0.8188 1.0
vtan 0.3242 -0.4757 0.8177 1.0
vtan 0.3397 -0.1235 -0.9324 1.0
vtan -0.37 -0.122 -0.921 1.0
vtan 0.2517 -0.7014 0.6668 1.0
vtan -0.2492 -0.7036 0.6655 1.0
vtan -0.3811 -0.1214 -0.9165 1.0
vtan -0.3536 -0.3822 -0.8537 1.0
vtan -0.1692 -0.897 -0.4084 1.0
vtan 0.2913 -0.6485 0.7033 1.0
vtan 0.2054 -0.8438 0.4958 1.0
vtan 0.2414 -0.7795 0.578 1.0
vtan 0.2357 -0.7878 0.569 1.0
vtan 0.0709 -0.9827 0.1712 1.0
vtan 0.3009 -0.6189 0.7256 1.0
vtan -0.2897 -0.643 -0.7089 1.0
vtan 0.3332 -0.4919 0.8044 1.0
vtan 0.3799 -0.1215 -0.917 1.0
vtan 0.3527 -0.3812 -0.8546 1.0
vtan 0.1694 -0.8966 -0.4091 1.0
vtan -0.2914 -0.6482 0.7035 1.0
vtan -0.2054 -0.8437 0.4959 1.0
vtan -0.2364 -0.7865 0.5706 1.0
vtan -0.2388 -0.7814 0.5766 1.0
vtan -0.0709 -0.9827 0.1712 1.0
vtan -0.3005 -0.6207 0.7242 1.0
vtan 0.3033 -0.6383 -0.7075 1.0
vtan -0.3317 -0.4918 0.805 1.0
vtan 0.2045 -0.87 -0.4486 1.0
vtan 0.4538 -0.869 -0.1971 1.0
vtan 0.8561 -0.3386 -0.3904 1.0
vtan 0.3684 -0.3351 -0.8672 1.0
vtan -0.705 -0.6376 0.3104 1.0
vtan -0.5125 -0.8303 0.219 1.0
vtan -0.2218 -0.8308 0.5105 1.0
vtan -0.3021 -0.6357 0.7104 1.0
vtan -0.6467 -0.7016 0.2991 1.0
vtan -0.2971 -0.7007 0.6486 1.0
vtan 0.4746 -0.7463 -0.4667 1.0
vtan 0.4747 -0.7431 -0.4717 1.0
vtan -0.0762 -0.981 0.1784 1.0
vtan -0.1776 -0.9811 0.0768 1.0
vtan -0.3556 -0.4772 0.8037 1.0
vtan -0.2315 -0.8228 0.519 1.0
vtan -0.5151 -0.8237 0.2371 1.0
vtan -0.8095 -0.4753 0.3447 1.0
vtan 0.9118 -0.1221 -0.3921 1.0
vtan 0.4191 -0.1235 -0.8995 1.0
vtan -0.6472 -0.7044 0.2913 1.0
vtan -0.2945 -0.7036 0.6467 1.0
vtan 0.8545 -0.3802 -0.354 1.0
vtan 0.917 -0.1215 -0.3798 1.0
vtan 0.41 -0.8962 -0.1698 1.0
vtan -0.7038 -0.6478 0.2915 1.0
vtan -0.4962 -0.8435 0.2055 1.0
vtan -0.5719 -0.7854 0.2369 1.0
vtan -0.5751 -0.7826 0.2382 1.0
vtan -0.1712 -0.9827 0.0709 1.0
vtan -0.7212 -0.6246 0.2995 1.0
vtan 0.7048 -0.6451 -0.2951 1.0
vtan -0.8046 -0.4916 0.3333 1.0
vtan 0.4485 -0.87 0.2046 1.0
vtan 0.1979 -0.8682 0.4551 1.0
vtan 0.3905 -0.3374 0.8566 1.0
vtan 0.8665 -0.3353 0.3698 1.0
vtan -0.3105 -0.6371 -0.7054 1.0
vtan -0.2191 -0.8299 -0.513 1.0
vtan -0.5105 -0.8308 -0.2219 1.0
vtan -0.7104 -0.6356 -0.3021 1.0
vtan -0.2987 -0.7031 -0.6453 1.0
vtan -0.6484 -0.7012 -0.2964 1.0
vtan 0.4709 -0.7449 0.4727 1.0
vtan 0.4726 -0.743 0.474 1.0
vtan -0.1784 -0.981 -0.0763 1.0
vtan -0.077 -0.981 -0.178 1.0
vtan -0.8021 -0.4777 -0.3583 1.0
vtan -0.5168 -0.8234 -0.2342 1.0
vtan -0.2371 -0.8243 -0.5142 1.0
vtan -0.3448 -0.4749 -0.8097 1.0
vtan 0.3921 -0.1221 0.9118 1.0
vtan 0.8983 -0.1236 0.4216 1.0
vtan -0.2936 -0.7015 -0.6494 1.0
vtan -0.6467 -0.7036 -0.2944 1.0
vtan 0.3811 -0.1215 0.9165 1.0
vtan 0.3536 -0.3822 0.8537 1.0
vtan 0.1691 -0.8971 0.4083 1.0
vtan -0.2914 -0.6484 -0.7033 1.0
vtan -0.2053 -0.8439 -0.4958 1.0
vtan -0.2357 -0.7878 -0.5691 1.0
vtan -0.2414 -0.7795 -0.5781 1.0
vtan -0.0709 -0.9827 -0.1713 1.0
vtan -0.3009 -0.6189 -0.7255 1.0
vtan 0.2897 -0.6431 0.7089 1.0
vtan -0.3332 -0.4919 -0.8044 1.0
vtan 0.9164 -0.1215 0.3813 1.0
vtan 0.8532 -0.3811 0.3561 1.0
vtan 0.4091 -0.8966 0.1694 1.0
vtan -0.4959 -0.8437 -0.2054 1.0
vtan -0.7035 -0.6482 -0.2914 1.0
vtan -0.5756 -0.7814 -0.2412 1.0
vtan -0.5707 -0.7864 -0.2364 1.0
vtan -0.1711 -0.9827 -0.071 1.0
vtan -0.7242 -0.621 -0.3 1.0
vtan 0.7111 -0.6384 0.2946 1.0
vtan -0.8028 -0.4918 -0.3372 1.0
vtan 0.892 -0.3426 -0.2948 1.0
vtan 0.4625 -0.8727 -0.1566 1.0
vtan 0.4618 -0.8699 0.1735 1.0
vtan 0.8726 -0.3347 0.3556 1.0
vtan -0.5177 -0.8306 -0.2049 1.0
vtan -0.5184 -0.8323 0.1961 1.0
vtan -0.7189 -0.6383 0.2752 1.0
vtan -0.717 -0.6366 -0.2838 1.0
vtan 0.6674 -0.7447 -0.0012 1.0
vtan -0.6679 -0.7013 -0.2489 1.0
vtan -0.6623 -0.6963 0.2767 1.0
vtan 0.6709 -0.7415 -0.0047 1.0
vtan -0.1799 -0.9813 0.068 1.0
vtan -0.18 -0.9811 -0.0715 1.0
vtan -0.5298 -0.8208 0.2135 1.0
vtan -0.5307 -0.8228 -0.2033 1.0
vtan -0.8165 -0.4754 -0.3275 1.0
vtan -0.8217 -0.4784 0.3097 1.0
vtan 0.9324 -0.1235 0.3397 1.0
vtan 0.922 -0.1221 -0.3675 1.0
vtan -0.6716 -0.7124 0.2034 1.0
vtan -0.6655 -0.7036 -0.2491 1.0
vtan 0.8703 -0.3345 -0.3616 1.0
vtan 0.922 -0.1221 -0.3675 1.0
vtan 0.4583 -0.8657 -0.2015 1.0
vtan -0.7144 -0.6345 0.2949 1.0
vtan -0.516 -0.8287 0.2168 1.0
vtan -0.5342 -0.8271 0.1747 1.0
vtan -0.6567 -0.6975 0.2867 1.0
vtan -0.1797 -0.9808 0.0756 1.0
vtan -0.6749 -0.709 0.2047 1.0
vtan 0.6709 -0.7415 -0.0047 1.0
vtan -0.8142 -0.4742 0.335 1.0
vtan -0.4485 -0.8701 -0.2045 1.0
vtan -0.1981 -0.8681 -0.4552 1.0
vtan -0.3905 -0.3374 -0.8566 1.0
vtan -0.8665 -0.3353 -0.3698 1.0
vtan 0.3105 -0.6372 0.7054 1.0
vtan 0.2192 -0.8299 0.5131 1.0
vtan 0.5105 -0.8308 0.2218 1.0
vtan 0.7104 -0.6357 0.3021 1.0
vtan 0.2986 -0.7031 0.6453 1.0
vtan 0.6484 -0.7012 0.2964 1.0
vtan -0.4709 -0.7449 -0.4726 1.0
vtan -0.4726 -0.7429 -0.474 1.0
vtan 0.1784 -0.981 0.0763 1.0
vtan 0.077 -0.981 0.178 1.0
vtan 0.8021 -0.4777 0.3583 1.0
vtan 0.5169 -0.8234 0.2342 1.0
vtan 0.2371 -0.8243 0.5141 1.0
vtan 0.3448 -0.4749 0.8097 1.0
vtan -0.3921 -0.1221 -0.9118 1.0
vtan -0.8983 -0.1236 -0.4216 1.0
vtan 0.2935 -0.7015 0.6495 1.0
vtan 0.6467 -0.7036 0.2944 1.0
vtan -0.9164 -0.1215 -0.3813 1.0
vtan -0.8532 -0.3812 -0.3561 1.0
vtan -0.409 -0.8966 -0.1695 1.0
vtan 0.4959 -0.8437 0.2055 1.0
vtan 0.7035 -0.6482 0.2914 1.0
vtan 0.5756 -0.7814 0.2411 1.0
vtan 0.5707 -0.7864 0.2364 1.0
vtan 0.1712 -0.9827 0.0709 1.0
vtan 0.7243 -0.6208 0.3 1.0
vtan -0.7111 -0.6383 -0.2946 1.0
vtan 0.8028 -0.4918 0.3372 1.0
vtan -0.892 -0.3426 0.2948 1.0
vtan -0.4623 -0.8728 0.1566 1.0
vtan -0.4617 -0.8699 -0.1735 1.0
vtan -0.8727 -0.3347 -0.3556 1.0
vtan 0.5176 -0.8307 0.2048 1.0
vtan 0.5185 -0.8323 -0.1961 1.0
vtan 0.7189 -0.6384 -0.2752 1.0
vtan 0.7171 -0.6366 0.2838 1.0
vtan -0.6675 -0.7446 0.0012 1.0
vtan 0.6681 -0.7012 0.2489 1.0
vtan 0.6635 -0.6951 -0.2768 1.0
vtan -0.6675 -0.7446 -0.001 1.0
vtan 0.18 -0.9813 -0.068 1.0
vtan 0.18 -0.9811 0.0714 1.0
vtan 0.5298 -0.8208 -0.2135 1.0
vtan 0.5307 -0.8228 0.2033 1.0
vtan 0.8166 -0.4754 0.3275 1.0
vtan 0.8217 -0.4784 -0.3097 1.0
vtan -0.9324 -0.1235 -0.3397 1.0
vtan -0.922 -0.1221 0.3675 1.0
vtan 0.6716 -0.7124 -0.2034 1.0
vtan 0.6655 -0.7036 0.2491 1.0
vtan -0.8703 -0.3344 0.3616 1.0
vtan -0.922 -0.1221 0.3675 1.0
vtan -0.917 -0.1215 0.3799 1.0
vtan -0.8545 -0.3802 0.3539 1.0
vtan -0.4581 -0.8657 0.2015 1.0
vtan -0.4098 -0.8962 0.1698 1.0
vtan 0.7038 -0.6478 -0.2915 1.0
vtan 0.7144 -0.6346 -0.2949 1.0
vtan 0.5161 -0.8287 -0.2168 1.0
vtan 0.4962 -0.8435 -0.2056 1.0
vtan 0.5342 -0.8271 -0.1747 1.0
vtan 0.5751 -0.7827 -0.2382 1.0
vtan 0.5718 -0.7854 -0.2369 1.0
vtan 0.6567 -0.6975 -0.2867 1.0
vtan 0.1711 -0.9827 -0.0709 1.0
vtan 0.1798 -0.9808 -0.0757 1.0
vtan 0.7223 -0.6234 -0.2995 1.0
vtan 0.6761 -0.7083 -0.2032 1.0
vtan -0.7104 -0.641 0.2905 1.0
vtan -0.6675 -0.7446 -0.001 1.0
vtan 0.8142 -0.4742 -0.335 1.0
vtan 0.8046 -0.4915 -0.3333 1.0
vtan 0.3301 -0.3373 0.8816 1.0
vtan 0.1818 -0.8681 0.4619 1.0
vtan -0.1716 -0.8702 0.4619 1.0
vtan -0.3507 -0.3354 0.8744 1.0
vtan 0.2048 -0.8306 -0.5178 1.0
vtan -0.2072 -0.83 -0.5179 1.0
vtan -0.2855 -0.6359 -0.717 1.0
vtan 0.2813 -0.6371 -0.7176 1.0
vtan -0.0025 -0.7434 0.6689 1.0
vtan 0.2493 -0.7017 -0.6675 1.0
vtan -0.2455 -0.7028 -0.6677 1.0
vtan -0.0025 -0.7445 0.6676 1.0
vtan -0.0722 -0.981 -0.1803 1.0
vtan 0.0714 -0.9811 -0.1801 1.0
vtan -0.1992 -0.8237 -0.5309 1.0
vtan 0.2033 -0.8228 -0.5307 1.0
vtan 0.3201 -0.4766 -0.8188 1.0
vtan -0.3242 -0.4757 -0.8177 1.0
vtan -0.3397 -0.1235 0.9324 1.0
vtan 0.37 -0.122 0.921 1.0
vtan -0.2517 -0.7015 -0.6668 1.0
vtan 0.2491 -0.7036 -0.6655 1.0
vtan -0.3799 -0.1215 0.917 1.0
vtan -0.3527 -0.3812 0.8546 1.0
vtan -0.1695 -0.8966 0.4091 1.0
vtan 0.2914 -0.6482 -0.7035 1.0
vtan 0.2054 -0.8437 -0.496 1.0
vtan 0.2364 -0.7864 -0.5707 1.0
vtan 0.2388 -0.7814 -0.5765 1.0
vtan 0.0709 -0.9827 -0.1712 1.0
vtan 0.3004 -0.6207 -0.7242 1.0
vtan -0.3033 -0.6383 0.7075 1.0
vtan 0.3317 -0.4918 -0.8051 1.0
vtan -0.2044 -0.87 0.4486 1.0
vtan -0.4537 -0.8691 0.1971 1.0
vtan -0.8561 -0.3386 0.3904 1.0
vtan -0.3684 -0.3351 0.8672 1.0
vtan 0.705 -0.6377 -0.3104 1.0
vtan 0.5124 -0.8303 -0.219 1.0
vtan 0.2218 -0.8308 -0.5105 1.0
vtan 0.3021 -0.6356 -0.7104 1.0
vtan 0.6467 -0.7016 -0.2991 1.0
vtan 0.2971 -0.7008 -0.6486 1.0
vtan -0.4746 -0.7463 0.4667 1.0
vtan -0.4746 -0.7431 0.4717 1.0
vtan 0.0763 -0.981 -0.1783 1.0
vtan 0.1776 -0.9811 -0.0768 1.0
vtan 0.3555 -0.4772 -0.8037 1.0
vtan 0.2315 -0.8228 -0.519 1.0
vtan 0.5151 -0.8237 -0.2371 1.0
vtan 0.8095 -0.4753 -0.3447 1.0
vtan -0.9118 -0.1221 0.3921 1.0
vtan -0.4191 -0.1235 0.8995 1.0
vtan 0.6473 -0.7044 -0.2913 1.0
vtan 0.2944 -0.7036 -0.6467 1.0
vtan 1.0 0.0 0.0039 1.0
vtan 0.9236 -0.0 0.3833 1.0
vtan 0.9236 0.0 0.3833 1.0
vtan 1.0 0.0 0.0039 1.0
vtan 1.0 -0.0 0.0042 1.0
vtan 1.0 -0.0 0.004 1.0
vtan 0.9236 0.0 0.3833 1.0
vtan 0.9236 0.0 0.3834 1.0
vtan 1.0 -0.0002 0.0041 1.0
vtan 0.9236 -0.0 0.3834 1.0
vtan 0.9236 0.0 0.3834 1.0
vtan 1.0 0.0 0.0043 1.0
vtan 1.0 0.0001 0.0038 1.0
vtan 0.9236 0.0 0.3833 1.0
vtan 1.0 0.0 0.0041 1.0
vtan 0.9236 0.0 0.3833 1.0
vtan 0.9236 0.0 0.3833 1.0
vtan 1.0 -0.0 0.0041 1.0
vtan 1.0 0.0001 0.004 1.0
vtan 1.0 0.0 0.0043 1.0
vtan 0.9236 0.0 0.3834 1.0
vtan 0.9236 0.0 0.3833 1.0
vtan 1.0 -0.0001 0.0042 1.0
vtan 0.9236 -0.0 0.3833 1.0
vtan 0.9236 0.0 0.3833 1.0
vtan 1.0 0.0 0.0044 1.0
vtan 1.0 -0.0002 0.004 1.0
vtan 0.9236 -0.0 0.3833 1.0
vtan 1.0 0.0002 0.0038 1.0
vtan 0.9236 -0.0 0.3833 1.0
vtan 1.0 -0.0 0.0044 1.0
vtan 0.9236 -0.0 0.3834 1.0
vtan 0.9236 0.0 0.3834 1.0
vtan 1.0 0.0 0.0034 1.0
vtan 1.0 0.0 0.0036 1.0
vtan 0.9236 -0.0 0.3833 1.0
vtan 0.9236 -0.0 0.3834 1.0
vtan 1.0 -0.0002 0.0036 1.0
vtan 1.0 0.0002 0.0035 1.0
vtan 0.9236 -0.0 0.3833 1.0
vtan 0.9236 -0.0 0.3833 1.0
vtan 1.0 -0.0 0.0035 1.0
vtan 1.0 0.0 0.0002 1.0
vtan 1.0 0.0 0.0002 1.0
vtan 1.0 0.0 0.0002 1.0
vtan 1.0 -0.0 0.0002 1.0
vtan 1.0 -0.0 0.0003 1.0
vtan 1.0 -0.0 0.0002 1.0
vtan 1.0 -0.0 0.0002 1.0
vtan 1.0 -0.0 0.0002 1.0
vtan 1.0 -0.0 0.0003 1.0
vtan 1.0 0.0 0.0003 1.0
vtan 1.0 -0.0 0.0002 1.0
vtan 1.0 -0.0 0.0002 1.0
vtan 1.0 0.0 0.0002 1.0
vtan 1.0 0.0 0.0002 1.0
vtan 1.0 -0.0 0.0002 1.0
vtan 0.9241 0.0 -0.382 1.0
vtan 0.9241 0.0 -0.382 1.0
vtan 0.9241 -0.0 -0.382 1.0
vtan 0.9241 -0.0 -0.382 1.0
vtan 0.9242 0.0 -0.382 1.0
vtan 0.9242 -0.0 -0.382 1.0
vtan 0.9242 0.0 -0.382 1.0
vtan 0.9242 0.0 -0.382 1.0
vtan 0.9241 0.0 -0.382 1.0
vtan 0.9242 -0.0 -0.382 1.0
vtan 0.9242 0.0 -0.382 1.0
vtan 0.9241 0.0 -0.382 1.0
vtan 0.9242 -0.0 -0.382 1.0
vtan 0.9241 0.0 -0.3821 1.0
vtan 0.9241 0.0 -0.382 1.0
vtan 0.9241 -0.0 -0.3821 1.0
vtan 1.0 -0.0 0.0003 1.0
vtan 1.0 -0.0 0.0002 1.0
vtan 1.0 -0.0 0.0002 1.0
vtan 0.9241 0.0 -0.3821 1.0
vtan 0.9242 -0.0 -0.382 1.0
vtan 0.9241 0.0 -0.382 1.0
vtan 1.0 0.0 0.0002 1.0
vtan 0.9242 0.0 -0.382 1.0
vtan 1.0 0.0 0.0002 1.0
vtan 0.7089 -0.0 0.7053 1.0
vtan 0.7089 -0.0 0.7053 1.0
vtan 0.7089 0.0 0.7053 1.0
vtan 0.7091 0.0 0.7051 1.0
vtan 0.709 0.0002 0.7052 1.0
vtan 0.7091 -0.0 0.7051 1.0
vtan 0.7088 -0.0001 0.7054 1.0
vtan 0.709 -0.0 0.7052 1.0
vtan 0.709 0.0 0.7052 1.0
vtan 0.7092 -0.0 0.7051 1.0
vtan 0.7089 -0.0001 0.7053 1.0
vtan 0.7091 0.0001 0.7052 1.0
vtan 0.7089 0.0002 0.7053 1.0
vtan 0.7092 -0.0 0.705 1.0
vtan 0.7088 -0.0002 0.7054 1.0
vtan 0.7092 0.0 0.705 1.0
vtan 0.7085 -0.0 0.7057 1.0
vtan 0.7086 -0.0002 0.7057 1.0
vtan 0.7086 0.0002 0.7056 1.0
vtan 0.7086 0.0 0.7056 1.0
vtan 0.7063 -0.0 0.7079 1.0
vtan 0.7063 -0.0 0.7079 1.0
vtan 0.7063 -0.0 0.7079 1.0
vtan 0.7063 0.0 0.7079 1.0
vtan 0.7063 0.0 0.7079 1.0
vtan 0.7063 -0.0 0.7079 1.0
vtan 0.7063 0.0 0.7079 1.0
vtan 0.7063 0.0 0.7079 1.0
vtan 0.7063 -0.0 0.708 1.0
vtan 0.7063 -0.0 0.7079 1.0
vtan 0.7063 -0.0 0.7079 1.0
vtan 0.7063 -0.0 0.7079 1.0
vtan 0.7063 -0.0 0.7079 1.0
vtan 0.7063 -0.0 0.7079 1.0
vtan 0.7063 0.0 0.708 1.0
vtan 0.3821 -0.0 0.9241 1.0
vtan 0.3821 0.0 0.9241 1.0
vtan 0.382 -0.0 0.9242 1.0
vtan 0.3821 -0.0 0.9241 1.0
vtan 0.3821 0.0 0.9241 1.0
vtan 0.382 -0.0 0.9241 1.0
vtan 0.382 -0.0 0.9241 1.0
vtan 0.382 0.0 0.9242 1.0
vtan 0.382 0.0 0.9242 1.0
vtan 0.382 -0.0 0.9242 1.0
vtan 0.382 0.0 0.9242 1.0
vtan 0.382 -0.0 0.9242 1.0
vtan 0.3821 0.0 0.9241 1.0
vtan 0.382 -0.0 0.9242 1.0
vtan 0.382 -0.0 0.9241 1.0
vtan 0.7063 0.0 0.7079 1.0
vtan 0.3821 0.0 0.9241 1.0
vtan 0.382 -0.0 0.9242 1.0
vtan 0.7063 -0.0 0.7079 1.0
vtan 0.7063 0.0 0.708 1.0
vtan 0.382 0.0 0.9242 1.0
vtan 0.382 0.0 0.9242 1.0
vtan 0.7063 -0.0 0.7079 1.0
vtan 0.7063 0.0 0.7079 1.0
vtan 0.3821 0.0 0.9241 1.0
vtan 0.3821 0.0 0.9241 1.0
vtan 0.7063 0.0 0.7079 1.0
vtan 0.7086 -0.0 0.7056 1.0
vtan -0.7053 -0.0 0.7089 1.0
vtan -0.7053 -0.0 0.7089 1.0
vtan -0.3834 -0.0 0.9236 1.0
vtan -0.3834 0.0 0.9236 1.0
vtan -0.3833 0.0 0.9236 1.0
vtan -0.7053 0.0 0.709 1.0
vtan -0.7051 0.0 0.7091 1.0
vtan -0.3833 0.0 0.9236 1.0
vtan -0.7052 0.0002 0.709 1.0
vtan -0.7051 -0.0 0.7091 1.0
vtan -0.3834 -0.0 0.9236 1.0
vtan -0.3834 0.0 0.9236 1.0
vtan -0.3833 0.0 0.9236 1.0
vtan -0.7054 -0.0001 0.7088 1.0
vtan -0.7052 -0.0 0.709 1.0
vtan -0.7052 0.0 0.709 1.0
vtan -0.3833 -0.0 0.9236 1.0
vtan -0.3833 0.0 0.9236 1.0
vtan -0.3832 -0.0 0.9236 1.0
vtan -0.7051 -0.0 0.7091 1.0
vtan -0.7053 -0.0001 0.7089 1.0
vtan -0.3833 0.0 0.9236 1.0
vtan -0.3833 -0.0 0.9236 1.0
vtan -0.7052 0.0001 0.709 1.0
vtan -0.3833 -0.0 0.9236 1.0
vtan -0.3833 0.0 0.9236 1.0
vtan -0.7053 0.0002 0.7089 1.0
vtan -0.705 -0.0 0.7092 1.0
vtan -0.3833 0.0 0.9236 1.0
vtan -0.7054 -0.0002 0.7088 1.0
vtan -0.3834 0.0 0.9236 1.0
vtan -0.705 0.0 0.7092 1.0
vtan -0.7057 -0.0 0.7086 1.0
vtan -0.7056 -0.0002 0.7086 1.0
vtan -0.3833 0.0 0.9236 1.0
vtan -0.3833 -0.0 0.9236 1.0
vtan -0.3833 0.0 0.9236 1.0
vtan -0.7056 0.0002 0.7086 1.0
vtan -0.3833 0.0 0.9236 1.0
vtan -0.7056 0.0 0.7086 1.0
vtan -0.7079 -0.0 0.7063 1.0
vtan -0.7079 -0.0 0.7063 1.0
vtan -0.7079 0.0 0.7063 1.0
vtan -0.7079 0.0 0.7063 1.0
vtan -0.7079 -0.0 0.7063 1.0
vtan -0.7079 -0.0 0.7063 1.0
vtan -0.7079 0.0 0.7063 1.0
vtan -0.708 0.0 0.7063 1.0
vtan -0.708 -0.0 0.7063 1.0
vtan -0.7079 -0.0 0.7063 1.0
vtan -0.708 0.0 0.7063 1.0
vtan -0.708 -0.0 0.7063 1.0
vtan -0.7079 -0.0 0.7063 1.0
vtan -0.708 -0.0 0.7062 1.0
vtan -0.7079 0.0 0.7063 1.0
vtan -0.9241 -0.0 0.382 1.0
vtan -0.9241 -0.0 0.3821 1.0
vtan -0.9241 -0.0 0.382 1.0
vtan -0.9242 -0.0 0.382 1.0
vtan -0.9241 0.0 0.3821 1.0
vtan -0.9241 -0.0 0.382 1.0
vtan -0.9242 0.0 0.382 1.0
vtan -0.9242 0.0 0.382 1.0
vtan -0.9242 -0.0 0.382 1.0
vtan -0.9241 0.0 0.382 1.0
vtan -0.9241 -0.0 0.382 1.0
vtan -0.9242 -0.0 0.382 1.0
vtan -0.9242 -0.0 0.382 1.0
vtan -0.9242 -0.0 0.382 1.0
vtan -0.9241 0.0 0.382 1.0
vtan -0.7079 0.0 0.7063 1.0
vtan -0.9242 0.0 0.382 1.0
vtan -0.9241 -0.0 0.382 1.0
vtan -0.7079 -0.0 0.7063 1.0
vtan -0.7079 0.0 0.7063 1.0
vtan -0.9242 0.0 0.382 1.0
vtan -0.9241 0.0 0.382 1.0
vtan -0.7079 -0.0 0.7063 1.0
vtan -0.708 0.0 0.7063 1.0
vtan -0.9242 -0.0 0.382 1.0
vtan -0.9241 0.0 0.382 1.0
vtan -0.7079 -0.0 0.7063 1.0
vtan -0.7056 -0.0 0.7086 1.0
vtan -0.004 -0.0 1.0 1.0
vtan -0.004 -0.0 1.0 1.0
vtan -0.0042 -0.0 1.0 1.0
vtan -0.004 -0.0 1.0 1.0
vtan -0.0041 -0.0002 1.0 1.0
vtan -0.0042 0.0 1.0 1.0
vtan -0.0038 0.0001 1.0 1.0
vtan -0.0041 0.0 1.0 1.0
vtan -0.0041 -0.0 1.0 1.0
vtan -0.0039 0.0001 1.0 1.0
vtan -0.0043 0.0 1.0 1.0
vtan -0.0042 -0.0001 1.0 1.0
vtan -0.0044 0.0 1.0 1.0
vtan -0.004 -0.0002 1.0 1.0
vtan -0.0038 0.0002 1.0 1.0
vtan -0.0044 -0.0 1.0 1.0
vtan -0.0034 0.0 1.0 1.0
vtan -0.0035 0.0 1.0 1.0
vtan -0.3833 -0.0 0.9236 1.0
vtan -0.0036 -0.0002 1.0 1.0
vtan -0.0035 0.0002 1.0 1.0
vtan -0.0036 -0.0 1.0 1.0
vtan -0.0002 -0.0 1.0 1.0
vtan -0.0002 -0.0 1.0 1.0
vtan -0.0002 -0.0001 1.0 1.0
vtan -0.0003 -0.0001 1.0 1.0
vtan -0.0003 -0.0 1.0 1.0
vtan -0.0003 0.0 1.0 1.0
vtan -0.0003 0.0001 1.0 1.0
vtan -0.0003 0.0 1.0 1.0
vtan -0.0002 -0.0 1.0 1.0
vtan -0.0003 -0.0001 1.0 1.0
vtan -0.0003 -0.0 1.0 1.0
vtan -0.0003 -0.0 1.0 1.0
vtan -0.0003 0.0001 1.0 1.0
vtan -0.0004 0.0 1.0 1.0
vtan -0.0004 0.0001 1.0 1.0
vtan -0.0002 0.0 1.0 1.0
vtan -0.0002 0.0 1.0 1.0
vtan -0.0002 0.0001 1.0 1.0
vtan -0.0002 0.0001 1.0 1.0
vtan -0.0002 -0.0001 1.0 1.0
vtan -0.0003 0.0 1.0 1.0
vtan -0.0001 -0.0001 1.0 1.0
vtan -0.0002 0.0 1.0 1.0
vtan -0.0002 -0.0 1.0 1.0
vtan -0.0003 0.0 1.0 1.0
vtan -0.0002 0.0001 1.0 1.0
vtan -0.0003 0.0 1.0 1.0
vtan -0.0002 -0.0 1.0 1.0
vtan -0.0002 -0.0001 1.0 1.0
vtan -0.0001 -0.0001 1.0 1.0
vtan -0.0002 0.0001 1.0 1.0
vtan -0.0002 -0.0001 1.0 1.0
vtan -0.0001 -0.0001 1.0 1.0
vtan -0.0001 -0.0001 1.0 1.0
vtan -0.0002 -0.0001 1.0 1.0
vtan -0.0003 -0.0001 1.0 1.0
vtan -0.0004 0.0001 1.0 1.0
vtan -0.0003 0.0001 1.0 1.0
vtan -0.0004 0.0001 1.0 1.0
vtan -0.0002 0.0001 1.0 1.0
vtan 0.7054 0.0 -0.7088 1.0
vtan 0.7054 0.0 -0.7088 1.0
vtan 0.3833 0.0 -0.9236 1.0
vtan 0.3833 -0.0 -0.9236 1.0
vtan 0.3834 0.0 -0.9236 1.0
vtan 0.7053 0.0 -0.7089 1.0
vtan 0.7051 0.0 -0.7091 1.0
vtan 0.3834 -0.0 -0.9236 1.0
vtan 0.7052 0.0002 -0.709 1.0
vtan 0.705 0.0 -0.7092 1.0
vtan 0.3833 0.0 -0.9236 1.0
vtan 0.3833 -0.0 -0.9236 1.0
vtan 0.3834 -0.0 -0.9236 1.0
vtan 0.7054 -0.0001 -0.7088 1.0
vtan 0.7052 -0.0 -0.709 1.0
vtan 0.7052 0.0 -0.709 1.0
vtan 0.3834 0.0 -0.9236 1.0
vtan 0.3833 -0.0 -0.9236 1.0
vtan 0.3834 0.0 -0.9236 1.0
vtan 0.7051 -0.0 -0.7091 1.0
vtan 0.7053 -0.0001 -0.7089 1.0
vtan 0.3833 -0.0 -0.9236 1.0
vtan 0.3833 0.0 -0.9236 1.0
vtan 0.7052 0.0001 -0.709 1.0
vtan 0.3834 0.0 -0.9236 1.0
vtan 0.3833 0.0 -0.9236 1.0
vtan 0.7053 0.0002 -0.7089 1.0
vtan 0.705 -0.0 -0.7092 1.0
vtan 0.3834 -0.0 -0.9236 1.0
vtan 0.7054 -0.0002 -0.7088 1.0
vtan 0.3833 0.0 -0.9236 1.0
vtan 0.705 0.0 -0.7093 1.0
vtan 0.7057 -0.0 -0.7085 1.0
vtan 0.7056 -0.0002 -0.7086 1.0
vtan 0.3834 -0.0 -0.9236 1.0
vtan 0.3833 0.0 -0.9236 1.0
vtan 0.3833 0.0 -0.9236 1.0
vtan 0.7056 0.0002 -0.7086 1.0
vtan 0.3834 0.0 -0.9236 1.0
vtan 0.7056 0.0 -0.7086 1.0
vtan 0.7079 0.0 -0.7063 1.0
vtan 0.7079 0.0 -0.7063 1.0
vtan 0.708 -0.0 -0.7063 1.0
vtan 0.708 0.0 -0.7063 1.0
vtan 0.7079 -0.0 -0.7063 1.0
vtan 0.708 -0.0 -0.7062 1.0
vtan 0.708 0.0 -0.7062 1.0
vtan 0.708 0.0 -0.7062 1.0
vtan 0.7079 -0.0 -0.7063 1.0
vtan 0.7079 -0.0 -0.7063 1.0
vtan 0.7079 0.0 -0.7063 1.0
vtan 0.7079 -0.0 -0.7063 1.0
vtan 0.7079 -0.0 -0.7063 1.0
vtan 0.7079 -0.0 -0.7063 1.0
vtan 0.7079 0.0 -0.7063 1.0
vtan 0.7079 0.0 -0.7063 1.0
vtan 0.708 -0.0 -0.7063 1.0
vtan 0.708 0.0 -0.7062 1.0
vtan 0.9241 0.0 -0.382 1.0
vtan 0.7079 -0.0 -0.7063 1.0
vtan 0.7079 0.0 -0.7063 1.0
vtan 0.7079 -0.0 -0.7063 1.0
vtan 0.7056 0.0 -0.7087 1.0
vtan 0.0038 0.0 -1.0 1.0
vtan 0.0038 0.0 -1.0 1.0
vtan 0.0042 -0.0 -1.0 1.0
vtan 0.004 -0.0 -1.0 1.0
vtan 0.0041 -0.0002 -1.0 1.0
vtan 0.0043 0.0 -1.0 1.0
vtan 0.0038 0.0001 -1.0 1.0
vtan 0.0041 0.0 -1.0 1.0
vtan 0.0042 -0.0 -1.0 1.0
vtan 0.0039 0.0001 -1.0 1.0
vtan 0.0043 0.0 -1.0 1.0
vtan 0.0041 -0.0001 -1.0 1.0
vtan 0.0043 0.0 -1.0 1.0
vtan 0.004 -0.0002 -1.0 1.0
vtan 0.0038 0.0002 -1.0 1.0
vtan 0.0044 -0.0 -1.0 1.0
vtan 0.0034 0.0 -1.0 1.0
vtan 0.0036 0.0 -1.0 1.0
vtan 0.3833 -0.0 -0.9236 1.0
vtan 0.0035 -0.0002 -1.0 1.0
vtan 0.0035 0.0002 -1.0 1.0
vtan 0.0035 -0.0 -1.0 1.0
vtan 0.0002 0.0 -1.0 1.0
vtan 0.0002 -0.0 -1.0 1.0
vtan 0.0002 -0.0001 -1.0 1.0
vtan 0.0003 -0.0001 -1.0 1.0
vtan 0.0002 -0.0 -1.0 1.0
vtan 0.0003 0.0001 -1.0 1.0
vtan 0.0003 0.0 -1.0 1.0
vtan 0.0003 0.0 -1.0 1.0
vtan 0.0002 -0.0 -1.0 1.0
vtan 0.0003 -0.0001 -1.0 1.0
vtan 0.0003 -0.0001 -1.0 1.0
vtan 0.0002 -0.0 -1.0 1.0
vtan 0.0003 0.0001 -1.0 1.0
vtan 0.0004 0.0001 -1.0 1.0
vtan 0.0004 0.0001 -1.0 1.0
vtan 0.0002 0.0 -1.0 1.0
vtan 0.0002 0.0 -1.0 1.0
vtan -0.382 0.0 -0.9241 1.0
vtan -0.382 0.0 -0.9242 1.0
vtan -0.382 -0.0 -0.9242 1.0
vtan 0.0002 0.0001 -1.0 1.0
vtan 0.0002 0.0001 -1.0 1.0
vtan -0.382 0.0 -0.9242 1.0
vtan 0.0001 -0.0001 -1.0 1.0
vtan 0.0002 0.0 -1.0 1.0
vtan -0.382 -0.0 -0.9241 1.0
vtan -0.382 0.0 -0.9242 1.0
vtan -0.382 -0.0 -0.9242 1.0
vtan 0.0002 -0.0001 -1.0 1.0
vtan 0.0002 0.0 -1.0 1.0
vtan 0.0003 -0.0 -1.0 1.0
vtan -0.382 -0.0 -0.9241 1.0
vtan -0.382 0.0 -0.9242 1.0
vtan -0.3821 0.0 -0.9241 1.0
vtan 0.0001 0.0001 -1.0 1.0
vtan 0.0001 0.0001 -1.0 1.0
vtan -0.3821 0.0 -0.9241 1.0
vtan -0.3821 0.0 -0.9241 1.0
vtan 0.0002 0.0 -1.0 1.0
vtan -0.382 -0.0 -0.9242 1.0
vtan -0.3821 0.0 -0.9241 1.0
vtan 0.0 -0.0001 -1.0 1.0
vtan 0.0002 -0.0001 -1.0 1.0
vtan -0.382 0.0 -0.9241 1.0
vtan 0.0 -0.0001 -1.0 1.0
vtan -0.3821 -0.0 -0.9241 1.0
vtan 0.0001 0.0001 -1.0 1.0
vtan 0.0002 -0.0001 -1.0 1.0
vtan 0.0001 -0.0001 -1.0 1.0
vtan -0.382 0.0 -0.9241 1.0
vtan -0.3821 -0.0 -0.9241 1.0
vtan -0.3821 0.0 -0.9241 1.0
vtan 0.0 -0.0001 -1.0 1.0
vtan -0.3821 0.0 -0.9241 1.0
vtan 0.0002 -0.0001 -1.0 1.0
vtan 0.0003 -0.0001 -1.0 1.0
vtan 0.0004 0.0001 -1.0 1.0
vtan 0.0003 0.0001 -1.0 1.0
vtan 0.0003 0.0001 -1.0 1.0
vtan 0.0003 0.0001 -1.0 1.0
vtan -1.0 0.0 -0.0039 1.0
vtan -0.9236 0.0 -0.3833 1.0
vtan -0.9236 0.0 -0.3833 1.0
vtan -1.0 0.0 -0.0039 1.0
vtan -1.0 -0.0 -0.0042 1.0
vtan -1.0 -0.0 -0.004 1.0
vtan -0.9236 -0.0 -0.3833 1.0
vtan -0.9237 -0.0 -0.3832 1.0
vtan -1.0 -0.0002 -0.0041 1.0
vtan -0.9236 -0.0 -0.3833 1.0
vtan -0.9236 0.0 -0.3833 1.0
vtan -1.0 0.0 -0.0043 1.0
vtan -1.0 0.0001 -0.0038 1.0
vtan -0.9236 -0.0 -0.3834 1.0
vtan -1.0 0.0 -0.0041 1.0
vtan -0.9236 0.0 -0.3834 1.0
vtan -0.9236 -0.0 -0.3833 1.0
vtan -1.0 -0.0 -0.0041 1.0
vtan -1.0 0.0001 -0.0039 1.0
vtan -1.0 0.0 -0.0043 1.0
vtan -0.9236 -0.0 -0.3833 1.0
vtan -0.9236 -0.0 -0.3833 1.0
vtan -1.0 -0.0001 -0.0042 1.0
vtan -0.9236 0.0 -0.3834 1.0
vtan -0.9236 0.0 -0.3834 1.0
vtan -1.0 0.0 -0.0044 1.0
vtan -1.0 -0.0002 -0.004 1.0
vtan -0.9236 0.0 -0.3834 1.0
vtan -1.0 0.0002 -0.0038 1.0
vtan -0.9236 -0.0 -0.3833 1.0
vtan -1.0 -0.0 -0.0044 1.0
vtan -0.9236 0.0 -0.3834 1.0
vtan -0.9236 0.0 -0.3833 1.0
vtan -1.0 0.0 -0.0034 1.0
vtan -1.0 -0.0 -0.0036 1.0
vtan -0.9236 -0.0 -0.3833 1.0
vtan -0.9236 -0.0 -0.3834 1.0
vtan -1.0 -0.0002 -0.0036 1.0
vtan -1.0 0.0002 -0.0035 1.0
vtan -0.9236 0.0 -0.3833 1.0
vtan -0.9236 -0.0 -0.3833 1.0
vtan -1.0 -0.0 -0.0035 1.0
vtan -1.0 -0.0 -0.0002 1.0
vtan -1.0 0.0 -0.0003 1.0
vtan -1.0 -0.0 -0.0002 1.0
vtan -1.0 -0.0 -0.0003 1.0
vtan -1.0 -0.0 -0.0002 1.0
vtan -1.0 0.0 -0.0002 1.0
vtan -1.0 -0.0 -0.0003 1.0
vtan -1.0 -0.0 -0.0002 1.0
vtan -1.0 -0.0 -0.0002 1.0
vtan -1.0 -0.0 -0.0002 1.0
vtan -1.0 -0.0 -0.0002 1.0
vtan -1.0 -0.0 -0.0003 1.0
vtan -1.0 -0.0 -0.0003 1.0
vtan -1.0 0.0 -0.0002 1.0
vtan -1.0 -0.0 -0.0003 1.0
vtan -1.0 -0.0 -0.0002 1.0
vtan -1.0 -0.0 -0.0003 1.0
vtan -1.0 -0.0 -0.0002 1.0
vtan -1.0 0.0 -0.0002 1.0
vtan -1.0 0.0 -0.0002 1.0
vtan -0.7089 0.0 -0.7053 1.0
vtan -0.7089 0.0 -0.7053 1.0
vtan -0.709 0.0 -0.7053 1.0
vtan -0.7091 0.0 -0.7051 1.0
vtan -0.709 0.0002 -0.7052 1.0
vtan -0.7092 -0.0 -0.7051 1.0
vtan -0.7088 -0.0001 -0.7054 1.0
vtan -0.709 -0.0 -0.7052 1.0
vtan -0.709 0.0 -0.7052 1.0
vtan -0.7091 -0.0 -0.7051 1.0
vtan -0.7089 -0.0001 -0.7053 1.0
vtan -0.709 0.0001 -0.7052 1.0
vtan -0.7089 0.0002 -0.7053 1.0
vtan -0.7092 -0.0 -0.705 1.0
vtan -0.7088 -0.0002 -0.7054 1.0
vtan -0.7092 0.0 -0.705 1.0
vtan -0.7086 -0.0 -0.7057 1.0
vtan -0.7086 -0.0002 -0.7056 1.0
vtan -0.7086 0.0002 -0.7056 1.0
vtan -0.7086 0.0 -0.7056 1.0
vtan -0.7063 0.0 -0.708 1.0
vtan -0.7062 0.0 -0.708 1.0
vtan -0.7062 0.0 -0.708 1.0
vtan -0.7063 0.0 -0.7079 1.0
vtan -0.7062 -0.0 -0.708 1.0
vtan -0.7062 -0.0 -0.708 1.0
vtan -0.7063 0.0 -0.7079 1.0
vtan -0.7063 0.0 -0.7079 1.0
vtan -0.7062 -0.0 -0.708 1.0
vtan -0.7063 -0.0 -0.7079 1.0
vtan -0.7063 0.0 -0.7079 1.0
vtan -0.7063 -0.0 -0.708 1.0
vtan -0.7063 -0.0 -0.7079 1.0
vtan -0.7063 -0.0 -0.7079 1.0
vtan -0.7063 0.0 -0.708 1.0
vtan -0.7063 0.0 -0.7079 1.0
vtan -0.7063 -0.0 -0.7079 1.0
vtan -0.7063 0.0 -0.708 1.0
vtan -0.3821 0.0 -0.9241 1.0
vtan -0.7063 -0.0 -0.7079 1.0
vtan -0.7063 0.0 -0.7079 1.0
vtan -0.7063 0.0 -0.7079 1.0
vtan -0.7087 0.0 -0.7056 1.0
vtan 1.0 0.0 0.0002 1.0
vtan -0.0002 -0.0 1.0 1.0
vtan -0.0003 0.0 1.0 1.0
vtan 0.0002 -0.0001 -1.0 1.0
vtan 0.0002 0.0001 -1.0 1.0
vtan -1.0 -0.0 -0.0002 1.0
vtan 1.0 0.0 0.0038 1.0
vtan 0.9236 0.0 0.3833 1.0
vtan 0.9241 -0.0 -0.382 1.0
vtan 1.0 0.0 0.0002 1.0
vtan 0.7088 -0.0 0.7054 1.0
vtan 0.7063 0.0 0.7079 1.0
vtan 0.3821 0.0 0.9241 1.0
vtan -0.3833 -0.0 0.9236 1.0
vtan -0.7054 -0.0 0.7088 1.0
vtan -0.7079 0.0 0.7063 1.0
vtan -0.9242 -0.0 0.382 1.0
vtan -0.0038 0.0 1.0 1.0
vtan -0.0001 -0.0001 1.0 1.0
vtan -0.0002 0.0001 1.0 1.0
vtan 0.3834 -0.0 -0.9236 1.0
vtan 0.7055 -0.0 -0.7088 1.0
vtan 0.7079 0.0 -0.7063 1.0
vtan 0.0038 0.0 -1.0 1.0
vtan -0.382 0.0 -0.9242 1.0
vtan 0.0002 -0.0001 -1.0 1.0
vtan 0.0003 0.0001 -1.0 1.0
vtan -1.0 0.0 -0.0038 1.0
vtan -0.9236 -0.0 -0.3834 1.0
vtan -1.0 -0.0 -0.0003 1.0
vtan -0.7088 -0.0 -0.7054 1.0
vtan -0.7063 0.0 -0.7079 1.0
f 0/0/0/0 1/1/1/1 2/2/2/2 
f 0/0/0/0 2/2/2/2 3/3/3/3 
f 1/1/1/1 0/0/0/0 4/4/4/4 
f 1/1/1/1 4/4/4/4 5/5/5/5 
f 4/4/4/4 6/6/6/6 7/7/7/7 
f 4/4/4/4 7/7/7/7 5/5/5/5 
f 9/8/8/8 0/0/0/0 3/3/3/3 
f 9/8/8/8 3/3/3/3 8/9/9/9 
f 0/0/0/0 9/8/8/8 10/10/10/10 
f 0/0/0/0 10/10/10/10 4/4/4/4 
f 4/4/4/4 10/10/10/10 11/11/11/11 
f 4/4/4/4 11/11/11/11 6/6/6/6 
f 12/12/12/12 13/13/13/13 9/8/8/8 
f 12/12/12/12 9/8/8/8 8/9/9/9 
f 13/13/13/13 14/14/14/14 10/10/10/10 
f 13/13/13/13 10/10/10/10 9/8/8/8 
f 10/10/10/10 14/14/14/14 15/15/15/15 
f 10/10/10/10 15/15/15/15 11/11/11/11 
f 2/2/2/2 1/1/1/1 16/16/16/16 
f 2/2/2/2 16/16/16/16 17/17/17/17 
f 1/1/1/1 5/5/5/5 18/18/18/18 
f 1/1/1/1 18/18/18/18 16/16/16/16 
f 18/18/18/18 5/5/5/5 7/7/7/7 
f 18/18/18/18 7/7/7/7 19/19/19/19 
f 20/20/20/20 17/17/17/17 16/16/16/16 
f 20/20/20/20 16/16/16/16 21/21/21/21 
f 21/21/21/21 16/16/16/16 18/18/18/18 
f 21/21/21/21 18/18/18/18 22/22/22/22 
f 23/23/23/23 20/20/20/20 21/21/21/21 
f 23/23/23/23 21/21/21/21 24/24/24/24 
f 22/22/22/22 25/25/25/25 24/24/24/24 
f 22/22/22/22 24/24/24/24 21/21/21/21 
f 26/26/26/26 25/25/25/25 22/22/22/22 
f 26/26/26/26 22/22/22/22 27/27/27/27 
f 19/19/19/19 27/27/27/27 22/22/22/22 
f 19/19/19/19 22/22/22/22 18/18/18/18 
f 28/28/28/28 29/29/29/29 30/30/30/30 
f 28/28/28/28 30/30/30/30 31/31/31/31 
f 29/29/29/29 32/32/32/32 33/33/33/33 
f 29/29/29/29 33/33/33/33 30/30/30/30 
f 33/33/33/33 32/32/32/32 34/34/34/34 
f 33/33/33/33 34/34/34/34 35/35/35/35 
f 36/36/36/36 31/31/31/31 30/30/30/30 
f 36/36/36/36 30/30/30/30 37/37/37/37 
f 37/37/37/37 30/30/30/30 33/33/33/33 
f 37/37/37/37 33/33/33/33 38/38/38/38 
f 37/37/37/37 39/39/39/39 40/40/40/40 
f 37/37/37/37 40/40/40/40 36/36/36/36 
f 39/39/39/39 37/37/37/37 38/38/38/38 
f 39/39/39/39 38/38/38/38 41/41/41/41 
f 38/38/38/38 42/42/42/42 43/43/43/43 
f 38/38/38/38 43/43/43/43 41/41/41/41 
f 35/35/35/35 42/42/42/42 38/38/38/38 
f 35/35/35/35 38/38/38/38 33/33/33/33 
f 44/44/44/44 29/29/29/29 28/28/28/28 
f 44/44/44/44 28/28/28/28 45/45/45/45 
f 29/29/29/29 44/44/44/44 46/46/46/46 
f 29/29/29/29 46/46/46/46 32/32/32/32 
f 46/46/46/46 47/47/47/47 34/34/34/34 
f 46/46/46/46 34/34/34/34 32/32/32/32 
f 44/44/44/44 45/45/45/45 48/48/48/48 
f 44/44/44/44 48/48/48/48 49/49/49/49 
f 49/49/49/49 50/50/50/50 46/46/46/46 
f 49/49/49/49 46/46/46/46 44/44/44/44 
f 46/46/46/46 50/50/50/50 51/51/51/51 
f 46/46/46/46 51/51/51/51 47/47/47/47 
f 23/23/23/23 24/24/24/24 49/49/49/49 
f 23/23/23/23 49/49/49/49 48/48/48/48 
f 24/24/24/24 25/25/25/25 50/50/50/50 
f 24/24/24/24 50/50/50/50 49/49/49/49 
f 50/50/50/50 25/25/25/25 26/26/26/26 
f 50/50/50/50 26/26/26/26 51/51/51/51 
f 52/52/52/52 53/53/53/53 54/54/54/54 
f 52/52/52/52 54/54/54/54 55/55/55/55 
f 53/53/53/53 56/56/56/56 57/57/57/57 
f 53/53/53/53 57/57/57/57 54/54/54/54 
f 57/57/57/57 56/56/56/56 58/58/58/58 
f 57/57/57/57 58/58/58/58 59/59/59/59 
f 60/60/60/60 55/55/55/55 54/54/54/54 
f 60/60/60/60 54/54/54/54 61/61/61/61 
f 61/61/61/61 54/54/54/54 57/57/57/57 
f 61/61/61/61 57/57/57/57 62/62/62/62 
f 61/61/61/61 13/13/13/13 12/12/12/12 
f 61/61/61/61 12/12/12/12 60/60/60/60 
f 13/13/13/13 61/61/61/61 62/62/62/62 
f 13/13/13/13 62/62/62/62 14/14/14/14 
f 62/62/62/62 63/63/63/63 15/15/15/15 
f 62/62/62/62 15/15/15/15 14/14/14/14 
f 59/59/59/59 63/63/63/63 62/62/62/62 
f 59/59/59/59 62/62/62/62 57/57/57/57 
f 64/64/64/64 53/53/53/53 52/52/52/52 
f 64/64/64/64 52/52/52/52 65/65/65/65 
f 53/53/53/53 64/64/64/64 66/66/66/66 
f 53/53/53/53 66/66/66/66 56/56/56/56 
f 66/66/66/66 67/67/67/67 58/58/58/58 
f 66/66/66/66 58/58/58/58 56/56/56/56 
f 65/65/65/65 68/68/68/68 69/69/69/69 
f 65/65/65/65 69/69/69/69 64/64/64/64 
f 69/69/69/69 70/70/70/70 66/66/66/66 
f 69/69/69/69 66/66/66/66 64/64/64/64 
f 71/71/71/71 72/72/72/72 69/69/69/69 
f 71/71/71/71 69/69/69/69 68/68/68/68 
f 72/72/72/72 73/73/73/73 70/70/70/70 
f 72/72/72/72 70/70/70/70 69/69/69/69 
f 70/70/70/70 73/73/73/73 74/74/74/74 
f 70/70/70/70 74/74/74/74 75/75/75/75 
f 66/66/66/66 70/70/70/70 75/75/75/75 
f 66/66/66/66 75/75/75/75 67/67/67/67 
f 76/76/76/76 77/77/77/77 78/78/78/78 
f 76/76/76/76 78/78/78/78 79/79/79/79 
f 77/77/77/77 76/76/76/76 80/80/80/80 
f 77/77/77/77 80/80/80/80 81/81/81/81 
f 80/80/80/80 82/82/82/82 83/83/83/83 
f 80/80/80/80 83/83/83/83 81/81/81/81 
f 79/79/79/79 84/84/84/84 85/85/85/85 
f 79/79/79/79 85/85/85/85 76/76/76/76 
f 85/85/85/85 86/86/86/86 80/80/80/80 
f 85/85/85/85 80/80/80/80 76/76/76/76 
f 40/40/40/40 39/39/39/39 85/85/85/85 
f 40/40/40/40 85/85/85/85 84/84/84/84 
f 39/39/39/39 41/41/41/41 86/86/86/86 
f 39/39/39/39 86/86/86/86 85/85/85/85 
f 86/86/86/86 41/41/41/41 43/43/43/43 
f 86/86/86/86 43/43/43/43 87/87/87/87 
f 80/80/80/80 86/86/86/86 87/87/87/87 
f 80/80/80/80 87/87/87/87 82/82/82/82 
f 78/78/78/78 77/77/77/77 88/88/88/88 
f 78/78/78/78 88/88/88/88 89/89/89/89 
f 77/77/77/77 81/81/81/81 90/90/90/90 
f 77/77/77/77 90/90/90/90 88/88/88/88 
f 90/90/90/90 81/81/81/81 83/83/83/83 
f 90/90/90/90 83/83/83/83 91/91/91/91 
f 92/92/92/92 89/89/89/89 88/88/88/88 
f 92/92/92/92 88/88/88/88 93/93/93/93 
f 93/93/93/93 88/88/88/88 90/90/90/90 
f 93/93/93/93 90/90/90/90 94/94/94/94 
f 93/93/93/93 72/72/72/72 71/71/71/71 
f 93/93/93/93 71/71/71/71 92/92/92/92 
f 72/72/72/72 93/93/93/93 94/94/94/94 
f 72/72/72/72 94/94/94/94 73/73/73/73 
f 94/94/94/94 95/95/95/95 74/74/74/74 
f 94/94/94/94 74/74/74/74 73/73/73/73 
f 91/91/91/91 95/95/95/95 94/94/94/94 
f 91/91/91/91 94/94/94/94 90/90/90/90 
f 96/96/96/96 97/97/97/97 7/7/7/7 
f 96/96/96/96 7/7/7/7 6/6/6/6 
f 98/98/98/98 99/99/99/99 100/100/100/100 
f 98/98/98/98 100/100/100/100 101/101/101/101 
f 102/102/102/102 103/103/103/103 104/104/104/104 
f 102/102/102/102 104/104/104/104 105/105/105/105 
f 103/103/103/103 106/106/106/106 107/107/107/107 
f 103/103/103/103 107/107/107/107 104/104/104/104 
f 108/108/108/108 109/109/109/109 110/110/110/110 
f 108/108/108/108 110/110/110/110 111/111/111/111 
f 112/112/112/112 98/98/98/98 101/101/101/101 
f 112/112/112/112 101/101/101/101 113/113/113/113 
f 114/114/114/114 115/115/115/115 112/112/112/112 
f 114/114/114/114 112/112/112/112 113/113/113/113 
f 109/109/109/109 102/102/102/102 105/105/105/105 
f 109/109/109/109 105/105/105/105 110/110/110/110 
f 99/99/99/99 108/108/108/108 111/111/111/111 
f 99/99/99/99 111/111/111/111 100/100/100/100 
f 97/97/97/97 96/96/96/96 115/115/115/115 
f 97/97/97/97 115/115/115/115 114/114/114/114 
f 6/6/6/6 11/11/11/11 116/116/116/116 
f 6/6/6/6 116/116/116/116 96/96/96/96 
f 102/102/102/102 117/117/117/117 118/118/118/118 
f 102/102/102/102 118/118/118/118 103/103/103/103 
f 103/103/103/103 118/118/118/118 119/119/119/119 
f 103/103/103/103 119/119/119/119 106/106/106/106 
f 112/112/112/112 120/120/120/120 121/121/121/121 
f 112/112/112/112 121/121/121/121 98/98/98/98 
f 15/15/15/15 122/122/122/122 116/116/116/116 
f 15/15/15/15 116/116/116/116 11/11/11/11 
f 123/123/123/123 124/124/124/124 121/121/121/121 
f 123/123/123/123 121/121/121/121 125/125/125/125 
f 126/126/126/126 118/118/118/118 117/117/117/117 
f 126/126/126/126 117/117/117/117 127/127/127/127 
f 128/128/128/128 119/119/119/119 118/118/118/118 
f 128/128/128/128 118/118/118/118 126/126/126/126 
f 129/129/129/129 130/130/130/130 131/131/131/131 
f 129/129/129/129 131/131/131/131 132/132/132/132 
f 125/125/125/125 121/121/121/121 120/120/120/120 
f 125/125/125/125 120/120/120/120 133/133/133/133 
f 134/134/134/134 133/133/133/133 120/120/120/120 
f 134/134/134/134 120/120/120/120 135/135/135/135 
f 127/127/127/127 117/117/117/117 130/130/130/130 
f 127/127/127/127 130/130/130/130 129/129/129/129 
f 132/132/132/132 131/131/131/131 124/124/124/124 
f 132/132/132/132 124/124/124/124 123/123/123/123 
f 122/122/122/122 134/134/134/134 135/135/135/135 
f 122/122/122/122 135/135/135/135 116/116/116/116 
f 99/99/99/99 98/98/98/98 121/121/121/121 
f 99/99/99/99 121/121/121/121 124/124/124/124 
f 130/130/130/130 109/109/109/109 108/108/108/108 
f 130/130/130/130 108/108/108/108 131/131/131/131 
f 120/120/120/120 112/112/112/112 115/115/115/115 
f 120/120/120/120 115/115/115/115 135/135/135/135 
f 117/117/117/117 102/102/102/102 109/109/109/109 
f 117/117/117/117 109/109/109/109 130/130/130/130 
f 131/131/131/131 108/108/108/108 99/99/99/99 
f 131/131/131/131 99/99/99/99 124/124/124/124 
f 115/115/115/115 96/96/96/96 116/116/116/116 
f 115/115/115/115 116/116/116/116 135/135/135/135 
f 7/7/7/7 97/97/97/97 136/136/136/136 
f 7/7/7/7 136/136/136/136 19/19/19/19 
f 100/100/100/100 137/137/137/137 138/138/138/138 
f 100/100/100/100 138/138/138/138 101/101/101/101 
f 104/104/104/104 139/139/139/139 140/140/140/140 
f 104/104/104/104 140/140/140/140 105/105/105/105 
f 107/107/107/107 141/141/141/141 139/139/139/139 
f 107/107/107/107 139/139/139/139 104/104/104/104 
f 110/110/110/110 142/142/142/142 143/143/143/143 
f 110/110/110/110 143/143/143/143 111/111/111/111 
f 101/101/101/101 138/138/138/138 144/144/144/144 
f 101/101/101/101 144/144/144/144 113/113/113/113 
f 114/114/114/114 113/113/113/113 144/144/144/144 
f 114/114/114/114 144/144/144/144 145/145/145/145 
f 105/105/105/105 140/140/140/140 142/142/142/142 
f 105/105/105/105 142/142/142/142 110/110/110/110 
f 111/111/111/111 143/143/143/143 137/137/137/137 
f 111/111/111/111 137/137/137/137 100/100/100/100 
f 97/97/97/97 114/114/114/114 145/145/145/145 
f 97/97/97/97 145/145/145/145 136/136/136/136 
f 27/27/27/27 19/19/19/19 136/136/136/136 
f 27/27/27/27 136/136/136/136 146/146/146/146 
f 140/140/140/140 139/139/139/139 147/147/147/147 
f 140/140/140/140 147/147/147/147 148/148/148/148 
f 147/147/147/147 139/139/139/139 141/141/141/141 
f 147/147/147/147 141/141/141/141 149/149/149/149 
f 144/144/144/144 138/138/138/138 150/150/150/150 
f 144/144/144/144 150/150/150/150 151/151/151/151 
f 146/146/146/146 152/152/152/152 26/26/26/26 
f 146/146/146/146 26/26/26/26 27/27/27/27 
f 150/150/150/150 153/153/153/153 154/154/154/154 
f 150/150/150/150 154/154/154/154 155/155/155/155 
f 148/148/148/148 147/147/147/147 156/156/156/156 
f 148/148/148/148 156/156/156/156 157/157/157/157 
f 147/147/147/147 149/149/149/149 158/158/158/158 
f 147/147/147/147 158/158/158/158 156/156/156/156 
f 159/159/159/159 160/160/160/160 161/161/161/161 
f 159/159/159/159 161/161/161/161 162/162/162/162 
f 151/151/151/151 150/150/150/150 155/155/155/155 
f 151/151/151/151 155/155/155/155 163/163/163/163 
f 164/164/164/164 165/165/165/165 151/151/151/151 
f 164/164/164/164 151/151/151/151 163/163/163/163 
f 160/160/160/160 148/148/148/148 157/157/157/157 
f 160/160/160/160 157/157/157/157 161/161/161/161 
f 153/153/153/153 159/159/159/159 162/162/162/162 
f 153/153/153/153 162/162/162/162 154/154/154/154 
f 152/152/152/152 146/146/146/146 165/165/165/165 
f 152/152/152/152 165/165/165/165 164/164/164/164 
f 153/153/153/153 150/150/150/150 138/138/138/138 
f 153/153/153/153 138/138/138/138 137/137/137/137 
f 142/142/142/142 160/160/160/160 159/159/159/159 
f 142/142/142/142 159/159/159/159 143/143/143/143 
f 144/144/144/144 151/151/151/151 165/165/165/165 
f 144/144/144/144 165/165/165/165 145/145/145/145 
f 148/148/148/148 160/160/160/160 142/142/142/142 
f 148/148/148/148 142/142/142/142 140/140/140/140 
f 143/143/143/143 159/159/159/159 153/153/153/153 
f 143/143/143/143 153/153/153/153 137/137/137/137 
f 165/165/165/165 146/146/146/146 136/136/136/136 
f 165/165/165/165 136/136/136/136 145/145/145/145 
f 34/34/34/34 166/166/166/166 167/167/167/167 
f 34/34/34/34 167/167/167/167 35/35/35/35 
f 168/168/168/168 169/169/169/169 170/170/170/170 
f 168/168/168/168 170/170/170/170 171/171/171/171 
f 172/172/172/172 173/173/173/173 174/174/174/174 
f 172/172/172/172 174/174/174/174 175/175/175/175 
f 176/176/176/176 177/177/177/177 173/173/173/173 
f 176/176/176/176 173/173/173/173 172/172/172/172 
f 178/178/178/178 179/179/179/179 180/180/180/180 
f 178/178/178/178 180/180/180/180 181/181/181/181 
f 171/171/171/171 170/170/170/170 182/182/182/182 
f 171/171/171/171 182/182/182/182 183/183/183/183 
f 184/184/184/184 183/183/183/183 182/182/182/182 
f 184/184/184/184 182/182/182/182 185/185/185/185 
f 175/175/175/175 174/174/174/174 179/179/179/179 
f 175/175/175/175 179/179/179/179 178/178/178/178 
f 181/181/181/181 180/180/180/180 169/169/169/169 
f 181/181/181/181 169/169/169/169 168/168/168/168 
f 166/166/166/166 184/184/184/184 185/185/185/185 
f 166/166/166/166 185/185/185/185 167/167/167/167 
f 42/42/42/42 35/35/35/35 167/167/167/167 
f 42/42/42/42 167/167/167/167 186/186/186/186 
f 174/174/174/174 173/173/173/173 187/187/187/187 
f 174/174/174/174 187/187/187/187 188/188/188/188 
f 187/187/187/187 173/173/173/173 177/177/177/177 
f 187/187/187/187 177/177/177/177 189/189/189/189 
f 182/182/182/182 170/170/170/170 190/190/190/190 
f 182/182/182/182 190/190/190/190 191/191/191/191 
f 186/186/186/186 192/192/192/192 43/43/43/43 
f 186/186/186/186 43/43/43/43 42/42/42/42 
f 190/190/190/190 193/193/193/193 194/194/194/194 
f 190/190/190/190 194/194/194/194 195/195/195/195 
f 188/188/188/188 187/187/187/187 196/196/196/196 
f 188/188/188/188 196/196/196/196 197/197/197/197 
f 187/187/187/187 189/189/189/189 198/198/198/198 
f 187/187/187/187 198/198/198/198 196/196/196/196 
f 199/199/199/199 200/200/200/200 201/201/201/201 
f 199/199/199/199 201/201/201/201 202/202/202/202 
f 191/191/191/191 190/190/190/190 195/195/195/195 
f 191/191/191/191 195/195/195/195 203/203/203/203 
f 204/204/204/204 205/205/205/205 191/191/191/191 
f 204/204/204/204 191/191/191/191 203/203/203/203 
f 200/200/200/200 188/188/188/188 197/197/197/197 
f 200/200/200/200 197/197/197/197 201/201/201/201 
f 193/193/193/193 199/199/199/199 202/202/202/202 
f 193/193/193/193 202/202/202/202 194/194/194/194 
f 192/192/192/192 186/186/186/186 205/205/205/205 
f 192/192/192/192 205/205/205/205 204/204/204/204 
f 193/193/193/193 190/190/190/190 170/170/170/170 
f 193/193/193/193 170/170/170/170 169/169/169/169 
f 179/179/179/179 200/200/200/200 199/199/199/199 
f 179/179/179/179 199/199/199/199 180/180/180/180 
f 182/182/182/182 191/191/191/191 205/205/205/205 
f 182/182/182/182 205/205/205/205 185/185/185/185 
f 188/188/188/188 200/200/200/200 179/179/179/179 
f 188/188/188/188 179/179/179/179 174/174/174/174 
f 180/180/180/180 199/199/199/199 193/193/193/193 
f 180/180/180/180 193/193/193/193 169/169/169/169 
f 205/205/205/205 186/186/186/186 167/167/167/167 
f 205/205/205/205 167/167/167/167 185/185/185/185 
f 206/206/206/206 166/166/166/166 34/34/34/34 
f 206/206/206/206 34/34/34/34 47/47/47/47 
f 207/207/207/207 208/208/208/208 168/168/168/168 
f 207/207/207/207 168/168/168/168 171/171/171/171 
f 209/209/209/209 210/210/210/210 172/172/172/172 
f 209/209/209/209 172/172/172/172 175/175/175/175 
f 210/210/210/210 211/211/211/211 176/176/176/176 
f 210/210/210/210 176/176/176/176 172/172/172/172 
f 212/212/212/212 213/213/213/213 178/178/178/178 
f 212/212/212/212 178/178/178/178 181/181/181/181 
f 214/214/214/214 207/207/207/207 171/171/171/171 
f 214/214/214/214 171/171/171/171 183/183/183/183 
f 184/184/184/184 215/215/215/215 214/214/214/214 
f 184/184/184/184 214/214/214/214 183/183/183/183 
f 213/213/213/213 209/209/209/209 175/175/175/175 
f 213/213/213/213 175/175/175/175 178/178/178/178 
f 208/208/208/208 212/212/212/212 181/181/181/181 
f 208/208/208/208 181/181/181/181 168/168/168/168 
f 166/166/166/166 206/206/206/206 215/215/215/215 
f 166/166/166/166 215/215/215/215 184/184/184/184 
f 47/47/47/47 51/51/51/51 216/216/216/216 
f 47/47/47/47 216/216/216/216 206/206/206/206 
f 209/209/209/209 217/217/217/217 218/218/218/218 
f 209/209/209/209 218/218/218/218 210/210/210/210 
f 210/210/210/210 218/218/218/218 219/219/219/219 
f 210/210/210/210 219/219/219/219 211/211/211/211 
f 214/214/214/214 220/220/220/220 221/221/221/221 
f 214/214/214/214 221/221/221/221 207/207/207/207 
f 26/26/26/26 152/152/152/152 216/216/216/216 
f 26/26/26/26 216/216/216/216 51/51/51/51 
f 154/154/154/154 222/222/222/222 221/221/221/221 
f 154/154/154/154 221/221/221/221 155/155/155/155 
f 156/156/156/156 218/218/218/218 217/217/217/217 
f 156/156/156/156 217/217/217/217 157/157/157/157 
f 158/158/158/158 219/219/219/219 218/218/218/218 
f 158/158/158/158 218/218/218/218 156/156/156/156 
f 161/161/161/161 223/223/223/223 224/224/224/224 
f 161/161/161/161 224/224/224/224 162/162/162/162 
f 155/155/155/155 221/221/221/221 220/220/220/220 
f 155/155/155/155 220/220/220/220 163/163/163/163 
f 164/164/164/164 163/163/163/163 220/220/220/220 
f 164/164/164/164 220/220/220/220 225/225/225/225 
f 157/157/157/157 217/217/217/217 223/223/223/223 
f 157/157/157/157 223/223/223/223 161/161/161/161 
f 162/162/162/162 224/224/224/224 222/222/222/222 
f 162/162/162/162 222/222/222/222 154/154/154/154 
f 152/152/152/152 164/164/164/164 225/225/225/225 
f 152/152/152/152 225/225/225/225 216/216/216/216 
f 222/222/222/222 208/208/208/208 207/207/207/207 
f 222/222/222/222 207/207/207/207 221/221/221/221 
f 213/213/213/213 212/212/212/212 224/224/224/224 
f 213/213/213/213 224/224/224/224 223/223/223/223 
f 214/214/214/214 215/215/215/215 225/225/225/225 
f 214/214/214/214 225/225/225/225 220/220/220/220 
f 217/217/217/217 209/209/209/209 213/213/213/213 
f 217/217/217/217 213/213/213/213 223/223/223/223 
f 212/212/212/212 208/208/208/208 222/222/222/222 
f 212/212/212/212 222/222/222/222 224/224/224/224 
f 225/225/225/225 215/215/215/215 206/206/206/206 
f 225/225/225/225 206/206/206/206 216/216/216/216 
f 58/58/58/58 226/226/226/226 227/227/227/227 
f 58/58/58/58 227/227/227/227 59/59/59/59 
f 228/228/228/228 229/229/229/229 230/230/230/230 
f 228/228/228/228 230/230/230/230 231/231/231/231 
f 232/232/232/232 233/233/233/233 234/234/234/234 
f 232/232/232/232 234/234/234/234 235/235/235/235 
f 236/236/236/236 237/237/237/237 233/233/233/233 
f 236/236/236/236 233/233/233/233 232/232/232/232 
f 238/238/238/238 239/239/239/239 240/240/240/240 
f 238/238/238/238 240/240/240/240 241/241/241/241 
f 231/231/231/231 230/230/230/230 242/242/242/242 
f 231/231/231/231 242/242/242/242 243/243/243/243 
f 244/244/244/244 243/243/243/243 242/242/242/242 
f 244/244/244/244 242/242/242/242 245/245/245/245 
f 235/235/235/235 234/234/234/234 239/239/239/239 
f 235/235/235/235 239/239/239/239 238/238/238/238 
f 241/241/241/241 240/240/240/240 229/229/229/229 
f 241/241/241/241 229/229/229/229 228/228/228/228 
f 226/226/226/226 244/244/244/244 245/245/245/245 
f 226/226/226/226 245/245/245/245 227/227/227/227 
f 63/63/63/63 59/59/59/59 227/227/227/227 
f 63/63/63/63 227/227/227/227 246/246/246/246 
f 234/234/234/234 233/233/233/233 247/247/247/247 
f 234/234/234/234 247/247/247/247 248/248/248/248 
f 247/247/247/247 233/233/233/233 237/237/237/237 
f 247/247/247/247 237/237/237/237 249/249/249/249 
f 242/242/242/242 230/230/230/230 250/250/250/250 
f 242/242/242/242 250/250/250/250 251/251/251/251 
f 246/246/246/246 122/122/122/122 15/15/15/15 
f 246/246/246/246 15/15/15/15 63/63/63/63 
f 250/250/250/250 252/252/252/252 123/123/123/123 
f 250/250/250/250 123/123/123/123 125/125/125/125 
f 248/248/248/248 247/247/247/247 126/126/126/126 
f 248/248/248/248 126/126/126/126 127/127/127/127 
f 247/247/247/247 249/249/249/249 128/128/128/128 
f 247/247/247/247 128/128/128/128 126/126/126/126 
f 253/253/253/253 254/254/254/254 129/129/129/129 
f 253/253/253/253 129/129/129/129 132/132/132/132 
f 251/251/251/251 250/250/250/250 125/125/125/125 
f 251/251/251/251 125/125/125/125 133/133/133/133 
f 134/134/134/134 255/255/255/255 251/251/251/251 
f 134/134/134/134 251/251/251/251 133/133/133/133 
f 254/254/254/254 248/248/248/248 127/127/127/127 
f 254/254/254/254 127/127/127/127 129/129/129/129 
f 252/252/252/252 253/253/253/253 132/132/132/132 
f 252/252/252/252 132/132/132/132 123/123/123/123 
f 122/122/122/122 246/246/246/246 255/255/255/255 
f 122/122/122/122 255/255/255/255 134/134/134/134 
f 252/252/252/252 250/250/250/250 230/230/230/230 
f 252/252/252/252 230/230/230/230 229/229/229/229 
f 239/239/239/239 254/254/254/254 253/253/253/253 
f 239/239/239/239 253/253/253/253 240/240/240/240 
f 242/242/242/242 251/251/251/251 255/255/255/255 
f 242/242/242/242 255/255/255/255 245/245/245/245 
f 248/248/248/248 254/254/254/254 239/239/239/239 
f 248/248/248/248 239/239/239/239 234/234/234/234 
f 240/240/240/240 253/253/253/253 252/252/252/252 
f 240/240/240/240 252/252/252/252 229/229/229/229 
f 255/255/255/255 246/246/246/246 227/227/227/227 
f 255/255/255/255 227/227/227/227 245/245/245/245 
f 256/256/256/256 226/226/226/226 58/58/58/58 
f 256/256/256/256 58/58/58/58 67/67/67/67 
f 257/257/257/257 258/258/258/258 228/228/228/228 
f 257/257/257/257 228/228/228/228 231/231/231/231 
f 259/259/259/259 260/260/260/260 232/232/232/232 
f 259/259/259/259 232/232/232/232 235/235/235/235 
f 260/260/260/260 261/261/261/261 236/236/236/236 
f 260/260/260/260 236/236/236/236 232/232/232/232 
f 262/262/262/262 263/263/263/263 238/238/238/238 
f 262/262/262/262 238/238/238/238 241/241/241/241 
f 264/264/264/264 257/257/257/257 231/231/231/231 
f 264/264/264/264 231/231/231/231 243/243/243/243 
f 244/244/244/244 265/265/265/265 264/264/264/264 
f 244/244/244/244 264/264/264/264 243/243/243/243 
f 263/263/263/263 259/259/259/259 235/235/235/235 
f 263/263/263/263 235/235/235/235 238/238/238/238 
f 258/258/258/258 262/262/262/262 241/241/241/241 
f 258/258/258/258 241/241/241/241 228/228/228/228 
f 226/226/226/226 256/256/256/256 265/265/265/265 
f 226/226/226/226 265/265/265/265 244/244/244/244 
f 67/67/67/67 75/75/75/75 266/266/266/266 
f 67/67/67/67 266/266/266/266 256/256/256/256 
f 259/259/259/259 267/267/267/267 268/268/268/268 
f 259/259/259/259 268/268/268/268 260/260/260/260 
f 260/260/260/260 268/268/268/268 269/269/269/269 
f 260/260/260/260 269/269/269/269 261/261/261/261 
f 264/264/264/264 270/270/270/270 271/271/271/271 
f 264/264/264/264 271/271/271/271 257/257/257/257 
f 74/74/74/74 272/272/272/272 266/266/266/266 
f 74/74/74/74 266/266/266/266 75/75/75/75 
f 273/273/273/273 274/274/274/274 271/271/271/271 
f 273/273/273/273 271/271/271/271 275/275/275/275 
f 276/276/276/276 268/268/268/268 267/267/267/267 
f 276/276/276/276 267/267/267/267 277/277/277/277 
f 278/278/278/278 269/269/269/269 268/268/268/268 
f 278/278/278/278 268/268/268/268 276/276/276/276 
f 279/279/279/279 280/280/280/280 281/281/281/281 
f 279/279/279/279 281/281/281/281 282/282/282/282 
f 275/275/275/275 271/271/271/271 270/270/270/270 
f 275/275/275/275 270/270/270/270 283/283/283/283 
f 284/284/284/284 283/283/283/283 270/270/270/270 
f 284/284/284/284 270/270/270/270 285/285/285/285 
f 277/277/277/277 267/267/267/267 280/280/280/280 
f 277/277/277/277 280/280/280/280 279/279/279/279 
f 282/282/282/282 281/281/281/281 274/274/274/274 
f 282/282/282/282 274/274/274/274 273/273/273/273 
f 272/272/272/272 284/284/284/284 285/285/285/285 
f 272/272/272/272 285/285/285/285 266/266/266/266 
f 274/274/274/274 258/258/258/258 257/257/257/257 
f 274/274/274/274 257/257/257/257 271/271/271/271 
f 263/263/263/263 262/262/262/262 281/281/281/281 
f 263/263/263/263 281/281/281/281 280/280/280/280 
f 264/264/264/264 265/265/265/265 285/285/285/285 
f 264/264/264/264 285/285/285/285 270/270/270/270 
f 267/267/267/267 259/259/259/259 263/263/263/263 
f 267/267/267/267 263/263/263/263 280/280/280/280 
f 262/262/262/262 258/258/258/258 274/274/274/274 
f 262/262/262/262 274/274/274/274 281/281/281/281 
f 285/285/285/285 265/265/265/265 256/256/256/256 
f 285/285/285/285 256/256/256/256 266/266/266/266 
f 286/286/286/286 287/287/287/287 83/83/83/83 
f 286/286/286/286 83/83/83/83 82/82/82/82 
f 288/288/288/288 289/289/289/289 290/290/290/290 
f 288/288/288/288 290/290/290/290 291/291/291/291 
f 292/292/292/292 293/293/293/293 294/294/294/294 
f 292/292/292/292 294/294/294/294 295/295/295/295 
f 293/293/293/293 296/296/296/296 297/297/297/297 
f 293/293/293/293 297/297/297/297 294/294/294/294 
f 298/298/298/298 299/299/299/299 300/300/300/300 
f 298/298/298/298 300/300/300/300 301/301/301/301 
f 302/302/302/302 288/288/288/288 291/291/291/291 
f 302/302/302/302 291/291/291/291 303/303/303/303 
f 304/304/304/304 305/305/305/305 302/302/302/302 
f 304/304/304/304 302/302/302/302 303/303/303/303 
f 299/299/299/299 292/292/292/292 295/295/295/295 
f 299/299/299/299 295/295/295/295 300/300/300/300 
f 289/289/289/289 298/298/298/298 301/301/301/301 
f 289/289/289/289 301/301/301/301 290/290/290/290 
f 287/287/287/287 286/286/286/286 305/305/305/305 
f 287/287/287/287 305/305/305/305 304/304/304/304 
f 82/82/82/82 87/87/87/87 306/306/306/306 
f 82/82/82/82 306/306/306/306 286/286/286/286 
f 292/292/292/292 307/307/307/307 308/308/308/308 
f 292/292/292/292 308/308/308/308 293/293/293/293 
f 293/293/293/293 308/308/308/308 309/309/309/309 
f 293/293/293/293 309/309/309/309 296/296/296/296 
f 302/302/302/302 310/310/310/310 311/311/311/311 
f 302/302/302/302 311/311/311/311 288/288/288/288 
f 43/43/43/43 192/192/192/192 306/306/306/306 
f 43/43/43/43 306/306/306/306 87/87/87/87 
f 194/194/194/194 312/312/312/312 311/311/311/311 
f 194/194/194/194 311/311/311/311 195/195/195/195 
f 196/196/196/196 308/308/308/308 307/307/307/307 
f 196/196/196/196 307/307/307/307 197/197/197/197 
f 198/198/198/198 309/309/309/309 308/308/308/308 
f 198/198/198/198 308/308/308/308 196/196/196/196 
f 201/201/201/201 313/313/313/313 314/314/314/314 
f 201/201/201/201 314/314/314/314 202/202/202/202 
f 195/195/195/195 311/311/311/311 310/310/310/310 
f 195/195/195/195 310/310/310/310 203/203/203/203 
f 204/204/204/204 203/203/203/203 310/310/310/310 
f 204/204/204/204 310/310/310/310 315/315/315/315 
f 197/197/197/197 307/307/307/307 313/313/313/313 
f 197/197/197/197 313/313/313/313 201/201/201/201 
f 202/202/202/202 314/314/314/314 312/312/312/312 
f 202/202/202/202 312/312/312/312 194/194/194/194 
f 192/192/192/192 204/204/204/204 315/315/315/315 
f 192/192/192/192 315/315/315/315 306/306/306/306 
f 312/312/312/312 289/289/289/289 288/288/288/288 
f 312/312/312/312 288/288/288/288 311/311/311/311 
f 299/299/299/299 298/298/298/298 314/314/314/314 
f 299/299/299/299 314/314/314/314 313/313/313/313 
f 302/302/302/302 305/305/305/305 315/315/315/315 
f 302/302/302/302 315/315/315/315 310/310/310/310 
f 307/307/307/307 292/292/292/292 299/299/299/299 
f 307/307/307/307 299/299/299/299 313/313/313/313 
f 298/298/298/298 289/289/289/289 312/312/312/312 
f 298/298/298/298 312/312/312/312 314/314/314/314 
f 315/315/315/315 305/305/305/305 286/286/286/286 
f 315/315/315/315 286/286/286/286 306/306/306/306 
f 83/83/83/83 287/287/287/287 316/316/316/316 
f 83/83/83/83 316/316/316/316 91/91/91/91 
f 290/290/290/290 317/317/317/317 318/318/318/318 
f 290/290/290/290 318/318/318/318 291/291/291/291 
f 294/294/294/294 319/319/319/319 320/320/320/320 
f 294/294/294/294 320/320/320/320 295/295/295/295 
f 297/297/297/297 321/321/321/321 319/319/319/319 
f 297/297/297/297 319/319/319/319 294/294/294/294 
f 300/300/300/300 322/322/322/322 323/323/323/323 
f 300/300/300/300 323/323/323/323 301/301/301/301 
f 291/291/291/291 318/318/318/318 324/324/324/324 
f 291/291/291/291 324/324/324/324 303/303/303/303 
f 304/304/304/304 303/303/303/303 324/324/324/324 
f 304/304/304/304 324/324/324/324 325/325/325/325 
f 295/295/295/295 320/320/320/320 322/322/322/322 
f 295/295/295/295 322/322/322/322 300/300/300/300 
f 301/301/301/301 323/323/323/323 317/317/317/317 
f 301/301/301/301 317/317/317/317 290/290/290/290 
f 287/287/287/287 304/304/304/304 325/325/325/325 
f 287/287/287/287 325/325/325/325 316/316/316/316 
f 95/95/95/95 91/91/91/91 316/316/316/316 
f 95/95/95/95 316/316/316/316 326/326/326/326 
f 320/320/320/320 319/319/319/319 327/327/327/327 
f 320/320/320/320 327/327/327/327 328/328/328/328 
f 327/327/327/327 319/319/319/319 321/321/321/321 
f 327/327/327/327 321/321/321/321 329/329/329/329 
f 324/324/324/324 318/318/318/318 330/330/330/330 
f 324/324/324/324 330/330/330/330 331/331/331/331 
f 326/326/326/326 272/272/272/272 74/74/74/74 
f 326/326/326/326 74/74/74/74 95/95/95/95 
f 330/330/330/330 332/332/332/332 273/273/273/273 
f 330/330/330/330 273/273/273/273 275/275/275/275 
f 328/328/328/328 327/327/327/327 276/276/276/276 
f 328/328/328/328 276/276/276/276 277/277/277/277 
f 327/327/327/327 329/329/329/329 278/278/278/278 
f 327/327/327/327 278/278/278/278 276/276/276/276 
f 333/333/333/333 334/334/334/334 279/279/279/279 
f 333/333/333/333 279/279/279/279 282/282/282/282 
f 331/331/331/331 330/330/330/330 275/275/275/275 
f 331/331/331/331 275/275/275/275 283/283/283/283 
f 284/284/284/284 335/335/335/335 331/331/331/331 
f 284/284/284/284 331/331/331/331 283/283/283/283 
f 334/334/334/334 328/328/328/328 277/277/277/277 
f 334/334/334/334 277/277/277/277 279/279/279/279 
f 332/332/332/332 333/333/333/333 282/282/282/282 
f 332/332/332/332 282/282/282/282 273/273/273/273 
f 272/272/272/272 326/326/326/326 335/335/335/335 
f 272/272/272/272 335/335/335/335 284/284/284/284 
f 332/332/332/332 330/330/330/330 318/318/318/318 
f 332/332/332/332 318/318/318/318 317/317/317/317 
f 322/322/322/322 334/334/334/334 333/333/333/333 
f 322/322/322/322 333/333/333/333 323/323/323/323 
f 324/324/324/324 331/331/331/331 335/335/335/335 
f 324/324/324/324 335/335/335/335 325/325/325/325 
f 328/328/328/328 334/334/334/334 322/322/322/322 
f 328/328/328/328 322/322/322/322 320/320/320/320 
f 323/323/323/323 333/333/333/333 332/332/332/332 
f 323/323/323/323 332/332/332/332 317/317/317/317 
f 335/335/335/335 326/326/326/326 316/316/316/316 
f 335/335/335/335 316/316/316/316 325/325/325/325 
f 336/336/336/336 337/337/337/337 338/338/338/338 
f 339/339/339/339 107/107/107/107 106/106/106/106 
f 339/339/339/339 106/106/106/106 340/340/340/340 
f 340/340/340/340 106/106/106/106 119/119/119/119 
f 340/340/340/340 119/119/119/119 341/341/341/341 
f 341/341/341/341 119/119/119/119 128/128/128/128 
f 341/341/341/341 128/128/128/128 342/342/342/342 
f 342/342/342/342 128/128/128/128 249/249/249/249 
f 342/342/342/342 249/249/249/249 343/343/343/343 
f 343/343/343/343 249/249/249/249 237/237/237/237 
f 343/343/343/343 237/237/237/237 344/344/344/344 
f 344/344/344/344 237/237/237/237 236/236/236/236 
f 344/344/344/344 236/236/236/236 345/345/345/345 
f 261/261/261/261 346/346/346/346 345/345/345/345 
f 261/261/261/261 345/345/345/345 236/236/236/236 
f 346/346/346/346 261/261/261/261 269/269/269/269 
f 346/346/346/346 269/269/269/269 347/347/347/347 
f 347/347/347/347 269/269/269/269 278/278/278/278 
f 347/347/347/347 278/278/278/278 348/348/348/348 
f 348/348/348/348 278/278/278/278 329/329/329/329 
f 348/348/348/348 329/329/329/329 349/349/349/349 
f 349/349/349/349 329/329/329/329 321/321/321/321 
f 349/349/349/349 321/321/321/321 350/350/350/350 
f 350/350/350/350 321/321/321/321 297/297/297/297 
f 350/350/350/350 297/297/297/297 351/351/351/351 
f 351/351/351/351 297/297/297/297 296/296/296/296 
f 351/351/351/351 296/296/296/296 352/352/352/352 
f 352/352/352/352 296/296/296/296 309/309/309/309 
f 352/352/352/352 309/309/309/309 353/353/353/353 
f 353/353/353/353 309/309/309/309 198/198/198/198 
f 353/353/353/353 198/198/198/198 354/354/354/354 
f 354/354/354/354 198/198/198/198 189/189/189/189 
f 354/354/354/354 189/189/189/189 355/355/355/355 
f 355/355/355/355 189/189/189/189 177/177/177/177 
f 355/355/355/355 177/177/177/177 356/356/356/356 
f 177/177/177/177 176/176/176/176 357/357/357/357 
f 177/177/177/177 357/357/357/357 356/356/356/356 
f 211/211/211/211 358/358/358/358 357/357/357/357 
f 211/211/211/211 357/357/357/357 176/176/176/176 
f 358/358/358/358 211/211/211/211 219/219/219/219 
f 358/358/358/358 219/219/219/219 359/359/359/359 
f 359/359/359/359 219/219/219/219 158/158/158/158 
f 359/359/359/359 158/158/158/158 360/360/360/360 
f 360/360/360/360 158/158/158/158 149/149/149/149 
f 360/360/360/360 149/149/149/149 361/361/361/361 
f 361/361/361/361 149/149/149/149 141/141/141/141 
f 361/361/361/361 141/141/141/141 362/362/362/362 
f 362/362/362/362 141/141/141/141 107/107/107/107 
f 362/362/362/362 107/107/107/107 339/339/339/339 
f 363/363/363/363 339/364/339/364 340/365/340/363 
f 363/363/363/363 340/365/340/363 364/366/364/363 
f 364/366/364/363 340/365/340/363 341/367/341/363 
f 364/366/364/363 341/367/341/363 365/368/365/365 
f 365/368/365/365 341/367/341/363 342/369/342/366 
f 365/368/365/365 342/369/342/366 366/370/366/367 
f 366/370/366/367 342/369/342/366 343/371/343/368 
f 366/370/366/367 343/371/343/368 367/372/367/363 
f 367/372/367/363 343/371/343/368 344/373/344/363 
f 367/372/367/363 344/373/344/363 368/374/368/369 
f 368/374/368/369 344/373/344/363 345/375/345/370 
f 368/374/368/369 345/375/345/370 369/376/369/371 
f 346/377/346/372 370/378/370/363 369/376/369/371 
f 346/377/346/372 369/376/369/371 345/375/345/370 
f 370/378/370/363 346/377/346/372 347/379/347/363 
f 370/378/370/363 347/379/347/363 371/380/371/363 
f 371/381/371/363 347/382/347/363 348/383/348/363 
f 371/381/371/363 348/383/348/363 372/384/372/373 
f 372/384/372/373 348/383/348/363 349/385/349/363 
f 372/384/372/373 349/385/349/363 373/386/373/374 
f 373/386/373/374 349/385/349/363 350/387/350/375 
f 373/386/373/374 350/387/350/375 374/388/374/376 
f 374/388/374/376 350/387/350/375 351/364/351/363 
f 374/388/374/376 351/364/351/363 375/363/375/377 
f 375/363/375/377 351/364/351/363 352/365/352/378 
f 375/363/375/377 352/365/352/378 376/366/376/379 
f 376/366/376/379 352/365/352/378 353/367/353/380 
f 376/366/376/379 353/367/353/380 377/368/377/363 
f 377/368/377/363 353/367/353/380 354/369/354/363 
f 377/368/377/363 354/369/354/363 378/370/378/363 
f 378/370/378/363 354/369/354/363 355/371/355/363 
f 378/370/378/363 355/371/355/363 379/372/379/363 
f 379/372/379/363 355/371/355/363 356/373/356/375 
f 379/372/379/363 356/373/356/375 380/374/380/363 
f 357/375/357/375 381/376/381/363 380/374/380/363 
f 357/375/357/375 380/374/380/363 356/373/356/375 
f 357/375/357/375 358/377/358/363 382/378/382/363 
f 357/375/357/375 382/378/382/363 381/376/381/363 
f 382/378/382/363 358/377/358/363 359/379/359/363 
f 382/378/382/363 359/379/359/363 383/380/383/363 
f 383/381/383/363 359/382/359/363 360/383/360/363 
f 383/381/383/363 360/383/360/363 384/384/384/363 
f 384/384/384/363 360/383/360/363 361/385/361/375 
f 384/384/384/363 361/385/361/375 385/386/385/381 
f 385/386/385/381 361/385/361/375 362/387/362/382 
f 385/386/385/381 362/387/362/382 386/388/386/383 
f 386/388/386/383 362/387/362/382 339/364/339/364 
f 386/388/386/383 339/364/339/364 363/363/363/363 
f 387/389/387/384 363/390/363/385 364/391/364/386 
f 387/389/387/384 364/391/364/386 388/392/388/387 
f 388/392/388/387 364/391/364/386 365/393/365/388 
f 388/392/388/387 365/393/365/388 389/394/389/389 
f 389/394/389/389 365/393/365/388 366/395/366/390 
f 389/394/389/389 366/395/366/390 390/396/390/391 
f 390/396/390/391 366/395/366/390 367/397/367/392 
f 390/396/390/391 367/397/367/392 391/398/391/393 
f 391/398/391/393 367/397/367/392 368/399/368/394 
f 391/398/391/393 368/399/368/394 392/400/392/395 
f 392/400/392/395 368/399/368/394 369/401/369/396 
f 392/400/392/395 369/401/369/396 393/402/393/397 
f 370/403/370/398 394/404/394/399 393/402/393/397 
f 370/403/370/398 393/402/393/397 369/401/369/396 
f 394/404/394/399 370/403/370/398 371/405/371/400 
f 394/404/394/399 371/405/371/400 395/406/395/401 
f 396/407/396/402 395/406/395/401 371/405/371/400 
f 396/407/396/402 371/405/371/400 372/408/372/403 
f 397/409/397/404 396/407/396/402 372/408/372/403 
f 397/409/397/404 372/408/372/403 373/410/373/405 
f 397/409/397/404 373/410/373/405 374/411/374/406 
f 397/409/397/404 374/411/374/406 398/412/398/407 
f 398/412/398/407 374/411/374/406 375/413/375/408 
f 398/412/398/407 375/413/375/408 399/414/399/409 
f 400/415/400/410 376/416/376/411 377/417/377/412 
f 400/415/400/410 377/417/377/412 401/418/401/413 
f 401/418/401/413 377/417/377/412 378/419/378/414 
f 401/418/401/413 378/419/378/414 402/420/402/415 
f 402/420/402/415 378/419/378/414 379/421/379/416 
f 402/420/402/415 379/421/379/416 403/422/403/417 
f 403/422/403/417 379/421/379/416 380/423/380/418 
f 403/422/403/417 380/423/380/418 404/424/404/419 
f 404/424/404/419 380/423/380/418 381/425/381/420 
f 404/424/404/419 381/425/381/420 405/426/405/421 
f 405/426/405/421 381/425/381/420 382/427/382/422 
f 405/426/405/421 382/427/382/422 406/428/406/423 
f 406/428/406/423 382/427/382/422 383/429/383/424 
f 406/428/406/423 383/429/383/424 407/430/407/425 
f 407/430/407/425 383/429/383/424 384/431/384/426 
f 407/430/407/425 384/431/384/426 408/432/408/427 
f 408/432/408/427 384/431/384/426 385/433/385/428 
f 408/432/408/427 385/433/385/428 409/434/409/429 
f 409/434/409/429 385/433/385/428 386/435/386/430 
f 409/434/409/429 386/435/386/430 410/436/410/431 
f 410/436/410/431 386/435/386/430 363/390/363/385 
f 410/436/410/431 363/390/363/385 387/389/387/384 
f 337/337/337/337 411/437/411/432 412/438/412/433 
f 399/414/399/409 375/413/375/408 376/416/376/411 
f 399/414/399/409 376/416/376/411 400/415/400/410 
f 413/439/413/434 337/337/337/337 412/438/412/433 
f 337/337/337/337 414/440/414/435 415/441/415/436 
f 338/338/338/338 337/337/337/337 415/441/415/436 
f 337/337/337/337 416/442/416/437 411/437/411/432 
f 336/336/336/336 416/442/416/437 337/337/337/337 
f 337/337/337/337 413/439/413/434 414/440/414/435 
f 416/442/416/437 387/389/387/384 388/392/388/387 
f 416/442/416/437 388/392/388/387 389/394/389/389 
f 416/442/416/437 389/394/389/389 411/437/411/432 
f 411/437/411/432 389/394/389/389 390/396/390/391 
f 411/437/411/432 390/396/390/391 391/398/391/393 
f 411/437/411/432 391/398/391/393 392/400/392/395 
f 411/437/411/432 392/400/392/395 412/438/412/433 
f 412/438/412/433 392/400/392/395 393/402/393/397 
f 412/438/412/433 393/402/393/397 394/404/394/399 
f 412/438/412/433 394/404/394/399 395/406/395/401 
f 412/438/412/433 395/406/395/401 413/439/413/434 
f 413/439/413/434 395/406/395/401 396/407/396/402 
f 413/439/413/434 396/407/396/402 397/409/397/404 
f 413/439/413/434 397/409/397/404 398/412/398/407 
f 413/439/413/434 398/412/398/407 414/440/414/435 
f 414/440/414/435 398/412/398/407 399/414/399/409 
f 414/440/414/435 399/414/399/409 400/415/400/410 
f 414/440/414/435 400/415/400/410 401/418/401/413 
f 414/440/414/435 401/418/401/413 415/441/415/436 
f 415/441/415/436 401/418/401/413 402/420/402/415 
f 415/441/415/436 402/420/402/415 403/422/403/417 
f 415/441/415/436 403/422/403/417 404/424/404/419 
f 415/441/415/436 404/424/404/419 338/338/338/338 
f 338/338/338/338 404/424/404/419 405/426/405/421 
f 338/338/338/338 405/426/405/421 406/428/406/423 
f 338/338/338/338 406/428/406/423 407/430/407/425 
f 338/338/338/338 407/430/407/425 336/336/336/336 
f 336/336/336/336 407/430/407/425 408/432/408/427 
f 336/336/336/336 408/432/408/427 409/434/409/429 
f 336/336/336/336 409/434/409/429 410/436/410/431 
f 336/336/336/336 410/436/410/431 416/442/416/437 
f 416/442/416/437 410/436/410/431 387/389/387/384 
f 417/443/417/438 418/444/418/439 419/445/419/440 
f 417/443/417/438 419/445/419/440 420/446/420/441 
f 421/447/421/442 422/448/422/443 423/449/423/444 
f 421/447/421/442 423/449/423/444 424/450/424/445 
f 3/451/3/446 425/452/425/447 426/453/426/448 
f 3/451/3/446 426/453/426/448 8/454/9/449 
f 427/455/427/450 428/456/428/451 419/445/419/440 
f 427/455/427/450 419/445/419/440 418/444/418/439 
f 429/457/429/452 430/458/430/453 431/459/431/454 
f 429/457/429/452 431/459/431/454 432/460/432/455 
f 433/461/433/456 434/462/434/457 417/443/417/438 
f 433/461/433/456 417/443/417/438 420/446/420/441 
f 430/458/430/453 429/457/429/452 435/463/435/458 
f 430/458/430/453 435/463/435/458 436/464/436/459 
f 426/453/426/448 425/452/425/447 436/464/436/459 
f 426/453/426/448 436/464/436/459 435/463/435/458 
f 417/443/417/438 434/462/434/457 437/465/437/460 
f 417/443/417/438 437/465/437/460 438/466/438/461 
f 418/444/418/439 417/443/417/438 438/466/438/461 
f 418/444/418/439 438/466/438/461 439/467/439/462 
f 440/468/440/463 423/449/423/444 422/448/422/443 
f 440/468/440/463 422/448/422/443 441/469/441/464 
f 429/457/429/452 442/470/442/465 443/471/443/466 
f 429/457/429/452 443/471/443/466 435/463/435/458 
f 418/444/418/439 439/467/439/462 444/472/444/467 
f 418/444/418/439 444/472/444/467 427/455/427/450 
f 445/473/445/468 426/453/426/448 435/463/435/458 
f 445/473/445/468 435/463/435/458 443/471/443/466 
f 426/453/426/448 445/473/445/468 12/474/12/469 
f 426/453/426/448 12/474/12/469 8/454/9/449 
f 442/470/442/465 429/457/429/452 432/460/432/455 
f 442/470/442/465 432/460/432/455 446/475/446/470 
f 447/476/447/471 433/461/433/456 420/446/420/441 
f 447/476/447/471 420/446/420/441 448/477/448/472 
f 448/477/448/472 420/446/420/441 419/445/419/440 
f 448/477/448/472 419/445/419/440 449/478/449/473 
f 421/447/421/442 424/450/424/445 450/479/450/474 
f 421/447/421/442 450/479/450/474 451/480/451/475 
f 436/464/436/459 452/481/452/476 453/482/453/477 
f 436/464/436/459 453/482/453/477 430/458/430/453 
f 428/456/428/451 454/483/454/478 449/478/449/473 
f 428/456/428/451 449/478/449/473 419/445/419/440 
f 436/464/436/459 425/452/425/447 455/484/455/479 
f 436/464/436/459 455/484/455/479 452/481/452/476 
f 3/451/3/446 2/485/2/480 455/484/455/479 
f 3/451/3/446 455/484/455/479 425/452/425/447 
f 431/459/431/454 430/458/430/453 453/482/453/477 
f 431/459/431/454 453/482/453/477 456/486/456/481 
f 457/487/457/482 458/488/458/483 459/489/459/484 
f 457/487/457/482 459/489/459/484 460/490/460/485 
f 461/491/461/486 462/492/462/487 463/493/463/488 
f 461/491/461/486 463/493/463/488 464/494/464/489 
f 465/495/465/490 466/496/466/491 17/497/17/492 
f 465/495/465/490 17/497/17/492 20/498/20/493 
f 457/487/457/482 467/499/467/494 468/500/468/495 
f 457/487/457/482 468/500/468/495 458/488/458/483 
f 469/501/469/496 470/502/470/497 471/503/471/498 
f 469/501/469/496 471/503/471/498 472/504/472/499 
f 459/489/459/484 473/505/473/500 474/506/474/501 
f 459/489/459/484 474/506/474/501 460/490/460/485 
f 475/507/475/502 471/503/471/498 470/502/470/497 
f 475/507/475/502 470/502/470/497 476/508/476/503 
f 476/508/476/503 466/496/466/491 465/495/465/490 
f 476/508/476/503 465/495/465/490 475/507/475/502 
f 459/489/459/484 477/509/477/504 478/510/478/505 
f 459/489/459/484 478/510/478/505 473/505/473/500 
f 458/488/458/483 479/511/479/506 477/509/477/504 
f 458/488/458/483 477/509/477/504 459/489/459/484 
f 480/512/480/507 481/513/481/508 462/492/462/487 
f 480/512/480/507 462/492/462/487 461/491/461/486 
f 482/514/482/509 483/515/483/510 471/503/471/498 
f 482/514/482/509 471/503/471/498 475/507/475/502 
f 484/516/484/511 479/511/479/506 458/488/458/483 
f 484/516/484/511 458/488/458/483 468/500/468/495 
f 485/517/485/512 482/514/482/509 475/507/475/502 
f 485/517/485/512 475/507/475/502 465/495/465/490 
f 23/518/23/513 485/517/485/512 465/495/465/490 
f 23/518/23/513 465/495/465/490 20/498/20/493 
f 483/515/483/510 486/519/486/514 472/504/472/499 
f 483/515/483/510 472/504/472/499 471/503/471/498 
f 447/476/447/471 448/477/448/472 460/490/460/485 
f 447/476/447/471 460/490/460/485 474/506/474/501 
f 448/477/448/472 449/478/449/473 457/487/457/482 
f 448/477/448/472 457/487/457/482 460/490/460/485 
f 463/493/463/488 451/480/451/475 450/479/450/474 
f 463/493/463/488 450/479/450/474 464/494/464/489 
f 453/482/453/477 452/481/452/476 476/508/476/503 
f 453/482/453/477 476/508/476/503 470/502/470/497 
f 449/478/449/473 454/483/454/478 467/499/467/494 
f 449/478/449/473 467/499/467/494 457/487/457/482 
f 476/508/476/503 452/481/452/476 455/484/455/479 
f 476/508/476/503 455/484/455/479 466/496/466/491 
f 455/484/455/479 2/485/2/480 17/497/17/492 
f 455/484/455/479 17/497/17/492 466/496/466/491 
f 469/501/469/496 456/486/456/481 453/482/453/477 
f 469/501/469/496 453/482/453/477 470/502/470/497 
f 487/520/487/515 488/521/488/516 489/522/489/517 
f 487/520/487/515 489/522/489/517 490/523/490/518 
f 491/524/491/519 492/525/492/520 493/526/493/521 
f 491/524/491/519 493/526/493/521 494/527/494/522 
f 495/528/495/523 496/529/496/524 31/530/31/525 
f 495/528/495/523 31/530/31/525 36/531/36/526 
f 487/520/487/515 497/532/497/527 498/533/498/528 
f 487/520/487/515 498/533/498/528 488/521/488/516 
f 499/534/499/529 500/535/500/530 501/536/501/531 
f 499/534/499/529 501/536/501/531 502/537/502/532 
f 489/522/489/517 503/538/503/533 504/539/504/534 
f 489/522/489/517 504/539/504/534 490/523/490/518 
f 505/540/505/535 501/536/501/531 500/535/500/530 
f 505/540/505/535 500/535/500/530 506/541/506/536 
f 506/541/506/536 496/529/496/524 495/528/495/523 
f 506/541/506/536 495/528/495/523 505/540/505/535 
f 507/465/507/537 503/538/503/533 489/522/489/517 
f 507/465/507/537 489/522/489/517 508/466/508/538 
f 508/466/508/538 489/522/489/517 488/521/488/516 
f 508/466/508/538 488/521/488/516 509/467/509/539 
f 510/468/510/540 511/469/511/541 492/525/492/520 
f 510/468/510/540 492/525/492/520 491/524/491/519 
f 501/536/501/531 505/540/505/535 512/471/512/542 
f 501/536/501/531 512/471/512/542 513/470/513/543 
f 488/521/488/516 498/533/498/528 514/472/514/544 
f 488/521/488/516 514/472/514/544 509/467/509/539 
f 515/473/515/545 512/471/512/542 505/540/505/535 
f 515/473/515/545 505/540/505/535 495/528/495/523 
f 495/528/495/523 36/531/36/526 40/474/40/546 
f 495/528/495/523 40/474/40/546 515/473/515/545 
f 513/470/513/543 516/475/516/547 502/537/502/532 
f 513/470/513/543 502/537/502/532 501/536/501/531 
f 517/542/517/548 518/543/518/549 490/523/490/518 
f 517/542/517/548 490/523/490/518 504/539/504/534 
f 518/543/518/549 519/544/519/550 487/520/487/515 
f 518/543/518/549 487/520/487/515 490/523/490/518 
f 493/526/493/521 520/545/520/551 521/546/521/552 
f 493/526/493/521 521/546/521/552 494/527/494/522 
f 522/547/522/553 523/548/523/554 506/541/506/536 
f 522/547/522/553 506/541/506/536 500/535/500/530 
f 519/544/519/550 524/549/524/555 497/532/497/527 
f 519/544/519/550 497/532/497/527 487/520/487/515 
f 506/541/506/536 523/548/523/554 525/550/525/556 
f 506/541/506/536 525/550/525/556 496/529/496/524 
f 525/550/525/556 28/551/28/557 31/530/31/525 
f 525/550/525/556 31/530/31/525 496/529/496/524 
f 499/534/499/529 526/552/526/558 522/547/522/553 
f 499/534/499/529 522/547/522/553 500/535/500/530 
f 527/553/527/559 528/554/528/560 529/555/529/561 
f 527/553/527/559 529/555/529/561 530/556/530/562 
f 531/557/531/563 532/558/532/564 533/559/533/565 
f 531/557/531/563 533/559/533/565 534/560/534/566 
f 45/561/45/567 535/562/535/568 536/563/536/569 
f 45/561/45/567 536/563/536/569 48/564/48/570 
f 537/565/537/571 538/566/538/572 529/555/529/561 
f 537/565/537/571 529/555/529/561 528/554/528/560 
f 539/567/539/573 540/568/540/574 541/569/541/575 
f 539/567/539/573 541/569/541/575 542/570/542/576 
f 543/571/543/577 544/572/544/578 527/553/527/559 
f 543/571/543/577 527/553/527/559 530/556/530/562 
f 540/568/540/574 539/567/539/573 545/573/545/579 
f 540/568/540/574 545/573/545/579 546/574/546/580 
f 536/563/536/569 535/562/535/568 546/574/546/580 
f 536/563/536/569 546/574/546/580 545/573/545/579 
f 527/575/527/581 544/576/544/582 478/510/478/505 
f 527/575/527/581 478/510/478/505 477/509/477/504 
f 528/577/528/583 527/575/527/581 477/509/477/504 
f 528/577/528/583 477/509/477/504 479/511/479/506 
f 480/512/480/507 533/578/533/584 532/579/532/585 
f 480/512/480/507 532/579/532/585 481/513/481/508 
f 539/580/539/586 483/515/483/510 482/514/482/509 
f 539/580/539/586 482/514/482/509 545/581/545/587 
f 528/577/528/583 479/511/479/506 484/516/484/511 
f 528/577/528/583 484/516/484/511 537/582/537/588 
f 485/517/485/512 536/583/536/589 545/581/545/587 
f 485/517/485/512 545/581/545/587 482/514/482/509 
f 536/583/536/589 485/517/485/512 23/518/23/513 
f 536/583/536/589 23/518/23/513 48/584/48/590 
f 483/515/483/510 539/580/539/586 542/585/542/591 
f 483/515/483/510 542/585/542/591 486/519/486/514 
f 517/542/517/548 543/571/543/577 530/556/530/562 
f 517/542/517/548 530/556/530/562 518/543/518/549 
f 518/543/518/549 530/556/530/562 529/555/529/561 
f 518/543/518/549 529/555/529/561 519/544/519/550 
f 531/557/531/563 534/560/534/566 521/546/521/552 
f 531/557/531/563 521/546/521/552 520/545/520/551 
f 546/574/546/580 523/548/523/554 522/547/522/553 
f 546/574/546/580 522/547/522/553 540/568/540/574 
f 538/566/538/572 524/549/524/555 519/544/519/550 
f 538/566/538/572 519/544/519/550 529/555/529/561 
f 546/574/546/580 535/562/535/568 525/550/525/556 
f 546/574/546/580 525/550/525/556 523/548/523/554 
f 45/561/45/567 28/551/28/557 525/550/525/556 
f 45/561/45/567 525/550/525/556 535/562/535/568 
f 541/569/541/575 540/568/540/574 522/547/522/553 
f 541/569/541/575 522/547/522/553 526/552/526/558 
f 547/520/547/592 548/521/548/593 549/522/549/594 
f 547/520/547/592 549/522/549/594 550/523/550/595 
f 551/524/551/596 552/525/552/597 553/526/553/598 
f 551/524/551/596 553/526/553/598 554/527/554/599 
f 555/528/555/600 556/529/556/601 55/530/55/602 
f 555/528/555/600 55/530/55/602 60/531/60/603 
f 547/520/547/592 557/532/557/604 558/533/558/605 
f 547/520/547/592 558/533/558/605 548/521/548/593 
f 559/534/559/606 560/535/560/607 561/536/561/608 
f 559/534/559/606 561/536/561/608 562/537/562/609 
f 549/522/549/594 563/538/563/610 564/539/564/611 
f 549/522/549/594 564/539/564/611 550/523/550/595 
f 565/540/565/612 561/536/561/608 560/535/560/607 
f 565/540/565/612 560/535/560/607 566/541/566/613 
f 566/541/566/613 556/529/556/601 555/528/555/600 
f 566/541/566/613 555/528/555/600 565/540/565/612 
f 549/522/549/594 438/466/438/461 437/465/437/460 
f 549/522/549/594 437/465/437/460 563/538/563/610 
f 548/521/548/593 439/467/439/462 438/466/438/461 
f 548/521/548/593 438/466/438/461 549/522/549/594 
f 440/468/440/463 441/469/441/464 552/525/552/597 
f 440/468/440/463 552/525/552/597 551/524/551/596 
f 443/471/443/466 442/470/442/465 561/536/561/608 
f 443/471/443/466 561/536/561/608 565/540/565/612 
f 444/472/444/467 439/467/439/462 548/521/548/593 
f 444/472/444/467 548/521/548/593 558/533/558/605 
f 445/473/445/468 443/471/443/466 565/540/565/612 
f 445/473/445/468 565/540/565/612 555/528/555/600 
f 12/474/12/469 445/473/445/468 555/528/555/600 
f 12/474/12/469 555/528/555/600 60/531/60/603 
f 442/470/442/465 446/475/446/470 562/537/562/609 
f 442/470/442/465 562/537/562/609 561/536/561/608 
f 567/542/567/614 568/543/568/615 550/523/550/595 
f 567/542/567/614 550/523/550/595 564/539/564/611 
f 568/543/568/615 569/544/569/616 547/520/547/592 
f 568/543/568/615 547/520/547/592 550/523/550/595 
f 553/526/553/598 570/545/570/617 571/546/571/618 
f 553/526/553/598 571/546/571/618 554/527/554/599 
f 572/547/572/619 573/548/573/620 566/541/566/613 
f 572/547/572/619 566/541/566/613 560/535/560/607 
f 569/544/569/616 574/549/574/621 557/532/557/604 
f 569/544/569/616 557/532/557/604 547/520/547/592 
f 566/541/566/613 573/548/573/620 575/550/575/622 
f 566/541/566/613 575/550/575/622 556/529/556/601 
f 575/550/575/622 52/551/52/623 55/530/55/602 
f 575/550/575/622 55/530/55/602 556/529/556/601 
f 559/534/559/606 576/552/576/624 572/547/572/619 
f 559/534/559/606 572/547/572/619 560/535/560/607 
f 577/553/577/625 578/554/578/626 579/555/579/627 
f 577/553/577/625 579/555/579/627 580/556/580/628 
f 581/557/581/629 582/558/582/630 583/559/583/631 
f 581/557/581/629 583/559/583/631 584/560/584/632 
f 65/561/65/633 585/562/585/634 586/563/586/635 
f 65/561/65/633 586/563/586/635 68/564/68/636 
f 587/565/587/637 588/566/588/638 579/555/579/627 
f 587/565/587/637 579/555/579/627 578/554/578/626 
f 589/567/589/639 590/568/590/640 591/569/591/641 
f 589/567/589/639 591/569/591/641 592/570/592/642 
f 593/571/593/643 594/572/594/644 577/553/577/625 
f 593/571/593/643 577/553/577/625 580/556/580/628 
f 590/568/590/640 589/567/589/639 595/573/595/645 
f 590/568/590/640 595/573/595/645 596/574/596/646 
f 586/563/586/635 585/562/585/634 596/574/596/646 
f 586/563/586/635 596/574/596/646 595/573/595/645 
f 577/575/577/647 594/576/594/648 597/510/597/649 
f 577/575/577/647 597/510/597/649 598/509/598/650 
f 578/577/578/651 577/575/577/647 598/509/598/650 
f 578/577/578/651 598/509/598/650 599/511/599/652 
f 600/512/600/653 583/578/583/654 582/579/582/655 
f 600/512/600/653 582/579/582/655 601/513/601/656 
f 589/580/589/657 602/515/602/658 603/514/603/659 
f 589/580/589/657 603/514/603/659 595/581/595/660 
f 578/577/578/651 599/511/599/652 604/516/604/661 
f 578/577/578/651 604/516/604/661 587/582/587/662 
f 605/517/605/663 586/583/586/664 595/581/595/660 
f 605/517/605/663 595/581/595/660 603/514/603/659 
f 586/583/586/664 605/517/605/663 71/518/71/665 
f 586/583/586/664 71/518/71/665 68/584/68/666 
f 602/515/602/658 589/580/589/657 592/585/592/667 
f 602/515/602/658 592/585/592/667 606/519/606/668 
f 567/542/567/614 593/571/593/643 580/556/580/628 
f 567/542/567/614 580/556/580/628 568/543/568/615 
f 568/543/568/615 580/556/580/628 579/555/579/627 
f 568/543/568/615 579/555/579/627 569/544/569/616 
f 581/557/581/629 584/560/584/632 571/546/571/618 
f 581/557/581/629 571/546/571/618 570/545/570/617 
f 596/574/596/646 573/548/573/620 572/547/572/619 
f 596/574/596/646 572/547/572/619 590/568/590/640 
f 588/566/588/638 574/549/574/621 569/544/569/616 
f 588/566/588/638 569/544/569/616 579/555/579/627 
f 596/574/596/646 585/562/585/634 575/550/575/622 
f 596/574/596/646 575/550/575/622 573/548/573/620 
f 65/561/65/633 52/551/52/623 575/550/575/622 
f 65/561/65/633 575/550/575/622 585/562/585/634 
f 591/569/591/641 590/568/590/640 572/547/572/619 
f 591/569/591/641 572/547/572/619 576/552/576/624 
f 607/443/607/669 608/444/608/670 609/445/609/671 
f 607/443/607/669 609/445/609/671 610/446/610/672 
f 611/447/611/673 612/448/612/674 613/449/613/675 
f 611/447/611/673 613/449/613/675 614/450/614/676 
f 79/451/79/677 615/452/615/678 616/453/616/679 
f 79/451/79/677 616/453/616/679 84/454/84/680 
f 617/455/617/681 618/456/618/682 609/445/609/671 
f 617/455/617/681 609/445/609/671 608/444/608/670 
f 619/457/619/683 620/458/620/684 621/459/621/685 
f 619/457/619/683 621/459/621/685 622/460/622/686 
f 623/461/623/687 624/462/624/688 607/443/607/669 
f 623/461/623/687 607/443/607/669 610/446/610/672 
f 620/458/620/684 619/457/619/683 625/463/625/689 
f 620/458/620/684 625/463/625/689 626/464/626/690 
f 616/453/616/679 615/452/615/678 626/464/626/690 
f 616/453/616/679 626/464/626/690 625/463/625/689 
f 507/465/507/537 508/466/508/538 607/443/607/669 
f 507/465/507/537 607/443/607/669 624/462/624/688 
f 508/466/508/538 509/467/509/539 608/444/608/670 
f 508/466/508/538 608/444/608/670 607/443/607/669 
f 510/468/510/540 613/449/613/675 612/448/612/674 
f 510/468/510/540 612/448/612/674 511/469/511/541 
f 512/471/512/542 625/463/625/689 619/457/619/683 
f 512/471/512/542 619/457/619/683 513/470/513/543 
f 514/472/514/544 617/455/617/681 608/444/608/670 
f 514/472/514/544 608/444/608/670 509/467/509/539 
f 515/473/515/545 616/453/616/679 625/463/625/689 
f 515/473/515/545 625/463/625/689 512/471/512/542 
f 40/474/40/546 84/454/84/680 616/453/616/679 
f 40/474/40/546 616/453/616/679 515/473/515/545 
f 513/470/513/543 619/457/619/683 622/460/622/686 
f 513/470/513/543 622/460/622/686 516/475/516/547 
f 627/476/627/691 623/461/623/687 610/446/610/672 
f 627/476/627/691 610/446/610/672 628/477/628/692 
f 628/477/628/692 610/446/610/672 609/445/609/671 
f 628/477/628/692 609/445/609/671 629/478/629/693 
f 611/447/611/673 614/450/614/676 630/479/630/694 
f 611/447/611/673 630/479/630/694 631/480/631/695 
f 626/464/626/690 632/481/632/696 633/482/633/697 
f 626/464/626/690 633/482/633/697 620/458/620/684 
f 618/456/618/682 634/483/634/698 629/478/629/693 
f 618/456/618/682 629/478/629/693 609/445/609/671 
f 626/464/626/690 615/452/615/678 635/484/635/699 
f 626/464/626/690 635/484/635/699 632/481/632/696 
f 79/451/79/677 78/485/78/700 635/484/635/699 
f 79/451/79/677 635/484/635/699 615/452/615/678 
f 621/459/621/685 620/458/620/684 633/482/633/697 
f 621/459/621/685 633/482/633/697 636/486/636/701 
f 637/487/637/702 638/488/638/703 639/489/639/704 
f 637/487/637/702 639/489/639/704 640/490/640/705 
f 641/491/641/706 642/492/642/707 643/493/643/708 
f 641/491/641/706 643/493/643/708 644/494/644/709 
f 645/495/645/710 646/496/646/711 89/497/89/712 
f 645/495/645/710 89/497/89/712 92/498/92/713 
f 637/487/637/702 647/499/647/714 648/500/648/715 
f 637/487/637/702 648/500/648/715 638/488/638/703 
f 649/501/649/716 650/502/650/717 651/503/651/718 
f 649/501/649/716 651/503/651/718 652/504/652/719 
f 639/489/639/704 653/505/653/720 654/506/654/721 
f 639/489/639/704 654/506/654/721 640/490/640/705 
f 655/507/655/722 651/503/651/718 650/502/650/717 
f 655/507/655/722 650/502/650/717 656/508/656/723 
f 656/508/656/723 646/496/646/711 645/495/645/710 
f 656/508/656/723 645/495/645/710 655/507/655/722 
f 639/489/639/704 598/509/598/650 597/510/597/649 
f 639/489/639/704 597/510/597/649 653/505/653/720 
f 638/488/638/703 599/511/599/652 598/509/598/650 
f 638/488/638/703 598/509/598/650 639/489/639/704 
f 600/512/600/653 601/513/601/656 642/492/642/707 
f 600/512/600/653 642/492/642/707 641/491/641/706 
f 603/514/603/659 602/515/602/658 651/503/651/718 
f 603/514/603/659 651/503/651/718 655/507/655/722 
f 604/516/604/661 599/511/599/652 638/488/638/703 
f 604/516/604/661 638/488/638/703 648/500/648/715 
f 605/517/605/663 603/514/603/659 655/507/655/722 
f 605/517/605/663 655/507/655/722 645/495/645/710 
f 71/518/71/665 605/517/605/663 645/495/645/710 
f 71/518/71/665 645/495/645/710 92/498/92/713 
f 602/515/602/658 606/519/606/668 652/504/652/719 
f 602/515/602/658 652/504/652/719 651/503/651/718 
f 627/476/627/691 628/477/628/692 640/490/640/705 
f 627/476/627/691 640/490/640/705 654/506/654/721 
f 628/477/628/692 629/478/629/693 637/487/637/702 
f 628/477/628/692 637/487/637/702 640/490/640/705 
f 643/493/643/708 631/480/631/695 630/479/630/694 
f 643/493/643/708 630/479/630/694 644/494/644/709 
f 633/482/633/697 632/481/632/696 656/508/656/723 
f 633/482/633/697 656/508/656/723 650/502/650/717 
f 629/478/629/693 634/483/634/698 647/499/647/714 
f 629/478/629/693 647/499/647/714 637/487/637/702 
f 656/508/656/723 632/481/632/696 635/484/635/699 
f 656/508/656/723 635/484/635/699 646/496/646/711 
f 635/484/635/699 78/485/78/700 89/497/89/712 
f 635/484/635/699 89/497/89/712 646/496/646/711 
f 649/501/649/716 636/486/636/701 633/482/633/697 
f 649/501/649/716 633/482/633/697 650/502/650/717 
f 428/456/428/451 427/455/427/450 422/448/422/443 
f 428/456/428/451 422/448/422/443 421/447/421/442 
f 451/480/451/475 454/483/454/478 428/456/428/451 
f 451/480/451/475 428/456/428/451 421/447/421/442 
f 468/500/468/495 467/499/467/494 463/493/463/488 
f 468/500/468/495 463/493/463/488 462/492/462/487 
f 481/513/481/508 484/516/484/511 468/500/468/495 
f 481/513/481/508 468/500/468/495 462/492/462/487 
f 467/499/467/494 454/483/454/478 451/480/451/475 
f 467/499/467/494 451/480/451/475 463/493/463/488 
f 498/533/498/528 497/532/497/527 493/526/493/521 
f 498/533/498/528 493/526/493/521 492/525/492/520 
f 511/469/511/541 514/472/514/544 498/533/498/528 
f 511/469/511/541 498/533/498/528 492/525/492/520 
f 497/532/497/527 524/549/524/555 520/545/520/551 
f 497/532/497/527 520/545/520/551 493/526/493/521 
f 538/566/538/572 537/565/537/571 532/558/532/564 
f 538/566/538/572 532/558/532/564 531/557/531/563 
f 537/582/537/588 484/516/484/511 481/513/481/508 
f 537/582/537/588 481/513/481/508 532/579/532/585 
f 520/545/520/551 524/549/524/555 538/566/538/572 
f 520/545/520/551 538/566/538/572 531/557/531/563 
f 427/455/427/450 444/472/444/467 441/469/441/464 
f 427/455/427/450 441/469/441/464 422/448/422/443 
f 558/533/558/605 557/532/557/604 553/526/553/598 
f 558/533/558/605 553/526/553/598 552/525/552/597 
f 441/469/441/464 444/472/444/467 558/533/558/605 
f 441/469/441/464 558/533/558/605 552/525/552/597 
f 557/532/557/604 574/549/574/621 570/545/570/617 
f 557/532/557/604 570/545/570/617 553/526/553/598 
f 588/566/588/638 587/565/587/637 582/558/582/630 
f 588/566/588/638 582/558/582/630 581/557/581/629 
f 587/582/587/662 604/516/604/661 601/513/601/656 
f 587/582/587/662 601/513/601/656 582/579/582/655 
f 570/545/570/617 574/549/574/621 588/566/588/638 
f 570/545/570/617 588/566/588/638 581/557/581/629 
f 618/456/618/682 617/455/617/681 612/448/612/674 
f 618/456/618/682 612/448/612/674 611/447/611/673 
f 617/455/617/681 514/472/514/544 511/469/511/541 
f 617/455/617/681 511/469/511/541 612/448/612/674 
f 631/480/631/695 634/483/634/698 618/456/618/682 
f 631/480/631/695 618/456/618/682 611/447/611/673 
f 648/500/648/715 647/499/647/714 643/493/643/708 
f 648/500/648/715 643/493/643/708 642/492/642/707 
f 601/513/601/656 604/516/604/661 648/500/648/715 
f 601/513/601/656 648/500/648/715 642/492/642/707 
f 647/499/647/714 634/483/634/698 631/480/631/695 
f 647/499/647/714 631/480/631/695 643/493/643/708 
f 424/450/424/445 423/449/423/444 432/460/432/455 
f 424/450/424/445 432/460/432/455 431/459/431/454 
f 456/486/456/481 450/479/450/474 424/450/424/445 
f 456/486/456/481 424/450/424/445 431/459/431/454 
f 461/491/461/486 464/494/464/489 469/501/469/496 
f 461/491/461/486 469/501/469/496 472/504/472/499 
f 486/519/486/514 480/512/480/507 461/491/461/486 
f 486/519/486/514 461/491/461/486 472/504/472/499 
f 464/494/464/489 450/479/450/474 456/486/456/481 
f 464/494/464/489 456/486/456/481 469/501/469/496 
f 491/524/491/519 494/527/494/522 499/534/499/529 
f 491/524/491/519 499/534/499/529 502/537/502/532 
f 516/475/516/547 510/468/510/540 491/524/491/519 
f 516/475/516/547 491/524/491/519 502/537/502/532 
f 494/527/494/522 521/546/521/552 526/552/526/558 
f 494/527/494/522 526/552/526/558 499/534/499/529 
f 534/560/534/566 533/559/533/565 542/570/542/576 
f 534/560/534/566 542/570/542/576 541/569/541/575 
f 533/578/533/584 480/512/480/507 486/519/486/514 
f 533/578/533/584 486/519/486/514 542/585/542/591 
f 526/552/526/558 521/546/521/552 534/560/534/566 
f 526/552/526/558 534/560/534/566 541/569/541/575 
f 423/449/423/444 440/468/440/463 446/475/446/470 
f 423/449/423/444 446/475/446/470 432/460/432/455 
f 551/524/551/596 554/527/554/599 559/534/559/606 
f 551/524/551/596 559/534/559/606 562/537/562/609 
f 446/475/446/470 440/468/440/463 551/524/551/596 
f 446/475/446/470 551/524/551/596 562/537/562/609 
f 554/527/554/599 571/546/571/618 576/552/576/624 
f 554/527/554/599 576/552/576/624 559/534/559/606 
f 584/560/584/632 583/559/583/631 592/570/592/642 
f 584/560/584/632 592/570/592/642 591/569/591/641 
f 583/578/583/654 600/512/600/653 606/519/606/668 
f 583/578/583/654 606/519/606/668 592/585/592/667 
f 576/552/576/624 571/546/571/618 584/560/584/632 
f 576/552/576/624 584/560/584/632 591/569/591/641 
f 614/450/614/676 613/449/613/675 622/460/622/686 
f 614/450/614/676 622/460/622/686 621/459/621/685 
f 613/449/613/675 510/468/510/540 516/475/516/547 
f 613/449/613/675 516/475/516/547 622/460/622/686 
f 636/486/636/701 630/479/630/694 614/450/614/676 
f 636/486/636/701 614/450/614/676 621/459/621/685 
f 641/491/641/706 644/494/644/709 649/501/649/716 
f 641/491/641/706 649/501/649/716 652/504/652/719 
f 606/519/606/668 600/512/600/653 641/491/641/706 
f 606/519/606/668 641/491/641/706 652/504/652/719 
f 644/494/644/709 630/479/630/694 636/486/636/701 
f 644/494/644/709 636/486/636/701 649/501/649/716 
f 657/586/657/724 658/587/658/725 659/588/659/726 
f 657/586/657/724 659/588/659/726 660/589/660/727 
f 661/590/661/728 662/591/662/729 663/592/663/730 
f 661/590/661/728 663/592/663/730 664/593/664/731 
f 665/594/665/732 666/595/666/733 667/596/667/734 
f 665/594/665/732 667/596/667/734 668/597/668/735 
f 666/595/666/733 665/594/665/732 669/598/669/736 
f 666/595/666/733 669/598/669/736 670/599/670/737 
f 671/600/671/738 672/601/672/739 673/602/673/740 
f 671/600/671/738 673/602/673/740 674/603/674/741 
f 675/604/675/742 676/605/676/743 677/606/677/744 
f 675/604/675/742 677/606/677/744 678/607/678/745 
f 676/605/676/743 679/608/679/746 680/609/680/747 
f 676/605/676/743 680/609/680/747 677/606/677/744 
f 681/610/681/748 682/611/682/749 683/612/683/750 
f 681/610/681/748 683/612/683/750 684/613/684/751 
f 684/613/684/751 683/612/683/750 685/614/685/752 
f 684/613/684/751 685/614/685/752 686/615/686/753 
f 661/590/661/728 664/593/664/731 658/587/658/725 
f 661/590/661/728 658/587/658/725 657/586/657/724 
f 662/591/662/729 687/616/687/754 688/617/688/755 
f 662/591/662/729 688/617/688/755 663/592/663/730 
f 689/618/689/756 690/619/690/757 691/620/691/758 
f 689/618/689/756 691/620/691/758 692/621/692/759 
f 693/622/693/760 694/623/694/761 695/624/695/762 
f 693/622/693/760 695/624/695/762 696/625/696/763 
f 697/626/697/764 698/627/698/765 694/623/694/761 
f 697/626/697/764 694/623/694/761 693/622/693/760 
f 660/589/660/727 699/628/699/766 700/629/700/767 
f 660/589/660/727 700/629/700/767 657/586/657/724 
f 661/590/661/728 701/630/701/768 702/631/702/769 
f 661/590/661/728 702/631/702/769 662/591/662/729 
f 668/597/668/735 703/632/703/770 704/633/704/771 
f 668/597/668/735 704/633/704/771 665/594/665/732 
f 704/633/704/771 705/634/705/772 669/598/669/736 
f 704/633/704/771 669/598/669/736 665/594/665/732 
f 706/635/706/773 707/636/707/774 671/600/671/738 
f 706/635/706/773 671/600/671/738 674/603/674/741 
f 708/637/708/775 709/638/709/776 676/605/676/743 
f 708/637/708/775 676/605/676/743 675/604/675/742 
f 709/638/709/776 710/639/710/777 679/608/679/746 
f 709/638/709/776 679/608/679/746 676/605/676/743 
f 711/640/711/778 712/641/712/779 683/612/683/750 
f 711/640/711/778 683/612/683/750 682/611/682/749 
f 712/641/712/779 713/642/713/780 685/614/685/752 
f 712/641/712/779 685/614/685/752 683/612/683/750 
f 700/629/700/767 699/628/699/766 714/643/714/781 
f 700/629/700/767 714/643/714/781 715/644/715/782 
f 716/645/716/783 702/631/702/769 701/630/701/768 
f 716/645/716/783 701/630/701/768 717/646/717/784 
f 704/633/704/771 703/632/703/770 718/647/718/785 
f 704/633/704/771 718/647/718/785 719/648/719/786 
f 719/648/719/786 720/649/720/787 705/634/705/772 
f 719/648/719/786 705/634/705/772 704/633/704/771 
f 707/636/707/774 706/635/706/773 721/650/721/788 
f 707/636/707/774 721/650/721/788 722/651/722/789 
f 723/652/723/790 709/638/709/776 708/637/708/775 
f 723/652/723/790 708/637/708/775 724/653/724/791 
f 725/654/725/792 710/639/710/777 709/638/709/776 
f 725/654/725/792 709/638/709/776 723/652/723/790 
f 726/655/726/793 727/656/727/794 712/641/712/779 
f 726/655/726/793 712/641/712/779 711/640/711/778 
f 727/656/727/794 728/657/728/795 713/642/713/780 
f 727/656/727/794 713/642/713/780 712/641/712/779 
f 701/630/701/768 700/629/700/767 715/644/715/782 
f 701/630/701/768 715/644/715/782 717/646/717/784 
f 729/658/729/796 730/659/730/797 702/631/702/769 
f 729/658/729/796 702/631/702/769 716/645/716/783 
f 731/660/731/798 732/661/732/799 733/662/733/800 
f 731/660/731/798 733/662/733/800 734/663/734/801 
f 735/664/735/802 733/662/733/800 732/661/732/799 
f 735/664/735/802 732/661/732/799 736/665/736/803 
f 737/666/737/804 735/664/735/802 736/665/736/803 
f 737/666/737/804 736/665/736/803 738/667/738/805 
f 661/590/661/728 657/586/657/724 700/629/700/767 
f 661/590/661/728 700/629/700/767 701/630/701/768 
f 687/616/687/754 662/591/662/729 702/631/702/769 
f 687/616/687/754 702/631/702/769 730/659/730/797 
f 732/661/732/799 731/660/731/798 690/619/690/757 
f 732/661/732/799 690/619/690/757 695/624/695/762 
f 695/624/695/762 694/623/694/761 736/665/736/803 
f 695/624/695/762 736/665/736/803 732/661/732/799 
f 694/623/694/761 698/627/698/765 738/667/738/805 
f 694/623/694/761 738/667/738/805 736/665/736/803 
f 739/668/739/806 740/669/740/807 659/588/659/726 
f 739/668/739/806 659/588/659/726 658/587/658/725 
f 663/592/663/730 741/670/741/808 742/671/742/809 
f 663/592/663/730 742/671/742/809 664/593/664/731 
f 743/672/743/810 744/673/744/811 667/596/667/734 
f 743/672/743/810 667/596/667/734 666/595/666/733 
f 666/595/666/733 670/599/670/737 745/674/745/812 
f 666/595/666/733 745/674/745/812 743/672/743/810 
f 746/675/746/813 747/676/747/814 673/602/673/740 
f 746/675/746/813 673/602/673/740 672/601/672/739 
f 677/606/677/744 748/677/748/815 749/678/749/816 
f 677/606/677/744 749/678/749/816 678/607/678/745 
f 680/609/680/747 750/679/750/817 748/677/748/815 
f 680/609/680/747 748/677/748/815 677/606/677/744 
f 681/610/681/748 684/613/684/751 751/680/751/818 
f 681/610/681/748 751/680/751/818 752/681/752/819 
f 684/613/684/751 686/615/686/753 753/682/753/820 
f 684/613/684/751 753/682/753/820 751/680/751/818 
f 742/671/742/809 739/668/739/806 658/587/658/725 
f 742/671/742/809 658/587/658/725 664/593/664/731 
f 688/617/688/755 754/683/754/821 741/670/741/808 
f 688/617/688/755 741/670/741/808 663/592/663/730 
f 755/684/755/822 756/685/756/823 696/625/696/763 
f 755/684/755/822 696/625/696/763 689/618/689/756 
f 693/622/693/760 696/625/696/763 756/685/756/823 
f 693/622/693/760 756/685/756/823 757/686/757/824 
f 697/626/697/764 693/622/693/760 757/686/757/824 
f 697/626/697/764 757/686/757/824 758/687/758/825 
f 759/688/759/826 740/669/740/807 739/668/739/806 
f 759/688/759/826 739/668/739/806 760/689/760/827 
f 761/690/761/828 742/671/742/809 741/670/741/808 
f 761/690/761/828 741/670/741/808 762/691/762/829 
f 763/692/763/830 744/673/744/811 743/672/743/810 
f 763/692/763/830 743/672/743/810 764/693/764/831 
f 764/693/764/831 743/672/743/810 745/674/745/812 
f 764/693/764/831 745/674/745/812 765/694/765/832 
f 766/695/766/833 747/676/747/814 746/675/746/813 
f 766/695/766/833 746/675/746/813 767/696/767/834 
f 768/697/768/835 749/678/749/816 748/677/748/815 
f 768/697/768/835 748/677/748/815 769/698/769/836 
f 769/698/769/836 748/677/748/815 750/679/750/817 
f 769/698/769/836 750/679/750/817 770/699/770/837 
f 771/700/771/838 752/681/752/819 751/680/751/818 
f 771/700/771/838 751/680/751/818 772/701/772/839 
f 751/680/751/818 753/682/753/820 773/702/773/840 
f 751/680/751/818 773/702/773/840 772/701/772/839 
f 760/689/760/827 774/703/774/841 775/704/775/842 
f 760/689/760/827 775/704/775/842 759/688/759/826 
f 761/690/761/828 762/691/762/829 776/705/776/843 
f 761/690/761/828 776/705/776/843 777/706/777/844 
f 764/693/764/831 778/707/778/845 779/708/779/846 
f 764/693/764/831 779/708/779/846 763/692/763/830 
f 778/707/778/845 764/693/764/831 765/694/765/832 
f 778/707/778/845 765/694/765/832 780/709/780/847 
f 767/696/767/834 781/710/781/848 782/711/782/849 
f 767/696/767/834 782/711/782/849 766/695/766/833 
f 768/697/768/835 769/698/769/836 783/712/783/850 
f 768/697/768/835 783/712/783/850 784/713/784/851 
f 769/698/769/836 770/699/770/837 785/714/785/852 
f 769/698/769/836 785/714/785/852 783/712/783/850 
f 786/715/786/853 771/700/771/838 772/701/772/839 
f 786/715/786/853 772/701/772/839 787/716/787/854 
f 787/716/787/854 772/701/772/839 773/702/773/840 
f 787/716/787/854 773/702/773/840 788/717/788/855 
f 761/690/761/828 777/706/777/844 774/703/774/841 
f 761/690/761/828 774/703/774/841 760/689/760/827 
f 762/691/762/829 789/718/789/856 790/719/790/857 
f 762/691/762/829 790/719/790/857 776/705/776/843 
f 791/720/791/858 792/721/792/859 793/722/793/860 
f 791/720/791/858 793/722/793/860 794/723/794/861 
f 795/724/795/862 796/725/796/863 797/726/797/864 
f 795/724/795/862 797/726/797/864 798/727/798/865 
f 799/728/799/866 800/729/800/867 796/725/796/863 
f 799/728/799/866 796/725/796/863 795/724/795/862 
f 742/671/742/809 761/690/761/828 760/689/760/827 
f 742/671/742/809 760/689/760/827 739/668/739/806 
f 754/683/754/821 789/718/789/856 762/691/762/829 
f 754/683/754/821 762/691/762/829 741/670/741/808 
f 793/722/793/860 792/721/792/859 755/684/755/822 
f 793/722/793/860 755/684/755/822 801/730/801/868 
f 756/685/756/823 797/726/797/864 796/725/796/863 
f 756/685/756/823 796/725/796/863 757/686/757/824 
f 796/725/796/863 800/729/800/867 758/687/758/825 
f 796/725/796/863 758/687/758/825 757/686/757/824 
f 802/731/802/869 803/732/803/870 804/733/804/871 
f 802/731/802/869 804/733/804/871 805/734/805/872 
f 806/735/806/873 807/736/807/874 808/737/808/875 
f 806/735/806/873 808/737/808/875 809/738/809/876 
f 810/739/810/877 811/740/811/878 812/741/812/879 
f 810/739/810/877 812/741/812/879 813/742/813/880 
f 813/742/813/880 814/743/814/881 815/744/815/882 
f 813/742/813/880 815/744/815/882 810/739/810/877 
f 816/745/816/883 817/746/817/884 818/747/818/885 
f 816/745/816/883 818/747/818/885 819/748/819/886 
f 820/749/820/887 821/750/821/888 822/751/822/889 
f 820/749/820/887 822/751/822/889 823/752/823/890 
f 824/753/824/891 825/754/825/892 821/750/821/888 
f 824/753/824/891 821/750/821/888 820/749/820/887 
f 826/755/826/893 827/756/827/894 828/757/828/895 
f 826/755/826/893 828/757/828/895 829/758/829/896 
f 827/756/827/894 830/759/830/897 831/760/831/898 
f 827/756/827/894 831/760/831/898 828/757/828/895 
f 808/737/808/875 802/731/802/869 805/734/805/872 
f 808/737/808/875 805/734/805/872 809/738/809/876 
f 832/761/832/899 833/762/833/900 807/736/807/874 
f 832/761/832/899 807/736/807/874 806/735/806/873 
f 834/763/834/901 835/764/835/902 836/765/836/903 
f 834/763/834/901 836/765/836/903 837/766/837/904 
f 838/767/838/905 836/765/836/903 835/764/835/902 
f 838/767/838/905 835/764/835/902 839/768/839/906 
f 840/769/840/907 838/767/838/905 839/768/839/906 
f 840/769/840/907 839/768/839/906 841/770/841/908 
f 842/771/842/909 803/732/803/870 802/731/802/869 
f 842/771/842/909 802/731/802/869 843/772/843/910 
f 844/773/844/911 808/737/808/875 807/736/807/874 
f 844/773/844/911 807/736/807/874 845/774/845/912 
f 846/775/846/913 811/740/811/878 810/739/810/877 
f 846/775/846/913 810/739/810/877 847/776/847/914 
f 847/776/847/914 810/739/810/877 815/744/815/882 
f 847/776/847/914 815/744/815/882 848/777/848/915 
f 849/778/849/916 817/746/817/884 816/745/816/883 
f 849/778/849/916 816/745/816/883 850/779/850/917 
f 851/780/851/918 822/751/822/889 821/750/821/888 
f 851/780/851/918 821/750/821/888 852/781/852/919 
f 852/781/852/919 821/750/821/888 825/754/825/892 
f 852/781/852/919 825/754/825/892 853/782/853/920 
f 854/783/854/921 829/758/829/896 828/757/828/895 
f 854/783/854/921 828/757/828/895 855/784/855/922 
f 828/757/828/895 831/760/831/898 856/785/856/923 
f 828/757/828/895 856/785/856/923 855/784/855/922 
f 843/772/843/910 857/644/857/924 858/643/858/925 
f 843/772/843/910 858/643/858/925 842/771/842/909 
f 844/773/844/911 845/774/845/912 859/645/859/926 
f 844/773/844/911 859/645/859/926 860/646/860/927 
f 847/776/847/914 861/648/861/928 862/647/862/929 
f 847/776/847/914 862/647/862/929 846/775/846/913 
f 861/648/861/928 847/776/847/914 848/777/848/915 
f 861/648/861/928 848/777/848/915 863/649/863/930 
f 850/779/850/917 864/651/864/931 865/650/865/932 
f 850/779/850/917 865/650/865/932 849/778/849/916 
f 851/780/851/918 852/781/852/919 866/652/866/933 
f 851/780/851/918 866/652/866/933 867/653/867/934 
f 852/781/852/919 853/782/853/920 868/654/868/935 
f 852/781/852/919 868/654/868/935 866/652/866/933 
f 869/655/869/936 854/783/854/921 855/784/855/922 
f 869/655/869/936 855/784/855/922 870/656/870/937 
f 870/656/870/937 855/784/855/922 856/785/856/923 
f 870/656/870/937 856/785/856/923 871/657/871/938 
f 844/773/844/911 860/646/860/927 857/644/857/924 
f 844/773/844/911 857/644/857/924 843/772/843/910 
f 845/774/845/912 872/786/872/939 873/658/873/940 
f 845/774/845/912 873/658/873/940 859/645/859/926 
f 874/663/874/941 875/787/875/942 876/788/876/943 
f 874/663/874/941 876/788/876/943 877/789/877/944 
f 878/664/878/945 879/790/879/946 880/791/880/947 
f 878/664/878/945 880/791/880/947 881/662/881/948 
f 882/666/882/949 883/792/883/950 879/790/879/946 
f 882/666/882/949 879/790/879/946 878/664/878/945 
f 808/737/808/875 844/773/844/911 843/772/843/910 
f 808/737/808/875 843/772/843/910 802/731/802/869 
f 833/762/833/900 872/786/872/939 845/774/845/912 
f 833/762/833/900 845/774/845/912 807/736/807/874 
f 876/788/876/943 875/787/875/942 834/763/834/901 
f 876/788/876/943 834/763/834/901 884/793/884/951 
f 835/764/835/902 880/791/880/947 879/790/879/946 
f 835/764/835/902 879/790/879/946 839/768/839/906 
f 879/790/879/946 883/792/883/950 841/770/841/908 
f 879/790/879/946 841/770/841/908 839/768/839/906 
f 885/794/885/952 805/734/805/872 804/733/804/871 
f 885/794/885/952 804/733/804/871 886/795/886/953 
f 887/796/887/954 888/797/888/955 806/735/806/873 
f 887/796/887/954 806/735/806/873 809/738/809/876 
f 889/798/889/956 813/742/813/880 812/741/812/879 
f 889/798/889/956 812/741/812/879 890/799/890/957 
f 813/742/813/880 889/798/889/956 891/800/891/958 
f 813/742/813/880 891/800/891/958 814/743/814/881 
f 892/801/892/959 819/748/819/886 818/747/818/885 
f 892/801/892/959 818/747/818/885 893/802/893/960 
f 894/803/894/961 895/804/895/962 820/749/820/887 
f 894/803/894/961 820/749/820/887 823/752/823/890 
f 895/804/895/962 896/805/896/963 824/753/824/891 
f 895/804/895/962 824/753/824/891 820/749/820/887 
f 826/755/826/893 897/806/897/964 898/807/898/965 
f 826/755/826/893 898/807/898/965 827/756/827/894 
f 827/756/827/894 898/807/898/965 899/808/899/966 
f 827/756/827/894 899/808/899/966 830/759/830/897 
f 887/796/887/954 809/738/809/876 805/734/805/872 
f 887/796/887/954 805/734/805/872 885/794/885/952 
f 888/797/888/955 900/809/900/967 832/761/832/899 
f 888/797/888/955 832/761/832/899 806/735/806/873 
f 837/766/837/904 901/810/901/968 902/811/902/969 
f 837/766/837/904 902/811/902/969 903/812/903/970 
f 838/767/838/905 904/813/904/971 905/814/905/972 
f 838/767/838/905 905/814/905/972 836/765/836/903 
f 840/769/840/907 906/815/906/973 904/813/904/971 
f 840/769/840/907 904/813/904/971 838/767/838/905 
f 886/795/886/953 907/816/907/974 908/817/908/975 
f 886/795/886/953 908/817/908/975 885/794/885/952 
f 909/818/909/976 910/819/910/977 888/797/888/955 
f 909/818/909/976 888/797/888/955 887/796/887/954 
f 911/820/911/978 912/821/912/979 889/798/889/956 
f 911/820/911/978 889/798/889/956 890/799/890/957 
f 912/821/912/979 913/822/913/980 891/800/891/958 
f 912/821/912/979 891/800/891/958 889/798/889/956 
f 914/823/914/981 915/824/915/982 892/801/892/959 
f 914/823/914/981 892/801/892/959 893/802/893/960 
f 916/825/916/983 917/826/917/984 895/804/895/962 
f 916/825/916/983 895/804/895/962 894/803/894/961 
f 917/826/917/984 918/827/918/985 896/805/896/963 
f 917/826/917/984 896/805/896/963 895/804/895/962 
f 919/828/919/986 920/829/920/987 898/807/898/965 
f 919/828/919/986 898/807/898/965 897/806/897/964 
f 898/807/898/965 920/829/920/987 921/830/921/988 
f 898/807/898/965 921/830/921/988 899/808/899/966 
f 908/831/908/989 907/832/907/990 775/704/775/842 
f 908/831/908/989 775/704/775/842 774/703/774/841 
f 776/705/776/843 910/833/910/991 909/834/909/992 
f 776/705/776/843 909/834/909/992 777/706/777/844 
f 912/835/912/993 911/836/911/994 779/708/779/846 
f 912/835/912/993 779/708/779/846 778/707/778/845 
f 778/707/778/845 780/709/780/847 913/837/913/995 
f 778/707/778/845 913/837/913/995 912/835/912/993 
f 915/838/915/996 914/839/914/997 782/711/782/849 
f 915/838/915/996 782/711/782/849 781/710/781/848 
f 783/712/783/850 917/840/917/998 916/841/916/999 
f 783/712/783/850 916/841/916/999 784/713/784/851 
f 785/714/785/852 918/842/918/1000 917/840/917/998 
f 785/714/785/852 917/840/917/998 783/712/783/850 
f 786/715/786/853 787/716/787/854 920/843/920/1001 
f 786/715/786/853 920/843/920/1001 919/844/919/1002 
f 787/716/787/854 788/717/788/855 921/845/921/1003 
f 787/716/787/854 921/845/921/1003 920/843/920/1001 
f 909/834/909/992 908/831/908/989 774/703/774/841 
f 909/834/909/992 774/703/774/841 777/706/777/844 
f 790/719/790/857 922/846/922/1004 910/833/910/991 
f 790/719/790/857 910/833/910/991 776/705/776/843 
f 923/847/923/1005 924/848/924/1006 798/727/798/865 
f 923/847/923/1005 798/727/798/865 791/720/791/858 
f 795/724/795/862 798/727/798/865 924/848/924/1006 
f 795/724/795/862 924/848/924/1006 925/849/925/1007 
f 799/728/799/866 795/724/795/862 925/849/925/1007 
f 799/728/799/866 925/849/925/1007 926/850/926/1008 
f 887/796/887/954 885/794/885/952 908/817/908/975 
f 887/796/887/954 908/817/908/975 909/818/909/976 
f 900/809/900/967 888/797/888/955 910/819/910/977 
f 900/809/900/967 910/819/910/977 922/851/922/1009 
f 924/852/924/1010 923/853/923/1011 901/810/901/968 
f 924/852/924/1010 901/810/901/968 905/814/905/972 
f 905/814/905/972 904/813/904/971 925/854/925/1012 
f 905/814/905/972 925/854/925/1012 924/852/924/1010 
f 904/813/904/971 906/815/906/973 926/855/926/1013 
f 904/813/904/971 926/855/926/1013 925/854/925/1012 
f 927/731/927/1014 928/732/928/1015 929/733/929/1016 
f 927/731/927/1014 929/733/929/1016 930/734/930/1017 
f 931/735/931/1018 932/736/932/1019 933/737/933/1020 
f 931/735/931/1018 933/737/933/1020 934/738/934/1021 
f 935/739/935/1022 936/740/936/1023 937/741/937/1024 
f 935/739/935/1022 937/741/937/1024 938/742/938/1025 
f 938/742/938/1025 939/743/939/1026 940/744/940/1027 
f 938/742/938/1025 940/744/940/1027 935/739/935/1022 
f 941/745/941/1028 942/746/942/1029 943/747/943/1030 
f 941/745/941/1028 943/747/943/1030 944/748/944/1031 
f 945/749/945/1032 946/750/946/1033 947/751/947/1034 
f 945/749/945/1032 947/751/947/1034 948/752/948/1035 
f 949/753/949/1036 950/754/950/1037 946/750/946/1033 
f 949/753/949/1036 946/750/946/1033 945/749/945/1032 
f 951/755/951/1038 952/756/952/1039 953/757/953/1040 
f 951/755/951/1038 953/757/953/1040 954/758/954/1041 
f 952/756/952/1039 955/759/955/1042 956/760/956/1043 
f 952/756/952/1039 956/760/956/1043 953/757/953/1040 
f 933/737/933/1020 927/731/927/1014 930/734/930/1017 
f 933/737/933/1020 930/734/930/1017 934/738/934/1021 
f 957/761/957/1044 958/762/958/1045 932/736/932/1019 
f 957/761/957/1044 932/736/932/1019 931/735/931/1018 
f 959/763/959/1046 960/764/960/1047 961/765/961/1048 
f 959/763/959/1046 961/765/961/1048 962/766/962/1049 
f 963/767/963/1050 961/765/961/1048 960/764/960/1047 
f 963/767/963/1050 960/764/960/1047 964/768/964/1051 
f 965/769/965/1052 963/767/963/1050 964/768/964/1051 
f 965/769/965/1052 964/768/964/1051 966/770/966/1053 
f 967/771/967/1054 928/732/928/1015 927/731/927/1014 
f 967/771/967/1054 927/731/927/1014 968/772/968/1055 
f 969/773/969/1056 933/737/933/1020 932/736/932/1019 
f 969/773/969/1056 932/736/932/1019 970/774/970/1057 
f 971/775/971/1058 936/740/936/1023 935/739/935/1022 
f 971/775/971/1058 935/739/935/1022 972/776/972/1059 
f 972/776/972/1059 935/739/935/1022 940/744/940/1027 
f 972/776/972/1059 940/744/940/1027 973/777/973/1060 
f 974/778/974/1061 942/746/942/1029 941/745/941/1028 
f 974/778/974/1061 941/745/941/1028 975/779/975/1062 
f 976/780/976/1063 947/751/947/1034 946/750/946/1033 
f 976/780/976/1063 946/750/946/1033 977/781/977/1064 
f 977/781/977/1064 946/750/946/1033 950/754/950/1037 
f 977/781/977/1064 950/754/950/1037 978/782/978/1065 
f 979/783/979/1066 954/758/954/1041 953/757/953/1040 
f 979/783/979/1066 953/757/953/1040 980/784/980/1067 
f 953/757/953/1040 956/760/956/1043 981/785/981/1068 
f 953/757/953/1040 981/785/981/1068 980/784/980/1067 
f 968/772/968/1055 715/644/715/782 714/643/714/781 
f 968/772/968/1055 714/643/714/781 967/771/967/1054 
f 969/773/969/1056 970/774/970/1057 716/645/716/783 
f 969/773/969/1056 716/645/716/783 717/646/717/784 
f 972/776/972/1059 719/648/719/786 718/647/718/785 
f 972/776/972/1059 718/647/718/785 971/775/971/1058 
f 719/648/719/786 972/776/972/1059 973/777/973/1060 
f 719/648/719/786 973/777/973/1060 720/649/720/787 
f 975/779/975/1062 722/651/722/789 721/650/721/788 
f 975/779/975/1062 721/650/721/788 974/778/974/1061 
f 976/780/976/1063 977/781/977/1064 723/652/723/790 
f 976/780/976/1063 723/652/723/790 724/653/724/791 
f 977/781/977/1064 978/782/978/1065 725/654/725/792 
f 977/781/977/1064 725/654/725/792 723/652/723/790 
f 726/655/726/793 979/783/979/1066 980/784/980/1067 
f 726/655/726/793 980/784/980/1067 727/656/727/794 
f 727/656/727/794 980/784/980/1067 981/785/981/1068 
f 727/656/727/794 981/785/981/1068 728/657/728/795 
f 969/773/969/1056 717/646/717/784 715/644/715/782 
f 969/773/969/1056 715/644/715/782 968/772/968/1055 
f 970/774/970/1057 982/786/982/1069 729/658/729/796 
f 970/774/970/1057 729/658/729/796 716/645/716/783 
f 734/663/734/801 983/787/983/1070 984/788/984/1071 
f 734/663/734/801 984/788/984/1071 985/789/985/1072 
f 735/664/735/802 986/790/986/1073 987/791/987/1074 
f 735/664/735/802 987/791/987/1074 733/662/733/800 
f 737/666/737/804 988/792/988/1075 986/790/986/1073 
f 737/666/737/804 986/790/986/1073 735/664/735/802 
f 933/737/933/1020 969/773/969/1056 968/772/968/1055 
f 933/737/933/1020 968/772/968/1055 927/731/927/1014 
f 958/762/958/1045 982/786/982/1069 970/774/970/1057 
f 958/762/958/1045 970/774/970/1057 932/736/932/1019 
f 984/788/984/1071 983/787/983/1070 959/763/959/1046 
f 984/788/984/1071 959/763/959/1046 989/793/989/1076 
f 960/764/960/1047 987/791/987/1074 986/790/986/1073 
f 960/764/960/1047 986/790/986/1073 964/768/964/1051 
f 986/790/986/1073 988/792/988/1075 966/770/966/1053 
f 986/790/986/1073 966/770/966/1053 964/768/964/1051 
f 990/794/990/1077 930/734/930/1017 929/733/929/1016 
f 990/794/990/1077 929/733/929/1016 991/795/991/1078 
f 992/796/992/1079 993/797/993/1080 931/735/931/1018 
f 992/796/992/1079 931/735/931/1018 934/738/934/1021 
f 994/798/994/1081 938/742/938/1025 937/741/937/1024 
f 994/798/994/1081 937/741/937/1024 995/799/995/1082 
f 938/742/938/1025 994/798/994/1081 996/800/996/1083 
f 938/742/938/1025 996/800/996/1083 939/743/939/1026 
f 997/801/997/1084 944/748/944/1031 943/747/943/1030 
f 997/801/997/1084 943/747/943/1030 998/802/998/1085 
f 999/803/999/1086 1000/804/1000/1087 945/749/945/1032 
f 999/803/999/1086 945/749/945/1032 948/752/948/1035 
f 1000/804/1000/1087 1001/805/1001/1088 949/753/949/1036 
f 1000/804/1000/1087 949/753/949/1036 945/749/945/1032 
f 951/755/951/1038 1002/806/1002/1089 1003/807/1003/1090 
f 951/755/951/1038 1003/807/1003/1090 952/756/952/1039 
f 952/756/952/1039 1003/807/1003/1090 1004/808/1004/1091 
f 952/756/952/1039 1004/808/1004/1091 955/759/955/1042 
f 992/796/992/1079 934/738/934/1021 930/734/930/1017 
f 992/796/992/1079 930/734/930/1017 990/794/990/1077 
f 993/797/993/1080 1005/809/1005/1092 957/761/957/1044 
f 993/797/993/1080 957/761/957/1044 931/735/931/1018 
f 962/766/962/1049 1006/810/1006/1093 1007/811/1007/1094 
f 962/766/962/1049 1007/811/1007/1094 1008/812/1008/1095 
f 963/767/963/1050 1009/813/1009/1096 1010/814/1010/1097 
f 963/767/963/1050 1010/814/1010/1097 961/765/961/1048 
f 965/769/965/1052 1011/815/1011/1098 1009/813/1009/1096 
f 965/769/965/1052 1009/813/1009/1096 963/767/963/1050 
f 991/795/991/1078 1012/816/1012/1099 1013/817/1013/1100 
f 991/795/991/1078 1013/817/1013/1100 990/794/990/1077 
f 1014/818/1014/1101 1015/819/1015/1102 993/797/993/1080 
f 1014/818/1014/1101 993/797/993/1080 992/796/992/1079 
f 1016/820/1016/1103 1017/821/1017/1104 994/798/994/1081 
f 1016/820/1016/1103 994/798/994/1081 995/799/995/1082 
f 1017/821/1017/1104 1018/822/1018/1105 996/800/996/1083 
f 1017/821/1017/1104 996/800/996/1083 994/798/994/1081 
f 1019/823/1019/1106 1020/824/1020/1107 997/801/997/1084 
f 1019/823/1019/1106 997/801/997/1084 998/802/998/1085 
f 1021/825/1021/1108 1022/826/1022/1109 1000/804/1000/1087 
f 1021/825/1021/1108 1000/804/1000/1087 999/803/999/1086 
f 1022/826/1022/1109 1023/827/1023/1110 1001/805/1001/1088 
f 1022/826/1022/1109 1001/805/1001/1088 1000/804/1000/1087 
f 1024/828/1024/1111 1025/829/1025/1112 1003/807/1003/1090 
f 1024/828/1024/1111 1003/807/1003/1090 1002/806/1002/1089 
f 1003/807/1003/1090 1025/829/1025/1112 1026/830/1026/1113 
f 1003/807/1003/1090 1026/830/1026/1113 1004/808/1004/1091 
f 1013/831/1013/1114 1012/832/1012/1115 1027/704/1027/1116 
f 1013/831/1013/1114 1027/704/1027/1116 1028/703/1028/1117 
f 1029/705/1029/1118 1015/833/1015/1119 1014/834/1014/1120 
f 1029/705/1029/1118 1014/834/1014/1120 1030/706/1030/1121 
f 1017/835/1017/1122 1016/836/1016/1123 1031/708/1031/1124 
f 1017/835/1017/1122 1031/708/1031/1124 1032/707/1032/1125 
f 1032/707/1032/1125 1033/709/1033/1126 1018/837/1018/1127 
f 1032/707/1032/1125 1018/837/1018/1127 1017/835/1017/1122 
f 1020/838/1020/1128 1019/839/1019/1129 1034/711/1034/1130 
f 1020/838/1020/1128 1034/711/1034/1130 1035/710/1035/1131 
f 1036/712/1036/1132 1022/840/1022/1133 1021/841/1021/1134 
f 1036/712/1036/1132 1021/841/1021/1134 1037/713/1037/1135 
f 1038/714/1038/1136 1023/842/1023/1137 1022/840/1022/1133 
f 1038/714/1038/1136 1022/840/1022/1133 1036/712/1036/1132 
f 1039/715/1039/1138 1040/716/1040/1139 1025/843/1025/1140 
f 1039/715/1039/1138 1025/843/1025/1140 1024/844/1024/1141 
f 1040/716/1040/1139 1041/717/1041/1142 1026/845/1026/1143 
f 1040/716/1040/1139 1026/845/1026/1143 1025/843/1025/1140 
f 1014/834/1014/1120 1013/831/1013/1114 1028/703/1028/1117 
f 1014/834/1014/1120 1028/703/1028/1117 1030/706/1030/1121 
f 1042/719/1042/1144 1043/846/1043/1145 1015/833/1015/1119 
f 1042/719/1042/1144 1015/833/1015/1119 1029/705/1029/1118 
f 1044/847/1044/1146 1045/848/1045/1147 1046/727/1046/1148 
f 1044/847/1044/1146 1046/727/1046/1148 1047/720/1047/1149 
f 1048/724/1048/1150 1046/727/1046/1148 1045/848/1045/1147 
f 1048/724/1048/1150 1045/848/1045/1147 1049/849/1049/1151 
f 1050/728/1050/1152 1048/724/1048/1150 1049/849/1049/1151 
f 1050/728/1050/1152 1049/849/1049/1151 1051/850/1051/1153 
f 992/796/992/1079 990/794/990/1077 1013/817/1013/1100 
f 992/796/992/1079 1013/817/1013/1100 1014/818/1014/1101 
f 1005/809/1005/1092 993/797/993/1080 1015/819/1015/1102 
f 1005/809/1005/1092 1015/819/1015/1102 1043/851/1043/1154 
f 1045/852/1045/1155 1044/853/1044/1156 1006/810/1006/1093 
f 1045/852/1045/1155 1006/810/1006/1093 1010/814/1010/1097 
f 1010/814/1010/1097 1009/813/1009/1096 1049/854/1049/1157 
f 1010/814/1010/1097 1049/854/1049/1157 1045/852/1045/1155 
f 1009/813/1009/1096 1011/815/1011/1098 1051/855/1051/1158 
f 1009/813/1009/1096 1051/855/1051/1158 1049/854/1049/1157 
f 1052/586/1052/1159 1053/587/1053/1160 1054/588/1054/1161 
f 1052/586/1052/1159 1054/588/1054/1161 1055/589/1055/1162 
f 1056/590/1056/1163 1057/591/1057/1164 1058/592/1058/1165 
f 1056/590/1056/1163 1058/592/1058/1165 1059/593/1059/1166 
f 1060/594/1060/1167 1061/595/1061/1168 1062/596/1062/1169 
f 1060/594/1060/1167 1062/596/1062/1169 1063/597/1063/1170 
f 1061/595/1061/1168 1060/594/1060/1167 1064/598/1064/1171 
f 1061/595/1061/1168 1064/598/1064/1171 1065/599/1065/1172 
f 1066/600/1066/1173 1067/601/1067/1174 1068/602/1068/1175 
f 1066/600/1066/1173 1068/602/1068/1175 1069/603/1069/1176 
f 1070/604/1070/1177 1071/605/1071/1178 1072/606/1072/1179 
f 1070/604/1070/1177 1072/606/1072/1179 1073/607/1073/1180 
f 1071/605/1071/1178 1074/608/1074/1181 1075/609/1075/1182 
f 1071/605/1071/1178 1075/609/1075/1182 1072/606/1072/1179 
f 1076/610/1076/1183 1077/611/1077/1184 1078/612/1078/1185 
f 1076/610/1076/1183 1078/612/1078/1185 1079/613/1079/1186 
f 1079/613/1079/1186 1078/612/1078/1185 1080/614/1080/1187 
f 1079/613/1079/1186 1080/614/1080/1187 1081/615/1081/1188 
f 1056/590/1056/1163 1059/593/1059/1166 1053/587/1053/1160 
f 1056/590/1056/1163 1053/587/1053/1160 1052/586/1052/1159 
f 1057/591/1057/1164 1082/616/1082/1189 1083/617/1083/1190 
f 1057/591/1057/1164 1083/617/1083/1190 1058/592/1058/1165 
f 1084/618/1084/1191 1085/619/1085/1192 1086/620/1086/1193 
f 1084/618/1084/1191 1086/620/1086/1193 1087/621/1087/1194 
f 1088/622/1088/1195 1089/623/1089/1196 1090/624/1090/1197 
f 1088/622/1088/1195 1090/624/1090/1197 1091/625/1091/1198 
f 1092/626/1092/1199 1093/627/1093/1200 1089/623/1089/1196 
f 1092/626/1092/1199 1089/623/1089/1196 1088/622/1088/1195 
f 1055/589/1055/1162 1094/628/1094/1201 1095/629/1095/1202 
f 1055/589/1055/1162 1095/629/1095/1202 1052/586/1052/1159 
f 1096/630/1096/1203 1097/631/1097/1204 1057/591/1057/1164 
f 1096/630/1096/1203 1057/591/1057/1164 1056/590/1056/1163 
f 1098/632/1098/1205 1099/633/1099/1206 1060/594/1060/1167 
f 1098/632/1098/1205 1060/594/1060/1167 1063/597/1063/1170 
f 1099/633/1099/1206 1100/634/1100/1207 1064/598/1064/1171 
f 1099/633/1099/1206 1064/598/1064/1171 1060/594/1060/1167 
f 1101/635/1101/1208 1102/636/1102/1209 1066/600/1066/1173 
f 1101/635/1101/1208 1066/600/1066/1173 1069/603/1069/1176 
f 1103/637/1103/1210 1104/638/1104/1211 1071/605/1071/1178 
f 1103/637/1103/1210 1071/605/1071/1178 1070/604/1070/1177 
f 1104/638/1104/1211 1105/639/1105/1212 1074/608/1074/1181 
f 1104/638/1104/1211 1074/608/1074/1181 1071/605/1071/1178 
f 1106/640/1106/1213 1107/641/1107/1214 1078/612/1078/1185 
f 1106/640/1106/1213 1078/612/1078/1185 1077/611/1077/1184 
f 1078/612/1078/1185 1107/641/1107/1214 1108/642/1108/1215 
f 1078/612/1078/1185 1108/642/1108/1215 1080/614/1080/1187 
f 1095/629/1095/1202 1094/628/1094/1201 858/643/858/925 
f 1095/629/1095/1202 858/643/858/925 857/644/857/924 
f 859/645/859/926 1097/631/1097/1204 1096/630/1096/1203 
f 859/645/859/926 1096/630/1096/1203 860/646/860/927 
f 1099/633/1099/1206 1098/632/1098/1205 862/647/862/929 
f 1099/633/1099/1206 862/647/862/929 861/648/861/928 
f 861/648/861/928 863/649/863/930 1100/634/1100/1207 
f 861/648/861/928 1100/634/1100/1207 1099/633/1099/1206 
f 1102/636/1102/1209 1101/635/1101/1208 865/650/865/932 
f 1102/636/1102/1209 865/650/865/932 864/651/864/931 
f 866/652/866/933 1104/638/1104/1211 1103/637/1103/1210 
f 866/652/866/933 1103/637/1103/1210 867/653/867/934 
f 868/654/868/935 1105/639/1105/1212 1104/638/1104/1211 
f 868/654/868/935 1104/638/1104/1211 866/652/866/933 
f 869/655/869/936 870/656/870/937 1107/641/1107/1214 
f 869/655/869/936 1107/641/1107/1214 1106/640/1106/1213 
f 870/656/870/937 871/657/871/938 1108/642/1108/1215 
f 870/656/870/937 1108/642/1108/1215 1107/641/1107/1214 
f 1096/630/1096/1203 1095/629/1095/1202 857/644/857/924 
f 1096/630/1096/1203 857/644/857/924 860/646/860/927 
f 873/658/873/940 1109/659/1109/1216 1097/631/1097/1204 
f 873/658/873/940 1097/631/1097/1204 859/645/859/926 
f 1110/660/1110/1217 1111/661/1111/1218 881/662/881/948 
f 1110/660/1110/1217 881/662/881/948 874/663/874/941 
f 878/664/878/945 881/662/881/948 1111/661/1111/1218 
f 878/664/878/945 1111/661/1111/1218 1112/665/1112/1219 
f 882/666/882/949 878/664/878/945 1112/665/1112/1219 
f 882/666/882/949 1112/665/1112/1219 1113/667/1113/1220 
f 1056/590/1056/1163 1052/586/1052/1159 1095/629/1095/1202 
f 1056/590/1056/1163 1095/629/1095/1202 1096/630/1096/1203 
f 1082/616/1082/1189 1057/591/1057/1164 1097/631/1097/1204 
f 1082/616/1082/1189 1097/631/1097/1204 1109/659/1109/1216 
f 1111/661/1111/1218 1110/660/1110/1217 1085/619/1085/1192 
f 1111/661/1111/1218 1085/619/1085/1192 1090/624/1090/1197 
f 1090/624/1090/1197 1089/623/1089/1196 1112/665/1112/1219 
f 1090/624/1090/1197 1112/665/1112/1219 1111/661/1111/1218 
f 1089/623/1089/1196 1093/627/1093/1200 1113/667/1113/1220 
f 1089/623/1089/1196 1113/667/1113/1220 1112/665/1112/1219 
f 1114/668/1114/1221 1115/669/1115/1222 1054/588/1054/1161 
f 1114/668/1114/1221 1054/588/1054/1161 1053/587/1053/1160 
f 1058/592/1058/1165 1116/670/1116/1223 1117/671/1117/1224 
f 1058/592/1058/1165 1117/671/1117/1224 1059/593/1059/1166 
f 1118/672/1118/1225 1119/673/1119/1226 1062/596/1062/1169 
f 1118/672/1118/1225 1062/596/1062/1169 1061/595/1061/1168 
f 1061/595/1061/1168 1065/599/1065/1172 1120/674/1120/1227 
f 1061/595/1061/1168 1120/674/1120/1227 1118/672/1118/1225 
f 1121/675/1121/1228 1122/676/1122/1229 1068/602/1068/1175 
f 1121/675/1121/1228 1068/602/1068/1175 1067/601/1067/1174 
f 1072/606/1072/1179 1123/677/1123/1230 1124/678/1124/1231 
f 1072/606/1072/1179 1124/678/1124/1231 1073/607/1073/1180 
f 1075/609/1075/1182 1125/679/1125/1232 1123/677/1123/1230 
f 1075/609/1075/1182 1123/677/1123/1230 1072/606/1072/1179 
f 1076/610/1076/1183 1079/613/1079/1186 1126/680/1126/1233 
f 1076/610/1076/1183 1126/680/1126/1233 1127/681/1127/1234 
f 1079/613/1079/1186 1081/615/1081/1188 1128/682/1128/1235 
f 1079/613/1079/1186 1128/682/1128/1235 1126/680/1126/1233 
f 1117/671/1117/1224 1114/668/1114/1221 1053/587/1053/1160 
f 1117/671/1117/1224 1053/587/1053/1160 1059/593/1059/1166 
f 1083/617/1083/1190 1129/683/1129/1236 1116/670/1116/1223 
f 1083/617/1083/1190 1116/670/1116/1223 1058/592/1058/1165 
f 1130/684/1130/1237 1131/685/1131/1238 1091/625/1091/1198 
f 1130/684/1130/1237 1091/625/1091/1198 1084/618/1084/1191 
f 1088/622/1088/1195 1091/625/1091/1198 1131/685/1131/1238 
f 1088/622/1088/1195 1131/685/1131/1238 1132/686/1132/1239 
f 1092/626/1092/1199 1088/622/1088/1195 1132/686/1132/1239 
f 1092/626/1092/1199 1132/686/1132/1239 1133/687/1133/1240 
f 1134/688/1134/1241 1115/669/1115/1222 1114/668/1114/1221 
f 1134/688/1134/1241 1114/668/1114/1221 1135/689/1135/1242 
f 1136/690/1136/1243 1117/671/1117/1224 1116/670/1116/1223 
f 1136/690/1136/1243 1116/670/1116/1223 1137/691/1137/1244 
f 1138/692/1138/1245 1119/673/1119/1226 1118/672/1118/1225 
f 1138/692/1138/1245 1118/672/1118/1225 1139/693/1139/1246 
f 1139/693/1139/1246 1118/672/1118/1225 1120/674/1120/1227 
f 1139/693/1139/1246 1120/674/1120/1227 1140/694/1140/1247 
f 1141/695/1141/1248 1122/676/1122/1229 1121/675/1121/1228 
f 1141/695/1141/1248 1121/675/1121/1228 1142/696/1142/1249 
f 1143/697/1143/1250 1124/678/1124/1231 1123/677/1123/1230 
f 1143/697/1143/1250 1123/677/1123/1230 1144/698/1144/1251 
f 1144/698/1144/1251 1123/677/1123/1230 1125/679/1125/1232 
f 1144/698/1144/1251 1125/679/1125/1232 1145/699/1145/1252 
f 1146/700/1146/1253 1127/681/1127/1234 1126/680/1126/1233 
f 1146/700/1146/1253 1126/680/1126/1233 1147/701/1147/1254 
f 1126/680/1126/1233 1128/682/1128/1235 1148/702/1148/1255 
f 1126/680/1126/1233 1148/702/1148/1255 1147/701/1147/1254 
f 1135/689/1135/1242 1028/703/1028/1117 1027/704/1027/1116 
f 1135/689/1135/1242 1027/704/1027/1116 1134/688/1134/1241 
f 1136/690/1136/1243 1137/691/1137/1244 1029/705/1029/1118 
f 1136/690/1136/1243 1029/705/1029/1118 1030/706/1030/1121 
f 1139/693/1139/1246 1032/707/1032/1125 1031/708/1031/1124 
f 1139/693/1139/1246 1031/708/1031/1124 1138/692/1138/1245 
f 1032/707/1032/1125 1139/693/1139/1246 1140/694/1140/1247 
f 1032/707/1032/1125 1140/694/1140/1247 1033/709/1033/1126 
f 1142/696/1142/1249 1035/710/1035/1131 1034/711/1034/1130 
f 1142/696/1142/1249 1034/711/1034/1130 1141/695/1141/1248 
f 1143/697/1143/1250 1144/698/1144/1251 1036/712/1036/1132 
f 1143/697/1143/1250 1036/712/1036/1132 1037/713/1037/1135 
f 1144/698/1144/1251 1145/699/1145/1252 1038/714/1038/1136 
f 1144/698/1144/1251 1038/714/1038/1136 1036/712/1036/1132 
f 1039/715/1039/1138 1146/700/1146/1253 1147/701/1147/1254 
f 1039/715/1039/1138 1147/701/1147/1254 1040/716/1040/1139 
f 1040/716/1040/1139 1147/701/1147/1254 1148/702/1148/1255 
f 1040/716/1040/1139 1148/702/1148/1255 1041/717/1041/1142 
f 1136/690/1136/1243 1030/706/1030/1121 1028/703/1028/1117 
f 1136/690/1136/1243 1028/703/1028/1117 1135/689/1135/1242 
f 1137/691/1137/1244 1149/718/1149/1256 1042/719/1042/1144 
f 1137/691/1137/1244 1042/719/1042/1144 1029/705/1029/1118 
f 1047/720/1047/1149 1150/721/1150/1257 1151/722/1151/1258 
f 1047/720/1047/1149 1151/722/1151/1258 1152/723/1152/1259 
f 1048/724/1048/1150 1153/725/1153/1260 1154/726/1154/1261 
f 1048/724/1048/1150 1154/726/1154/1261 1046/727/1046/1148 
f 1050/728/1050/1152 1155/729/1155/1262 1153/725/1153/1260 
f 1050/728/1050/1152 1153/725/1153/1260 1048/724/1048/1150 
f 1117/671/1117/1224 1136/690/1136/1243 1135/689/1135/1242 
f 1117/671/1117/1224 1135/689/1135/1242 1114/668/1114/1221 
f 1129/683/1129/1236 1149/718/1149/1256 1137/691/1137/1244 
f 1129/683/1129/1236 1137/691/1137/1244 1116/670/1116/1223 
f 1151/722/1151/1258 1150/721/1150/1257 1130/684/1130/1237 
f 1151/722/1151/1258 1130/684/1130/1237 1156/730/1156/1263 
f 1131/685/1131/1238 1154/726/1154/1261 1153/725/1153/1260 
f 1131/685/1131/1238 1153/725/1153/1260 1132/686/1132/1239 
f 1153/725/1153/1260 1155/729/1155/1262 1133/687/1133/1240 
f 1153/725/1153/1260 1133/687/1133/1240 1132/686/1132/1239 
f 690/619/690/757 689/618/689/756 696/625/696/763 
f 690/619/690/757 696/625/696/763 695/624/695/762 
f 1157/856/1157/1264 731/660/731/798 734/663/734/801 
f 1157/856/1157/1264 734/663/734/801 985/789/985/1072 
f 731/660/731/798 1157/856/1157/1264 691/620/691/758 
f 731/660/731/798 691/620/691/758 690/619/690/757 
f 801/730/801/868 755/684/755/822 689/618/689/756 
f 801/730/801/868 689/618/689/756 692/621/692/759 
f 792/721/792/859 791/720/791/858 798/727/798/865 
f 792/721/792/859 798/727/798/865 797/726/797/864 
f 792/721/792/859 797/726/797/864 756/685/756/823 
f 792/721/792/859 756/685/756/823 755/684/755/822 
f 884/793/884/951 834/763/834/901 837/766/837/904 
f 884/793/884/951 837/766/837/904 903/812/903/970 
f 875/787/875/942 874/663/874/941 881/662/881/948 
f 875/787/875/942 881/662/881/948 880/791/880/947 
f 875/787/875/942 880/791/880/947 835/764/835/902 
f 875/787/875/942 835/764/835/902 834/763/834/901 
f 901/810/901/968 837/766/837/904 836/765/836/903 
f 901/810/901/968 836/765/836/903 905/814/905/972 
f 1158/857/1158/1265 923/847/923/1005 791/720/791/858 
f 1158/857/1158/1265 791/720/791/858 794/723/794/861 
f 923/853/923/1011 1158/858/1158/1266 902/811/902/969 
f 923/853/923/1011 902/811/902/969 901/810/901/968 
f 989/793/989/1076 959/763/959/1046 962/766/962/1049 
f 989/793/989/1076 962/766/962/1049 1008/812/1008/1095 
f 983/787/983/1070 734/663/734/801 733/662/733/800 
f 983/787/983/1070 733/662/733/800 987/791/987/1074 
f 983/787/983/1070 987/791/987/1074 960/764/960/1047 
f 983/787/983/1070 960/764/960/1047 959/763/959/1046 
f 1006/810/1006/1093 962/766/962/1049 961/765/961/1048 
f 1006/810/1006/1093 961/765/961/1048 1010/814/1010/1097 
f 1159/857/1159/1267 1044/847/1044/1146 1047/720/1047/1149 
f 1159/857/1159/1267 1047/720/1047/1149 1152/723/1152/1259 
f 1044/853/1044/1156 1159/858/1159/1268 1007/811/1007/1094 
f 1044/853/1044/1156 1007/811/1007/1094 1006/810/1006/1093 
f 1085/619/1085/1192 1084/618/1084/1191 1091/625/1091/1198 
f 1085/619/1085/1192 1091/625/1091/1198 1090/624/1090/1197 
f 1160/856/1160/1269 1110/660/1110/1217 874/663/874/941 
f 1160/856/1160/1269 874/663/874/941 877/789/877/944 
f 1110/660/1110/1217 1160/856/1160/1269 1086/620/1086/1193 
f 1110/660/1110/1217 1086/620/1086/1193 1085/619/1085/1192 
f 1156/730/1156/1263 1130/684/1130/1237 1084/618/1084/1191 
f 1156/730/1156/1263 1084/618/1084/1191 1087/621/1087/1194 
f 1150/721/1150/1257 1047/720/1047/1149 1046/727/1046/1148 
f 1150/721/1150/1257 1046/727/1046/1148 1154/726/1154/1261 
f 1150/721/1150/1257 1154/726/1154/1261 1131/685/1131/1238 
f 1150/721/1150/1257 1131/685/1131/1238 1130/684/1130/1237 
f 1161/859/1161/1270 1162/860/1162/1271 686/615/686/753 
f 1161/859/1161/1270 686/615/686/753 685/614/685/752 
f 728/657/728/795 1163/861/1163/1272 1164/862/1164/1273 
f 728/657/728/795 1164/862/1164/1273 713/642/713/780 
f 1161/859/1161/1270 685/614/685/752 713/642/713/780 
f 1161/859/1161/1270 713/642/713/780 1164/862/1164/1273 
f 686/615/686/753 1162/860/1162/1271 1165/863/1165/1274 
f 686/615/686/753 1165/863/1165/1274 753/682/753/820 
f 1166/864/1166/1275 1167/865/1167/1276 788/717/788/855 
f 1166/864/1166/1275 788/717/788/855 773/702/773/840 
f 1166/864/1166/1275 773/702/773/840 753/682/753/820 
f 1166/864/1166/1275 753/682/753/820 1165/863/1165/1274 
f 830/759/830/897 1168/866/1168/1277 1169/867/1169/1278 
f 830/759/830/897 1169/867/1169/1278 831/760/831/898 
f 1170/868/1170/1279 1171/861/1171/1280 871/657/871/938 
f 1170/868/1170/1279 871/657/871/938 856/785/856/923 
f 1170/868/1170/1279 856/785/856/923 831/760/831/898 
f 1170/868/1170/1279 831/760/831/898 1169/867/1169/1278 
f 1172/869/1172/1281 1168/866/1168/1277 830/759/830/897 
f 1172/869/1172/1281 830/759/830/897 899/808/899/966 
f 788/717/788/855 1167/865/1167/1276 1173/870/1173/1282 
f 788/717/788/855 1173/870/1173/1282 921/845/921/1003 
f 1172/869/1172/1281 899/808/899/966 921/830/921/988 
f 1172/869/1172/1281 921/830/921/988 1173/871/1173/1283 
f 955/759/955/1042 1174/866/1174/1284 1175/867/1175/1285 
f 955/759/955/1042 1175/867/1175/1285 956/760/956/1043 
f 1176/868/1176/1286 1163/861/1163/1272 728/657/728/795 
f 1176/868/1176/1286 728/657/728/795 981/785/981/1068 
f 1176/868/1176/1286 981/785/981/1068 956/760/956/1043 
f 1176/868/1176/1286 956/760/956/1043 1175/867/1175/1285 
f 1177/869/1177/1287 1174/866/1174/1284 955/759/955/1042 
f 1177/869/1177/1287 955/759/955/1042 1004/808/1004/1091 
f 1041/717/1041/1142 1178/865/1178/1288 1179/870/1179/1289 
f 1041/717/1041/1142 1179/870/1179/1289 1026/845/1026/1143 
f 1177/869/1177/1287 1004/808/1004/1091 1026/830/1026/1113 
f 1177/869/1177/1287 1026/830/1026/1113 1179/871/1179/1290 
f 1180/859/1180/1291 1181/860/1181/1292 1081/615/1081/1188 
f 1180/859/1180/1291 1081/615/1081/1188 1080/614/1080/1187 
f 871/657/871/938 1171/861/1171/1280 1182/862/1182/1293 
f 871/657/871/938 1182/862/1182/1293 1108/642/1108/1215 
f 1180/859/1180/1291 1080/614/1080/1187 1108/642/1108/1215 
f 1180/859/1180/1291 1108/642/1108/1215 1182/862/1182/1293 
f 1081/615/1081/1188 1181/860/1181/1292 1183/863/1183/1294 
f 1081/615/1081/1188 1183/863/1183/1294 1128/682/1128/1235 
f 1184/864/1184/1295 1178/865/1178/1288 1041/717/1041/1142 
f 1184/864/1184/1295 1041/717/1041/1142 1148/702/1148/1255 
f 1184/864/1184/1295 1148/702/1148/1255 1128/682/1128/1235 
f 1184/864/1184/1295 1128/682/1128/1235 1183/863/1183/1294 
f 698/627/698/765 697/626/697/764 1162/860/1162/1271 
f 698/627/698/765 1162/860/1162/1271 1161/859/1161/1270 
f 1163/861/1163/1272 737/666/737/804 738/667/738/805 
f 1163/861/1163/1272 738/667/738/805 1164/862/1164/1273 
f 698/627/698/765 1161/859/1161/1270 1164/862/1164/1273 
f 698/627/698/765 1164/862/1164/1273 738/667/738/805 
f 1162/860/1162/1271 697/626/697/764 758/687/758/825 
f 1162/860/1162/1271 758/687/758/825 1165/863/1165/1274 
f 800/729/800/867 799/728/799/866 1167/865/1167/1276 
f 800/729/800/867 1167/865/1167/1276 1166/864/1166/1275 
f 800/729/800/867 1166/864/1166/1275 1165/863/1165/1274 
f 800/729/800/867 1165/863/1165/1274 758/687/758/825 
f 1168/866/1168/1277 840/769/840/907 841/770/841/908 
f 1168/866/1168/1277 841/770/841/908 1169/867/1169/1278 
f 883/792/883/950 882/666/882/949 1171/861/1171/1280 
f 883/792/883/950 1171/861/1171/1280 1170/868/1170/1279 
f 883/792/883/950 1170/868/1170/1279 1169/867/1169/1278 
f 883/792/883/950 1169/867/1169/1278 841/770/841/908 
f 906/815/906/973 840/769/840/907 1168/866/1168/1277 
f 906/815/906/973 1168/866/1168/1277 1172/869/1172/1281 
f 1167/865/1167/1276 799/728/799/866 926/850/926/1008 
f 1167/865/1167/1276 926/850/926/1008 1173/870/1173/1282 
f 906/815/906/973 1172/869/1172/1281 1173/871/1173/1283 
f 906/815/906/973 1173/871/1173/1283 926/855/926/1013 
f 1174/866/1174/1284 965/769/965/1052 966/770/966/1053 
f 1174/866/1174/1284 966/770/966/1053 1175/867/1175/1285 
f 988/792/988/1075 737/666/737/804 1163/861/1163/1272 
f 988/792/988/1075 1163/861/1163/1272 1176/868/1176/1286 
f 988/792/988/1075 1176/868/1176/1286 1175/867/1175/1285 
f 988/792/988/1075 1175/867/1175/1285 966/770/966/1053 
f 1011/815/1011/1098 965/769/965/1052 1174/866/1174/1284 
f 1011/815/1011/1098 1174/866/1174/1284 1177/869/1177/1287 
f 1178/865/1178/1288 1050/728/1050/1152 1051/850/1051/1153 
f 1178/865/1178/1288 1051/850/1051/1153 1179/870/1179/1289 
f 1011/815/1011/1098 1177/869/1177/1287 1179/871/1179/1290 
f 1011/815/1011/1098 1179/871/1179/1290 1051/855/1051/1158 
f 1093/627/1093/1200 1092/626/1092/1199 1181/860/1181/1292 
f 1093/627/1093/1200 1181/860/1181/1292 1180/859/1180/1291 
f 1171/861/1171/1280 882/666/882/949 1113/667/1113/1220 
f 1171/861/1171/1280 1113/667/1113/1220 1182/862/1182/1293 
f 1093/627/1093/1200 1180/859/1180/1291 1182/862/1182/1293 
f 1093/627/1093/1200 1182/862/1182/1293 1113/667/1113/1220 
f 1181/860/1181/1292 1092/626/1092/1199 1133/687/1133/1240 
f 1181/860/1181/1292 1133/687/1133/1240 1183/863/1183/1294 
f 1155/729/1155/1262 1050/728/1050/1152 1178/865/1178/1288 
f 1155/729/1155/1262 1178/865/1178/1288 1184/864/1184/1295 
f 1155/729/1155/1262 1184/864/1184/1295 1183/863/1183/1294 
f 1155/729/1155/1262 1183/863/1183/1294 1133/687/1133/1240 
f 680/609/680/747 679/608/679/746 682/611/682/749 
f 680/609/680/747 682/611/682/749 681/610/681/748 
f 679/608/679/746 710/639/710/777 711/640/711/778 
f 679/608/679/746 711/640/711/778 682/611/682/749 
f 711/640/711/778 710/639/710/777 725/654/725/792 
f 711/640/711/778 725/654/725/792 726/655/726/793 
f 752/681/752/819 750/679/750/817 680/609/680/747 
f 752/681/752/819 680/609/680/747 681/610/681/748 
f 785/714/785/852 770/699/770/837 771/700/771/838 
f 785/714/785/852 771/700/771/838 786/715/786/853 
f 770/699/770/837 750/679/750/817 752/681/752/819 
f 770/699/770/837 752/681/752/819 771/700/771/838 
f 829/758/829/896 825/754/825/892 824/753/824/891 
f 829/758/829/896 824/753/824/891 826/755/826/893 
f 868/654/868/935 853/782/853/920 854/783/854/921 
f 868/654/868/935 854/783/854/921 869/655/869/936 
f 853/782/853/920 825/754/825/892 829/758/829/896 
f 853/782/853/920 829/758/829/896 854/783/854/921 
f 824/753/824/891 896/805/896/963 897/806/897/964 
f 824/753/824/891 897/806/897/964 826/755/826/893 
f 919/844/919/1002 918/842/918/1000 785/714/785/852 
f 919/844/919/1002 785/714/785/852 786/715/786/853 
f 896/805/896/963 918/827/918/985 919/828/919/986 
f 896/805/896/963 919/828/919/986 897/806/897/964 
f 954/758/954/1041 950/754/950/1037 949/753/949/1036 
f 954/758/954/1041 949/753/949/1036 951/755/951/1038 
f 725/654/725/792 978/782/978/1065 979/783/979/1066 
f 725/654/725/792 979/783/979/1066 726/655/726/793 
f 978/782/978/1065 950/754/950/1037 954/758/954/1041 
f 978/782/978/1065 954/758/954/1041 979/783/979/1066 
f 949/753/949/1036 1001/805/1001/1088 1002/806/1002/1089 
f 949/753/949/1036 1002/806/1002/1089 951/755/951/1038 
f 1024/844/1024/1141 1023/842/1023/1137 1038/714/1038/1136 
f 1024/844/1024/1141 1038/714/1038/1136 1039/715/1039/1138 
f 1001/805/1001/1088 1023/827/1023/1110 1024/828/1024/1111 
f 1001/805/1001/1088 1024/828/1024/1111 1002/806/1002/1089 
f 1075/609/1075/1182 1074/608/1074/1181 1077/611/1077/1184 
f 1075/609/1075/1182 1077/611/1077/1184 1076/610/1076/1183 
f 1106/640/1106/1213 1105/639/1105/1212 868/654/868/935 
f 1106/640/1106/1213 868/654/868/935 869/655/869/936 
f 1074/608/1074/1181 1105/639/1105/1212 1106/640/1106/1213 
f 1074/608/1074/1181 1106/640/1106/1213 1077/611/1077/1184 
f 1127/681/1127/1234 1125/679/1125/1232 1075/609/1075/1182 
f 1127/681/1127/1234 1075/609/1075/1182 1076/610/1076/1183 
f 1038/714/1038/1136 1145/699/1145/1252 1146/700/1146/1253 
f 1038/714/1038/1136 1146/700/1146/1253 1039/715/1039/1138 
f 1145/699/1145/1252 1125/679/1125/1232 1127/681/1127/1234 
f 1145/699/1145/1252 1127/681/1127/1234 1146/700/1146/1253 
f 678/607/678/745 672/601/672/739 671/600/671/738 
f 678/607/678/745 671/600/671/738 675/604/675/742 
f 671/600/671/738 707/636/707/774 708/637/708/775 
f 671/600/671/738 708/637/708/775 675/604/675/742 
f 707/636/707/774 722/651/722/789 724/653/724/791 
f 707/636/707/774 724/653/724/791 708/637/708/775 
f 746/675/746/813 672/601/672/739 678/607/678/745 
f 746/675/746/813 678/607/678/745 749/678/749/816 
f 784/713/784/851 781/710/781/848 767/696/767/834 
f 784/713/784/851 767/696/767/834 768/697/768/835 
f 767/696/767/834 746/675/746/813 749/678/749/816 
f 767/696/767/834 749/678/749/816 768/697/768/835 
f 816/745/816/883 819/748/819/886 823/752/823/890 
f 816/745/816/883 823/752/823/890 822/751/822/889 
f 867/653/867/934 864/651/864/931 850/779/850/917 
f 867/653/867/934 850/779/850/917 851/780/851/918 
f 850/779/850/917 816/745/816/883 822/751/822/889 
f 850/779/850/917 822/751/822/889 851/780/851/918 
f 823/752/823/890 819/748/819/886 892/801/892/959 
f 823/752/823/890 892/801/892/959 894/803/894/961 
f 915/838/915/996 781/710/781/848 784/713/784/851 
f 915/838/915/996 784/713/784/851 916/841/916/999 
f 892/801/892/959 915/824/915/982 916/825/916/983 
f 892/801/892/959 916/825/916/983 894/803/894/961 
f 941/745/941/1028 944/748/944/1031 948/752/948/1035 
f 941/745/941/1028 948/752/948/1035 947/751/947/1034 
f 724/653/724/791 722/651/722/789 975/779/975/1062 
f 724/653/724/791 975/779/975/1062 976/780/976/1063 
f 975/779/975/1062 941/745/941/1028 947/751/947/1034 
f 975/779/975/1062 947/751/947/1034 976/780/976/1063 
f 948/752/948/1035 944/748/944/1031 997/801/997/1084 
f 948/752/948/1035 997/801/997/1084 999/803/999/1086 
f 1020/838/1020/1128 1035/710/1035/1131 1037/713/1037/1135 
f 1020/838/1020/1128 1037/713/1037/1135 1021/841/1021/1134 
f 997/801/997/1084 1020/824/1020/1107 1021/825/1021/1108 
f 997/801/997/1084 1021/825/1021/1108 999/803/999/1086 
f 1073/607/1073/1180 1067/601/1067/1174 1066/600/1066/1173 
f 1073/607/1073/1180 1066/600/1066/1173 1070/604/1070/1177 
f 1102/636/1102/1209 864/651/864/931 867/653/867/934 
f 1102/636/1102/1209 867/653/867/934 1103/637/1103/1210 
f 1066/600/1066/1173 1102/636/1102/1209 1103/637/1103/1210 
f 1066/600/1066/1173 1103/637/1103/1210 1070/604/1070/1177 
f 1121/675/1121/1228 1067/601/1067/1174 1073/607/1073/1180 
f 1121/675/1121/1228 1073/607/1073/1180 1124/678/1124/1231 
f 1037/713/1037/1135 1035/710/1035/1131 1142/696/1142/1249 
f 1037/713/1037/1135 1142/696/1142/1249 1143/697/1143/1250 
f 1142/696/1142/1249 1121/675/1121/1228 1124/678/1124/1231 
f 1142/696/1142/1249 1124/678/1124/1231 1143/697/1143/1250 
f 670/599/670/737 669/598/669/736 674/603/674/741 
f 670/599/670/737 674/603/674/741 673/602/673/740 
f 669/598/669/736 705/634/705/772 706/635/706/773 
f 669/598/669/736 706/635/706/773 674/603/674/741 
f 706/635/706/773 705/634/705/772 720/649/720/787 
f 706/635/706/773 720/649/720/787 721/650/721/788 
f 747/676/747/814 745/674/745/812 670/599/670/737 
f 747/676/747/814 670/599/670/737 673/602/673/740 
f 780/709/780/847 765/694/765/832 766/695/766/833 
f 780/709/780/847 766/695/766/833 782/711/782/849 
f 765/694/765/832 745/674/745/812 747/676/747/814 
f 765/694/765/832 747/676/747/814 766/695/766/833 
f 817/746/817/884 815/744/815/882 814/743/814/881 
f 817/746/817/884 814/743/814/881 818/747/818/885 
f 863/649/863/930 848/777/848/915 849/778/849/916 
f 863/649/863/930 849/778/849/916 865/650/865/932 
f 848/777/848/915 815/744/815/882 817/746/817/884 
f 848/777/848/915 817/746/817/884 849/778/849/916 
f 814/743/814/881 891/800/891/958 893/802/893/960 
f 814/743/814/881 893/802/893/960 818/747/818/885 
f 914/839/914/997 913/837/913/995 780/709/780/847 
f 914/839/914/997 780/709/780/847 782/711/782/849 
f 891/800/891/958 913/822/913/980 914/823/914/981 
f 891/800/891/958 914/823/914/981 893/802/893/960 
f 942/746/942/1029 940/744/940/1027 939/743/939/1026 
f 942/746/942/1029 939/743/939/1026 943/747/943/1030 
f 720/649/720/787 973/777/973/1060 974/778/974/1061 
f 720/649/720/787 974/778/974/1061 721/650/721/788 
f 973/777/973/1060 940/744/940/1027 942/746/942/1029 
f 973/777/973/1060 942/746/942/1029 974/778/974/1061 
f 939/743/939/1026 996/800/996/1083 998/802/998/1085 
f 939/743/939/1026 998/802/998/1085 943/747/943/1030 
f 1019/839/1019/1129 1018/837/1018/1127 1033/709/1033/1126 
f 1019/839/1019/1129 1033/709/1033/1126 1034/711/1034/1130 
f 996/800/996/1083 1018/822/1018/1105 1019/823/1019/1106 
f 996/800/996/1083 1019/823/1019/1106 998/802/998/1085 
f 1065/599/1065/1172 1064/598/1064/1171 1069/603/1069/1176 
f 1065/599/1065/1172 1069/603/1069/1176 1068/602/1068/1175 
f 1101/635/1101/1208 1100/634/1100/1207 863/649/863/930 
f 1101/635/1101/1208 863/649/863/930 865/650/865/932 
f 1064/598/1064/1171 1100/634/1100/1207 1101/635/1101/1208 
f 1064/598/1064/1171 1101/635/1101/1208 1069/603/1069/1176 
f 1122/676/1122/1229 1120/674/1120/1227 1065/599/1065/1172 
f 1122/676/1122/1229 1065/599/1065/1172 1068/602/1068/1175 
f 1033/709/1033/1126 1140/694/1140/1247 1141/695/1141/1248 
f 1033/709/1033/1126 1141/695/1141/1248 1034/711/1034/1130 
f 1140/694/1140/1247 1120/674/1120/1227 1122/676/1122/1229 
f 1140/694/1140/1247 1122/676/1122/1229 1141/695/1141/1248 
f 687/616/687/754 730/659/730/797 703/632/703/770 
f 687/616/687/754 703/632/703/770 668/597/668/735 
f 667/596/667/734 688/617/688/755 687/616/687/754 
f 667/596/667/734 687/616/687/754 668/597/668/735 
f 730/659/730/797 729/658/729/796 718/647/718/785 
f 730/659/730/797 718/647/718/785 703/632/703/770 
f 754/683/754/821 688/617/688/755 667/596/667/734 
f 754/683/754/821 667/596/667/734 744/673/744/811 
f 779/708/779/846 790/719/790/857 789/718/789/856 
f 779/708/779/846 789/718/789/856 763/692/763/830 
f 789/718/789/856 754/683/754/821 744/673/744/811 
f 789/718/789/856 744/673/744/811 763/692/763/830 
f 833/762/833/900 832/761/832/899 812/741/812/879 
f 833/762/833/900 812/741/812/879 811/740/811/878 
f 862/647/862/929 873/658/873/940 872/786/872/939 
f 862/647/862/929 872/786/872/939 846/775/846/913 
f 872/786/872/939 833/762/833/900 811/740/811/878 
f 872/786/872/939 811/740/811/878 846/775/846/913 
f 812/741/812/879 832/761/832/899 900/809/900/967 
f 812/741/812/879 900/809/900/967 890/799/890/957 
f 922/846/922/1004 790/719/790/857 779/708/779/846 
f 922/846/922/1004 779/708/779/846 911/836/911/994 
f 900/809/900/967 922/851/922/1009 911/820/911/978 
f 900/809/900/967 911/820/911/978 890/799/890/957 
f 958/762/958/1045 957/761/957/1044 937/741/937/1024 
f 958/762/958/1045 937/741/937/1024 936/740/936/1023 
f 718/647/718/785 729/658/729/796 982/786/982/1069 
f 718/647/718/785 982/786/982/1069 971/775/971/1058 
f 982/786/982/1069 958/762/958/1045 936/740/936/1023 
f 982/786/982/1069 936/740/936/1023 971/775/971/1058 
f 937/741/937/1024 957/761/957/1044 1005/809/1005/1092 
f 937/741/937/1024 1005/809/1005/1092 995/799/995/1082 
f 1043/846/1043/1145 1042/719/1042/1144 1031/708/1031/1124 
f 1043/846/1043/1145 1031/708/1031/1124 1016/836/1016/1123 
f 1005/809/1005/1092 1043/851/1043/1154 1016/820/1016/1103 
f 1005/809/1005/1092 1016/820/1016/1103 995/799/995/1082 
f 1062/596/1062/1169 1083/617/1083/1190 1082/616/1082/1189 
f 1062/596/1062/1169 1082/616/1082/1189 1063/597/1063/1170 
f 1109/659/1109/1216 873/658/873/940 862/647/862/929 
f 1109/659/1109/1216 862/647/862/929 1098/632/1098/1205 
f 1082/616/1082/1189 1109/659/1109/1216 1098/632/1098/1205 
f 1082/616/1082/1189 1098/632/1098/1205 1063/597/1063/1170 
f 1129/683/1129/1236 1083/617/1083/1190 1062/596/1062/1169 
f 1129/683/1129/1236 1062/596/1062/1169 1119/673/1119/1226 
f 1031/708/1031/1124 1042/719/1042/1144 1149/718/1149/1256 
f 1031/708/1031/1124 1149/718/1149/1256 1138/692/1138/1245 
f 1149/718/1149/1256 1129/683/1129/1236 1119/673/1119/1226 
f 1149/718/1149/1256 1119/673/1119/1226 1138/692/1138/1245 
