v -230.0997 42.5252 153.6051
v -231.6625 41.2603 153.4513
v -231.6714 41.2603 150.6936
v -230.1096 42.5252 150.5297
v -219.9108 44.6103 154.608
v -229.2517 44.2002 153.6886
v -229.2622 44.2002 150.4408
v -219.9274 44.6103 149.4611
v -220.0149 49.4367 154.5978
v -219.3237 46.4373 154.6658
v -219.3407 46.4373 149.3995
v -220.0314 49.4367 149.472
v -222.5352 51.6927 154.3497
v -222.55 51.6927 149.7364
v -225.9164 52.4371 154.0169
v -225.9291 52.4371 150.091
v -229.3195 46.1283 153.6819
v -229.3195 51.6818 153.6819
v -229.3298 51.6818 150.4479
v -229.3298 46.1283 150.4479
v -229.6538 45.8518 153.649
v -229.6639 45.8518 150.4829
v -231.864 40.7194 153.4315
v -231.8728 40.7194 150.7148
v -230.5988 38.2678 153.556
v -230.6083 38.2678 150.582
v -228.6538 37.8117 153.7474
v -228.6647 37.8117 150.3781
v -228.6708 35.8632 153.7458
v -228.6816 35.8632 150.3798
v -226.5128 34.5101 153.9582
v -226.5251 34.5101 150.1535
v -225.3636 32.3321 154.0713
v -225.3767 32.3321 150.033
v -225.5247 29.8766 154.0555
v -225.5375 29.8766 150.0499
v -227.1283 27.5213 153.8976
v -227.1401 27.5213 150.218
v -232.0018 24.6012 153.4179
v -232.0105 24.6012 150.7292
v -239.1359 22.4835 152.7157
v -239.1398 22.4835 151.4774
v -238.6102 21.3561 152.7674
v -238.6146 21.3561 151.4223
v -238.788 20.1714 152.7499
v -240.3839 19.3701 152.5929
v -240.3871 19.3701 151.6083
v -238.7921 20.1714 151.4409
v -240.6818 19.3701 152.5637
v -240.6847 19.3701 151.6396
v -239.9802 18.2709 152.6328
v -239.9835 18.2709 151.5661
v -240.3097 17.3796 152.6003
v -240.3129 17.3796 151.6006
v -241.2646 16.6137 152.5063
v -241.2672 16.6137 151.7007
v -260.4266 42.5252 152.1652
v -258.8563 41.2603 152.1601
v -258.5682 41.2603 154.9039
v -260.1053 42.5252 155.2251
v -257.734 41.2603 157.5324
v -259.175 42.5252 158.1565
v -256.3877 41.2603 159.9392
v -257.6736 42.5252 160.8405
v -254.5846 41.2603 162.0258
v -255.6627 42.5252 163.1674
v -252.3983 41.2603 163.7066
v -253.2245 42.5252 165.0419
v -249.9185 41.2603 164.913
v -250.459 42.5252 166.3873
v -247.2465 41.2603 165.5954
v -247.4792 42.5252 167.1484
v -244.4918 41.2603 165.7261
v -244.4072 42.5252 167.2941
v -241.7673 41.2603 165.2996
v -241.3688 42.5252 166.8185
v -239.1844 41.2603 164.3334
v -238.4883 42.5252 165.741
v -236.8489 41.2603 162.8671
v -235.8837 42.5252 164.1057
v -234.8562 41.2603 160.9606
v -233.6615 42.5252 161.9796
v -233.2882 41.2603 158.6921
v -231.9127 42.5252 159.4497
v -232.2089 41.2603 156.1544
v -230.7091 42.5252 156.6196
v -260.1251 42.5252 149.1032
v -258.5859 41.2603 149.4145
v -259.2136 42.5252 146.166
v -257.7687 41.2603 146.7807
v -257.7296 42.5252 143.4723
v -256.438 41.2603 144.3653
v -255.7338 42.5252 141.1324
v -254.6483 41.2603 142.2672
v -253.3077 42.5252 139.2423
v -252.4729 41.2603 140.5722
v -250.5509 42.5252 137.8791
v -250.0009 41.2603 139.3499
v -247.576 42.5252 137.0988
v -247.3334 41.2603 138.6502
v -244.5051 42.5252 136.9333
v -244.5796 41.2603 138.5018
v -241.4636 42.5252 137.3893
v -241.8524 41.2603 138.9107
v -238.5763 42.5252 138.4482
v -239.2633 41.2603 139.8602
v -235.9611 42.5252 140.0667
v -236.9183 41.2603 141.3115
v -233.7253 42.5252 142.1784
v -234.9135 41.2603 143.205
v -231.9603 42.5252 144.6969
v -233.3308 41.2603 145.4634
v -230.7384 42.5252 147.5192
v -232.2351 41.2603 147.9941
v -270.6648 44.6103 152.1982
v -261.2787 44.2001 152.1679
v -260.9395 44.2001 155.3994
v -270.1271 44.6103 157.3192
v -259.9569 44.2001 158.4951
v -268.5701 44.6103 162.225
v -258.3713 44.2001 161.3296
v -266.0574 44.6103 166.7169
v -256.2477 44.2001 163.7869
v -262.692 44.6103 170.6111
v -253.6729 44.2001 165.7665
v -258.6116 44.6103 173.7482
v -250.7523 44.2001 167.1873
v -253.9833 44.6103 175.9998
v -247.6055 44.2001 167.991
v -248.9965 44.6103 177.2735
v -244.3613 44.2002 168.1449
v -243.8552 44.6103 177.5174
v -241.1525 44.2002 167.6426
v -238.7703 44.6103 176.7214
v -238.1105 44.2002 166.5047
v -233.9496 44.6103 174.9181
v -235.3599 44.2002 164.7778
v -229.5905 44.6103 172.1814
v -233.0132 44.2002 162.5325
v -225.8716 44.6103 168.6232
v -231.1664 44.2002 159.8608
v -222.9449 44.6103 164.3893
v -229.8953 44.2002 156.872
v -220.9305 44.6103 159.6529
v -270.1602 44.6103 147.0739
v -260.9602 44.2002 148.9344
v -268.6348 44.6103 142.1581
v -259.9977 44.2002 145.8324
v -266.1511 44.6103 137.6501
v -258.4305 44.2002 142.9877
v -262.8109 44.6103 133.7342
v -256.3228 44.2002 140.5167
v -258.7509 44.6103 130.5709
v -253.7607 44.2002 138.5206
v -254.1371 44.6103 128.2896
v -250.8494 44.2002 137.0811
v -249.1586 44.6103 126.9837
v -247.7078 44.2002 136.257
v -244.019 44.6103 126.7066
v -244.4647 44.2002 136.0822
v -238.9291 44.6103 127.4698
v -241.2527 44.2002 136.5638
v -234.0968 44.6103 129.242
v -238.2035 44.2002 137.682
v -229.7202 44.6103 131.9505
v -235.4418 44.2002 139.3912
v -225.9784 44.6103 135.4846
v -233.0806 44.2002 141.6213
v -223.0245 44.6103 139.6996
v -231.2167 44.2002 144.281
v -220.9796 44.6103 144.4229
v -229.9263 44.2002 147.2615
v -270.5602 49.4367 152.1979
v -271.2546 46.4373 152.2001
v -270.7045 46.4373 157.4398
v -270.0248 49.4367 157.2978
v -269.1113 46.4373 162.4594
v -268.4741 49.4367 162.1834
v -266.5404 46.4373 167.0555
v -265.9718 49.4367 166.6569
v -263.097 46.4373 171.04
v -262.6202 49.4367 170.5351
v -258.922 46.4373 174.2498
v -258.5566 49.4367 173.6593
v -254.1863 46.4373 176.5536
v -253.9473 49.4367 175.9016
v -249.0839 46.4373 177.8569
v -248.981 49.4367 177.1701
v -243.8235 46.4373 178.1064
v -243.8608 49.4367 177.413
v -238.6205 46.4373 177.292
v -238.7968 49.4367 176.6203
v -233.688 46.4373 175.4469
v -233.9958 49.4367 174.8244
v -229.2279 46.4373 172.6467
v -229.6548 49.4367 172.0989
v -225.4227 46.4373 169.006
v -225.951 49.4367 168.5554
v -222.4283 46.4373 164.6739
v -223.0366 49.4367 164.3388
v -220.3672 46.4373 159.8277
v -221.0304 49.4367 159.6219
v -270.0576 49.4367 147.0946
v -270.7383 46.4373 146.9569
v -268.5386 49.4367 142.1991
v -269.1776 46.4373 141.9272
v -266.0652 49.4367 137.7095
v -266.6364 46.4373 137.3146
v -262.7386 49.4367 133.8098
v -263.2186 46.4373 133.308
v -258.6953 49.4367 130.6595
v -259.0645 46.4373 130.0713
v -254.1005 49.4367 128.3875
v -254.3438 46.4373 127.7371
v -249.1425 49.4367 127.087
v -249.2498 46.4373 126.4009
v -244.024 49.4367 126.8111
v -243.9911 46.4373 126.1174
v -238.955 49.4367 127.5711
v -238.7831 46.4373 126.8983
v -234.1426 49.4367 129.336
v -233.8387 46.4373 128.7115
v -229.7839 49.4367 132.0334
v -229.3606 46.4373 131.4829
v -226.0575 49.4367 135.553
v -225.5321 46.4373 135.099
v -223.1158 49.4367 139.7506
v -222.5098 46.4373 139.4117
v -221.0793 49.4367 144.4545
v -220.4175 46.4373 144.2445
v -268.0277 51.6927 152.1897
v -267.5458 51.6927 156.7798
v -266.1501 51.6927 161.177
v -263.8979 51.6927 165.2033
v -260.8815 51.6927 168.6938
v -257.224 51.6927 171.5057
v -253.0754 51.6927 173.5238
v -248.6056 51.6927 174.6655
v -243.9974 51.6927 174.8842
v -239.4396 51.6927 174.1707
v -235.1187 51.6927 172.5544
v -231.2114 51.6927 170.1013
v -227.8781 51.6927 166.912
v -225.2549 51.6927 163.117
v -223.4492 51.6927 158.8716
v -267.5753 51.6927 147.5966
v -266.2081 51.6927 143.1904
v -263.9821 51.6927 139.1497
v -260.988 51.6927 135.6398
v -257.3489 51.6927 132.8044
v -253.2134 51.6927 130.7596
v -248.751 51.6927 129.5891
v -244.1443 51.6927 129.3408
v -239.5819 51.6927 130.0248
v -235.2506 51.6927 131.6133
v -231.3278 51.6927 134.041
v -227.9738 51.6927 137.2088
v -225.3262 51.6927 140.9868
v -223.4933 51.6927 145.2204
v -260.5439 45.8518 155.3168
v -259.5862 45.8518 158.3345
v -258.0405 45.8518 161.0977
v -253.4603 45.8518 165.423
v -255.9703 45.8518 163.4932
v -250.6132 45.8518 166.808
v -247.5457 45.8518 167.5915
v -244.4839 45.8518 136.4857
v -244.3831 45.8518 167.7415
v -247.6454 45.8518 136.6561
v -250.7079 45.8518 137.4594
v -256.0435 45.8518 140.8086
v -253.546 45.8518 138.8627
v -258.0983 45.8518 143.2174
v -259.626 45.8518 145.9905
v -260.5643 45.8518 149.0144
v -260.8748 45.8518 152.1666
v -230.3113 45.8518 147.3837
v -231.5203 45.8518 159.6659
v -231.5692 45.8518 144.4782
v -233.3862 45.8518 141.8854
v -238.3802 45.8518 138.0453
v -235.688 45.8518 139.7114
v -241.3528 45.8518 136.9551
v -241.255 45.8518 167.2519
v -238.2897 45.8518 166.1426
v -235.6082 45.8518 164.4591
v -233.3206 45.8518 162.2704
v -230.2811 45.8518 156.7523
v -264.6301 52.4371 152.1787
v -264.22 52.4371 156.0849
v -263.0323 52.4371 159.8269
v -261.1158 52.4371 163.2532
v -258.5487 52.4371 166.2236
v -255.4363 52.4371 168.6165
v -251.9059 52.4371 170.3339
v -248.1022 52.4371 171.3055
v -244.1805 52.4371 171.4915
v -240.3019 52.4371 170.8844
v -236.6248 52.4371 169.5089
v -233.2998 52.4371 167.4214
v -230.4631 52.4371 164.7073
v -228.2308 52.4371 161.4778
v -226.6942 52.4371 157.865
v -264.2452 52.4371 148.27
v -263.0818 52.4371 144.5204
v -261.1873 52.4371 141.0818
v -258.6395 52.4371 138.0949
v -255.5425 52.4371 135.682
v -252.0233 52.4371 133.9419
v -248.2258 52.4371 132.9458
v -244.3055 52.4371 132.7345
v -240.423 52.4371 133.3166
v -236.7371 52.4371 134.6683
v -233.3988 52.4371 136.7344
v -230.5446 52.4371 139.4301
v -228.2915 52.4371 142.6451
v -226.7317 52.4371 146.248
v -261.2107 46.1283 152.1677
v -261.2107 51.6818 152.1677
v -260.8728 51.6817 155.3855
v -260.8728 46.1283 155.3855
v -259.8945 51.6817 158.468
v -259.8945 46.1283 158.468
v -258.3157 51.6817 161.2906
v -258.3157 46.1283 161.2906
v -256.201 51.6818 163.7375
v -256.201 46.1283 163.7375
v -253.6371 51.6818 165.7087
v -253.6371 46.1283 165.7087
v -250.7289 51.6818 167.1234
v -250.7289 46.1283 167.1234
v -247.5953 51.6818 167.9238
v -247.5953 46.1283 167.9238
v -244.365 51.6818 168.077
v -244.365 46.1283 168.077
v -241.1698 51.6818 167.5769
v -241.1698 46.1283 167.5769
v -238.1406 51.6818 166.4438
v -238.1406 46.1283 166.4438
v -235.4016 51.6818 164.7242
v -235.4016 46.1283 164.7242
v -233.0648 51.6818 162.4884
v -233.0648 46.1283 162.4884
v -231.226 51.6818 159.828
v -231.226 46.1283 159.828
v -229.9602 51.6818 156.8519
v -229.9602 46.1283 156.8519
v -260.8937 46.1283 148.9478
v -260.8937 51.6818 148.9478
v -259.9352 46.1283 145.859
v -259.9352 51.6818 145.859
v -258.3746 46.1283 143.0264
v -258.3746 51.6818 143.0264
v -256.2758 46.1283 140.5659
v -256.2758 51.6818 140.5659
v -253.7246 46.1283 138.5782
v -253.7246 51.6818 138.5782
v -250.8256 46.1283 137.1447
v -250.8256 51.6818 137.1447
v -247.6973 46.1283 136.3242
v -247.6973 51.6818 136.3242
v -244.4679 46.1283 136.1501
v -244.4679 51.6818 136.1501
v -241.2695 46.1283 136.6296
v -241.2695 51.6818 136.6296
v -238.2333 46.1283 137.7432
v -238.2333 51.6818 137.7432
v -235.4832 46.1283 139.4451
v -235.4832 51.6818 139.4451
v -233.132 46.1283 141.6657
v -233.132 51.6818 141.6657
v -231.276 46.1283 144.3142
v -231.276 51.6818 144.3142
v -229.9911 46.1283 147.2821
v -229.9911 51.6818 147.2821
v -258.6538 40.7194 152.1595
v -258.37 40.7194 154.8625
v -257.5481 40.7194 157.4519
v -256.2218 40.7194 159.8229
v -254.4454 40.7194 161.8784
v -252.2917 40.7194 163.5343
v -249.8486 40.7194 164.7227
v -247.2164 40.7194 165.3951
v -244.5028 40.7194 165.5238
v -241.8187 40.7194 165.1037
v -239.2742 40.7194 164.1519
v -236.9734 40.7194 162.7073
v -235.0104 40.7194 160.8292
v -233.4656 40.7194 158.5944
v -232.4023 40.7194 156.0943
v -258.3875 40.7194 149.4547
v -257.5823 40.7194 146.86
v -256.2714 40.7194 144.4805
v -254.5083 40.7194 142.4135
v -252.3652 40.7194 140.7438
v -249.9299 40.7194 139.5397
v -247.3021 40.7194 138.8504
v -244.5892 40.7194 138.7041
v -241.9026 40.7194 139.107
v -239.3519 40.7194 140.0424
v -237.0419 40.7194 141.472
v -235.0668 40.7194 143.3375
v -233.5077 40.7194 145.5623
v -232.4282 40.7194 148.0554
v -259.9252 38.2678 152.1636
v -259.6145 38.2678 155.1226
v -258.7148 38.2678 157.9572
v -257.2631 38.2678 160.5527
v -255.3185 38.2678 162.8029
v -252.9607 38.2678 164.6155
v -250.2864 38.2678 165.9165
v -247.4049 38.2678 166.6525
v -244.4342 38.2678 166.7935
v -241.496 38.2678 166.3335
v -238.7106 38.2678 165.2915
v -236.1918 38.2678 163.7102
v -234.043 38.2678 161.6542
v -232.3519 38.2678 159.2078
v -231.188 38.2678 156.471
v -259.6337 38.2678 149.2026
v -258.7523 38.2678 146.3622
v -257.3173 38.2678 143.7574
v -255.3872 38.2678 141.4948
v -253.0411 38.2678 139.6669
v -250.3752 38.2678 138.3488
v -247.4985 38.2678 137.5942
v -244.5289 38.2678 137.4341
v -241.5878 38.2678 137.8751
v -238.7957 38.2678 138.899
v -236.2667 38.2678 140.4641
v -234.1047 38.2678 142.5062
v -232.3979 38.2678 144.9417
v -231.2163 38.2678 147.6709
v -261.8795 37.8117 152.1699
v -261.5275 37.8117 155.5223
v -260.5082 37.8117 158.7338
v -258.8633 37.8117 161.6744
v -256.6602 37.8117 164.2237
v -253.989 37.8117 166.2774
v -250.9591 37.8117 167.7513
v -247.6945 37.8117 168.5852
v -244.3289 37.8117 168.7448
v -241.0 37.8117 168.2238
v -237.8442 37.8117 167.0433
v -234.9906 37.8117 165.2517
v -232.556 37.8117 162.9224
v -230.6401 37.8117 160.1507
v -229.3214 37.8117 157.05
v -261.5492 37.8117 148.8153
v -260.5505 37.8117 145.5972
v -258.9247 37.8117 142.6461
v -256.738 37.8117 140.0826
v -254.0802 37.8117 138.0117
v -251.0598 37.8117 136.5183
v -247.8007 37.8117 135.6634
v -244.4362 37.8117 135.482
v -241.104 37.8117 135.9817
v -237.9406 37.8117 137.1418
v -235.0754 37.8117 138.9149
v -232.626 37.8117 141.2285
v -230.6923 37.8117 143.9878
v -229.3536 37.8117 147.0798
v -261.8625 35.8632 152.1698
v -261.5109 35.8632 155.5188
v -260.4927 35.8632 158.7271
v -258.8495 35.8632 161.6647
v -256.6486 35.8632 164.2114
v -253.9801 35.8632 166.263
v -250.9532 35.8632 167.7354
v -247.692 35.8632 168.5684
v -244.3298 35.8632 168.7279
v -241.0043 35.8632 168.2074
v -237.8517 35.8632 167.0281
v -235.001 35.8632 165.2383
v -232.569 35.8632 162.9114
v -230.655 35.8632 160.1425
v -229.3376 35.8632 157.045
v -261.5325 35.8632 148.8186
v -260.5349 35.8632 145.6039
v -258.9108 35.8632 142.6557
v -256.7263 35.8632 140.0948
v -254.0712 35.8632 138.0261
v -251.0538 35.8632 136.5342
v -247.798 35.8632 135.6801
v -244.4369 35.8632 135.499
v -241.1082 35.8632 135.9981
v -237.948 35.8632 137.157
v -235.0858 35.8632 138.9284
v -232.6388 35.8632 141.2396
v -230.707 35.8632 143.9961
v -229.3698 35.8632 147.085
v -264.0308 34.5101 152.1768
v -263.6333 34.5101 155.9623
v -262.4824 34.5101 159.5887
v -260.625 34.5101 162.9092
v -258.1372 34.5101 165.7879
v -255.121 34.5101 168.1068
v -251.6996 34.5101 169.7712
v -248.0133 34.5101 170.7128
v -244.2129 34.5101 170.893
v -240.454 34.5101 170.3046
v -236.8905 34.5101 168.9716
v -233.6682 34.5101 166.9486
v -230.9192 34.5101 164.3184
v -228.7557 34.5101 161.1886
v -227.2667 34.5101 157.6874
v -263.6577 34.5101 148.3888
v -262.5303 34.5101 144.7551
v -260.6943 34.5101 141.4227
v -258.2251 34.5101 138.528
v -255.2239 34.5101 136.1896
v -251.8134 34.5101 134.5033
v -248.1332 34.5101 133.5379
v -244.334 34.5101 133.3332
v -240.5714 34.5101 133.8973
v -236.9994 34.5101 135.2073
v -233.7642 34.5101 137.2095
v -230.9982 34.5101 139.822
v -228.8147 34.5101 142.9377
v -227.303 34.5101 146.4292
v -265.1855 32.3321 152.1805
v -264.7637 32.3321 156.1985
v -263.542 32.3321 160.0476
v -261.5706 32.3321 163.572
v -258.9301 32.3321 166.6274
v -255.7285 32.3321 169.0888
v -252.0972 32.3321 170.8553
v -248.1844 32.3321 171.8547
v -244.1506 32.3321 172.0461
v -240.1609 32.3321 171.4215
v -236.3785 32.3321 170.0067
v -232.9585 32.3321 167.8594
v -230.0405 32.3321 165.0677
v -227.7444 32.3321 161.7457
v -226.1638 32.3321 158.0295
v -264.7896 32.3321 148.1599
v -263.5928 32.3321 144.303
v -261.6442 32.3321 140.766
v -259.0233 32.3321 137.6936
v -255.8378 32.3321 135.2116
v -252.2178 32.3321 133.4217
v -248.3116 32.3321 132.3971
v -244.2792 32.3321 132.1797
v -240.2855 32.3321 132.7785
v -236.4941 32.3321 134.1689
v -233.0602 32.3321 136.2941
v -230.1244 32.3321 139.067
v -227.8068 32.3321 142.3741
v -226.2024 32.3321 146.08
v -265.0238 29.8765 152.18
v -264.6053 29.8765 156.1654
v -263.3937 29.8765 159.9833
v -261.4382 29.8765 163.4792
v -258.8191 29.8765 166.5099
v -255.6434 29.8765 168.9513
v -252.0415 29.8765 170.7035
v -248.1605 29.8765 171.6949
v -244.1594 29.8765 171.8846
v -240.2019 29.8765 171.2652
v -236.4502 29.8765 169.8618
v -233.0579 29.8765 167.7319
v -230.1636 29.8765 164.9628
v -227.886 29.8765 161.6677
v -226.3182 29.8765 157.9817
v -264.6311 29.8766 148.192
v -263.444 29.8766 144.3663
v -261.5111 29.8766 140.8579
v -258.9116 29.8766 137.8104
v -255.7518 29.8766 135.3486
v -252.1613 29.8766 133.5732
v -248.2866 29.8766 132.5568
v -244.2869 29.8766 132.3412
v -240.3256 29.8766 132.9352
v -236.5648 29.8766 134.3143
v -233.1588 29.8766 136.4223
v -230.2467 29.8766 139.1727
v -227.9479 29.8766 142.453
v -226.3564 29.8766 146.1289
v -263.4124 27.5213 152.1748
v -263.0281 27.5213 155.8358
v -261.9149 27.5213 159.343
v -260.1187 27.5213 162.5543
v -257.7126 27.5213 165.3383
v -254.7955 27.5213 167.581
v -251.4868 27.5213 169.1906
v -247.9216 27.5213 170.1012
v -244.2462 27.5213 170.2755
v -240.611 27.5213 169.7065
v -237.1647 27.5213 168.4173
v -234.0483 27.5213 166.4608
v -231.3896 27.5213 163.9171
v -229.2975 27.5213 160.8903
v -227.8573 27.5213 157.5042
v -263.0516 27.5213 148.5114
v -261.9612 27.5213 144.9972
v -260.1857 27.5213 141.7743
v -257.7977 27.5213 138.9749
v -254.8951 27.5213 136.7134
v -251.5968 27.5213 135.0825
v -248.0376 27.5213 134.1489
v -244.3634 27.5213 133.9508
v -240.7245 27.5213 134.4964
v -237.2699 27.5213 135.7633
v -234.1411 27.5213 137.6997
v -231.4661 27.5213 140.2263
v -229.3544 27.5213 143.2395
v -227.8925 27.5213 146.6162
v -258.5153 24.6012 152.159
v -258.2344 24.6011 154.8342
v -257.421 24.6011 157.3969
v -256.1085 24.6011 159.7435
v -254.3505 24.6011 161.7778
v -252.2189 24.6011 163.4166
v -249.801 24.6011 164.5927
v -247.1959 24.6011 165.2581
v -244.5103 24.6012 165.3856
v -241.8539 24.6012 164.9697
v -239.3356 24.6012 164.0277
v -237.0585 24.6012 162.5981
v -235.1157 24.6012 160.7393
v -233.5869 24.6012 158.5276
v -232.5345 24.6012 156.0533
v -258.2517 24.6012 149.4821
v -257.4548 24.6012 146.9142
v -256.1575 24.6012 144.5592
v -254.4126 24.6012 142.5136
v -252.2916 24.6012 140.8611
v -249.8813 24.6012 139.6693
v -247.2806 24.6012 138.9872
v -244.5958 24.6012 138.8424
v -241.9369 24.6012 139.2411
v -239.4125 24.6012 140.1669
v -237.1262 24.6012 141.5818
v -235.1715 24.6012 143.428
v -233.6285 24.6012 145.6299
v -232.5602 24.6012 148.0973
v -251.3469 22.4835 152.1359
v -251.2175 22.4835 153.368
v -250.8429 22.4835 154.5483
v -250.2384 22.4835 155.629
v -249.4287 22.4835 156.5659
v -248.447 22.4835 157.3207
v -247.3334 22.4835 157.8624
v -246.1337 22.4835 158.1689
v -244.8967 22.4835 158.2275
v -243.6733 22.4835 158.036
v -242.5134 22.4835 157.6022
v -241.4647 22.4835 156.9437
v -240.5699 22.4835 156.0876
v -239.8658 22.4835 155.069
v -239.3812 22.4835 153.9295
v -251.2255 22.4835 150.903
v -250.8585 22.4835 149.7203
v -250.261 22.4835 148.6357
v -249.4573 22.4835 147.6936
v -248.4805 22.4835 146.9325
v -247.3705 22.4835 146.3837
v -246.1726 22.4835 146.0695
v -244.9362 22.4835 146.0028
v -243.7115 22.4835 146.1864
v -242.549 22.4835 146.6128
v -241.496 22.4835 147.2645
v -240.5957 22.4835 148.1147
v -239.885 22.4835 149.1288
v -239.3929 22.4835 150.2652
v -251.875 21.3561 152.1376
v -251.7345 21.3561 153.476
v -251.3275 21.3561 154.7581
v -250.6709 21.3561 155.9321
v -249.7913 21.3561 156.9499
v -248.7249 21.3561 157.7698
v -247.5153 21.3561 158.3582
v -246.2119 21.3561 158.6911
v -244.8683 21.3561 158.7549
v -243.5393 21.3561 158.5468
v -242.2793 21.3561 158.0755
v -241.1401 21.3561 157.3603
v -240.1681 21.3561 156.4304
v -239.4033 21.3561 155.3238
v -238.8768 21.3561 154.0859
v -251.7432 21.3561 150.7983
v -251.3445 21.3561 149.5136
v -250.6953 21.3561 148.3354
v -249.8224 21.3561 147.312
v -248.7612 21.3561 146.4852
v -247.5554 21.3561 145.889
v -246.2543 21.3561 145.5477
v -244.911 21.3561 145.4753
v -243.5808 21.3561 145.6748
v -242.3179 21.3561 146.1379
v -241.174 21.3561 146.8458
v -240.196 21.3561 147.7695
v -239.4241 21.3561 148.8711
v -238.8896 21.3561 150.1055
v -251.6964 20.1714 152.137
v -250.0928 19.3701 152.1319
v -249.99 19.3701 153.1115
v -251.5597 20.1714 153.4395
v -249.6921 19.3701 154.0499
v -251.1637 20.1714 154.6872
v -249.2114 19.3701 154.9092
v -250.5247 20.1714 155.8297
v -248.5676 19.3701 155.6541
v -249.6687 20.1714 156.8201
v -247.7871 19.3701 156.2543
v -248.6309 20.1714 157.618
v -246.9017 19.3701 156.685
v -247.4537 20.1714 158.1906
v -245.9478 19.3701 156.9286
v -246.1854 20.1714 158.5146
v -244.9644 19.3701 156.9753
v -244.8778 20.1714 158.5766
v -243.9916 19.3701 156.823
v -243.5846 20.1714 158.3741
v -243.0695 19.3701 156.4781
v -242.3585 20.1714 157.9155
v -242.2356 19.3701 155.9545
v -241.2499 20.1714 157.2195
v -241.5242 19.3701 155.2739
v -240.304 20.1714 156.3145
v -240.9642 19.3701 154.464
v -239.5597 20.1714 155.2377
v -240.579 19.3701 153.5579
v -239.0474 20.1714 154.033
v -251.5681 20.1714 150.8337
v -249.9963 19.3701 151.1516
v -251.1802 20.1714 149.5835
v -249.7045 19.3701 150.2112
v -250.5485 20.1714 148.4369
v -249.2294 19.3701 149.3489
v -249.699 20.1714 147.441
v -248.5905 19.3701 148.5998
v -248.6664 20.1714 146.6364
v -247.8137 19.3701 147.9947
v -247.4929 20.1714 146.0562
v -246.9312 19.3701 147.5583
v -246.2267 20.1714 145.7241
v -245.9788 19.3701 147.3084
v -244.9196 20.1714 145.6536
v -244.9956 19.3701 147.2555
v -243.625 20.1714 145.8477
v -244.022 19.3701 147.4015
v -242.396 20.1714 146.2985
v -243.0975 19.3701 147.7404
v -241.2828 20.1714 146.9873
v -242.2604 19.3701 148.2586
v -240.3312 20.1714 147.8862
v -241.5446 19.3701 148.9347
v -239.5798 20.1714 148.9582
v -240.9795 19.3701 149.741
v -239.0598 20.1714 150.1595
v -240.5884 19.3701 150.6445
v -249.7935 19.3701 152.1308
v -249.697 19.3701 153.0502
v -249.4175 19.3701 153.9309
v -248.9664 19.3701 154.7374
v -248.3622 19.3701 155.4365
v -247.6296 19.3701 155.9997
v -246.7987 19.3701 156.4039
v -245.9034 19.3701 156.6326
v -244.9805 19.3701 156.6764
v -244.0676 19.3701 156.5335
v -243.2021 19.3701 156.2098
v -242.4196 19.3701 155.7185
v -241.752 19.3701 155.0797
v -241.2266 19.3701 154.3196
v -240.8649 19.3701 153.4693
v -249.7029 19.3701 151.2107
v -249.429 19.3701 150.3282
v -248.983 19.3701 149.5189
v -248.3834 19.3701 148.8159
v -247.6544 19.3701 148.2481
v -246.8262 19.3701 147.8386
v -245.9324 19.3701 147.6042
v -245.0096 19.3701 147.5545
v -244.0959 19.3701 147.6915
v -243.2284 19.3701 148.0097
v -242.4427 19.3701 148.496
v -241.771 19.3701 149.1305
v -241.2407 19.3701 149.8872
v -240.8737 19.3701 150.7351
v -250.4985 18.2709 152.133
v -250.3871 18.2709 153.1944
v -250.0645 18.2709 154.2111
v -249.5437 18.2709 155.142
v -248.8462 18.2709 155.9491
v -248.0006 18.2709 156.5992
v -247.0415 18.2709 157.0658
v -246.0081 18.2709 157.3298
v -244.9425 18.2709 157.3804
v -243.8887 18.2709 157.2154
v -242.8896 18.2709 156.8417
v -241.9863 18.2709 156.2746
v -241.2156 18.2709 155.5372
v -240.609 18.2709 154.6598
v -240.1915 18.2709 153.6783
v -250.3939 18.2709 151.0709
v -250.0776 18.2709 150.0522
v -249.563 18.2709 149.118
v -248.8706 18.2709 148.3065
v -248.0292 18.2709 147.6509
v -247.073 18.2709 147.1782
v -246.0413 18.2709 146.9076
v -244.9762 18.2709 146.8503
v -243.9213 18.2709 147.0085
v -242.9199 18.2709 147.3758
v -242.0129 18.2709 147.9371
v -241.2374 18.2709 148.6696
v -240.6254 18.2709 149.5431
v -240.2017 18.2709 150.522
v -250.1674 17.3796 152.132
v -250.063 17.3796 153.1267
v -249.7605 17.3796 154.0795
v -249.2726 17.3796 154.952
v -248.6189 17.3796 155.7083
v -247.8264 17.3796 156.3176
v -246.9275 17.3796 156.7549
v -245.9589 17.3796 157.0023
v -244.9603 17.3796 157.0497
v -243.9728 17.3796 156.8951
v -243.0365 17.3796 156.5449
v -242.1898 17.3796 156.0134
v -241.4675 17.3796 155.3223
v -240.899 17.3796 154.5
v -240.5078 17.3796 153.5801
v -250.0693 17.3796 151.1366
v -249.7729 17.3796 150.1819
v -249.2905 17.3796 149.3063
v -248.6418 17.3796 148.5458
v -247.8531 17.3796 147.9314
v -246.957 17.3796 147.4884
v -245.9901 17.3796 147.2348
v -244.9919 17.3796 147.181
v -244.0033 17.3796 147.3293
v -243.0648 17.3796 147.6735
v -242.2147 17.3796 148.1996
v -241.488 17.3796 148.886
v -240.9144 17.3796 149.7047
v -240.5172 17.3796 150.6221
v -249.2078 16.6137 152.1289
v -249.1237 16.6136 152.9305
v -248.88 16.6136 153.6982
v -248.4867 16.6136 154.4012
v -247.9601 16.6136 155.0107
v -247.3215 16.6136 155.5016
v -246.5972 16.6136 155.854
v -245.8167 16.6136 156.0534
v -245.0121 16.6136 156.0916
v -244.2163 16.6137 155.967
v -243.4618 16.6137 155.6848
v -242.7797 16.6137 155.2565
v -242.1976 16.6137 154.6996
v -241.7395 16.6137 154.037
v -241.4243 16.6137 153.2958
v -249.1288 16.6137 151.3269
v -248.89 16.6137 150.5576
v -248.5013 16.6137 149.8521
v -247.9785 16.6137 149.2392
v -247.3431 16.6137 148.7442
v -246.6211 16.6137 148.3872
v -245.8419 16.6137 148.1828
v -245.0375 16.6137 148.1395
v -244.241 16.6137 148.259
v -243.4847 16.6137 148.5363
v -242.7998 16.6137 148.9603
v -242.2141 16.6137 149.5134
v -241.752 16.6137 150.173
v -241.4319 16.6137 150.9123
v -229.7726 0.2767 153.6359
v -229.783 0.2767 150.494
v -228.7855 0.2767 150.3907
v -228.7747 0.2767 153.7355
v -228.8783 2.6731 150.4005
v -228.8676 2.6731 153.7264
v -240.7408 16.047 152.5578
v -240.7438 16.047 151.6458
v -240.4467 15.4913 152.5867
v -240.4498 15.4913 151.6149
v -238.3787 9.9518 152.7902
v -238.3832 9.9518 151.398
v -237.1842 7.292 152.9078
v -237.1895 7.292 151.2727
v -234.3296 4.6686 150.9726
v -234.3225 4.6686 153.1895
v -260.7551 0.2767 152.1677
v -260.4269 0.2767 155.2927
v -261.4086 0.2767 155.4974
v -261.7581 0.2767 152.1695
v -259.4763 0.2767 158.2874
v -260.3967 0.2767 158.6855
v -257.9424 0.2767 161.0295
v -258.7639 0.2767 161.6047
v -255.8878 0.2767 163.4067
v -256.5768 0.2767 164.1354
v -253.3969 0.2767 165.3217
v -253.925 0.2767 166.1741
v -250.5714 0.2767 166.696
v -250.9172 0.2767 167.6373
v -247.5271 0.2767 167.4734
v -247.6765 0.2767 168.4651
v -244.3887 0.2767 167.6222
v -244.3354 0.2767 168.6236
v -241.2844 0.2767 167.136
v -241.0309 0.2767 168.1063
v -238.3417 0.2767 166.0351
v -237.8981 0.2767 166.9344
v -235.6808 0.2767 164.3642
v -235.0652 0.2767 165.1559
v -233.4106 0.2767 162.1919
v -232.6484 0.2767 162.8436
v -231.6244 0.2767 159.6071
v -230.7466 0.2767 160.0921
v -230.3949 0.2767 156.7157
v -229.4374 0.2767 157.0141
v -261.4301 0.2767 148.8394
v -260.4476 0.2767 149.0406
v -260.4388 0.2767 145.6448
v -259.517 0.2767 146.0396
v -258.8248 0.2767 142.7151
v -258.0012 0.2767 143.2874
v -256.6541 0.2767 140.1703
v -255.9625 0.2767 140.8966
v -254.0156 0.2767 138.1146
v -253.4843 0.2767 138.9651
v -251.0172 0.2767 136.632
v -250.668 0.2767 137.5721
v -247.7819 0.2767 135.7834
v -247.6289 0.2767 136.7745
v -244.4419 0.2767 135.6034
v -244.4915 0.2767 136.6049
v -241.134 0.2767 136.0993
v -241.3842 0.2767 137.0705
v -237.9938 0.2767 137.251
v -238.4342 0.2767 138.1519
v -235.1495 0.2767 139.0112
v -235.7622 0.2767 139.8051
v -232.7179 0.2767 141.3079
v -233.4778 0.2767 141.9623
v -230.7982 0.2767 144.0471
v -231.6743 0.2767 144.5352
v -229.4694 0.2767 147.1166
v -230.4257 0.2767 147.4184
v -261.3173 2.6731 155.4783
v -261.6647 2.6731 152.1692
v -260.3112 2.6731 158.6485
v -258.6875 2.6731 161.5511
v -256.5127 2.6731 164.0676
v -253.876 2.6731 166.0948
v -250.8851 2.6731 167.5497
v -247.6627 2.6731 168.3728
v -244.3405 2.6731 168.5304
v -241.0546 2.6731 168.016
v -237.9395 2.6731 166.8507
v -235.1226 2.6731 165.0823
v -232.7195 2.6731 162.783
v -230.8282 2.6731 160.047
v -229.5266 2.6731 156.9864
v -261.3386 2.6731 148.8578
v -260.3529 2.6731 145.6813
v -258.748 2.6731 142.7682
v -256.5896 2.6731 140.2378
v -253.9659 2.6731 138.1937
v -250.9846 2.6731 136.7195
v -247.7675 2.6731 135.8756
v -244.4463 2.6731 135.6966
v -241.1571 2.6731 136.1898
v -238.0345 2.6731 137.3349
v -235.2064 2.6731 139.0852
v -232.7885 2.6731 141.3689
v -230.8798 2.6731 144.0926
v -229.5583 2.6731 147.1448
v -249.7341 16.047 152.1306
v -249.6389 16.047 153.0381
v -249.363 16.047 153.9073
v -248.9177 16.047 154.7033
v -248.3214 16.047 155.3933
v -247.5984 16.047 155.9492
v -246.7783 16.047 156.3482
v -245.8947 16.047 156.5739
v -244.9838 16.047 156.6171
v -244.0826 16.047 156.4761
v -243.2285 16.047 156.1566
v -242.4561 16.047 155.6717
v -241.7971 16.047 155.0412
v -241.2786 16.047 154.291
v -240.9215 16.047 153.4518
v -249.6447 16.047 151.2225
v -249.3744 16.047 150.3515
v -248.9342 16.047 149.5527
v -248.3424 16.047 148.8589
v -247.6229 16.047 148.2984
v -246.8054 16.047 147.8942
v -245.9232 16.047 147.6628
v -245.0126 16.047 147.6137
v -244.1106 16.047 147.749
v -243.2544 16.047 148.063
v -242.4789 16.047 148.543
v -241.8159 16.047 149.1693
v -241.2925 16.047 149.9161
v -240.9302 16.047 150.7531
v -250.0297 15.4913 152.1317
v -249.9281 15.4913 153.0986
v -249.6342 15.4913 154.0248
v -249.1598 15.4913 154.873
v -248.5243 15.4913 155.6082
v -247.7539 15.4913 156.2006
v -246.88 15.4913 156.6257
v -245.9385 15.4913 156.8662
v -244.9678 15.4913 156.9122
v -244.0076 15.4913 156.7619
v -243.0974 15.4913 156.4214
v -242.2744 15.4913 155.9047
v -241.5721 15.4913 155.2329
v -241.0197 15.4913 154.4335
v -240.6393 15.4913 153.5392
v -249.9344 15.4913 151.1641
v -249.6464 15.4913 150.236
v -249.1775 15.4913 149.3848
v -248.5468 15.4913 148.6454
v -247.7802 15.4913 148.0482
v -246.9091 15.4913 147.6174
v -245.969 15.4913 147.3708
v -244.9987 15.4913 147.3185
v -244.0376 15.4913 147.4626
v -243.1252 15.4913 147.7972
v -242.2988 15.4913 148.3087
v -241.5924 15.4913 148.976
v -241.0347 15.4913 149.7718
v -240.6486 15.4913 150.6636
v -252.1077 9.9518 152.1384
v -251.9623 9.9518 153.5236
v -251.541 9.9518 154.8506
v -250.8613 9.9518 156.0657
v -249.951 9.9518 157.1191
v -248.8473 9.9518 157.9677
v -247.5953 9.9518 158.5767
v -246.2463 9.9518 158.9212
v -244.8557 9.9518 158.9872
v -243.4802 9.9518 158.7719
v -242.1761 9.9518 158.2841
v -240.9971 9.9518 157.5438
v -239.9911 9.9518 156.5813
v -239.1995 9.9518 155.4361
v -238.6545 9.9518 154.1549
v -251.9712 9.9518 150.7522
v -251.5586 9.9518 149.4225
v -250.8867 9.9518 148.2031
v -249.9833 9.9518 147.1438
v -248.885 9.9518 146.2881
v -247.637 9.9518 145.6711
v -246.2903 9.9518 145.3178
v -244.9 9.9518 145.2429
v -243.5232 9.9518 145.4493
v -242.2161 9.9518 145.9287
v -241.0321 9.9518 146.6613
v -240.02 9.9518 147.6173
v -239.2209 9.9518 148.7575
v -238.6678 9.9518 150.0351
v -253.3079 7.292 152.1422
v -253.1371 7.292 153.7691
v -252.6425 7.292 155.3275
v -251.8442 7.292 156.7546
v -250.7751 7.292 157.9917
v -249.4789 7.292 158.9883
v -248.0084 7.292 159.7036
v -246.4242 7.292 160.1082
v -244.791 7.292 160.1857
v -243.1755 7.292 159.9328
v -241.6442 7.292 159.36
v -240.2593 7.292 158.4905
v -239.0779 7.292 157.3602
v -238.1482 7.292 156.0151
v -237.5082 7.292 154.5105
v -253.1476 7.292 150.5143
v -252.6631 7.292 148.9527
v -251.874 7.292 147.5205
v -250.8129 7.292 146.2765
v -249.5231 7.292 145.2716
v -248.0574 7.292 144.5469
v -246.4757 7.292 144.132
v -244.843 7.292 144.044
v -243.226 7.292 144.2864
v -241.6909 7.292 144.8494
v -240.3005 7.292 145.7099
v -239.1118 7.292 146.8326
v -238.1735 7.292 148.1716
v -237.5238 7.292 149.6721
v -255.9519 4.6686 154.3572
v -256.1835 4.6686 152.1515
v -255.2813 4.6686 156.4703
v -254.199 4.6686 158.4051
v -252.7494 4.6686 160.0824
v -250.9919 4.6686 161.4337
v -248.9983 4.6686 162.4034
v -246.8503 4.6686 162.9521
v -244.636 4.6686 163.0571
v -242.4457 4.6686 162.7143
v -240.3693 4.6686 161.9376
v -238.4917 4.6686 160.7588
v -236.8899 4.6686 159.2262
v -235.6294 4.6686 157.4025
v -234.7617 4.6686 155.3625
v -255.9662 4.6686 149.9443
v -255.3092 4.6686 147.827
v -254.2394 4.6686 145.8853
v -252.8007 4.6686 144.1986
v -251.0519 4.6686 142.8361
v -249.0646 4.6686 141.8534
v -246.9203 4.6686 141.291
v -244.7065 4.6686 141.1716
v -242.5142 4.6686 141.5003
v -240.4327 4.6686 142.2636
v -238.5476 4.6686 143.4303
v -236.9359 4.6686 144.9525
v -235.6637 4.6686 146.768
v -234.7828 4.6686 148.8025
v -263.6221 0.5922 170.4448
v -226.9563 0.5922 170.4448
v -226.9563 0.5922 133.779
v -263.6221 0.5922 133.779
v -226.9563 -3.9025 133.779
v -226.9563 -3.9025 170.4448
v -263.6221 -3.9025 170.4448
v -263.6221 -3.9025 133.779
gi 0 0 0 0
gw 0.0 0.0 0.0 0.0
gi 0 0 0 0
gw 0.0 0.0 0.0 0.0
gi 0 0 0 0
gw 0.0 0.0 0.0 0.0
gi 0 0 0 0
gw 0.0 0.0 0.0 0.0
gi 0 0 0 0
gw 0.0 0.0 0.0 0.0
gi 0 0 0 0
gw 0.0 0.0 0.0 0.0
gi 0 0 0 0
gw 0.0 0.0 0.0 0.0
gi 0 0 0 0
gw 0.0 0.0 0.0 0.0
gi 0 0 0 0
gw 0.0 0.0 0.0 0.0
gi 0 0 0 0
gw 0.0 0.0 0.0 0.0
gi 0 0 0 0
gw 0.0 0.0 0.0 0.0
gi 0 0 0 0
gw 0.0 0.0 0.0 0.0
gi 0 0 0 0
gw 0.0 0.0 0.0 0.0
gi 0 0 0 0
gw 0.0 0.0 0.0 0.0
gi 0 0 0 0
gw 0.0 0.0 0.0 0.0
gi 0 0 0 0
gw 0.0 0.0 0.0 0.0
gi 0 0 0 0
gw 0.0 0.0 0.0 0.0
gi 0 0 0 0
gw 0.0 0.0 0.0 0.0
gi 0 0 0 0
gw 0.0 0.0 0.0 0.0
gi 0 0 0 0
gw 0.0 0.0 0.0 0.0
gi 0 0 0 0
gw 0.0 0.0 0.0 0.0
gi 0 0 0 0
gw 0.0 0.0 0.0 0.0
gi 0 0 0 0
gw 0.0 0.0 0.0 0.0
gi 0 0 0 0
gw 0.0 0.0 0.0 0.0
gi 0 0 0 0
gw 0.0 0.0 0.0 0.0
gi 0 0 0 0
gw 0.0 0.0 0.0 0.0
gi 0 0 0 0
gw 0.0 0.0 0.0 0.0
gi 0 0 0 0
gw 0.0 0.0 0.0 0.0
gi 0 0 0 0
gw 0.0 0.0 0.0 0.0
gi 0 0 0 0
gw 0.0 0.0 0.0 0.0
gi 0 0 0 0
gw 0.0 0.0 0.0 0.0
gi 0 0 0 0
gw 0.0 0.0 0.0 0.0
gi 0 0 0 0
gw 0.0 0.0 0.0 0.0
gi 0 0 0 0
gw 0.0 0.0 0.0 0.0
gi 0 0 0 0
gw 0.0 0.0 0.0 0.0
gi 0 0 0 0
gw 0.0 0.0 0.0 0.0
gi 0 0 0 0
gw 0.0 0.0 0.0 0.0
gi 0 0 0 0
gw 0.0 0.0 0.0 0.0
gi 0 0 0 0
gw 0.0 0.0 0.0 0.0
gi 0 0 0 0
gw 0.0 0.0 0.0 0.0
gi 0 0 0 0
gw 0.0 0.0 0.0 0.0
gi 0 0 0 0
gw 0.0 0.0 0.0 0.0
gi 0 0 0 0
gw 0.0 0.0 0.0 0.0
gi 0 0 0 0
gw 0.0 0.0 0.0 0.0
gi 0 0 0 0
gw 0.0 0.0 0.0 0.0
gi 0 0 0 0
gw 0.0 0.0 0.0 0.0
gi 0 0 0 0
gw 0.0 0.0 0.0 0.0
gi 0 0 0 0
gw 0.0 0.0 0.0 0.0
gi 0 0 0 0
gw 0.0 0.0 0.0 0.0
gi 0 0 0 0
gw 0.0 0.0 0.0 0.0
gi 0 0 0 0
gw 0.0 0.0 0.0 0.0
gi 0 0 0 0
gw 0.0 0.0 0.0 0.0
gi 0 0 0 0
gw 0.0 0.0 0.0 0.0
gi 0 0 0 0
gw 0.0 0.0 0.0 0.0
gi 0 0 0 0
gw 0.0 0.0 0.0 0.0
gi 0 0 0 0
gw 0.0 0.0 0.0 0.0
gi 0 0 0 0
gw 0.0 0.0 0.0 0.0
gi 0 0 0 0
gw 0.0 0.0 0.0 0.0
gi 0 0 0 0
gw 0.0 0.0 0.0 0.0
gi 0 0 0 0
gw 0.0 0.0 0.0 0.0
gi 0 0 0 0
gw 0.0 0.0 0.0 0.0
gi 0 0 0 0
gw 0.0 0.0 0.0 0.0
gi 0 0 0 0
gw 0.0 0.0 0.0 0.0
gi 0 0 0 0
gw 0.0 0.0 0.0 0.0
gi 0 0 0 0
gw 0.0 0.0 0.0 0.0
gi 0 0 0 0
gw 0.0 0.0 0.0 0.0
gi 0 0 0 0
gw 0.0 0.0 0.0 0.0
gi 0 0 0 0
gw 0.0 0.0 0.0 0.0
gi 0 0 0 0
gw 0.0 0.0 0.0 0.0
gi 0 0 0 0
gw 0.0 0.0 0.0 0.0
gi 0 0 0 0
gw 0.0 0.0 0.0 0.0
gi 0 0 0 0
gw 0.0 0.0 0.0 0.0
gi 0 0 0 0
gw 0.0 0.0 0.0 0.0
gi 0 0 0 0
gw 0.0 0.0 0.0 0.0
gi 0 0 0 0
gw 0.0 0.0 0.0 0.0
gi 0 0 0 0
gw 0.0 0.0 0.0 0.0
gi 0 0 0 0
gw 0.0 0.0 0.0 0.0
gi 0 0 0 0
gw 0.0 0.0 0.0 0.0
gi 0 0 0 0
gw 0.0 0.0 0.0 0.0
gi 0 0 0 0
gw 0.0 0.0 0.0 0.0
gi 0 0 0 0
gw 0.0 0.0 0.0 0.0
gi 0 0 0 0
gw 0.0 0.0 0.0 0.0
gi 0 0 0 0
gw 0.0 0.0 0.0 0.0
gi 0 0 0 0
gw 0.0 0.0 0.0 0.0
gi 0 0 0 0
gw 0.0 0.0 0.0 0.0
gi 0 0 0 0
gw 0.0 0.0 0.0 0.0
gi 0 0 0 0
gw 0.0 0.0 0.0 0.0
gi 0 0 0 0
gw 0.0 0.0 0.0 0.0
gi 0 0 0 0
gw 0.0 0.0 0.0 0.0
gi 0 0 0 0
gw 0.0 0.0 0.0 0.0
gi 0 0 0 0
gw 0.0 0.0 0.0 0.0
gi 0 0 0 0
gw 0.0 0.0 0.0 0.0
gi 0 0 0 0
gw 0.0 0.0 0.0 0.0
gi 0 0 0 0
gw 0.0 0.0 0.0 0.0
gi 0 0 0 0
gw 0.0 0.0 0.0 0.0
gi 0 0 0 0
gw 0.0 0.0 0.0 0.0
gi 0 0 0 0
gw 0.0 0.0 0.0 0.0
gi 0 0 0 0
gw 0.0 0.0 0.0 0.0
gi 0 0 0 0
gw 0.0 0.0 0.0 0.0
gi 0 0 0 0
gw 0.0 0.0 0.0 0.0
gi 0 0 0 0
gw 0.0 0.0 0.0 0.0
gi 0 0 0 0
gw 0.0 0.0 0.0 0.0
gi 0 0 0 0
gw 0.0 0.0 0.0 0.0
gi 0 0 0 0
gw 0.0 0.0 0.0 0.0
gi 0 0 0 0
gw 0.0 0.0 0.0 0.0
gi 0 0 0 0
gw 0.0 0.0 0.0 0.0
gi 0 0 0 0
gw 0.0 0.0 0.0 0.0
gi 0 0 0 0
gw 0.0 0.0 0.0 0.0
gi 0 0 0 0
gw 0.0 0.0 0.0 0.0
gi 0 0 0 0
gw 0.0 0.0 0.0 0.0
gi 0 0 0 0
gw 0.0 0.0 0.0 0.0
gi 0 0 0 0
gw 0.0 0.0 0.0 0.0
gi 0 0 0 0
gw 0.0 0.0 0.0 0.0
gi 0 0 0 0
gw 0.0 0.0 0.0 0.0
gi 0 0 0 0
gw 0.0 0.0 0.0 0.0
gi 0 0 0 0
gw 0.0 0.0 0.0 0.0
gi 0 0 0 0
gw 0.0 0.0 0.0 0.0
gi 0 0 0 0
gw 0.0 0.0 0.0 0.0
gi 0 0 0 0
gw 0.0 0.0 0.0 0.0
gi 0 0 0 0
gw 0.0 0.0 0.0 0.0
gi 0 0 0 0
gw 0.0 0.0 0.0 0.0
gi 0 0 0 0
gw 0.0 0.0 0.0 0.0
gi 0 0 0 0
gw 0.0 0.0 0.0 0.0
gi 0 0 0 0
gw 0.0 0.0 0.0 0.0
gi 0 0 0 0
gw 0.0 0.0 0.0 0.0
gi 0 0 0 0
gw 0.0 0.0 0.0 0.0
gi 0 0 0 0
gw 0.0 0.0 0.0 0.0
gi 0 0 0 0
gw 0.0 0.0 0.0 0.0
gi 0 0 0 0
gw 0.0 0.0 0.0 0.0
gi 0 0 0 0
gw 0.0 0.0 0.0 0.0
gi 0 0 0 0
gw 0.0 0.0 0.0 0.0
gi 0 0 0 0
gw 0.0 0.0 0.0 0.0
gi 0 0 0 0
gw 0.0 0.0 0.0 0.0
gi 0 0 0 0
gw 0.0 0.0 0.0 0.0
gi 0 0 0 0
gw 0.0 0.0 0.0 0.0
gi 0 0 0 0
gw 0.0 0.0 0.0 0.0
gi 0 0 0 0
gw 0.0 0.0 0.0 0.0
gi 0 0 0 0
gw 0.0 0.0 0.0 0.0
gi 0 0 0 0
gw 0.0 0.0 0.0 0.0
gi 0 0 0 0
gw 0.0 0.0 0.0 0.0
gi 0 0 0 0
gw 0.0 0.0 0.0 0.0
gi 0 0 0 0
gw 0.0 0.0 0.0 0.0
gi 0 0 0 0
gw 0.0 0.0 0.0 0.0
gi 0 0 0 0
gw 0.0 0.0 0.0 0.0
gi 0 0 0 0
gw 0.0 0.0 0.0 0.0
gi 0 0 0 0
gw 0.0 0.0 0.0 0.0
gi 0 0 0 0
gw 0.0 0.0 0.0 0.0
gi 0 0 0 0
gw 0.0 0.0 0.0 0.0
gi 0 0 0 0
gw 0.0 0.0 0.0 0.0
gi 0 0 0 0
gw 0.0 0.0 0.0 0.0
gi 0 0 0 0
gw 0.0 0.0 0.0 0.0
gi 0 0 0 0
gw 0.0 0.0 0.0 0.0
gi 0 0 0 0
gw 0.0 0.0 0.0 0.0
gi 0 0 0 0
gw 0.0 0.0 0.0 0.0
gi 0 0 0 0
gw 0.0 0.0 0.0 0.0
gi 0 0 0 0
gw 0.0 0.0 0.0 0.0
gi 0 0 0 0
gw 0.0 0.0 0.0 0.0
gi 0 0 0 0
gw 0.0 0.0 0.0 0.0
gi 0 0 0 0
gw 0.0 0.0 0.0 0.0
gi 0 0 0 0
gw 0.0 0.0 0.0 0.0
gi 0 0 0 0
gw 0.0 0.0 0.0 0.0
gi 0 0 0 0
gw 0.0 0.0 0.0 0.0
gi 0 0 0 0
gw 0.0 0.0 0.0 0.0
gi 0 0 0 0
gw 0.0 0.0 0.0 0.0
gi 0 0 0 0
gw 0.0 0.0 0.0 0.0
gi 0 0 0 0
gw 0.0 0.0 0.0 0.0
gi 0 0 0 0
gw 0.0 0.0 0.0 0.0
gi 0 0 0 0
gw 0.0 0.0 0.0 0.0
gi 0 0 0 0
gw 0.0 0.0 0.0 0.0
gi 0 0 0 0
gw 0.0 0.0 0.0 0.0
gi 0 0 0 0
gw 0.0 0.0 0.0 0.0
gi 0 0 0 0
gw 0.0 0.0 0.0 0.0
gi 0 0 0 0
gw 0.0 0.0 0.0 0.0
gi 0 0 0 0
gw 0.0 0.0 0.0 0.0
gi 0 0 0 0
gw 0.0 0.0 0.0 0.0
gi 0 0 0 0
gw 0.0 0.0 0.0 0.0
gi 0 0 0 0
gw 0.0 0.0 0.0 0.0
gi 0 0 0 0
gw 0.0 0.0 0.0 0.0
gi 0 0 0 0
gw 0.0 0.0 0.0 0.0
gi 0 0 0 0
gw 0.0 0.0 0.0 0.0
gi 0 0 0 0
gw 0.0 0.0 0.0 0.0
gi 0 0 0 0
gw 0.0 0.0 0.0 0.0
gi 0 0 0 0
gw 0.0 0.0 0.0 0.0
gi 0 0 0 0
gw 0.0 0.0 0.0 0.0
gi 0 0 0 0
gw 0.0 0.0 0.0 0.0
gi 0 0 0 0
gw 0.0 0.0 0.0 0.0
gi 0 0 0 0
gw 0.0 0.0 0.0 0.0
gi 0 0 0 0
gw 0.0 0.0 0.0 0.0
gi 0 0 0 0
gw 0.0 0.0 0.0 0.0
gi 0 0 0 0
gw 0.0 0.0 0.0 0.0
gi 0 0 0 0
gw 0.0 0.0 0.0 0.0
gi 0 0 0 0
gw 0.0 0.0 0.0 0.0
gi 0 0 0 0
gw 0.0 0.0 0.0 0.0
gi 0 0 0 0
gw 0.0 0.0 0.0 0.0
gi 0 0 0 0
gw 0.0 0.0 0.0 0.0
gi 0 0 0 0
gw 0.0 0.0 0.0 0.0
gi 0 0 0 0
gw 0.0 0.0 0.0 0.0
gi 0 0 0 0
gw 0.0 0.0 0.0 0.0
gi 0 0 0 0
gw 0.0 0.0 0.0 0.0
gi 0 0 0 0
gw 0.0 0.0 0.0 0.0
gi 0 0 0 0
gw 0.0 0.0 0.0 0.0
gi 0 0 0 0
gw 0.0 0.0 0.0 0.0
gi 0 0 0 0
gw 0.0 0.0 0.0 0.0
gi 0 0 0 0
gw 0.0 0.0 0.0 0.0
gi 0 0 0 0
gw 0.0 0.0 0.0 0.0
gi 0 0 0 0
gw 0.0 0.0 0.0 0.0
gi 0 0 0 0
gw 0.0 0.0 0.0 0.0
gi 0 0 0 0
gw 0.0 0.0 0.0 0.0
gi 0 0 0 0
gw 0.0 0.0 0.0 0.0
gi 0 0 0 0
gw 0.0 0.0 0.0 0.0
gi 0 0 0 0
gw 0.0 0.0 0.0 0.0
gi 0 0 0 0
gw 0.0 0.0 0.0 0.0
gi 0 0 0 0
gw 0.0 0.0 0.0 0.0
gi 0 0 0 0
gw 0.0 0.0 0.0 0.0
gi 0 0 0 0
gw 0.0 0.0 0.0 0.0
gi 0 0 0 0
gw 0.0 0.0 0.0 0.0
gi 0 0 0 0
gw 0.0 0.0 0.0 0.0
gi 0 0 0 0
gw 0.0 0.0 0.0 0.0
gi 0 0 0 0
gw 0.0 0.0 0.0 0.0
gi 0 0 0 0
gw 0.0 0.0 0.0 0.0
gi 0 0 0 0
gw 0.0 0.0 0.0 0.0
gi 0 0 0 0
gw 0.0 0.0 0.0 0.0
gi 0 0 0 0
gw 0.0 0.0 0.0 0.0
gi 0 0 0 0
gw 0.0 0.0 0.0 0.0
gi 0 0 0 0
gw 0.0 0.0 0.0 0.0
gi 0 0 0 0
gw 0.0 0.0 0.0 0.0
gi 0 0 0 0
gw 0.0 0.0 0.0 0.0
gi 0 0 0 0
gw 0.0 0.0 0.0 0.0
gi 0 0 0 0
gw 0.0 0.0 0.0 0.0
gi 0 0 0 0
gw 0.0 0.0 0.0 0.0
gi 0 0 0 0
gw 0.0 0.0 0.0 0.0
gi 0 0 0 0
gw 0.0 0.0 0.0 0.0
gi 0 0 0 0
gw 0.0 0.0 0.0 0.0
gi 0 0 0 0
gw 0.0 0.0 0.0 0.0
gi 0 0 0 0
gw 0.0 0.0 0.0 0.0
gi 0 0 0 0
gw 0.0 0.0 0.0 0.0
gi 0 0 0 0
gw 0.0 0.0 0.0 0.0
gi 0 0 0 0
gw 0.0 0.0 0.0 0.0
gi 0 0 0 0
gw 0.0 0.0 0.0 0.0
gi 0 0 0 0
gw 0.0 0.0 0.0 0.0
gi 0 0 0 0
gw 0.0 0.0 0.0 0.0
gi 0 0 0 0
gw 0.0 0.0 0.0 0.0
gi 0 0 0 0
gw 0.0 0.0 0.0 0.0
gi 0 0 0 0
gw 0.0 0.0 0.0 0.0
gi 0 0 0 0
gw 0.0 0.0 0.0 0.0
gi 0 0 0 0
gw 0.0 0.0 0.0 0.0
gi 0 0 0 0
gw 0.0 0.0 0.0 0.0
gi 0 0 0 0
gw 0.0 0.0 0.0 0.0
gi 0 0 0 0
gw 0.0 0.0 0.0 0.0
gi 0 0 0 0
gw 0.0 0.0 0.0 0.0
gi 0 0 0 0
gw 0.0 0.0 0.0 0.0
gi 0 0 0 0
gw 0.0 0.0 0.0 0.0
gi 0 0 0 0
gw 0.0 0.0 0.0 0.0
gi 0 0 0 0
gw 0.0 0.0 0.0 0.0
gi 0 0 0 0
gw 0.0 0.0 0.0 0.0
gi 0 0 0 0
gw 0.0 0.0 0.0 0.0
gi 0 0 0 0
gw 0.0 0.0 0.0 0.0
gi 0 0 0 0
gw 0.0 0.0 0.0 0.0
gi 0 0 0 0
gw 0.0 0.0 0.0 0.0
gi 0 0 0 0
gw 0.0 0.0 0.0 0.0
gi 0 0 0 0
gw 0.0 0.0 0.0 0.0
gi 0 0 0 0
gw 0.0 0.0 0.0 0.0
gi 0 0 0 0
gw 0.0 0.0 0.0 0.0
gi 0 0 0 0
gw 0.0 0.0 0.0 0.0
gi 0 0 0 0
gw 0.0 0.0 0.0 0.0
gi 0 0 0 0
gw 0.0 0.0 0.0 0.0
gi 0 0 0 0
gw 0.0 0.0 0.0 0.0
gi 0 0 0 0
gw 0.0 0.0 0.0 0.0
gi 0 0 0 0
gw 0.0 0.0 0.0 0.0
gi 0 0 0 0
gw 0.0 0.0 0.0 0.0
gi 0 0 0 0
gw 0.0 0.0 0.0 0.0
gi 0 0 0 0
gw 0.0 0.0 0.0 0.0
gi 0 0 0 0
gw 0.0 0.0 0.0 0.0
gi 0 0 0 0
gw 0.0 0.0 0.0 0.0
gi 0 0 0 0
gw 0.0 0.0 0.0 0.0
gi 0 0 0 0
gw 0.0 0.0 0.0 0.0
gi 0 0 0 0
gw 0.0 0.0 0.0 0.0
gi 0 0 0 0
gw 0.0 0.0 0.0 0.0
gi 0 0 0 0
gw 0.0 0.0 0.0 0.0
gi 0 0 0 0
gw 0.0 0.0 0.0 0.0
gi 0 0 0 0
gw 0.0 0.0 0.0 0.0
gi 0 0 0 0
gw 0.0 0.0 0.0 0.0
gi 0 0 0 0
gw 0.0 0.0 0.0 0.0
gi 0 0 0 0
gw 0.0 0.0 0.0 0.0
gi 0 0 0 0
gw 0.0 0.0 0.0 0.0
gi 0 0 0 0
gw 0.0 0.0 0.0 0.0
gi 0 0 0 0
gw 0.0 0.0 0.0 0.0
gi 0 0 0 0
gw 0.0 0.0 0.0 0.0
gi 0 0 0 0
gw 0.0 0.0 0.0 0.0
gi 0 0 0 0
gw 0.0 0.0 0.0 0.0
gi 0 0 0 0
gw 0.0 0.0 0.0 0.0
gi 0 0 0 0
gw 0.0 0.0 0.0 0.0
gi 0 0 0 0
gw 0.0 0.0 0.0 0.0
gi 0 0 0 0
gw 0.0 0.0 0.0 0.0
gi 0 0 0 0
gw 0.0 0.0 0.0 0.0
gi 0 0 0 0
gw 0.0 0.0 0.0 0.0
gi 0 0 0 0
gw 0.0 0.0 0.0 0.0
gi 0 0 0 0
gw 0.0 0.0 0.0 0.0
gi 0 0 0 0
gw 0.0 0.0 0.0 0.0
gi 0 0 0 0
gw 0.0 0.0 0.0 0.0
gi 0 0 0 0
gw 0.0 0.0 0.0 0.0
gi 0 0 0 0
gw 0.0 0.0 0.0 0.0
gi 0 0 0 0
gw 0.0 0.0 0.0 0.0
gi 0 0 0 0
gw 0.0 0.0 0.0 0.0
gi 0 0 0 0
gw 0.0 0.0 0.0 0.0
gi 0 0 0 0
gw 0.0 0.0 0.0 0.0
gi 0 0 0 0
gw 0.0 0.0 0.0 0.0
gi 0 0 0 0
gw 0.0 0.0 0.0 0.0
gi 0 0 0 0
gw 0.0 0.0 0.0 0.0
gi 0 0 0 0
gw 0.0 0.0 0.0 0.0
gi 0 0 0 0
gw 0.0 0.0 0.0 0.0
gi 0 0 0 0
gw 0.0 0.0 0.0 0.0
gi 0 0 0 0
gw 0.0 0.0 0.0 0.0
gi 0 0 0 0
gw 0.0 0.0 0.0 0.0
gi 0 0 0 0
gw 0.0 0.0 0.0 0.0
gi 0 0 0 0
gw 0.0 0.0 0.0 0.0
gi 0 0 0 0
gw 0.0 0.0 0.0 0.0
gi 0 0 0 0
gw 0.0 0.0 0.0 0.0
gi 0 0 0 0
gw 0.0 0.0 0.0 0.0
gi 0 0 0 0
gw 0.0 0.0 0.0 0.0
gi 0 0 0 0
gw 0.0 0.0 0.0 0.0
gi 0 0 0 0
gw 0.0 0.0 0.0 0.0
gi 0 0 0 0
gw 0.0 0.0 0.0 0.0
gi 0 0 0 0
gw 0.0 0.0 0.0 0.0
gi 0 0 0 0
gw 0.0 0.0 0.0 0.0
gi 0 0 0 0
gw 0.0 0.0 0.0 0.0
gi 0 0 0 0
gw 0.0 0.0 0.0 0.0
gi 0 0 0 0
gw 0.0 0.0 0.0 0.0
gi 0 0 0 0
gw 0.0 0.0 0.0 0.0
gi 0 0 0 0
gw 0.0 0.0 0.0 0.0
gi 0 0 0 0
gw 0.0 0.0 0.0 0.0
gi 0 0 0 0
gw 0.0 0.0 0.0 0.0
gi 0 0 0 0
gw 0.0 0.0 0.0 0.0
gi 0 0 0 0
gw 0.0 0.0 0.0 0.0
gi 0 0 0 0
gw 0.0 0.0 0.0 0.0
gi 0 0 0 0
gw 0.0 0.0 0.0 0.0
gi 0 0 0 0
gw 0.0 0.0 0.0 0.0
gi 0 0 0 0
gw 0.0 0.0 0.0 0.0
gi 0 0 0 0
gw 0.0 0.0 0.0 0.0
gi 0 0 0 0
gw 0.0 0.0 0.0 0.0
gi 0 0 0 0
gw 0.0 0.0 0.0 0.0
gi 0 0 0 0
gw 0.0 0.0 0.0 0.0
gi 0 0 0 0
gw 0.0 0.0 0.0 0.0
gi 0 0 0 0
gw 0.0 0.0 0.0 0.0
gi 0 0 0 0
gw 0.0 0.0 0.0 0.0
gi 0 0 0 0
gw 0.0 0.0 0.0 0.0
gi 0 0 0 0
gw 0.0 0.0 0.0 0.0
gi 0 0 0 0
gw 0.0 0.0 0.0 0.0
gi 0 0 0 0
gw 0.0 0.0 0.0 0.0
gi 0 0 0 0
gw 0.0 0.0 0.0 0.0
gi 0 0 0 0
gw 0.0 0.0 0.0 0.0
gi 0 0 0 0
gw 0.0 0.0 0.0 0.0
gi 0 0 0 0
gw 0.0 0.0 0.0 0.0
gi 0 0 0 0
gw 0.0 0.0 0.0 0.0
gi 0 0 0 0
gw 0.0 0.0 0.0 0.0
gi 0 0 0 0
gw 0.0 0.0 0.0 0.0
gi 0 0 0 0
gw 0.0 0.0 0.0 0.0
gi 0 0 0 0
gw 0.0 0.0 0.0 0.0
gi 0 0 0 0
gw 0.0 0.0 0.0 0.0
gi 0 0 0 0
gw 0.0 0.0 0.0 0.0
gi 0 0 0 0
gw 0.0 0.0 0.0 0.0
gi 0 0 0 0
gw 0.0 0.0 0.0 0.0
gi 0 0 0 0
gw 0.0 0.0 0.0 0.0
gi 0 0 0 0
gw 0.0 0.0 0.0 0.0
gi 0 0 0 0
gw 0.0 0.0 0.0 0.0
gi 0 0 0 0
gw 0.0 0.0 0.0 0.0
gi 0 0 0 0
gw 0.0 0.0 0.0 0.0
gi 0 0 0 0
gw 0.0 0.0 0.0 0.0
gi 0 0 0 0
gw 0.0 0.0 0.0 0.0
gi 0 0 0 0
gw 0.0 0.0 0.0 0.0
gi 0 0 0 0
gw 0.0 0.0 0.0 0.0
gi 0 0 0 0
gw 0.0 0.0 0.0 0.0
gi 0 0 0 0
gw 0.0 0.0 0.0 0.0
gi 0 0 0 0
gw 0.0 0.0 0.0 0.0
gi 0 0 0 0
gw 0.0 0.0 0.0 0.0
gi 0 0 0 0
gw 0.0 0.0 0.0 0.0
gi 0 0 0 0
gw 0.0 0.0 0.0 0.0
gi 0 0 0 0
gw 0.0 0.0 0.0 0.0
gi 0 0 0 0
gw 0.0 0.0 0.0 0.0
gi 0 0 0 0
gw 0.0 0.0 0.0 0.0
gi 0 0 0 0
gw 0.0 0.0 0.0 0.0
gi 0 0 0 0
gw 0.0 0.0 0.0 0.0
gi 0 0 0 0
gw 0.0 0.0 0.0 0.0
gi 0 0 0 0
gw 0.0 0.0 0.0 0.0
gi 0 0 0 0
gw 0.0 0.0 0.0 0.0
gi 0 0 0 0
gw 0.0 0.0 0.0 0.0
gi 0 0 0 0
gw 0.0 0.0 0.0 0.0
gi 0 0 0 0
gw 0.0 0.0 0.0 0.0
gi 0 0 0 0
gw 0.0 0.0 0.0 0.0
gi 0 0 0 0
gw 0.0 0.0 0.0 0.0
gi 0 0 0 0
gw 0.0 0.0 0.0 0.0
gi 0 0 0 0
gw 0.0 0.0 0.0 0.0
gi 0 0 0 0
gw 0.0 0.0 0.0 0.0
gi 0 0 0 0
gw 0.0 0.0 0.0 0.0
gi 0 0 0 0
gw 0.0 0.0 0.0 0.0
gi 0 0 0 0
gw 0.0 0.0 0.0 0.0
gi 0 0 0 0
gw 0.0 0.0 0.0 0.0
gi 0 0 0 0
gw 0.0 0.0 0.0 0.0
gi 0 0 0 0
gw 0.0 0.0 0.0 0.0
gi 0 0 0 0
gw 0.0 0.0 0.0 0.0
gi 0 0 0 0
gw 0.0 0.0 0.0 0.0
gi 0 0 0 0
gw 0.0 0.0 0.0 0.0
gi 0 0 0 0
gw 0.0 0.0 0.0 0.0
gi 0 0 0 0
gw 0.0 0.0 0.0 0.0
gi 0 0 0 0
gw 0.0 0.0 0.0 0.0
gi 0 0 0 0
gw 0.0 0.0 0.0 0.0
gi 0 0 0 0
gw 0.0 0.0 0.0 0.0
gi 0 0 0 0
gw 0.0 0.0 0.0 0.0
gi 0 0 0 0
gw 0.0 0.0 0.0 0.0
gi 0 0 0 0
gw 0.0 0.0 0.0 0.0
gi 0 0 0 0
gw 0.0 0.0 0.0 0.0
gi 0 0 0 0
gw 0.0 0.0 0.0 0.0
gi 0 0 0 0
gw 0.0 0.0 0.0 0.0
gi 0 0 0 0
gw 0.0 0.0 0.0 0.0
gi 0 0 0 0
gw 0.0 0.0 0.0 0.0
gi 0 0 0 0
gw 0.0 0.0 0.0 0.0
gi 0 0 0 0
gw 0.0 0.0 0.0 0.0
gi 0 0 0 0
gw 0.0 0.0 0.0 0.0
gi 0 0 0 0
gw 0.0 0.0 0.0 0.0
gi 0 0 0 0
gw 0.0 0.0 0.0 0.0
gi 0 0 0 0
gw 0.0 0.0 0.0 0.0
gi 0 0 0 0
gw 0.0 0.0 0.0 0.0
gi 0 0 0 0
gw 0.0 0.0 0.0 0.0
gi 0 0 0 0
gw 0.0 0.0 0.0 0.0
gi 0 0 0 0
gw 0.0 0.0 0.0 0.0
gi 0 0 0 0
gw 0.0 0.0 0.0 0.0
gi 0 0 0 0
gw 0.0 0.0 0.0 0.0
gi 0 0 0 0
gw 0.0 0.0 0.0 0.0
gi 0 0 0 0
gw 0.0 0.0 0.0 0.0
gi 0 0 0 0
gw 0.0 0.0 0.0 0.0
gi 0 0 0 0
gw 0.0 0.0 0.0 0.0
gi 0 0 0 0
gw 0.0 0.0 0.0 0.0
gi 0 0 0 0
gw 0.0 0.0 0.0 0.0
gi 0 0 0 0
gw 0.0 0.0 0.0 0.0
gi 0 0 0 0
gw 0.0 0.0 0.0 0.0
gi 0 0 0 0
gw 0.0 0.0 0.0 0.0
gi 0 0 0 0
gw 0.0 0.0 0.0 0.0
gi 0 0 0 0
gw 0.0 0.0 0.0 0.0
gi 0 0 0 0
gw 0.0 0.0 0.0 0.0
gi 0 0 0 0
gw 0.0 0.0 0.0 0.0
gi 0 0 0 0
gw 0.0 0.0 0.0 0.0
gi 0 0 0 0
gw 0.0 0.0 0.0 0.0
gi 0 0 0 0
gw 0.0 0.0 0.0 0.0
gi 0 0 0 0
gw 0.0 0.0 0.0 0.0
gi 0 0 0 0
gw 0.0 0.0 0.0 0.0
gi 0 0 0 0
gw 0.0 0.0 0.0 0.0
gi 0 0 0 0
gw 0.0 0.0 0.0 0.0
gi 0 0 0 0
gw 0.0 0.0 0.0 0.0
gi 0 0 0 0
gw 0.0 0.0 0.0 0.0
gi 0 0 0 0
gw 0.0 0.0 0.0 0.0
gi 0 0 0 0
gw 0.0 0.0 0.0 0.0
gi 0 0 0 0
gw 0.0 0.0 0.0 0.0
gi 0 0 0 0
gw 0.0 0.0 0.0 0.0
gi 0 0 0 0
gw 0.0 0.0 0.0 0.0
gi 0 0 0 0
gw 0.0 0.0 0.0 0.0
gi 0 0 0 0
gw 0.0 0.0 0.0 0.0
gi 0 0 0 0
gw 0.0 0.0 0.0 0.0
gi 0 0 0 0
gw 0.0 0.0 0.0 0.0
gi 0 0 0 0
gw 0.0 0.0 0.0 0.0
gi 0 0 0 0
gw 0.0 0.0 0.0 0.0
gi 0 0 0 0
gw 0.0 0.0 0.0 0.0
gi 0 0 0 0
gw 0.0 0.0 0.0 0.0
gi 0 0 0 0
gw 0.0 0.0 0.0 0.0
gi 0 0 0 0
gw 0.0 0.0 0.0 0.0
gi 0 0 0 0
gw 0.0 0.0 0.0 0.0
gi 0 0 0 0
gw 0.0 0.0 0.0 0.0
gi 0 0 0 0
gw 0.0 0.0 0.0 0.0
gi 0 0 0 0
gw 0.0 0.0 0.0 0.0
gi 0 0 0 0
gw 0.0 0.0 0.0 0.0
gi 0 0 0 0
gw 0.0 0.0 0.0 0.0
gi 0 0 0 0
gw 0.0 0.0 0.0 0.0
gi 0 0 0 0
gw 0.0 0.0 0.0 0.0
gi 0 0 0 0
gw 0.0 0.0 0.0 0.0
gi 0 0 0 0
gw 0.0 0.0 0.0 0.0
gi 0 0 0 0
gw 0.0 0.0 0.0 0.0
gi 0 0 0 0
gw 0.0 0.0 0.0 0.0
gi 0 0 0 0
gw 0.0 0.0 0.0 0.0
gi 0 0 0 0
gw 0.0 0.0 0.0 0.0
gi 0 0 0 0
gw 0.0 0.0 0.0 0.0
gi 0 0 0 0
gw 0.0 0.0 0.0 0.0
gi 0 0 0 0
gw 0.0 0.0 0.0 0.0
gi 0 0 0 0
gw 0.0 0.0 0.0 0.0
gi 0 0 0 0
gw 0.0 0.0 0.0 0.0
gi 0 0 0 0
gw 0.0 0.0 0.0 0.0
gi 0 0 0 0
gw 0.0 0.0 0.0 0.0
gi 0 0 0 0
gw 0.0 0.0 0.0 0.0
gi 0 0 0 0
gw 0.0 0.0 0.0 0.0
gi 0 0 0 0
gw 0.0 0.0 0.0 0.0
gi 0 0 0 0
gw 0.0 0.0 0.0 0.0
gi 0 0 0 0
gw 0.0 0.0 0.0 0.0
gi 0 0 0 0
gw 0.0 0.0 0.0 0.0
gi 0 0 0 0
gw 0.0 0.0 0.0 0.0
gi 0 0 0 0
gw 0.0 0.0 0.0 0.0
gi 0 0 0 0
gw 0.0 0.0 0.0 0.0
gi 0 0 0 0
gw 0.0 0.0 0.0 0.0
gi 0 0 0 0
gw 0.0 0.0 0.0 0.0
gi 0 0 0 0
gw 0.0 0.0 0.0 0.0
gi 0 0 0 0
gw 0.0 0.0 0.0 0.0
gi 0 0 0 0
gw 0.0 0.0 0.0 0.0
gi 0 0 0 0
gw 0.0 0.0 0.0 0.0
gi 0 0 0 0
gw 0.0 0.0 0.0 0.0
gi 0 0 0 0
gw 0.0 0.0 0.0 0.0
gi 0 0 0 0
gw 0.0 0.0 0.0 0.0
gi 0 0 0 0
gw 0.0 0.0 0.0 0.0
gi 0 0 0 0
gw 0.0 0.0 0.0 0.0
gi 0 0 0 0
gw 0.0 0.0 0.0 0.0
gi 0 0 0 0
gw 0.0 0.0 0.0 0.0
gi 0 0 0 0
gw 0.0 0.0 0.0 0.0
gi 0 0 0 0
gw 0.0 0.0 0.0 0.0
gi 0 0 0 0
gw 0.0 0.0 0.0 0.0
gi 0 0 0 0
gw 0.0 0.0 0.0 0.0
gi 0 0 0 0
gw 0.0 0.0 0.0 0.0
gi 0 0 0 0
gw 0.0 0.0 0.0 0.0
gi 0 0 0 0
gw 0.0 0.0 0.0 0.0
gi 0 0 0 0
gw 0.0 0.0 0.0 0.0
gi 0 0 0 0
gw 0.0 0.0 0.0 0.0
gi 0 0 0 0
gw 0.0 0.0 0.0 0.0
gi 0 0 0 0
gw 0.0 0.0 0.0 0.0
gi 0 0 0 0
gw 0.0 0.0 0.0 0.0
gi 0 0 0 0
gw 0.0 0.0 0.0 0.0
gi 0 0 0 0
gw 0.0 0.0 0.0 0.0
gi 0 0 0 0
gw 0.0 0.0 0.0 0.0
gi 0 0 0 0
gw 0.0 0.0 0.0 0.0
gi 0 0 0 0
gw 0.0 0.0 0.0 0.0
gi 0 0 0 0
gw 0.0 0.0 0.0 0.0
gi 0 0 0 0
gw 0.0 0.0 0.0 0.0
gi 0 0 0 0
gw 0.0 0.0 0.0 0.0
gi 0 0 0 0
gw 0.0 0.0 0.0 0.0
gi 0 0 0 0
gw 0.0 0.0 0.0 0.0
gi 0 0 0 0
gw 0.0 0.0 0.0 0.0
gi 0 0 0 0
gw 0.0 0.0 0.0 0.0
gi 0 0 0 0
gw 0.0 0.0 0.0 0.0
gi 0 0 0 0
gw 0.0 0.0 0.0 0.0
gi 0 0 0 0
gw 0.0 0.0 0.0 0.0
gi 0 0 0 0
gw 0.0 0.0 0.0 0.0
gi 0 0 0 0
gw 0.0 0.0 0.0 0.0
gi 0 0 0 0
gw 0.0 0.0 0.0 0.0
gi 0 0 0 0
gw 0.0 0.0 0.0 0.0
gi 0 0 0 0
gw 0.0 0.0 0.0 0.0
gi 0 0 0 0
gw 0.0 0.0 0.0 0.0
gi 0 0 0 0
gw 0.0 0.0 0.0 0.0
gi 0 0 0 0
gw 0.0 0.0 0.0 0.0
gi 0 0 0 0
gw 0.0 0.0 0.0 0.0
gi 0 0 0 0
gw 0.0 0.0 0.0 0.0
gi 0 0 0 0
gw 0.0 0.0 0.0 0.0
gi 0 0 0 0
gw 0.0 0.0 0.0 0.0
gi 0 0 0 0
gw 0.0 0.0 0.0 0.0
gi 0 0 0 0
gw 0.0 0.0 0.0 0.0
gi 0 0 0 0
gw 0.0 0.0 0.0 0.0
gi 0 0 0 0
gw 0.0 0.0 0.0 0.0
gi 0 0 0 0
gw 0.0 0.0 0.0 0.0
gi 0 0 0 0
gw 0.0 0.0 0.0 0.0
gi 0 0 0 0
gw 0.0 0.0 0.0 0.0
gi 0 0 0 0
gw 0.0 0.0 0.0 0.0
gi 0 0 0 0
gw 0.0 0.0 0.0 0.0
gi 0 0 0 0
gw 0.0 0.0 0.0 0.0
gi 0 0 0 0
gw 0.0 0.0 0.0 0.0
gi 0 0 0 0
gw 0.0 0.0 0.0 0.0
gi 0 0 0 0
gw 0.0 0.0 0.0 0.0
gi 0 0 0 0
gw 0.0 0.0 0.0 0.0
gi 0 0 0 0
gw 0.0 0.0 0.0 0.0
gi 0 0 0 0
gw 0.0 0.0 0.0 0.0
gi 0 0 0 0
gw 0.0 0.0 0.0 0.0
gi 0 0 0 0
gw 0.0 0.0 0.0 0.0
gi 0 0 0 0
gw 0.0 0.0 0.0 0.0
gi 0 0 0 0
gw 0.0 0.0 0.0 0.0
gi 0 0 0 0
gw 0.0 0.0 0.0 0.0
gi 0 0 0 0
gw 0.0 0.0 0.0 0.0
gi 0 0 0 0
gw 0.0 0.0 0.0 0.0
gi 0 0 0 0
gw 0.0 0.0 0.0 0.0
gi 0 0 0 0
gw 0.0 0.0 0.0 0.0
gi 0 0 0 0
gw 0.0 0.0 0.0 0.0
gi 0 0 0 0
gw 0.0 0.0 0.0 0.0
gi 0 0 0 0
gw 0.0 0.0 0.0 0.0
gi 0 0 0 0
gw 0.0 0.0 0.0 0.0
gi 0 0 0 0
gw 0.0 0.0 0.0 0.0
gi 0 0 0 0
gw 0.0 0.0 0.0 0.0
gi 0 0 0 0
gw 0.0 0.0 0.0 0.0
gi 0 0 0 0
gw 0.0 0.0 0.0 0.0
gi 0 0 0 0
gw 0.0 0.0 0.0 0.0
gi 0 0 0 0
gw 0.0 0.0 0.0 0.0
gi 0 0 0 0
gw 0.0 0.0 0.0 0.0
gi 0 0 0 0
gw 0.0 0.0 0.0 0.0
gi 0 0 0 0
gw 0.0 0.0 0.0 0.0
gi 0 0 0 0
gw 0.0 0.0 0.0 0.0
gi 0 0 0 0
gw 0.0 0.0 0.0 0.0
gi 0 0 0 0
gw 0.0 0.0 0.0 0.0
gi 0 0 0 0
gw 0.0 0.0 0.0 0.0
gi 0 0 0 0
gw 0.0 0.0 0.0 0.0
gi 0 0 0 0
gw 0.0 0.0 0.0 0.0
gi 0 0 0 0
gw 0.0 0.0 0.0 0.0
gi 0 0 0 0
gw 0.0 0.0 0.0 0.0
gi 0 0 0 0
gw 0.0 0.0 0.0 0.0
gi 0 0 0 0
gw 0.0 0.0 0.0 0.0
gi 0 0 0 0
gw 0.0 0.0 0.0 0.0
gi 0 0 0 0
gw 0.0 0.0 0.0 0.0
gi 0 0 0 0
gw 0.0 0.0 0.0 0.0
gi 0 0 0 0
gw 0.0 0.0 0.0 0.0
gi 0 0 0 0
gw 0.0 0.0 0.0 0.0
gi 0 0 0 0
gw 0.0 0.0 0.0 0.0
gi 0 0 0 0
gw 0.0 0.0 0.0 0.0
gi 0 0 0 0
gw 0.0 0.0 0.0 0.0
gi 0 0 0 0
gw 0.0 0.0 0.0 0.0
gi 0 0 0 0
gw 0.0 0.0 0.0 0.0
gi 0 0 0 0
gw 0.0 0.0 0.0 0.0
gi 0 0 0 0
gw 0.0 0.0 0.0 0.0
gi 0 0 0 0
gw 0.0 0.0 0.0 0.0
gi 0 0 0 0
gw 0.0 0.0 0.0 0.0
gi 0 0 0 0
gw 0.0 0.0 0.0 0.0
gi 0 0 0 0
gw 0.0 0.0 0.0 0.0
gi 0 0 0 0
gw 0.0 0.0 0.0 0.0
gi 0 0 0 0
gw 0.0 0.0 0.0 0.0
gi 0 0 0 0
gw 0.0 0.0 0.0 0.0
gi 0 0 0 0
gw 0.0 0.0 0.0 0.0
gi 0 0 0 0
gw 0.0 0.0 0.0 0.0
gi 0 0 0 0
gw 0.0 0.0 0.0 0.0
gi 0 0 0 0
gw 0.0 0.0 0.0 0.0
gi 0 0 0 0
gw 0.0 0.0 0.0 0.0
gi 0 0 0 0
gw 0.0 0.0 0.0 0.0
gi 0 0 0 0
gw 0.0 0.0 0.0 0.0
gi 0 0 0 0
gw 0.0 0.0 0.0 0.0
gi 0 0 0 0
gw 0.0 0.0 0.0 0.0
gi 0 0 0 0
gw 0.0 0.0 0.0 0.0
gi 0 0 0 0
gw 0.0 0.0 0.0 0.0
gi 0 0 0 0
gw 0.0 0.0 0.0 0.0
gi 0 0 0 0
gw 0.0 0.0 0.0 0.0
gi 0 0 0 0
gw 0.0 0.0 0.0 0.0
gi 0 0 0 0
gw 0.0 0.0 0.0 0.0
gi 0 0 0 0
gw 0.0 0.0 0.0 0.0
gi 0 0 0 0
gw 0.0 0.0 0.0 0.0
gi 0 0 0 0
gw 0.0 0.0 0.0 0.0
gi 0 0 0 0
gw 0.0 0.0 0.0 0.0
gi 0 0 0 0
gw 0.0 0.0 0.0 0.0
gi 0 0 0 0
gw 0.0 0.0 0.0 0.0
gi 0 0 0 0
gw 0.0 0.0 0.0 0.0
gi 0 0 0 0
gw 0.0 0.0 0.0 0.0
gi 0 0 0 0
gw 0.0 0.0 0.0 0.0
gi 0 0 0 0
gw 0.0 0.0 0.0 0.0
gi 0 0 0 0
gw 0.0 0.0 0.0 0.0
gi 0 0 0 0
gw 0.0 0.0 0.0 0.0
gi 0 0 0 0
gw 0.0 0.0 0.0 0.0
gi 0 0 0 0
gw 0.0 0.0 0.0 0.0
gi 0 0 0 0
gw 0.0 0.0 0.0 0.0
gi 0 0 0 0
gw 0.0 0.0 0.0 0.0
gi 0 0 0 0
gw 0.0 0.0 0.0 0.0
gi 0 0 0 0
gw 0.0 0.0 0.0 0.0
gi 0 0 0 0
gw 0.0 0.0 0.0 0.0
gi 0 0 0 0
gw 0.0 0.0 0.0 0.0
gi 0 0 0 0
gw 0.0 0.0 0.0 0.0
gi 0 0 0 0
gw 0.0 0.0 0.0 0.0
gi 0 0 0 0
gw 0.0 0.0 0.0 0.0
gi 0 0 0 0
gw 0.0 0.0 0.0 0.0
gi 0 0 0 0
gw 0.0 0.0 0.0 0.0
gi 0 0 0 0
gw 0.0 0.0 0.0 0.0
gi 0 0 0 0
gw 0.0 0.0 0.0 0.0
gi 0 0 0 0
gw 0.0 0.0 0.0 0.0
gi 0 0 0 0
gw 0.0 0.0 0.0 0.0
gi 0 0 0 0
gw 0.0 0.0 0.0 0.0
gi 0 0 0 0
gw 0.0 0.0 0.0 0.0
gi 0 0 0 0
gw 0.0 0.0 0.0 0.0
gi 0 0 0 0
gw 0.0 0.0 0.0 0.0
gi 0 0 0 0
gw 0.0 0.0 0.0 0.0
gi 0 0 0 0
gw 0.0 0.0 0.0 0.0
gi 0 0 0 0
gw 0.0 0.0 0.0 0.0
gi 0 0 0 0
gw 0.0 0.0 0.0 0.0
gi 0 0 0 0
gw 0.0 0.0 0.0 0.0
gi 0 0 0 0
gw 0.0 0.0 0.0 0.0
gi 0 0 0 0
gw 0.0 0.0 0.0 0.0
gi 0 0 0 0
gw 0.0 0.0 0.0 0.0
gi 0 0 0 0
gw 0.0 0.0 0.0 0.0
gi 0 0 0 0
gw 0.0 0.0 0.0 0.0
gi 0 0 0 0
gw 0.0 0.0 0.0 0.0
gi 0 0 0 0
gw 0.0 0.0 0.0 0.0
gi 0 0 0 0
gw 0.0 0.0 0.0 0.0
gi 0 0 0 0
gw 0.0 0.0 0.0 0.0
gi 0 0 0 0
gw 0.0 0.0 0.0 0.0
gi 0 0 0 0
gw 0.0 0.0 0.0 0.0
gi 0 0 0 0
gw 0.0 0.0 0.0 0.0
gi 0 0 0 0
gw 0.0 0.0 0.0 0.0
gi 0 0 0 0
gw 0.0 0.0 0.0 0.0
gi 0 0 0 0
gw 0.0 0.0 0.0 0.0
gi 0 0 0 0
gw 0.0 0.0 0.0 0.0
gi 0 0 0 0
gw 0.0 0.0 0.0 0.0
gi 0 0 0 0
gw 0.0 0.0 0.0 0.0
gi 0 0 0 0
gw 0.0 0.0 0.0 0.0
gi 0 0 0 0
gw 0.0 0.0 0.0 0.0
gi 0 0 0 0
gw 0.0 0.0 0.0 0.0
gi 0 0 0 0
gw 0.0 0.0 0.0 0.0
gi 0 0 0 0
gw 0.0 0.0 0.0 0.0
gi 0 0 0 0
gw 0.0 0.0 0.0 0.0
gi 0 0 0 0
gw 0.0 0.0 0.0 0.0
gi 0 0 0 0
gw 0.0 0.0 0.0 0.0
gi 0 0 0 0
gw 0.0 0.0 0.0 0.0
gi 0 0 0 0
gw 0.0 0.0 0.0 0.0
gi 0 0 0 0
gw 0.0 0.0 0.0 0.0
gi 0 0 0 0
gw 0.0 0.0 0.0 0.0
gi 0 0 0 0
gw 0.0 0.0 0.0 0.0
gi 0 0 0 0
gw 0.0 0.0 0.0 0.0
gi 0 0 0 0
gw 0.0 0.0 0.0 0.0
gi 0 0 0 0
gw 0.0 0.0 0.0 0.0
gi 0 0 0 0
gw 0.0 0.0 0.0 0.0
gi 0 0 0 0
gw 0.0 0.0 0.0 0.0
gi 0 0 0 0
gw 0.0 0.0 0.0 0.0
gi 0 0 0 0
gw 0.0 0.0 0.0 0.0
gi 0 0 0 0
gw 0.0 0.0 0.0 0.0
gi 0 0 0 0
gw 0.0 0.0 0.0 0.0
gi 0 0 0 0
gw 0.0 0.0 0.0 0.0
gi 0 0 0 0
gw 0.0 0.0 0.0 0.0
gi 0 0 0 0
gw 0.0 0.0 0.0 0.0
gi 0 0 0 0
gw 0.0 0.0 0.0 0.0
gi 0 0 0 0
gw 0.0 0.0 0.0 0.0
gi 0 0 0 0
gw 0.0 0.0 0.0 0.0
gi 0 0 0 0
gw 0.0 0.0 0.0 0.0
gi 0 0 0 0
gw 0.0 0.0 0.0 0.0
gi 0 0 0 0
gw 0.0 0.0 0.0 0.0
gi 0 0 0 0
gw 0.0 0.0 0.0 0.0
gi 0 0 0 0
gw 0.0 0.0 0.0 0.0
gi 0 0 0 0
gw 0.0 0.0 0.0 0.0
gi 0 0 0 0
gw 0.0 0.0 0.0 0.0
gi 0 0 0 0
gw 0.0 0.0 0.0 0.0
gi 0 0 0 0
gw 0.0 0.0 0.0 0.0
gi 0 0 0 0
gw 0.0 0.0 0.0 0.0
gi 0 0 0 0
gw 0.0 0.0 0.0 0.0
gi 0 0 0 0
gw 0.0 0.0 0.0 0.0
gi 0 0 0 0
gw 0.0 0.0 0.0 0.0
gi 0 0 0 0
gw 0.0 0.0 0.0 0.0
gi 0 0 0 0
gw 0.0 0.0 0.0 0.0
gi 0 0 0 0
gw 0.0 0.0 0.0 0.0
gi 0 0 0 0
gw 0.0 0.0 0.0 0.0
gi 0 0 0 0
gw 0.0 0.0 0.0 0.0
gi 0 0 0 0
gw 0.0 0.0 0.0 0.0
gi 0 0 0 0
gw 0.0 0.0 0.0 0.0
gi 0 0 0 0
gw 0.0 0.0 0.0 0.0
gi 0 0 0 0
gw 0.0 0.0 0.0 0.0
gi 0 0 0 0
gw 0.0 0.0 0.0 0.0
gi 0 0 0 0
gw 0.0 0.0 0.0 0.0
gi 0 0 0 0
gw 0.0 0.0 0.0 0.0
gi 0 0 0 0
gw 0.0 0.0 0.0 0.0
gi 0 0 0 0
gw 0.0 0.0 0.0 0.0
gi 0 0 0 0
gw 0.0 0.0 0.0 0.0
gi 0 0 0 0
gw 0.0 0.0 0.0 0.0
gi 0 0 0 0
gw 0.0 0.0 0.0 0.0
gi 0 0 0 0
gw 0.0 0.0 0.0 0.0
gi 0 0 0 0
gw 0.0 0.0 0.0 0.0
gi 0 0 0 0
gw 0.0 0.0 0.0 0.0
gi 0 0 0 0
gw 0.0 0.0 0.0 0.0
gi 0 0 0 0
gw 0.0 0.0 0.0 0.0
gi 0 0 0 0
gw 0.0 0.0 0.0 0.0
gi 0 0 0 0
gw 0.0 0.0 0.0 0.0
gi 0 0 0 0
gw 0.0 0.0 0.0 0.0
gi 0 0 0 0
gw 0.0 0.0 0.0 0.0
gi 0 0 0 0
gw 0.0 0.0 0.0 0.0
gi 0 0 0 0
gw 0.0 0.0 0.0 0.0
gi 0 0 0 0
gw 0.0 0.0 0.0 0.0
gi 0 0 0 0
gw 0.0 0.0 0.0 0.0
gi 0 0 0 0
gw 0.0 0.0 0.0 0.0
gi 0 0 0 0
gw 0.0 0.0 0.0 0.0
gi 0 0 0 0
gw 0.0 0.0 0.0 0.0
gi 0 0 0 0
gw 0.0 0.0 0.0 0.0
gi 0 0 0 0
gw 0.0 0.0 0.0 0.0
gi 0 0 0 0
gw 0.0 0.0 0.0 0.0
gi 0 0 0 0
gw 0.0 0.0 0.0 0.0
gi 0 0 0 0
gw 0.0 0.0 0.0 0.0
gi 0 0 0 0
gw 0.0 0.0 0.0 0.0
gi 0 0 0 0
gw 0.0 0.0 0.0 0.0
gi 0 0 0 0
gw 0.0 0.0 0.0 0.0
gi 0 0 0 0
gw 0.0 0.0 0.0 0.0
gi 0 0 0 0
gw 0.0 0.0 0.0 0.0
gi 0 0 0 0
gw 0.0 0.0 0.0 0.0
gi 0 0 0 0
gw 0.0 0.0 0.0 0.0
gi 0 0 0 0
gw 0.0 0.0 0.0 0.0
gi 0 0 0 0
gw 0.0 0.0 0.0 0.0
gi 0 0 0 0
gw 0.0 0.0 0.0 0.0
gi 0 0 0 0
gw 0.0 0.0 0.0 0.0
gi 0 0 0 0
gw 0.0 0.0 0.0 0.0
gi 0 0 0 0
gw 0.0 0.0 0.0 0.0
gi 0 0 0 0
gw 0.0 0.0 0.0 0.0
gi 0 0 0 0
gw 0.0 0.0 0.0 0.0
gi 0 0 0 0
gw 0.0 0.0 0.0 0.0
gi 0 0 0 0
gw 0.0 0.0 0.0 0.0
gi 0 0 0 0
gw 0.0 0.0 0.0 0.0
gi 0 0 0 0
gw 0.0 0.0 0.0 0.0
gi 0 0 0 0
gw 0.0 0.0 0.0 0.0
gi 0 0 0 0
gw 0.0 0.0 0.0 0.0
gi 0 0 0 0
gw 0.0 0.0 0.0 0.0
gi 0 0 0 0
gw 0.0 0.0 0.0 0.0
gi 0 0 0 0
gw 0.0 0.0 0.0 0.0
gi 0 0 0 0
gw 0.0 0.0 0.0 0.0
gi 0 0 0 0
gw 0.0 0.0 0.0 0.0
gi 0 0 0 0
gw 0.0 0.0 0.0 0.0
gi 0 0 0 0
gw 0.0 0.0 0.0 0.0
gi 0 0 0 0
gw 0.0 0.0 0.0 0.0
gi 0 0 0 0
gw 0.0 0.0 0.0 0.0
gi 0 0 0 0
gw 0.0 0.0 0.0 0.0
gi 0 0 0 0
gw 0.0 0.0 0.0 0.0
gi 0 0 0 0
gw 0.0 0.0 0.0 0.0
gi 0 0 0 0
gw 0.0 0.0 0.0 0.0
gi 0 0 0 0
gw 0.0 0.0 0.0 0.0
gi 0 0 0 0
gw 0.0 0.0 0.0 0.0
gi 0 0 0 0
gw 0.0 0.0 0.0 0.0
gi 0 0 0 0
gw 0.0 0.0 0.0 0.0
gi 0 0 0 0
gw 0.0 0.0 0.0 0.0
gi 0 0 0 0
gw 0.0 0.0 0.0 0.0
gi 0 0 0 0
gw 0.0 0.0 0.0 0.0
gi 0 0 0 0
gw 0.0 0.0 0.0 0.0
gi 0 0 0 0
gw 0.0 0.0 0.0 0.0
gi 0 0 0 0
gw 0.0 0.0 0.0 0.0
gi 0 0 0 0
gw 0.0 0.0 0.0 0.0
gi 0 0 0 0
gw 0.0 0.0 0.0 0.0
gi 0 0 0 0
gw 0.0 0.0 0.0 0.0
gi 0 0 0 0
gw 0.0 0.0 0.0 0.0
gi 0 0 0 0
gw 0.0 0.0 0.0 0.0
gi 0 0 0 0
gw 0.0 0.0 0.0 0.0
gi 0 0 0 0
gw 0.0 0.0 0.0 0.0
gi 0 0 0 0
gw 0.0 0.0 0.0 0.0
gi 0 0 0 0
gw 0.0 0.0 0.0 0.0
gi 0 0 0 0
gw 0.0 0.0 0.0 0.0
gi 0 0 0 0
gw 0.0 0.0 0.0 0.0
gi 0 0 0 0
gw 0.0 0.0 0.0 0.0
gi 0 0 0 0
gw 0.0 0.0 0.0 0.0
gi 0 0 0 0
gw 0.0 0.0 0.0 0.0
gi 0 0 0 0
gw 0.0 0.0 0.0 0.0
gi 0 0 0 0
gw 0.0 0.0 0.0 0.0
gi 0 0 0 0
gw 0.0 0.0 0.0 0.0
gi 0 0 0 0
gw 0.0 0.0 0.0 0.0
gi 0 0 0 0
gw 0.0 0.0 0.0 0.0
gi 0 0 0 0
gw 0.0 0.0 0.0 0.0
gi 0 0 0 0
gw 0.0 0.0 0.0 0.0
gi 0 0 0 0
gw 0.0 0.0 0.0 0.0
gi 0 0 0 0
gw 0.0 0.0 0.0 0.0
gi 0 0 0 0
gw 0.0 0.0 0.0 0.0
gi 0 0 0 0
gw 0.0 0.0 0.0 0.0
gi 0 0 0 0
gw 0.0 0.0 0.0 0.0
gi 0 0 0 0
gw 0.0 0.0 0.0 0.0
gi 0 0 0 0
gw 0.0 0.0 0.0 0.0
gi 0 0 0 0
gw 0.0 0.0 0.0 0.0
gi 0 0 0 0
gw 0.0 0.0 0.0 0.0
gi 0 0 0 0
gw 0.0 0.0 0.0 0.0
gi 0 0 0 0
gw 0.0 0.0 0.0 0.0
gi 0 0 0 0
gw 0.0 0.0 0.0 0.0
gi 0 0 0 0
gw 0.0 0.0 0.0 0.0
gi 0 0 0 0
gw 0.0 0.0 0.0 0.0
gi 0 0 0 0
gw 0.0 0.0 0.0 0.0
gi 0 0 0 0
gw 0.0 0.0 0.0 0.0
gi 0 0 0 0
gw 0.0 0.0 0.0 0.0
gi 0 0 0 0
gw 0.0 0.0 0.0 0.0
gi 0 0 0 0
gw 0.0 0.0 0.0 0.0
gi 0 0 0 0
gw 0.0 0.0 0.0 0.0
gi 0 0 0 0
gw 0.0 0.0 0.0 0.0
gi 0 0 0 0
gw 0.0 0.0 0.0 0.0
gi 0 0 0 0
gw 0.0 0.0 0.0 0.0
gi 0 0 0 0
gw 0.0 0.0 0.0 0.0
gi 0 0 0 0
gw 0.0 0.0 0.0 0.0
gi 0 0 0 0
gw 0.0 0.0 0.0 0.0
gi 0 0 0 0
gw 0.0 0.0 0.0 0.0
gi 0 0 0 0
gw 0.0 0.0 0.0 0.0
gi 0 0 0 0
gw 0.0 0.0 0.0 0.0
gi 0 0 0 0
gw 0.0 0.0 0.0 0.0
gi 0 0 0 0
gw 0.0 0.0 0.0 0.0
gi 0 0 0 0
gw 0.0 0.0 0.0 0.0
gi 0 0 0 0
gw 0.0 0.0 0.0 0.0
gi 0 0 0 0
gw 0.0 0.0 0.0 0.0
gi 0 0 0 0
gw 0.0 0.0 0.0 0.0
gi 0 0 0 0
gw 0.0 0.0 0.0 0.0
gi 0 0 0 0
gw 0.0 0.0 0.0 0.0
gi 0 0 0 0
gw 0.0 0.0 0.0 0.0
gi 0 0 0 0
gw 0.0 0.0 0.0 0.0
gi 0 0 0 0
gw 0.0 0.0 0.0 0.0
gi 0 0 0 0
gw 0.0 0.0 0.0 0.0
gi 0 0 0 0
gw 0.0 0.0 0.0 0.0
gi 0 0 0 0
gw 0.0 0.0 0.0 0.0
gi 0 0 0 0
gw 0.0 0.0 0.0 0.0
gi 0 0 0 0
gw 0.0 0.0 0.0 0.0
gi 0 0 0 0
gw 0.0 0.0 0.0 0.0
gi 0 0 0 0
gw 0.0 0.0 0.0 0.0
gi 0 0 0 0
gw 0.0 0.0 0.0 0.0
gi 0 0 0 0
gw 0.0 0.0 0.0 0.0
gi 0 0 0 0
gw 0.0 0.0 0.0 0.0
gi 0 0 0 0
gw 0.0 0.0 0.0 0.0
gi 0 0 0 0
gw 0.0 0.0 0.0 0.0
gi 0 0 0 0
gw 0.0 0.0 0.0 0.0
gi 0 0 0 0
gw 0.0 0.0 0.0 0.0
gi 0 0 0 0
gw 0.0 0.0 0.0 0.0
gi 0 0 0 0
gw 0.0 0.0 0.0 0.0
gi 0 0 0 0
gw 0.0 0.0 0.0 0.0
gi 0 0 0 0
gw 0.0 0.0 0.0 0.0
gi 0 0 0 0
gw 0.0 0.0 0.0 0.0
gi 0 0 0 0
gw 0.0 0.0 0.0 0.0
gi 0 0 0 0
gw 0.0 0.0 0.0 0.0
gi 0 0 0 0
gw 0.0 0.0 0.0 0.0
gi 0 0 0 0
gw 0.0 0.0 0.0 0.0
gi 0 0 0 0
gw 0.0 0.0 0.0 0.0
gi 0 0 0 0
gw 0.0 0.0 0.0 0.0
gi 0 0 0 0
gw 0.0 0.0 0.0 0.0
gi 0 0 0 0
gw 0.0 0.0 0.0 0.0
gi 0 0 0 0
gw 0.0 0.0 0.0 0.0
gi 0 0 0 0
gw 0.0 0.0 0.0 0.0
gi 0 0 0 0
gw 0.0 0.0 0.0 0.0
gi 0 0 0 0
gw 0.0 0.0 0.0 0.0
gi 0 0 0 0
gw 0.0 0.0 0.0 0.0
gi 0 0 0 0
gw 0.0 0.0 0.0 0.0
gi 0 0 0 0
gw 0.0 0.0 0.0 0.0
gi 0 0 0 0
gw 0.0 0.0 0.0 0.0
gi 0 0 0 0
gw 0.0 0.0 0.0 0.0
gi 0 0 0 0
gw 0.0 0.0 0.0 0.0
gi 0 0 0 0
gw 0.0 0.0 0.0 0.0
gi 0 0 0 0
gw 0.0 0.0 0.0 0.0
gi 0 0 0 0
gw 0.0 0.0 0.0 0.0
gi 0 0 0 0
gw 0.0 0.0 0.0 0.0
gi 0 0 0 0
gw 0.0 0.0 0.0 0.0
gi 0 0 0 0
gw 0.0 0.0 0.0 0.0
gi 0 0 0 0
gw 0.0 0.0 0.0 0.0
gi 0 0 0 0
gw 0.0 0.0 0.0 0.0
gi 0 0 0 0
gw 0.0 0.0 0.0 0.0
gi 0 0 0 0
gw 0.0 0.0 0.0 0.0
gi 0 0 0 0
gw 0.0 0.0 0.0 0.0
gi 0 0 0 0
gw 0.0 0.0 0.0 0.0
gi 0 0 0 0
gw 0.0 0.0 0.0 0.0
gi 0 0 0 0
gw 0.0 0.0 0.0 0.0
gi 0 0 0 0
gw 0.0 0.0 0.0 0.0
gi 0 0 0 0
gw 0.0 0.0 0.0 0.0
gi 0 0 0 0
gw 0.0 0.0 0.0 0.0
gi 0 0 0 0
gw 0.0 0.0 0.0 0.0
gi 0 0 0 0
gw 0.0 0.0 0.0 0.0
gi 0 0 0 0
gw 0.0 0.0 0.0 0.0
gi 0 0 0 0
gw 0.0 0.0 0.0 0.0
gi 0 0 0 0
gw 0.0 0.0 0.0 0.0
gi 0 0 0 0
gw 0.0 0.0 0.0 0.0
gi 0 0 0 0
gw 0.0 0.0 0.0 0.0
gi 0 0 0 0
gw 0.0 0.0 0.0 0.0
gi 0 0 0 0
gw 0.0 0.0 0.0 0.0
gi 0 0 0 0
gw 0.0 0.0 0.0 0.0
gi 0 0 0 0
gw 0.0 0.0 0.0 0.0
gi 0 0 0 0
gw 0.0 0.0 0.0 0.0
gi 0 0 0 0
gw 0.0 0.0 0.0 0.0
gi 0 0 0 0
gw 0.0 0.0 0.0 0.0
gi 0 0 0 0
gw 0.0 0.0 0.0 0.0
gi 0 0 0 0
gw 0.0 0.0 0.0 0.0
gi 0 0 0 0
gw 0.0 0.0 0.0 0.0
gi 0 0 0 0
gw 0.0 0.0 0.0 0.0
gi 0 0 0 0
gw 0.0 0.0 0.0 0.0
gi 0 0 0 0
gw 0.0 0.0 0.0 0.0
gi 0 0 0 0
gw 0.0 0.0 0.0 0.0
gi 0 0 0 0
gw 0.0 0.0 0.0 0.0
gi 0 0 0 0
gw 0.0 0.0 0.0 0.0
gi 0 0 0 0
gw 0.0 0.0 0.0 0.0
gi 0 0 0 0
gw 0.0 0.0 0.0 0.0
gi 0 0 0 0
gw 0.0 0.0 0.0 0.0
gi 0 0 0 0
gw 0.0 0.0 0.0 0.0
gi 0 0 0 0
gw 0.0 0.0 0.0 0.0
gi 0 0 0 0
gw 0.0 0.0 0.0 0.0
gi 0 0 0 0
gw 0.0 0.0 0.0 0.0
gi 0 0 0 0
gw 0.0 0.0 0.0 0.0
gi 0 0 0 0
gw 0.0 0.0 0.0 0.0
gi 0 0 0 0
gw 0.0 0.0 0.0 0.0
gi 0 0 0 0
gw 0.0 0.0 0.0 0.0
gi 0 0 0 0
gw 0.0 0.0 0.0 0.0
gi 0 0 0 0
gw 0.0 0.0 0.0 0.0
gi 0 0 0 0
gw 0.0 0.0 0.0 0.0
gi 0 0 0 0
gw 0.0 0.0 0.0 0.0
gi 0 0 0 0
gw 0.0 0.0 0.0 0.0
gi 0 0 0 0
gw 0.0 0.0 0.0 0.0
gi 0 0 0 0
gw 0.0 0.0 0.0 0.0
gi 0 0 0 0
gw 0.0 0.0 0.0 0.0
gi 0 0 0 0
gw 0.0 0.0 0.0 0.0
gi 0 0 0 0
gw 0.0 0.0 0.0 0.0
gi 0 0 0 0
gw 0.0 0.0 0.0 0.0
gi 0 0 0 0
gw 0.0 0.0 0.0 0.0
gi 0 0 0 0
gw 0.0 0.0 0.0 0.0
gi 0 0 0 0
gw 0.0 0.0 0.0 0.0
gi 0 0 0 0
gw 0.0 0.0 0.0 0.0
gi 0 0 0 0
gw 0.0 0.0 0.0 0.0
gi 0 0 0 0
gw 0.0 0.0 0.0 0.0
gi 0 0 0 0
gw 0.0 0.0 0.0 0.0
gi 0 0 0 0
gw 0.0 0.0 0.0 0.0
gi 0 0 0 0
gw 0.0 0.0 0.0 0.0
gi 0 0 0 0
gw 0.0 0.0 0.0 0.0
gi 0 0 0 0
gw 0.0 0.0 0.0 0.0
gi 0 0 0 0
gw 0.0 0.0 0.0 0.0
gi 0 0 0 0
gw 0.0 0.0 0.0 0.0
gi 0 0 0 0
gw 0.0 0.0 0.0 0.0
gi 0 0 0 0
gw 0.0 0.0 0.0 0.0
gi 0 0 0 0
gw 0.0 0.0 0.0 0.0
gi 0 0 0 0
gw 0.0 0.0 0.0 0.0
gi 0 0 0 0
gw 0.0 0.0 0.0 0.0
gi 0 0 0 0
gw 0.0 0.0 0.0 0.0
gi 0 0 0 0
gw 0.0 0.0 0.0 0.0
gi 0 0 0 0
gw 0.0 0.0 0.0 0.0
gi 0 0 0 0
gw 0.0 0.0 0.0 0.0
gi 0 0 0 0
gw 0.0 0.0 0.0 0.0
gi 0 0 0 0
gw 0.0 0.0 0.0 0.0
gi 0 0 0 0
gw 0.0 0.0 0.0 0.0
gi 0 0 0 0
gw 0.0 0.0 0.0 0.0
gi 0 0 0 0
gw 0.0 0.0 0.0 0.0
gi 0 0 0 0
gw 0.0 0.0 0.0 0.0
gi 0 0 0 0
gw 0.0 0.0 0.0 0.0
gi 0 0 0 0
gw 0.0 0.0 0.0 0.0
gi 0 0 0 0
gw 0.0 0.0 0.0 0.0
gi 0 0 0 0
gw 0.0 0.0 0.0 0.0
gi 0 0 0 0
gw 0.0 0.0 0.0 0.0
gi 0 0 0 0
gw 0.0 0.0 0.0 0.0
gi 0 0 0 0
gw 0.0 0.0 0.0 0.0
gi 0 0 0 0
gw 0.0 0.0 0.0 0.0
gi 0 0 0 0
gw 0.0 0.0 0.0 0.0
gi 0 0 0 0
gw 0.0 0.0 0.0 0.0
gi 0 0 0 0
gw 0.0 0.0 0.0 0.0
gi 0 0 0 0
gw 0.0 0.0 0.0 0.0
gi 0 0 0 0
gw 0.0 0.0 0.0 0.0
gi 0 0 0 0
gw 0.0 0.0 0.0 0.0
gi 0 0 0 0
gw 0.0 0.0 0.0 0.0
gi 0 0 0 0
gw 0.0 0.0 0.0 0.0
gi 0 0 0 0
gw 0.0 0.0 0.0 0.0
gi 0 0 0 0
gw 0.0 0.0 0.0 0.0
gi 0 0 0 0
gw 0.0 0.0 0.0 0.0
gi 0 0 0 0
gw 0.0 0.0 0.0 0.0
gi 0 0 0 0
gw 0.0 0.0 0.0 0.0
gi 0 0 0 0
gw 0.0 0.0 0.0 0.0
gi 0 0 0 0
gw 0.0 0.0 0.0 0.0
gi 0 0 0 0
gw 0.0 0.0 0.0 0.0
gi 0 0 0 0
gw 0.0 0.0 0.0 0.0
gi 0 0 0 0
gw 0.0 0.0 0.0 0.0
gi 0 0 0 0
gw 0.0 0.0 0.0 0.0
gi 0 0 0 0
gw 0.0 0.0 0.0 0.0
gi 0 0 0 0
gw 0.0 0.0 0.0 0.0
gi 0 0 0 0
gw 0.0 0.0 0.0 0.0
gi 0 0 0 0
gw 0.0 0.0 0.0 0.0
gi 0 0 0 0
gw 0.0 0.0 0.0 0.0
gi 0 0 0 0
gw 0.0 0.0 0.0 0.0
gi 0 0 0 0
gw 0.0 0.0 0.0 0.0
gi 0 0 0 0
gw 0.0 0.0 0.0 0.0
gi 0 0 0 0
gw 0.0 0.0 0.0 0.0
gi 0 0 0 0
gw 0.0 0.0 0.0 0.0
gi 0 0 0 0
gw 0.0 0.0 0.0 0.0
gi 0 0 0 0
gw 0.0 0.0 0.0 0.0
gi 0 0 0 0
gw 0.0 0.0 0.0 0.0
gi 0 0 0 0
gw 0.0 0.0 0.0 0.0
gi 0 0 0 0
gw 0.0 0.0 0.0 0.0
gi 0 0 0 0
gw 0.0 0.0 0.0 0.0
gi 0 0 0 0
gw 0.0 0.0 0.0 0.0
gi 0 0 0 0
gw 0.0 0.0 0.0 0.0
gi 0 0 0 0
gw 0.0 0.0 0.0 0.0
gi 0 0 0 0
gw 0.0 0.0 0.0 0.0
gi 0 0 0 0
gw 0.0 0.0 0.0 0.0
gi 0 0 0 0
gw 0.0 0.0 0.0 0.0
gi 0 0 0 0
gw 0.0 0.0 0.0 0.0
gi 0 0 0 0
gw 0.0 0.0 0.0 0.0
gi 0 0 0 0
gw 0.0 0.0 0.0 0.0
gi 0 0 0 0
gw 0.0 0.0 0.0 0.0
gi 0 0 0 0
gw 0.0 0.0 0.0 0.0
gi 0 0 0 0
gw 0.0 0.0 0.0 0.0
gi 0 0 0 0
gw 0.0 0.0 0.0 0.0
gi 0 0 0 0
gw 0.0 0.0 0.0 0.0
gi 0 0 0 0
gw 0.0 0.0 0.0 0.0
gi 0 0 0 0
gw 0.0 0.0 0.0 0.0
gi 0 0 0 0
gw 0.0 0.0 0.0 0.0
gi 0 0 0 0
gw 0.0 0.0 0.0 0.0
gi 0 0 0 0
gw 0.0 0.0 0.0 0.0
gi 0 0 0 0
gw 0.0 0.0 0.0 0.0
gi 0 0 0 0
gw 0.0 0.0 0.0 0.0
gi 0 0 0 0
gw 0.0 0.0 0.0 0.0
gi 0 0 0 0
gw 0.0 0.0 0.0 0.0
gi 0 0 0 0
gw 0.0 0.0 0.0 0.0
gi 0 0 0 0
gw 0.0 0.0 0.0 0.0
gi 0 0 0 0
gw 0.0 0.0 0.0 0.0
gi 0 0 0 0
gw 0.0 0.0 0.0 0.0
gi 0 0 0 0
gw 0.0 0.0 0.0 0.0
gi 0 0 0 0
gw 0.0 0.0 0.0 0.0
gi 0 0 0 0
gw 0.0 0.0 0.0 0.0
gi 0 0 0 0
gw 0.0 0.0 0.0 0.0
gi 0 0 0 0
gw 0.0 0.0 0.0 0.0
gi 0 0 0 0
gw 0.0 0.0 0.0 0.0
gi 0 0 0 0
gw 0.0 0.0 0.0 0.0
gi 0 0 0 0
gw 0.0 0.0 0.0 0.0
gi 0 0 0 0
gw 0.0 0.0 0.0 0.0
gi 0 0 0 0
gw 0.0 0.0 0.0 0.0
gi 0 0 0 0
gw 0.0 0.0 0.0 0.0
gi 0 0 0 0
gw 0.0 0.0 0.0 0.0
gi 0 0 0 0
gw 0.0 0.0 0.0 0.0
gi 0 0 0 0
gw 0.0 0.0 0.0 0.0
gi 0 0 0 0
gw 0.0 0.0 0.0 0.0
gi 0 0 0 0
gw 0.0 0.0 0.0 0.0
gi 0 0 0 0
gw 0.0 0.0 0.0 0.0
gi 0 0 0 0
gw 0.0 0.0 0.0 0.0
gi 0 0 0 0
gw 0.0 0.0 0.0 0.0
gi 0 0 0 0
gw 0.0 0.0 0.0 0.0
gi 0 0 0 0
gw 0.0 0.0 0.0 0.0
gi 0 0 0 0
gw 0.0 0.0 0.0 0.0
gi 0 0 0 0
gw 0.0 0.0 0.0 0.0
gi 0 0 0 0
gw 0.0 0.0 0.0 0.0
gi 0 0 0 0
gw 0.0 0.0 0.0 0.0
gi 0 0 0 0
gw 0.0 0.0 0.0 0.0
gi 0 0 0 0
gw 0.0 0.0 0.0 0.0
gi 0 0 0 0
gw 0.0 0.0 0.0 0.0
gi 0 0 0 0
gw 0.0 0.0 0.0 0.0
gi 0 0 0 0
gw 0.0 0.0 0.0 0.0
gi 0 0 0 0
gw 0.0 0.0 0.0 0.0
gi 0 0 0 0
gw 0.0 0.0 0.0 0.0
gi 0 0 0 0
gw 0.0 0.0 0.0 0.0
gi 0 0 0 0
gw 0.0 0.0 0.0 0.0
gi 0 0 0 0
gw 0.0 0.0 0.0 0.0
gi 0 0 0 0
gw 0.0 0.0 0.0 0.0
gi 0 0 0 0
gw 0.0 0.0 0.0 0.0
gi 0 0 0 0
gw 0.0 0.0 0.0 0.0
gi 0 0 0 0
gw 0.0 0.0 0.0 0.0
gi 0 0 0 0
gw 0.0 0.0 0.0 0.0
gi 0 0 0 0
gw 0.0 0.0 0.0 0.0
gi 0 0 0 0
gw 0.0 0.0 0.0 0.0
gi 0 0 0 0
gw 0.0 0.0 0.0 0.0
gi 0 0 0 0
gw 0.0 0.0 0.0 0.0
gi 0 0 0 0
gw 0.0 0.0 0.0 0.0
gi 0 0 0 0
gw 0.0 0.0 0.0 0.0
gi 0 0 0 0
gw 0.0 0.0 0.0 0.0
gi 0 0 0 0
gw 0.0 0.0 0.0 0.0
gi 0 0 0 0
gw 0.0 0.0 0.0 0.0
gi 0 0 0 0
gw 0.0 0.0 0.0 0.0
gi 0 0 0 0
gw 0.0 0.0 0.0 0.0
gi 0 0 0 0
gw 0.0 0.0 0.0 0.0
gi 0 0 0 0
gw 0.0 0.0 0.0 0.0
gi 0 0 0 0
gw 0.0 0.0 0.0 0.0
gi 0 0 0 0
gw 0.0 0.0 0.0 0.0
gi 0 0 0 0
gw 0.0 0.0 0.0 0.0
gi 0 0 0 0
gw 0.0 0.0 0.0 0.0
gi 0 0 0 0
gw 0.0 0.0 0.0 0.0
gi 0 0 0 0
gw 0.0 0.0 0.0 0.0
vt 0.4869 0.4911
vt 0.4869 0.4763
vt 0.5179 0.4763
vt 0.5179 0.4911
vt 0.4869 0.5736
vt 0.4869 0.5048
vt 0.5179 0.5048
vt 0.5179 0.5736
vt 0.4869 0.6102
vt 0.4869 0.5877
vt 0.5179 0.5877
vt 0.5179 0.6102
vt 0.4869 0.635
vt 0.5179 0.635
vt 0.4869 0.6605
vt 0.5179 0.6605
vt 0.4869 0.7268
vt 0.4869 0.6861
vt 0.5179 0.6861
vt 0.5179 0.7268
vt 0.4869 0.73
vt 0.5179 0.73
vt 0.4869 0.4721
vt 0.5179 0.4721
vt 0.4869 0.4519
vt 0.5179 0.4519
vt 0.4869 0.4372
vt 0.5179 0.4372
vt 0.4869 0.4229
vt 0.5179 0.4229
vt 0.4869 0.4042
vt 0.5179 0.4042
vt 0.4869 0.3861
vt 0.5179 0.3861
vt 0.4869 0.3681
vt 0.5179 0.3681
vt 0.4869 0.3472
vt 0.5179 0.3472
vt 0.4869 0.3055
vt 0.5179 0.3055
vt 0.4869 0.2568
vt 0.5179 0.2568
vt 0.4869 0.2477
vt 0.5179 0.2477
vt 0.4869 0.2389
vt 0.4869 0.2258
vt 0.5179 0.2258
vt 0.5179 0.2389
vt 0.4869 0.2236
vt 0.5179 0.2236
vt 0.4869 0.2141
vt 0.5179 0.2141
vt 0.4869 0.2071
vt 0.5179 0.2071
vt 0.4869 0.1981
vt 0.5179 0.1981
vt 0.0221 0.4911
vt 0.0221 0.4763
vt 0.0531 0.4763
vt 0.0531 0.4911
vt 0.0841 0.4763
vt 0.0841 0.4911
vt 0.1151 0.4763
vt 0.1151 0.4911
vt 0.1461 0.4763
vt 0.1461 0.4911
vt 0.1771 0.4763
vt 0.1771 0.4911
vt 0.208 0.4763
vt 0.208 0.4911
vt 0.239 0.4763
vt 0.239 0.4911
vt 0.27 0.4763
vt 0.27 0.4911
vt 0.301 0.4763
vt 0.301 0.4911
vt 0.332 0.4763
vt 0.332 0.4911
vt 0.363 0.4763
vt 0.363 0.4911
vt 0.394 0.4763
vt 0.394 0.4911
vt 0.4249 0.4763
vt 0.4249 0.4911
vt 0.4559 0.4763
vt 0.4559 0.4911
vt 0.9788 0.4767
vt 0.9788 0.4915
vt 0.9517 0.4911
vt 0.9517 0.4763
vt 0.9207 0.4911
vt 0.9207 0.4763
vt 0.8897 0.4911
vt 0.8897 0.4763
vt 0.8587 0.4911
vt 0.8587 0.4763
vt 0.8278 0.4911
vt 0.8278 0.4763
vt 0.7968 0.4911
vt 0.7968 0.4763
vt 0.7658 0.4911
vt 0.7658 0.4763
vt 0.7348 0.4911
vt 0.7348 0.4763
vt 0.7038 0.4911
vt 0.7038 0.4763
vt 0.6728 0.4911
vt 0.6728 0.4763
vt 0.6418 0.4911
vt 0.6418 0.4763
vt 0.6109 0.4911
vt 0.6109 0.4763
vt 0.5799 0.4911
vt 0.5799 0.4763
vt 0.5489 0.4911
vt 0.5489 0.4763
vt 0.0221 0.5736
vt 0.0221 0.5048
vt 0.0531 0.5048
vt 0.0531 0.5736
vt 0.0841 0.5048
vt 0.0841 0.5736
vt 0.1151 0.5048
vt 0.1151 0.5736
vt 0.1461 0.5048
vt 0.1461 0.5736
vt 0.1771 0.5048
vt 0.1771 0.5736
vt 0.208 0.5048
vt 0.208 0.5736
vt 0.239 0.5048
vt 0.239 0.5736
vt 0.27 0.5048
vt 0.27 0.5736
vt 0.301 0.5048
vt 0.301 0.5736
vt 0.332 0.5048
vt 0.332 0.5736
vt 0.363 0.5048
vt 0.363 0.5736
vt 0.394 0.5048
vt 0.394 0.5736
vt 0.4249 0.5048
vt 0.4249 0.5736
vt 0.4559 0.5048
vt 0.4559 0.5736
vt 0.9788 0.5052
vt 0.9788 0.574
vt 0.9517 0.5736
vt 0.9517 0.5048
vt 0.9207 0.5736
vt 0.9207 0.5048
vt 0.8897 0.5736
vt 0.8897 0.5048
vt 0.8587 0.5736
vt 0.8587 0.5048
vt 0.8278 0.5736
vt 0.8278 0.5048
vt 0.7968 0.5736
vt 0.7968 0.5048
vt 0.7658 0.5736
vt 0.7658 0.5048
vt 0.7348 0.5736
vt 0.7348 0.5048
vt 0.7038 0.5736
vt 0.7038 0.5048
vt 0.6728 0.5736
vt 0.6728 0.5048
vt 0.6418 0.5736
vt 0.6418 0.5048
vt 0.6109 0.5736
vt 0.6109 0.5048
vt 0.5799 0.5736
vt 0.5799 0.5048
vt 0.5489 0.5736
vt 0.5489 0.5048
vt 0.0221 0.6102
vt 0.0221 0.5877
vt 0.0531 0.5877
vt 0.0531 0.6102
vt 0.0841 0.5877
vt 0.0841 0.6102
vt 0.1151 0.5877
vt 0.1151 0.6102
vt 0.1461 0.5877
vt 0.1461 0.6102
vt 0.1771 0.5877
vt 0.1771 0.6102
vt 0.208 0.5877
vt 0.208 0.6102
vt 0.239 0.5877
vt 0.239 0.6102
vt 0.27 0.5877
vt 0.27 0.6102
vt 0.301 0.5877
vt 0.301 0.6102
vt 0.332 0.5877
vt 0.332 0.6102
vt 0.363 0.5877
vt 0.363 0.6102
vt 0.394 0.5877
vt 0.394 0.6102
vt 0.4249 0.5877
vt 0.4249 0.6102
vt 0.4559 0.5877
vt 0.4559 0.6102
vt 0.9788 0.588
vt 0.9788 0.6106
vt 0.9517 0.6102
vt 0.9517 0.5877
vt 0.9207 0.6102
vt 0.9207 0.5877
vt 0.8897 0.6102
vt 0.8897 0.5877
vt 0.8587 0.6102
vt 0.8587 0.5877
vt 0.8278 0.6102
vt 0.8278 0.5877
vt 0.7968 0.6102
vt 0.7968 0.5877
vt 0.7658 0.6102
vt 0.7658 0.5877
vt 0.7348 0.6102
vt 0.7348 0.5877
vt 0.7038 0.6102
vt 0.7038 0.5877
vt 0.6728 0.6102
vt 0.6728 0.5877
vt 0.6418 0.6102
vt 0.6418 0.5877
vt 0.6109 0.6102
vt 0.6109 0.5877
vt 0.5799 0.6102
vt 0.5799 0.5877
vt 0.5489 0.6102
vt 0.5489 0.5877
vt 0.0221 0.635
vt 0.0531 0.635
vt 0.0841 0.635
vt 0.1151 0.635
vt 0.1461 0.635
vt 0.1771 0.635
vt 0.208 0.635
vt 0.239 0.635
vt 0.27 0.635
vt 0.301 0.635
vt 0.332 0.635
vt 0.363 0.635
vt 0.394 0.635
vt 0.4249 0.635
vt 0.4559 0.635
vt 0.9788 0.6354
vt 0.9517 0.635
vt 0.9207 0.635
vt 0.8897 0.635
vt 0.8587 0.635
vt 0.8278 0.635
vt 0.7968 0.635
vt 0.7658 0.635
vt 0.7348 0.635
vt 0.7038 0.635
vt 0.6728 0.635
vt 0.6418 0.635
vt 0.6109 0.635
vt 0.5799 0.635
vt 0.5489 0.635
vt 0.771 0.8407
vt 0.7748 0.8656
vt 0.7736 0.8908
vt 0.7562 0.9378
vt 0.7672 0.9152
vt 0.7407 0.9577
vt 0.7216 0.9741
vt 0.5903 0.7631
vt 0.6996 0.9863
vt 0.6132 0.7532
vt 0.6379 0.7481
vt 0.6878 0.7531
vt 0.6631 0.7481
vt 0.7109 0.7631
vt 0.7316 0.7775
vt 0.7489 0.7957
vt 0.7622 0.8171
vt 0.5449 0.9378
vt 0.5338 0.9152
vt 0.5275 0.8908
vt 0.5794 0.9741
vt 0.5262 0.8657
vt 0.53 0.8408
vt 0.552 0.7958
vt 0.5387 0.8171
vt 0.5694 0.7775
vt 0.5901 0.7631
vt 0.6756 0.9939
vt 0.6505 0.9964
vt 0.6255 0.9939
vt 0.6014 0.9863
vt 0.5603 0.9577
vt 0.0221 0.6605
vt 0.0531 0.6605
vt 0.0841 0.6605
vt 0.1151 0.6605
vt 0.1461 0.6605
vt 0.1771 0.6605
vt 0.208 0.6605
vt 0.239 0.6605
vt 0.27 0.6605
vt 0.301 0.6605
vt 0.332 0.6605
vt 0.363 0.6605
vt 0.394 0.6605
vt 0.4249 0.6605
vt 0.4559 0.6605
vt 0.9788 0.6609
vt 0.9517 0.6605
vt 0.9207 0.6605
vt 0.8897 0.6605
vt 0.8587 0.6605
vt 0.8278 0.6605
vt 0.7968 0.6605
vt 0.7658 0.6605
vt 0.7348 0.6605
vt 0.7038 0.6605
vt 0.6728 0.6605
vt 0.6418 0.6605
vt 0.6109 0.6605
vt 0.5799 0.6605
vt 0.5489 0.6605
vt 0.0221 0.7268
vt 0.0221 0.6861
vt 0.0531 0.6861
vt 0.0531 0.7268
vt 0.0841 0.6861
vt 0.0841 0.7268
vt 0.1151 0.6861
vt 0.1151 0.7268
vt 0.1461 0.6861
vt 0.1461 0.7268
vt 0.1771 0.6861
vt 0.1771 0.7268
vt 0.208 0.6861
vt 0.208 0.7268
vt 0.239 0.6861
vt 0.239 0.7268
vt 0.27 0.6861
vt 0.27 0.7268
vt 0.301 0.6861
vt 0.301 0.7268
vt 0.332 0.6861
vt 0.332 0.7268
vt 0.363 0.6861
vt 0.363 0.7268
vt 0.394 0.6861
vt 0.394 0.7268
vt 0.4249 0.6861
vt 0.4249 0.7268
vt 0.4559 0.6861
vt 0.4559 0.7268
vt 0.9788 0.6865
vt 0.9788 0.7272
vt 0.9517 0.7268
vt 0.9517 0.6861
vt 0.9207 0.7268
vt 0.9207 0.6861
vt 0.8897 0.7268
vt 0.8897 0.6861
vt 0.8587 0.7268
vt 0.8587 0.6861
vt 0.8278 0.7268
vt 0.8278 0.6861
vt 0.7968 0.7268
vt 0.7968 0.6861
vt 0.7658 0.7268
vt 0.7658 0.6861
vt 0.7348 0.7268
vt 0.7348 0.6861
vt 0.7038 0.7268
vt 0.7038 0.6861
vt 0.6728 0.7268
vt 0.6728 0.6861
vt 0.6418 0.7268
vt 0.6418 0.6861
vt 0.6109 0.7268
vt 0.6109 0.6861
vt 0.5799 0.7268
vt 0.5799 0.6861
vt 0.5489 0.7268
vt 0.5489 0.6861
vt 0.0221 0.73
vt 0.0531 0.73
vt 0.0841 0.73
vt 0.1151 0.73
vt 0.1461 0.73
vt 0.1771 0.73
vt 0.208 0.73
vt 0.239 0.73
vt 0.27 0.73
vt 0.301 0.73
vt 0.332 0.73
vt 0.363 0.73
vt 0.394 0.73
vt 0.4249 0.73
vt 0.4559 0.73
vt 0.9788 0.7303
vt 0.9517 0.73
vt 0.9207 0.73
vt 0.8897 0.73
vt 0.8587 0.73
vt 0.8278 0.73
vt 0.7968 0.73
vt 0.7658 0.73
vt 0.7348 0.73
vt 0.7038 0.73
vt 0.6728 0.73
vt 0.6418 0.73
vt 0.6109 0.73
vt 0.5799 0.73
vt 0.5489 0.73
vt 0.0221 0.4721
vt 0.0531 0.4721
vt 0.0841 0.4721
vt 0.1151 0.4721
vt 0.1461 0.4721
vt 0.1771 0.4721
vt 0.208 0.4721
vt 0.239 0.4721
vt 0.27 0.4721
vt 0.301 0.4721
vt 0.332 0.4721
vt 0.363 0.4721
vt 0.394 0.4721
vt 0.4249 0.4721
vt 0.4559 0.4721
vt 0.9788 0.4725
vt 0.9517 0.4721
vt 0.9207 0.4721
vt 0.8897 0.4721
vt 0.8587 0.4721
vt 0.8278 0.4721
vt 0.7968 0.4721
vt 0.7658 0.4721
vt 0.7348 0.4721
vt 0.7038 0.4721
vt 0.6728 0.4721
vt 0.6418 0.4721
vt 0.6109 0.4721
vt 0.5799 0.4721
vt 0.5489 0.4721
vt 0.0221 0.4519
vt 0.0531 0.4519
vt 0.0841 0.4519
vt 0.1151 0.4519
vt 0.1461 0.4519
vt 0.1771 0.4519
vt 0.208 0.4519
vt 0.239 0.4519
vt 0.27 0.4519
vt 0.301 0.4519
vt 0.332 0.4519
vt 0.363 0.4519
vt 0.394 0.4519
vt 0.4249 0.4519
vt 0.4559 0.4519
vt 0.9788 0.4523
vt 0.9517 0.4519
vt 0.9207 0.4519
vt 0.8897 0.4519
vt 0.8587 0.4519
vt 0.8278 0.4519
vt 0.7968 0.4519
vt 0.7658 0.4519
vt 0.7348 0.4519
vt 0.7038 0.4519
vt 0.6728 0.4519
vt 0.6418 0.4519
vt 0.6109 0.4519
vt 0.5799 0.4519
vt 0.5489 0.4519
vt 0.0221 0.4372
vt 0.0531 0.4372
vt 0.0841 0.4372
vt 0.1151 0.4372
vt 0.1461 0.4372
vt 0.1771 0.4372
vt 0.208 0.4372
vt 0.239 0.4372
vt 0.27 0.4372
vt 0.301 0.4372
vt 0.332 0.4372
vt 0.363 0.4372
vt 0.394 0.4372
vt 0.4249 0.4372
vt 0.4559 0.4372
vt 0.9788 0.4376
vt 0.9517 0.4372
vt 0.9207 0.4372
vt 0.8897 0.4372
vt 0.8587 0.4372
vt 0.8278 0.4372
vt 0.7968 0.4372
vt 0.7658 0.4372
vt 0.7348 0.4372
vt 0.7038 0.4372
vt 0.6728 0.4372
vt 0.6418 0.4372
vt 0.6109 0.4372
vt 0.5799 0.4372
vt 0.5489 0.4372
vt 0.0221 0.4229
vt 0.0531 0.4229
vt 0.0841 0.4229
vt 0.1151 0.4229
vt 0.1461 0.4229
vt 0.1771 0.4229
vt 0.208 0.4229
vt 0.239 0.4229
vt 0.27 0.4229
vt 0.301 0.4229
vt 0.332 0.4229
vt 0.363 0.4229
vt 0.394 0.4229
vt 0.4249 0.4229
vt 0.4559 0.4229
vt 0.9788 0.4233
vt 0.9517 0.4229
vt 0.9207 0.4229
vt 0.8897 0.4229
vt 0.8587 0.4229
vt 0.8278 0.4229
vt 0.7968 0.4229
vt 0.7658 0.4229
vt 0.7348 0.4229
vt 0.7038 0.4229
vt 0.6728 0.4229
vt 0.6418 0.4229
vt 0.6109 0.4229
vt 0.5799 0.4229
vt 0.5489 0.4229
vt 0.0221 0.4042
vt 0.0531 0.4042
vt 0.0841 0.4042
vt 0.1151 0.4042
vt 0.1461 0.4042
vt 0.1771 0.4042
vt 0.208 0.4042
vt 0.239 0.4042
vt 0.27 0.4042
vt 0.301 0.4042
vt 0.332 0.4042
vt 0.363 0.4042
vt 0.394 0.4042
vt 0.4249 0.4042
vt 0.4559 0.4042
vt 0.9788 0.4046
vt 0.9517 0.4042
vt 0.9207 0.4042
vt 0.8897 0.4042
vt 0.8587 0.4042
vt 0.8278 0.4042
vt 0.7968 0.4042
vt 0.7658 0.4042
vt 0.7348 0.4042
vt 0.7038 0.4042
vt 0.6728 0.4042
vt 0.6418 0.4042
vt 0.6109 0.4042
vt 0.5799 0.4042
vt 0.5489 0.4042
vt 0.0221 0.3861
vt 0.0531 0.3861
vt 0.0841 0.3861
vt 0.1151 0.3861
vt 0.1461 0.3861
vt 0.1771 0.3861
vt 0.208 0.3861
vt 0.239 0.3861
vt 0.27 0.3861
vt 0.301 0.3861
vt 0.332 0.3861
vt 0.363 0.3861
vt 0.394 0.3861
vt 0.4249 0.3861
vt 0.4559 0.3861
vt 0.9788 0.3865
vt 0.9517 0.3861
vt 0.9207 0.3861
vt 0.8897 0.3861
vt 0.8587 0.3861
vt 0.8278 0.3861
vt 0.7968 0.3861
vt 0.7658 0.3861
vt 0.7348 0.3861
vt 0.7038 0.3861
vt 0.6728 0.3861
vt 0.6418 0.3861
vt 0.6109 0.3861
vt 0.5799 0.3861
vt 0.5489 0.3861
vt 0.0221 0.3681
vt 0.0531 0.3681
vt 0.0841 0.3681
vt 0.1151 0.3681
vt 0.1461 0.3681
vt 0.1771 0.3681
vt 0.208 0.3681
vt 0.239 0.3681
vt 0.27 0.3681
vt 0.301 0.3681
vt 0.332 0.3681
vt 0.363 0.3681
vt 0.394 0.3681
vt 0.4249 0.3681
vt 0.4559 0.3681
vt 0.9788 0.3685
vt 0.9517 0.3681
vt 0.9207 0.3681
vt 0.8897 0.3681
vt 0.8587 0.3681
vt 0.8278 0.3681
vt 0.7968 0.3681
vt 0.7658 0.3681
vt 0.7348 0.3681
vt 0.7038 0.3681
vt 0.6728 0.3681
vt 0.6418 0.3681
vt 0.6109 0.3681
vt 0.5799 0.3681
vt 0.5489 0.3681
vt 0.0221 0.3472
vt 0.0531 0.3472
vt 0.0841 0.3472
vt 0.1151 0.3472
vt 0.1461 0.3472
vt 0.1771 0.3472
vt 0.208 0.3472
vt 0.239 0.3472
vt 0.27 0.3472
vt 0.301 0.3472
vt 0.332 0.3472
vt 0.363 0.3472
vt 0.394 0.3472
vt 0.4249 0.3472
vt 0.4559 0.3472
vt 0.9788 0.3476
vt 0.9517 0.3472
vt 0.9207 0.3472
vt 0.8897 0.3472
vt 0.8587 0.3472
vt 0.8278 0.3472
vt 0.7968 0.3472
vt 0.7658 0.3472
vt 0.7348 0.3472
vt 0.7038 0.3472
vt 0.6728 0.3472
vt 0.6418 0.3472
vt 0.6109 0.3472
vt 0.5799 0.3472
vt 0.5489 0.3472
vt 0.0221 0.3055
vt 0.0531 0.3055
vt 0.0841 0.3055
vt 0.1151 0.3055
vt 0.1461 0.3055
vt 0.1771 0.3055
vt 0.208 0.3055
vt 0.239 0.3055
vt 0.27 0.3055
vt 0.301 0.3055
vt 0.332 0.3055
vt 0.363 0.3055
vt 0.394 0.3055
vt 0.4249 0.3055
vt 0.4559 0.3055
vt 0.9788 0.3059
vt 0.9517 0.3055
vt 0.9207 0.3055
vt 0.8897 0.3055
vt 0.8587 0.3055
vt 0.8278 0.3055
vt 0.7968 0.3055
vt 0.7658 0.3055
vt 0.7348 0.3055
vt 0.7038 0.3055
vt 0.6728 0.3055
vt 0.6418 0.3055
vt 0.6109 0.3055
vt 0.5799 0.3055
vt 0.5489 0.3055
vt 0.0221 0.2568
vt 0.0531 0.2568
vt 0.0841 0.2568
vt 0.1151 0.2568
vt 0.1461 0.2568
vt 0.1771 0.2568
vt 0.208 0.2568
vt 0.239 0.2568
vt 0.27 0.2568
vt 0.301 0.2568
vt 0.332 0.2568
vt 0.363 0.2568
vt 0.394 0.2568
vt 0.4249 0.2568
vt 0.4559 0.2568
vt 0.9788 0.2572
vt 0.9517 0.2568
vt 0.9207 0.2568
vt 0.8897 0.2568
vt 0.8587 0.2568
vt 0.8278 0.2568
vt 0.7968 0.2568
vt 0.7658 0.2568
vt 0.7348 0.2568
vt 0.7038 0.2568
vt 0.6728 0.2568
vt 0.6418 0.2568
vt 0.6109 0.2568
vt 0.5799 0.2568
vt 0.5489 0.2568
vt 0.0221 0.2477
vt 0.0531 0.2477
vt 0.0841 0.2477
vt 0.1151 0.2477
vt 0.1461 0.2477
vt 0.1771 0.2477
vt 0.208 0.2477
vt 0.239 0.2477
vt 0.27 0.2477
vt 0.301 0.2477
vt 0.332 0.2477
vt 0.363 0.2477
vt 0.394 0.2477
vt 0.4249 0.2477
vt 0.4559 0.2477
vt 0.9788 0.2481
vt 0.9517 0.2477
vt 0.9207 0.2477
vt 0.8897 0.2477
vt 0.8587 0.2477
vt 0.8278 0.2477
vt 0.7968 0.2477
vt 0.7658 0.2477
vt 0.7348 0.2477
vt 0.7038 0.2477
vt 0.6728 0.2477
vt 0.6418 0.2477
vt 0.6109 0.2477
vt 0.5799 0.2477
vt 0.5489 0.2477
vt 0.0221 0.2389
vt 0.0221 0.2258
vt 0.0531 0.2258
vt 0.0531 0.2389
vt 0.0841 0.2258
vt 0.0841 0.2389
vt 0.1151 0.2258
vt 0.1151 0.2389
vt 0.1461 0.2258
vt 0.1461 0.2389
vt 0.1771 0.2258
vt 0.1771 0.2389
vt 0.208 0.2258
vt 0.208 0.2389
vt 0.239 0.2258
vt 0.239 0.2389
vt 0.27 0.2258
vt 0.27 0.2389
vt 0.301 0.2258
vt 0.301 0.2389
vt 0.332 0.2258
vt 0.332 0.2389
vt 0.363 0.2258
vt 0.363 0.2389
vt 0.394 0.2258
vt 0.394 0.2389
vt 0.4249 0.2258
vt 0.4249 0.2389
vt 0.4559 0.2258
vt 0.4559 0.2389
vt 0.9788 0.2262
vt 0.9788 0.2393
vt 0.9517 0.2389
vt 0.9517 0.2258
vt 0.9207 0.2389
vt 0.9207 0.2258
vt 0.8897 0.2389
vt 0.8897 0.2258
vt 0.8587 0.2389
vt 0.8587 0.2258
vt 0.8278 0.2389
vt 0.8278 0.2258
vt 0.7968 0.2389
vt 0.7968 0.2258
vt 0.7658 0.2389
vt 0.7658 0.2258
vt 0.7348 0.2389
vt 0.7348 0.2258
vt 0.7038 0.2389
vt 0.7038 0.2258
vt 0.6728 0.2389
vt 0.6728 0.2258
vt 0.6418 0.2389
vt 0.6418 0.2258
vt 0.6109 0.2389
vt 0.6109 0.2258
vt 0.5799 0.2389
vt 0.5799 0.2258
vt 0.5489 0.2389
vt 0.5489 0.2258
vt 0.0221 0.2236
vt 0.0531 0.2236
vt 0.0841 0.2236
vt 0.1151 0.2236
vt 0.1461 0.2236
vt 0.177 0.2236
vt 0.208 0.2236
vt 0.239 0.2236
vt 0.27 0.2236
vt 0.301 0.2236
vt 0.332 0.2236
vt 0.363 0.2236
vt 0.3939 0.2236
vt 0.4249 0.2236
vt 0.4559 0.2236
vt 0.9788 0.224
vt 0.9517 0.2236
vt 0.9207 0.2236
vt 0.8897 0.2236
vt 0.8587 0.2236
vt 0.8277 0.2236
vt 0.7968 0.2236
vt 0.7658 0.2236
vt 0.7348 0.2236
vt 0.7038 0.2236
vt 0.6728 0.2236
vt 0.6418 0.2236
vt 0.6108 0.2236
vt 0.5799 0.2236
vt 0.5489 0.2236
vt 0.0221 0.2141
vt 0.0531 0.2141
vt 0.0841 0.2141
vt 0.1151 0.2141
vt 0.1461 0.2141
vt 0.177 0.2141
vt 0.208 0.2141
vt 0.239 0.2141
vt 0.27 0.2141
vt 0.301 0.2141
vt 0.332 0.2141
vt 0.363 0.2141
vt 0.3939 0.2141
vt 0.4249 0.2141
vt 0.4559 0.2141
vt 0.9788 0.2144
vt 0.9517 0.2141
vt 0.9207 0.2141
vt 0.8897 0.2141
vt 0.8587 0.2141
vt 0.8277 0.2141
vt 0.7968 0.2141
vt 0.7658 0.2141
vt 0.7348 0.2141
vt 0.7038 0.2141
vt 0.6728 0.2141
vt 0.6418 0.2141
vt 0.6108 0.2141
vt 0.5799 0.2141
vt 0.5489 0.2141
vt 0.0221 0.2071
vt 0.0531 0.2071
vt 0.0841 0.2071
vt 0.1151 0.2071
vt 0.1461 0.2071
vt 0.177 0.2071
vt 0.208 0.2071
vt 0.239 0.2071
vt 0.27 0.2071
vt 0.301 0.2071
vt 0.332 0.2071
vt 0.363 0.2071
vt 0.3939 0.2071
vt 0.4249 0.2071
vt 0.4559 0.2071
vt 0.9788 0.2075
vt 0.9517 0.2071
vt 0.9207 0.2071
vt 0.8897 0.2071
vt 0.8587 0.2071
vt 0.8277 0.2071
vt 0.7968 0.2071
vt 0.7658 0.2071
vt 0.7348 0.2071
vt 0.7038 0.2071
vt 0.6728 0.2071
vt 0.6418 0.2071
vt 0.6108 0.2071
vt 0.5799 0.2071
vt 0.5489 0.2071
vt 0.0221 0.1981
vt 0.0531 0.1981
vt 0.0841 0.1981
vt 0.1151 0.1981
vt 0.1461 0.1981
vt 0.177 0.1981
vt 0.208 0.1981
vt 0.239 0.1981
vt 0.27 0.1981
vt 0.301 0.1981
vt 0.332 0.1981
vt 0.363 0.1981
vt 0.3939 0.1981
vt 0.4249 0.1981
vt 0.4559 0.1981
vt 0.9788 0.1985
vt 0.9517 0.1981
vt 0.9207 0.1981
vt 0.8897 0.1981
vt 0.8587 0.1981
vt 0.8277 0.1981
vt 0.7968 0.1981
vt 0.7658 0.1981
vt 0.7348 0.1981
vt 0.7038 0.1981
vt 0.6728 0.1981
vt 0.6418 0.1981
vt 0.6108 0.1981
vt 0.5799 0.1981
vt 0.5489 0.1981
vt 0.4869 0.0141
vt 0.5179 0.0141
vt 0.5179 0.0173
vt 0.4869 0.0173
vt 0.5179 0.0311
vt 0.4869 0.0311
vt 0.4869 0.19
vt 0.5179 0.19
vt 0.4869 0.1843
vt 0.5179 0.1843
vt 0.4869 0.1225
vt 0.5179 0.1225
vt 0.4869 0.0955
vt 0.5179 0.0955
vt 0.5179 0.0596
vt 0.4869 0.0596
vt 0.0221 0.0141
vt 0.0531 0.0141
vt 0.0531 0.0173
vt 0.0221 0.0173
vt 0.0841 0.0141
vt 0.0841 0.0173
vt 0.1151 0.0141
vt 0.1151 0.0173
vt 0.1461 0.0141
vt 0.1461 0.0173
vt 0.1771 0.0141
vt 0.1771 0.0173
vt 0.208 0.0141
vt 0.208 0.0173
vt 0.239 0.0141
vt 0.239 0.0173
vt 0.27 0.0141
vt 0.27 0.0173
vt 0.301 0.0141
vt 0.301 0.0173
vt 0.332 0.0141
vt 0.332 0.0173
vt 0.363 0.0141
vt 0.363 0.0173
vt 0.394 0.0141
vt 0.394 0.0173
vt 0.4249 0.0141
vt 0.4249 0.0173
vt 0.4559 0.0141
vt 0.4559 0.0173
vt 0.9788 0.0177
vt 0.9517 0.0173
vt 0.9517 0.0141
vt 0.9788 0.0145
vt 0.9207 0.0173
vt 0.9207 0.0141
vt 0.8897 0.0173
vt 0.8897 0.0141
vt 0.8587 0.0173
vt 0.8588 0.0141
vt 0.8278 0.0173
vt 0.8278 0.0141
vt 0.7968 0.0173
vt 0.7968 0.0141
vt 0.7658 0.0173
vt 0.7658 0.0141
vt 0.7348 0.0173
vt 0.7348 0.0141
vt 0.7038 0.0173
vt 0.7038 0.0141
vt 0.6728 0.0173
vt 0.6728 0.0141
vt 0.6418 0.0173
vt 0.6419 0.0141
vt 0.6109 0.0173
vt 0.6109 0.0141
vt 0.5799 0.0173
vt 0.5799 0.0141
vt 0.5489 0.0173
vt 0.5489 0.0141
vt 0.0531 0.0311
vt 0.0221 0.0311
vt 0.0841 0.0311
vt 0.1151 0.0311
vt 0.1461 0.0311
vt 0.1771 0.0311
vt 0.208 0.0311
vt 0.239 0.0311
vt 0.27 0.0311
vt 0.301 0.0311
vt 0.332 0.0311
vt 0.363 0.0311
vt 0.394 0.0311
vt 0.4249 0.0311
vt 0.4559 0.0311
vt 0.9788 0.0315
vt 0.9517 0.0311
vt 0.9207 0.0311
vt 0.8897 0.0311
vt 0.8587 0.0311
vt 0.8278 0.0311
vt 0.7968 0.0311
vt 0.7658 0.0311
vt 0.7348 0.0311
vt 0.7038 0.0311
vt 0.6728 0.0311
vt 0.6418 0.0311
vt 0.6109 0.0311
vt 0.5799 0.0311
vt 0.5489 0.0311
vt 0.0221 0.19
vt 0.0531 0.19
vt 0.0841 0.19
vt 0.1151 0.19
vt 0.1461 0.19
vt 0.177 0.19
vt 0.208 0.19
vt 0.239 0.19
vt 0.27 0.19
vt 0.301 0.19
vt 0.332 0.19
vt 0.363 0.19
vt 0.3939 0.19
vt 0.4249 0.19
vt 0.4559 0.19
vt 0.9517 0.19
vt 0.9788 0.1904
vt 0.9207 0.19
vt 0.8897 0.19
vt 0.8587 0.19
vt 0.8277 0.19
vt 0.7968 0.19
vt 0.7658 0.19
vt 0.7348 0.19
vt 0.7038 0.19
vt 0.6728 0.19
vt 0.6418 0.19
vt 0.6108 0.19
vt 0.5799 0.19
vt 0.5489 0.19
vt 0.0221 0.1843
vt 0.0531 0.1843
vt 0.0841 0.1843
vt 0.1151 0.1843
vt 0.1461 0.1843
vt 0.1771 0.1843
vt 0.208 0.1843
vt 0.239 0.1843
vt 0.27 0.1843
vt 0.301 0.1843
vt 0.332 0.1843
vt 0.363 0.1843
vt 0.394 0.1843
vt 0.4249 0.1843
vt 0.4559 0.1843
vt 0.9517 0.1843
vt 0.9788 0.1846
vt 0.9207 0.1843
vt 0.8897 0.1843
vt 0.8587 0.1843
vt 0.8278 0.1843
vt 0.7968 0.1843
vt 0.7658 0.1843
vt 0.7348 0.1843
vt 0.7038 0.1843
vt 0.6728 0.1843
vt 0.6418 0.1843
vt 0.6109 0.1843
vt 0.5799 0.1843
vt 0.5489 0.1843
vt 0.0221 0.1225
vt 0.0531 0.1225
vt 0.0841 0.1225
vt 0.1151 0.1225
vt 0.1461 0.1225
vt 0.1771 0.1225
vt 0.208 0.1225
vt 0.239 0.1225
vt 0.27 0.1225
vt 0.301 0.1225
vt 0.332 0.1225
vt 0.363 0.1225
vt 0.394 0.1225
vt 0.4249 0.1225
vt 0.4559 0.1225
vt 0.9517 0.1225
vt 0.9788 0.123
vt 0.9207 0.1225
vt 0.8897 0.1225
vt 0.8587 0.1225
vt 0.8278 0.1225
vt 0.7968 0.1225
vt 0.7658 0.1225
vt 0.7348 0.1225
vt 0.7038 0.1225
vt 0.6728 0.1225
vt 0.6418 0.1225
vt 0.6109 0.1225
vt 0.5799 0.1225
vt 0.5489 0.1225
vt 0.0221 0.0955
vt 0.0531 0.0955
vt 0.0841 0.0955
vt 0.1151 0.0955
vt 0.1461 0.0955
vt 0.1771 0.0955
vt 0.208 0.0955
vt 0.239 0.0955
vt 0.27 0.0955
vt 0.301 0.0955
vt 0.332 0.0955
vt 0.363 0.0955
vt 0.394 0.0955
vt 0.4249 0.0955
vt 0.4559 0.0955
vt 0.9517 0.0955
vt 0.9788 0.096
vt 0.9207 0.0955
vt 0.8897 0.0955
vt 0.8587 0.0955
vt 0.8278 0.0955
vt 0.7968 0.0955
vt 0.7658 0.0955
vt 0.7348 0.0955
vt 0.7038 0.0955
vt 0.6728 0.0955
vt 0.6418 0.0955
vt 0.6109 0.0955
vt 0.5799 0.0955
vt 0.5489 0.0955
vt 0.0531 0.0596
vt 0.0221 0.0596
vt 0.0841 0.0596
vt 0.1151 0.0596
vt 0.1461 0.0596
vt 0.1771 0.0596
vt 0.208 0.0596
vt 0.239 0.0596
vt 0.27 0.0596
vt 0.301 0.0596
vt 0.332 0.0596
vt 0.363 0.0596
vt 0.394 0.0596
vt 0.4249 0.0596
vt 0.4559 0.0596
vt 0.9788 0.0601
vt 0.9517 0.0596
vt 0.9207 0.0596
vt 0.8897 0.0596
vt 0.8587 0.0596
vt 0.8278 0.0596
vt 0.7968 0.0596
vt 0.7658 0.0596
vt 0.7348 0.0596
vt 0.7038 0.0596
vt 0.6728 0.0596
vt 0.6418 0.0596
vt 0.6109 0.0596
vt 0.5799 0.0596
vt 0.5489 0.0596
vt 0.2403 0.7688
vt 0.2403 0.9662
vt 0.0429 0.9662
vt 0.0429 0.7688
vt 0.4619 0.9662
vt 0.2645 0.9662
vt 0.2645 0.7688
vt 0.4619 0.7688
vt 0.0429 0.7446
vt 0.2403 0.7446
vt 0.2403 0.9903
vt 0.0429 0.9903
vt 0.0187 0.9662
vt 0.0187 0.7688
vn 0.778 -0.6236 0.0766
vn 0.8008 -0.5937 0.0788
vn 0.8003 -0.5937 -0.084
vn 0.7775 -0.6235 -0.0816
vn 0.6253 -0.778 0.0615
vn 0.515 -0.8557 0.0507
vn 0.5147 -0.8557 -0.054
vn 0.6249 -0.778 -0.0656
vn 0.8609 0.5017 0.0847
vn 0.9943 -0.0417 0.0979
vn 0.9937 -0.0417 -0.1043
vn 0.8603 0.5017 -0.0903
vn 0.4649 0.8842 0.0458
vn 0.4646 0.8842 -0.0488
vn 0.0129 0.9999 0.0013
vn 0.0129 0.9999 -0.0014
vn -0.9047 0.4166 -0.0891
vn -0.7591 0.6467 -0.0747
vn -0.7586 0.6467 0.0796
vn -0.9041 0.4166 0.0949
vn -0.3549 0.9343 -0.0349
vn -0.3547 0.9343 0.0372
vn 0.9933 0.0617 0.0978
vn 0.9926 0.0617 -0.1042
vn 0.5936 0.8027 0.0584
vn 0.5932 0.8027 -0.0622
vn 0.7967 0.5993 0.0784
vn 0.7962 0.5993 -0.0836
vn 0.8647 0.495 0.0851
vn 0.8641 0.495 -0.0907
vn 0.7356 0.6735 0.0724
vn 0.7351 0.6735 -0.0772
vn 0.9739 0.2058 0.0959
vn 0.9732 0.2058 -0.1021
vn 0.9423 -0.3217 0.0928
vn 0.9417 -0.3217 -0.0988
vn 0.6886 -0.7219 0.0678
vn 0.6882 -0.7219 -0.0722
vn 0.4056 -0.9132 0.0399
vn 0.4054 -0.9132 -0.0425
vn 0.8987 -0.4297 0.0884
vn 0.898 -0.4297 -0.0942
vn 0.9852 0.1412 0.097
vn 0.9846 0.1412 -0.1033
vn 0.8147 -0.5742 0.0802
vn 0.2424 -0.9699 0.0239
vn 0.2422 -0.9699 -0.0254
vn 0.8142 -0.5742 -0.0855
vn 0.8589 -0.5051 0.0846
vn 0.8584 -0.5051 -0.0901
vn 0.9898 0.1042 0.0975
vn 0.9891 0.1041 -0.1038
vn 0.812 -0.5782 0.0799
vn 0.8114 -0.5782 -0.0851
vn 0.9922 -0.078 0.0977
vn 0.9915 -0.078 -0.1041
vn -0.7818 -0.6236 0.0025
vn -0.8047 -0.5937 0.0026
vn -0.7877 -0.5937 0.1646
vn -0.7652 -0.6236 0.1599
vn -0.7384 -0.5938 0.3197
vn -0.7174 -0.6236 0.3107
vn -0.6589 -0.5937 0.4618
vn -0.6402 -0.6236 0.4487
vn -0.5524 -0.5938 0.585
vn -0.5368 -0.6235 0.5684
vn -0.4234 -0.5937 0.6843
vn -0.4114 -0.6236 0.6648
vn -0.277 -0.5938 0.7554
vn -0.2691 -0.6236 0.734
vn -0.1192 -0.5937 0.7958
vn -0.1158 -0.6235 0.7732
vn 0.0434 -0.5937 0.8035
vn 0.0422 -0.6235 0.7807
vn 0.2042 -0.5937 0.7783
vn 0.1984 -0.6235 0.7562
vn 0.3567 -0.5937 0.7213
vn 0.3466 -0.6235 0.7008
vn 0.4946 -0.5937 0.6347
vn 0.4805 -0.6235 0.6167
vn 0.6122 -0.5937 0.5222
vn 0.5948 -0.6235 0.5073
vn 0.7048 -0.5937 0.3882
vn 0.6848 -0.6235 0.3772
vn 0.7685 -0.5937 0.2384
vn 0.7467 -0.6235 0.2316
vn -0.7663 -0.6235 -0.155
vn -0.7888 -0.5936 -0.1595
vn -0.7194 -0.6236 -0.306
vn -0.7405 -0.5937 -0.315
vn -0.6431 -0.6235 -0.4446
vn -0.6619 -0.5937 -0.4576
vn -0.5404 -0.6236 -0.5649
vn -0.5563 -0.5937 -0.5815
vn -0.4156 -0.6235 -0.6622
vn -0.4278 -0.5937 -0.6815
vn -0.2738 -0.6235 -0.7323
vn -0.2818 -0.5938 -0.7537
vn -0.1208 -0.6235 -0.7724
vn -0.1244 -0.5938 -0.795
vn 0.0371 -0.6235 -0.7809
vn 0.0382 -0.5937 -0.8038
vn 0.1935 -0.6235 -0.7575
vn 0.1992 -0.5937 -0.7796
vn 0.3421 -0.6235 -0.703
vn 0.3521 -0.5938 -0.7235
vn 0.4766 -0.6235 -0.6197
vn 0.4905 -0.5937 -0.6379
vn 0.5916 -0.6235 -0.5111
vn 0.6089 -0.5937 -0.5261
vn 0.6823 -0.6235 -0.3816
vn 0.7023 -0.5938 -0.3927
vn 0.7452 -0.6235 -0.2364
vn 0.767 -0.5938 -0.2433
vn -0.6283 -0.7779 0.002
vn -0.5175 -0.8557 0.0017
vn -0.5065 -0.8557 0.1058
vn -0.6151 -0.7779 0.1285
vn -0.4749 -0.8557 0.2056
vn -0.5766 -0.7779 0.2497
vn -0.4238 -0.8557 0.297
vn -0.5145 -0.7779 0.3606
vn -0.3553 -0.8557 0.3762
vn -0.4314 -0.778 0.4568
vn -0.2723 -0.8557 0.44
vn -0.3306 -0.7779 0.5343
vn -0.1781 -0.8557 0.4859
vn -0.2163 -0.7779 0.5899
vn -0.0767 -0.8557 0.5118
vn -0.0931 -0.778 0.6214
vn 0.0279 -0.8557 0.5167
vn 0.0339 -0.7779 0.6274
vn 0.1313 -0.8557 0.5006
vn 0.1595 -0.778 0.6077
vn 0.2294 -0.8557 0.4639
vn 0.2785 -0.778 0.5632
vn 0.3181 -0.8557 0.4082
vn 0.3862 -0.778 0.4956
vn 0.3937 -0.8557 0.3358
vn 0.4781 -0.778 0.4077
vn 0.4533 -0.8557 0.2497
vn 0.5504 -0.7779 0.3032
vn 0.4943 -0.8557 0.1533
vn 0.6001 -0.7779 0.1862
vn -0.6159 -0.7779 -0.1245
vn -0.5072 -0.8557 -0.1026
vn -0.5782 -0.7779 -0.246
vn -0.4762 -0.8557 -0.2026
vn -0.5168 -0.778 -0.3573
vn -0.4257 -0.8557 -0.2943
vn -0.4344 -0.7779 -0.454
vn -0.3577 -0.8557 -0.3739
vn -0.334 -0.778 -0.5322
vn -0.2751 -0.8557 -0.4383
vn -0.2201 -0.778 -0.5885
vn -0.1813 -0.8557 -0.4847
vn -0.0971 -0.778 -0.6208
vn -0.08 -0.8557 -0.5113
vn 0.0298 -0.7779 -0.6276
vn 0.0246 -0.8557 -0.5169
vn 0.1555 -0.7779 -0.6088
vn 0.1281 -0.8557 -0.5014
vn 0.2749 -0.778 -0.565
vn 0.2264 -0.8557 -0.4653
vn 0.383 -0.778 -0.4981
vn 0.3155 -0.8557 -0.4102
vn 0.4754 -0.7779 -0.4108
vn 0.3916 -0.8557 -0.3383
vn 0.5484 -0.7779 -0.3067
vn 0.4517 -0.8557 -0.2526
vn 0.5989 -0.7779 -0.19
vn 0.4933 -0.8557 -0.1565
vn -0.865 0.5017 0.0028
vn -0.9991 -0.0417 0.0032
vn -0.978 -0.0417 0.2043
vn -0.8467 0.5017 0.1769
vn -0.9169 -0.0416 0.397
vn -0.7938 0.5017 0.3438
vn -0.8182 -0.0417 0.5735
vn -0.7084 0.5017 0.4965
vn -0.686 -0.0417 0.7264
vn -0.5939 0.5017 0.6289
vn -0.5257 -0.0417 0.8496
vn -0.4552 0.5017 0.7356
vn -0.3439 -0.0417 0.9381
vn -0.2978 0.5017 0.8122
vn -0.1481 -0.0417 0.9881
vn -0.1282 0.5017 0.8555
vn 0.0539 -0.0417 0.9977
vn 0.0466 0.5017 0.8638
vn 0.2536 -0.0417 0.9664
vn 0.2196 0.5017 0.8367
vn 0.4429 -0.0417 0.8956
vn 0.3835 0.5017 0.7754
vn 0.6141 -0.0417 0.7881
vn 0.5317 0.5017 0.6823
vn 0.7602 -0.0417 0.6483
vn 0.6582 0.5017 0.5613
vn 0.8752 -0.0416 0.482
vn 0.7577 0.5017 0.4173
vn 0.9543 -0.0417 0.296
vn 0.8262 0.5017 0.2563
vn -0.8479 0.5017 -0.1714
vn -0.9793 -0.0416 -0.198
vn -0.796 0.5017 -0.3386
vn -0.9194 -0.0417 -0.3911
vn -0.7115 0.5017 -0.4919
vn -0.8218 -0.0417 -0.5682
vn -0.598 0.5017 -0.6251
vn -0.6907 -0.0416 -0.722
vn -0.4599 0.5017 -0.7326
vn -0.5312 -0.0417 -0.8462
vn -0.303 0.5017 -0.8102
vn -0.35 -0.0417 -0.9358
vn -0.1337 0.5017 -0.8546
vn -0.1544 -0.0417 -0.9871
vn 0.0411 0.5017 -0.864
vn 0.0474 -0.0417 -0.998
vn 0.2142 0.5017 -0.8381
vn 0.2473 -0.0417 -0.968
vn 0.3785 0.5017 -0.7778
vn 0.4371 -0.0417 -0.8984
vn 0.5273 0.5017 -0.6857
vn 0.609 -0.0417 -0.792
vn 0.6545 0.5017 -0.5656
vn 0.756 -0.0417 -0.6532
vn 0.755 0.5017 -0.4222
vn 0.872 -0.0417 -0.4877
vn 0.8245 0.5017 -0.2616
vn 0.9523 -0.0416 -0.3022
vn -0.4672 0.8842 0.0015
vn -0.4573 0.8842 0.0955
vn -0.4287 0.8842 0.1856
vn -0.3825 0.8842 0.2681
vn -0.3208 0.8842 0.3397
vn -0.2458 0.8842 0.3973
vn -0.1608 0.8842 0.4386
vn -0.0692 0.8842 0.462
vn 0.0252 0.8842 0.4665
vn 0.1186 0.8842 0.4519
vn 0.2071 0.8842 0.4188
vn 0.2872 0.8842 0.3685
vn 0.3554 0.8842 0.3031
vn 0.4092 0.8842 0.2254
vn 0.4462 0.8842 0.1384
vn -0.4579 0.8842 -0.0926
vn -0.4299 0.8842 -0.1829
vn -0.3843 0.8842 -0.2657
vn -0.3229 0.8842 -0.3376
vn -0.2484 0.8842 -0.3957
vn -0.1636 0.8842 -0.4376
vn -0.0722 0.8842 -0.4616
vn 0.0222 0.8842 -0.4666
vn 0.1157 0.8842 -0.4526
vn 0.2044 0.8842 -0.4201
vn 0.2848 0.8842 -0.3703
vn 0.3535 0.8842 -0.3054
vn 0.4077 0.8842 -0.228
vn 0.4453 0.8842 -0.1413
vn 0.349 0.9343 -0.0729
vn 0.3272 0.9343 -0.1417
vn 0.2919 0.9343 -0.2046
vn 0.1876 0.9343 -0.3032
vn 0.2448 0.9343 -0.2592
vn 0.1227 0.9343 -0.3348
vn 0.0528 0.9343 -0.3526
vn -0.0169 0.9343 0.3561
vn -0.0192 0.9343 -0.356
vn 0.0551 0.9343 0.3523
vn 0.1249 0.9343 0.3339
vn 0.2465 0.9343 0.2577
vn 0.1896 0.9343 0.302
vn 0.2933 0.9343 0.2028
vn 0.3281 0.9343 0.1396
vn 0.3494 0.9343 0.0706
vn 0.3566 0.9343 -0.0011
vn -0.3399 0.9343 0.1078
vn -0.3123 0.9343 -0.172
vn -0.3112 0.9343 0.174
vn -0.2698 0.9343 0.2331
vn -0.156 0.9343 0.3206
vn -0.2173 0.9343 0.2827
vn -0.0883 0.9343 0.3454
vn -0.0905 0.9343 -0.3449
vn -0.158 0.9343 -0.3195
vn -0.2191 0.9343 -0.2812
vn -0.2712 0.9343 -0.2313
vn -0.3405 0.9343 -0.1056
vn -0.013 0.9999 0.0
vn -0.0127 0.9999 0.0027
vn -0.0119 0.9999 0.0052
vn -0.0106 0.9999 0.0075
vn -0.0089 0.9999 0.0094
vn -0.0068 0.9999 0.0111
vn -0.0045 0.9999 0.0122
vn -0.0019 0.9999 0.0129
vn 0.0007 0.9999 0.013
vn 0.0033 0.9999 0.0126
vn 0.0058 0.9999 0.0117
vn 0.008 0.9999 0.0103
vn 0.0099 0.9999 0.0084
vn 0.0114 0.9999 0.0063
vn 0.0124 0.9999 0.0039
vn -0.0127 0.9999 -0.0026
vn -0.012 0.9999 -0.0051
vn -0.0107 0.9999 -0.0074
vn -0.009 0.9999 -0.0094
vn -0.0069 0.9999 -0.011
vn -0.0046 0.9999 -0.0122
vn -0.002 0.9999 -0.0128
vn 0.0006 0.9999 -0.013
vn 0.0032 0.9999 -0.0126
vn 0.0057 0.9999 -0.0117
vn 0.0079 0.9999 -0.0103
vn 0.0098 0.9999 -0.0085
vn 0.0114 0.9999 -0.0063
vn 0.0124 0.9999 -0.0039
vn 0.9091 0.4166 -0.0029
vn 0.7628 0.6467 -0.0025
vn 0.7467 0.6466 -0.156
vn 0.8898 0.4167 -0.1859
vn 0.7 0.6466 -0.3031
vn 0.8342 0.4167 -0.3612
vn 0.6246 0.6467 -0.4378
vn 0.7444 0.4167 -0.5218
vn 0.5237 0.6467 -0.5546
vn 0.6241 0.4167 -0.6609
vn 0.4014 0.6467 -0.6487
vn 0.4783 0.4167 -0.773
vn 0.2626 0.6467 -0.7162
vn 0.3129 0.4166 -0.8535
vn 0.113 0.6467 -0.7544
vn 0.1347 0.4167 -0.899
vn -0.0411 0.6467 -0.7617
vn -0.049 0.4167 -0.9077
vn -0.1936 0.6467 -0.7378
vn -0.2307 0.4167 -0.8793
vn -0.3381 0.6467 -0.6837
vn -0.403 0.4167 -0.8148
vn -0.4689 0.6467 -0.6017
vn -0.5588 0.4167 -0.717
vn -0.5804 0.6467 -0.495
vn -0.6917 0.4167 -0.5899
vn -0.6681 0.6467 -0.368
vn -0.7963 0.4167 -0.4386
vn -0.7285 0.6467 -0.226
vn -0.8683 0.4167 -0.2693
vn 0.891 0.4167 0.1802
vn 0.7476 0.6467 0.1512
vn 0.8365 0.4167 0.3559
vn 0.7019 0.6467 0.2986
vn 0.7478 0.4166 0.517
vn 0.6274 0.6467 0.4338
vn 0.6284 0.4167 0.6569
vn 0.5273 0.6467 0.5512
vn 0.4833 0.4166 0.77
vn 0.4055 0.6467 0.646
vn 0.3184 0.4167 0.8515
vn 0.2672 0.6467 0.7145
vn 0.1405 0.4166 0.8982
vn 0.1179 0.6467 0.7536
vn -0.0431 0.4167 0.908
vn -0.0362 0.6467 0.7619
vn -0.2251 0.4167 0.8808
vn -0.1888 0.6467 0.739
vn -0.3977 0.4166 0.8174
vn -0.3337 0.6467 0.6859
vn -0.5541 0.4167 0.7206
vn -0.465 0.6467 0.6047
vn -0.6879 0.4166 0.5944
vn -0.5772 0.6467 0.4987
vn -0.7934 0.4167 0.4437
vn -0.6657 0.6467 0.3723
vn -0.8665 0.4166 0.2749
vn -0.7271 0.6467 0.2307
vn -0.9981 0.0617 0.0032
vn -0.977 0.0617 0.2041
vn -0.9159 0.0616 0.3966
vn -0.8173 0.0617 0.5729
vn -0.6853 0.0615 0.7257
vn -0.5252 0.0616 0.8488
vn -0.3436 0.0615 0.9371
vn -0.1479 0.0617 0.9871
vn 0.0538 0.0616 0.9966
vn 0.2533 0.0617 0.9654
vn 0.4425 0.0617 0.8947
vn 0.6135 0.0617 0.7873
vn 0.7594 0.0616 0.6477
vn 0.8742 0.0617 0.4815
vn 0.9533 0.0617 0.2957
vn -0.9783 0.0618 -0.1978
vn -0.9184 0.0617 -0.3907
vn -0.821 0.0617 -0.5676
vn -0.6899 0.0617 -0.7212
vn -0.5306 0.0616 -0.8454
vn -0.3496 0.0616 -0.9349
vn -0.1543 0.0616 -0.9861
vn 0.0474 0.0617 -0.997
vn 0.2471 0.0616 -0.967
vn 0.4367 0.0616 -0.8975
vn 0.6084 0.0616 -0.7912
vn 0.7552 0.0616 -0.6526
vn 0.8711 0.0616 -0.4872
vn 0.9514 0.0616 -0.3019
vn -0.5964 0.8027 0.0019
vn -0.5838 0.8027 0.122
vn -0.5473 0.8027 0.237
vn -0.4884 0.8027 0.3423
vn -0.4095 0.8027 0.4336
vn -0.3138 0.8027 0.5072
vn -0.2053 0.8027 0.56
vn -0.0884 0.8027 0.5898
vn 0.0322 0.8027 0.5955
vn 0.1514 0.8027 0.5769
vn 0.2644 0.8027 0.5346
vn 0.3666 0.8027 0.4704
vn 0.4538 0.8027 0.387
vn 0.5224 0.8027 0.2877
vn 0.5696 0.8027 0.1767
vn -0.5846 0.8027 -0.1182
vn -0.5488 0.8027 -0.2335
vn -0.4906 0.8027 -0.3392
vn -0.4123 0.8027 -0.431
vn -0.3171 0.8027 -0.5051
vn -0.2089 0.8027 -0.5586
vn -0.0922 0.8027 -0.5892
vn 0.0283 0.8027 -0.5957
vn 0.1477 0.8027 -0.5778
vn 0.2609 0.8027 -0.5363
vn 0.3636 0.8027 -0.4728
vn 0.4513 0.8027 -0.3899
vn 0.5205 0.8027 -0.2911
vn 0.5685 0.8027 -0.1804
vn -0.8005 0.5993 0.0026
vn -0.7836 0.5993 0.1637
vn -0.7346 0.5993 0.3181
vn -0.6555 0.5993 0.4595
vn -0.5496 0.5993 0.582
vn -0.4212 0.5993 0.6807
vn -0.2756 0.5993 0.7516
vn -0.1186 0.5993 0.7917
vn 0.0432 0.5993 0.7994
vn 0.2032 0.5993 0.7743
vn 0.3549 0.5993 0.7176
vn 0.4921 0.5993 0.6314
vn 0.6091 0.5993 0.5195
vn 0.7012 0.5993 0.3862
vn 0.7646 0.5993 0.2372
vn -0.7847 0.5993 -0.1587
vn -0.7366 0.5993 -0.3134
vn -0.6585 0.5993 -0.4552
vn -0.5534 0.5993 -0.5785
vn -0.4256 0.5993 -0.678
vn -0.2804 0.5993 -0.7498
vn -0.1237 0.5993 -0.7909
vn 0.038 0.5993 -0.7996
vn 0.1982 0.5993 -0.7756
vn 0.3502 0.5993 -0.7198
vn 0.488 0.5993 -0.6346
vn 0.6057 0.5993 -0.5234
vn 0.6987 0.5993 -0.3907
vn 0.763 0.5993 -0.2421
vn -0.8689 0.495 0.0028
vn -0.8505 0.495 0.1777
vn -0.7973 0.4951 0.3453
vn -0.7115 0.4951 0.4987
vn -0.5965 0.4951 0.6317
vn -0.4572 0.495 0.7389
vn -0.2991 0.495 0.8158
vn -0.1288 0.495 0.8593
vn 0.0468 0.495 0.8676
vn 0.2205 0.495 0.8404
vn 0.3852 0.495 0.7788
vn 0.5341 0.495 0.6853
vn 0.6611 0.495 0.5638
vn 0.7611 0.495 0.4192
vn 0.8299 0.495 0.2574
vn -0.8516 0.495 -0.1722
vn -0.7995 0.495 -0.3401
vn -0.7147 0.4951 -0.4941
vn -0.6006 0.495 -0.6279
vn -0.4619 0.495 -0.7359
vn -0.3043 0.495 -0.8138
vn -0.1343 0.4951 -0.8584
vn 0.0413 0.495 -0.8679
vn 0.2151 0.4951 -0.8418
vn 0.3801 0.4951 -0.7813
vn 0.5297 0.495 -0.6888
vn 0.6574 0.495 -0.5681
vn 0.7583 0.4951 -0.4241
vn 0.8282 0.495 -0.2628
vn -0.7391 0.6735 0.0024
vn -0.7235 0.6735 0.1512
vn -0.6783 0.6735 0.2937
vn -0.6053 0.6735 0.4242
vn -0.5075 0.6735 0.5374
vn -0.3889 0.6735 0.6286
vn -0.2544 0.6735 0.694
vn -0.1095 0.6735 0.731
vn 0.0399 0.6735 0.7381
vn 0.1876 0.6735 0.715
vn 0.3277 0.6735 0.6625
vn 0.4543 0.6735 0.583
vn 0.5624 0.6735 0.4796
vn 0.6474 0.6735 0.3566
vn 0.706 0.6735 0.219
vn -0.7245 0.6736 -0.1465
vn -0.6802 0.6735 -0.2893
vn -0.608 0.6735 -0.4203
vn -0.5109 0.6735 -0.5341
vn -0.393 0.6735 -0.626
vn -0.2589 0.6735 -0.6923
vn -0.1142 0.6735 -0.7303
vn 0.0351 0.6735 -0.7383
vn 0.183 0.6735 -0.7161
vn 0.3234 0.6735 -0.6646
vn 0.4506 0.6735 -0.5859
vn 0.5593 0.6735 -0.4833
vn 0.6451 0.6735 -0.3608
vn 0.7045 0.6735 -0.2235
vn -0.9786 0.2058 0.0032
vn -0.9579 0.2058 0.2001
vn -0.898 0.2058 0.3889
vn -0.8013 0.2058 0.5617
vn -0.6719 0.2058 0.7115
vn -0.5149 0.2058 0.8322
vn -0.3369 0.2058 0.9188
vn -0.145 0.2058 0.9678
vn 0.0528 0.2058 0.9772
vn 0.2484 0.2058 0.9465
vn 0.4338 0.2058 0.8772
vn 0.6015 0.2058 0.7719
vn 0.7446 0.2058 0.635
vn 0.8572 0.2058 0.4721
vn 0.9347 0.2058 0.2899
vn -0.9592 0.2058 -0.1939
vn -0.9005 0.2058 -0.3831
vn -0.8049 0.2058 -0.5565
vn -0.6765 0.2058 -0.7071
vn -0.5203 0.2058 -0.8288
vn -0.3428 0.2058 -0.9166
vn -0.1513 0.2058 -0.9668
vn 0.0464 0.2058 -0.9775
vn 0.2423 0.2058 -0.9481
vn 0.4282 0.2058 -0.88
vn 0.5965 0.2058 -0.7758
vn 0.7405 0.2058 -0.6398
vn 0.8541 0.2058 -0.4777
vn 0.9328 0.2058 -0.296
vn -0.9469 -0.3216 0.0031
vn -0.9268 -0.3217 0.1936
vn -0.8689 -0.3217 0.3763
vn -0.7754 -0.3216 0.5435
vn -0.6501 -0.3217 0.6884
vn -0.4982 -0.3217 0.8052
vn -0.3259 -0.3217 0.889
vn -0.1403 -0.3216 0.9364
vn 0.051 -0.3217 0.9455
vn 0.2403 -0.3216 0.9159
vn 0.4198 -0.3217 0.8487
vn 0.582 -0.3216 0.7469
vn 0.7204 -0.3217 0.6144
vn 0.8294 -0.3216 0.4568
vn 0.9043 -0.3216 0.2805
vn -0.9281 -0.3217 -0.1877
vn -0.8713 -0.3216 -0.3707
vn -0.7788 -0.3216 -0.5385
vn -0.6545 -0.3216 -0.6842
vn -0.5034 -0.3217 -0.802
vn -0.3317 -0.3216 -0.8869
vn -0.1464 -0.3216 -0.9355
vn 0.0449 -0.3216 -0.9458
vn 0.2344 -0.3216 -0.9174
vn 0.4143 -0.3216 -0.8514
vn 0.5772 -0.3217 -0.7506
vn 0.7165 -0.3216 -0.6191
vn 0.8264 -0.3216 -0.4622
vn 0.9025 -0.3216 -0.2864
vn -0.6919 -0.7219 0.0022
vn -0.6773 -0.7219 0.1415
vn -0.635 -0.722 0.275
vn -0.5666 -0.7219 0.3972
vn -0.4751 -0.722 0.5031
vn -0.3641 -0.722 0.5884
vn -0.2382 -0.7219 0.6497
vn -0.1025 -0.722 0.6843
vn 0.0373 -0.722 0.6909
vn 0.1756 -0.722 0.6693
vn 0.3067 -0.722 0.6202
vn 0.4253 -0.722 0.5458
vn 0.5265 -0.722 0.449
vn 0.6061 -0.722 0.3338
vn 0.6609 -0.722 0.205
vn -0.6782 -0.722 -0.1371
vn -0.6367 -0.7219 -0.2709
vn -0.5692 -0.7219 -0.3935
vn -0.4783 -0.7219 -0.5
vn -0.3679 -0.7219 -0.5861
vn -0.2424 -0.7219 -0.6481
vn -0.107 -0.722 -0.6836
vn 0.0328 -0.7219 -0.6912
vn 0.1713 -0.7219 -0.6704
vn 0.3027 -0.7219 -0.6222
vn 0.4218 -0.7219 -0.5485
vn 0.5236 -0.722 -0.4524
vn 0.6039 -0.722 -0.3377
vn 0.6595 -0.722 -0.2093
vn -0.4076 -0.9132 0.0013
vn -0.399 -0.9132 0.0833
vn -0.374 -0.9132 0.162
vn -0.3338 -0.9132 0.2339
vn -0.2798 -0.9132 0.2963
vn -0.2145 -0.9132 0.3466
vn -0.1403 -0.9132 0.3827
vn -0.0604 -0.9132 0.4031
vn 0.022 -0.9132 0.407
vn 0.1035 -0.9132 0.3942
vn 0.1807 -0.9132 0.3654
vn 0.2505 -0.9132 0.3215
vn 0.3101 -0.9132 0.2645
vn 0.357 -0.9132 0.1967
vn 0.3893 -0.9132 0.1208
vn -0.3995 -0.9132 -0.0808
vn -0.3751 -0.9132 -0.1596
vn -0.3353 -0.9132 -0.2318
vn -0.2817 -0.9132 -0.2945
vn -0.2167 -0.9132 -0.3452
vn -0.1428 -0.9132 -0.3818
vn -0.063 -0.9132 -0.4027
vn 0.0193 -0.9132 -0.4071
vn 0.1009 -0.9132 -0.3949
vn 0.1783 -0.9132 -0.3665
vn 0.2485 -0.9132 -0.3231
vn 0.3084 -0.9132 -0.2665
vn 0.3557 -0.9132 -0.1989
vn 0.3885 -0.9132 -0.1233
vn -0.903 -0.4297 0.0029
vn -0.8839 -0.4297 0.1847
vn -0.8286 -0.4297 0.3588
vn -0.7394 -0.4297 0.5183
vn -0.62 -0.4297 0.6565
vn -0.4751 -0.4297 0.7679
vn -0.3108 -0.4297 0.8478
vn -0.1338 -0.4297 0.893
vn 0.0487 -0.4297 0.9017
vn 0.2292 -0.4297 0.8734
vn 0.4003 -0.4297 0.8094
vn 0.5551 -0.4297 0.7122
vn 0.6871 -0.4297 0.586
vn 0.7909 -0.4297 0.4357
vn 0.8624 -0.4297 0.2675
vn -0.8851 -0.4297 -0.179
vn -0.8309 -0.4297 -0.3535
vn -0.7427 -0.4297 -0.5135
vn -0.6242 -0.4297 -0.6525
vn -0.4801 -0.4297 -0.7648
vn -0.3163 -0.4297 -0.8458
vn -0.1396 -0.4297 -0.8921
vn 0.0428 -0.4297 -0.902
vn 0.2236 -0.4297 -0.8748
vn 0.3951 -0.4297 -0.812
vn 0.5504 -0.4297 -0.7158
vn 0.6832 -0.4297 -0.5904
vn 0.7881 -0.4297 -0.4408
vn 0.8607 -0.4297 -0.2731
vn -0.99 0.1411 0.0032
vn -0.9691 0.1412 0.2025
vn -0.9085 0.1412 0.3934
vn -0.8107 0.1412 0.5682
vn -0.6797 0.1412 0.7198
vn -0.5209 0.1412 0.8419
vn -0.3408 0.1412 0.9295
vn -0.1467 0.1412 0.9791
vn 0.0534 0.1412 0.9885
vn 0.2513 0.1412 0.9576
vn 0.4389 0.1411 0.8874
vn 0.6085 0.1411 0.7809
vn 0.7532 0.1412 0.6424
vn 0.8672 0.1412 0.4776
vn 0.9455 0.1411 0.2933
vn -0.9704 0.1411 -0.1962
vn -0.911 0.1411 -0.3876
vn -0.8143 0.1412 -0.563
vn -0.6843 0.1412 -0.7154
vn -0.5263 0.1412 -0.8385
vn -0.3468 0.1412 -0.9273
vn -0.153 0.1412 -0.9781
vn 0.047 0.1412 -0.9889
vn 0.2451 0.1412 -0.9592
vn 0.4331 0.1412 -0.8902
vn 0.6034 0.1412 -0.7848
vn 0.7491 0.1412 -0.6472
vn 0.864 0.1412 -0.4832
vn 0.9436 0.1412 -0.2994
vn -0.8187 -0.5742 0.0026
vn -0.2436 -0.9699 0.0008
vn -0.2384 -0.9699 0.0498
vn -0.8014 -0.5742 0.1674
vn -0.2235 -0.9699 0.0968
vn -0.7513 -0.5742 0.3253
vn -0.1994 -0.9699 0.1398
vn -0.6704 -0.5742 0.4699
vn -0.1672 -0.9699 0.1771
vn -0.5621 -0.5742 0.5952
vn -0.1282 -0.9699 0.2071
vn -0.4308 -0.5742 0.6962
vn -0.0838 -0.9699 0.2287
vn -0.2818 -0.5742 0.7687
vn -0.0361 -0.9699 0.2409
vn -0.1213 -0.5742 0.8097
vn 0.0131 -0.9699 0.2432
vn 0.0442 -0.5742 0.8175
vn 0.0618 -0.9699 0.2356
vn 0.2078 -0.5742 0.7919
vn 0.108 -0.9699 0.2183
vn 0.3629 -0.5742 0.7339
vn 0.1497 -0.9699 0.1921
vn 0.5032 -0.5742 0.6458
vn 0.1853 -0.9699 0.1581
vn 0.6229 -0.5742 0.5313
vn 0.2134 -0.9699 0.1175
vn 0.7171 -0.5742 0.395
vn 0.2326 -0.9699 0.0722
vn 0.7819 -0.5742 0.2426
vn -0.8025 -0.5742 -0.1623
vn -0.2387 -0.9699 -0.0483
vn -0.7534 -0.5742 -0.3205
vn -0.2241 -0.9699 -0.0953
vn -0.6735 -0.5742 -0.4656
vn -0.2003 -0.9699 -0.1385
vn -0.566 -0.5742 -0.5916
vn -0.1684 -0.9699 -0.176
vn -0.4353 -0.5742 -0.6934
vn -0.1295 -0.9699 -0.2063
vn -0.2868 -0.5742 -0.7669
vn -0.0853 -0.9699 -0.2281
vn -0.1265 -0.5742 -0.8089
vn -0.0377 -0.9699 -0.2407
vn 0.0389 -0.5742 -0.8178
vn 0.0116 -0.9699 -0.2433
vn 0.2027 -0.5742 -0.7932
vn 0.0603 -0.9699 -0.236
vn 0.3582 -0.5742 -0.7362
vn 0.1066 -0.9699 -0.219
vn 0.4991 -0.5742 -0.649
vn 0.1485 -0.9699 -0.1931
vn 0.6195 -0.5742 -0.5353
vn 0.1843 -0.9699 -0.1592
vn 0.7146 -0.5742 -0.3997
vn 0.2126 -0.9699 -0.1189
vn 0.7804 -0.5742 -0.2476
vn 0.2321 -0.9699 -0.0737
vn -0.8631 -0.5051 0.0028
vn -0.8448 -0.5051 0.1765
vn -0.792 -0.5051 0.343
vn -0.7067 -0.5051 0.4954
vn -0.5926 -0.5051 0.6275
vn -0.4541 -0.505 0.734
vn -0.2971 -0.505 0.8103
vn -0.1279 -0.5051 0.8536
vn 0.0465 -0.5051 0.8618
vn 0.219 -0.5051 0.8348
vn 0.3826 -0.5051 0.7736
vn 0.5305 -0.5051 0.6808
vn 0.6567 -0.5051 0.5601
vn 0.756 -0.505 0.4164
vn 0.8243 -0.5051 0.2557
vn -0.8459 -0.5051 -0.1711
vn -0.7941 -0.5051 -0.338
vn -0.71 -0.505 -0.4908
vn -0.5965 -0.5051 -0.6237
vn -0.4588 -0.505 -0.731
vn -0.3023 -0.5051 -0.8084
vn -0.1334 -0.505 -0.8527
vn 0.041 -0.5051 -0.8621
vn 0.2137 -0.5051 -0.8362
vn 0.3777 -0.5051 -0.7761
vn 0.5261 -0.5051 -0.6842
vn 0.6531 -0.505 -0.5643
vn 0.7533 -0.5051 -0.4212
vn 0.8227 -0.505 -0.261
vn -0.9946 0.1042 0.0032
vn -0.9735 0.1041 0.2034
vn -0.9127 0.1041 0.3952
vn -0.8144 0.1042 0.5709
vn -0.6828 0.1041 0.7231
vn -0.5233 0.1041 0.8457
vn -0.3424 0.1041 0.9338
vn -0.1474 0.1041 0.9836
vn 0.0536 0.1041 0.9931
vn 0.2524 0.1041 0.962
vn 0.4409 0.1041 0.8915
vn 0.6113 0.1041 0.7845
vn 0.7567 0.1042 0.6454
vn 0.8711 0.1042 0.4799
vn 0.9499 0.1041 0.2947
vn -0.9748 0.1041 -0.1972
vn -0.9152 0.1041 -0.3894
vn -0.8181 0.1041 -0.5656
vn -0.6875 0.1041 -0.7187
vn -0.5287 0.1041 -0.8424
vn -0.3483 0.1041 -0.9316
vn -0.1537 0.1041 -0.9826
vn 0.0473 0.1041 -0.9934
vn 0.2463 0.1041 -0.9636
vn 0.4352 0.1042 -0.8943
vn 0.6063 0.1042 -0.7884
vn 0.7526 0.1042 -0.6502
vn 0.8681 0.1041 -0.4854
vn 0.948 0.1042 -0.3008
vn -0.8159 -0.5782 0.0026
vn -0.7987 -0.5782 0.1669
vn -0.7487 -0.5782 0.3242
vn -0.6681 -0.5782 0.4683
vn -0.5602 -0.5782 0.5932
vn -0.4293 -0.5782 0.6938
vn -0.2809 -0.5782 0.766
vn -0.1209 -0.5782 0.8069
vn 0.044 -0.5782 0.8147
vn 0.2071 -0.5782 0.7892
vn 0.3617 -0.5782 0.7313
vn 0.5015 -0.5782 0.6436
vn 0.6208 -0.5782 0.5295
vn 0.7146 -0.5782 0.3937
vn 0.7792 -0.5782 0.2417
vn -0.7997 -0.5782 -0.1618
vn -0.7507 -0.5782 -0.3194
vn -0.6711 -0.5782 -0.464
vn -0.564 -0.5782 -0.5896
vn -0.4337 -0.5782 -0.691
vn -0.2857 -0.5782 -0.7642
vn -0.1261 -0.5782 -0.8061
vn 0.0388 -0.5782 -0.815
vn 0.202 -0.5782 -0.7905
vn 0.357 -0.5782 -0.7337
vn 0.4974 -0.5782 -0.6468
vn 0.6174 -0.5782 -0.5334
vn 0.7121 -0.5782 -0.3982
vn 0.7777 -0.5782 -0.2468
vn -0.9969 -0.0781 0.0032
vn -0.9759 -0.078 0.2039
vn -0.9148 -0.0779 0.3962
vn -0.8164 -0.078 0.5722
vn -0.6845 -0.078 0.7248
vn -0.5246 -0.078 0.8478
vn -0.3432 -0.0779 0.936
vn -0.1478 -0.0779 0.9859
vn 0.0538 -0.0779 0.9955
vn 0.253 -0.078 0.9643
vn 0.442 -0.078 0.8936
vn 0.6128 -0.078 0.7864
vn 0.7585 -0.078 0.647
vn 0.8732 -0.078 0.481
vn 0.9522 -0.078 0.2955
vn -0.9772 -0.078 -0.1976
vn -0.9174 -0.078 -0.3903
vn -0.8201 -0.078 -0.5669
vn -0.6891 -0.078 -0.7204
vn -0.53 -0.078 -0.8444
vn -0.3492 -0.078 -0.9338
vn -0.1541 -0.078 -0.985
vn 0.0474 -0.078 -0.9958
vn 0.2468 -0.078 -0.9659
vn 0.4362 -0.078 -0.8965
vn 0.6078 -0.078 -0.7903
vn 0.7544 -0.0781 -0.6518
vn 0.8702 -0.078 -0.4865
vn 0.9503 -0.078 -0.3015
vn 0.0 -1.0 -0.0
vn -0.0 -1.0 -0.0
vn 0.7376 -0.6708 -0.0774
vn 0.7381 -0.6708 0.0726
vn 0.8152 0.5728 -0.0855
vn 0.8157 0.5729 0.0803
vn 0.8135 0.576 0.0801
vn 0.813 0.576 -0.0853
vn 0.9078 0.4097 0.0894
vn 0.9072 0.4097 -0.0952
vn 0.9196 0.3822 0.0905
vn 0.919 0.3822 -0.0964
vn 0.801 0.5934 0.0788
vn 0.8005 0.5934 -0.084
vn 0.5058 0.861 -0.0531
vn 0.5062 0.861 0.0498
vn -0.0 -1.0 -0.0
vn -0.0 -1.0 -0.0
vn -0.726 -0.6708 0.1517
vn -0.7417 -0.6708 0.0024
vn -0.0 -1.0 -0.0
vn -0.6806 -0.6708 0.2947
vn -0.0 -1.0 -0.0
vn -0.6073 -0.6708 0.4257
vn -0.0 -1.0 -0.0
vn -0.5092 -0.6708 0.5392
vn 0.0 -1.0 0.0
vn -0.3902 -0.6708 0.6307
vn 0.0 -1.0 0.0
vn -0.2553 -0.6708 0.6963
vn 0.0 -1.0 -0.0
vn -0.1099 -0.6708 0.7335
vn 0.0 -1.0 -0.0
vn 0.04 -0.6708 0.7406
vn 0.0 -1.0 -0.0
vn 0.1882 -0.6708 0.7174
vn 0.0 -1.0 0.0
vn 0.3288 -0.6708 0.6648
vn -0.0 -1.0 -0.0
vn 0.4559 -0.6708 0.585
vn -0.0 -1.0 -0.0
vn 0.5643 -0.6708 0.4813
vn 0.0 -1.0 -0.0
vn 0.6496 -0.6708 0.3578
vn 0.0 -1.0 -0.0
vn 0.7084 -0.6708 0.2198
vn -0.727 -0.6708 -0.147
vn 0.0 -1.0 -0.0
vn -0.6825 -0.6708 -0.2903
vn 0.0 -1.0 -0.0
vn -0.6101 -0.6708 -0.4218
vn 0.0 -1.0 -0.0
vn -0.5127 -0.6708 -0.5359
vn 0.0 -1.0 -0.0
vn -0.3943 -0.6708 -0.6282
vn 0.0 -1.0 -0.0
vn -0.2598 -0.6708 -0.6947
vn 0.0 -1.0 -0.0
vn -0.1146 -0.6708 -0.7328
vn 0.0 -1.0 0.0
vn 0.0352 -0.6708 -0.7408
vn 0.0 -1.0 -0.0
vn 0.1836 -0.6708 -0.7186
vn -0.0 -1.0 -0.0
vn 0.3245 -0.6708 -0.6669
vn 0.0 -1.0 -0.0
vn 0.4521 -0.6708 -0.5879
vn -0.0 -1.0 -0.0
vn 0.5612 -0.6708 -0.4849
vn -0.0 -1.0 -0.0
vn 0.6473 -0.6708 -0.362
vn 0.0 -1.0 -0.0
vn 0.7069 -0.6708 -0.2243
vn -0.0 -1.0 -0.0
vn -0.8023 0.5728 0.1676
vn -0.8197 0.5729 0.0026
vn -0.7522 0.5728 0.3257
vn -0.6712 0.5728 0.4705
vn -0.5628 0.5729 0.5959
vn -0.4313 0.5728 0.697
vn -0.2822 0.5728 0.7696
vn -0.1215 0.5728 0.8106
vn 0.0442 0.5728 0.8185
vn 0.208 0.5728 0.7928
vn 0.3634 0.5729 0.7347
vn 0.5038 0.5728 0.6465
vn 0.6236 0.5729 0.5319
vn 0.718 0.5728 0.3955
vn 0.7829 0.5729 0.2428
vn -0.8034 0.5729 -0.1625
vn -0.7542 0.5728 -0.3209
vn -0.6742 0.5729 -0.4661
vn -0.5666 0.5729 -0.5923
vn -0.4358 0.5729 -0.6942
vn -0.2871 0.5729 -0.7677
vn -0.1267 0.5728 -0.8098
vn 0.0389 0.5728 -0.8187
vn 0.2029 0.5729 -0.7941
vn 0.3586 0.5728 -0.7371
vn 0.4997 0.5728 -0.6498
vn 0.6202 0.5728 -0.5359
vn 0.7154 0.5729 -0.4001
vn 0.7813 0.5728 -0.2479
vn -0.8174 0.5761 0.0026
vn -0.8002 0.576 0.1672
vn -0.7501 0.576 0.3248
vn -0.6693 0.5761 0.4691
vn -0.5612 0.576 0.5943
vn -0.4301 0.5761 0.6951
vn -0.2814 0.5761 0.7674
vn -0.1211 0.5761 0.8084
vn 0.044 0.576 0.8162
vn 0.2075 0.576 0.7907
vn 0.3624 0.576 0.7327
vn 0.5024 0.576 0.6448
vn 0.6219 0.576 0.5304
vn 0.716 0.576 0.3944
vn 0.7807 0.576 0.2423
vn -0.8012 0.576 -0.162
vn -0.7522 0.576 -0.32
vn -0.6723 0.5761 -0.4649
vn -0.565 0.576 -0.5907
vn -0.4345 0.576 -0.6924
vn -0.2863 0.576 -0.7656
vn -0.1263 0.576 -0.8076
vn 0.0388 0.576 -0.8165
vn 0.2024 0.5761 -0.792
vn 0.3577 0.576 -0.735
vn 0.4983 0.576 -0.648
vn 0.6186 0.576 -0.5344
vn 0.7135 0.576 -0.399
vn 0.7792 0.576 -0.2472
vn -0.9122 0.4097 0.003
vn -0.8929 0.4097 0.1866
vn -0.8371 0.4097 0.3625
vn -0.747 0.4098 0.5236
vn -0.6263 0.4097 0.6632
vn -0.48 0.4097 0.7757
vn -0.314 0.4097 0.8565
vn -0.1352 0.4097 0.9021
vn 0.0492 0.4097 0.9109
vn 0.2315 0.4097 0.8824
vn 0.4044 0.4097 0.8177
vn 0.5607 0.4097 0.7196
vn 0.6941 0.4097 0.5919
vn 0.7991 0.4097 0.4401
vn 0.8713 0.4096 0.2703
vn -0.8941 0.4097 -0.1808
vn -0.8394 0.4097 -0.3571
vn -0.7504 0.4097 -0.5187
vn -0.6306 0.4097 -0.6592
vn -0.485 0.4097 -0.7726
vn -0.3196 0.4097 -0.8544
vn -0.141 0.4097 -0.9013
vn 0.0433 0.4097 -0.9112
vn 0.2258 0.4097 -0.8838
vn 0.3991 0.4097 -0.8203
vn 0.5561 0.4097 -0.7231
vn 0.6903 0.4097 -0.5964
vn 0.7962 0.4096 -0.4453
vn 0.8695 0.4097 -0.2759
vn -0.9241 0.3822 0.003
vn -0.9045 0.3822 0.189
vn -0.848 0.3822 0.3673
vn -0.7567 0.3822 0.5304
vn -0.6345 0.3822 0.6718
vn -0.4862 0.3822 0.7858
vn -0.3181 0.3822 0.8676
vn -0.1369 0.3822 0.9139
vn 0.0498 0.3822 0.9227
vn 0.2345 0.3822 0.8938
vn 0.4097 0.3822 0.8283
vn 0.568 0.3822 0.7289
vn 0.7031 0.3822 0.5996
vn 0.8094 0.3822 0.4459
vn 0.8826 0.3822 0.2738
vn -0.9057 0.3822 -0.1831
vn -0.8503 0.3822 -0.3618
vn -0.7601 0.3822 -0.5255
vn -0.6388 0.3822 -0.6677
vn -0.4913 0.3822 -0.7827
vn -0.3237 0.3822 -0.8655
vn -0.1428 0.3822 -0.913
vn 0.0439 0.3822 -0.923
vn 0.2288 0.3822 -0.8953
vn 0.4043 0.3822 -0.8309
vn 0.5633 0.3822 -0.7326
vn 0.6992 0.3822 -0.6042
vn 0.8065 0.3822 -0.4511
vn 0.8808 0.3822 -0.2794
vn -0.8049 0.5934 0.0026
vn -0.7879 0.5934 0.1646
vn -0.7386 0.5935 0.3198
vn -0.6591 0.5935 0.462
vn -0.5526 0.5934 0.5852
vn -0.4235 0.5934 0.6844
vn -0.277 0.5934 0.7557
vn -0.1193 0.5934 0.796
vn 0.0434 0.5934 0.8037
vn 0.2043 0.5934 0.7785
vn 0.3568 0.5934 0.7215
vn 0.4947 0.5935 0.6349
vn 0.6124 0.5935 0.5223
vn 0.705 0.5934 0.3883
vn 0.7687 0.5934 0.2385
vn -0.7889 0.5934 -0.1595
vn -0.7406 0.5934 -0.3151
vn -0.662 0.5934 -0.4577
vn -0.5564 0.5934 -0.5816
vn -0.4279 0.5934 -0.6817
vn -0.2819 0.5934 -0.7539
vn -0.1244 0.5934 -0.7952
vn 0.0382 0.5934 -0.804
vn 0.1992 0.5935 -0.7798
vn 0.3522 0.5935 -0.7237
vn 0.4906 0.5934 -0.6381
vn 0.609 0.5934 -0.5262
vn 0.7025 0.5934 -0.3929
vn 0.7672 0.5934 -0.2434
vn -0.4979 0.861 0.104
vn -0.5086 0.861 0.0016
vn -0.4667 0.861 0.2021
vn -0.4165 0.861 0.2919
vn -0.3492 0.861 0.3698
vn -0.2676 0.861 0.4325
vn -0.1751 0.861 0.4775
vn -0.0754 0.861 0.503
vn 0.0274 0.861 0.5079
vn 0.1291 0.861 0.4919
vn 0.2255 0.861 0.4559
vn 0.3126 0.861 0.4012
vn 0.387 0.861 0.33
vn 0.4455 0.861 0.2454
vn 0.4858 0.861 0.1507
vn -0.4985 0.861 -0.1008
vn -0.468 0.861 -0.1991
vn -0.4184 0.861 -0.2892
vn -0.3516 0.861 -0.3675
vn -0.2704 0.861 -0.4308
vn -0.1782 0.861 -0.4764
vn -0.0786 0.861 -0.5025
vn 0.0241 0.861 -0.508
vn 0.1259 0.861 -0.4928
vn 0.2225 0.861 -0.4573
vn 0.31 0.861 -0.4032
vn 0.3848 0.861 -0.3325
vn 0.4439 0.861 -0.2482
vn 0.4848 0.861 -0.1538
vn -0.5773 0.5774 0.5773
vn 0.5773 0.5773 0.5774
vn 0.5773 0.5774 -0.5773
vn -0.5773 0.5773 -0.5774
vn 0.5773 -0.5774 -0.5773
vn 0.5774 -0.5773 0.5773
vn -0.5773 -0.5774 0.5773
vn -0.5774 -0.5773 -0.5773
vtan 0.098 0.0 -0.9952 1.0
vtan 0.098 0.0 -0.9952 1.0
vtan -0.1044 0.0 -0.9945 1.0
vtan -0.1044 0.0 -0.9945 1.0
vtan 0.098 -0.0 -0.9952 1.0
vtan 0.098 -0.0 -0.9952 1.0
vtan -0.1044 0.0 -0.9945 1.0
vtan -0.1044 0.0 -0.9945 1.0
vtan 0.098 0.0 -0.9952 1.0
vtan 0.098 0.0 -0.9952 1.0
vtan -0.1044 0.0 -0.9945 1.0
vtan -0.1044 -0.0 -0.9945 1.0
vtan 0.098 -0.0 -0.9952 1.0
vtan -0.1044 0.0 -0.9945 1.0
vtan 0.0979 0.0 -0.9952 1.0
vtan -0.1044 -0.0 -0.9945 1.0
vtan 0.098 0.0 -0.9952 1.0
vtan 0.098 -0.0 -0.9952 1.0
vtan -0.1044 0.0 -0.9945 1.0
vtan -0.1044 0.0 -0.9945 1.0
vtan 0.098 0.0 -0.9952 1.0
vtan -0.1044 0.0 -0.9945 1.0
vtan 0.098 0.0 -0.9952 1.0
vtan -0.1044 0.0 -0.9945 1.0
vtan 0.098 0.0 -0.9952 1.0
vtan -0.1044 -0.0 -0.9945 1.0
vtan 0.098 0.0 -0.9952 1.0
vtan -0.1044 -0.0 -0.9945 1.0
vtan 0.098 0.0 -0.9952 1.0
vtan -0.1044 0.0 -0.9945 1.0
vtan 0.098 0.0 -0.9952 1.0
vtan -0.1044 -0.0 -0.9945 1.0
vtan 0.098 0.0 -0.9952 1.0
vtan -0.1044 0.0 -0.9945 1.0
vtan 0.098 0.0 -0.9952 1.0
vtan -0.1044 0.0 -0.9945 1.0
vtan 0.098 0.0 -0.9952 1.0
vtan -0.1044 0.0 -0.9945 1.0
vtan 0.098 0.0 -0.9952 1.0
vtan -0.1044 0.0 -0.9945 1.0
vtan 0.0979 0.0 -0.9952 1.0
vtan -0.1043 0.0 -0.9945 1.0
vtan 0.098 0.0 -0.9952 1.0
vtan -0.1044 0.0 -0.9945 1.0
vtan 0.098 -0.0 -0.9952 1.0
vtan 0.098 0.0 -0.9952 1.0
vtan -0.1044 -0.0 -0.9945 1.0
vtan -0.1044 0.0 -0.9945 1.0
vtan 0.098 0.0 -0.9952 1.0
vtan -0.1044 -0.0 -0.9945 1.0
vtan 0.098 -0.0 -0.9952 1.0
vtan -0.1043 -0.0 -0.9945 1.0
vtan 0.098 0.0 -0.9952 1.0
vtan -0.1043 -0.0 -0.9945 1.0
vtan 0.098 -0.0 -0.9952 1.0
vtan -0.1044 -0.0 -0.9945 1.0
vtan 0.0427 -0.0495 0.9979 1.0
vtan 0.039 -0.0485 0.9981 1.0
vtan 0.2045 -0.0 0.9789 1.0
vtan 0.2045 -0.0 0.9789 1.0
vtan 0.3974 0.0 0.9177 1.0
vtan 0.3974 0.0 0.9177 1.0
vtan 0.574 0.0 0.8189 1.0
vtan 0.574 0.0 0.8189 1.0
vtan 0.727 -0.0 0.6866 1.0
vtan 0.7271 -0.0 0.6866 1.0
vtan 0.8504 0.0 0.5262 1.0
vtan 0.8504 0.0 0.5262 1.0
vtan 0.9389 -0.0 0.3442 1.0
vtan 0.9389 0.0 0.3442 1.0
vtan 0.989 0.0 0.1482 1.0
vtan 0.989 0.0 0.1482 1.0
vtan 0.9985 0.0 -0.0539 1.0
vtan 0.9985 0.0 -0.0539 1.0
vtan 0.9673 -0.0 -0.2538 1.0
vtan 0.9673 -0.0 -0.2538 1.0
vtan 0.8964 0.0 -0.4433 1.0
vtan 0.8964 -0.0 -0.4433 1.0
vtan 0.7888 0.0 -0.6147 1.0
vtan 0.7888 0.0 -0.6147 1.0
vtan 0.6489 -0.0 -0.7609 1.0
vtan 0.6489 0.0 -0.7609 1.0
vtan 0.4825 -0.0 -0.8759 1.0
vtan 0.4825 0.0 -0.8759 1.0
vtan 0.2963 -0.0 -0.9551 1.0
vtan 0.2963 -0.0 -0.9551 1.0
vtan -0.0216 0.0336 0.9992 1.0
vtan -0.0256 0.0362 0.999 1.0
vtan -0.1927 -0.007 0.9812 1.0
vtan -0.1926 -0.0078 0.9812 1.0
vtan -0.3915 -0.0 0.9202 1.0
vtan -0.3915 0.0 0.9202 1.0
vtan -0.5687 -0.0 0.8226 1.0
vtan -0.5687 0.0 0.8226 1.0
vtan -0.7226 0.0 0.6912 1.0
vtan -0.7226 -0.0 0.6913 1.0
vtan -0.847 -0.0 0.5316 1.0
vtan -0.847 0.0 0.5317 1.0
vtan -0.9366 0.0 0.3503 1.0
vtan -0.9366 -0.0 0.3503 1.0
vtan -0.988 0.0 0.1546 1.0
vtan -0.988 -0.0 0.1546 1.0
vtan -0.9989 -0.0 -0.0475 1.0
vtan -0.9989 0.0 -0.0475 1.0
vtan -0.9689 0.0 -0.2476 1.0
vtan -0.9689 -0.0 -0.2476 1.0
vtan -0.8992 -0.0 -0.4375 1.0
vtan -0.8992 -0.0 -0.4375 1.0
vtan -0.7927 0.0 -0.6096 1.0
vtan -0.7927 -0.0 -0.6096 1.0
vtan -0.6538 -0.0 -0.7567 1.0
vtan -0.6538 -0.0 -0.7567 1.0
vtan -0.4881 0.0 -0.8728 1.0
vtan -0.4881 0.0 -0.8728 1.0
vtan -0.3024 -0.0 -0.9532 1.0
vtan -0.3024 -0.0 -0.9532 1.0
vtan 0.0646 -0.0496 0.9967 1.0
vtan 0.0774 -0.0449 0.996 1.0
vtan 0.2045 -0.0 0.9789 1.0
vtan 0.2045 0.0 0.9789 1.0
vtan 0.3974 0.0 0.9176 1.0
vtan 0.3974 0.0 0.9176 1.0
vtan 0.574 0.0 0.8189 1.0
vtan 0.574 0.0 0.8189 1.0
vtan 0.7271 0.0 0.6866 1.0
vtan 0.7271 -0.0 0.6866 1.0
vtan 0.8504 -0.0 0.5262 1.0
vtan 0.8504 0.0 0.5262 1.0
vtan 0.9389 -0.0 0.3442 1.0
vtan 0.9389 0.0 0.3442 1.0
vtan 0.989 0.0 0.1482 1.0
vtan 0.989 0.0 0.1482 1.0
vtan 0.9985 0.0 -0.0539 1.0
vtan 0.9985 0.0 -0.0539 1.0
vtan 0.9673 -0.0 -0.2538 1.0
vtan 0.9673 0.0 -0.2538 1.0
vtan 0.8964 0.0 -0.4433 1.0
vtan 0.8964 0.0 -0.4433 1.0
vtan 0.7888 0.0 -0.6147 1.0
vtan 0.7888 0.0 -0.6147 1.0
vtan 0.6489 -0.0 -0.7609 1.0
vtan 0.6489 -0.0 -0.7609 1.0
vtan 0.4825 0.0 -0.8759 1.0
vtan 0.4825 0.0 -0.8759 1.0
vtan 0.2963 0.0 -0.9551 1.0
vtan 0.2963 0.0 -0.9551 1.0
vtan -0.0595 0.0379 0.9975 1.0
vtan -0.0522 0.0447 0.9976 1.0
vtan -0.1946 -0.0029 0.9809 1.0
vtan -0.192 -0.0038 0.9814 1.0
vtan -0.3915 0.0 0.9202 1.0
vtan -0.3915 -0.0 0.9202 1.0
vtan -0.5687 -0.0 0.8226 1.0
vtan -0.5687 0.0 0.8226 1.0
vtan -0.7226 0.0 0.6913 1.0
vtan -0.7226 0.0 0.6913 1.0
vtan -0.847 0.0 0.5316 1.0
vtan -0.847 0.0 0.5316 1.0
vtan -0.9366 0.0 0.3503 1.0
vtan -0.9366 0.0 0.3503 1.0
vtan -0.988 0.0 0.1546 1.0
vtan -0.988 -0.0 0.1546 1.0
vtan -0.9989 0.0 -0.0475 1.0
vtan -0.9989 0.0 -0.0475 1.0
vtan -0.9689 0.0 -0.2476 1.0
vtan -0.9689 0.0 -0.2476 1.0
vtan -0.8992 -0.0 -0.4375 1.0
vtan -0.8992 -0.0 -0.4375 1.0
vtan -0.7927 0.0 -0.6096 1.0
vtan -0.7927 0.0 -0.6096 1.0
vtan -0.6538 0.0 -0.7567 1.0
vtan -0.6538 -0.0 -0.7567 1.0
vtan -0.4881 0.0 -0.8728 1.0
vtan -0.4881 0.0 -0.8728 1.0
vtan -0.3024 0.0 -0.9532 1.0
vtan -0.3024 0.0 -0.9532 1.0
vtan 0.0288 0.0441 0.9986 1.0
vtan 0.0034 -0.0042 1.0 1.0
vtan 0.2045 0.0 0.9789 1.0
vtan 0.2045 0.0 0.9789 1.0
vtan 0.3974 -0.0 0.9176 1.0
vtan 0.3974 0.0 0.9176 1.0
vtan 0.574 0.0 0.8189 1.0
vtan 0.574 0.0 0.8189 1.0
vtan 0.7271 -0.0 0.6866 1.0
vtan 0.7271 0.0 0.6866 1.0
vtan 0.8504 -0.0 0.5262 1.0
vtan 0.8504 -0.0 0.5262 1.0
vtan 0.9389 -0.0 0.3442 1.0
vtan 0.9389 0.0 0.3442 1.0
vtan 0.989 -0.0 0.1482 1.0
vtan 0.989 -0.0 0.1482 1.0
vtan 0.9985 0.0 -0.0539 1.0
vtan 0.9985 -0.0 -0.0539 1.0
vtan 0.9673 0.0 -0.2538 1.0
vtan 0.9673 0.0 -0.2538 1.0
vtan 0.8964 0.0 -0.4433 1.0
vtan 0.8964 0.0 -0.4433 1.0
vtan 0.7888 -0.0 -0.6147 1.0
vtan 0.7888 -0.0 -0.6147 1.0
vtan 0.6489 0.0 -0.7609 1.0
vtan 0.6489 0.0 -0.7609 1.0
vtan 0.4825 0.0 -0.8759 1.0
vtan 0.4825 -0.0 -0.8759 1.0
vtan 0.2963 -0.0 -0.9551 1.0
vtan 0.2963 0.0 -0.9551 1.0
vtan 0.0034 -0.0042 1.0 1.0
vtan -0.0276 -0.0532 0.9982 1.0
vtan -0.2005 -0.004 0.9797 1.0
vtan -0.198 -0.0043 0.9802 1.0
vtan -0.3914 0.0 0.9202 1.0
vtan -0.3915 -0.0 0.9202 1.0
vtan -0.5687 0.0 0.8226 1.0
vtan -0.5687 0.0 0.8226 1.0
vtan -0.7226 0.0 0.6913 1.0
vtan -0.7226 -0.0 0.6913 1.0
vtan -0.847 -0.0 0.5317 1.0
vtan -0.847 -0.0 0.5317 1.0
vtan -0.9366 -0.0 0.3503 1.0
vtan -0.9366 -0.0 0.3503 1.0
vtan -0.988 -0.0 0.1546 1.0
vtan -0.988 -0.0 0.1546 1.0
vtan -0.9989 -0.0 -0.0475 1.0
vtan -0.9989 -0.0 -0.0475 1.0
vtan -0.9689 0.0 -0.2476 1.0
vtan -0.9689 0.0 -0.2476 1.0
vtan -0.8992 0.0 -0.4375 1.0
vtan -0.8992 0.0 -0.4375 1.0
vtan -0.7927 0.0 -0.6096 1.0
vtan -0.7927 0.0 -0.6096 1.0
vtan -0.6538 0.0 -0.7567 1.0
vtan -0.6538 -0.0 -0.7567 1.0
vtan -0.4881 0.0 -0.8728 1.0
vtan -0.4881 0.0 -0.8728 1.0
vtan -0.3024 0.0 -0.9532 1.0
vtan -0.3024 -0.0 -0.9532 1.0
vtan 0.0824 0.0419 0.9957 1.0
vtan 0.2045 -0.0 0.9789 1.0
vtan 0.3974 -0.0 0.9176 1.0
vtan 0.574 -0.0 0.8189 1.0
vtan 0.727 0.0 0.6866 1.0
vtan 0.8504 -0.0 0.5262 1.0
vtan 0.9389 -0.0 0.3442 1.0
vtan 0.989 -0.0 0.1482 1.0
vtan 0.9985 0.0 -0.0539 1.0
vtan 0.9673 -0.0 -0.2538 1.0
vtan 0.8964 0.0 -0.4433 1.0
vtan 0.7888 0.0 -0.6147 1.0
vtan 0.6489 -0.0 -0.7609 1.0
vtan 0.4825 -0.0 -0.8759 1.0
vtan 0.2963 -0.0 -0.9551 1.0
vtan -0.0865 -0.0474 0.9951 1.0
vtan -0.203 -0.0026 0.9792 1.0
vtan -0.3914 -0.0 0.9202 1.0
vtan -0.5687 0.0 0.8226 1.0
vtan -0.7226 -0.0 0.6912 1.0
vtan -0.847 0.0 0.5317 1.0
vtan -0.9366 -0.0 0.3503 1.0
vtan -0.988 -0.0 0.1546 1.0
vtan -0.9989 -0.0 -0.0475 1.0
vtan -0.9689 0.0 -0.2476 1.0
vtan -0.8992 -0.0 -0.4375 1.0
vtan -0.7927 -0.0 -0.6096 1.0
vtan -0.6538 -0.0 -0.7567 1.0
vtan -0.4881 -0.0 -0.8728 1.0
vtan -0.3024 -0.0 -0.9532 1.0
vtan -0.8267 0.3436 0.4456 1.0
vtan -0.8307 0.3559 0.4281 1.0
vtan -0.8488 0.3516 0.3949 1.0
vtan -0.881 0.2965 0.3686 1.0
vtan -0.8668 0.3307 0.3732 1.0
vtan -0.8945 0.2503 0.3705 1.0
vtan -0.9048 0.1942 0.379 1.0
vtan -0.9069 -0.1643 0.388 1.0
vtan -0.9084 0.1324 0.3966 1.0
vtan -0.906 -0.1015 0.4109 1.0
vtan -0.9011 -0.0341 0.4323 1.0
vtan -0.8751 0.1003 0.4734 1.0
vtan -0.8901 0.0337 0.4544 1.0
vtan -0.8613 0.1662 0.4801 1.0
vtan -0.8446 0.2239 0.4863 1.0
vtan -0.8293 0.2733 0.4875 1.0
vtan -0.8294 0.3171 0.4599 1.0
vtan -0.8272 -0.2964 0.4774 1.0
vtan -0.8228 -0.3308 0.4622 1.0
vtan -0.8296 -0.3518 0.4336 1.0
vtan -0.8508 -0.1945 0.4881 1.0
vtan -0.8352 -0.3562 0.419 1.0
vtan -0.8549 -0.3438 0.3884 1.0
vtan -0.8886 -0.2745 0.3675 1.0
vtan -0.8846 -0.3109 0.3476 1.0
vtan -0.9019 -0.2222 0.3705 1.0
vtan -0.9068 -0.1644 0.3882 1.0
vtan -0.9047 0.0676 0.4206 1.0
vtan -0.9072 0.1334 0.399 1.0
vtan -0.8964 0.0 0.4433 1.0
vtan -0.883 -0.0673 0.4645 1.0
vtan -0.8697 -0.1349 0.4747 1.0
vtan -0.8373 -0.2502 0.4861 1.0
vtan 0.1044 0.0013 0.9945 1.0
vtan 0.2045 -0.0 0.9789 1.0
vtan 0.3974 -0.0 0.9177 1.0
vtan 0.574 0.0 0.8189 1.0
vtan 0.7271 0.0 0.6866 1.0
vtan 0.8504 -0.0 0.5262 1.0
vtan 0.9389 -0.0 0.3442 1.0
vtan 0.989 0.0 0.1482 1.0
vtan 0.9985 -0.0 -0.0539 1.0
vtan 0.9673 -0.0 -0.2538 1.0
vtan 0.8964 -0.0 -0.4433 1.0
vtan 0.7888 -0.0 -0.6147 1.0
vtan 0.6489 -0.0 -0.7609 1.0
vtan 0.4825 0.0 -0.8759 1.0
vtan 0.2963 0.0 -0.9551 1.0
vtan -0.1121 -0.0015 0.9937 1.0
vtan -0.2045 -0.0001 0.9789 1.0
vtan -0.3915 -0.0 0.9202 1.0
vtan -0.5687 -0.0 0.8226 1.0
vtan -0.7226 0.0 0.6913 1.0
vtan -0.847 -0.0 0.5316 1.0
vtan -0.9366 -0.0 0.3503 1.0
vtan -0.988 -0.0 0.1546 1.0
vtan -0.9989 0.0 -0.0475 1.0
vtan -0.9689 -0.0 -0.2476 1.0
vtan -0.8992 0.0 -0.4375 1.0
vtan -0.7927 -0.0 -0.6096 1.0
vtan -0.6538 -0.0 -0.7567 1.0
vtan -0.4881 -0.0 -0.8728 1.0
vtan -0.3024 0.0 -0.9532 1.0
vtan 0.0209 -0.0385 0.999 1.0
vtan 0.0457 -0.0501 0.9977 1.0
vtan 0.2045 -0.0 0.9789 1.0
vtan 0.2045 -0.0 0.9789 1.0
vtan 0.3974 0.0 0.9177 1.0
vtan 0.3974 -0.0 0.9177 1.0
vtan 0.574 0.0 0.8189 1.0
vtan 0.574 0.0 0.8189 1.0
vtan 0.7271 0.0 0.6866 1.0
vtan 0.7271 0.0 0.6866 1.0
vtan 0.8504 0.0 0.5262 1.0
vtan 0.8504 0.0 0.5262 1.0
vtan 0.9389 0.0 0.3442 1.0
vtan 0.9389 -0.0 0.3442 1.0
vtan 0.989 0.0 0.1482 1.0
vtan 0.989 -0.0 0.1482 1.0
vtan 0.9985 -0.0 -0.0539 1.0
vtan 0.9985 0.0 -0.0539 1.0
vtan 0.9673 -0.0 -0.2538 1.0
vtan 0.9673 0.0 -0.2538 1.0
vtan 0.8964 -0.0 -0.4433 1.0
vtan 0.8964 -0.0 -0.4433 1.0
vtan 0.7888 0.0 -0.6147 1.0
vtan 0.7888 -0.0 -0.6147 1.0
vtan 0.6489 0.0 -0.7609 1.0
vtan 0.6489 -0.0 -0.7609 1.0
vtan 0.4825 -0.0 -0.8759 1.0
vtan 0.4825 0.0 -0.8759 1.0
vtan 0.2963 -0.0 -0.9551 1.0
vtan 0.2963 0.0 -0.9551 1.0
vtan -0.0477 0.0601 0.9971 1.0
vtan -0.0202 0.0511 0.9985 1.0
vtan -0.2013 0.007 0.9795 1.0
vtan -0.2021 0.0047 0.9793 1.0
vtan -0.3915 -0.0 0.9202 1.0
vtan -0.3915 -0.0 0.9202 1.0
vtan -0.5687 -0.0 0.8226 1.0
vtan -0.5687 0.0 0.8226 1.0
vtan -0.7226 -0.0 0.6913 1.0
vtan -0.7226 -0.0 0.6913 1.0
vtan -0.847 0.0 0.5317 1.0
vtan -0.847 -0.0 0.5317 1.0
vtan -0.9366 0.0 0.3503 1.0
vtan -0.9366 -0.0 0.3503 1.0
vtan -0.988 0.0 0.1546 1.0
vtan -0.988 -0.0 0.1546 1.0
vtan -0.9989 0.0 -0.0475 1.0
vtan -0.9989 -0.0 -0.0475 1.0
vtan -0.9689 0.0 -0.2476 1.0
vtan -0.9689 0.0 -0.2476 1.0
vtan -0.8992 -0.0 -0.4375 1.0
vtan -0.8992 -0.0 -0.4375 1.0
vtan -0.7927 -0.0 -0.6096 1.0
vtan -0.7927 0.0 -0.6096 1.0
vtan -0.6538 -0.0 -0.7567 1.0
vtan -0.6538 -0.0 -0.7567 1.0
vtan -0.4881 0.0 -0.8728 1.0
vtan -0.4881 -0.0 -0.8728 1.0
vtan -0.3024 -0.0 -0.9532 1.0
vtan -0.3024 0.0 -0.9532 1.0
vtan 0.0916 -0.0337 0.9952 1.0
vtan 0.2045 -0.0 0.9789 1.0
vtan 0.3974 0.0 0.9177 1.0
vtan 0.574 -0.0 0.8189 1.0
vtan 0.727 -0.0 0.6866 1.0
vtan 0.8504 0.0 0.5262 1.0
vtan 0.9389 -0.0 0.3442 1.0
vtan 0.989 -0.0 0.1482 1.0
vtan 0.9985 0.0 -0.0539 1.0
vtan 0.9673 0.0 -0.2538 1.0
vtan 0.8964 0.0 -0.4433 1.0
vtan 0.7888 -0.0 -0.6147 1.0
vtan 0.6489 0.0 -0.7609 1.0
vtan 0.4825 0.0 -0.8759 1.0
vtan 0.2963 0.0 -0.9551 1.0
vtan -0.0969 0.0382 0.9946 1.0
vtan -0.2053 0.0028 0.9787 1.0
vtan -0.3915 -0.0 0.9202 1.0
vtan -0.5687 -0.0 0.8226 1.0
vtan -0.7226 0.0 0.6912 1.0
vtan -0.847 -0.0 0.5316 1.0
vtan -0.9366 0.0 0.3503 1.0
vtan -0.988 -0.0 0.1546 1.0
vtan -0.9989 0.0 -0.0474 1.0
vtan -0.9689 0.0 -0.2475 1.0
vtan -0.8992 -0.0 -0.4375 1.0
vtan -0.7927 0.0 -0.6096 1.0
vtan -0.6538 -0.0 -0.7567 1.0
vtan -0.4881 0.0 -0.8728 1.0
vtan -0.3024 0.0 -0.9532 1.0
vtan 0.0036 0.0063 1.0 1.0
vtan 0.2045 -0.0 0.9789 1.0
vtan 0.3974 -0.0 0.9176 1.0
vtan 0.574 0.0 0.8189 1.0
vtan 0.727 0.0 0.6866 1.0
vtan 0.8504 0.0 0.5262 1.0
vtan 0.9389 0.0 0.3442 1.0
vtan 0.989 0.0 0.1482 1.0
vtan 0.9985 0.0 -0.0539 1.0
vtan 0.9673 0.0 -0.2538 1.0
vtan 0.8964 0.0 -0.4433 1.0
vtan 0.7888 -0.0 -0.6147 1.0
vtan 0.6489 -0.0 -0.7609 1.0
vtan 0.4825 0.0 -0.8759 1.0
vtan 0.2963 0.0 -0.9551 1.0
vtan 0.0017 -0.0246 0.9997 1.0
vtan -0.1987 -0.009 0.98 1.0
vtan -0.3915 -0.0 0.9202 1.0
vtan -0.5687 -0.0 0.8226 1.0
vtan -0.7226 0.0 0.6913 1.0
vtan -0.847 -0.0 0.5316 1.0
vtan -0.9367 0.0 0.3503 1.0
vtan -0.988 0.0 0.1546 1.0
vtan -0.9989 -0.0 -0.0475 1.0
vtan -0.9689 0.0 -0.2476 1.0
vtan -0.8992 -0.0 -0.4375 1.0
vtan -0.7927 0.0 -0.6096 1.0
vtan -0.6538 -0.0 -0.7567 1.0
vtan -0.4881 0.0 -0.8728 1.0
vtan -0.3024 -0.0 -0.9532 1.0
vtan 0.0686 0.0485 0.9965 1.0
vtan 0.2045 -0.0 0.9789 1.0
vtan 0.3974 0.0 0.9177 1.0
vtan 0.574 -0.0 0.8189 1.0
vtan 0.7271 -0.0 0.6866 1.0
vtan 0.8504 0.0 0.5262 1.0
vtan 0.9389 -0.0 0.3442 1.0
vtan 0.989 0.0 0.1482 1.0
vtan 0.9985 -0.0 -0.0539 1.0
vtan 0.9673 0.0 -0.2538 1.0
vtan 0.8964 0.0 -0.4433 1.0
vtan 0.7888 -0.0 -0.6147 1.0
vtan 0.6489 0.0 -0.7609 1.0
vtan 0.4825 -0.0 -0.8759 1.0
vtan 0.2963 0.0 -0.9551 1.0
vtan -0.0757 -0.0587 0.9954 1.0
vtan -0.2045 -0.0048 0.9789 1.0
vtan -0.3915 -0.0 0.9202 1.0
vtan -0.5687 -0.0 0.8226 1.0
vtan -0.7226 0.0 0.6912 1.0
vtan -0.847 0.0 0.5316 1.0
vtan -0.9366 -0.0 0.3503 1.0
vtan -0.988 -0.0 0.1546 1.0
vtan -0.9989 0.0 -0.0475 1.0
vtan -0.9689 0.0 -0.2476 1.0
vtan -0.8992 -0.0 -0.4375 1.0
vtan -0.7927 0.0 -0.6096 1.0
vtan -0.6538 0.0 -0.7567 1.0
vtan -0.4881 -0.0 -0.8728 1.0
vtan -0.3024 0.0 -0.9532 1.0
vtan 0.0397 0.0487 0.998 1.0
vtan 0.2045 0.0 0.9789 1.0
vtan 0.3974 0.0 0.9176 1.0
vtan 0.574 -0.0 0.8189 1.0
vtan 0.7271 -0.0 0.6866 1.0
vtan 0.8504 0.0 0.5262 1.0
vtan 0.9389 -0.0 0.3442 1.0
vtan 0.989 0.0 0.1482 1.0
vtan 0.9985 -0.0 -0.0539 1.0
vtan 0.9673 0.0 -0.2538 1.0
vtan 0.8964 0.0 -0.4433 1.0
vtan 0.7888 -0.0 -0.6147 1.0
vtan 0.6489 0.0 -0.7609 1.0
vtan 0.4825 0.0 -0.8759 1.0
vtan 0.2963 0.0 -0.9551 1.0
vtan -0.0411 -0.0593 0.9974 1.0
vtan -0.2019 -0.0051 0.9794 1.0
vtan -0.3915 0.0 0.9202 1.0
vtan -0.5687 -0.0 0.8226 1.0
vtan -0.7226 -0.0 0.6913 1.0
vtan -0.847 0.0 0.5317 1.0
vtan -0.9366 0.0 0.3503 1.0
vtan -0.988 0.0 0.1546 1.0
vtan -0.9989 0.0 -0.0475 1.0
vtan -0.9689 -0.0 -0.2476 1.0
vtan -0.8992 -0.0 -0.4375 1.0
vtan -0.7927 0.0 -0.6096 1.0
vtan -0.6538 -0.0 -0.7567 1.0
vtan -0.4881 0.0 -0.8728 1.0
vtan -0.3024 0.0 -0.9532 1.0
vtan 0.0281 0.0437 0.9986 1.0
vtan 0.2045 -0.0 0.9789 1.0
vtan 0.3974 0.0 0.9177 1.0
vtan 0.574 -0.0 0.8189 1.0
vtan 0.7271 0.0 0.6866 1.0
vtan 0.8504 0.0 0.5262 1.0
vtan 0.9389 0.0 0.3442 1.0
vtan 0.989 0.0 0.1482 1.0
vtan 0.9985 0.0 -0.0539 1.0
vtan 0.9673 -0.0 -0.2538 1.0
vtan 0.8964 0.0 -0.4433 1.0
vtan 0.7888 0.0 -0.6147 1.0
vtan 0.6489 0.0 -0.7609 1.0
vtan 0.4825 0.0 -0.8759 1.0
vtan 0.2963 -0.0 -0.9551 1.0
vtan -0.0287 -0.056 0.998 1.0
vtan -0.2015 -0.0059 0.9795 1.0
vtan -0.3914 0.0 0.9202 1.0
vtan -0.5687 -0.0 0.8226 1.0
vtan -0.7226 0.0 0.6913 1.0
vtan -0.847 0.0 0.5316 1.0
vtan -0.9366 0.0 0.3503 1.0
vtan -0.988 0.0 0.1546 1.0
vtan -0.9989 -0.0 -0.0475 1.0
vtan -0.9689 0.0 -0.2476 1.0
vtan -0.8992 -0.0 -0.4375 1.0
vtan -0.7927 0.0 -0.6096 1.0
vtan -0.6538 0.0 -0.7567 1.0
vtan -0.4881 -0.0 -0.8728 1.0
vtan -0.3024 0.0 -0.9532 1.0
vtan 0.0493 0.0505 0.9975 1.0
vtan 0.2045 -0.0 0.9789 1.0
vtan 0.3974 0.0 0.9177 1.0
vtan 0.574 -0.0 0.8189 1.0
vtan 0.7271 -0.0 0.6866 1.0
vtan 0.8504 -0.0 0.5262 1.0
vtan 0.9389 -0.0 0.3442 1.0
vtan 0.989 0.0 0.1482 1.0
vtan 0.9985 -0.0 -0.0539 1.0
vtan 0.9673 -0.0 -0.2538 1.0
vtan 0.8964 -0.0 -0.4433 1.0
vtan 0.7888 0.0 -0.6147 1.0
vtan 0.6489 -0.0 -0.7609 1.0
vtan 0.4825 0.0 -0.8759 1.0
vtan 0.2963 -0.0 -0.9551 1.0
vtan -0.0525 -0.0611 0.9968 1.0
vtan -0.2027 -0.005 0.9792 1.0
vtan -0.3915 0.0 0.9202 1.0
vtan -0.5687 -0.0 0.8226 1.0
vtan -0.7226 -0.0 0.6913 1.0
vtan -0.847 0.0 0.5316 1.0
vtan -0.9366 -0.0 0.3503 1.0
vtan -0.988 0.0 0.1546 1.0
vtan -0.9989 -0.0 -0.0475 1.0
vtan -0.9689 0.0 -0.2476 1.0
vtan -0.8992 -0.0 -0.4375 1.0
vtan -0.7927 -0.0 -0.6096 1.0
vtan -0.6538 -0.0 -0.7567 1.0
vtan -0.4881 -0.0 -0.8728 1.0
vtan -0.3024 0.0 -0.9532 1.0
vtan 0.0075 0.0205 0.9998 1.0
vtan 0.2045 -0.0 0.9789 1.0
vtan 0.3974 -0.0 0.9176 1.0
vtan 0.574 0.0 0.8189 1.0
vtan 0.7271 -0.0 0.6866 1.0
vtan 0.8504 0.0 0.5262 1.0
vtan 0.9389 0.0 0.3442 1.0
vtan 0.989 0.0 0.1482 1.0
vtan 0.9985 0.0 -0.0539 1.0
vtan 0.9673 0.0 -0.2538 1.0
vtan 0.8964 0.0 -0.4433 1.0
vtan 0.7888 0.0 -0.6147 1.0
vtan 0.6489 0.0 -0.7609 1.0
vtan 0.4825 -0.0 -0.8759 1.0
vtan 0.2963 0.0 -0.9551 1.0
vtan -0.0038 -0.0335 0.9994 1.0
vtan -0.1995 -0.0064 0.9799 1.0
vtan -0.3915 0.0 0.9202 1.0
vtan -0.5687 0.0 0.8226 1.0
vtan -0.7226 -0.0 0.6913 1.0
vtan -0.847 0.0 0.5316 1.0
vtan -0.9366 -0.0 0.3503 1.0
vtan -0.988 0.0 0.1546 1.0
vtan -0.9989 0.0 -0.0475 1.0
vtan -0.9689 0.0 -0.2476 1.0
vtan -0.8992 0.0 -0.4375 1.0
vtan -0.7927 0.0 -0.6096 1.0
vtan -0.6538 0.0 -0.7567 1.0
vtan -0.4881 0.0 -0.8728 1.0
vtan -0.3024 0.0 -0.9532 1.0
vtan 0.0137 -0.031 0.9994 1.0
vtan 0.2045 -0.0 0.9789 1.0
vtan 0.3974 0.0 0.9177 1.0
vtan 0.574 -0.0 0.8189 1.0
vtan 0.7271 0.0 0.6866 1.0
vtan 0.8504 -0.0 0.5262 1.0
vtan 0.9389 -0.0 0.3442 1.0
vtan 0.989 0.0 0.1482 1.0
vtan 0.9985 0.0 -0.0539 1.0
vtan 0.9673 0.0 -0.2538 1.0
vtan 0.8964 0.0 -0.4433 1.0
vtan 0.7888 0.0 -0.6147 1.0
vtan 0.6489 -0.0 -0.7609 1.0
vtan 0.4825 0.0 -0.8759 1.0
vtan 0.2963 0.0 -0.9551 1.0
vtan -0.003 0.0185 0.9998 1.0
vtan -0.1961 -0.0064 0.9806 1.0
vtan -0.3915 -0.0 0.9202 1.0
vtan -0.5687 -0.0 0.8226 1.0
vtan -0.7226 0.0 0.6913 1.0
vtan -0.847 -0.0 0.5316 1.0
vtan -0.9366 0.0 0.3503 1.0
vtan -0.988 -0.0 0.1546 1.0
vtan -0.9989 0.0 -0.0475 1.0
vtan -0.9689 -0.0 -0.2476 1.0
vtan -0.8992 -0.0 -0.4375 1.0
vtan -0.7927 0.0 -0.6096 1.0
vtan -0.6538 0.0 -0.7567 1.0
vtan -0.4881 -0.0 -0.8728 1.0
vtan -0.3024 0.0 -0.9532 1.0
vtan 0.0561 -0.0507 0.9971 1.0
vtan 0.2045 0.0 0.9789 1.0
vtan 0.3974 -0.0 0.9177 1.0
vtan 0.574 0.0 0.8189 1.0
vtan 0.7271 -0.0 0.6866 1.0
vtan 0.8504 -0.0 0.5262 1.0
vtan 0.9389 0.0 0.3442 1.0
vtan 0.989 0.0 0.1482 1.0
vtan 0.9985 -0.0 -0.0539 1.0
vtan 0.9673 -0.0 -0.2538 1.0
vtan 0.8964 -0.0 -0.4433 1.0
vtan 0.7888 0.0 -0.6147 1.0
vtan 0.6489 0.0 -0.7609 1.0
vtan 0.4825 -0.0 -0.8759 1.0
vtan 0.2963 0.0 -0.9551 1.0
vtan -0.0395 0.0409 0.9984 1.0
vtan -0.1928 -0.0053 0.9812 1.0
vtan -0.3915 -0.0 0.9202 1.0
vtan -0.5687 0.0 0.8226 1.0
vtan -0.7226 0.0 0.6912 1.0
vtan -0.847 0.0 0.5316 1.0
vtan -0.9366 0.0 0.3503 1.0
vtan -0.988 0.0 0.1546 1.0
vtan -0.9989 0.0 -0.0475 1.0
vtan -0.9689 0.0 -0.2476 1.0
vtan -0.8992 -0.0 -0.4375 1.0
vtan -0.7927 -0.0 -0.6096 1.0
vtan -0.6538 -0.0 -0.7567 1.0
vtan -0.4881 0.0 -0.8728 1.0
vtan -0.3024 -0.0 -0.9532 1.0
vtan 0.0877 -0.0377 0.9954 1.0
vtan 0.2045 -0.0 0.9789 1.0
vtan 0.3974 0.0 0.9177 1.0
vtan 0.5739 -0.0 0.8189 1.0
vtan 0.7271 0.0 0.6866 1.0
vtan 0.8504 -0.0 0.5262 1.0
vtan 0.9389 -0.0 0.3442 1.0
vtan 0.989 0.0 0.1482 1.0
vtan 0.9985 0.0 -0.0539 1.0
vtan 0.9673 0.0 -0.2538 1.0
vtan 0.8964 0.0 -0.4433 1.0
vtan 0.7888 0.0 -0.6147 1.0
vtan 0.6489 0.0 -0.7609 1.0
vtan 0.4825 0.0 -0.8759 1.0
vtan 0.2963 0.0 -0.9551 1.0
vtan -0.0628 0.0295 0.9976 1.0
vtan -0.1881 -0.0046 0.9821 1.0
vtan -0.3915 -0.0 0.9202 1.0
vtan -0.5687 -0.0 0.8226 1.0
vtan -0.7226 0.0 0.6912 1.0
vtan -0.847 -0.0 0.5316 1.0
vtan -0.9367 -0.0 0.3503 1.0
vtan -0.988 -0.0 0.1546 1.0
vtan -0.9989 -0.0 -0.0475 1.0
vtan -0.9689 -0.0 -0.2476 1.0
vtan -0.8992 -0.0 -0.4375 1.0
vtan -0.7927 0.0 -0.6096 1.0
vtan -0.6538 0.0 -0.7567 1.0
vtan -0.4881 -0.0 -0.8728 1.0
vtan -0.3024 0.0 -0.9532 1.0
vtan 0.022 -0.0394 0.999 1.0
vtan 0.2045 -0.0 0.9789 1.0
vtan 0.3974 0.0 0.9177 1.0
vtan 0.574 0.0 0.8189 1.0
vtan 0.7271 0.0 0.6866 1.0
vtan 0.8504 0.0 0.5262 1.0
vtan 0.9389 0.0 0.3442 1.0
vtan 0.989 -0.0 0.1482 1.0
vtan 0.9985 0.0 -0.054 1.0
vtan 0.9673 0.0 -0.2538 1.0
vtan 0.8964 -0.0 -0.4433 1.0
vtan 0.7888 0.0 -0.6147 1.0
vtan 0.6489 0.0 -0.7609 1.0
vtan 0.4825 0.0 -0.8759 1.0
vtan 0.2963 0.0 -0.9551 1.0
vtan -0.0036 0.0143 0.9999 1.0
vtan -0.1918 -0.0135 0.9813 1.0
vtan -0.3915 0.0 0.9202 1.0
vtan -0.5687 -0.0 0.8225 1.0
vtan -0.7226 0.0 0.6913 1.0
vtan -0.847 0.0 0.5316 1.0
vtan -0.9366 0.0 0.3503 1.0
vtan -0.988 0.0 0.1546 1.0
vtan -0.9989 0.0 -0.0474 1.0
vtan -0.9689 -0.0 -0.2476 1.0
vtan -0.8992 -0.0 -0.4375 1.0
vtan -0.7927 -0.0 -0.6096 1.0
vtan -0.6538 0.0 -0.7566 1.0
vtan -0.4881 0.0 -0.8728 1.0
vtan -0.3024 0.0 -0.9532 1.0
vtan 0.0053 0.0142 0.9999 1.0
vtan 0.2045 0.0 0.9789 1.0
vtan 0.3974 -0.0 0.9177 1.0
vtan 0.574 0.0 0.8189 1.0
vtan 0.727 0.0 0.6866 1.0
vtan 0.8504 -0.0 0.5262 1.0
vtan 0.9389 -0.0 0.3442 1.0
vtan 0.989 -0.0 0.1482 1.0
vtan 0.9985 0.0 -0.0539 1.0
vtan 0.9673 0.0 -0.2538 1.0
vtan 0.8964 0.0 -0.4433 1.0
vtan 0.7888 0.0 -0.6147 1.0
vtan 0.6489 0.0 -0.7609 1.0
vtan 0.4825 0.0 -0.8759 1.0
vtan 0.2963 -0.0 -0.9551 1.0
vtan -0.0044 -0.0536 0.9986 1.0
vtan -0.2009 -0.0195 0.9794 1.0
vtan -0.3915 -0.0 0.9202 1.0
vtan -0.5687 0.0 0.8226 1.0
vtan -0.7226 0.0 0.6913 1.0
vtan -0.847 -0.0 0.5316 1.0
vtan -0.9366 -0.0 0.3503 1.0
vtan -0.988 0.0 0.1546 1.0
vtan -0.9989 -0.0 -0.0475 1.0
vtan -0.9689 0.0 -0.2476 1.0
vtan -0.8992 -0.0 -0.4375 1.0
vtan -0.7927 0.0 -0.6096 1.0
vtan -0.6538 -0.0 -0.7567 1.0
vtan -0.4881 -0.0 -0.8728 1.0
vtan -0.3024 -0.0 -0.9532 1.0
vtan 0.0367 -0.0477 0.9982 1.0
vtan 0.0984 -0.0239 0.9949 1.0
vtan 0.2045 0.0 0.9789 1.0
vtan 0.2045 -0.0 0.9789 1.0
vtan 0.3974 0.0 0.9176 1.0
vtan 0.3974 -0.0 0.9177 1.0
vtan 0.574 -0.0 0.8189 1.0
vtan 0.574 0.0 0.8189 1.0
vtan 0.7271 -0.0 0.6866 1.0
vtan 0.7271 -0.0 0.6866 1.0
vtan 0.8504 0.0 0.5262 1.0
vtan 0.8504 0.0 0.5262 1.0
vtan 0.9389 0.0 0.3442 1.0
vtan 0.9389 -0.0 0.3442 1.0
vtan 0.989 -0.0 0.1482 1.0
vtan 0.989 0.0 0.1482 1.0
vtan 0.9985 0.0 -0.0539 1.0
vtan 0.9985 -0.0 -0.0539 1.0
vtan 0.9673 -0.0 -0.2538 1.0
vtan 0.9673 0.0 -0.2538 1.0
vtan 0.8964 0.0 -0.4433 1.0
vtan 0.8964 0.0 -0.4433 1.0
vtan 0.7888 -0.0 -0.6147 1.0
vtan 0.7888 0.0 -0.6147 1.0
vtan 0.649 -0.0 -0.7608 1.0
vtan 0.6489 0.0 -0.7609 1.0
vtan 0.4825 0.0 -0.8759 1.0
vtan 0.4824 -0.0 -0.8759 1.0
vtan 0.2962 -0.0 -0.9551 1.0
vtan 0.2963 -0.0 -0.9551 1.0
vtan -0.0428 0.0116 0.999 1.0
vtan -0.0091 0.0176 0.9998 1.0
vtan -0.1871 -0.016 0.9822 1.0
vtan -0.1721 -0.0067 0.9851 1.0
vtan -0.3915 -0.0 0.9202 1.0
vtan -0.3915 -0.0 0.9202 1.0
vtan -0.5687 -0.0 0.8226 1.0
vtan -0.5687 -0.0 0.8226 1.0
vtan -0.7226 -0.0 0.6913 1.0
vtan -0.7226 -0.0 0.6913 1.0
vtan -0.847 0.0 0.5317 1.0
vtan -0.847 -0.0 0.5316 1.0
vtan -0.9367 -0.0 0.3503 1.0
vtan -0.9366 -0.0 0.3503 1.0
vtan -0.988 -0.0 0.1546 1.0
vtan -0.988 0.0 0.1546 1.0
vtan -0.9989 -0.0 -0.0475 1.0
vtan -0.9989 -0.0 -0.0475 1.0
vtan -0.9689 -0.0 -0.2476 1.0
vtan -0.9689 -0.0 -0.2475 1.0
vtan -0.8992 -0.0 -0.4375 1.0
vtan -0.8992 0.0 -0.4375 1.0
vtan -0.7927 0.0 -0.6096 1.0
vtan -0.7927 -0.0 -0.6096 1.0
vtan -0.6538 -0.0 -0.7567 1.0
vtan -0.6538 -0.0 -0.7567 1.0
vtan -0.4881 0.0 -0.8728 1.0
vtan -0.4881 -0.0 -0.8728 1.0
vtan -0.3024 -0.0 -0.9532 1.0
vtan -0.3024 0.0 -0.9532 1.0
vtan 0.0291 -0.0443 0.9986 1.0
vtan 0.2045 0.0 0.9789 1.0
vtan 0.3974 0.0 0.9177 1.0
vtan 0.574 -0.0 0.8189 1.0
vtan 0.7271 0.0 0.6866 1.0
vtan 0.8504 0.0 0.5262 1.0
vtan 0.9389 0.0 0.3442 1.0
vtan 0.989 -0.0 0.1482 1.0
vtan 0.9985 -0.0 -0.0539 1.0
vtan 0.9673 -0.0 -0.2538 1.0
vtan 0.8964 -0.0 -0.4433 1.0
vtan 0.7888 0.0 -0.6147 1.0
vtan 0.6489 0.0 -0.7609 1.0
vtan 0.4825 0.0 -0.8759 1.0
vtan 0.2963 -0.0 -0.9551 1.0
vtan -0.0088 0.0206 0.9997 1.0
vtan -0.192 -0.0109 0.9813 1.0
vtan -0.3916 0.0 0.9201 1.0
vtan -0.5687 0.0 0.8226 1.0
vtan -0.7227 0.0 0.6912 1.0
vtan -0.847 0.0 0.5316 1.0
vtan -0.9367 -0.0 0.3502 1.0
vtan -0.988 0.0 0.1545 1.0
vtan -0.9989 0.0 -0.0475 1.0
vtan -0.9689 0.0 -0.2476 1.0
vtan -0.8992 0.0 -0.4376 1.0
vtan -0.7927 0.0 -0.6096 1.0
vtan -0.6538 0.0 -0.7567 1.0
vtan -0.488 0.0 -0.8728 1.0
vtan -0.3024 0.0 -0.9532 1.0
vtan 0.0043 0.0105 0.9999 1.0
vtan 0.2045 -0.0 0.9789 1.0
vtan 0.3974 -0.0 0.9177 1.0
vtan 0.574 -0.0 0.8189 1.0
vtan 0.7271 0.0 0.6866 1.0
vtan 0.8504 0.0 0.5262 1.0
vtan 0.9389 -0.0 0.3443 1.0
vtan 0.989 -0.0 0.1482 1.0
vtan 0.9985 -0.0 -0.0539 1.0
vtan 0.9673 -0.0 -0.2538 1.0
vtan 0.8964 -0.0 -0.4433 1.0
vtan 0.7888 -0.0 -0.6147 1.0
vtan 0.6489 -0.0 -0.7608 1.0
vtan 0.4825 -0.0 -0.8759 1.0
vtan 0.2963 -0.0 -0.9551 1.0
vtan -0.0019 -0.0489 0.9988 1.0
vtan -0.2002 -0.0192 0.9796 1.0
vtan -0.3915 -0.0 0.9202 1.0
vtan -0.5687 -0.0 0.8226 1.0
vtan -0.7226 -0.0 0.6912 1.0
vtan -0.847 0.0 0.5316 1.0
vtan -0.9367 -0.0 0.3502 1.0
vtan -0.988 -0.0 0.1545 1.0
vtan -0.9989 0.0 -0.0475 1.0
vtan -0.9689 -0.0 -0.2476 1.0
vtan -0.8992 -0.0 -0.4375 1.0
vtan -0.7927 -0.0 -0.6096 1.0
vtan -0.6538 -0.0 -0.7567 1.0
vtan -0.488 -0.0 -0.8728 1.0
vtan -0.3025 -0.0 -0.9532 1.0
vtan 0.0371 -0.0479 0.9982 1.0
vtan 0.2045 0.0 0.9789 1.0
vtan 0.3974 -0.0 0.9177 1.0
vtan 0.574 0.0 0.8189 1.0
vtan 0.7271 -0.0 0.6866 1.0
vtan 0.8504 0.0 0.5262 1.0
vtan 0.9389 -0.0 0.3443 1.0
vtan 0.989 -0.0 0.1482 1.0
vtan 0.9985 0.0 -0.0539 1.0
vtan 0.9673 -0.0 -0.2538 1.0
vtan 0.8964 -0.0 -0.4433 1.0
vtan 0.7888 -0.0 -0.6147 1.0
vtan 0.6489 0.0 -0.7608 1.0
vtan 0.4825 -0.0 -0.8759 1.0
vtan 0.2963 -0.0 -0.9551 1.0
vtan -0.0029 0.0085 1.0 1.0
vtan -0.1827 -0.0223 0.9829 1.0
vtan -0.3915 -0.0 0.9202 1.0
vtan -0.5687 -0.0 0.8225 1.0
vtan -0.7226 -0.0 0.6912 1.0
vtan -0.847 0.0 0.5316 1.0
vtan -0.9367 -0.0 0.3502 1.0
vtan -0.988 -0.0 0.1545 1.0
vtan -0.9989 -0.0 -0.0475 1.0
vtan -0.9689 0.0 -0.2476 1.0
vtan -0.8992 -0.0 -0.4375 1.0
vtan -0.7927 0.0 -0.6096 1.0
vtan -0.6538 -0.0 -0.7567 1.0
vtan -0.488 0.0 -0.8728 1.0
vtan -0.3024 0.0 -0.9532 1.0
vtan 0.0038 -0.008 1.0 1.0
vtan 0.2045 -0.0 0.9789 1.0
vtan 0.3974 -0.0 0.9176 1.0
vtan 0.5739 0.0 0.8189 1.0
vtan 0.7271 -0.0 0.6866 1.0
vtan 0.8504 0.0 0.5262 1.0
vtan 0.9389 -0.0 0.3443 1.0
vtan 0.989 -0.0 0.1482 1.0
vtan 0.9985 0.0001 -0.0539 1.0
vtan 0.9673 0.0 -0.2538 1.0
vtan 0.8964 0.0 -0.4433 1.0
vtan 0.7888 0.0 -0.6147 1.0
vtan 0.649 -0.0 -0.7608 1.0
vtan 0.4825 -0.0 -0.8759 1.0
vtan 0.2964 0.0 -0.9551 1.0
vtan 0.0053 -0.0275 0.9996 1.0
vtan -0.1967 -0.0196 0.9803 1.0
vtan -0.3915 -0.0 0.9202 1.0
vtan -0.5687 -0.0 0.8226 1.0
vtan -0.7226 0.0 0.6912 1.0
vtan -0.847 0.0 0.5316 1.0
vtan -0.9366 0.0 0.3503 1.0
vtan -0.988 -0.0 0.1546 1.0
vtan -0.9989 0.0 -0.0476 1.0
vtan -0.9689 0.0 -0.2476 1.0
vtan -0.8992 -0.0 -0.4375 1.0
vtan -0.7927 0.0 -0.6096 1.0
vtan -0.6538 -0.0 -0.7567 1.0
vtan -0.488 -0.0 -0.8728 1.0
vtan -0.3024 -0.0 -0.9532 1.0
vtan 0.0978 0.0 -0.9952 1.0
vtan -0.1045 0.0 -0.9945 1.0
vtan -0.1044 0.0 -0.9945 1.0
vtan 0.098 0.0 -0.9952 1.0
vtan -0.1044 -0.0 -0.9945 1.0
vtan 0.098 -0.0 -0.9952 1.0
vtan 0.0979 0.0 -0.9952 1.0
vtan -0.1044 0.0 -0.9945 1.0
vtan 0.098 0.0 -0.9952 1.0
vtan -0.1044 -0.0 -0.9945 1.0
vtan 0.0979 0.0 -0.9952 1.0
vtan -0.1044 0.0 -0.9945 1.0
vtan 0.098 -0.0 -0.9952 1.0
vtan -0.1044 -0.0 -0.9945 1.0
vtan -0.1044 0.0 -0.9945 1.0
vtan 0.098 -0.0 -0.9952 1.0
vtan 0.1044 -0.0 0.9945 1.0
vtan 0.2046 -0.0 0.9789 1.0
vtan 0.2045 0.0 0.9789 1.0
vtan 0.0489 -0.0505 0.9975 1.0
vtan 0.3974 -0.0 0.9176 1.0
vtan 0.3974 0.0 0.9177 1.0
vtan 0.574 -0.0 0.8189 1.0
vtan 0.574 0.0 0.8189 1.0
vtan 0.7271 -0.0 0.6865 1.0
vtan 0.727 0.0 0.6866 1.0
vtan 0.8504 0.0 0.5261 1.0
vtan 0.8504 0.0 0.5262 1.0
vtan 0.9389 0.0 0.3442 1.0
vtan 0.9389 0.0 0.3442 1.0
vtan 0.989 -0.0 0.1481 1.0
vtan 0.989 0.0 0.1482 1.0
vtan 0.9985 0.0 -0.054 1.0
vtan 0.9985 0.0 -0.0539 1.0
vtan 0.9672 0.0 -0.2539 1.0
vtan 0.9673 0.0 -0.2538 1.0
vtan 0.8963 -0.0 -0.4434 1.0
vtan 0.8964 0.0 -0.4433 1.0
vtan 0.7887 0.0 -0.6148 1.0
vtan 0.7888 0.0 -0.6147 1.0
vtan 0.6488 0.0 -0.761 1.0
vtan 0.6489 0.0 -0.7609 1.0
vtan 0.4823 0.0 -0.876 1.0
vtan 0.4825 0.0 -0.8759 1.0
vtan 0.2962 0.0 -0.9551 1.0
vtan 0.2963 0.0 -0.9551 1.0
vtan -0.0287 0.0353 0.999 1.0
vtan -0.1917 -0.0073 0.9814 1.0
vtan -0.1795 -0.0 0.9838 1.0
vtan -0.0581 -0.0 0.9983 1.0
vtan -0.3915 0.0 0.9202 1.0
vtan -0.3912 -0.0 0.9203 1.0
vtan -0.5687 0.0 0.8225 1.0
vtan -0.5685 -0.0 0.8227 1.0
vtan -0.7226 0.0 0.6912 1.0
vtan -0.7224 -0.0 0.6914 1.0
vtan -0.847 0.0 0.5316 1.0
vtan -0.8468 -0.0 0.5318 1.0
vtan -0.9367 0.0 0.3502 1.0
vtan -0.9366 -0.0 0.3505 1.0
vtan -0.988 0.0 0.1545 1.0
vtan -0.9879 0.0 0.1548 1.0
vtan -0.9989 0.0 -0.0475 1.0
vtan -0.9989 0.0 -0.0473 1.0
vtan -0.9689 0.0 -0.2476 1.0
vtan -0.9689 0.0 -0.2474 1.0
vtan -0.8992 0.0 -0.4375 1.0
vtan -0.8993 0.0 -0.4374 1.0
vtan -0.7927 0.0 -0.6096 1.0
vtan -0.7928 0.0 -0.6094 1.0
vtan -0.6538 0.0 -0.7567 1.0
vtan -0.6539 0.0 -0.7566 1.0
vtan -0.4881 0.0 -0.8728 1.0
vtan -0.4883 0.0 -0.8727 1.0
vtan -0.3024 0.0 -0.9532 1.0
vtan -0.3026 0.0 -0.9531 1.0
vtan 0.2045 -0.0 0.9789 1.0
vtan 0.0365 0.0477 0.9982 1.0
vtan 0.3974 -0.0 0.9176 1.0
vtan 0.574 0.0 0.8189 1.0
vtan 0.727 0.0 0.6866 1.0
vtan 0.8504 -0.0 0.5262 1.0
vtan 0.9389 -0.0 0.3442 1.0
vtan 0.989 0.0 0.1482 1.0
vtan 0.9985 -0.0 -0.0539 1.0
vtan 0.9673 -0.0 -0.2538 1.0
vtan 0.8964 0.0 -0.4433 1.0
vtan 0.7888 0.0 -0.6147 1.0
vtan 0.6489 0.0 -0.7609 1.0
vtan 0.4825 -0.0 -0.8759 1.0
vtan 0.2963 0.0 -0.9551 1.0
vtan -0.0408 -0.063 0.9972 1.0
vtan -0.2041 -0.0087 0.9789 1.0
vtan -0.3915 -0.0 0.9202 1.0
vtan -0.5687 -0.0 0.8226 1.0
vtan -0.7226 -0.0 0.6913 1.0
vtan -0.847 0.0 0.5316 1.0
vtan -0.9366 0.0 0.3503 1.0
vtan -0.988 0.0 0.1546 1.0
vtan -0.9989 0.0 -0.0475 1.0
vtan -0.9689 0.0 -0.2476 1.0
vtan -0.8992 -0.0 -0.4375 1.0
vtan -0.7927 0.0 -0.6096 1.0
vtan -0.6538 -0.0 -0.7567 1.0
vtan -0.4881 0.0 -0.8728 1.0
vtan -0.3024 0.0 -0.9532 1.0
vtan 0.0369 0.0478 0.9982 1.0
vtan 0.2045 -0.0 0.9789 1.0
vtan 0.3974 0.0 0.9176 1.0
vtan 0.574 0.0 0.8189 1.0
vtan 0.7271 -0.0 0.6866 1.0
vtan 0.8503 0.0 0.5262 1.0
vtan 0.9389 -0.0 0.3442 1.0
vtan 0.989 -0.0 0.1482 1.0
vtan 0.9985 0.0 -0.0539 1.0
vtan 0.9673 0.0 -0.2538 1.0
vtan 0.8964 0.0 -0.4433 1.0
vtan 0.7888 0.0 -0.6147 1.0
vtan 0.6489 -0.0 -0.7609 1.0
vtan 0.4825 0.0 -0.8759 1.0
vtan 0.2964 -0.0 -0.9551 1.0
vtan -0.2112 -0.0189 0.9772 1.0
vtan -0.0535 -0.0804 0.9953 1.0
vtan -0.3915 -0.0 0.9202 1.0
vtan -0.5687 0.0 0.8225 1.0
vtan -0.7226 -0.0 0.6912 1.0
vtan -0.847 0.0 0.5316 1.0
vtan -0.9367 -0.0 0.3503 1.0
vtan -0.988 -0.0 0.1546 1.0
vtan -0.9989 0.0 -0.0475 1.0
vtan -0.9689 0.0 -0.2476 1.0
vtan -0.8992 -0.0 -0.4376 1.0
vtan -0.7927 -0.0 -0.6096 1.0
vtan -0.6538 0.0 -0.7567 1.0
vtan -0.4881 -0.0 -0.8728 1.0
vtan -0.3024 -0.0 -0.9532 1.0
vtan 0.0203 0.038 0.9991 1.0
vtan 0.2045 0.0 0.9789 1.0
vtan 0.3974 0.0 0.9177 1.0
vtan 0.574 -0.0 0.8189 1.0
vtan 0.7271 -0.0 0.6866 1.0
vtan 0.8504 -0.0 0.5262 1.0
vtan 0.9389 -0.0 0.3442 1.0
vtan 0.989 0.0 0.1482 1.0
vtan 0.9985 -0.0 -0.0539 1.0
vtan 0.9673 -0.0 -0.2538 1.0
vtan 0.8964 -0.0 -0.4433 1.0
vtan 0.7888 -0.0 -0.6147 1.0
vtan 0.6489 -0.0 -0.7609 1.0
vtan 0.4824 -0.0 -0.8759 1.0
vtan 0.2963 -0.0 -0.9551 1.0
vtan -0.2054 -0.0164 0.9785 1.0
vtan -0.0269 -0.067 0.9974 1.0
vtan -0.3914 0.0 0.9202 1.0
vtan -0.5687 -0.0 0.8226 1.0
vtan -0.7226 -0.0 0.6912 1.0
vtan -0.847 0.0 0.5317 1.0
vtan -0.9366 0.0 0.3503 1.0
vtan -0.988 0.0 0.1546 1.0
vtan -0.9989 0.0 -0.0475 1.0
vtan -0.9689 -0.0 -0.2476 1.0
vtan -0.8992 0.0 -0.4375 1.0
vtan -0.7927 -0.0 -0.6096 1.0
vtan -0.6538 0.0 -0.7567 1.0
vtan -0.4881 -0.0 -0.8728 1.0
vtan -0.3025 0.0 -0.9532 1.0
vtan 0.0181 0.0359 0.9992 1.0
vtan 0.2045 -0.0 0.9789 1.0
vtan 0.3974 -0.0 0.9176 1.0
vtan 0.574 0.0 0.8189 1.0
vtan 0.727 0.0 0.6866 1.0
vtan 0.8504 0.0 0.5262 1.0
vtan 0.9389 0.0 0.3442 1.0
vtan 0.989 0.0 0.1482 1.0
vtan 0.9985 -0.0 -0.0539 1.0
vtan 0.9673 0.0 -0.2538 1.0
vtan 0.8964 0.0 -0.4433 1.0
vtan 0.7888 0.0 -0.6147 1.0
vtan 0.6489 0.0 -0.7609 1.0
vtan 0.4825 -0.0 -0.8759 1.0
vtan 0.2963 0.0 -0.9551 1.0
vtan -0.205 -0.0169 0.9786 1.0
vtan -0.0253 -0.069 0.9973 1.0
vtan -0.3915 -0.0 0.9202 1.0
vtan -0.5687 -0.0 0.8226 1.0
vtan -0.7226 -0.0 0.6913 1.0
vtan -0.847 0.0 0.5316 1.0
vtan -0.9366 -0.0 0.3503 1.0
vtan -0.988 -0.0 0.1546 1.0
vtan -0.9989 0.0 -0.0475 1.0
vtan -0.9689 0.0 -0.2476 1.0
vtan -0.8992 -0.0 -0.4375 1.0
vtan -0.7927 -0.0 -0.6096 1.0
vtan -0.6538 0.0 -0.7567 1.0
vtan -0.4881 0.0 -0.8728 1.0
vtan -0.3024 -0.0 -0.9532 1.0
vtan 0.039 0.0485 0.9981 1.0
vtan 0.2045 0.0 0.9789 1.0
vtan 0.3974 0.0 0.9177 1.0
vtan 0.574 -0.0 0.8189 1.0
vtan 0.727 -0.0 0.6866 1.0
vtan 0.8504 -0.0 0.5262 1.0
vtan 0.9389 0.0 0.3442 1.0
vtan 0.989 0.0 0.1482 1.0
vtan 0.9985 0.0 -0.0539 1.0
vtan 0.9673 0.0 -0.2538 1.0
vtan 0.8964 -0.0 -0.4433 1.0
vtan 0.7888 0.0 -0.6147 1.0
vtan 0.6489 0.0 -0.7609 1.0
vtan 0.4825 -0.0 -0.8759 1.0
vtan 0.2963 0.0 -0.9551 1.0
vtan -0.2078 -0.0134 0.9781 1.0
vtan -0.0509 -0.0734 0.996 1.0
vtan -0.3915 -0.0 0.9202 1.0
vtan -0.5687 0.0 0.8226 1.0
vtan -0.7226 0.0 0.6913 1.0
vtan -0.847 0.0 0.5316 1.0
vtan -0.9367 0.0 0.3503 1.0
vtan -0.988 0.0 0.1546 1.0
vtan -0.9989 -0.0 -0.0475 1.0
vtan -0.9689 -0.0 -0.2476 1.0
vtan -0.8992 0.0 -0.4375 1.0
vtan -0.7927 -0.0 -0.6096 1.0
vtan -0.6538 -0.0 -0.7567 1.0
vtan -0.4881 0.0 -0.8728 1.0
vtan -0.3024 0.0 -0.9532 1.0
vtan 0.2045 0.0 0.9789 1.0
vtan 0.0783 0.0444 0.9959 1.0
vtan 0.3974 -0.0 0.9177 1.0
vtan 0.574 0.0 0.8189 1.0
vtan 0.727 0.0 0.6866 1.0
vtan 0.8504 0.0 0.5262 1.0
vtan 0.9389 -0.0 0.3442 1.0
vtan 0.989 0.0 0.1482 1.0
vtan 0.9985 -0.0 -0.0539 1.0
vtan 0.9673 0.0 -0.2538 1.0
vtan 0.8964 0.0 -0.4433 1.0
vtan 0.7888 -0.0 -0.6147 1.0
vtan 0.6489 -0.0 -0.7609 1.0
vtan 0.4825 -0.0 -0.8759 1.0
vtan 0.2963 0.0 -0.9551 1.0
vtan -0.0989 -0.0603 0.9933 1.0
vtan -0.2135 -0.0092 0.9769 1.0
vtan -0.3915 0.0 0.9202 1.0
vtan -0.5687 -0.0 0.8226 1.0
vtan -0.7226 -0.0 0.6913 1.0
vtan -0.847 -0.0 0.5317 1.0
vtan -0.9366 -0.0 0.3503 1.0
vtan -0.988 -0.0 0.1546 1.0
vtan -0.9989 0.0 -0.0475 1.0
vtan -0.9689 0.0 -0.2475 1.0
vtan -0.8992 -0.0 -0.4375 1.0
vtan -0.7927 0.0 -0.6096 1.0
vtan -0.6538 0.0 -0.7567 1.0
vtan -0.4881 0.0 -0.8728 1.0
vtan -0.3024 0.0 -0.9532 1.0
vtan 0.1543 -0.6172 0.7715 1.0
vtan -0.1543 -0.6172 0.7715 1.0
vtan 0.1543 0.6172 0.7715 1.0
vtan -0.1543 0.6172 0.7715 1.0
vtan -0.4082 0.4083 -0.8165 1.0
vtan 0.0 -0.7071 -0.7071 1.0
vtan 0.0 -0.7071 -0.7071 1.0
vtan 0.4082 0.4082 -0.8165 1.0
vtan -0.4082 -0.4082 0.8165 1.0
vtan 0.4082 0.4083 0.8165 1.0
vtan -0.4082 0.4082 0.8165 1.0
vtan 0.4082 -0.4083 0.8165 1.0
vtan 0.4083 0.8165 -0.4083 1.0
vtan -0.4082 0.8165 -0.4082 1.0
f 0/0/0/0 1/1/1/1 2/2/2/2 
f 0/0/0/0 2/2/2/2 3/3/3/3 
f 4/4/4/4 5/5/5/5 6/6/6/6 
f 4/4/4/4 6/6/6/6 7/7/7/7 
f 8/8/8/8 9/9/9/9 10/10/10/10 
f 8/8/8/8 10/10/10/10 11/11/11/11 
f 12/12/12/12 8/8/8/8 11/11/11/11 
f 12/12/12/12 11/11/11/11 13/13/13/13 
f 14/14/14/14 12/12/12/12 13/13/13/13 
f 14/14/14/14 13/13/13/13 15/15/15/15 
f 16/16/16/16 17/17/17/17 18/18/18/18 
f 16/16/16/16 18/18/18/18 19/19/19/19 
f 20/20/20/20 16/16/16/16 19/19/19/19 
f 20/20/20/20 19/19/19/19 21/21/21/21 
f 5/5/5/5 0/0/0/0 3/3/3/3 
f 5/5/5/5 3/3/3/3 6/6/6/6 
f 1/1/1/1 22/22/22/22 23/23/23/23 
f 1/1/1/1 23/23/23/23 2/2/2/2 
f 22/22/22/22 24/24/24/24 25/25/25/25 
f 22/22/22/22 25/25/25/25 23/23/23/23 
f 24/24/24/24 26/26/26/26 27/27/27/27 
f 24/24/24/24 27/27/27/27 25/25/25/25 
f 26/26/26/26 28/28/28/28 29/29/29/29 
f 26/26/26/26 29/29/29/29 27/27/27/27 
f 28/28/28/28 30/30/30/30 31/31/31/31 
f 28/28/28/28 31/31/31/31 29/29/29/29 
f 30/30/30/30 32/32/32/32 33/33/33/33 
f 30/30/30/30 33/33/33/33 31/31/31/31 
f 32/32/32/32 34/34/34/34 35/35/35/35 
f 32/32/32/32 35/35/35/35 33/33/33/33 
f 34/34/34/34 36/36/36/36 37/37/37/37 
f 34/34/34/34 37/37/37/37 35/35/35/35 
f 36/36/36/36 38/38/38/38 39/39/39/39 
f 36/36/36/36 39/39/39/39 37/37/37/37 
f 38/38/38/38 40/40/40/40 41/41/41/41 
f 38/38/38/38 41/41/41/41 39/39/39/39 
f 40/40/40/40 42/42/42/42 43/43/43/43 
f 40/40/40/40 43/43/43/43 41/41/41/41 
f 44/44/44/44 45/45/45/45 46/46/46/46 
f 44/44/44/44 46/46/46/46 47/47/47/47 
f 45/45/45/45 48/48/48/48 49/49/49/49 
f 45/45/45/45 49/49/49/49 46/46/46/46 
f 48/48/48/48 50/50/50/50 51/51/51/51 
f 48/48/48/48 51/51/51/51 49/49/49/49 
f 50/50/50/50 52/52/52/52 53/53/53/53 
f 50/50/50/50 53/53/53/53 51/51/51/51 
f 52/52/52/52 54/54/54/54 55/55/55/55 
f 52/52/52/52 55/55/55/55 53/53/53/53 
f 42/42/42/42 44/44/44/44 47/47/47/47 
f 42/42/42/42 47/47/47/47 43/43/43/43 
f 17/17/17/17 14/14/14/14 15/15/15/15 
f 17/17/17/17 15/15/15/15 18/18/18/18 
f 9/9/9/9 4/4/4/4 7/7/7/7 
f 9/9/9/9 7/7/7/7 10/10/10/10 
f 56/56/56/56 57/57/57/57 58/58/58/58 
f 56/56/56/56 58/58/58/58 59/59/59/59 
f 59/59/59/59 58/58/58/58 60/60/60/60 
f 59/59/59/59 60/60/60/60 61/61/61/61 
f 61/61/61/61 60/60/60/60 62/62/62/62 
f 61/61/61/61 62/62/62/62 63/63/63/63 
f 63/63/63/63 62/62/62/62 64/64/64/64 
f 63/63/63/63 64/64/64/64 65/65/65/65 
f 65/65/65/65 64/64/64/64 66/66/66/66 
f 65/65/65/65 66/66/66/66 67/67/67/67 
f 67/67/67/67 66/66/66/66 68/68/68/68 
f 67/67/67/67 68/68/68/68 69/69/69/69 
f 69/69/69/69 68/68/68/68 70/70/70/70 
f 69/69/69/69 70/70/70/70 71/71/71/71 
f 71/71/71/71 70/70/70/70 72/72/72/72 
f 71/71/71/71 72/72/72/72 73/73/73/73 
f 73/73/73/73 72/72/72/72 74/74/74/74 
f 73/73/73/73 74/74/74/74 75/75/75/75 
f 75/75/75/75 74/74/74/74 76/76/76/76 
f 75/75/75/75 76/76/76/76 77/77/77/77 
f 77/77/77/77 76/76/76/76 78/78/78/78 
f 77/77/77/77 78/78/78/78 79/79/79/79 
f 79/79/79/79 78/78/78/78 80/80/80/80 
f 79/79/79/79 80/80/80/80 81/81/81/81 
f 81/81/81/81 80/80/80/80 82/82/82/82 
f 81/81/81/81 82/82/82/82 83/83/83/83 
f 83/83/83/83 82/82/82/82 84/84/84/84 
f 83/83/83/83 84/84/84/84 85/85/85/85 
f 85/85/85/85 84/84/84/84 1/1/1/1 
f 85/85/85/85 1/1/1/1 0/0/0/0 
f 57/86/57/86 56/87/56/87 86/88/86/88 
f 57/86/57/86 86/88/86/88 87/89/87/89 
f 87/89/87/89 86/88/86/88 88/90/88/90 
f 87/89/87/89 88/90/88/90 89/91/89/91 
f 89/91/89/91 88/90/88/90 90/92/90/92 
f 89/91/89/91 90/92/90/92 91/93/91/93 
f 91/93/91/93 90/92/90/92 92/94/92/94 
f 91/93/91/93 92/94/92/94 93/95/93/95 
f 93/95/93/95 92/94/92/94 94/96/94/96 
f 93/95/93/95 94/96/94/96 95/97/95/97 
f 95/97/95/97 94/96/94/96 96/98/96/98 
f 95/97/95/97 96/98/96/98 97/99/97/99 
f 97/99/97/99 96/98/96/98 98/100/98/100 
f 97/99/97/99 98/100/98/100 99/101/99/101 
f 99/101/99/101 98/100/98/100 100/102/100/102 
f 99/101/99/101 100/102/100/102 101/103/101/103 
f 101/103/101/103 100/102/100/102 102/104/102/104 
f 101/103/101/103 102/104/102/104 103/105/103/105 
f 103/105/103/105 102/104/102/104 104/106/104/106 
f 103/105/103/105 104/106/104/106 105/107/105/107 
f 105/107/105/107 104/106/104/106 106/108/106/108 
f 105/107/105/107 106/108/106/108 107/109/107/109 
f 107/109/107/109 106/108/106/108 108/110/108/110 
f 107/109/107/109 108/110/108/110 109/111/109/111 
f 109/111/109/111 108/110/108/110 110/112/110/112 
f 109/111/109/111 110/112/110/112 111/113/111/113 
f 111/113/111/113 110/112/110/112 112/114/112/114 
f 111/113/111/113 112/114/112/114 113/115/113/115 
f 113/115/113/115 112/114/112/114 3/3/3/3 
f 113/115/113/115 3/3/3/3 2/2/2/2 
f 114/116/114/116 115/117/115/117 116/118/116/118 
f 114/116/114/116 116/118/116/118 117/119/117/119 
f 117/119/117/119 116/118/116/118 118/120/118/120 
f 117/119/117/119 118/120/118/120 119/121/119/121 
f 119/121/119/121 118/120/118/120 120/122/120/122 
f 119/121/119/121 120/122/120/122 121/123/121/123 
f 121/123/121/123 120/122/120/122 122/124/122/124 
f 121/123/121/123 122/124/122/124 123/125/123/125 
f 123/125/123/125 122/124/122/124 124/126/124/126 
f 123/125/123/125 124/126/124/126 125/127/125/127 
f 125/127/125/127 124/126/124/126 126/128/126/128 
f 125/127/125/127 126/128/126/128 127/129/127/129 
f 127/129/127/129 126/128/126/128 128/130/128/130 
f 127/129/127/129 128/130/128/130 129/131/129/131 
f 129/131/129/131 128/130/128/130 130/132/130/132 
f 129/131/129/131 130/132/130/132 131/133/131/133 
f 131/133/131/133 130/132/130/132 132/134/132/134 
f 131/133/131/133 132/134/132/134 133/135/133/135 
f 133/135/133/135 132/134/132/134 134/136/134/136 
f 133/135/133/135 134/136/134/136 135/137/135/137 
f 135/137/135/137 134/136/134/136 136/138/136/138 
f 135/137/135/137 136/138/136/138 137/139/137/139 
f 137/139/137/139 136/138/136/138 138/140/138/140 
f 137/139/137/139 138/140/138/140 139/141/139/141 
f 139/141/139/141 138/140/138/140 140/142/140/142 
f 139/141/139/141 140/142/140/142 141/143/141/143 
f 141/143/141/143 140/142/140/142 142/144/142/144 
f 141/143/141/143 142/144/142/144 143/145/143/145 
f 143/145/143/145 142/144/142/144 5/5/5/5 
f 143/145/143/145 5/5/5/5 4/4/4/4 
f 115/146/115/146 114/147/114/147 144/148/144/148 
f 115/146/115/146 144/148/144/148 145/149/145/149 
f 145/149/145/149 144/148/144/148 146/150/146/150 
f 145/149/145/149 146/150/146/150 147/151/147/151 
f 147/151/147/151 146/150/146/150 148/152/148/152 
f 147/151/147/151 148/152/148/152 149/153/149/153 
f 149/153/149/153 148/152/148/152 150/154/150/154 
f 149/153/149/153 150/154/150/154 151/155/151/155 
f 151/155/151/155 150/154/150/154 152/156/152/156 
f 151/155/151/155 152/156/152/156 153/157/153/157 
f 153/157/153/157 152/156/152/156 154/158/154/158 
f 153/157/153/157 154/158/154/158 155/159/155/159 
f 155/159/155/159 154/158/154/158 156/160/156/160 
f 155/159/155/159 156/160/156/160 157/161/157/161 
f 157/161/157/161 156/160/156/160 158/162/158/162 
f 157/161/157/161 158/162/158/162 159/163/159/163 
f 159/163/159/163 158/162/158/162 160/164/160/164 
f 159/163/159/163 160/164/160/164 161/165/161/165 
f 161/165/161/165 160/164/160/164 162/166/162/166 
f 161/165/161/165 162/166/162/166 163/167/163/167 
f 163/167/163/167 162/166/162/166 164/168/164/168 
f 163/167/163/167 164/168/164/168 165/169/165/169 
f 165/169/165/169 164/168/164/168 166/170/166/170 
f 165/169/165/169 166/170/166/170 167/171/167/171 
f 167/171/167/171 166/170/166/170 168/172/168/172 
f 167/171/167/171 168/172/168/172 169/173/169/173 
f 169/173/169/173 168/172/168/172 170/174/170/174 
f 169/173/169/173 170/174/170/174 171/175/171/175 
f 171/175/171/175 170/174/170/174 7/7/7/7 
f 171/175/171/175 7/7/7/7 6/6/6/6 
f 172/176/172/176 173/177/173/177 174/178/174/178 
f 172/176/172/176 174/178/174/178 175/179/175/179 
f 175/179/175/179 174/178/174/178 176/180/176/180 
f 175/179/175/179 176/180/176/180 177/181/177/181 
f 177/181/177/181 176/180/176/180 178/182/178/182 
f 177/181/177/181 178/182/178/182 179/183/179/183 
f 179/183/179/183 178/182/178/182 180/184/180/184 
f 179/183/179/183 180/184/180/184 181/185/181/185 
f 181/185/181/185 180/184/180/184 182/186/182/186 
f 181/185/181/185 182/186/182/186 183/187/183/187 
f 183/187/183/187 182/186/182/186 184/188/184/188 
f 183/187/183/187 184/188/184/188 185/189/185/189 
f 185/189/185/189 184/188/184/188 186/190/186/190 
f 185/189/185/189 186/190/186/190 187/191/187/191 
f 187/191/187/191 186/190/186/190 188/192/188/192 
f 187/191/187/191 188/192/188/192 189/193/189/193 
f 189/193/189/193 188/192/188/192 190/194/190/194 
f 189/193/189/193 190/194/190/194 191/195/191/195 
f 191/195/191/195 190/194/190/194 192/196/192/196 
f 191/195/191/195 192/196/192/196 193/197/193/197 
f 193/197/193/197 192/196/192/196 194/198/194/198 
f 193/197/193/197 194/198/194/198 195/199/195/199 
f 195/199/195/199 194/198/194/198 196/200/196/200 
f 195/199/195/199 196/200/196/200 197/201/197/201 
f 197/201/197/201 196/200/196/200 198/202/198/202 
f 197/201/197/201 198/202/198/202 199/203/199/203 
f 199/203/199/203 198/202/198/202 200/204/200/204 
f 199/203/199/203 200/204/200/204 201/205/201/205 
f 201/205/201/205 200/204/200/204 9/9/9/9 
f 201/205/201/205 9/9/9/9 8/8/8/8 
f 173/206/173/206 172/207/172/207 202/208/202/208 
f 173/206/173/206 202/208/202/208 203/209/203/209 
f 203/209/203/209 202/208/202/208 204/210/204/210 
f 203/209/203/209 204/210/204/210 205/211/205/211 
f 205/211/205/211 204/210/204/210 206/212/206/212 
f 205/211/205/211 206/212/206/212 207/213/207/213 
f 207/213/207/213 206/212/206/212 208/214/208/214 
f 207/213/207/213 208/214/208/214 209/215/209/215 
f 209/215/209/215 208/214/208/214 210/216/210/216 
f 209/215/209/215 210/216/210/216 211/217/211/217 
f 211/217/211/217 210/216/210/216 212/218/212/218 
f 211/217/211/217 212/218/212/218 213/219/213/219 
f 213/219/213/219 212/218/212/218 214/220/214/220 
f 213/219/213/219 214/220/214/220 215/221/215/221 
f 215/221/215/221 214/220/214/220 216/222/216/222 
f 215/221/215/221 216/222/216/222 217/223/217/223 
f 217/223/217/223 216/222/216/222 218/224/218/224 
f 217/223/217/223 218/224/218/224 219/225/219/225 
f 219/225/219/225 218/224/218/224 220/226/220/226 
f 219/225/219/225 220/226/220/226 221/227/221/227 
f 221/227/221/227 220/226/220/226 222/228/222/228 
f 221/227/221/227 222/228/222/228 223/229/223/229 
f 223/229/223/229 222/228/222/228 224/230/224/230 
f 223/229/223/229 224/230/224/230 225/231/225/231 
f 225/231/225/231 224/230/224/230 226/232/226/232 
f 225/231/225/231 226/232/226/232 227/233/227/233 
f 227/233/227/233 226/232/226/232 228/234/228/234 
f 227/233/227/233 228/234/228/234 229/235/229/235 
f 229/235/229/235 228/234/228/234 11/11/11/11 
f 229/235/229/235 11/11/11/11 10/10/10/10 
f 230/236/230/236 172/176/172/176 175/179/175/179 
f 230/236/230/236 175/179/175/179 231/237/231/237 
f 231/237/231/237 175/179/175/179 177/181/177/181 
f 231/237/231/237 177/181/177/181 232/238/232/238 
f 232/238/232/238 177/181/177/181 179/183/179/183 
f 232/238/232/238 179/183/179/183 233/239/233/239 
f 233/239/233/239 179/183/179/183 181/185/181/185 
f 233/239/233/239 181/185/181/185 234/240/234/240 
f 234/240/234/240 181/185/181/185 183/187/183/187 
f 234/240/234/240 183/187/183/187 235/241/235/241 
f 235/241/235/241 183/187/183/187 185/189/185/189 
f 235/241/235/241 185/189/185/189 236/242/236/242 
f 236/242/236/242 185/189/185/189 187/191/187/191 
f 236/242/236/242 187/191/187/191 237/243/237/243 
f 237/243/237/243 187/191/187/191 189/193/189/193 
f 237/243/237/243 189/193/189/193 238/244/238/244 
f 238/244/238/244 189/193/189/193 191/195/191/195 
f 238/244/238/244 191/195/191/195 239/245/239/245 
f 239/245/239/245 191/195/191/195 193/197/193/197 
f 239/245/239/245 193/197/193/197 240/246/240/246 
f 240/246/240/246 193/197/193/197 195/199/195/199 
f 240/246/240/246 195/199/195/199 241/247/241/247 
f 241/247/241/247 195/199/195/199 197/201/197/201 
f 241/247/241/247 197/201/197/201 242/248/242/248 
f 242/248/242/248 197/201/197/201 199/203/199/203 
f 242/248/242/248 199/203/199/203 243/249/243/249 
f 243/249/243/249 199/203/199/203 201/205/201/205 
f 243/249/243/249 201/205/201/205 244/250/244/250 
f 244/250/244/250 201/205/201/205 8/8/8/8 
f 244/250/244/250 8/8/8/8 12/12/12/12 
f 172/207/172/207 230/251/230/251 245/252/245/252 
f 172/207/172/207 245/252/245/252 202/208/202/208 
f 202/208/202/208 245/252/245/252 246/253/246/253 
f 202/208/202/208 246/253/246/253 204/210/204/210 
f 204/210/204/210 246/253/246/253 247/254/247/254 
f 204/210/204/210 247/254/247/254 206/212/206/212 
f 206/212/206/212 247/254/247/254 248/255/248/255 
f 206/212/206/212 248/255/248/255 208/214/208/214 
f 208/214/208/214 248/255/248/255 249/256/249/256 
f 208/214/208/214 249/256/249/256 210/216/210/216 
f 210/216/210/216 249/256/249/256 250/257/250/257 
f 210/216/210/216 250/257/250/257 212/218/212/218 
f 212/218/212/218 250/257/250/257 251/258/251/258 
f 212/218/212/218 251/258/251/258 214/220/214/220 
f 214/220/214/220 251/258/251/258 252/259/252/259 
f 214/220/214/220 252/259/252/259 216/222/216/222 
f 216/222/216/222 252/259/252/259 253/260/253/260 
f 216/222/216/222 253/260/253/260 218/224/218/224 
f 218/224/218/224 253/260/253/260 254/261/254/261 
f 218/224/218/224 254/261/254/261 220/226/220/226 
f 220/226/220/226 254/261/254/261 255/262/255/262 
f 220/226/220/226 255/262/255/262 222/228/222/228 
f 222/228/222/228 255/262/255/262 256/263/256/263 
f 222/228/222/228 256/263/256/263 224/230/224/230 
f 224/230/224/230 256/263/256/263 257/264/257/264 
f 224/230/224/230 257/264/257/264 226/232/226/232 
f 226/232/226/232 257/264/257/264 258/265/258/265 
f 226/232/226/232 258/265/258/265 228/234/228/234 
f 228/234/228/234 258/265/258/265 13/13/13/13 
f 228/234/228/234 13/13/13/13 11/11/11/11 
f 259/266/259/266 260/267/260/267 261/268/261/268 
f 259/266/259/266 261/268/261/268 262/269/262/269 
f 261/268/261/268 263/270/263/270 262/269/262/269 
f 262/269/262/269 264/271/264/271 265/272/265/272 
f 262/269/262/269 265/272/265/272 266/273/266/273 
f 265/272/265/272 267/274/267/274 266/273/266/273 
f 266/273/266/273 268/275/268/275 269/276/269/276 
f 266/273/266/273 269/276/269/276 270/277/270/277 
f 269/276/269/276 271/278/271/278 270/277/270/277 
f 262/269/262/269 266/273/266/273 270/277/270/277 
f 262/269/262/269 270/277/270/277 259/266/259/266 
f 270/277/270/277 272/279/272/279 273/280/273/280 
f 270/277/270/277 273/280/273/280 259/266/259/266 
f 259/266/259/266 273/280/273/280 274/281/274/281 
f 259/266/259/266 274/281/274/281 275/282/275/282 
f 20/283/20/283 21/284/21/284 276/285/276/285 
f 20/283/20/283 276/285/276/285 277/286/277/286 
f 276/285/276/285 278/287/278/287 279/288/279/288 
f 276/285/276/285 279/288/279/288 280/289/280/289 
f 279/288/279/288 281/290/281/290 280/289/280/289 
f 280/289/280/289 282/291/282/291 266/292/266/292 
f 280/289/280/289 266/292/266/292 283/293/283/293 
f 266/292/266/292 267/274/267/294 283/293/283/293 
f 283/293/283/293 284/294/284/295 285/295/285/296 
f 283/293/283/293 285/295/285/296 277/286/277/286 
f 285/295/285/296 286/296/286/297 277/286/277/286 
f 280/289/280/289 283/293/283/293 277/286/277/286 
f 280/289/280/289 277/286/277/286 276/285/276/285 
f 287/297/287/298 20/283/20/283 277/286/277/286 
f 288/298/288/299 230/236/230/236 231/237/231/237 
f 288/298/288/299 231/237/231/237 289/299/289/300 
f 289/299/289/300 231/237/231/237 232/238/232/238 
f 289/299/289/300 232/238/232/238 290/300/290/301 
f 290/300/290/301 232/238/232/238 233/239/233/239 
f 290/300/290/301 233/239/233/239 291/301/291/302 
f 291/301/291/302 233/239/233/239 234/240/234/240 
f 291/301/291/302 234/240/234/240 292/302/292/303 
f 292/302/292/303 234/240/234/240 235/241/235/241 
f 292/302/292/303 235/241/235/241 293/303/293/304 
f 293/303/293/304 235/241/235/241 236/242/236/242 
f 293/303/293/304 236/242/236/242 294/304/294/305 
f 294/304/294/305 236/242/236/242 237/243/237/243 
f 294/304/294/305 237/243/237/243 295/305/295/306 
f 295/305/295/306 237/243/237/243 238/244/238/244 
f 295/305/295/306 238/244/238/244 296/306/296/307 
f 296/306/296/307 238/244/238/244 239/245/239/245 
f 296/306/296/307 239/245/239/245 297/307/297/308 
f 297/307/297/308 239/245/239/245 240/246/240/246 
f 297/307/297/308 240/246/240/246 298/308/298/309 
f 298/308/298/309 240/246/240/246 241/247/241/247 
f 298/308/298/309 241/247/241/247 299/309/299/310 
f 299/309/299/310 241/247/241/247 242/248/242/248 
f 299/309/299/310 242/248/242/248 300/310/300/311 
f 300/310/300/311 242/248/242/248 243/249/243/249 
f 300/310/300/311 243/249/243/249 301/311/301/312 
f 301/311/301/312 243/249/243/249 244/250/244/250 
f 301/311/301/312 244/250/244/250 302/312/302/313 
f 302/312/302/313 244/250/244/250 12/12/12/12 
f 302/312/302/313 12/12/12/12 14/14/14/14 
f 230/251/230/251 288/313/288/314 303/314/303/315 
f 230/251/230/251 303/314/303/315 245/252/245/252 
f 245/252/245/252 303/314/303/315 304/315/304/316 
f 245/252/245/252 304/315/304/316 246/253/246/253 
f 246/253/246/253 304/315/304/316 305/316/305/317 
f 246/253/246/253 305/316/305/317 247/254/247/254 
f 247/254/247/254 305/316/305/317 306/317/306/318 
f 247/254/247/254 306/317/306/318 248/255/248/255 
f 248/255/248/255 306/317/306/318 307/318/307/319 
f 248/255/248/255 307/318/307/319 249/256/249/256 
f 249/256/249/256 307/318/307/319 308/319/308/320 
f 249/256/249/256 308/319/308/320 250/257/250/257 
f 250/257/250/257 308/319/308/320 309/320/309/321 
f 250/257/250/257 309/320/309/321 251/258/251/258 
f 251/258/251/258 309/320/309/321 310/321/310/322 
f 251/258/251/258 310/321/310/322 252/259/252/259 
f 252/259/252/259 310/321/310/322 311/322/311/323 
f 252/259/252/259 311/322/311/323 253/260/253/260 
f 253/260/253/260 311/322/311/323 312/323/312/324 
f 253/260/253/260 312/323/312/324 254/261/254/261 
f 254/261/254/261 312/323/312/324 313/324/313/325 
f 254/261/254/261 313/324/313/325 255/262/255/262 
f 255/262/255/262 313/324/313/325 314/325/314/326 
f 255/262/255/262 314/325/314/326 256/263/256/263 
f 256/263/256/263 314/325/314/326 315/326/315/327 
f 256/263/256/263 315/326/315/327 257/264/257/264 
f 257/264/257/264 315/326/315/327 316/327/316/328 
f 257/264/257/264 316/327/316/328 258/265/258/265 
f 258/265/258/265 316/327/316/328 15/15/15/15 
f 258/265/258/265 15/15/15/15 13/13/13/13 
f 317/328/317/329 318/329/318/330 319/330/319/331 
f 317/328/317/329 319/330/319/331 320/331/320/332 
f 320/331/320/332 319/330/319/331 321/332/321/333 
f 320/331/320/332 321/332/321/333 322/333/322/334 
f 322/333/322/334 321/332/321/333 323/334/323/335 
f 322/333/322/334 323/334/323/335 324/335/324/336 
f 324/335/324/336 323/334/323/335 325/336/325/337 
f 324/335/324/336 325/336/325/337 326/337/326/338 
f 326/337/326/338 325/336/325/337 327/338/327/339 
f 326/337/326/338 327/338/327/339 328/339/328/340 
f 328/339/328/340 327/338/327/339 329/340/329/341 
f 328/339/328/340 329/340/329/341 330/341/330/342 
f 330/341/330/342 329/340/329/341 331/342/331/343 
f 330/341/330/342 331/342/331/343 332/343/332/344 
f 332/343/332/344 331/342/331/343 333/344/333/345 
f 332/343/332/344 333/344/333/345 334/345/334/346 
f 334/345/334/346 333/344/333/345 335/346/335/347 
f 334/345/334/346 335/346/335/347 336/347/336/348 
f 336/347/336/348 335/346/335/347 337/348/337/349 
f 336/347/336/348 337/348/337/349 338/349/338/350 
f 338/349/338/350 337/348/337/349 339/350/339/351 
f 338/349/338/350 339/350/339/351 340/351/340/352 
f 340/351/340/352 339/350/339/351 341/352/341/353 
f 340/351/340/352 341/352/341/353 342/353/342/354 
f 342/353/342/354 341/352/341/353 343/354/343/355 
f 342/353/342/354 343/354/343/355 344/355/344/356 
f 344/355/344/356 343/354/343/355 345/356/345/357 
f 344/355/344/356 345/356/345/357 346/357/346/358 
f 346/357/346/358 345/356/345/357 17/17/17/17 
f 346/357/346/358 17/17/17/17 16/16/16/16 
f 318/358/318/359 317/359/317/360 347/360/347/361 
f 318/358/318/359 347/360/347/361 348/361/348/362 
f 348/361/348/362 347/360/347/361 349/362/349/363 
f 348/361/348/362 349/362/349/363 350/363/350/364 
f 350/363/350/364 349/362/349/363 351/364/351/365 
f 350/363/350/364 351/364/351/365 352/365/352/366 
f 352/365/352/366 351/364/351/365 353/366/353/367 
f 352/365/352/366 353/366/353/367 354/367/354/368 
f 354/367/354/368 353/366/353/367 355/368/355/369 
f 354/367/354/368 355/368/355/369 356/369/356/370 
f 356/369/356/370 355/368/355/369 357/370/357/371 
f 356/369/356/370 357/370/357/371 358/371/358/372 
f 358/371/358/372 357/370/357/371 359/372/359/373 
f 358/371/358/372 359/372/359/373 360/373/360/374 
f 360/373/360/374 359/372/359/373 361/374/361/375 
f 360/373/360/374 361/374/361/375 362/375/362/376 
f 362/375/362/376 361/374/361/375 363/376/363/377 
f 362/375/362/376 363/376/363/377 364/377/364/378 
f 364/377/364/378 363/376/363/377 365/378/365/379 
f 364/377/364/378 365/378/365/379 366/379/366/380 
f 366/379/366/380 365/378/365/379 367/380/367/381 
f 366/379/366/380 367/380/367/381 368/381/368/382 
f 368/381/368/382 367/380/367/381 369/382/369/383 
f 368/381/368/382 369/382/369/383 370/383/370/384 
f 370/383/370/384 369/382/369/383 371/384/371/385 
f 370/383/370/384 371/384/371/385 372/385/372/386 
f 372/385/372/386 371/384/371/385 373/386/373/387 
f 372/385/372/386 373/386/373/387 374/387/374/388 
f 374/387/374/388 373/386/373/387 19/19/19/19 
f 374/387/374/388 19/19/19/19 18/18/18/18 
f 275/388/275/389 317/328/317/329 320/331/320/332 
f 275/388/275/389 320/331/320/332 259/389/259/390 
f 259/389/259/390 320/331/320/332 322/333/322/334 
f 259/389/259/390 322/333/322/334 260/390/260/391 
f 260/390/260/391 322/333/322/334 324/335/324/336 
f 260/390/260/391 324/335/324/336 261/391/261/392 
f 261/391/261/392 324/335/324/336 326/337/326/338 
f 261/391/261/392 326/337/326/338 263/392/263/393 
f 263/392/263/393 326/337/326/338 328/339/328/340 
f 263/392/263/393 328/339/328/340 262/393/262/394 
f 262/393/262/394 328/339/328/340 330/341/330/342 
f 262/393/262/394 330/341/330/342 264/394/264/395 
f 264/394/264/395 330/341/330/342 332/343/332/344 
f 264/394/264/395 332/343/332/344 265/395/265/396 
f 265/395/265/396 332/343/332/344 334/345/334/346 
f 265/395/265/396 334/345/334/346 267/396/267/397 
f 267/396/267/397 334/345/334/346 336/347/336/348 
f 267/396/267/397 336/347/336/348 283/397/283/398 
f 283/397/283/398 336/347/336/348 338/349/338/350 
f 283/397/283/398 338/349/338/350 284/398/284/399 
f 284/398/284/399 338/349/338/350 340/351/340/352 
f 284/398/284/399 340/351/340/352 285/399/285/400 
f 285/399/285/400 340/351/340/352 342/353/342/354 
f 285/399/285/400 342/353/342/354 286/400/286/401 
f 286/400/286/401 342/353/342/354 344/355/344/356 
f 286/400/286/401 344/355/344/356 277/401/277/402 
f 277/401/277/402 344/355/344/356 346/357/346/358 
f 277/401/277/402 346/357/346/358 287/402/287/403 
f 287/402/287/403 346/357/346/358 16/16/16/16 
f 287/402/287/403 16/16/16/16 20/20/20/20 
f 317/359/317/360 275/403/275/404 274/404/274/405 
f 317/359/317/360 274/404/274/405 347/360/347/361 
f 347/360/347/361 274/404/274/405 273/405/273/406 
f 347/360/347/361 273/405/273/406 349/362/349/363 
f 349/362/349/363 273/405/273/406 272/406/272/407 
f 349/362/349/363 272/406/272/407 351/364/351/365 
f 351/364/351/365 272/406/272/407 270/407/270/408 
f 351/364/351/365 270/407/270/408 353/366/353/367 
f 353/366/353/367 270/407/270/408 271/408/271/409 
f 353/366/353/367 271/408/271/409 355/368/355/369 
f 355/368/355/369 271/408/271/409 269/409/269/410 
f 355/368/355/369 269/409/269/410 357/370/357/371 
f 357/370/357/371 269/409/269/410 268/410/268/411 
f 357/370/357/371 268/410/268/411 359/372/359/373 
f 359/372/359/373 268/410/268/411 266/411/266/412 
f 359/372/359/373 266/411/266/412 361/374/361/375 
f 361/374/361/375 266/411/266/412 282/412/282/413 
f 361/374/361/375 282/412/282/413 363/376/363/377 
f 363/376/363/377 282/412/282/413 280/413/280/414 
f 363/376/363/377 280/413/280/414 365/378/365/379 
f 365/378/365/379 280/413/280/414 281/414/281/415 
f 365/378/365/379 281/414/281/415 367/380/367/381 
f 367/380/367/381 281/414/281/415 279/415/279/416 
f 367/380/367/381 279/415/279/416 369/382/369/383 
f 369/382/369/383 279/415/279/416 278/416/278/417 
f 369/382/369/383 278/416/278/417 371/384/371/385 
f 371/384/371/385 278/416/278/417 276/417/276/418 
f 371/384/371/385 276/417/276/418 373/386/373/387 
f 373/386/373/387 276/417/276/418 21/21/21/21 
f 373/386/373/387 21/21/21/21 19/19/19/19 
f 115/117/115/117 56/56/56/56 59/59/59/59 
f 115/117/115/117 59/59/59/59 116/118/116/118 
f 116/118/116/118 59/59/59/59 61/61/61/61 
f 116/118/116/118 61/61/61/61 118/120/118/120 
f 118/120/118/120 61/61/61/61 63/63/63/63 
f 118/120/118/120 63/63/63/63 120/122/120/122 
f 120/122/120/122 63/63/63/63 65/65/65/65 
f 120/122/120/122 65/65/65/65 122/124/122/124 
f 122/124/122/124 65/65/65/65 67/67/67/67 
f 122/124/122/124 67/67/67/67 124/126/124/126 
f 124/126/124/126 67/67/67/67 69/69/69/69 
f 124/126/124/126 69/69/69/69 126/128/126/128 
f 126/128/126/128 69/69/69/69 71/71/71/71 
f 126/128/126/128 71/71/71/71 128/130/128/130 
f 128/130/128/130 71/71/71/71 73/73/73/73 
f 128/130/128/130 73/73/73/73 130/132/130/132 
f 130/132/130/132 73/73/73/73 75/75/75/75 
f 130/132/130/132 75/75/75/75 132/134/132/134 
f 132/134/132/134 75/75/75/75 77/77/77/77 
f 132/134/132/134 77/77/77/77 134/136/134/136 
f 134/136/134/136 77/77/77/77 79/79/79/79 
f 134/136/134/136 79/79/79/79 136/138/136/138 
f 136/138/136/138 79/79/79/79 81/81/81/81 
f 136/138/136/138 81/81/81/81 138/140/138/140 
f 138/140/138/140 81/81/81/81 83/83/83/83 
f 138/140/138/140 83/83/83/83 140/142/140/142 
f 140/142/140/142 83/83/83/83 85/85/85/85 
f 140/142/140/142 85/85/85/85 142/144/142/144 
f 142/144/142/144 85/85/85/85 0/0/0/0 
f 142/144/142/144 0/0/0/0 5/5/5/5 
f 56/87/56/87 115/146/115/146 145/149/145/149 
f 56/87/56/87 145/149/145/149 86/88/86/88 
f 86/88/86/88 145/149/145/149 147/151/147/151 
f 86/88/86/88 147/151/147/151 88/90/88/90 
f 88/90/88/90 147/151/147/151 149/153/149/153 
f 88/90/88/90 149/153/149/153 90/92/90/92 
f 90/92/90/92 149/153/149/153 151/155/151/155 
f 90/92/90/92 151/155/151/155 92/94/92/94 
f 92/94/92/94 151/155/151/155 153/157/153/157 
f 92/94/92/94 153/157/153/157 94/96/94/96 
f 94/96/94/96 153/157/153/157 155/159/155/159 
f 94/96/94/96 155/159/155/159 96/98/96/98 
f 96/98/96/98 155/159/155/159 157/161/157/161 
f 96/98/96/98 157/161/157/161 98/100/98/100 
f 98/100/98/100 157/161/157/161 159/163/159/163 
f 98/100/98/100 159/163/159/163 100/102/100/102 
f 100/102/100/102 159/163/159/163 161/165/161/165 
f 100/102/100/102 161/165/161/165 102/104/102/104 
f 102/104/102/104 161/165/161/165 163/167/163/167 
f 102/104/102/104 163/167/163/167 104/106/104/106 
f 104/106/104/106 163/167/163/167 165/169/165/169 
f 104/106/104/106 165/169/165/169 106/108/106/108 
f 106/108/106/108 165/169/165/169 167/171/167/171 
f 106/108/106/108 167/171/167/171 108/110/108/110 
f 108/110/108/110 167/171/167/171 169/173/169/173 
f 108/110/108/110 169/173/169/173 110/112/110/112 
f 110/112/110/112 169/173/169/173 171/175/171/175 
f 110/112/110/112 171/175/171/175 112/114/112/114 
f 112/114/112/114 171/175/171/175 6/6/6/6 
f 112/114/112/114 6/6/6/6 3/3/3/3 
f 57/57/57/57 375/418/375/419 376/419/376/420 
f 57/57/57/57 376/419/376/420 58/58/58/58 
f 58/58/58/58 376/419/376/420 377/420/377/421 
f 58/58/58/58 377/420/377/421 60/60/60/60 
f 60/60/60/60 377/420/377/421 378/421/378/422 
f 60/60/60/60 378/421/378/422 62/62/62/62 
f 62/62/62/62 378/421/378/422 379/422/379/423 
f 62/62/62/62 379/422/379/423 64/64/64/64 
f 64/64/64/64 379/422/379/423 380/423/380/424 
f 64/64/64/64 380/423/380/424 66/66/66/66 
f 66/66/66/66 380/423/380/424 381/424/381/425 
f 66/66/66/66 381/424/381/425 68/68/68/68 
f 68/68/68/68 381/424/381/425 382/425/382/426 
f 68/68/68/68 382/425/382/426 70/70/70/70 
f 70/70/70/70 382/425/382/426 383/426/383/427 
f 70/70/70/70 383/426/383/427 72/72/72/72 
f 72/72/72/72 383/426/383/427 384/427/384/428 
f 72/72/72/72 384/427/384/428 74/74/74/74 
f 74/74/74/74 384/427/384/428 385/428/385/429 
f 74/74/74/74 385/428/385/429 76/76/76/76 
f 76/76/76/76 385/428/385/429 386/429/386/430 
f 76/76/76/76 386/429/386/430 78/78/78/78 
f 78/78/78/78 386/429/386/430 387/430/387/431 
f 78/78/78/78 387/430/387/431 80/80/80/80 
f 80/80/80/80 387/430/387/431 388/431/388/432 
f 80/80/80/80 388/431/388/432 82/82/82/82 
f 82/82/82/82 388/431/388/432 389/432/389/433 
f 82/82/82/82 389/432/389/433 84/84/84/84 
f 84/84/84/84 389/432/389/433 22/22/22/22 
f 84/84/84/84 22/22/22/22 1/1/1/1 
f 375/433/375/434 57/86/57/86 87/89/87/89 
f 375/433/375/434 87/89/87/89 390/434/390/435 
f 390/434/390/435 87/89/87/89 89/91/89/91 
f 390/434/390/435 89/91/89/91 391/435/391/436 
f 391/435/391/436 89/91/89/91 91/93/91/93 
f 391/435/391/436 91/93/91/93 392/436/392/437 
f 392/436/392/437 91/93/91/93 93/95/93/95 
f 392/436/392/437 93/95/93/95 393/437/393/438 
f 393/437/393/438 93/95/93/95 95/97/95/97 
f 393/437/393/438 95/97/95/97 394/438/394/439 
f 394/438/394/439 95/97/95/97 97/99/97/99 
f 394/438/394/439 97/99/97/99 395/439/395/440 
f 395/439/395/440 97/99/97/99 99/101/99/101 
f 395/439/395/440 99/101/99/101 396/440/396/441 
f 396/440/396/441 99/101/99/101 101/103/101/103 
f 396/440/396/441 101/103/101/103 397/441/397/442 
f 397/441/397/442 101/103/101/103 103/105/103/105 
f 397/441/397/442 103/105/103/105 398/442/398/443 
f 398/442/398/443 103/105/103/105 105/107/105/107 
f 398/442/398/443 105/107/105/107 399/443/399/444 
f 399/443/399/444 105/107/105/107 107/109/107/109 
f 399/443/399/444 107/109/107/109 400/444/400/445 
f 400/444/400/445 107/109/107/109 109/111/109/111 
f 400/444/400/445 109/111/109/111 401/445/401/446 
f 401/445/401/446 109/111/109/111 111/113/111/113 
f 401/445/401/446 111/113/111/113 402/446/402/447 
f 402/446/402/447 111/113/111/113 113/115/113/115 
f 402/446/402/447 113/115/113/115 403/447/403/448 
f 403/447/403/448 113/115/113/115 2/2/2/2 
f 403/447/403/448 2/2/2/2 23/23/23/23 
f 375/418/375/419 404/448/404/449 405/449/405/450 
f 375/418/375/419 405/449/405/450 376/419/376/420 
f 376/419/376/420 405/449/405/450 406/450/406/451 
f 376/419/376/420 406/450/406/451 377/420/377/421 
f 377/420/377/421 406/450/406/451 407/451/407/452 
f 377/420/377/421 407/451/407/452 378/421/378/422 
f 378/421/378/422 407/451/407/452 408/452/408/453 
f 378/421/378/422 408/452/408/453 379/422/379/423 
f 379/422/379/423 408/452/408/453 409/453/409/454 
f 379/422/379/423 409/453/409/454 380/423/380/424 
f 380/423/380/424 409/453/409/454 410/454/410/455 
f 380/423/380/424 410/454/410/455 381/424/381/425 
f 381/424/381/425 410/454/410/455 411/455/411/456 
f 381/424/381/425 411/455/411/456 382/425/382/426 
f 382/425/382/426 411/455/411/456 412/456/412/457 
f 382/425/382/426 412/456/412/457 383/426/383/427 
f 383/426/383/427 412/456/412/457 413/457/413/458 
f 383/426/383/427 413/457/413/458 384/427/384/428 
f 384/427/384/428 413/457/413/458 414/458/414/459 
f 384/427/384/428 414/458/414/459 385/428/385/429 
f 385/428/385/429 414/458/414/459 415/459/415/460 
f 385/428/385/429 415/459/415/460 386/429/386/430 
f 386/429/386/430 415/459/415/460 416/460/416/461 
f 386/429/386/430 416/460/416/461 387/430/387/431 
f 387/430/387/431 416/460/416/461 417/461/417/462 
f 387/430/387/431 417/461/417/462 388/431/388/432 
f 388/431/388/432 417/461/417/462 418/462/418/463 
f 388/431/388/432 418/462/418/463 389/432/389/433 
f 389/432/389/433 418/462/418/463 24/24/24/24 
f 389/432/389/433 24/24/24/24 22/22/22/22 
f 404/463/404/464 375/433/375/434 390/434/390/435 
f 404/463/404/464 390/434/390/435 419/464/419/465 
f 419/464/419/465 390/434/390/435 391/435/391/436 
f 419/464/419/465 391/435/391/436 420/465/420/466 
f 420/465/420/466 391/435/391/436 392/436/392/437 
f 420/465/420/466 392/436/392/437 421/466/421/467 
f 421/466/421/467 392/436/392/437 393/437/393/438 
f 421/466/421/467 393/437/393/438 422/467/422/468 
f 422/467/422/468 393/437/393/438 394/438/394/439 
f 422/467/422/468 394/438/394/439 423/468/423/469 
f 423/468/423/469 394/438/394/439 395/439/395/440 
f 423/468/423/469 395/439/395/440 424/469/424/470 
f 424/469/424/470 395/439/395/440 396/440/396/441 
f 424/469/424/470 396/440/396/441 425/470/425/471 
f 425/470/425/471 396/440/396/441 397/441/397/442 
f 425/470/425/471 397/441/397/442 426/471/426/472 
f 426/471/426/472 397/441/397/442 398/442/398/443 
f 426/471/426/472 398/442/398/443 427/472/427/473 
f 427/472/427/473 398/442/398/443 399/443/399/444 
f 427/472/427/473 399/443/399/444 428/473/428/474 
f 428/473/428/474 399/443/399/444 400/444/400/445 
f 428/473/428/474 400/444/400/445 429/474/429/475 
f 429/474/429/475 400/444/400/445 401/445/401/446 
f 429/474/429/475 401/445/401/446 430/475/430/476 
f 430/475/430/476 401/445/401/446 402/446/402/447 
f 430/475/430/476 402/446/402/447 431/476/431/477 
f 431/476/431/477 402/446/402/447 403/447/403/448 
f 431/476/431/477 403/447/403/448 432/477/432/478 
f 432/477/432/478 403/447/403/448 23/23/23/23 
f 432/477/432/478 23/23/23/23 25/25/25/25 
f 404/448/404/449 433/478/433/479 434/479/434/480 
f 404/448/404/449 434/479/434/480 405/449/405/450 
f 405/449/405/450 434/479/434/480 435/480/435/481 
f 405/449/405/450 435/480/435/481 406/450/406/451 
f 406/450/406/451 435/480/435/481 436/481/436/482 
f 406/450/406/451 436/481/436/482 407/451/407/452 
f 407/451/407/452 436/481/436/482 437/482/437/483 
f 407/451/407/452 437/482/437/483 408/452/408/453 
f 408/452/408/453 437/482/437/483 438/483/438/484 
f 408/452/408/453 438/483/438/484 409/453/409/454 
f 409/453/409/454 438/483/438/484 439/484/439/485 
f 409/453/409/454 439/484/439/485 410/454/410/455 
f 410/454/410/455 439/484/439/485 440/485/440/486 
f 410/454/410/455 440/485/440/486 411/455/411/456 
f 411/455/411/456 440/485/440/486 441/486/441/487 
f 411/455/411/456 441/486/441/487 412/456/412/457 
f 412/456/412/457 441/486/441/487 442/487/442/488 
f 412/456/412/457 442/487/442/488 413/457/413/458 
f 413/457/413/458 442/487/442/488 443/488/443/489 
f 413/457/413/458 443/488/443/489 414/458/414/459 
f 414/458/414/459 443/488/443/489 444/489/444/490 
f 414/458/414/459 444/489/444/490 415/459/415/460 
f 415/459/415/460 444/489/444/490 445/490/445/491 
f 415/459/415/460 445/490/445/491 416/460/416/461 
f 416/460/416/461 445/490/445/491 446/491/446/492 
f 416/460/416/461 446/491/446/492 417/461/417/462 
f 417/461/417/462 446/491/446/492 447/492/447/493 
f 417/461/417/462 447/492/447/493 418/462/418/463 
f 418/462/418/463 447/492/447/493 26/26/26/26 
f 418/462/418/463 26/26/26/26 24/24/24/24 
f 433/493/433/494 404/463/404/464 419/464/419/465 
f 433/493/433/494 419/464/419/465 448/494/448/495 
f 448/494/448/495 419/464/419/465 420/465/420/466 
f 448/494/448/495 420/465/420/466 449/495/449/496 
f 449/495/449/496 420/465/420/466 421/466/421/467 
f 449/495/449/496 421/466/421/467 450/496/450/497 
f 450/496/450/497 421/466/421/467 422/467/422/468 
f 450/496/450/497 422/467/422/468 451/497/451/498 
f 451/497/451/498 422/467/422/468 423/468/423/469 
f 451/497/451/498 423/468/423/469 452/498/452/499 
f 452/498/452/499 423/468/423/469 424/469/424/470 
f 452/498/452/499 424/469/424/470 453/499/453/500 
f 453/499/453/500 424/469/424/470 425/470/425/471 
f 453/499/453/500 425/470/425/471 454/500/454/501 
f 454/500/454/501 425/470/425/471 426/471/426/472 
f 454/500/454/501 426/471/426/472 455/501/455/502 
f 455/501/455/502 426/471/426/472 427/472/427/473 
f 455/501/455/502 427/472/427/473 456/502/456/503 
f 456/502/456/503 427/472/427/473 428/473/428/474 
f 456/502/456/503 428/473/428/474 457/503/457/504 
f 457/503/457/504 428/473/428/474 429/474/429/475 
f 457/503/457/504 429/474/429/475 458/504/458/505 
f 458/504/458/505 429/474/429/475 430/475/430/476 
f 458/504/458/505 430/475/430/476 459/505/459/506 
f 459/505/459/506 430/475/430/476 431/476/431/477 
f 459/505/459/506 431/476/431/477 460/506/460/507 
f 460/506/460/507 431/476/431/477 432/477/432/478 
f 460/506/460/507 432/477/432/478 461/507/461/508 
f 461/507/461/508 432/477/432/478 25/25/25/25 
f 461/507/461/508 25/25/25/25 27/27/27/27 
f 433/478/433/479 462/508/462/509 463/509/463/510 
f 433/478/433/479 463/509/463/510 434/479/434/480 
f 434/479/434/480 463/509/463/510 464/510/464/511 
f 434/479/434/480 464/510/464/511 435/480/435/481 
f 435/480/435/481 464/510/464/511 465/511/465/512 
f 435/480/435/481 465/511/465/512 436/481/436/482 
f 436/481/436/482 465/511/465/512 466/512/466/513 
f 436/481/436/482 466/512/466/513 437/482/437/483 
f 437/482/437/483 466/512/466/513 467/513/467/514 
f 437/482/437/483 467/513/467/514 438/483/438/484 
f 438/483/438/484 467/513/467/514 468/514/468/515 
f 438/483/438/484 468/514/468/515 439/484/439/485 
f 439/484/439/485 468/514/468/515 469/515/469/516 
f 439/484/439/485 469/515/469/516 440/485/440/486 
f 440/485/440/486 469/515/469/516 470/516/470/517 
f 440/485/440/486 470/516/470/517 441/486/441/487 
f 441/486/441/487 470/516/470/517 471/517/471/518 
f 441/486/441/487 471/517/471/518 442/487/442/488 
f 442/487/442/488 471/517/471/518 472/518/472/519 
f 442/487/442/488 472/518/472/519 443/488/443/489 
f 443/488/443/489 472/518/472/519 473/519/473/520 
f 443/488/443/489 473/519/473/520 444/489/444/490 
f 444/489/444/490 473/519/473/520 474/520/474/521 
f 444/489/444/490 474/520/474/521 445/490/445/491 
f 445/490/445/491 474/520/474/521 475/521/475/522 
f 445/490/445/491 475/521/475/522 446/491/446/492 
f 446/491/446/492 475/521/475/522 476/522/476/523 
f 446/491/446/492 476/522/476/523 447/492/447/493 
f 447/492/447/493 476/522/476/523 28/28/28/28 
f 447/492/447/493 28/28/28/28 26/26/26/26 
f 462/523/462/524 433/493/433/494 448/494/448/495 
f 462/523/462/524 448/494/448/495 477/524/477/525 
f 477/524/477/525 448/494/448/495 449/495/449/496 
f 477/524/477/525 449/495/449/496 478/525/478/526 
f 478/525/478/526 449/495/449/496 450/496/450/497 
f 478/525/478/526 450/496/450/497 479/526/479/527 
f 479/526/479/527 450/496/450/497 451/497/451/498 
f 479/526/479/527 451/497/451/498 480/527/480/528 
f 480/527/480/528 451/497/451/498 452/498/452/499 
f 480/527/480/528 452/498/452/499 481/528/481/529 
f 481/528/481/529 452/498/452/499 453/499/453/500 
f 481/528/481/529 453/499/453/500 482/529/482/530 
f 482/529/482/530 453/499/453/500 454/500/454/501 
f 482/529/482/530 454/500/454/501 483/530/483/531 
f 483/530/483/531 454/500/454/501 455/501/455/502 
f 483/530/483/531 455/501/455/502 484/531/484/532 
f 484/531/484/532 455/501/455/502 456/502/456/503 
f 484/531/484/532 456/502/456/503 485/532/485/533 
f 485/532/485/533 456/502/456/503 457/503/457/504 
f 485/532/485/533 457/503/457/504 486/533/486/534 
f 486/533/486/534 457/503/457/504 458/504/458/505 
f 486/533/486/534 458/504/458/505 487/534/487/535 
f 487/534/487/535 458/504/458/505 459/505/459/506 
f 487/534/487/535 459/505/459/506 488/535/488/536 
f 488/535/488/536 459/505/459/506 460/506/460/507 
f 488/535/488/536 460/506/460/507 489/536/489/537 
f 489/536/489/537 460/506/460/507 461/507/461/508 
f 489/536/489/537 461/507/461/508 490/537/490/538 
f 490/537/490/538 461/507/461/508 27/27/27/27 
f 490/537/490/538 27/27/27/27 29/29/29/29 
f 462/508/462/509 491/538/491/539 492/539/492/540 
f 462/508/462/509 492/539/492/540 463/509/463/510 
f 463/509/463/510 492/539/492/540 493/540/493/541 
f 463/509/463/510 493/540/493/541 464/510/464/511 
f 464/510/464/511 493/540/493/541 494/541/494/542 
f 464/510/464/511 494/541/494/542 465/511/465/512 
f 465/511/465/512 494/541/494/542 495/542/495/543 
f 465/511/465/512 495/542/495/543 466/512/466/513 
f 466/512/466/513 495/542/495/543 496/543/496/544 
f 466/512/466/513 496/543/496/544 467/513/467/514 
f 467/513/467/514 496/543/496/544 497/544/497/545 
f 467/513/467/514 497/544/497/545 468/514/468/515 
f 468/514/468/515 497/544/497/545 498/545/498/546 
f 468/514/468/515 498/545/498/546 469/515/469/516 
f 469/515/469/516 498/545/498/546 499/546/499/547 
f 469/515/469/516 499/546/499/547 470/516/470/517 
f 470/516/470/517 499/546/499/547 500/547/500/548 
f 470/516/470/517 500/547/500/548 471/517/471/518 
f 471/517/471/518 500/547/500/548 501/548/501/549 
f 471/517/471/518 501/548/501/549 472/518/472/519 
f 472/518/472/519 501/548/501/549 502/549/502/550 
f 472/518/472/519 502/549/502/550 473/519/473/520 
f 473/519/473/520 502/549/502/550 503/550/503/551 
f 473/519/473/520 503/550/503/551 474/520/474/521 
f 474/520/474/521 503/550/503/551 504/551/504/552 
f 474/520/474/521 504/551/504/552 475/521/475/522 
f 475/521/475/522 504/551/504/552 505/552/505/553 
f 475/521/475/522 505/552/505/553 476/522/476/523 
f 476/522/476/523 505/552/505/553 30/30/30/30 
f 476/522/476/523 30/30/30/30 28/28/28/28 
f 491/553/491/554 462/523/462/524 477/524/477/525 
f 491/553/491/554 477/524/477/525 506/554/506/555 
f 506/554/506/555 477/524/477/525 478/525/478/526 
f 506/554/506/555 478/525/478/526 507/555/507/556 
f 507/555/507/556 478/525/478/526 479/526/479/527 
f 507/555/507/556 479/526/479/527 508/556/508/557 
f 508/556/508/557 479/526/479/527 480/527/480/528 
f 508/556/508/557 480/527/480/528 509/557/509/558 
f 509/557/509/558 480/527/480/528 481/528/481/529 
f 509/557/509/558 481/528/481/529 510/558/510/559 
f 510/558/510/559 481/528/481/529 482/529/482/530 
f 510/558/510/559 482/529/482/530 511/559/511/560 
f 511/559/511/560 482/529/482/530 483/530/483/531 
f 511/559/511/560 483/530/483/531 512/560/512/561 
f 512/560/512/561 483/530/483/531 484/531/484/532 
f 512/560/512/561 484/531/484/532 513/561/513/562 
f 513/561/513/562 484/531/484/532 485/532/485/533 
f 513/561/513/562 485/532/485/533 514/562/514/563 
f 514/562/514/563 485/532/485/533 486/533/486/534 
f 514/562/514/563 486/533/486/534 515/563/515/564 
f 515/563/515/564 486/533/486/534 487/534/487/535 
f 515/563/515/564 487/534/487/535 516/564/516/565 
f 516/564/516/565 487/534/487/535 488/535/488/536 
f 516/564/516/565 488/535/488/536 517/565/517/566 
f 517/565/517/566 488/535/488/536 489/536/489/537 
f 517/565/517/566 489/536/489/537 518/566/518/567 
f 518/566/518/567 489/536/489/537 490/537/490/538 
f 518/566/518/567 490/537/490/538 519/567/519/568 
f 519/567/519/568 490/537/490/538 29/29/29/29 
f 519/567/519/568 29/29/29/29 31/31/31/31 
f 491/538/491/539 520/568/520/569 521/569/521/570 
f 491/538/491/539 521/569/521/570 492/539/492/540 
f 492/539/492/540 521/569/521/570 522/570/522/571 
f 492/539/492/540 522/570/522/571 493/540/493/541 
f 493/540/493/541 522/570/522/571 523/571/523/572 
f 493/540/493/541 523/571/523/572 494/541/494/542 
f 494/541/494/542 523/571/523/572 524/572/524/573 
f 494/541/494/542 524/572/524/573 495/542/495/543 
f 495/542/495/543 524/572/524/573 525/573/525/574 
f 495/542/495/543 525/573/525/574 496/543/496/544 
f 496/543/496/544 525/573/525/574 526/574/526/575 
f 496/543/496/544 526/574/526/575 497/544/497/545 
f 497/544/497/545 526/574/526/575 527/575/527/576 
f 497/544/497/545 527/575/527/576 498/545/498/546 
f 498/545/498/546 527/575/527/576 528/576/528/577 
f 498/545/498/546 528/576/528/577 499/546/499/547 
f 499/546/499/547 528/576/528/577 529/577/529/578 
f 499/546/499/547 529/577/529/578 500/547/500/548 
f 500/547/500/548 529/577/529/578 530/578/530/579 
f 500/547/500/548 530/578/530/579 501/548/501/549 
f 501/548/501/549 530/578/530/579 531/579/531/580 
f 501/548/501/549 531/579/531/580 502/549/502/550 
f 502/549/502/550 531/579/531/580 532/580/532/581 
f 502/549/502/550 532/580/532/581 503/550/503/551 
f 503/550/503/551 532/580/532/581 533/581/533/582 
f 503/550/503/551 533/581/533/582 504/551/504/552 
f 504/551/504/552 533/581/533/582 534/582/534/583 
f 504/551/504/552 534/582/534/583 505/552/505/553 
f 505/552/505/553 534/582/534/583 32/32/32/32 
f 505/552/505/553 32/32/32/32 30/30/30/30 
f 520/583/520/584 491/553/491/554 506/554/506/555 
f 520/583/520/584 506/554/506/555 535/584/535/585 
f 535/584/535/585 506/554/506/555 507/555/507/556 
f 535/584/535/585 507/555/507/556 536/585/536/586 
f 536/585/536/586 507/555/507/556 508/556/508/557 
f 536/585/536/586 508/556/508/557 537/586/537/587 
f 537/586/537/587 508/556/508/557 509/557/509/558 
f 537/586/537/587 509/557/509/558 538/587/538/588 
f 538/587/538/588 509/557/509/558 510/558/510/559 
f 538/587/538/588 510/558/510/559 539/588/539/589 
f 539/588/539/589 510/558/510/559 511/559/511/560 
f 539/588/539/589 511/559/511/560 540/589/540/590 
f 540/589/540/590 511/559/511/560 512/560/512/561 
f 540/589/540/590 512/560/512/561 541/590/541/591 
f 541/590/541/591 512/560/512/561 513/561/513/562 
f 541/590/541/591 513/561/513/562 542/591/542/592 
f 542/591/542/592 513/561/513/562 514/562/514/563 
f 542/591/542/592 514/562/514/563 543/592/543/593 
f 543/592/543/593 514/562/514/563 515/563/515/564 
f 543/592/543/593 515/563/515/564 544/593/544/594 
f 544/593/544/594 515/563/515/564 516/564/516/565 
f 544/593/544/594 516/564/516/565 545/594/545/595 
f 545/594/545/595 516/564/516/565 517/565/517/566 
f 545/594/545/595 517/565/517/566 546/595/546/596 
f 546/595/546/596 517/565/517/566 518/566/518/567 
f 546/595/546/596 518/566/518/567 547/596/547/597 
f 547/596/547/597 518/566/518/567 519/567/519/568 
f 547/596/547/597 519/567/519/568 548/597/548/598 
f 548/597/548/598 519/567/519/568 31/31/31/31 
f 548/597/548/598 31/31/31/31 33/33/33/33 
f 520/568/520/569 549/598/549/599 550/599/550/600 
f 520/568/520/569 550/599/550/600 521/569/521/570 
f 521/569/521/570 550/599/550/600 551/600/551/601 
f 521/569/521/570 551/600/551/601 522/570/522/571 
f 522/570/522/571 551/600/551/601 552/601/552/602 
f 522/570/522/571 552/601/552/602 523/571/523/572 
f 523/571/523/572 552/601/552/602 553/602/553/603 
f 523/571/523/572 553/602/553/603 524/572/524/573 
f 524/572/524/573 553/602/553/603 554/603/554/604 
f 524/572/524/573 554/603/554/604 525/573/525/574 
f 525/573/525/574 554/603/554/604 555/604/555/605 
f 525/573/525/574 555/604/555/605 526/574/526/575 
f 526/574/526/575 555/604/555/605 556/605/556/606 
f 526/574/526/575 556/605/556/606 527/575/527/576 
f 527/575/527/576 556/605/556/606 557/606/557/607 
f 527/575/527/576 557/606/557/607 528/576/528/577 
f 528/576/528/577 557/606/557/607 558/607/558/608 
f 528/576/528/577 558/607/558/608 529/577/529/578 
f 529/577/529/578 558/607/558/608 559/608/559/609 
f 529/577/529/578 559/608/559/609 530/578/530/579 
f 530/578/530/579 559/608/559/609 560/609/560/610 
f 530/578/530/579 560/609/560/610 531/579/531/580 
f 531/579/531/580 560/609/560/610 561/610/561/611 
f 531/579/531/580 561/610/561/611 532/580/532/581 
f 532/580/532/581 561/610/561/611 562/611/562/612 
f 532/580/532/581 562/611/562/612 533/581/533/582 
f 533/581/533/582 562/611/562/612 563/612/563/613 
f 533/581/533/582 563/612/563/613 534/582/534/583 
f 534/582/534/583 563/612/563/613 34/34/34/34 
f 534/582/534/583 34/34/34/34 32/32/32/32 
f 549/613/549/614 520/583/520/584 535/584/535/585 
f 549/613/549/614 535/584/535/585 564/614/564/615 
f 564/614/564/615 535/584/535/585 536/585/536/586 
f 564/614/564/615 536/585/536/586 565/615/565/616 
f 565/615/565/616 536/585/536/586 537/586/537/587 
f 565/615/565/616 537/586/537/587 566/616/566/617 
f 566/616/566/617 537/586/537/587 538/587/538/588 
f 566/616/566/617 538/587/538/588 567/617/567/618 
f 567/617/567/618 538/587/538/588 539/588/539/589 
f 567/617/567/618 539/588/539/589 568/618/568/619 
f 568/618/568/619 539/588/539/589 540/589/540/590 
f 568/618/568/619 540/589/540/590 569/619/569/620 
f 569/619/569/620 540/589/540/590 541/590/541/591 
f 569/619/569/620 541/590/541/591 570/620/570/621 
f 570/620/570/621 541/590/541/591 542/591/542/592 
f 570/620/570/621 542/591/542/592 571/621/571/622 
f 571/621/571/622 542/591/542/592 543/592/543/593 
f 571/621/571/622 543/592/543/593 572/622/572/623 
f 572/622/572/623 543/592/543/593 544/593/544/594 
f 572/622/572/623 544/593/544/594 573/623/573/624 
f 573/623/573/624 544/593/544/594 545/594/545/595 
f 573/623/573/624 545/594/545/595 574/624/574/625 
f 574/624/574/625 545/594/545/595 546/595/546/596 
f 574/624/574/625 546/595/546/596 575/625/575/626 
f 575/625/575/626 546/595/546/596 547/596/547/597 
f 575/625/575/626 547/596/547/597 576/626/576/627 
f 576/626/576/627 547/596/547/597 548/597/548/598 
f 576/626/576/627 548/597/548/598 577/627/577/628 
f 577/627/577/628 548/597/548/598 33/33/33/33 
f 577/627/577/628 33/33/33/33 35/35/35/35 
f 549/598/549/599 578/628/578/629 579/629/579/630 
f 549/598/549/599 579/629/579/630 550/599/550/600 
f 550/599/550/600 579/629/579/630 580/630/580/631 
f 550/599/550/600 580/630/580/631 551/600/551/601 
f 551/600/551/601 580/630/580/631 581/631/581/632 
f 551/600/551/601 581/631/581/632 552/601/552/602 
f 552/601/552/602 581/631/581/632 582/632/582/633 
f 552/601/552/602 582/632/582/633 553/602/553/603 
f 553/602/553/603 582/632/582/633 583/633/583/634 
f 553/602/553/603 583/633/583/634 554/603/554/604 
f 554/603/554/604 583/633/583/634 584/634/584/635 
f 554/603/554/604 584/634/584/635 555/604/555/605 
f 555/604/555/605 584/634/584/635 585/635/585/636 
f 555/604/555/605 585/635/585/636 556/605/556/606 
f 556/605/556/606 585/635/585/636 586/636/586/637 
f 556/605/556/606 586/636/586/637 557/606/557/607 
f 557/606/557/607 586/636/586/637 587/637/587/638 
f 557/606/557/607 587/637/587/638 558/607/558/608 
f 558/607/558/608 587/637/587/638 588/638/588/639 
f 558/607/558/608 588/638/588/639 559/608/559/609 
f 559/608/559/609 588/638/588/639 589/639/589/640 
f 559/608/559/609 589/639/589/640 560/609/560/610 
f 560/609/560/610 589/639/589/640 590/640/590/641 
f 560/609/560/610 590/640/590/641 561/610/561/611 
f 561/610/561/611 590/640/590/641 591/641/591/642 
f 561/610/561/611 591/641/591/642 562/611/562/612 
f 562/611/562/612 591/641/591/642 592/642/592/643 
f 562/611/562/612 592/642/592/643 563/612/563/613 
f 563/612/563/613 592/642/592/643 36/36/36/36 
f 563/612/563/613 36/36/36/36 34/34/34/34 
f 578/643/578/644 549/613/549/614 564/614/564/615 
f 578/643/578/644 564/614/564/615 593/644/593/645 
f 593/644/593/645 564/614/564/615 565/615/565/616 
f 593/644/593/645 565/615/565/616 594/645/594/646 
f 594/645/594/646 565/615/565/616 566/616/566/617 
f 594/645/594/646 566/616/566/617 595/646/595/647 
f 595/646/595/647 566/616/566/617 567/617/567/618 
f 595/646/595/647 567/617/567/618 596/647/596/648 
f 596/647/596/648 567/617/567/618 568/618/568/619 
f 596/647/596/648 568/618/568/619 597/648/597/649 
f 597/648/597/649 568/618/568/619 569/619/569/620 
f 597/648/597/649 569/619/569/620 598/649/598/650 
f 598/649/598/650 569/619/569/620 570/620/570/621 
f 598/649/598/650 570/620/570/621 599/650/599/651 
f 599/650/599/651 570/620/570/621 571/621/571/622 
f 599/650/599/651 571/621/571/622 600/651/600/652 
f 600/651/600/652 571/621/571/622 572/622/572/623 
f 600/651/600/652 572/622/572/623 601/652/601/653 
f 601/652/601/653 572/622/572/623 573/623/573/624 
f 601/652/601/653 573/623/573/624 602/653/602/654 
f 602/653/602/654 573/623/573/624 574/624/574/625 
f 602/653/602/654 574/624/574/625 603/654/603/655 
f 603/654/603/655 574/624/574/625 575/625/575/626 
f 603/654/603/655 575/625/575/626 604/655/604/656 
f 604/655/604/656 575/625/575/626 576/626/576/627 
f 604/655/604/656 576/626/576/627 605/656/605/657 
f 605/656/605/657 576/626/576/627 577/627/577/628 
f 605/656/605/657 577/627/577/628 606/657/606/658 
f 606/657/606/658 577/627/577/628 35/35/35/35 
f 606/657/606/658 35/35/35/35 37/37/37/37 
f 578/628/578/629 607/658/607/659 608/659/608/660 
f 578/628/578/629 608/659/608/660 579/629/579/630 
f 579/629/579/630 608/659/608/660 609/660/609/661 
f 579/629/579/630 609/660/609/661 580/630/580/631 
f 580/630/580/631 609/660/609/661 610/661/610/662 
f 580/630/580/631 610/661/610/662 581/631/581/632 
f 581/631/581/632 610/661/610/662 611/662/611/663 
f 581/631/581/632 611/662/611/663 582/632/582/633 
f 582/632/582/633 611/662/611/663 612/663/612/664 
f 582/632/582/633 612/663/612/664 583/633/583/634 
f 583/633/583/634 612/663/612/664 613/664/613/665 
f 583/633/583/634 613/664/613/665 584/634/584/635 
f 584/634/584/635 613/664/613/665 614/665/614/666 
f 584/634/584/635 614/665/614/666 585/635/585/636 
f 585/635/585/636 614/665/614/666 615/666/615/667 
f 585/635/585/636 615/666/615/667 586/636/586/637 
f 586/636/586/637 615/666/615/667 616/667/616/668 
f 586/636/586/637 616/667/616/668 587/637/587/638 
f 587/637/587/638 616/667/616/668 617/668/617/669 
f 587/637/587/638 617/668/617/669 588/638/588/639 
f 588/638/588/639 617/668/617/669 618/669/618/670 
f 588/638/588/639 618/669/618/670 589/639/589/640 
f 589/639/589/640 618/669/618/670 619/670/619/671 
f 589/639/589/640 619/670/619/671 590/640/590/641 
f 590/640/590/641 619/670/619/671 620/671/620/672 
f 590/640/590/641 620/671/620/672 591/641/591/642 
f 591/641/591/642 620/671/620/672 621/672/621/673 
f 591/641/591/642 621/672/621/673 592/642/592/643 
f 592/642/592/643 621/672/621/673 38/38/38/38 
f 592/642/592/643 38/38/38/38 36/36/36/36 
f 607/673/607/674 578/643/578/644 593/644/593/645 
f 607/673/607/674 593/644/593/645 622/674/622/675 
f 622/674/622/675 593/644/593/645 594/645/594/646 
f 622/674/622/675 594/645/594/646 623/675/623/676 
f 623/675/623/676 594/645/594/646 595/646/595/647 
f 623/675/623/676 595/646/595/647 624/676/624/677 
f 624/676/624/677 595/646/595/647 596/647/596/648 
f 624/676/624/677 596/647/596/648 625/677/625/678 
f 625/677/625/678 596/647/596/648 597/648/597/649 
f 625/677/625/678 597/648/597/649 626/678/626/679 
f 626/678/626/679 597/648/597/649 598/649/598/650 
f 626/678/626/679 598/649/598/650 627/679/627/680 
f 627/679/627/680 598/649/598/650 599/650/599/651 
f 627/679/627/680 599/650/599/651 628/680/628/681 
f 628/680/628/681 599/650/599/651 600/651/600/652 
f 628/680/628/681 600/651/600/652 629/681/629/682 
f 629/681/629/682 600/651/600/652 601/652/601/653 
f 629/681/629/682 601/652/601/653 630/682/630/683 
f 630/682/630/683 601/652/601/653 602/653/602/654 
f 630/682/630/683 602/653/602/654 631/683/631/684 
f 631/683/631/684 602/653/602/654 603/654/603/655 
f 631/683/631/684 603/654/603/655 632/684/632/685 
f 632/684/632/685 603/654/603/655 604/655/604/656 
f 632/684/632/685 604/655/604/656 633/685/633/686 
f 633/685/633/686 604/655/604/656 605/656/605/657 
f 633/685/633/686 605/656/605/657 634/686/634/687 
f 634/686/634/687 605/656/605/657 606/657/606/658 
f 634/686/634/687 606/657/606/658 635/687/635/688 
f 635/687/635/688 606/657/606/658 37/37/37/37 
f 635/687/635/688 37/37/37/37 39/39/39/39 
f 607/658/607/659 636/688/636/689 637/689/637/690 
f 607/658/607/659 637/689/637/690 608/659/608/660 
f 608/659/608/660 637/689/637/690 638/690/638/691 
f 608/659/608/660 638/690/638/691 609/660/609/661 
f 609/660/609/661 638/690/638/691 639/691/639/692 
f 609/660/609/661 639/691/639/692 610/661/610/662 
f 610/661/610/662 639/691/639/692 640/692/640/693 
f 610/661/610/662 640/692/640/693 611/662/611/663 
f 611/662/611/663 640/692/640/693 641/693/641/694 
f 611/662/611/663 641/693/641/694 612/663/612/664 
f 612/663/612/664 641/693/641/694 642/694/642/695 
f 612/663/612/664 642/694/642/695 613/664/613/665 
f 613/664/613/665 642/694/642/695 643/695/643/696 
f 613/664/613/665 643/695/643/696 614/665/614/666 
f 614/665/614/666 643/695/643/696 644/696/644/697 
f 614/665/614/666 644/696/644/697 615/666/615/667 
f 615/666/615/667 644/696/644/697 645/697/645/698 
f 615/666/615/667 645/697/645/698 616/667/616/668 
f 616/667/616/668 645/697/645/698 646/698/646/699 
f 616/667/616/668 646/698/646/699 617/668/617/669 
f 617/668/617/669 646/698/646/699 647/699/647/700 
f 617/668/617/669 647/699/647/700 618/669/618/670 
f 618/669/618/670 647/699/647/700 648/700/648/701 
f 618/669/618/670 648/700/648/701 619/670/619/671 
f 619/670/619/671 648/700/648/701 649/701/649/702 
f 619/670/619/671 649/701/649/702 620/671/620/672 
f 620/671/620/672 649/701/649/702 650/702/650/703 
f 620/671/620/672 650/702/650/703 621/672/621/673 
f 621/672/621/673 650/702/650/703 40/40/40/40 
f 621/672/621/673 40/40/40/40 38/38/38/38 
f 636/703/636/704 607/673/607/674 622/674/622/675 
f 636/703/636/704 622/674/622/675 651/704/651/705 
f 651/704/651/705 622/674/622/675 623/675/623/676 
f 651/704/651/705 623/675/623/676 652/705/652/706 
f 652/705/652/706 623/675/623/676 624/676/624/677 
f 652/705/652/706 624/676/624/677 653/706/653/707 
f 653/706/653/707 624/676/624/677 625/677/625/678 
f 653/706/653/707 625/677/625/678 654/707/654/708 
f 654/707/654/708 625/677/625/678 626/678/626/679 
f 654/707/654/708 626/678/626/679 655/708/655/709 
f 655/708/655/709 626/678/626/679 627/679/627/680 
f 655/708/655/709 627/679/627/680 656/709/656/710 
f 656/709/656/710 627/679/627/680 628/680/628/681 
f 656/709/656/710 628/680/628/681 657/710/657/711 
f 657/710/657/711 628/680/628/681 629/681/629/682 
f 657/710/657/711 629/681/629/682 658/711/658/712 
f 658/711/658/712 629/681/629/682 630/682/630/683 
f 658/711/658/712 630/682/630/683 659/712/659/713 
f 659/712/659/713 630/682/630/683 631/683/631/684 
f 659/712/659/713 631/683/631/684 660/713/660/714 
f 660/713/660/714 631/683/631/684 632/684/632/685 
f 660/713/660/714 632/684/632/685 661/714/661/715 
f 661/714/661/715 632/684/632/685 633/685/633/686 
f 661/714/661/715 633/685/633/686 662/715/662/716 
f 662/715/662/716 633/685/633/686 634/686/634/687 
f 662/715/662/716 634/686/634/687 663/716/663/717 
f 663/716/663/717 634/686/634/687 635/687/635/688 
f 663/716/663/717 635/687/635/688 664/717/664/718 
f 664/717/664/718 635/687/635/688 39/39/39/39 
f 664/717/664/718 39/39/39/39 41/41/41/41 
f 636/688/636/689 665/718/665/719 666/719/666/720 
f 636/688/636/689 666/719/666/720 637/689/637/690 
f 637/689/637/690 666/719/666/720 667/720/667/721 
f 637/689/637/690 667/720/667/721 638/690/638/691 
f 638/690/638/691 667/720/667/721 668/721/668/722 
f 638/690/638/691 668/721/668/722 639/691/639/692 
f 639/691/639/692 668/721/668/722 669/722/669/723 
f 639/691/639/692 669/722/669/723 640/692/640/693 
f 640/692/640/693 669/722/669/723 670/723/670/724 
f 640/692/640/693 670/723/670/724 641/693/641/694 
f 641/693/641/694 670/723/670/724 671/724/671/725 
f 641/693/641/694 671/724/671/725 642/694/642/695 
f 642/694/642/695 671/724/671/725 672/725/672/726 
f 642/694/642/695 672/725/672/726 643/695/643/696 
f 643/695/643/696 672/725/672/726 673/726/673/727 
f 643/695/643/696 673/726/673/727 644/696/644/697 
f 644/696/644/697 673/726/673/727 674/727/674/728 
f 644/696/644/697 674/727/674/728 645/697/645/698 
f 645/697/645/698 674/727/674/728 675/728/675/729 
f 645/697/645/698 675/728/675/729 646/698/646/699 
f 646/698/646/699 675/728/675/729 676/729/676/730 
f 646/698/646/699 676/729/676/730 647/699/647/700 
f 647/699/647/700 676/729/676/730 677/730/677/731 
f 647/699/647/700 677/730/677/731 648/700/648/701 
f 648/700/648/701 677/730/677/731 678/731/678/732 
f 648/700/648/701 678/731/678/732 649/701/649/702 
f 649/701/649/702 678/731/678/732 679/732/679/733 
f 649/701/649/702 679/732/679/733 650/702/650/703 
f 650/702/650/703 679/732/679/733 42/42/42/42 
f 650/702/650/703 42/42/42/42 40/40/40/40 
f 665/733/665/734 636/703/636/704 651/704/651/705 
f 665/733/665/734 651/704/651/705 680/734/680/735 
f 680/734/680/735 651/704/651/705 652/705/652/706 
f 680/734/680/735 652/705/652/706 681/735/681/736 
f 681/735/681/736 652/705/652/706 653/706/653/707 
f 681/735/681/736 653/706/653/707 682/736/682/737 
f 682/736/682/737 653/706/653/707 654/707/654/708 
f 682/736/682/737 654/707/654/708 683/737/683/738 
f 683/737/683/738 654/707/654/708 655/708/655/709 
f 683/737/683/738 655/708/655/709 684/738/684/739 
f 684/738/684/739 655/708/655/709 656/709/656/710 
f 684/738/684/739 656/709/656/710 685/739/685/740 
f 685/739/685/740 656/709/656/710 657/710/657/711 
f 685/739/685/740 657/710/657/711 686/740/686/741 
f 686/740/686/741 657/710/657/711 658/711/658/712 
f 686/740/686/741 658/711/658/712 687/741/687/742 
f 687/741/687/742 658/711/658/712 659/712/659/713 
f 687/741/687/742 659/712/659/713 688/742/688/743 
f 688/742/688/743 659/712/659/713 660/713/660/714 
f 688/742/688/743 660/713/660/714 689/743/689/744 
f 689/743/689/744 660/713/660/714 661/714/661/715 
f 689/743/689/744 661/714/661/715 690/744/690/745 
f 690/744/690/745 661/714/661/715 662/715/662/716 
f 690/744/690/745 662/715/662/716 691/745/691/746 
f 691/745/691/746 662/715/662/716 663/716/663/717 
f 691/745/691/746 663/716/663/717 692/746/692/747 
f 692/746/692/747 663/716/663/717 664/717/664/718 
f 692/746/692/747 664/717/664/718 693/747/693/748 
f 693/747/693/748 664/717/664/718 41/41/41/41 
f 693/747/693/748 41/41/41/41 43/43/43/43 
f 694/748/694/749 695/749/695/750 696/750/696/751 
f 694/748/694/749 696/750/696/751 697/751/697/752 
f 697/751/697/752 696/750/696/751 698/752/698/753 
f 697/751/697/752 698/752/698/753 699/753/699/754 
f 699/753/699/754 698/752/698/753 700/754/700/755 
f 699/753/699/754 700/754/700/755 701/755/701/756 
f 701/755/701/756 700/754/700/755 702/756/702/757 
f 701/755/701/756 702/756/702/757 703/757/703/758 
f 703/757/703/758 702/756/702/757 704/758/704/759 
f 703/757/703/758 704/758/704/759 705/759/705/760 
f 705/759/705/760 704/758/704/759 706/760/706/761 
f 705/759/705/760 706/760/706/761 707/761/707/762 
f 707/761/707/762 706/760/706/761 708/762/708/763 
f 707/761/707/762 708/762/708/763 709/763/709/764 
f 709/763/709/764 708/762/708/763 710/764/710/765 
f 709/763/709/764 710/764/710/765 711/765/711/766 
f 711/765/711/766 710/764/710/765 712/766/712/767 
f 711/765/711/766 712/766/712/767 713/767/713/768 
f 713/767/713/768 712/766/712/767 714/768/714/769 
f 713/767/713/768 714/768/714/769 715/769/715/770 
f 715/769/715/770 714/768/714/769 716/770/716/771 
f 715/769/715/770 716/770/716/771 717/771/717/772 
f 717/771/717/772 716/770/716/771 718/772/718/773 
f 717/771/717/772 718/772/718/773 719/773/719/774 
f 719/773/719/774 718/772/718/773 720/774/720/775 
f 719/773/719/774 720/774/720/775 721/775/721/776 
f 721/775/721/776 720/774/720/775 722/776/722/777 
f 721/775/721/776 722/776/722/777 723/777/723/778 
f 723/777/723/778 722/776/722/777 45/45/45/45 
f 723/777/723/778 45/45/45/45 44/44/44/44 
f 695/778/695/779 694/779/694/780 724/780/724/781 
f 695/778/695/779 724/780/724/781 725/781/725/782 
f 725/781/725/782 724/780/724/781 726/782/726/783 
f 725/781/725/782 726/782/726/783 727/783/727/784 
f 727/783/727/784 726/782/726/783 728/784/728/785 
f 727/783/727/784 728/784/728/785 729/785/729/786 
f 729/785/729/786 728/784/728/785 730/786/730/787 
f 729/785/729/786 730/786/730/787 731/787/731/788 
f 731/787/731/788 730/786/730/787 732/788/732/789 
f 731/787/731/788 732/788/732/789 733/789/733/790 
f 733/789/733/790 732/788/732/789 734/790/734/791 
f 733/789/733/790 734/790/734/791 735/791/735/792 
f 735/791/735/792 734/790/734/791 736/792/736/793 
f 735/791/735/792 736/792/736/793 737/793/737/794 
f 737/793/737/794 736/792/736/793 738/794/738/795 
f 737/793/737/794 738/794/738/795 739/795/739/796 
f 739/795/739/796 738/794/738/795 740/796/740/797 
f 739/795/739/796 740/796/740/797 741/797/741/798 
f 741/797/741/798 740/796/740/797 742/798/742/799 
f 741/797/741/798 742/798/742/799 743/799/743/800 
f 743/799/743/800 742/798/742/799 744/800/744/801 
f 743/799/743/800 744/800/744/801 745/801/745/802 
f 745/801/745/802 744/800/744/801 746/802/746/803 
f 745/801/745/802 746/802/746/803 747/803/747/804 
f 747/803/747/804 746/802/746/803 748/804/748/805 
f 747/803/747/804 748/804/748/805 749/805/749/806 
f 749/805/749/806 748/804/748/805 750/806/750/807 
f 749/805/749/806 750/806/750/807 751/807/751/808 
f 751/807/751/808 750/806/750/807 47/47/47/47 
f 751/807/751/808 47/47/47/47 46/46/46/46 
f 695/749/695/750 752/808/752/809 753/809/753/810 
f 695/749/695/750 753/809/753/810 696/750/696/751 
f 696/750/696/751 753/809/753/810 754/810/754/811 
f 696/750/696/751 754/810/754/811 698/752/698/753 
f 698/752/698/753 754/810/754/811 755/811/755/812 
f 698/752/698/753 755/811/755/812 700/754/700/755 
f 700/754/700/755 755/811/755/812 756/812/756/813 
f 700/754/700/755 756/812/756/813 702/756/702/757 
f 702/756/702/757 756/812/756/813 757/813/757/814 
f 702/756/702/757 757/813/757/814 704/758/704/759 
f 704/758/704/759 757/813/757/814 758/814/758/815 
f 704/758/704/759 758/814/758/815 706/760/706/761 
f 706/760/706/761 758/814/758/815 759/815/759/816 
f 706/760/706/761 759/815/759/816 708/762/708/763 
f 708/762/708/763 759/815/759/816 760/816/760/817 
f 708/762/708/763 760/816/760/817 710/764/710/765 
f 710/764/710/765 760/816/760/817 761/817/761/818 
f 710/764/710/765 761/817/761/818 712/766/712/767 
f 712/766/712/767 761/817/761/818 762/818/762/819 
f 712/766/712/767 762/818/762/819 714/768/714/769 
f 714/768/714/769 762/818/762/819 763/819/763/820 
f 714/768/714/769 763/819/763/820 716/770/716/771 
f 716/770/716/771 763/819/763/820 764/820/764/821 
f 716/770/716/771 764/820/764/821 718/772/718/773 
f 718/772/718/773 764/820/764/821 765/821/765/822 
f 718/772/718/773 765/821/765/822 720/774/720/775 
f 720/774/720/775 765/821/765/822 766/822/766/823 
f 720/774/720/775 766/822/766/823 722/776/722/777 
f 722/776/722/777 766/822/766/823 48/48/48/48 
f 722/776/722/777 48/48/48/48 45/45/45/45 
f 752/823/752/824 695/778/695/779 725/781/725/782 
f 752/823/752/824 725/781/725/782 767/824/767/825 
f 767/824/767/825 725/781/725/782 727/783/727/784 
f 767/824/767/825 727/783/727/784 768/825/768/826 
f 768/825/768/826 727/783/727/784 729/785/729/786 
f 768/825/768/826 729/785/729/786 769/826/769/827 
f 769/826/769/827 729/785/729/786 731/787/731/788 
f 769/826/769/827 731/787/731/788 770/827/770/828 
f 770/827/770/828 731/787/731/788 733/789/733/790 
f 770/827/770/828 733/789/733/790 771/828/771/829 
f 771/828/771/829 733/789/733/790 735/791/735/792 
f 771/828/771/829 735/791/735/792 772/829/772/830 
f 772/829/772/830 735/791/735/792 737/793/737/794 
f 772/829/772/830 737/793/737/794 773/830/773/831 
f 773/830/773/831 737/793/737/794 739/795/739/796 
f 773/830/773/831 739/795/739/796 774/831/774/832 
f 774/831/774/832 739/795/739/796 741/797/741/798 
f 774/831/774/832 741/797/741/798 775/832/775/833 
f 775/832/775/833 741/797/741/798 743/799/743/800 
f 775/832/775/833 743/799/743/800 776/833/776/834 
f 776/833/776/834 743/799/743/800 745/801/745/802 
f 776/833/776/834 745/801/745/802 777/834/777/835 
f 777/834/777/835 745/801/745/802 747/803/747/804 
f 777/834/777/835 747/803/747/804 778/835/778/836 
f 778/835/778/836 747/803/747/804 749/805/749/806 
f 778/835/778/836 749/805/749/806 779/836/779/837 
f 779/836/779/837 749/805/749/806 751/807/751/808 
f 779/836/779/837 751/807/751/808 780/837/780/838 
f 780/837/780/838 751/807/751/808 46/46/46/46 
f 780/837/780/838 46/46/46/46 49/49/49/49 
f 752/808/752/809 781/838/781/839 782/839/782/840 
f 752/808/752/809 782/839/782/840 753/809/753/810 
f 753/809/753/810 782/839/782/840 783/840/783/841 
f 753/809/753/810 783/840/783/841 754/810/754/811 
f 754/810/754/811 783/840/783/841 784/841/784/842 
f 754/810/754/811 784/841/784/842 755/811/755/812 
f 755/811/755/812 784/841/784/842 785/842/785/843 
f 755/811/755/812 785/842/785/843 756/812/756/813 
f 756/812/756/813 785/842/785/843 786/843/786/844 
f 756/812/756/813 786/843/786/844 757/813/757/814 
f 757/813/757/814 786/843/786/844 787/844/787/845 
f 757/813/757/814 787/844/787/845 758/814/758/815 
f 758/814/758/815 787/844/787/845 788/845/788/846 
f 758/814/758/815 788/845/788/846 759/815/759/816 
f 759/815/759/816 788/845/788/846 789/846/789/847 
f 759/815/759/816 789/846/789/847 760/816/760/817 
f 760/816/760/817 789/846/789/847 790/847/790/848 
f 760/816/760/817 790/847/790/848 761/817/761/818 
f 761/817/761/818 790/847/790/848 791/848/791/849 
f 761/817/761/818 791/848/791/849 762/818/762/819 
f 762/818/762/819 791/848/791/849 792/849/792/850 
f 762/818/762/819 792/849/792/850 763/819/763/820 
f 763/819/763/820 792/849/792/850 793/850/793/851 
f 763/819/763/820 793/850/793/851 764/820/764/821 
f 764/820/764/821 793/850/793/851 794/851/794/852 
f 764/820/764/821 794/851/794/852 765/821/765/822 
f 765/821/765/822 794/851/794/852 795/852/795/853 
f 765/821/765/822 795/852/795/853 766/822/766/823 
f 766/822/766/823 795/852/795/853 50/50/50/50 
f 766/822/766/823 50/50/50/50 48/48/48/48 
f 781/853/781/854 752/823/752/824 767/824/767/825 
f 781/853/781/854 767/824/767/825 796/854/796/855 
f 796/854/796/855 767/824/767/825 768/825/768/826 
f 796/854/796/855 768/825/768/826 797/855/797/856 
f 797/855/797/856 768/825/768/826 769/826/769/827 
f 797/855/797/856 769/826/769/827 798/856/798/857 
f 798/856/798/857 769/826/769/827 770/827/770/828 
f 798/856/798/857 770/827/770/828 799/857/799/858 
f 799/857/799/858 770/827/770/828 771/828/771/829 
f 799/857/799/858 771/828/771/829 800/858/800/859 
f 800/858/800/859 771/828/771/829 772/829/772/830 
f 800/858/800/859 772/829/772/830 801/859/801/860 
f 801/859/801/860 772/829/772/830 773/830/773/831 
f 801/859/801/860 773/830/773/831 802/860/802/861 
f 802/860/802/861 773/830/773/831 774/831/774/832 
f 802/860/802/861 774/831/774/832 803/861/803/862 
f 803/861/803/862 774/831/774/832 775/832/775/833 
f 803/861/803/862 775/832/775/833 804/862/804/863 
f 804/862/804/863 775/832/775/833 776/833/776/834 
f 804/862/804/863 776/833/776/834 805/863/805/864 
f 805/863/805/864 776/833/776/834 777/834/777/835 
f 805/863/805/864 777/834/777/835 806/864/806/865 
f 806/864/806/865 777/834/777/835 778/835/778/836 
f 806/864/806/865 778/835/778/836 807/865/807/866 
f 807/865/807/866 778/835/778/836 779/836/779/837 
f 807/865/807/866 779/836/779/837 808/866/808/867 
f 808/866/808/867 779/836/779/837 780/837/780/838 
f 808/866/808/867 780/837/780/838 809/867/809/868 
f 809/867/809/868 780/837/780/838 49/49/49/49 
f 809/867/809/868 49/49/49/49 51/51/51/51 
f 781/838/781/839 810/868/810/869 811/869/811/870 
f 781/838/781/839 811/869/811/870 782/839/782/840 
f 782/839/782/840 811/869/811/870 812/870/812/871 
f 782/839/782/840 812/870/812/871 783/840/783/841 
f 783/840/783/841 812/870/812/871 813/871/813/872 
f 783/840/783/841 813/871/813/872 784/841/784/842 
f 784/841/784/842 813/871/813/872 814/872/814/873 
f 784/841/784/842 814/872/814/873 785/842/785/843 
f 785/842/785/843 814/872/814/873 815/873/815/874 
f 785/842/785/843 815/873/815/874 786/843/786/844 
f 786/843/786/844 815/873/815/874 816/874/816/875 
f 786/843/786/844 816/874/816/875 787/844/787/845 
f 787/844/787/845 816/874/816/875 817/875/817/876 
f 787/844/787/845 817/875/817/876 788/845/788/846 
f 788/845/788/846 817/875/817/876 818/876/818/877 
f 788/845/788/846 818/876/818/877 789/846/789/847 
f 789/846/789/847 818/876/818/877 819/877/819/878 
f 789/846/789/847 819/877/819/878 790/847/790/848 
f 790/847/790/848 819/877/819/878 820/878/820/879 
f 790/847/790/848 820/878/820/879 791/848/791/849 
f 791/848/791/849 820/878/820/879 821/879/821/880 
f 791/848/791/849 821/879/821/880 792/849/792/850 
f 792/849/792/850 821/879/821/880 822/880/822/881 
f 792/849/792/850 822/880/822/881 793/850/793/851 
f 793/850/793/851 822/880/822/881 823/881/823/882 
f 793/850/793/851 823/881/823/882 794/851/794/852 
f 794/851/794/852 823/881/823/882 824/882/824/883 
f 794/851/794/852 824/882/824/883 795/852/795/853 
f 795/852/795/853 824/882/824/883 52/52/52/52 
f 795/852/795/853 52/52/52/52 50/50/50/50 
f 810/883/810/884 781/853/781/854 796/854/796/855 
f 810/883/810/884 796/854/796/855 825/884/825/885 
f 825/884/825/885 796/854/796/855 797/855/797/856 
f 825/884/825/885 797/855/797/856 826/885/826/886 
f 826/885/826/886 797/855/797/856 798/856/798/857 
f 826/885/826/886 798/856/798/857 827/886/827/887 
f 827/886/827/887 798/856/798/857 799/857/799/858 
f 827/886/827/887 799/857/799/858 828/887/828/888 
f 828/887/828/888 799/857/799/858 800/858/800/859 
f 828/887/828/888 800/858/800/859 829/888/829/889 
f 829/888/829/889 800/858/800/859 801/859/801/860 
f 829/888/829/889 801/859/801/860 830/889/830/890 
f 830/889/830/890 801/859/801/860 802/860/802/861 
f 830/889/830/890 802/860/802/861 831/890/831/891 
f 831/890/831/891 802/860/802/861 803/861/803/862 
f 831/890/831/891 803/861/803/862 832/891/832/892 
f 832/891/832/892 803/861/803/862 804/862/804/863 
f 832/891/832/892 804/862/804/863 833/892/833/893 
f 833/892/833/893 804/862/804/863 805/863/805/864 
f 833/892/833/893 805/863/805/864 834/893/834/894 
f 834/893/834/894 805/863/805/864 806/864/806/865 
f 834/893/834/894 806/864/806/865 835/894/835/895 
f 835/894/835/895 806/864/806/865 807/865/807/866 
f 835/894/835/895 807/865/807/866 836/895/836/896 
f 836/895/836/896 807/865/807/866 808/866/808/867 
f 836/895/836/896 808/866/808/867 837/896/837/897 
f 837/896/837/897 808/866/808/867 809/867/809/868 
f 837/896/837/897 809/867/809/868 838/897/838/898 
f 838/897/838/898 809/867/809/868 51/51/51/51 
f 838/897/838/898 51/51/51/51 53/53/53/53 
f 810/868/810/869 839/898/839/899 840/899/840/900 
f 810/868/810/869 840/899/840/900 811/869/811/870 
f 811/869/811/870 840/899/840/900 841/900/841/901 
f 811/869/811/870 841/900/841/901 812/870/812/871 
f 812/870/812/871 841/900/841/901 842/901/842/902 
f 812/870/812/871 842/901/842/902 813/871/813/872 
f 813/871/813/872 842/901/842/902 843/902/843/903 
f 813/871/813/872 843/902/843/903 814/872/814/873 
f 814/872/814/873 843/902/843/903 844/903/844/904 
f 814/872/814/873 844/903/844/904 815/873/815/874 
f 815/873/815/874 844/903/844/904 845/904/845/905 
f 815/873/815/874 845/904/845/905 816/874/816/875 
f 816/874/816/875 845/904/845/905 846/905/846/906 
f 816/874/816/875 846/905/846/906 817/875/817/876 
f 817/875/817/876 846/905/846/906 847/906/847/907 
f 817/875/817/876 847/906/847/907 818/876/818/877 
f 818/876/818/877 847/906/847/907 848/907/848/908 
f 818/876/818/877 848/907/848/908 819/877/819/878 
f 819/877/819/878 848/907/848/908 849/908/849/909 
f 819/877/819/878 849/908/849/909 820/878/820/879 
f 820/878/820/879 849/908/849/909 850/909/850/910 
f 820/878/820/879 850/909/850/910 821/879/821/880 
f 821/879/821/880 850/909/850/910 851/910/851/911 
f 821/879/821/880 851/910/851/911 822/880/822/881 
f 822/880/822/881 851/910/851/911 852/911/852/912 
f 822/880/822/881 852/911/852/912 823/881/823/882 
f 823/881/823/882 852/911/852/912 853/912/853/913 
f 823/881/823/882 853/912/853/913 824/882/824/883 
f 824/882/824/883 853/912/853/913 54/54/54/54 
f 824/882/824/883 54/54/54/54 52/52/52/52 
f 839/913/839/914 810/883/810/884 825/884/825/885 
f 839/913/839/914 825/884/825/885 854/914/854/915 
f 854/914/854/915 825/884/825/885 826/885/826/886 
f 854/914/854/915 826/885/826/886 855/915/855/916 
f 855/915/855/916 826/885/826/886 827/886/827/887 
f 855/915/855/916 827/886/827/887 856/916/856/917 
f 856/916/856/917 827/886/827/887 828/887/828/888 
f 856/916/856/917 828/887/828/888 857/917/857/918 
f 857/917/857/918 828/887/828/888 829/888/829/889 
f 857/917/857/918 829/888/829/889 858/918/858/919 
f 858/918/858/919 829/888/829/889 830/889/830/890 
f 858/918/858/919 830/889/830/890 859/919/859/920 
f 859/919/859/920 830/889/830/890 831/890/831/891 
f 859/919/859/920 831/890/831/891 860/920/860/921 
f 860/920/860/921 831/890/831/891 832/891/832/892 
f 860/920/860/921 832/891/832/892 861/921/861/922 
f 861/921/861/922 832/891/832/892 833/892/833/893 
f 861/921/861/922 833/892/833/893 862/922/862/923 
f 862/922/862/923 833/892/833/893 834/893/834/894 
f 862/922/862/923 834/893/834/894 863/923/863/924 
f 863/923/863/924 834/893/834/894 835/894/835/895 
f 863/923/863/924 835/894/835/895 864/924/864/925 
f 864/924/864/925 835/894/835/895 836/895/836/896 
f 864/924/864/925 836/895/836/896 865/925/865/926 
f 865/925/865/926 836/895/836/896 837/896/837/897 
f 865/925/865/926 837/896/837/897 866/926/866/927 
f 866/926/866/927 837/896/837/897 838/897/838/898 
f 866/926/866/927 838/897/838/898 867/927/867/928 
f 867/927/867/928 838/897/838/898 53/53/53/53 
f 867/927/867/928 53/53/53/53 55/55/55/55 
f 665/718/665/719 694/748/694/749 697/751/697/752 
f 665/718/665/719 697/751/697/752 666/719/666/720 
f 666/719/666/720 697/751/697/752 699/753/699/754 
f 666/719/666/720 699/753/699/754 667/720/667/721 
f 667/720/667/721 699/753/699/754 701/755/701/756 
f 667/720/667/721 701/755/701/756 668/721/668/722 
f 668/721/668/722 701/755/701/756 703/757/703/758 
f 668/721/668/722 703/757/703/758 669/722/669/723 
f 669/722/669/723 703/757/703/758 705/759/705/760 
f 669/722/669/723 705/759/705/760 670/723/670/724 
f 670/723/670/724 705/759/705/760 707/761/707/762 
f 670/723/670/724 707/761/707/762 671/724/671/725 
f 671/724/671/725 707/761/707/762 709/763/709/764 
f 671/724/671/725 709/763/709/764 672/725/672/726 
f 672/725/672/726 709/763/709/764 711/765/711/766 
f 672/725/672/726 711/765/711/766 673/726/673/727 
f 673/726/673/727 711/765/711/766 713/767/713/768 
f 673/726/673/727 713/767/713/768 674/727/674/728 
f 674/727/674/728 713/767/713/768 715/769/715/770 
f 674/727/674/728 715/769/715/770 675/728/675/729 
f 675/728/675/729 715/769/715/770 717/771/717/772 
f 675/728/675/729 717/771/717/772 676/729/676/730 
f 676/729/676/730 717/771/717/772 719/773/719/774 
f 676/729/676/730 719/773/719/774 677/730/677/731 
f 677/730/677/731 719/773/719/774 721/775/721/776 
f 677/730/677/731 721/775/721/776 678/731/678/732 
f 678/731/678/732 721/775/721/776 723/777/723/778 
f 678/731/678/732 723/777/723/778 679/732/679/733 
f 679/732/679/733 723/777/723/778 44/44/44/44 
f 679/732/679/733 44/44/44/44 42/42/42/42 
f 694/779/694/780 665/733/665/734 680/734/680/735 
f 694/779/694/780 680/734/680/735 724/780/724/781 
f 724/780/724/781 680/734/680/735 681/735/681/736 
f 724/780/724/781 681/735/681/736 726/782/726/783 
f 726/782/726/783 681/735/681/736 682/736/682/737 
f 726/782/726/783 682/736/682/737 728/784/728/785 
f 728/784/728/785 682/736/682/737 683/737/683/738 
f 728/784/728/785 683/737/683/738 730/786/730/787 
f 730/786/730/787 683/737/683/738 684/738/684/739 
f 730/786/730/787 684/738/684/739 732/788/732/789 
f 732/788/732/789 684/738/684/739 685/739/685/740 
f 732/788/732/789 685/739/685/740 734/790/734/791 
f 734/790/734/791 685/739/685/740 686/740/686/741 
f 734/790/734/791 686/740/686/741 736/792/736/793 
f 736/792/736/793 686/740/686/741 687/741/687/742 
f 736/792/736/793 687/741/687/742 738/794/738/795 
f 738/794/738/795 687/741/687/742 688/742/688/743 
f 738/794/738/795 688/742/688/743 740/796/740/797 
f 740/796/740/797 688/742/688/743 689/743/689/744 
f 740/796/740/797 689/743/689/744 742/798/742/799 
f 742/798/742/799 689/743/689/744 690/744/690/745 
f 742/798/742/799 690/744/690/745 744/800/744/801 
f 744/800/744/801 690/744/690/745 691/745/691/746 
f 744/800/744/801 691/745/691/746 746/802/746/803 
f 746/802/746/803 691/745/691/746 692/746/692/747 
f 746/802/746/803 692/746/692/747 748/804/748/805 
f 748/804/748/805 692/746/692/747 693/747/693/748 
f 748/804/748/805 693/747/693/748 750/806/750/807 
f 750/806/750/807 693/747/693/748 43/43/43/43 
f 750/806/750/807 43/43/43/43 47/47/47/47 
f 318/329/318/330 288/298/288/299 289/299/289/300 
f 318/329/318/330 289/299/289/300 319/330/319/331 
f 319/330/319/331 289/299/289/300 290/300/290/301 
f 319/330/319/331 290/300/290/301 321/332/321/333 
f 321/332/321/333 290/300/290/301 291/301/291/302 
f 321/332/321/333 291/301/291/302 323/334/323/335 
f 323/334/323/335 291/301/291/302 292/302/292/303 
f 323/334/323/335 292/302/292/303 325/336/325/337 
f 325/336/325/337 292/302/292/303 293/303/293/304 
f 325/336/325/337 293/303/293/304 327/338/327/339 
f 327/338/327/339 293/303/293/304 294/304/294/305 
f 327/338/327/339 294/304/294/305 329/340/329/341 
f 329/340/329/341 294/304/294/305 295/305/295/306 
f 329/340/329/341 295/305/295/306 331/342/331/343 
f 331/342/331/343 295/305/295/306 296/306/296/307 
f 331/342/331/343 296/306/296/307 333/344/333/345 
f 333/344/333/345 296/306/296/307 297/307/297/308 
f 333/344/333/345 297/307/297/308 335/346/335/347 
f 335/346/335/347 297/307/297/308 298/308/298/309 
f 335/346/335/347 298/308/298/309 337/348/337/349 
f 337/348/337/349 298/308/298/309 299/309/299/310 
f 337/348/337/349 299/309/299/310 339/350/339/351 
f 339/350/339/351 299/309/299/310 300/310/300/311 
f 339/350/339/351 300/310/300/311 341/352/341/353 
f 341/352/341/353 300/310/300/311 301/311/301/312 
f 341/352/341/353 301/311/301/312 343/354/343/355 
f 343/354/343/355 301/311/301/312 302/312/302/313 
f 343/354/343/355 302/312/302/313 345/356/345/357 
f 345/356/345/357 302/312/302/313 14/14/14/14 
f 345/356/345/357 14/14/14/14 17/17/17/17 
f 288/313/288/314 318/358/318/359 348/361/348/362 
f 288/313/288/314 348/361/348/362 303/314/303/315 
f 303/314/303/315 348/361/348/362 350/363/350/364 
f 303/314/303/315 350/363/350/364 304/315/304/316 
f 304/315/304/316 350/363/350/364 352/365/352/366 
f 304/315/304/316 352/365/352/366 305/316/305/317 
f 305/316/305/317 352/365/352/366 354/367/354/368 
f 305/316/305/317 354/367/354/368 306/317/306/318 
f 306/317/306/318 354/367/354/368 356/369/356/370 
f 306/317/306/318 356/369/356/370 307/318/307/319 
f 307/318/307/319 356/369/356/370 358/371/358/372 
f 307/318/307/319 358/371/358/372 308/319/308/320 
f 308/319/308/320 358/371/358/372 360/373/360/374 
f 308/319/308/320 360/373/360/374 309/320/309/321 
f 309/320/309/321 360/373/360/374 362/375/362/376 
f 309/320/309/321 362/375/362/376 310/321/310/322 
f 310/321/310/322 362/375/362/376 364/377/364/378 
f 310/321/310/322 364/377/364/378 311/322/311/323 
f 311/322/311/323 364/377/364/378 366/379/366/380 
f 311/322/311/323 366/379/366/380 312/323/312/324 
f 312/323/312/324 366/379/366/380 368/381/368/382 
f 312/323/312/324 368/381/368/382 313/324/313/325 
f 313/324/313/325 368/381/368/382 370/383/370/384 
f 313/324/313/325 370/383/370/384 314/325/314/326 
f 314/325/314/326 370/383/370/384 372/385/372/386 
f 314/325/314/326 372/385/372/386 315/326/315/327 
f 315/326/315/327 372/385/372/386 374/387/374/388 
f 315/326/315/327 374/387/374/388 316/327/316/328 
f 316/327/316/328 374/387/374/388 18/18/18/18 
f 316/327/316/328 18/18/18/18 15/15/15/15 
f 173/177/173/177 114/116/114/116 117/119/117/119 
f 173/177/173/177 117/119/117/119 174/178/174/178 
f 174/178/174/178 117/119/117/119 119/121/119/121 
f 174/178/174/178 119/121/119/121 176/180/176/180 
f 176/180/176/180 119/121/119/121 121/123/121/123 
f 176/180/176/180 121/123/121/123 178/182/178/182 
f 178/182/178/182 121/123/121/123 123/125/123/125 
f 178/182/178/182 123/125/123/125 180/184/180/184 
f 180/184/180/184 123/125/123/125 125/127/125/127 
f 180/184/180/184 125/127/125/127 182/186/182/186 
f 182/186/182/186 125/127/125/127 127/129/127/129 
f 182/186/182/186 127/129/127/129 184/188/184/188 
f 184/188/184/188 127/129/127/129 129/131/129/131 
f 184/188/184/188 129/131/129/131 186/190/186/190 
f 186/190/186/190 129/131/129/131 131/133/131/133 
f 186/190/186/190 131/133/131/133 188/192/188/192 
f 188/192/188/192 131/133/131/133 133/135/133/135 
f 188/192/188/192 133/135/133/135 190/194/190/194 
f 190/194/190/194 133/135/133/135 135/137/135/137 
f 190/194/190/194 135/137/135/137 192/196/192/196 
f 192/196/192/196 135/137/135/137 137/139/137/139 
f 192/196/192/196 137/139/137/139 194/198/194/198 
f 194/198/194/198 137/139/137/139 139/141/139/141 
f 194/198/194/198 139/141/139/141 196/200/196/200 
f 196/200/196/200 139/141/139/141 141/143/141/143 
f 196/200/196/200 141/143/141/143 198/202/198/202 
f 198/202/198/202 141/143/141/143 143/145/143/145 
f 198/202/198/202 143/145/143/145 200/204/200/204 
f 200/204/200/204 143/145/143/145 4/4/4/4 
f 200/204/200/204 4/4/4/4 9/9/9/9 
f 114/147/114/147 173/206/173/206 203/209/203/209 
f 114/147/114/147 203/209/203/209 144/148/144/148 
f 144/148/144/148 203/209/203/209 205/211/205/211 
f 144/148/144/148 205/211/205/211 146/150/146/150 
f 146/150/146/150 205/211/205/211 207/213/207/213 
f 146/150/146/150 207/213/207/213 148/152/148/152 
f 148/152/148/152 207/213/207/213 209/215/209/215 
f 148/152/148/152 209/215/209/215 150/154/150/154 
f 150/154/150/154 209/215/209/215 211/217/211/217 
f 150/154/150/154 211/217/211/217 152/156/152/156 
f 152/156/152/156 211/217/211/217 213/219/213/219 
f 152/156/152/156 213/219/213/219 154/158/154/158 
f 154/158/154/158 213/219/213/219 215/221/215/221 
f 154/158/154/158 215/221/215/221 156/160/156/160 
f 156/160/156/160 215/221/215/221 217/223/217/223 
f 156/160/156/160 217/223/217/223 158/162/158/162 
f 158/162/158/162 217/223/217/223 219/225/219/225 
f 158/162/158/162 219/225/219/225 160/164/160/164 
f 160/164/160/164 219/225/219/225 221/227/221/227 
f 160/164/160/164 221/227/221/227 162/166/162/166 
f 162/166/162/166 221/227/221/227 223/229/223/229 
f 162/166/162/166 223/229/223/229 164/168/164/168 
f 164/168/164/168 223/229/223/229 225/231/225/231 
f 164/168/164/168 225/231/225/231 166/170/166/170 
f 166/170/166/170 225/231/225/231 227/233/227/233 
f 166/170/166/170 227/233/227/233 168/172/168/172 
f 168/172/168/172 227/233/227/233 229/235/229/235 
f 168/172/168/172 229/235/229/235 170/174/170/174 
f 170/174/170/174 229/235/229/235 10/10/10/10 
f 170/174/170/174 10/10/10/10 7/7/7/7 
f 868/928/868/929 869/929/869/930 870/930/870/931 
f 868/928/868/929 870/930/870/931 871/931/871/932 
f 871/931/871/932 870/930/870/931 872/932/872/933 
f 871/931/871/932 872/932/872/933 873/933/873/934 
f 874/934/874/935 875/935/875/936 55/55/55/55 
f 874/934/874/935 55/55/55/55 54/54/54/54 
f 876/936/876/937 877/937/877/938 875/935/875/936 
f 876/936/876/937 875/935/875/936 874/934/874/935 
f 878/938/878/939 879/939/879/940 877/937/877/938 
f 878/938/878/939 877/937/877/938 876/936/876/937 
f 880/940/880/941 881/941/881/942 879/939/879/940 
f 880/940/880/941 879/939/879/940 878/938/878/939 
f 873/933/873/934 872/932/872/933 882/942/882/943 
f 873/933/873/934 882/942/882/943 883/943/883/944 
f 883/943/883/944 882/942/882/943 881/941/881/942 
f 883/943/883/944 881/941/881/942 880/940/880/941 
f 884/944/884/945 885/945/885/946 886/946/886/947 
f 884/944/884/945 886/946/886/947 887/947/887/948 
f 885/945/885/946 888/948/888/949 889/949/889/950 
f 885/945/885/946 889/949/889/950 886/946/886/947 
f 888/948/888/949 890/950/890/951 891/951/891/952 
f 888/948/888/949 891/951/891/952 889/949/889/950 
f 890/950/890/951 892/952/892/953 893/953/893/954 
f 890/950/890/951 893/953/893/954 891/951/891/952 
f 892/952/892/953 894/954/894/955 895/955/895/956 
f 892/952/892/953 895/955/895/956 893/953/893/954 
f 894/954/894/955 896/956/896/957 897/957/897/958 
f 894/954/894/955 897/957/897/958 895/955/895/956 
f 896/956/896/957 898/958/898/959 899/959/899/960 
f 896/956/896/957 899/959/899/960 897/957/897/958 
f 898/958/898/959 900/960/900/961 901/961/901/962 
f 898/958/898/959 901/961/901/962 899/959/899/960 
f 900/960/900/961 902/962/902/963 903/963/903/964 
f 900/960/900/961 903/963/903/964 901/961/901/962 
f 902/962/902/963 904/964/904/965 905/965/905/966 
f 902/962/902/963 905/965/905/966 903/963/903/964 
f 904/964/904/965 906/966/906/967 907/967/907/968 
f 904/964/904/965 907/967/907/968 905/965/905/966 
f 906/966/906/967 908/968/908/969 909/969/909/970 
f 906/966/906/967 909/969/909/970 907/967/907/968 
f 908/968/908/969 910/970/910/971 911/971/911/972 
f 908/968/908/969 911/971/911/972 909/969/909/970 
f 910/970/910/971 912/972/912/973 913/973/913/974 
f 910/970/910/971 913/973/913/974 911/971/911/972 
f 912/972/912/973 868/928/868/929 871/931/871/932 
f 912/972/912/973 871/931/871/932 913/973/913/974 
f 887/974/887/975 914/975/914/976 915/976/915/977 
f 887/974/887/975 915/976/915/977 884/977/884/978 
f 914/975/914/976 916/978/916/979 917/979/917/980 
f 914/975/914/976 917/979/917/980 915/976/915/977 
f 916/978/916/979 918/980/918/981 919/981/919/982 
f 916/978/916/979 919/981/919/982 917/979/917/980 
f 918/980/918/981 920/982/920/983 921/983/921/984 
f 918/980/918/981 921/983/921/984 919/981/919/982 
f 920/982/920/983 922/984/922/985 923/985/923/986 
f 920/982/920/983 923/985/923/986 921/983/921/984 
f 922/984/922/985 924/986/924/987 925/987/925/988 
f 922/984/922/985 925/987/925/988 923/985/923/986 
f 924/986/924/987 926/988/926/989 927/989/927/990 
f 924/986/924/987 927/989/927/990 925/987/925/988 
f 926/988/926/989 928/990/928/991 929/991/929/992 
f 926/988/926/989 929/991/929/992 927/989/927/990 
f 928/990/928/991 930/992/930/993 931/993/931/994 
f 928/990/928/991 931/993/931/994 929/991/929/992 
f 930/992/930/993 932/994/932/995 933/995/933/996 
f 930/992/930/993 933/995/933/996 931/993/931/994 
f 932/994/932/995 934/996/934/997 935/997/935/998 
f 932/994/932/995 935/997/935/998 933/995/933/996 
f 934/996/934/997 936/998/936/999 937/999/937/1000 
f 934/996/934/997 937/999/937/1000 935/997/935/998 
f 936/998/936/999 938/1000/938/1001 939/1001/939/1002 
f 936/998/936/999 939/1001/939/1002 937/999/937/1000 
f 938/1000/938/1001 940/1002/940/1003 941/1003/941/1004 
f 938/1000/938/1001 941/1003/941/1004 939/1001/939/1002 
f 940/1002/940/1003 870/930/870/931 869/929/869/930 
f 940/1002/940/1003 869/929/869/930 941/1003/941/1004 
f 887/947/887/948 886/946/886/947 942/1004/942/1005 
f 887/947/887/948 942/1004/942/1005 943/1005/943/1006 
f 886/946/886/947 889/949/889/950 944/1006/944/1007 
f 886/946/886/947 944/1006/944/1007 942/1004/942/1005 
f 889/949/889/950 891/951/891/952 945/1007/945/1008 
f 889/949/889/950 945/1007/945/1008 944/1006/944/1007 
f 891/951/891/952 893/953/893/954 946/1008/946/1009 
f 891/951/891/952 946/1008/946/1009 945/1007/945/1008 
f 893/953/893/954 895/955/895/956 947/1009/947/1010 
f 893/953/893/954 947/1009/947/1010 946/1008/946/1009 
f 895/955/895/956 897/957/897/958 948/1010/948/1011 
f 895/955/895/956 948/1010/948/1011 947/1009/947/1010 
f 897/957/897/958 899/959/899/960 949/1011/949/1012 
f 897/957/897/958 949/1011/949/1012 948/1010/948/1011 
f 899/959/899/960 901/961/901/962 950/1012/950/1013 
f 899/959/899/960 950/1012/950/1013 949/1011/949/1012 
f 901/961/901/962 903/963/903/964 951/1013/951/1014 
f 901/961/901/962 951/1013/951/1014 950/1012/950/1013 
f 903/963/903/964 905/965/905/966 952/1014/952/1015 
f 903/963/903/964 952/1014/952/1015 951/1013/951/1014 
f 905/965/905/966 907/967/907/968 953/1015/953/1016 
f 905/965/905/966 953/1015/953/1016 952/1014/952/1015 
f 907/967/907/968 909/969/909/970 954/1016/954/1017 
f 907/967/907/968 954/1016/954/1017 953/1015/953/1016 
f 909/969/909/970 911/971/911/972 955/1017/955/1018 
f 909/969/909/970 955/1017/955/1018 954/1016/954/1017 
f 911/971/911/972 913/973/913/974 956/1018/956/1019 
f 911/971/911/972 956/1018/956/1019 955/1017/955/1018 
f 913/973/913/974 871/931/871/932 873/933/873/934 
f 913/973/913/974 873/933/873/934 956/1018/956/1019 
f 943/1019/943/1020 957/1020/957/1021 914/975/914/976 
f 943/1019/943/1020 914/975/914/976 887/974/887/975 
f 957/1020/957/1021 958/1021/958/1022 916/978/916/979 
f 957/1020/957/1021 916/978/916/979 914/975/914/976 
f 958/1021/958/1022 959/1022/959/1023 918/980/918/981 
f 958/1021/958/1022 918/980/918/981 916/978/916/979 
f 959/1022/959/1023 960/1023/960/1024 920/982/920/983 
f 959/1022/959/1023 920/982/920/983 918/980/918/981 
f 960/1023/960/1024 961/1024/961/1025 922/984/922/985 
f 960/1023/960/1024 922/984/922/985 920/982/920/983 
f 961/1024/961/1025 962/1025/962/1026 924/986/924/987 
f 961/1024/961/1025 924/986/924/987 922/984/922/985 
f 962/1025/962/1026 963/1026/963/1027 926/988/926/989 
f 962/1025/962/1026 926/988/926/989 924/986/924/987 
f 963/1026/963/1027 964/1027/964/1028 928/990/928/991 
f 963/1026/963/1027 928/990/928/991 926/988/926/989 
f 964/1027/964/1028 965/1028/965/1029 930/992/930/993 
f 964/1027/964/1028 930/992/930/993 928/990/928/991 
f 965/1028/965/1029 966/1029/966/1030 932/994/932/995 
f 965/1028/965/1029 932/994/932/995 930/992/930/993 
f 966/1029/966/1030 967/1030/967/1031 934/996/934/997 
f 966/1029/966/1030 934/996/934/997 932/994/932/995 
f 967/1030/967/1031 968/1031/968/1032 936/998/936/999 
f 967/1030/967/1031 936/998/936/999 934/996/934/997 
f 968/1031/968/1032 969/1032/969/1033 938/1000/938/1001 
f 968/1031/968/1032 938/1000/938/1001 936/998/936/999 
f 969/1032/969/1033 970/1033/970/1034 940/1002/940/1003 
f 969/1032/969/1033 940/1002/940/1003 938/1000/938/1001 
f 970/1033/970/1034 872/932/872/933 870/930/870/931 
f 970/1033/970/1034 870/930/870/931 940/1002/940/1003 
f 971/1034/971/1035 972/1035/972/1036 840/899/840/900 
f 971/1034/971/1035 840/899/840/900 839/898/839/899 
f 972/1035/972/1036 973/1036/973/1037 841/900/841/901 
f 972/1035/972/1036 841/900/841/901 840/899/840/900 
f 973/1036/973/1037 974/1037/974/1038 842/901/842/902 
f 973/1036/973/1037 842/901/842/902 841/900/841/901 
f 974/1037/974/1038 975/1038/975/1039 843/902/843/903 
f 974/1037/974/1038 843/902/843/903 842/901/842/902 
f 975/1038/975/1039 976/1039/976/1040 844/903/844/904 
f 975/1038/975/1039 844/903/844/904 843/902/843/903 
f 976/1039/976/1040 977/1040/977/1041 845/904/845/905 
f 976/1039/976/1040 845/904/845/905 844/903/844/904 
f 977/1040/977/1041 978/1041/978/1042 846/905/846/906 
f 977/1040/977/1041 846/905/846/906 845/904/845/905 
f 978/1041/978/1042 979/1042/979/1043 847/906/847/907 
f 978/1041/978/1042 847/906/847/907 846/905/846/906 
f 979/1042/979/1043 980/1043/980/1044 848/907/848/908 
f 979/1042/979/1043 848/907/848/908 847/906/847/907 
f 980/1043/980/1044 981/1044/981/1045 849/908/849/909 
f 980/1043/980/1044 849/908/849/909 848/907/848/908 
f 981/1044/981/1045 982/1045/982/1046 850/909/850/910 
f 981/1044/981/1045 850/909/850/910 849/908/849/909 
f 982/1045/982/1046 983/1046/983/1047 851/910/851/911 
f 982/1045/982/1046 851/910/851/911 850/909/850/910 
f 983/1046/983/1047 984/1047/984/1048 852/911/852/912 
f 983/1046/983/1047 852/911/852/912 851/910/851/911 
f 984/1047/984/1048 985/1048/985/1049 853/912/853/913 
f 984/1047/984/1048 853/912/853/913 852/911/852/912 
f 985/1048/985/1049 874/934/874/935 54/54/54/54 
f 985/1048/985/1049 54/54/54/54 853/912/853/913 
f 839/913/839/914 854/914/854/915 986/1049/986/1050 
f 839/913/839/914 986/1049/986/1050 971/1050/971/1051 
f 854/914/854/915 855/915/855/916 987/1051/987/1052 
f 854/914/854/915 987/1051/987/1052 986/1049/986/1050 
f 855/915/855/916 856/916/856/917 988/1052/988/1053 
f 855/915/855/916 988/1052/988/1053 987/1051/987/1052 
f 856/916/856/917 857/917/857/918 989/1053/989/1054 
f 856/916/856/917 989/1053/989/1054 988/1052/988/1053 
f 857/917/857/918 858/918/858/919 990/1054/990/1055 
f 857/917/857/918 990/1054/990/1055 989/1053/989/1054 
f 858/918/858/919 859/919/859/920 991/1055/991/1056 
f 858/918/858/919 991/1055/991/1056 990/1054/990/1055 
f 859/919/859/920 860/920/860/921 992/1056/992/1057 
f 859/919/859/920 992/1056/992/1057 991/1055/991/1056 
f 860/920/860/921 861/921/861/922 993/1057/993/1058 
f 860/920/860/921 993/1057/993/1058 992/1056/992/1057 
f 861/921/861/922 862/922/862/923 994/1058/994/1059 
f 861/921/861/922 994/1058/994/1059 993/1057/993/1058 
f 862/922/862/923 863/923/863/924 995/1059/995/1060 
f 862/922/862/923 995/1059/995/1060 994/1058/994/1059 
f 863/923/863/924 864/924/864/925 996/1060/996/1061 
f 863/923/863/924 996/1060/996/1061 995/1059/995/1060 
f 864/924/864/925 865/925/865/926 997/1061/997/1062 
f 864/924/864/925 997/1061/997/1062 996/1060/996/1061 
f 865/925/865/926 866/926/866/927 998/1062/998/1063 
f 865/925/865/926 998/1062/998/1063 997/1061/997/1062 
f 866/926/866/927 867/927/867/928 999/1063/999/1064 
f 866/926/866/927 999/1063/999/1064 998/1062/998/1063 
f 867/927/867/928 55/55/55/55 875/935/875/936 
f 867/927/867/928 875/935/875/936 999/1063/999/1064 
f 1000/1064/1000/1065 1001/1065/1001/1066 972/1035/972/1036 
f 1000/1064/1000/1065 972/1035/972/1036 971/1034/971/1035 
f 1001/1065/1001/1066 1002/1066/1002/1067 973/1036/973/1037 
f 1001/1065/1001/1066 973/1036/973/1037 972/1035/972/1036 
f 1002/1066/1002/1067 1003/1067/1003/1068 974/1037/974/1038 
f 1002/1066/1002/1067 974/1037/974/1038 973/1036/973/1037 
f 1003/1067/1003/1068 1004/1068/1004/1069 975/1038/975/1039 
f 1003/1067/1003/1068 975/1038/975/1039 974/1037/974/1038 
f 1004/1068/1004/1069 1005/1069/1005/1070 976/1039/976/1040 
f 1004/1068/1004/1069 976/1039/976/1040 975/1038/975/1039 
f 1005/1069/1005/1070 1006/1070/1006/1071 977/1040/977/1041 
f 1005/1069/1005/1070 977/1040/977/1041 976/1039/976/1040 
f 1006/1070/1006/1071 1007/1071/1007/1072 978/1041/978/1042 
f 1006/1070/1006/1071 978/1041/978/1042 977/1040/977/1041 
f 1007/1071/1007/1072 1008/1072/1008/1073 979/1042/979/1043 
f 1007/1071/1007/1072 979/1042/979/1043 978/1041/978/1042 
f 1008/1072/1008/1073 1009/1073/1009/1074 980/1043/980/1044 
f 1008/1072/1008/1073 980/1043/980/1044 979/1042/979/1043 
f 1009/1073/1009/1074 1010/1074/1010/1075 981/1044/981/1045 
f 1009/1073/1009/1074 981/1044/981/1045 980/1043/980/1044 
f 1010/1074/1010/1075 1011/1075/1011/1076 982/1045/982/1046 
f 1010/1074/1010/1075 982/1045/982/1046 981/1044/981/1045 
f 1011/1075/1011/1076 1012/1076/1012/1077 983/1046/983/1047 
f 1011/1075/1011/1076 983/1046/983/1047 982/1045/982/1046 
f 1012/1076/1012/1077 1013/1077/1013/1078 984/1047/984/1048 
f 1012/1076/1012/1077 984/1047/984/1048 983/1046/983/1047 
f 1013/1077/1013/1078 1014/1078/1014/1079 985/1048/985/1049 
f 1013/1077/1013/1078 985/1048/985/1049 984/1047/984/1048 
f 1014/1078/1014/1079 876/936/876/937 874/934/874/935 
f 1014/1078/1014/1079 874/934/874/935 985/1048/985/1049 
f 971/1050/971/1051 986/1049/986/1050 1015/1079/1015/1080 
f 971/1050/971/1051 1015/1079/1015/1080 1000/1080/1000/1081 
f 986/1049/986/1050 987/1051/987/1052 1016/1081/1016/1082 
f 986/1049/986/1050 1016/1081/1016/1082 1015/1079/1015/1080 
f 987/1051/987/1052 988/1052/988/1053 1017/1082/1017/1083 
f 987/1051/987/1052 1017/1082/1017/1083 1016/1081/1016/1082 
f 988/1052/988/1053 989/1053/989/1054 1018/1083/1018/1084 
f 988/1052/988/1053 1018/1083/1018/1084 1017/1082/1017/1083 
f 989/1053/989/1054 990/1054/990/1055 1019/1084/1019/1085 
f 989/1053/989/1054 1019/1084/1019/1085 1018/1083/1018/1084 
f 990/1054/990/1055 991/1055/991/1056 1020/1085/1020/1086 
f 990/1054/990/1055 1020/1085/1020/1086 1019/1084/1019/1085 
f 991/1055/991/1056 992/1056/992/1057 1021/1086/1021/1087 
f 991/1055/991/1056 1021/1086/1021/1087 1020/1085/1020/1086 
f 992/1056/992/1057 993/1057/993/1058 1022/1087/1022/1088 
f 992/1056/992/1057 1022/1087/1022/1088 1021/1086/1021/1087 
f 993/1057/993/1058 994/1058/994/1059 1023/1088/1023/1089 
f 993/1057/993/1058 1023/1088/1023/1089 1022/1087/1022/1088 
f 994/1058/994/1059 995/1059/995/1060 1024/1089/1024/1090 
f 994/1058/994/1059 1024/1089/1024/1090 1023/1088/1023/1089 
f 995/1059/995/1060 996/1060/996/1061 1025/1090/1025/1091 
f 995/1059/995/1060 1025/1090/1025/1091 1024/1089/1024/1090 
f 996/1060/996/1061 997/1061/997/1062 1026/1091/1026/1092 
f 996/1060/996/1061 1026/1091/1026/1092 1025/1090/1025/1091 
f 997/1061/997/1062 998/1062/998/1063 1027/1092/1027/1093 
f 997/1061/997/1062 1027/1092/1027/1093 1026/1091/1026/1092 
f 998/1062/998/1063 999/1063/999/1064 1028/1093/1028/1094 
f 998/1062/998/1063 1028/1093/1028/1094 1027/1092/1027/1093 
f 999/1063/999/1064 875/935/875/936 877/937/877/938 
f 999/1063/999/1064 877/937/877/938 1028/1093/1028/1094 
f 1029/1094/1029/1095 1030/1095/1030/1096 1001/1065/1001/1066 
f 1029/1094/1029/1095 1001/1065/1001/1066 1000/1064/1000/1065 
f 1030/1095/1030/1096 1031/1096/1031/1097 1002/1066/1002/1067 
f 1030/1095/1030/1096 1002/1066/1002/1067 1001/1065/1001/1066 
f 1031/1096/1031/1097 1032/1097/1032/1098 1003/1067/1003/1068 
f 1031/1096/1031/1097 1003/1067/1003/1068 1002/1066/1002/1067 
f 1032/1097/1032/1098 1033/1098/1033/1099 1004/1068/1004/1069 
f 1032/1097/1032/1098 1004/1068/1004/1069 1003/1067/1003/1068 
f 1033/1098/1033/1099 1034/1099/1034/1100 1005/1069/1005/1070 
f 1033/1098/1033/1099 1005/1069/1005/1070 1004/1068/1004/1069 
f 1034/1099/1034/1100 1035/1100/1035/1101 1006/1070/1006/1071 
f 1034/1099/1034/1100 1006/1070/1006/1071 1005/1069/1005/1070 
f 1035/1100/1035/1101 1036/1101/1036/1102 1007/1071/1007/1072 
f 1035/1100/1035/1101 1007/1071/1007/1072 1006/1070/1006/1071 
f 1036/1101/1036/1102 1037/1102/1037/1103 1008/1072/1008/1073 
f 1036/1101/1036/1102 1008/1072/1008/1073 1007/1071/1007/1072 
f 1037/1102/1037/1103 1038/1103/1038/1104 1009/1073/1009/1074 
f 1037/1102/1037/1103 1009/1073/1009/1074 1008/1072/1008/1073 
f 1038/1103/1038/1104 1039/1104/1039/1105 1010/1074/1010/1075 
f 1038/1103/1038/1104 1010/1074/1010/1075 1009/1073/1009/1074 
f 1039/1104/1039/1105 1040/1105/1040/1106 1011/1075/1011/1076 
f 1039/1104/1039/1105 1011/1075/1011/1076 1010/1074/1010/1075 
f 1040/1105/1040/1106 1041/1106/1041/1107 1012/1076/1012/1077 
f 1040/1105/1040/1106 1012/1076/1012/1077 1011/1075/1011/1076 
f 1041/1106/1041/1107 1042/1107/1042/1108 1013/1077/1013/1078 
f 1041/1106/1041/1107 1013/1077/1013/1078 1012/1076/1012/1077 
f 1042/1107/1042/1108 1043/1108/1043/1109 1014/1078/1014/1079 
f 1042/1107/1042/1108 1014/1078/1014/1079 1013/1077/1013/1078 
f 1043/1108/1043/1109 878/938/878/939 876/936/876/937 
f 1043/1108/1043/1109 876/936/876/937 1014/1078/1014/1079 
f 1000/1080/1000/1081 1015/1079/1015/1080 1044/1109/1044/1110 
f 1000/1080/1000/1081 1044/1109/1044/1110 1029/1110/1029/1111 
f 1015/1079/1015/1080 1016/1081/1016/1082 1045/1111/1045/1112 
f 1015/1079/1015/1080 1045/1111/1045/1112 1044/1109/1044/1110 
f 1016/1081/1016/1082 1017/1082/1017/1083 1046/1112/1046/1113 
f 1016/1081/1016/1082 1046/1112/1046/1113 1045/1111/1045/1112 
f 1017/1082/1017/1083 1018/1083/1018/1084 1047/1113/1047/1114 
f 1017/1082/1017/1083 1047/1113/1047/1114 1046/1112/1046/1113 
f 1018/1083/1018/1084 1019/1084/1019/1085 1048/1114/1048/1115 
f 1018/1083/1018/1084 1048/1114/1048/1115 1047/1113/1047/1114 
f 1019/1084/1019/1085 1020/1085/1020/1086 1049/1115/1049/1116 
f 1019/1084/1019/1085 1049/1115/1049/1116 1048/1114/1048/1115 
f 1020/1085/1020/1086 1021/1086/1021/1087 1050/1116/1050/1117 
f 1020/1085/1020/1086 1050/1116/1050/1117 1049/1115/1049/1116 
f 1021/1086/1021/1087 1022/1087/1022/1088 1051/1117/1051/1118 
f 1021/1086/1021/1087 1051/1117/1051/1118 1050/1116/1050/1117 
f 1022/1087/1022/1088 1023/1088/1023/1089 1052/1118/1052/1119 
f 1022/1087/1022/1088 1052/1118/1052/1119 1051/1117/1051/1118 
f 1023/1088/1023/1089 1024/1089/1024/1090 1053/1119/1053/1120 
f 1023/1088/1023/1089 1053/1119/1053/1120 1052/1118/1052/1119 
f 1024/1089/1024/1090 1025/1090/1025/1091 1054/1120/1054/1121 
f 1024/1089/1024/1090 1054/1120/1054/1121 1053/1119/1053/1120 
f 1025/1090/1025/1091 1026/1091/1026/1092 1055/1121/1055/1122 
f 1025/1090/1025/1091 1055/1121/1055/1122 1054/1120/1054/1121 
f 1026/1091/1026/1092 1027/1092/1027/1093 1056/1122/1056/1123 
f 1026/1091/1026/1092 1056/1122/1056/1123 1055/1121/1055/1122 
f 1027/1092/1027/1093 1028/1093/1028/1094 1057/1123/1057/1124 
f 1027/1092/1027/1093 1057/1123/1057/1124 1056/1122/1056/1123 
f 1028/1093/1028/1094 877/937/877/938 879/939/879/940 
f 1028/1093/1028/1094 879/939/879/940 1057/1123/1057/1124 
f 1058/1124/1058/1125 1059/1125/1059/1126 1030/1095/1030/1096 
f 1058/1124/1058/1125 1030/1095/1030/1096 1029/1094/1029/1095 
f 1059/1125/1059/1126 1060/1126/1060/1127 1031/1096/1031/1097 
f 1059/1125/1059/1126 1031/1096/1031/1097 1030/1095/1030/1096 
f 1060/1126/1060/1127 1061/1127/1061/1128 1032/1097/1032/1098 
f 1060/1126/1060/1127 1032/1097/1032/1098 1031/1096/1031/1097 
f 1061/1127/1061/1128 1062/1128/1062/1129 1033/1098/1033/1099 
f 1061/1127/1061/1128 1033/1098/1033/1099 1032/1097/1032/1098 
f 1062/1128/1062/1129 1063/1129/1063/1130 1034/1099/1034/1100 
f 1062/1128/1062/1129 1034/1099/1034/1100 1033/1098/1033/1099 
f 1063/1129/1063/1130 1064/1130/1064/1131 1035/1100/1035/1101 
f 1063/1129/1063/1130 1035/1100/1035/1101 1034/1099/1034/1100 
f 1064/1130/1064/1131 1065/1131/1065/1132 1036/1101/1036/1102 
f 1064/1130/1064/1131 1036/1101/1036/1102 1035/1100/1035/1101 
f 1065/1131/1065/1132 1066/1132/1066/1133 1037/1102/1037/1103 
f 1065/1131/1065/1132 1037/1102/1037/1103 1036/1101/1036/1102 
f 1066/1132/1066/1133 1067/1133/1067/1134 1038/1103/1038/1104 
f 1066/1132/1066/1133 1038/1103/1038/1104 1037/1102/1037/1103 
f 1067/1133/1067/1134 1068/1134/1068/1135 1039/1104/1039/1105 
f 1067/1133/1067/1134 1039/1104/1039/1105 1038/1103/1038/1104 
f 1068/1134/1068/1135 1069/1135/1069/1136 1040/1105/1040/1106 
f 1068/1134/1068/1135 1040/1105/1040/1106 1039/1104/1039/1105 
f 1069/1135/1069/1136 1070/1136/1070/1137 1041/1106/1041/1107 
f 1069/1135/1069/1136 1041/1106/1041/1107 1040/1105/1040/1106 
f 1070/1136/1070/1137 1071/1137/1071/1138 1042/1107/1042/1108 
f 1070/1136/1070/1137 1042/1107/1042/1108 1041/1106/1041/1107 
f 1071/1137/1071/1138 1072/1138/1072/1139 1043/1108/1043/1109 
f 1071/1137/1071/1138 1043/1108/1043/1109 1042/1107/1042/1108 
f 1072/1138/1072/1139 880/940/880/941 878/938/878/939 
f 1072/1138/1072/1139 878/938/878/939 1043/1108/1043/1109 
f 1029/1110/1029/1111 1044/1109/1044/1110 1073/1139/1073/1140 
f 1029/1110/1029/1111 1073/1139/1073/1140 1058/1140/1058/1141 
f 1044/1109/1044/1110 1045/1111/1045/1112 1074/1141/1074/1142 
f 1044/1109/1044/1110 1074/1141/1074/1142 1073/1139/1073/1140 
f 1045/1111/1045/1112 1046/1112/1046/1113 1075/1142/1075/1143 
f 1045/1111/1045/1112 1075/1142/1075/1143 1074/1141/1074/1142 
f 1046/1112/1046/1113 1047/1113/1047/1114 1076/1143/1076/1144 
f 1046/1112/1046/1113 1076/1143/1076/1144 1075/1142/1075/1143 
f 1047/1113/1047/1114 1048/1114/1048/1115 1077/1144/1077/1145 
f 1047/1113/1047/1114 1077/1144/1077/1145 1076/1143/1076/1144 
f 1048/1114/1048/1115 1049/1115/1049/1116 1078/1145/1078/1146 
f 1048/1114/1048/1115 1078/1145/1078/1146 1077/1144/1077/1145 
f 1049/1115/1049/1116 1050/1116/1050/1117 1079/1146/1079/1147 
f 1049/1115/1049/1116 1079/1146/1079/1147 1078/1145/1078/1146 
f 1050/1116/1050/1117 1051/1117/1051/1118 1080/1147/1080/1148 
f 1050/1116/1050/1117 1080/1147/1080/1148 1079/1146/1079/1147 
f 1051/1117/1051/1118 1052/1118/1052/1119 1081/1148/1081/1149 
f 1051/1117/1051/1118 1081/1148/1081/1149 1080/1147/1080/1148 
f 1052/1118/1052/1119 1053/1119/1053/1120 1082/1149/1082/1150 
f 1052/1118/1052/1119 1082/1149/1082/1150 1081/1148/1081/1149 
f 1053/1119/1053/1120 1054/1120/1054/1121 1083/1150/1083/1151 
f 1053/1119/1053/1120 1083/1150/1083/1151 1082/1149/1082/1150 
f 1054/1120/1054/1121 1055/1121/1055/1122 1084/1151/1084/1152 
f 1054/1120/1054/1121 1084/1151/1084/1152 1083/1150/1083/1151 
f 1055/1121/1055/1122 1056/1122/1056/1123 1085/1152/1085/1153 
f 1055/1121/1055/1122 1085/1152/1085/1153 1084/1151/1084/1152 
f 1056/1122/1056/1123 1057/1123/1057/1124 1086/1153/1086/1154 
f 1056/1122/1056/1123 1086/1153/1086/1154 1085/1152/1085/1153 
f 1057/1123/1057/1124 879/939/879/940 881/941/881/942 
f 1057/1123/1057/1124 881/941/881/942 1086/1153/1086/1154 
f 943/1005/943/1006 942/1004/942/1005 1087/1154/1087/1155 
f 943/1005/943/1006 1087/1154/1087/1155 1088/1155/1088/1156 
f 942/1004/942/1005 944/1006/944/1007 1089/1156/1089/1157 
f 942/1004/942/1005 1089/1156/1089/1157 1087/1154/1087/1155 
f 944/1006/944/1007 945/1007/945/1008 1090/1157/1090/1158 
f 944/1006/944/1007 1090/1157/1090/1158 1089/1156/1089/1157 
f 945/1007/945/1008 946/1008/946/1009 1091/1158/1091/1159 
f 945/1007/945/1008 1091/1158/1091/1159 1090/1157/1090/1158 
f 946/1008/946/1009 947/1009/947/1010 1092/1159/1092/1160 
f 946/1008/946/1009 1092/1159/1092/1160 1091/1158/1091/1159 
f 947/1009/947/1010 948/1010/948/1011 1093/1160/1093/1161 
f 947/1009/947/1010 1093/1160/1093/1161 1092/1159/1092/1160 
f 948/1010/948/1011 949/1011/949/1012 1094/1161/1094/1162 
f 948/1010/948/1011 1094/1161/1094/1162 1093/1160/1093/1161 
f 949/1011/949/1012 950/1012/950/1013 1095/1162/1095/1163 
f 949/1011/949/1012 1095/1162/1095/1163 1094/1161/1094/1162 
f 950/1012/950/1013 951/1013/951/1014 1096/1163/1096/1164 
f 950/1012/950/1013 1096/1163/1096/1164 1095/1162/1095/1163 
f 951/1013/951/1014 952/1014/952/1015 1097/1164/1097/1165 
f 951/1013/951/1014 1097/1164/1097/1165 1096/1163/1096/1164 
f 952/1014/952/1015 953/1015/953/1016 1098/1165/1098/1166 
f 952/1014/952/1015 1098/1165/1098/1166 1097/1164/1097/1165 
f 953/1015/953/1016 954/1016/954/1017 1099/1166/1099/1167 
f 953/1015/953/1016 1099/1166/1099/1167 1098/1165/1098/1166 
f 954/1016/954/1017 955/1017/955/1018 1100/1167/1100/1168 
f 954/1016/954/1017 1100/1167/1100/1168 1099/1166/1099/1167 
f 955/1017/955/1018 956/1018/956/1019 1101/1168/1101/1169 
f 955/1017/955/1018 1101/1168/1101/1169 1100/1167/1100/1168 
f 956/1018/956/1019 873/933/873/934 883/943/883/944 
f 956/1018/956/1019 883/943/883/944 1101/1168/1101/1169 
f 1088/1169/1088/1170 1102/1170/1102/1171 957/1020/957/1021 
f 1088/1169/1088/1170 957/1020/957/1021 943/1019/943/1020 
f 1102/1170/1102/1171 1103/1171/1103/1172 958/1021/958/1022 
f 1102/1170/1102/1171 958/1021/958/1022 957/1020/957/1021 
f 1103/1171/1103/1172 1104/1172/1104/1173 959/1022/959/1023 
f 1103/1171/1103/1172 959/1022/959/1023 958/1021/958/1022 
f 1104/1172/1104/1173 1105/1173/1105/1174 960/1023/960/1024 
f 1104/1172/1104/1173 960/1023/960/1024 959/1022/959/1023 
f 1105/1173/1105/1174 1106/1174/1106/1175 961/1024/961/1025 
f 1105/1173/1105/1174 961/1024/961/1025 960/1023/960/1024 
f 1106/1174/1106/1175 1107/1175/1107/1176 962/1025/962/1026 
f 1106/1174/1106/1175 962/1025/962/1026 961/1024/961/1025 
f 1107/1175/1107/1176 1108/1176/1108/1177 963/1026/963/1027 
f 1107/1175/1107/1176 963/1026/963/1027 962/1025/962/1026 
f 1108/1176/1108/1177 1109/1177/1109/1178 964/1027/964/1028 
f 1108/1176/1108/1177 964/1027/964/1028 963/1026/963/1027 
f 1109/1177/1109/1178 1110/1178/1110/1179 965/1028/965/1029 
f 1109/1177/1109/1178 965/1028/965/1029 964/1027/964/1028 
f 1110/1178/1110/1179 1111/1179/1111/1180 966/1029/966/1030 
f 1110/1178/1110/1179 966/1029/966/1030 965/1028/965/1029 
f 1111/1179/1111/1180 1112/1180/1112/1181 967/1030/967/1031 
f 1111/1179/1111/1180 967/1030/967/1031 966/1029/966/1030 
f 1112/1180/1112/1181 1113/1181/1113/1182 968/1031/968/1032 
f 1112/1180/1112/1181 968/1031/968/1032 967/1030/967/1031 
f 1113/1181/1113/1182 1114/1182/1114/1183 969/1032/969/1033 
f 1113/1181/1113/1182 969/1032/969/1033 968/1031/968/1032 
f 1114/1182/1114/1183 1115/1183/1115/1184 970/1033/970/1034 
f 1114/1182/1114/1183 970/1033/970/1034 969/1032/969/1033 
f 1115/1183/1115/1184 882/942/882/943 872/932/872/933 
f 1115/1183/1115/1184 872/932/872/933 970/1033/970/1034 
f 1088/1155/1088/1156 1087/1154/1087/1155 1059/1125/1059/1126 
f 1088/1155/1088/1156 1059/1125/1059/1126 1058/1124/1058/1125 
f 1087/1154/1087/1155 1089/1156/1089/1157 1060/1126/1060/1127 
f 1087/1154/1087/1155 1060/1126/1060/1127 1059/1125/1059/1126 
f 1089/1156/1089/1157 1090/1157/1090/1158 1061/1127/1061/1128 
f 1089/1156/1089/1157 1061/1127/1061/1128 1060/1126/1060/1127 
f 1090/1157/1090/1158 1091/1158/1091/1159 1062/1128/1062/1129 
f 1090/1157/1090/1158 1062/1128/1062/1129 1061/1127/1061/1128 
f 1091/1158/1091/1159 1092/1159/1092/1160 1063/1129/1063/1130 
f 1091/1158/1091/1159 1063/1129/1063/1130 1062/1128/1062/1129 
f 1092/1159/1092/1160 1093/1160/1093/1161 1064/1130/1064/1131 
f 1092/1159/1092/1160 1064/1130/1064/1131 1063/1129/1063/1130 
f 1093/1160/1093/1161 1094/1161/1094/1162 1065/1131/1065/1132 
f 1093/1160/1093/1161 1065/1131/1065/1132 1064/1130/1064/1131 
f 1094/1161/1094/1162 1095/1162/1095/1163 1066/1132/1066/1133 
f 1094/1161/1094/1162 1066/1132/1066/1133 1065/1131/1065/1132 
f 1095/1162/1095/1163 1096/1163/1096/1164 1067/1133/1067/1134 
f 1095/1162/1095/1163 1067/1133/1067/1134 1066/1132/1066/1133 
f 1096/1163/1096/1164 1097/1164/1097/1165 1068/1134/1068/1135 
f 1096/1163/1096/1164 1068/1134/1068/1135 1067/1133/1067/1134 
f 1097/1164/1097/1165 1098/1165/1098/1166 1069/1135/1069/1136 
f 1097/1164/1097/1165 1069/1135/1069/1136 1068/1134/1068/1135 
f 1098/1165/1098/1166 1099/1166/1099/1167 1070/1136/1070/1137 
f 1098/1165/1098/1166 1070/1136/1070/1137 1069/1135/1069/1136 
f 1099/1166/1099/1167 1100/1167/1100/1168 1071/1137/1071/1138 
f 1099/1166/1099/1167 1071/1137/1071/1138 1070/1136/1070/1137 
f 1100/1167/1100/1168 1101/1168/1101/1169 1072/1138/1072/1139 
f 1100/1167/1100/1168 1072/1138/1072/1139 1071/1137/1071/1138 
f 1101/1168/1101/1169 883/943/883/944 880/940/880/941 
f 1101/1168/1101/1169 880/940/880/941 1072/1138/1072/1139 
f 1058/1140/1058/1141 1073/1139/1073/1140 1102/1170/1102/1171 
f 1058/1140/1058/1141 1102/1170/1102/1171 1088/1169/1088/1170 
f 1073/1139/1073/1140 1074/1141/1074/1142 1103/1171/1103/1172 
f 1073/1139/1073/1140 1103/1171/1103/1172 1102/1170/1102/1171 
f 1074/1141/1074/1142 1075/1142/1075/1143 1104/1172/1104/1173 
f 1074/1141/1074/1142 1104/1172/1104/1173 1103/1171/1103/1172 
f 1075/1142/1075/1143 1076/1143/1076/1144 1105/1173/1105/1174 
f 1075/1142/1075/1143 1105/1173/1105/1174 1104/1172/1104/1173 
f 1076/1143/1076/1144 1077/1144/1077/1145 1106/1174/1106/1175 
f 1076/1143/1076/1144 1106/1174/1106/1175 1105/1173/1105/1174 
f 1077/1144/1077/1145 1078/1145/1078/1146 1107/1175/1107/1176 
f 1077/1144/1077/1145 1107/1175/1107/1176 1106/1174/1106/1175 
f 1078/1145/1078/1146 1079/1146/1079/1147 1108/1176/1108/1177 
f 1078/1145/1078/1146 1108/1176/1108/1177 1107/1175/1107/1176 
f 1079/1146/1079/1147 1080/1147/1080/1148 1109/1177/1109/1178 
f 1079/1146/1079/1147 1109/1177/1109/1178 1108/1176/1108/1177 
f 1080/1147/1080/1148 1081/1148/1081/1149 1110/1178/1110/1179 
f 1080/1147/1080/1148 1110/1178/1110/1179 1109/1177/1109/1178 
f 1081/1148/1081/1149 1082/1149/1082/1150 1111/1179/1111/1180 
f 1081/1148/1081/1149 1111/1179/1111/1180 1110/1178/1110/1179 
f 1082/1149/1082/1150 1083/1150/1083/1151 1112/1180/1112/1181 
f 1082/1149/1082/1150 1112/1180/1112/1181 1111/1179/1111/1180 
f 1083/1150/1083/1151 1084/1151/1084/1152 1113/1181/1113/1182 
f 1083/1150/1083/1151 1113/1181/1113/1182 1112/1180/1112/1181 
f 1084/1151/1084/1152 1085/1152/1085/1153 1114/1182/1114/1183 
f 1084/1151/1084/1152 1114/1182/1114/1183 1113/1181/1113/1182 
f 1085/1152/1085/1153 1086/1153/1086/1154 1115/1183/1115/1184 
f 1085/1152/1085/1153 1115/1183/1115/1184 1114/1182/1114/1183 
f 1086/1153/1086/1154 881/941/881/942 882/942/882/943 
f 1086/1153/1086/1154 882/942/882/943 1115/1183/1115/1184 
f 1116/1184/1116/1185 1117/1185/1117/1186 1118/1186/1118/1187 
f 1116/1184/1116/1185 1118/1186/1118/1187 1119/1187/1119/1188 
f 1120/1188/1120/1189 1121/1189/1121/1190 1122/1190/1122/1191 
f 1120/1188/1120/1189 1122/1190/1122/1191 1123/1191/1123/1192 
f 1123/1192/1123/1193 1122/1193/1122/1194 1116/1184/1116/1185 
f 1123/1192/1123/1193 1116/1184/1116/1185 1119/1187/1119/1188 
f 1122/1190/1122/1191 1121/1189/1121/1190 1117/1185/1117/1186 
f 1122/1190/1122/1191 1117/1185/1117/1186 1116/1184/1116/1185 
f 1121/1194/1121/1195 1120/1195/1120/1196 1118/1186/1118/1187 
f 1121/1194/1121/1195 1118/1186/1118/1187 1117/1185/1117/1186 
f 1120/1196/1120/1197 1123/1197/1123/1198 1119/1187/1119/1188 
f 1120/1196/1120/1197 1119/1187/1119/1188 1118/1186/1118/1187 
