v 462.8477 711.8386 187.6265
v 479.7578 715.2022 187.6265
v 482.1492 690.9215 187.6265
v 464.9076 690.9215 187.6265
v 479.7578 715.2023 184.4016
v 482.1492 690.9216 184.4016
v 487.6008 716.7623 174.4734
v 490.1459 690.9216 174.4734
v 417.2572 780.0695 187.6265
v 426.8359 794.4052 187.6265
v 445.6962 778.9271 187.6265
v 433.5046 766.7357 187.6265
v 426.836 794.4053 184.4016
v 445.6962 778.9272 184.4016
v 431.2788 801.0543 174.4735
v 451.3505 784.5818 174.4735
v 446.8385 750.4882 187.6265
v 446.8385 750.4882 231.4344
v 433.5046 766.7357 231.4344
v 472.1779 767.4196 231.4344
v 455.054 788.2852 231.4344
v 472.178 767.4197 174.4734
v 467.8231 764.5099 174.4734
v 455.054 788.2852 174.4735
v 461.1741 760.067 187.6265
v 472.6754 738.5499 187.6265
v 456.7463 731.9518 187.6265
v 461.1742 760.0671 184.4016
v 472.6755 738.5499 184.4016
v 480.0634 741.6101 174.4734
v 417.2572 780.0695 231.4344
v 398.7209 789.9774 231.4344
v 398.7209 789.9774 187.6265
v 434.1885 805.4091 231.4344
v 410.3832 818.1331 231.4344
v 434.1886 805.409 174.4735
v 408.379 813.2944 174.4735
v 410.3832 818.1332 174.4735
v 393.2048 791.6508 187.6265
v 393.2048 809.5811 187.6265
v 405.3188 805.9064 187.6265
v 393.2049 809.5812 184.4016
v 405.3188 805.9065 184.4016
v 393.2049 817.8975 174.4735
v 462.8478 711.8386 231.4344
v 456.7465 731.9518 231.4344
v 491.7172 717.5811 231.4344
v 491.7172 721.1481 231.4344
v 484.9021 743.6143 231.4344
v 491.7172 721.1482 173.8543
v 491.7172 717.5812 174.4734
v 484.9022 743.6144 174.4734
v 464.9077 690.9215 231.4343
v 491.7172 690.9215 231.4343
v 393.2048 791.6508 231.4344
v 393.2048 823.3441 231.4345
v 393.2049 823.3442 174.4735
v 305.7122 690.9215 187.6265
v 305.7122 715.1124 187.6265
v 323.5623 711.8386 187.6265
v 321.5021 690.9215 187.6265
v 340.7136 778.9271 187.6265
v 359.5737 794.4052 187.6265
v 369.1526 780.0695 187.6265
v 352.9054 766.7357 187.6265
v 340.7137 778.9272 184.4016
v 359.5737 794.4053 184.4016
v 335.0593 784.5818 174.4735
v 355.131 801.0543 174.4735
v 352.9053 766.7357 231.4344
v 339.5714 750.4882 231.4344
v 339.5714 750.4882 187.6265
v 331.3558 788.2852 231.4344
v 314.2319 767.4196 231.4344
v 318.5868 764.5099 174.4734
v 314.2319 767.4197 174.4734
v 331.3558 788.2852 174.4735
v 313.7344 738.5499 187.6265
v 325.2357 760.067 187.6265
v 329.6635 731.9518 187.6265
v 313.7344 738.5499 184.4016
v 325.2357 760.0671 184.4016
v 305.7123 741.2968 174.7122
v 305.7123 743.0255 174.4734
v 387.6889 789.9774 231.4344
v 369.1526 780.0695 231.4344
v 387.6889 789.9774 187.6265
v 376.0265 818.1331 231.4344
v 352.2212 805.4091 231.4344
v 378.0308 813.2944 174.4735
v 352.2212 805.409 174.4735
v 376.0265 818.1332 174.4735
v 381.091 805.9064 187.6265
v 381.0911 805.9065 184.4016
v 329.6635 731.9518 231.4344
v 323.5623 711.8386 231.4344
v 305.7123 741.2968 231.4344
v 305.7123 715.1124 231.4344
v 305.7122 716.689 187.6316
v 305.7123 754.0822 231.4344
v 305.7123 754.0823 174.4734
v 321.502 690.9215 231.4343
v 305.7123 690.9215 231.4343
v 305.7123 716.689 184.4016
v 130.666 690.9215 187.6265
v 133.0573 715.2022 187.6265
v 149.9674 711.8386 187.6265
v 147.9074 690.9215 187.6265
v 130.666 690.9216 184.4016
v 133.0574 715.2023 184.4016
v 125.2145 716.7623 174.4734
v 122.6693 690.9216 174.4734
v 167.119 778.9271 187.6265
v 185.9792 794.4052 187.6265
v 195.5579 780.0695 187.6265
v 179.3104 766.7357 187.6265
v 167.119 778.9272 184.4016
v 185.9792 794.4053 184.4016
v 161.4645 784.5818 174.4735
v 181.5363 801.0543 174.4735
v 179.3105 766.7357 231.4344
v 165.9769 750.4882 231.4344
v 165.9769 750.4882 187.6265
v 157.7612 788.2852 231.4344
v 140.6373 767.4196 231.4344
v 144.9919 764.5099 174.4734
v 140.6373 767.4197 174.4734
v 157.7612 788.2852 174.4735
v 140.1396 738.5499 187.6265
v 151.641 760.067 187.6265
v 156.0687 731.9518 187.6265
v 140.1397 738.5499 184.4016
v 151.6411 760.0671 184.4016
v 132.752 741.6101 174.4734
v 214.0944 789.9774 231.4344
v 195.5579 780.0695 231.4344
v 214.0944 789.9774 187.6265
v 202.432 818.1331 231.4344
v 178.6268 805.4091 231.4344
v 204.4362 813.2944 174.4735
v 178.6268 805.409 174.4735
v 202.432 818.1332 174.4735
v 207.4965 805.9064 187.6265
v 219.6102 809.5811 187.6265
v 219.6102 791.6508 187.6265
v 207.4965 805.9065 184.4016
v 219.6102 809.5812 184.4016
v 219.6102 817.8975 174.4735
v 156.0687 731.9518 231.4344
v 149.9675 711.8386 231.4344
v 127.9132 743.6143 231.4344
v 120.9982 720.8184 231.4344
v 120.9982 717.601 231.4344
v 120.9982 717.6011 174.4734
v 120.9982 720.8184 173.8543
v 127.9133 743.6144 174.4734
v 147.9074 690.9215 231.4343
v 120.9982 690.9215 231.4343
v 219.6102 791.6508 231.4344
v 219.6102 823.3441 231.4344
v 219.6102 823.3442 174.4735
v 289.2531 711.8386 187.6265
v 291.313 690.9215 187.6265
v 243.6625 780.0695 187.6265
v 253.2414 794.4052 187.6265
v 272.1015 778.9271 187.6265
v 259.91 766.7357 187.6265
v 253.2414 794.4053 184.4016
v 272.1016 778.9272 184.4016
v 257.6842 801.0543 174.4735
v 277.756 784.5818 174.4735
v 273.2437 750.4882 187.6265
v 273.2437 750.4882 231.4344
v 259.9101 766.7357 231.4344
v 298.5832 767.4196 231.4344
v 281.4592 788.2852 231.4344
v 298.5833 767.4197 174.4734
v 294.2286 764.5099 174.4734
v 281.4593 788.2852 174.4735
v 287.5795 760.067 187.6265
v 299.0809 738.5499 187.6265
v 283.1519 731.9518 187.6265
v 287.5795 760.0671 184.4016
v 299.0809 738.5499 184.4016
v 243.6626 780.0695 231.4344
v 225.1261 789.9774 231.4344
v 225.1261 789.9774 187.6265
v 260.5938 805.4091 231.4344
v 236.7885 818.1331 231.4344
v 260.5938 805.409 174.4735
v 234.7844 813.2944 174.4735
v 236.7885 818.1332 174.4735
v 231.7241 805.9064 187.6265
v 231.7241 805.9065 184.4016
v 289.2531 711.8386 231.4344
v 283.1519 731.9518 231.4344
v 291.3131 690.9215 231.4343
v 120.9982 690.9216 174.4734
v 92.0285 711.8386 187.6265
v 108.9386 715.2022 187.6265
v 111.3303 690.9215 187.6265
v 94.0886 690.9215 187.6265
v 108.9387 715.2023 184.4016
v 111.3303 690.9216 184.4016
v 116.7817 716.7623 174.4734
v 119.3268 690.9216 174.4734
v 46.4381 780.0695 187.6265
v 56.0171 794.4052 187.6265
v 74.877 778.9271 187.6265
v 62.6854 766.7357 187.6265
v 56.0172 794.4053 184.4016
v 74.8771 778.9272 184.4016
v 60.4597 801.0543 174.4735
v 80.5316 784.5818 174.4735
v 76.0194 750.4882 187.6265
v 76.0193 750.4882 231.4344
v 62.6854 766.7357 231.4344
v 101.3588 767.4196 231.4344
v 84.235 788.2852 231.4344
v 101.3589 767.4197 174.4734
v 97.0041 764.5099 174.4734
v 84.235 788.2852 174.4735
v 90.3552 760.067 187.6265
v 101.8562 738.5499 187.6265
v 85.9271 731.9518 187.6265
v 90.3552 760.0671 184.4016
v 101.8563 738.5499 184.4016
v 109.2444 741.6101 174.4734
v 46.4382 780.0695 231.4344
v 27.9017 789.9774 231.4344
v 27.9016 789.9774 187.6265
v 63.3696 805.4091 231.4344
v 39.5641 818.1331 231.4344
v 63.3697 805.409 174.4735
v 37.5599 813.2944 174.4735
v 39.5642 818.1332 174.4735
v 22.3857 791.6508 187.6265
v 22.3857 809.5811 187.6265
v 34.4998 805.9064 187.6265
v 22.3859 809.5812 184.4016
v 34.4998 805.9065 184.4016
v 22.3859 817.8975 174.4735
v 92.0285 711.8386 231.4344
v 85.9272 731.9518 231.4344
v 114.083 743.6143 231.4344
v 114.0831 743.6144 174.4734
v 94.0887 690.9215 231.4343
v 22.3858 791.6508 231.4344
v 22.3858 823.3441 231.4344
v 22.3859 823.3442 174.4735
v -63.5397 690.9215 187.6265
v -63.5397 715.0775 187.6265
v -47.257 711.8386 187.6265
v -49.3171 690.9215 187.6265
v -30.1055 778.9271 187.6265
v -11.2454 794.4052 187.6265
v -1.6666 780.0695 187.6265
v -17.9139 766.7357 187.6265
v -30.1054 778.9272 184.4016
v -11.2454 794.4053 184.4016
v -35.7599 784.5818 174.4735
v -15.6881 801.0543 174.4735
v -17.9139 766.7357 231.4344
v -31.2477 750.4882 231.4344
v -31.2478 750.4882 187.6265
v -39.4633 788.2852 231.4344
v -56.5872 767.4196 231.4344
v -52.2324 764.5099 174.4734
v -56.587 767.4197 174.4734
v -39.4633 788.2852 174.4735
v -57.0847 738.5499 187.6265
v -45.5836 760.067 187.6265
v -41.1556 731.9518 187.6265
v -57.0846 738.5499 184.4016
v -45.5834 760.0671 184.4016
v -63.5396 741.2236 174.9122
v -63.5396 743.3555 174.4734
v 16.8699 789.9774 231.4344
v -1.6666 780.0695 231.4344
v 16.8699 789.9774 187.6265
v 5.2075 818.1331 231.4344
v -18.5979 805.4091 231.4344
v 7.2118 813.2944 174.4735
v -18.5978 805.409 174.4735
v 5.2075 818.1332 174.4735
v 10.2719 805.9064 187.6265
v 10.2719 805.9065 184.4016
v -41.1556 731.9518 231.4344
v -47.257 711.8386 231.4344
v -63.5397 741.2235 231.4344
v -63.5397 715.0775 231.4344
v -63.5397 717.2704 187.7734
v -63.5397 754.4124 231.4344
v -63.5396 754.4124 174.4734
v -49.3171 690.9215 231.4343
v -63.5397 690.9215 231.4343
v 491.7172 690.9216 174.4734
v 501.2851 690.9215 187.6265
v 503.6765 715.2022 187.6265
v 520.5867 711.8386 187.6265
v 518.5266 690.9215 187.6265
v 501.2851 690.9216 184.4016
v 503.6766 715.2023 184.4016
v 495.8335 716.7623 174.4734
v 493.2885 690.9216 174.4734
v 537.738 778.9271 187.6265
v 556.5983 794.4052 187.6265
v 566.177 780.0695 187.6265
v 549.9297 766.7357 187.6265
v 537.738 778.9272 184.4016
v 556.5983 794.4053 184.4016
v 532.0839 784.5818 174.4735
v 552.1556 801.0543 174.4735
v 549.9297 766.7357 231.4344
v 536.5958 750.4882 231.4344
v 536.5957 750.4882 187.6265
v 528.3803 788.2852 231.4344
v 511.2564 767.4196 231.4344
v 515.6112 764.5099 174.4734
v 511.2564 767.4197 174.4734
v 528.3803 788.2852 174.4735
v 510.7589 738.5499 187.6265
v 522.26 760.067 187.6265
v 526.6879 731.9518 187.6265
v 510.759 738.5499 184.4016
v 522.26 760.0671 184.4016
v 503.3709 741.6101 174.4734
v 584.7134 789.9774 231.4344
v 566.177 780.0695 231.4344
v 584.7134 789.9774 187.6265
v 573.0511 818.1331 231.4344
v 549.2457 805.4091 231.4344
v 575.0554 813.2944 174.4735
v 549.2457 805.409 174.4735
v 573.0511 818.1332 174.4735
v 578.1154 805.9064 187.6265
v 590.2294 809.5811 187.6265
v 590.2294 791.6508 187.6265
v 578.1155 805.9065 184.4016
v 590.2295 809.5812 184.4016
v 590.2295 817.8975 174.4735
v 526.688 731.9518 231.4344
v 520.5867 711.8386 231.4344
v 498.5322 743.6143 231.4344
v 498.5322 743.6144 174.4734
v 518.5266 690.9215 231.4343
v 590.2295 791.6508 231.4344
v 590.2295 823.3441 231.4345
v 590.2295 823.3442 174.4735
v 659.872 711.8386 187.6265
v 677.0784 714.9944 187.6265
v 677.0784 690.9215 187.6265
v 661.9323 690.9215 187.6265
v 614.2816 780.0695 187.6265
v 623.8606 794.4052 187.6265
v 642.7207 778.9271 187.6265
v 630.5289 766.7357 187.6265
v 623.8606 794.4053 184.4016
v 642.7208 778.9272 184.4016
v 628.3033 801.0543 174.4735
v 648.3752 784.5818 174.4735
v 643.8628 750.4882 187.6265
v 643.8628 750.4882 231.4344
v 630.5289 766.7357 231.4344
v 669.2025 767.4196 231.4344
v 652.0785 788.2852 231.4344
v 669.2026 767.4197 174.4734
v 664.8476 764.5099 174.4734
v 652.0785 788.2852 174.4735
v 658.1987 760.067 187.6265
v 669.6999 738.5499 187.6265
v 653.7708 731.9518 187.6265
v 658.1987 760.0671 184.4016
v 669.7 738.5499 184.4016
v 677.0784 744.0996 174.4734
v 677.0784 741.0763 175.3155
v 614.2816 780.0695 231.4344
v 595.7454 789.9774 231.4344
v 595.7452 789.9774 187.6265
v 631.213 805.4091 231.4344
v 607.4078 818.1331 231.4344
v 631.213 805.409 174.4735
v 605.4036 813.2944 174.4735
v 607.4078 818.1332 174.4735
v 602.3433 805.9064 187.6265
v 602.3433 805.9065 184.4016
v 659.8721 711.8386 231.4344
v 653.7708 731.9518 231.4344
v 677.0784 714.9944 231.4344
v 677.0784 741.0457 231.4344
v 677.0784 718.4429 187.7474
v 677.0784 755.09 231.4344
v 677.0784 755.09 174.4734
v 661.9324 690.9215 231.4343
v 677.0784 690.9215 231.4343
v -63.5396 717.2705 184.4016
v -609.2288 690.9215 187.6265
v -606.8372 715.2022 187.6265
v -589.9272 711.8386 187.6265
v -591.9871 690.9215 187.6265
v -609.2285 690.9216 184.4016
v -606.8369 715.2023 184.4016
v -614.6798 716.7623 174.4734
v -617.225 690.9216 174.4734
v -572.7756 778.9271 187.6265
v -553.9155 794.4052 187.6265
v -544.3367 780.0695 187.6265
v -560.584 766.7357 187.6265
v -572.7754 778.9272 184.4016
v -553.9153 794.4053 184.4016
v -578.4298 784.5818 174.4735
v -558.3578 801.0543 174.4735
v -560.584 766.7357 231.4344
v -573.918 750.4882 231.4344
v -573.918 750.4882 187.6265
v -582.1333 788.2852 231.4344
v -599.2573 767.4196 231.4344
v -594.9022 764.5099 174.4734
v -599.2572 767.4197 174.4734
v -582.1332 788.2852 174.4735
v -599.7549 738.5499 187.6265
v -588.2534 760.067 187.6265
v -583.8259 731.9518 187.6265
v -599.7546 738.5499 184.4016
v -588.2534 760.0671 184.4016
v -607.1427 741.6101 174.4734
v -525.8003 789.9774 231.4344
v -544.3367 780.0695 231.4344
v -525.8005 789.9774 187.6265
v -537.4626 818.1331 231.4344
v -561.2676 805.4091 231.4344
v -535.458 813.2944 174.4735
v -561.2675 805.409 174.4735
v -537.4626 818.1332 174.4735
v -532.3979 805.9064 187.6265
v -520.2842 809.5811 187.6265
v -520.2842 791.6508 187.6265
v -532.3979 805.9065 184.4016
v -520.2839 809.5812 184.4016
v -520.2839 817.8975 174.4735
v -583.8259 731.9518 231.4344
v -589.9272 711.8386 231.4344
v -611.9817 743.6143 231.4344
v -618.7966 721.1481 231.4344
v -618.7966 717.5811 231.4344
v -618.7965 717.5812 174.4734
v -618.7966 721.1482 173.8543
v -611.9813 743.6144 174.4734
v -591.9871 690.9215 231.4343
v -618.7966 690.9215 231.4343
v -520.2842 791.6508 231.4344
v -520.2842 823.3441 231.4345
v -520.2839 823.3442 174.4735
v -450.6414 711.8386 187.6265
v -432.7917 715.1124 187.6265
v -432.7917 690.9215 187.6265
v -448.5813 690.9215 187.6265
v -496.2319 780.0695 187.6265
v -486.6531 794.4052 187.6265
v -467.793 778.9271 187.6265
v -479.9846 766.7357 187.6265
v -486.6528 794.4053 184.4016
v -467.7927 778.9272 184.4016
v -482.2102 801.0543 174.4735
v -462.1384 784.5818 174.4735
v -466.6506 750.4882 187.6265
v -466.6506 750.4882 231.4344
v -479.9844 766.7357 231.4344
v -441.311 767.4196 231.4344
v -458.4351 788.2852 231.4344
v -441.311 767.4197 174.4734
v -445.6658 764.5099 174.4734
v -458.4351 788.2852 174.4735
v -452.3149 760.067 187.6265
v -440.8137 738.5499 187.6265
v -456.7429 731.9518 187.6265
v -452.3149 760.0671 184.4016
v -440.8137 738.5499 184.4016
v -432.7917 743.0255 174.4734
v -432.7917 741.2968 174.7122
v -496.2319 780.0695 231.4344
v -514.7683 789.9774 231.4344
v -514.7683 789.9774 187.6265
v -479.3008 805.4091 231.4344
v -503.1057 818.1331 231.4344
v -479.3005 805.409 174.4735
v -505.1099 813.2944 174.4735
v -503.1057 818.1332 174.4735
v -508.1707 805.9064 187.6265
v -508.1704 805.9065 184.4016
v -450.6414 711.8386 231.4344
v -456.7429 731.9518 231.4344
v -432.7917 715.1124 231.4344
v -432.7917 741.2968 231.4344
v -432.7917 716.689 187.6212
v -432.7917 754.0822 231.4344
v -432.7917 754.0823 174.4734
v -448.5815 690.9215 231.4343
v -432.7917 690.9215 231.4343
v -432.7917 716.689 184.4016
v -277.0469 711.8386 187.6265
v -260.1367 715.2022 187.6265
v -257.7452 690.9215 187.6265
v -274.9868 690.9215 187.6265
v -260.1367 715.2023 184.4016
v -257.7451 690.9216 184.4016
v -252.2936 716.7623 174.4734
v -249.7485 690.9216 174.4734
v -322.6372 780.0695 187.6265
v -313.0583 794.4052 187.6265
v -294.1982 778.9271 187.6265
v -306.3899 766.7357 187.6265
v -313.0583 794.4053 184.4016
v -294.1982 778.9272 184.4016
v -308.6155 801.0543 174.4735
v -288.5437 784.5818 174.4735
v -293.0562 750.4882 187.6265
v -293.0559 750.4882 231.4344
v -306.3899 766.7357 231.4344
v -267.7166 767.4196 231.4344
v -284.8403 788.2852 231.4344
v -267.7166 767.4197 174.4734
v -272.0713 764.5099 174.4734
v -284.8403 788.2852 174.4735
v -278.7207 760.067 187.6265
v -267.219 738.5499 187.6265
v -283.1482 731.9518 187.6265
v -278.7202 760.0671 184.4016
v -267.219 738.5499 184.4016
v -259.831 741.6101 174.4734
v -322.6372 780.0695 231.4344
v -341.1736 789.9774 231.4344
v -341.1736 789.9774 187.6265
v -305.7061 805.4091 231.4344
v -329.5112 818.1331 231.4344
v -305.7058 805.409 174.4735
v -331.5154 813.2944 174.4735
v -329.511 818.1332 174.4735
v -346.6895 791.6508 187.6265
v -346.6895 809.5811 187.6265
v -334.5757 805.9064 187.6265
v -346.6895 809.5812 184.4016
v -334.5757 805.9065 184.4016
v -346.6895 817.8975 174.4735
v -277.0469 711.8386 231.4344
v -283.1482 731.9518 231.4344
v -248.0775 717.601 231.4344
v -248.0775 720.8184 231.4344
v -254.9924 743.6143 231.4344
v -248.0773 720.8184 173.8543
v -248.0773 717.6011 174.4734
v -254.9924 743.6144 174.4734
v -274.9866 690.9215 231.4343
v -248.0775 690.9215 231.4343
v -346.6895 791.6508 231.4344
v -346.6895 823.3441 231.4344
v -346.6895 823.3442 174.4735
v -416.3325 711.8386 187.6265
v -418.3923 690.9215 187.6265
v -399.1809 778.9271 187.6265
v -380.3208 794.4052 187.6265
v -370.7419 780.0695 187.6265
v -386.9895 766.7357 187.6265
v -399.1807 778.9272 184.4016
v -380.3206 794.4053 184.4016
v -404.8352 784.5818 174.4735
v -384.7632 801.0543 174.4735
v -386.9895 766.7357 231.4344
v -400.323 750.4882 231.4344
v -400.323 750.4882 187.6265
v -408.5386 788.2852 231.4344
v -425.6628 767.4196 231.4344
v -421.3079 764.5099 174.4734
v -425.6624 767.4197 174.4734
v -408.5386 788.2852 174.4735
v -426.1602 738.5499 187.6265
v -414.6589 760.067 187.6265
v -410.231 731.9518 187.6265
v -426.1599 738.5499 184.4016
v -414.6589 760.0671 184.4016
v -352.2056 789.9774 231.4344
v -370.7417 780.0695 231.4344
v -352.2056 789.9774 187.6265
v -363.8679 818.1331 231.4344
v -387.6733 805.4091 231.4344
v -361.8635 813.2944 174.4735
v -387.6733 805.409 174.4735
v -363.8677 818.1332 174.4735
v -358.8035 805.9064 187.6265
v -358.8035 805.9065 184.4016
v -410.231 731.9518 231.4344
v -416.3325 711.8386 231.4344
v -418.3923 690.9215 231.4343
v -248.0773 690.9216 174.4734
v -238.4095 690.9215 187.6265
v -236.0182 715.2022 187.6265
v -219.1078 711.8386 187.6265
v -221.168 690.9215 187.6265
v -238.4094 690.9216 184.4016
v -236.0181 715.2023 184.4016
v -243.8609 716.7623 174.4734
v -246.4062 690.9216 174.4734
v -201.9565 778.9271 187.6265
v -183.0964 794.4052 187.6265
v -173.5175 780.0695 187.6265
v -189.7648 766.7357 187.6265
v -201.9564 778.9272 184.4016
v -183.0963 794.4053 184.4016
v -207.6109 784.5818 174.4735
v -187.5391 801.0543 174.4735
v -189.7648 766.7357 231.4344
v -203.0986 750.4882 231.4344
v -203.0987 750.4882 187.6265
v -211.3141 788.2852 231.4344
v -228.438 767.4196 231.4344
v -224.0833 764.5099 174.4734
v -228.438 767.4197 174.4734
v -211.3141 788.2852 174.4735
v -228.9357 738.5499 187.6265
v -217.4345 760.067 187.6265
v -213.0067 731.9518 187.6265
v -228.9357 738.5499 184.4016
v -217.4344 760.0671 184.4016
v -236.3234 741.6101 174.4734
v -154.9809 789.9774 231.4344
v -173.5175 780.0695 231.4344
v -154.9809 789.9774 187.6265
v -166.6434 818.1331 231.4344
v -190.4489 805.4091 231.4344
v -164.6392 813.2944 174.4735
v -190.4488 805.409 174.4735
v -166.6434 818.1332 174.4735
v -161.579 805.9064 187.6265
v -149.4652 809.5811 187.6265
v -149.4652 791.6508 187.6265
v -161.5789 805.9065 184.4016
v -149.4651 809.5812 184.4016
v -149.4651 817.8975 174.4735
v -213.0068 731.9518 231.4344
v -219.1078 711.8386 231.4344
v -241.1622 743.6143 231.4344
v -241.1622 743.6144 174.4734
v -221.168 690.9215 231.4343
v -149.4652 791.6508 231.4344
v -149.4652 823.3441 231.4344
v -149.4651 823.3442 174.4735
v -79.8224 711.8386 187.6265
v -77.7623 690.9215 187.6265
v -125.4128 780.0695 187.6265
v -115.834 794.4052 187.6265
v -96.974 778.9271 187.6265
v -109.1655 766.7357 187.6265
v -115.8339 794.4053 184.4016
v -96.9739 778.9272 184.4016
v -111.3911 801.0543 174.4735
v -91.3193 784.5818 174.4735
v -95.8315 750.4882 187.6265
v -95.8315 750.4882 231.4344
v -109.1655 766.7357 231.4344
v -70.4922 767.4196 231.4344
v -87.616 788.2852 231.4344
v -70.4921 767.4197 174.4734
v -74.8468 764.5099 174.4734
v -87.616 788.2852 174.4735
v -81.4959 760.067 187.6265
v -69.9947 738.5499 187.6265
v -85.9238 731.9518 187.6265
v -81.4958 760.0671 184.4016
v -69.9946 738.5499 184.4016
v -125.4128 780.0695 231.4344
v -143.9493 789.9774 231.4344
v -143.9493 789.9774 187.6265
v -108.4814 805.4091 231.4344
v -132.2869 818.1331 231.4344
v -108.4814 805.409 174.4735
v -134.291 813.2944 174.4735
v -132.2867 818.1332 174.4735
v -137.3511 805.9064 187.6265
v -137.351 805.9065 184.4016
v -79.8225 711.8386 231.4344
v -85.9238 731.9518 231.4344
v -77.7623 690.9215 231.4343
v -618.7965 690.9216 174.4734
v -647.666 711.8386 187.6265
v -630.7561 715.2022 187.6265
v -628.3645 690.9215 187.6265
v -645.6062 690.9215 187.6265
v -630.7559 715.2023 184.4016
v -628.3645 690.9216 184.4016
v -622.9125 716.7623 174.4734
v -620.3676 690.9216 174.4734
v -693.2566 780.0695 187.6265
v -683.6777 794.4052 187.6265
v -664.8176 778.9271 187.6265
v -677.009 766.7357 187.6265
v -683.6777 794.4053 184.4016
v -664.8174 778.9272 184.4016
v -679.2347 801.0543 174.4735
v -659.163 784.5818 174.4735
v -663.6753 750.4882 187.6265
v -663.6753 750.4882 231.4344
v -677.009 766.7357 231.4344
v -638.3359 767.4196 231.4344
v -655.4597 788.2852 231.4344
v -638.3356 767.4197 174.4734
v -642.6901 764.5099 174.4734
v -655.4594 788.2852 174.4735
v -649.3394 760.067 187.6265
v -637.8384 738.5499 187.6265
v -653.7673 731.9518 187.6265
v -649.3391 760.0671 184.4016
v -637.8384 738.5499 184.4016
v -630.4501 741.6101 174.4734
v -693.2566 780.0695 231.4344
v -711.793 789.9774 231.4344
v -711.793 789.9774 187.6265
v -676.325 805.4091 231.4344
v -700.1306 818.1331 231.4344
v -676.3248 805.409 174.4735
v -702.1344 813.2944 174.4735
v -700.1302 818.1332 174.4735
v -717.3088 791.6508 187.6265
v -717.3088 809.5811 187.6265
v -705.1948 805.9064 187.6265
v -717.3086 809.5812 184.4016
v -705.1948 805.9065 184.4016
v -717.3085 817.8975 174.4735
v -647.666 711.8386 231.4344
v -653.7673 731.9518 231.4344
v -625.6116 743.6143 231.4344
v -625.6112 743.6144 174.4734
v -645.6062 690.9215 231.4343
v -717.3088 791.6508 231.4344
v -717.3088 823.3441 231.4345
v -717.3085 823.3442 174.4735
v -804.6172 690.9215 187.6265
v -804.6172 715.0786 187.6265
v -786.9514 711.8386 187.6265
v -789.0117 690.9215 187.6265
v -769.8003 778.9271 187.6265
v -750.9402 794.4052 187.6265
v -741.3611 780.0695 187.6265
v -757.6084 766.7357 187.6265
v -769.8 778.9272 184.4016
v -750.9399 794.4053 184.4016
v -775.4545 784.5818 174.4735
v -755.3824 801.0543 174.4735
v -757.6082 766.7357 231.4344
v -770.9421 750.4882 231.4344
v -770.9424 750.4882 187.6265
v -779.158 788.2852 231.4344
v -796.282 767.4196 231.4344
v -791.9266 764.5099 174.4734
v -796.2816 767.4197 174.4734
v -779.1578 788.2852 174.4735
v -796.7793 738.5499 187.6265
v -785.2781 760.067 187.6265
v -780.8503 731.9518 187.6265
v -796.7791 738.5499 184.4016
v -785.2781 760.0671 184.4016
v -804.6172 741.2336 174.885
v -804.6171 743.3331 174.4734
v -722.825 789.9774 231.4344
v -741.3611 780.0695 231.4344
v -722.8247 789.9774 187.6265
v -734.4873 818.1331 231.4344
v -758.2922 805.4091 231.4344
v -732.4825 813.2944 174.4735
v -758.2921 805.409 174.4735
v -734.4869 818.1332 174.4735
v -729.4226 805.9064 187.6265
v -729.4226 805.9065 184.4016
v -780.8503 731.9518 231.4344
v -786.9514 711.8386 231.4344
v -804.6172 741.2249 231.4344
v -804.6172 715.0786 231.4344
v -804.6172 717.1913 187.7949
v -804.6172 754.3709 231.4344
v -804.6171 754.371 174.4734
v -789.0117 690.9215 231.4343
v -804.6172 690.9215 231.4343
v 677.0784 718.443 184.4016
v 833.5702 711.8386 187.6265
v 850.4803 715.2022 187.6265
v 852.8718 690.9215 187.6265
v 835.6302 690.9215 187.6265
v 850.4802 715.2023 184.4016
v 852.8718 690.9216 184.4016
v 858.3234 716.7623 174.4734
v 860.8684 690.9216 174.4734
v 787.9799 780.0695 187.6265
v 797.5586 794.4052 187.6265
v 816.4189 778.9271 187.6265
v 804.2272 766.7357 187.6265
v 797.5586 794.4053 184.4016
v 816.4189 778.9272 184.4016
v 802.0012 801.0543 174.4735
v 822.073 784.5818 174.4735
v 817.5612 750.4882 187.6265
v 817.5611 750.4882 231.4344
v 804.2272 766.7357 231.4344
v 842.9005 767.4196 231.4344
v 825.7766 788.2852 231.4344
v 842.9005 767.4197 174.4734
v 838.5457 764.5099 174.4734
v 825.7766 788.2852 174.4735
v 831.8969 760.067 187.6265
v 843.3979 738.5499 187.6265
v 827.469 731.9518 187.6265
v 831.8969 760.0671 184.4016
v 843.3978 738.5499 184.4016
v 850.7859 741.6101 174.4734
v 787.9799 780.0695 231.4344
v 769.4435 789.9774 231.4344
v 769.4435 789.9774 187.6265
v 804.9112 805.4091 231.4344
v 781.1058 818.1331 231.4344
v 804.9112 805.409 174.4735
v 779.1014 813.2944 174.4735
v 781.1058 818.1332 174.4735
v 763.9275 791.6508 187.6265
v 763.9275 809.5811 187.6265
v 776.0414 805.9064 187.6265
v 763.9274 809.5812 184.4016
v 776.0414 805.9065 184.4016
v 763.9274 817.8975 174.4735
v 833.5702 711.8386 231.4344
v 827.4689 731.9518 231.4344
v 862.4397 717.5811 231.4344
v 862.4397 721.1481 231.4344
v 855.6247 743.6143 231.4344
v 862.4397 721.1482 173.8543
v 862.4397 717.5812 174.4734
v 855.6247 743.6144 174.4734
v 835.6303 690.9215 231.4343
v 862.4397 690.9215 231.4343
v 763.9274 791.6508 231.4344
v 763.9274 823.3441 231.4345
v 763.9274 823.3442 174.4735
v 694.2849 711.8386 187.6265
v 692.2246 690.9215 187.6265
v 711.4362 778.9271 187.6265
v 730.2963 794.4052 187.6265
v 739.8753 780.0695 187.6265
v 723.628 766.7357 187.6265
v 711.436 778.9272 184.4016
v 730.2963 794.4053 184.4016
v 705.7816 784.5818 174.4735
v 725.8536 801.0543 174.4735
v 723.6279 766.7357 231.4344
v 710.2941 750.4882 231.4344
v 710.2941 750.4882 187.6265
v 702.0784 788.2852 231.4344
v 684.9543 767.4196 231.4344
v 689.3093 764.5099 174.4734
v 684.9543 767.4197 174.4734
v 702.0784 788.2852 174.4735
v 684.457 738.5499 187.6265
v 695.9581 760.067 187.6265
v 700.3861 731.9518 187.6265
v 684.4569 738.5499 184.4016
v 695.9581 760.0671 184.4016
v 758.4115 789.9774 231.4344
v 739.8753 780.0695 231.4344
v 758.4116 789.9774 187.6265
v 746.749 818.1331 231.4344
v 722.9438 805.4091 231.4344
v 748.7533 813.2944 174.4735
v 722.9438 805.409 174.4735
v 746.749 818.1332 174.4735
v 751.8136 805.9064 187.6265
v 751.8136 805.9065 184.4016
v 700.3861 731.9518 231.4344
v 694.2848 711.8386 231.4344
v 692.2245 690.9215 231.4343
v 862.4397 690.9216 174.4734
v -804.6172 717.1914 184.4016
v -980.8696 690.9215 187.6265
v -978.478 715.2022 187.6265
v -961.5681 711.8386 187.6265
v -963.6279 690.9215 187.6265
v -980.8696 690.9216 184.4016
v -978.4783 715.2023 184.4016
v -986.3215 716.7623 174.1857
v -988.8665 690.9216 174.1857
v -944.4165 778.9271 187.6265
v -925.5564 794.4052 187.6265
v -915.9775 780.0695 187.6265
v -932.2251 766.7357 187.6265
v -944.4167 778.9272 184.4016
v -925.5564 794.4053 184.4016
v -950.0709 784.5818 174.4735
v -929.9991 801.0543 174.4735
v -932.2251 766.7357 231.4344
v -945.5588 750.4882 231.4344
v -945.5588 750.4882 187.6265
v -953.7744 788.2852 231.4344
v -970.8982 767.4196 231.4344
v -966.5438 764.5099 174.4734
v -970.8983 767.4197 174.4734
v -953.7745 788.2852 174.4735
v -971.3958 738.5499 187.6265
v -959.8948 760.067 187.6265
v -955.4668 731.9518 187.6265
v -971.396 738.5499 184.4016
v -959.895 760.0671 184.4016
v -978.7838 741.6101 174.4734
v -897.4412 789.9774 231.4344
v -915.9775 780.0695 231.4344
v -897.4412 789.9774 187.6265
v -909.1035 818.1331 231.4344
v -932.9092 805.4091 231.4344
v -907.0995 813.2944 174.4735
v -932.9091 805.409 174.4735
v -909.1036 818.1332 174.4735
v -904.0393 805.9064 187.6265
v -891.9253 809.5811 187.6265
v -891.9253 791.6508 187.6265
v -904.0393 805.9065 184.4016
v -891.9255 809.5812 184.4016
v -891.9254 817.8975 174.4735
v -955.4668 731.9518 231.4344
v -961.5681 711.8386 231.4344
v -983.6226 743.6143 231.4344
v -990.4375 721.1481 231.4344
v -990.4375 717.5811 231.4344
v -990.4375 717.5812 174.1857
v -990.4375 721.1482 174.1857
v -983.6227 743.6144 174.4734
v -963.6279 690.9215 231.4343
v -990.4375 690.9215 231.4343
v -891.9253 791.6508 231.4344
v -891.9253 823.3441 231.4345
v -891.9254 823.3442 174.4735
v -822.2827 711.8386 187.6265
v -820.2224 690.9215 187.6265
v -867.873 780.0695 187.6265
v -858.2939 794.4052 187.6265
v -839.4338 778.9271 187.6265
v -851.6257 766.7357 187.6265
v -858.2942 794.4053 184.4016
v -839.4341 778.9272 184.4016
v -853.8514 801.0543 174.4735
v -833.7794 784.5818 174.4735
v -838.2917 750.4882 187.6265
v -838.292 750.4882 231.4344
v -851.626 766.7357 231.4344
v -812.9521 767.4196 231.4344
v -830.0762 788.2852 231.4344
v -812.9523 767.4197 174.4734
v -817.3073 764.5099 174.4734
v -830.0763 788.2852 174.4735
v -823.9561 760.067 187.6265
v -812.4548 738.5499 187.6265
v -828.3838 731.9518 187.6265
v -823.9561 760.0671 184.4016
v -812.4551 738.5499 184.4016
v -867.873 780.0695 231.4344
v -886.4094 789.9774 231.4344
v -886.4094 789.9774 187.6265
v -850.9419 805.4091 231.4344
v -874.7471 818.1331 231.4344
v -850.9418 805.409 174.4735
v -876.7513 813.2944 174.4735
v -874.7469 818.1332 174.4735
v -879.8115 805.9064 187.6265
v -879.8115 805.9065 184.4016
v -822.2827 711.8386 231.4344
v -828.3838 731.9518 231.4344
v -820.2224 690.9215 231.4343
v -990.4375 690.9216 174.1857
gi 0 0 0 0
gw 0.0 0.0 0.0 0.0
gi 0 0 0 0
gw 0.0 0.0 0.0 0.0
gi 0 0 0 0
gw 0.0 0.0 0.0 0.0
gi 0 0 0 0
gw 0.0 0.0 0.0 0.0
gi 0 0 0 0
gw 0.0 0.0 0.0 0.0
gi 0 0 0 0
gw 0.0 0.0 0.0 0.0
gi 0 0 0 0
gw 0.0 0.0 0.0 0.0
gi 0 0 0 0
gw 0.0 0.0 0.0 0.0
gi 0 0 0 0
gw 0.0 0.0 0.0 0.0
gi 0 0 0 0
gw 0.0 0.0 0.0 0.0
gi 0 0 0 0
gw 0.0 0.0 0.0 0.0
gi 0 0 0 0
gw 0.0 0.0 0.0 0.0
gi 0 0 0 0
gw 0.0 0.0 0.0 0.0
gi 0 0 0 0
gw 0.0 0.0 0.0 0.0
gi 0 0 0 0
gw 0.0 0.0 0.0 0.0
gi 0 0 0 0
gw 0.0 0.0 0.0 0.0
gi 0 0 0 0
gw 0.0 0.0 0.0 0.0
gi 0 0 0 0
gw 0.0 0.0 0.0 0.0
gi 0 0 0 0
gw 0.0 0.0 0.0 0.0
gi 0 0 0 0
gw 0.0 0.0 0.0 0.0
gi 0 0 0 0
gw 0.0 0.0 0.0 0.0
gi 0 0 0 0
gw 0.0 0.0 0.0 0.0
gi 0 0 0 0
gw 0.0 0.0 0.0 0.0
gi 0 0 0 0
gw 0.0 0.0 0.0 0.0
gi 0 0 0 0
gw 0.0 0.0 0.0 0.0
gi 0 0 0 0
gw 0.0 0.0 0.0 0.0
gi 0 0 0 0
gw 0.0 0.0 0.0 0.0
gi 0 0 0 0
gw 0.0 0.0 0.0 0.0
gi 0 0 0 0
gw 0.0 0.0 0.0 0.0
gi 0 0 0 0
gw 0.0 0.0 0.0 0.0
gi 0 0 0 0
gw 0.0 0.0 0.0 0.0
gi 0 0 0 0
gw 0.0 0.0 0.0 0.0
gi 0 0 0 0
gw 0.0 0.0 0.0 0.0
gi 0 0 0 0
gw 0.0 0.0 0.0 0.0
gi 0 0 0 0
gw 0.0 0.0 0.0 0.0
gi 0 0 0 0
gw 0.0 0.0 0.0 0.0
gi 0 0 0 0
gw 0.0 0.0 0.0 0.0
gi 0 0 0 0
gw 0.0 0.0 0.0 0.0
gi 0 0 0 0
gw 0.0 0.0 0.0 0.0
gi 0 0 0 0
gw 0.0 0.0 0.0 0.0
gi 0 0 0 0
gw 0.0 0.0 0.0 0.0
gi 0 0 0 0
gw 0.0 0.0 0.0 0.0
gi 0 0 0 0
gw 0.0 0.0 0.0 0.0
gi 0 0 0 0
gw 0.0 0.0 0.0 0.0
gi 0 0 0 0
gw 0.0 0.0 0.0 0.0
gi 0 0 0 0
gw 0.0 0.0 0.0 0.0
gi 0 0 0 0
gw 0.0 0.0 0.0 0.0
gi 0 0 0 0
gw 0.0 0.0 0.0 0.0
gi 0 0 0 0
gw 0.0 0.0 0.0 0.0
gi 0 0 0 0
gw 0.0 0.0 0.0 0.0
gi 0 0 0 0
gw 0.0 0.0 0.0 0.0
gi 0 0 0 0
gw 0.0 0.0 0.0 0.0
gi 0 0 0 0
gw 0.0 0.0 0.0 0.0
gi 0 0 0 0
gw 0.0 0.0 0.0 0.0
gi 0 0 0 0
gw 0.0 0.0 0.0 0.0
gi 0 0 0 0
gw 0.0 0.0 0.0 0.0
gi 0 0 0 0
gw 0.0 0.0 0.0 0.0
gi 0 0 0 0
gw 0.0 0.0 0.0 0.0
gi 0 0 0 0
gw 0.0 0.0 0.0 0.0
gi 0 0 0 0
gw 0.0 0.0 0.0 0.0
gi 0 0 0 0
gw 0.0 0.0 0.0 0.0
gi 0 0 0 0
gw 0.0 0.0 0.0 0.0
gi 0 0 0 0
gw 0.0 0.0 0.0 0.0
gi 0 0 0 0
gw 0.0 0.0 0.0 0.0
gi 0 0 0 0
gw 0.0 0.0 0.0 0.0
gi 0 0 0 0
gw 0.0 0.0 0.0 0.0
gi 0 0 0 0
gw 0.0 0.0 0.0 0.0
gi 0 0 0 0
gw 0.0 0.0 0.0 0.0
gi 0 0 0 0
gw 0.0 0.0 0.0 0.0
gi 0 0 0 0
gw 0.0 0.0 0.0 0.0
gi 0 0 0 0
gw 0.0 0.0 0.0 0.0
gi 0 0 0 0
gw 0.0 0.0 0.0 0.0
gi 0 0 0 0
gw 0.0 0.0 0.0 0.0
gi 0 0 0 0
gw 0.0 0.0 0.0 0.0
gi 0 0 0 0
gw 0.0 0.0 0.0 0.0
gi 0 0 0 0
gw 0.0 0.0 0.0 0.0
gi 0 0 0 0
gw 0.0 0.0 0.0 0.0
gi 0 0 0 0
gw 0.0 0.0 0.0 0.0
gi 0 0 0 0
gw 0.0 0.0 0.0 0.0
gi 0 0 0 0
gw 0.0 0.0 0.0 0.0
gi 0 0 0 0
gw 0.0 0.0 0.0 0.0
gi 0 0 0 0
gw 0.0 0.0 0.0 0.0
gi 0 0 0 0
gw 0.0 0.0 0.0 0.0
gi 0 0 0 0
gw 0.0 0.0 0.0 0.0
gi 0 0 0 0
gw 0.0 0.0 0.0 0.0
gi 0 0 0 0
gw 0.0 0.0 0.0 0.0
gi 0 0 0 0
gw 0.0 0.0 0.0 0.0
gi 0 0 0 0
gw 0.0 0.0 0.0 0.0
gi 0 0 0 0
gw 0.0 0.0 0.0 0.0
gi 0 0 0 0
gw 0.0 0.0 0.0 0.0
gi 0 0 0 0
gw 0.0 0.0 0.0 0.0
gi 0 0 0 0
gw 0.0 0.0 0.0 0.0
gi 0 0 0 0
gw 0.0 0.0 0.0 0.0
gi 0 0 0 0
gw 0.0 0.0 0.0 0.0
gi 0 0 0 0
gw 0.0 0.0 0.0 0.0
gi 0 0 0 0
gw 0.0 0.0 0.0 0.0
gi 0 0 0 0
gw 0.0 0.0 0.0 0.0
gi 0 0 0 0
gw 0.0 0.0 0.0 0.0
gi 0 0 0 0
gw 0.0 0.0 0.0 0.0
gi 0 0 0 0
gw 0.0 0.0 0.0 0.0
gi 0 0 0 0
gw 0.0 0.0 0.0 0.0
gi 0 0 0 0
gw 0.0 0.0 0.0 0.0
gi 0 0 0 0
gw 0.0 0.0 0.0 0.0
gi 0 0 0 0
gw 0.0 0.0 0.0 0.0
gi 0 0 0 0
gw 0.0 0.0 0.0 0.0
gi 0 0 0 0
gw 0.0 0.0 0.0 0.0
gi 0 0 0 0
gw 0.0 0.0 0.0 0.0
gi 0 0 0 0
gw 0.0 0.0 0.0 0.0
gi 0 0 0 0
gw 0.0 0.0 0.0 0.0
gi 0 0 0 0
gw 0.0 0.0 0.0 0.0
gi 0 0 0 0
gw 0.0 0.0 0.0 0.0
gi 0 0 0 0
gw 0.0 0.0 0.0 0.0
gi 0 0 0 0
gw 0.0 0.0 0.0 0.0
gi 0 0 0 0
gw 0.0 0.0 0.0 0.0
gi 0 0 0 0
gw 0.0 0.0 0.0 0.0
gi 0 0 0 0
gw 0.0 0.0 0.0 0.0
gi 0 0 0 0
gw 0.0 0.0 0.0 0.0
gi 0 0 0 0
gw 0.0 0.0 0.0 0.0
gi 0 0 0 0
gw 0.0 0.0 0.0 0.0
gi 0 0 0 0
gw 0.0 0.0 0.0 0.0
gi 0 0 0 0
gw 0.0 0.0 0.0 0.0
gi 0 0 0 0
gw 0.0 0.0 0.0 0.0
gi 0 0 0 0
gw 0.0 0.0 0.0 0.0
gi 0 0 0 0
gw 0.0 0.0 0.0 0.0
gi 0 0 0 0
gw 0.0 0.0 0.0 0.0
gi 0 0 0 0
gw 0.0 0.0 0.0 0.0
gi 0 0 0 0
gw 0.0 0.0 0.0 0.0
gi 0 0 0 0
gw 0.0 0.0 0.0 0.0
gi 0 0 0 0
gw 0.0 0.0 0.0 0.0
gi 0 0 0 0
gw 0.0 0.0 0.0 0.0
gi 0 0 0 0
gw 0.0 0.0 0.0 0.0
gi 0 0 0 0
gw 0.0 0.0 0.0 0.0
gi 0 0 0 0
gw 0.0 0.0 0.0 0.0
gi 0 0 0 0
gw 0.0 0.0 0.0 0.0
gi 0 0 0 0
gw 0.0 0.0 0.0 0.0
gi 0 0 0 0
gw 0.0 0.0 0.0 0.0
gi 0 0 0 0
gw 0.0 0.0 0.0 0.0
gi 0 0 0 0
gw 0.0 0.0 0.0 0.0
gi 0 0 0 0
gw 0.0 0.0 0.0 0.0
gi 0 0 0 0
gw 0.0 0.0 0.0 0.0
gi 0 0 0 0
gw 0.0 0.0 0.0 0.0
gi 0 0 0 0
gw 0.0 0.0 0.0 0.0
gi 0 0 0 0
gw 0.0 0.0 0.0 0.0
gi 0 0 0 0
gw 0.0 0.0 0.0 0.0
gi 0 0 0 0
gw 0.0 0.0 0.0 0.0
gi 0 0 0 0
gw 0.0 0.0 0.0 0.0
gi 0 0 0 0
gw 0.0 0.0 0.0 0.0
gi 0 0 0 0
gw 0.0 0.0 0.0 0.0
gi 0 0 0 0
gw 0.0 0.0 0.0 0.0
gi 0 0 0 0
gw 0.0 0.0 0.0 0.0
gi 0 0 0 0
gw 0.0 0.0 0.0 0.0
gi 0 0 0 0
gw 0.0 0.0 0.0 0.0
gi 0 0 0 0
gw 0.0 0.0 0.0 0.0
gi 0 0 0 0
gw 0.0 0.0 0.0 0.0
gi 0 0 0 0
gw 0.0 0.0 0.0 0.0
gi 0 0 0 0
gw 0.0 0.0 0.0 0.0
gi 0 0 0 0
gw 0.0 0.0 0.0 0.0
gi 0 0 0 0
gw 0.0 0.0 0.0 0.0
gi 0 0 0 0
gw 0.0 0.0 0.0 0.0
gi 0 0 0 0
gw 0.0 0.0 0.0 0.0
gi 0 0 0 0
gw 0.0 0.0 0.0 0.0
gi 0 0 0 0
gw 0.0 0.0 0.0 0.0
gi 0 0 0 0
gw 0.0 0.0 0.0 0.0
gi 0 0 0 0
gw 0.0 0.0 0.0 0.0
gi 0 0 0 0
gw 0.0 0.0 0.0 0.0
gi 0 0 0 0
gw 0.0 0.0 0.0 0.0
gi 0 0 0 0
gw 0.0 0.0 0.0 0.0
gi 0 0 0 0
gw 0.0 0.0 0.0 0.0
gi 0 0 0 0
gw 0.0 0.0 0.0 0.0
gi 0 0 0 0
gw 0.0 0.0 0.0 0.0
gi 0 0 0 0
gw 0.0 0.0 0.0 0.0
gi 0 0 0 0
gw 0.0 0.0 0.0 0.0
gi 0 0 0 0
gw 0.0 0.0 0.0 0.0
gi 0 0 0 0
gw 0.0 0.0 0.0 0.0
gi 0 0 0 0
gw 0.0 0.0 0.0 0.0
gi 0 0 0 0
gw 0.0 0.0 0.0 0.0
gi 0 0 0 0
gw 0.0 0.0 0.0 0.0
gi 0 0 0 0
gw 0.0 0.0 0.0 0.0
gi 0 0 0 0
gw 0.0 0.0 0.0 0.0
gi 0 0 0 0
gw 0.0 0.0 0.0 0.0
gi 0 0 0 0
gw 0.0 0.0 0.0 0.0
gi 0 0 0 0
gw 0.0 0.0 0.0 0.0
gi 0 0 0 0
gw 0.0 0.0 0.0 0.0
gi 0 0 0 0
gw 0.0 0.0 0.0 0.0
gi 0 0 0 0
gw 0.0 0.0 0.0 0.0
gi 0 0 0 0
gw 0.0 0.0 0.0 0.0
gi 0 0 0 0
gw 0.0 0.0 0.0 0.0
gi 0 0 0 0
gw 0.0 0.0 0.0 0.0
gi 0 0 0 0
gw 0.0 0.0 0.0 0.0
gi 0 0 0 0
gw 0.0 0.0 0.0 0.0
gi 0 0 0 0
gw 0.0 0.0 0.0 0.0
gi 0 0 0 0
gw 0.0 0.0 0.0 0.0
gi 0 0 0 0
gw 0.0 0.0 0.0 0.0
gi 0 0 0 0
gw 0.0 0.0 0.0 0.0
gi 0 0 0 0
gw 0.0 0.0 0.0 0.0
gi 0 0 0 0
gw 0.0 0.0 0.0 0.0
gi 0 0 0 0
gw 0.0 0.0 0.0 0.0
gi 0 0 0 0
gw 0.0 0.0 0.0 0.0
gi 0 0 0 0
gw 0.0 0.0 0.0 0.0
gi 0 0 0 0
gw 0.0 0.0 0.0 0.0
gi 0 0 0 0
gw 0.0 0.0 0.0 0.0
gi 0 0 0 0
gw 0.0 0.0 0.0 0.0
gi 0 0 0 0
gw 0.0 0.0 0.0 0.0
gi 0 0 0 0
gw 0.0 0.0 0.0 0.0
gi 0 0 0 0
gw 0.0 0.0 0.0 0.0
gi 0 0 0 0
gw 0.0 0.0 0.0 0.0
gi 0 0 0 0
gw 0.0 0.0 0.0 0.0
gi 0 0 0 0
gw 0.0 0.0 0.0 0.0
gi 0 0 0 0
gw 0.0 0.0 0.0 0.0
gi 0 0 0 0
gw 0.0 0.0 0.0 0.0
gi 0 0 0 0
gw 0.0 0.0 0.0 0.0
gi 0 0 0 0
gw 0.0 0.0 0.0 0.0
gi 0 0 0 0
gw 0.0 0.0 0.0 0.0
gi 0 0 0 0
gw 0.0 0.0 0.0 0.0
gi 0 0 0 0
gw 0.0 0.0 0.0 0.0
gi 0 0 0 0
gw 0.0 0.0 0.0 0.0
gi 0 0 0 0
gw 0.0 0.0 0.0 0.0
gi 0 0 0 0
gw 0.0 0.0 0.0 0.0
gi 0 0 0 0
gw 0.0 0.0 0.0 0.0
gi 0 0 0 0
gw 0.0 0.0 0.0 0.0
gi 0 0 0 0
gw 0.0 0.0 0.0 0.0
gi 0 0 0 0
gw 0.0 0.0 0.0 0.0
gi 0 0 0 0
gw 0.0 0.0 0.0 0.0
gi 0 0 0 0
gw 0.0 0.0 0.0 0.0
gi 0 0 0 0
gw 0.0 0.0 0.0 0.0
gi 0 0 0 0
gw 0.0 0.0 0.0 0.0
gi 0 0 0 0
gw 0.0 0.0 0.0 0.0
gi 0 0 0 0
gw 0.0 0.0 0.0 0.0
gi 0 0 0 0
gw 0.0 0.0 0.0 0.0
gi 0 0 0 0
gw 0.0 0.0 0.0 0.0
gi 0 0 0 0
gw 0.0 0.0 0.0 0.0
gi 0 0 0 0
gw 0.0 0.0 0.0 0.0
gi 0 0 0 0
gw 0.0 0.0 0.0 0.0
gi 0 0 0 0
gw 0.0 0.0 0.0 0.0
gi 0 0 0 0
gw 0.0 0.0 0.0 0.0
gi 0 0 0 0
gw 0.0 0.0 0.0 0.0
gi 0 0 0 0
gw 0.0 0.0 0.0 0.0
gi 0 0 0 0
gw 0.0 0.0 0.0 0.0
gi 0 0 0 0
gw 0.0 0.0 0.0 0.0
gi 0 0 0 0
gw 0.0 0.0 0.0 0.0
gi 0 0 0 0
gw 0.0 0.0 0.0 0.0
gi 0 0 0 0
gw 0.0 0.0 0.0 0.0
gi 0 0 0 0
gw 0.0 0.0 0.0 0.0
gi 0 0 0 0
gw 0.0 0.0 0.0 0.0
gi 0 0 0 0
gw 0.0 0.0 0.0 0.0
gi 0 0 0 0
gw 0.0 0.0 0.0 0.0
gi 0 0 0 0
gw 0.0 0.0 0.0 0.0
gi 0 0 0 0
gw 0.0 0.0 0.0 0.0
gi 0 0 0 0
gw 0.0 0.0 0.0 0.0
gi 0 0 0 0
gw 0.0 0.0 0.0 0.0
gi 0 0 0 0
gw 0.0 0.0 0.0 0.0
gi 0 0 0 0
gw 0.0 0.0 0.0 0.0
gi 0 0 0 0
gw 0.0 0.0 0.0 0.0
gi 0 0 0 0
gw 0.0 0.0 0.0 0.0
gi 0 0 0 0
gw 0.0 0.0 0.0 0.0
gi 0 0 0 0
gw 0.0 0.0 0.0 0.0
gi 0 0 0 0
gw 0.0 0.0 0.0 0.0
gi 0 0 0 0
gw 0.0 0.0 0.0 0.0
gi 0 0 0 0
gw 0.0 0.0 0.0 0.0
gi 0 0 0 0
gw 0.0 0.0 0.0 0.0
gi 0 0 0 0
gw 0.0 0.0 0.0 0.0
gi 0 0 0 0
gw 0.0 0.0 0.0 0.0
gi 0 0 0 0
gw 0.0 0.0 0.0 0.0
gi 0 0 0 0
gw 0.0 0.0 0.0 0.0
gi 0 0 0 0
gw 0.0 0.0 0.0 0.0
gi 0 0 0 0
gw 0.0 0.0 0.0 0.0
gi 0 0 0 0
gw 0.0 0.0 0.0 0.0
gi 0 0 0 0
gw 0.0 0.0 0.0 0.0
gi 0 0 0 0
gw 0.0 0.0 0.0 0.0
gi 0 0 0 0
gw 0.0 0.0 0.0 0.0
gi 0 0 0 0
gw 0.0 0.0 0.0 0.0
gi 0 0 0 0
gw 0.0 0.0 0.0 0.0
gi 0 0 0 0
gw 0.0 0.0 0.0 0.0
gi 0 0 0 0
gw 0.0 0.0 0.0 0.0
gi 0 0 0 0
gw 0.0 0.0 0.0 0.0
gi 0 0 0 0
gw 0.0 0.0 0.0 0.0
gi 0 0 0 0
gw 0.0 0.0 0.0 0.0
gi 0 0 0 0
gw 0.0 0.0 0.0 0.0
gi 0 0 0 0
gw 0.0 0.0 0.0 0.0
gi 0 0 0 0
gw 0.0 0.0 0.0 0.0
gi 0 0 0 0
gw 0.0 0.0 0.0 0.0
gi 0 0 0 0
gw 0.0 0.0 0.0 0.0
gi 0 0 0 0
gw 0.0 0.0 0.0 0.0
gi 0 0 0 0
gw 0.0 0.0 0.0 0.0
gi 0 0 0 0
gw 0.0 0.0 0.0 0.0
gi 0 0 0 0
gw 0.0 0.0 0.0 0.0
gi 0 0 0 0
gw 0.0 0.0 0.0 0.0
gi 0 0 0 0
gw 0.0 0.0 0.0 0.0
gi 0 0 0 0
gw 0.0 0.0 0.0 0.0
gi 0 0 0 0
gw 0.0 0.0 0.0 0.0
gi 0 0 0 0
gw 0.0 0.0 0.0 0.0
gi 0 0 0 0
gw 0.0 0.0 0.0 0.0
gi 0 0 0 0
gw 0.0 0.0 0.0 0.0
gi 0 0 0 0
gw 0.0 0.0 0.0 0.0
gi 0 0 0 0
gw 0.0 0.0 0.0 0.0
gi 0 0 0 0
gw 0.0 0.0 0.0 0.0
gi 0 0 0 0
gw 0.0 0.0 0.0 0.0
gi 0 0 0 0
gw 0.0 0.0 0.0 0.0
gi 0 0 0 0
gw 0.0 0.0 0.0 0.0
gi 0 0 0 0
gw 0.0 0.0 0.0 0.0
gi 0 0 0 0
gw 0.0 0.0 0.0 0.0
gi 0 0 0 0
gw 0.0 0.0 0.0 0.0
gi 0 0 0 0
gw 0.0 0.0 0.0 0.0
gi 0 0 0 0
gw 0.0 0.0 0.0 0.0
gi 0 0 0 0
gw 0.0 0.0 0.0 0.0
gi 0 0 0 0
gw 0.0 0.0 0.0 0.0
gi 0 0 0 0
gw 0.0 0.0 0.0 0.0
gi 0 0 0 0
gw 0.0 0.0 0.0 0.0
gi 0 0 0 0
gw 0.0 0.0 0.0 0.0
gi 0 0 0 0
gw 0.0 0.0 0.0 0.0
gi 0 0 0 0
gw 0.0 0.0 0.0 0.0
gi 0 0 0 0
gw 0.0 0.0 0.0 0.0
gi 0 0 0 0
gw 0.0 0.0 0.0 0.0
gi 0 0 0 0
gw 0.0 0.0 0.0 0.0
gi 0 0 0 0
gw 0.0 0.0 0.0 0.0
gi 0 0 0 0
gw 0.0 0.0 0.0 0.0
gi 0 0 0 0
gw 0.0 0.0 0.0 0.0
gi 0 0 0 0
gw 0.0 0.0 0.0 0.0
gi 0 0 0 0
gw 0.0 0.0 0.0 0.0
gi 0 0 0 0
gw 0.0 0.0 0.0 0.0
gi 0 0 0 0
gw 0.0 0.0 0.0 0.0
gi 0 0 0 0
gw 0.0 0.0 0.0 0.0
gi 0 0 0 0
gw 0.0 0.0 0.0 0.0
gi 0 0 0 0
gw 0.0 0.0 0.0 0.0
gi 0 0 0 0
gw 0.0 0.0 0.0 0.0
gi 0 0 0 0
gw 0.0 0.0 0.0 0.0
gi 0 0 0 0
gw 0.0 0.0 0.0 0.0
gi 0 0 0 0
gw 0.0 0.0 0.0 0.0
gi 0 0 0 0
gw 0.0 0.0 0.0 0.0
gi 0 0 0 0
gw 0.0 0.0 0.0 0.0
gi 0 0 0 0
gw 0.0 0.0 0.0 0.0
gi 0 0 0 0
gw 0.0 0.0 0.0 0.0
gi 0 0 0 0
gw 0.0 0.0 0.0 0.0
gi 0 0 0 0
gw 0.0 0.0 0.0 0.0
gi 0 0 0 0
gw 0.0 0.0 0.0 0.0
gi 0 0 0 0
gw 0.0 0.0 0.0 0.0
gi 0 0 0 0
gw 0.0 0.0 0.0 0.0
gi 0 0 0 0
gw 0.0 0.0 0.0 0.0
gi 0 0 0 0
gw 0.0 0.0 0.0 0.0
gi 0 0 0 0
gw 0.0 0.0 0.0 0.0
gi 0 0 0 0
gw 0.0 0.0 0.0 0.0
gi 0 0 0 0
gw 0.0 0.0 0.0 0.0
gi 0 0 0 0
gw 0.0 0.0 0.0 0.0
gi 0 0 0 0
gw 0.0 0.0 0.0 0.0
gi 0 0 0 0
gw 0.0 0.0 0.0 0.0
gi 0 0 0 0
gw 0.0 0.0 0.0 0.0
gi 0 0 0 0
gw 0.0 0.0 0.0 0.0
gi 0 0 0 0
gw 0.0 0.0 0.0 0.0
gi 0 0 0 0
gw 0.0 0.0 0.0 0.0
gi 0 0 0 0
gw 0.0 0.0 0.0 0.0
gi 0 0 0 0
gw 0.0 0.0 0.0 0.0
gi 0 0 0 0
gw 0.0 0.0 0.0 0.0
gi 0 0 0 0
gw 0.0 0.0 0.0 0.0
gi 0 0 0 0
gw 0.0 0.0 0.0 0.0
gi 0 0 0 0
gw 0.0 0.0 0.0 0.0
gi 0 0 0 0
gw 0.0 0.0 0.0 0.0
gi 0 0 0 0
gw 0.0 0.0 0.0 0.0
gi 0 0 0 0
gw 0.0 0.0 0.0 0.0
gi 0 0 0 0
gw 0.0 0.0 0.0 0.0
gi 0 0 0 0
gw 0.0 0.0 0.0 0.0
gi 0 0 0 0
gw 0.0 0.0 0.0 0.0
gi 0 0 0 0
gw 0.0 0.0 0.0 0.0
gi 0 0 0 0
gw 0.0 0.0 0.0 0.0
gi 0 0 0 0
gw 0.0 0.0 0.0 0.0
gi 0 0 0 0
gw 0.0 0.0 0.0 0.0
gi 0 0 0 0
gw 0.0 0.0 0.0 0.0
gi 0 0 0 0
gw 0.0 0.0 0.0 0.0
gi 0 0 0 0
gw 0.0 0.0 0.0 0.0
gi 0 0 0 0
gw 0.0 0.0 0.0 0.0
gi 0 0 0 0
gw 0.0 0.0 0.0 0.0
gi 0 0 0 0
gw 0.0 0.0 0.0 0.0
gi 0 0 0 0
gw 0.0 0.0 0.0 0.0
gi 0 0 0 0
gw 0.0 0.0 0.0 0.0
gi 0 0 0 0
gw 0.0 0.0 0.0 0.0
gi 0 0 0 0
gw 0.0 0.0 0.0 0.0
gi 0 0 0 0
gw 0.0 0.0 0.0 0.0
gi 0 0 0 0
gw 0.0 0.0 0.0 0.0
gi 0 0 0 0
gw 0.0 0.0 0.0 0.0
gi 0 0 0 0
gw 0.0 0.0 0.0 0.0
gi 0 0 0 0
gw 0.0 0.0 0.0 0.0
gi 0 0 0 0
gw 0.0 0.0 0.0 0.0
gi 0 0 0 0
gw 0.0 0.0 0.0 0.0
gi 0 0 0 0
gw 0.0 0.0 0.0 0.0
gi 0 0 0 0
gw 0.0 0.0 0.0 0.0
gi 0 0 0 0
gw 0.0 0.0 0.0 0.0
gi 0 0 0 0
gw 0.0 0.0 0.0 0.0
gi 0 0 0 0
gw 0.0 0.0 0.0 0.0
gi 0 0 0 0
gw 0.0 0.0 0.0 0.0
gi 0 0 0 0
gw 0.0 0.0 0.0 0.0
gi 0 0 0 0
gw 0.0 0.0 0.0 0.0
gi 0 0 0 0
gw 0.0 0.0 0.0 0.0
gi 0 0 0 0
gw 0.0 0.0 0.0 0.0
gi 0 0 0 0
gw 0.0 0.0 0.0 0.0
gi 0 0 0 0
gw 0.0 0.0 0.0 0.0
gi 0 0 0 0
gw 0.0 0.0 0.0 0.0
gi 0 0 0 0
gw 0.0 0.0 0.0 0.0
gi 0 0 0 0
gw 0.0 0.0 0.0 0.0
gi 0 0 0 0
gw 0.0 0.0 0.0 0.0
gi 0 0 0 0
gw 0.0 0.0 0.0 0.0
gi 0 0 0 0
gw 0.0 0.0 0.0 0.0
gi 0 0 0 0
gw 0.0 0.0 0.0 0.0
gi 0 0 0 0
gw 0.0 0.0 0.0 0.0
gi 0 0 0 0
gw 0.0 0.0 0.0 0.0
gi 0 0 0 0
gw 0.0 0.0 0.0 0.0
gi 0 0 0 0
gw 0.0 0.0 0.0 0.0
gi 0 0 0 0
gw 0.0 0.0 0.0 0.0
gi 0 0 0 0
gw 0.0 0.0 0.0 0.0
gi 0 0 0 0
gw 0.0 0.0 0.0 0.0
gi 0 0 0 0
gw 0.0 0.0 0.0 0.0
gi 0 0 0 0
gw 0.0 0.0 0.0 0.0
gi 0 0 0 0
gw 0.0 0.0 0.0 0.0
gi 0 0 0 0
gw 0.0 0.0 0.0 0.0
gi 0 0 0 0
gw 0.0 0.0 0.0 0.0
gi 0 0 0 0
gw 0.0 0.0 0.0 0.0
gi 0 0 0 0
gw 0.0 0.0 0.0 0.0
gi 0 0 0 0
gw 0.0 0.0 0.0 0.0
gi 0 0 0 0
gw 0.0 0.0 0.0 0.0
gi 0 0 0 0
gw 0.0 0.0 0.0 0.0
gi 0 0 0 0
gw 0.0 0.0 0.0 0.0
gi 0 0 0 0
gw 0.0 0.0 0.0 0.0
gi 0 0 0 0
gw 0.0 0.0 0.0 0.0
gi 0 0 0 0
gw 0.0 0.0 0.0 0.0
gi 0 0 0 0
gw 0.0 0.0 0.0 0.0
gi 0 0 0 0
gw 0.0 0.0 0.0 0.0
gi 0 0 0 0
gw 0.0 0.0 0.0 0.0
gi 0 0 0 0
gw 0.0 0.0 0.0 0.0
gi 0 0 0 0
gw 0.0 0.0 0.0 0.0
gi 0 0 0 0
gw 0.0 0.0 0.0 0.0
gi 0 0 0 0
gw 0.0 0.0 0.0 0.0
gi 0 0 0 0
gw 0.0 0.0 0.0 0.0
gi 0 0 0 0
gw 0.0 0.0 0.0 0.0
gi 0 0 0 0
gw 0.0 0.0 0.0 0.0
gi 0 0 0 0
gw 0.0 0.0 0.0 0.0
gi 0 0 0 0
gw 0.0 0.0 0.0 0.0
gi 0 0 0 0
gw 0.0 0.0 0.0 0.0
gi 0 0 0 0
gw 0.0 0.0 0.0 0.0
gi 0 0 0 0
gw 0.0 0.0 0.0 0.0
gi 0 0 0 0
gw 0.0 0.0 0.0 0.0
gi 0 0 0 0
gw 0.0 0.0 0.0 0.0
gi 0 0 0 0
gw 0.0 0.0 0.0 0.0
gi 0 0 0 0
gw 0.0 0.0 0.0 0.0
gi 0 0 0 0
gw 0.0 0.0 0.0 0.0
gi 0 0 0 0
gw 0.0 0.0 0.0 0.0
gi 0 0 0 0
gw 0.0 0.0 0.0 0.0
gi 0 0 0 0
gw 0.0 0.0 0.0 0.0
gi 0 0 0 0
gw 0.0 0.0 0.0 0.0
gi 0 0 0 0
gw 0.0 0.0 0.0 0.0
gi 0 0 0 0
gw 0.0 0.0 0.0 0.0
gi 0 0 0 0
gw 0.0 0.0 0.0 0.0
gi 0 0 0 0
gw 0.0 0.0 0.0 0.0
gi 0 0 0 0
gw 0.0 0.0 0.0 0.0
gi 0 0 0 0
gw 0.0 0.0 0.0 0.0
gi 0 0 0 0
gw 0.0 0.0 0.0 0.0
gi 0 0 0 0
gw 0.0 0.0 0.0 0.0
gi 0 0 0 0
gw 0.0 0.0 0.0 0.0
gi 0 0 0 0
gw 0.0 0.0 0.0 0.0
gi 0 0 0 0
gw 0.0 0.0 0.0 0.0
gi 0 0 0 0
gw 0.0 0.0 0.0 0.0
gi 0 0 0 0
gw 0.0 0.0 0.0 0.0
gi 0 0 0 0
gw 0.0 0.0 0.0 0.0
gi 0 0 0 0
gw 0.0 0.0 0.0 0.0
gi 0 0 0 0
gw 0.0 0.0 0.0 0.0
gi 0 0 0 0
gw 0.0 0.0 0.0 0.0
gi 0 0 0 0
gw 0.0 0.0 0.0 0.0
gi 0 0 0 0
gw 0.0 0.0 0.0 0.0
gi 0 0 0 0
gw 0.0 0.0 0.0 0.0
gi 0 0 0 0
gw 0.0 0.0 0.0 0.0
gi 0 0 0 0
gw 0.0 0.0 0.0 0.0
gi 0 0 0 0
gw 0.0 0.0 0.0 0.0
gi 0 0 0 0
gw 0.0 0.0 0.0 0.0
gi 0 0 0 0
gw 0.0 0.0 0.0 0.0
gi 0 0 0 0
gw 0.0 0.0 0.0 0.0
gi 0 0 0 0
gw 0.0 0.0 0.0 0.0
gi 0 0 0 0
gw 0.0 0.0 0.0 0.0
gi 0 0 0 0
gw 0.0 0.0 0.0 0.0
gi 0 0 0 0
gw 0.0 0.0 0.0 0.0
gi 0 0 0 0
gw 0.0 0.0 0.0 0.0
gi 0 0 0 0
gw 0.0 0.0 0.0 0.0
gi 0 0 0 0
gw 0.0 0.0 0.0 0.0
gi 0 0 0 0
gw 0.0 0.0 0.0 0.0
gi 0 0 0 0
gw 0.0 0.0 0.0 0.0
gi 0 0 0 0
gw 0.0 0.0 0.0 0.0
gi 0 0 0 0
gw 0.0 0.0 0.0 0.0
gi 0 0 0 0
gw 0.0 0.0 0.0 0.0
gi 0 0 0 0
gw 0.0 0.0 0.0 0.0
gi 0 0 0 0
gw 0.0 0.0 0.0 0.0
gi 0 0 0 0
gw 0.0 0.0 0.0 0.0
gi 0 0 0 0
gw 0.0 0.0 0.0 0.0
gi 0 0 0 0
gw 0.0 0.0 0.0 0.0
gi 0 0 0 0
gw 0.0 0.0 0.0 0.0
gi 0 0 0 0
gw 0.0 0.0 0.0 0.0
gi 0 0 0 0
gw 0.0 0.0 0.0 0.0
gi 0 0 0 0
gw 0.0 0.0 0.0 0.0
gi 0 0 0 0
gw 0.0 0.0 0.0 0.0
gi 0 0 0 0
gw 0.0 0.0 0.0 0.0
gi 0 0 0 0
gw 0.0 0.0 0.0 0.0
gi 0 0 0 0
gw 0.0 0.0 0.0 0.0
gi 0 0 0 0
gw 0.0 0.0 0.0 0.0
gi 0 0 0 0
gw 0.0 0.0 0.0 0.0
gi 0 0 0 0
gw 0.0 0.0 0.0 0.0
gi 0 0 0 0
gw 0.0 0.0 0.0 0.0
gi 0 0 0 0
gw 0.0 0.0 0.0 0.0
gi 0 0 0 0
gw 0.0 0.0 0.0 0.0
gi 0 0 0 0
gw 0.0 0.0 0.0 0.0
gi 0 0 0 0
gw 0.0 0.0 0.0 0.0
gi 0 0 0 0
gw 0.0 0.0 0.0 0.0
gi 0 0 0 0
gw 0.0 0.0 0.0 0.0
gi 0 0 0 0
gw 0.0 0.0 0.0 0.0
gi 0 0 0 0
gw 0.0 0.0 0.0 0.0
gi 0 0 0 0
gw 0.0 0.0 0.0 0.0
gi 0 0 0 0
gw 0.0 0.0 0.0 0.0
gi 0 0 0 0
gw 0.0 0.0 0.0 0.0
gi 0 0 0 0
gw 0.0 0.0 0.0 0.0
gi 0 0 0 0
gw 0.0 0.0 0.0 0.0
gi 0 0 0 0
gw 0.0 0.0 0.0 0.0
gi 0 0 0 0
gw 0.0 0.0 0.0 0.0
gi 0 0 0 0
gw 0.0 0.0 0.0 0.0
gi 0 0 0 0
gw 0.0 0.0 0.0 0.0
gi 0 0 0 0
gw 0.0 0.0 0.0 0.0
gi 0 0 0 0
gw 0.0 0.0 0.0 0.0
gi 0 0 0 0
gw 0.0 0.0 0.0 0.0
gi 0 0 0 0
gw 0.0 0.0 0.0 0.0
gi 0 0 0 0
gw 0.0 0.0 0.0 0.0
gi 0 0 0 0
gw 0.0 0.0 0.0 0.0
gi 0 0 0 0
gw 0.0 0.0 0.0 0.0
gi 0 0 0 0
gw 0.0 0.0 0.0 0.0
gi 0 0 0 0
gw 0.0 0.0 0.0 0.0
gi 0 0 0 0
gw 0.0 0.0 0.0 0.0
gi 0 0 0 0
gw 0.0 0.0 0.0 0.0
gi 0 0 0 0
gw 0.0 0.0 0.0 0.0
gi 0 0 0 0
gw 0.0 0.0 0.0 0.0
gi 0 0 0 0
gw 0.0 0.0 0.0 0.0
gi 0 0 0 0
gw 0.0 0.0 0.0 0.0
gi 0 0 0 0
gw 0.0 0.0 0.0 0.0
gi 0 0 0 0
gw 0.0 0.0 0.0 0.0
gi 0 0 0 0
gw 0.0 0.0 0.0 0.0
gi 0 0 0 0
gw 0.0 0.0 0.0 0.0
gi 0 0 0 0
gw 0.0 0.0 0.0 0.0
gi 0 0 0 0
gw 0.0 0.0 0.0 0.0
gi 0 0 0 0
gw 0.0 0.0 0.0 0.0
gi 0 0 0 0
gw 0.0 0.0 0.0 0.0
gi 0 0 0 0
gw 0.0 0.0 0.0 0.0
gi 0 0 0 0
gw 0.0 0.0 0.0 0.0
gi 0 0 0 0
gw 0.0 0.0 0.0 0.0
gi 0 0 0 0
gw 0.0 0.0 0.0 0.0
gi 0 0 0 0
gw 0.0 0.0 0.0 0.0
gi 0 0 0 0
gw 0.0 0.0 0.0 0.0
gi 0 0 0 0
gw 0.0 0.0 0.0 0.0
gi 0 0 0 0
gw 0.0 0.0 0.0 0.0
gi 0 0 0 0
gw 0.0 0.0 0.0 0.0
gi 0 0 0 0
gw 0.0 0.0 0.0 0.0
gi 0 0 0 0
gw 0.0 0.0 0.0 0.0
gi 0 0 0 0
gw 0.0 0.0 0.0 0.0
gi 0 0 0 0
gw 0.0 0.0 0.0 0.0
gi 0 0 0 0
gw 0.0 0.0 0.0 0.0
gi 0 0 0 0
gw 0.0 0.0 0.0 0.0
gi 0 0 0 0
gw 0.0 0.0 0.0 0.0
gi 0 0 0 0
gw 0.0 0.0 0.0 0.0
gi 0 0 0 0
gw 0.0 0.0 0.0 0.0
gi 0 0 0 0
gw 0.0 0.0 0.0 0.0
gi 0 0 0 0
gw 0.0 0.0 0.0 0.0
gi 0 0 0 0
gw 0.0 0.0 0.0 0.0
gi 0 0 0 0
gw 0.0 0.0 0.0 0.0
gi 0 0 0 0
gw 0.0 0.0 0.0 0.0
gi 0 0 0 0
gw 0.0 0.0 0.0 0.0
gi 0 0 0 0
gw 0.0 0.0 0.0 0.0
gi 0 0 0 0
gw 0.0 0.0 0.0 0.0
gi 0 0 0 0
gw 0.0 0.0 0.0 0.0
gi 0 0 0 0
gw 0.0 0.0 0.0 0.0
gi 0 0 0 0
gw 0.0 0.0 0.0 0.0
gi 0 0 0 0
gw 0.0 0.0 0.0 0.0
gi 0 0 0 0
gw 0.0 0.0 0.0 0.0
gi 0 0 0 0
gw 0.0 0.0 0.0 0.0
gi 0 0 0 0
gw 0.0 0.0 0.0 0.0
gi 0 0 0 0
gw 0.0 0.0 0.0 0.0
gi 0 0 0 0
gw 0.0 0.0 0.0 0.0
gi 0 0 0 0
gw 0.0 0.0 0.0 0.0
gi 0 0 0 0
gw 0.0 0.0 0.0 0.0
gi 0 0 0 0
gw 0.0 0.0 0.0 0.0
gi 0 0 0 0
gw 0.0 0.0 0.0 0.0
gi 0 0 0 0
gw 0.0 0.0 0.0 0.0
gi 0 0 0 0
gw 0.0 0.0 0.0 0.0
gi 0 0 0 0
gw 0.0 0.0 0.0 0.0
gi 0 0 0 0
gw 0.0 0.0 0.0 0.0
gi 0 0 0 0
gw 0.0 0.0 0.0 0.0
gi 0 0 0 0
gw 0.0 0.0 0.0 0.0
gi 0 0 0 0
gw 0.0 0.0 0.0 0.0
gi 0 0 0 0
gw 0.0 0.0 0.0 0.0
gi 0 0 0 0
gw 0.0 0.0 0.0 0.0
gi 0 0 0 0
gw 0.0 0.0 0.0 0.0
gi 0 0 0 0
gw 0.0 0.0 0.0 0.0
gi 0 0 0 0
gw 0.0 0.0 0.0 0.0
gi 0 0 0 0
gw 0.0 0.0 0.0 0.0
gi 0 0 0 0
gw 0.0 0.0 0.0 0.0
gi 0 0 0 0
gw 0.0 0.0 0.0 0.0
gi 0 0 0 0
gw 0.0 0.0 0.0 0.0
gi 0 0 0 0
gw 0.0 0.0 0.0 0.0
gi 0 0 0 0
gw 0.0 0.0 0.0 0.0
gi 0 0 0 0
gw 0.0 0.0 0.0 0.0
gi 0 0 0 0
gw 0.0 0.0 0.0 0.0
gi 0 0 0 0
gw 0.0 0.0 0.0 0.0
gi 0 0 0 0
gw 0.0 0.0 0.0 0.0
gi 0 0 0 0
gw 0.0 0.0 0.0 0.0
gi 0 0 0 0
gw 0.0 0.0 0.0 0.0
gi 0 0 0 0
gw 0.0 0.0 0.0 0.0
gi 0 0 0 0
gw 0.0 0.0 0.0 0.0
gi 0 0 0 0
gw 0.0 0.0 0.0 0.0
gi 0 0 0 0
gw 0.0 0.0 0.0 0.0
gi 0 0 0 0
gw 0.0 0.0 0.0 0.0
gi 0 0 0 0
gw 0.0 0.0 0.0 0.0
gi 0 0 0 0
gw 0.0 0.0 0.0 0.0
gi 0 0 0 0
gw 0.0 0.0 0.0 0.0
gi 0 0 0 0
gw 0.0 0.0 0.0 0.0
gi 0 0 0 0
gw 0.0 0.0 0.0 0.0
gi 0 0 0 0
gw 0.0 0.0 0.0 0.0
gi 0 0 0 0
gw 0.0 0.0 0.0 0.0
gi 0 0 0 0
gw 0.0 0.0 0.0 0.0
gi 0 0 0 0
gw 0.0 0.0 0.0 0.0
gi 0 0 0 0
gw 0.0 0.0 0.0 0.0
gi 0 0 0 0
gw 0.0 0.0 0.0 0.0
gi 0 0 0 0
gw 0.0 0.0 0.0 0.0
gi 0 0 0 0
gw 0.0 0.0 0.0 0.0
gi 0 0 0 0
gw 0.0 0.0 0.0 0.0
gi 0 0 0 0
gw 0.0 0.0 0.0 0.0
gi 0 0 0 0
gw 0.0 0.0 0.0 0.0
gi 0 0 0 0
gw 0.0 0.0 0.0 0.0
gi 0 0 0 0
gw 0.0 0.0 0.0 0.0
gi 0 0 0 0
gw 0.0 0.0 0.0 0.0
gi 0 0 0 0
gw 0.0 0.0 0.0 0.0
gi 0 0 0 0
gw 0.0 0.0 0.0 0.0
gi 0 0 0 0
gw 0.0 0.0 0.0 0.0
gi 0 0 0 0
gw 0.0 0.0 0.0 0.0
gi 0 0 0 0
gw 0.0 0.0 0.0 0.0
gi 0 0 0 0
gw 0.0 0.0 0.0 0.0
gi 0 0 0 0
gw 0.0 0.0 0.0 0.0
gi 0 0 0 0
gw 0.0 0.0 0.0 0.0
gi 0 0 0 0
gw 0.0 0.0 0.0 0.0
gi 0 0 0 0
gw 0.0 0.0 0.0 0.0
gi 0 0 0 0
gw 0.0 0.0 0.0 0.0
gi 0 0 0 0
gw 0.0 0.0 0.0 0.0
gi 0 0 0 0
gw 0.0 0.0 0.0 0.0
gi 0 0 0 0
gw 0.0 0.0 0.0 0.0
gi 0 0 0 0
gw 0.0 0.0 0.0 0.0
gi 0 0 0 0
gw 0.0 0.0 0.0 0.0
gi 0 0 0 0
gw 0.0 0.0 0.0 0.0
gi 0 0 0 0
gw 0.0 0.0 0.0 0.0
gi 0 0 0 0
gw 0.0 0.0 0.0 0.0
gi 0 0 0 0
gw 0.0 0.0 0.0 0.0
gi 0 0 0 0
gw 0.0 0.0 0.0 0.0
gi 0 0 0 0
gw 0.0 0.0 0.0 0.0
gi 0 0 0 0
gw 0.0 0.0 0.0 0.0
gi 0 0 0 0
gw 0.0 0.0 0.0 0.0
gi 0 0 0 0
gw 0.0 0.0 0.0 0.0
gi 0 0 0 0
gw 0.0 0.0 0.0 0.0
gi 0 0 0 0
gw 0.0 0.0 0.0 0.0
gi 0 0 0 0
gw 0.0 0.0 0.0 0.0
gi 0 0 0 0
gw 0.0 0.0 0.0 0.0
gi 0 0 0 0
gw 0.0 0.0 0.0 0.0
gi 0 0 0 0
gw 0.0 0.0 0.0 0.0
gi 0 0 0 0
gw 0.0 0.0 0.0 0.0
gi 0 0 0 0
gw 0.0 0.0 0.0 0.0
gi 0 0 0 0
gw 0.0 0.0 0.0 0.0
gi 0 0 0 0
gw 0.0 0.0 0.0 0.0
gi 0 0 0 0
gw 0.0 0.0 0.0 0.0
gi 0 0 0 0
gw 0.0 0.0 0.0 0.0
gi 0 0 0 0
gw 0.0 0.0 0.0 0.0
gi 0 0 0 0
gw 0.0 0.0 0.0 0.0
gi 0 0 0 0
gw 0.0 0.0 0.0 0.0
gi 0 0 0 0
gw 0.0 0.0 0.0 0.0
gi 0 0 0 0
gw 0.0 0.0 0.0 0.0
gi 0 0 0 0
gw 0.0 0.0 0.0 0.0
gi 0 0 0 0
gw 0.0 0.0 0.0 0.0
gi 0 0 0 0
gw 0.0 0.0 0.0 0.0
gi 0 0 0 0
gw 0.0 0.0 0.0 0.0
gi 0 0 0 0
gw 0.0 0.0 0.0 0.0
gi 0 0 0 0
gw 0.0 0.0 0.0 0.0
gi 0 0 0 0
gw 0.0 0.0 0.0 0.0
gi 0 0 0 0
gw 0.0 0.0 0.0 0.0
gi 0 0 0 0
gw 0.0 0.0 0.0 0.0
gi 0 0 0 0
gw 0.0 0.0 0.0 0.0
gi 0 0 0 0
gw 0.0 0.0 0.0 0.0
gi 0 0 0 0
gw 0.0 0.0 0.0 0.0
gi 0 0 0 0
gw 0.0 0.0 0.0 0.0
gi 0 0 0 0
gw 0.0 0.0 0.0 0.0
gi 0 0 0 0
gw 0.0 0.0 0.0 0.0
gi 0 0 0 0
gw 0.0 0.0 0.0 0.0
gi 0 0 0 0
gw 0.0 0.0 0.0 0.0
gi 0 0 0 0
gw 0.0 0.0 0.0 0.0
gi 0 0 0 0
gw 0.0 0.0 0.0 0.0
gi 0 0 0 0
gw 0.0 0.0 0.0 0.0
gi 0 0 0 0
gw 0.0 0.0 0.0 0.0
gi 0 0 0 0
gw 0.0 0.0 0.0 0.0
gi 0 0 0 0
gw 0.0 0.0 0.0 0.0
gi 0 0 0 0
gw 0.0 0.0 0.0 0.0
gi 0 0 0 0
gw 0.0 0.0 0.0 0.0
gi 0 0 0 0
gw 0.0 0.0 0.0 0.0
gi 0 0 0 0
gw 0.0 0.0 0.0 0.0
gi 0 0 0 0
gw 0.0 0.0 0.0 0.0
gi 0 0 0 0
gw 0.0 0.0 0.0 0.0
gi 0 0 0 0
gw 0.0 0.0 0.0 0.0
gi 0 0 0 0
gw 0.0 0.0 0.0 0.0
gi 0 0 0 0
gw 0.0 0.0 0.0 0.0
gi 0 0 0 0
gw 0.0 0.0 0.0 0.0
gi 0 0 0 0
gw 0.0 0.0 0.0 0.0
gi 0 0 0 0
gw 0.0 0.0 0.0 0.0
gi 0 0 0 0
gw 0.0 0.0 0.0 0.0
gi 0 0 0 0
gw 0.0 0.0 0.0 0.0
gi 0 0 0 0
gw 0.0 0.0 0.0 0.0
gi 0 0 0 0
gw 0.0 0.0 0.0 0.0
gi 0 0 0 0
gw 0.0 0.0 0.0 0.0
gi 0 0 0 0
gw 0.0 0.0 0.0 0.0
gi 0 0 0 0
gw 0.0 0.0 0.0 0.0
gi 0 0 0 0
gw 0.0 0.0 0.0 0.0
gi 0 0 0 0
gw 0.0 0.0 0.0 0.0
gi 0 0 0 0
gw 0.0 0.0 0.0 0.0
gi 0 0 0 0
gw 0.0 0.0 0.0 0.0
gi 0 0 0 0
gw 0.0 0.0 0.0 0.0
gi 0 0 0 0
gw 0.0 0.0 0.0 0.0
gi 0 0 0 0
gw 0.0 0.0 0.0 0.0
gi 0 0 0 0
gw 0.0 0.0 0.0 0.0
gi 0 0 0 0
gw 0.0 0.0 0.0 0.0
gi 0 0 0 0
gw 0.0 0.0 0.0 0.0
gi 0 0 0 0
gw 0.0 0.0 0.0 0.0
gi 0 0 0 0
gw 0.0 0.0 0.0 0.0
gi 0 0 0 0
gw 0.0 0.0 0.0 0.0
gi 0 0 0 0
gw 0.0 0.0 0.0 0.0
gi 0 0 0 0
gw 0.0 0.0 0.0 0.0
gi 0 0 0 0
gw 0.0 0.0 0.0 0.0
gi 0 0 0 0
gw 0.0 0.0 0.0 0.0
gi 0 0 0 0
gw 0.0 0.0 0.0 0.0
gi 0 0 0 0
gw 0.0 0.0 0.0 0.0
gi 0 0 0 0
gw 0.0 0.0 0.0 0.0
gi 0 0 0 0
gw 0.0 0.0 0.0 0.0
gi 0 0 0 0
gw 0.0 0.0 0.0 0.0
gi 0 0 0 0
gw 0.0 0.0 0.0 0.0
gi 0 0 0 0
gw 0.0 0.0 0.0 0.0
gi 0 0 0 0
gw 0.0 0.0 0.0 0.0
gi 0 0 0 0
gw 0.0 0.0 0.0 0.0
gi 0 0 0 0
gw 0.0 0.0 0.0 0.0
gi 0 0 0 0
gw 0.0 0.0 0.0 0.0
gi 0 0 0 0
gw 0.0 0.0 0.0 0.0
gi 0 0 0 0
gw 0.0 0.0 0.0 0.0
gi 0 0 0 0
gw 0.0 0.0 0.0 0.0
gi 0 0 0 0
gw 0.0 0.0 0.0 0.0
gi 0 0 0 0
gw 0.0 0.0 0.0 0.0
gi 0 0 0 0
gw 0.0 0.0 0.0 0.0
gi 0 0 0 0
gw 0.0 0.0 0.0 0.0
gi 0 0 0 0
gw 0.0 0.0 0.0 0.0
gi 0 0 0 0
gw 0.0 0.0 0.0 0.0
gi 0 0 0 0
gw 0.0 0.0 0.0 0.0
gi 0 0 0 0
gw 0.0 0.0 0.0 0.0
gi 0 0 0 0
gw 0.0 0.0 0.0 0.0
gi 0 0 0 0
gw 0.0 0.0 0.0 0.0
gi 0 0 0 0
gw 0.0 0.0 0.0 0.0
gi 0 0 0 0
gw 0.0 0.0 0.0 0.0
gi 0 0 0 0
gw 0.0 0.0 0.0 0.0
gi 0 0 0 0
gw 0.0 0.0 0.0 0.0
gi 0 0 0 0
gw 0.0 0.0 0.0 0.0
gi 0 0 0 0
gw 0.0 0.0 0.0 0.0
gi 0 0 0 0
gw 0.0 0.0 0.0 0.0
gi 0 0 0 0
gw 0.0 0.0 0.0 0.0
gi 0 0 0 0
gw 0.0 0.0 0.0 0.0
gi 0 0 0 0
gw 0.0 0.0 0.0 0.0
gi 0 0 0 0
gw 0.0 0.0 0.0 0.0
gi 0 0 0 0
gw 0.0 0.0 0.0 0.0
gi 0 0 0 0
gw 0.0 0.0 0.0 0.0
gi 0 0 0 0
gw 0.0 0.0 0.0 0.0
gi 0 0 0 0
gw 0.0 0.0 0.0 0.0
gi 0 0 0 0
gw 0.0 0.0 0.0 0.0
gi 0 0 0 0
gw 0.0 0.0 0.0 0.0
gi 0 0 0 0
gw 0.0 0.0 0.0 0.0
gi 0 0 0 0
gw 0.0 0.0 0.0 0.0
gi 0 0 0 0
gw 0.0 0.0 0.0 0.0
gi 0 0 0 0
gw 0.0 0.0 0.0 0.0
gi 0 0 0 0
gw 0.0 0.0 0.0 0.0
gi 0 0 0 0
gw 0.0 0.0 0.0 0.0
gi 0 0 0 0
gw 0.0 0.0 0.0 0.0
gi 0 0 0 0
gw 0.0 0.0 0.0 0.0
gi 0 0 0 0
gw 0.0 0.0 0.0 0.0
gi 0 0 0 0
gw 0.0 0.0 0.0 0.0
gi 0 0 0 0
gw 0.0 0.0 0.0 0.0
gi 0 0 0 0
gw 0.0 0.0 0.0 0.0
gi 0 0 0 0
gw 0.0 0.0 0.0 0.0
gi 0 0 0 0
gw 0.0 0.0 0.0 0.0
gi 0 0 0 0
gw 0.0 0.0 0.0 0.0
gi 0 0 0 0
gw 0.0 0.0 0.0 0.0
gi 0 0 0 0
gw 0.0 0.0 0.0 0.0
gi 0 0 0 0
gw 0.0 0.0 0.0 0.0
gi 0 0 0 0
gw 0.0 0.0 0.0 0.0
gi 0 0 0 0
gw 0.0 0.0 0.0 0.0
gi 0 0 0 0
gw 0.0 0.0 0.0 0.0
gi 0 0 0 0
gw 0.0 0.0 0.0 0.0
gi 0 0 0 0
gw 0.0 0.0 0.0 0.0
gi 0 0 0 0
gw 0.0 0.0 0.0 0.0
gi 0 0 0 0
gw 0.0 0.0 0.0 0.0
gi 0 0 0 0
gw 0.0 0.0 0.0 0.0
gi 0 0 0 0
gw 0.0 0.0 0.0 0.0
gi 0 0 0 0
gw 0.0 0.0 0.0 0.0
gi 0 0 0 0
gw 0.0 0.0 0.0 0.0
gi 0 0 0 0
gw 0.0 0.0 0.0 0.0
gi 0 0 0 0
gw 0.0 0.0 0.0 0.0
gi 0 0 0 0
gw 0.0 0.0 0.0 0.0
gi 0 0 0 0
gw 0.0 0.0 0.0 0.0
gi 0 0 0 0
gw 0.0 0.0 0.0 0.0
gi 0 0 0 0
gw 0.0 0.0 0.0 0.0
gi 0 0 0 0
gw 0.0 0.0 0.0 0.0
gi 0 0 0 0
gw 0.0 0.0 0.0 0.0
gi 0 0 0 0
gw 0.0 0.0 0.0 0.0
gi 0 0 0 0
gw 0.0 0.0 0.0 0.0
gi 0 0 0 0
gw 0.0 0.0 0.0 0.0
gi 0 0 0 0
gw 0.0 0.0 0.0 0.0
gi 0 0 0 0
gw 0.0 0.0 0.0 0.0
gi 0 0 0 0
gw 0.0 0.0 0.0 0.0
gi 0 0 0 0
gw 0.0 0.0 0.0 0.0
gi 0 0 0 0
gw 0.0 0.0 0.0 0.0
gi 0 0 0 0
gw 0.0 0.0 0.0 0.0
gi 0 0 0 0
gw 0.0 0.0 0.0 0.0
gi 0 0 0 0
gw 0.0 0.0 0.0 0.0
gi 0 0 0 0
gw 0.0 0.0 0.0 0.0
gi 0 0 0 0
gw 0.0 0.0 0.0 0.0
gi 0 0 0 0
gw 0.0 0.0 0.0 0.0
gi 0 0 0 0
gw 0.0 0.0 0.0 0.0
gi 0 0 0 0
gw 0.0 0.0 0.0 0.0
gi 0 0 0 0
gw 0.0 0.0 0.0 0.0
gi 0 0 0 0
gw 0.0 0.0 0.0 0.0
gi 0 0 0 0
gw 0.0 0.0 0.0 0.0
gi 0 0 0 0
gw 0.0 0.0 0.0 0.0
gi 0 0 0 0
gw 0.0 0.0 0.0 0.0
gi 0 0 0 0
gw 0.0 0.0 0.0 0.0
gi 0 0 0 0
gw 0.0 0.0 0.0 0.0
gi 0 0 0 0
gw 0.0 0.0 0.0 0.0
gi 0 0 0 0
gw 0.0 0.0 0.0 0.0
gi 0 0 0 0
gw 0.0 0.0 0.0 0.0
gi 0 0 0 0
gw 0.0 0.0 0.0 0.0
gi 0 0 0 0
gw 0.0 0.0 0.0 0.0
gi 0 0 0 0
gw 0.0 0.0 0.0 0.0
gi 0 0 0 0
gw 0.0 0.0 0.0 0.0
gi 0 0 0 0
gw 0.0 0.0 0.0 0.0
gi 0 0 0 0
gw 0.0 0.0 0.0 0.0
gi 0 0 0 0
gw 0.0 0.0 0.0 0.0
gi 0 0 0 0
gw 0.0 0.0 0.0 0.0
gi 0 0 0 0
gw 0.0 0.0 0.0 0.0
gi 0 0 0 0
gw 0.0 0.0 0.0 0.0
gi 0 0 0 0
gw 0.0 0.0 0.0 0.0
gi 0 0 0 0
gw 0.0 0.0 0.0 0.0
gi 0 0 0 0
gw 0.0 0.0 0.0 0.0
gi 0 0 0 0
gw 0.0 0.0 0.0 0.0
gi 0 0 0 0
gw 0.0 0.0 0.0 0.0
gi 0 0 0 0
gw 0.0 0.0 0.0 0.0
gi 0 0 0 0
gw 0.0 0.0 0.0 0.0
gi 0 0 0 0
gw 0.0 0.0 0.0 0.0
gi 0 0 0 0
gw 0.0 0.0 0.0 0.0
gi 0 0 0 0
gw 0.0 0.0 0.0 0.0
gi 0 0 0 0
gw 0.0 0.0 0.0 0.0
gi 0 0 0 0
gw 0.0 0.0 0.0 0.0
gi 0 0 0 0
gw 0.0 0.0 0.0 0.0
gi 0 0 0 0
gw 0.0 0.0 0.0 0.0
gi 0 0 0 0
gw 0.0 0.0 0.0 0.0
gi 0 0 0 0
gw 0.0 0.0 0.0 0.0
gi 0 0 0 0
gw 0.0 0.0 0.0 0.0
gi 0 0 0 0
gw 0.0 0.0 0.0 0.0
gi 0 0 0 0
gw 0.0 0.0 0.0 0.0
gi 0 0 0 0
gw 0.0 0.0 0.0 0.0
gi 0 0 0 0
gw 0.0 0.0 0.0 0.0
gi 0 0 0 0
gw 0.0 0.0 0.0 0.0
gi 0 0 0 0
gw 0.0 0.0 0.0 0.0
gi 0 0 0 0
gw 0.0 0.0 0.0 0.0
gi 0 0 0 0
gw 0.0 0.0 0.0 0.0
gi 0 0 0 0
gw 0.0 0.0 0.0 0.0
gi 0 0 0 0
gw 0.0 0.0 0.0 0.0
gi 0 0 0 0
gw 0.0 0.0 0.0 0.0
gi 0 0 0 0
gw 0.0 0.0 0.0 0.0
gi 0 0 0 0
gw 0.0 0.0 0.0 0.0
gi 0 0 0 0
gw 0.0 0.0 0.0 0.0
gi 0 0 0 0
gw 0.0 0.0 0.0 0.0
gi 0 0 0 0
gw 0.0 0.0 0.0 0.0
gi 0 0 0 0
gw 0.0 0.0 0.0 0.0
gi 0 0 0 0
gw 0.0 0.0 0.0 0.0
gi 0 0 0 0
gw 0.0 0.0 0.0 0.0
gi 0 0 0 0
gw 0.0 0.0 0.0 0.0
gi 0 0 0 0
gw 0.0 0.0 0.0 0.0
gi 0 0 0 0
gw 0.0 0.0 0.0 0.0
gi 0 0 0 0
gw 0.0 0.0 0.0 0.0
gi 0 0 0 0
gw 0.0 0.0 0.0 0.0
gi 0 0 0 0
gw 0.0 0.0 0.0 0.0
gi 0 0 0 0
gw 0.0 0.0 0.0 0.0
gi 0 0 0 0
gw 0.0 0.0 0.0 0.0
gi 0 0 0 0
gw 0.0 0.0 0.0 0.0
gi 0 0 0 0
gw 0.0 0.0 0.0 0.0
gi 0 0 0 0
gw 0.0 0.0 0.0 0.0
gi 0 0 0 0
gw 0.0 0.0 0.0 0.0
gi 0 0 0 0
gw 0.0 0.0 0.0 0.0
gi 0 0 0 0
gw 0.0 0.0 0.0 0.0
gi 0 0 0 0
gw 0.0 0.0 0.0 0.0
gi 0 0 0 0
gw 0.0 0.0 0.0 0.0
gi 0 0 0 0
gw 0.0 0.0 0.0 0.0
gi 0 0 0 0
gw 0.0 0.0 0.0 0.0
gi 0 0 0 0
gw 0.0 0.0 0.0 0.0
gi 0 0 0 0
gw 0.0 0.0 0.0 0.0
gi 0 0 0 0
gw 0.0 0.0 0.0 0.0
gi 0 0 0 0
gw 0.0 0.0 0.0 0.0
gi 0 0 0 0
gw 0.0 0.0 0.0 0.0
gi 0 0 0 0
gw 0.0 0.0 0.0 0.0
gi 0 0 0 0
gw 0.0 0.0 0.0 0.0
gi 0 0 0 0
gw 0.0 0.0 0.0 0.0
gi 0 0 0 0
gw 0.0 0.0 0.0 0.0
gi 0 0 0 0
gw 0.0 0.0 0.0 0.0
gi 0 0 0 0
gw 0.0 0.0 0.0 0.0
gi 0 0 0 0
gw 0.0 0.0 0.0 0.0
gi 0 0 0 0
gw 0.0 0.0 0.0 0.0
gi 0 0 0 0
gw 0.0 0.0 0.0 0.0
gi 0 0 0 0
gw 0.0 0.0 0.0 0.0
gi 0 0 0 0
gw 0.0 0.0 0.0 0.0
gi 0 0 0 0
gw 0.0 0.0 0.0 0.0
gi 0 0 0 0
gw 0.0 0.0 0.0 0.0
gi 0 0 0 0
gw 0.0 0.0 0.0 0.0
gi 0 0 0 0
gw 0.0 0.0 0.0 0.0
gi 0 0 0 0
gw 0.0 0.0 0.0 0.0
gi 0 0 0 0
gw 0.0 0.0 0.0 0.0
gi 0 0 0 0
gw 0.0 0.0 0.0 0.0
gi 0 0 0 0
gw 0.0 0.0 0.0 0.0
gi 0 0 0 0
gw 0.0 0.0 0.0 0.0
gi 0 0 0 0
gw 0.0 0.0 0.0 0.0
gi 0 0 0 0
gw 0.0 0.0 0.0 0.0
gi 0 0 0 0
gw 0.0 0.0 0.0 0.0
gi 0 0 0 0
gw 0.0 0.0 0.0 0.0
gi 0 0 0 0
gw 0.0 0.0 0.0 0.0
gi 0 0 0 0
gw 0.0 0.0 0.0 0.0
gi 0 0 0 0
gw 0.0 0.0 0.0 0.0
gi 0 0 0 0
gw 0.0 0.0 0.0 0.0
gi 0 0 0 0
gw 0.0 0.0 0.0 0.0
gi 0 0 0 0
gw 0.0 0.0 0.0 0.0
gi 0 0 0 0
gw 0.0 0.0 0.0 0.0
gi 0 0 0 0
gw 0.0 0.0 0.0 0.0
gi 0 0 0 0
gw 0.0 0.0 0.0 0.0
gi 0 0 0 0
gw 0.0 0.0 0.0 0.0
gi 0 0 0 0
gw 0.0 0.0 0.0 0.0
gi 0 0 0 0
gw 0.0 0.0 0.0 0.0
gi 0 0 0 0
gw 0.0 0.0 0.0 0.0
gi 0 0 0 0
gw 0.0 0.0 0.0 0.0
gi 0 0 0 0
gw 0.0 0.0 0.0 0.0
gi 0 0 0 0
gw 0.0 0.0 0.0 0.0
gi 0 0 0 0
gw 0.0 0.0 0.0 0.0
gi 0 0 0 0
gw 0.0 0.0 0.0 0.0
gi 0 0 0 0
gw 0.0 0.0 0.0 0.0
gi 0 0 0 0
gw 0.0 0.0 0.0 0.0
gi 0 0 0 0
gw 0.0 0.0 0.0 0.0
gi 0 0 0 0
gw 0.0 0.0 0.0 0.0
gi 0 0 0 0
gw 0.0 0.0 0.0 0.0
gi 0 0 0 0
gw 0.0 0.0 0.0 0.0
gi 0 0 0 0
gw 0.0 0.0 0.0 0.0
gi 0 0 0 0
gw 0.0 0.0 0.0 0.0
gi 0 0 0 0
gw 0.0 0.0 0.0 0.0
gi 0 0 0 0
gw 0.0 0.0 0.0 0.0
gi 0 0 0 0
gw 0.0 0.0 0.0 0.0
gi 0 0 0 0
gw 0.0 0.0 0.0 0.0
gi 0 0 0 0
gw 0.0 0.0 0.0 0.0
gi 0 0 0 0
gw 0.0 0.0 0.0 0.0
gi 0 0 0 0
gw 0.0 0.0 0.0 0.0
gi 0 0 0 0
gw 0.0 0.0 0.0 0.0
gi 0 0 0 0
gw 0.0 0.0 0.0 0.0
gi 0 0 0 0
gw 0.0 0.0 0.0 0.0
gi 0 0 0 0
gw 0.0 0.0 0.0 0.0
gi 0 0 0 0
gw 0.0 0.0 0.0 0.0
gi 0 0 0 0
gw 0.0 0.0 0.0 0.0
gi 0 0 0 0
gw 0.0 0.0 0.0 0.0
gi 0 0 0 0
gw 0.0 0.0 0.0 0.0
gi 0 0 0 0
gw 0.0 0.0 0.0 0.0
gi 0 0 0 0
gw 0.0 0.0 0.0 0.0
gi 0 0 0 0
gw 0.0 0.0 0.0 0.0
gi 0 0 0 0
gw 0.0 0.0 0.0 0.0
vt 0.1212 0.1557
vt 0.1212 0.1862
vt 0.0033 0.1862
vt 0.0033 0.1557
vt 0.1212 0.1915
vt 0.0033 0.1915
vt 0.1212 0.2067
vt 0.0033 0.2067
vt 0.5926 0.1557
vt 0.5926 0.1862
vt 0.4747 0.1862
vt 0.4747 0.1557
vt 0.5926 0.1915
vt 0.4747 0.1915
vt 0.5926 0.2067
vt 0.4747 0.2067
vt 0.3569 0.1557
vt 0.3569 0.0638
vt 0.4747 0.0638
vt 0.3569 0.1277
vt 0.3569 0.0047
vt 0.4747 0.0047
vt 0.4747 0.1277
vt 0.3569 0.2169
vt 0.3569 0.2067
vt 0.4747 0.2169
vt 0.3569 0.3263
vt 0.4747 0.3263
vt 0.3569 0.1862
vt 0.239 0.1862
vt 0.239 0.1557
vt 0.3569 0.1915
vt 0.239 0.1915
vt 0.239 0.2067
vt 0.5926 0.0638
vt 0.7104 0.0638
vt 0.7104 0.1557
vt 0.5926 0.1277
vt 0.5926 0.0047
vt 0.7104 0.0047
vt 0.7104 0.1277
vt 0.5926 0.2169
vt 0.7104 0.2067
vt 0.7104 0.2169
vt 0.5926 0.3263
vt 0.7104 0.3263
vt 0.7428 0.1557
vt 0.7716 0.1862
vt 0.7104 0.1862
vt 0.7716 0.1915
vt 0.7104 0.1915
vt 0.7824 0.2067
vt 0.1212 0.0638
vt 0.239 0.0638
vt 0.1212 0.0067
vt 0.1365 0.0047
vt 0.239 0.0047
vt 0.1212 0.1277
vt 0.239 0.1277
vt 0.1365 0.2169
vt 0.1212 0.2149
vt 0.239 0.2169
vt 0.1365 0.3263
vt 0.239 0.3263
vt 0.0033 0.0638
vt 0.0033 0.1277
vt 0.0033 0.0118
vt 0.7428 0.0638
vt 0.7428 0.1277
vt 0.7888 0.0047
vt 0.7888 0.2169
vt 0.7888 0.3263
vt 0.0033 0.1823
vt 0.1212 0.1869
vt 0.239 0.2051
vt 0.2463 0.2067
vt 0.239 0.0164
vt 0.1212 0.0513
vt 0.1287 0.1862
vt 0.2909 0.0047
vt 0.2909 0.2169
vt 0.2909 0.3263
vt 0.0033 0.056
vt 0.1287 0.1915
vt 0.135 0.0047
vt 0.1212 0.0065
vt 0.1212 0.2151
vt 0.135 0.2169
vt 0.135 0.3263
vt 0.0033 0.0116
vt 0.0033 0.21
vt 0.0033 0.1819
vt 0.1212 0.1866
vt 0.239 0.2047
vt 0.248 0.2067
vt 0.239 0.0168
vt 0.1212 0.0517
vt 0.1316 0.1862
vt 0.2925 0.0047
vt 0.2925 0.2169
vt 0.2925 0.3263
vt 0.0033 0.0563
vt 0.0033 0.2098
vt 0.1212 0.1857
vt 0.0033 0.1811
vt 0.2518 0.2067
vt 0.239 0.2039
vt 0.1212 0.0525
vt 0.239 0.0177
vt 0.1375 0.1862
vt 0.2958 0.0047
vt 0.2958 0.2169
vt 0.2958 0.3263
vt 0.0033 0.0571
vt 0.1316 0.1915
vt 0.0033 0.182
vt 0.2479 0.2067
vt 0.1312 0.1862
vt 0.2923 0.0047
vt 0.2923 0.2169
vt 0.2923 0.3263
vt 0.1375 0.1915
vt 0.1312 0.1915
vn -0.6705 -0.1334 -0.7299
vn -0.7139 -0.142 -0.6857
vn -0.726 -0.0715 -0.684
vn -0.6821 -0.0672 -0.7282
vn -0.9226 -0.1835 -0.3393
vn -0.9367 -0.0923 -0.3378
vn -0.4252 -0.0927 -0.9003
vn -0.4089 -0.0403 -0.9117
vn -0.3798 -0.5684 -0.7299
vn -0.4044 -0.6052 -0.6857
vn -0.5147 -0.5147 -0.6857
vn -0.4834 -0.4834 -0.7299
vn -0.5226 -0.7821 -0.3393
vn -0.6652 -0.6652 -0.3393
vn -0.2274 -0.3403 -0.9124
vn -0.2894 -0.2894 -0.9124
vn -0.5684 -0.3798 -0.7299
vn -0.5684 -0.3798 0.7299
vn -0.4834 -0.4834 0.7299
vn 0.6052 0.4044 0.6857
vn 0.5147 0.5147 0.6857
vn 0.6052 0.4044 -0.6857
vn -0.3403 -0.2274 -0.9124
vn 0.5147 0.5147 -0.6857
vn -0.6052 -0.4044 -0.6857
vn -0.6725 -0.2785 -0.6857
vn -0.6316 -0.2616 -0.7299
vn -0.7822 -0.5226 -0.3393
vn -0.8691 -0.36 -0.3393
vn -0.3844 -0.1515 -0.9107
vn -0.3798 -0.5684 0.7299
vn -0.2616 -0.6316 0.7298
vn -0.2616 -0.6316 -0.7298
vn 0.4044 0.6052 0.6857
vn 0.2785 0.6725 0.6857
vn 0.4044 0.6052 -0.6857
vn -0.1566 -0.3781 -0.9124
vn 0.2785 0.6725 -0.6857
vn 0.0 -0.6275 -0.7786
vn 0.0 -0.7623 -0.6473
vn -0.2786 -0.6725 -0.6857
vn -0.0 -0.9315 -0.3638
vn -0.36 -0.8691 -0.3393
vn -0.0 -0.3538 -0.9353
vn -0.6704 -0.1334 0.7299
vn -0.6316 -0.2616 0.7299
vn 0.0 -0.0 1.0
vn 0.0 0.1581 0.9874
vn 0.6725 0.2785 0.6857
vn 0.0 0.1172 -0.9931
vn -0.0 -0.0269 -0.9996
vn 0.6719 0.2875 -0.6826
vn -0.6821 -0.0672 0.7282
vn 0.0 -0.0 1.0
vn 0.0 -0.6275 0.7786
vn -0.0 0.7623 0.6472
vn 0.0 0.7623 -0.6472
vn -0.0 0.0 -1.0
vn -0.0 -0.0003 -1.0
vn 0.6705 -0.1334 -0.7299
vn 0.6821 -0.0672 -0.7282
vn 0.5147 -0.5147 -0.6857
vn 0.4044 -0.6052 -0.6857
vn 0.3798 -0.5684 -0.7299
vn 0.4834 -0.4834 -0.7299
vn 0.6652 -0.6652 -0.3393
vn 0.5226 -0.7822 -0.3393
vn 0.2894 -0.2894 -0.9124
vn 0.2274 -0.3403 -0.9124
vn 0.4834 -0.4834 0.7299
vn 0.5684 -0.3798 0.7299
vn 0.5684 -0.3798 -0.7299
vn -0.5147 0.5147 0.6857
vn -0.5827 0.4229 0.694
vn 0.3351 -0.2299 -0.9137
vn -0.5827 0.4229 -0.694
vn -0.5147 0.5147 -0.6857
vn 0.6589 -0.2953 -0.6918
vn 0.6052 -0.4044 -0.6857
vn 0.6316 -0.2616 -0.7299
vn 0.8523 -0.3832 -0.3559
vn 0.7771 -0.5241 -0.3484
vn -0.03 -0.4531 -0.891
vn -0.0175 -0.3863 -0.9222
vn 0.2616 -0.6316 0.7298
vn 0.3798 -0.5684 0.7299
vn 0.2616 -0.6316 -0.7298
vn -0.2786 0.6725 0.6857
vn -0.4044 0.6052 0.6857
vn 0.1566 -0.3781 -0.9124
vn -0.4044 0.6052 -0.6857
vn -0.2785 0.6725 -0.6857
vn 0.2786 -0.6725 -0.6857
vn 0.36 -0.8691 -0.3393
vn 0.6316 -0.2616 0.7299
vn 0.6705 -0.1334 0.7299
vn -0.0 0.0 1.0
vn 0.0 -0.0 1.0
vn -0.005 -0.174 -0.9847
vn 0.0113 0.2905 0.9568
vn 0.0113 0.2905 -0.9568
vn 0.6821 -0.0672 0.7282
vn 0.0 -0.0 1.0
vn -0.024 -0.8955 -0.4445
vn 0.726 -0.0715 -0.684
vn 0.7139 -0.142 -0.6857
vn 0.6705 -0.1334 -0.7299
vn 0.6821 -0.0672 -0.7282
vn 0.9367 -0.0923 -0.3378
vn 0.9226 -0.1835 -0.3392
vn 0.4254 -0.0929 -0.9002
vn 0.4089 -0.0403 -0.9117
vn 0.5147 -0.5147 -0.6857
vn 0.4044 -0.6052 -0.6857
vn 0.3798 -0.5684 -0.7299
vn 0.4834 -0.4834 -0.7299
vn 0.6652 -0.6652 -0.3393
vn 0.5226 -0.7822 -0.3393
vn 0.2894 -0.2894 -0.9124
vn 0.2274 -0.3403 -0.9124
vn 0.4834 -0.4834 0.7299
vn 0.5684 -0.3798 0.7299
vn 0.5684 -0.3798 -0.7298
vn -0.5147 0.5147 0.6857
vn -0.6052 0.4044 0.6857
vn 0.3403 -0.2274 -0.9124
vn -0.6052 0.4044 -0.6857
vn -0.5147 0.5147 -0.6857
vn 0.6725 -0.2786 -0.6857
vn 0.6052 -0.4044 -0.6857
vn 0.6316 -0.2616 -0.7299
vn 0.8691 -0.36 -0.3392
vn 0.7822 -0.5226 -0.3393
vn 0.3843 -0.1516 -0.9107
vn 0.2616 -0.6316 0.7298
vn 0.3798 -0.5684 0.7299
vn 0.2616 -0.6316 -0.7298
vn -0.2785 0.6725 0.6857
vn -0.4044 0.6052 0.6857
vn 0.1566 -0.3781 -0.9124
vn -0.4044 0.6052 -0.6857
vn -0.2785 0.6725 -0.6857
vn 0.2786 -0.6725 -0.6857
vn 0.0 -0.7623 -0.6472
vn 0.0 -0.6275 -0.7786
vn 0.36 -0.8691 -0.3393
vn 0.0 -0.9315 -0.3638
vn 0.0 -0.3538 -0.9353
vn 0.6316 -0.2616 0.7299
vn 0.6705 -0.1334 0.7299
vn -0.6725 0.2785 0.6857
vn 0.0 0.1581 0.9874
vn 0.0 -0.0 1.0
vn -0.0 -0.0274 -0.9996
vn 0.0 0.1168 -0.9932
vn -0.6719 0.2873 -0.6826
vn 0.6821 -0.0672 0.7282
vn -0.0 -0.0 1.0
vn 0.0 -0.6275 0.7786
vn -0.0 0.7623 0.6472
vn -0.0 0.7623 -0.6472
vn -0.6705 -0.1334 -0.7298
vn -0.6821 -0.0672 -0.7282
vn -0.3798 -0.5684 -0.7299
vn -0.4044 -0.6052 -0.6857
vn -0.5147 -0.5147 -0.6857
vn -0.4834 -0.4834 -0.7299
vn -0.5226 -0.7822 -0.3393
vn -0.6652 -0.6652 -0.3393
vn -0.2274 -0.3403 -0.9124
vn -0.2894 -0.2894 -0.9124
vn -0.5684 -0.3798 -0.7299
vn -0.5684 -0.3798 0.7299
vn -0.4834 -0.4834 0.7299
vn 0.6052 0.4044 0.6857
vn 0.5147 0.5147 0.6857
vn 0.6052 0.4044 -0.6857
vn -0.3363 -0.2198 -0.9157
vn 0.5147 0.5147 -0.6857
vn -0.6052 -0.4044 -0.6857
vn -0.6725 -0.2785 -0.6857
vn -0.6316 -0.2616 -0.7299
vn -0.783 -0.5192 -0.3425
vn -0.8755 -0.3626 -0.3194
vn -0.3798 -0.5684 0.7299
vn -0.2616 -0.6316 0.7298
vn -0.2616 -0.6316 -0.7298
vn 0.4044 0.6052 0.6857
vn 0.2785 0.6725 0.6857
vn 0.4044 0.6052 -0.6857
vn -0.1566 -0.3781 -0.9124
vn 0.2785 0.6725 -0.6857
vn -0.2786 -0.6725 -0.6857
vn -0.36 -0.8691 -0.3393
vn -0.6705 -0.1334 0.7299
vn -0.6316 -0.2616 0.7299
vn -0.6821 -0.0672 0.7282
vn 0.0 0.0 -1.0
vn -0.6705 -0.1334 -0.7299
vn -0.7139 -0.142 -0.6857
vn -0.726 -0.0715 -0.684
vn -0.6821 -0.0672 -0.7282
vn -0.9226 -0.1835 -0.3393
vn -0.9367 -0.0923 -0.3378
vn -0.4254 -0.0929 -0.9002
vn -0.4089 -0.0403 -0.9117
vn -0.3798 -0.5684 -0.7299
vn -0.4044 -0.6052 -0.6857
vn -0.5147 -0.5147 -0.6857
vn -0.4834 -0.4834 -0.7299
vn -0.5226 -0.7822 -0.3393
vn -0.6652 -0.6652 -0.3393
vn -0.2274 -0.3403 -0.9124
vn -0.2894 -0.2894 -0.9124
vn -0.5684 -0.3798 -0.7299
vn -0.5684 -0.3798 0.7299
vn -0.4834 -0.4834 0.7299
vn 0.6052 0.4044 0.6857
vn 0.5147 0.5147 0.6857
vn 0.6052 0.4044 -0.6857
vn -0.3403 -0.2274 -0.9124
vn 0.5147 0.5147 -0.6857
vn -0.6052 -0.4044 -0.6857
vn -0.6725 -0.2785 -0.6857
vn -0.6316 -0.2616 -0.7299
vn -0.7822 -0.5226 -0.3393
vn -0.8691 -0.36 -0.3393
vn -0.3838 -0.1521 -0.9108
vn -0.3798 -0.5684 0.7299
vn -0.2616 -0.6316 0.7298
vn -0.2616 -0.6316 -0.7298
vn 0.4044 0.6052 0.6857
vn 0.2785 0.6725 0.6857
vn 0.4044 0.6052 -0.6857
vn -0.1566 -0.3781 -0.9124
vn 0.2785 0.6725 -0.6857
vn 0.0 -0.6275 -0.7786
vn 0.0 -0.7623 -0.6472
vn -0.2785 -0.6725 -0.6857
vn -0.0 -0.9315 -0.3638
vn -0.36 -0.8691 -0.3393
vn -0.0 -0.3538 -0.9353
vn -0.6704 -0.1334 0.7299
vn -0.6316 -0.2616 0.7299
vn 0.6725 0.2785 0.6857
vn 0.6719 0.2873 -0.6826
vn -0.6821 -0.0672 0.7282
vn -0.0 -0.6275 0.7786
vn -0.0 0.7623 0.6472
vn 0.0 0.7623 -0.6472
vn 0.0 0.0 -1.0
vn 0.0 0.0008 -1.0
vn 0.6705 -0.1334 -0.7298
vn 0.6821 -0.0672 -0.7282
vn 0.5147 -0.5147 -0.6857
vn 0.4044 -0.6052 -0.6857
vn 0.3798 -0.5684 -0.7299
vn 0.4834 -0.4834 -0.7299
vn 0.6652 -0.6652 -0.3393
vn 0.5226 -0.7822 -0.3393
vn 0.2894 -0.2894 -0.9124
vn 0.2274 -0.3403 -0.9124
vn 0.4834 -0.4834 0.7299
vn 0.5684 -0.3798 0.7299
vn 0.5684 -0.3798 -0.7299
vn -0.5147 0.5147 0.6857
vn -0.6052 0.4044 0.6857
vn 0.3363 -0.2196 -0.9158
vn -0.6052 0.4044 -0.6857
vn -0.5147 0.5147 -0.6857
vn 0.672 -0.2785 -0.6862
vn 0.6052 -0.4044 -0.6857
vn 0.631 -0.2615 -0.7304
vn 0.8759 -0.3628 -0.3179
vn 0.7831 -0.5191 -0.3424
vn -0.0 -0.4632 -0.8863
vn 0.0 -0.3766 -0.9264
vn 0.2616 -0.6316 0.7298
vn 0.3798 -0.5684 0.7299
vn 0.2616 -0.6316 -0.7298
vn -0.2785 0.6725 0.6857
vn -0.4044 0.6052 0.6857
vn 0.1566 -0.3781 -0.9124
vn -0.4044 0.6052 -0.6857
vn -0.2785 0.6725 -0.6857
vn 0.2786 -0.6725 -0.6857
vn 0.36 -0.8691 -0.3393
vn 0.6316 -0.2616 0.7299
vn 0.6705 -0.1334 0.7298
vn -0.0 0.0 1.0
vn -0.0 -0.0 1.0
vn -0.0 -0.1558 -0.9878
vn 0.0 0.269 0.9631
vn -0.0 0.2691 -0.9631
vn 0.6821 -0.0672 0.7282
vn 0.0 -0.0 1.0
vn 0.0 0.0 -1.0
vn 0.726 -0.0715 -0.684
vn 0.7139 -0.142 -0.6857
vn 0.6705 -0.1334 -0.7299
vn 0.6821 -0.0672 -0.7282
vn 0.9367 -0.0923 -0.3378
vn 0.9226 -0.1835 -0.3393
vn 0.4252 -0.0927 -0.9003
vn 0.4089 -0.0403 -0.9117
vn 0.5147 -0.5147 -0.6857
vn 0.4044 -0.6052 -0.6857
vn 0.3798 -0.5684 -0.7299
vn 0.4834 -0.4834 -0.7299
vn 0.6652 -0.6652 -0.3393
vn 0.5226 -0.7822 -0.3393
vn 0.2894 -0.2894 -0.9124
vn 0.2274 -0.3403 -0.9124
vn 0.4834 -0.4834 0.7299
vn 0.5684 -0.3798 0.7299
vn 0.5684 -0.3798 -0.7299
vn -0.5147 0.5147 0.6857
vn -0.6052 0.4044 0.6857
vn 0.3403 -0.2274 -0.9124
vn -0.6052 0.4044 -0.6857
vn -0.5147 0.5147 -0.6857
vn 0.6725 -0.2785 -0.6857
vn 0.6052 -0.4044 -0.6857
vn 0.6316 -0.2616 -0.7299
vn 0.8691 -0.36 -0.3392
vn 0.7822 -0.5226 -0.3393
vn 0.3844 -0.1515 -0.9107
vn 0.2616 -0.6316 0.7298
vn 0.3798 -0.5684 0.7299
vn 0.2616 -0.6316 -0.7298
vn -0.2785 0.6725 0.6857
vn -0.4044 0.6052 0.6857
vn 0.1566 -0.3781 -0.9124
vn -0.4044 0.6052 -0.6857
vn -0.2785 0.6725 -0.6857
vn 0.2786 -0.6725 -0.6857
vn 0.0 -0.7623 -0.6472
vn -0.0 -0.6275 -0.7786
vn 0.36 -0.8691 -0.3393
vn -0.0 -0.9315 -0.3638
vn -0.0 -0.3538 -0.9353
vn 0.6316 -0.2616 0.7299
vn 0.6704 -0.1334 0.7299
vn -0.6725 0.2785 0.6857
vn -0.6719 0.2875 -0.6826
vn 0.6821 -0.0672 0.7282
vn -0.0 -0.6275 0.7786
vn 0.0 0.7623 0.6472
vn 0.0 0.7623 -0.6472
vn -0.6705 -0.1334 -0.7298
vn 0.0 0.0008 -1.0
vn -0.0 0.0 -1.0
vn -0.6821 -0.0672 -0.7282
vn -0.3798 -0.5684 -0.7299
vn -0.4044 -0.6052 -0.6857
vn -0.5147 -0.5147 -0.6857
vn -0.4834 -0.4834 -0.7299
vn -0.5226 -0.7822 -0.3393
vn -0.6652 -0.6652 -0.3393
vn -0.2274 -0.3403 -0.9124
vn -0.2894 -0.2894 -0.9124
vn -0.5684 -0.3798 -0.7299
vn -0.5684 -0.3798 0.7299
vn -0.4834 -0.4834 0.7299
vn 0.5827 0.4229 0.694
vn 0.5147 0.5147 0.6857
vn 0.5827 0.4229 -0.694
vn -0.3347 -0.2284 -0.9142
vn 0.5147 0.5147 -0.6857
vn -0.6052 -0.4044 -0.6857
vn -0.6589 -0.2953 -0.6918
vn -0.6316 -0.2616 -0.7299
vn -0.7774 -0.5235 -0.3487
vn -0.8539 -0.3839 -0.3513
vn -0.0 -0.3872 -0.922
vn 0.0 -0.4488 -0.8936
vn -0.3798 -0.5684 0.7299
vn -0.2616 -0.6316 0.7298
vn -0.2616 -0.6316 -0.7298
vn 0.4044 0.6052 0.6857
vn 0.2786 0.6725 0.6857
vn 0.4044 0.6052 -0.6857
vn -0.1566 -0.3781 -0.9124
vn 0.2785 0.6725 -0.6857
vn -0.2786 -0.6725 -0.6857
vn -0.36 -0.8691 -0.3393
vn -0.6705 -0.1334 0.7299
vn -0.6316 -0.2616 0.7299
vn -0.0 -0.0 1.0
vn -0.0 0.0 1.0
vn 0.0 -0.188 -0.9822
vn -0.0 0.3122 0.95
vn 0.0 0.3122 -0.95
vn -0.6821 -0.0672 0.7282
vn 0.0 -0.0 1.0
vn 0.0 -0.8965 -0.4431
vn 0.726 -0.0715 -0.6839
vn 0.7139 -0.142 -0.6857
vn 0.6705 -0.1334 -0.7299
vn 0.6821 -0.0672 -0.7282
vn 0.9367 -0.0923 -0.3378
vn 0.9226 -0.1835 -0.3392
vn 0.4252 -0.0927 -0.9003
vn 0.4089 -0.0403 -0.9117
vn 0.5147 -0.5147 -0.6857
vn 0.4044 -0.6052 -0.6857
vn 0.3798 -0.5684 -0.7299
vn 0.4834 -0.4834 -0.7299
vn 0.6652 -0.6652 -0.3393
vn 0.5226 -0.7822 -0.3392
vn 0.2894 -0.2894 -0.9124
vn 0.2274 -0.3403 -0.9124
vn 0.4834 -0.4834 0.7299
vn 0.5684 -0.3798 0.7299
vn 0.5684 -0.3798 -0.7299
vn -0.5147 0.5147 0.6857
vn -0.6052 0.4044 0.6857
vn 0.3403 -0.2274 -0.9124
vn -0.6052 0.4044 -0.6857
vn -0.5147 0.5147 -0.6857
vn 0.6725 -0.2786 -0.6857
vn 0.6052 -0.4044 -0.6857
vn 0.6316 -0.2616 -0.7299
vn 0.8691 -0.36 -0.3392
vn 0.7822 -0.5226 -0.3393
vn 0.384 -0.1518 -0.9107
vn 0.2616 -0.6316 0.7298
vn 0.3798 -0.5684 0.7299
vn 0.2616 -0.6316 -0.7298
vn -0.2786 0.6725 0.6857
vn -0.4044 0.6052 0.6857
vn 0.1566 -0.3781 -0.9124
vn -0.4044 0.6052 -0.6857
vn -0.2785 0.6725 -0.6857
vn 0.2786 -0.6725 -0.6857
vn 0.0 -0.7623 -0.6472
vn -0.0 -0.6275 -0.7786
vn 0.36 -0.8691 -0.3393
vn -0.0 -0.9315 -0.3638
vn -0.0 -0.3538 -0.9353
vn 0.6316 -0.2616 0.7299
vn 0.6704 -0.1334 0.7299
vn -0.6725 0.2785 0.6857
vn 0.0 0.1581 0.9874
vn 0.0 -0.0 1.0
vn -0.0 -0.0269 -0.9996
vn -0.0 0.1172 -0.9931
vn -0.6719 0.2875 -0.6826
vn 0.6821 -0.0672 0.7282
vn 0.0 -0.0 1.0
vn -0.0 -0.6275 0.7786
vn -0.0 0.7623 0.6472
vn 0.0 0.7623 -0.6472
vn -0.6705 -0.1334 -0.7299
vn 0.0 -0.0003 -1.0
vn -0.0 0.0 -1.0
vn -0.6821 -0.0672 -0.7282
vn -0.3798 -0.5684 -0.7299
vn -0.4044 -0.6052 -0.6857
vn -0.5147 -0.5147 -0.6857
vn -0.4834 -0.4834 -0.7299
vn -0.5226 -0.7821 -0.3393
vn -0.6652 -0.6652 -0.3393
vn -0.2274 -0.3403 -0.9124
vn -0.2894 -0.2894 -0.9124
vn -0.5684 -0.3798 -0.7299
vn -0.5684 -0.3798 0.7299
vn -0.4834 -0.4834 0.7299
vn 0.5827 0.4229 0.694
vn 0.5147 0.5147 0.6857
vn 0.5827 0.4229 -0.694
vn -0.3351 -0.2299 -0.9137
vn 0.5147 0.5147 -0.6857
vn -0.6052 -0.4044 -0.6857
vn -0.659 -0.2953 -0.6918
vn -0.6316 -0.2616 -0.7299
vn -0.7771 -0.5241 -0.3484
vn -0.8523 -0.3832 -0.3559
vn 0.0175 -0.3862 -0.9222
vn 0.03 -0.4531 -0.891
vn -0.3798 -0.5684 0.7299
vn -0.2616 -0.6316 0.7298
vn -0.2616 -0.6316 -0.7298
vn 0.4044 0.6052 0.6857
vn 0.2786 0.6725 0.6857
vn 0.4044 0.6052 -0.6857
vn -0.1566 -0.3781 -0.9124
vn 0.2786 0.6725 -0.6857
vn -0.2785 -0.6725 -0.6857
vn -0.36 -0.8691 -0.3393
vn -0.6705 -0.1334 0.7299
vn -0.6316 -0.2616 0.7299
vn -0.0 -0.0 1.0
vn -0.0 0.0 1.0
vn 0.005 -0.1744 -0.9847
vn -0.0113 0.2905 0.9568
vn -0.0113 0.2905 -0.9568
vn -0.6821 -0.0672 0.7282
vn -0.0 -0.0 1.0
vn 0.024 -0.8955 -0.4445
vn -0.6705 -0.1334 -0.7299
vn -0.7139 -0.142 -0.6857
vn -0.726 -0.0715 -0.684
vn -0.6821 -0.0672 -0.7282
vn -0.9226 -0.1835 -0.3393
vn -0.9367 -0.0923 -0.3378
vn -0.4254 -0.0929 -0.9002
vn -0.4089 -0.0403 -0.9117
vn -0.3798 -0.5684 -0.7299
vn -0.4044 -0.6052 -0.6857
vn -0.5147 -0.5147 -0.6857
vn -0.4834 -0.4834 -0.7299
vn -0.5226 -0.7822 -0.3393
vn -0.6652 -0.6652 -0.3393
vn -0.2274 -0.3403 -0.9124
vn -0.2894 -0.2894 -0.9124
vn -0.5684 -0.3798 -0.7298
vn -0.5684 -0.3798 0.7299
vn -0.4834 -0.4834 0.7299
vn 0.6052 0.4044 0.6857
vn 0.5147 0.5147 0.6857
vn 0.6052 0.4044 -0.6857
vn -0.3403 -0.2274 -0.9124
vn 0.5147 0.5147 -0.6857
vn -0.6052 -0.4044 -0.6858
vn -0.6725 -0.2786 -0.6857
vn -0.6316 -0.2616 -0.7299
vn -0.7821 -0.5226 -0.3393
vn -0.8691 -0.36 -0.3393
vn -0.3838 -0.1521 -0.9108
vn -0.3798 -0.5684 0.7299
vn -0.2616 -0.6316 0.7298
vn -0.2616 -0.6316 -0.7298
vn 0.4044 0.6052 0.6857
vn 0.2785 0.6725 0.6857
vn 0.4044 0.6052 -0.6857
vn -0.1566 -0.3781 -0.9124
vn 0.2785 0.6725 -0.6857
vn -0.0 -0.6275 -0.7786
vn -0.0 -0.7623 -0.6473
vn -0.2786 -0.6725 -0.6857
vn -0.0 -0.9315 -0.3638
vn -0.36 -0.8691 -0.3393
vn -0.0 -0.3538 -0.9353
vn -0.6704 -0.1334 0.7299
vn -0.6316 -0.2616 0.7299
vn 0.0 -0.0 1.0
vn 0.0 0.1581 0.9874
vn 0.6725 0.2785 0.6857
vn 0.0 0.1168 -0.9932
vn -0.0 -0.0274 -0.9996
vn 0.6719 0.2873 -0.6826
vn -0.6821 -0.0672 0.7282
vn 0.0 -0.0 1.0
vn -0.0 -0.6275 0.7786
vn -0.0 0.7623 0.6472
vn -0.0 0.7623 -0.6472
vn 0.6705 -0.1334 -0.7299
vn 0.6821 -0.0672 -0.7282
vn 0.5147 -0.5147 -0.6857
vn 0.4044 -0.6052 -0.6857
vn 0.3798 -0.5684 -0.7299
vn 0.4834 -0.4834 -0.7299
vn 0.6652 -0.6652 -0.3393
vn 0.5226 -0.7822 -0.3393
vn 0.2894 -0.2894 -0.9124
vn 0.2274 -0.3403 -0.9124
vn 0.4834 -0.4834 0.7299
vn 0.5684 -0.3798 0.7299
vn 0.5684 -0.3798 -0.7299
vn -0.5147 0.5147 0.6857
vn -0.6052 0.4044 0.6857
vn 0.3363 -0.2197 -0.9158
vn -0.6052 0.4044 -0.6857
vn -0.5147 0.5147 -0.6857
vn 0.6725 -0.2786 -0.6857
vn 0.6052 -0.4044 -0.6857
vn 0.6316 -0.2616 -0.7299
vn 0.8755 -0.3626 -0.3194
vn 0.783 -0.5192 -0.3424
vn 0.2616 -0.6316 0.7298
vn 0.3798 -0.5684 0.7299
vn 0.2616 -0.6316 -0.7298
vn -0.2785 0.6725 0.6857
vn -0.4044 0.6052 0.6857
vn 0.1566 -0.3781 -0.9124
vn -0.4044 0.6052 -0.6857
vn -0.2785 0.6725 -0.6857
vn 0.2786 -0.6725 -0.6857
vn 0.36 -0.8691 -0.3393
vn 0.6316 -0.2616 0.7299
vn 0.6705 -0.1334 0.7299
vn 0.6821 -0.0672 0.7282
vn 0.0 0.0 -1.0
vn 0.726 -0.0715 -0.684
vn 0.7139 -0.142 -0.6857
vn 0.6705 -0.1334 -0.7299
vn 0.6821 -0.0672 -0.7282
vn 0.9367 -0.0923 -0.3378
vn 0.9226 -0.1835 -0.3392
vn 0.4254 -0.0929 -0.9002
vn 0.4089 -0.0403 -0.9117
vn 0.5147 -0.5147 -0.6857
vn 0.4044 -0.6052 -0.6857
vn 0.3798 -0.5684 -0.7299
vn 0.4834 -0.4834 -0.7299
vn 0.6652 -0.6652 -0.3393
vn 0.5226 -0.7822 -0.3393
vn 0.2894 -0.2894 -0.9124
vn 0.2274 -0.3403 -0.9124
vn 0.4834 -0.4834 0.7299
vn 0.5684 -0.3798 0.7299
vn 0.5684 -0.3798 -0.7299
vn -0.5147 0.5147 0.6857
vn -0.6052 0.4044 0.6857
vn 0.3403 -0.2274 -0.9124
vn -0.6052 0.4044 -0.6857
vn -0.5147 0.5147 -0.6857
vn 0.6725 -0.2785 -0.6857
vn 0.6052 -0.4044 -0.6857
vn 0.6316 -0.2616 -0.7299
vn 0.8691 -0.36 -0.3393
vn 0.7822 -0.5226 -0.3392
vn 0.3843 -0.1516 -0.9107
vn 0.2616 -0.6316 0.7298
vn 0.3798 -0.5684 0.7299
vn 0.2616 -0.6316 -0.7298
vn -0.2785 0.6725 0.6857
vn -0.4044 0.6052 0.6857
vn 0.1566 -0.3781 -0.9124
vn -0.4044 0.6052 -0.6857
vn -0.2785 0.6725 -0.6857
vn 0.2786 -0.6725 -0.6857
vn 0.0 -0.7623 -0.6473
vn 0.0 -0.6275 -0.7786
vn 0.36 -0.8691 -0.3393
vn -0.0 -0.9315 -0.3638
vn -0.0 -0.3538 -0.9353
vn 0.6316 -0.2616 0.7299
vn 0.6705 -0.1334 0.7299
vn -0.6725 0.2785 0.6857
vn -0.6719 0.2873 -0.6826
vn 0.6821 -0.0672 0.7282
vn 0.0 -0.6275 0.7786
vn -0.0 0.7623 0.6472
vn -0.0 0.7623 -0.6472
vn -0.6705 -0.1334 -0.7298
vn -0.6821 -0.0672 -0.7282
vn -0.3798 -0.5684 -0.7299
vn -0.4044 -0.6052 -0.6857
vn -0.5147 -0.5147 -0.6857
vn -0.4834 -0.4834 -0.7299
vn -0.5226 -0.7821 -0.3393
vn -0.6652 -0.6652 -0.3393
vn -0.2274 -0.3403 -0.9124
vn -0.2894 -0.2894 -0.9124
vn -0.5684 -0.3798 -0.7299
vn -0.5684 -0.3798 0.7299
vn -0.4834 -0.4834 0.7299
vn 0.6052 0.4044 0.6857
vn 0.5147 0.5147 0.6857
vn 0.6052 0.4044 -0.6857
vn -0.3363 -0.2196 -0.9158
vn 0.5147 0.5147 -0.6857
vn -0.6052 -0.4044 -0.6857
vn -0.6724 -0.2786 -0.6857
vn -0.6313 -0.2616 -0.7301
vn -0.7831 -0.5191 -0.3424
vn -0.8759 -0.3628 -0.318
vn -0.3798 -0.5684 0.7299
vn -0.2616 -0.6316 0.7298
vn -0.2616 -0.6316 -0.7298
vn 0.4044 0.6052 0.6857
vn 0.2785 0.6725 0.6857
vn 0.4044 0.6052 -0.6857
vn -0.1566 -0.3781 -0.9124
vn 0.2785 0.6725 -0.6857
vn -0.2786 -0.6725 -0.6857
vn -0.36 -0.8691 -0.3393
vn -0.6705 -0.1334 0.7298
vn -0.6316 -0.2616 0.7299
vn -0.6821 -0.0672 0.7282
vn 0.0 0.0 -1.0
vn -0.6705 -0.1334 -0.7299
vn -0.7139 -0.142 -0.6857
vn -0.726 -0.0715 -0.684
vn -0.6821 -0.0672 -0.7282
vn -0.9226 -0.1835 -0.3393
vn -0.9367 -0.0923 -0.3378
vn -0.4252 -0.0927 -0.9003
vn -0.4089 -0.0403 -0.9117
vn -0.3798 -0.5684 -0.7299
vn -0.4044 -0.6052 -0.6857
vn -0.5147 -0.5147 -0.6857
vn -0.4834 -0.4834 -0.7299
vn -0.5226 -0.7822 -0.3393
vn -0.6652 -0.6652 -0.3393
vn -0.2274 -0.3403 -0.9124
vn -0.2894 -0.2894 -0.9124
vn -0.5684 -0.3798 -0.7299
vn -0.5684 -0.3798 0.7299
vn -0.4834 -0.4834 0.7299
vn 0.6052 0.4044 0.6857
vn 0.5147 0.5147 0.6857
vn 0.6052 0.4044 -0.6857
vn -0.3403 -0.2274 -0.9124
vn 0.5147 0.5147 -0.6857
vn -0.6052 -0.4044 -0.6857
vn -0.6725 -0.2785 -0.6857
vn -0.6316 -0.2616 -0.7299
vn -0.7821 -0.5226 -0.3393
vn -0.8691 -0.36 -0.3393
vn -0.3844 -0.1515 -0.9107
vn -0.3798 -0.5684 0.7299
vn -0.2616 -0.6316 0.7298
vn -0.2616 -0.6316 -0.7298
vn 0.4044 0.6052 0.6857
vn 0.2785 0.6725 0.6857
vn 0.4044 0.6052 -0.6857
vn -0.1566 -0.3781 -0.9124
vn 0.2785 0.6725 -0.6857
vn -0.0 -0.6275 -0.7786
vn 0.0 -0.7623 -0.6472
vn -0.2786 -0.6725 -0.6857
vn -0.0 -0.9315 -0.3638
vn -0.36 -0.8691 -0.3393
vn -0.0 -0.3538 -0.9353
vn -0.6704 -0.1334 0.7299
vn -0.6316 -0.2616 0.7299
vn 0.6725 0.2785 0.6857
vn 0.6719 0.2875 -0.6826
vn -0.6821 -0.0672 0.7282
vn -0.0 -0.6275 0.7786
vn 0.0 0.7623 0.6472
vn 0.0 0.7623 -0.6472
vn -0.0 0.0 -1.0
vn 0.0 0.0009 -1.0
vn 0.6705 -0.1334 -0.7298
vn 0.6821 -0.0672 -0.7282
vn 0.5147 -0.5147 -0.6857
vn 0.4044 -0.6052 -0.6857
vn 0.3798 -0.5684 -0.7299
vn 0.4834 -0.4834 -0.7299
vn 0.6652 -0.6652 -0.3392
vn 0.5226 -0.7822 -0.3392
vn 0.2894 -0.2894 -0.9124
vn 0.2274 -0.3403 -0.9124
vn 0.4834 -0.4834 0.7299
vn 0.5684 -0.3798 0.7299
vn 0.5684 -0.3798 -0.7299
vn -0.5147 0.5147 0.6857
vn -0.5827 0.4229 0.694
vn 0.335 -0.2294 -0.9139
vn -0.5827 0.4229 -0.694
vn -0.5147 0.5147 -0.6857
vn 0.6585 -0.2952 -0.6923
vn 0.6052 -0.4044 -0.6857
vn 0.6305 -0.2613 -0.7308
vn 0.8528 -0.3834 -0.3547
vn 0.7772 -0.524 -0.3485
vn 0.0 -0.4465 -0.8948
vn 0.0 -0.3923 -0.9198
vn 0.2616 -0.6316 0.7298
vn 0.3798 -0.5684 0.7299
vn 0.2616 -0.6316 -0.7298
vn -0.2786 0.6725 0.6857
vn -0.4044 0.6052 0.6857
vn 0.1566 -0.3781 -0.9124
vn -0.4044 0.6052 -0.6857
vn -0.2785 0.6725 -0.6857
vn 0.2786 -0.6725 -0.6857
vn 0.36 -0.8691 -0.3393
vn 0.6316 -0.2616 0.7299
vn 0.6705 -0.1334 0.7298
vn 0.0 0.0 1.0
vn 0.0 -0.0 1.0
vn -0.0 -0.1874 -0.9823
vn 0.0 0.3122 0.95
vn 0.0 0.3122 -0.95
vn 0.6821 -0.0672 0.7282
vn 0.0 -0.0 1.0
vn 0.0 -0.8963 -0.4435
vn -0.6705 -0.1334 -0.7299
vn -0.7139 -0.142 -0.6857
vn -0.726 -0.0715 -0.684
vn -0.6821 -0.0672 -0.7282
vn -0.9226 -0.1835 -0.3393
vn -0.9367 -0.0923 -0.3378
vn -0.4252 -0.0927 -0.9003
vn -0.4089 -0.0403 -0.9117
vn -0.3798 -0.5684 -0.7299
vn -0.4044 -0.6052 -0.6857
vn -0.5147 -0.5147 -0.6857
vn -0.4834 -0.4834 -0.7299
vn -0.5226 -0.7822 -0.3393
vn -0.6652 -0.6652 -0.3393
vn -0.2274 -0.3403 -0.9124
vn -0.2894 -0.2894 -0.9124
vn -0.5684 -0.3798 -0.7299
vn -0.5684 -0.3798 0.7299
vn -0.4834 -0.4834 0.7299
vn 0.6052 0.4044 0.6857
vn 0.5147 0.5147 0.6857
vn 0.6052 0.4044 -0.6857
vn -0.3403 -0.2274 -0.9124
vn 0.5147 0.5147 -0.6857
vn -0.6052 -0.4044 -0.6857
vn -0.6725 -0.2785 -0.6857
vn -0.6316 -0.2616 -0.7299
vn -0.7822 -0.5226 -0.3393
vn -0.8691 -0.36 -0.3393
vn -0.3844 -0.1515 -0.9107
vn -0.3798 -0.5684 0.7299
vn -0.2616 -0.6316 0.7298
vn -0.2616 -0.6316 -0.7298
vn 0.4044 0.6052 0.6857
vn 0.2785 0.6725 0.6857
vn 0.4044 0.6052 -0.6857
vn -0.1566 -0.3781 -0.9124
vn 0.2785 0.6725 -0.6857
vn -0.0 -0.6275 -0.7786
vn -0.0 -0.7623 -0.6472
vn -0.2786 -0.6725 -0.6857
vn 0.0 -0.9315 -0.3638
vn -0.36 -0.8691 -0.3393
vn -0.0 -0.3538 -0.9353
vn -0.6704 -0.1334 0.7299
vn -0.6316 -0.2616 0.7299
vn 0.0 -0.0 1.0
vn 0.4623 0.1402 0.8756
vn 0.6725 0.2785 0.6857
vn 0.3976 0.1075 -0.9112
vn -0.0553 -0.0271 -0.9981
vn 0.6719 0.2875 -0.6826
vn -0.6821 -0.0672 0.7282
vn 0.0 -0.0 1.0
vn -0.0 -0.6275 0.7786
vn 0.0 0.7623 0.6472
vn 0.0 0.7623 -0.6472
vn 0.6705 -0.1334 -0.7298
vn 0.6821 -0.0672 -0.7282
vn 0.5147 -0.5147 -0.6857
vn 0.4044 -0.6052 -0.6857
vn 0.3798 -0.5684 -0.7299
vn 0.4834 -0.4834 -0.7299
vn 0.6652 -0.6652 -0.3393
vn 0.5226 -0.7822 -0.3393
vn 0.2894 -0.2894 -0.9124
vn 0.2274 -0.3403 -0.9124
vn 0.4834 -0.4834 0.7299
vn 0.5684 -0.3798 0.7299
vn 0.5684 -0.3798 -0.7299
vn -0.5147 0.5147 0.6857
vn -0.5827 0.4229 0.694
vn 0.3347 -0.2284 -0.9142
vn -0.5827 0.4229 -0.694
vn -0.5147 0.5147 -0.6857
vn 0.6586 -0.2953 -0.6921
vn 0.6052 -0.4044 -0.6857
vn 0.6316 -0.2616 -0.7299
vn 0.8539 -0.3839 -0.3513
vn 0.7774 -0.5235 -0.3487
vn 0.2616 -0.6316 0.7298
vn 0.3798 -0.5684 0.7299
vn 0.2616 -0.6316 -0.7298
vn -0.2786 0.6725 0.6857
vn -0.4044 0.6052 0.6857
vn 0.1566 -0.3781 -0.9124
vn -0.4044 0.6052 -0.6857
vn -0.2785 0.6725 -0.6857
vn 0.2786 -0.6725 -0.6857
vn 0.36 -0.8691 -0.3393
vn 0.6316 -0.2616 0.7299
vn 0.6705 -0.1334 0.7299
vn 0.6821 -0.0672 0.7282
vn 0.0 0.0 -1.0
vn -0.0 -0.8956 -0.4449
vn 0.726 -0.0715 -0.684
vn 0.7139 -0.142 -0.6857
vn 0.6705 -0.1334 -0.7299
vn 0.6821 -0.0672 -0.7282
vn 0.9391 -0.0925 -0.331
vn 0.9247 -0.183 -0.3338
vn 0.4076 -0.0775 -0.9098
vn 0.415 -0.0409 -0.9089
vn 0.5147 -0.5147 -0.6857
vn 0.4044 -0.6052 -0.6857
vn 0.3798 -0.5684 -0.7299
vn 0.4834 -0.4834 -0.7299
vn 0.6652 -0.6652 -0.3393
vn 0.5226 -0.7822 -0.3393
vn 0.2894 -0.2894 -0.9124
vn 0.2274 -0.3403 -0.9124
vn 0.4834 -0.4834 0.7299
vn 0.5684 -0.3798 0.7299
vn 0.5684 -0.3798 -0.7299
vn -0.5147 0.5147 0.6857
vn -0.6052 0.4044 0.6857
vn 0.3403 -0.2274 -0.9124
vn -0.6052 0.4044 -0.6857
vn -0.5147 0.5147 -0.6857
vn 0.6725 -0.2785 -0.6857
vn 0.6052 -0.4044 -0.6857
vn 0.6316 -0.2616 -0.7299
vn 0.8699 -0.3588 -0.3383
vn 0.7821 -0.5226 -0.3393
vn 0.3817 -0.1528 -0.9116
vn 0.2616 -0.6316 0.7298
vn 0.3798 -0.5684 0.7299
vn 0.2616 -0.6316 -0.7298
vn -0.2785 0.6725 0.6857
vn -0.4044 0.6052 0.6857
vn 0.1566 -0.3781 -0.9124
vn -0.4044 0.6052 -0.6857
vn -0.2785 0.6725 -0.6857
vn 0.2786 -0.6725 -0.6857
vn -0.0 -0.7623 -0.6472
vn 0.0 -0.6275 -0.7786
vn 0.36 -0.8691 -0.3393
vn 0.0 -0.9315 -0.3638
vn -0.0 -0.3538 -0.9353
vn 0.6316 -0.2616 0.7299
vn 0.6704 -0.1334 0.7299
vn -0.6725 0.2785 0.6857
vn -0.4622 0.1402 0.8756
vn 0.0 -0.0 1.0
vn 0.0047 0.0044 -1.0
vn -0.4534 0.1469 -0.8791
vn -0.6722 0.2827 -0.6843
vn 0.6821 -0.0672 0.7282
vn 0.0 -0.0 1.0
vn 0.0 -0.6275 0.7786
vn 0.0 0.7623 0.6472
vn -0.0 0.7623 -0.6472
vn -0.6705 -0.1334 -0.7298
vn -0.6821 -0.0672 -0.7282
vn -0.3798 -0.5684 -0.7299
vn -0.4044 -0.6052 -0.6857
vn -0.5147 -0.5147 -0.6857
vn -0.4834 -0.4834 -0.7299
vn -0.5226 -0.7822 -0.3393
vn -0.6652 -0.6652 -0.3393
vn -0.2274 -0.3403 -0.9124
vn -0.2894 -0.2894 -0.9124
vn -0.5684 -0.3798 -0.7299
vn -0.5684 -0.3798 0.7299
vn -0.4834 -0.4834 0.7299
vn 0.5827 0.4229 0.694
vn 0.5147 0.5147 0.6857
vn 0.5827 0.4229 -0.694
vn -0.335 -0.2295 -0.9138
vn 0.5147 0.5147 -0.6857
vn -0.6052 -0.4044 -0.6857
vn -0.6583 -0.2952 -0.6925
vn -0.6305 -0.2613 -0.7308
vn -0.7772 -0.524 -0.3484
vn -0.8528 -0.3834 -0.3546
vn -0.3798 -0.5684 0.7299
vn -0.2616 -0.6316 0.7298
vn -0.2616 -0.6316 -0.7298
vn 0.4044 0.6052 0.6857
vn 0.2786 0.6725 0.6857
vn 0.4044 0.6052 -0.6857
vn -0.1566 -0.3781 -0.9124
vn 0.2785 0.6725 -0.6857
vn -0.2786 -0.6725 -0.6857
vn -0.36 -0.8691 -0.3393
vn -0.6705 -0.1334 0.7298
vn -0.6316 -0.2616 0.7299
vn -0.6821 -0.0672 0.7282
vn 0.0 0.0 -1.0
vtan -0.1951 0.9808 0.0 1.0
vtan -0.1951 0.9808 0.0 1.0
vtan -0.098 0.9952 0.0 1.0
vtan -0.098 0.9952 0.0 1.0
vtan -0.1951 0.9808 0.0 1.0
vtan -0.098 0.9952 0.0 1.0
vtan -0.1912 0.9815 -0.0108 1.0
vtan -0.098 0.9952 0.0 1.0
vtan -0.8315 0.5556 0.0 1.0
vtan -0.8315 0.5556 0.0 1.0
vtan -0.7071 0.7071 -0.0 1.0
vtan -0.7071 0.7071 0.0 1.0
vtan -0.8315 0.5556 0.0 1.0
vtan -0.7071 0.7071 0.0 1.0
vtan -0.8315 0.5556 0.0 1.0
vtan -0.7071 0.7071 0.0 1.0
vtan -0.5556 0.8315 0.0 1.0
vtan -0.5556 0.8315 0.0 1.0
vtan -0.7071 0.7071 0.0 1.0
vtan -0.5556 0.8315 -0.0 1.0
vtan -0.5556 0.8315 0.0 1.0
vtan -0.7071 0.7071 0.0 1.0
vtan -0.7071 0.7071 -0.0 1.0
vtan -0.5556 0.8315 0.0 1.0
vtan -0.5556 0.8315 0.0 1.0
vtan -0.7071 0.7071 0.0 1.0
vtan -0.5556 0.8315 0.0 1.0
vtan -0.7071 0.7071 0.0 1.0
vtan -0.5556 0.8315 0.0 1.0
vtan -0.3827 0.9239 -0.0 1.0
vtan -0.3827 0.9239 0.0 1.0
vtan -0.5556 0.8315 0.0 1.0
vtan -0.3827 0.9239 -0.0 1.0
vtan -0.3819 0.9242 0.0075 1.0
vtan -0.8315 0.5556 0.0 1.0
vtan -0.9239 0.3827 0.0 1.0
vtan -0.9239 0.3827 -0.0 1.0
vtan -0.8315 0.5556 -0.0 1.0
vtan -0.8315 0.5556 0.0 1.0
vtan -0.9239 0.3827 -0.0 1.0
vtan -0.9239 0.3827 0.0 1.0
vtan -0.8315 0.5556 0.0 1.0
vtan -0.9239 0.3827 -0.0 1.0
vtan -0.9239 0.3827 0.0 1.0
vtan -0.8315 0.5556 0.0 1.0
vtan -0.9239 0.3827 0.0 1.0
vtan -0.9732 0.179 -0.1442 1.0
vtan -0.9813 0.1247 -0.1469 1.0
vtan -0.9239 0.3827 -0.0 1.0
vtan -0.994 0.0399 -0.1022 1.0
vtan -0.9239 0.3827 -0.0 1.0
vtan -0.962 0.2553 -0.0966 1.0
vtan -0.1951 0.9808 0.0 1.0
vtan -0.3827 0.9239 0.0 1.0
vtan -0.1751 0.9845 0.0 1.0
vtan -0.2937 0.9439 -0.1512 1.0
vtan -0.3805 0.9248 -0.0025 1.0
vtan -0.1839 0.9829 0.0107 1.0
vtan -0.3827 0.9239 -0.0 1.0
vtan -0.2923 0.9497 0.112 1.0
vtan -0.2036 0.9787 -0.0264 1.0
vtan -0.383 0.9237 0.0119 1.0
vtan -0.2945 0.9436 -0.1511 1.0
vtan -0.3827 0.9239 0.0 1.0
vtan -0.098 0.9952 0.0 1.0
vtan -0.098 0.9952 0.0 1.0
vtan -0.0668 0.9978 0.0 1.0
vtan -0.9732 0.179 0.1442 1.0
vtan -0.9732 0.179 0.1442 1.0
vtan -0.9813 0.1247 -0.1469 1.0
vtan -0.9813 0.1247 0.1469 1.0
vtan -0.9813 0.1247 -0.1469 1.0
vtan 0.1036 0.9946 0.0 -1.0
vtan 0.2064 0.9785 -0.0003 -1.0
vtan 0.1966 0.9805 0.0015 -1.0
vtan 0.098 0.9952 0.0 -1.0
vtan 0.7071 0.7071 -0.0 -1.0
vtan 0.8315 0.5556 -0.0 -1.0
vtan 0.8315 0.5556 0.0 -1.0
vtan 0.7071 0.7071 0.0 -1.0
vtan 0.7071 0.7071 0.0 -1.0
vtan 0.8315 0.5556 -0.0 -1.0
vtan 0.7071 0.7071 0.0 -1.0
vtan 0.8315 0.5556 0.0 -1.0
vtan 0.7071 0.7071 0.0 -1.0
vtan 0.5556 0.8315 0.0 -1.0
vtan 0.5556 0.8315 0.0 -1.0
vtan 0.7071 0.7071 -0.0 -1.0
vtan 0.5657 0.8242 -0.0273 -1.0
vtan 0.5556 0.8315 -0.0 -1.0
vtan 0.7071 0.7071 -0.0 -1.0
vtan 0.5801 0.8145 0.0078 -1.0
vtan 0.587 0.8096 0.0005 -1.0
vtan 0.7071 0.7071 0.0 -1.0
vtan 0.5874 0.8093 0.0 -1.0
vtan 0.7071 0.7071 0.0 -1.0
vtan 0.4045 0.9145 -0.0051 -1.0
vtan 0.5556 0.8315 0.0 -1.0
vtan 0.3844 0.9232 0.0018 -1.0
vtan 0.4101 0.9121 0.0 -1.0
vtan 0.5612 0.8277 0.0065 -1.0
vtan 0.4841 0.7733 -0.4095 -1.0
vtan 0.5403 0.7724 -0.3338 -1.0
vtan 0.9239 0.3827 0.0 -1.0
vtan 0.8315 0.5556 0.0 -1.0
vtan 0.9239 0.3827 -0.0 -1.0
vtan 0.9239 0.3827 -0.0 -1.0
vtan 0.8315 0.5556 0.0 -1.0
vtan 0.8315 0.5556 -0.0 -1.0
vtan 0.9239 0.3827 0.0 -1.0
vtan 0.9239 0.3827 -0.0 -1.0
vtan 0.8315 0.5556 0.0 -1.0
vtan 0.9239 0.3827 0.0 -1.0
vtan 0.8315 0.5556 0.0 -1.0
vtan 0.9239 0.3827 0.0 -1.0
vtan 0.9239 0.3827 -0.0 -1.0
vtan 0.9813 0.1247 -0.1469 -1.0
vtan 0.9732 0.179 -0.1442 -1.0
vtan 0.9239 0.3827 -0.0 -1.0
vtan 0.994 0.0399 -0.1022 -1.0
vtan 0.962 0.2553 -0.0966 -1.0
vtan 0.3827 0.9239 0.0 -1.0
vtan 0.1951 0.9808 0.0 -1.0
vtan 0.3754 0.9268 0.0073 -1.0
vtan 0.3807 0.9247 0.0 -1.0
vtan 0.1889 0.982 0.0 -1.0
vtan 0.186 0.9825 0.0087 -1.0
vtan 0.3445 0.9388 -0.0002 1.0
vtan 0.3485 0.9227 -0.1648 1.0
vtan 0.378 0.9252 -0.0349 1.0
vtan 0.5532 0.7953 -0.248 -1.0
vtan 0.5356 0.8063 0.2511 -1.0
vtan 0.5532 0.7953 -0.248 -1.0
vtan 0.098 0.9952 0.0 -1.0
vtan 0.0745 0.9972 0.0 -1.0
vtan 0.098 0.9952 0.0 -1.0
vtan 0.9732 0.179 0.1442 -1.0
vtan 0.9732 0.179 0.1442 -1.0
vtan 0.9813 0.1247 -0.1469 -1.0
vtan 0.9813 0.1247 0.1469 -1.0
vtan 0.9813 0.1247 -0.1469 -1.0
vtan 0.3485 0.9227 -0.1648 -1.0
vtan 0.6132 0.338 -0.714 -1.0
vtan 0.098 0.9952 0.0 -1.0
vtan 0.1951 0.9808 0.0 -1.0
vtan 0.1951 0.9808 0.0 -1.0
vtan 0.098 0.9952 0.0 -1.0
vtan 0.098 0.9952 0.0 -1.0
vtan 0.1951 0.9808 0.0 -1.0
vtan 0.1911 0.9815 -0.011 -1.0
vtan 0.098 0.9952 0.0 -1.0
vtan 0.7071 0.7071 -0.0 -1.0
vtan 0.8315 0.5556 -0.0 -1.0
vtan 0.8315 0.5556 0.0 -1.0
vtan 0.7071 0.7071 0.0 -1.0
vtan 0.7071 0.7071 0.0 -1.0
vtan 0.8315 0.5556 -0.0 -1.0
vtan 0.7071 0.7071 0.0 -1.0
vtan 0.8315 0.5556 0.0 -1.0
vtan 0.7071 0.7071 0.0 -1.0
vtan 0.5556 0.8315 0.0 -1.0
vtan 0.5556 0.8315 0.0 -1.0
vtan 0.7071 0.7071 -0.0 -1.0
vtan 0.5556 0.8315 0.0 -1.0
vtan 0.5556 0.8315 -0.0 -1.0
vtan 0.7071 0.7071 -0.0 -1.0
vtan 0.5556 0.8315 0.0 -1.0
vtan 0.5556 0.8315 0.0 -1.0
vtan 0.7071 0.7071 0.0 -1.0
vtan 0.5556 0.8315 0.0 -1.0
vtan 0.7071 0.7071 0.0 -1.0
vtan 0.3827 0.9239 -0.0 -1.0
vtan 0.5556 0.8315 -0.0 -1.0
vtan 0.3827 0.9239 0.0 -1.0
vtan 0.3827 0.9239 -0.0 -1.0
vtan 0.5556 0.8315 -0.0 -1.0
vtan 0.3819 0.9242 0.0074 -1.0
vtan 0.9239 0.3827 0.0 -1.0
vtan 0.8315 0.5556 0.0 -1.0
vtan 0.9239 0.3827 -0.0 -1.0
vtan 0.9239 0.3827 -0.0 -1.0
vtan 0.8315 0.5556 0.0 -1.0
vtan 0.8315 0.5556 -0.0 -1.0
vtan 0.9239 0.3827 0.0 -1.0
vtan 0.9239 0.3827 -0.0 -1.0
vtan 0.8315 0.5556 0.0 -1.0
vtan 0.9239 0.3827 0.0 -1.0
vtan 0.8315 0.5556 0.0 -1.0
vtan 0.9239 0.3827 0.0 -1.0
vtan 0.9239 0.3827 -0.0 -1.0
vtan 0.9813 0.1247 -0.1469 -1.0
vtan 0.9732 0.179 -0.1442 -1.0
vtan 0.9239 0.3827 0.0 -1.0
vtan 0.994 0.0399 -0.1022 -1.0
vtan 0.962 0.2553 -0.0966 -1.0
vtan 0.3827 0.9239 0.0 -1.0
vtan 0.1951 0.9808 0.0 -1.0
vtan 0.3807 0.9247 -0.0022 -1.0
vtan 0.2937 0.9439 -0.1512 -1.0
vtan 0.1761 0.9844 0.0 -1.0
vtan 0.1842 0.9828 0.0104 -1.0
vtan 0.3827 0.9239 0.0 -1.0
vtan 0.2031 0.9788 -0.0268 -1.0
vtan 0.2923 0.9498 0.1117 -1.0
vtan 0.383 0.9237 0.0118 -1.0
vtan 0.2945 0.9436 -0.1511 -1.0
vtan 0.3827 0.9239 0.0 -1.0
vtan 0.098 0.9952 0.0 -1.0
vtan 0.0668 0.9978 0.0 -1.0
vtan 0.098 0.9952 0.0 -1.0
vtan 0.9732 0.179 0.1442 -1.0
vtan 0.9732 0.179 0.1442 -1.0
vtan 0.9813 0.1247 -0.1469 -1.0
vtan 0.9813 0.1247 0.1469 -1.0
vtan 0.9813 0.1247 -0.1469 -1.0
vtan -0.1955 0.9807 0.0004 1.0
vtan -0.193 0.9812 -0.0003 1.0
vtan -0.0996 0.995 0.0 1.0
vtan -0.098 0.9952 0.0 1.0
vtan -0.8315 0.5556 0.0 1.0
vtan -0.8315 0.5556 -0.0 1.0
vtan -0.7071 0.7071 -0.0 1.0
vtan -0.7071 0.7071 0.0 1.0
vtan -0.8315 0.5556 0.0 1.0
vtan -0.7071 0.7071 0.0 1.0
vtan -0.8315 0.5556 0.0 1.0
vtan -0.7071 0.7071 0.0 1.0
vtan -0.5556 0.8315 0.0 1.0
vtan -0.5556 0.8315 0.0 1.0
vtan -0.7071 0.7071 0.0 1.0
vtan -0.5556 0.8315 -0.0 1.0
vtan -0.5454 0.8381 -0.0129 1.0
vtan -0.7071 0.7071 -0.0 1.0
vtan -0.7071 0.7071 0.0 1.0
vtan -0.5556 0.8315 0.0 1.0
vtan -0.5565 0.8309 0.005 1.0
vtan -0.7071 0.7071 0.0 1.0
vtan -0.5556 0.8315 0.0 1.0
vtan -0.7071 0.7071 0.0 1.0
vtan -0.5556 0.8315 0.0 1.0
vtan -0.3791 0.9253 -0.0041 1.0
vtan -0.3795 0.9252 -0.0032 1.0
vtan -0.5546 0.8321 0.0064 1.0
vtan -0.3827 0.9239 -0.0 1.0
vtan -0.506 0.7989 -0.3251 1.0
vtan -0.4792 0.7888 -0.385 1.0
vtan -0.8315 0.5556 0.0 1.0
vtan -0.9239 0.3827 0.0 1.0
vtan -0.9239 0.3827 -0.0 1.0
vtan -0.8315 0.5556 -0.0 1.0
vtan -0.8315 0.5556 0.0 1.0
vtan -0.9239 0.3827 -0.0 1.0
vtan -0.9239 0.3827 0.0 1.0
vtan -0.8315 0.5556 0.0 1.0
vtan -0.9239 0.3827 -0.0 1.0
vtan -0.9239 0.3827 0.0 1.0
vtan -0.8315 0.5556 0.0 1.0
vtan -0.9239 0.3827 0.0 1.0
vtan -0.9732 0.179 -0.1442 1.0
vtan -0.9813 0.1247 -0.1469 1.0
vtan -0.9239 0.3827 -0.0 1.0
vtan -0.994 0.0399 -0.1022 1.0
vtan -0.9239 0.3827 0.0 1.0
vtan -0.962 0.2553 -0.0966 1.0
vtan -0.1951 0.9808 0.0 1.0
vtan -0.3827 0.9239 0.0 1.0
vtan -0.3647 0.9309 0.0181 1.0
vtan -0.1842 0.9828 0.0104 1.0
vtan -0.1834 0.983 0.0 1.0
vtan -0.3406 0.9402 -0.0 1.0
vtan -0.339 0.9395 -0.0492 -1.0
vtan -0.2951 0.9411 -0.1648 -1.0
vtan -0.2903 0.9569 -0.0003 -1.0
vtan -0.4899 0.8358 -0.248 1.0
vtan -0.4899 0.8358 0.248 1.0
vtan -0.4899 0.8358 -0.248 1.0
vtan -0.098 0.9952 0.0 1.0
vtan -0.098 0.9952 0.0 1.0
vtan -0.0743 0.9972 0.0 1.0
vtan -0.9732 0.179 0.1442 1.0
vtan -0.9732 0.179 0.1442 1.0
vtan -0.9813 0.1247 -0.1469 1.0
vtan -0.9813 0.1247 0.1469 1.0
vtan -0.9813 0.1247 -0.1469 1.0
vtan -0.2951 0.9411 -0.1648 1.0
vtan -0.5897 0.3717 -0.717 1.0
vtan 0.098 0.9952 0.0 -1.0
vtan -0.1951 0.9808 0.0 1.0
vtan -0.1951 0.9808 0.0 1.0
vtan -0.098 0.9952 -0.0 1.0
vtan -0.098 0.9952 0.0 1.0
vtan -0.1951 0.9808 0.0 1.0
vtan -0.098 0.9952 0.0 1.0
vtan -0.1911 0.9815 -0.011 1.0
vtan -0.098 0.9952 0.0 1.0
vtan -0.8315 0.5556 0.0 1.0
vtan -0.8315 0.5556 -0.0 1.0
vtan -0.7071 0.7071 -0.0 1.0
vtan -0.7071 0.7071 0.0 1.0
vtan -0.8315 0.5556 0.0 1.0
vtan -0.7071 0.7071 0.0 1.0
vtan -0.8315 0.5556 0.0 1.0
vtan -0.7071 0.7071 0.0 1.0
vtan -0.5556 0.8315 0.0 1.0
vtan -0.5556 0.8315 0.0 1.0
vtan -0.7071 0.7071 0.0 1.0
vtan -0.5556 0.8315 -0.0 1.0
vtan -0.5556 0.8315 0.0 1.0
vtan -0.7071 0.7071 0.0 1.0
vtan -0.7071 0.7071 -0.0 1.0
vtan -0.5556 0.8315 0.0 1.0
vtan -0.5556 0.8315 0.0 1.0
vtan -0.7071 0.7071 0.0 1.0
vtan -0.5556 0.8315 0.0 1.0
vtan -0.7071 0.7071 0.0 1.0
vtan -0.5556 0.8315 -0.0 1.0
vtan -0.3827 0.9239 -0.0 1.0
vtan -0.3827 0.9239 0.0 1.0
vtan -0.5556 0.8315 0.0 1.0
vtan -0.3827 0.9239 -0.0 1.0
vtan -0.3822 0.9241 0.0068 1.0
vtan -0.8315 0.5556 0.0 1.0
vtan -0.9239 0.3827 0.0 1.0
vtan -0.9239 0.3827 -0.0 1.0
vtan -0.8315 0.5556 -0.0 1.0
vtan -0.8315 0.5556 -0.0 1.0
vtan -0.9239 0.3827 -0.0 1.0
vtan -0.9239 0.3827 0.0 1.0
vtan -0.8315 0.5556 0.0 1.0
vtan -0.9239 0.3827 -0.0 1.0
vtan -0.9239 0.3827 0.0 1.0
vtan -0.8315 0.5556 0.0 1.0
vtan -0.9239 0.3827 0.0 1.0
vtan -0.9732 0.179 -0.1442 1.0
vtan -0.9813 0.1247 -0.1469 1.0
vtan -0.9239 0.3827 -0.0 1.0
vtan -0.994 0.0399 -0.1022 1.0
vtan -0.9239 0.3827 0.0 1.0
vtan -0.962 0.2553 -0.0966 1.0
vtan -0.1951 0.9808 0.0 1.0
vtan -0.3827 0.9239 0.0 1.0
vtan -0.1761 0.9844 0.0 1.0
vtan -0.2937 0.9439 -0.1512 1.0
vtan -0.3807 0.9247 -0.0022 1.0
vtan -0.1842 0.9828 0.0104 1.0
vtan -0.3827 0.9239 -0.0 1.0
vtan -0.2923 0.9498 0.1117 1.0
vtan -0.2031 0.9788 -0.0268 1.0
vtan -0.383 0.9237 0.0118 1.0
vtan -0.2945 0.9436 -0.1511 1.0
vtan -0.3827 0.9239 0.0 1.0
vtan -0.098 0.9952 0.0 1.0
vtan -0.098 0.9952 0.0 1.0
vtan -0.0668 0.9978 0.0 1.0
vtan -0.9732 0.179 0.1442 1.0
vtan -0.9732 0.179 0.1442 1.0
vtan -0.9813 0.1247 -0.1469 1.0
vtan -0.9813 0.1247 0.1469 1.0
vtan -0.9813 0.1247 -0.1469 1.0
vtan 0.1006 0.9949 0.0 -1.0
vtan 0.1942 0.981 0.0007 -1.0
vtan 0.1957 0.9807 0.0006 -1.0
vtan 0.098 0.9952 0.0 -1.0
vtan 0.7071 0.7071 -0.0 -1.0
vtan 0.8315 0.5556 -0.0 -1.0
vtan 0.8315 0.5556 0.0 -1.0
vtan 0.7071 0.7071 0.0 -1.0
vtan 0.7071 0.7071 0.0 -1.0
vtan 0.8315 0.5556 -0.0 -1.0
vtan 0.7071 0.7071 0.0 -1.0
vtan 0.8315 0.5556 0.0 -1.0
vtan 0.7071 0.7071 0.0 -1.0
vtan 0.5556 0.8315 0.0 -1.0
vtan 0.5556 0.8315 0.0 -1.0
vtan 0.7071 0.7071 -0.0 -1.0
vtan 0.5451 0.8382 -0.0132 -1.0
vtan 0.5556 0.8315 -0.0 -1.0
vtan 0.7071 0.7071 0.0 -1.0
vtan 0.5567 0.8307 0.0053 -1.0
vtan 0.5556 0.8315 0.0 -1.0
vtan 0.7071 0.7071 0.0 -1.0
vtan 0.5556 0.8315 0.0 -1.0
vtan 0.7071 0.7071 0.0 -1.0
vtan 0.3791 0.9253 -0.0043 -1.0
vtan 0.5556 0.8315 -0.0 -1.0
vtan 0.3795 0.9252 -0.0034 -1.0
vtan 0.3827 0.9239 -0.0 -1.0
vtan 0.5546 0.8321 0.0069 -1.0
vtan 0.4731 0.7808 -0.408 -1.0
vtan 0.4998 0.8024 -0.3262 -1.0
vtan 0.9239 0.3827 0.0 -1.0
vtan 0.8315 0.5556 0.0 -1.0
vtan 0.9239 0.3827 -0.0 -1.0
vtan 0.9239 0.3827 -0.0 -1.0
vtan 0.8315 0.5556 0.0 -1.0
vtan 0.8315 0.5556 -0.0 -1.0
vtan 0.9239 0.3827 0.0 -1.0
vtan 0.9239 0.3827 -0.0 -1.0
vtan 0.8315 0.5556 0.0 -1.0
vtan 0.9239 0.3827 0.0 -1.0
vtan 0.8315 0.5556 0.0 -1.0
vtan 0.9239 0.3827 0.0 -1.0
vtan 0.9239 0.3827 -0.0 -1.0
vtan 0.9813 0.1247 -0.1469 -1.0
vtan 0.9732 0.179 -0.1442 -1.0
vtan 0.9239 0.3827 -0.0 -1.0
vtan 0.994 0.0399 -0.1022 -1.0
vtan 0.962 0.2553 -0.0966 -1.0
vtan 0.3827 0.9239 0.0 -1.0
vtan 0.1951 0.9808 0.0 -1.0
vtan 0.364 0.9312 0.0188 -1.0
vtan 0.3378 0.9412 0.0 -1.0
vtan 0.1827 0.9832 0.0 -1.0
vtan 0.1839 0.9829 0.0106 -1.0
vtan 0.2903 0.9569 0.0007 1.0
vtan 0.2933 0.9444 -0.149 1.0
vtan 0.336 0.9404 -0.0526 1.0
vtan 0.4853 0.8421 -0.2352 -1.0
vtan 0.4853 0.8421 0.2353 -1.0
vtan 0.4853 0.8421 -0.2352 -1.0
vtan 0.098 0.9952 0.0 -1.0
vtan 0.0741 0.9973 0.0 -1.0
vtan 0.098 0.9952 0.0 -1.0
vtan 0.9732 0.179 0.1442 -1.0
vtan 0.9732 0.179 0.1442 -1.0
vtan 0.9813 0.1247 -0.1469 -1.0
vtan 0.9813 0.1247 0.1469 -1.0
vtan 0.9813 0.1247 -0.1469 -1.0
vtan -0.0979 0.9952 0.0 1.0
vtan -0.098 0.9952 0.0 1.0
vtan 0.098 0.9952 0.0 -1.0
vtan 0.1951 0.9808 0.0 -1.0
vtan 0.1951 0.9808 0.0 -1.0
vtan 0.098 0.9952 0.0 -1.0
vtan 0.098 0.9952 0.0 -1.0
vtan 0.1951 0.9808 0.0 -1.0
vtan 0.1912 0.9815 -0.0108 -1.0
vtan 0.098 0.9952 0.0 -1.0
vtan 0.7071 0.7071 -0.0 -1.0
vtan 0.8315 0.5556 -0.0 -1.0
vtan 0.8315 0.5556 0.0 -1.0
vtan 0.7071 0.7071 0.0 -1.0
vtan 0.7071 0.7071 0.0 -1.0
vtan 0.8315 0.5556 -0.0 -1.0
vtan 0.7071 0.7071 0.0 -1.0
vtan 0.8315 0.5556 0.0 -1.0
vtan 0.7071 0.7071 0.0 -1.0
vtan 0.5556 0.8315 0.0 -1.0
vtan 0.5556 0.8315 0.0 -1.0
vtan 0.7071 0.7071 -0.0 -1.0
vtan 0.5556 0.8315 -0.0 -1.0
vtan 0.5556 0.8315 -0.0 -1.0
vtan 0.7071 0.7071 0.0 -1.0
vtan 0.5556 0.8315 0.0 -1.0
vtan 0.5556 0.8315 0.0 -1.0
vtan 0.7071 0.7071 0.0 -1.0
vtan 0.5556 0.8315 0.0 -1.0
vtan 0.7071 0.7071 0.0 -1.0
vtan 0.3827 0.9239 -0.0 -1.0
vtan 0.5556 0.8315 0.0 -1.0
vtan 0.3827 0.9239 0.0 -1.0
vtan 0.3827 0.9239 -0.0 -1.0
vtan 0.5556 0.8315 -0.0 -1.0
vtan 0.3819 0.9242 0.0075 -1.0
vtan 0.9239 0.3827 0.0 -1.0
vtan 0.8315 0.5556 0.0 -1.0
vtan 0.9239 0.3827 -0.0 -1.0
vtan 0.9239 0.3827 0.0 -1.0
vtan 0.8315 0.5556 0.0 -1.0
vtan 0.8315 0.5556 -0.0 -1.0
vtan 0.9239 0.3827 0.0 -1.0
vtan 0.9239 0.3827 -0.0 -1.0
vtan 0.8315 0.5556 0.0 -1.0
vtan 0.9239 0.3827 0.0 -1.0
vtan 0.8315 0.5556 0.0 -1.0
vtan 0.9239 0.3827 0.0 -1.0
vtan 0.9239 0.3827 -0.0 -1.0
vtan 0.9813 0.1247 -0.1469 -1.0
vtan 0.9732 0.179 -0.1442 -1.0
vtan 0.9239 0.3827 0.0 -1.0
vtan 0.994 0.0399 -0.1022 -1.0
vtan 0.962 0.2553 -0.0966 -1.0
vtan 0.3827 0.9239 0.0 -1.0
vtan 0.1951 0.9808 0.0 -1.0
vtan 0.3805 0.9248 -0.0025 -1.0
vtan 0.2937 0.9439 -0.1512 -1.0
vtan 0.1751 0.9845 0.0 -1.0
vtan 0.1839 0.9829 0.0107 -1.0
vtan 0.3827 0.9239 -0.0 -1.0
vtan 0.2036 0.9787 -0.0264 -1.0
vtan 0.2923 0.9497 0.112 -1.0
vtan 0.383 0.9237 0.0119 -1.0
vtan 0.2945 0.9436 -0.1511 -1.0
vtan 0.3827 0.9239 0.0 -1.0
vtan 0.098 0.9952 0.0 -1.0
vtan 0.0668 0.9978 0.0 -1.0
vtan 0.098 0.9952 0.0 -1.0
vtan 0.9732 0.179 0.1442 -1.0
vtan 0.9732 0.179 0.1442 -1.0
vtan 0.9813 0.1247 -0.1469 -1.0
vtan 0.9813 0.1247 0.1469 -1.0
vtan 0.9813 0.1247 -0.1469 -1.0
vtan -0.1967 0.9805 0.0016 1.0
vtan -0.2214 0.9752 0.0008 1.0
vtan -0.1038 0.9946 0.0 1.0
vtan -0.098 0.9952 0.0 1.0
vtan -0.8315 0.5556 0.0 1.0
vtan -0.8315 0.5556 -0.0 1.0
vtan -0.7071 0.7071 -0.0 1.0
vtan -0.7071 0.7071 0.0 1.0
vtan -0.8315 0.5556 0.0 1.0
vtan -0.7071 0.7071 0.0 1.0
vtan -0.8315 0.5556 0.0 1.0
vtan -0.7071 0.7071 0.0 1.0
vtan -0.5556 0.8315 0.0 1.0
vtan -0.5556 0.8315 0.0 1.0
vtan -0.7071 0.7071 0.0 1.0
vtan -0.5556 0.8315 -0.0 1.0
vtan -0.5647 0.8248 -0.0284 1.0
vtan -0.7071 0.7071 -0.0 1.0
vtan -0.7071 0.7071 -0.0 1.0
vtan -0.587 0.8096 0.0005 1.0
vtan -0.5799 0.8146 0.0088 1.0
vtan -0.7071 0.7071 0.0 1.0
vtan -0.5874 0.8093 0.0 1.0
vtan -0.7071 0.7071 0.0 1.0
vtan -0.5556 0.8315 0.0 1.0
vtan -0.404 0.9148 -0.0058 1.0
vtan -0.3845 0.9231 0.0019 1.0
vtan -0.561 0.8278 0.008 1.0
vtan -0.4097 0.9122 -0.001 1.0
vtan -0.545 0.773 -0.3247 1.0
vtan -0.4927 0.7776 -0.3906 1.0
vtan -0.8315 0.5556 0.0 1.0
vtan -0.9239 0.3827 0.0 1.0
vtan -0.9239 0.3827 -0.0 1.0
vtan -0.8315 0.5556 -0.0 1.0
vtan -0.8315 0.5556 0.0 1.0
vtan -0.9239 0.3827 -0.0 1.0
vtan -0.9239 0.3827 0.0 1.0
vtan -0.8315 0.5556 0.0 1.0
vtan -0.9239 0.3827 -0.0 1.0
vtan -0.9239 0.3827 0.0 1.0
vtan -0.8315 0.5556 0.0 1.0
vtan -0.9239 0.3827 0.0 1.0
vtan -0.9732 0.179 -0.1442 1.0
vtan -0.9813 0.1247 -0.1469 1.0
vtan -0.9239 0.3827 -0.0 1.0
vtan -0.994 0.0399 -0.1022 1.0
vtan -0.9239 0.3827 0.0 1.0
vtan -0.962 0.2553 -0.0966 1.0
vtan -0.1951 0.9808 0.0 1.0
vtan -0.3827 0.9239 0.0 1.0
vtan -0.3725 0.928 0.0103 1.0
vtan -0.1855 0.9826 0.0091 1.0
vtan -0.1868 0.9824 0.0 1.0
vtan -0.3702 0.929 -0.0 1.0
vtan -0.3497 0.9202 -0.1761 1.0
vtan -0.558 0.7884 -0.2591 1.0
vtan -0.5409 0.7991 0.2626 1.0
vtan -0.558 0.7884 -0.2591 1.0
vtan -0.098 0.9952 0.0 1.0
vtan -0.098 0.9952 0.0 1.0
vtan -0.0744 0.9972 0.0 1.0
vtan -0.9732 0.179 0.1442 1.0
vtan -0.9732 0.179 0.1442 1.0
vtan -0.9813 0.1247 -0.1469 1.0
vtan -0.9813 0.1247 0.1469 1.0
vtan -0.9813 0.1247 -0.1469 1.0
vtan 0.098 0.9952 0.0 -1.0
vtan 0.5609 0.3668 -0.7422 -1.0
vtan 0.2933 0.9444 -0.149 -1.0
vtan 0.098 0.9952 -0.0 -1.0
vtan 0.1951 0.9808 0.0 -1.0
vtan 0.1951 0.9808 0.0 -1.0
vtan 0.098 0.9952 0.0 -1.0
vtan 0.098 0.9952 0.0 -1.0
vtan 0.1951 0.9808 0.0 -1.0
vtan 0.1912 0.9815 -0.0108 -1.0
vtan 0.098 0.9952 0.0 -1.0
vtan 0.7071 0.7071 -0.0 -1.0
vtan 0.8315 0.5556 -0.0 -1.0
vtan 0.8315 0.5556 0.0 -1.0
vtan 0.7071 0.7071 -0.0 -1.0
vtan 0.7071 0.7071 0.0 -1.0
vtan 0.8315 0.5556 -0.0 -1.0
vtan 0.7071 0.7071 0.0 -1.0
vtan 0.8315 0.5556 0.0 -1.0
vtan 0.7071 0.7071 0.0 -1.0
vtan 0.5556 0.8315 0.0 -1.0
vtan 0.5556 0.8315 0.0 -1.0
vtan 0.7071 0.7071 0.0 -1.0
vtan 0.5556 0.8315 0.0 -1.0
vtan 0.5556 0.8315 -0.0 -1.0
vtan 0.7071 0.7071 -0.0 -1.0
vtan 0.5556 0.8315 0.0 -1.0
vtan 0.5556 0.8315 0.0 -1.0
vtan 0.7071 0.7071 0.0 -1.0
vtan 0.5556 0.8315 0.0 -1.0
vtan 0.7071 0.7071 0.0 -1.0
vtan 0.3827 0.9239 -0.0 -1.0
vtan 0.5556 0.8315 0.0 -1.0
vtan 0.3827 0.9239 0.0 -1.0
vtan 0.3827 0.9239 -0.0 -1.0
vtan 0.5556 0.8315 -0.0 -1.0
vtan 0.3821 0.9241 0.0071 -1.0
vtan 0.9239 0.3827 0.0 -1.0
vtan 0.8315 0.5556 0.0 -1.0
vtan 0.9239 0.3827 -0.0 -1.0
vtan 0.9239 0.3827 0.0 -1.0
vtan 0.8315 0.5556 -0.0 -1.0
vtan 0.8315 0.5556 -0.0 -1.0
vtan 0.9239 0.3827 0.0 -1.0
vtan 0.9239 0.3827 -0.0 -1.0
vtan 0.8315 0.5556 0.0 -1.0
vtan 0.9239 0.3827 0.0 -1.0
vtan 0.8315 0.5556 0.0 -1.0
vtan 0.9239 0.3827 0.0 -1.0
vtan 0.9239 0.3827 0.0 -1.0
vtan 0.9813 0.1247 -0.1469 -1.0
vtan 0.9732 0.179 -0.1442 -1.0
vtan 0.9239 0.3827 -0.0 -1.0
vtan 0.994 0.0399 -0.1022 -1.0
vtan 0.962 0.2553 -0.0966 -1.0
vtan 0.3827 0.9239 0.0 -1.0
vtan 0.1951 0.9808 0.0 -1.0
vtan 0.3805 0.9248 -0.0025 -1.0
vtan 0.2937 0.9439 -0.1512 -1.0
vtan 0.1751 0.9845 0.0 -1.0
vtan 0.1839 0.9829 0.0107 -1.0
vtan 0.3827 0.9239 -0.0 -1.0
vtan 0.2036 0.9787 -0.0264 -1.0
vtan 0.2923 0.9497 0.112 -1.0
vtan 0.383 0.9237 0.0119 -1.0
vtan 0.2945 0.9436 -0.1511 -1.0
vtan 0.3827 0.9239 0.0 -1.0
vtan 0.098 0.9952 0.0 -1.0
vtan 0.0668 0.9978 0.0 -1.0
vtan 0.098 0.9952 0.0 -1.0
vtan 0.9732 0.179 0.1442 -1.0
vtan 0.9732 0.179 0.1442 -1.0
vtan 0.9813 0.1247 -0.1469 -1.0
vtan 0.9813 0.1247 0.1469 -1.0
vtan 0.9813 0.1247 -0.1469 -1.0
vtan -0.1966 0.9805 0.0015 1.0
vtan -0.2064 0.9785 -0.0003 1.0
vtan -0.1036 0.9946 0.0 1.0
vtan -0.098 0.9952 0.0 1.0
vtan -0.8315 0.5556 0.0 1.0
vtan -0.8315 0.5556 -0.0 1.0
vtan -0.7071 0.7071 -0.0 1.0
vtan -0.7071 0.7071 0.0 1.0
vtan -0.8315 0.5556 0.0 1.0
vtan -0.7071 0.7071 0.0 1.0
vtan -0.8315 0.5556 0.0 1.0
vtan -0.7071 0.7071 0.0 1.0
vtan -0.5556 0.8315 0.0 1.0
vtan -0.5556 0.8315 0.0 1.0
vtan -0.7071 0.7071 0.0 1.0
vtan -0.5556 0.8315 -0.0 1.0
vtan -0.5657 0.8242 -0.0273 1.0
vtan -0.7071 0.7071 -0.0 1.0
vtan -0.7071 0.7071 0.0 1.0
vtan -0.587 0.8096 0.0005 1.0
vtan -0.5801 0.8145 0.0078 1.0
vtan -0.7071 0.7071 0.0 1.0
vtan -0.5874 0.8093 0.0 1.0
vtan -0.7071 0.7071 0.0 1.0
vtan -0.5556 0.8315 0.0 1.0
vtan -0.4045 0.9145 -0.005 1.0
vtan -0.3844 0.9232 0.0018 1.0
vtan -0.5612 0.8277 0.0065 1.0
vtan -0.4101 0.912 0.0001 1.0
vtan -0.5403 0.7724 -0.3338 1.0
vtan -0.4841 0.7733 -0.4095 1.0
vtan -0.8315 0.5556 0.0 1.0
vtan -0.9239 0.3827 0.0 1.0
vtan -0.9239 0.3827 -0.0 1.0
vtan -0.8315 0.5556 -0.0 1.0
vtan -0.8315 0.5556 0.0 1.0
vtan -0.9239 0.3827 0.0 1.0
vtan -0.9239 0.3827 0.0 1.0
vtan -0.8315 0.5556 0.0 1.0
vtan -0.9239 0.3827 -0.0 1.0
vtan -0.9239 0.3827 0.0 1.0
vtan -0.8315 0.5556 0.0 1.0
vtan -0.9239 0.3827 0.0 1.0
vtan -0.9732 0.179 -0.1442 1.0
vtan -0.9813 0.1247 -0.1469 1.0
vtan -0.9239 0.3827 -0.0 1.0
vtan -0.994 0.0399 -0.1022 1.0
vtan -0.9239 0.3827 -0.0 1.0
vtan -0.962 0.2553 -0.0966 1.0
vtan -0.1951 0.9808 0.0 1.0
vtan -0.3827 0.9239 0.0 1.0
vtan -0.3754 0.9268 0.0073 1.0
vtan -0.186 0.9825 0.0087 1.0
vtan -0.1889 0.982 0.0 1.0
vtan -0.3806 0.9247 -0.0 1.0
vtan -0.3782 0.9251 -0.0347 -1.0
vtan -0.3485 0.9226 -0.1652 -1.0
vtan -0.3445 0.9388 -0.0003 -1.0
vtan -0.5532 0.7953 -0.248 1.0
vtan -0.5356 0.8063 0.2511 1.0
vtan -0.5532 0.7953 -0.248 1.0
vtan -0.098 0.9952 0.0 1.0
vtan -0.098 0.9952 0.0 1.0
vtan -0.0745 0.9972 0.0 1.0
vtan -0.9732 0.179 0.1442 1.0
vtan -0.9732 0.179 0.1442 1.0
vtan -0.9813 0.1247 -0.1469 1.0
vtan -0.9813 0.1247 0.1469 1.0
vtan -0.9813 0.1247 -0.1469 1.0
vtan -0.3485 0.9227 -0.1652 1.0
vtan -0.6132 0.338 -0.714 1.0
vtan -0.1951 0.9808 0.0 1.0
vtan -0.1951 0.9808 0.0 1.0
vtan -0.098 0.9952 0.0 1.0
vtan -0.098 0.9952 0.0 1.0
vtan -0.1951 0.9808 0.0 1.0
vtan -0.098 0.9952 0.0 1.0
vtan -0.1911 0.9815 -0.011 1.0
vtan -0.098 0.9952 0.0 1.0
vtan -0.8315 0.5556 0.0 1.0
vtan -0.8315 0.5556 -0.0 1.0
vtan -0.7071 0.7071 -0.0 1.0
vtan -0.7071 0.7071 0.0 1.0
vtan -0.8315 0.5556 0.0 1.0
vtan -0.7071 0.7071 0.0 1.0
vtan -0.8315 0.5556 0.0 1.0
vtan -0.7071 0.7071 0.0 1.0
vtan -0.5556 0.8315 0.0 1.0
vtan -0.5556 0.8315 0.0 1.0
vtan -0.7071 0.7071 0.0 1.0
vtan -0.5556 0.8315 0.0 1.0
vtan -0.5556 0.8315 -0.0 1.0
vtan -0.7071 0.7071 0.0 1.0
vtan -0.7071 0.7071 -0.0 1.0
vtan -0.5556 0.8315 0.0 1.0
vtan -0.5556 0.8315 0.0 1.0
vtan -0.7071 0.7071 0.0 1.0
vtan -0.5556 0.8315 0.0 1.0
vtan -0.7071 0.7071 0.0 1.0
vtan -0.5556 0.8315 0.0 1.0
vtan -0.3827 0.9239 -0.0 1.0
vtan -0.3827 0.9239 0.0 1.0
vtan -0.5556 0.8315 0.0 1.0
vtan -0.3827 0.9239 -0.0 1.0
vtan -0.3822 0.9241 0.0068 1.0
vtan -0.8315 0.5556 0.0 1.0
vtan -0.9239 0.3827 0.0 1.0
vtan -0.9239 0.3827 -0.0 1.0
vtan -0.8315 0.5556 -0.0 1.0
vtan -0.8315 0.5556 -0.0 1.0
vtan -0.9239 0.3827 -0.0 1.0
vtan -0.9239 0.3827 0.0 1.0
vtan -0.8315 0.5556 0.0 1.0
vtan -0.9239 0.3827 -0.0 1.0
vtan -0.9239 0.3827 0.0 1.0
vtan -0.8315 0.5556 0.0 1.0
vtan -0.9239 0.3827 0.0 1.0
vtan -0.9732 0.179 -0.1442 1.0
vtan -0.9813 0.1247 -0.1469 1.0
vtan -0.9239 0.3827 -0.0 1.0
vtan -0.994 0.0399 -0.1022 1.0
vtan -0.9239 0.3827 0.0 1.0
vtan -0.962 0.2553 -0.0966 1.0
vtan -0.1951 0.9808 0.0 1.0
vtan -0.3827 0.9239 0.0 1.0
vtan -0.1761 0.9844 0.0 1.0
vtan -0.2937 0.9439 -0.1512 1.0
vtan -0.3807 0.9247 -0.0022 1.0
vtan -0.1842 0.9828 0.0104 1.0
vtan -0.3827 0.9239 -0.0 1.0
vtan -0.2923 0.9498 0.1117 1.0
vtan -0.2031 0.9788 -0.0268 1.0
vtan -0.383 0.9237 0.0118 1.0
vtan -0.2945 0.9436 -0.1511 1.0
vtan -0.3827 0.9239 0.0 1.0
vtan -0.098 0.9952 0.0 1.0
vtan -0.098 0.9952 0.0 1.0
vtan -0.0668 0.9978 0.0 1.0
vtan -0.9732 0.179 0.1442 1.0
vtan -0.9732 0.179 0.1442 1.0
vtan -0.9813 0.1247 -0.1469 1.0
vtan -0.9813 0.1247 0.1469 1.0
vtan -0.9813 0.1247 -0.1469 1.0
vtan 0.0996 0.995 0.0 -1.0
vtan 0.193 0.9812 -0.0003 -1.0
vtan 0.1955 0.9807 0.0004 -1.0
vtan 0.098 0.9952 0.0 -1.0
vtan 0.7071 0.7071 -0.0 -1.0
vtan 0.8315 0.5556 -0.0 -1.0
vtan 0.8315 0.5556 0.0 -1.0
vtan 0.7071 0.7071 0.0 -1.0
vtan 0.7071 0.7071 0.0 -1.0
vtan 0.8315 0.5556 -0.0 -1.0
vtan 0.7071 0.7071 0.0 -1.0
vtan 0.8315 0.5556 0.0 -1.0
vtan 0.7071 0.7071 0.0 -1.0
vtan 0.5556 0.8315 0.0 -1.0
vtan 0.5556 0.8315 0.0 -1.0
vtan 0.7071 0.7071 -0.0 -1.0
vtan 0.5454 0.8381 -0.0129 -1.0
vtan 0.5556 0.8315 -0.0 -1.0
vtan 0.7071 0.7071 0.0 -1.0
vtan 0.5565 0.8309 0.005 -1.0
vtan 0.5556 0.8315 0.0 -1.0
vtan 0.7071 0.7071 0.0 -1.0
vtan 0.5556 0.8315 0.0 -1.0
vtan 0.7071 0.7071 0.0 -1.0
vtan 0.3792 0.9253 -0.004 -1.0
vtan 0.5556 0.8315 -0.0 -1.0
vtan 0.3795 0.9252 -0.0032 -1.0
vtan 0.3827 0.9239 0.0 -1.0
vtan 0.5546 0.8321 0.0064 -1.0
vtan 0.4792 0.7888 -0.385 -1.0
vtan 0.506 0.799 -0.325 -1.0
vtan 0.9239 0.3827 0.0 -1.0
vtan 0.8315 0.5556 0.0 -1.0
vtan 0.9239 0.3827 -0.0 -1.0
vtan 0.9239 0.3827 -0.0 -1.0
vtan 0.8315 0.5556 0.0 -1.0
vtan 0.8315 0.5556 -0.0 -1.0
vtan 0.9239 0.3827 0.0 -1.0
vtan 0.9239 0.3827 -0.0 -1.0
vtan 0.8315 0.5556 0.0 -1.0
vtan 0.9239 0.3827 0.0 -1.0
vtan 0.8315 0.5556 0.0 -1.0
vtan 0.9239 0.3827 0.0 -1.0
vtan 0.9239 0.3827 -0.0 -1.0
vtan 0.9813 0.1247 -0.1469 -1.0
vtan 0.9732 0.179 -0.1442 -1.0
vtan 0.9239 0.3827 -0.0 -1.0
vtan 0.994 0.0399 -0.1022 -1.0
vtan 0.962 0.2553 -0.0966 -1.0
vtan 0.3827 0.9239 0.0 -1.0
vtan 0.1951 0.9808 0.0 -1.0
vtan 0.3647 0.9309 0.0181 -1.0
vtan 0.3406 0.9402 0.0 -1.0
vtan 0.1834 0.983 0.0 -1.0
vtan 0.1842 0.9828 0.0104 -1.0
vtan 0.2903 0.9569 -0.0003 1.0
vtan 0.2952 0.9411 -0.1652 1.0
vtan 0.3392 0.9394 -0.0489 1.0
vtan 0.4899 0.8358 -0.248 -1.0
vtan 0.4899 0.8358 0.248 -1.0
vtan 0.4899 0.8358 -0.248 -1.0
vtan 0.098 0.9952 0.0 -1.0
vtan 0.0743 0.9972 0.0 -1.0
vtan 0.098 0.9952 0.0 -1.0
vtan 0.9732 0.179 0.1442 -1.0
vtan 0.9732 0.179 0.1442 -1.0
vtan 0.9813 0.1247 -0.1469 -1.0
vtan 0.9813 0.1247 0.1469 -1.0
vtan 0.9813 0.1247 -0.1469 -1.0
vtan 0.2952 0.9411 -0.1652 -1.0
vtan 0.5897 0.3717 -0.717 -1.0
vtan -0.0979 0.9952 0.0 1.0
vtan 0.098 0.9952 0.0 -1.0
vtan 0.1951 0.9808 -0.0 -1.0
vtan 0.1951 0.9808 0.0 -1.0
vtan 0.098 0.9952 0.0 -1.0
vtan 0.098 0.9952 0.0 -1.0
vtan 0.1951 0.9808 0.0 -1.0
vtan 0.1911 0.9815 -0.011 -1.0
vtan 0.098 0.9952 0.0 -1.0
vtan 0.7071 0.7071 -0.0 -1.0
vtan 0.8315 0.5556 -0.0 -1.0
vtan 0.8315 0.5556 0.0 -1.0
vtan 0.7071 0.7071 0.0 -1.0
vtan 0.7071 0.7071 0.0 -1.0
vtan 0.8315 0.5556 -0.0 -1.0
vtan 0.7071 0.7071 0.0 -1.0
vtan 0.8315 0.5556 0.0 -1.0
vtan 0.7071 0.7071 0.0 -1.0
vtan 0.5556 0.8315 0.0 -1.0
vtan 0.5556 0.8315 0.0 -1.0
vtan 0.7071 0.7071 0.0 -1.0
vtan 0.5556 0.8315 0.0 -1.0
vtan 0.5556 0.8315 -0.0 -1.0
vtan 0.7071 0.7071 0.0 -1.0
vtan 0.5556 0.8315 0.0 -1.0
vtan 0.5556 0.8315 0.0 -1.0
vtan 0.7071 0.7071 0.0 -1.0
vtan 0.5556 0.8315 0.0 -1.0
vtan 0.7071 0.7071 0.0 -1.0
vtan 0.3827 0.9239 -0.0 -1.0
vtan 0.5556 0.8315 -0.0 -1.0
vtan 0.3827 0.9239 0.0 -1.0
vtan 0.3827 0.9239 -0.0 -1.0
vtan 0.5556 0.8315 -0.0 -1.0
vtan 0.3819 0.9242 0.0074 -1.0
vtan 0.9239 0.3827 0.0 -1.0
vtan 0.8315 0.5556 0.0 -1.0
vtan 0.9239 0.3827 -0.0 -1.0
vtan 0.9239 0.3827 -0.0 -1.0
vtan 0.8315 0.5556 0.0 -1.0
vtan 0.8315 0.5556 -0.0 -1.0
vtan 0.9239 0.3827 0.0 -1.0
vtan 0.9239 0.3827 -0.0 -1.0
vtan 0.8315 0.5556 0.0 -1.0
vtan 0.9239 0.3827 0.0 -1.0
vtan 0.8315 0.5556 0.0 -1.0
vtan 0.9239 0.3827 0.0 -1.0
vtan 0.9239 0.3827 -0.0 -1.0
vtan 0.9813 0.1247 -0.1469 -1.0
vtan 0.9732 0.179 -0.1442 -1.0
vtan 0.9239 0.3827 -0.0 -1.0
vtan 0.994 0.0399 -0.1022 -1.0
vtan 0.962 0.2553 -0.0966 -1.0
vtan 0.3827 0.9239 0.0 -1.0
vtan 0.1951 0.9808 0.0 -1.0
vtan 0.3807 0.9247 -0.0022 -1.0
vtan 0.2937 0.9439 -0.1512 -1.0
vtan 0.1761 0.9844 0.0 -1.0
vtan 0.1842 0.9828 0.0104 -1.0
vtan 0.3827 0.9239 0.0 -1.0
vtan 0.2031 0.9788 -0.0268 -1.0
vtan 0.2923 0.9498 0.1117 -1.0
vtan 0.383 0.9237 0.0118 -1.0
vtan 0.2945 0.9436 -0.1511 -1.0
vtan 0.3827 0.9239 0.0 -1.0
vtan 0.098 0.9952 0.0 -1.0
vtan 0.0668 0.9978 0.0 -1.0
vtan 0.098 0.9952 0.0 -1.0
vtan 0.9732 0.179 0.1442 -1.0
vtan 0.9732 0.179 0.1442 -1.0
vtan 0.9813 0.1247 -0.1469 -1.0
vtan 0.9813 0.1247 0.1469 -1.0
vtan 0.9813 0.1247 -0.1469 -1.0
vtan -0.1957 0.9807 0.0006 1.0
vtan -0.1942 0.981 0.0007 1.0
vtan -0.1006 0.9949 0.0 1.0
vtan -0.098 0.9952 0.0 1.0
vtan -0.8315 0.5556 0.0 1.0
vtan -0.8315 0.5556 -0.0 1.0
vtan -0.7071 0.7071 -0.0 1.0
vtan -0.7071 0.7071 0.0 1.0
vtan -0.8315 0.5556 0.0 1.0
vtan -0.7071 0.7071 0.0 1.0
vtan -0.8315 0.5556 0.0 1.0
vtan -0.7071 0.7071 0.0 1.0
vtan -0.5556 0.8315 0.0 1.0
vtan -0.5556 0.8315 0.0 1.0
vtan -0.7071 0.7071 0.0 1.0
vtan -0.5556 0.8315 0.0 1.0
vtan -0.5451 0.8382 -0.0132 1.0
vtan -0.7071 0.7071 0.0 1.0
vtan -0.7071 0.7071 -0.0 1.0
vtan -0.5556 0.8315 0.0 1.0
vtan -0.5567 0.8307 0.0053 1.0
vtan -0.7071 0.7071 0.0 1.0
vtan -0.5556 0.8315 0.0 1.0
vtan -0.7071 0.7071 0.0 1.0
vtan -0.5556 0.8315 0.0 1.0
vtan -0.3791 0.9254 -0.0042 1.0
vtan -0.3795 0.9252 -0.0033 1.0
vtan -0.5546 0.8321 0.0069 1.0
vtan -0.3827 0.9239 0.0 1.0
vtan -0.4998 0.8024 -0.3262 1.0
vtan -0.4731 0.7808 -0.408 1.0
vtan -0.8315 0.5556 0.0 1.0
vtan -0.9239 0.3827 0.0 1.0
vtan -0.9239 0.3827 -0.0 1.0
vtan -0.8315 0.5556 -0.0 1.0
vtan -0.8315 0.5556 0.0 1.0
vtan -0.9239 0.3827 -0.0 1.0
vtan -0.9239 0.3827 0.0 1.0
vtan -0.8315 0.5556 0.0 1.0
vtan -0.9239 0.3827 -0.0 1.0
vtan -0.9239 0.3827 0.0 1.0
vtan -0.8315 0.5556 0.0 1.0
vtan -0.9239 0.3827 0.0 1.0
vtan -0.9732 0.179 -0.1442 1.0
vtan -0.9813 0.1247 -0.1469 1.0
vtan -0.9239 0.3827 -0.0 1.0
vtan -0.994 0.0399 -0.1022 1.0
vtan -0.9239 0.3827 0.0 1.0
vtan -0.962 0.2553 -0.0966 1.0
vtan -0.1951 0.9808 0.0 1.0
vtan -0.3827 0.9239 0.0 1.0
vtan -0.364 0.9312 0.0188 1.0
vtan -0.1839 0.9829 0.0107 1.0
vtan -0.1827 0.9832 0.0 1.0
vtan -0.3378 0.9412 -0.0 1.0
vtan -0.336 0.9404 -0.0526 -1.0
vtan -0.2933 0.9444 -0.149 -1.0
vtan -0.2903 0.9569 0.0007 -1.0
vtan -0.4853 0.8421 -0.2352 1.0
vtan -0.4853 0.8421 0.2353 1.0
vtan -0.4853 0.8421 -0.2352 1.0
vtan -0.098 0.9952 0.0 1.0
vtan -0.098 0.9952 0.0 1.0
vtan -0.0741 0.9973 0.0 1.0
vtan -0.9732 0.179 0.1442 1.0
vtan -0.9732 0.179 0.1442 1.0
vtan -0.9813 0.1247 -0.1469 1.0
vtan -0.9813 0.1247 0.1469 1.0
vtan -0.9813 0.1247 -0.1469 1.0
vtan 0.098 0.9952 0.0 -1.0
vtan 0.098 0.9952 0.0 -1.0
vtan -0.1951 0.9808 0.0 1.0
vtan -0.1951 0.9808 0.0 1.0
vtan -0.098 0.9952 -0.0 1.0
vtan -0.098 0.9952 0.0 1.0
vtan -0.1951 0.9808 0.0 1.0
vtan -0.098 0.9952 0.0 1.0
vtan -0.1912 0.9815 -0.0108 1.0
vtan -0.098 0.9952 0.0 1.0
vtan -0.8315 0.5556 0.0 1.0
vtan -0.8315 0.5556 -0.0 1.0
vtan -0.7071 0.7071 -0.0 1.0
vtan -0.7071 0.7071 0.0 1.0
vtan -0.8315 0.5556 0.0 1.0
vtan -0.7071 0.7071 0.0 1.0
vtan -0.8315 0.5556 0.0 1.0
vtan -0.7071 0.7071 0.0 1.0
vtan -0.5556 0.8315 0.0 1.0
vtan -0.5556 0.8315 0.0 1.0
vtan -0.7071 0.7071 0.0 1.0
vtan -0.5556 0.8315 -0.0 1.0
vtan -0.5556 0.8315 0.0 1.0
vtan -0.7071 0.7071 -0.0 1.0
vtan -0.7071 0.7071 0.0 1.0
vtan -0.5556 0.8315 0.0 1.0
vtan -0.5556 0.8315 0.0 1.0
vtan -0.7071 0.7071 0.0 1.0
vtan -0.5556 0.8315 0.0 1.0
vtan -0.7071 0.7071 0.0 1.0
vtan -0.5556 0.8315 0.0 1.0
vtan -0.3827 0.9239 -0.0 1.0
vtan -0.3827 0.9239 0.0 1.0
vtan -0.5556 0.8315 0.0 1.0
vtan -0.3827 0.9239 -0.0 1.0
vtan -0.3819 0.9242 0.0075 1.0
vtan -0.8315 0.5556 0.0 1.0
vtan -0.9239 0.3827 0.0 1.0
vtan -0.9239 0.3827 -0.0 1.0
vtan -0.8315 0.5556 -0.0 1.0
vtan -0.8315 0.5556 0.0 1.0
vtan -0.9239 0.3827 -0.0 1.0
vtan -0.9239 0.3827 0.0 1.0
vtan -0.8315 0.5556 0.0 1.0
vtan -0.9239 0.3827 -0.0 1.0
vtan -0.9239 0.3827 0.0 1.0
vtan -0.8315 0.5556 0.0 1.0
vtan -0.9239 0.3827 0.0 1.0
vtan -0.9732 0.179 -0.1442 1.0
vtan -0.9813 0.1247 -0.1469 1.0
vtan -0.9239 0.3827 -0.0 1.0
vtan -0.994 0.0399 -0.1022 1.0
vtan -0.9239 0.3827 0.0 1.0
vtan -0.962 0.2553 -0.0966 1.0
vtan -0.1951 0.9808 0.0 1.0
vtan -0.3827 0.9239 0.0 1.0
vtan -0.1751 0.9845 0.0 1.0
vtan -0.2937 0.9439 -0.1512 1.0
vtan -0.3805 0.9248 -0.0025 1.0
vtan -0.1839 0.9829 0.0107 1.0
vtan -0.3827 0.9239 -0.0 1.0
vtan -0.2923 0.9497 0.112 1.0
vtan -0.2036 0.9787 -0.0264 1.0
vtan -0.383 0.9237 0.0119 1.0
vtan -0.2945 0.9436 -0.1511 1.0
vtan -0.3827 0.9239 0.0 1.0
vtan -0.098 0.9952 0.0 1.0
vtan -0.098 0.9952 0.0 1.0
vtan -0.0668 0.9978 0.0 1.0
vtan -0.9732 0.179 0.1442 1.0
vtan -0.9732 0.179 0.1442 1.0
vtan -0.9813 0.1247 -0.1469 1.0
vtan -0.9813 0.1247 0.1469 1.0
vtan -0.9813 0.1247 -0.1469 1.0
vtan 0.1036 0.9946 0.0 -1.0
vtan 0.2066 0.9784 0.0009 -1.0
vtan 0.1966 0.9805 0.0015 -1.0
vtan 0.098 0.9952 0.0 -1.0
vtan 0.7071 0.7071 -0.0 -1.0
vtan 0.8315 0.5556 -0.0 -1.0
vtan 0.8315 0.5556 0.0 -1.0
vtan 0.7071 0.7071 0.0 -1.0
vtan 0.7071 0.7071 0.0 -1.0
vtan 0.8315 0.5556 -0.0 -1.0
vtan 0.7071 0.7071 0.0 -1.0
vtan 0.8315 0.5556 0.0 -1.0
vtan 0.7071 0.7071 0.0 -1.0
vtan 0.5556 0.8315 0.0 -1.0
vtan 0.5556 0.8315 0.0 -1.0
vtan 0.7071 0.7071 -0.0 -1.0
vtan 0.5655 0.8243 -0.0276 -1.0
vtan 0.5556 0.8315 -0.0 -1.0
vtan 0.7071 0.7071 -0.0 -1.0
vtan 0.5803 0.8144 0.0083 -1.0
vtan 0.587 0.8096 0.0005 -1.0
vtan 0.7071 0.7071 0.0 -1.0
vtan 0.5874 0.8093 0.0 -1.0
vtan 0.7071 0.7071 0.0 -1.0
vtan 0.4045 0.9145 -0.0053 -1.0
vtan 0.5556 0.8315 0.0 -1.0
vtan 0.3844 0.9231 0.0016 -1.0
vtan 0.4101 0.9121 0.0001 -1.0
vtan 0.5612 0.8276 0.0072 -1.0
vtan 0.4924 0.7788 -0.3886 -1.0
vtan 0.5459 0.7707 -0.3287 -1.0
vtan 0.9239 0.3827 -0.0 -1.0
vtan 0.8315 0.5556 0.0 -1.0
vtan 0.9239 0.3827 -0.0 -1.0
vtan 0.9239 0.3827 0.0 -1.0
vtan 0.8315 0.5556 -0.0 -1.0
vtan 0.8315 0.5556 -0.0 -1.0
vtan 0.9239 0.3827 0.0 -1.0
vtan 0.9239 0.3827 -0.0 -1.0
vtan 0.8315 0.5556 0.0 -1.0
vtan 0.9239 0.3827 0.0 -1.0
vtan 0.8315 0.5556 0.0 -1.0
vtan 0.9239 0.3827 0.0 -1.0
vtan 0.9239 0.3827 -0.0 -1.0
vtan 0.9813 0.1247 -0.1469 -1.0
vtan 0.9732 0.179 -0.1442 -1.0
vtan 0.9239 0.3827 -0.0 -1.0
vtan 0.994 0.0399 -0.1022 -1.0
vtan 0.962 0.2553 -0.0966 -1.0
vtan 0.3827 0.9239 0.0 -1.0
vtan 0.1951 0.9808 0.0 -1.0
vtan 0.3747 0.9271 0.0081 -1.0
vtan 0.378 0.9258 -0.0 -1.0
vtan 0.1881 0.9821 0.0 -1.0
vtan 0.1857 0.9826 0.009 -1.0
vtan 0.3445 0.9388 0.0008 1.0
vtan 0.3495 0.9203 -0.1755 1.0
vtan 0.3746 0.9264 -0.0387 1.0
vtan 0.558 0.7884 -0.2591 -1.0
vtan 0.5407 0.7991 0.2626 -1.0
vtan 0.558 0.7884 -0.2591 -1.0
vtan 0.098 0.9952 0.0 -1.0
vtan 0.0742 0.9972 0.0 -1.0
vtan 0.098 0.9952 0.0 -1.0
vtan 0.9732 0.179 0.1442 -1.0
vtan 0.9732 0.179 0.1442 -1.0
vtan 0.9813 0.1247 -0.1469 -1.0
vtan 0.9813 0.1247 0.1469 -1.0
vtan 0.9813 0.1247 -0.1469 -1.0
vtan -0.0979 0.9952 0.0 1.0
vtan -0.5609 0.3668 -0.7422 1.0
vtan -0.2933 0.9444 -0.149 1.0
vtan -0.6375 0.3417 -0.6905 1.0
vtan -0.1951 0.9808 0.0 1.0
vtan -0.1951 0.9808 0.0 1.0
vtan -0.098 0.9952 -0.0 1.0
vtan -0.098 0.9952 -0.0 1.0
vtan -0.1951 0.9808 0.0 1.0
vtan -0.098 0.9952 0.0 1.0
vtan -0.1912 0.9815 -0.0108 1.0
vtan -0.098 0.9952 0.0 1.0
vtan -0.8315 0.5556 0.0 1.0
vtan -0.8315 0.5556 -0.0 1.0
vtan -0.7071 0.7071 -0.0 1.0
vtan -0.7071 0.7071 0.0 1.0
vtan -0.8315 0.5556 0.0 1.0
vtan -0.7071 0.7071 0.0 1.0
vtan -0.8315 0.5556 0.0 1.0
vtan -0.7071 0.7071 0.0 1.0
vtan -0.5556 0.8315 0.0 1.0
vtan -0.5556 0.8315 0.0 1.0
vtan -0.7071 0.7071 0.0 1.0
vtan -0.5556 0.8315 -0.0 1.0
vtan -0.5556 0.8315 0.0 1.0
vtan -0.7071 0.7071 0.0 1.0
vtan -0.7071 0.7071 -0.0 1.0
vtan -0.5556 0.8315 0.0 1.0
vtan -0.5556 0.8315 0.0 1.0
vtan -0.7071 0.7071 0.0 1.0
vtan -0.5556 0.8315 0.0 1.0
vtan -0.7071 0.7071 0.0 1.0
vtan -0.5556 0.8315 0.0 1.0
vtan -0.3827 0.9239 -0.0 1.0
vtan -0.3827 0.9239 0.0 1.0
vtan -0.5556 0.8315 0.0 1.0
vtan -0.3827 0.9239 -0.0 1.0
vtan -0.3819 0.9242 0.0075 1.0
vtan -0.8315 0.5556 0.0 1.0
vtan -0.9239 0.3827 0.0 1.0
vtan -0.9239 0.3827 0.0 1.0
vtan -0.8315 0.5556 -0.0 1.0
vtan -0.8315 0.5556 0.0 1.0
vtan -0.9239 0.3827 0.0 1.0
vtan -0.9239 0.3827 0.0 1.0
vtan -0.8315 0.5556 0.0 1.0
vtan -0.9239 0.3827 -0.0 1.0
vtan -0.9239 0.3827 0.0 1.0
vtan -0.8315 0.5556 0.0 1.0
vtan -0.9239 0.3827 0.0 1.0
vtan -0.9732 0.179 -0.1442 1.0
vtan -0.9813 0.1247 -0.1469 1.0
vtan -0.9239 0.3827 -0.0 1.0
vtan -0.994 0.0399 -0.1022 1.0
vtan -0.9239 0.3827 0.0 1.0
vtan -0.962 0.2553 -0.0966 1.0
vtan -0.1951 0.9808 0.0 1.0
vtan -0.3827 0.9239 0.0 1.0
vtan -0.1751 0.9845 0.0 1.0
vtan -0.2903 0.9569 0.0 1.0
vtan -0.3805 0.9248 -0.0025 1.0
vtan -0.1839 0.9829 0.0107 1.0
vtan -0.3827 0.9239 -0.0 1.0
vtan -0.2917 0.9564 -0.0145 1.0
vtan -0.1994 0.9798 -0.0155 1.0
vtan -0.383 0.9237 0.0119 1.0
vtan -0.2951 0.9555 0.0028 1.0
vtan -0.3827 0.9239 0.0 1.0
vtan -0.098 0.9952 0.0 1.0
vtan -0.098 0.9952 0.0 1.0
vtan -0.0668 0.9978 0.0 1.0
vtan -0.9732 0.179 0.1442 1.0
vtan -0.9732 0.179 0.1442 1.0
vtan -0.9813 0.1247 -0.1469 1.0
vtan -0.9813 0.1247 0.1469 1.0
vtan -0.9813 0.1247 -0.1469 1.0
vtan 0.1038 0.9946 0.0 -1.0
vtan 0.2214 0.9752 0.0008 -1.0
vtan 0.1967 0.9805 0.0016 -1.0
vtan 0.098 0.9952 0.0 -1.0
vtan 0.7071 0.7071 -0.0 -1.0
vtan 0.8315 0.5556 -0.0 -1.0
vtan 0.8315 0.5556 0.0 -1.0
vtan 0.7071 0.7071 0.0 -1.0
vtan 0.7071 0.7071 0.0 -1.0
vtan 0.8315 0.5556 -0.0 -1.0
vtan 0.7071 0.7071 0.0 -1.0
vtan 0.8315 0.5556 0.0 -1.0
vtan 0.7071 0.7071 0.0 -1.0
vtan 0.5556 0.8315 0.0 -1.0
vtan 0.5556 0.8315 0.0 -1.0
vtan 0.7071 0.7071 -0.0 -1.0
vtan 0.5647 0.8248 -0.0284 -1.0
vtan 0.5556 0.8315 -0.0 -1.0
vtan 0.7071 0.7071 0.0 -1.0
vtan 0.5799 0.8146 0.0088 -1.0
vtan 0.587 0.8096 0.0005 -1.0
vtan 0.7071 0.7071 0.0 -1.0
vtan 0.5874 0.8093 0.0 -1.0
vtan 0.7071 0.7071 0.0 -1.0
vtan 0.404 0.9147 -0.0058 -1.0
vtan 0.5556 0.8315 -0.0 -1.0
vtan 0.3845 0.9231 0.0019 -1.0
vtan 0.4097 0.9122 -0.001 -1.0
vtan 0.561 0.8278 0.008 -1.0
vtan 0.4927 0.7776 -0.3906 -1.0
vtan 0.545 0.773 -0.3247 -1.0
vtan 0.9239 0.3827 0.0 -1.0
vtan 0.8315 0.5556 0.0 -1.0
vtan 0.9239 0.3827 -0.0 -1.0
vtan 0.9239 0.3827 -0.0 -1.0
vtan 0.8315 0.5556 0.0 -1.0
vtan 0.8315 0.5556 -0.0 -1.0
vtan 0.9239 0.3827 0.0 -1.0
vtan 0.9239 0.3827 -0.0 -1.0
vtan 0.8315 0.5556 0.0 -1.0
vtan 0.9239 0.3827 0.0 -1.0
vtan 0.8315 0.5556 0.0 -1.0
vtan 0.9239 0.3827 0.0 -1.0
vtan 0.9239 0.3827 -0.0 -1.0
vtan 0.9813 0.1247 -0.1469 -1.0
vtan 0.9732 0.179 -0.1442 -1.0
vtan 0.9239 0.3827 0.0 -1.0
vtan 0.994 0.0399 -0.1022 -1.0
vtan 0.962 0.2553 -0.0966 -1.0
vtan 0.3827 0.9239 0.0 -1.0
vtan 0.1951 0.9808 0.0 -1.0
vtan 0.3725 0.928 0.0103 -1.0
vtan 0.3702 0.929 0.0 -1.0
vtan 0.1868 0.9824 0.0 -1.0
vtan 0.1855 0.9826 0.0091 -1.0
vtan 0.3497 0.9202 -0.1761 -1.0
vtan 0.558 0.7884 -0.2591 -1.0
vtan 0.5409 0.7991 0.2626 -1.0
vtan 0.558 0.7884 -0.2591 -1.0
vtan 0.098 0.9952 0.0 -1.0
vtan 0.0744 0.9972 0.0 -1.0
vtan 0.098 0.9952 0.0 -1.0
vtan 0.9732 0.179 0.1442 -1.0
vtan 0.9732 0.179 0.1442 -1.0
vtan 0.9813 0.1247 -0.1469 -1.0
vtan 0.9813 0.1247 0.1469 -1.0
vtan 0.9813 0.1247 -0.1469 -1.0
vtan -0.098 0.9952 0.0 1.0
vtan 0.6375 0.3417 -0.6905 -1.0
vtan 0.632 0.3448 -0.6941 -1.0
vtan 0.3495 0.9203 -0.1755 -1.0
vtan 0.098 0.9952 -0.0 -1.0
vtan 0.1951 0.9808 0.0 -1.0
vtan 0.1951 0.9808 0.0 -1.0
vtan 0.098 0.9952 0.0 -1.0
vtan 0.098 0.9952 0.0 -1.0
vtan 0.1943 0.981 0.0003 -1.0
vtan 0.194 0.981 0.0033 -1.0
vtan 0.098 0.9952 0.0 -1.0
vtan 0.7071 0.7071 -0.0 -1.0
vtan 0.8315 0.5556 -0.0 -1.0
vtan 0.8315 0.5556 0.0 -1.0
vtan 0.7071 0.7071 0.0 -1.0
vtan 0.7071 0.7071 0.0 -1.0
vtan 0.8315 0.5556 0.0 -1.0
vtan 0.7071 0.7071 0.0 -1.0
vtan 0.8315 0.5556 0.0 -1.0
vtan 0.7071 0.7071 0.0 -1.0
vtan 0.5556 0.8315 -0.0 -1.0
vtan 0.5556 0.8315 0.0 -1.0
vtan 0.7071 0.7071 -0.0 -1.0
vtan 0.5556 0.8315 -0.0 -1.0
vtan 0.5556 0.8315 -0.0 -1.0
vtan 0.7071 0.7071 0.0 -1.0
vtan 0.5556 0.8315 0.0 -1.0
vtan 0.5556 0.8315 0.0 -1.0
vtan 0.7071 0.7071 0.0 -1.0
vtan 0.5556 0.8315 0.0 -1.0
vtan 0.7071 0.7071 0.0 -1.0
vtan 0.3827 0.9239 -0.0 -1.0
vtan 0.5556 0.8315 -0.0 -1.0
vtan 0.3827 0.9239 -0.0 -1.0
vtan 0.3821 0.9241 0.0023 -1.0
vtan 0.5556 0.8315 -0.0 -1.0
vtan 0.3827 0.9238 0.0054 -1.0
vtan 0.9239 0.3827 0.0 -1.0
vtan 0.8315 0.5556 0.0 -1.0
vtan 0.9239 0.3827 -0.0 -1.0
vtan 0.9239 0.3827 -0.0 -1.0
vtan 0.8315 0.5556 0.0 -1.0
vtan 0.8315 0.5556 -0.0 -1.0
vtan 0.9239 0.3827 0.0 -1.0
vtan 0.9239 0.3827 -0.0 -1.0
vtan 0.8315 0.5556 0.0 -1.0
vtan 0.9239 0.3827 0.0 -1.0
vtan 0.8315 0.5556 0.0 -1.0
vtan 0.9239 0.3827 0.0 -1.0
vtan 0.9239 0.3827 -0.0 -1.0
vtan 0.9813 0.1247 -0.1469 -1.0
vtan 0.9732 0.179 -0.1442 -1.0
vtan 0.9239 0.3827 -0.0 -1.0
vtan 0.994 0.0399 -0.1022 -1.0
vtan 0.962 0.2553 -0.0966 -1.0
vtan 0.3827 0.9239 0.0 -1.0
vtan 0.1951 0.9808 0.0 -1.0
vtan 0.3805 0.9248 -0.0025 -1.0
vtan 0.2903 0.9569 -0.0 -1.0
vtan 0.1751 0.9845 0.0 -1.0
vtan 0.1839 0.9829 0.0107 -1.0
vtan 0.3827 0.9239 -0.0 -1.0
vtan 0.2042 0.9789 0.0053 -1.0
vtan 0.2899 0.957 0.0104 -1.0
vtan 0.3829 0.9238 0.0055 -1.0
vtan 0.2925 0.9563 0.0013 -1.0
vtan 0.3827 0.9239 0.0 -1.0
vtan 0.098 0.9952 0.0 -1.0
vtan 0.0668 0.9978 0.0 -1.0
vtan 0.098 0.9952 0.0 -1.0
vtan 0.9732 0.179 0.1442 -1.0
vtan 0.9732 0.179 0.1442 -1.0
vtan 0.9813 0.1247 -0.1469 -1.0
vtan 0.9813 0.1247 0.1469 -1.0
vtan 0.9813 0.1247 -0.1469 -1.0
vtan -0.1966 0.9805 0.0015 1.0
vtan -0.2066 0.9784 0.0009 1.0
vtan -0.1036 0.9946 0.0 1.0
vtan -0.098 0.9952 0.0 1.0
vtan -0.8315 0.5556 0.0 1.0
vtan -0.8315 0.5556 0.0 1.0
vtan -0.7071 0.7071 -0.0 1.0
vtan -0.7071 0.7071 -0.0 1.0
vtan -0.8315 0.5556 0.0 1.0
vtan -0.7071 0.7071 0.0 1.0
vtan -0.8315 0.5556 0.0 1.0
vtan -0.7071 0.7071 0.0 1.0
vtan -0.5556 0.8315 0.0 1.0
vtan -0.5556 0.8315 0.0 1.0
vtan -0.7071 0.7071 -0.0 1.0
vtan -0.5556 0.8315 -0.0 1.0
vtan -0.5654 0.8243 -0.0276 1.0
vtan -0.7071 0.7071 -0.0 1.0
vtan -0.7071 0.7071 -0.0 1.0
vtan -0.587 0.8096 0.0005 1.0
vtan -0.5803 0.8144 0.0083 1.0
vtan -0.7071 0.7071 0.0 1.0
vtan -0.5874 0.8093 0.0 1.0
vtan -0.7071 0.7071 0.0 1.0
vtan -0.5556 0.8315 0.0 1.0
vtan -0.4045 0.9145 -0.0053 1.0
vtan -0.3844 0.9231 0.0016 1.0
vtan -0.5612 0.8277 0.0072 1.0
vtan -0.4101 0.9121 0.0001 1.0
vtan -0.5459 0.7707 -0.3287 1.0
vtan -0.4924 0.7788 -0.3886 1.0
vtan -0.8315 0.5556 -0.0 1.0
vtan -0.9239 0.3827 0.0 1.0
vtan -0.9239 0.3827 -0.0 1.0
vtan -0.8315 0.5556 -0.0 1.0
vtan -0.8315 0.5556 -0.0 1.0
vtan -0.9239 0.3827 -0.0 1.0
vtan -0.9239 0.3827 0.0 1.0
vtan -0.8315 0.5556 0.0 1.0
vtan -0.9239 0.3827 -0.0 1.0
vtan -0.9239 0.3827 0.0 1.0
vtan -0.8315 0.5556 0.0 1.0
vtan -0.9239 0.3827 0.0 1.0
vtan -0.9732 0.179 -0.1442 1.0
vtan -0.9813 0.1247 -0.1469 1.0
vtan -0.9239 0.3827 -0.0 1.0
vtan -0.994 0.0399 -0.1022 1.0
vtan -0.9239 0.3827 -0.0 1.0
vtan -0.962 0.2553 -0.0966 1.0
vtan -0.1951 0.9808 0.0 1.0
vtan -0.3827 0.9239 0.0 1.0
vtan -0.3747 0.9271 0.0081 1.0
vtan -0.1857 0.9826 0.009 1.0
vtan -0.1881 0.9822 0.0 1.0
vtan -0.3779 0.9258 0.0 1.0
vtan -0.3746 0.9264 -0.0388 -1.0
vtan -0.3495 0.9204 -0.1755 -1.0
vtan -0.3445 0.9388 0.0008 -1.0
vtan -0.558 0.7884 -0.2591 1.0
vtan -0.5407 0.7991 0.2626 1.0
vtan -0.558 0.7884 -0.2591 1.0
vtan -0.098 0.9952 0.0 1.0
vtan -0.098 0.9952 0.0 1.0
vtan -0.0742 0.9972 0.0 1.0
vtan -0.9732 0.179 0.1442 1.0
vtan -0.9732 0.179 0.1442 1.0
vtan -0.9813 0.1247 -0.1469 1.0
vtan -0.9813 0.1247 0.1469 1.0
vtan -0.9813 0.1247 -0.1469 1.0
vtan 0.098 0.9952 0.0 -1.0
vtan -0.632 0.3448 -0.6941 1.0
vtan -0.3495 0.9204 -0.1755 1.0
f 0/0/0/0 1/1/1/1 2/2/2/2 
f 0/0/0/0 2/2/2/2 3/3/3/3 
f 1/1/1/1 4/4/4/4 5/5/5/5 
f 1/1/1/1 5/5/5/5 2/2/2/2 
f 5/5/5/5 4/4/4/4 6/6/6/6 
f 5/5/5/5 6/6/6/6 7/7/7/7 
f 8/8/8/8 9/9/9/9 10/10/10/10 
f 8/8/8/8 10/10/10/10 11/11/11/11 
f 9/9/9/9 12/12/12/12 13/13/13/13 
f 9/9/9/9 13/13/13/13 10/10/10/10 
f 12/12/12/12 14/14/14/14 15/15/15/15 
f 12/12/12/12 15/15/15/15 13/13/13/13 
f 16/16/16/16 17/17/17/17 18/18/18/18 
f 16/16/16/16 18/18/18/18 11/11/11/11 
f 17/19/17/19 19/20/19/20 20/21/20/21 
f 17/19/17/19 20/21/20/21 18/22/18/22 
f 21/23/21/23 22/24/22/24 15/15/15/15 
f 21/23/21/23 15/15/15/15 23/25/23/25 
f 19/26/19/26 21/23/21/23 23/25/23/25 
f 19/26/19/26 23/25/23/25 20/27/20/27 
f 16/16/16/16 24/28/24/28 25/29/25/29 
f 16/16/16/16 25/29/25/29 26/30/26/30 
f 24/28/24/28 27/31/27/31 28/32/28/32 
f 24/28/24/28 28/32/28/32 25/29/25/29 
f 27/31/27/31 22/24/22/24 29/33/29/33 
f 27/31/27/31 29/33/29/33 28/32/28/32 
f 8/8/8/8 30/34/30/34 31/35/31/35 
f 8/8/8/8 31/35/31/35 32/36/32/36 
f 30/37/30/37 33/38/33/38 34/39/34/39 
f 30/37/30/37 34/39/34/39 31/40/31/40 
f 35/41/35/41 14/14/14/14 36/42/36/42 
f 35/41/35/41 36/42/36/42 37/43/37/43 
f 33/44/33/44 35/41/35/41 37/43/37/43 
f 33/44/33/44 37/43/37/43 34/45/34/45 
f 38/46/38/46 39/47/39/47 40/48/40/48 
f 38/46/38/46 40/48/40/48 32/36/32/36 
f 39/47/39/47 41/49/41/49 42/50/42/50 
f 39/47/39/47 42/50/42/50 40/48/40/48 
f 41/49/41/49 43/51/43/51 36/42/36/42 
f 41/49/41/49 36/42/36/42 42/50/42/50 
f 0/0/0/0 44/52/44/52 45/53/45/53 
f 0/0/0/0 45/53/45/53 26/30/26/30 
f 46/54/46/54 47/55/47/55 48/56/48/56 
f 46/54/46/54 48/56/48/56 44/57/44/57 
f 45/58/45/58 44/57/44/57 48/56/48/56 
f 49/59/49/59 50/60/50/60 6/6/6/6 
f 49/59/49/59 6/6/6/6 29/33/29/33 
f 51/61/51/61 49/59/49/59 29/33/29/33 
f 47/62/47/62 49/59/49/59 51/61/51/61 
f 47/62/47/62 51/61/51/61 48/63/48/63 
f 1/1/1/1 0/0/0/0 26/30/26/30 
f 1/1/1/1 26/30/26/30 25/29/25/29 
f 25/29/25/29 28/32/28/32 4/4/4/4 
f 25/29/25/29 4/4/4/4 1/1/1/1 
f 28/32/28/32 29/33/29/33 6/6/6/6 
f 28/32/28/32 6/6/6/6 4/4/4/4 
f 32/36/32/36 40/48/40/48 9/9/9/9 
f 32/36/32/36 9/9/9/9 8/8/8/8 
f 40/48/40/48 42/50/42/50 12/12/12/12 
f 40/48/40/48 12/12/12/12 9/9/9/9 
f 42/50/42/50 36/42/36/42 14/14/14/14 
f 42/50/42/50 14/14/14/14 12/12/12/12 
f 26/30/26/30 45/53/45/53 17/17/17/17 
f 26/30/26/30 17/17/17/17 16/16/16/16 
f 45/58/45/58 48/56/48/56 19/20/19/20 
f 45/58/45/58 19/20/19/20 17/19/17/19 
f 51/61/51/61 29/33/29/33 22/24/22/24 
f 51/61/51/61 22/24/22/24 21/23/21/23 
f 48/63/48/63 51/61/51/61 21/23/21/23 
f 48/63/48/63 21/23/21/23 19/26/19/26 
f 11/11/11/11 10/10/10/10 24/28/24/28 
f 11/11/11/11 24/28/24/28 16/16/16/16 
f 10/10/10/10 13/13/13/13 27/31/27/31 
f 10/10/10/10 27/31/27/31 24/28/24/28 
f 13/13/13/13 15/15/15/15 22/24/22/24 
f 13/13/13/13 22/24/22/24 27/31/27/31 
f 11/11/11/11 18/18/18/18 30/34/30/34 
f 11/11/11/11 30/34/30/34 8/8/8/8 
f 18/22/18/22 20/21/20/21 33/38/33/38 
f 18/22/18/22 33/38/33/38 30/37/30/37 
f 23/25/23/25 15/15/15/15 14/14/14/14 
f 23/25/23/25 14/14/14/14 35/41/35/41 
f 20/27/20/27 23/25/23/25 35/41/35/41 
f 20/27/20/27 35/41/35/41 33/44/33/44 
f 44/52/44/52 0/0/0/0 3/3/3/3 
f 44/52/44/52 3/3/3/3 52/64/52/64 
f 44/57/44/57 52/65/52/65 53/66/53/66 
f 44/57/44/57 53/66/53/66 46/54/46/54 
f 32/36/32/36 31/35/31/35 54/67/54/67 
f 32/36/32/36 54/67/54/67 38/46/38/46 
f 54/68/54/68 31/40/31/40 34/39/34/39 
f 54/68/54/68 34/39/34/39 55/69/55/69 
f 37/43/37/43 36/42/36/42 43/51/43/51 
f 37/43/37/43 43/51/43/51 56/70/56/70 
f 34/45/34/45 37/43/37/43 56/70/56/70 
f 34/45/34/45 56/70/56/70 55/71/55/71 
f 57/72/57/72 58/73/58/73 59/0/59/74 
f 57/72/57/72 59/0/59/74 60/3/60/75 
f 61/10/61/76 62/9/62/77 63/8/63/78 
f 61/10/61/76 63/8/63/78 64/11/64/79 
f 65/13/65/80 66/12/66/81 62/9/62/77 
f 65/13/65/80 62/9/62/77 61/10/61/76 
f 67/15/67/82 68/14/68/83 66/12/66/81 
f 67/15/67/82 66/12/66/81 65/13/65/80 
f 69/18/69/84 70/17/70/85 71/16/71/86 
f 69/18/69/84 71/16/71/86 64/11/64/79 
f 72/21/72/87 73/20/73/88 70/19/70/89 
f 72/21/72/87 70/19/70/89 69/22/69/90 
f 67/15/67/82 74/24/74/91 75/23/75/92 
f 67/15/67/82 75/23/75/92 76/25/76/93 
f 76/25/76/93 75/23/75/92 73/26/73/94 
f 76/25/76/93 73/26/73/94 72/27/72/95 
f 77/29/77/96 78/28/78/97 71/16/71/86 
f 77/29/77/96 71/16/71/86 79/30/79/98 
f 80/32/80/99 81/31/81/100 78/28/78/97 
f 80/32/80/99 78/28/78/97 77/29/77/96 
f 82/74/82/101 83/75/83/102 74/24/74/91 
f 82/74/82/101 74/24/74/91 81/31/81/100 
f 80/32/80/99 82/74/82/101 81/31/81/100 
f 84/35/84/103 85/34/85/104 63/8/63/78 
f 84/35/84/103 63/8/63/78 86/36/86/105 
f 87/39/87/106 88/38/88/107 85/37/85/108 
f 87/39/87/106 85/37/85/108 84/40/84/109 
f 89/42/89/110 68/14/68/83 90/41/90/111 
f 89/42/89/110 90/41/90/111 91/43/91/112 
f 91/43/91/112 90/41/90/111 88/44/88/113 
f 91/43/91/112 88/44/88/113 87/45/87/114 
f 92/48/92/115 39/47/39/116 38/46/38/117 
f 92/48/92/115 38/46/38/117 86/36/86/105 
f 93/50/93/118 41/49/41/119 39/47/39/116 
f 93/50/93/118 39/47/39/116 92/48/92/115 
f 89/42/89/110 43/51/43/120 41/49/41/119 
f 89/42/89/110 41/49/41/119 93/50/93/118 
f 94/53/94/121 95/52/95/122 59/0/59/74 
f 94/53/94/121 59/0/59/74 79/30/79/98 
f 94/58/94/123 96/76/96/124 97/77/97/125 
f 94/58/94/123 97/77/97/125 95/57/95/126 
f 58/73/58/127 98/78/98/128 77/29/77/129 
f 58/73/58/73 77/29/77/96 79/30/79/98 
f 59/0/59/74 58/73/58/73 79/30/79/98 
f 62/9/62/77 92/48/92/115 86/36/86/105 
f 62/9/62/77 86/36/86/105 63/8/63/78 
f 66/12/66/81 93/50/93/118 92/48/92/115 
f 66/12/66/81 92/48/92/115 62/9/62/77 
f 68/14/68/83 89/42/89/110 93/50/93/118 
f 68/14/68/83 93/50/93/118 66/12/66/81 
f 70/17/70/85 94/53/94/121 79/30/79/98 
f 70/17/70/85 79/30/79/98 71/16/71/86 
f 73/20/73/88 99/79/99/130 96/76/96/124 
f 73/20/73/88 96/76/96/124 94/58/94/123 
f 70/19/70/89 73/20/73/88 94/58/94/123 
f 74/24/74/91 83/75/83/102 100/80/100/131 
f 74/24/74/91 100/80/100/131 75/23/75/92 
f 75/23/75/92 100/80/100/131 99/81/99/132 
f 75/23/75/92 99/81/99/132 73/26/73/94 
f 78/28/78/97 61/10/61/76 64/11/64/79 
f 78/28/78/97 64/11/64/79 71/16/71/86 
f 81/31/81/100 65/13/65/80 61/10/61/76 
f 81/31/81/100 61/10/61/76 78/28/78/97 
f 74/24/74/91 67/15/67/82 65/13/65/80 
f 74/24/74/91 65/13/65/80 81/31/81/100 
f 85/34/85/104 69/18/69/84 64/11/64/79 
f 85/34/85/104 64/11/64/79 63/8/63/78 
f 88/38/88/107 72/21/72/87 69/22/69/90 
f 88/38/88/107 69/22/69/90 85/37/85/108 
f 68/14/68/83 67/15/67/82 76/25/76/93 
f 68/14/68/83 76/25/76/93 90/41/90/111 
f 90/41/90/111 76/25/76/93 72/27/72/95 
f 90/41/90/111 72/27/72/95 88/44/88/113 
f 95/52/95/122 101/64/101/133 60/3/60/75 
f 95/52/95/122 60/3/60/75 59/0/59/74 
f 95/57/95/126 97/77/97/125 102/82/102/134 
f 95/57/95/126 102/82/102/134 101/65/101/135 
f 54/67/54/136 84/35/84/103 86/36/86/105 
f 54/67/54/136 86/36/86/105 38/46/38/117 
f 54/68/54/137 55/69/55/138 87/39/87/106 
f 54/68/54/137 87/39/87/106 84/40/84/109 
f 43/51/43/120 89/42/89/110 91/43/91/112 
f 43/51/43/120 91/43/91/112 56/70/56/139 
f 56/70/56/139 91/43/91/112 87/45/87/114 
f 56/70/56/139 87/45/87/114 55/71/55/140 
f 80/32/80/99 77/29/77/96 98/78/98/141 
f 80/32/80/99 98/78/98/141 103/83/103/142 
f 82/74/82/101 80/32/80/99 103/83/103/142 
f 104/2/104/143 105/1/105/144 106/0/106/145 
f 104/2/104/143 106/0/106/145 107/3/107/146 
f 108/5/108/147 109/4/109/148 105/1/105/144 
f 108/5/108/147 105/1/105/144 104/2/104/143 
f 110/6/110/149 109/4/109/148 108/5/108/147 
f 110/6/110/149 108/5/108/147 111/7/111/150 
f 112/10/112/151 113/9/113/152 114/8/114/153 
f 112/10/112/151 114/8/114/153 115/11/115/154 
f 116/13/116/155 117/12/117/156 113/9/113/152 
f 116/13/116/155 113/9/113/152 112/10/112/151 
f 118/15/118/157 119/14/119/158 117/12/117/156 
f 118/15/118/157 117/12/117/156 116/13/116/155 
f 120/18/120/159 121/17/121/160 122/16/122/161 
f 120/18/120/159 122/16/122/161 115/11/115/154 
f 123/21/123/162 124/20/124/163 121/19/121/164 
f 123/21/123/162 121/19/121/164 120/22/120/165 
f 118/15/118/157 125/24/125/166 126/23/126/167 
f 118/15/118/157 126/23/126/167 127/25/127/168 
f 127/25/127/168 126/23/126/167 124/26/124/169 
f 127/25/127/168 124/26/124/169 123/27/123/170 
f 128/29/128/171 129/28/129/172 122/16/122/161 
f 128/29/128/171 122/16/122/161 130/30/130/173 
f 131/32/131/174 132/31/132/175 129/28/129/172 
f 131/32/131/174 129/28/129/172 128/29/128/171 
f 133/33/133/176 125/24/125/166 132/31/132/175 
f 133/33/133/176 132/31/132/175 131/32/131/174 
f 134/35/134/177 135/34/135/178 114/8/114/153 
f 134/35/134/177 114/8/114/153 136/36/136/179 
f 137/39/137/180 138/38/138/181 135/37/135/182 
f 137/39/137/180 135/37/135/182 134/40/134/183 
f 139/42/139/184 119/14/119/158 140/41/140/185 
f 139/42/139/184 140/41/140/185 141/43/141/186 
f 141/43/141/186 140/41/140/185 138/44/138/187 
f 141/43/141/186 138/44/138/187 137/45/137/188 
f 142/48/142/189 143/47/143/190 144/46/144/191 
f 142/48/142/189 144/46/144/191 136/36/136/179 
f 145/50/145/192 146/49/146/193 143/47/143/190 
f 145/50/145/192 143/47/143/190 142/48/142/189 
f 139/42/139/184 147/51/147/194 146/49/146/193 
f 139/42/139/184 146/49/146/193 145/50/145/192 
f 148/53/148/195 149/52/149/196 106/0/106/145 
f 148/53/148/195 106/0/106/145 130/30/130/173 
f 150/56/150/197 151/84/151/198 152/85/152/199 
f 150/56/150/197 152/85/152/199 149/57/149/200 
f 148/58/148/201 150/56/150/197 149/57/149/200 
f 110/6/110/149 153/86/153/202 154/87/154/203 
f 110/6/110/149 154/87/154/203 133/33/133/176 
f 155/61/155/204 133/33/133/176 154/87/154/203 
f 155/61/155/204 154/87/154/203 151/88/151/205 
f 155/61/155/204 151/88/151/205 150/63/150/206 
f 105/1/105/144 128/29/128/171 130/30/130/173 
f 105/1/105/144 130/30/130/173 106/0/106/145 
f 109/4/109/148 131/32/131/174 128/29/128/171 
f 109/4/109/148 128/29/128/171 105/1/105/144 
f 110/6/110/149 133/33/133/176 131/32/131/174 
f 110/6/110/149 131/32/131/174 109/4/109/148 
f 113/9/113/152 142/48/142/189 136/36/136/179 
f 113/9/113/152 136/36/136/179 114/8/114/153 
f 117/12/117/156 145/50/145/192 142/48/142/189 
f 117/12/117/156 142/48/142/189 113/9/113/152 
f 119/14/119/158 139/42/139/184 145/50/145/192 
f 119/14/119/158 145/50/145/192 117/12/117/156 
f 121/17/121/160 148/53/148/195 130/30/130/173 
f 121/17/121/160 130/30/130/173 122/16/122/161 
f 124/20/124/163 150/56/150/197 148/58/148/201 
f 124/20/124/163 148/58/148/201 121/19/121/164 
f 125/24/125/166 133/33/133/176 155/61/155/204 
f 125/24/125/166 155/61/155/204 126/23/126/167 
f 126/23/126/167 155/61/155/204 150/63/150/206 
f 126/23/126/167 150/63/150/206 124/26/124/169 
f 129/28/129/172 112/10/112/151 115/11/115/154 
f 129/28/129/172 115/11/115/154 122/16/122/161 
f 132/31/132/175 116/13/116/155 112/10/112/151 
f 132/31/132/175 112/10/112/151 129/28/129/172 
f 125/24/125/166 118/15/118/157 116/13/116/155 
f 125/24/125/166 116/13/116/155 132/31/132/175 
f 135/34/135/178 120/18/120/159 115/11/115/154 
f 135/34/135/178 115/11/115/154 114/8/114/153 
f 138/38/138/181 123/21/123/162 120/22/120/165 
f 138/38/138/181 120/22/120/165 135/37/135/182 
f 119/14/119/158 118/15/118/157 127/25/127/168 
f 119/14/119/158 127/25/127/168 140/41/140/185 
f 140/41/140/185 127/25/127/168 123/27/123/170 
f 140/41/140/185 123/27/123/170 138/44/138/187 
f 149/52/149/196 156/64/156/207 107/3/107/146 
f 149/52/149/196 107/3/107/146 106/0/106/145 
f 149/57/149/200 152/85/152/199 157/89/157/208 
f 149/57/149/200 157/89/157/208 156/65/156/209 
f 158/67/158/210 134/35/134/177 136/36/136/179 
f 158/67/158/210 136/36/136/179 144/46/144/191 
f 158/68/158/211 159/69/159/212 137/39/137/180 
f 158/68/158/211 137/39/137/180 134/40/134/183 
f 147/51/147/194 139/42/139/184 141/43/141/186 
f 147/51/147/194 141/43/141/186 160/70/160/213 
f 160/70/160/213 141/43/141/186 137/45/137/188 
f 160/70/160/213 137/45/137/188 159/71/159/214 
f 161/0/161/215 58/73/58/216 57/72/57/217 
f 161/0/161/215 57/72/57/217 162/3/162/218 
f 163/8/163/219 164/9/164/220 165/10/165/221 
f 163/8/163/219 165/10/165/221 166/11/166/222 
f 164/9/164/220 167/12/167/223 168/13/168/224 
f 164/9/164/220 168/13/168/224 165/10/165/221 
f 167/12/167/223 169/14/169/225 170/15/170/226 
f 167/12/167/223 170/15/170/226 168/13/168/224 
f 171/16/171/227 172/17/172/228 173/18/173/229 
f 171/16/171/227 173/18/173/229 166/11/166/222 
f 172/19/172/230 174/20/174/231 175/21/175/232 
f 172/19/172/230 175/21/175/232 173/22/173/233 
f 176/23/176/234 177/24/177/235 170/15/170/226 
f 176/23/176/234 170/15/170/226 178/25/178/236 
f 174/26/174/237 176/23/176/234 178/25/178/236 
f 174/26/174/237 178/25/178/236 175/27/175/238 
f 171/16/171/227 179/28/179/239 180/29/180/240 
f 171/16/171/227 180/29/180/240 181/30/181/241 
f 179/28/179/239 182/31/182/242 183/32/183/243 
f 179/28/179/239 183/32/183/243 180/29/180/240 
f 177/24/177/235 83/75/83/244 82/74/82/245 
f 177/24/177/235 82/74/82/245 182/31/182/242 
f 183/32/183/243 182/31/182/242 82/74/82/245 
f 163/8/163/219 184/34/184/246 185/35/185/247 
f 163/8/163/219 185/35/185/247 186/36/186/248 
f 184/37/184/249 187/38/187/250 188/39/188/251 
f 184/37/184/249 188/39/188/251 185/40/185/252 
f 189/41/189/253 169/14/169/225 190/42/190/254 
f 189/41/189/253 190/42/190/254 191/43/191/255 
f 187/44/187/256 189/41/189/253 191/43/191/255 
f 187/44/187/256 191/43/191/255 188/45/188/257 
f 144/46/144/258 143/47/143/259 192/48/192/260 
f 144/46/144/258 192/48/192/260 186/36/186/248 
f 143/47/143/259 146/49/146/261 193/50/193/262 
f 143/47/143/259 193/50/193/262 192/48/192/260 
f 146/49/146/261 147/51/147/263 190/42/190/254 
f 146/49/146/261 190/42/190/254 193/50/193/262 
f 161/0/161/215 194/52/194/264 195/53/195/265 
f 161/0/161/215 195/53/195/265 181/30/181/241 
f 195/58/195/266 194/57/194/267 97/77/97/268 
f 195/58/195/266 97/77/97/268 96/76/96/269 
f 180/29/180/270 98/78/98/271 58/73/58/272 
f 180/29/180/240 58/73/58/216 181/30/181/241 
f 161/0/161/215 181/30/181/241 58/73/58/216 
f 186/36/186/248 192/48/192/260 164/9/164/220 
f 186/36/186/248 164/9/164/220 163/8/163/219 
f 192/48/192/260 193/50/193/262 167/12/167/223 
f 192/48/192/260 167/12/167/223 164/9/164/220 
f 193/50/193/262 190/42/190/254 169/14/169/225 
f 193/50/193/262 169/14/169/225 167/12/167/223 
f 181/30/181/241 195/53/195/265 172/17/172/228 
f 181/30/181/241 172/17/172/228 171/16/171/227 
f 96/76/96/269 99/79/99/273 174/20/174/231 
f 96/76/96/269 174/20/174/231 195/58/195/266 
f 172/19/172/230 195/58/195/266 174/20/174/231 
f 100/80/100/274 83/75/83/244 177/24/177/235 
f 100/80/100/274 177/24/177/235 176/23/176/234 
f 99/81/99/275 100/80/100/274 176/23/176/234 
f 99/81/99/275 176/23/176/234 174/26/174/237 
f 166/11/166/222 165/10/165/221 179/28/179/239 
f 166/11/166/222 179/28/179/239 171/16/171/227 
f 165/10/165/221 168/13/168/224 182/31/182/242 
f 165/10/165/221 182/31/182/242 179/28/179/239 
f 168/13/168/224 170/15/170/226 177/24/177/235 
f 168/13/168/224 177/24/177/235 182/31/182/242 
f 166/11/166/222 173/18/173/229 184/34/184/246 
f 166/11/166/222 184/34/184/246 163/8/163/219 
f 173/22/173/233 175/21/175/232 187/38/187/250 
f 173/22/173/233 187/38/187/250 184/37/184/249 
f 178/25/178/236 170/15/170/226 169/14/169/225 
f 178/25/178/236 169/14/169/225 189/41/189/253 
f 175/27/175/238 178/25/178/236 189/41/189/253 
f 175/27/175/238 189/41/189/253 187/44/187/256 
f 162/3/162/218 196/64/196/276 194/52/194/264 
f 162/3/162/218 194/52/194/264 161/0/161/215 
f 194/57/194/267 196/65/196/277 102/82/102/278 
f 194/57/194/267 102/82/102/278 97/77/97/268 
f 186/36/186/248 185/35/185/247 158/67/158/279 
f 186/36/186/248 158/67/158/279 144/46/144/258 
f 158/68/158/280 185/40/185/252 188/39/188/251 
f 158/68/158/280 188/39/188/251 159/69/159/281 
f 191/43/191/255 190/42/190/254 147/51/147/263 
f 191/43/191/255 147/51/147/263 160/70/160/282 
f 188/45/188/257 191/43/191/255 160/70/160/282 
f 188/45/188/257 160/70/160/282 159/71/159/283 
f 98/78/98/284 180/29/180/240 183/32/183/243 
f 98/78/98/284 183/32/183/243 103/83/103/285 
f 82/74/82/245 103/83/103/285 183/32/183/243 
f 110/6/110/149 111/7/111/150 197/90/197/286 
f 110/6/110/149 197/90/197/286 153/86/153/202 
f 198/0/198/287 199/1/199/288 200/2/200/289 
f 198/0/198/287 200/2/200/289 201/3/201/290 
f 199/1/199/288 202/4/202/291 203/5/203/292 
f 199/1/199/288 203/5/203/292 200/2/200/289 
f 203/5/203/292 202/4/202/291 204/6/204/293 
f 203/5/203/292 204/6/204/293 205/7/205/294 
f 206/8/206/295 207/9/207/296 208/10/208/297 
f 206/8/206/295 208/10/208/297 209/11/209/298 
f 207/9/207/296 210/12/210/299 211/13/211/300 
f 207/9/207/296 211/13/211/300 208/10/208/297 
f 210/12/210/299 212/14/212/301 213/15/213/302 
f 210/12/210/299 213/15/213/302 211/13/211/300 
f 214/16/214/303 215/17/215/304 216/18/216/305 
f 214/16/214/303 216/18/216/305 209/11/209/298 
f 215/19/215/306 217/20/217/307 218/21/218/308 
f 215/19/215/306 218/21/218/308 216/22/216/309 
f 219/23/219/310 220/24/220/311 213/15/213/302 
f 219/23/219/310 213/15/213/302 221/25/221/312 
f 217/26/217/313 219/23/219/310 221/25/221/312 
f 217/26/217/313 221/25/221/312 218/27/218/314 
f 214/16/214/303 222/28/222/315 223/29/223/316 
f 214/16/214/303 223/29/223/316 224/30/224/317 
f 222/28/222/315 225/31/225/318 226/32/226/319 
f 222/28/222/315 226/32/226/319 223/29/223/316 
f 225/31/225/318 220/24/220/311 227/33/227/320 
f 225/31/225/318 227/33/227/320 226/32/226/319 
f 206/8/206/295 228/34/228/321 229/35/229/322 
f 206/8/206/295 229/35/229/322 230/36/230/323 
f 228/37/228/324 231/38/231/325 232/39/232/326 
f 228/37/228/324 232/39/232/326 229/40/229/327 
f 233/41/233/328 212/14/212/301 234/42/234/329 
f 233/41/233/328 234/42/234/329 235/43/235/330 
f 231/44/231/331 233/41/233/328 235/43/235/330 
f 231/44/231/331 235/43/235/330 232/45/232/332 
f 236/46/236/333 237/47/237/334 238/48/238/335 
f 236/46/236/333 238/48/238/335 230/36/230/323 
f 237/47/237/334 239/49/239/336 240/50/240/337 
f 237/47/237/334 240/50/240/337 238/48/238/335 
f 239/49/239/336 241/51/241/338 234/42/234/329 
f 239/49/239/336 234/42/234/329 240/50/240/337 
f 198/0/198/287 242/52/242/339 243/53/243/340 
f 198/0/198/287 243/53/243/340 224/30/224/317 
f 152/85/152/341 151/84/151/342 244/56/244/343 
f 152/85/152/341 244/56/244/343 242/57/242/344 
f 243/58/243/345 242/57/242/344 244/56/244/343 
f 154/87/154/346 153/86/153/347 204/6/204/293 
f 154/87/154/346 204/6/204/293 227/33/227/320 
f 245/61/245/348 154/87/154/346 227/33/227/320 
f 151/88/151/349 154/87/154/346 245/61/245/348 
f 151/88/151/349 245/61/245/348 244/63/244/350 
f 224/30/224/317 223/29/223/316 199/1/199/288 
f 224/30/224/317 199/1/199/288 198/0/198/287 
f 223/29/223/316 226/32/226/319 202/4/202/291 
f 223/29/223/316 202/4/202/291 199/1/199/288 
f 226/32/226/319 227/33/227/320 204/6/204/293 
f 226/32/226/319 204/6/204/293 202/4/202/291 
f 230/36/230/323 238/48/238/335 207/9/207/296 
f 230/36/230/323 207/9/207/296 206/8/206/295 
f 238/48/238/335 240/50/240/337 210/12/210/299 
f 238/48/238/335 210/12/210/299 207/9/207/296 
f 240/50/240/337 234/42/234/329 212/14/212/301 
f 240/50/240/337 212/14/212/301 210/12/210/299 
f 224/30/224/317 243/53/243/340 215/17/215/304 
f 224/30/224/317 215/17/215/304 214/16/214/303 
f 243/58/243/345 244/56/244/343 217/20/217/307 
f 243/58/243/345 217/20/217/307 215/19/215/306 
f 245/61/245/348 227/33/227/320 220/24/220/311 
f 245/61/245/348 220/24/220/311 219/23/219/310 
f 244/63/244/350 245/61/245/348 219/23/219/310 
f 244/63/244/350 219/23/219/310 217/26/217/313 
f 209/11/209/298 208/10/208/297 222/28/222/315 
f 209/11/209/298 222/28/222/315 214/16/214/303 
f 208/10/208/297 211/13/211/300 225/31/225/318 
f 208/10/208/297 225/31/225/318 222/28/222/315 
f 211/13/211/300 213/15/213/302 220/24/220/311 
f 211/13/211/300 220/24/220/311 225/31/225/318 
f 209/11/209/298 216/18/216/305 228/34/228/321 
f 209/11/209/298 228/34/228/321 206/8/206/295 
f 216/22/216/309 218/21/218/308 231/38/231/325 
f 216/22/216/309 231/38/231/325 228/37/228/324 
f 221/25/221/312 213/15/213/302 212/14/212/301 
f 221/25/221/312 212/14/212/301 233/41/233/328 
f 218/27/218/314 221/25/221/312 233/41/233/328 
f 218/27/218/314 233/41/233/328 231/44/231/331 
f 201/3/201/290 246/64/246/351 242/52/242/339 
f 201/3/201/290 242/52/242/339 198/0/198/287 
f 242/57/242/344 246/65/246/352 157/89/157/353 
f 242/57/242/344 157/89/157/353 152/85/152/341 
f 230/36/230/323 229/35/229/322 247/67/247/354 
f 230/36/230/323 247/67/247/354 236/46/236/333 
f 247/68/247/355 229/40/229/327 232/39/232/326 
f 247/68/247/355 232/39/232/326 248/69/248/356 
f 235/43/235/330 234/42/234/329 241/51/241/338 
f 235/43/235/330 241/51/241/338 249/70/249/357 
f 232/45/232/332 235/43/235/330 249/70/249/357 
f 232/45/232/332 249/70/249/357 248/71/248/358 
f 250/91/250/359 251/92/251/360 252/0/252/361 
f 250/91/250/359 252/0/252/361 253/3/253/362 
f 254/10/254/363 255/9/255/364 256/8/256/365 
f 254/10/254/363 256/8/256/365 257/11/257/366 
f 258/13/258/367 259/12/259/368 255/9/255/364 
f 258/13/258/367 255/9/255/364 254/10/254/363 
f 260/15/260/369 261/14/261/370 259/12/259/368 
f 260/15/260/369 259/12/259/368 258/13/258/367 
f 262/18/262/371 263/17/263/372 264/16/264/373 
f 262/18/262/371 264/16/264/373 257/11/257/366 
f 265/21/265/374 266/20/266/375 263/19/263/376 
f 265/21/265/374 263/19/263/376 262/22/262/377 
f 260/15/260/369 267/24/267/378 268/23/268/379 
f 260/15/260/369 268/23/268/379 269/25/269/380 
f 269/25/269/380 268/23/268/379 266/26/266/381 
f 269/25/269/380 266/26/266/381 265/27/265/382 
f 270/29/270/383 271/28/271/384 264/16/264/373 
f 270/29/270/383 264/16/264/373 272/30/272/385 
f 273/32/273/386 274/31/274/387 271/28/271/384 
f 273/32/273/386 271/28/271/384 270/29/270/383 
f 275/93/275/388 276/94/276/389 267/24/267/378 
f 275/93/275/388 267/24/267/378 274/31/274/387 
f 273/32/273/386 275/93/275/388 274/31/274/387 
f 277/35/277/390 278/34/278/391 256/8/256/365 
f 277/35/277/390 256/8/256/365 279/36/279/392 
f 280/39/280/393 281/38/281/394 278/37/278/395 
f 280/39/280/393 278/37/278/395 277/40/277/396 
f 282/42/282/397 261/14/261/370 283/41/283/398 
f 282/42/282/397 283/41/283/398 284/43/284/399 
f 284/43/284/399 283/41/283/398 281/44/281/400 
f 284/43/284/399 281/44/281/400 280/45/280/401 
f 285/48/285/402 237/47/237/403 236/46/236/404 
f 285/48/285/402 236/46/236/404 279/36/279/392 
f 286/50/286/405 239/49/239/406 237/47/237/403 
f 286/50/286/405 237/47/237/403 285/48/285/402 
f 282/42/282/397 241/51/241/407 239/49/239/406 
f 282/42/282/397 239/49/239/406 286/50/286/405 
f 287/53/287/408 288/52/288/409 252/0/252/361 
f 287/53/287/408 252/0/252/361 272/30/272/385 
f 287/58/287/410 289/95/289/411 290/96/290/412 
f 287/58/287/410 290/96/290/412 288/57/288/413 
f 251/92/251/414 291/97/291/415 270/29/270/416 
f 251/92/251/360 270/29/270/383 272/30/272/385 
f 252/0/252/361 251/92/251/360 272/30/272/385 
f 255/9/255/364 285/48/285/402 279/36/279/392 
f 255/9/255/364 279/36/279/392 256/8/256/365 
f 259/12/259/368 286/50/286/405 285/48/285/402 
f 259/12/259/368 285/48/285/402 255/9/255/364 
f 261/14/261/370 282/42/282/397 286/50/286/405 
f 261/14/261/370 286/50/286/405 259/12/259/368 
f 263/17/263/372 287/53/287/408 272/30/272/385 
f 263/17/263/372 272/30/272/385 264/16/264/373 
f 266/20/266/375 292/98/292/417 289/95/289/411 
f 266/20/266/375 289/95/289/411 287/58/287/410 
f 263/19/263/376 266/20/266/375 287/58/287/410 
f 267/24/267/378 276/94/276/389 293/99/293/418 
f 267/24/267/378 293/99/293/418 268/23/268/379 
f 268/23/268/379 293/99/293/418 292/100/292/419 
f 268/23/268/379 292/100/292/419 266/26/266/381 
f 271/28/271/384 254/10/254/363 257/11/257/366 
f 271/28/271/384 257/11/257/366 264/16/264/373 
f 274/31/274/387 258/13/258/367 254/10/254/363 
f 274/31/274/387 254/10/254/363 271/28/271/384 
f 267/24/267/378 260/15/260/369 258/13/258/367 
f 267/24/267/378 258/13/258/367 274/31/274/387 
f 278/34/278/391 262/18/262/371 257/11/257/366 
f 278/34/278/391 257/11/257/366 256/8/256/365 
f 281/38/281/394 265/21/265/374 262/22/262/377 
f 281/38/281/394 262/22/262/377 278/37/278/395 
f 261/14/261/370 260/15/260/369 269/25/269/380 
f 261/14/261/370 269/25/269/380 283/41/283/398 
f 283/41/283/398 269/25/269/380 265/27/265/382 
f 283/41/283/398 265/27/265/382 281/44/281/400 
f 288/52/288/409 294/64/294/420 253/3/253/362 
f 288/52/288/409 253/3/253/362 252/0/252/361 
f 288/57/288/413 290/96/290/412 295/101/295/421 
f 288/57/288/413 295/101/295/421 294/65/294/422 
f 247/67/247/423 277/35/277/390 279/36/279/392 
f 247/67/247/423 279/36/279/392 236/46/236/404 
f 247/68/247/424 248/69/248/425 280/39/280/393 
f 247/68/247/424 280/39/280/393 277/40/277/396 
f 241/51/241/407 282/42/282/397 284/43/284/399 
f 241/51/241/407 284/43/284/399 249/70/249/426 
f 249/70/249/426 284/43/284/399 280/45/280/401 
f 249/70/249/426 280/45/280/401 248/71/248/427 
f 197/90/197/428 205/7/205/294 204/6/204/293 
f 197/90/197/428 204/6/204/293 153/86/153/347 
f 296/102/296/429 7/7/7/7 6/6/6/6 
f 296/102/296/429 6/6/6/6 50/60/50/60 
f 297/2/297/430 298/1/298/431 299/0/299/432 
f 297/2/297/430 299/0/299/432 300/3/300/433 
f 301/5/301/434 302/4/302/435 298/1/298/431 
f 301/5/301/434 298/1/298/431 297/2/297/430 
f 303/6/303/436 302/4/302/435 301/5/301/434 
f 303/6/303/436 301/5/301/434 304/7/304/437 
f 305/10/305/438 306/9/306/439 307/8/307/440 
f 305/10/305/438 307/8/307/440 308/11/308/441 
f 309/13/309/442 310/12/310/443 306/9/306/439 
f 309/13/309/442 306/9/306/439 305/10/305/438 
f 311/15/311/444 312/14/312/445 310/12/310/443 
f 311/15/311/444 310/12/310/443 309/13/309/442 
f 313/18/313/446 314/17/314/447 315/16/315/448 
f 313/18/313/446 315/16/315/448 308/11/308/441 
f 316/21/316/449 317/20/317/450 314/19/314/451 
f 316/21/316/449 314/19/314/451 313/22/313/452 
f 311/15/311/444 318/24/318/453 319/23/319/454 
f 311/15/311/444 319/23/319/454 320/25/320/455 
f 320/25/320/455 319/23/319/454 317/26/317/456 
f 320/25/320/455 317/26/317/456 316/27/316/457 
f 321/29/321/458 322/28/322/459 315/16/315/448 
f 321/29/321/458 315/16/315/448 323/30/323/460 
f 324/32/324/461 325/31/325/462 322/28/322/459 
f 324/32/324/461 322/28/322/459 321/29/321/458 
f 326/33/326/463 318/24/318/453 325/31/325/462 
f 326/33/326/463 325/31/325/462 324/32/324/461 
f 327/35/327/464 328/34/328/465 307/8/307/440 
f 327/35/327/464 307/8/307/440 329/36/329/466 
f 330/39/330/467 331/38/331/468 328/37/328/469 
f 330/39/330/467 328/37/328/469 327/40/327/470 
f 332/42/332/471 312/14/312/445 333/41/333/472 
f 332/42/332/471 333/41/333/472 334/43/334/473 
f 334/43/334/473 333/41/333/472 331/44/331/474 
f 334/43/334/473 331/44/331/474 330/45/330/475 
f 335/48/335/476 336/47/336/477 337/46/337/478 
f 335/48/335/476 337/46/337/478 329/36/329/466 
f 338/50/338/479 339/49/339/480 336/47/336/477 
f 338/50/338/479 336/47/336/477 335/48/335/476 
f 332/42/332/471 340/51/340/481 339/49/339/480 
f 332/42/332/471 339/49/339/480 338/50/338/479 
f 341/53/341/482 342/52/342/483 299/0/299/432 
f 341/53/341/482 299/0/299/432 323/30/323/460 
f 343/56/343/484 47/55/47/485 46/54/46/486 
f 343/56/343/484 46/54/46/486 342/57/342/487 
f 341/58/341/488 343/56/343/484 342/57/342/487 
f 303/6/303/436 50/60/50/489 49/59/49/490 
f 303/6/303/436 49/59/49/490 326/33/326/463 
f 344/61/344/491 326/33/326/463 49/59/49/490 
f 344/61/344/491 49/59/49/490 47/62/47/492 
f 344/61/344/491 47/62/47/492 343/63/343/493 
f 298/1/298/431 321/29/321/458 323/30/323/460 
f 298/1/298/431 323/30/323/460 299/0/299/432 
f 302/4/302/435 324/32/324/461 321/29/321/458 
f 302/4/302/435 321/29/321/458 298/1/298/431 
f 303/6/303/436 326/33/326/463 324/32/324/461 
f 303/6/303/436 324/32/324/461 302/4/302/435 
f 306/9/306/439 335/48/335/476 329/36/329/466 
f 306/9/306/439 329/36/329/466 307/8/307/440 
f 310/12/310/443 338/50/338/479 335/48/335/476 
f 310/12/310/443 335/48/335/476 306/9/306/439 
f 312/14/312/445 332/42/332/471 338/50/338/479 
f 312/14/312/445 338/50/338/479 310/12/310/443 
f 314/17/314/447 341/53/341/482 323/30/323/460 
f 314/17/314/447 323/30/323/460 315/16/315/448 
f 317/20/317/450 343/56/343/484 341/58/341/488 
f 317/20/317/450 341/58/341/488 314/19/314/451 
f 318/24/318/453 326/33/326/463 344/61/344/491 
f 318/24/318/453 344/61/344/491 319/23/319/454 
f 319/23/319/454 344/61/344/491 343/63/343/493 
f 319/23/319/454 343/63/343/493 317/26/317/456 
f 322/28/322/459 305/10/305/438 308/11/308/441 
f 322/28/322/459 308/11/308/441 315/16/315/448 
f 325/31/325/462 309/13/309/442 305/10/305/438 
f 325/31/325/462 305/10/305/438 322/28/322/459 
f 318/24/318/453 311/15/311/444 309/13/309/442 
f 318/24/318/453 309/13/309/442 325/31/325/462 
f 328/34/328/465 313/18/313/446 308/11/308/441 
f 328/34/328/465 308/11/308/441 307/8/307/440 
f 331/38/331/468 316/21/316/449 313/22/313/452 
f 331/38/331/468 313/22/313/452 328/37/328/469 
f 312/14/312/445 311/15/311/444 320/25/320/455 
f 312/14/312/445 320/25/320/455 333/41/333/472 
f 333/41/333/472 320/25/320/455 316/27/316/457 
f 333/41/333/472 316/27/316/457 331/44/331/474 
f 342/52/342/483 345/64/345/494 300/3/300/433 
f 342/52/342/483 300/3/300/433 299/0/299/432 
f 342/57/342/487 46/54/46/486 53/66/53/495 
f 342/57/342/487 53/66/53/495 345/65/345/496 
f 346/67/346/497 327/35/327/464 329/36/329/466 
f 346/67/346/497 329/36/329/466 337/46/337/478 
f 346/68/346/498 347/69/347/499 330/39/330/467 
f 346/68/346/498 330/39/330/467 327/40/327/470 
f 340/51/340/481 332/42/332/471 334/43/334/473 
f 340/51/340/481 334/43/334/473 348/70/348/500 
f 348/70/348/500 334/43/334/473 330/45/330/475 
f 348/70/348/500 330/45/330/475 347/71/347/501 
f 349/0/349/502 350/103/350/503 351/104/351/504 
f 349/0/349/502 351/104/351/504 352/3/352/505 
f 353/8/353/506 354/9/354/507 355/10/355/508 
f 353/8/353/506 355/10/355/508 356/11/356/509 
f 354/9/354/507 357/12/357/510 358/13/358/511 
f 354/9/354/507 358/13/358/511 355/10/355/508 
f 357/12/357/510 359/14/359/512 360/15/360/513 
f 357/12/357/510 360/15/360/513 358/13/358/511 
f 361/16/361/514 362/17/362/515 363/18/363/516 
f 361/16/361/514 363/18/363/516 356/11/356/509 
f 362/19/362/517 364/20/364/518 365/21/365/519 
f 362/19/362/517 365/21/365/519 363/22/363/520 
f 366/23/366/521 367/24/367/522 360/15/360/513 
f 366/23/366/521 360/15/360/513 368/25/368/523 
f 364/26/364/524 366/23/366/521 368/25/368/523 
f 364/26/364/524 368/25/368/523 365/27/365/525 
f 361/16/361/514 369/28/369/526 370/29/370/527 
f 361/16/361/514 370/29/370/527 371/30/371/528 
f 369/28/369/526 372/31/372/529 373/32/373/530 
f 369/28/369/526 373/32/373/530 370/29/370/527 
f 367/24/367/522 374/105/374/531 375/106/375/532 
f 367/24/367/522 375/106/375/532 372/31/372/529 
f 373/32/373/530 372/31/372/529 375/106/375/532 
f 353/8/353/506 376/34/376/533 377/35/377/534 
f 353/8/353/506 377/35/377/534 378/36/378/535 
f 376/37/376/536 379/38/379/537 380/39/380/538 
f 376/37/376/536 380/39/380/538 377/40/377/539 
f 381/41/381/540 359/14/359/512 382/42/382/541 
f 381/41/381/540 382/42/382/541 383/43/383/542 
f 379/44/379/543 381/41/381/540 383/43/383/542 
f 379/44/379/543 383/43/383/542 380/45/380/544 
f 337/46/337/545 336/47/336/546 384/48/384/547 
f 337/46/337/545 384/48/384/547 378/36/378/535 
f 336/47/336/546 339/49/339/548 385/50/385/549 
f 336/47/336/546 385/50/385/549 384/48/384/547 
f 339/49/339/548 340/51/340/550 382/42/382/541 
f 339/49/339/548 382/42/382/541 385/50/385/549 
f 349/0/349/502 386/52/386/551 387/53/387/552 
f 349/0/349/502 387/53/387/552 371/30/371/528 
f 387/58/387/553 386/57/386/554 388/107/388/555 
f 387/58/387/553 388/107/388/555 389/108/389/556 
f 370/29/370/527 390/109/390/557 350/103/350/503 
f 370/29/370/527 350/103/350/503 371/30/371/528 
f 349/0/349/502 371/30/371/528 350/103/350/503 
f 378/36/378/535 384/48/384/547 354/9/354/507 
f 378/36/378/535 354/9/354/507 353/8/353/506 
f 384/48/384/547 385/50/385/549 357/12/357/510 
f 384/48/384/547 357/12/357/510 354/9/354/507 
f 385/50/385/549 382/42/382/541 359/14/359/512 
f 385/50/385/549 359/14/359/512 357/12/357/510 
f 371/30/371/528 387/53/387/552 362/17/362/515 
f 371/30/371/528 362/17/362/515 361/16/361/514 
f 389/108/389/556 391/110/391/558 364/20/364/518 
f 389/108/389/556 364/20/364/518 387/58/387/553 
f 362/19/362/517 387/58/387/553 364/20/364/518 
f 392/111/392/559 374/105/374/531 367/24/367/522 
f 392/111/392/559 367/24/367/522 366/23/366/521 
f 391/112/391/560 392/111/392/559 366/23/366/521 
f 391/112/391/560 366/23/366/521 364/26/364/524 
f 356/11/356/509 355/10/355/508 369/28/369/526 
f 356/11/356/509 369/28/369/526 361/16/361/514 
f 355/10/355/508 358/13/358/511 372/31/372/529 
f 355/10/355/508 372/31/372/529 369/28/369/526 
f 358/13/358/511 360/15/360/513 367/24/367/522 
f 358/13/358/511 367/24/367/522 372/31/372/529 
f 356/11/356/509 363/18/363/516 376/34/376/533 
f 356/11/356/509 376/34/376/533 353/8/353/506 
f 363/22/363/520 365/21/365/519 379/38/379/537 
f 363/22/363/520 379/38/379/537 376/37/376/536 
f 368/25/368/523 360/15/360/513 359/14/359/512 
f 368/25/368/523 359/14/359/512 381/41/381/540 
f 365/27/365/525 368/25/368/523 381/41/381/540 
f 365/27/365/525 381/41/381/540 379/44/379/543 
f 352/3/352/505 393/64/393/561 386/52/386/551 
f 352/3/352/505 386/52/386/551 349/0/349/502 
f 386/57/386/554 393/65/393/562 394/113/394/563 
f 386/57/386/554 394/113/394/563 388/107/388/555 
f 378/36/378/535 377/35/377/534 346/67/346/564 
f 378/36/378/535 346/67/346/564 337/46/337/545 
f 346/68/346/565 377/40/377/539 380/39/380/538 
f 346/68/346/565 380/39/380/538 347/69/347/566 
f 383/43/383/542 382/42/382/541 340/51/340/550 
f 383/43/383/542 340/51/340/550 348/70/348/567 
f 380/45/380/544 383/43/383/542 348/70/348/567 
f 380/45/380/544 348/70/348/567 347/71/347/568 
f 303/6/303/436 304/7/304/437 296/102/296/569 
f 303/6/303/436 296/102/296/569 50/60/50/489 
f 395/114/395/570 273/32/273/386 270/29/270/383 
f 395/114/395/570 270/29/270/383 291/97/291/571 
f 395/114/395/570 275/93/275/388 273/32/273/386 
f 396/2/396/572 397/1/397/573 398/0/398/574 
f 396/2/396/572 398/0/398/574 399/3/399/575 
f 400/5/400/576 401/4/401/577 397/1/397/573 
f 400/5/400/576 397/1/397/573 396/2/396/572 
f 402/6/402/578 401/4/401/577 400/5/400/576 
f 402/6/402/578 400/5/400/576 403/7/403/579 
f 404/10/404/580 405/9/405/581 406/8/406/582 
f 404/10/404/580 406/8/406/582 407/11/407/583 
f 408/13/408/584 409/12/409/585 405/9/405/581 
f 408/13/408/584 405/9/405/581 404/10/404/580 
f 410/15/410/586 411/14/411/587 409/12/409/585 
f 410/15/410/586 409/12/409/585 408/13/408/584 
f 412/18/412/588 413/17/413/589 414/16/414/590 
f 412/18/412/588 414/16/414/590 407/11/407/583 
f 415/21/415/591 416/20/416/592 413/19/413/593 
f 415/21/415/591 413/19/413/593 412/22/412/594 
f 410/15/410/586 417/24/417/595 418/23/418/596 
f 410/15/410/586 418/23/418/596 419/25/419/597 
f 419/25/419/597 418/23/418/596 416/26/416/598 
f 419/25/419/597 416/26/416/598 415/27/415/599 
f 420/29/420/600 421/28/421/601 414/16/414/590 
f 420/29/420/600 414/16/414/590 422/30/422/602 
f 423/32/423/603 424/31/424/604 421/28/421/601 
f 423/32/423/603 421/28/421/601 420/29/420/600 
f 425/33/425/605 417/24/417/595 424/31/424/604 
f 425/33/425/605 424/31/424/604 423/32/423/603 
f 426/35/426/606 427/34/427/607 406/8/406/582 
f 426/35/426/606 406/8/406/582 428/36/428/608 
f 429/39/429/609 430/38/430/610 427/37/427/611 
f 429/39/429/609 427/37/427/611 426/40/426/612 
f 431/42/431/613 411/14/411/587 432/41/432/614 
f 431/42/431/613 432/41/432/614 433/43/433/615 
f 433/43/433/615 432/41/432/614 430/44/430/616 
f 433/43/433/615 430/44/430/616 429/45/429/617 
f 434/48/434/618 435/47/435/619 436/46/436/620 
f 434/48/434/618 436/46/436/620 428/36/428/608 
f 437/50/437/621 438/49/438/622 435/47/435/619 
f 437/50/437/621 435/47/435/619 434/48/434/618 
f 431/42/431/613 439/51/439/623 438/49/438/622 
f 431/42/431/613 438/49/438/622 437/50/437/621 
f 440/53/440/624 441/52/441/625 398/0/398/574 
f 440/53/440/624 398/0/398/574 422/30/422/602 
f 442/56/442/626 443/55/443/627 444/54/444/628 
f 442/56/442/626 444/54/444/628 441/57/441/629 
f 440/58/440/630 442/56/442/626 441/57/441/629 
f 402/6/402/578 445/60/445/631 446/59/446/632 
f 402/6/402/578 446/59/446/632 425/33/425/605 
f 447/61/447/633 425/33/425/605 446/59/446/632 
f 447/61/447/633 446/59/446/632 443/62/443/634 
f 447/61/447/633 443/62/443/634 442/63/442/635 
f 397/1/397/573 420/29/420/600 422/30/422/602 
f 397/1/397/573 422/30/422/602 398/0/398/574 
f 401/4/401/577 423/32/423/603 420/29/420/600 
f 401/4/401/577 420/29/420/600 397/1/397/573 
f 402/6/402/578 425/33/425/605 423/32/423/603 
f 402/6/402/578 423/32/423/603 401/4/401/577 
f 405/9/405/581 434/48/434/618 428/36/428/608 
f 405/9/405/581 428/36/428/608 406/8/406/582 
f 409/12/409/585 437/50/437/621 434/48/434/618 
f 409/12/409/585 434/48/434/618 405/9/405/581 
f 411/14/411/587 431/42/431/613 437/50/437/621 
f 411/14/411/587 437/50/437/621 409/12/409/585 
f 413/17/413/589 440/53/440/624 422/30/422/602 
f 413/17/413/589 422/30/422/602 414/16/414/590 
f 416/20/416/592 442/56/442/626 440/58/440/630 
f 416/20/416/592 440/58/440/630 413/19/413/593 
f 417/24/417/595 425/33/425/605 447/61/447/633 
f 417/24/417/595 447/61/447/633 418/23/418/596 
f 418/23/418/596 447/61/447/633 442/63/442/635 
f 418/23/418/596 442/63/442/635 416/26/416/598 
f 421/28/421/601 404/10/404/580 407/11/407/583 
f 421/28/421/601 407/11/407/583 414/16/414/590 
f 424/31/424/604 408/13/408/584 404/10/404/580 
f 424/31/424/604 404/10/404/580 421/28/421/601 
f 417/24/417/595 410/15/410/586 408/13/408/584 
f 417/24/417/595 408/13/408/584 424/31/424/604 
f 427/34/427/607 412/18/412/588 407/11/407/583 
f 427/34/427/607 407/11/407/583 406/8/406/582 
f 430/38/430/610 415/21/415/591 412/22/412/594 
f 430/38/430/610 412/22/412/594 427/37/427/611 
f 411/14/411/587 410/15/410/586 419/25/419/597 
f 411/14/411/587 419/25/419/597 432/41/432/614 
f 432/41/432/614 419/25/419/597 415/27/415/599 
f 432/41/432/614 415/27/415/599 430/44/430/616 
f 441/52/441/625 448/64/448/636 399/3/399/575 
f 441/52/441/625 399/3/399/575 398/0/398/574 
f 441/57/441/629 444/54/444/628 449/66/449/637 
f 441/57/441/629 449/66/449/637 448/65/448/638 
f 450/67/450/639 426/35/426/606 428/36/428/608 
f 450/67/450/639 428/36/428/608 436/46/436/620 
f 450/68/450/640 451/69/451/641 429/39/429/609 
f 450/68/450/640 429/39/429/609 426/40/426/612 
f 439/51/439/623 431/42/431/613 433/43/433/615 
f 439/51/439/623 433/43/433/615 452/70/452/642 
f 452/70/452/642 433/43/433/615 429/45/429/617 
f 452/70/452/642 429/45/429/617 451/71/451/643 
f 453/0/453/644 454/73/454/645 455/72/455/646 
f 453/0/453/644 455/72/455/646 456/3/456/647 
f 457/8/457/648 458/9/458/649 459/10/459/650 
f 457/8/457/648 459/10/459/650 460/11/460/651 
f 458/9/458/649 461/12/461/652 462/13/462/653 
f 458/9/458/649 462/13/462/653 459/10/459/650 
f 461/12/461/652 463/14/463/654 464/15/464/655 
f 461/12/461/652 464/15/464/655 462/13/462/653 
f 465/16/465/656 466/17/466/657 467/18/467/658 
f 465/16/465/656 467/18/467/658 460/11/460/651 
f 466/19/466/659 468/20/468/660 469/21/469/661 
f 466/19/466/659 469/21/469/661 467/22/467/662 
f 470/23/470/663 471/24/471/664 464/15/464/655 
f 470/23/470/663 464/15/464/655 472/25/472/665 
f 468/26/468/666 470/23/470/663 472/25/472/665 
f 468/26/468/666 472/25/472/665 469/27/469/667 
f 465/16/465/656 473/28/473/668 474/29/474/669 
f 465/16/465/656 474/29/474/669 475/30/475/670 
f 473/28/473/668 476/31/476/671 477/32/477/672 
f 473/28/473/668 477/32/477/672 474/29/474/669 
f 471/24/471/664 478/75/478/673 479/74/479/674 
f 471/24/471/664 479/74/479/674 476/31/476/671 
f 477/32/477/672 476/31/476/671 479/74/479/674 
f 457/8/457/648 480/34/480/675 481/35/481/676 
f 457/8/457/648 481/35/481/676 482/36/482/677 
f 480/37/480/678 483/38/483/679 484/39/484/680 
f 480/37/480/678 484/39/484/680 481/40/481/681 
f 485/41/485/682 463/14/463/654 486/42/486/683 
f 485/41/485/682 486/42/486/683 487/43/487/684 
f 483/44/483/685 485/41/485/682 487/43/487/684 
f 483/44/483/685 487/43/487/684 484/45/484/686 
f 436/46/436/687 435/47/435/688 488/48/488/689 
f 436/46/436/687 488/48/488/689 482/36/482/677 
f 435/47/435/688 438/49/438/690 489/50/489/691 
f 435/47/435/688 489/50/489/691 488/48/488/689 
f 438/49/438/690 439/51/439/692 486/42/486/683 
f 438/49/438/690 486/42/486/683 489/50/489/691 
f 453/0/453/644 490/52/490/693 491/53/491/694 
f 453/0/453/644 491/53/491/694 475/30/475/670 
f 491/58/491/695 490/57/490/696 492/77/492/697 
f 491/58/491/695 492/77/492/697 493/76/493/698 
f 474/29/474/699 494/78/494/700 454/73/454/701 
f 474/29/474/669 454/73/454/645 475/30/475/670 
f 453/0/453/644 475/30/475/670 454/73/454/645 
f 482/36/482/677 488/48/488/689 458/9/458/649 
f 482/36/482/677 458/9/458/649 457/8/457/648 
f 488/48/488/689 489/50/489/691 461/12/461/652 
f 488/48/488/689 461/12/461/652 458/9/458/649 
f 489/50/489/691 486/42/486/683 463/14/463/654 
f 489/50/489/691 463/14/463/654 461/12/461/652 
f 475/30/475/670 491/53/491/694 466/17/466/657 
f 475/30/475/670 466/17/466/657 465/16/465/656 
f 493/76/493/698 495/79/495/702 468/20/468/660 
f 493/76/493/698 468/20/468/660 491/58/491/695 
f 466/19/466/659 491/58/491/695 468/20/468/660 
f 496/80/496/703 478/75/478/673 471/24/471/664 
f 496/80/496/703 471/24/471/664 470/23/470/663 
f 495/81/495/704 496/80/496/703 470/23/470/663 
f 495/81/495/704 470/23/470/663 468/26/468/666 
f 460/11/460/651 459/10/459/650 473/28/473/668 
f 460/11/460/651 473/28/473/668 465/16/465/656 
f 459/10/459/650 462/13/462/653 476/31/476/671 
f 459/10/459/650 476/31/476/671 473/28/473/668 
f 462/13/462/653 464/15/464/655 471/24/471/664 
f 462/13/462/653 471/24/471/664 476/31/476/671 
f 460/11/460/651 467/18/467/658 480/34/480/675 
f 460/11/460/651 480/34/480/675 457/8/457/648 
f 467/22/467/662 469/21/469/661 483/38/483/679 
f 467/22/467/662 483/38/483/679 480/37/480/678 
f 472/25/472/665 464/15/464/655 463/14/463/654 
f 472/25/472/665 463/14/463/654 485/41/485/682 
f 469/27/469/667 472/25/472/665 485/41/485/682 
f 469/27/469/667 485/41/485/682 483/44/483/685 
f 456/3/456/647 497/64/497/705 490/52/490/693 
f 456/3/456/647 490/52/490/693 453/0/453/644 
f 490/57/490/696 497/65/497/706 498/82/498/707 
f 490/57/490/696 498/82/498/707 492/77/492/697 
f 482/36/482/677 481/35/481/676 450/67/450/708 
f 482/36/482/677 450/67/450/708 436/46/436/687 
f 450/68/450/709 481/40/481/681 484/39/484/680 
f 450/68/450/709 484/39/484/680 451/69/451/710 
f 487/43/487/684 486/42/486/683 439/51/439/692 
f 487/43/487/684 439/51/439/692 452/70/452/711 
f 484/45/484/686 487/43/487/684 452/70/452/711 
f 484/45/484/686 452/70/452/711 451/71/451/712 
f 494/78/494/713 474/29/474/669 477/32/477/672 
f 494/78/494/713 477/32/477/672 499/83/499/714 
f 479/74/479/674 499/83/499/714 477/32/477/672 
f 500/0/500/715 501/1/501/716 502/2/502/717 
f 500/0/500/715 502/2/502/717 503/3/503/718 
f 501/1/501/716 504/4/504/719 505/5/505/720 
f 501/1/501/716 505/5/505/720 502/2/502/717 
f 505/5/505/720 504/4/504/719 506/6/506/721 
f 505/5/505/720 506/6/506/721 507/7/507/722 
f 508/8/508/723 509/9/509/724 510/10/510/725 
f 508/8/508/723 510/10/510/725 511/11/511/726 
f 509/9/509/724 512/12/512/727 513/13/513/728 
f 509/9/509/724 513/13/513/728 510/10/510/725 
f 512/12/512/727 514/14/514/729 515/15/515/730 
f 512/12/512/727 515/15/515/730 513/13/513/728 
f 516/16/516/731 517/17/517/732 518/18/518/733 
f 516/16/516/731 518/18/518/733 511/11/511/726 
f 517/19/517/734 519/20/519/735 520/21/520/736 
f 517/19/517/734 520/21/520/736 518/22/518/737 
f 521/23/521/738 522/24/522/739 515/15/515/730 
f 521/23/521/738 515/15/515/730 523/25/523/740 
f 519/26/519/741 521/23/521/738 523/25/523/740 
f 519/26/519/741 523/25/523/740 520/27/520/742 
f 516/16/516/731 524/28/524/743 525/29/525/744 
f 516/16/516/731 525/29/525/744 526/30/526/745 
f 524/28/524/743 527/31/527/746 528/32/528/747 
f 524/28/524/743 528/32/528/747 525/29/525/744 
f 527/31/527/746 522/24/522/739 529/33/529/748 
f 527/31/527/746 529/33/529/748 528/32/528/747 
f 508/8/508/723 530/34/530/749 531/35/531/750 
f 508/8/508/723 531/35/531/750 532/36/532/751 
f 530/37/530/752 533/38/533/753 534/39/534/754 
f 530/37/530/752 534/39/534/754 531/40/531/755 
f 535/41/535/756 514/14/514/729 536/42/536/757 
f 535/41/535/756 536/42/536/757 537/43/537/758 
f 533/44/533/759 535/41/535/756 537/43/537/758 
f 533/44/533/759 537/43/537/758 534/45/534/760 
f 538/46/538/761 539/47/539/762 540/48/540/763 
f 538/46/538/761 540/48/540/763 532/36/532/751 
f 539/47/539/762 541/49/541/764 542/50/542/765 
f 539/47/539/762 542/50/542/765 540/48/540/763 
f 541/49/541/764 543/51/543/766 536/42/536/757 
f 541/49/541/764 536/42/536/757 542/50/542/765 
f 500/0/500/715 544/52/544/767 545/53/545/768 
f 500/0/500/715 545/53/545/768 526/30/526/745 
f 546/85/546/769 547/84/547/770 548/56/548/771 
f 546/85/546/769 548/56/548/771 544/57/544/772 
f 545/58/545/773 544/57/544/772 548/56/548/771 
f 549/87/549/774 550/86/550/775 506/6/506/721 
f 549/87/549/774 506/6/506/721 529/33/529/748 
f 551/61/551/776 549/87/549/774 529/33/529/748 
f 547/88/547/777 549/87/549/774 551/61/551/776 
f 547/88/547/777 551/61/551/776 548/63/548/778 
f 526/30/526/745 525/29/525/744 501/1/501/716 
f 526/30/526/745 501/1/501/716 500/0/500/715 
f 525/29/525/744 528/32/528/747 504/4/504/719 
f 525/29/525/744 504/4/504/719 501/1/501/716 
f 528/32/528/747 529/33/529/748 506/6/506/721 
f 528/32/528/747 506/6/506/721 504/4/504/719 
f 532/36/532/751 540/48/540/763 509/9/509/724 
f 532/36/532/751 509/9/509/724 508/8/508/723 
f 540/48/540/763 542/50/542/765 512/12/512/727 
f 540/48/540/763 512/12/512/727 509/9/509/724 
f 542/50/542/765 536/42/536/757 514/14/514/729 
f 542/50/542/765 514/14/514/729 512/12/512/727 
f 526/30/526/745 545/53/545/768 517/17/517/732 
f 526/30/526/745 517/17/517/732 516/16/516/731 
f 545/58/545/773 548/56/548/771 519/20/519/735 
f 545/58/545/773 519/20/519/735 517/19/517/734 
f 551/61/551/776 529/33/529/748 522/24/522/739 
f 551/61/551/776 522/24/522/739 521/23/521/738 
f 548/63/548/778 551/61/551/776 521/23/521/738 
f 548/63/548/778 521/23/521/738 519/26/519/741 
f 511/11/511/726 510/10/510/725 524/28/524/743 
f 511/11/511/726 524/28/524/743 516/16/516/731 
f 510/10/510/725 513/13/513/728 527/31/527/746 
f 510/10/510/725 527/31/527/746 524/28/524/743 
f 513/13/513/728 515/15/515/730 522/24/522/739 
f 513/13/513/728 522/24/522/739 527/31/527/746 
f 511/11/511/726 518/18/518/733 530/34/530/749 
f 511/11/511/726 530/34/530/749 508/8/508/723 
f 518/22/518/737 520/21/520/736 533/38/533/753 
f 518/22/518/737 533/38/533/753 530/37/530/752 
f 523/25/523/740 515/15/515/730 514/14/514/729 
f 523/25/523/740 514/14/514/729 535/41/535/756 
f 520/27/520/742 523/25/523/740 535/41/535/756 
f 520/27/520/742 535/41/535/756 533/44/533/759 
f 503/3/503/718 552/64/552/779 544/52/544/767 
f 503/3/503/718 544/52/544/767 500/0/500/715 
f 544/57/544/772 552/65/552/780 553/89/553/781 
f 544/57/544/772 553/89/553/781 546/85/546/769 
f 532/36/532/751 531/35/531/750 554/67/554/782 
f 532/36/532/751 554/67/554/782 538/46/538/761 
f 554/68/554/783 531/40/531/755 534/39/534/754 
f 554/68/554/783 534/39/534/754 555/69/555/784 
f 537/43/537/758 536/42/536/757 543/51/543/766 
f 537/43/537/758 543/51/543/766 556/70/556/785 
f 534/45/534/760 537/43/537/758 556/70/556/785 
f 534/45/534/760 556/70/556/785 555/71/555/786 
f 455/72/455/787 454/73/454/788 557/0/557/789 
f 455/72/455/787 557/0/557/789 558/3/558/790 
f 559/10/559/791 560/9/560/792 561/8/561/793 
f 559/10/559/791 561/8/561/793 562/11/562/794 
f 563/13/563/795 564/12/564/796 560/9/560/792 
f 563/13/563/795 560/9/560/792 559/10/559/791 
f 565/15/565/797 566/14/566/798 564/12/564/796 
f 565/15/565/797 564/12/564/796 563/13/563/795 
f 567/18/567/799 568/17/568/800 569/16/569/801 
f 567/18/567/799 569/16/569/801 562/11/562/794 
f 570/21/570/802 571/20/571/803 568/19/568/804 
f 570/21/570/802 568/19/568/804 567/22/567/805 
f 565/15/565/797 572/24/572/806 573/23/573/807 
f 565/15/565/797 573/23/573/807 574/25/574/808 
f 574/25/574/808 573/23/573/807 571/26/571/809 
f 574/25/574/808 571/26/571/809 570/27/570/810 
f 575/29/575/811 576/28/576/812 569/16/569/801 
f 575/29/575/811 569/16/569/801 577/30/577/813 
f 578/32/578/814 579/31/579/815 576/28/576/812 
f 578/32/578/814 576/28/576/812 575/29/575/811 
f 479/74/479/816 478/75/478/817 572/24/572/806 
f 479/74/479/816 572/24/572/806 579/31/579/815 
f 578/32/578/814 479/74/479/816 579/31/579/815 
f 580/35/580/818 581/34/581/819 561/8/561/793 
f 580/35/580/818 561/8/561/793 582/36/582/820 
f 583/39/583/821 584/38/584/822 581/37/581/823 
f 583/39/583/821 581/37/581/823 580/40/580/824 
f 585/42/585/825 566/14/566/798 586/41/586/826 
f 585/42/585/825 586/41/586/826 587/43/587/827 
f 587/43/587/827 586/41/586/826 584/44/584/828 
f 587/43/587/827 584/44/584/828 583/45/583/829 
f 588/48/588/830 539/47/539/831 538/46/538/832 
f 588/48/588/830 538/46/538/832 582/36/582/820 
f 589/50/589/833 541/49/541/834 539/47/539/831 
f 589/50/589/833 539/47/539/831 588/48/588/830 
f 585/42/585/825 543/51/543/835 541/49/541/834 
f 585/42/585/825 541/49/541/834 589/50/589/833 
f 590/53/590/836 591/52/591/837 557/0/557/789 
f 590/53/590/836 557/0/557/789 577/30/577/813 
f 590/58/590/838 493/76/493/839 492/77/492/840 
f 590/58/590/838 492/77/492/840 591/57/591/841 
f 454/73/454/842 494/78/494/843 575/29/575/844 
f 454/73/454/788 575/29/575/811 577/30/577/813 
f 557/0/557/789 454/73/454/788 577/30/577/813 
f 560/9/560/792 588/48/588/830 582/36/582/820 
f 560/9/560/792 582/36/582/820 561/8/561/793 
f 564/12/564/796 589/50/589/833 588/48/588/830 
f 564/12/564/796 588/48/588/830 560/9/560/792 
f 566/14/566/798 585/42/585/825 589/50/589/833 
f 566/14/566/798 589/50/589/833 564/12/564/796 
f 568/17/568/800 590/53/590/836 577/30/577/813 
f 568/17/568/800 577/30/577/813 569/16/569/801 
f 571/20/571/803 495/79/495/845 493/76/493/839 
f 571/20/571/803 493/76/493/839 590/58/590/838 
f 568/19/568/804 571/20/571/803 590/58/590/838 
f 572/24/572/806 478/75/478/817 496/80/496/846 
f 572/24/572/806 496/80/496/846 573/23/573/807 
f 573/23/573/807 496/80/496/846 495/81/495/847 
f 573/23/573/807 495/81/495/847 571/26/571/809 
f 576/28/576/812 559/10/559/791 562/11/562/794 
f 576/28/576/812 562/11/562/794 569/16/569/801 
f 579/31/579/815 563/13/563/795 559/10/559/791 
f 579/31/579/815 559/10/559/791 576/28/576/812 
f 572/24/572/806 565/15/565/797 563/13/563/795 
f 572/24/572/806 563/13/563/795 579/31/579/815 
f 581/34/581/819 567/18/567/799 562/11/562/794 
f 581/34/581/819 562/11/562/794 561/8/561/793 
f 584/38/584/822 570/21/570/802 567/22/567/805 
f 584/38/584/822 567/22/567/805 581/37/581/823 
f 566/14/566/798 565/15/565/797 574/25/574/808 
f 566/14/566/798 574/25/574/808 586/41/586/826 
f 586/41/586/826 574/25/574/808 570/27/570/810 
f 586/41/586/826 570/27/570/810 584/44/584/828 
f 591/52/591/837 592/64/592/848 558/3/558/790 
f 591/52/591/837 558/3/558/790 557/0/557/789 
f 591/57/591/841 492/77/492/840 498/82/498/849 
f 591/57/591/841 498/82/498/849 592/65/592/850 
f 554/67/554/851 580/35/580/818 582/36/582/820 
f 554/67/554/851 582/36/582/820 538/46/538/832 
f 554/68/554/852 555/69/555/853 583/39/583/821 
f 554/68/554/852 583/39/583/821 580/40/580/824 
f 543/51/543/835 585/42/585/825 587/43/587/827 
f 543/51/543/835 587/43/587/827 556/70/556/854 
f 556/70/556/854 587/43/587/827 583/45/583/829 
f 556/70/556/854 583/45/583/829 555/71/555/855 
f 578/32/578/814 575/29/575/811 494/78/494/856 
f 578/32/578/814 494/78/494/856 499/83/499/857 
f 479/74/479/816 578/32/578/814 499/83/499/857 
f 593/90/593/858 507/7/507/722 506/6/506/721 
f 593/90/593/858 506/6/506/721 550/86/550/775 
f 594/2/594/859 595/1/595/860 596/0/596/861 
f 594/2/594/859 596/0/596/861 597/3/597/862 
f 598/5/598/863 599/4/599/864 595/1/595/860 
f 598/5/598/863 595/1/595/860 594/2/594/859 
f 600/6/600/865 599/4/599/864 598/5/598/863 
f 600/6/600/865 598/5/598/863 601/7/601/866 
f 602/10/602/867 603/9/603/868 604/8/604/869 
f 602/10/602/867 604/8/604/869 605/11/605/870 
f 606/13/606/871 607/12/607/872 603/9/603/868 
f 606/13/606/871 603/9/603/868 602/10/602/867 
f 608/15/608/873 609/14/609/874 607/12/607/872 
f 608/15/608/873 607/12/607/872 606/13/606/871 
f 610/18/610/875 611/17/611/876 612/16/612/877 
f 610/18/610/875 612/16/612/877 605/11/605/870 
f 613/21/613/878 614/20/614/879 611/19/611/880 
f 613/21/613/878 611/19/611/880 610/22/610/881 
f 608/15/608/873 615/24/615/882 616/23/616/883 
f 608/15/608/873 616/23/616/883 617/25/617/884 
f 617/25/617/884 616/23/616/883 614/26/614/885 
f 617/25/617/884 614/26/614/885 613/27/613/886 
f 618/29/618/887 619/28/619/888 612/16/612/877 
f 618/29/618/887 612/16/612/877 620/30/620/889 
f 621/32/621/890 622/31/622/891 619/28/619/888 
f 621/32/621/890 619/28/619/888 618/29/618/887 
f 623/33/623/892 615/24/615/882 622/31/622/891 
f 623/33/623/892 622/31/622/891 621/32/621/890 
f 624/35/624/893 625/34/625/894 604/8/604/869 
f 624/35/624/893 604/8/604/869 626/36/626/895 
f 627/39/627/896 628/38/628/897 625/37/625/898 
f 627/39/627/896 625/37/625/898 624/40/624/899 
f 629/42/629/900 609/14/609/874 630/41/630/901 
f 629/42/629/900 630/41/630/901 631/43/631/902 
f 631/43/631/902 630/41/630/901 628/44/628/903 
f 631/43/631/902 628/44/628/903 627/45/627/904 
f 632/48/632/905 633/47/633/906 634/46/634/907 
f 632/48/632/905 634/46/634/907 626/36/626/895 
f 635/50/635/908 636/49/636/909 633/47/633/906 
f 635/50/635/908 633/47/633/906 632/48/632/905 
f 629/42/629/900 637/51/637/910 636/49/636/909 
f 629/42/629/900 636/49/636/909 635/50/635/908 
f 638/53/638/911 639/52/639/912 596/0/596/861 
f 638/53/638/911 596/0/596/861 620/30/620/889 
f 640/56/640/913 547/84/547/914 546/85/546/915 
f 640/56/640/913 546/85/546/915 639/57/639/916 
f 638/58/638/917 640/56/640/913 639/57/639/916 
f 600/6/600/865 550/86/550/918 549/87/549/919 
f 600/6/600/865 549/87/549/919 623/33/623/892 
f 641/61/641/920 623/33/623/892 549/87/549/919 
f 641/61/641/920 549/87/549/919 547/88/547/921 
f 641/61/641/920 547/88/547/921 640/63/640/922 
f 595/1/595/860 618/29/618/887 620/30/620/889 
f 595/1/595/860 620/30/620/889 596/0/596/861 
f 599/4/599/864 621/32/621/890 618/29/618/887 
f 599/4/599/864 618/29/618/887 595/1/595/860 
f 600/6/600/865 623/33/623/892 621/32/621/890 
f 600/6/600/865 621/32/621/890 599/4/599/864 
f 603/9/603/868 632/48/632/905 626/36/626/895 
f 603/9/603/868 626/36/626/895 604/8/604/869 
f 607/12/607/872 635/50/635/908 632/48/632/905 
f 607/12/607/872 632/48/632/905 603/9/603/868 
f 609/14/609/874 629/42/629/900 635/50/635/908 
f 609/14/609/874 635/50/635/908 607/12/607/872 
f 611/17/611/876 638/53/638/911 620/30/620/889 
f 611/17/611/876 620/30/620/889 612/16/612/877 
f 614/20/614/879 640/56/640/913 638/58/638/917 
f 614/20/614/879 638/58/638/917 611/19/611/880 
f 615/24/615/882 623/33/623/892 641/61/641/920 
f 615/24/615/882 641/61/641/920 616/23/616/883 
f 616/23/616/883 641/61/641/920 640/63/640/922 
f 616/23/616/883 640/63/640/922 614/26/614/885 
f 619/28/619/888 602/10/602/867 605/11/605/870 
f 619/28/619/888 605/11/605/870 612/16/612/877 
f 622/31/622/891 606/13/606/871 602/10/602/867 
f 622/31/622/891 602/10/602/867 619/28/619/888 
f 615/24/615/882 608/15/608/873 606/13/606/871 
f 615/24/615/882 606/13/606/871 622/31/622/891 
f 625/34/625/894 610/18/610/875 605/11/605/870 
f 625/34/625/894 605/11/605/870 604/8/604/869 
f 628/38/628/897 613/21/613/878 610/22/610/881 
f 628/38/628/897 610/22/610/881 625/37/625/898 
f 609/14/609/874 608/15/608/873 617/25/617/884 
f 609/14/609/874 617/25/617/884 630/41/630/901 
f 630/41/630/901 617/25/617/884 613/27/613/886 
f 630/41/630/901 613/27/613/886 628/44/628/903 
f 639/52/639/912 642/64/642/923 597/3/597/862 
f 639/52/639/912 597/3/597/862 596/0/596/861 
f 639/57/639/916 546/85/546/915 553/89/553/924 
f 639/57/639/916 553/89/553/924 642/65/642/925 
f 643/67/643/926 624/35/624/893 626/36/626/895 
f 643/67/643/926 626/36/626/895 634/46/634/907 
f 643/68/643/927 644/69/644/928 627/39/627/896 
f 643/68/643/927 627/39/627/896 624/40/624/899 
f 637/51/637/910 629/42/629/900 631/43/631/902 
f 637/51/637/910 631/43/631/902 645/70/645/929 
f 645/70/645/929 631/43/631/902 627/45/627/904 
f 645/70/645/929 627/45/627/904 644/71/644/930 
f 646/0/646/931 251/92/251/932 250/91/250/933 
f 646/0/646/931 250/91/250/933 647/3/647/934 
f 648/8/648/935 649/9/649/936 650/10/650/937 
f 648/8/648/935 650/10/650/937 651/11/651/938 
f 649/9/649/936 652/12/652/939 653/13/653/940 
f 649/9/649/936 653/13/653/940 650/10/650/937 
f 652/12/652/939 654/14/654/941 655/15/655/942 
f 652/12/652/939 655/15/655/942 653/13/653/940 
f 656/16/656/943 657/17/657/944 658/18/658/945 
f 656/16/656/943 658/18/658/945 651/11/651/938 
f 657/19/657/946 659/20/659/947 660/21/660/948 
f 657/19/657/946 660/21/660/948 658/22/658/949 
f 661/23/661/950 662/24/662/951 655/15/655/942 
f 661/23/661/950 655/15/655/942 663/25/663/952 
f 659/26/659/953 661/23/661/950 663/25/663/952 
f 659/26/659/953 663/25/663/952 660/27/660/954 
f 656/16/656/943 664/28/664/955 665/29/665/956 
f 656/16/656/943 665/29/665/956 666/30/666/957 
f 664/28/664/955 667/31/667/958 668/32/668/959 
f 664/28/664/955 668/32/668/959 665/29/665/956 
f 662/24/662/951 276/94/276/960 275/93/275/961 
f 662/24/662/951 275/93/275/961 667/31/667/958 
f 668/32/668/959 667/31/667/958 275/93/275/961 
f 648/8/648/935 669/34/669/962 670/35/670/963 
f 648/8/648/935 670/35/670/963 671/36/671/964 
f 669/37/669/965 672/38/672/966 673/39/673/967 
f 669/37/669/965 673/39/673/967 670/40/670/968 
f 674/41/674/969 654/14/654/941 675/42/675/970 
f 674/41/674/969 675/42/675/970 676/43/676/971 
f 672/44/672/972 674/41/674/969 676/43/676/971 
f 672/44/672/972 676/43/676/971 673/45/673/973 
f 634/46/634/974 633/47/633/975 677/48/677/976 
f 634/46/634/974 677/48/677/976 671/36/671/964 
f 633/47/633/975 636/49/636/977 678/50/678/978 
f 633/47/633/975 678/50/678/978 677/48/677/976 
f 636/49/636/977 637/51/637/979 675/42/675/970 
f 636/49/636/977 675/42/675/970 678/50/678/978 
f 646/0/646/931 679/52/679/980 680/53/680/981 
f 646/0/646/931 680/53/680/981 666/30/666/957 
f 680/58/680/982 679/57/679/983 290/96/290/984 
f 680/58/680/982 290/96/290/984 289/95/289/985 
f 665/29/665/986 291/97/291/987 251/92/251/988 
f 665/29/665/956 251/92/251/932 666/30/666/957 
f 646/0/646/931 666/30/666/957 251/92/251/932 
f 671/36/671/964 677/48/677/976 649/9/649/936 
f 671/36/671/964 649/9/649/936 648/8/648/935 
f 677/48/677/976 678/50/678/978 652/12/652/939 
f 677/48/677/976 652/12/652/939 649/9/649/936 
f 678/50/678/978 675/42/675/970 654/14/654/941 
f 678/50/678/978 654/14/654/941 652/12/652/939 
f 666/30/666/957 680/53/680/981 657/17/657/944 
f 666/30/666/957 657/17/657/944 656/16/656/943 
f 289/95/289/985 292/98/292/989 659/20/659/947 
f 289/95/289/985 659/20/659/947 680/58/680/982 
f 657/19/657/946 680/58/680/982 659/20/659/947 
f 293/99/293/990 276/94/276/960 662/24/662/951 
f 293/99/293/990 662/24/662/951 661/23/661/950 
f 292/100/292/991 293/99/293/990 661/23/661/950 
f 292/100/292/991 661/23/661/950 659/26/659/953 
f 651/11/651/938 650/10/650/937 664/28/664/955 
f 651/11/651/938 664/28/664/955 656/16/656/943 
f 650/10/650/937 653/13/653/940 667/31/667/958 
f 650/10/650/937 667/31/667/958 664/28/664/955 
f 653/13/653/940 655/15/655/942 662/24/662/951 
f 653/13/653/940 662/24/662/951 667/31/667/958 
f 651/11/651/938 658/18/658/945 669/34/669/962 
f 651/11/651/938 669/34/669/962 648/8/648/935 
f 658/22/658/949 660/21/660/948 672/38/672/966 
f 658/22/658/949 672/38/672/966 669/37/669/965 
f 663/25/663/952 655/15/655/942 654/14/654/941 
f 663/25/663/952 654/14/654/941 674/41/674/969 
f 660/27/660/954 663/25/663/952 674/41/674/969 
f 660/27/660/954 674/41/674/969 672/44/672/972 
f 647/3/647/934 681/64/681/992 679/52/679/980 
f 647/3/647/934 679/52/679/980 646/0/646/931 
f 679/57/679/983 681/65/681/993 295/101/295/994 
f 679/57/679/983 295/101/295/994 290/96/290/984 
f 671/36/671/964 670/35/670/963 643/67/643/995 
f 671/36/671/964 643/67/643/995 634/46/634/974 
f 643/68/643/996 670/40/670/968 673/39/673/967 
f 643/68/643/996 673/39/673/967 644/69/644/997 
f 676/43/676/971 675/42/675/970 637/51/637/979 
f 676/43/676/971 637/51/637/979 645/70/645/998 
f 673/45/673/973 676/43/676/971 645/70/645/998 
f 673/45/673/973 645/70/645/998 644/71/644/999 
f 600/6/600/865 601/7/601/866 593/90/593/1000 
f 600/6/600/865 593/90/593/1000 550/86/550/918 
f 402/6/402/578 403/7/403/579 682/102/682/1001 
f 402/6/402/578 682/102/682/1001 445/60/445/631 
f 683/0/683/1002 684/1/684/1003 685/2/685/1004 
f 683/0/683/1002 685/2/685/1004 686/3/686/1005 
f 684/1/684/1003 687/4/687/1006 688/5/688/1007 
f 684/1/684/1003 688/5/688/1007 685/2/685/1004 
f 688/5/688/1007 687/4/687/1006 689/6/689/1008 
f 688/5/688/1007 689/6/689/1008 690/7/690/1009 
f 691/8/691/1010 692/9/692/1011 693/10/693/1012 
f 691/8/691/1010 693/10/693/1012 694/11/694/1013 
f 692/9/692/1011 695/12/695/1014 696/13/696/1015 
f 692/9/692/1011 696/13/696/1015 693/10/693/1012 
f 695/12/695/1014 697/14/697/1016 698/15/698/1017 
f 695/12/695/1014 698/15/698/1017 696/13/696/1015 
f 699/16/699/1018 700/17/700/1019 701/18/701/1020 
f 699/16/699/1018 701/18/701/1020 694/11/694/1013 
f 700/19/700/1021 702/20/702/1022 703/21/703/1023 
f 700/19/700/1021 703/21/703/1023 701/22/701/1024 
f 704/23/704/1025 705/24/705/1026 698/15/698/1017 
f 704/23/704/1025 698/15/698/1017 706/25/706/1027 
f 702/26/702/1028 704/23/704/1025 706/25/706/1027 
f 702/26/702/1028 706/25/706/1027 703/27/703/1029 
f 699/16/699/1018 707/28/707/1030 708/29/708/1031 
f 699/16/699/1018 708/29/708/1031 709/30/709/1032 
f 707/28/707/1030 710/31/710/1033 711/32/711/1034 
f 707/28/707/1030 711/32/711/1034 708/29/708/1031 
f 710/31/710/1033 705/24/705/1026 712/33/712/1035 
f 710/31/710/1033 712/33/712/1035 711/32/711/1034 
f 691/8/691/1010 713/34/713/1036 714/35/714/1037 
f 691/8/691/1010 714/35/714/1037 715/36/715/1038 
f 713/37/713/1039 716/38/716/1040 717/39/717/1041 
f 713/37/713/1039 717/39/717/1041 714/40/714/1042 
f 718/41/718/1043 697/14/697/1016 719/42/719/1044 
f 718/41/718/1043 719/42/719/1044 720/43/720/1045 
f 716/44/716/1046 718/41/718/1043 720/43/720/1045 
f 716/44/716/1046 720/43/720/1045 717/45/717/1047 
f 721/46/721/1048 722/47/722/1049 723/48/723/1050 
f 721/46/721/1048 723/48/723/1050 715/36/715/1038 
f 722/47/722/1049 724/49/724/1051 725/50/725/1052 
f 722/47/722/1049 725/50/725/1052 723/48/723/1050 
f 724/49/724/1051 726/51/726/1053 719/42/719/1044 
f 724/49/724/1051 719/42/719/1044 725/50/725/1052 
f 683/0/683/1002 727/52/727/1054 728/53/728/1055 
f 683/0/683/1002 728/53/728/1055 709/30/709/1032 
f 444/54/444/1056 443/55/443/1057 729/56/729/1058 
f 444/54/444/1056 729/56/729/1058 727/57/727/1059 
f 728/58/728/1060 727/57/727/1059 729/56/729/1058 
f 446/59/446/1061 445/60/445/1062 689/6/689/1008 
f 446/59/446/1061 689/6/689/1008 712/33/712/1035 
f 730/61/730/1063 446/59/446/1061 712/33/712/1035 
f 443/62/443/1064 446/59/446/1061 730/61/730/1063 
f 443/62/443/1064 730/61/730/1063 729/63/729/1065 
f 709/30/709/1032 708/29/708/1031 684/1/684/1003 
f 709/30/709/1032 684/1/684/1003 683/0/683/1002 
f 708/29/708/1031 711/32/711/1034 687/4/687/1006 
f 708/29/708/1031 687/4/687/1006 684/1/684/1003 
f 711/32/711/1034 712/33/712/1035 689/6/689/1008 
f 711/32/711/1034 689/6/689/1008 687/4/687/1006 
f 715/36/715/1038 723/48/723/1050 692/9/692/1011 
f 715/36/715/1038 692/9/692/1011 691/8/691/1010 
f 723/48/723/1050 725/50/725/1052 695/12/695/1014 
f 723/48/723/1050 695/12/695/1014 692/9/692/1011 
f 725/50/725/1052 719/42/719/1044 697/14/697/1016 
f 725/50/725/1052 697/14/697/1016 695/12/695/1014 
f 709/30/709/1032 728/53/728/1055 700/17/700/1019 
f 709/30/709/1032 700/17/700/1019 699/16/699/1018 
f 728/58/728/1060 729/56/729/1058 702/20/702/1022 
f 728/58/728/1060 702/20/702/1022 700/19/700/1021 
f 730/61/730/1063 712/33/712/1035 705/24/705/1026 
f 730/61/730/1063 705/24/705/1026 704/23/704/1025 
f 729/63/729/1065 730/61/730/1063 704/23/704/1025 
f 729/63/729/1065 704/23/704/1025 702/26/702/1028 
f 694/11/694/1013 693/10/693/1012 707/28/707/1030 
f 694/11/694/1013 707/28/707/1030 699/16/699/1018 
f 693/10/693/1012 696/13/696/1015 710/31/710/1033 
f 693/10/693/1012 710/31/710/1033 707/28/707/1030 
f 696/13/696/1015 698/15/698/1017 705/24/705/1026 
f 696/13/696/1015 705/24/705/1026 710/31/710/1033 
f 694/11/694/1013 701/18/701/1020 713/34/713/1036 
f 694/11/694/1013 713/34/713/1036 691/8/691/1010 
f 701/22/701/1024 703/21/703/1023 716/38/716/1040 
f 701/22/701/1024 716/38/716/1040 713/37/713/1039 
f 706/25/706/1027 698/15/698/1017 697/14/697/1016 
f 706/25/706/1027 697/14/697/1016 718/41/718/1043 
f 703/27/703/1029 706/25/706/1027 718/41/718/1043 
f 703/27/703/1029 718/41/718/1043 716/44/716/1046 
f 686/3/686/1005 731/64/731/1066 727/52/727/1054 
f 686/3/686/1005 727/52/727/1054 683/0/683/1002 
f 727/57/727/1059 731/65/731/1067 449/66/449/1068 
f 727/57/727/1059 449/66/449/1068 444/54/444/1056 
f 715/36/715/1038 714/35/714/1037 732/67/732/1069 
f 715/36/715/1038 732/67/732/1069 721/46/721/1048 
f 732/68/732/1070 714/40/714/1042 717/39/717/1041 
f 732/68/732/1070 717/39/717/1041 733/69/733/1071 
f 720/43/720/1045 719/42/719/1044 726/51/726/1053 
f 720/43/720/1045 726/51/726/1053 734/70/734/1072 
f 717/45/717/1047 720/43/720/1045 734/70/734/1072 
f 717/45/717/1047 734/70/734/1072 733/71/733/1073 
f 735/115/735/1074 736/92/736/1075 737/0/737/1076 
f 735/115/735/1074 737/0/737/1076 738/3/738/1077 
f 739/10/739/1078 740/9/740/1079 741/8/741/1080 
f 739/10/739/1078 741/8/741/1080 742/11/742/1081 
f 743/13/743/1082 744/12/744/1083 740/9/740/1079 
f 743/13/743/1082 740/9/740/1079 739/10/739/1078 
f 745/15/745/1084 746/14/746/1085 744/12/744/1083 
f 745/15/745/1084 744/12/744/1083 743/13/743/1082 
f 747/18/747/1086 748/17/748/1087 749/16/749/1088 
f 747/18/747/1086 749/16/749/1088 742/11/742/1081 
f 750/21/750/1089 751/20/751/1090 748/19/748/1091 
f 750/21/750/1089 748/19/748/1091 747/22/747/1092 
f 745/15/745/1084 752/24/752/1093 753/23/753/1094 
f 745/15/745/1084 753/23/753/1094 754/25/754/1095 
f 754/25/754/1095 753/23/753/1094 751/26/751/1096 
f 754/25/754/1095 751/26/751/1096 750/27/750/1097 
f 755/29/755/1098 756/28/756/1099 749/16/749/1088 
f 755/29/755/1098 749/16/749/1088 757/30/757/1100 
f 758/32/758/1101 759/31/759/1102 756/28/756/1099 
f 758/32/758/1101 756/28/756/1099 755/29/755/1098 
f 760/93/760/1103 761/116/761/1104 752/24/752/1093 
f 760/93/760/1103 752/24/752/1093 759/31/759/1102 
f 758/32/758/1101 760/93/760/1103 759/31/759/1102 
f 762/35/762/1105 763/34/763/1106 741/8/741/1080 
f 762/35/762/1105 741/8/741/1080 764/36/764/1107 
f 765/39/765/1108 766/38/766/1109 763/37/763/1110 
f 765/39/765/1108 763/37/763/1110 762/40/762/1111 
f 767/42/767/1112 746/14/746/1085 768/41/768/1113 
f 767/42/767/1112 768/41/768/1113 769/43/769/1114 
f 769/43/769/1114 768/41/768/1113 766/44/766/1115 
f 769/43/769/1114 766/44/766/1115 765/45/765/1116 
f 770/48/770/1117 722/47/722/1118 721/46/721/1119 
f 770/48/770/1117 721/46/721/1119 764/36/764/1107 
f 771/50/771/1120 724/49/724/1121 722/47/722/1118 
f 771/50/771/1120 722/47/722/1118 770/48/770/1117 
f 767/42/767/1112 726/51/726/1122 724/49/724/1121 
f 767/42/767/1112 724/49/724/1121 771/50/771/1120 
f 772/53/772/1123 773/52/773/1124 737/0/737/1076 
f 772/53/772/1123 737/0/737/1076 757/30/757/1100 
f 772/58/772/1125 774/95/774/1126 775/96/775/1127 
f 772/58/772/1125 775/96/775/1127 773/57/773/1128 
f 736/92/736/1129 776/117/776/1130 755/29/755/1131 
f 736/92/736/1075 755/29/755/1098 757/30/757/1100 
f 737/0/737/1076 736/92/736/1075 757/30/757/1100 
f 740/9/740/1079 770/48/770/1117 764/36/764/1107 
f 740/9/740/1079 764/36/764/1107 741/8/741/1080 
f 744/12/744/1083 771/50/771/1120 770/48/770/1117 
f 744/12/744/1083 770/48/770/1117 740/9/740/1079 
f 746/14/746/1085 767/42/767/1112 771/50/771/1120 
f 746/14/746/1085 771/50/771/1120 744/12/744/1083 
f 748/17/748/1087 772/53/772/1123 757/30/757/1100 
f 748/17/748/1087 757/30/757/1100 749/16/749/1088 
f 751/20/751/1090 777/118/777/1132 774/95/774/1126 
f 751/20/751/1090 774/95/774/1126 772/58/772/1125 
f 748/19/748/1091 751/20/751/1090 772/58/772/1125 
f 752/24/752/1093 761/116/761/1104 778/119/778/1133 
f 752/24/752/1093 778/119/778/1133 753/23/753/1094 
f 753/23/753/1094 778/119/778/1133 777/120/777/1134 
f 753/23/753/1094 777/120/777/1134 751/26/751/1096 
f 756/28/756/1099 739/10/739/1078 742/11/742/1081 
f 756/28/756/1099 742/11/742/1081 749/16/749/1088 
f 759/31/759/1102 743/13/743/1082 739/10/739/1078 
f 759/31/759/1102 739/10/739/1078 756/28/756/1099 
f 752/24/752/1093 745/15/745/1084 743/13/743/1082 
f 752/24/752/1093 743/13/743/1082 759/31/759/1102 
f 763/34/763/1106 747/18/747/1086 742/11/742/1081 
f 763/34/763/1106 742/11/742/1081 741/8/741/1080 
f 766/38/766/1109 750/21/750/1089 747/22/747/1092 
f 766/38/766/1109 747/22/747/1092 763/37/763/1110 
f 746/14/746/1085 745/15/745/1084 754/25/754/1095 
f 746/14/746/1085 754/25/754/1095 768/41/768/1113 
f 768/41/768/1113 754/25/754/1095 750/27/750/1097 
f 768/41/768/1113 750/27/750/1097 766/44/766/1115 
f 773/52/773/1124 779/64/779/1135 738/3/738/1077 
f 773/52/773/1124 738/3/738/1077 737/0/737/1076 
f 773/57/773/1128 775/96/775/1127 780/101/780/1136 
f 773/57/773/1128 780/101/780/1136 779/65/779/1137 
f 732/67/732/1138 762/35/762/1105 764/36/764/1107 
f 732/67/732/1138 764/36/764/1107 721/46/721/1119 
f 732/68/732/1139 733/69/733/1140 765/39/765/1108 
f 732/68/732/1139 765/39/765/1108 762/40/762/1111 
f 726/51/726/1122 767/42/767/1112 769/43/769/1114 
f 726/51/726/1122 769/43/769/1114 734/70/734/1141 
f 734/70/734/1141 769/43/769/1114 765/45/765/1116 
f 734/70/734/1141 765/45/765/1116 733/71/733/1142 
f 682/102/682/1143 690/7/690/1009 689/6/689/1008 
f 682/102/682/1143 689/6/689/1008 445/60/445/1062 
f 665/29/665/956 668/32/668/959 395/114/395/1144 
f 665/29/665/956 395/114/395/1144 291/97/291/1145 
f 395/114/395/1144 668/32/668/959 275/93/275/961 
f 390/109/390/557 370/29/370/527 373/32/373/530 
f 390/109/390/557 373/32/373/530 781/121/781/1146 
f 375/106/375/532 781/121/781/1146 373/32/373/530 
f 782/0/782/1147 783/1/783/1148 784/2/784/1149 
f 782/0/782/1147 784/2/784/1149 785/3/785/1150 
f 783/1/783/1148 786/4/786/1151 787/5/787/1152 
f 783/1/783/1148 787/5/787/1152 784/2/784/1149 
f 787/5/787/1152 786/4/786/1151 788/6/788/1153 
f 787/5/787/1152 788/6/788/1153 789/7/789/1154 
f 790/8/790/1155 791/9/791/1156 792/10/792/1157 
f 790/8/790/1155 792/10/792/1157 793/11/793/1158 
f 791/9/791/1156 794/12/794/1159 795/13/795/1160 
f 791/9/791/1156 795/13/795/1160 792/10/792/1157 
f 794/12/794/1159 796/14/796/1161 797/15/797/1162 
f 794/12/794/1159 797/15/797/1162 795/13/795/1160 
f 798/16/798/1163 799/17/799/1164 800/18/800/1165 
f 798/16/798/1163 800/18/800/1165 793/11/793/1158 
f 799/19/799/1166 801/20/801/1167 802/21/802/1168 
f 799/19/799/1166 802/21/802/1168 800/22/800/1169 
f 803/23/803/1170 804/24/804/1171 797/15/797/1162 
f 803/23/803/1170 797/15/797/1162 805/25/805/1172 
f 801/26/801/1173 803/23/803/1170 805/25/805/1172 
f 801/26/801/1173 805/25/805/1172 802/27/802/1174 
f 798/16/798/1163 806/28/806/1175 807/29/807/1176 
f 798/16/798/1163 807/29/807/1176 808/30/808/1177 
f 806/28/806/1175 809/31/809/1178 810/32/810/1179 
f 806/28/806/1175 810/32/810/1179 807/29/807/1176 
f 809/31/809/1178 804/24/804/1171 811/33/811/1180 
f 809/31/809/1178 811/33/811/1180 810/32/810/1179 
f 790/8/790/1155 812/34/812/1181 813/35/813/1182 
f 790/8/790/1155 813/35/813/1182 814/36/814/1183 
f 812/37/812/1184 815/38/815/1185 816/39/816/1186 
f 812/37/812/1184 816/39/816/1186 813/40/813/1187 
f 817/41/817/1188 796/14/796/1161 818/42/818/1189 
f 817/41/817/1188 818/42/818/1189 819/43/819/1190 
f 815/44/815/1191 817/41/817/1188 819/43/819/1190 
f 815/44/815/1191 819/43/819/1190 816/45/816/1192 
f 820/46/820/1193 821/47/821/1194 822/48/822/1195 
f 820/46/820/1193 822/48/822/1195 814/36/814/1183 
f 821/47/821/1194 823/49/823/1196 824/50/824/1197 
f 821/47/821/1194 824/50/824/1197 822/48/822/1195 
f 823/49/823/1196 825/51/825/1198 818/42/818/1189 
f 823/49/823/1196 818/42/818/1189 824/50/824/1197 
f 782/0/782/1147 826/52/826/1199 827/53/827/1200 
f 782/0/782/1147 827/53/827/1200 808/30/808/1177 
f 828/54/828/1201 829/55/829/1202 830/56/830/1203 
f 828/54/828/1201 830/56/830/1203 826/57/826/1204 
f 827/58/827/1205 826/57/826/1204 830/56/830/1203 
f 831/59/831/1206 832/60/832/1207 788/6/788/1153 
f 831/59/831/1206 788/6/788/1153 811/33/811/1180 
f 833/61/833/1208 831/59/831/1206 811/33/811/1180 
f 829/62/829/1209 831/59/831/1206 833/61/833/1208 
f 829/62/829/1209 833/61/833/1208 830/63/830/1210 
f 808/30/808/1177 807/29/807/1176 783/1/783/1148 
f 808/30/808/1177 783/1/783/1148 782/0/782/1147 
f 807/29/807/1176 810/32/810/1179 786/4/786/1151 
f 807/29/807/1176 786/4/786/1151 783/1/783/1148 
f 810/32/810/1179 811/33/811/1180 788/6/788/1153 
f 810/32/810/1179 788/6/788/1153 786/4/786/1151 
f 814/36/814/1183 822/48/822/1195 791/9/791/1156 
f 814/36/814/1183 791/9/791/1156 790/8/790/1155 
f 822/48/822/1195 824/50/824/1197 794/12/794/1159 
f 822/48/822/1195 794/12/794/1159 791/9/791/1156 
f 824/50/824/1197 818/42/818/1189 796/14/796/1161 
f 824/50/824/1197 796/14/796/1161 794/12/794/1159 
f 808/30/808/1177 827/53/827/1200 799/17/799/1164 
f 808/30/808/1177 799/17/799/1164 798/16/798/1163 
f 827/58/827/1205 830/56/830/1203 801/20/801/1167 
f 827/58/827/1205 801/20/801/1167 799/19/799/1166 
f 833/61/833/1208 811/33/811/1180 804/24/804/1171 
f 833/61/833/1208 804/24/804/1171 803/23/803/1170 
f 830/63/830/1210 833/61/833/1208 803/23/803/1170 
f 830/63/830/1210 803/23/803/1170 801/26/801/1173 
f 793/11/793/1158 792/10/792/1157 806/28/806/1175 
f 793/11/793/1158 806/28/806/1175 798/16/798/1163 
f 792/10/792/1157 795/13/795/1160 809/31/809/1178 
f 792/10/792/1157 809/31/809/1178 806/28/806/1175 
f 795/13/795/1160 797/15/797/1162 804/24/804/1171 
f 795/13/795/1160 804/24/804/1171 809/31/809/1178 
f 793/11/793/1158 800/18/800/1165 812/34/812/1181 
f 793/11/793/1158 812/34/812/1181 790/8/790/1155 
f 800/22/800/1169 802/21/802/1168 815/38/815/1185 
f 800/22/800/1169 815/38/815/1185 812/37/812/1184 
f 805/25/805/1172 797/15/797/1162 796/14/796/1161 
f 805/25/805/1172 796/14/796/1161 817/41/817/1188 
f 802/27/802/1174 805/25/805/1172 817/41/817/1188 
f 802/27/802/1174 817/41/817/1188 815/44/815/1191 
f 785/3/785/1150 834/64/834/1211 826/52/826/1199 
f 785/3/785/1150 826/52/826/1199 782/0/782/1147 
f 826/57/826/1204 834/65/834/1212 835/66/835/1213 
f 826/57/826/1204 835/66/835/1213 828/54/828/1201 
f 814/36/814/1183 813/35/813/1182 836/67/836/1214 
f 814/36/814/1183 836/67/836/1214 820/46/820/1193 
f 836/68/836/1215 813/40/813/1187 816/39/816/1186 
f 836/68/836/1215 816/39/816/1186 837/69/837/1216 
f 819/43/819/1190 818/42/818/1189 825/51/825/1198 
f 819/43/819/1190 825/51/825/1198 838/70/838/1217 
f 816/45/816/1192 819/43/819/1190 838/70/838/1217 
f 816/45/816/1192 838/70/838/1217 837/71/837/1218 
f 351/104/351/1219 350/103/350/1220 839/0/839/1221 
f 351/104/351/1219 839/0/839/1221 840/3/840/1222 
f 841/10/841/1223 842/9/842/1224 843/8/843/1225 
f 841/10/841/1223 843/8/843/1225 844/11/844/1226 
f 845/13/845/1227 846/12/846/1228 842/9/842/1224 
f 845/13/845/1227 842/9/842/1224 841/10/841/1223 
f 847/15/847/1229 848/14/848/1230 846/12/846/1228 
f 847/15/847/1229 846/12/846/1228 845/13/845/1227 
f 849/18/849/1231 850/17/850/1232 851/16/851/1233 
f 849/18/849/1231 851/16/851/1233 844/11/844/1226 
f 852/21/852/1234 853/20/853/1235 850/19/850/1236 
f 852/21/852/1234 850/19/850/1236 849/22/849/1237 
f 847/15/847/1229 854/24/854/1238 855/23/855/1239 
f 847/15/847/1229 855/23/855/1239 856/25/856/1240 
f 856/25/856/1240 855/23/855/1239 853/26/853/1241 
f 856/25/856/1240 853/26/853/1241 852/27/852/1242 
f 857/29/857/1243 858/28/858/1244 851/16/851/1233 
f 857/29/857/1243 851/16/851/1233 859/30/859/1245 
f 860/32/860/1246 861/31/861/1247 858/28/858/1244 
f 860/32/860/1246 858/28/858/1244 857/29/857/1243 
f 375/106/375/1248 374/105/374/1249 854/24/854/1238 
f 375/106/375/1248 854/24/854/1238 861/31/861/1247 
f 860/32/860/1246 375/106/375/1248 861/31/861/1247 
f 862/35/862/1250 863/34/863/1251 843/8/843/1225 
f 862/35/862/1250 843/8/843/1225 864/36/864/1252 
f 865/39/865/1253 866/38/866/1254 863/37/863/1255 
f 865/39/865/1253 863/37/863/1255 862/40/862/1256 
f 867/42/867/1257 848/14/848/1230 868/41/868/1258 
f 867/42/867/1257 868/41/868/1258 869/43/869/1259 
f 869/43/869/1259 868/41/868/1258 866/44/866/1260 
f 869/43/869/1259 866/44/866/1260 865/45/865/1261 
f 870/48/870/1262 821/47/821/1263 820/46/820/1264 
f 870/48/870/1262 820/46/820/1264 864/36/864/1252 
f 871/50/871/1265 823/49/823/1266 821/47/821/1263 
f 871/50/871/1265 821/47/821/1263 870/48/870/1262 
f 867/42/867/1257 825/51/825/1267 823/49/823/1266 
f 867/42/867/1257 823/49/823/1266 871/50/871/1265 
f 872/53/872/1268 873/52/873/1269 839/0/839/1221 
f 872/53/872/1268 839/0/839/1221 859/30/859/1245 
f 872/58/872/1270 389/108/389/1271 388/107/388/1272 
f 872/58/872/1270 388/107/388/1272 873/57/873/1273 
f 350/103/350/1220 390/109/390/1274 857/29/857/1243 
f 350/103/350/1220 857/29/857/1243 859/30/859/1245 
f 839/0/839/1221 350/103/350/1220 859/30/859/1245 
f 842/9/842/1224 870/48/870/1262 864/36/864/1252 
f 842/9/842/1224 864/36/864/1252 843/8/843/1225 
f 846/12/846/1228 871/50/871/1265 870/48/870/1262 
f 846/12/846/1228 870/48/870/1262 842/9/842/1224 
f 848/14/848/1230 867/42/867/1257 871/50/871/1265 
f 848/14/848/1230 871/50/871/1265 846/12/846/1228 
f 850/17/850/1232 872/53/872/1268 859/30/859/1245 
f 850/17/850/1232 859/30/859/1245 851/16/851/1233 
f 853/20/853/1235 391/110/391/1275 389/108/389/1271 
f 853/20/853/1235 389/108/389/1271 872/58/872/1270 
f 850/19/850/1236 853/20/853/1235 872/58/872/1270 
f 854/24/854/1238 374/105/374/1249 392/111/392/1276 
f 854/24/854/1238 392/111/392/1276 855/23/855/1239 
f 855/23/855/1239 392/111/392/1276 391/112/391/1277 
f 855/23/855/1239 391/112/391/1277 853/26/853/1241 
f 858/28/858/1244 841/10/841/1223 844/11/844/1226 
f 858/28/858/1244 844/11/844/1226 851/16/851/1233 
f 861/31/861/1247 845/13/845/1227 841/10/841/1223 
f 861/31/861/1247 841/10/841/1223 858/28/858/1244 
f 854/24/854/1238 847/15/847/1229 845/13/845/1227 
f 854/24/854/1238 845/13/845/1227 861/31/861/1247 
f 863/34/863/1251 849/18/849/1231 844/11/844/1226 
f 863/34/863/1251 844/11/844/1226 843/8/843/1225 
f 866/38/866/1254 852/21/852/1234 849/22/849/1237 
f 866/38/866/1254 849/22/849/1237 863/37/863/1255 
f 848/14/848/1230 847/15/847/1229 856/25/856/1240 
f 848/14/848/1230 856/25/856/1240 868/41/868/1258 
f 868/41/868/1258 856/25/856/1240 852/27/852/1242 
f 868/41/868/1258 852/27/852/1242 866/44/866/1260 
f 873/52/873/1269 874/64/874/1278 840/3/840/1222 
f 873/52/873/1269 840/3/840/1222 839/0/839/1221 
f 873/57/873/1273 388/107/388/1272 394/113/394/1279 
f 873/57/873/1273 394/113/394/1279 874/65/874/1280 
f 836/67/836/1281 862/35/862/1250 864/36/864/1252 
f 836/67/836/1281 864/36/864/1252 820/46/820/1264 
f 836/68/836/1282 837/69/837/1283 865/39/865/1253 
f 836/68/836/1282 865/39/865/1253 862/40/862/1256 
f 825/51/825/1267 867/42/867/1257 869/43/869/1259 
f 825/51/825/1267 869/43/869/1259 838/70/838/1284 
f 838/70/838/1284 869/43/869/1259 865/45/865/1261 
f 838/70/838/1284 865/45/865/1261 837/71/837/1285 
f 875/102/875/1286 789/7/789/1154 788/6/788/1153 
f 875/102/875/1286 788/6/788/1153 832/60/832/1207 
f 860/32/860/1246 857/29/857/1243 390/109/390/1274 
f 860/32/860/1246 390/109/390/1274 781/121/781/1287 
f 375/106/375/1248 860/32/860/1246 781/121/781/1287 
f 876/122/876/1288 758/32/758/1101 755/29/755/1098 
f 876/122/876/1288 755/29/755/1098 776/117/776/1289 
f 876/122/876/1288 760/93/760/1103 758/32/758/1101 
f 877/2/877/1290 878/1/878/1291 879/0/879/1292 
f 877/2/877/1290 879/0/879/1292 880/3/880/1293 
f 881/5/881/1294 882/4/882/1295 878/1/878/1291 
f 881/5/881/1294 878/1/878/1291 877/2/877/1290 
f 883/6/883/1296 882/4/882/1295 881/5/881/1294 
f 883/6/883/1296 881/5/881/1294 884/7/884/1297 
f 885/10/885/1298 886/9/886/1299 887/8/887/1300 
f 885/10/885/1298 887/8/887/1300 888/11/888/1301 
f 889/13/889/1302 890/12/890/1303 886/9/886/1299 
f 889/13/889/1302 886/9/886/1299 885/10/885/1298 
f 891/15/891/1304 892/14/892/1305 890/12/890/1303 
f 891/15/891/1304 890/12/890/1303 889/13/889/1302 
f 893/18/893/1306 894/17/894/1307 895/16/895/1308 
f 893/18/893/1306 895/16/895/1308 888/11/888/1301 
f 896/21/896/1309 897/20/897/1310 894/19/894/1311 
f 896/21/896/1309 894/19/894/1311 893/22/893/1312 
f 891/15/891/1304 898/24/898/1313 899/23/899/1314 
f 891/15/891/1304 899/23/899/1314 900/25/900/1315 
f 900/25/900/1315 899/23/899/1314 897/26/897/1316 
f 900/25/900/1315 897/26/897/1316 896/27/896/1317 
f 901/29/901/1318 902/28/902/1319 895/16/895/1308 
f 901/29/901/1318 895/16/895/1308 903/30/903/1320 
f 904/32/904/1321 905/31/905/1322 902/28/902/1319 
f 904/32/904/1321 902/28/902/1319 901/29/901/1318 
f 906/33/906/1323 898/24/898/1313 905/31/905/1322 
f 906/33/906/1323 905/31/905/1322 904/32/904/1321 
f 907/35/907/1324 908/34/908/1325 887/8/887/1300 
f 907/35/907/1324 887/8/887/1300 909/36/909/1326 
f 910/39/910/1327 911/38/911/1328 908/37/908/1329 
f 910/39/910/1327 908/37/908/1329 907/40/907/1330 
f 912/42/912/1331 892/14/892/1305 913/41/913/1332 
f 912/42/912/1331 913/41/913/1332 914/43/914/1333 
f 914/43/914/1333 913/41/913/1332 911/44/911/1334 
f 914/43/914/1333 911/44/911/1334 910/45/910/1335 
f 915/48/915/1336 916/47/916/1337 917/46/917/1338 
f 915/48/915/1336 917/46/917/1338 909/36/909/1326 
f 918/50/918/1339 919/49/919/1340 916/47/916/1337 
f 918/50/918/1339 916/47/916/1337 915/48/915/1336 
f 912/42/912/1331 920/51/920/1341 919/49/919/1340 
f 912/42/912/1331 919/49/919/1340 918/50/918/1339 
f 921/53/921/1342 922/52/922/1343 879/0/879/1292 
f 921/53/921/1342 879/0/879/1292 903/30/903/1320 
f 923/56/923/1344 924/55/924/1345 925/54/925/1346 
f 923/56/923/1344 925/54/925/1346 922/57/922/1347 
f 921/58/921/1348 923/56/923/1344 922/57/922/1347 
f 883/6/883/1296 926/60/926/1349 927/59/927/1350 
f 883/6/883/1296 927/59/927/1350 906/33/906/1323 
f 928/61/928/1351 906/33/906/1323 927/59/927/1350 
f 928/61/928/1351 927/59/927/1350 924/62/924/1352 
f 928/61/928/1351 924/62/924/1352 923/63/923/1353 
f 878/1/878/1291 901/29/901/1318 903/30/903/1320 
f 878/1/878/1291 903/30/903/1320 879/0/879/1292 
f 882/4/882/1295 904/32/904/1321 901/29/901/1318 
f 882/4/882/1295 901/29/901/1318 878/1/878/1291 
f 883/6/883/1296 906/33/906/1323 904/32/904/1321 
f 883/6/883/1296 904/32/904/1321 882/4/882/1295 
f 886/9/886/1299 915/48/915/1336 909/36/909/1326 
f 886/9/886/1299 909/36/909/1326 887/8/887/1300 
f 890/12/890/1303 918/50/918/1339 915/48/915/1336 
f 890/12/890/1303 915/48/915/1336 886/9/886/1299 
f 892/14/892/1305 912/42/912/1331 918/50/918/1339 
f 892/14/892/1305 918/50/918/1339 890/12/890/1303 
f 894/17/894/1307 921/53/921/1342 903/30/903/1320 
f 894/17/894/1307 903/30/903/1320 895/16/895/1308 
f 897/20/897/1310 923/56/923/1344 921/58/921/1348 
f 897/20/897/1310 921/58/921/1348 894/19/894/1311 
f 898/24/898/1313 906/33/906/1323 928/61/928/1351 
f 898/24/898/1313 928/61/928/1351 899/23/899/1314 
f 899/23/899/1314 928/61/928/1351 923/63/923/1353 
f 899/23/899/1314 923/63/923/1353 897/26/897/1316 
f 902/28/902/1319 885/10/885/1298 888/11/888/1301 
f 902/28/902/1319 888/11/888/1301 895/16/895/1308 
f 905/31/905/1322 889/13/889/1302 885/10/885/1298 
f 905/31/905/1322 885/10/885/1298 902/28/902/1319 
f 898/24/898/1313 891/15/891/1304 889/13/889/1302 
f 898/24/898/1313 889/13/889/1302 905/31/905/1322 
f 908/34/908/1325 893/18/893/1306 888/11/888/1301 
f 908/34/908/1325 888/11/888/1301 887/8/887/1300 
f 911/38/911/1328 896/21/896/1309 893/22/893/1312 
f 911/38/911/1328 893/22/893/1312 908/37/908/1329 
f 892/14/892/1305 891/15/891/1304 900/25/900/1315 
f 892/14/892/1305 900/25/900/1315 913/41/913/1332 
f 913/41/913/1332 900/25/900/1315 896/27/896/1317 
f 913/41/913/1332 896/27/896/1317 911/44/911/1334 
f 922/52/922/1343 929/64/929/1354 880/3/880/1293 
f 922/52/922/1343 880/3/880/1293 879/0/879/1292 
f 922/57/922/1347 925/54/925/1346 930/66/930/1355 
f 922/57/922/1347 930/66/930/1355 929/65/929/1356 
f 931/67/931/1357 907/35/907/1324 909/36/909/1326 
f 931/67/931/1357 909/36/909/1326 917/46/917/1338 
f 931/68/931/1358 932/69/932/1359 910/39/910/1327 
f 931/68/931/1358 910/39/910/1327 907/40/907/1330 
f 920/51/920/1341 912/42/912/1331 914/43/914/1333 
f 920/51/920/1341 914/43/914/1333 933/70/933/1360 
f 933/70/933/1360 914/43/914/1333 910/45/910/1335 
f 933/70/933/1360 910/45/910/1335 932/71/932/1361 
f 934/0/934/1362 736/92/736/1363 735/115/735/1364 
f 934/0/934/1362 735/115/735/1364 935/3/935/1365 
f 936/8/936/1366 937/9/937/1367 938/10/938/1368 
f 936/8/936/1366 938/10/938/1368 939/11/939/1369 
f 937/9/937/1367 940/12/940/1370 941/13/941/1371 
f 937/9/937/1367 941/13/941/1371 938/10/938/1368 
f 940/12/940/1370 942/14/942/1372 943/15/943/1373 
f 940/12/940/1370 943/15/943/1373 941/13/941/1371 
f 944/16/944/1374 945/17/945/1375 946/18/946/1376 
f 944/16/944/1374 946/18/946/1376 939/11/939/1369 
f 945/19/945/1377 947/20/947/1378 948/21/948/1379 
f 945/19/945/1377 948/21/948/1379 946/22/946/1380 
f 949/23/949/1381 950/24/950/1382 943/15/943/1373 
f 949/23/949/1381 943/15/943/1373 951/25/951/1383 
f 947/26/947/1384 949/23/949/1381 951/25/951/1383 
f 947/26/947/1384 951/25/951/1383 948/27/948/1385 
f 944/16/944/1374 952/28/952/1386 953/29/953/1387 
f 944/16/944/1374 953/29/953/1387 954/30/954/1388 
f 952/28/952/1386 955/31/955/1389 956/32/956/1390 
f 952/28/952/1386 956/32/956/1390 953/29/953/1387 
f 950/24/950/1382 761/116/761/1391 760/93/760/1392 
f 950/24/950/1382 760/93/760/1392 955/31/955/1389 
f 956/32/956/1390 955/31/955/1389 760/93/760/1392 
f 936/8/936/1366 957/34/957/1393 958/35/958/1394 
f 936/8/936/1366 958/35/958/1394 959/36/959/1395 
f 957/37/957/1396 960/38/960/1397 961/39/961/1398 
f 957/37/957/1396 961/39/961/1398 958/40/958/1399 
f 962/41/962/1400 942/14/942/1372 963/42/963/1401 
f 962/41/962/1400 963/42/963/1401 964/43/964/1402 
f 960/44/960/1403 962/41/962/1400 964/43/964/1402 
f 960/44/960/1403 964/43/964/1402 961/45/961/1404 
f 917/46/917/1405 916/47/916/1406 965/48/965/1407 
f 917/46/917/1405 965/48/965/1407 959/36/959/1395 
f 916/47/916/1406 919/49/919/1408 966/50/966/1409 
f 916/47/916/1406 966/50/966/1409 965/48/965/1407 
f 919/49/919/1408 920/51/920/1410 963/42/963/1401 
f 919/49/919/1408 963/42/963/1401 966/50/966/1409 
f 934/0/934/1362 967/52/967/1411 968/53/968/1412 
f 934/0/934/1362 968/53/968/1412 954/30/954/1388 
f 968/58/968/1413 967/57/967/1414 775/96/775/1415 
f 968/58/968/1413 775/96/775/1415 774/95/774/1416 
f 953/29/953/1417 776/117/776/1418 736/92/736/1419 
f 953/29/953/1387 736/92/736/1363 954/30/954/1388 
f 934/0/934/1362 954/30/954/1388 736/92/736/1363 
f 959/36/959/1395 965/48/965/1407 937/9/937/1367 
f 959/36/959/1395 937/9/937/1367 936/8/936/1366 
f 965/48/965/1407 966/50/966/1409 940/12/940/1370 
f 965/48/965/1407 940/12/940/1370 937/9/937/1367 
f 966/50/966/1409 963/42/963/1401 942/14/942/1372 
f 966/50/966/1409 942/14/942/1372 940/12/940/1370 
f 954/30/954/1388 968/53/968/1412 945/17/945/1375 
f 954/30/954/1388 945/17/945/1375 944/16/944/1374 
f 774/95/774/1416 777/118/777/1420 947/20/947/1378 
f 774/95/774/1416 947/20/947/1378 968/58/968/1413 
f 945/19/945/1377 968/58/968/1413 947/20/947/1378 
f 778/119/778/1421 761/116/761/1391 950/24/950/1382 
f 778/119/778/1421 950/24/950/1382 949/23/949/1381 
f 777/120/777/1422 778/119/778/1421 949/23/949/1381 
f 777/120/777/1422 949/23/949/1381 947/26/947/1384 
f 939/11/939/1369 938/10/938/1368 952/28/952/1386 
f 939/11/939/1369 952/28/952/1386 944/16/944/1374 
f 938/10/938/1368 941/13/941/1371 955/31/955/1389 
f 938/10/938/1368 955/31/955/1389 952/28/952/1386 
f 941/13/941/1371 943/15/943/1373 950/24/950/1382 
f 941/13/941/1371 950/24/950/1382 955/31/955/1389 
f 939/11/939/1369 946/18/946/1376 957/34/957/1393 
f 939/11/939/1369 957/34/957/1393 936/8/936/1366 
f 946/22/946/1380 948/21/948/1379 960/38/960/1397 
f 946/22/946/1380 960/38/960/1397 957/37/957/1396 
f 951/25/951/1383 943/15/943/1373 942/14/942/1372 
f 951/25/951/1383 942/14/942/1372 962/41/962/1400 
f 948/27/948/1385 951/25/951/1383 962/41/962/1400 
f 948/27/948/1385 962/41/962/1400 960/44/960/1403 
f 935/3/935/1365 969/64/969/1423 967/52/967/1411 
f 935/3/935/1365 967/52/967/1411 934/0/934/1362 
f 967/57/967/1414 969/65/969/1424 780/101/780/1425 
f 967/57/967/1414 780/101/780/1425 775/96/775/1415 
f 959/36/959/1395 958/35/958/1394 931/67/931/1426 
f 959/36/959/1395 931/67/931/1426 917/46/917/1405 
f 931/68/931/1427 958/40/958/1399 961/39/961/1398 
f 931/68/931/1427 961/39/961/1398 932/69/932/1428 
f 964/43/964/1402 963/42/963/1401 920/51/920/1410 
f 964/43/964/1402 920/51/920/1410 933/70/933/1429 
f 961/45/961/1404 964/43/964/1402 933/70/933/1429 
f 961/45/961/1404 933/70/933/1429 932/71/932/1430 
f 883/6/883/1296 884/7/884/1297 970/102/970/1431 
f 883/6/883/1296 970/102/970/1431 926/60/926/1349 
f 953/29/953/1387 956/32/956/1390 876/122/876/1432 
f 953/29/953/1387 876/122/876/1432 776/117/776/1433 
f 876/122/876/1432 956/32/956/1390 760/93/760/1392 
