v 534.2234 11.3738 200.1344
v 534.402 6.022 200.0613
v 540.1114 6.1751 203.554
v 539.4539 11.5004 205.2936
v 545.746 6.3683 205.4046
v 545.0535 11.7083 207.0381
v 533.9377 29.273 200.36
v 539.2925 29.3925 205.4211
v 544.9362 29.5751 207.0244
v 555.3215 11.94 210.331
v 550.1584 11.8705 208.8053
v 550.873 6.5088 207.2182
v 555.9406 6.5635 208.6372
v 549.9421 29.7268 208.6546
v 554.8153 29.8187 210.1678
v 554.4595 47.7866 209.9977
v 554.2386 60.2395 209.8132
v 549.7802 60.1188 208.4286
v 549.8192 47.6853 208.5339
v 544.8583 59.9501 207.0598
v 544.8732 47.5204 207.0364
v 539.1805 47.328 205.5627
v 539.1047 59.7582 205.7065
v 533.5367 59.6626 200.8023
v 533.715 47.2156 200.5886
v 684.2511 13.8757 206.3101
v 678.5703 14.0167 207.4455
v 678.4977 8.6408 205.5853
v 683.7867 8.5389 204.3687
v 689.0477 13.8622 204.8275
v 688.5059 8.5542 202.928
v 684.1404 31.8139 206.6709
v 678.2209 31.8849 207.6154
v 689.2393 31.8089 205.0952
v 692.7617 13.9754 204.0368
v 692.4965 8.6651 202.2485
v 695.7834 8.7991 202.5589
v 695.6221 14.1353 204.1538
v 693.1293 31.8573 204.0903
v 695.9895 31.9228 204.028
v 696.2151 49.8543 203.9499
v 696.35 62.2784 203.8905
v 693.5519 62.2691 204.2329
v 693.3748 49.7949 204.1568
v 689.4939 62.2386 205.595
v 689.3798 49.7419 205.3453
v 677.9373 49.807 207.8192
v 684.0593 49.7376 207.0166
v 683.9836 62.228 207.3685
v 677.6812 62.2658 208.0306
v 613.5163 13.5001 207.99
v 607.659 13.6947 211.4849
v 607.2696 8.281 209.479
v 612.3478 8.1769 206.0723
v 617.2555 13.5246 204.7637
v 616.0031 8.2561 202.9394
v 613.3144 31.5933 208.6856
v 606.8046 31.6932 211.7703
v 617.5417 31.604 205.2411
v 619.8441 13.7105 203.117
v 619.0475 8.4433 201.2672
v 621.6154 8.6544 201.0515
v 621.7307 13.9563 202.7915
v 620.3499 31.6965 203.3
v 622.2772 31.8153 202.8089
v 622.6806 49.7485 202.8588
v 622.9751 62.2238 202.9269
v 620.9744 62.1931 203.6347
v 620.7067 49.6406 203.4706
v 617.8279 62.1847 205.9141
v 617.7086 49.5718 205.6141
v 606.1423 49.6924 211.7769
v 613.0725 49.587 209.1323
v 612.8589 62.2139 209.4181
v 605.6946 62.2406 211.6361
v 755.3578 13.9425 213.4825
v 746.9633 14.3524 213.3382
v 747.3055 8.9061 211.9366
v 754.7526 8.5267 211.8238
v 762.6879 13.4586 209.2986
v 761.1907 8.0881 207.799
v 755.2394 31.8468 213.2965
v 746.9476 32.0725 212.681
v 762.8153 31.5298 209.5552
v 769.16 12.917 199.9762
v 766.8967 13.0936 203.8663
v 764.8724 7.7963 202.6048
v 767.0771 7.6771 198.7468
v 769.916 31.0777 200.404
v 767.3772 31.2634 204.3377
v 767.6348 49.2855 204.6252
v 770.3749 49.065 200.7638
v 770.6584 61.7097 201.0765
v 767.7292 61.9489 204.8038
v 762.8404 49.5691 209.6296
v 762.7975 62.1738 209.5437
v 746.9734 50.0087 212.1136
v 755.1323 49.8461 213.0265
v 755.0571 62.3246 212.7338
v 746.9731 62.3602 211.6328
v 578.9812 12.1567 202.0875
v 577.6683 6.8969 200.2859
v 580.3074 7.189 197.878
v 581.347 12.4457 199.6948
v 582.7271 7.5146 196.8133
v 583.0076 12.7824 198.7025
v 579.0803 30.1688 202.946
v 581.5981 30.4375 200.1447
v 583.3431 30.714 198.8845
v 584.1426 13.158 198.8227
v 584.7524 7.8626 197.298
v 586.4125 8.1979 199.0453
v 585.3113 13.5392 199.8942
v 584.5703 30.9794 198.8591
v 585.7269 31.2399 199.7057
v 585.9916 49.155 199.6371
v 586.1509 61.4912 199.6676
v 584.9067 61.3017 199.0436
v 584.8124 48.9069 198.9298
v 583.7395 61.0896 199.2175
v 583.5739 48.6549 199.0621
v 581.8497 48.3542 200.5586
v 582.1259 60.8363 200.9724
v 579.2535 60.581 204.6209
v 579.1773 48.0601 203.7682
v 722.8448 13.7563 206.1888
v 716.9639 13.9617 208.4494
v 716.6695 8.5694 206.5148
v 721.9828 8.4221 204.2139
v 727.2281 13.7123 203.6892
v 726.2563 8.4239 201.7543
v 722.6604 31.7993 206.7057
v 716.4489 31.902 208.6543
v 727.4315 31.7687 204.1111
v 730.2012 13.8226 202.3952
v 729.6274 8.5407 200.4847
v 732.0595 8.7256 200.5895
v 731.9661 14.0332 202.2998
v 730.6672 31.8049 202.5758
v 732.5778 31.8794 202.3293
v 732.9373 49.8264 202.355
v 733.0999 62.2602 202.3736
v 731.0363 62.2839 202.8839
v 730.9217 49.7676 202.7373
v 727.4746 62.292 204.7626
v 727.4905 49.7358 204.454
v 715.9972 49.8518 208.7767
v 722.429 49.7619 207.0945
v 722.1798 62.3006 207.4338
v 715.5828 62.33 208.8838
v 646.6945 13.8866 207.415
v 640.4351 14.0697 208.4526
v 640.5005 8.6776 206.6467
v 646.2268 8.5383 205.4873
v 651.8915 13.8276 205.5674
v 651.2125 8.518 203.6869
v 646.5318 31.83 207.7487
v 640.0492 31.9236 208.4792
v 652.0547 31.786 205.8714
v 655.8159 13.9082 204.2924
v 655.3361 8.6044 202.499
v 658.7101 8.7197 202.3213
v 658.7704 14.0469 203.993
v 656.1615 31.8063 204.4052
v 659.1217 31.861 203.9503
v 659.379 49.8039 203.9238
v 659.5817 62.2668 203.8913
v 656.6892 62.25 204.5703
v 656.4373 49.7477 204.4968
v 652.4127 62.2415 206.3295
v 652.2188 49.7265 206.1152
v 639.8228 49.8514 208.5253
v 646.4624 49.7658 208.0227
v 646.4778 62.2589 208.2876
v 639.717 62.2869 208.608
v 775.4001 12.903 196.6211
v 775.8297 7.5398 195.1154
v 777.9279 7.454 197.5588
v 777.1686 12.8607 198.6422
v 781.0543 7.1583 201.7116
v 780.1684 12.5891 202.8031
v 776.4951 30.6436 196.8143
v 778.1357 30.5153 198.6617
v 780.8461 30.2616 202.6777
v 791.3199 11.567 210.7461
v 784.9903 12.0833 207.6346
v 785.731 6.683 206.0721
v 791.5385 6.2293 208.7345
v 791.7001 29.5018 211.194
v 785.3413 29.8859 207.6964
v 792.1356 47.4193 211.6323
v 792.6443 59.7921 212.1111
v 785.9836 60.1174 208.1128
v 785.6927 47.7814 207.8603
v 781.4235 48.1759 202.6591
v 781.9266 60.5316 202.6988
v 778.9532 48.4447 198.7458
v 779.6604 60.8322 198.9145
v 778.1776 60.9716 197.3377
v 777.4182 48.5625 197.0476
v 561.6271 11.9198 211.0352
v 561.8892 6.5483 209.0934
v 568.9708 11.8754 209.5984
v 568.5671 6.5388 207.4664
v 560.7946 29.8502 211.1868
v 568.1667 29.8619 210.3879
v 575.16 11.9455 205.8683
v 574.0875 6.6575 203.8505
v 574.8464 29.957 206.9907
v 574.4974 47.8674 207.995
v 574.1084 60.4016 208.8812
v 567.4274 47.8086 210.9765
v 566.7875 60.3377 211.4062
v 560.1279 47.8156 211.2249
v 559.6166 60.3109 211.1793
v 699.3307 8.8975 203.7502
v 698.8414 14.2682 205.1334
v 704.1478 8.9233 205.716
v 703.5789 14.3267 207.0795
v 699.0505 31.9891 204.8257
v 703.512 32.0429 206.6488
v 710.0131 14.2144 208.7894
v 710.3245 8.7953 207.1486
v 709.5938 32.0173 208.5185
v 709.2449 49.9494 208.3047
v 708.9247 62.3539 208.1412
v 703.416 49.9637 206.339
v 703.2844 62.3311 206.1022
v 699.1505 49.9141 204.6106
v 699.1688 62.2944 204.4361
v 624.5651 8.8277 201.9265
v 624.1361 14.1758 203.3821
v 628.7813 8.9047 203.9575
v 628.1281 14.2932 205.2557
v 624.5386 31.9277 203.2269
v 628.2673 32.0012 204.9035
v 633.8195 14.2491 207.5727
v 634.3531 8.8401 206.0831
v 633.6052 31.9988 207.2446
v 633.5167 49.9185 207.05
v 633.5222 62.2913 206.9565
v 628.5829 62.2819 204.6168
v 628.4209 49.9216 204.7088
v 624.8601 49.8528 203.1657
v 625.1108 62.2535 203.1563
v 769.1421 7.6287 196.1191
v 770.9192 12.8651 197.6049
v 771.5916 7.5743 194.4503
v 772.731 12.8475 196.2776
v 771.8292 30.938 197.9189
v 773.72 30.8167 196.529
v 774.2437 12.8574 196.0314
v 773.9677 7.5382 194.1435
v 775.3148 30.718 196.2669
v 776.8846 61.0562 196.8489
v 776.2029 48.6243 196.5355
v 774.4808 48.7319 196.8249
v 775.0211 61.217 197.158
v 772.446 48.887 198.2612
v 772.8657 61.4565 198.6027
v 588.648 8.4706 202.4516
v 587.3946 13.8684 202.9149
v 591.5953 14.073 208.0821
v 592.804 8.6213 207.3316
v 587.7033 31.4994 202.2526
v 591.4962 31.7281 207.0238
v 599.2427 13.9929 212.1425
v 599.9171 8.5214 210.6138
v 598.4269 31.8002 211.4402
v 597.9484 49.7574 210.7682
v 597.7295 62.1687 210.2217
v 591.5353 49.6444 206.2607
v 591.643 61.9494 205.7442
v 587.95 49.4123 201.857
v 588.1611 61.7026 201.6442
v 734.3431 8.9138 201.8537
v 733.6992 14.2628 203.1095
v 737.244 9.0679 204.7671
v 736.3785 14.4609 205.6189
v 734.3151 31.9688 202.974
v 736.9365 32.0612 205.1944
v 740.4887 14.5302 209.7374
v 741.3189 9.0956 208.8125
v 740.8409 32.1257 209.0155
v 741.1092 50.03 208.4873
v 741.2845 62.3162 208.0682
v 737.4877 62.2538 204.6727
v 737.2922 49.9677 204.8948
v 734.6829 49.8934 202.8746
v 734.8503 62.2332 202.7878
v 662.2787 8.8192 202.9871
v 661.9631 14.1769 204.5004
v 666.9558 8.8505 204.3989
v 666.4897 14.2335 205.8617
v 662.1625 31.9324 204.3214
v 666.4528 31.9699 205.6072
v 672.3372 14.171 207.2747
v 672.6636 8.7773 205.6434
v 672.0485 31.9523 207.1385
v 671.7935 49.8775 207.0926
v 671.5719 62.2951 207.078
v 666.3895 49.9004 205.4462
v 666.3156 62.3005 205.3274
v 662.2893 49.8693 204.2025
v 662.3654 62.2882 204.0954
v 797.6073 5.924 209.4013
v 797.9586 11.2212 211.5419
v 803.817 5.7445 208.7097
v 804.4977 11.0387 210.7608
v 798.6432 29.2343 212.0645
v 805.3036 29.081 211.0479
v 816.3978 10.8735 204.1173
v 810.8921 10.9233 209.2599
v 810.1252 5.6095 207.3131
v 816.0819 5.502 203.9603
v 811.5939 28.9604 209.3226
v 816.931 28.8215 204.0759
v 817.3624 46.7725 203.928
v 817.6753 59.2235 203.7773
v 812.5907 59.4504 209.0744
v 812.1708 46.9471 209.2461
v 806.6785 59.578 211.1179
v 806.037 47.0697 211.1632
v 799.3427 47.1945 212.4617
v 800.0822 59.6483 212.7184
v 550.1715 147.035 207.6735
v 549.945 128.7576 207.8994
v 553.8267 128.9239 209.1361
v 553.9235 147.2354 208.7954
v 550.4316 165.354 207.421
v 554.08 165.5935 208.4046
v 545.5352 146.7997 206.8638
v 545.2895 128.5506 206.9281
v 545.791 165.0852 206.794
v 550.9055 202.0939 206.7607
v 550.6932 183.7115 207.1272
v 554.2596 183.9954 207.9571
v 554.4018 202.4331 207.4354
v 546.2539 201.7317 206.5879
v 546.0381 183.4034 206.7106
v 540.1363 201.4305 206.6396
v 533.5717 201.4654 202.7814
v 533.6389 183.0558 202.5361
v 540.0493 183.1062 206.5056
v 539.8965 164.8161 206.3796
v 533.6229 164.7072 202.2764
v 539.5054 128.3265 206.144
v 539.7067 146.5556 206.26
v 533.5647 146.4149 202.0083
v 533.4941 128.1764 201.7388
v 692.6812 130.9452 203.8377
v 695.033 130.8263 203.8803
v 694.668 149.0906 203.9812
v 692.2776 149.2354 203.8071
v 694.3362 167.4011 204.171
v 691.7623 167.5718 203.848
v 689.6197 131.0482 205.0096
v 689.5295 149.385 204.7914
v 689.3135 167.7841 204.5576
v 691.1441 185.9493 203.9995
v 694.0948 185.7587 204.481
v 694.0206 204.1727 204.9195
v 690.4801 204.3652 204.2997
v 688.9075 186.237 204.36
v 688.2552 204.738 204.2644
v 685.7303 186.384 206.8591
v 685.8665 205.0017 206.2875
v 679.0862 205.0754 210.1802
v 678.7494 186.415 210.0044
v 685.4503 167.8613 207.2291
v 678.508 167.8687 209.7272
v 684.8414 131.0654 207.5072
v 685.1329 149.4241 207.4276
v 678.3237 149.4198 209.425
v 678.1761 131.054 209.1282
v 620.2925 130.8576 203.4679
v 622.3557 130.8227 203.3172
v 622.2871 149.1015 203.513
v 620.0746 149.1466 203.5196
v 622.2746 167.4287 203.7776
v 619.7906 167.4832 203.6384
v 617.6156 130.9433 204.93
v 617.576 149.2745 204.6986
v 617.4526 167.6715 204.4873
v 619.431 185.8582 203.8575
v 622.3441 185.8004 204.1333
v 622.5157 204.2229 204.5906
v 619.0197 204.2778 204.2168
v 617.1704 186.1265 204.3394
v 616.6485 204.6331 204.3263
v 614.2744 186.3068 206.8937
v 614.4113 204.931 206.2957
v 607.9821 204.9435 210.6535
v 607.5721 186.2541 210.6548
v 613.9655 167.7754 207.3865
v 607.1647 167.702 210.6385
v 613.308 130.9758 208.1126
v 613.6185 149.3338 207.7809
v 606.7845 149.2555 210.6543
v 606.449 130.8989 210.7239
v 766.1925 130.7586 204.2968
v 769.1862 130.456 202.2268
v 768.5262 148.7418 202.7082
v 765.4928 149.0814 204.2769
v 767.7969 167.0628 203.2369
v 764.6479 167.4386 204.3076
v 762.2477 130.9674 207.7373
v 761.9689 149.3313 207.1696
v 761.5853 167.7541 206.5223
v 763.6833 185.8283 204.4022
v 767.0809 185.427 203.7849
v 766.4645 203.837 204.3368
v 762.6379 204.2431 204.558
v 761.0469 186.2256 205.8522
v 760.3008 204.7407 205.2399
v 756.6449 186.4323 209.7791
v 757.0081 205.0799 208.6149
v 748.2212 205.1724 211.8379
v 747.7454 186.4597 211.8821
v 756.2407 167.8727 210.601
v 747.5065 167.8724 211.8442
v 755.674 131.0193 211.513
v 755.9048 149.3999 211.1465
v 747.4183 149.3909 211.7815
v 747.4058 131.007 211.7247
v 583.5439 148.4503 200.4938
v 583.7917 130.1117 200.0884
v 585.426 130.2537 200.912
v 585.4557 148.5957 201.4107
v 583.2706 166.817 200.9882
v 585.5926 166.9777 202.0016
v 582.6531 148.3511 200.3845
v 582.8868 129.9687 200.0828
v 582.3297 166.8095 200.7293
v 582.7302 203.6593 202.4152
v 582.9863 185.2195 201.6163
v 585.8549 185.3981 202.6974
v 586.2552 203.8575 203.4736
v 581.8521 185.3179 201.1953
v 581.1703 203.8699 201.8378
v 581.6972 185.2621 201.7563
v 581.3678 204.0296 201.7739
v 580.1122 203.7076 207.011
v 579.9746 184.9136 206.7255
v 581.8286 166.6301 201.7465
v 579.7836 166.3037 206.4166
v 581.8455 129.747 201.5875
v 581.8483 148.1311 201.694
v 579.6058 147.8283 206.1132
v 579.4472 129.4554 205.8087
v 729.4262 130.9849 202.8392
v 731.3604 130.844 202.7076
v 730.8915 149.1123 202.8985
v 728.8629 149.2805 202.9075
v 730.4443 167.424 203.1809
v 728.193 167.6199 203.0424
v 726.5934 131.092 204.313
v 726.2758 149.4317 204.1658
v 725.8597 167.8342 203.9995
v 727.4128 185.9927 203.2815
v 730.0724 185.7764 203.5907
v 729.8602 204.1754 204.1495
v 726.5681 204.3937 203.6689
v 725.2863 186.2914 203.8508
v 724.488 204.7925 203.7921
v 722.0804 205.0595 206.1081
v 715.243 205.1142 210.2187
v 715.0974 186.4463 210.0945
v 722.1005 186.4352 206.682
v 715.0916 167.9022 209.8983
v 722.0416 167.9053 207.041
v 721.9921 149.4636 207.2332
v 715.1601 149.4546 209.687
v 715.2629 131.0886 209.4846
v 721.9831 131.1031 207.3202
v 656.3328 130.9236 203.9694
v 658.7325 130.827 203.8267
v 658.5206 149.093 203.9262
v 656.0847 149.2099 203.9153
v 658.3531 167.4049 204.119
v 655.7318 167.5405 203.9488
v 653.151 131.032 205.372
v 653.2249 149.3654 205.0851
v 653.1639 167.76 204.8063
v 655.2758 185.9138 204.1073
v 658.2734 185.7669 204.4298
v 658.3215 204.1874 204.8503
v 654.7608 204.3394 204.4054
v 652.899 186.2113 204.5884
v 652.3734 204.7194 204.485
v 649.5983 186.3874 207.1732
v 649.8511 204.995 206.5666
v 642.9369 205.0591 210.4258
v 642.4531 186.3924 210.2822
v 649.1622 167.8636 207.6019
v 642.0121 167.851 210.0518
v 648.1558 131.0665 208.0536
v 648.6583 149.4256 207.8826
v 641.5922 149.4075 209.8051
v 641.1895 131.0441 209.5584
v 788.7537 146.9997 212.2857
v 787.8384 128.6527 211.5051
v 796.3916 128.5981 213.0963
v 797.3439 146.9493 212.7793
v 789.9594 165.436 212.8546
v 798.2125 165.3581 212.1973
v 781.6268 147.2351 205.7525
v 781.7354 128.9277 204.9026
v 781.608 165.6273 206.8147
v 793.2827 202.6007 212.6538
v 791.4719 183.9665 213.0525
v 798.9609 183.8222 211.3567
v 799.5311 202.3356 210.2521
v 782.6558 202.7475 209.7552
v 781.844 184.1212 208.1439
v 779.0944 203.2336 201.5974
v 780.033 203.6308 200.6183
v 779.9928 184.9702 200.0586
v 779.4646 184.6153 200.9233
v 779.8758 166.4253 199.5477
v 779.7317 166.106 200.4692
v 779.914 147.6855 200.1255
v 779.7184 147.978 199.0813
v 779.523 129.6206 198.6559
v 780.0175 129.3486 199.8365
v 573.203 147.6155 211.3862
v 573.4767 129.2285 210.9174
v 572.7961 166.1037 211.7847
v 565.0604 129.1362 212.3692
v 564.5987 147.5258 212.2922
v 564.1281 165.9935 212.0233
v 572.1806 184.7127 212.0618
v 571.3192 203.4773 212.0834
v 563.6537 184.5427 211.5378
v 563.1965 203.1806 210.8105
v 558.0828 184.2759 209.3943
v 558.0776 202.7918 208.7113
v 558.113 165.8122 209.9734
v 558.3578 129.0508 210.8171
v 558.1989 147.4033 210.4494
v 708.2144 131.041 208.9089
v 707.9662 149.4028 209.0412
v 707.7026 167.8399 209.1139
v 702.2548 149.2758 206.8845
v 702.3994 130.9368 206.7582
v 702.186 167.6839 206.9758
v 707.2761 204.955 208.9473
v 707.4514 186.356 209.0945
v 702.4027 204.7052 207.0392
v 702.2234 186.1604 207.0257
v 697.8633 185.9122 205.4925
v 698.1132 204.4027 205.7909
v 697.7814 167.4899 205.2208
v 697.8485 149.1311 204.9961
v 698.027 130.8337 204.8208
v 634.5162 149.3426 208.559
v 634.3305 130.982 208.308
v 634.6694 167.7798 208.7377
v 629.2026 149.2715 206.1199
v 628.9753 130.9273 205.8684
v 629.4865 167.6824 206.3203
v 634.9188 204.9157 208.7216
v 634.7894 186.3008 208.8076
v 630.2685 204.7003 206.553
v 629.8359 186.1581 206.4621
v 625.8403 185.9594 204.9471
v 626.3101 204.4387 205.289
v 625.4622 167.5369 204.6201
v 625.0256 130.8596 204.0338
v 625.193 149.1693 204.3144
v 778.8131 129.7863 198.5906
v 779.2319 148.1473 199.2033
v 779.6436 166.6012 199.9145
v 776.2177 129.9613 199.1629
v 776.46 148.3089 199.8733
v 776.6613 166.719 200.6809
v 780.0479 185.1562 200.746
v 780.4103 203.8049 201.6918
v 776.7858 185.1962 201.5901
v 776.806 203.7415 202.5852
v 771.5623 203.6981 203.7221
v 771.8239 185.2158 202.9063
v 772.0718 166.8011 202.0885
v 772.3064 148.4511 201.3051
v 772.5206 130.1602 200.5892
v 598.891 149.1742 209.8574
v 598.6393 130.8087 209.8888
v 599.1064 167.624 209.7997
v 592.8035 149.0248 206.6091
v 592.438 130.6526 206.4524
v 593.222 167.4653 206.7164
v 599.3829 204.8029 209.3679
v 599.2682 186.1644 209.6595
v 594.2314 204.5414 206.7205
v 593.6962 185.9721 206.7552
v 589.4632 185.6835 204.3878
v 590.1076 204.1954 204.8256
v 588.9169 167.218 203.925
v 588.2024 130.4427 203.0182
v 588.4968 148.8036 203.4635
v 741.0905 130.997 208.7056
v 740.9793 149.3724 208.7485
v 740.8984 167.8261 208.7351
v 736.7688 149.24 205.677
v 736.829 130.8944 205.4932
v 736.8101 167.652 205.8575
v 741.0399 204.9717 208.4935
v 740.8973 186.3591 208.6541
v 737.3202 204.6722 206.2313
v 736.9844 186.1286 206.0396
v 733.4059 185.8752 204.4828
v 733.644 204.3543 204.9581
v 733.3396 167.4617 204.0673
v 733.4243 149.1059 203.7276
v 733.6213 130.807 203.4596
v 671.3451 149.3558 208.53
v 671.4158 130.9992 208.2889
v 671.2562 167.7869 208.7108
v 665.8802 149.2583 206.4082
v 665.8816 130.9211 206.2186
v 665.9532 167.6636 206.5623
v 671.1415 204.9026 208.7112
v 671.1684 186.2989 208.7873
v 666.407 204.6809 206.7444
v 666.121 186.1378 206.6726
v 661.9427 185.9245 205.2574
v 662.2847 204.4117 205.5627
v 661.7233 167.5002 204.9709
v 661.6386 149.14 204.7285
v 661.6697 130.8409 204.5357
v 812.6546 127.9454 208.3776
v 818.2583 127.6615 203.9483
v 818.3452 145.8971 204.0834
v 812.5477 146.172 208.2717
v 818.4482 164.1886 204.2251
v 812.4524 164.4377 208.1746
v 807.4651 128.2626 209.6317
v 807.3959 146.5161 209.2673
v 807.276 164.8076 208.9093
v 812.3946 182.7408 208.0742
v 818.5886 182.5381 204.3621
v 818.8186 200.9487 204.4841
v 812.4326 201.0933 207.9563
v 807.1338 183.1288 208.5432
v 807.0372 201.4587 208.1569
v 802.96 201.9192 208.8547
v 803.0573 183.5249 209.5665
v 803.0349 165.1447 210.2408
v 802.6065 128.4981 211.4354
v 802.8893 146.8005 210.8648
v 549.6901 74.1894 208.3703
v 554.0274 74.2846 209.7719
v 549.6874 92.3314 208.2571
v 553.8768 92.4471 209.636
v 544.8527 74.0489 207.0549
v 544.927 92.1708 207.0285
v 549.7772 110.5223 208.0974
v 553.8094 110.6603 209.4204
v 545.0784 110.3397 206.9852
v 539.3215 110.1328 206.0312
v 533.4375 109.9878 201.4755
v 539.183 91.9806 205.9203
v 533.4174 91.8443 201.2279
v 539.1045 73.8694 205.8133
v 533.4432 73.7415 201.0028
v 696.0742 76.3339 203.8598
v 693.4191 76.4104 204.1146
v 695.7444 94.4462 203.8392
v 693.2278 94.5258 204.0077
v 689.5543 76.4341 205.4848
v 689.606 94.5697 205.3531
v 692.9899 112.7073 203.9117
v 695.3972 112.6107 203.8409
v 689.6339 112.7762 205.1972
v 684.5848 112.7786 207.5171
v 678.043 112.7613 208.843
v 684.3578 94.56 207.4866
v 677.9149 94.5379 208.5656
v 684.1487 76.405 207.4356
v 677.7838 76.3706 208.2939
v 622.7916 76.3042 202.9802
v 620.7986 76.3444 203.5466
v 622.6073 94.4249 203.06
v 620.6279 94.4509 203.4891
v 617.7111 76.3775 205.655
v 617.6496 94.4889 205.405
v 620.4684 112.6239 203.461
v 622.464 112.5962 203.1702
v 617.6278 112.6811 205.165
v 613.0681 112.6957 208.4185
v 606.1684 112.6236 210.8585
v 612.9098 94.4889 208.7288
v 605.9406 94.4249 211.0636
v 612.8344 76.3718 209.0673
v 605.762 76.3094 211.3313
v 770.4557 75.8626 201.2217
v 767.525 76.1206 204.5882
v 770.1426 94.009 201.4746
v 767.1937 94.267 204.4442
v 762.7546 76.3111 209.1235
v 762.6375 94.453 208.6846
v 766.7523 112.483 204.3501
v 769.7261 112.2072 201.8108
v 762.4651 112.6752 208.2277
v 747.3953 112.7112 211.688
v 755.5186 112.7289 211.8047
v 755.384 94.5142 212.0963
v 747.3343 94.4919 211.67
v 755.2331 76.3864 212.4046
v 747.1945 76.353 211.6548
v 584.6842 75.4456 199.2084
v 585.8882 75.5657 199.8327
v 584.3728 93.6044 199.4345
v 585.6458 93.7339 200.1078
v 583.5617 75.292 199.4136
v 583.3424 93.4524 199.6031
v 584.067 111.8232 199.7299
v 585.4894 111.9608 200.4739
v 583.1163 111.6748 199.82
v 581.8522 111.4519 201.4667
v 579.3135 111.1699 205.5057
v 581.8805 93.2328 201.3325
v 579.2283 92.9656 205.2046
v 581.9637 75.0865 201.1718
v 579.2052 74.8247 204.9224
v 732.7137 76.3325 202.4247
v 730.7069 76.4355 202.8352
v 732.2737 94.4546 202.488
v 730.324 94.5554 202.8123
v 727.2833 76.4848 204.6433
v 727.0794 94.6129 204.5381
v 729.9052 112.7414 202.8119
v 731.8241 112.6237 202.5774
v 726.8533 112.8186 204.4336
v 715.3724 112.7965 209.2988
v 722.0116 112.818 207.3515
v 715.4691 94.5754 209.1332
v 722.0622 94.6045 207.3645
v 722.1142 76.4657 207.3872
v 715.5333 76.4212 208.992
v 659.3974 76.3353 203.833
v 656.6605 76.3999 204.3844
v 659.1777 94.4449 203.7968
v 656.5951 94.5103 204.2198
v 652.6003 76.4343 206.1171
v 652.8064 94.5619 205.8877
v 656.4948 112.6885 204.0775
v 658.9564 112.6097 203.7901
v 652.9988 112.7637 205.6409
v 647.6805 112.7813 208.1546
v 640.7988 112.7534 209.3154
v 647.2357 94.5666 208.2144
v 640.4169 94.532 209.0739
v 646.8201 76.4224 208.2543
v 640.0415 76.3737 208.8334
v 786.2892 74.0863 208.8833
v 793.4689 73.9364 212.6154
v 786.6702 92.2074 209.744
v 794.4169 92.0937 212.9837
v 781.9597 74.4142 203.1448
v 781.9305 92.5271 203.6396
v 787.1657 110.3906 210.6324
v 795.4025 110.3115 213.1557
v 781.85 110.6941 204.2138
v 779.277 111.3441 198.2716
v 780.0422 111.0882 199.5804
v 778.9808 93.142 197.928
v 779.9915 92.8976 199.3445
v 779.8682 74.7704 199.1281
v 778.6223 75.0058 197.618
v 573.9451 74.5528 209.4197
v 573.8223 92.7209 209.9103
v 566.3416 74.4018 211.7697
v 565.9282 92.5877 212.0752
v 573.6716 110.9337 210.4144
v 565.5054 110.8245 212.2851
v 558.5913 110.757 211.0701
v 558.8902 92.5243 211.2085
v 559.2445 74.3467 211.2393
v 708.7915 76.3738 208.3417
v 708.6318 94.5332 208.5466
v 703.0599 76.315 206.2739
v 702.8217 94.4643 206.4443
v 708.4373 112.7518 208.7389
v 702.5952 112.6668 206.6079
v 698.2784 112.5967 204.689
v 698.5706 94.4189 204.5898
v 698.8815 76.2895 204.5115
v 633.6957 76.3069 207.3161
v 633.9072 94.4716 207.6757
v 628.6007 76.2771 204.9373
v 628.674 94.4382 205.2646
v 634.1232 112.6923 208.0089
v 628.7999 112.6498 205.5789
v 624.9454 112.6094 203.7784
v 624.9401 94.4191 203.5472
v 625.0066 76.276 203.3396
v 777.4259 75.1523 197.2021
v 777.9191 93.3038 197.6021
v 775.3542 75.3246 197.5621
v 775.6627 93.4869 198.0161
v 778.376 111.5075 198.0585
v 775.951 111.6876 198.5437
v 772.69 111.9208 199.9604
v 772.8002 93.7308 199.4276
v 772.8633 75.576 198.9771
v 597.8837 76.169 210.0763
v 598.1139 94.3041 209.9908
v 591.7148 75.9462 205.889
v 591.8837 94.1117 206.0743
v 598.3741 112.521 209.9289
v 592.1279 112.3484 206.2671
v 588.0234 112.1397 202.5919
v 587.9558 93.9017 202.2031
v 588.0021 75.7222 201.8716
v 741.2986 76.2989 208.3009
v 741.2682 94.467 208.4817
v 737.3134 76.2371 204.8992
v 737.1268 94.4013 205.1076
v 741.1938 112.6966 208.6149
v 736.9574 112.6153 205.3036
v 733.8912 112.5652 203.2484
v 734.2042 94.3807 203.0788
v 734.5386 76.2387 202.9344
v 671.5295 76.3273 207.3926
v 671.5004 94.4944 207.7089
v 666.1679 76.2946 205.5508
v 666.0353 94.4477 205.7791
v 671.4648 112.7127 208.0107
v 665.9371 112.6512 206.0048
v 661.7827 112.6016 204.3846
v 661.9514 94.4223 204.2674
v 662.1596 76.2934 204.1758
v 817.8838 73.2622 203.7305
v 812.7462 73.5329 208.8375
v 818.0443 91.3468 203.7553
v 812.778 91.6183 208.6534
v 807.0948 73.7681 210.7532
v 807.3356 91.8793 210.3789
v 812.7413 109.7592 208.5026
v 818.1656 109.4808 203.8338
v 807.4526 110.0485 210.0033
v 802.1792 110.2419 211.931
v 801.6082 92.0368 212.3309
v 800.8973 73.8861 212.6098
v 550.9911 220.5193 206.2805
v 554.3876 220.9265 206.8132
v 550.8239 239.1416 205.3593
v 553.9596 239.4959 205.8701
v 546.3992 220.0506 206.4185
v 546.8166 238.5741 205.9677
v 547.6316 270.365 197.9317
v 551.5189 271.0109 199.4865
v 551.1683 275.3542 197.9259
v 547.0587 274.5646 196.1435
v 545.2254 270.1105 196.6217
v 544.4905 274.2399 194.4073
v 552.5706 257.9809 204.168
v 549.35 257.7663 203.2961
v 547.4302 257.7223 203.2652
v 541.9923 266.4709 202.6833
v 534.8407 267.4498 203.1778
v 533.0214 257.4085 203.4359
v 541.911 257.406 207.2826
v 539.9695 238.224 207.1158
v 532.8768 238.5027 203.2051
v 545.9603 265.9811 198.8362
v 540.0579 219.7945 206.798
v 533.3192 219.9406 203.0047
v 694.1598 222.6429 205.4275
v 689.8597 222.8134 204.7547
v 694.585 241.1768 205.9165
v 689.4158 241.1713 205.4661
v 687.3143 223.29 204.3126
v 685.8826 241.7341 204.476
v 693.3732 278.1774 204.0866
v 692.5859 273.5258 204.7043
v 695.6286 273.5439 201.4539
v 695.6322 278.0918 199.9068
v 686.4268 278.7643 204.64
v 685.8134 274.0513 204.9597
v 690.2244 259.5711 206.5573
v 695.6177 259.9002 206.0954
v 683.9729 259.9122 205.9188
v 682.1757 270.7 204.1335
v 678.8746 272.7672 205.966
v 681.0286 262.6653 208.3734
v 683.2505 261.1444 204.2896
v 680.2247 242.973 209.631
v 685.2281 242.5717 204.6559
v 685.1999 269.3383 205.2794
v 685.7222 223.7154 205.5414
v 679.5569 223.8923 210.1223
v 622.7852 222.6937 205.0922
v 618.6131 222.7582 204.6915
v 623.2057 241.2033 205.5497
v 618.3078 241.1949 205.3115
v 615.8568 223.2139 204.4483
v 614.6415 241.7367 204.636
v 622.1157 278.1175 203.8044
v 621.3418 273.4819 204.4016
v 624.3221 273.5296 201.1507
v 624.3691 278.0839 199.6429
v 615.2391 278.761 204.3159
v 614.6699 274.0654 204.6956
v 619.0201 259.575 206.1935
v 624.1813 259.8667 205.6741
v 612.9625 259.9787 205.8347
v 611.0312 270.7266 204.0716
v 607.5158 272.7798 206.0867
v 609.5275 262.649 208.6118
v 612.0384 261.1566 204.3495
v 608.8638 242.9301 209.9435
v 613.8022 242.5083 204.7979
v 614.1008 269.3698 205.0753
v 614.2607 223.6372 205.604
v 608.3893 223.8095 210.4845
v 766.0945 222.2771 204.884
v 761.6387 222.6664 204.8127
v 765.9886 240.648 205.4852
v 760.8229 240.9497 205.2885
v 759.2714 223.2903 204.8104
v 757.709 241.7123 204.6375
v 762.673 277.1197 207.017
v 762.1616 272.5685 206.8544
v 766.4553 272.8183 203.8532
v 766.4941 277.4703 202.9209
v 756.4399 273.7623 204.8776
v 756.77 278.4175 204.577
v 766.3388 258.8624 206.6501
v 760.6271 258.9148 206.3669
v 755.45 259.7964 205.7796
v 753.6035 270.7145 204.1152
v 749.9219 272.8983 206.2253
v 751.9396 262.852 208.8996
v 754.7891 261.184 204.4333
v 750.3345 243.1623 210.7327
v 756.7593 242.6542 205.441
v 756.11 269.1069 205.1783
v 757.1168 223.8134 207.1237
v 749.0558 224.0494 211.5579
v 582.5585 222.1595 203.3973
v 586.7615 222.3586 204.2711
v 582.5256 240.6948 204.4895
v 587.3549 240.9022 204.9769
v 580.2463 222.4712 202.7043
v 579.0605 241.1298 203.6408
v 586.4781 277.8235 203.5051
v 585.674 273.1643 204.0443
v 588.6127 273.3 200.9009
v 588.7181 277.8759 199.4318
v 579.5842 278.4406 204.1871
v 579.0305 273.7105 204.4594
v 583.2612 259.1868 205.6618
v 588.2964 259.5721 205.3085
v 577.3698 259.5202 205.276
v 576.0465 270.4315 203.364
v 573.9026 272.6968 205.479
v 577.6971 262.5098 207.3786
v 577.6604 260.7681 203.1086
v 579.4353 242.2985 207.5388
v 579.8627 241.9232 202.172
v 578.4769 268.9804 204.7316
v 580.7344 222.8934 201.8804
v 580.0573 222.7818 207.2351
v 729.8954 222.6285 204.8083
v 725.7676 222.8187 204.2257
v 730.2958 241.1664 205.4386
v 725.223 241.1706 205.0526
v 723.4015 223.3329 203.8914
v 721.831 241.7581 204.1559
v 729.0693 278.2356 203.5658
v 728.3143 273.5797 204.2155
v 731.4006 273.5842 200.9847
v 731.4162 278.1366 199.4231
v 722.2362 278.827 204.2455
v 721.6539 274.1075 204.6108
v 726.0493 259.6119 206.1646
v 731.3539 259.9269 205.6695
v 719.907 259.9487 205.7066
v 718.0103 270.7423 203.976
v 714.6661 272.7941 205.9408
v 716.8989 262.7134 208.3136
v 719.1127 261.1903 204.1375
v 716.1766 243.025 209.6116
v 721.1976 242.6257 204.4453
v 721.0717 269.3879 204.9762
v 721.8224 223.7792 205.3365
v 715.5867 223.9432 210.135
v 658.4979 222.663 205.3208
v 654.247 222.8176 204.8266
v 658.8951 241.185 205.7652
v 653.8524 241.2092 205.443
v 651.554 223.2902 204.5117
v 650.2513 241.7696 204.6149
v 657.7281 278.1418 204.0224
v 656.9465 273.5013 204.6184
v 659.9647 273.5323 201.3541
v 659.9893 278.0847 199.8342
v 650.8129 278.7693 204.4914
v 650.2224 274.0687 204.8452
v 654.6016 259.5799 206.4063
v 659.8911 259.8749 205.9141
v 648.4507 259.9669 205.9065
v 646.585 270.7297 204.1234
v 643.1354 272.7878 206.0452
v 645.1714 262.6821 208.5318
v 647.6097 261.1737 204.3562
v 644.2437 242.9845 209.851
v 649.4298 242.5738 204.8526
v 649.6318 269.3681 205.1989
v 649.8108 223.7022 205.7963
v 643.5012 223.8929 210.3626
v 795.2655 221.3772 211.3273
v 799.7516 220.8763 208.9416
v 799.5909 239.4735 207.6842
v 796.4375 240.2153 208.7302
v 784.6368 221.5845 211.4419
v 788.7694 240.9174 212.0723
v 798.6237 275.9994 197.399
v 798.2416 271.7328 199.5632
v 801.1927 270.614 197.5397
v 801.3354 274.7184 195.1632
v 793.7733 273.4105 201.9594
v 794.1649 277.8284 199.9648
v 800.7645 258.3006 204.6693
v 797.0952 258.9331 206.0558
v 792.5984 260.157 207.9427
v 785.1686 270.843 205.5685
v 782.0496 272.0565 203.4563
v 779.8708 261.0978 203.3371
v 780.821 261.3451 209.0405
v 778.3406 241.0539 204.6173
v 779.9213 241.5791 202.0485
v 793.3816 268.9927 203.9538
v 778.6108 222.01 202.6714
v 780.0096 222.4706 201.2363
v 570.194 222.4277 211.6744
v 568.7466 241.6137 210.6756
v 562.7491 221.9181 209.8312
v 562.1921 240.7794 208.5813
v 565.1733 280.3154 202.7979
v 565.6165 275.504 204.3118
v 572.0054 277.7902 204.5293
v 570.1081 282.8837 203.5795
v 560.2021 278.0558 201.1516
v 560.455 273.4801 202.5932
v 566.9459 261.0699 208.8532
v 561.2137 259.7531 206.918
v 556.6476 258.6827 205.3477
v 556.083 267.5638 202.4269
v 551.8694 266.6675 201.047
v 557.6874 240.0272 206.884
v 560.7079 268.9044 204.0349
v 558.0175 221.373 207.9161
v 707.2462 223.6534 208.6381
v 707.3923 242.5296 208.1633
v 702.7167 223.3283 207.0068
v 703.0811 242.0574 206.8617
v 707.5511 280.9147 202.5826
v 707.5739 276.1189 203.8004
v 713.5497 277.8344 204.7545
v 712.4333 282.8747 203.5681
v 702.7543 279.3481 201.5907
v 702.8738 274.7525 202.7964
v 707.642 261.7317 207.4543
v 703.2324 260.9657 206.4135
v 699.1605 260.4811 205.8958
v 698.5651 269.4574 203.3678
v 695.625 268.996 203.0011
v 698.9016 241.6049 206.1877
v 702.9933 270.1569 204.0022
v 698.4821 222.9679 206.0538
v 635.1251 223.6364 208.4518
v 635.4886 242.5206 207.9881
v 630.7859 223.3165 206.5917
v 631.3353 242.0436 206.5284
v 636.2159 280.9406 202.4149
v 636.1475 276.1378 203.6335
v 642.1173 277.8406 204.8019
v 641.0993 282.8934 203.5587
v 631.4708 279.3749 201.336
v 631.5187 274.7711 202.5374
v 635.9421 261.7292 207.2896
v 631.6625 260.9595 206.1418
v 627.6308 260.4615 205.5668
v 627.1758 269.4601 203.0607
v 624.2752 268.9753 202.6585
v 627.3182 241.5985 205.8012
v 631.5666 270.1672 203.739
v 626.8222 222.9787 205.605
v 780.7386 222.5059 202.8236
v 780.9493 241.3011 204.1759
v 776.7012 222.3367 203.6602
v 776.5031 240.9816 204.7903
v 779.6447 280.3046 203.3353
v 779.9592 275.3433 203.8951
v 783.1389 277.5359 203.5157
v 784.2283 283.0153 203.5753
v 774.8719 278.6514 203.6671
v 775.2396 273.931 204.2498
v 780.9029 260.4593 205.5745
v 776.3428 259.77 205.9979
v 771.1084 259.3394 206.3316
v 770.2584 268.4995 205.1552
v 766.4164 268.1663 204.7856
v 771.1269 240.7488 205.2925
v 775.6074 269.2107 204.8326
v 771.3176 222.2332 204.5
v 599.5311 223.5495 208.8718
v 599.8018 242.4428 208.1864
v 594.8339 223.1776 206.6272
v 595.4586 241.9081 206.4604
v 600.5538 280.908 202.3634
v 600.4627 276.0977 203.6068
v 606.5099 277.8452 204.8242
v 605.5042 282.9106 203.5618
v 595.8073 279.286 201.1998
v 595.8169 274.675 202.4141
v 600.1893 261.6669 207.3369
v 595.8458 260.8419 206.0569
v 591.7639 260.2569 205.3629
v 591.4216 269.2833 202.8539
v 588.5073 268.724 202.3701
v 591.4144 241.3833 205.4792
v 595.8265 270.0639 203.6284
v 590.7842 222.7551 205.2139
v 741.3879 223.6851 208.2398
v 741.9484 242.5814 207.8259
v 737.803 223.3042 206.4011
v 738.3518 242.0593 206.4063
v 743.0101 280.9437 202.1574
v 742.9088 276.158 203.4032
v 748.9131 277.9215 204.8882
v 747.9042 282.9447 203.5509
v 738.4046 279.3638 200.9946
v 738.4672 274.7741 202.2408
v 742.605 261.801 207.1407
v 738.6548 261.005 205.9794
v 734.8314 260.5131 205.4435
v 734.3076 269.4908 202.8219
v 731.3851 269.0318 202.5463
v 734.4885 241.5879 205.7036
v 738.5297 270.1844 203.487
v 734.0222 222.9183 205.4162
v 671.2307 223.619 208.4639
v 671.4866 242.5 208.0304
v 666.7983 223.3004 206.768
v 667.2384 242.0311 206.6837
v 671.8988 280.9191 202.5276
v 671.883 276.1161 203.7357
v 677.7977 277.8182 204.7623
v 676.7207 282.8691 203.5585
v 667.1182 279.3548 201.5164
v 667.2068 274.7521 202.7096
v 671.8356 261.7073 207.3602
v 667.4728 260.9438 206.2896
v 663.4006 260.4572 205.7561
v 662.8673 269.4489 203.2619
v 659.9402 268.9798 202.8741
v 663.1223 241.5891 206.0074
v 667.2955 270.1493 203.9029
v 662.6907 222.9605 205.845
v 819.2251 219.4278 204.5878
v 812.6288 219.5204 207.8176
v 812.9153 238.0854 207.6162
v 819.8229 238.0615 204.6205
v 807.1014 219.8159 207.7135
v 807.1733 238.3381 207.0297
v 812.3751 275.0154 202.3758
v 812.491 270.4434 203.5318
v 819.2826 272.0464 203.7332
v 818.9855 277.0242 203.5237
v 805.5262 269.7868 201.1487
v 805.2916 274.1027 199.7224
v 812.8389 256.7274 206.9996
v 820.174 257.1129 204.3618
v 806.2301 256.8392 205.4276
v 802.9873 265.8885 199.7923
v 801.05 266.5095 199.9164
v 802.9082 257.7256 204.1063
v 802.9733 238.9627 207.0488
v 805.7609 265.4709 202.575
v 802.8129 220.3177 208.1317
v 541.1218 6.2113 200.095
v 540.7689 0.8498 201.8144
v 534.5807 0.6703 199.9882
v 546.877 6.366 201.9829
v 546.4385 1.0283 203.771
v 541.1538 29.4577 198.4585
v 541.4745 11.5728 198.3757
v 547.0386 29.5884 200.1304
v 547.3154 11.7036 200.1949
v 551.5876 1.1472 205.631
v 551.9872 6.4838 203.7911
v 556.6813 6.5539 205.1104
v 556.5595 1.1869 206.9434
v 552.1425 29.7051 201.7913
v 556.5428 29.8067 203.1705
v 556.803 11.9208 203.2775
v 552.3868 11.8204 201.9512
v 556.3527 47.7541 203.0435
v 551.9563 47.6501 201.6507
v 551.8232 60.1009 201.5168
v 556.2272 60.2081 202.8856
v 546.8186 47.5324 200.0965
v 546.6515 59.9811 200.0791
v 540.8962 47.4015 198.5628
v 540.6963 59.85 198.6776
v 678.1703 8.6568 201.9965
v 682.8771 8.6185 200.8826
v 683.3224 3.2021 202.4273
v 678.4251 3.2649 203.725
v 687.6141 8.6365 199.4373
v 687.9639 3.2463 201.0285
v 677.9138 31.945 200.4148
v 682.4628 31.9246 199.6623
v 682.4318 14.0348 199.338
v 677.9154 14.0488 200.268
v 687.291 31.9124 198.157
v 687.2642 14.0267 197.8462
v 692.2268 8.6827 198.6549
v 696.3869 8.7285 199.0068
v 695.9446 3.4628 200.964
v 692.2312 3.3548 200.4602
v 692.2004 31.8963 196.9431
v 696.8108 31.8774 196.8677
v 696.8292 13.9941 197.0497
v 692.2224 14.0107 196.8497
v 696.6354 62.2668 196.6887
v 696.739 49.8188 196.7616
v 692.1376 49.84 197.0565
v 692.0515 62.2897 197.1834
v 687.2769 49.8601 198.4525
v 687.243 62.3181 198.7486
v 682.4396 62.3493 200.3295
v 682.4594 49.8798 199.9904
v 677.891 49.9062 200.6127
v 677.8561 62.3802 200.8262
v 606.0911 8.3185 206.0737
v 610.1931 8.3382 203.1882
v 611.1794 2.8538 204.1547
v 606.8802 2.8674 207.4731
v 613.897 8.4434 200.0212
v 614.7507 2.9877 201.1152
v 605.2436 31.6628 204.7341
v 609.3619 31.7103 202.6599
v 609.2069 13.8226 202.2218
v 605.3021 13.7696 204.6742
v 613.2636 31.7773 199.4433
v 613.0433 13.899 198.9272
v 617.8207 8.5617 197.8808
v 621.7195 8.6548 197.4493
v 621.5 3.3526 199.3115
v 618.251 3.176 199.4174
v 617.4995 31.8285 196.6816
v 621.9836 31.846 195.6076
v 621.9391 13.9571 195.5872
v 617.3905 13.9474 196.3442
v 622.0714 49.7951 195.6773
v 617.6395 49.7705 196.9497
v 617.8039 62.2196 197.1622
v 622.1968 62.2523 195.7617
v 613.4592 49.7249 199.7946
v 613.6479 62.1839 200.0426
v 609.4639 49.6674 202.8939
v 605.1932 49.6193 204.6326
v 605.1725 62.0887 204.4493
v 609.5547 62.1435 203.0131
v 748.2723 8.7119 208.4705
v 753.8268 8.4802 208.3413
v 754.1473 3.1108 210.165
v 747.6478 3.4598 210.5351
v 758.7775 8.2053 205.1252
v 759.6935 2.7176 206.2995
v 749.231 31.8378 205.8488
v 753.8264 31.742 206.2298
v 753.5062 13.8496 206.5176
v 748.897 13.964 206.4059
v 758.3234 31.5936 203.9191
v 757.8615 13.693 203.9509
v 761.8716 8.0382 200.6241
v 764.1104 7.967 196.7217
v 764.9944 2.4373 197.5173
v 762.8483 2.499 201.3433
v 761.584 31.4627 200.0544
v 764.0836 31.361 196.1792
v 763.2265 13.4967 195.926
v 760.895 13.5774 199.905
v 765.1766 61.7668 196.3975
v 764.7076 49.3032 196.3172
v 762.0426 49.4215 200.0804
v 762.3326 61.8996 200.0268
v 758.6107 49.5624 203.7938
v 758.7415 62.0482 203.5872
v 754.0977 62.1678 205.5923
v 754.0173 49.6994 205.9073
v 749.4401 49.7787 205.3454
v 749.538 62.2337 204.8984
v 575.132 7.0894 197.7332
v 578.2484 7.3405 194.9243
v 579.2679 1.9323 196.0612
v 576.3553 1.6371 198.4844
v 582.1167 7.5892 193.2625
v 582.4465 2.2468 194.9242
v 573.9011 30.4079 197.9395
v 577.0393 30.6201 194.5652
v 577.2289 12.7487 193.7874
v 573.9086 12.5419 196.982
v 581.3677 30.8155 191.9539
v 581.7868 12.9315 191.6008
v 585.3621 2.5671 195.7734
v 586.089 7.8232 193.9516
v 589.0069 8.0469 196.5487
v 587.5137 2.8566 198.1963
v 586.4242 30.9757 191.8942
v 590.4036 31.1267 194.2228
v 590.5001 13.2372 194.901
v 586.8159 13.0792 192.1299
v 590.2095 49.0916 193.7931
v 586.0385 48.9406 191.8276
v 585.6797 61.423 191.8788
v 589.9744 61.5804 193.5586
v 581.0067 48.7659 192.3283
v 580.6884 61.2314 192.6893
v 576.9203 48.5593 195.3045
v 573.9429 48.3435 198.8217
v 574.0416 60.7977 199.6475
v 576.8892 61.0122 196.0235
v 715.8916 8.6062 202.9962
v 720.4075 8.5558 200.9755
v 721.1208 3.0879 202.2391
v 716.3751 3.1771 204.5802
v 724.6868 8.5828 198.5143
v 725.2845 3.1354 199.8194
v 715.3999 31.9288 201.5237
v 719.7849 31.9128 200.0977
v 719.6943 14.0237 199.7119
v 715.4081 14.0353 201.4123
v 724.217 31.9113 197.6618
v 724.0891 14.0302 197.2091
v 728.9193 8.6365 196.9525
v 732.7741 8.6967 197.0575
v 732.1528 3.418 198.8792
v 729.0537 3.2589 198.5742
v 728.8378 31.9008 195.6051
v 733.4291 31.8699 195.1724
v 733.3954 13.9753 195.2357
v 728.7849 14.0142 195.3309
v 733.2178 62.289 195.1672
v 733.3635 49.8261 195.1602
v 728.8035 49.8498 195.8487
v 728.6951 62.3068 196.0673
v 724.2371 49.8603 198.0239
v 724.1826 62.3235 198.3511
v 719.6884 62.3398 200.6708
v 719.7704 49.8685 200.3962
v 715.3198 49.8888 201.6013
v 715.1908 62.3645 201.6871
v 640.421 8.6626 203.0439
v 645.289 8.6075 202.0085
v 645.7592 3.1899 203.5597
v 640.5659 3.2855 204.8408
v 650.0553 8.61 200.2752
v 650.5335 3.2084 201.8064
v 640.3207 31.9331 201.2769
v 644.8987 31.9195 200.7293
v 644.8189 14.025 200.4573
v 640.2761 14.0396 201.247
v 649.6752 31.8964 199.069
v 649.5771 14.0117 198.7441
v 654.6287 8.6475 198.9657
v 658.8204 8.6844 198.7195
v 658.6498 3.3924 200.6496
v 654.8563 3.3006 200.7056
v 654.4501 31.8738 197.4043
v 659.0134 31.8574 196.7437
v 658.991 13.9764 196.7894
v 654.401 13.9944 197.2257
v 659.0411 49.7984 196.7243
v 654.5056 49.8135 197.5534
v 654.5679 62.2623 197.6821
v 659.073 62.2476 196.7019
v 649.7736 49.8448 199.3363
v 649.8818 62.3036 199.5813
v 644.9877 49.8774 200.9686
v 640.3921 49.8899 201.3405
v 640.4916 62.3585 201.4427
v 645.0964 62.347 201.2143
v 777.8942 7.3941 192.1653
v 780.6979 7.2193 195.2657
v 778.6871 2.0472 196.4755
v 776.2592 2.1766 193.6097
v 783.8022 6.9562 199.389
v 781.9402 1.7274 200.6201
v 780.4768 30.4967 190.8083
v 783.7063 30.2658 194.0952
v 782.7088 12.3913 194.0559
v 779.5292 12.6116 190.7209
v 786.5493 30.0492 198.2759
v 785.6643 12.1849 198.1579
v 787.8311 6.6173 203.1443
v 792.5381 6.3086 205.2731
v 791.757 0.8917 206.7229
v 786.4717 1.2826 204.5096
v 789.8687 29.8186 202.0888
v 793.8954 29.5971 204.3297
v 793.3193 11.7255 203.8234
v 789.1905 11.952 201.7791
v 794.3914 47.5302 204.7879
v 790.4316 47.7473 202.43
v 790.879 60.1782 202.8233
v 794.8055 59.9701 205.2376
v 787.2865 47.9829 198.4716
v 787.9333 60.4309 198.7169
v 784.5553 48.214 194.217
v 781.288 48.4564 190.9681
v 781.9727 60.9372 191.2106
v 785.2862 60.6846 194.4117
v 561.7659 6.5989 205.4922
v 562.1512 1.1768 207.1517
v 567.2563 6.6759 204.1123
v 568.1635 1.2023 205.3344
v 561.0818 29.9084 203.9854
v 561.3806 12.021 203.8327
v 566.1145 30.0322 203.4809
v 566.3492 12.1495 202.8903
v 571.8381 6.8511 201.0417
v 573.0151 1.3695 201.8327
v 570.6097 30.2031 201.1652
v 570.661 12.3328 200.2508
v 570.5669 48.1445 201.96
v 570.5261 60.6052 202.6304
v 565.9098 47.982 203.9329
v 565.743 60.4447 204.2757
v 560.8527 47.859 204.0542
v 560.6893 60.318 204.0522
v 700.5369 8.7634 200.357
v 699.8201 3.5268 202.3671
v 705.3233 8.7807 202.3124
v 704.7167 3.5198 204.3525
v 701.2867 31.883 197.9747
v 701.2538 14.0 198.347
v 705.9725 31.926 199.8754
v 705.9299 14.0416 200.2723
v 710.636 3.3762 205.5079
v 710.7191 8.7173 203.5674
v 710.7905 31.9499 201.4115
v 710.8021 14.0585 201.627
v 710.7225 49.9064 201.2505
v 710.6133 62.3754 201.1344
v 705.9459 49.8752 199.5908
v 705.8726 62.336 199.3755
v 701.2497 49.8287 197.7162
v 701.1718 62.2838 197.5126
v 625.7205 8.7258 198.5146
v 624.994 3.4796 200.4709
v 630.2383 8.7613 200.6646
v 629.4344 3.5162 202.6593
v 626.5419 31.8605 196.3038
v 626.4469 13.972 196.5582
v 631.1828 31.8915 198.313
v 631.0422 14.0064 198.6699
v 634.8868 3.4312 204.5935
v 635.2974 8.7339 202.6069
v 635.7982 31.9217 200.3794
v 635.7079 14.0366 200.6204
v 635.9117 49.8716 200.2523
v 636.0499 62.3323 200.207
v 631.329 49.8428 198.1146
v 631.4895 62.307 198.0215
v 626.6545 49.8133 196.1854
v 626.7921 62.2777 196.1477
v 766.718 7.8868 193.465
v 767.3649 2.3923 194.6333
v 770.3686 7.737 191.0644
v 770.4521 2.3011 192.623
v 766.9826 31.2401 192.5929
v 766.0711 13.3813 192.2968
v 771.1871 31.0415 189.7851
v 770.285 13.1729 189.5058
v 774.4955 7.5527 190.5787
v 773.6917 2.2189 192.2555
v 776.1945 30.7672 189.1135
v 775.2993 12.8865 188.9018
v 776.9683 48.7227 189.3695
v 777.627 61.1968 189.6812
v 771.9642 48.9823 190.0757
v 772.6188 61.4425 190.3665
v 768.3129 61.627 193.0179
v 767.7211 49.1738 192.8262
v 591.5433 8.2494 200.3173
v 589.9014 3.0728 201.9882
v 595.152 8.395 204.6071
v 594.0128 3.1696 206.5811
v 593.345 31.2978 197.7717
v 593.1852 13.4261 198.6465
v 596.4297 31.4828 201.7753
v 596.2912 13.6204 202.6332
v 600.5915 3.0499 209.085
v 600.6506 8.3915 207.0879
v 600.6349 31.6117 204.5819
v 600.7096 13.733 205.0908
v 600.6159 49.5533 204.0757
v 600.6352 62.0069 203.6279
v 596.5423 49.4184 201.0814
v 596.6307 61.87 200.5419
v 593.3891 49.2493 197.1308
v 593.3774 61.7249 196.6707
v 736.306 8.755 198.8356
v 734.9871 3.5648 200.5979
v 739.7467 8.8188 202.1862
v 738.1094 3.6749 203.9153
v 737.7931 31.841 196.6626
v 737.6249 13.9452 197.0734
v 741.7396 31.8415 199.8252
v 741.384 13.9626 200.4572
v 742.1492 3.6609 207.8875
v 743.5332 8.8287 205.9818
v 745.3323 31.8599 203.3849
v 744.9172 13.9965 204.0762
v 745.5724 49.7987 202.8329
v 745.6868 62.2608 202.3618
v 741.9003 49.7936 199.3557
v 741.9193 62.2623 198.9887
v 737.7173 62.268 196.1753
v 737.8102 49.8012 196.3817
v 663.0728 8.7249 199.4733
v 662.5944 3.4615 201.4739
v 667.9101 8.7439 200.9255
v 667.4219 3.4676 202.9361
v 663.5953 31.8747 197.2581
v 663.5512 13.9882 197.4727
v 668.4479 31.9078 198.6818
v 668.3983 14.0202 198.9149
v 672.99 3.3835 204.0121
v 673.1482 8.7144 202.073
v 673.3179 31.9391 200.0438
v 673.3064 14.0453 200.1339
v 673.3151 49.8974 200.0477
v 673.3059 62.3673 200.0826
v 668.4852 49.8599 198.5503
v 668.5156 62.3226 198.464
v 663.6346 49.8195 197.1219
v 663.6734 62.2742 197.0077
v 797.5771 6.0784 205.801
v 797.2559 0.6268 207.2606
v 803.1791 5.8981 205.1662
v 803.1362 0.4504 206.6585
v 798.4735 29.4051 204.8611
v 797.8983 11.5301 204.3414
v 803.7709 29.2234 204.0068
v 803.2219 11.3457 203.6738
v 809.266 5.7273 203.8153
v 815.766 0.1305 203.8034
v 809.3583 0.2956 205.3663
v 809.6666 29.0351 202.3781
v 809.1737 11.159 202.2643
v 810.068 46.9698 202.3523
v 810.3862 59.4089 202.2126
v 804.2325 47.1636 204.186
v 804.6062 59.6134 204.2149
v 798.976 47.3445 205.2652
v 799.4063 59.7974 205.5443
v 556.1677 128.8153 202.3204
v 551.7695 128.6679 200.9273
v 551.8234 146.9314 200.6587
v 556.246 147.0984 201.9738
v 551.8582 165.2379 200.3571
v 556.3146 165.4304 201.5543
v 546.5143 128.5156 199.8256
v 546.5352 146.7619 199.7262
v 546.538 165.046 199.6255
v 556.3399 183.8059 201.0591
v 551.8444 183.5783 200.0135
v 551.7391 201.9366 199.6034
v 556.2718 202.2157 200.4782
v 546.4963 183.3589 199.5179
v 546.3728 201.6767 199.3817
v 540.2567 201.4715 199.4333
v 540.3824 183.1462 199.306
v 540.4346 164.854 199.1924
v 540.4492 146.5909 199.091
v 540.4512 128.3602 198.999
v 691.4713 130.9071 196.7327
v 691.3009 149.2112 196.6663
v 695.9055 149.1561 196.8811
v 696.0812 130.866 196.7497
v 691.1276 167.5764 196.6686
v 695.7167 167.4997 197.0977
v 686.7052 130.9904 198.418
v 686.5012 149.3091 198.2515
v 686.2601 167.6897 198.0296
v 690.9603 186.0019 196.7946
v 690.8143 204.4789 197.1009
v 695.3628 204.3359 197.84
v 695.5262 185.8939 197.4185
v 686.0003 186.1322 197.7658
v 685.7753 204.6406 197.4978
v 681.6639 204.8558 200.434
v 681.918 186.3063 200.743
v 677.8257 186.4554 202.8566
v 677.8904 205.0472 203.0728
v 682.0746 167.8344 200.8612
v 677.79 167.946 202.5561
v 682.1704 149.4295 200.8572
v 682.2391 131.0883 200.7859
v 677.7747 131.1512 201.9326
v 677.7737 149.5125 202.2392
v 622.9095 130.8801 196.1313
v 618.3173 130.8482 196.5365
v 618.4982 149.1514 196.4867
v 623.1063 149.1766 196.3527
v 618.677 167.512 196.5176
v 623.2852 167.5283 196.6421
v 613.8032 130.8851 198.8137
v 613.8688 149.2136 198.518
v 613.9136 167.6036 198.2089
v 618.8351 185.928 196.6751
v 618.9453 204.3967 197.0107
v 623.5338 204.3804 197.4572
v 623.4326 185.9318 197.0098
v 613.9324 186.0551 197.9007
v 613.9336 204.5685 197.6501
v 609.8955 204.8024 200.6799
v 610.0096 186.2312 201.084
v 606.1418 186.2273 203.5908
v 606.3578 204.8639 203.632
v 609.9796 167.7285 201.3817
v 605.9075 167.6906 203.5416
v 605.6826 149.2386 203.5316
v 609.8776 149.2953 201.6206
v 609.7546 130.9309 201.8422
v 605.4854 130.8645 203.5813
v 761.7488 130.6177 198.624
v 761.514 148.936 198.269
v 765.5933 148.7993 196.1248
v 765.5433 130.483 196.0078
v 761.3185 167.307 197.9167
v 765.6541 167.1619 196.3561
v 757.9475 130.7784 201.9563
v 757.5873 149.1084 201.4514
v 757.1833 167.4946 200.8212
v 761.2101 185.7314 197.6332
v 761.1945 204.2075 197.4967
v 765.7895 204.0208 197.1634
v 765.7236 185.5695 196.7079
v 756.7751 185.9362 200.0544
v 756.4265 204.436 199.17
v 752.8527 204.7786 202.7336
v 753.0935 186.2056 203.5114
v 748.6516 186.3862 204.7323
v 748.6648 205.0256 204.6456
v 753.2811 167.7043 204.0315
v 748.7277 167.8425 204.7411
v 753.4586 149.2746 204.368
v 753.6378 130.9171 204.5999
v 749.0284 131.0068 204.7023
v 748.8625 149.3843 204.7202
v 588.8917 130.4033 194.5943
v 584.593 130.2588 192.9272
v 584.4611 148.6159 193.347
v 588.7612 148.7559 195.008
v 584.3419 167.0189 193.8637
v 588.6576 167.1587 195.4808
v 579.595 130.0396 193.6715
v 579.4418 148.4292 193.9325
v 579.2975 166.8977 194.1913
v 588.5579 185.6052 196.0193
v 584.2014 185.4717 194.5165
v 584.0228 203.9714 195.3315
v 588.4498 204.0895 196.6124
v 579.1454 185.431 194.5163
v 578.98 204.0273 194.9731
v 574.304 203.6604 202.7438
v 575.1016 203.9678 198.2134
v 575.5232 185.2497 198.0377
v 574.1797 184.9488 202.4402
v 575.7853 166.6507 197.8191
v 574.0298 166.3778 202.0767
v 573.9053 147.9171 201.7039
v 575.9377 148.1693 197.5696
v 576.0635 129.7869 197.2849
v 573.818 129.5486 201.3087
v 727.5837 130.954 195.8714
v 727.28 149.2635 195.876
v 731.8887 149.2099 195.761
v 732.1829 130.9149 195.5476
v 726.9904 167.6314 195.9361
v 731.5984 167.5584 196.0678
v 723.0223 131.0113 198.053
v 722.6606 149.3344 197.9315
v 722.2712 167.7184 197.75
v 726.7335 186.0553 196.1065
v 726.5264 204.5287 196.4629
v 731.0977 204.3942 197.0525
v 731.3263 185.9555 196.4955
v 721.8745 186.1642 197.5034
v 721.5275 204.6743 197.2218
v 717.6313 204.8832 200.4406
v 718.0035 186.3237 200.7533
v 713.9675 186.4567 202.9762
v 713.8976 205.0656 203.1382
v 718.3018 167.8394 200.8801
v 714.0942 167.9411 202.7603
v 718.5637 149.4263 200.8936
v 718.8097 131.0815 200.849
v 714.4424 131.1431 202.3243
v 714.2573 149.5055 202.5366
v 654.6862 130.881 196.9527
v 654.7242 149.1828 196.8376
v 659.3333 149.1449 196.765
v 659.2855 130.8523 196.6406
v 654.7621 167.5436 196.8069
v 659.368 167.4917 196.9839
v 650.0143 130.9784 198.8832
v 650.0018 149.2982 198.6389
v 649.9515 167.679 198.3549
v 654.791 185.9621 196.9164
v 654.8055 204.4391 197.1988
v 659.3848 204.3371 197.7233
v 659.3831 185.89 197.3094
v 649.8674 186.1208 198.0502
v 649.7845 204.6295 197.7592
v 645.6749 204.8667 200.6937
v 645.8021 186.3246 201.0469
v 641.6854 186.4222 203.1158
v 641.8765 205.0249 203.2969
v 645.796 167.8462 201.2289
v 641.4871 167.9128 202.8638
v 645.7091 149.4339 201.3062
v 645.5858 131.088 201.32
v 641.0931 131.1233 202.3521
v 641.2865 149.4822 202.6046
v 791.335 128.7776 205.2039
v 791.4923 147.0926 205.6195
v 796.1035 146.8668 205.6799
v 795.8926 128.5729 205.9063
v 791.7247 165.4758 205.8668
v 796.295 165.2108 205.2512
v 788.0248 129.0708 201.3854
v 787.8482 147.3951 202.1173
v 787.6453 165.7949 202.8815
v 792.0494 183.9256 205.8683
v 792.4757 202.4341 205.4937
v 796.6912 202.0066 203.636
v 796.4799 183.5965 204.5936
v 787.4949 184.2802 203.673
v 787.53 202.8662 204.4474
v 786.0275 203.3967 199.6344
v 786.3393 184.7549 198.7633
v 784.5908 185.1718 194.512
v 784.7927 203.8759 195.2117
v 786.4908 166.221 197.9695
v 784.3489 166.5904 193.8988
v 786.5211 147.7791 197.2472
v 786.4507 129.4201 196.5876
v 783.7778 129.7268 192.8393
v 784.0807 148.1124 193.3456
v 570.3987 129.3322 204.4012
v 570.4306 147.6909 204.7338
v 570.4427 166.1371 204.9724
v 565.3976 129.1503 205.1697
v 565.3858 147.4914 205.128
v 565.3826 165.9037 204.9265
v 570.3992 184.6858 205.078
v 570.2599 203.3588 204.9553
v 565.3678 184.3918 204.5388
v 565.3083 202.9624 203.9229
v 560.6372 202.5497 201.978
v 560.6655 184.0731 202.6686
v 560.619 165.6507 203.2176
v 560.5497 147.2844 203.6372
v 560.4906 128.9752 203.9329
v 709.853 131.1188 201.8907
v 709.6746 149.4677 202.0395
v 709.527 167.8838 202.1413
v 705.13 131.0194 200.0886
v 704.9645 149.3445 200.2062
v 704.8325 167.7321 200.272
v 709.4316 186.3672 202.1645
v 709.4183 204.9179 202.0658
v 704.7469 186.182 200.2745
v 704.7194 204.6937 200.2142
v 699.8693 204.4831 198.8012
v 699.9794 186.003 198.6033
v 700.1351 167.5819 198.4091
v 700.3149 149.2196 198.2244
v 700.5031 130.916 198.0526
v 636.5712 131.0556 201.4582
v 636.765 149.3996 201.7116
v 636.9785 167.8127 201.9103
v 631.9889 130.9951 199.3217
v 632.1897 149.3212 199.5609
v 632.4153 167.7106 199.7348
v 637.21 186.2987 202.0189
v 637.4617 204.8631 201.9779
v 632.6543 186.1635 199.8286
v 632.8824 204.6797 199.8363
v 628.0656 204.5171 198.2991
v 627.9232 186.0394 198.0477
v 627.7505 167.6147 197.7861
v 627.5685 149.2469 197.5102
v 627.388 130.9378 197.225
v 779.4006 129.9998 191.4104
v 779.6741 148.3956 192.0138
v 779.9007 166.8885 192.7174
v 774.4085 130.2202 192.191
v 774.6987 148.5983 192.8904
v 774.9415 167.0375 193.689
v 780.092 185.4832 193.5462
v 780.25 204.179 194.4958
v 775.1436 185.5399 194.5807
v 775.3053 204.1052 195.5452
v 770.3669 203.9888 196.6205
v 770.2571 185.4959 195.8768
v 770.1044 167.0588 195.1596
v 769.91 148.6772 194.5115
v 769.6766 130.3517 193.9694
v 600.9063 130.7664 203.0473
v 601.1038 149.1326 202.9982
v 601.3369 167.5718 202.9462
v 596.528 130.6442 200.5179
v 596.6869 149.0032 200.5374
v 596.9017 167.4259 200.5192
v 601.595 186.0866 202.8384
v 601.8662 204.6826 202.6029
v 597.1505 185.9109 200.4298
v 597.3949 204.4581 200.245
v 592.7983 204.2577 198.1396
v 592.7356 185.7462 197.9665
v 592.6608 167.2837 197.7666
v 592.6104 148.8735 197.5457
v 592.6124 130.5197 197.318
v 744.9241 131.0449 202.6025
v 744.7618 149.4058 202.6135
v 744.6541 167.8351 202.5836
v 740.8977 130.9822 199.5446
v 740.6838 149.3146 199.626
v 740.5188 167.709 199.6779
v 744.6267 186.3322 202.4866
v 744.7065 204.8957 202.2889
v 740.4125 186.1652 199.6997
v 740.3692 204.6828 199.7006
v 735.6035 204.4917 198.0236
v 735.781 186.0137 197.6794
v 736.0183 167.5926 197.3774
v 736.2949 149.2284 197.1176
v 736.5923 130.9216 196.8941
v 673.2076 131.0991 201.3084
v 673.2136 149.4418 201.5696
v 673.2471 167.8495 201.7841
v 668.4874 131.0044 199.4993
v 668.5175 149.3281 199.701
v 668.5784 167.714 199.8502
v 673.3179 186.3239 201.9079
v 673.4419 204.8741 201.8808
v 668.6682 186.1632 199.9304
v 668.7769 204.6766 199.9377
v 663.9189 204.4923 198.5435
v 663.8798 186.0098 198.3157
v 663.8437 167.5834 198.083
v 663.8114 149.217 197.8568
v 663.7844 130.9104 197.6459
v 811.2926 127.8937 201.3002
v 811.4977 146.1247 201.1414
v 811.7261 164.3921 201.004
v 805.3492 128.1317 202.7431
v 805.4957 146.3755 202.3163
v 805.6741 164.658 201.8838
v 811.9972 182.6927 200.878
v 812.364 201.0361 200.7494
v 805.9093 182.9698 201.4424
v 806.2547 201.2897 200.994
v 800.9725 201.6294 201.9328
v 800.7075 183.2763 202.7574
v 800.5505 164.9378 203.4782
v 800.4318 146.6312 204.0914
v 800.3156 128.3665 204.6031
v 551.7352 74.1711 201.4592
v 556.1248 74.283 202.8764
v 551.7061 92.2853 201.3383
v 556.0891 92.4058 202.7766
v 546.5544 74.0471 200.0513
v 546.5076 92.1548 199.9966
v 556.1081 110.5838 202.5898
v 551.7227 110.4515 201.1578
v 546.4984 110.3119 199.9191
v 540.4623 110.1669 198.9147
v 540.5002 92.0169 198.8344
v 540.5743 73.914 198.7575
v 691.9237 76.3593 197.0642
v 696.517 76.3358 196.666
v 691.7838 94.481 196.9466
v 696.3852 94.4545 196.6604
v 687.1375 76.401 198.6948
v 687.0153 94.536 198.6275
v 691.6327 112.6637 196.8334
v 696.2404 112.6316 196.683
v 686.8736 112.7325 198.5394
v 682.2951 112.811 200.6832
v 677.7859 112.8598 201.6408
v 682.3457 94.5972 200.5659
v 677.8046 94.6366 201.3597
v 682.3939 76.4467 200.4452
v 677.8286 76.4801 201.0874
v 617.8763 76.2928 196.9584
v 622.3355 76.3293 195.7873
v 617.9957 94.4179 196.7797
v 622.5119 94.457 195.8533
v 613.6351 76.2734 199.7117
v 613.6694 94.4145 199.3967
v 622.7078 112.6404 195.967
v 618.1467 112.6034 196.6378
v 613.7315 112.6186 199.1019
v 609.6432 112.6341 202.0771
v 605.3285 112.565 203.7004
v 609.5624 94.4037 202.3464
v 605.2189 94.3404 203.8929
v 605.165 76.1859 204.1497
v 609.5297 76.2443 202.6634
v 762.2712 75.9974 199.6557
v 765.3023 75.8567 196.1829
v 762.1453 94.145 199.3018
v 765.4052 94.0054 196.0429
v 758.6603 76.1474 203.1942
v 758.4888 94.2967 202.7931
v 761.968 112.3523 198.9612
v 765.4857 112.2156 195.9828
v 758.2486 112.5071 202.3849
v 753.8084 112.6307 204.8038
v 749.1986 112.7061 204.7099
v 753.955 94.4119 205.0327
v 749.3525 94.4787 204.7509
v 754.0601 76.261 205.2944
v 749.4734 76.3239 204.8172
v 585.3304 75.5392 192.0306
v 589.637 75.7021 193.6785
v 585.0275 93.7134 192.2578
v 589.3307 93.873 193.9152
v 580.3601 75.3286 192.9565
v 580.0582 93.4934 193.1875
v 589.08 112.1071 194.2263
v 584.7809 111.9537 192.5591
v 579.8 111.7304 193.4211
v 576.2115 111.487 196.9801
v 573.7762 111.2605 200.893
v 576.389 93.2604 196.6646
v 573.7919 93.045 200.4732
v 573.8819 74.897 200.064
v 576.6096 75.1046 196.3469
v 728.4544 76.3824 195.989
v 733.0016 76.3671 195.2232
v 728.1805 94.5127 195.9312
v 732.7476 94.4928 195.2963
v 723.9365 76.4094 198.2605
v 723.6584 94.5484 198.1946
v 727.8873 112.7036 195.8928
v 732.4716 112.6755 195.3993
v 723.354 112.7492 198.1331
v 719.0471 112.8029 200.782
v 714.6381 112.8502 202.1291
v 719.2761 94.5894 200.7174
v 714.8347 94.6252 201.9539
v 719.4927 76.4393 200.6735
v 715.0227 76.467 201.8029
v 654.5854 76.3335 197.4825
v 659.1166 76.3175 196.6311
v 654.614 94.4559 197.2903
v 659.1707 94.4374 196.5894
v 649.9183 76.3869 199.4275
v 649.9602 94.5225 199.2661
v 654.6488 112.6385 197.1107
v 659.2292 112.616 196.5879
v 649.9964 112.7197 199.0888
v 645.4507 112.8078 201.3008
v 640.9122 112.8332 202.1093
v 645.3172 94.5929 201.267
v 640.7472 94.6107 201.8745
v 645.1953 76.4427 201.2325
v 640.6037 76.4558 201.6484
v 791.0343 74.2341 203.4603
v 795.1179 74.0359 205.5999
v 791.1361 92.3492 204.0887
v 795.3995 92.1548 205.8438
v 788.089 74.4993 199.3539
v 788.1555 92.6251 200.008
v 791.2264 110.5303 204.6794
v 795.6581 110.3344 205.9528
v 788.1327 110.8152 200.6838
v 786.2871 111.1368 195.9823
v 783.423 111.4237 192.3765
v 786.0377 92.9241 195.4215
v 783.009 93.196 191.9517
v 785.7048 74.7783 194.8995
v 782.5301 75.0387 191.562
v 570.4353 74.6989 203.1263
v 570.3829 92.843 203.5777
v 565.5971 74.5307 204.602
v 565.4948 92.6723 204.8814
v 570.3752 111.052 204.006
v 565.4308 110.8781 205.0782
v 560.464 110.7238 204.1103
v 560.4839 92.531 204.1795
v 560.5579 74.3977 204.1527
v 710.437 76.4701 201.3253
v 710.2445 94.6205 201.5225
v 705.6963 76.4202 199.5668
v 705.5069 94.5573 199.7565
v 710.0466 112.8365 201.714
v 705.3148 112.757 199.9339
v 700.6879 112.6713 197.8967
v 700.8632 94.4858 197.7571
v 701.0255 76.3597 197.6307
v 636.1301 76.4203 200.5332
v 636.25 94.566 200.8603
v 631.5606 76.3944 198.3668
v 631.6727 94.532 198.7113
v 636.399 112.7778 201.1707
v 631.8165 112.7321 199.0337
v 627.2148 112.6882 196.938
v 627.0521 94.4979 196.6566
v 626.9067 76.3656 196.3878
v 778.1837 75.2963 190.036
v 778.6599 93.4561 190.4344
v 773.1725 75.5341 190.696
v 773.6495 93.6883 191.0985
v 779.0652 111.689 190.8864
v 774.0611 111.916 191.5923
v 769.4006 112.081 193.5495
v 769.078 93.8657 193.2571
v 768.7158 75.7155 193.0843
v 600.6148 76.0933 203.4068
v 600.6538 94.2474 203.246
v 596.486 75.9656 200.4869
v 596.4232 94.1237 200.4761
v 600.7539 112.4717 203.1259
v 596.4384 112.3505 200.4907
v 592.688 112.2265 197.0982
v 592.8417 93.9973 196.9054
v 593.0748 75.834 196.7528
v 745.5137 76.3654 202.455
v 745.3177 94.5255 202.5198
v 741.6754 76.357 199.1629
v 741.4094 94.5037 199.3114
v 745.1157 112.7517 202.5682
v 741.1448 112.712 199.4381
v 736.8955 112.6727 196.6978
v 737.1926 94.4821 196.5209
v 737.472 76.3503 196.3519
v 673.2698 76.4605 200.3998
v 673.2397 94.6086 200.7155
v 668.4971 76.407 198.731
v 668.4834 94.5439 199.0009
v 673.2179 112.8214 201.0206
v 668.4786 112.743 199.2609
v 663.7573 112.6636 197.4532
v 663.7285 94.4767 197.2827
v 663.6994 76.35 197.1351
v 810.6458 73.4626 201.9433
v 810.8793 91.5585 201.7008
v 804.8523 73.6747 203.9042
v 805.0476 91.7778 203.545
v 811.092 109.7031 201.4867
v 805.2078 109.9308 203.1555
v 800.1718 110.1487 205.0095
v 799.9797 91.9819 205.3101
v 799.7278 73.8677 205.4979
v 551.4539 220.2812 199.0919
v 556.0191 220.6372 199.7988
v 550.951 238.5617 198.1763
v 555.5182 239.0295 198.8488
v 546.0802 219.9675 199.2186
v 545.6225 238.2232 198.8685
v 550.0782 256.6062 196.22
v 548.5685 265.5854 196.1817
v 552.8572 266.3136 197.5994
v 554.5461 257.273 197.2729
v 544.7416 256.263 196.7392
v 544.6161 265.2515 195.5732
v 542.0735 275.5358 198.0842
v 541.514 270.8527 198.6647
v 535.7504 272.4704 203.0488
v 536.66 277.491 202.9198
v 539.8356 256.8036 200.4068
v 539.5878 238.3104 199.9189
v 544.5533 269.7457 194.9902
v 539.9689 219.8529 199.5914
v 690.6744 222.9976 197.5959
v 695.2314 222.8227 198.3024
v 690.4812 241.5384 198.3474
v 695.0906 241.3365 198.7287
v 685.6246 223.2181 197.3064
v 685.5245 241.8755 197.2788
v 690.3091 260.0539 199.3666
v 691.8411 269.1156 201.7266
v 695.2786 268.9369 199.4146
v 694.925 259.782 198.9223
v 685.2433 260.5848 198.8562
v 685.8351 269.6745 201.7481
v 681.1008 280.2557 203.9774
v 680.8998 275.5177 202.4123
v 677.09 277.6774 203.1113
v 680.297 261.3039 197.717
v 680.7673 242.2592 199.0034
v 678.1065 242.6869 202.7477
v 678.1978 262.1019 201.7692
v 686.131 274.2194 203.1942
v 681.2729 223.4916 199.8757
v 677.9803 223.7578 203.0907
v 618.9966 222.9228 197.4962
v 623.5891 222.8629 197.9318
v 618.9623 241.4978 198.1404
v 623.5787 241.3472 198.3534
v 613.9431 223.159 197.4998
v 613.9421 241.8233 197.4632
v 618.911 260.0361 199.0016
v 620.5134 269.0768 201.4029
v 623.9434 268.932 199.0703
v 623.5176 259.7801 198.4978
v 613.8314 260.5589 198.7034
v 614.5352 269.6599 201.5096
v 610.024 280.2965 203.7937
v 609.723 275.5354 202.3206
v 605.822 277.6965 203.1655
v 608.8198 261.252 197.9014
v 609.2125 242.2055 199.2491
v 606.6843 242.6101 203.0811
v 606.7757 262.0541 201.9771
v 614.8871 274.2104 202.9128
v 609.6133 223.4377 200.0987
v 606.5363 223.6328 203.5216
v 761.275 222.726 197.6147
v 765.8838 222.5049 197.6833
v 761.3666 241.2686 198.1087
v 765.9895 241.0038 198.2867
v 756.2622 223.0028 198.2676
v 756.3257 241.6512 197.5643
v 761.4126 259.7905 199.256
v 762.0428 268.4551 203.1366
v 766.2682 268.4493 201.196
v 766.0422 259.4283 199.4711
v 756.3628 260.4134 198.657
v 756.5664 269.4155 201.6171
v 752.418 280.245 203.7971
v 752.1432 275.4763 202.377
v 748.2682 277.7401 203.2154
v 751.3186 261.1705 198.1164
v 751.9536 242.1712 200.0914
v 749.0694 242.7238 203.6508
v 749.3604 262.1259 202.2087
v 756.6682 273.9165 203.097
v 752.4872 223.4254 201.6134
v 748.8003 223.7816 204.36
v 583.791 222.5133 196.3049
v 588.3091 222.5988 197.2359
v 583.532 241.1289 197.366
v 588.1338 241.1049 197.8147
v 578.7787 222.6813 195.6511
v 578.5502 241.4328 196.4579
v 587.9034 259.5462 198.1118
v 583.2766 259.744 198.476
v 584.8774 268.7838 200.9905
v 588.3108 268.7111 198.7719
v 578.1891 260.2409 198.1517
v 578.8867 269.3408 201.1694
v 574.4326 280.0948 203.6192
v 574.1111 275.2987 202.0872
v 570.8099 277.5781 203.1978
v 573.1469 260.9102 197.4913
v 573.8192 241.6776 198.2524
v 573.978 241.8578 202.8516
v 572.9155 261.6611 202.053
v 579.2354 273.8907 202.6783
v 574.2999 222.5874 202.9036
v 574.4788 222.7795 198.3027
v 726.3552 223.0402 197.0457
v 730.9235 222.868 197.6786
v 726.1559 241.5696 197.9168
v 730.7699 241.3631 198.2495
v 721.2964 223.253 196.9987
v 721.172 241.909 196.9803
v 726.0092 260.0816 198.9727
v 727.5392 269.1586 201.2692
v 731.0199 268.97 198.9617
v 730.6235 259.8033 198.5002
v 720.9304 260.6128 198.6032
v 721.5833 269.7199 201.4244
v 716.9077 280.2944 203.8147
v 716.666 275.5525 202.2778
v 712.8095 277.6878 203.1182
v 715.9406 261.3268 197.6671
v 716.5193 242.2906 198.9727
v 713.9323 242.7207 202.7693
v 713.9379 262.127 201.7686
v 721.9098 274.2735 202.8349
v 717.1348 223.5262 199.8675
v 713.8893 223.7928 203.132
v 654.7816 222.9716 197.6407
v 659.3627 222.8281 198.1674
v 654.6901 241.5314 198.2916
v 659.3032 241.3329 198.5708
v 649.7269 223.2069 197.5402
v 649.6962 241.863 197.4296
v 654.5947 260.0529 199.2145
v 656.1614 269.0974 201.6184
v 659.5974 268.9326 199.2871
v 659.2056 259.7805 198.7401
v 649.5218 260.5838 198.8058
v 650.1674 269.6766 201.6487
v 645.5604 280.2858 203.8905
v 645.3052 275.5374 202.377
v 641.4354 277.6959 203.1404
v 644.54 261.2921 197.8362
v 644.9619 242.2587 199.206
v 642.2702 242.6883 202.9253
v 642.4436 262.1033 201.8857
v 650.4901 274.223 203.0701
v 645.381 223.4906 200.1149
v 642.0639 223.7527 203.3014
v 792.9735 220.9752 204.5059
v 797.0066 220.4089 202.2938
v 793.2684 239.4602 202.3011
v 797.6138 238.7762 200.7885
v 787.9539 221.5735 205.0432
v 788.967 240.4077 204.8857
v 794.2248 257.8352 199.5365
v 796.4242 266.9173 198.4677
v 799.9259 265.7987 196.5669
v 798.5164 256.879 197.9707
v 789.629 259.1105 201.4594
v 791.897 268.4695 200.7121
v 789.5162 280.3408 202.0965
v 788.388 275.3892 202.3792
v 784.5153 277.6656 202.3602
v 785.0034 260.5343 203.2271
v 784.9781 241.1686 201.8107
v 785.2952 241.9405 197.2592
v 785.3762 261.6164 198.7145
v 793.0309 273.1489 200.3384
v 785.5205 222.1798 200.6286
v 785.0292 222.7747 196.0732
v 569.9698 222.1897 204.4744
v 569.4349 241.2321 203.5112
v 565.1277 221.6248 203.0339
v 564.6921 240.3951 201.8324
v 568.393 260.5266 201.8136
v 566.7832 270.421 202.3057
v 571.5118 272.2724 202.8162
v 563.69 259.2321 200.1694
v 561.946 268.6439 200.6606
v 555.5184 276.4449 199.5061
v 556.3763 271.8627 199.265
v 552.0128 270.8339 197.7627
v 558.95 258.1159 198.5415
v 559.9681 239.6234 200.0589
v 561.0741 273.3499 200.9061
v 560.4395 221.0723 201.1345
v 709.4858 223.5494 201.7883
v 709.5693 242.331 201.2954
v 704.7256 223.272 200.0853
v 704.7139 241.9169 199.8431
v 709.5207 261.3788 200.5049
v 708.5359 271.1467 201.5437
v 713.1857 272.5009 202.6684
v 704.5854 260.6327 199.3421
v 703.6699 269.9904 200.4664
v 697.9697 278.4337 200.84
v 698.3637 273.8439 200.3075
v 695.4554 273.5143 199.6606
v 699.5459 260.0747 198.7103
v 699.705 241.5779 199.0253
v 703.2121 274.6693 201.0286
v 699.7932 223.0224 198.9668
v 637.7311 223.5164 201.733
v 637.9849 242.3043 201.2302
v 633.0734 223.2596 199.7571
v 633.1937 241.905 199.5661
v 638.0864 261.3583 200.4185
v 637.1511 271.1495 201.4167
v 641.7715 272.4984 202.7222
v 633.1826 260.626 199.1046
v 632.3267 270.0005 200.2202
v 626.7208 278.4587 200.5546
v 627.0773 273.8644 200.0129
v 624.1562 273.5079 199.3566
v 628.1471 260.0813 198.388
v 628.1981 241.5796 198.6478
v 631.8987 274.6877 200.7782
v 628.1642 223.0394 198.5239
v 780.4446 222.9407 195.6353
v 780.692 241.7917 196.9899
v 775.4785 222.7311 196.5682
v 775.6683 241.4297 197.6454
v 780.7847 260.964 198.3857
v 780.2147 270.6343 200.8605
v 784.8022 272.3159 201.1449
v 775.7306 260.2369 198.8318
v 775.3013 269.4442 201.2495
v 769.4084 277.6596 203.9789
v 769.7209 273.1687 202.771
v 766.3811 272.9598 202.0584
v 770.6585 259.6962 199.1471
v 770.6145 241.1379 198.114
v 775.0866 274.0478 202.4583
v 770.484 222.5375 197.3474
v 602.1362 223.3697 202.1541
v 602.3724 242.1896 201.4577
v 597.577 223.0674 199.9631
v 597.6563 241.7432 199.5981
v 602.4263 261.265 200.4972
v 601.4901 271.0865 201.4303
v 606.1399 272.4824 202.7693
v 597.5557 260.4875 199.0643
v 596.6815 269.8867 200.132
v 591.0793 278.3097 200.3447
v 591.4442 273.7066 199.8102
v 588.5144 273.2935 199.1019
v 592.5386 259.8975 198.2063
v 592.7244 241.3757 198.3918
v 596.2444 274.5864 200.6659
v 592.7991 222.8082 198.2941
v 744.8846 223.5353 201.9392
v 745.0859 242.3225 201.3423
v 740.3692 223.2675 199.6661
v 740.3698 241.915 199.4887
v 745.1357 261.3705 200.4059
v 744.0729 271.1571 201.2817
v 748.6323 272.5353 202.8799
v 740.2745 260.6258 198.9666
v 739.3396 269.9948 199.9807
v 733.7838 278.4686 200.2004
v 734.1488 273.8718 199.7155
v 731.218 273.5533 199.1924
v 735.2438 260.0812 198.2608
v 735.3826 241.5885 198.5518
v 738.8721 274.6793 200.4876
v 735.4841 223.0273 198.3594
v 673.6023 223.5198 201.6586
v 673.7685 242.3043 201.1966
v 668.8729 223.2547 199.8658
v 668.9305 241.9014 199.6789
v 673.7993 261.3598 200.4342
v 672.8491 271.1395 201.4809
v 677.4592 272.4855 202.6638
v 668.8712 260.6243 199.2262
v 667.9947 269.9896 200.3714
v 662.334 278.4406 200.7677
v 662.7082 273.8492 200.2188
v 659.7933 273.5087 199.5606
v 663.8306 260.0753 198.5717
v 663.9219 241.5705 198.8445
v 667.5565 274.6722 200.9438
v 663.9382 223.0203 198.7467
v 812.9072 219.4309 200.6162
v 813.6273 237.8797 200.4471
v 806.7866 219.5911 200.5165
v 807.5161 237.854 199.8467
v 814.1681 256.4162 199.9227
v 813.2716 265.7158 201.1492
v 819.5797 267.0685 203.9427
v 808.1842 256.0532 198.5349
v 806.7379 265.0779 199.1286
v 803.0664 274.0514 195.4781
v 803.0544 269.589 195.8743
v 800.6307 270.2585 195.8651
v 803.0186 256.2017 197.0627
v 802.1445 238.2554 199.9242
v 806.0148 269.5903 199.4256
v 801.4482 219.9745 201.063
v 548.2044 266.1654 199.7198
v 542.0329 271.0033 200.3837
v 691.7988 268.8742 205.3221
v 681.6382 275.4778 204.0555
v 620.5679 268.8463 204.9988
v 610.5276 275.5115 203.9326
v 761.6501 268.0173 206.6918
v 753.0107 275.4797 203.9561
v 584.8697 268.5051 204.5835
v 575.2395 275.2632 203.4916
v 727.5593 268.9237 204.8652
v 717.459 275.5184 203.8954
v 656.1649 268.8608 205.2144
v 646.0727 275.5078 204.0069
v 797.8594 267.4662 201.7274
v 787.3424 275.5919 203.8326
v 566.0596 270.6927 205.8255
v 555.8007 272.0043 200.9666
v 707.5966 271.3232 205.0184
v 698.2673 273.9455 202.1039
v 636.079 271.3349 204.8522
v 626.9482 273.9594 201.8076
v 780.2738 270.3819 204.4549
v 769.8334 273.0795 204.567
v 600.3716 271.2874 204.8501
v 591.2505 273.7964 201.5993
v 742.8075 271.3723 204.649
v 734.0457 273.9797 201.5111
v 671.8672 271.3132 204.9439
v 662.6007 273.9447 202.0148
v 812.607 265.8714 204.6877
v 803.0269 269.9699 197.6352
v 547.8136 270.075 196.1626
v 540.9546 266.1697 199.2455
v 692.6071 273.6465 202.9066
v 680.6989 270.7798 200.8472
v 621.3145 273.5972 202.6037
v 609.4219 270.7743 200.8475
v 762.3579 272.7874 205.0768
v 751.8683 270.7077 200.9568
v 585.6778 273.3036 202.2478
v 573.7897 270.5025 200.5553
v 728.3043 273.6971 202.4175
v 716.4241 270.8105 200.741
v 656.9448 273.6196 202.8204
v 645.0502 270.7889 200.8634
v 797.5239 271.4584 197.9334
v 787.2598 270.4376 202.6617
v 565.9783 275.3682 202.5518
v 557.2342 267.2804 199.0238
v 708.0435 276.0307 202.0631
v 698.7578 269.2542 199.7751
v 636.6835 276.045 201.9158
v 627.434 269.27 199.4713
v 779.9297 275.4694 202.0979
v 770.0334 268.6779 201.5629
v 601.022 275.9972 201.8969
v 591.809 269.1036 199.2755
v 743.5415 276.0504 201.7197
v 734.5138 269.2749 199.2307
v 672.374 276.0293 202.0042
v 663.0823 269.2579 199.6697
v 812.8233 270.3656 201.7625
v 803.0425 265.1265 196.2704
gi 0 0 0 0
gi 0 0 0 0
gi 0 0 0 0
gi 0 0 0 0
gi 0 0 0 0
gi 0 0 0 0
gi 0 0 0 0
gi 0 0 0 0
gi 0 0 0 0
gi 0 0 0 0
gi 0 0 0 0
gi 0 0 0 0
gi 0 0 0 0
gi 0 0 0 0
gi 0 0 0 0
gi 0 0 0 0
gi 0 0 0 0
gi 0 0 0 0
gi 0 0 0 0
gi 0 0 0 0
gi 0 0 0 0
gi 0 0 0 0
gi 0 0 0 0
gi 0 0 0 0
gi 0 0 0 0
gi 0 0 0 0
gi 0 0 0 0
gi 0 0 0 0
gi 0 0 0 0
gi 0 0 0 0
gi 0 0 0 0
gi 0 0 0 0
gi 0 0 0 0
gi 0 0 0 0
gi 0 0 0 0
gi 0 0 0 0
gi 0 0 0 0
gi 0 0 0 0
gi 0 0 0 0
gi 0 0 0 0
gi 0 0 0 0
gi 0 0 0 0
gi 0 0 0 0
gi 0 0 0 0
gi 0 0 0 0
gi 0 0 0 0
gi 0 0 0 0
gi 0 0 0 0
gi 0 0 0 0
gi 0 0 0 0
gi 0 0 0 0
gi 0 0 0 0
gi 0 0 0 0
gi 0 0 0 0
gi 0 0 0 0
gi 0 0 0 0
gi 0 0 0 0
gi 0 0 0 0
gi 0 0 0 0
gi 0 0 0 0
gi 0 0 0 0
gi 0 0 0 0
gi 0 0 0 0
gi 0 0 0 0
gi 0 0 0 0
gi 0 0 0 0
gi 0 0 0 0
gi 0 0 0 0
gi 0 0 0 0
gi 0 0 0 0
gi 0 0 0 0
gi 0 0 0 0
gi 0 0 0 0
gi 0 0 0 0
gi 0 0 0 0
gi 0 0 0 0
gi 0 0 0 0
gi 0 0 0 0
gi 0 0 0 0
gi 0 0 0 0
gi 0 0 0 0
gi 0 0 0 0
gi 0 0 0 0
gi 0 0 0 0
gi 0 0 0 0
gi 0 0 0 0
gi 0 0 0 0
gi 0 0 0 0
gi 0 0 0 0
gi 0 0 0 0
gi 0 0 0 0
gi 0 0 0 0
gi 0 0 0 0
gi 0 0 0 0
gi 0 0 0 0
gi 0 0 0 0
gi 0 0 0 0
gi 0 0 0 0
gi 0 0 0 0
gi 0 0 0 0
gi 0 0 0 0
gi 0 0 0 0
gi 0 0 0 0
gi 0 0 0 0
gi 0 0 0 0
gi 0 0 0 0
gi 0 0 0 0
gi 0 0 0 0
gi 0 0 0 0
gi 0 0 0 0
gi 0 0 0 0
gi 0 0 0 0
gi 0 0 0 0
gi 0 0 0 0
gi 0 0 0 0
gi 0 0 0 0
gi 0 0 0 0
gi 0 0 0 0
gi 0 0 0 0
gi 0 0 0 0
gi 0 0 0 0
gi 0 0 0 0
gi 0 0 0 0
gi 0 0 0 0
gi 0 0 0 0
gi 0 0 0 0
gi 0 0 0 0
gi 0 0 0 0
gi 0 0 0 0
gi 0 0 0 0
gi 0 0 0 0
gi 0 0 0 0
gi 0 0 0 0
gi 0 0 0 0
gi 0 0 0 0
gi 0 0 0 0
gi 0 0 0 0
gi 0 0 0 0
gi 0 0 0 0
gi 0 0 0 0
gi 0 0 0 0
gi 0 0 0 0
gi 0 0 0 0
gi 0 0 0 0
gi 0 0 0 0
gi 0 0 0 0
gi 0 0 0 0
gi 0 0 0 0
gi 0 0 0 0
gi 0 0 0 0
gi 0 0 0 0
gi 0 0 0 0
gi 0 0 0 0
gi 0 0 0 0
gi 0 0 0 0
gi 0 0 0 0
gi 0 0 0 0
gi 0 0 0 0
gi 0 0 0 0
gi 0 0 0 0
gi 0 0 0 0
gi 0 0 0 0
gi 0 0 0 0
gi 0 0 0 0
gi 0 0 0 0
gi 0 0 0 0
gi 0 0 0 0
gi 0 0 0 0
gi 0 0 0 0
gi 0 0 0 0
gi 0 0 0 0
gi 0 0 0 0
gi 0 0 0 0
gi 0 0 0 0
gi 0 0 0 0
gi 0 0 0 0
gi 0 0 0 0
gi 0 0 0 0
gi 0 0 0 0
gi 0 0 0 0
gi 0 0 0 0
gi 0 0 0 0
gi 0 0 0 0
gi 0 0 0 0
gi 0 0 0 0
gi 0 0 0 0
gi 0 0 0 0
gi 0 0 0 0
gi 0 0 0 0
gi 0 0 0 0
gi 0 0 0 0
gi 0 0 0 0
gi 0 0 0 0
gi 0 0 0 0
gi 0 0 0 0
gi 0 0 0 0
gi 0 0 0 0
gi 0 0 0 0
gi 0 0 0 0
gi 0 0 0 0
gi 0 0 0 0
gi 0 0 0 0
gi 0 0 0 0
gi 0 0 0 0
gi 0 0 0 0
gi 0 0 0 0
gi 0 0 0 0
gi 0 0 0 0
gi 0 0 0 0
gi 0 0 0 0
gi 0 0 0 0
gi 0 0 0 0
gi 0 0 0 0
gi 0 0 0 0
gi 0 0 0 0
gi 0 0 0 0
gi 0 0 0 0
gi 0 0 0 0
gi 0 0 0 0
gi 0 0 0 0
gi 0 0 0 0
gi 0 0 0 0
gi 0 0 0 0
gi 0 0 0 0
gi 0 0 0 0
gi 0 0 0 0
gi 0 0 0 0
gi 0 0 0 0
gi 0 0 0 0
gi 0 0 0 0
gi 0 0 0 0
gi 0 0 0 0
gi 0 0 0 0
gi 0 0 0 0
gi 0 0 0 0
gi 0 0 0 0
gi 0 0 0 0
gi 0 0 0 0
gi 0 0 0 0
gi 0 0 0 0
gi 0 0 0 0
gi 0 0 0 0
gi 0 0 0 0
gi 0 0 0 0
gi 0 0 0 0
gi 0 0 0 0
gi 0 0 0 0
gi 0 0 0 0
gi 0 0 0 0
gi 0 0 0 0
gi 0 0 0 0
gi 0 0 0 0
gi 0 0 0 0
gi 0 0 0 0
gi 0 0 0 0
gi 0 0 0 0
gi 0 0 0 0
gi 0 0 0 0
gi 0 0 0 0
gi 0 0 0 0
gi 0 0 0 0
gi 0 0 0 0
gi 0 0 0 0
gi 0 0 0 0
gi 0 0 0 0
gi 0 0 0 0
gi 0 0 0 0
gi 0 0 0 0
gi 0 0 0 0
gi 0 0 0 0
gi 0 0 0 0
gi 0 0 0 0
gi 0 0 0 0
gi 0 0 0 0
gi 0 0 0 0
gi 0 0 0 0
gi 0 0 0 0
gi 0 0 0 0
gi 0 0 0 0
gi 0 0 0 0
gi 0 0 0 0
gi 0 0 0 0
gi 0 0 0 0
gi 0 0 0 0
gi 0 0 0 0
gi 0 0 0 0
gi 0 0 0 0
gi 0 0 0 0
gi 0 0 0 0
gi 0 0 0 0
gi 0 0 0 0
gi 0 0 0 0
gi 0 0 0 0
gi 0 0 0 0
gi 0 0 0 0
gi 0 0 0 0
gi 0 0 0 0
gi 0 0 0 0
gi 0 0 0 0
gi 0 0 0 0
gi 0 0 0 0
gi 0 0 0 0
gi 0 0 0 0
gi 0 0 0 0
gi 0 0 0 0
gi 0 0 0 0
gi 0 0 0 0
gi 0 0 0 0
gi 0 0 0 0
gi 0 0 0 0
gi 0 0 0 0
gi 0 0 0 0
gi 0 0 0 0
gi 0 0 0 0
gi 0 0 0 0
gi 0 0 0 0
gi 0 0 0 0
gi 0 0 0 0
gi 0 0 0 0
gi 0 0 0 0
gi 0 0 0 0
gi 0 0 0 0
gi 0 0 0 0
gi 0 0 0 0
gi 0 0 0 0
gi 0 0 0 0
gi 0 0 0 0
gi 0 0 0 0
gi 0 0 0 0
gi 0 0 0 0
gi 0 0 0 0
gi 0 0 0 0
gi 0 0 0 0
gi 0 0 0 0
gi 0 0 0 0
gi 0 0 0 0
gi 0 0 0 0
gi 0 0 0 0
gi 0 0 0 0
gi 0 0 0 0
gi 0 0 0 0
gi 0 0 0 0
gi 0 0 0 0
gi 0 0 0 0
gi 0 0 0 0
gi 0 0 0 0
gi 0 0 0 0
gi 0 0 0 0
gi 0 0 0 0
gi 0 0 0 0
gi 0 0 0 0
gi 0 0 0 0
gi 0 0 0 0
gi 0 0 0 0
gi 0 0 0 0
gi 0 0 0 0
gi 0 0 0 0
gi 0 0 0 0
gi 0 0 0 0
gi 0 0 0 0
gi 0 0 0 0
gi 0 0 0 0
gi 0 0 0 0
gi 0 0 0 0
gi 0 0 0 0
gi 0 0 0 0
gi 0 0 0 0
gi 0 0 0 0
gi 0 0 0 0
gi 0 0 0 0
gi 0 0 0 0
gi 0 0 0 0
gi 0 0 0 0
gi 0 0 0 0
gi 0 0 0 0
gi 0 0 0 0
gi 0 0 0 0
gi 0 0 0 0
gi 0 0 0 0
gi 0 0 0 0
gi 0 0 0 0
gi 0 0 0 0
gi 0 0 0 0
gi 0 0 0 0
gi 0 0 0 0
gi 0 0 0 0
gi 0 0 0 0
gi 0 0 0 0
gi 0 0 0 0
gi 0 0 0 0
gi 0 0 0 0
gi 0 0 0 0
gi 0 0 0 0
gi 0 0 0 0
gi 0 0 0 0
gi 0 0 0 0
gi 0 0 0 0
gi 0 0 0 0
gi 0 0 0 0
gi 0 0 0 0
gi 0 0 0 0
gi 0 0 0 0
gi 0 0 0 0
gi 0 0 0 0
gi 0 0 0 0
gi 0 0 0 0
gi 0 0 0 0
gi 0 0 0 0
gi 0 0 0 0
gi 0 0 0 0
gi 0 0 0 0
gi 0 0 0 0
gi 0 0 0 0
gi 0 0 0 0
gi 0 0 0 0
gi 0 0 0 0
gi 0 0 0 0
gi 0 0 0 0
gi 0 0 0 0
gi 0 0 0 0
gi 0 0 0 0
gi 0 0 0 0
gi 0 0 0 0
gi 0 0 0 0
gi 0 0 0 0
gi 0 0 0 0
gi 0 0 0 0
gi 0 0 0 0
gi 0 0 0 0
gi 0 0 0 0
gi 0 0 0 0
gi 0 0 0 0
gi 0 0 0 0
gi 0 0 0 0
gi 0 0 0 0
gi 0 0 0 0
gi 0 0 0 0
gi 0 0 0 0
gi 0 0 0 0
gi 0 0 0 0
gi 0 0 0 0
gi 0 0 0 0
gi 0 0 0 0
gi 0 0 0 0
gi 0 0 0 0
gi 0 0 0 0
gi 0 0 0 0
gi 0 0 0 0
gi 0 0 0 0
gi 0 0 0 0
gi 0 0 0 0
gi 0 0 0 0
gi 0 0 0 0
gi 0 0 0 0
gi 0 0 0 0
gi 0 0 0 0
gi 0 0 0 0
gi 0 0 0 0
gi 0 0 0 0
gi 0 0 0 0
gi 0 0 0 0
gi 0 0 0 0
gi 0 0 0 0
gi 0 0 0 0
gi 0 0 0 0
gi 0 0 0 0
gi 0 0 0 0
gi 0 0 0 0
gi 0 0 0 0
gi 0 0 0 0
gi 0 0 0 0
gi 0 0 0 0
gi 0 0 0 0
gi 0 0 0 0
gi 0 0 0 0
gi 0 0 0 0
gi 0 0 0 0
gi 0 0 0 0
gi 0 0 0 0
gi 0 0 0 0
gi 0 0 0 0
gi 0 0 0 0
gi 0 0 0 0
gi 0 0 0 0
gi 0 0 0 0
gi 0 0 0 0
gi 0 0 0 0
gi 0 0 0 0
gi 0 0 0 0
gi 0 0 0 0
gi 0 0 0 0
gi 0 0 0 0
gi 0 0 0 0
gi 0 0 0 0
gi 0 0 0 0
gi 0 0 0 0
gi 0 0 0 0
gi 0 0 0 0
gi 0 0 0 0
gi 0 0 0 0
gi 0 0 0 0
gi 0 0 0 0
gi 0 0 0 0
gi 0 0 0 0
gi 0 0 0 0
gi 0 0 0 0
gi 0 0 0 0
gi 0 0 0 0
gi 0 0 0 0
gi 0 0 0 0
gi 0 0 0 0
gi 0 0 0 0
gi 0 0 0 0
gi 0 0 0 0
gi 0 0 0 0
gi 0 0 0 0
gi 0 0 0 0
gi 0 0 0 0
gi 0 0 0 0
gi 0 0 0 0
gi 0 0 0 0
gi 0 0 0 0
gi 0 0 0 0
gi 0 0 0 0
gi 0 0 0 0
gi 0 0 0 0
gi 0 0 0 0
gi 0 0 0 0
gi 0 0 0 0
gi 0 0 0 0
gi 0 0 0 0
gi 0 0 0 0
gi 0 0 0 0
gi 0 0 0 0
gi 0 0 0 0
gi 0 0 0 0
gi 0 0 0 0
gi 0 0 0 0
gi 0 0 0 0
gi 0 0 0 0
gi 0 0 0 0
gi 0 0 0 0
gi 0 0 0 0
gi 0 0 0 0
gi 0 0 0 0
gi 0 0 0 0
gi 0 0 0 0
gi 0 0 0 0
gi 0 0 0 0
gi 0 0 0 0
gi 0 0 0 0
gi 0 0 0 0
gi 0 0 0 0
gi 0 0 0 0
gi 0 0 0 0
gi 0 0 0 0
gi 0 0 0 0
gi 0 0 0 0
gi 0 0 0 0
gi 0 0 0 0
gi 0 0 0 0
gi 0 0 0 0
gi 0 0 0 0
gi 0 0 0 0
gi 0 0 0 0
gi 0 0 0 0
gi 0 0 0 0
gi 0 0 0 0
gi 0 0 0 0
gi 0 0 0 0
gi 0 0 0 0
gi 0 0 0 0
gi 0 0 0 0
gi 0 0 0 0
gi 0 0 0 0
gi 0 0 0 0
gi 0 0 0 0
gi 0 0 0 0
gi 0 0 0 0
gi 0 0 0 0
gi 0 0 0 0
gi 0 0 0 0
gi 0 0 0 0
gi 0 0 0 0
gi 0 0 0 0
gi 0 0 0 0
gi 0 0 0 0
gi 0 0 0 0
gi 0 0 0 0
gi 0 0 0 0
gi 0 0 0 0
gi 0 0 0 0
gi 0 0 0 0
gi 0 0 0 0
gi 0 0 0 0
gi 0 0 0 0
gi 0 0 0 0
gi 0 0 0 0
gi 0 0 0 0
gi 0 0 0 0
gi 0 0 0 0
gi 0 0 0 0
gi 0 0 0 0
gi 0 0 0 0
gi 0 0 0 0
gi 0 0 0 0
gi 0 0 0 0
gi 0 0 0 0
gi 0 0 0 0
gi 0 0 0 0
gi 0 0 0 0
gi 0 0 0 0
gi 0 0 0 0
gi 0 0 0 0
gi 0 0 0 0
gi 0 0 0 0
gi 0 0 0 0
gi 0 0 0 0
gi 0 0 0 0
gi 0 0 0 0
gi 0 0 0 0
gi 0 0 0 0
gi 0 0 0 0
gi 0 0 0 0
gi 0 0 0 0
gi 0 0 0 0
gi 0 0 0 0
gi 0 0 0 0
gi 0 0 0 0
gi 0 0 0 0
gi 0 0 0 0
gi 0 0 0 0
gi 0 0 0 0
gi 0 0 0 0
gi 0 0 0 0
gi 0 0 0 0
gi 0 0 0 0
gi 0 0 0 0
gi 0 0 0 0
gi 0 0 0 0
gi 0 0 0 0
gi 0 0 0 0
gi 0 0 0 0
gi 0 0 0 0
gi 0 0 0 0
gi 0 0 0 0
gi 0 0 0 0
gi 0 0 0 0
gi 0 0 0 0
gi 0 0 0 0
gi 0 0 0 0
gi 0 0 0 0
gi 0 0 0 0
gi 0 0 0 0
gi 0 0 0 0
gi 0 0 0 0
gi 0 0 0 0
gi 0 0 0 0
gi 0 0 0 0
gi 0 0 0 0
gi 0 0 0 0
gi 0 0 0 0
gi 0 0 0 0
gi 0 0 0 0
gi 0 0 0 0
gi 0 0 0 0
gi 0 0 0 0
gi 0 0 0 0
gi 0 0 0 0
gi 0 0 0 0
gi 0 0 0 0
gi 0 0 0 0
gi 0 0 0 0
gi 0 0 0 0
gi 0 0 0 0
gi 0 0 0 0
gi 0 0 0 0
gi 0 0 0 0
gi 0 0 0 0
gi 0 0 0 0
gi 0 0 0 0
gi 0 0 0 0
gi 0 0 0 0
gi 0 0 0 0
gi 0 0 0 0
gi 0 0 0 0
gi 0 0 0 0
gi 0 0 0 0
gi 0 0 0 0
gi 0 0 0 0
gi 0 0 0 0
gi 0 0 0 0
gi 0 0 0 0
gi 0 0 0 0
gi 0 0 0 0
gi 0 0 0 0
gi 0 0 0 0
gi 0 0 0 0
gi 0 0 0 0
gi 0 0 0 0
gi 0 0 0 0
gi 0 0 0 0
gi 0 0 0 0
gi 0 0 0 0
gi 0 0 0 0
gi 0 0 0 0
gi 0 0 0 0
gi 0 0 0 0
gi 0 0 0 0
gi 0 0 0 0
gi 0 0 0 0
gi 0 0 0 0
gi 0 0 0 0
gi 0 0 0 0
gi 0 0 0 0
gi 0 0 0 0
gi 0 0 0 0
gi 0 0 0 0
gi 0 0 0 0
gi 0 0 0 0
gi 0 0 0 0
gi 0 0 0 0
gi 0 0 0 0
gi 0 0 0 0
gi 0 0 0 0
gi 0 0 0 0
gi 0 0 0 0
gi 0 0 0 0
gi 0 0 0 0
gi 0 0 0 0
gi 0 0 0 0
gi 0 0 0 0
gi 0 0 0 0
gi 0 0 0 0
gi 0 0 0 0
gi 0 0 0 0
gi 0 0 0 0
gi 0 0 0 0
gi 0 0 0 0
gi 0 0 0 0
gi 0 0 0 0
gi 0 0 0 0
gi 0 0 0 0
gi 0 0 0 0
gi 0 0 0 0
gi 0 0 0 0
gi 0 0 0 0
gi 0 0 0 0
gi 0 0 0 0
gi 0 0 0 0
gi 0 0 0 0
gi 0 0 0 0
gi 0 0 0 0
gi 0 0 0 0
gi 0 0 0 0
gi 0 0 0 0
gi 0 0 0 0
gi 0 0 0 0
gi 0 0 0 0
gi 0 0 0 0
gi 0 0 0 0
gi 0 0 0 0
gi 0 0 0 0
gi 0 0 0 0
gi 0 0 0 0
gi 0 0 0 0
gi 0 0 0 0
gi 0 0 0 0
gi 0 0 0 0
gi 0 0 0 0
gi 0 0 0 0
gi 0 0 0 0
gi 0 0 0 0
gi 0 0 0 0
gi 0 0 0 0
gi 0 0 0 0
gi 0 0 0 0
gi 0 0 0 0
gi 0 0 0 0
gi 0 0 0 0
gi 0 0 0 0
gi 0 0 0 0
gi 0 0 0 0
gi 0 0 0 0
gi 0 0 0 0
gi 0 0 0 0
gi 0 0 0 0
gi 0 0 0 0
gi 0 0 0 0
gi 0 0 0 0
gi 0 0 0 0
gi 0 0 0 0
gi 0 0 0 0
gi 0 0 0 0
gi 0 0 0 0
gi 0 0 0 0
gi 0 0 0 0
gi 0 0 0 0
gi 0 0 0 0
gi 0 0 0 0
gi 0 0 0 0
gi 0 0 0 0
gi 0 0 0 0
gi 0 0 0 0
gi 0 0 0 0
gi 0 0 0 0
gi 0 0 0 0
gi 0 0 0 0
gi 0 0 0 0
gi 0 0 0 0
gi 0 0 0 0
gi 0 0 0 0
gi 0 0 0 0
gi 0 0 0 0
gi 0 0 0 0
gi 0 0 0 0
gi 0 0 0 0
gi 0 0 0 0
gi 0 0 0 0
gi 0 0 0 0
gi 0 0 0 0
gi 0 0 0 0
gi 0 0 0 0
gi 0 0 0 0
gi 0 0 0 0
gi 0 0 0 0
gi 0 0 0 0
gi 0 0 0 0
gi 0 0 0 0
gi 0 0 0 0
gi 0 0 0 0
gi 0 0 0 0
gi 0 0 0 0
gi 0 0 0 0
gi 0 0 0 0
gi 0 0 0 0
gi 0 0 0 0
gi 0 0 0 0
gi 0 0 0 0
gi 0 0 0 0
gi 0 0 0 0
gi 0 0 0 0
gi 0 0 0 0
gi 0 0 0 0
gi 0 0 0 0
gi 0 0 0 0
gi 0 0 0 0
gi 0 0 0 0
gi 0 0 0 0
gi 0 0 0 0
gi 0 0 0 0
gi 0 0 0 0
gi 0 0 0 0
gi 0 0 0 0
gi 0 0 0 0
gi 0 0 0 0
gi 0 0 0 0
gi 0 0 0 0
gi 0 0 0 0
gi 0 0 0 0
gi 0 0 0 0
gi 0 0 0 0
gi 0 0 0 0
gi 0 0 0 0
gi 0 0 0 0
gi 0 0 0 0
gi 0 0 0 0
gi 0 0 0 0
gi 0 0 0 0
gi 0 0 0 0
gi 0 0 0 0
gi 0 0 0 0
gi 0 0 0 0
gi 0 0 0 0
gi 0 0 0 0
gi 0 0 0 0
gi 0 0 0 0
gi 0 0 0 0
gi 0 0 0 0
gi 0 0 0 0
gi 0 0 0 0
gi 0 0 0 0
gi 0 0 0 0
gi 0 0 0 0
gi 0 0 0 0
gi 0 0 0 0
gi 0 0 0 0
gi 0 0 0 0
gi 0 0 0 0
gi 0 0 0 0
gi 0 0 0 0
gi 0 0 0 0
gi 0 0 0 0
gi 0 0 0 0
gi 0 0 0 0
gi 0 0 0 0
gi 0 0 0 0
gi 0 0 0 0
gi 0 0 0 0
gi 0 0 0 0
gi 0 0 0 0
gi 0 0 0 0
gi 0 0 0 0
gi 0 0 0 0
gi 0 0 0 0
gi 0 0 0 0
gi 0 0 0 0
gi 0 0 0 0
gi 0 0 0 0
gi 0 0 0 0
gi 0 0 0 0
gi 0 0 0 0
gi 0 0 0 0
gi 0 0 0 0
gi 0 0 0 0
gi 0 0 0 0
gi 0 0 0 0
gi 0 0 0 0
gi 0 0 0 0
gi 0 0 0 0
gi 0 0 0 0
gi 0 0 0 0
gi 0 0 0 0
gi 0 0 0 0
gi 0 0 0 0
gi 0 0 0 0
gi 0 0 0 0
gi 0 0 0 0
gi 0 0 0 0
gi 0 0 0 0
gi 0 0 0 0
gi 0 0 0 0
gi 0 0 0 0
gi 0 0 0 0
gi 0 0 0 0
gi 0 0 0 0
gi 0 0 0 0
gi 0 0 0 0
gi 0 0 0 0
gi 0 0 0 0
gi 0 0 0 0
gi 0 0 0 0
gi 0 0 0 0
gi 0 0 0 0
gi 0 0 0 0
gi 0 0 0 0
gi 0 0 0 0
gi 0 0 0 0
gi 0 0 0 0
gi 0 0 0 0
gi 0 0 0 0
gi 0 0 0 0
gi 0 0 0 0
gi 0 0 0 0
gi 0 0 0 0
gi 0 0 0 0
gi 0 0 0 0
gi 0 0 0 0
gi 0 0 0 0
gi 0 0 0 0
gi 0 0 0 0
gi 0 0 0 0
gi 0 0 0 0
gi 0 0 0 0
gi 0 0 0 0
gi 0 0 0 0
gi 0 0 0 0
gi 0 0 0 0
gi 0 0 0 0
gi 0 0 0 0
gi 0 0 0 0
gi 0 0 0 0
gi 0 0 0 0
gi 0 0 0 0
gi 0 0 0 0
gi 0 0 0 0
gi 0 0 0 0
gi 0 0 0 0
gi 0 0 0 0
gi 0 0 0 0
gi 0 0 0 0
gi 0 0 0 0
gi 0 0 0 0
gi 0 0 0 0
gi 0 0 0 0
gi 0 0 0 0
gi 0 0 0 0
gi 0 0 0 0
gi 0 0 0 0
gi 0 0 0 0
gi 0 0 0 0
gi 0 0 0 0
gi 0 0 0 0
gi 0 0 0 0
gi 0 0 0 0
gi 0 0 0 0
gi 0 0 0 0
gi 0 0 0 0
gi 0 0 0 0
gi 0 0 0 0
gi 0 0 0 0
gi 0 0 0 0
gi 0 0 0 0
gi 0 0 0 0
gi 0 0 0 0
gi 0 0 0 0
gi 0 0 0 0
gi 0 0 0 0
gi 0 0 0 0
gi 0 0 0 0
gi 0 0 0 0
gi 0 0 0 0
gi 0 0 0 0
gi 0 0 0 0
gi 0 0 0 0
gi 0 0 0 0
gi 0 0 0 0
gi 0 0 0 0
gi 0 0 0 0
gi 0 0 0 0
gi 0 0 0 0
gi 0 0 0 0
gi 0 0 0 0
gi 0 0 0 0
gi 0 0 0 0
gi 0 0 0 0
gi 0 0 0 0
gi 0 0 0 0
gi 0 0 0 0
gi 0 0 0 0
gi 0 0 0 0
gi 0 0 0 0
gi 0 0 0 0
gi 0 0 0 0
gi 0 0 0 0
gi 0 0 0 0
gi 0 0 0 0
gi 0 0 0 0
gi 0 0 0 0
gi 0 0 0 0
gi 0 0 0 0
gi 0 0 0 0
gi 0 0 0 0
gi 0 0 0 0
gi 0 0 0 0
gi 0 0 0 0
gi 0 0 0 0
gi 0 0 0 0
gi 0 0 0 0
gi 0 0 0 0
gi 0 0 0 0
gi 0 0 0 0
gi 0 0 0 0
gi 0 0 0 0
gi 0 0 0 0
gi 0 0 0 0
gi 0 0 0 0
gi 0 0 0 0
gi 0 0 0 0
gi 0 0 0 0
gi 0 0 0 0
gi 0 0 0 0
gi 0 0 0 0
gi 0 0 0 0
gi 0 0 0 0
gi 0 0 0 0
gi 0 0 0 0
gi 0 0 0 0
gi 0 0 0 0
gi 0 0 0 0
gi 0 0 0 0
gi 0 0 0 0
gi 0 0 0 0
gi 0 0 0 0
gi 0 0 0 0
gi 0 0 0 0
gi 0 0 0 0
gi 0 0 0 0
gi 0 0 0 0
gi 0 0 0 0
gi 0 0 0 0
gi 0 0 0 0
gi 0 0 0 0
gi 0 0 0 0
gi 0 0 0 0
gi 0 0 0 0
gi 0 0 0 0
gi 0 0 0 0
gi 0 0 0 0
gi 0 0 0 0
gi 0 0 0 0
gi 0 0 0 0
gi 0 0 0 0
gi 0 0 0 0
gi 0 0 0 0
gi 0 0 0 0
gi 0 0 0 0
gi 0 0 0 0
gi 0 0 0 0
gi 0 0 0 0
gi 0 0 0 0
gi 0 0 0 0
gi 0 0 0 0
gi 0 0 0 0
gi 0 0 0 0
gi 0 0 0 0
gi 0 0 0 0
gi 0 0 0 0
gi 0 0 0 0
gi 0 0 0 0
gi 0 0 0 0
gi 0 0 0 0
gi 0 0 0 0
gi 0 0 0 0
gi 0 0 0 0
gi 0 0 0 0
gi 0 0 0 0
gi 0 0 0 0
gi 0 0 0 0
gi 0 0 0 0
gi 0 0 0 0
gi 0 0 0 0
gi 0 0 0 0
gi 0 0 0 0
gi 0 0 0 0
gi 0 0 0 0
gi 0 0 0 0
gi 0 0 0 0
gi 0 0 0 0
gi 0 0 0 0
gi 0 0 0 0
gi 0 0 0 0
gi 0 0 0 0
gi 0 0 0 0
gi 0 0 0 0
gi 0 0 0 0
gi 0 0 0 0
gi 0 0 0 0
gi 0 0 0 0
gi 0 0 0 0
gi 0 0 0 0
gi 0 0 0 0
gi 0 0 0 0
gi 0 0 0 0
gi 0 0 0 0
gi 0 0 0 0
gi 0 0 0 0
gi 0 0 0 0
gi 0 0 0 0
gi 0 0 0 0
gi 0 0 0 0
gi 0 0 0 0
gi 0 0 0 0
gi 0 0 0 0
gi 0 0 0 0
gi 0 0 0 0
gi 0 0 0 0
gi 0 0 0 0
gi 0 0 0 0
gi 0 0 0 0
gi 0 0 0 0
gi 0 0 0 0
gi 0 0 0 0
gi 0 0 0 0
gi 0 0 0 0
gi 0 0 0 0
gi 0 0 0 0
gi 0 0 0 0
gi 0 0 0 0
gi 0 0 0 0
gi 0 0 0 0
gi 0 0 0 0
gi 0 0 0 0
gi 0 0 0 0
gi 0 0 0 0
gi 0 0 0 0
gi 0 0 0 0
gi 0 0 0 0
gi 0 0 0 0
gi 0 0 0 0
gi 0 0 0 0
gi 0 0 0 0
gi 0 0 0 0
gi 0 0 0 0
gi 0 0 0 0
gi 0 0 0 0
gi 0 0 0 0
gi 0 0 0 0
gi 0 0 0 0
gi 0 0 0 0
gi 0 0 0 0
gi 0 0 0 0
gi 0 0 0 0
gi 0 0 0 0
gi 0 0 0 0
gi 0 0 0 0
gi 0 0 0 0
gi 0 0 0 0
gi 0 0 0 0
gi 0 0 0 0
gi 0 0 0 0
gi 0 0 0 0
gi 0 0 0 0
gi 0 0 0 0
gi 0 0 0 0
gi 0 0 0 0
gi 0 0 0 0
gi 0 0 0 0
gi 0 0 0 0
gi 0 0 0 0
gi 0 0 0 0
gi 0 0 0 0
gi 0 0 0 0
gi 0 0 0 0
gi 0 0 0 0
gi 0 0 0 0
gi 0 0 0 0
gi 0 0 0 0
gi 0 0 0 0
gi 0 0 0 0
gi 0 0 0 0
gi 0 0 0 0
gi 0 0 0 0
gi 0 0 0 0
gi 0 0 0 0
gi 0 0 0 0
gi 0 0 0 0
gi 0 0 0 0
gi 0 0 0 0
gi 0 0 0 0
gi 0 0 0 0
gi 0 0 0 0
gi 0 0 0 0
gi 0 0 0 0
gi 0 0 0 0
gi 0 0 0 0
gi 0 0 0 0
gi 0 0 0 0
gi 0 0 0 0
gi 0 0 0 0
gi 0 0 0 0
gi 0 0 0 0
gi 0 0 0 0
gi 0 0 0 0
gi 0 0 0 0
gi 0 0 0 0
gi 0 0 0 0
gi 0 0 0 0
gi 0 0 0 0
gi 0 0 0 0
gi 0 0 0 0
gi 0 0 0 0
gi 0 0 0 0
gi 0 0 0 0
gi 0 0 0 0
gi 0 0 0 0
gi 0 0 0 0
gi 0 0 0 0
gi 0 0 0 0
gi 0 0 0 0
gi 0 0 0 0
gi 0 0 0 0
gi 0 0 0 0
gi 0 0 0 0
gi 0 0 0 0
gi 0 0 0 0
gi 0 0 0 0
gi 0 0 0 0
gi 0 0 0 0
gi 0 0 0 0
gi 0 0 0 0
gi 0 0 0 0
gi 0 0 0 0
gi 0 0 0 0
gi 0 0 0 0
gi 0 0 0 0
gi 0 0 0 0
gi 0 0 0 0
gi 0 0 0 0
gi 0 0 0 0
gi 0 0 0 0
gi 0 0 0 0
gi 0 0 0 0
gi 0 0 0 0
gi 0 0 0 0
gi 0 0 0 0
gi 0 0 0 0
gi 0 0 0 0
gi 0 0 0 0
gi 0 0 0 0
gi 0 0 0 0
gi 0 0 0 0
gi 0 0 0 0
gi 0 0 0 0
gi 0 0 0 0
gi 0 0 0 0
gi 0 0 0 0
gi 0 0 0 0
gi 0 0 0 0
gi 0 0 0 0
gi 0 0 0 0
gi 0 0 0 0
gi 0 0 0 0
gi 0 0 0 0
gi 0 0 0 0
gi 0 0 0 0
gi 0 0 0 0
gi 0 0 0 0
gi 0 0 0 0
gi 0 0 0 0
gi 0 0 0 0
gi 0 0 0 0
gi 0 0 0 0
gi 0 0 0 0
gi 0 0 0 0
gi 0 0 0 0
gi 0 0 0 0
gi 0 0 0 0
gi 0 0 0 0
gi 0 0 0 0
gi 0 0 0 0
gi 0 0 0 0
gi 0 0 0 0
gi 0 0 0 0
gi 0 0 0 0
gi 0 0 0 0
gi 0 0 0 0
gi 0 0 0 0
gi 0 0 0 0
gi 0 0 0 0
gi 0 0 0 0
gi 0 0 0 0
gi 0 0 0 0
gi 0 0 0 0
gi 0 0 0 0
gi 0 0 0 0
gi 0 0 0 0
gi 0 0 0 0
gi 0 0 0 0
gi 0 0 0 0
gi 0 0 0 0
gi 0 0 0 0
gi 0 0 0 0
gi 0 0 0 0
gi 0 0 0 0
gi 0 0 0 0
gi 0 0 0 0
gi 0 0 0 0
gi 0 0 0 0
gi 0 0 0 0
gi 0 0 0 0
gi 0 0 0 0
gi 0 0 0 0
gi 0 0 0 0
gi 0 0 0 0
gi 0 0 0 0
gi 0 0 0 0
gi 0 0 0 0
gi 0 0 0 0
gi 0 0 0 0
gi 0 0 0 0
gi 0 0 0 0
gi 0 0 0 0
gi 0 0 0 0
gi 0 0 0 0
gi 0 0 0 0
gi 0 0 0 0
gi 0 0 0 0
gi 0 0 0 0
gi 0 0 0 0
gi 0 0 0 0
gi 0 0 0 0
gi 0 0 0 0
gi 0 0 0 0
gi 0 0 0 0
gi 0 0 0 0
gi 0 0 0 0
gi 0 0 0 0
gi 0 0 0 0
gi 0 0 0 0
gi 0 0 0 0
gi 0 0 0 0
gi 0 0 0 0
gi 0 0 0 0
gi 0 0 0 0
gi 0 0 0 0
gi 0 0 0 0
gi 0 0 0 0
gi 0 0 0 0
gi 0 0 0 0
gi 0 0 0 0
gi 0 0 0 0
gi 0 0 0 0
gi 0 0 0 0
gi 0 0 0 0
gi 0 0 0 0
gi 0 0 0 0
gi 0 0 0 0
gi 0 0 0 0
gi 0 0 0 0
gi 0 0 0 0
gi 0 0 0 0
gi 0 0 0 0
gi 0 0 0 0
gi 0 0 0 0
gi 0 0 0 0
gi 0 0 0 0
gi 0 0 0 0
gi 0 0 0 0
gi 0 0 0 0
gi 0 0 0 0
gi 0 0 0 0
gi 0 0 0 0
gi 0 0 0 0
gi 0 0 0 0
gi 0 0 0 0
gi 0 0 0 0
gi 0 0 0 0
gi 0 0 0 0
gi 0 0 0 0
gi 0 0 0 0
gi 0 0 0 0
gi 0 0 0 0
gi 0 0 0 0
gi 0 0 0 0
gi 0 0 0 0
gi 0 0 0 0
gi 0 0 0 0
gi 0 0 0 0
gi 0 0 0 0
gi 0 0 0 0
gi 0 0 0 0
gi 0 0 0 0
gi 0 0 0 0
gi 0 0 0 0
gi 0 0 0 0
gi 0 0 0 0
gi 0 0 0 0
gi 0 0 0 0
gi 0 0 0 0
gi 0 0 0 0
gi 0 0 0 0
gi 0 0 0 0
gi 0 0 0 0
gi 0 0 0 0
gi 0 0 0 0
gi 0 0 0 0
gi 0 0 0 0
gi 0 0 0 0
gi 0 0 0 0
gi 0 0 0 0
gi 0 0 0 0
gi 0 0 0 0
gi 0 0 0 0
gi 0 0 0 0
gi 0 0 0 0
gi 0 0 0 0
gi 0 0 0 0
gi 0 0 0 0
gi 0 0 0 0
gi 0 0 0 0
gi 0 0 0 0
gi 0 0 0 0
gi 0 0 0 0
gi 0 0 0 0
gi 0 0 0 0
gi 0 0 0 0
gi 0 0 0 0
gi 0 0 0 0
gi 0 0 0 0
gi 0 0 0 0
gi 0 0 0 0
gi 0 0 0 0
gi 0 0 0 0
gi 0 0 0 0
gi 0 0 0 0
gi 0 0 0 0
gi 0 0 0 0
gi 0 0 0 0
gi 0 0 0 0
gi 0 0 0 0
gi 0 0 0 0
gi 0 0 0 0
gi 0 0 0 0
gi 0 0 0 0
gi 0 0 0 0
gi 0 0 0 0
gi 0 0 0 0
gi 0 0 0 0
gi 0 0 0 0
gi 0 0 0 0
gi 0 0 0 0
gi 0 0 0 0
gi 0 0 0 0
gi 0 0 0 0
gi 0 0 0 0
gi 0 0 0 0
gi 0 0 0 0
gi 0 0 0 0
gi 0 0 0 0
gi 0 0 0 0
gi 0 0 0 0
gi 0 0 0 0
gi 0 0 0 0
gi 0 0 0 0
gi 0 0 0 0
gi 0 0 0 0
gi 0 0 0 0
gi 0 0 0 0
gi 0 0 0 0
gi 0 0 0 0
gi 0 0 0 0
gi 0 0 0 0
gi 0 0 0 0
gi 0 0 0 0
gi 0 0 0 0
gi 0 0 0 0
gi 0 0 0 0
gi 0 0 0 0
gi 0 0 0 0
gi 0 0 0 0
gi 0 0 0 0
gi 0 0 0 0
gi 0 0 0 0
gi 0 0 0 0
gi 0 0 0 0
gi 0 0 0 0
gi 0 0 0 0
gi 0 0 0 0
gi 0 0 0 0
gi 0 0 0 0
gi 0 0 0 0
gi 0 0 0 0
gi 0 0 0 0
gi 0 0 0 0
gi 0 0 0 0
gi 0 0 0 0
gi 0 0 0 0
gi 0 0 0 0
gi 0 0 0 0
gi 0 0 0 0
gi 0 0 0 0
gi 0 0 0 0
gi 0 0 0 0
gi 0 0 0 0
gi 0 0 0 0
gi 0 0 0 0
gi 0 0 0 0
gi 0 0 0 0
gi 0 0 0 0
gi 0 0 0 0
gi 0 0 0 0
gi 0 0 0 0
gi 0 0 0 0
gi 0 0 0 0
gi 0 0 0 0
gi 0 0 0 0
gi 0 0 0 0
gi 0 0 0 0
gi 0 0 0 0
gi 0 0 0 0
gi 0 0 0 0
gi 0 0 0 0
gi 0 0 0 0
gi 0 0 0 0
gi 0 0 0 0
gi 0 0 0 0
gi 0 0 0 0
gi 0 0 0 0
gi 0 0 0 0
gi 0 0 0 0
gi 0 0 0 0
gi 0 0 0 0
gi 0 0 0 0
gi 0 0 0 0
gi 0 0 0 0
gi 0 0 0 0
gi 0 0 0 0
gi 0 0 0 0
gi 0 0 0 0
gi 0 0 0 0
gi 0 0 0 0
gi 0 0 0 0
gi 0 0 0 0
gi 0 0 0 0
gi 0 0 0 0
gi 0 0 0 0
gi 0 0 0 0
gi 0 0 0 0
gi 0 0 0 0
gi 0 0 0 0
gi 0 0 0 0
gi 0 0 0 0
gi 0 0 0 0
gi 0 0 0 0
gi 0 0 0 0
gi 0 0 0 0
gi 0 0 0 0
gi 0 0 0 0
gi 0 0 0 0
gi 0 0 0 0
gi 0 0 0 0
gi 0 0 0 0
gi 0 0 0 0
gi 0 0 0 0
gi 0 0 0 0
gi 0 0 0 0
gi 0 0 0 0
gi 0 0 0 0
gi 0 0 0 0
gi 0 0 0 0
gi 0 0 0 0
gi 0 0 0 0
gi 0 0 0 0
gi 0 0 0 0
gi 0 0 0 0
gi 0 0 0 0
gi 0 0 0 0
gi 0 0 0 0
gi 0 0 0 0
gi 0 0 0 0
gi 0 0 0 0
gi 0 0 0 0
gi 0 0 0 0
gi 0 0 0 0
gi 0 0 0 0
gi 0 0 0 0
gi 0 0 0 0
gi 0 0 0 0
gi 0 0 0 0
gi 0 0 0 0
gi 0 0 0 0
gi 0 0 0 0
gi 0 0 0 0
gi 0 0 0 0
gi 0 0 0 0
gi 0 0 0 0
gi 0 0 0 0
gi 0 0 0 0
gi 0 0 0 0
gi 0 0 0 0
gi 0 0 0 0
gi 0 0 0 0
gi 0 0 0 0
gi 0 0 0 0
gi 0 0 0 0
gi 0 0 0 0
gi 0 0 0 0
gi 0 0 0 0
gi 0 0 0 0
gi 0 0 0 0
gi 0 0 0 0
gi 0 0 0 0
gi 0 0 0 0
gi 0 0 0 0
gi 0 0 0 0
gi 0 0 0 0
gi 0 0 0 0
gi 0 0 0 0
gi 0 0 0 0
gi 0 0 0 0
gi 0 0 0 0
gi 0 0 0 0
gi 0 0 0 0
gi 0 0 0 0
gi 0 0 0 0
gi 0 0 0 0
gi 0 0 0 0
gi 0 0 0 0
gi 0 0 0 0
gi 0 0 0 0
gi 0 0 0 0
gi 0 0 0 0
gi 0 0 0 0
gi 0 0 0 0
gi 0 0 0 0
gi 0 0 0 0
gi 0 0 0 0
gi 0 0 0 0
gi 0 0 0 0
gi 0 0 0 0
gi 0 0 0 0
gi 0 0 0 0
gi 0 0 0 0
gi 0 0 0 0
gi 0 0 0 0
gi 0 0 0 0
gi 0 0 0 0
gi 0 0 0 0
gi 0 0 0 0
gi 0 0 0 0
gi 0 0 0 0
gi 0 0 0 0
gi 0 0 0 0
gi 0 0 0 0
gi 0 0 0 0
gi 0 0 0 0
gi 0 0 0 0
gi 0 0 0 0
gi 0 0 0 0
gi 0 0 0 0
gi 0 0 0 0
gi 0 0 0 0
gi 0 0 0 0
gi 0 0 0 0
gi 0 0 0 0
gi 0 0 0 0
gi 0 0 0 0
gi 0 0 0 0
gi 0 0 0 0
gi 0 0 0 0
gi 0 0 0 0
gi 0 0 0 0
gi 0 0 0 0
gi 0 0 0 0
gi 0 0 0 0
gi 0 0 0 0
gi 0 0 0 0
gi 0 0 0 0
gi 0 0 0 0
gi 0 0 0 0
gi 0 0 0 0
gi 0 0 0 0
gi 0 0 0 0
gi 0 0 0 0
gi 0 0 0 0
gi 0 0 0 0
gi 0 0 0 0
gi 0 0 0 0
gi 0 0 0 0
gi 0 0 0 0
gi 0 0 0 0
gi 0 0 0 0
gi 0 0 0 0
gi 0 0 0 0
gi 0 0 0 0
gi 0 0 0 0
gi 0 0 0 0
gi 0 0 0 0
gi 0 0 0 0
gi 0 0 0 0
gi 0 0 0 0
gi 0 0 0 0
gi 0 0 0 0
gi 0 0 0 0
gi 0 0 0 0
gi 0 0 0 0
gi 0 0 0 0
gi 0 0 0 0
gi 0 0 0 0
gi 0 0 0 0
gi 0 0 0 0
gi 0 0 0 0
gi 0 0 0 0
gi 0 0 0 0
gi 0 0 0 0
gi 0 0 0 0
gi 0 0 0 0
gi 0 0 0 0
gi 0 0 0 0
gi 0 0 0 0
gi 0 0 0 0
gi 0 0 0 0
gi 0 0 0 0
gi 0 0 0 0
gi 0 0 0 0
gi 0 0 0 0
gi 0 0 0 0
gi 0 0 0 0
gi 0 0 0 0
gi 0 0 0 0
gi 0 0 0 0
gi 0 0 0 0
gi 0 0 0 0
gi 0 0 0 0
gi 0 0 0 0
gi 0 0 0 0
gi 0 0 0 0
gi 0 0 0 0
gi 0 0 0 0
gi 0 0 0 0
gi 0 0 0 0
gi 0 0 0 0
gi 0 0 0 0
gi 0 0 0 0
gi 0 0 0 0
gi 0 0 0 0
gi 0 0 0 0
gi 0 0 0 0
gi 0 0 0 0
gi 0 0 0 0
gi 0 0 0 0
gi 0 0 0 0
gi 0 0 0 0
gi 0 0 0 0
gi 0 0 0 0
gi 0 0 0 0
gi 0 0 0 0
gi 0 0 0 0
gi 0 0 0 0
gi 0 0 0 0
gi 0 0 0 0
gi 0 0 0 0
gi 0 0 0 0
gi 0 0 0 0
gi 0 0 0 0
gi 0 0 0 0
gi 0 0 0 0
gi 0 0 0 0
gi 0 0 0 0
gi 0 0 0 0
gi 0 0 0 0
gi 0 0 0 0
gi 0 0 0 0
gi 0 0 0 0
gi 0 0 0 0
gi 0 0 0 0
gi 0 0 0 0
gi 0 0 0 0
gi 0 0 0 0
gi 0 0 0 0
gi 0 0 0 0
gi 0 0 0 0
gi 0 0 0 0
gi 0 0 0 0
gi 0 0 0 0
gi 0 0 0 0
gi 0 0 0 0
gi 0 0 0 0
gi 0 0 0 0
gi 0 0 0 0
gi 0 0 0 0
gi 0 0 0 0
gi 0 0 0 0
gi 0 0 0 0
gi 0 0 0 0
gi 0 0 0 0
gi 0 0 0 0
gi 0 0 0 0
gi 0 0 0 0
gi 0 0 0 0
gi 0 0 0 0
gi 0 0 0 0
gi 0 0 0 0
gi 0 0 0 0
gi 0 0 0 0
gi 0 0 0 0
gi 0 0 0 0
gi 0 0 0 0
gi 0 0 0 0
gi 0 0 0 0
gi 0 0 0 0
gi 0 0 0 0
gi 0 0 0 0
gi 0 0 0 0
gi 0 0 0 0
gi 0 0 0 0
gi 0 0 0 0
gi 0 0 0 0
gi 0 0 0 0
gi 0 0 0 0
gi 0 0 0 0
gi 0 0 0 0
gi 0 0 0 0
gi 0 0 0 0
gi 0 0 0 0
gi 0 0 0 0
gi 0 0 0 0
gi 0 0 0 0
gi 0 0 0 0
gi 0 0 0 0
gi 0 0 0 0
gi 0 0 0 0
gi 0 0 0 0
gi 0 0 0 0
gi 0 0 0 0
gi 0 0 0 0
gi 0 0 0 0
gi 0 0 0 0
gi 0 0 0 0
gi 0 0 0 0
gi 0 0 0 0
gi 0 0 0 0
gi 0 0 0 0
gi 0 0 0 0
gi 0 0 0 0
gi 0 0 0 0
gi 0 0 0 0
gi 0 0 0 0
gi 0 0 0 0
gi 0 0 0 0
gi 0 0 0 0
gi 0 0 0 0
gi 0 0 0 0
gi 0 0 0 0
gi 0 0 0 0
gi 0 0 0 0
gi 0 0 0 0
gi 0 0 0 0
gi 0 0 0 0
gi 0 0 0 0
gi 0 0 0 0
gi 0 0 0 0
gi 0 0 0 0
gi 0 0 0 0
gi 0 0 0 0
gi 0 0 0 0
gi 0 0 0 0
gi 0 0 0 0
gi 0 0 0 0
gi 0 0 0 0
gi 0 0 0 0
gi 0 0 0 0
gi 0 0 0 0
gi 0 0 0 0
gi 0 0 0 0
gi 0 0 0 0
gi 0 0 0 0
gi 0 0 0 0
gi 0 0 0 0
gi 0 0 0 0
gi 0 0 0 0
gi 0 0 0 0
gi 0 0 0 0
gi 0 0 0 0
gi 0 0 0 0
gi 0 0 0 0
gi 0 0 0 0
gi 0 0 0 0
gi 0 0 0 0
gi 0 0 0 0
gi 0 0 0 0
gi 0 0 0 0
gi 0 0 0 0
gi 0 0 0 0
gi 0 0 0 0
gi 0 0 0 0
gi 0 0 0 0
gi 0 0 0 0
gi 0 0 0 0
gi 0 0 0 0
gi 0 0 0 0
gi 0 0 0 0
gi 0 0 0 0
gi 0 0 0 0
gi 0 0 0 0
gi 0 0 0 0
gi 0 0 0 0
gi 0 0 0 0
gi 0 0 0 0
gi 0 0 0 0
gi 0 0 0 0
gi 0 0 0 0
gi 0 0 0 0
gi 0 0 0 0
gi 0 0 0 0
gi 0 0 0 0
gi 0 0 0 0
gi 0 0 0 0
gi 0 0 0 0
gi 0 0 0 0
gi 0 0 0 0
gi 0 0 0 0
gi 0 0 0 0
gi 0 0 0 0
gi 0 0 0 0
gi 0 0 0 0
gi 0 0 0 0
gi 0 0 0 0
gi 0 0 0 0
gi 0 0 0 0
gi 0 0 0 0
gi 0 0 0 0
gi 0 0 0 0
gi 0 0 0 0
gi 0 0 0 0
gi 0 0 0 0
gi 0 0 0 0
gi 0 0 0 0
gi 0 0 0 0
gi 0 0 0 0
gi 0 0 0 0
gi 0 0 0 0
gi 0 0 0 0
gi 0 0 0 0
gi 0 0 0 0
gi 0 0 0 0
gi 0 0 0 0
gi 0 0 0 0
gi 0 0 0 0
gi 0 0 0 0
gi 0 0 0 0
gi 0 0 0 0
gi 0 0 0 0
gi 0 0 0 0
gi 0 0 0 0
gi 0 0 0 0
gi 0 0 0 0
gi 0 0 0 0
gi 0 0 0 0
gi 0 0 0 0
gi 0 0 0 0
gi 0 0 0 0
gi 0 0 0 0
gi 0 0 0 0
gi 0 0 0 0
gi 0 0 0 0
gi 0 0 0 0
gi 0 0 0 0
gi 0 0 0 0
gi 0 0 0 0
gi 0 0 0 0
gi 0 0 0 0
gi 0 0 0 0
gi 0 0 0 0
gi 0 0 0 0
gi 0 0 0 0
gi 0 0 0 0
gi 0 0 0 0
gi 0 0 0 0
gi 0 0 0 0
gi 0 0 0 0
gi 0 0 0 0
gi 0 0 0 0
gi 0 0 0 0
gi 0 0 0 0
gi 0 0 0 0
gi 0 0 0 0
gi 0 0 0 0
gi 0 0 0 0
gi 0 0 0 0
gi 0 0 0 0
gi 0 0 0 0
gi 0 0 0 0
gi 0 0 0 0
gi 0 0 0 0
gi 0 0 0 0
gi 0 0 0 0
gi 0 0 0 0
gi 0 0 0 0
gi 0 0 0 0
gi 0 0 0 0
gi 0 0 0 0
gi 0 0 0 0
gi 0 0 0 0
gi 0 0 0 0
gi 0 0 0 0
gi 0 0 0 0
gi 0 0 0 0
gi 0 0 0 0
gi 0 0 0 0
gi 0 0 0 0
gi 0 0 0 0
gi 0 0 0 0
gi 0 0 0 0
gi 0 0 0 0
gi 0 0 0 0
gi 0 0 0 0
gi 0 0 0 0
gi 0 0 0 0
gi 0 0 0 0
gi 0 0 0 0
gi 0 0 0 0
gi 0 0 0 0
gi 0 0 0 0
gi 0 0 0 0
gi 0 0 0 0
gi 0 0 0 0
gi 0 0 0 0
gi 0 0 0 0
gi 0 0 0 0
gi 0 0 0 0
gi 0 0 0 0
gi 0 0 0 0
gi 0 0 0 0
gi 0 0 0 0
gi 0 0 0 0
gi 0 0 0 0
gi 0 0 0 0
gi 0 0 0 0
gi 0 0 0 0
gi 0 0 0 0
gi 0 0 0 0
gi 0 0 0 0
gi 0 0 0 0
gi 0 0 0 0
gi 0 0 0 0
gi 0 0 0 0
gi 0 0 0 0
gi 0 0 0 0
gi 0 0 0 0
gi 0 0 0 0
gi 0 0 0 0
gi 0 0 0 0
gi 0 0 0 0
gi 0 0 0 0
gi 0 0 0 0
gi 0 0 0 0
gi 0 0 0 0
gi 0 0 0 0
gi 0 0 0 0
gi 0 0 0 0
gi 0 0 0 0
gi 0 0 0 0
gi 0 0 0 0
gi 0 0 0 0
gi 0 0 0 0
gi 0 0 0 0
gi 0 0 0 0
gi 0 0 0 0
gi 0 0 0 0
gi 0 0 0 0
gi 0 0 0 0
gi 0 0 0 0
gi 0 0 0 0
gi 0 0 0 0
gi 0 0 0 0
gi 0 0 0 0
gi 0 0 0 0
gi 0 0 0 0
gi 0 0 0 0
gi 0 0 0 0
gi 0 0 0 0
gi 0 0 0 0
gi 0 0 0 0
gi 0 0 0 0
gi 0 0 0 0
gi 0 0 0 0
gi 0 0 0 0
gi 0 0 0 0
gi 0 0 0 0
gi 0 0 0 0
gi 0 0 0 0
gi 0 0 0 0
gi 0 0 0 0
gi 0 0 0 0
gi 0 0 0 0
gi 0 0 0 0
gi 0 0 0 0
gi 0 0 0 0
gi 0 0 0 0
gi 0 0 0 0
gi 0 0 0 0
gi 0 0 0 0
gi 0 0 0 0
gi 0 0 0 0
gi 0 0 0 0
gi 0 0 0 0
gi 0 0 0 0
gi 0 0 0 0
gi 0 0 0 0
gi 0 0 0 0
gi 0 0 0 0
gi 0 0 0 0
gi 0 0 0 0
gi 0 0 0 0
gi 0 0 0 0
gi 0 0 0 0
gi 0 0 0 0
gi 0 0 0 0
gi 0 0 0 0
gi 0 0 0 0
gi 0 0 0 0
gi 0 0 0 0
gi 0 0 0 0
gi 0 0 0 0
gi 0 0 0 0
gi 0 0 0 0
gi 0 0 0 0
gi 0 0 0 0
gi 0 0 0 0
gi 0 0 0 0
gi 0 0 0 0
gi 0 0 0 0
gi 0 0 0 0
gi 0 0 0 0
gi 0 0 0 0
gi 0 0 0 0
gi 0 0 0 0
gi 0 0 0 0
gi 0 0 0 0
gi 0 0 0 0
gi 0 0 0 0
gi 0 0 0 0
gi 0 0 0 0
gi 0 0 0 0
gi 0 0 0 0
gi 0 0 0 0
gi 0 0 0 0
gi 0 0 0 0
gi 0 0 0 0
gi 0 0 0 0
gi 0 0 0 0
gi 0 0 0 0
gi 0 0 0 0
gi 0 0 0 0
gi 0 0 0 0
gi 0 0 0 0
gi 0 0 0 0
gi 0 0 0 0
gi 0 0 0 0
gi 0 0 0 0
gi 0 0 0 0
gi 0 0 0 0
gi 0 0 0 0
gi 0 0 0 0
gi 0 0 0 0
gi 0 0 0 0
gi 0 0 0 0
gi 0 0 0 0
gi 0 0 0 0
gi 0 0 0 0
gi 0 0 0 0
gi 0 0 0 0
gi 0 0 0 0
gi 0 0 0 0
gi 0 0 0 0
gi 0 0 0 0
gi 0 0 0 0
gi 0 0 0 0
gi 0 0 0 0
gi 0 0 0 0
gi 0 0 0 0
gi 0 0 0 0
gi 0 0 0 0
gi 0 0 0 0
gi 0 0 0 0
gi 0 0 0 0
gi 0 0 0 0
gi 0 0 0 0
gi 0 0 0 0
gi 0 0 0 0
gi 0 0 0 0
gi 0 0 0 0
gi 0 0 0 0
gi 0 0 0 0
gi 0 0 0 0
gi 0 0 0 0
gi 0 0 0 0
gi 0 0 0 0
gi 0 0 0 0
gi 0 0 0 0
gi 0 0 0 0
gi 0 0 0 0
gi 0 0 0 0
gi 0 0 0 0
gi 0 0 0 0
gi 0 0 0 0
gi 0 0 0 0
gi 0 0 0 0
gi 0 0 0 0
gi 0 0 0 0
gi 0 0 0 0
gi 0 0 0 0
gi 0 0 0 0
gi 0 0 0 0
gi 0 0 0 0
gi 0 0 0 0
gi 0 0 0 0
gi 0 0 0 0
gi 0 0 0 0
gi 0 0 0 0
gi 0 0 0 0
gi 0 0 0 0
gi 0 0 0 0
gi 0 0 0 0
gi 0 0 0 0
gi 0 0 0 0
gi 0 0 0 0
gi 0 0 0 0
gi 0 0 0 0
gi 0 0 0 0
gi 0 0 0 0
gi 0 0 0 0
gi 0 0 0 0
gi 0 0 0 0
gi 0 0 0 0
gi 0 0 0 0
gi 0 0 0 0
gi 0 0 0 0
gi 0 0 0 0
gi 0 0 0 0
gi 0 0 0 0
gi 0 0 0 0
gi 0 0 0 0
gi 0 0 0 0
gi 0 0 0 0
gi 0 0 0 0
gi 0 0 0 0
gi 0 0 0 0
gi 0 0 0 0
gi 0 0 0 0
gi 0 0 0 0
gi 0 0 0 0
gi 0 0 0 0
gi 0 0 0 0
gi 0 0 0 0
gi 0 0 0 0
gi 0 0 0 0
gi 0 0 0 0
gi 0 0 0 0
gi 0 0 0 0
gi 0 0 0 0
gi 0 0 0 0
gi 0 0 0 0
gi 0 0 0 0
gi 0 0 0 0
gi 0 0 0 0
gi 0 0 0 0
gi 0 0 0 0
gi 0 0 0 0
gi 0 0 0 0
gi 0 0 0 0
gi 0 0 0 0
gi 0 0 0 0
gi 0 0 0 0
gi 0 0 0 0
gi 0 0 0 0
gi 0 0 0 0
gi 0 0 0 0
gi 0 0 0 0
gi 0 0 0 0
gi 0 0 0 0
gi 0 0 0 0
gi 0 0 0 0
gi 0 0 0 0
gi 0 0 0 0
gi 0 0 0 0
gi 0 0 0 0
gi 0 0 0 0
gi 0 0 0 0
gi 0 0 0 0
gi 0 0 0 0
gi 0 0 0 0
gi 0 0 0 0
gi 0 0 0 0
gi 0 0 0 0
gi 0 0 0 0
gi 0 0 0 0
gi 0 0 0 0
gi 0 0 0 0
gi 0 0 0 0
gi 0 0 0 0
gi 0 0 0 0
gi 0 0 0 0
gi 0 0 0 0
gi 0 0 0 0
gi 0 0 0 0
gi 0 0 0 0
gi 0 0 0 0
gi 0 0 0 0
gi 0 0 0 0
gi 0 0 0 0
gi 0 0 0 0
gi 0 0 0 0
gi 0 0 0 0
gi 0 0 0 0
gi 0 0 0 0
gi 0 0 0 0
gi 0 0 0 0
gi 0 0 0 0
gi 0 0 0 0
gi 0 0 0 0
gi 0 0 0 0
gi 0 0 0 0
gi 0 0 0 0
gi 0 0 0 0
gi 0 0 0 0
gi 0 0 0 0
gi 0 0 0 0
gi 0 0 0 0
gi 0 0 0 0
gi 0 0 0 0
gi 0 0 0 0
gi 0 0 0 0
gi 0 0 0 0
gi 0 0 0 0
gi 0 0 0 0
gi 0 0 0 0
gi 0 0 0 0
gi 0 0 0 0
gi 0 0 0 0
gi 0 0 0 0
gi 0 0 0 0
gi 0 0 0 0
gi 0 0 0 0
gi 0 0 0 0
gi 0 0 0 0
gi 0 0 0 0
gi 0 0 0 0
gi 0 0 0 0
gi 0 0 0 0
gi 0 0 0 0
gi 0 0 0 0
gi 0 0 0 0
gi 0 0 0 0
gi 0 0 0 0
gi 0 0 0 0
gi 0 0 0 0
gi 0 0 0 0
gi 0 0 0 0
gi 0 0 0 0
gi 0 0 0 0
gi 0 0 0 0
gi 0 0 0 0
gi 0 0 0 0
gi 0 0 0 0
gi 0 0 0 0
gi 0 0 0 0
gi 0 0 0 0
gi 0 0 0 0
gi 0 0 0 0
gi 0 0 0 0
gi 0 0 0 0
gi 0 0 0 0
gi 0 0 0 0
gi 0 0 0 0
gi 0 0 0 0
gi 0 0 0 0
gi 0 0 0 0
gi 0 0 0 0
gi 0 0 0 0
gi 0 0 0 0
gi 0 0 0 0
gi 0 0 0 0
gi 0 0 0 0
gi 0 0 0 0
gi 0 0 0 0
gi 0 0 0 0
gi 0 0 0 0
gi 0 0 0 0
gi 0 0 0 0
gi 0 0 0 0
gi 0 0 0 0
gw 0.0 0.0 0.0 0.0
gw 0.0 0.0 0.0 0.0
gw 0.0 0.0 0.0 0.0
gw 0.0 0.0 0.0 0.0
gw 0.0 0.0 0.0 0.0
gw 0.0 0.0 0.0 0.0
gw 0.0 0.0 0.0 0.0
gw 0.0 0.0 0.0 0.0
gw 0.0 0.0 0.0 0.0
gw 0.0 0.0 0.0 0.0
gw 0.0 0.0 0.0 0.0
gw 0.0 0.0 0.0 0.0
gw 0.0 0.0 0.0 0.0
gw 0.0 0.0 0.0 0.0
gw 0.0 0.0 0.0 0.0
gw 0.0 0.0 0.0 0.0
gw 0.0 0.0 0.0 0.0
gw 0.0 0.0 0.0 0.0
gw 0.0 0.0 0.0 0.0
gw 0.0 0.0 0.0 0.0
gw 0.0 0.0 0.0 0.0
gw 0.0 0.0 0.0 0.0
gw 0.0 0.0 0.0 0.0
gw 0.0 0.0 0.0 0.0
gw 0.0 0.0 0.0 0.0
gw 0.0 0.0 0.0 0.0
gw 0.0 0.0 0.0 0.0
gw 0.0 0.0 0.0 0.0
gw 0.0 0.0 0.0 0.0
gw 0.0 0.0 0.0 0.0
gw 0.0 0.0 0.0 0.0
gw 0.0 0.0 0.0 0.0
gw 0.0 0.0 0.0 0.0
gw 0.0 0.0 0.0 0.0
gw 0.0 0.0 0.0 0.0
gw 0.0 0.0 0.0 0.0
gw 0.0 0.0 0.0 0.0
gw 0.0 0.0 0.0 0.0
gw 0.0 0.0 0.0 0.0
gw 0.0 0.0 0.0 0.0
gw 0.0 0.0 0.0 0.0
gw 0.0 0.0 0.0 0.0
gw 0.0 0.0 0.0 0.0
gw 0.0 0.0 0.0 0.0
gw 0.0 0.0 0.0 0.0
gw 0.0 0.0 0.0 0.0
gw 0.0 0.0 0.0 0.0
gw 0.0 0.0 0.0 0.0
gw 0.0 0.0 0.0 0.0
gw 0.0 0.0 0.0 0.0
gw 0.0 0.0 0.0 0.0
gw 0.0 0.0 0.0 0.0
gw 0.0 0.0 0.0 0.0
gw 0.0 0.0 0.0 0.0
gw 0.0 0.0 0.0 0.0
gw 0.0 0.0 0.0 0.0
gw 0.0 0.0 0.0 0.0
gw 0.0 0.0 0.0 0.0
gw 0.0 0.0 0.0 0.0
gw 0.0 0.0 0.0 0.0
gw 0.0 0.0 0.0 0.0
gw 0.0 0.0 0.0 0.0
gw 0.0 0.0 0.0 0.0
gw 0.0 0.0 0.0 0.0
gw 0.0 0.0 0.0 0.0
gw 0.0 0.0 0.0 0.0
gw 0.0 0.0 0.0 0.0
gw 0.0 0.0 0.0 0.0
gw 0.0 0.0 0.0 0.0
gw 0.0 0.0 0.0 0.0
gw 0.0 0.0 0.0 0.0
gw 0.0 0.0 0.0 0.0
gw 0.0 0.0 0.0 0.0
gw 0.0 0.0 0.0 0.0
gw 0.0 0.0 0.0 0.0
gw 0.0 0.0 0.0 0.0
gw 0.0 0.0 0.0 0.0
gw 0.0 0.0 0.0 0.0
gw 0.0 0.0 0.0 0.0
gw 0.0 0.0 0.0 0.0
gw 0.0 0.0 0.0 0.0
gw 0.0 0.0 0.0 0.0
gw 0.0 0.0 0.0 0.0
gw 0.0 0.0 0.0 0.0
gw 0.0 0.0 0.0 0.0
gw 0.0 0.0 0.0 0.0
gw 0.0 0.0 0.0 0.0
gw 0.0 0.0 0.0 0.0
gw 0.0 0.0 0.0 0.0
gw 0.0 0.0 0.0 0.0
gw 0.0 0.0 0.0 0.0
gw 0.0 0.0 0.0 0.0
gw 0.0 0.0 0.0 0.0
gw 0.0 0.0 0.0 0.0
gw 0.0 0.0 0.0 0.0
gw 0.0 0.0 0.0 0.0
gw 0.0 0.0 0.0 0.0
gw 0.0 0.0 0.0 0.0
gw 0.0 0.0 0.0 0.0
gw 0.0 0.0 0.0 0.0
gw 0.0 0.0 0.0 0.0
gw 0.0 0.0 0.0 0.0
gw 0.0 0.0 0.0 0.0
gw 0.0 0.0 0.0 0.0
gw 0.0 0.0 0.0 0.0
gw 0.0 0.0 0.0 0.0
gw 0.0 0.0 0.0 0.0
gw 0.0 0.0 0.0 0.0
gw 0.0 0.0 0.0 0.0
gw 0.0 0.0 0.0 0.0
gw 0.0 0.0 0.0 0.0
gw 0.0 0.0 0.0 0.0
gw 0.0 0.0 0.0 0.0
gw 0.0 0.0 0.0 0.0
gw 0.0 0.0 0.0 0.0
gw 0.0 0.0 0.0 0.0
gw 0.0 0.0 0.0 0.0
gw 0.0 0.0 0.0 0.0
gw 0.0 0.0 0.0 0.0
gw 0.0 0.0 0.0 0.0
gw 0.0 0.0 0.0 0.0
gw 0.0 0.0 0.0 0.0
gw 0.0 0.0 0.0 0.0
gw 0.0 0.0 0.0 0.0
gw 0.0 0.0 0.0 0.0
gw 0.0 0.0 0.0 0.0
gw 0.0 0.0 0.0 0.0
gw 0.0 0.0 0.0 0.0
gw 0.0 0.0 0.0 0.0
gw 0.0 0.0 0.0 0.0
gw 0.0 0.0 0.0 0.0
gw 0.0 0.0 0.0 0.0
gw 0.0 0.0 0.0 0.0
gw 0.0 0.0 0.0 0.0
gw 0.0 0.0 0.0 0.0
gw 0.0 0.0 0.0 0.0
gw 0.0 0.0 0.0 0.0
gw 0.0 0.0 0.0 0.0
gw 0.0 0.0 0.0 0.0
gw 0.0 0.0 0.0 0.0
gw 0.0 0.0 0.0 0.0
gw 0.0 0.0 0.0 0.0
gw 0.0 0.0 0.0 0.0
gw 0.0 0.0 0.0 0.0
gw 0.0 0.0 0.0 0.0
gw 0.0 0.0 0.0 0.0
gw 0.0 0.0 0.0 0.0
gw 0.0 0.0 0.0 0.0
gw 0.0 0.0 0.0 0.0
gw 0.0 0.0 0.0 0.0
gw 0.0 0.0 0.0 0.0
gw 0.0 0.0 0.0 0.0
gw 0.0 0.0 0.0 0.0
gw 0.0 0.0 0.0 0.0
gw 0.0 0.0 0.0 0.0
gw 0.0 0.0 0.0 0.0
gw 0.0 0.0 0.0 0.0
gw 0.0 0.0 0.0 0.0
gw 0.0 0.0 0.0 0.0
gw 0.0 0.0 0.0 0.0
gw 0.0 0.0 0.0 0.0
gw 0.0 0.0 0.0 0.0
gw 0.0 0.0 0.0 0.0
gw 0.0 0.0 0.0 0.0
gw 0.0 0.0 0.0 0.0
gw 0.0 0.0 0.0 0.0
gw 0.0 0.0 0.0 0.0
gw 0.0 0.0 0.0 0.0
gw 0.0 0.0 0.0 0.0
gw 0.0 0.0 0.0 0.0
gw 0.0 0.0 0.0 0.0
gw 0.0 0.0 0.0 0.0
gw 0.0 0.0 0.0 0.0
gw 0.0 0.0 0.0 0.0
gw 0.0 0.0 0.0 0.0
gw 0.0 0.0 0.0 0.0
gw 0.0 0.0 0.0 0.0
gw 0.0 0.0 0.0 0.0
gw 0.0 0.0 0.0 0.0
gw 0.0 0.0 0.0 0.0
gw 0.0 0.0 0.0 0.0
gw 0.0 0.0 0.0 0.0
gw 0.0 0.0 0.0 0.0
gw 0.0 0.0 0.0 0.0
gw 0.0 0.0 0.0 0.0
gw 0.0 0.0 0.0 0.0
gw 0.0 0.0 0.0 0.0
gw 0.0 0.0 0.0 0.0
gw 0.0 0.0 0.0 0.0
gw 0.0 0.0 0.0 0.0
gw 0.0 0.0 0.0 0.0
gw 0.0 0.0 0.0 0.0
gw 0.0 0.0 0.0 0.0
gw 0.0 0.0 0.0 0.0
gw 0.0 0.0 0.0 0.0
gw 0.0 0.0 0.0 0.0
gw 0.0 0.0 0.0 0.0
gw 0.0 0.0 0.0 0.0
gw 0.0 0.0 0.0 0.0
gw 0.0 0.0 0.0 0.0
gw 0.0 0.0 0.0 0.0
gw 0.0 0.0 0.0 0.0
gw 0.0 0.0 0.0 0.0
gw 0.0 0.0 0.0 0.0
gw 0.0 0.0 0.0 0.0
gw 0.0 0.0 0.0 0.0
gw 0.0 0.0 0.0 0.0
gw 0.0 0.0 0.0 0.0
gw 0.0 0.0 0.0 0.0
gw 0.0 0.0 0.0 0.0
gw 0.0 0.0 0.0 0.0
gw 0.0 0.0 0.0 0.0
gw 0.0 0.0 0.0 0.0
gw 0.0 0.0 0.0 0.0
gw 0.0 0.0 0.0 0.0
gw 0.0 0.0 0.0 0.0
gw 0.0 0.0 0.0 0.0
gw 0.0 0.0 0.0 0.0
gw 0.0 0.0 0.0 0.0
gw 0.0 0.0 0.0 0.0
gw 0.0 0.0 0.0 0.0
gw 0.0 0.0 0.0 0.0
gw 0.0 0.0 0.0 0.0
gw 0.0 0.0 0.0 0.0
gw 0.0 0.0 0.0 0.0
gw 0.0 0.0 0.0 0.0
gw 0.0 0.0 0.0 0.0
gw 0.0 0.0 0.0 0.0
gw 0.0 0.0 0.0 0.0
gw 0.0 0.0 0.0 0.0
gw 0.0 0.0 0.0 0.0
gw 0.0 0.0 0.0 0.0
gw 0.0 0.0 0.0 0.0
gw 0.0 0.0 0.0 0.0
gw 0.0 0.0 0.0 0.0
gw 0.0 0.0 0.0 0.0
gw 0.0 0.0 0.0 0.0
gw 0.0 0.0 0.0 0.0
gw 0.0 0.0 0.0 0.0
gw 0.0 0.0 0.0 0.0
gw 0.0 0.0 0.0 0.0
gw 0.0 0.0 0.0 0.0
gw 0.0 0.0 0.0 0.0
gw 0.0 0.0 0.0 0.0
gw 0.0 0.0 0.0 0.0
gw 0.0 0.0 0.0 0.0
gw 0.0 0.0 0.0 0.0
gw 0.0 0.0 0.0 0.0
gw 0.0 0.0 0.0 0.0
gw 0.0 0.0 0.0 0.0
gw 0.0 0.0 0.0 0.0
gw 0.0 0.0 0.0 0.0
gw 0.0 0.0 0.0 0.0
gw 0.0 0.0 0.0 0.0
gw 0.0 0.0 0.0 0.0
gw 0.0 0.0 0.0 0.0
gw 0.0 0.0 0.0 0.0
gw 0.0 0.0 0.0 0.0
gw 0.0 0.0 0.0 0.0
gw 0.0 0.0 0.0 0.0
gw 0.0 0.0 0.0 0.0
gw 0.0 0.0 0.0 0.0
gw 0.0 0.0 0.0 0.0
gw 0.0 0.0 0.0 0.0
gw 0.0 0.0 0.0 0.0
gw 0.0 0.0 0.0 0.0
gw 0.0 0.0 0.0 0.0
gw 0.0 0.0 0.0 0.0
gw 0.0 0.0 0.0 0.0
gw 0.0 0.0 0.0 0.0
gw 0.0 0.0 0.0 0.0
gw 0.0 0.0 0.0 0.0
gw 0.0 0.0 0.0 0.0
gw 0.0 0.0 0.0 0.0
gw 0.0 0.0 0.0 0.0
gw 0.0 0.0 0.0 0.0
gw 0.0 0.0 0.0 0.0
gw 0.0 0.0 0.0 0.0
gw 0.0 0.0 0.0 0.0
gw 0.0 0.0 0.0 0.0
gw 0.0 0.0 0.0 0.0
gw 0.0 0.0 0.0 0.0
gw 0.0 0.0 0.0 0.0
gw 0.0 0.0 0.0 0.0
gw 0.0 0.0 0.0 0.0
gw 0.0 0.0 0.0 0.0
gw 0.0 0.0 0.0 0.0
gw 0.0 0.0 0.0 0.0
gw 0.0 0.0 0.0 0.0
gw 0.0 0.0 0.0 0.0
gw 0.0 0.0 0.0 0.0
gw 0.0 0.0 0.0 0.0
gw 0.0 0.0 0.0 0.0
gw 0.0 0.0 0.0 0.0
gw 0.0 0.0 0.0 0.0
gw 0.0 0.0 0.0 0.0
gw 0.0 0.0 0.0 0.0
gw 0.0 0.0 0.0 0.0
gw 0.0 0.0 0.0 0.0
gw 0.0 0.0 0.0 0.0
gw 0.0 0.0 0.0 0.0
gw 0.0 0.0 0.0 0.0
gw 0.0 0.0 0.0 0.0
gw 0.0 0.0 0.0 0.0
gw 0.0 0.0 0.0 0.0
gw 0.0 0.0 0.0 0.0
gw 0.0 0.0 0.0 0.0
gw 0.0 0.0 0.0 0.0
gw 0.0 0.0 0.0 0.0
gw 0.0 0.0 0.0 0.0
gw 0.0 0.0 0.0 0.0
gw 0.0 0.0 0.0 0.0
gw 0.0 0.0 0.0 0.0
gw 0.0 0.0 0.0 0.0
gw 0.0 0.0 0.0 0.0
gw 0.0 0.0 0.0 0.0
gw 0.0 0.0 0.0 0.0
gw 0.0 0.0 0.0 0.0
gw 0.0 0.0 0.0 0.0
gw 0.0 0.0 0.0 0.0
gw 0.0 0.0 0.0 0.0
gw 0.0 0.0 0.0 0.0
gw 0.0 0.0 0.0 0.0
gw 0.0 0.0 0.0 0.0
gw 0.0 0.0 0.0 0.0
gw 0.0 0.0 0.0 0.0
gw 0.0 0.0 0.0 0.0
gw 0.0 0.0 0.0 0.0
gw 0.0 0.0 0.0 0.0
gw 0.0 0.0 0.0 0.0
gw 0.0 0.0 0.0 0.0
gw 0.0 0.0 0.0 0.0
gw 0.0 0.0 0.0 0.0
gw 0.0 0.0 0.0 0.0
gw 0.0 0.0 0.0 0.0
gw 0.0 0.0 0.0 0.0
gw 0.0 0.0 0.0 0.0
gw 0.0 0.0 0.0 0.0
gw 0.0 0.0 0.0 0.0
gw 0.0 0.0 0.0 0.0
gw 0.0 0.0 0.0 0.0
gw 0.0 0.0 0.0 0.0
gw 0.0 0.0 0.0 0.0
gw 0.0 0.0 0.0 0.0
gw 0.0 0.0 0.0 0.0
gw 0.0 0.0 0.0 0.0
gw 0.0 0.0 0.0 0.0
gw 0.0 0.0 0.0 0.0
gw 0.0 0.0 0.0 0.0
gw 0.0 0.0 0.0 0.0
gw 0.0 0.0 0.0 0.0
gw 0.0 0.0 0.0 0.0
gw 0.0 0.0 0.0 0.0
gw 0.0 0.0 0.0 0.0
gw 0.0 0.0 0.0 0.0
gw 0.0 0.0 0.0 0.0
gw 0.0 0.0 0.0 0.0
gw 0.0 0.0 0.0 0.0
gw 0.0 0.0 0.0 0.0
gw 0.0 0.0 0.0 0.0
gw 0.0 0.0 0.0 0.0
gw 0.0 0.0 0.0 0.0
gw 0.0 0.0 0.0 0.0
gw 0.0 0.0 0.0 0.0
gw 0.0 0.0 0.0 0.0
gw 0.0 0.0 0.0 0.0
gw 0.0 0.0 0.0 0.0
gw 0.0 0.0 0.0 0.0
gw 0.0 0.0 0.0 0.0
gw 0.0 0.0 0.0 0.0
gw 0.0 0.0 0.0 0.0
gw 0.0 0.0 0.0 0.0
gw 0.0 0.0 0.0 0.0
gw 0.0 0.0 0.0 0.0
gw 0.0 0.0 0.0 0.0
gw 0.0 0.0 0.0 0.0
gw 0.0 0.0 0.0 0.0
gw 0.0 0.0 0.0 0.0
gw 0.0 0.0 0.0 0.0
gw 0.0 0.0 0.0 0.0
gw 0.0 0.0 0.0 0.0
gw 0.0 0.0 0.0 0.0
gw 0.0 0.0 0.0 0.0
gw 0.0 0.0 0.0 0.0
gw 0.0 0.0 0.0 0.0
gw 0.0 0.0 0.0 0.0
gw 0.0 0.0 0.0 0.0
gw 0.0 0.0 0.0 0.0
gw 0.0 0.0 0.0 0.0
gw 0.0 0.0 0.0 0.0
gw 0.0 0.0 0.0 0.0
gw 0.0 0.0 0.0 0.0
gw 0.0 0.0 0.0 0.0
gw 0.0 0.0 0.0 0.0
gw 0.0 0.0 0.0 0.0
gw 0.0 0.0 0.0 0.0
gw 0.0 0.0 0.0 0.0
gw 0.0 0.0 0.0 0.0
gw 0.0 0.0 0.0 0.0
gw 0.0 0.0 0.0 0.0
gw 0.0 0.0 0.0 0.0
gw 0.0 0.0 0.0 0.0
gw 0.0 0.0 0.0 0.0
gw 0.0 0.0 0.0 0.0
gw 0.0 0.0 0.0 0.0
gw 0.0 0.0 0.0 0.0
gw 0.0 0.0 0.0 0.0
gw 0.0 0.0 0.0 0.0
gw 0.0 0.0 0.0 0.0
gw 0.0 0.0 0.0 0.0
gw 0.0 0.0 0.0 0.0
gw 0.0 0.0 0.0 0.0
gw 0.0 0.0 0.0 0.0
gw 0.0 0.0 0.0 0.0
gw 0.0 0.0 0.0 0.0
gw 0.0 0.0 0.0 0.0
gw 0.0 0.0 0.0 0.0
gw 0.0 0.0 0.0 0.0
gw 0.0 0.0 0.0 0.0
gw 0.0 0.0 0.0 0.0
gw 0.0 0.0 0.0 0.0
gw 0.0 0.0 0.0 0.0
gw 0.0 0.0 0.0 0.0
gw 0.0 0.0 0.0 0.0
gw 0.0 0.0 0.0 0.0
gw 0.0 0.0 0.0 0.0
gw 0.0 0.0 0.0 0.0
gw 0.0 0.0 0.0 0.0
gw 0.0 0.0 0.0 0.0
gw 0.0 0.0 0.0 0.0
gw 0.0 0.0 0.0 0.0
gw 0.0 0.0 0.0 0.0
gw 0.0 0.0 0.0 0.0
gw 0.0 0.0 0.0 0.0
gw 0.0 0.0 0.0 0.0
gw 0.0 0.0 0.0 0.0
gw 0.0 0.0 0.0 0.0
gw 0.0 0.0 0.0 0.0
gw 0.0 0.0 0.0 0.0
gw 0.0 0.0 0.0 0.0
gw 0.0 0.0 0.0 0.0
gw 0.0 0.0 0.0 0.0
gw 0.0 0.0 0.0 0.0
gw 0.0 0.0 0.0 0.0
gw 0.0 0.0 0.0 0.0
gw 0.0 0.0 0.0 0.0
gw 0.0 0.0 0.0 0.0
gw 0.0 0.0 0.0 0.0
gw 0.0 0.0 0.0 0.0
gw 0.0 0.0 0.0 0.0
gw 0.0 0.0 0.0 0.0
gw 0.0 0.0 0.0 0.0
gw 0.0 0.0 0.0 0.0
gw 0.0 0.0 0.0 0.0
gw 0.0 0.0 0.0 0.0
gw 0.0 0.0 0.0 0.0
gw 0.0 0.0 0.0 0.0
gw 0.0 0.0 0.0 0.0
gw 0.0 0.0 0.0 0.0
gw 0.0 0.0 0.0 0.0
gw 0.0 0.0 0.0 0.0
gw 0.0 0.0 0.0 0.0
gw 0.0 0.0 0.0 0.0
gw 0.0 0.0 0.0 0.0
gw 0.0 0.0 0.0 0.0
gw 0.0 0.0 0.0 0.0
gw 0.0 0.0 0.0 0.0
gw 0.0 0.0 0.0 0.0
gw 0.0 0.0 0.0 0.0
gw 0.0 0.0 0.0 0.0
gw 0.0 0.0 0.0 0.0
gw 0.0 0.0 0.0 0.0
gw 0.0 0.0 0.0 0.0
gw 0.0 0.0 0.0 0.0
gw 0.0 0.0 0.0 0.0
gw 0.0 0.0 0.0 0.0
gw 0.0 0.0 0.0 0.0
gw 0.0 0.0 0.0 0.0
gw 0.0 0.0 0.0 0.0
gw 0.0 0.0 0.0 0.0
gw 0.0 0.0 0.0 0.0
gw 0.0 0.0 0.0 0.0
gw 0.0 0.0 0.0 0.0
gw 0.0 0.0 0.0 0.0
gw 0.0 0.0 0.0 0.0
gw 0.0 0.0 0.0 0.0
gw 0.0 0.0 0.0 0.0
gw 0.0 0.0 0.0 0.0
gw 0.0 0.0 0.0 0.0
gw 0.0 0.0 0.0 0.0
gw 0.0 0.0 0.0 0.0
gw 0.0 0.0 0.0 0.0
gw 0.0 0.0 0.0 0.0
gw 0.0 0.0 0.0 0.0
gw 0.0 0.0 0.0 0.0
gw 0.0 0.0 0.0 0.0
gw 0.0 0.0 0.0 0.0
gw 0.0 0.0 0.0 0.0
gw 0.0 0.0 0.0 0.0
gw 0.0 0.0 0.0 0.0
gw 0.0 0.0 0.0 0.0
gw 0.0 0.0 0.0 0.0
gw 0.0 0.0 0.0 0.0
gw 0.0 0.0 0.0 0.0
gw 0.0 0.0 0.0 0.0
gw 0.0 0.0 0.0 0.0
gw 0.0 0.0 0.0 0.0
gw 0.0 0.0 0.0 0.0
gw 0.0 0.0 0.0 0.0
gw 0.0 0.0 0.0 0.0
gw 0.0 0.0 0.0 0.0
gw 0.0 0.0 0.0 0.0
gw 0.0 0.0 0.0 0.0
gw 0.0 0.0 0.0 0.0
gw 0.0 0.0 0.0 0.0
gw 0.0 0.0 0.0 0.0
gw 0.0 0.0 0.0 0.0
gw 0.0 0.0 0.0 0.0
gw 0.0 0.0 0.0 0.0
gw 0.0 0.0 0.0 0.0
gw 0.0 0.0 0.0 0.0
gw 0.0 0.0 0.0 0.0
gw 0.0 0.0 0.0 0.0
gw 0.0 0.0 0.0 0.0
gw 0.0 0.0 0.0 0.0
gw 0.0 0.0 0.0 0.0
gw 0.0 0.0 0.0 0.0
gw 0.0 0.0 0.0 0.0
gw 0.0 0.0 0.0 0.0
gw 0.0 0.0 0.0 0.0
gw 0.0 0.0 0.0 0.0
gw 0.0 0.0 0.0 0.0
gw 0.0 0.0 0.0 0.0
gw 0.0 0.0 0.0 0.0
gw 0.0 0.0 0.0 0.0
gw 0.0 0.0 0.0 0.0
gw 0.0 0.0 0.0 0.0
gw 0.0 0.0 0.0 0.0
gw 0.0 0.0 0.0 0.0
gw 0.0 0.0 0.0 0.0
gw 0.0 0.0 0.0 0.0
gw 0.0 0.0 0.0 0.0
gw 0.0 0.0 0.0 0.0
gw 0.0 0.0 0.0 0.0
gw 0.0 0.0 0.0 0.0
gw 0.0 0.0 0.0 0.0
gw 0.0 0.0 0.0 0.0
gw 0.0 0.0 0.0 0.0
gw 0.0 0.0 0.0 0.0
gw 0.0 0.0 0.0 0.0
gw 0.0 0.0 0.0 0.0
gw 0.0 0.0 0.0 0.0
gw 0.0 0.0 0.0 0.0
gw 0.0 0.0 0.0 0.0
gw 0.0 0.0 0.0 0.0
gw 0.0 0.0 0.0 0.0
gw 0.0 0.0 0.0 0.0
gw 0.0 0.0 0.0 0.0
gw 0.0 0.0 0.0 0.0
gw 0.0 0.0 0.0 0.0
gw 0.0 0.0 0.0 0.0
gw 0.0 0.0 0.0 0.0
gw 0.0 0.0 0.0 0.0
gw 0.0 0.0 0.0 0.0
gw 0.0 0.0 0.0 0.0
gw 0.0 0.0 0.0 0.0
gw 0.0 0.0 0.0 0.0
gw 0.0 0.0 0.0 0.0
gw 0.0 0.0 0.0 0.0
gw 0.0 0.0 0.0 0.0
gw 0.0 0.0 0.0 0.0
gw 0.0 0.0 0.0 0.0
gw 0.0 0.0 0.0 0.0
gw 0.0 0.0 0.0 0.0
gw 0.0 0.0 0.0 0.0
gw 0.0 0.0 0.0 0.0
gw 0.0 0.0 0.0 0.0
gw 0.0 0.0 0.0 0.0
gw 0.0 0.0 0.0 0.0
gw 0.0 0.0 0.0 0.0
gw 0.0 0.0 0.0 0.0
gw 0.0 0.0 0.0 0.0
gw 0.0 0.0 0.0 0.0
gw 0.0 0.0 0.0 0.0
gw 0.0 0.0 0.0 0.0
gw 0.0 0.0 0.0 0.0
gw 0.0 0.0 0.0 0.0
gw 0.0 0.0 0.0 0.0
gw 0.0 0.0 0.0 0.0
gw 0.0 0.0 0.0 0.0
gw 0.0 0.0 0.0 0.0
gw 0.0 0.0 0.0 0.0
gw 0.0 0.0 0.0 0.0
gw 0.0 0.0 0.0 0.0
gw 0.0 0.0 0.0 0.0
gw 0.0 0.0 0.0 0.0
gw 0.0 0.0 0.0 0.0
gw 0.0 0.0 0.0 0.0
gw 0.0 0.0 0.0 0.0
gw 0.0 0.0 0.0 0.0
gw 0.0 0.0 0.0 0.0
gw 0.0 0.0 0.0 0.0
gw 0.0 0.0 0.0 0.0
gw 0.0 0.0 0.0 0.0
gw 0.0 0.0 0.0 0.0
gw 0.0 0.0 0.0 0.0
gw 0.0 0.0 0.0 0.0
gw 0.0 0.0 0.0 0.0
gw 0.0 0.0 0.0 0.0
gw 0.0 0.0 0.0 0.0
gw 0.0 0.0 0.0 0.0
gw 0.0 0.0 0.0 0.0
gw 0.0 0.0 0.0 0.0
gw 0.0 0.0 0.0 0.0
gw 0.0 0.0 0.0 0.0
gw 0.0 0.0 0.0 0.0
gw 0.0 0.0 0.0 0.0
gw 0.0 0.0 0.0 0.0
gw 0.0 0.0 0.0 0.0
gw 0.0 0.0 0.0 0.0
gw 0.0 0.0 0.0 0.0
gw 0.0 0.0 0.0 0.0
gw 0.0 0.0 0.0 0.0
gw 0.0 0.0 0.0 0.0
gw 0.0 0.0 0.0 0.0
gw 0.0 0.0 0.0 0.0
gw 0.0 0.0 0.0 0.0
gw 0.0 0.0 0.0 0.0
gw 0.0 0.0 0.0 0.0
gw 0.0 0.0 0.0 0.0
gw 0.0 0.0 0.0 0.0
gw 0.0 0.0 0.0 0.0
gw 0.0 0.0 0.0 0.0
gw 0.0 0.0 0.0 0.0
gw 0.0 0.0 0.0 0.0
gw 0.0 0.0 0.0 0.0
gw 0.0 0.0 0.0 0.0
gw 0.0 0.0 0.0 0.0
gw 0.0 0.0 0.0 0.0
gw 0.0 0.0 0.0 0.0
gw 0.0 0.0 0.0 0.0
gw 0.0 0.0 0.0 0.0
gw 0.0 0.0 0.0 0.0
gw 0.0 0.0 0.0 0.0
gw 0.0 0.0 0.0 0.0
gw 0.0 0.0 0.0 0.0
gw 0.0 0.0 0.0 0.0
gw 0.0 0.0 0.0 0.0
gw 0.0 0.0 0.0 0.0
gw 0.0 0.0 0.0 0.0
gw 0.0 0.0 0.0 0.0
gw 0.0 0.0 0.0 0.0
gw 0.0 0.0 0.0 0.0
gw 0.0 0.0 0.0 0.0
gw 0.0 0.0 0.0 0.0
gw 0.0 0.0 0.0 0.0
gw 0.0 0.0 0.0 0.0
gw 0.0 0.0 0.0 0.0
gw 0.0 0.0 0.0 0.0
gw 0.0 0.0 0.0 0.0
gw 0.0 0.0 0.0 0.0
gw 0.0 0.0 0.0 0.0
gw 0.0 0.0 0.0 0.0
gw 0.0 0.0 0.0 0.0
gw 0.0 0.0 0.0 0.0
gw 0.0 0.0 0.0 0.0
gw 0.0 0.0 0.0 0.0
gw 0.0 0.0 0.0 0.0
gw 0.0 0.0 0.0 0.0
gw 0.0 0.0 0.0 0.0
gw 0.0 0.0 0.0 0.0
gw 0.0 0.0 0.0 0.0
gw 0.0 0.0 0.0 0.0
gw 0.0 0.0 0.0 0.0
gw 0.0 0.0 0.0 0.0
gw 0.0 0.0 0.0 0.0
gw 0.0 0.0 0.0 0.0
gw 0.0 0.0 0.0 0.0
gw 0.0 0.0 0.0 0.0
gw 0.0 0.0 0.0 0.0
gw 0.0 0.0 0.0 0.0
gw 0.0 0.0 0.0 0.0
gw 0.0 0.0 0.0 0.0
gw 0.0 0.0 0.0 0.0
gw 0.0 0.0 0.0 0.0
gw 0.0 0.0 0.0 0.0
gw 0.0 0.0 0.0 0.0
gw 0.0 0.0 0.0 0.0
gw 0.0 0.0 0.0 0.0
gw 0.0 0.0 0.0 0.0
gw 0.0 0.0 0.0 0.0
gw 0.0 0.0 0.0 0.0
gw 0.0 0.0 0.0 0.0
gw 0.0 0.0 0.0 0.0
gw 0.0 0.0 0.0 0.0
gw 0.0 0.0 0.0 0.0
gw 0.0 0.0 0.0 0.0
gw 0.0 0.0 0.0 0.0
gw 0.0 0.0 0.0 0.0
gw 0.0 0.0 0.0 0.0
gw 0.0 0.0 0.0 0.0
gw 0.0 0.0 0.0 0.0
gw 0.0 0.0 0.0 0.0
gw 0.0 0.0 0.0 0.0
gw 0.0 0.0 0.0 0.0
gw 0.0 0.0 0.0 0.0
gw 0.0 0.0 0.0 0.0
gw 0.0 0.0 0.0 0.0
gw 0.0 0.0 0.0 0.0
gw 0.0 0.0 0.0 0.0
gw 0.0 0.0 0.0 0.0
gw 0.0 0.0 0.0 0.0
gw 0.0 0.0 0.0 0.0
gw 0.0 0.0 0.0 0.0
gw 0.0 0.0 0.0 0.0
gw 0.0 0.0 0.0 0.0
gw 0.0 0.0 0.0 0.0
gw 0.0 0.0 0.0 0.0
gw 0.0 0.0 0.0 0.0
gw 0.0 0.0 0.0 0.0
gw 0.0 0.0 0.0 0.0
gw 0.0 0.0 0.0 0.0
gw 0.0 0.0 0.0 0.0
gw 0.0 0.0 0.0 0.0
gw 0.0 0.0 0.0 0.0
gw 0.0 0.0 0.0 0.0
gw 0.0 0.0 0.0 0.0
gw 0.0 0.0 0.0 0.0
gw 0.0 0.0 0.0 0.0
gw 0.0 0.0 0.0 0.0
gw 0.0 0.0 0.0 0.0
gw 0.0 0.0 0.0 0.0
gw 0.0 0.0 0.0 0.0
gw 0.0 0.0 0.0 0.0
gw 0.0 0.0 0.0 0.0
gw 0.0 0.0 0.0 0.0
gw 0.0 0.0 0.0 0.0
gw 0.0 0.0 0.0 0.0
gw 0.0 0.0 0.0 0.0
gw 0.0 0.0 0.0 0.0
gw 0.0 0.0 0.0 0.0
gw 0.0 0.0 0.0 0.0
gw 0.0 0.0 0.0 0.0
gw 0.0 0.0 0.0 0.0
gw 0.0 0.0 0.0 0.0
gw 0.0 0.0 0.0 0.0
gw 0.0 0.0 0.0 0.0
gw 0.0 0.0 0.0 0.0
gw 0.0 0.0 0.0 0.0
gw 0.0 0.0 0.0 0.0
gw 0.0 0.0 0.0 0.0
gw 0.0 0.0 0.0 0.0
gw 0.0 0.0 0.0 0.0
gw 0.0 0.0 0.0 0.0
gw 0.0 0.0 0.0 0.0
gw 0.0 0.0 0.0 0.0
gw 0.0 0.0 0.0 0.0
gw 0.0 0.0 0.0 0.0
gw 0.0 0.0 0.0 0.0
gw 0.0 0.0 0.0 0.0
gw 0.0 0.0 0.0 0.0
gw 0.0 0.0 0.0 0.0
gw 0.0 0.0 0.0 0.0
gw 0.0 0.0 0.0 0.0
gw 0.0 0.0 0.0 0.0
gw 0.0 0.0 0.0 0.0
gw 0.0 0.0 0.0 0.0
gw 0.0 0.0 0.0 0.0
gw 0.0 0.0 0.0 0.0
gw 0.0 0.0 0.0 0.0
gw 0.0 0.0 0.0 0.0
gw 0.0 0.0 0.0 0.0
gw 0.0 0.0 0.0 0.0
gw 0.0 0.0 0.0 0.0
gw 0.0 0.0 0.0 0.0
gw 0.0 0.0 0.0 0.0
gw 0.0 0.0 0.0 0.0
gw 0.0 0.0 0.0 0.0
gw 0.0 0.0 0.0 0.0
gw 0.0 0.0 0.0 0.0
gw 0.0 0.0 0.0 0.0
gw 0.0 0.0 0.0 0.0
gw 0.0 0.0 0.0 0.0
gw 0.0 0.0 0.0 0.0
gw 0.0 0.0 0.0 0.0
gw 0.0 0.0 0.0 0.0
gw 0.0 0.0 0.0 0.0
gw 0.0 0.0 0.0 0.0
gw 0.0 0.0 0.0 0.0
gw 0.0 0.0 0.0 0.0
gw 0.0 0.0 0.0 0.0
gw 0.0 0.0 0.0 0.0
gw 0.0 0.0 0.0 0.0
gw 0.0 0.0 0.0 0.0
gw 0.0 0.0 0.0 0.0
gw 0.0 0.0 0.0 0.0
gw 0.0 0.0 0.0 0.0
gw 0.0 0.0 0.0 0.0
gw 0.0 0.0 0.0 0.0
gw 0.0 0.0 0.0 0.0
gw 0.0 0.0 0.0 0.0
gw 0.0 0.0 0.0 0.0
gw 0.0 0.0 0.0 0.0
gw 0.0 0.0 0.0 0.0
gw 0.0 0.0 0.0 0.0
gw 0.0 0.0 0.0 0.0
gw 0.0 0.0 0.0 0.0
gw 0.0 0.0 0.0 0.0
gw 0.0 0.0 0.0 0.0
gw 0.0 0.0 0.0 0.0
gw 0.0 0.0 0.0 0.0
gw 0.0 0.0 0.0 0.0
gw 0.0 0.0 0.0 0.0
gw 0.0 0.0 0.0 0.0
gw 0.0 0.0 0.0 0.0
gw 0.0 0.0 0.0 0.0
gw 0.0 0.0 0.0 0.0
gw 0.0 0.0 0.0 0.0
gw 0.0 0.0 0.0 0.0
gw 0.0 0.0 0.0 0.0
gw 0.0 0.0 0.0 0.0
gw 0.0 0.0 0.0 0.0
gw 0.0 0.0 0.0 0.0
gw 0.0 0.0 0.0 0.0
gw 0.0 0.0 0.0 0.0
gw 0.0 0.0 0.0 0.0
gw 0.0 0.0 0.0 0.0
gw 0.0 0.0 0.0 0.0
gw 0.0 0.0 0.0 0.0
gw 0.0 0.0 0.0 0.0
gw 0.0 0.0 0.0 0.0
gw 0.0 0.0 0.0 0.0
gw 0.0 0.0 0.0 0.0
gw 0.0 0.0 0.0 0.0
gw 0.0 0.0 0.0 0.0
gw 0.0 0.0 0.0 0.0
gw 0.0 0.0 0.0 0.0
gw 0.0 0.0 0.0 0.0
gw 0.0 0.0 0.0 0.0
gw 0.0 0.0 0.0 0.0
gw 0.0 0.0 0.0 0.0
gw 0.0 0.0 0.0 0.0
gw 0.0 0.0 0.0 0.0
gw 0.0 0.0 0.0 0.0
gw 0.0 0.0 0.0 0.0
gw 0.0 0.0 0.0 0.0
gw 0.0 0.0 0.0 0.0
gw 0.0 0.0 0.0 0.0
gw 0.0 0.0 0.0 0.0
gw 0.0 0.0 0.0 0.0
gw 0.0 0.0 0.0 0.0
gw 0.0 0.0 0.0 0.0
gw 0.0 0.0 0.0 0.0
gw 0.0 0.0 0.0 0.0
gw 0.0 0.0 0.0 0.0
gw 0.0 0.0 0.0 0.0
gw 0.0 0.0 0.0 0.0
gw 0.0 0.0 0.0 0.0
gw 0.0 0.0 0.0 0.0
gw 0.0 0.0 0.0 0.0
gw 0.0 0.0 0.0 0.0
gw 0.0 0.0 0.0 0.0
gw 0.0 0.0 0.0 0.0
gw 0.0 0.0 0.0 0.0
gw 0.0 0.0 0.0 0.0
gw 0.0 0.0 0.0 0.0
gw 0.0 0.0 0.0 0.0
gw 0.0 0.0 0.0 0.0
gw 0.0 0.0 0.0 0.0
gw 0.0 0.0 0.0 0.0
gw 0.0 0.0 0.0 0.0
gw 0.0 0.0 0.0 0.0
gw 0.0 0.0 0.0 0.0
gw 0.0 0.0 0.0 0.0
gw 0.0 0.0 0.0 0.0
gw 0.0 0.0 0.0 0.0
gw 0.0 0.0 0.0 0.0
gw 0.0 0.0 0.0 0.0
gw 0.0 0.0 0.0 0.0
gw 0.0 0.0 0.0 0.0
gw 0.0 0.0 0.0 0.0
gw 0.0 0.0 0.0 0.0
gw 0.0 0.0 0.0 0.0
gw 0.0 0.0 0.0 0.0
gw 0.0 0.0 0.0 0.0
gw 0.0 0.0 0.0 0.0
gw 0.0 0.0 0.0 0.0
gw 0.0 0.0 0.0 0.0
gw 0.0 0.0 0.0 0.0
gw 0.0 0.0 0.0 0.0
gw 0.0 0.0 0.0 0.0
gw 0.0 0.0 0.0 0.0
gw 0.0 0.0 0.0 0.0
gw 0.0 0.0 0.0 0.0
gw 0.0 0.0 0.0 0.0
gw 0.0 0.0 0.0 0.0
gw 0.0 0.0 0.0 0.0
gw 0.0 0.0 0.0 0.0
gw 0.0 0.0 0.0 0.0
gw 0.0 0.0 0.0 0.0
gw 0.0 0.0 0.0 0.0
gw 0.0 0.0 0.0 0.0
gw 0.0 0.0 0.0 0.0
gw 0.0 0.0 0.0 0.0
gw 0.0 0.0 0.0 0.0
gw 0.0 0.0 0.0 0.0
gw 0.0 0.0 0.0 0.0
gw 0.0 0.0 0.0 0.0
gw 0.0 0.0 0.0 0.0
gw 0.0 0.0 0.0 0.0
gw 0.0 0.0 0.0 0.0
gw 0.0 0.0 0.0 0.0
gw 0.0 0.0 0.0 0.0
gw 0.0 0.0 0.0 0.0
gw 0.0 0.0 0.0 0.0
gw 0.0 0.0 0.0 0.0
gw 0.0 0.0 0.0 0.0
gw 0.0 0.0 0.0 0.0
gw 0.0 0.0 0.0 0.0
gw 0.0 0.0 0.0 0.0
gw 0.0 0.0 0.0 0.0
gw 0.0 0.0 0.0 0.0
gw 0.0 0.0 0.0 0.0
gw 0.0 0.0 0.0 0.0
gw 0.0 0.0 0.0 0.0
gw 0.0 0.0 0.0 0.0
gw 0.0 0.0 0.0 0.0
gw 0.0 0.0 0.0 0.0
gw 0.0 0.0 0.0 0.0
gw 0.0 0.0 0.0 0.0
gw 0.0 0.0 0.0 0.0
gw 0.0 0.0 0.0 0.0
gw 0.0 0.0 0.0 0.0
gw 0.0 0.0 0.0 0.0
gw 0.0 0.0 0.0 0.0
gw 0.0 0.0 0.0 0.0
gw 0.0 0.0 0.0 0.0
gw 0.0 0.0 0.0 0.0
gw 0.0 0.0 0.0 0.0
gw 0.0 0.0 0.0 0.0
gw 0.0 0.0 0.0 0.0
gw 0.0 0.0 0.0 0.0
gw 0.0 0.0 0.0 0.0
gw 0.0 0.0 0.0 0.0
gw 0.0 0.0 0.0 0.0
gw 0.0 0.0 0.0 0.0
gw 0.0 0.0 0.0 0.0
gw 0.0 0.0 0.0 0.0
gw 0.0 0.0 0.0 0.0
gw 0.0 0.0 0.0 0.0
gw 0.0 0.0 0.0 0.0
gw 0.0 0.0 0.0 0.0
gw 0.0 0.0 0.0 0.0
gw 0.0 0.0 0.0 0.0
gw 0.0 0.0 0.0 0.0
gw 0.0 0.0 0.0 0.0
gw 0.0 0.0 0.0 0.0
gw 0.0 0.0 0.0 0.0
gw 0.0 0.0 0.0 0.0
gw 0.0 0.0 0.0 0.0
gw 0.0 0.0 0.0 0.0
gw 0.0 0.0 0.0 0.0
gw 0.0 0.0 0.0 0.0
gw 0.0 0.0 0.0 0.0
gw 0.0 0.0 0.0 0.0
gw 0.0 0.0 0.0 0.0
gw 0.0 0.0 0.0 0.0
gw 0.0 0.0 0.0 0.0
gw 0.0 0.0 0.0 0.0
gw 0.0 0.0 0.0 0.0
gw 0.0 0.0 0.0 0.0
gw 0.0 0.0 0.0 0.0
gw 0.0 0.0 0.0 0.0
gw 0.0 0.0 0.0 0.0
gw 0.0 0.0 0.0 0.0
gw 0.0 0.0 0.0 0.0
gw 0.0 0.0 0.0 0.0
gw 0.0 0.0 0.0 0.0
gw 0.0 0.0 0.0 0.0
gw 0.0 0.0 0.0 0.0
gw 0.0 0.0 0.0 0.0
gw 0.0 0.0 0.0 0.0
gw 0.0 0.0 0.0 0.0
gw 0.0 0.0 0.0 0.0
gw 0.0 0.0 0.0 0.0
gw 0.0 0.0 0.0 0.0
gw 0.0 0.0 0.0 0.0
gw 0.0 0.0 0.0 0.0
gw 0.0 0.0 0.0 0.0
gw 0.0 0.0 0.0 0.0
gw 0.0 0.0 0.0 0.0
gw 0.0 0.0 0.0 0.0
gw 0.0 0.0 0.0 0.0
gw 0.0 0.0 0.0 0.0
gw 0.0 0.0 0.0 0.0
gw 0.0 0.0 0.0 0.0
gw 0.0 0.0 0.0 0.0
gw 0.0 0.0 0.0 0.0
gw 0.0 0.0 0.0 0.0
gw 0.0 0.0 0.0 0.0
gw 0.0 0.0 0.0 0.0
gw 0.0 0.0 0.0 0.0
gw 0.0 0.0 0.0 0.0
gw 0.0 0.0 0.0 0.0
gw 0.0 0.0 0.0 0.0
gw 0.0 0.0 0.0 0.0
gw 0.0 0.0 0.0 0.0
gw 0.0 0.0 0.0 0.0
gw 0.0 0.0 0.0 0.0
gw 0.0 0.0 0.0 0.0
gw 0.0 0.0 0.0 0.0
gw 0.0 0.0 0.0 0.0
gw 0.0 0.0 0.0 0.0
gw 0.0 0.0 0.0 0.0
gw 0.0 0.0 0.0 0.0
gw 0.0 0.0 0.0 0.0
gw 0.0 0.0 0.0 0.0
gw 0.0 0.0 0.0 0.0
gw 0.0 0.0 0.0 0.0
gw 0.0 0.0 0.0 0.0
gw 0.0 0.0 0.0 0.0
gw 0.0 0.0 0.0 0.0
gw 0.0 0.0 0.0 0.0
gw 0.0 0.0 0.0 0.0
gw 0.0 0.0 0.0 0.0
gw 0.0 0.0 0.0 0.0
gw 0.0 0.0 0.0 0.0
gw 0.0 0.0 0.0 0.0
gw 0.0 0.0 0.0 0.0
gw 0.0 0.0 0.0 0.0
gw 0.0 0.0 0.0 0.0
gw 0.0 0.0 0.0 0.0
gw 0.0 0.0 0.0 0.0
gw 0.0 0.0 0.0 0.0
gw 0.0 0.0 0.0 0.0
gw 0.0 0.0 0.0 0.0
gw 0.0 0.0 0.0 0.0
gw 0.0 0.0 0.0 0.0
gw 0.0 0.0 0.0 0.0
gw 0.0 0.0 0.0 0.0
gw 0.0 0.0 0.0 0.0
gw 0.0 0.0 0.0 0.0
gw 0.0 0.0 0.0 0.0
gw 0.0 0.0 0.0 0.0
gw 0.0 0.0 0.0 0.0
gw 0.0 0.0 0.0 0.0
gw 0.0 0.0 0.0 0.0
gw 0.0 0.0 0.0 0.0
gw 0.0 0.0 0.0 0.0
gw 0.0 0.0 0.0 0.0
gw 0.0 0.0 0.0 0.0
gw 0.0 0.0 0.0 0.0
gw 0.0 0.0 0.0 0.0
gw 0.0 0.0 0.0 0.0
gw 0.0 0.0 0.0 0.0
gw 0.0 0.0 0.0 0.0
gw 0.0 0.0 0.0 0.0
gw 0.0 0.0 0.0 0.0
gw 0.0 0.0 0.0 0.0
gw 0.0 0.0 0.0 0.0
gw 0.0 0.0 0.0 0.0
gw 0.0 0.0 0.0 0.0
gw 0.0 0.0 0.0 0.0
gw 0.0 0.0 0.0 0.0
gw 0.0 0.0 0.0 0.0
gw 0.0 0.0 0.0 0.0
gw 0.0 0.0 0.0 0.0
gw 0.0 0.0 0.0 0.0
gw 0.0 0.0 0.0 0.0
gw 0.0 0.0 0.0 0.0
gw 0.0 0.0 0.0 0.0
gw 0.0 0.0 0.0 0.0
gw 0.0 0.0 0.0 0.0
gw 0.0 0.0 0.0 0.0
gw 0.0 0.0 0.0 0.0
gw 0.0 0.0 0.0 0.0
gw 0.0 0.0 0.0 0.0
gw 0.0 0.0 0.0 0.0
gw 0.0 0.0 0.0 0.0
gw 0.0 0.0 0.0 0.0
gw 0.0 0.0 0.0 0.0
gw 0.0 0.0 0.0 0.0
gw 0.0 0.0 0.0 0.0
gw 0.0 0.0 0.0 0.0
gw 0.0 0.0 0.0 0.0
gw 0.0 0.0 0.0 0.0
gw 0.0 0.0 0.0 0.0
gw 0.0 0.0 0.0 0.0
gw 0.0 0.0 0.0 0.0
gw 0.0 0.0 0.0 0.0
gw 0.0 0.0 0.0 0.0
gw 0.0 0.0 0.0 0.0
gw 0.0 0.0 0.0 0.0
gw 0.0 0.0 0.0 0.0
gw 0.0 0.0 0.0 0.0
gw 0.0 0.0 0.0 0.0
gw 0.0 0.0 0.0 0.0
gw 0.0 0.0 0.0 0.0
gw 0.0 0.0 0.0 0.0
gw 0.0 0.0 0.0 0.0
gw 0.0 0.0 0.0 0.0
gw 0.0 0.0 0.0 0.0
gw 0.0 0.0 0.0 0.0
gw 0.0 0.0 0.0 0.0
gw 0.0 0.0 0.0 0.0
gw 0.0 0.0 0.0 0.0
gw 0.0 0.0 0.0 0.0
gw 0.0 0.0 0.0 0.0
gw 0.0 0.0 0.0 0.0
gw 0.0 0.0 0.0 0.0
gw 0.0 0.0 0.0 0.0
gw 0.0 0.0 0.0 0.0
gw 0.0 0.0 0.0 0.0
gw 0.0 0.0 0.0 0.0
gw 0.0 0.0 0.0 0.0
gw 0.0 0.0 0.0 0.0
gw 0.0 0.0 0.0 0.0
gw 0.0 0.0 0.0 0.0
gw 0.0 0.0 0.0 0.0
gw 0.0 0.0 0.0 0.0
gw 0.0 0.0 0.0 0.0
gw 0.0 0.0 0.0 0.0
gw 0.0 0.0 0.0 0.0
gw 0.0 0.0 0.0 0.0
gw 0.0 0.0 0.0 0.0
gw 0.0 0.0 0.0 0.0
gw 0.0 0.0 0.0 0.0
gw 0.0 0.0 0.0 0.0
gw 0.0 0.0 0.0 0.0
gw 0.0 0.0 0.0 0.0
gw 0.0 0.0 0.0 0.0
gw 0.0 0.0 0.0 0.0
gw 0.0 0.0 0.0 0.0
gw 0.0 0.0 0.0 0.0
gw 0.0 0.0 0.0 0.0
gw 0.0 0.0 0.0 0.0
gw 0.0 0.0 0.0 0.0
gw 0.0 0.0 0.0 0.0
gw 0.0 0.0 0.0 0.0
gw 0.0 0.0 0.0 0.0
gw 0.0 0.0 0.0 0.0
gw 0.0 0.0 0.0 0.0
gw 0.0 0.0 0.0 0.0
gw 0.0 0.0 0.0 0.0
gw 0.0 0.0 0.0 0.0
gw 0.0 0.0 0.0 0.0
gw 0.0 0.0 0.0 0.0
gw 0.0 0.0 0.0 0.0
gw 0.0 0.0 0.0 0.0
gw 0.0 0.0 0.0 0.0
gw 0.0 0.0 0.0 0.0
gw 0.0 0.0 0.0 0.0
gw 0.0 0.0 0.0 0.0
gw 0.0 0.0 0.0 0.0
gw 0.0 0.0 0.0 0.0
gw 0.0 0.0 0.0 0.0
gw 0.0 0.0 0.0 0.0
gw 0.0 0.0 0.0 0.0
gw 0.0 0.0 0.0 0.0
gw 0.0 0.0 0.0 0.0
gw 0.0 0.0 0.0 0.0
gw 0.0 0.0 0.0 0.0
gw 0.0 0.0 0.0 0.0
gw 0.0 0.0 0.0 0.0
gw 0.0 0.0 0.0 0.0
gw 0.0 0.0 0.0 0.0
gw 0.0 0.0 0.0 0.0
gw 0.0 0.0 0.0 0.0
gw 0.0 0.0 0.0 0.0
gw 0.0 0.0 0.0 0.0
gw 0.0 0.0 0.0 0.0
gw 0.0 0.0 0.0 0.0
gw 0.0 0.0 0.0 0.0
gw 0.0 0.0 0.0 0.0
gw 0.0 0.0 0.0 0.0
gw 0.0 0.0 0.0 0.0
gw 0.0 0.0 0.0 0.0
gw 0.0 0.0 0.0 0.0
gw 0.0 0.0 0.0 0.0
gw 0.0 0.0 0.0 0.0
gw 0.0 0.0 0.0 0.0
gw 0.0 0.0 0.0 0.0
gw 0.0 0.0 0.0 0.0
gw 0.0 0.0 0.0 0.0
gw 0.0 0.0 0.0 0.0
gw 0.0 0.0 0.0 0.0
gw 0.0 0.0 0.0 0.0
gw 0.0 0.0 0.0 0.0
gw 0.0 0.0 0.0 0.0
gw 0.0 0.0 0.0 0.0
gw 0.0 0.0 0.0 0.0
gw 0.0 0.0 0.0 0.0
gw 0.0 0.0 0.0 0.0
gw 0.0 0.0 0.0 0.0
gw 0.0 0.0 0.0 0.0
gw 0.0 0.0 0.0 0.0
gw 0.0 0.0 0.0 0.0
gw 0.0 0.0 0.0 0.0
gw 0.0 0.0 0.0 0.0
gw 0.0 0.0 0.0 0.0
gw 0.0 0.0 0.0 0.0
gw 0.0 0.0 0.0 0.0
gw 0.0 0.0 0.0 0.0
gw 0.0 0.0 0.0 0.0
gw 0.0 0.0 0.0 0.0
gw 0.0 0.0 0.0 0.0
gw 0.0 0.0 0.0 0.0
gw 0.0 0.0 0.0 0.0
gw 0.0 0.0 0.0 0.0
gw 0.0 0.0 0.0 0.0
gw 0.0 0.0 0.0 0.0
gw 0.0 0.0 0.0 0.0
gw 0.0 0.0 0.0 0.0
gw 0.0 0.0 0.0 0.0
gw 0.0 0.0 0.0 0.0
gw 0.0 0.0 0.0 0.0
gw 0.0 0.0 0.0 0.0
gw 0.0 0.0 0.0 0.0
gw 0.0 0.0 0.0 0.0
gw 0.0 0.0 0.0 0.0
gw 0.0 0.0 0.0 0.0
gw 0.0 0.0 0.0 0.0
gw 0.0 0.0 0.0 0.0
gw 0.0 0.0 0.0 0.0
gw 0.0 0.0 0.0 0.0
gw 0.0 0.0 0.0 0.0
gw 0.0 0.0 0.0 0.0
gw 0.0 0.0 0.0 0.0
gw 0.0 0.0 0.0 0.0
gw 0.0 0.0 0.0 0.0
gw 0.0 0.0 0.0 0.0
gw 0.0 0.0 0.0 0.0
gw 0.0 0.0 0.0 0.0
gw 0.0 0.0 0.0 0.0
gw 0.0 0.0 0.0 0.0
gw 0.0 0.0 0.0 0.0
gw 0.0 0.0 0.0 0.0
gw 0.0 0.0 0.0 0.0
gw 0.0 0.0 0.0 0.0
gw 0.0 0.0 0.0 0.0
gw 0.0 0.0 0.0 0.0
gw 0.0 0.0 0.0 0.0
gw 0.0 0.0 0.0 0.0
gw 0.0 0.0 0.0 0.0
gw 0.0 0.0 0.0 0.0
gw 0.0 0.0 0.0 0.0
gw 0.0 0.0 0.0 0.0
gw 0.0 0.0 0.0 0.0
gw 0.0 0.0 0.0 0.0
gw 0.0 0.0 0.0 0.0
gw 0.0 0.0 0.0 0.0
gw 0.0 0.0 0.0 0.0
gw 0.0 0.0 0.0 0.0
gw 0.0 0.0 0.0 0.0
gw 0.0 0.0 0.0 0.0
gw 0.0 0.0 0.0 0.0
gw 0.0 0.0 0.0 0.0
gw 0.0 0.0 0.0 0.0
gw 0.0 0.0 0.0 0.0
gw 0.0 0.0 0.0 0.0
gw 0.0 0.0 0.0 0.0
gw 0.0 0.0 0.0 0.0
gw 0.0 0.0 0.0 0.0
gw 0.0 0.0 0.0 0.0
gw 0.0 0.0 0.0 0.0
gw 0.0 0.0 0.0 0.0
gw 0.0 0.0 0.0 0.0
gw 0.0 0.0 0.0 0.0
gw 0.0 0.0 0.0 0.0
gw 0.0 0.0 0.0 0.0
gw 0.0 0.0 0.0 0.0
gw 0.0 0.0 0.0 0.0
gw 0.0 0.0 0.0 0.0
gw 0.0 0.0 0.0 0.0
gw 0.0 0.0 0.0 0.0
gw 0.0 0.0 0.0 0.0
gw 0.0 0.0 0.0 0.0
gw 0.0 0.0 0.0 0.0
gw 0.0 0.0 0.0 0.0
gw 0.0 0.0 0.0 0.0
gw 0.0 0.0 0.0 0.0
gw 0.0 0.0 0.0 0.0
gw 0.0 0.0 0.0 0.0
gw 0.0 0.0 0.0 0.0
gw 0.0 0.0 0.0 0.0
gw 0.0 0.0 0.0 0.0
gw 0.0 0.0 0.0 0.0
gw 0.0 0.0 0.0 0.0
gw 0.0 0.0 0.0 0.0
gw 0.0 0.0 0.0 0.0
gw 0.0 0.0 0.0 0.0
gw 0.0 0.0 0.0 0.0
gw 0.0 0.0 0.0 0.0
gw 0.0 0.0 0.0 0.0
gw 0.0 0.0 0.0 0.0
gw 0.0 0.0 0.0 0.0
gw 0.0 0.0 0.0 0.0
gw 0.0 0.0 0.0 0.0
gw 0.0 0.0 0.0 0.0
gw 0.0 0.0 0.0 0.0
gw 0.0 0.0 0.0 0.0
gw 0.0 0.0 0.0 0.0
gw 0.0 0.0 0.0 0.0
gw 0.0 0.0 0.0 0.0
gw 0.0 0.0 0.0 0.0
gw 0.0 0.0 0.0 0.0
gw 0.0 0.0 0.0 0.0
gw 0.0 0.0 0.0 0.0
gw 0.0 0.0 0.0 0.0
gw 0.0 0.0 0.0 0.0
gw 0.0 0.0 0.0 0.0
gw 0.0 0.0 0.0 0.0
gw 0.0 0.0 0.0 0.0
gw 0.0 0.0 0.0 0.0
gw 0.0 0.0 0.0 0.0
gw 0.0 0.0 0.0 0.0
gw 0.0 0.0 0.0 0.0
gw 0.0 0.0 0.0 0.0
gw 0.0 0.0 0.0 0.0
gw 0.0 0.0 0.0 0.0
gw 0.0 0.0 0.0 0.0
gw 0.0 0.0 0.0 0.0
gw 0.0 0.0 0.0 0.0
gw 0.0 0.0 0.0 0.0
gw 0.0 0.0 0.0 0.0
gw 0.0 0.0 0.0 0.0
gw 0.0 0.0 0.0 0.0
gw 0.0 0.0 0.0 0.0
gw 0.0 0.0 0.0 0.0
gw 0.0 0.0 0.0 0.0
gw 0.0 0.0 0.0 0.0
gw 0.0 0.0 0.0 0.0
gw 0.0 0.0 0.0 0.0
gw 0.0 0.0 0.0 0.0
gw 0.0 0.0 0.0 0.0
gw 0.0 0.0 0.0 0.0
gw 0.0 0.0 0.0 0.0
gw 0.0 0.0 0.0 0.0
gw 0.0 0.0 0.0 0.0
gw 0.0 0.0 0.0 0.0
gw 0.0 0.0 0.0 0.0
gw 0.0 0.0 0.0 0.0
gw 0.0 0.0 0.0 0.0
gw 0.0 0.0 0.0 0.0
gw 0.0 0.0 0.0 0.0
gw 0.0 0.0 0.0 0.0
gw 0.0 0.0 0.0 0.0
gw 0.0 0.0 0.0 0.0
gw 0.0 0.0 0.0 0.0
gw 0.0 0.0 0.0 0.0
gw 0.0 0.0 0.0 0.0
gw 0.0 0.0 0.0 0.0
gw 0.0 0.0 0.0 0.0
gw 0.0 0.0 0.0 0.0
gw 0.0 0.0 0.0 0.0
gw 0.0 0.0 0.0 0.0
gw 0.0 0.0 0.0 0.0
gw 0.0 0.0 0.0 0.0
gw 0.0 0.0 0.0 0.0
gw 0.0 0.0 0.0 0.0
gw 0.0 0.0 0.0 0.0
gw 0.0 0.0 0.0 0.0
gw 0.0 0.0 0.0 0.0
gw 0.0 0.0 0.0 0.0
gw 0.0 0.0 0.0 0.0
gw 0.0 0.0 0.0 0.0
gw 0.0 0.0 0.0 0.0
gw 0.0 0.0 0.0 0.0
gw 0.0 0.0 0.0 0.0
gw 0.0 0.0 0.0 0.0
gw 0.0 0.0 0.0 0.0
gw 0.0 0.0 0.0 0.0
gw 0.0 0.0 0.0 0.0
gw 0.0 0.0 0.0 0.0
gw 0.0 0.0 0.0 0.0
gw 0.0 0.0 0.0 0.0
gw 0.0 0.0 0.0 0.0
gw 0.0 0.0 0.0 0.0
gw 0.0 0.0 0.0 0.0
gw 0.0 0.0 0.0 0.0
gw 0.0 0.0 0.0 0.0
gw 0.0 0.0 0.0 0.0
gw 0.0 0.0 0.0 0.0
gw 0.0 0.0 0.0 0.0
gw 0.0 0.0 0.0 0.0
gw 0.0 0.0 0.0 0.0
gw 0.0 0.0 0.0 0.0
gw 0.0 0.0 0.0 0.0
gw 0.0 0.0 0.0 0.0
gw 0.0 0.0 0.0 0.0
gw 0.0 0.0 0.0 0.0
gw 0.0 0.0 0.0 0.0
gw 0.0 0.0 0.0 0.0
gw 0.0 0.0 0.0 0.0
gw 0.0 0.0 0.0 0.0
gw 0.0 0.0 0.0 0.0
gw 0.0 0.0 0.0 0.0
gw 0.0 0.0 0.0 0.0
gw 0.0 0.0 0.0 0.0
gw 0.0 0.0 0.0 0.0
gw 0.0 0.0 0.0 0.0
gw 0.0 0.0 0.0 0.0
gw 0.0 0.0 0.0 0.0
gw 0.0 0.0 0.0 0.0
gw 0.0 0.0 0.0 0.0
gw 0.0 0.0 0.0 0.0
gw 0.0 0.0 0.0 0.0
gw 0.0 0.0 0.0 0.0
gw 0.0 0.0 0.0 0.0
gw 0.0 0.0 0.0 0.0
gw 0.0 0.0 0.0 0.0
gw 0.0 0.0 0.0 0.0
gw 0.0 0.0 0.0 0.0
gw 0.0 0.0 0.0 0.0
gw 0.0 0.0 0.0 0.0
gw 0.0 0.0 0.0 0.0
gw 0.0 0.0 0.0 0.0
gw 0.0 0.0 0.0 0.0
gw 0.0 0.0 0.0 0.0
gw 0.0 0.0 0.0 0.0
gw 0.0 0.0 0.0 0.0
gw 0.0 0.0 0.0 0.0
gw 0.0 0.0 0.0 0.0
gw 0.0 0.0 0.0 0.0
gw 0.0 0.0 0.0 0.0
gw 0.0 0.0 0.0 0.0
gw 0.0 0.0 0.0 0.0
gw 0.0 0.0 0.0 0.0
gw 0.0 0.0 0.0 0.0
gw 0.0 0.0 0.0 0.0
gw 0.0 0.0 0.0 0.0
gw 0.0 0.0 0.0 0.0
gw 0.0 0.0 0.0 0.0
gw 0.0 0.0 0.0 0.0
gw 0.0 0.0 0.0 0.0
gw 0.0 0.0 0.0 0.0
gw 0.0 0.0 0.0 0.0
gw 0.0 0.0 0.0 0.0
gw 0.0 0.0 0.0 0.0
gw 0.0 0.0 0.0 0.0
gw 0.0 0.0 0.0 0.0
gw 0.0 0.0 0.0 0.0
gw 0.0 0.0 0.0 0.0
gw 0.0 0.0 0.0 0.0
gw 0.0 0.0 0.0 0.0
gw 0.0 0.0 0.0 0.0
gw 0.0 0.0 0.0 0.0
gw 0.0 0.0 0.0 0.0
gw 0.0 0.0 0.0 0.0
gw 0.0 0.0 0.0 0.0
gw 0.0 0.0 0.0 0.0
gw 0.0 0.0 0.0 0.0
gw 0.0 0.0 0.0 0.0
gw 0.0 0.0 0.0 0.0
gw 0.0 0.0 0.0 0.0
gw 0.0 0.0 0.0 0.0
gw 0.0 0.0 0.0 0.0
gw 0.0 0.0 0.0 0.0
gw 0.0 0.0 0.0 0.0
gw 0.0 0.0 0.0 0.0
gw 0.0 0.0 0.0 0.0
gw 0.0 0.0 0.0 0.0
gw 0.0 0.0 0.0 0.0
gw 0.0 0.0 0.0 0.0
gw 0.0 0.0 0.0 0.0
gw 0.0 0.0 0.0 0.0
gw 0.0 0.0 0.0 0.0
gw 0.0 0.0 0.0 0.0
gw 0.0 0.0 0.0 0.0
gw 0.0 0.0 0.0 0.0
gw 0.0 0.0 0.0 0.0
gw 0.0 0.0 0.0 0.0
gw 0.0 0.0 0.0 0.0
gw 0.0 0.0 0.0 0.0
gw 0.0 0.0 0.0 0.0
gw 0.0 0.0 0.0 0.0
gw 0.0 0.0 0.0 0.0
gw 0.0 0.0 0.0 0.0
gw 0.0 0.0 0.0 0.0
gw 0.0 0.0 0.0 0.0
gw 0.0 0.0 0.0 0.0
gw 0.0 0.0 0.0 0.0
gw 0.0 0.0 0.0 0.0
gw 0.0 0.0 0.0 0.0
gw 0.0 0.0 0.0 0.0
gw 0.0 0.0 0.0 0.0
gw 0.0 0.0 0.0 0.0
gw 0.0 0.0 0.0 0.0
gw 0.0 0.0 0.0 0.0
gw 0.0 0.0 0.0 0.0
gw 0.0 0.0 0.0 0.0
gw 0.0 0.0 0.0 0.0
gw 0.0 0.0 0.0 0.0
gw 0.0 0.0 0.0 0.0
gw 0.0 0.0 0.0 0.0
gw 0.0 0.0 0.0 0.0
gw 0.0 0.0 0.0 0.0
gw 0.0 0.0 0.0 0.0
gw 0.0 0.0 0.0 0.0
gw 0.0 0.0 0.0 0.0
gw 0.0 0.0 0.0 0.0
gw 0.0 0.0 0.0 0.0
gw 0.0 0.0 0.0 0.0
gw 0.0 0.0 0.0 0.0
gw 0.0 0.0 0.0 0.0
gw 0.0 0.0 0.0 0.0
gw 0.0 0.0 0.0 0.0
gw 0.0 0.0 0.0 0.0
gw 0.0 0.0 0.0 0.0
gw 0.0 0.0 0.0 0.0
gw 0.0 0.0 0.0 0.0
gw 0.0 0.0 0.0 0.0
gw 0.0 0.0 0.0 0.0
gw 0.0 0.0 0.0 0.0
gw 0.0 0.0 0.0 0.0
gw 0.0 0.0 0.0 0.0
gw 0.0 0.0 0.0 0.0
gw 0.0 0.0 0.0 0.0
gw 0.0 0.0 0.0 0.0
gw 0.0 0.0 0.0 0.0
gw 0.0 0.0 0.0 0.0
gw 0.0 0.0 0.0 0.0
gw 0.0 0.0 0.0 0.0
gw 0.0 0.0 0.0 0.0
gw 0.0 0.0 0.0 0.0
gw 0.0 0.0 0.0 0.0
gw 0.0 0.0 0.0 0.0
gw 0.0 0.0 0.0 0.0
gw 0.0 0.0 0.0 0.0
gw 0.0 0.0 0.0 0.0
gw 0.0 0.0 0.0 0.0
gw 0.0 0.0 0.0 0.0
gw 0.0 0.0 0.0 0.0
gw 0.0 0.0 0.0 0.0
gw 0.0 0.0 0.0 0.0
gw 0.0 0.0 0.0 0.0
gw 0.0 0.0 0.0 0.0
gw 0.0 0.0 0.0 0.0
gw 0.0 0.0 0.0 0.0
gw 0.0 0.0 0.0 0.0
gw 0.0 0.0 0.0 0.0
gw 0.0 0.0 0.0 0.0
gw 0.0 0.0 0.0 0.0
gw 0.0 0.0 0.0 0.0
gw 0.0 0.0 0.0 0.0
gw 0.0 0.0 0.0 0.0
gw 0.0 0.0 0.0 0.0
gw 0.0 0.0 0.0 0.0
gw 0.0 0.0 0.0 0.0
gw 0.0 0.0 0.0 0.0
gw 0.0 0.0 0.0 0.0
gw 0.0 0.0 0.0 0.0
gw 0.0 0.0 0.0 0.0
gw 0.0 0.0 0.0 0.0
gw 0.0 0.0 0.0 0.0
gw 0.0 0.0 0.0 0.0
gw 0.0 0.0 0.0 0.0
gw 0.0 0.0 0.0 0.0
gw 0.0 0.0 0.0 0.0
gw 0.0 0.0 0.0 0.0
gw 0.0 0.0 0.0 0.0
gw 0.0 0.0 0.0 0.0
gw 0.0 0.0 0.0 0.0
gw 0.0 0.0 0.0 0.0
gw 0.0 0.0 0.0 0.0
gw 0.0 0.0 0.0 0.0
gw 0.0 0.0 0.0 0.0
gw 0.0 0.0 0.0 0.0
gw 0.0 0.0 0.0 0.0
gw 0.0 0.0 0.0 0.0
gw 0.0 0.0 0.0 0.0
gw 0.0 0.0 0.0 0.0
gw 0.0 0.0 0.0 0.0
gw 0.0 0.0 0.0 0.0
gw 0.0 0.0 0.0 0.0
gw 0.0 0.0 0.0 0.0
gw 0.0 0.0 0.0 0.0
gw 0.0 0.0 0.0 0.0
gw 0.0 0.0 0.0 0.0
gw 0.0 0.0 0.0 0.0
gw 0.0 0.0 0.0 0.0
gw 0.0 0.0 0.0 0.0
gw 0.0 0.0 0.0 0.0
gw 0.0 0.0 0.0 0.0
gw 0.0 0.0 0.0 0.0
gw 0.0 0.0 0.0 0.0
gw 0.0 0.0 0.0 0.0
gw 0.0 0.0 0.0 0.0
gw 0.0 0.0 0.0 0.0
gw 0.0 0.0 0.0 0.0
gw 0.0 0.0 0.0 0.0
gw 0.0 0.0 0.0 0.0
gw 0.0 0.0 0.0 0.0
gw 0.0 0.0 0.0 0.0
gw 0.0 0.0 0.0 0.0
gw 0.0 0.0 0.0 0.0
gw 0.0 0.0 0.0 0.0
gw 0.0 0.0 0.0 0.0
gw 0.0 0.0 0.0 0.0
gw 0.0 0.0 0.0 0.0
gw 0.0 0.0 0.0 0.0
gw 0.0 0.0 0.0 0.0
gw 0.0 0.0 0.0 0.0
gw 0.0 0.0 0.0 0.0
gw 0.0 0.0 0.0 0.0
gw 0.0 0.0 0.0 0.0
gw 0.0 0.0 0.0 0.0
gw 0.0 0.0 0.0 0.0
gw 0.0 0.0 0.0 0.0
gw 0.0 0.0 0.0 0.0
gw 0.0 0.0 0.0 0.0
gw 0.0 0.0 0.0 0.0
gw 0.0 0.0 0.0 0.0
gw 0.0 0.0 0.0 0.0
gw 0.0 0.0 0.0 0.0
gw 0.0 0.0 0.0 0.0
gw 0.0 0.0 0.0 0.0
gw 0.0 0.0 0.0 0.0
gw 0.0 0.0 0.0 0.0
gw 0.0 0.0 0.0 0.0
gw 0.0 0.0 0.0 0.0
gw 0.0 0.0 0.0 0.0
gw 0.0 0.0 0.0 0.0
gw 0.0 0.0 0.0 0.0
gw 0.0 0.0 0.0 0.0
gw 0.0 0.0 0.0 0.0
gw 0.0 0.0 0.0 0.0
gw 0.0 0.0 0.0 0.0
gw 0.0 0.0 0.0 0.0
gw 0.0 0.0 0.0 0.0
gw 0.0 0.0 0.0 0.0
gw 0.0 0.0 0.0 0.0
gw 0.0 0.0 0.0 0.0
gw 0.0 0.0 0.0 0.0
gw 0.0 0.0 0.0 0.0
gw 0.0 0.0 0.0 0.0
gw 0.0 0.0 0.0 0.0
gw 0.0 0.0 0.0 0.0
gw 0.0 0.0 0.0 0.0
gw 0.0 0.0 0.0 0.0
gw 0.0 0.0 0.0 0.0
gw 0.0 0.0 0.0 0.0
gw 0.0 0.0 0.0 0.0
gw 0.0 0.0 0.0 0.0
gw 0.0 0.0 0.0 0.0
gw 0.0 0.0 0.0 0.0
gw 0.0 0.0 0.0 0.0
gw 0.0 0.0 0.0 0.0
gw 0.0 0.0 0.0 0.0
gw 0.0 0.0 0.0 0.0
gw 0.0 0.0 0.0 0.0
gw 0.0 0.0 0.0 0.0
gw 0.0 0.0 0.0 0.0
gw 0.0 0.0 0.0 0.0
gw 0.0 0.0 0.0 0.0
gw 0.0 0.0 0.0 0.0
gw 0.0 0.0 0.0 0.0
gw 0.0 0.0 0.0 0.0
gw 0.0 0.0 0.0 0.0
gw 0.0 0.0 0.0 0.0
gw 0.0 0.0 0.0 0.0
gw 0.0 0.0 0.0 0.0
gw 0.0 0.0 0.0 0.0
gw 0.0 0.0 0.0 0.0
gw 0.0 0.0 0.0 0.0
gw 0.0 0.0 0.0 0.0
gw 0.0 0.0 0.0 0.0
gw 0.0 0.0 0.0 0.0
gw 0.0 0.0 0.0 0.0
gw 0.0 0.0 0.0 0.0
gw 0.0 0.0 0.0 0.0
gw 0.0 0.0 0.0 0.0
gw 0.0 0.0 0.0 0.0
gw 0.0 0.0 0.0 0.0
gw 0.0 0.0 0.0 0.0
gw 0.0 0.0 0.0 0.0
gw 0.0 0.0 0.0 0.0
gw 0.0 0.0 0.0 0.0
gw 0.0 0.0 0.0 0.0
gw 0.0 0.0 0.0 0.0
gw 0.0 0.0 0.0 0.0
gw 0.0 0.0 0.0 0.0
gw 0.0 0.0 0.0 0.0
gw 0.0 0.0 0.0 0.0
gw 0.0 0.0 0.0 0.0
gw 0.0 0.0 0.0 0.0
gw 0.0 0.0 0.0 0.0
gw 0.0 0.0 0.0 0.0
gw 0.0 0.0 0.0 0.0
gw 0.0 0.0 0.0 0.0
gw 0.0 0.0 0.0 0.0
gw 0.0 0.0 0.0 0.0
gw 0.0 0.0 0.0 0.0
gw 0.0 0.0 0.0 0.0
gw 0.0 0.0 0.0 0.0
gw 0.0 0.0 0.0 0.0
gw 0.0 0.0 0.0 0.0
gw 0.0 0.0 0.0 0.0
gw 0.0 0.0 0.0 0.0
gw 0.0 0.0 0.0 0.0
gw 0.0 0.0 0.0 0.0
gw 0.0 0.0 0.0 0.0
gw 0.0 0.0 0.0 0.0
gw 0.0 0.0 0.0 0.0
gw 0.0 0.0 0.0 0.0
gw 0.0 0.0 0.0 0.0
gw 0.0 0.0 0.0 0.0
gw 0.0 0.0 0.0 0.0
gw 0.0 0.0 0.0 0.0
gw 0.0 0.0 0.0 0.0
gw 0.0 0.0 0.0 0.0
gw 0.0 0.0 0.0 0.0
gw 0.0 0.0 0.0 0.0
gw 0.0 0.0 0.0 0.0
gw 0.0 0.0 0.0 0.0
gw 0.0 0.0 0.0 0.0
gw 0.0 0.0 0.0 0.0
gw 0.0 0.0 0.0 0.0
gw 0.0 0.0 0.0 0.0
gw 0.0 0.0 0.0 0.0
gw 0.0 0.0 0.0 0.0
gw 0.0 0.0 0.0 0.0
gw 0.0 0.0 0.0 0.0
gw 0.0 0.0 0.0 0.0
gw 0.0 0.0 0.0 0.0
gw 0.0 0.0 0.0 0.0
gw 0.0 0.0 0.0 0.0
gw 0.0 0.0 0.0 0.0
gw 0.0 0.0 0.0 0.0
gw 0.0 0.0 0.0 0.0
gw 0.0 0.0 0.0 0.0
gw 0.0 0.0 0.0 0.0
gw 0.0 0.0 0.0 0.0
gw 0.0 0.0 0.0 0.0
gw 0.0 0.0 0.0 0.0
gw 0.0 0.0 0.0 0.0
gw 0.0 0.0 0.0 0.0
gw 0.0 0.0 0.0 0.0
gw 0.0 0.0 0.0 0.0
gw 0.0 0.0 0.0 0.0
gw 0.0 0.0 0.0 0.0
gw 0.0 0.0 0.0 0.0
gw 0.0 0.0 0.0 0.0
gw 0.0 0.0 0.0 0.0
gw 0.0 0.0 0.0 0.0
gw 0.0 0.0 0.0 0.0
gw 0.0 0.0 0.0 0.0
gw 0.0 0.0 0.0 0.0
gw 0.0 0.0 0.0 0.0
gw 0.0 0.0 0.0 0.0
gw 0.0 0.0 0.0 0.0
gw 0.0 0.0 0.0 0.0
gw 0.0 0.0 0.0 0.0
gw 0.0 0.0 0.0 0.0
gw 0.0 0.0 0.0 0.0
gw 0.0 0.0 0.0 0.0
gw 0.0 0.0 0.0 0.0
gw 0.0 0.0 0.0 0.0
gw 0.0 0.0 0.0 0.0
gw 0.0 0.0 0.0 0.0
gw 0.0 0.0 0.0 0.0
gw 0.0 0.0 0.0 0.0
gw 0.0 0.0 0.0 0.0
gw 0.0 0.0 0.0 0.0
gw 0.0 0.0 0.0 0.0
gw 0.0 0.0 0.0 0.0
gw 0.0 0.0 0.0 0.0
gw 0.0 0.0 0.0 0.0
gw 0.0 0.0 0.0 0.0
gw 0.0 0.0 0.0 0.0
gw 0.0 0.0 0.0 0.0
gw 0.0 0.0 0.0 0.0
gw 0.0 0.0 0.0 0.0
gw 0.0 0.0 0.0 0.0
gw 0.0 0.0 0.0 0.0
gw 0.0 0.0 0.0 0.0
gw 0.0 0.0 0.0 0.0
gw 0.0 0.0 0.0 0.0
gw 0.0 0.0 0.0 0.0
gw 0.0 0.0 0.0 0.0
gw 0.0 0.0 0.0 0.0
gw 0.0 0.0 0.0 0.0
gw 0.0 0.0 0.0 0.0
gw 0.0 0.0 0.0 0.0
gw 0.0 0.0 0.0 0.0
gw 0.0 0.0 0.0 0.0
gw 0.0 0.0 0.0 0.0
gw 0.0 0.0 0.0 0.0
gw 0.0 0.0 0.0 0.0
gw 0.0 0.0 0.0 0.0
gw 0.0 0.0 0.0 0.0
gw 0.0 0.0 0.0 0.0
gw 0.0 0.0 0.0 0.0
gw 0.0 0.0 0.0 0.0
gw 0.0 0.0 0.0 0.0
gw 0.0 0.0 0.0 0.0
gw 0.0 0.0 0.0 0.0
gw 0.0 0.0 0.0 0.0
gw 0.0 0.0 0.0 0.0
gw 0.0 0.0 0.0 0.0
gw 0.0 0.0 0.0 0.0
gw 0.0 0.0 0.0 0.0
gw 0.0 0.0 0.0 0.0
gw 0.0 0.0 0.0 0.0
gw 0.0 0.0 0.0 0.0
gw 0.0 0.0 0.0 0.0
gw 0.0 0.0 0.0 0.0
gw 0.0 0.0 0.0 0.0
gw 0.0 0.0 0.0 0.0
gw 0.0 0.0 0.0 0.0
gw 0.0 0.0 0.0 0.0
gw 0.0 0.0 0.0 0.0
gw 0.0 0.0 0.0 0.0
gw 0.0 0.0 0.0 0.0
gw 0.0 0.0 0.0 0.0
gw 0.0 0.0 0.0 0.0
gw 0.0 0.0 0.0 0.0
gw 0.0 0.0 0.0 0.0
gw 0.0 0.0 0.0 0.0
gw 0.0 0.0 0.0 0.0
gw 0.0 0.0 0.0 0.0
gw 0.0 0.0 0.0 0.0
gw 0.0 0.0 0.0 0.0
gw 0.0 0.0 0.0 0.0
gw 0.0 0.0 0.0 0.0
gw 0.0 0.0 0.0 0.0
gw 0.0 0.0 0.0 0.0
gw 0.0 0.0 0.0 0.0
gw 0.0 0.0 0.0 0.0
gw 0.0 0.0 0.0 0.0
gw 0.0 0.0 0.0 0.0
gw 0.0 0.0 0.0 0.0
gw 0.0 0.0 0.0 0.0
gw 0.0 0.0 0.0 0.0
gw 0.0 0.0 0.0 0.0
gw 0.0 0.0 0.0 0.0
gw 0.0 0.0 0.0 0.0
gw 0.0 0.0 0.0 0.0
gw 0.0 0.0 0.0 0.0
gw 0.0 0.0 0.0 0.0
gw 0.0 0.0 0.0 0.0
gw 0.0 0.0 0.0 0.0
gw 0.0 0.0 0.0 0.0
gw 0.0 0.0 0.0 0.0
gw 0.0 0.0 0.0 0.0
gw 0.0 0.0 0.0 0.0
gw 0.0 0.0 0.0 0.0
gw 0.0 0.0 0.0 0.0
gw 0.0 0.0 0.0 0.0
gw 0.0 0.0 0.0 0.0
gw 0.0 0.0 0.0 0.0
gw 0.0 0.0 0.0 0.0
gw 0.0 0.0 0.0 0.0
gw 0.0 0.0 0.0 0.0
gw 0.0 0.0 0.0 0.0
gw 0.0 0.0 0.0 0.0
gw 0.0 0.0 0.0 0.0
gw 0.0 0.0 0.0 0.0
gw 0.0 0.0 0.0 0.0
gw 0.0 0.0 0.0 0.0
gw 0.0 0.0 0.0 0.0
gw 0.0 0.0 0.0 0.0
gw 0.0 0.0 0.0 0.0
gw 0.0 0.0 0.0 0.0
gw 0.0 0.0 0.0 0.0
gw 0.0 0.0 0.0 0.0
gw 0.0 0.0 0.0 0.0
gw 0.0 0.0 0.0 0.0
gw 0.0 0.0 0.0 0.0
gw 0.0 0.0 0.0 0.0
gw 0.0 0.0 0.0 0.0
gw 0.0 0.0 0.0 0.0
gw 0.0 0.0 0.0 0.0
gw 0.0 0.0 0.0 0.0
gw 0.0 0.0 0.0 0.0
gw 0.0 0.0 0.0 0.0
gw 0.0 0.0 0.0 0.0
gw 0.0 0.0 0.0 0.0
gw 0.0 0.0 0.0 0.0
gw 0.0 0.0 0.0 0.0
gw 0.0 0.0 0.0 0.0
gw 0.0 0.0 0.0 0.0
gw 0.0 0.0 0.0 0.0
gw 0.0 0.0 0.0 0.0
gw 0.0 0.0 0.0 0.0
gw 0.0 0.0 0.0 0.0
gw 0.0 0.0 0.0 0.0
gw 0.0 0.0 0.0 0.0
gw 0.0 0.0 0.0 0.0
gw 0.0 0.0 0.0 0.0
gw 0.0 0.0 0.0 0.0
gw 0.0 0.0 0.0 0.0
gw 0.0 0.0 0.0 0.0
gw 0.0 0.0 0.0 0.0
gw 0.0 0.0 0.0 0.0
gw 0.0 0.0 0.0 0.0
gw 0.0 0.0 0.0 0.0
gw 0.0 0.0 0.0 0.0
gw 0.0 0.0 0.0 0.0
gw 0.0 0.0 0.0 0.0
gw 0.0 0.0 0.0 0.0
gw 0.0 0.0 0.0 0.0
gw 0.0 0.0 0.0 0.0
gw 0.0 0.0 0.0 0.0
gw 0.0 0.0 0.0 0.0
gw 0.0 0.0 0.0 0.0
gw 0.0 0.0 0.0 0.0
gw 0.0 0.0 0.0 0.0
gw 0.0 0.0 0.0 0.0
gw 0.0 0.0 0.0 0.0
gw 0.0 0.0 0.0 0.0
gw 0.0 0.0 0.0 0.0
gw 0.0 0.0 0.0 0.0
gw 0.0 0.0 0.0 0.0
gw 0.0 0.0 0.0 0.0
gw 0.0 0.0 0.0 0.0
gw 0.0 0.0 0.0 0.0
gw 0.0 0.0 0.0 0.0
gw 0.0 0.0 0.0 0.0
gw 0.0 0.0 0.0 0.0
gw 0.0 0.0 0.0 0.0
gw 0.0 0.0 0.0 0.0
gw 0.0 0.0 0.0 0.0
gw 0.0 0.0 0.0 0.0
gw 0.0 0.0 0.0 0.0
gw 0.0 0.0 0.0 0.0
gw 0.0 0.0 0.0 0.0
gw 0.0 0.0 0.0 0.0
gw 0.0 0.0 0.0 0.0
gw 0.0 0.0 0.0 0.0
gw 0.0 0.0 0.0 0.0
gw 0.0 0.0 0.0 0.0
gw 0.0 0.0 0.0 0.0
gw 0.0 0.0 0.0 0.0
gw 0.0 0.0 0.0 0.0
gw 0.0 0.0 0.0 0.0
gw 0.0 0.0 0.0 0.0
gw 0.0 0.0 0.0 0.0
gw 0.0 0.0 0.0 0.0
gw 0.0 0.0 0.0 0.0
gw 0.0 0.0 0.0 0.0
gw 0.0 0.0 0.0 0.0
gw 0.0 0.0 0.0 0.0
gw 0.0 0.0 0.0 0.0
gw 0.0 0.0 0.0 0.0
gw 0.0 0.0 0.0 0.0
gw 0.0 0.0 0.0 0.0
gw 0.0 0.0 0.0 0.0
gw 0.0 0.0 0.0 0.0
gw 0.0 0.0 0.0 0.0
gw 0.0 0.0 0.0 0.0
gw 0.0 0.0 0.0 0.0
gw 0.0 0.0 0.0 0.0
gw 0.0 0.0 0.0 0.0
gw 0.0 0.0 0.0 0.0
gw 0.0 0.0 0.0 0.0
gw 0.0 0.0 0.0 0.0
gw 0.0 0.0 0.0 0.0
gw 0.0 0.0 0.0 0.0
gw 0.0 0.0 0.0 0.0
gw 0.0 0.0 0.0 0.0
gw 0.0 0.0 0.0 0.0
gw 0.0 0.0 0.0 0.0
gw 0.0 0.0 0.0 0.0
gw 0.0 0.0 0.0 0.0
gw 0.0 0.0 0.0 0.0
gw 0.0 0.0 0.0 0.0
gw 0.0 0.0 0.0 0.0
gw 0.0 0.0 0.0 0.0
gw 0.0 0.0 0.0 0.0
gw 0.0 0.0 0.0 0.0
gw 0.0 0.0 0.0 0.0
gw 0.0 0.0 0.0 0.0
gw 0.0 0.0 0.0 0.0
gw 0.0 0.0 0.0 0.0
gw 0.0 0.0 0.0 0.0
gw 0.0 0.0 0.0 0.0
gw 0.0 0.0 0.0 0.0
gw 0.0 0.0 0.0 0.0
gw 0.0 0.0 0.0 0.0
gw 0.0 0.0 0.0 0.0
gw 0.0 0.0 0.0 0.0
gw 0.0 0.0 0.0 0.0
gw 0.0 0.0 0.0 0.0
gw 0.0 0.0 0.0 0.0
gw 0.0 0.0 0.0 0.0
gw 0.0 0.0 0.0 0.0
gw 0.0 0.0 0.0 0.0
gw 0.0 0.0 0.0 0.0
gw 0.0 0.0 0.0 0.0
gw 0.0 0.0 0.0 0.0
gw 0.0 0.0 0.0 0.0
gw 0.0 0.0 0.0 0.0
gw 0.0 0.0 0.0 0.0
gw 0.0 0.0 0.0 0.0
gw 0.0 0.0 0.0 0.0
gw 0.0 0.0 0.0 0.0
gw 0.0 0.0 0.0 0.0
gw 0.0 0.0 0.0 0.0
gw 0.0 0.0 0.0 0.0
gw 0.0 0.0 0.0 0.0
gw 0.0 0.0 0.0 0.0
gw 0.0 0.0 0.0 0.0
gw 0.0 0.0 0.0 0.0
gw 0.0 0.0 0.0 0.0
gw 0.0 0.0 0.0 0.0
gw 0.0 0.0 0.0 0.0
gw 0.0 0.0 0.0 0.0
gw 0.0 0.0 0.0 0.0
gw 0.0 0.0 0.0 0.0
gw 0.0 0.0 0.0 0.0
gw 0.0 0.0 0.0 0.0
gw 0.0 0.0 0.0 0.0
gw 0.0 0.0 0.0 0.0
gw 0.0 0.0 0.0 0.0
gw 0.0 0.0 0.0 0.0
gw 0.0 0.0 0.0 0.0
gw 0.0 0.0 0.0 0.0
gw 0.0 0.0 0.0 0.0
gw 0.0 0.0 0.0 0.0
gw 0.0 0.0 0.0 0.0
gw 0.0 0.0 0.0 0.0
gw 0.0 0.0 0.0 0.0
gw 0.0 0.0 0.0 0.0
gw 0.0 0.0 0.0 0.0
gw 0.0 0.0 0.0 0.0
gw 0.0 0.0 0.0 0.0
gw 0.0 0.0 0.0 0.0
gw 0.0 0.0 0.0 0.0
gw 0.0 0.0 0.0 0.0
gw 0.0 0.0 0.0 0.0
gw 0.0 0.0 0.0 0.0
gw 0.0 0.0 0.0 0.0
gw 0.0 0.0 0.0 0.0
gw 0.0 0.0 0.0 0.0
gw 0.0 0.0 0.0 0.0
gw 0.0 0.0 0.0 0.0
gw 0.0 0.0 0.0 0.0
gw 0.0 0.0 0.0 0.0
gw 0.0 0.0 0.0 0.0
gw 0.0 0.0 0.0 0.0
gw 0.0 0.0 0.0 0.0
gw 0.0 0.0 0.0 0.0
gw 0.0 0.0 0.0 0.0
gw 0.0 0.0 0.0 0.0
gw 0.0 0.0 0.0 0.0
gw 0.0 0.0 0.0 0.0
gw 0.0 0.0 0.0 0.0
gw 0.0 0.0 0.0 0.0
gw 0.0 0.0 0.0 0.0
gw 0.0 0.0 0.0 0.0
gw 0.0 0.0 0.0 0.0
gw 0.0 0.0 0.0 0.0
gw 0.0 0.0 0.0 0.0
gw 0.0 0.0 0.0 0.0
gw 0.0 0.0 0.0 0.0
gw 0.0 0.0 0.0 0.0
gw 0.0 0.0 0.0 0.0
gw 0.0 0.0 0.0 0.0
gw 0.0 0.0 0.0 0.0
gw 0.0 0.0 0.0 0.0
gw 0.0 0.0 0.0 0.0
gw 0.0 0.0 0.0 0.0
gw 0.0 0.0 0.0 0.0
gw 0.0 0.0 0.0 0.0
gw 0.0 0.0 0.0 0.0
gw 0.0 0.0 0.0 0.0
gw 0.0 0.0 0.0 0.0
gw 0.0 0.0 0.0 0.0
gw 0.0 0.0 0.0 0.0
gw 0.0 0.0 0.0 0.0
gw 0.0 0.0 0.0 0.0
gw 0.0 0.0 0.0 0.0
gw 0.0 0.0 0.0 0.0
gw 0.0 0.0 0.0 0.0
gw 0.0 0.0 0.0 0.0
gw 0.0 0.0 0.0 0.0
gw 0.0 0.0 0.0 0.0
gw 0.0 0.0 0.0 0.0
gw 0.0 0.0 0.0 0.0
gw 0.0 0.0 0.0 0.0
gw 0.0 0.0 0.0 0.0
gw 0.0 0.0 0.0 0.0
gw 0.0 0.0 0.0 0.0
gw 0.0 0.0 0.0 0.0
gw 0.0 0.0 0.0 0.0
gw 0.0 0.0 0.0 0.0
gw 0.0 0.0 0.0 0.0
gw 0.0 0.0 0.0 0.0
gw 0.0 0.0 0.0 0.0
gw 0.0 0.0 0.0 0.0
gw 0.0 0.0 0.0 0.0
gw 0.0 0.0 0.0 0.0
gw 0.0 0.0 0.0 0.0
gw 0.0 0.0 0.0 0.0
gw 0.0 0.0 0.0 0.0
gw 0.0 0.0 0.0 0.0
gw 0.0 0.0 0.0 0.0
gw 0.0 0.0 0.0 0.0
gw 0.0 0.0 0.0 0.0
gw 0.0 0.0 0.0 0.0
gw 0.0 0.0 0.0 0.0
gw 0.0 0.0 0.0 0.0
gw 0.0 0.0 0.0 0.0
gw 0.0 0.0 0.0 0.0
gw 0.0 0.0 0.0 0.0
gw 0.0 0.0 0.0 0.0
gw 0.0 0.0 0.0 0.0
gw 0.0 0.0 0.0 0.0
gw 0.0 0.0 0.0 0.0
gw 0.0 0.0 0.0 0.0
gw 0.0 0.0 0.0 0.0
gw 0.0 0.0 0.0 0.0
gw 0.0 0.0 0.0 0.0
gw 0.0 0.0 0.0 0.0
gw 0.0 0.0 0.0 0.0
gw 0.0 0.0 0.0 0.0
gw 0.0 0.0 0.0 0.0
gw 0.0 0.0 0.0 0.0
gw 0.0 0.0 0.0 0.0
gw 0.0 0.0 0.0 0.0
gw 0.0 0.0 0.0 0.0
gw 0.0 0.0 0.0 0.0
gw 0.0 0.0 0.0 0.0
gw 0.0 0.0 0.0 0.0
gw 0.0 0.0 0.0 0.0
gw 0.0 0.0 0.0 0.0
gw 0.0 0.0 0.0 0.0
gw 0.0 0.0 0.0 0.0
gw 0.0 0.0 0.0 0.0
gw 0.0 0.0 0.0 0.0
gw 0.0 0.0 0.0 0.0
gw 0.0 0.0 0.0 0.0
gw 0.0 0.0 0.0 0.0
gw 0.0 0.0 0.0 0.0
gw 0.0 0.0 0.0 0.0
gw 0.0 0.0 0.0 0.0
gw 0.0 0.0 0.0 0.0
gw 0.0 0.0 0.0 0.0
gw 0.0 0.0 0.0 0.0
gw 0.0 0.0 0.0 0.0
gw 0.0 0.0 0.0 0.0
gw 0.0 0.0 0.0 0.0
gw 0.0 0.0 0.0 0.0
gw 0.0 0.0 0.0 0.0
gw 0.0 0.0 0.0 0.0
gw 0.0 0.0 0.0 0.0
gw 0.0 0.0 0.0 0.0
gw 0.0 0.0 0.0 0.0
gw 0.0 0.0 0.0 0.0
gw 0.0 0.0 0.0 0.0
gw 0.0 0.0 0.0 0.0
gw 0.0 0.0 0.0 0.0
gw 0.0 0.0 0.0 0.0
gw 0.0 0.0 0.0 0.0
gw 0.0 0.0 0.0 0.0
gw 0.0 0.0 0.0 0.0
gw 0.0 0.0 0.0 0.0
gw 0.0 0.0 0.0 0.0
gw 0.0 0.0 0.0 0.0
gw 0.0 0.0 0.0 0.0
gw 0.0 0.0 0.0 0.0
gw 0.0 0.0 0.0 0.0
gw 0.0 0.0 0.0 0.0
gw 0.0 0.0 0.0 0.0
gw 0.0 0.0 0.0 0.0
gw 0.0 0.0 0.0 0.0
gw 0.0 0.0 0.0 0.0
gw 0.0 0.0 0.0 0.0
gw 0.0 0.0 0.0 0.0
gw 0.0 0.0 0.0 0.0
gw 0.0 0.0 0.0 0.0
gw 0.0 0.0 0.0 0.0
gw 0.0 0.0 0.0 0.0
gw 0.0 0.0 0.0 0.0
gw 0.0 0.0 0.0 0.0
gw 0.0 0.0 0.0 0.0
gw 0.0 0.0 0.0 0.0
gw 0.0 0.0 0.0 0.0
gw 0.0 0.0 0.0 0.0
gw 0.0 0.0 0.0 0.0
gw 0.0 0.0 0.0 0.0
gw 0.0 0.0 0.0 0.0
gw 0.0 0.0 0.0 0.0
gw 0.0 0.0 0.0 0.0
gw 0.0 0.0 0.0 0.0
gw 0.0 0.0 0.0 0.0
gw 0.0 0.0 0.0 0.0
gw 0.0 0.0 0.0 0.0
gw 0.0 0.0 0.0 0.0
gw 0.0 0.0 0.0 0.0
gw 0.0 0.0 0.0 0.0
gw 0.0 0.0 0.0 0.0
gw 0.0 0.0 0.0 0.0
gw 0.0 0.0 0.0 0.0
gw 0.0 0.0 0.0 0.0
gw 0.0 0.0 0.0 0.0
gw 0.0 0.0 0.0 0.0
gw 0.0 0.0 0.0 0.0
gw 0.0 0.0 0.0 0.0
gw 0.0 0.0 0.0 0.0
gw 0.0 0.0 0.0 0.0
gw 0.0 0.0 0.0 0.0
gw 0.0 0.0 0.0 0.0
gw 0.0 0.0 0.0 0.0
gw 0.0 0.0 0.0 0.0
gw 0.0 0.0 0.0 0.0
gw 0.0 0.0 0.0 0.0
gw 0.0 0.0 0.0 0.0
gw 0.0 0.0 0.0 0.0
gw 0.0 0.0 0.0 0.0
gw 0.0 0.0 0.0 0.0
gw 0.0 0.0 0.0 0.0
gw 0.0 0.0 0.0 0.0
gw 0.0 0.0 0.0 0.0
gw 0.0 0.0 0.0 0.0
gw 0.0 0.0 0.0 0.0
gw 0.0 0.0 0.0 0.0
gw 0.0 0.0 0.0 0.0
gw 0.0 0.0 0.0 0.0
gw 0.0 0.0 0.0 0.0
gw 0.0 0.0 0.0 0.0
gw 0.0 0.0 0.0 0.0
gw 0.0 0.0 0.0 0.0
gw 0.0 0.0 0.0 0.0
gw 0.0 0.0 0.0 0.0
gw 0.0 0.0 0.0 0.0
gw 0.0 0.0 0.0 0.0
gw 0.0 0.0 0.0 0.0
gw 0.0 0.0 0.0 0.0
gw 0.0 0.0 0.0 0.0
gw 0.0 0.0 0.0 0.0
gw 0.0 0.0 0.0 0.0
gw 0.0 0.0 0.0 0.0
gw 0.0 0.0 0.0 0.0
gw 0.0 0.0 0.0 0.0
gw 0.0 0.0 0.0 0.0
gw 0.0 0.0 0.0 0.0
gw 0.0 0.0 0.0 0.0
gw 0.0 0.0 0.0 0.0
gw 0.0 0.0 0.0 0.0
gw 0.0 0.0 0.0 0.0
gw 0.0 0.0 0.0 0.0
gw 0.0 0.0 0.0 0.0
gw 0.0 0.0 0.0 0.0
gw 0.0 0.0 0.0 0.0
gw 0.0 0.0 0.0 0.0
gw 0.0 0.0 0.0 0.0
gw 0.0 0.0 0.0 0.0
gw 0.0 0.0 0.0 0.0
gw 0.0 0.0 0.0 0.0
gw 0.0 0.0 0.0 0.0
gw 0.0 0.0 0.0 0.0
gw 0.0 0.0 0.0 0.0
gw 0.0 0.0 0.0 0.0
gw 0.0 0.0 0.0 0.0
gw 0.0 0.0 0.0 0.0
gw 0.0 0.0 0.0 0.0
gw 0.0 0.0 0.0 0.0
gw 0.0 0.0 0.0 0.0
gw 0.0 0.0 0.0 0.0
gw 0.0 0.0 0.0 0.0
gw 0.0 0.0 0.0 0.0
gw 0.0 0.0 0.0 0.0
gw 0.0 0.0 0.0 0.0
gw 0.0 0.0 0.0 0.0
gw 0.0 0.0 0.0 0.0
gw 0.0 0.0 0.0 0.0
gw 0.0 0.0 0.0 0.0
gw 0.0 0.0 0.0 0.0
gw 0.0 0.0 0.0 0.0
gw 0.0 0.0 0.0 0.0
gw 0.0 0.0 0.0 0.0
gw 0.0 0.0 0.0 0.0
gw 0.0 0.0 0.0 0.0
gw 0.0 0.0 0.0 0.0
gw 0.0 0.0 0.0 0.0
gw 0.0 0.0 0.0 0.0
gw 0.0 0.0 0.0 0.0
gw 0.0 0.0 0.0 0.0
gw 0.0 0.0 0.0 0.0
gw 0.0 0.0 0.0 0.0
gw 0.0 0.0 0.0 0.0
gw 0.0 0.0 0.0 0.0
gw 0.0 0.0 0.0 0.0
gw 0.0 0.0 0.0 0.0
gw 0.0 0.0 0.0 0.0
gw 0.0 0.0 0.0 0.0
gw 0.0 0.0 0.0 0.0
gw 0.0 0.0 0.0 0.0
gw 0.0 0.0 0.0 0.0
gw 0.0 0.0 0.0 0.0
gw 0.0 0.0 0.0 0.0
gw 0.0 0.0 0.0 0.0
gw 0.0 0.0 0.0 0.0
gw 0.0 0.0 0.0 0.0
gw 0.0 0.0 0.0 0.0
gw 0.0 0.0 0.0 0.0
gw 0.0 0.0 0.0 0.0
gw 0.0 0.0 0.0 0.0
gw 0.0 0.0 0.0 0.0
gw 0.0 0.0 0.0 0.0
gw 0.0 0.0 0.0 0.0
gw 0.0 0.0 0.0 0.0
gw 0.0 0.0 0.0 0.0
gw 0.0 0.0 0.0 0.0
gw 0.0 0.0 0.0 0.0
gw 0.0 0.0 0.0 0.0
gw 0.0 0.0 0.0 0.0
gw 0.0 0.0 0.0 0.0
gw 0.0 0.0 0.0 0.0
gw 0.0 0.0 0.0 0.0
gw 0.0 0.0 0.0 0.0
gw 0.0 0.0 0.0 0.0
gw 0.0 0.0 0.0 0.0
gw 0.0 0.0 0.0 0.0
gw 0.0 0.0 0.0 0.0
gw 0.0 0.0 0.0 0.0
gw 0.0 0.0 0.0 0.0
gw 0.0 0.0 0.0 0.0
gw 0.0 0.0 0.0 0.0
gw 0.0 0.0 0.0 0.0
gw 0.0 0.0 0.0 0.0
gw 0.0 0.0 0.0 0.0
gw 0.0 0.0 0.0 0.0
gw 0.0 0.0 0.0 0.0
gw 0.0 0.0 0.0 0.0
gw 0.0 0.0 0.0 0.0
gw 0.0 0.0 0.0 0.0
gw 0.0 0.0 0.0 0.0
gw 0.0 0.0 0.0 0.0
gw 0.0 0.0 0.0 0.0
gw 0.0 0.0 0.0 0.0
gw 0.0 0.0 0.0 0.0
gw 0.0 0.0 0.0 0.0
gw 0.0 0.0 0.0 0.0
gw 0.0 0.0 0.0 0.0
gw 0.0 0.0 0.0 0.0
gw 0.0 0.0 0.0 0.0
gw 0.0 0.0 0.0 0.0
gw 0.0 0.0 0.0 0.0
gw 0.0 0.0 0.0 0.0
gw 0.0 0.0 0.0 0.0
gw 0.0 0.0 0.0 0.0
gw 0.0 0.0 0.0 0.0
gw 0.0 0.0 0.0 0.0
gw 0.0 0.0 0.0 0.0
gw 0.0 0.0 0.0 0.0
gw 0.0 0.0 0.0 0.0
gw 0.0 0.0 0.0 0.0
gw 0.0 0.0 0.0 0.0
gw 0.0 0.0 0.0 0.0
gw 0.0 0.0 0.0 0.0
gw 0.0 0.0 0.0 0.0
gw 0.0 0.0 0.0 0.0
gw 0.0 0.0 0.0 0.0
gw 0.0 0.0 0.0 0.0
gw 0.0 0.0 0.0 0.0
gw 0.0 0.0 0.0 0.0
gw 0.0 0.0 0.0 0.0
gw 0.0 0.0 0.0 0.0
gw 0.0 0.0 0.0 0.0
gw 0.0 0.0 0.0 0.0
gw 0.0 0.0 0.0 0.0
gw 0.0 0.0 0.0 0.0
gw 0.0 0.0 0.0 0.0
gw 0.0 0.0 0.0 0.0
gw 0.0 0.0 0.0 0.0
gw 0.0 0.0 0.0 0.0
gw 0.0 0.0 0.0 0.0
gw 0.0 0.0 0.0 0.0
gw 0.0 0.0 0.0 0.0
gw 0.0 0.0 0.0 0.0
gw 0.0 0.0 0.0 0.0
gw 0.0 0.0 0.0 0.0
gw 0.0 0.0 0.0 0.0
gw 0.0 0.0 0.0 0.0
gw 0.0 0.0 0.0 0.0
gw 0.0 0.0 0.0 0.0
gw 0.0 0.0 0.0 0.0
gw 0.0 0.0 0.0 0.0
gw 0.0 0.0 0.0 0.0
gw 0.0 0.0 0.0 0.0
gw 0.0 0.0 0.0 0.0
gw 0.0 0.0 0.0 0.0
gw 0.0 0.0 0.0 0.0
gw 0.0 0.0 0.0 0.0
gw 0.0 0.0 0.0 0.0
gw 0.0 0.0 0.0 0.0
gw 0.0 0.0 0.0 0.0
gw 0.0 0.0 0.0 0.0
gw 0.0 0.0 0.0 0.0
gw 0.0 0.0 0.0 0.0
gw 0.0 0.0 0.0 0.0
gw 0.0 0.0 0.0 0.0
gw 0.0 0.0 0.0 0.0
gw 0.0 0.0 0.0 0.0
gw 0.0 0.0 0.0 0.0
gw 0.0 0.0 0.0 0.0
gw 0.0 0.0 0.0 0.0
gw 0.0 0.0 0.0 0.0
gw 0.0 0.0 0.0 0.0
gw 0.0 0.0 0.0 0.0
gw 0.0 0.0 0.0 0.0
gw 0.0 0.0 0.0 0.0
gw 0.0 0.0 0.0 0.0
gw 0.0 0.0 0.0 0.0
gw 0.0 0.0 0.0 0.0
gw 0.0 0.0 0.0 0.0
gw 0.0 0.0 0.0 0.0
gw 0.0 0.0 0.0 0.0
gw 0.0 0.0 0.0 0.0
gw 0.0 0.0 0.0 0.0
gw 0.0 0.0 0.0 0.0
gw 0.0 0.0 0.0 0.0
gw 0.0 0.0 0.0 0.0
gw 0.0 0.0 0.0 0.0
gw 0.0 0.0 0.0 0.0
gw 0.0 0.0 0.0 0.0
gw 0.0 0.0 0.0 0.0
gw 0.0 0.0 0.0 0.0
gw 0.0 0.0 0.0 0.0
gw 0.0 0.0 0.0 0.0
gw 0.0 0.0 0.0 0.0
gw 0.0 0.0 0.0 0.0
gw 0.0 0.0 0.0 0.0
gw 0.0 0.0 0.0 0.0
gw 0.0 0.0 0.0 0.0
gw 0.0 0.0 0.0 0.0
gw 0.0 0.0 0.0 0.0
gw 0.0 0.0 0.0 0.0
gw 0.0 0.0 0.0 0.0
gw 0.0 0.0 0.0 0.0
gw 0.0 0.0 0.0 0.0
vt 0.0654 0.0609
vt 0.0654 0.0305
vt 0.0801 0.0305
vt 0.0801 0.0609
vt 0.0948 0.0305
vt 0.0948 0.0609
vt 0.0654 0.1218
vt 0.0801 0.1218
vt 0.0948 0.1218
vt 0.1242 0.0609
vt 0.1095 0.0609
vt 0.1095 0.0305
vt 0.1242 0.0305
vt 0.1095 0.1218
vt 0.1242 0.1218
vt 0.1242 0.1827
vt 0.1242 0.2436
vt 0.1095 0.2436
vt 0.1095 0.1827
vt 0.0948 0.2436
vt 0.0948 0.1827
vt 0.0801 0.1827
vt 0.0801 0.2436
vt 0.0654 0.2436
vt 0.0654 0.1827
vt 0.5504 0.0609
vt 0.5357 0.0609
vt 0.5357 0.0305
vt 0.5504 0.0305
vt 0.5651 0.0609
vt 0.5651 0.0305
vt 0.5504 0.1218
vt 0.5357 0.1218
vt 0.5651 0.1218
vt 0.5798 0.0609
vt 0.5798 0.0305
vt 0.5945 0.0305
vt 0.5945 0.0609
vt 0.5798 0.1218
vt 0.5945 0.1218
vt 0.5945 0.1827
vt 0.5945 0.2436
vt 0.5798 0.2436
vt 0.5798 0.1827
vt 0.5651 0.2436
vt 0.5651 0.1827
vt 0.5357 0.1827
vt 0.5504 0.1827
vt 0.5504 0.2436
vt 0.5357 0.2436
vt 0.3153 0.0609
vt 0.3006 0.0609
vt 0.3006 0.0305
vt 0.3153 0.0305
vt 0.33 0.0609
vt 0.33 0.0305
vt 0.3153 0.1218
vt 0.3006 0.1218
vt 0.33 0.1218
vt 0.3447 0.0609
vt 0.3447 0.0305
vt 0.3594 0.0305
vt 0.3594 0.0609
vt 0.3447 0.1218
vt 0.3594 0.1218
vt 0.3594 0.1827
vt 0.3594 0.2436
vt 0.3447 0.2436
vt 0.3447 0.1827
vt 0.33 0.2436
vt 0.33 0.1827
vt 0.3006 0.1827
vt 0.3153 0.1827
vt 0.3153 0.2436
vt 0.3006 0.2436
vt 0.7855 0.0609
vt 0.7708 0.0609
vt 0.7708 0.0305
vt 0.7855 0.0305
vt 0.8002 0.0609
vt 0.8002 0.0305
vt 0.7855 0.1218
vt 0.7708 0.1218
vt 0.8002 0.1218
vt 0.8296 0.0609
vt 0.8149 0.0609
vt 0.8149 0.0305
vt 0.8296 0.0305
vt 0.8296 0.1218
vt 0.8149 0.1218
vt 0.8149 0.1827
vt 0.8296 0.1827
vt 0.8296 0.2436
vt 0.8149 0.2436
vt 0.8002 0.1827
vt 0.8002 0.2436
vt 0.7708 0.1827
vt 0.7855 0.1827
vt 0.7855 0.2436
vt 0.7708 0.2436
vt 0.183 0.0609
vt 0.183 0.0305
vt 0.1977 0.0305
vt 0.1977 0.0609
vt 0.2124 0.0305
vt 0.2124 0.0609
vt 0.183 0.1218
vt 0.1977 0.1218
vt 0.2124 0.1218
vt 0.2271 0.0609
vt 0.2271 0.0305
vt 0.2418 0.0305
vt 0.2418 0.0609
vt 0.2271 0.1218
vt 0.2418 0.1218
vt 0.2418 0.1827
vt 0.2418 0.2436
vt 0.2271 0.2436
vt 0.2271 0.1827
vt 0.2124 0.2436
vt 0.2124 0.1827
vt 0.1977 0.1827
vt 0.1977 0.2436
vt 0.183 0.2436
vt 0.183 0.1827
vt 0.668 0.0609
vt 0.6533 0.0609
vt 0.6533 0.0305
vt 0.668 0.0305
vt 0.6827 0.0609
vt 0.6827 0.0305
vt 0.668 0.1218
vt 0.6533 0.1218
vt 0.6827 0.1218
vt 0.6974 0.0609
vt 0.6974 0.0305
vt 0.7121 0.0305
vt 0.7121 0.0609
vt 0.6974 0.1218
vt 0.7121 0.1218
vt 0.7121 0.1827
vt 0.7121 0.2436
vt 0.6974 0.2436
vt 0.6974 0.1827
vt 0.6827 0.2436
vt 0.6827 0.1827
vt 0.6533 0.1827
vt 0.668 0.1827
vt 0.668 0.2436
vt 0.6533 0.2436
vt 0.4328 0.0609
vt 0.4181 0.0609
vt 0.4181 0.0305
vt 0.4328 0.0305
vt 0.4475 0.0609
vt 0.4475 0.0305
vt 0.4328 0.1218
vt 0.4181 0.1218
vt 0.4475 0.1218
vt 0.4622 0.0609
vt 0.4622 0.0305
vt 0.4769 0.0305
vt 0.4769 0.0609
vt 0.4622 0.1218
vt 0.4769 0.1218
vt 0.4769 0.1827
vt 0.4769 0.2436
vt 0.4622 0.2436
vt 0.4622 0.1827
vt 0.4475 0.2436
vt 0.4475 0.1827
vt 0.4181 0.1827
vt 0.4328 0.1827
vt 0.4328 0.2436
vt 0.4181 0.2436
vt 0.8884 0.0609
vt 0.8884 0.0305
vt 0.9031 0.0305
vt 0.9031 0.0609
vt 0.9178 0.0305
vt 0.9178 0.0609
vt 0.8884 0.1218
vt 0.9031 0.1218
vt 0.9178 0.1218
vt 0.9472 0.0609
vt 0.9325 0.0609
vt 0.9325 0.0305
vt 0.9472 0.0305
vt 0.9472 0.1218
vt 0.9325 0.1218
vt 0.9472 0.1827
vt 0.9472 0.2436
vt 0.9325 0.2436
vt 0.9325 0.1827
vt 0.9178 0.1827
vt 0.9178 0.2436
vt 0.9031 0.1827
vt 0.9031 0.2436
vt 0.8884 0.2436
vt 0.8884 0.1827
vt 0.1389 0.0609
vt 0.1389 0.0305
vt 0.1536 0.0609
vt 0.1536 0.0305
vt 0.1389 0.1218
vt 0.1536 0.1218
vt 0.1683 0.0609
vt 0.1683 0.0305
vt 0.1683 0.1218
vt 0.1683 0.1827
vt 0.1683 0.2436
vt 0.1536 0.1827
vt 0.1536 0.2436
vt 0.1389 0.1827
vt 0.1389 0.2436
vt 0.6092 0.0305
vt 0.6092 0.0609
vt 0.6239 0.0305
vt 0.6239 0.0609
vt 0.6092 0.1218
vt 0.6239 0.1218
vt 0.6386 0.0609
vt 0.6386 0.0305
vt 0.6386 0.1218
vt 0.6386 0.1827
vt 0.6386 0.2436
vt 0.6239 0.1827
vt 0.6239 0.2436
vt 0.6092 0.1827
vt 0.6092 0.2436
vt 0.3741 0.0305
vt 0.3741 0.0609
vt 0.3887 0.0305
vt 0.3887 0.0609
vt 0.3741 0.1218
vt 0.3887 0.1218
vt 0.4034 0.0609
vt 0.4034 0.0305
vt 0.4034 0.1218
vt 0.4034 0.1827
vt 0.4034 0.2436
vt 0.3887 0.2436
vt 0.3887 0.1827
vt 0.3741 0.1827
vt 0.3741 0.2436
vt 0.8443 0.0305
vt 0.8443 0.0609
vt 0.859 0.0305
vt 0.859 0.0609
vt 0.8443 0.1218
vt 0.859 0.1218
vt 0.8737 0.0609
vt 0.8737 0.0305
vt 0.8737 0.1218
vt 0.8737 0.2436
vt 0.8737 0.1827
vt 0.859 0.1827
vt 0.859 0.2436
vt 0.8443 0.1827
vt 0.8443 0.2436
vt 0.2565 0.0305
vt 0.2565 0.0609
vt 0.2712 0.0609
vt 0.2712 0.0305
vt 0.2565 0.1218
vt 0.2712 0.1218
vt 0.2859 0.0609
vt 0.2859 0.0305
vt 0.2859 0.1218
vt 0.2859 0.1827
vt 0.2859 0.2436
vt 0.2712 0.1827
vt 0.2712 0.2436
vt 0.2565 0.1827
vt 0.2565 0.2436
vt 0.7267 0.0305
vt 0.7267 0.0609
vt 0.7414 0.0305
vt 0.7414 0.0609
vt 0.7267 0.1218
vt 0.7414 0.1218
vt 0.7561 0.0609
vt 0.7561 0.0305
vt 0.7561 0.1218
vt 0.7561 0.1827
vt 0.7561 0.2436
vt 0.7414 0.2436
vt 0.7414 0.1827
vt 0.7267 0.1827
vt 0.7267 0.2436
vt 0.4916 0.0305
vt 0.4916 0.0609
vt 0.5063 0.0305
vt 0.5063 0.0609
vt 0.4916 0.1218
vt 0.5063 0.1218
vt 0.521 0.0609
vt 0.521 0.0305
vt 0.521 0.1218
vt 0.521 0.1827
vt 0.521 0.2436
vt 0.5063 0.1827
vt 0.5063 0.2436
vt 0.4916 0.1827
vt 0.4916 0.2436
vt 0.9619 0.0305
vt 0.9619 0.0609
vt 0.9766 0.0305
vt 0.9766 0.0609
vt 0.9619 0.1218
vt 0.9766 0.1218
vt 1.006 0.0609
vt 0.9913 0.0609
vt 0.9913 0.0305
vt 1.006 0.0305
vt 0.9913 0.1218
vt 1.006 0.1218
vt 1.006 0.1827
vt 1.006 0.2436
vt 0.9913 0.2436
vt 0.9913 0.1827
vt 0.9766 0.2436
vt 0.9766 0.1827
vt 0.9619 0.1827
vt 0.9619 0.2436
vt 0.1095 0.5482
vt 0.1095 0.4873
vt 0.1242 0.4873
vt 0.1242 0.5482
vt 0.1095 0.6091
vt 0.1242 0.6091
vt 0.0948 0.5482
vt 0.0948 0.4873
vt 0.0948 0.6091
vt 0.1095 0.7309
vt 0.1095 0.67
vt 0.1242 0.67
vt 0.1242 0.7309
vt 0.0948 0.7309
vt 0.0948 0.67
vt 0.0801 0.7309
vt 0.0654 0.7309
vt 0.0654 0.67
vt 0.0801 0.67
vt 0.0801 0.6091
vt 0.0654 0.6091
vt 0.0801 0.4873
vt 0.0801 0.5482
vt 0.0654 0.5482
vt 0.0654 0.4873
vt 0.5798 0.4873
vt 0.5945 0.4873
vt 0.5945 0.5482
vt 0.5798 0.5482
vt 0.5945 0.6091
vt 0.5798 0.6091
vt 0.5651 0.4873
vt 0.5651 0.5482
vt 0.5651 0.6091
vt 0.5798 0.67
vt 0.5945 0.67
vt 0.5945 0.7309
vt 0.5798 0.7309
vt 0.5651 0.67
vt 0.5651 0.7309
vt 0.5504 0.67
vt 0.5504 0.7309
vt 0.5357 0.7309
vt 0.5357 0.67
vt 0.5504 0.6091
vt 0.5357 0.6091
vt 0.5504 0.4873
vt 0.5504 0.5482
vt 0.5357 0.5482
vt 0.5357 0.4873
vt 0.3447 0.4873
vt 0.3594 0.4873
vt 0.3594 0.5482
vt 0.3447 0.5482
vt 0.3594 0.6091
vt 0.3447 0.6091
vt 0.33 0.4873
vt 0.33 0.5482
vt 0.33 0.6091
vt 0.3447 0.67
vt 0.3594 0.67
vt 0.3594 0.7309
vt 0.3447 0.7309
vt 0.33 0.67
vt 0.33 0.7309
vt 0.3153 0.67
vt 0.3153 0.7309
vt 0.3006 0.7309
vt 0.3006 0.67
vt 0.3153 0.6091
vt 0.3006 0.6091
vt 0.3153 0.4873
vt 0.3153 0.5482
vt 0.3006 0.5482
vt 0.3006 0.4873
vt 0.8149 0.4873
vt 0.8296 0.4873
vt 0.8296 0.5482
vt 0.8149 0.5482
vt 0.8296 0.6091
vt 0.8149 0.6091
vt 0.8002 0.4873
vt 0.8002 0.5482
vt 0.8002 0.6091
vt 0.8149 0.67
vt 0.8296 0.67
vt 0.8296 0.7309
vt 0.8149 0.7309
vt 0.8002 0.67
vt 0.8002 0.7309
vt 0.7855 0.67
vt 0.7855 0.7309
vt 0.7708 0.7309
vt 0.7708 0.67
vt 0.7855 0.6091
vt 0.7708 0.6091
vt 0.7855 0.4873
vt 0.7855 0.5482
vt 0.7708 0.5482
vt 0.7708 0.4873
vt 0.2271 0.5482
vt 0.2271 0.4873
vt 0.2418 0.4873
vt 0.2418 0.5482
vt 0.2271 0.6091
vt 0.2418 0.6091
vt 0.2124 0.5482
vt 0.2124 0.4873
vt 0.2124 0.6091
vt 0.2271 0.7309
vt 0.2271 0.67
vt 0.2418 0.67
vt 0.2418 0.7309
vt 0.2124 0.67
vt 0.2124 0.7309
vt 0.1977 0.67
vt 0.1977 0.7309
vt 0.183 0.7309
vt 0.183 0.67
vt 0.1977 0.6091
vt 0.183 0.6091
vt 0.1977 0.4873
vt 0.1977 0.5482
vt 0.183 0.5482
vt 0.183 0.4873
vt 0.6974 0.4873
vt 0.7121 0.4873
vt 0.7121 0.5482
vt 0.6974 0.5482
vt 0.7121 0.6091
vt 0.6974 0.6091
vt 0.6827 0.4873
vt 0.6827 0.5482
vt 0.6827 0.6091
vt 0.6974 0.67
vt 0.7121 0.67
vt 0.7121 0.7309
vt 0.6974 0.7309
vt 0.6827 0.67
vt 0.6827 0.7309
vt 0.668 0.7309
vt 0.6533 0.7309
vt 0.6533 0.67
vt 0.668 0.67
vt 0.6533 0.6091
vt 0.668 0.6091
vt 0.668 0.5482
vt 0.6533 0.5482
vt 0.6533 0.4873
vt 0.668 0.4873
vt 0.4622 0.4873
vt 0.4769 0.4873
vt 0.4769 0.5482
vt 0.4622 0.5482
vt 0.4769 0.6091
vt 0.4622 0.6091
vt 0.4475 0.4873
vt 0.4475 0.5482
vt 0.4475 0.6091
vt 0.4622 0.67
vt 0.4769 0.67
vt 0.4769 0.7309
vt 0.4622 0.7309
vt 0.4475 0.67
vt 0.4475 0.7309
vt 0.4328 0.67
vt 0.4328 0.7309
vt 0.4181 0.7309
vt 0.4181 0.67
vt 0.4328 0.6091
vt 0.4181 0.6091
vt 0.4328 0.4873
vt 0.4328 0.5482
vt 0.4181 0.5482
vt 0.4181 0.4873
vt 0.9325 0.5482
vt 0.9325 0.4873
vt 0.9472 0.4873
vt 0.9472 0.5482
vt 0.9325 0.6091
vt 0.9472 0.6091
vt 0.9178 0.5482
vt 0.9178 0.4873
vt 0.9178 0.6091
vt 0.9325 0.7309
vt 0.9325 0.67
vt 0.9472 0.67
vt 0.9472 0.7309
vt 0.9178 0.7309
vt 0.9178 0.67
vt 0.9031 0.7309
vt 0.8884 0.7309
vt 0.8884 0.67
vt 0.9031 0.67
vt 0.8884 0.6091
vt 0.9031 0.6091
vt 0.9031 0.5482
vt 0.8884 0.5482
vt 0.8884 0.4873
vt 0.9031 0.4873
vt 0.1683 0.5482
vt 0.1683 0.4873
vt 0.1683 0.6091
vt 0.1536 0.4873
vt 0.1536 0.5482
vt 0.1536 0.6091
vt 0.1683 0.67
vt 0.1683 0.7309
vt 0.1536 0.67
vt 0.1536 0.7309
vt 0.1389 0.67
vt 0.1389 0.7309
vt 0.1389 0.6091
vt 0.1389 0.4873
vt 0.1389 0.5482
vt 0.6386 0.4873
vt 0.6386 0.5482
vt 0.6386 0.6091
vt 0.6239 0.5482
vt 0.6239 0.4873
vt 0.6239 0.6091
vt 0.6386 0.7309
vt 0.6386 0.67
vt 0.6239 0.7309
vt 0.6239 0.67
vt 0.6092 0.67
vt 0.6092 0.7309
vt 0.6092 0.6091
vt 0.6092 0.5482
vt 0.6092 0.4873
vt 0.4034 0.5482
vt 0.4034 0.4873
vt 0.4034 0.6091
vt 0.3887 0.5482
vt 0.3887 0.4873
vt 0.3887 0.6091
vt 0.4034 0.7309
vt 0.4034 0.67
vt 0.3887 0.7309
vt 0.3887 0.67
vt 0.3741 0.67
vt 0.3741 0.7309
vt 0.3741 0.6091
vt 0.3741 0.4873
vt 0.3741 0.5482
vt 0.8737 0.4873
vt 0.8737 0.5482
vt 0.8737 0.6091
vt 0.859 0.4873
vt 0.859 0.5482
vt 0.859 0.6091
vt 0.8737 0.67
vt 0.8737 0.7309
vt 0.859 0.67
vt 0.859 0.7309
vt 0.8443 0.7309
vt 0.8443 0.67
vt 0.8443 0.6091
vt 0.8443 0.5482
vt 0.8443 0.4873
vt 0.2859 0.5482
vt 0.2859 0.4873
vt 0.2859 0.6091
vt 0.2712 0.5482
vt 0.2712 0.4873
vt 0.2712 0.6091
vt 0.2859 0.7309
vt 0.2859 0.67
vt 0.2712 0.7309
vt 0.2712 0.67
vt 0.2565 0.67
vt 0.2565 0.7309
vt 0.2565 0.6091
vt 0.2565 0.4873
vt 0.2565 0.5482
vt 0.7561 0.4873
vt 0.7561 0.5482
vt 0.7561 0.6091
vt 0.7414 0.5482
vt 0.7414 0.4873
vt 0.7414 0.6091
vt 0.7561 0.7309
vt 0.7561 0.67
vt 0.7414 0.7309
vt 0.7414 0.67
vt 0.7267 0.67
vt 0.7267 0.7309
vt 0.7267 0.6091
vt 0.7267 0.5482
vt 0.7267 0.4873
vt 0.521 0.5482
vt 0.521 0.4873
vt 0.521 0.6091
vt 0.5063 0.5482
vt 0.5063 0.4873
vt 0.5063 0.6091
vt 0.521 0.7309
vt 0.521 0.67
vt 0.5063 0.7309
vt 0.5063 0.67
vt 0.4916 0.67
vt 0.4916 0.7309
vt 0.4916 0.6091
vt 0.4916 0.5482
vt 0.4916 0.4873
vt 0.9913 0.4873
vt 1.006 0.4873
vt 1.006 0.5482
vt 0.9913 0.5482
vt 1.006 0.6091
vt 0.9913 0.6091
vt 0.9766 0.4873
vt 0.9766 0.5482
vt 0.9766 0.6091
vt 0.9913 0.67
vt 1.006 0.67
vt 1.006 0.7309
vt 0.9913 0.7309
vt 0.9766 0.67
vt 0.9766 0.7309
vt 0.9619 0.7309
vt 0.9619 0.67
vt 0.9619 0.6091
vt 0.9619 0.4873
vt 0.9619 0.5482
vt 0.1095 0.3045
vt 0.1242 0.3045
vt 0.1095 0.3655
vt 0.1242 0.3655
vt 0.0948 0.3045
vt 0.0948 0.3655
vt 0.1095 0.4264
vt 0.1242 0.4264
vt 0.0948 0.4264
vt 0.0801 0.4264
vt 0.0654 0.4264
vt 0.0801 0.3655
vt 0.0654 0.3655
vt 0.0801 0.3045
vt 0.0654 0.3045
vt 0.5945 0.3045
vt 0.5798 0.3045
vt 0.5945 0.3655
vt 0.5798 0.3655
vt 0.5651 0.3045
vt 0.5651 0.3655
vt 0.5798 0.4264
vt 0.5945 0.4264
vt 0.5651 0.4264
vt 0.5504 0.4264
vt 0.5357 0.4264
vt 0.5504 0.3655
vt 0.5357 0.3655
vt 0.5504 0.3045
vt 0.5357 0.3045
vt 0.3594 0.3045
vt 0.3447 0.3045
vt 0.3594 0.3655
vt 0.3447 0.3655
vt 0.33 0.3045
vt 0.33 0.3655
vt 0.3447 0.4264
vt 0.3594 0.4264
vt 0.33 0.4264
vt 0.3153 0.4264
vt 0.3006 0.4264
vt 0.3153 0.3655
vt 0.3006 0.3655
vt 0.3153 0.3045
vt 0.3006 0.3045
vt 0.8296 0.3045
vt 0.8149 0.3045
vt 0.8296 0.3655
vt 0.8149 0.3655
vt 0.8002 0.3045
vt 0.8002 0.3655
vt 0.8149 0.4264
vt 0.8296 0.4264
vt 0.8002 0.4264
vt 0.7708 0.4264
vt 0.7855 0.4264
vt 0.7855 0.3655
vt 0.7708 0.3655
vt 0.7855 0.3045
vt 0.7708 0.3045
vt 0.2271 0.3045
vt 0.2418 0.3045
vt 0.2271 0.3655
vt 0.2418 0.3655
vt 0.2124 0.3045
vt 0.2124 0.3655
vt 0.2271 0.4264
vt 0.2418 0.4264
vt 0.2124 0.4264
vt 0.1977 0.4264
vt 0.183 0.4264
vt 0.1977 0.3655
vt 0.183 0.3655
vt 0.1977 0.3045
vt 0.183 0.3045
vt 0.7121 0.3045
vt 0.6974 0.3045
vt 0.7121 0.3655
vt 0.6974 0.3655
vt 0.6827 0.3045
vt 0.6827 0.3655
vt 0.6974 0.4264
vt 0.7121 0.4264
vt 0.6827 0.4264
vt 0.6533 0.4264
vt 0.668 0.4264
vt 0.6533 0.3655
vt 0.668 0.3655
vt 0.668 0.3045
vt 0.6533 0.3045
vt 0.4769 0.3045
vt 0.4622 0.3045
vt 0.4769 0.3655
vt 0.4622 0.3655
vt 0.4475 0.3045
vt 0.4475 0.3655
vt 0.4622 0.4264
vt 0.4769 0.4264
vt 0.4475 0.4264
vt 0.4328 0.4264
vt 0.4181 0.4264
vt 0.4328 0.3655
vt 0.4181 0.3655
vt 0.4328 0.3045
vt 0.4181 0.3045
vt 0.9325 0.3045
vt 0.9472 0.3045
vt 0.9325 0.3655
vt 0.9472 0.3655
vt 0.9178 0.3045
vt 0.9178 0.3655
vt 0.9325 0.4264
vt 0.9472 0.4264
vt 0.9178 0.4264
vt 0.8884 0.4264
vt 0.9031 0.4264
vt 0.8884 0.3655
vt 0.9031 0.3655
vt 0.9031 0.3045
vt 0.8884 0.3045
vt 0.1683 0.3045
vt 0.1683 0.3655
vt 0.1536 0.3045
vt 0.1536 0.3655
vt 0.1683 0.4264
vt 0.1536 0.4264
vt 0.1389 0.4264
vt 0.1389 0.3655
vt 0.1389 0.3045
vt 0.6386 0.3045
vt 0.6386 0.3655
vt 0.6239 0.3045
vt 0.6239 0.3655
vt 0.6386 0.4264
vt 0.6239 0.4264
vt 0.6092 0.4264
vt 0.6092 0.3655
vt 0.6092 0.3045
vt 0.4034 0.3045
vt 0.4034 0.3655
vt 0.3887 0.3045
vt 0.3887 0.3655
vt 0.4034 0.4264
vt 0.3887 0.4264
vt 0.3741 0.4264
vt 0.3741 0.3655
vt 0.3741 0.3045
vt 0.8737 0.3045
vt 0.8737 0.3655
vt 0.859 0.3045
vt 0.859 0.3655
vt 0.8737 0.4264
vt 0.859 0.4264
vt 0.8443 0.4264
vt 0.8443 0.3655
vt 0.8443 0.3045
vt 0.2859 0.3045
vt 0.2859 0.3655
vt 0.2712 0.3045
vt 0.2712 0.3655
vt 0.2859 0.4264
vt 0.2712 0.4264
vt 0.2565 0.4264
vt 0.2565 0.3655
vt 0.2565 0.3045
vt 0.7561 0.3045
vt 0.7561 0.3655
vt 0.7414 0.3045
vt 0.7414 0.3655
vt 0.7561 0.4264
vt 0.7414 0.4264
vt 0.7267 0.4264
vt 0.7267 0.3655
vt 0.7267 0.3045
vt 0.521 0.3045
vt 0.521 0.3655
vt 0.5063 0.3045
vt 0.5063 0.3655
vt 0.521 0.4264
vt 0.5063 0.4264
vt 0.4916 0.4264
vt 0.4916 0.3655
vt 0.4916 0.3045
vt 1.006 0.3045
vt 0.9913 0.3045
vt 1.006 0.3655
vt 0.9913 0.3655
vt 0.9766 0.3045
vt 0.9766 0.3655
vt 0.9913 0.4264
vt 1.006 0.4264
vt 0.9766 0.4264
vt 0.9619 0.4264
vt 0.9619 0.3655
vt 0.9619 0.3045
vt 0.1095 0.7918
vt 0.1242 0.7918
vt 0.1095 0.8527
vt 0.1242 0.8527
vt 0.0948 0.7918
vt 0.0948 0.8527
vt 0.1095 0.9593
vt 0.1242 0.9593
vt 0.1242 0.9746
vt 0.1095 0.9746
vt 0.0948 0.9593
vt 0.0948 0.9746
vt 0.1242 0.9136
vt 0.1095 0.9136
vt 0.0948 0.9136
vt 0.0801 0.9441
vt 0.0654 0.9441
vt 0.0654 0.9136
vt 0.0801 0.9136
vt 0.0801 0.8527
vt 0.0654 0.8527
vt 0.0948 0.9441
vt 0.0801 0.7918
vt 0.0654 0.7918
vt 0.5945 0.7918
vt 0.5798 0.7918
vt 0.5945 0.8527
vt 0.5798 0.8527
vt 0.5651 0.7918
vt 0.5651 0.8527
vt 0.5798 0.9746
vt 0.5798 0.9593
vt 0.5945 0.9593
vt 0.5945 0.9746
vt 0.5651 0.9746
vt 0.5651 0.9593
vt 0.5798 0.9136
vt 0.5945 0.9136
vt 0.5651 0.9136
vt 0.5504 0.9441
vt 0.5357 0.9441
vt 0.5357 0.9136
vt 0.5504 0.9136
vt 0.5357 0.8527
vt 0.5504 0.8527
vt 0.5651 0.9441
vt 0.5504 0.7918
vt 0.5357 0.7918
vt 0.3594 0.7918
vt 0.3447 0.7918
vt 0.3594 0.8527
vt 0.3447 0.8527
vt 0.33 0.7918
vt 0.33 0.8527
vt 0.3447 0.9746
vt 0.3447 0.9593
vt 0.3594 0.9593
vt 0.3594 0.9746
vt 0.33 0.9746
vt 0.33 0.9593
vt 0.3447 0.9136
vt 0.3594 0.9136
vt 0.33 0.9136
vt 0.3153 0.9441
vt 0.3006 0.9441
vt 0.3006 0.9136
vt 0.3153 0.9136
vt 0.3006 0.8527
vt 0.3153 0.8527
vt 0.33 0.9441
vt 0.3153 0.7918
vt 0.3006 0.7918
vt 0.8296 0.7918
vt 0.8149 0.7918
vt 0.8296 0.8527
vt 0.8149 0.8527
vt 0.8002 0.7918
vt 0.8002 0.8527
vt 0.8149 0.9746
vt 0.8149 0.9593
vt 0.8296 0.9593
vt 0.8296 0.9746
vt 0.8002 0.9593
vt 0.8002 0.9746
vt 0.8296 0.9136
vt 0.8149 0.9136
vt 0.8002 0.9136
vt 0.7855 0.9441
vt 0.7708 0.9441
vt 0.7708 0.9136
vt 0.7855 0.9136
vt 0.7708 0.8527
vt 0.7855 0.8527
vt 0.8002 0.9441
vt 0.7855 0.7918
vt 0.7708 0.7918
vt 0.2271 0.7918
vt 0.2418 0.7918
vt 0.2271 0.8527
vt 0.2418 0.8527
vt 0.2124 0.7918
vt 0.2124 0.8527
vt 0.2271 0.9746
vt 0.2271 0.9593
vt 0.2418 0.9593
vt 0.2418 0.9746
vt 0.2124 0.9746
vt 0.2124 0.9593
vt 0.2271 0.9136
vt 0.2418 0.9136
vt 0.2124 0.9136
vt 0.1977 0.9441
vt 0.183 0.9441
vt 0.183 0.9136
vt 0.1977 0.9136
vt 0.183 0.8527
vt 0.1977 0.8527
vt 0.2124 0.9441
vt 0.1977 0.7918
vt 0.183 0.7918
vt 0.7121 0.7918
vt 0.6974 0.7918
vt 0.7121 0.8527
vt 0.6974 0.8527
vt 0.6827 0.7918
vt 0.6827 0.8527
vt 0.6974 0.9746
vt 0.6974 0.9593
vt 0.7121 0.9593
vt 0.7121 0.9746
vt 0.6827 0.9746
vt 0.6827 0.9593
vt 0.6974 0.9136
vt 0.7121 0.9136
vt 0.6827 0.9136
vt 0.668 0.9441
vt 0.6533 0.9441
vt 0.6533 0.9136
vt 0.668 0.9136
vt 0.6533 0.8527
vt 0.668 0.8527
vt 0.6827 0.9441
vt 0.668 0.7918
vt 0.6533 0.7918
vt 0.4769 0.7918
vt 0.4622 0.7918
vt 0.4769 0.8527
vt 0.4622 0.8527
vt 0.4475 0.7918
vt 0.4475 0.8527
vt 0.4622 0.9746
vt 0.4622 0.9593
vt 0.4769 0.9593
vt 0.4769 0.9746
vt 0.4475 0.9746
vt 0.4475 0.9593
vt 0.4622 0.9136
vt 0.4769 0.9136
vt 0.4475 0.9136
vt 0.4328 0.9441
vt 0.4181 0.9441
vt 0.4181 0.9136
vt 0.4328 0.9136
vt 0.4181 0.8527
vt 0.4328 0.8527
vt 0.4475 0.9441
vt 0.4328 0.7918
vt 0.4181 0.7918
vt 0.9325 0.7918
vt 0.9472 0.7918
vt 0.9472 0.8527
vt 0.9325 0.8527
vt 0.9178 0.7918
vt 0.9178 0.8527
vt 0.9325 0.9746
vt 0.9325 0.9593
vt 0.9472 0.9593
vt 0.9472 0.9746
vt 0.9178 0.9593
vt 0.9178 0.9746
vt 0.9472 0.9136
vt 0.9325 0.9136
vt 0.9178 0.9136
vt 0.9031 0.9441
vt 0.8884 0.9441
vt 0.8884 0.9136
vt 0.9031 0.9136
vt 0.9031 0.8527
vt 0.8884 0.8527
vt 0.9178 0.9441
vt 0.9031 0.7918
vt 0.8884 0.7918
vt 0.1683 0.7918
vt 0.1683 0.8527
vt 0.1536 0.7918
vt 0.1536 0.8527
vt 0.1683 0.9746
vt 0.1683 0.9593
vt 0.183 0.9593
vt 0.183 0.9746
vt 0.1536 0.9746
vt 0.1536 0.9593
vt 0.1683 0.9136
vt 0.1536 0.9136
vt 0.1389 0.9136
vt 0.1389 0.9441
vt 0.1242 0.9441
vt 0.1389 0.8527
vt 0.1536 0.9441
vt 0.1389 0.7918
vt 0.6386 0.7918
vt 0.6386 0.8527
vt 0.6239 0.7918
vt 0.6239 0.8527
vt 0.6386 0.9746
vt 0.6386 0.9593
vt 0.6533 0.9593
vt 0.6533 0.9746
vt 0.6239 0.9746
vt 0.6239 0.9593
vt 0.6386 0.9136
vt 0.6239 0.9136
vt 0.6092 0.9136
vt 0.6092 0.9441
vt 0.5945 0.9441
vt 0.6092 0.8527
vt 0.6239 0.9441
vt 0.6092 0.7918
vt 0.4034 0.7918
vt 0.4034 0.8527
vt 0.3887 0.7918
vt 0.3887 0.8527
vt 0.4034 0.9746
vt 0.4034 0.9593
vt 0.4181 0.9593
vt 0.4181 0.9746
vt 0.3887 0.9746
vt 0.3887 0.9593
vt 0.4034 0.9136
vt 0.3887 0.9136
vt 0.3741 0.9136
vt 0.3741 0.9441
vt 0.3594 0.9441
vt 0.3741 0.8527
vt 0.3887 0.9441
vt 0.3741 0.7918
vt 0.8737 0.7918
vt 0.8737 0.8527
vt 0.859 0.7918
vt 0.859 0.8527
vt 0.8737 0.9746
vt 0.8737 0.9593
vt 0.8884 0.9593
vt 0.8884 0.9746
vt 0.859 0.9746
vt 0.859 0.9593
vt 0.8737 0.9136
vt 0.859 0.9136
vt 0.8443 0.9136
vt 0.8443 0.9441
vt 0.8296 0.9441
vt 0.8443 0.8527
vt 0.859 0.9441
vt 0.8443 0.7918
vt 0.2859 0.7918
vt 0.2859 0.8527
vt 0.2712 0.7918
vt 0.2712 0.8527
vt 0.2859 0.9746
vt 0.2859 0.9593
vt 0.3006 0.9593
vt 0.3006 0.9746
vt 0.2712 0.9746
vt 0.2712 0.9593
vt 0.2859 0.9136
vt 0.2712 0.9136
vt 0.2565 0.9136
vt 0.2565 0.9441
vt 0.2418 0.9441
vt 0.2565 0.8527
vt 0.2712 0.9441
vt 0.2565 0.7918
vt 0.7561 0.7918
vt 0.7561 0.8527
vt 0.7414 0.7918
vt 0.7414 0.8527
vt 0.7561 0.9746
vt 0.7561 0.9593
vt 0.7708 0.9593
vt 0.7708 0.9746
vt 0.7414 0.9746
vt 0.7414 0.9593
vt 0.7561 0.9136
vt 0.7414 0.9136
vt 0.7267 0.9136
vt 0.7267 0.9441
vt 0.7121 0.9441
vt 0.7267 0.8527
vt 0.7414 0.9441
vt 0.7267 0.7918
vt 0.521 0.7918
vt 0.521 0.8527
vt 0.5063 0.7918
vt 0.5063 0.8527
vt 0.521 0.9746
vt 0.521 0.9593
vt 0.5357 0.9593
vt 0.5357 0.9746
vt 0.5063 0.9746
vt 0.5063 0.9593
vt 0.521 0.9136
vt 0.5063 0.9136
vt 0.4916 0.9136
vt 0.4916 0.9441
vt 0.4769 0.9441
vt 0.4916 0.8527
vt 0.5063 0.9441
vt 0.4916 0.7918
vt 1.006 0.7918
vt 0.9913 0.7918
vt 0.9913 0.8527
vt 1.006 0.8527
vt 0.9766 0.7918
vt 0.9766 0.8527
vt 0.9913 0.9746
vt 0.9913 0.9593
vt 1.006 0.9593
vt 0.9766 0.9593
vt 0.9766 0.9746
vt 0.9913 0.9136
vt 1.006 0.9136
vt 0.9766 0.9136
vt 0.9619 0.9441
vt 0.9472 0.9441
vt 0.9619 0.9136
vt 0.9619 0.8527
vt 0.9766 0.9441
vt 0.9619 0.7918
vt 0.0801 0.0
vt 0.0948 0.0
vt 0.1095 0.0
vt 0.1242 0.0
vt 0.5504 -0.0
vt 0.5357 -0.0
vt 0.5651 -0.0
vt 0.5945 -0.0
vt 0.5798 -0.0
vt 0.3153 0.0
vt 0.3006 0.0
vt 0.33 0.0
vt 0.3594 0.0
vt 0.3447 0.0
vt 0.7855 0.0
vt 0.7708 0.0
vt 0.8002 0.0
vt 0.8296 0.0
vt 0.8149 0.0
vt 0.1977 0.0
vt 0.183 0.0
vt 0.2124 0.0
vt 0.2271 0.0
vt 0.2418 0.0
vt 0.668 0.0
vt 0.6533 -0.0
vt 0.6827 0.0
vt 0.7121 0.0
vt 0.6974 0.0
vt 0.4328 0.0
vt 0.4181 0.0
vt 0.4475 0.0
vt 0.4769 0.0
vt 0.4622 0.0
vt 0.9031 0.0
vt 0.8884 0.0
vt 0.9178 0.0
vt 0.9472 0.0
vt 0.9325 0.0
vt 0.1389 0.0
vt 0.1536 0.0
vt 0.1683 0.0
vt 0.6092 -0.0
vt 0.6239 -0.0
vt 0.6386 -0.0
vt 0.3741 0.0
vt 0.3887 0.0
vt 0.4034 0.0
vt 0.8443 0.0
vt 0.859 0.0
vt 0.8737 0.0
vt 0.2565 0.0
vt 0.2712 0.0
vt 0.2859 0.0
vt 0.7267 0.0
vt 0.7414 0.0
vt 0.7561 0.0
vt 0.4916 0.0
vt 0.5063 0.0
vt 0.521 0.0
vt 0.9619 0.0
vt 0.9766 0.0
vt 1.006 0.0
vt 0.9913 0.0
vt 0.1095 0.9441
vt 0.0801 0.9746
vt 0.0801 0.9593
vt 0.0654 0.9593
vt 0.5798 0.9441
vt 0.5504 0.9746
vt 0.5504 0.9593
vt 0.3447 0.9441
vt 0.3153 0.9746
vt 0.3153 0.9593
vt 0.8149 0.9441
vt 0.7855 0.9746
vt 0.7855 0.9593
vt 0.2271 0.9441
vt 0.1977 0.9746
vt 0.1977 0.9593
vt 0.6974 0.9441
vt 0.668 0.9746
vt 0.668 0.9593
vt 0.4622 0.9441
vt 0.4328 0.9746
vt 0.4328 0.9593
vt 0.9325 0.9441
vt 0.9031 0.9746
vt 0.9031 0.9593
vt 0.1683 0.9441
vt 0.1389 0.9746
vt 0.1389 0.9593
vt 0.6386 0.9441
vt 0.6092 0.9746
vt 0.6092 0.9593
vt 0.4034 0.9441
vt 0.3741 0.9746
vt 0.3741 0.9593
vt 0.8737 0.9441
vt 0.8443 0.9746
vt 0.8443 0.9593
vt 0.2859 0.9441
vt 0.2565 0.9746
vt 0.2565 0.9593
vt 0.7561 0.9441
vt 0.7267 0.9746
vt 0.7267 0.9593
vt 0.521 0.9441
vt 0.4916 0.9746
vt 0.4916 0.9593
vt 0.9913 0.9441
vt 1.006 0.9441
vt 0.9619 0.9746
vt 0.9619 0.9593
vt 0.0654 0.9746
vt 1.006 0.9746
vt 0.0654 0.0
vn -0.9464 -0.1935 -0.2584
vn -0.8098 -0.5408 -0.2276
vn -0.4237 -0.2887 0.8586
vn -0.479 -0.1341 0.8675
vn -0.2974 -0.3164 0.9008
vn -0.3006 -0.1612 0.94
vn -0.9688 -0.0103 -0.2477
vn -0.4943 -0.0101 0.8692
vn -0.2911 -0.0018 0.9567
vn -0.1986 -0.1601 0.9669
vn -0.2974 -0.1554 0.942
vn -0.2815 -0.3112 0.9077
vn -0.164 -0.3194 0.9333
vn -0.3017 0.0023 0.9534
vn -0.2301 -0.0001 0.9732
vn -0.2543 0.0031 0.9671
vn -0.2721 0.0011 0.9623
vn -0.2863 0.003 0.9581
vn -0.2938 0.0037 0.9558
vn -0.2509 -0.0017 0.968
vn -0.2695 -0.0025 0.963
vn -0.4759 -0.0114 0.8794
vn -0.459 -0.0096 0.8884
vn -0.9769 -0.0063 -0.2134
vn -0.9727 -0.009 -0.2318
vn 0.2381 -0.1818 0.9541
vn 0.0762 -0.1661 0.9832
vn 0.1046 -0.3243 0.9402
vn 0.2403 -0.3431 0.9081
vn 0.2499 -0.1836 0.9507
vn 0.2211 -0.3426 0.9131
vn 0.2287 -0.0154 0.9734
vn 0.0425 -0.0084 0.9991
vn 0.2726 -0.0144 0.962
vn 0.0901 -0.1682 0.9816
vn 0.045 -0.3203 0.9462
vn -0.1886 -0.2887 0.9387
vn -0.1577 -0.1426 0.9771
vn 0.1345 -0.0054 0.9909
vn -0.1192 0.0071 0.9928
vn -0.0751 0.0046 0.9972
vn -0.054 0.0024 0.9985
vn 0.2091 -0.0006 0.9779
vn 0.1796 -0.0074 0.9837
vn 0.3134 -0.0073 0.9496
vn 0.2924 -0.017 0.9562
vn 0.0068 -0.0132 0.9999
vn 0.2163 -0.0189 0.9761
vn 0.2159 -0.0146 0.9763
vn -0.0132 -0.0161 0.9998
vn 0.5639 -0.1994 0.8014
vn 0.2814 -0.1683 0.9447
vn 0.3336 -0.3382 0.88
vn 0.5622 -0.3725 0.7383
vn 0.583 -0.2107 0.7847
vn 0.5372 -0.3792 0.7534
vn 0.5345 -0.0139 0.8451
vn 0.2054 0.0043 0.9787
vn 0.5979 -0.0228 0.8013
vn 0.3615 -0.198 0.9111
vn 0.2915 -0.356 0.8878
vn -0.0739 -0.3119 0.9472
vn -0.0217 -0.1604 0.9868
vn 0.4089 -0.0181 0.9124
vn 0.0279 -0.0025 0.9996
vn 0.0781 -0.0061 0.9969
vn 0.0903 -0.0051 0.9959
vn 0.4492 -0.0048 0.8934
vn 0.4424 -0.0182 0.8966
vn 0.5815 -0.001 0.8135
vn 0.5921 -0.0195 0.8056
vn 0.1259 0.0104 0.992
vn 0.4868 -0.0081 0.8735
vn 0.4516 0.0074 0.8922
vn 0.077 0.0169 0.9969
vn 0.2329 -0.1476 0.9612
vn -0.266 -0.111 0.9576
vn -0.234 -0.2591 0.9371
vn 0.2506 -0.3114 0.9166
vn 0.6325 -0.1888 0.7512
vn 0.6239 -0.3656 0.6907
vn 0.1957 0.0132 0.9806
vn -0.2974 0.0297 0.9543
vn 0.612 -0.0086 0.7908
vn 0.8019 -0.2363 0.5488
vn 0.7994 -0.2208 0.5587
vn 0.7645 -0.4012 0.5046
vn 0.7506 -0.4133 0.5155
vn 0.8143 -0.0383 0.5792
vn 0.7987 -0.0269 0.6012
vn 0.7702 -0.0169 0.6375
vn 0.7916 -0.0311 0.6103
vn 0.7612 -0.0141 0.6484
vn 0.7442 0.002 0.668
vn 0.5758 0.0013 0.8176
vn 0.5545 0.0145 0.8321
vn -0.3236 0.0305 0.9457
vn 0.1555 0.0195 0.9876
vn 0.1398 0.0211 0.99
vn -0.3287 0.019 0.9442
vn 0.6991 -0.2111 0.6832
vn 0.6562 -0.3781 0.6531
vn 0.5387 -0.3645 0.7595
vn 0.6175 -0.2045 0.7595
vn 0.1333 -0.3437 0.9296
vn 0.2347 -0.1945 0.9524
vn 0.7166 -0.0326 0.6968
vn 0.67 -0.0269 0.7419
vn 0.3143 -0.0151 0.9492
vn -0.3772 -0.1485 0.9141
vn -0.4334 -0.2979 0.8505
vn -0.739 -0.254 0.624
vn -0.7337 -0.1107 0.6704
vn -0.3091 0.0038 0.951
vn -0.6991 0.0192 0.7148
vn -0.6406 0.0102 0.7678
vn -0.5973 -0.0057 0.802
vn -0.1704 -0.0102 0.9853
vn -0.2231 -0.0031 0.9748
vn 0.4551 -0.0132 0.8903
vn 0.3994 -0.0184 0.9166
vn 0.7165 -0.0307 0.6969
vn 0.754 -0.0193 0.6566
vn 0.7213 -0.0277 0.6921
vn 0.72 -0.0373 0.693
vn 0.4125 -0.1945 0.8899
vn 0.1918 -0.171 0.9664
vn 0.2263 -0.3367 0.914
vn 0.4142 -0.365 0.8338
vn 0.4375 -0.2037 0.8759
vn 0.4019 -0.3711 0.8371
vn 0.3925 -0.0153 0.9196
vn 0.1453 -0.0043 0.9894
vn 0.4525 -0.0195 0.8915
vn 0.2297 -0.1931 0.9539
vn 0.1651 -0.3499 0.9221
vn -0.2355 -0.3036 0.9232
vn -0.1786 -0.156 0.9715
vn 0.279 -0.0141 0.9602
vn -0.1181 0.0022 0.993
vn -0.053 -0.0005 0.9986
vn -0.0221 -0.0027 0.9998
vn 0.3416 -0.0019 0.9398
vn 0.3196 -0.013 0.9474
vn 0.4599 -0.0031 0.888
vn 0.4552 -0.0176 0.8902
vn 0.0952 -0.0047 0.9954
vn 0.3618 -0.0141 0.9322
vn 0.3455 -0.0053 0.9384
vn 0.0658 -0.0061 0.9978
vn 0.2399 -0.1782 0.9543
vn 0.0063 -0.1579 0.9874
vn 0.0431 -0.3152 0.948
vn 0.2495 -0.34 0.9067
vn 0.3158 -0.1851 0.9306
vn 0.2919 -0.3454 0.8919
vn 0.2202 -0.0119 0.9754
vn -0.035 -0.002 0.9994
vn 0.3289 -0.015 0.9442
vn 0.2072 -0.1746 0.9626
vn 0.1646 -0.3285 0.9301
vn -0.0531 -0.3007 0.9522
vn -0.0212 -0.1529 0.988
vn 0.2431 -0.0094 0.9699
vn 0.0125 0.0012 0.9999
vn 0.048 0.0004 0.9988
vn 0.0595 0.0021 0.9982
vn 0.2956 -0.0004 0.9553
vn 0.2758 -0.0101 0.9612
vn 0.3499 -0.0064 0.9368
vn 0.337 -0.0164 0.9414
vn -0.0751 -0.0051 0.9972
vn 0.198 -0.0143 0.9801
vn 0.1934 -0.0103 0.9811
vn -0.0927 -0.0097 0.9956
vn -0.6107 -0.1165 0.7832
vn -0.6034 -0.2598 0.754
vn -0.7635 -0.2338 0.602
vn -0.7825 -0.0968 0.6151
vn -0.7305 -0.253 0.6344
vn -0.7642 -0.1099 0.6355
vn -0.5964 0.0238 0.8024
vn -0.7887 0.0356 0.6138
vn -0.7865 0.0278 0.6169
vn -0.2905 -0.1794 0.9399
vn -0.588 -0.1437 0.796
vn -0.5493 -0.2989 0.7803
vn -0.2706 -0.3442 0.8991
vn -0.3054 -0.0126 0.9521
vn -0.619 0.0082 0.7854
vn -0.3138 -0.0144 0.9494
vn -0.2931 -0.0168 0.9559
vn -0.6598 -0.0068 0.7514
vn -0.6479 0.0057 0.7617
vn -0.8094 0.026 0.5867
vn -0.829 0.0089 0.5592
vn -0.7936 0.0325 0.6075
vn -0.8064 0.0174 0.5911
vn -0.5663 0.0068 0.8242
vn -0.576 0.0172 0.8173
vn 0.0296 -0.1764 0.9839
vn 0.0748 -0.3408 0.9371
vn 0.3424 -0.1968 0.9187
vn 0.3731 -0.3661 0.8525
vn -0.0276 -0.0101 0.9996
vn 0.2861 -0.0235 0.9579
vn 0.5991 -0.2096 0.7728
vn 0.5927 -0.3797 0.7103
vn 0.5773 -0.032 0.8159
vn 0.5368 -0.0352 0.843
vn 0.4986 -0.0305 0.8663
vn 0.217 -0.0234 0.9759
vn 0.1556 -0.0227 0.9876
vn -0.0871 -0.0074 0.9962
vn -0.1361 -0.0089 0.9907
vn -0.3311 -0.2681 0.9047
vn -0.3289 -0.1254 0.936
vn -0.2938 -0.2712 0.9166
vn -0.3181 -0.1258 0.9397
vn -0.317 0.0152 0.9483
vn -0.3349 0.015 0.9421
vn -0.1127 -0.1435 0.9832
vn -0.0706 -0.2987 0.9517
vn -0.1547 0.0074 0.9879
vn -0.1943 0.0051 0.9809
vn -0.2182 -0.0049 0.9759
vn -0.3474 0.0116 0.9377
vn -0.357 -0.0021 0.9341
vn -0.2996 0.012 0.954
vn -0.2943 0.0008 0.9557
vn -0.3357 -0.2759 0.9006
vn -0.3227 -0.1309 0.9374
vn -0.3804 -0.2677 0.8852
vn -0.3974 -0.1241 0.9092
vn -0.3006 0.0111 0.9537
vn -0.4052 0.0148 0.9141
vn -0.2603 -0.1357 0.9559
vn -0.2225 -0.285 0.9324
vn -0.2939 0.0089 0.9558
vn -0.3226 0.0055 0.9465
vn -0.3361 -0.0065 0.9418
vn -0.4095 -0.0042 0.9123
vn -0.4073 0.0106 0.9132
vn -0.2724 0.0066 0.9622
vn -0.2654 -0.0042 0.9641
vn 0.6197 -0.4014 0.6744
vn 0.6749 -0.2323 0.7004
vn 0.3232 -0.3723 0.87
vn 0.365 -0.2127 0.9064
vn 0.6935 -0.0417 0.7193
vn 0.3833 -0.0324 0.923
vn -0.1583 -0.1724 0.9722
vn -0.1708 -0.323 0.9309
vn -0.137 -0.0058 0.9906
vn -0.1014 -0.0187 0.9947
vn -0.1166 -0.0132 0.9931
vn 0.3769 -0.0352 0.9256
vn 0.3601 -0.0355 0.9323
vn 0.6764 -0.039 0.7355
vn 0.6436 -0.0303 0.7648
vn -0.77 -0.2406 0.591
vn -0.79 -0.1019 0.6046
vn -0.6351 -0.1064 0.7651
vn -0.5848 -0.2509 0.7714
vn -0.785 0.0278 0.6189
vn -0.6648 0.0299 0.7465
vn -0.2172 -0.1306 0.9674
vn -0.1421 -0.2891 0.9467
vn -0.2919 0.0221 0.9562
vn -0.3536 0.0252 0.9351
vn -0.3817 0.0198 0.9241
vn -0.6791 0.0288 0.7335
vn -0.6757 0.0136 0.7371
vn -0.762 0.0223 0.6471
vn -0.7358 0.0031 0.6772
vn -0.5702 -0.253 0.7816
vn -0.548 -0.1141 0.8287
vn -0.6843 -0.2265 0.6932
vn -0.6881 -0.0937 0.7196
vn -0.5082 0.0203 0.861
vn -0.6733 0.0313 0.7387
vn -0.6007 -0.0925 0.7941
vn -0.5769 -0.2293 0.784
vn -0.6084 0.035 0.7929
vn -0.6072 0.031 0.7939
vn -0.5968 0.0111 0.8023
vn -0.6286 0.0028 0.7777
vn -0.6498 0.0247 0.7597
vn -0.4586 0.0139 0.8886
vn -0.4301 -0.0022 0.9028
vn -0.2219 -0.2806 0.9338
vn -0.2168 -0.1361 0.9667
vn -0.2422 -0.2797 0.929
vn -0.2605 -0.1346 0.956
vn -0.2068 0.0086 0.9783
vn -0.2758 0.0081 0.9612
vn -0.1365 -0.1468 0.9797
vn -0.1035 -0.2977 0.949
vn -0.1702 0.001 0.9854
vn -0.2045 -0.003 0.9789
vn -0.2284 -0.0123 0.9735
vn -0.291 0.0053 0.9567
vn -0.3074 -0.0063 0.9516
vn -0.1949 0.0071 0.9808
vn -0.1987 -0.0003 0.9801
vn -0.014 -0.3691 0.9293
vn -0.0035 -0.1994 0.9799
vn 0.1426 -0.3722 0.9171
vn 0.1723 -0.2006 0.9644
vn 0.0154 -0.023 0.9996
vn 0.2082 -0.02 0.9779
vn 0.9463 -0.2121 -0.2441
vn 0.4429 -0.1602 0.8822
vn 0.3391 -0.2968 0.8927
vn 0.7963 -0.5613 -0.2257
vn 0.4981 -0.0181 0.8669
vn 0.9632 -0.0281 -0.2671
vn 0.9585 -0.0279 -0.2838
vn 0.9578 -0.0235 -0.2866
vn 0.533 -0.0015 0.8461
vn 0.5203 -0.0113 0.8539
vn 0.2784 -0.0015 0.9605
vn 0.2446 -0.0144 0.9695
vn 0.0406 -0.0214 0.9989
vn 0.0848 -0.0131 0.9963
vn -0.2291 0.0145 0.9733
vn -0.2532 0.0126 0.9673
vn -0.3241 0.0151 0.9459
vn -0.3222 0.0193 0.9465
vn -0.1971 0.0163 0.9802
vn -0.3105 0.0232 0.9503
vn -0.1375 0.0052 0.9905
vn -0.1691 0.0048 0.9856
vn -0.1012 0.0054 0.9949
vn -0.1143 0.0218 0.9932
vn -0.1587 0.0185 0.9872
vn -0.2899 0.0268 0.9567
vn -0.2611 0.0308 0.9648
vn -0.0123 0.0079 0.9999
vn -0.0609 0.0062 0.9981
vn -0.2575 -0.0057 0.9663
vn -0.9994 -0.0066 -0.0347
vn -0.9985 0.0008 -0.054
vn -0.2894 -0.004 0.9572
vn -0.3189 -0.0031 0.9478
vn -0.997 0.0037 -0.0774
vn -0.3741 -0.002 0.9274
vn -0.3468 -0.0023 0.9379
vn -0.9947 0.0053 -0.1024
vn -0.9917 0.0055 -0.1284
vn 0.169 0.0048 0.9856
vn -0.1597 -0.0056 0.9872
vn -0.1868 -0.0093 0.9824
vn 0.1303 0.0026 0.9915
vn -0.2043 -0.0136 0.9788
vn 0.0743 -0.0015 0.9972
vn 0.4093 0.0069 0.9124
vn 0.4242 0.0091 0.9055
vn 0.421 0.0104 0.907
vn -0.001 -0.0086 1.0
vn -0.2051 -0.0183 0.9786
vn -0.1853 -0.0218 0.9824
vn -0.0855 -0.0176 0.9962
vn 0.3883 0.0104 0.9215
vn 0.3226 0.0084 0.9465
vn 0.5177 0.0096 0.8555
vn 0.5702 0.0183 0.8213
vn 0.1704 0.0071 0.9853
vn 0.1331 -0.0024 0.9911
vn 0.4587 0.0032 0.8886
vn 0.1039 -0.0081 0.9946
vn 0.354 -0.0031 0.9352
vn 0.4031 -0.0007 0.9151
vn 0.0795 -0.0109 0.9968
vn 0.0577 -0.0122 0.9983
vn 0.2808 0.0014 0.9598
vn -0.0927 -0.0082 0.9957
vn -0.1295 -0.0106 0.9915
vn 0.2179 -0.0008 0.976
vn -0.152 -0.0138 0.9883
vn 0.144 -0.0044 0.9896
vn 0.5373 0.0079 0.8434
vn 0.5211 0.0081 0.8534
vn 0.4917 0.0079 0.8707
vn 0.06 -0.0101 0.9981
vn -0.1556 -0.0179 0.9877
vn -0.1397 -0.0214 0.99
vn -0.0221 -0.0179 0.9996
vn 0.4399 0.0071 0.898
vn 0.3638 0.0057 0.9315
vn 0.5782 0.0102 0.8158
vn 0.607 0.017 0.7945
vn 0.222 0.0134 0.975
vn 0.1949 0.0061 0.9808
vn 0.5411 0.0066 0.8409
vn 0.1705 0.0034 0.9854
vn 0.4814 0.007 0.8765
vn 0.5076 0.0057 0.8616
vn 0.1483 0.0035 0.9889
vn 0.1283 0.0053 0.9917
vn 0.6105 0.0184 0.7918
vn 0.5034 -0.0045 0.864
vn 0.4035 -0.0089 0.9149
vn 0.5445 0.0185 0.8385
vn 0.2929 -0.0147 0.956
vn 0.4535 0.0165 0.8911
vn 0.5809 0.0243 0.8136
vn 0.5911 0.0282 0.8061
vn 0.5918 0.0327 0.8054
vn 0.332 0.0117 0.9432
vn 0.185 -0.0206 0.9825
vn 0.0951 -0.0254 0.9951
vn 0.1785 0.0027 0.9839
vn 0.5678 0.0354 0.8224
vn 0.4978 0.035 0.8666
vn 0.4636 0.0302 0.8855
vn 0.543 0.0389 0.8389
vn -0.0384 0.0258 0.9989
vn -0.1012 0.0153 0.9947
vn 0.3887 0.0232 0.9211
vn -0.1464 0.0083 0.9892
vn 0.2723 0.0146 0.9621
vn 0.3245 0.0178 0.9457
vn -0.1804 0.0039 0.9836
vn -0.2084 0.0018 0.978
vn -0.2832 -0.025 0.9587
vn -0.2352 -0.0218 0.9717
vn -0.5264 -0.0203 0.85
vn -0.4921 -0.0214 0.8703
vn -0.3249 -0.0306 0.9453
vn -0.4451 -0.0241 0.8952
vn 0.4357 -0.013 0.9
vn 0.464 -0.0106 0.8858
vn 0.417 -0.0151 0.9088
vn -0.3079 -0.0462 0.9503
vn -0.338 -0.038 0.9404
vn -0.3823 -0.0277 0.9236
vn -0.3035 -0.0314 0.9523
vn 0.499 -0.0166 0.8665
vn 0.161 -0.0529 0.9855
vn 0.9695 0.0092 0.245
vn 0.9518 0.0042 -0.3066
vn 0.7993 0.011 0.6008
vn 0.7939 -0.0013 0.6081
vn 0.908 -0.0 0.4189
vn 0.7871 -0.0077 0.6168
vn 0.8467 -0.005 0.5321
vn 0.874 -0.0038 0.486
vn 0.7796 -0.0108 0.6261
vn 0.7707 -0.0121 0.6371
vn 0.2661 0.0041 0.9639
vn -0.1255 -0.0103 0.992
vn -0.1537 -0.0142 0.988
vn 0.2209 0.0017 0.9753
vn -0.1747 -0.0193 0.9844
vn 0.1572 -0.0028 0.9876
vn 0.5033 0.0106 0.864
vn 0.5089 0.0128 0.8608
vn 0.4991 0.014 0.8664
vn 0.0704 -0.0105 0.9975
vn -0.1827 -0.0251 0.9829
vn -0.1711 -0.0299 0.9848
vn -0.0341 -0.0213 0.9992
vn 0.4606 0.0137 0.8875
vn 0.3848 0.0105 0.9229
vn 0.6059 0.0233 0.7952
vn 0.1929 0.0103 0.9812
vn 0.1629 0.0019 0.9866
vn 0.5572 0.015 0.8302
vn 0.1428 -0.0029 0.9897
vn 0.5085 0.0091 0.861
vn 0.4663 0.0054 0.8846
vn 0.1278 -0.0054 0.9918
vn 0.115 -0.0065 0.9933
vn 0.4316 0.0033 0.9021
vn 0.2315 0.0055 0.9728
vn -0.0877 -0.0035 0.9961
vn -0.1249 -0.0072 0.9921
vn 0.1865 0.0032 0.9824
vn -0.1507 -0.0119 0.9885
vn 0.1249 -0.001 0.9922
vn 0.4368 0.0061 0.8995
vn 0.4479 0.0075 0.894
vn 0.4415 0.0086 0.8972
vn 0.0471 -0.0075 0.9989
vn -0.1586 -0.0167 0.9872
vn -0.1463 -0.0202 0.989
vn -0.0377 -0.0152 0.9992
vn 0.4068 0.0088 0.9135
vn 0.341 0.0082 0.94
vn 0.5111 0.0075 0.8595
vn 0.5601 0.0159 0.8283
vn 0.1507 0.0077 0.9886
vn 0.1108 -0.0012 0.9938
vn 0.4538 0.0019 0.8911
vn 0.0769 -0.0062 0.997
vn 0.3468 -0.003 0.9379
vn 0.3979 -0.0013 0.9174
vn 0.0459 -0.0086 0.9989
vn 0.0162 -0.0097 0.9998
vn -0.3854 -0.0098 0.9227
vn -0.4797 -0.0132 0.8773
vn 0.0387 0.0007 0.9992
vn 0.136 0.0071 0.9907
vn -0.2659 -0.0045 0.964
vn 0.2278 0.0149 0.9736
vn -0.843 -0.0159 0.5377
vn -0.8571 -0.0154 0.5149
vn -0.8119 -0.0148 0.5837
vn 0.0545 0.0155 0.9984
vn -0.1195 0.0033 0.9928
vn 0.3064 0.0248 0.9516
vn 0.3542 0.0382 0.9344
vn -0.643 -0.0038 0.7658
vn -0.7526 -0.0114 0.6584
vn -0.9906 0.0064 -0.1368
vn 0.2053 0.0226 -0.9784
vn 0.2563 -0.0038 -0.9666
vn -0.9974 -0.0023 -0.0724
vn -0.5398 -0.0579 0.8398
vn -0.9963 -0.0073 0.0856
vn -0.9708 -0.0088 0.2398
vn -0.5669 -0.0257 0.8234
vn -0.5975 -0.0164 0.8017
vn -0.9354 -0.0076 0.3534
vn 0.384 -0.0091 0.9233
vn 0.4232 -0.0129 0.906
vn 0.3317 -0.0037 0.9434
vn -0.0298 -0.0026 0.9996
vn -0.0885 0.0032 0.9961
vn -0.1503 0.0103 0.9886
vn 0.2636 0.0046 0.9646
vn 0.1811 0.0171 0.9833
vn -0.2115 0.0185 0.9772
vn -0.2658 0.0283 0.9636
vn -0.353 0.028 0.9352
vn -0.3513 0.0342 0.9357
vn -0.3404 0.0218 0.94
vn -0.2861 0.0094 0.9581
vn -0.3172 0.0156 0.9482
vn -0.2171 -0.0108 0.9761
vn -0.2246 -0.0092 0.9744
vn -0.2363 -0.0061 0.9717
vn -0.3722 -0.0095 0.9281
vn -0.3756 -0.0112 0.9267
vn -0.3636 -0.0067 0.9315
vn -0.2594 0.0068 0.9657
vn -0.2501 -0.0011 0.9682
vn -0.3185 0.0021 0.9479
vn -0.3474 -0.003 0.9377
vn -0.2912 -0.0116 0.9566
vn -0.2408 -0.0106 0.9705
vn -0.3264 -0.0118 0.9452
vn -0.3454 -0.0115 0.9384
vn -0.35 -0.0111 0.9367
vn -0.2986 -0.0077 0.9543
vn -0.2999 -0.01 0.9539
vn -0.3029 -0.0045 0.953
vn -0.4128 -0.0069 0.9108
vn -0.4174 -0.0094 0.9087
vn -0.4044 -0.0039 0.9146
vn -0.3142 0.0087 0.9493
vn -0.3099 0.0011 0.9508
vn -0.3597 0.0037 0.9331
vn -0.3882 -0.0003 0.9216
vn -0.2867 -0.0101 0.958
vn -0.2401 -0.0103 0.9707
vn -0.3187 -0.0099 0.9478
vn -0.3386 -0.0106 0.9409
vn -0.3356 -0.0102 0.9419
vn 0.0804 -0.0316 0.9963
vn 0.2943 -0.0378 0.955
vn 0.6103 -0.0411 0.7911
vn 0.2875 -0.0361 0.9571
vn 0.2785 -0.0403 0.9596
vn 0.2675 -0.0445 0.9625
vn 0.8075 -0.0392 0.5885
vn 0.8761 -0.0374 0.4807
vn 0.2504 -0.0481 0.967
vn 0.2212 -0.0513 0.9739
vn 0.1655 -0.0402 0.9854
vn 0.2194 -0.0387 0.9749
vn 0.2763 -0.0356 0.9604
vn 0.3364 -0.0312 0.9412
vn 0.4 -0.0266 0.9161
vn -0.2931 0.0051 0.9561
vn -0.3032 0.0052 0.9529
vn -0.291 0.0066 0.9567
vn -0.5317 0.0026 0.8469
vn -0.5598 0.0009 0.8287
vn -0.504 0.005 0.8637
vn -0.3047 0.0173 0.9523
vn -0.2965 0.0104 0.955
vn -0.4333 0.0122 0.9012
vn -0.4729 0.0086 0.8811
vn -0.4525 -0.0076 0.8917
vn -0.3716 -0.0079 0.9284
vn -0.5189 -0.0079 0.8548
vn -0.6155 -0.0096 0.7881
vn -0.572 -0.0085 0.8202
vn -0.5201 -0.0064 0.8541
vn -0.5103 -0.0042 0.86
vn -0.5017 -0.0002 0.865
vn -0.545 -0.0098 0.8384
vn -0.5678 -0.0118 0.8231
vn -0.5153 -0.0073 0.857
vn -0.4664 0.0142 0.8845
vn -0.4903 0.0055 0.8715
vn -0.4221 -0.0005 0.9065
vn -0.4753 -0.0042 0.8798
vn -0.3255 -0.0186 0.9454
vn -0.2656 -0.019 0.9639
vn -0.3729 -0.0174 0.9277
vn -0.4058 -0.0164 0.9138
vn -0.4257 -0.0156 0.9047
vn -0.2474 -0.0119 0.9688
vn -0.2389 -0.0136 0.9709
vn -0.2597 -0.0085 0.9657
vn -0.3632 -0.0097 0.9317
vn -0.36 -0.0116 0.9329
vn -0.3618 -0.007 0.9322
vn -0.2807 0.0057 0.9598
vn -0.2731 -0.0025 0.962
vn -0.3258 0.0013 0.9454
vn -0.35 -0.0031 0.9367
vn -0.2663 -0.0109 0.9638
vn -0.2234 -0.0106 0.9747
vn -0.2942 -0.0106 0.9557
vn -0.3052 -0.01 0.9522
vn -0.3006 -0.0094 0.9537
vn 0.4374 0.0072 0.8992
vn 0.9882 -0.0042 -0.1529
vn 0.9939 -0.0044 -0.1106
vn 0.3969 0.0069 0.9178
vn 0.9976 -0.0059 -0.0684
vn 0.3539 0.0064 0.9353
vn 0.2895 0.0168 0.957
vn 0.2607 0.0185 0.9652
vn 0.2197 0.02 0.9754
vn 0.3092 0.0059 0.951
vn 0.9996 -0.0094 -0.0271
vn 0.9998 -0.0166 0.0135
vn 0.264 0.005 0.9645
vn 0.1668 0.0214 0.9858
vn 0.1056 0.023 0.9941
vn 0.2679 0.0384 0.9627
vn 0.3165 0.0321 0.9481
vn 0.3329 0.026 0.9426
vn 0.2998 0.015 0.9539
vn 0.3256 0.0204 0.9453
vn -0.284 0.0025 0.9588
vn -0.2889 -0.0 0.9574
vn -0.2799 0.0066 0.96
vn -0.305 0.0054 0.9523
vn -0.2361 0.0003 0.9717
vn -0.2191 0.0022 0.9757
vn -0.2701 0.01 0.9628
vn -0.3175 0.0105 0.9482
vn -0.1965 0.0039 0.9805
vn -0.3998 -0.0024 0.9166
vn -0.9881 0.0043 -0.1537
vn -0.4224 -0.0033 0.9064
vn -0.9842 0.0022 -0.1772
vn -0.442 -0.0055 0.897
vn -0.9805 -0.0012 -0.1966
vn -0.0656 0.0001 0.9978
vn 0.2151 0.0071 0.9766
vn -0.0962 -0.0013 0.9954
vn 0.2077 0.0061 0.9782
vn 0.3372 0.0036 0.9414
vn 0.3624 0.004 0.932
vn 0.1935 0.0057 0.9811
vn -0.1278 -0.0031 0.9918
vn 0.3869 0.0053 0.9221
vn 0.3114 -0.0044 0.9503
vn 0.0371 -0.0127 0.9992
vn 0.2734 -0.005 0.9619
vn 0.0164 -0.013 0.9998
vn 0.2385 -0.0061 0.9711
vn -0.0043 -0.0148 0.9999
vn 0.0587 -0.0026 0.9983
vn 0.4243 0.0088 0.9055
vn 0.0043 -0.0046 1.0
vn 0.3823 0.0051 0.924
vn 0.5692 0.0151 0.8221
vn 0.558 0.0107 0.8298
vn 0.3349 0.0032 0.9423
vn -0.047 -0.0063 0.9989
vn 0.5479 0.0089 0.8365
vn 0.463 0.0087 0.8863
vn 0.1099 0.008 0.9939
vn 0.4512 0.0118 0.8923
vn 0.0934 0.0115 0.9956
vn 0.4446 0.0179 0.8956
vn 0.076 0.0167 0.997
vn 0.7172 0.002 0.6969
vn 0.7215 0.0169 0.6922
vn 0.6589 0.0006 0.7522
vn 0.6944 0.0162 0.7194
vn 0.5535 0.0212 0.8326
vn 0.5608 0.0203 0.8277
vn 0.6588 0.0174 0.7522
vn 0.5884 -0.0014 0.8086
vn 0.5699 0.0218 0.8214
vn -0.2358 0.0018 0.9718
vn 0.2298 0.0137 0.9731
vn 0.193 0.0138 0.9811
vn -0.2663 0.0025 0.9639
vn 0.1598 0.0161 0.987
vn -0.3015 0.0041 0.9535
vn -0.1521 -0.0148 0.9883
vn -0.5792 -0.0191 0.8149
vn -0.1644 -0.0163 0.9863
vn -0.5705 -0.0192 0.8211
vn 0.484 -0.0052 0.875
vn 0.491 -0.0056 0.8711
vn -0.1941 -0.0193 0.9808
vn -0.5522 -0.02 0.8335
vn 0.484 -0.008 0.875
vn 0.821 -0.0045 0.5708
vn 0.7594 -0.0121 0.6505
vn 0.7963 -0.0036 0.6049
vn 0.7461 -0.011 0.6657
vn 0.7764 -0.0028 0.6303
vn 0.732 -0.0107 0.6812
vn -0.0329 -0.004 0.9995
vn 0.3376 0.0084 0.9412
vn -0.0659 -0.0053 0.9978
vn 0.3203 0.0064 0.9473
vn 0.4686 0.0101 0.8834
vn 0.4802 0.0087 0.8771
vn 0.2976 0.0054 0.9547
vn -0.0956 -0.0074 0.9954
vn 0.4924 0.0093 0.8703
vn 0.102 -0.0068 0.9948
vn 0.4031 0.0021 0.9152
vn 0.0878 -0.0066 0.9961
vn 0.378 0.0022 0.9258
vn 0.3557 0.0031 0.9346
vn 0.071 -0.0064 0.9975
vn 0.0377 0.0034 0.9993
vn 0.2959 0.009 0.9552
vn -0.0029 0.001 1.0
vn 0.2827 0.0074 0.9592
vn 0.3703 0.0055 0.9289
vn 0.394 0.0046 0.9191
vn 0.2625 0.0066 0.9649
vn -0.0452 -0.0009 0.999
vn 0.4172 0.0051 0.9088
vn 0.2999 -0.0038 0.954
vn -0.0133 -0.0103 0.9999
vn 0.2578 -0.0038 0.9662
vn -0.0434 -0.0104 0.999
vn 0.2189 -0.0033 0.9757
vn -0.0745 -0.0112 0.9972
vn -0.6425 -0.0171 0.7661
vn -0.233 -0.0132 0.9724
vn -0.6051 -0.0155 0.796
vn -0.1509 -0.0082 0.9885
vn -0.8446 -0.0104 0.5353
vn -0.8552 -0.0118 0.5181
vn -0.5517 -0.015 0.8339
vn -0.0581 -0.0044 0.9983
vn -0.8601 -0.0139 0.5099
vn -0.5976 -0.0109 0.8017
vn -0.9007 -0.006 0.4345
vn -0.5869 -0.0067 0.8097
vn -0.8673 -0.0034 0.4978
vn -0.8334 -0.0006 0.5527
vn -0.5725 -0.0033 0.8199
vn 0.4815 -0.0186 0.8762
vn 0.4705 -0.0158 0.8823
vn 0.1113 -0.017 0.9936
vn 0.071 -0.0119 0.9974
vn 0.4515 -0.0151 0.8921
vn 0.0245 -0.0081 0.9997
vn -0.25 0.0035 0.9682
vn -0.212 -0.0019 0.9773
vn -0.1748 -0.0077 0.9846
vn -0.2198 -0.0131 0.9754
vn -0.2152 -0.0119 0.9765
vn -0.3637 -0.0145 0.9314
vn -0.3698 -0.0128 0.929
vn -0.2141 -0.0117 0.9767
vn -0.3737 -0.0124 0.9274
vn -0.3432 -0.0103 0.9392
vn -0.3287 -0.0093 0.9444
vn -0.3077 -0.0094 0.9514
vn -0.3298 -0.0154 0.9439
vn -0.3171 -0.0129 0.9483
vn -0.4141 -0.016 0.9101
vn -0.4176 -0.0128 0.9085
vn -0.3066 -0.0117 0.9518
vn -0.4192 -0.0114 0.9078
vn -0.3298 -0.0109 0.944
vn -0.3114 -0.0111 0.9502
vn -0.2839 -0.0124 0.9588
vn -0.0826 -0.0204 0.9964
vn -0.0561 -0.0217 0.9982
vn 0.3371 -0.0286 0.941
vn 0.3138 -0.0281 0.9491
vn -0.0113 -0.0262 0.9996
vn 0.2984 -0.0319 0.9539
vn 0.4643 -0.0222 0.8854
vn 0.5284 -0.0186 0.8488
vn 0.5917 -0.0175 0.8059
vn -0.3683 0.0099 0.9297
vn -0.3425 0.0074 0.9395
vn -0.6521 -0.0025 0.7582
vn -0.6207 -0.0014 0.784
vn -0.3201 0.0062 0.9473
vn -0.5896 -0.0002 0.8077
vn -0.6529 -0.0109 0.7573
vn -0.6854 -0.012 0.7281
vn -0.7117 -0.0142 0.7024
vn -0.5758 -0.0087 0.8175
vn -0.5521 -0.0075 0.8338
vn -0.6135 -0.0163 0.7895
vn -0.6008 -0.0138 0.7993
vn -0.5337 -0.0073 0.8457
vn -0.5858 -0.0131 0.8104
vn -0.4348 -0.015 0.9004
vn -0.4353 -0.0143 0.9002
vn -0.4275 -0.0156 0.9039
vn -0.2347 -0.018 0.9719
vn -0.2343 -0.0151 0.972
vn -0.3238 -0.0152 0.946
vn -0.3391 -0.0127 0.9407
vn -0.2354 -0.0149 0.9718
vn -0.3512 -0.0127 0.9362
vn -0.2834 -0.0085 0.959
vn -0.2569 -0.0078 0.9664
vn -0.2238 -0.0077 0.9746
vn 0.9639 -0.0133 -0.266
vn 0.5252 0.0059 0.8509
vn 0.9725 -0.0079 -0.2327
vn 0.5033 0.0064 0.8641
vn 0.3007 0.0099 0.9537
vn 0.3094 0.0121 0.9509
vn 0.4734 0.0071 0.8808
vn 0.9809 -0.0055 -0.1942
vn 0.3056 0.0147 0.952
vn 0.2588 0.0098 0.9659
vn 0.206 0.0048 0.9785
vn 0.1451 -0.0004 0.9894
vn -0.065 0.0329 0.9973
vn -0.2346 0.0396 0.9713
vn -0.0572 0.0747 0.9956
vn -0.2374 0.0598 0.9696
vn 0.0558 0.0138 0.9983
vn 0.1721 0.0483 0.9839
vn -0.4335 0.3102 0.8461
vn -0.3831 0.288 0.8776
vn -0.1626 0.9749 -0.1521
vn -0.2209 0.9556 -0.1952
vn 0.1768 0.43 0.8854
vn -0.1444 0.7551 -0.6395
vn -0.2888 0.1848 0.9394
vn -0.172 0.2341 0.9569
vn 0.2209 0.2734 0.9362
vn 0.3606 0.3419 0.8678
vn -0.875 0.454 0.1682
vn -0.9812 0.1868 0.0489
vn 0.0932 0.1842 0.9785
vn -0.1303 0.0081 0.9914
vn -0.9998 0.0118 -0.0153
vn 0.1833 0.4378 0.8802
vn -0.2192 -0.0078 0.9757
vn -0.9996 -0.0145 -0.024
vn -0.1409 -0.0232 0.9898
vn -0.1504 -0.0278 0.9882
vn -0.0583 -0.02 0.9981
vn -0.1341 -0.0433 0.99
vn 0.2266 0.0052 0.974
vn 0.0587 -0.0221 0.998
vn 0.3209 0.9162 0.2401
vn 0.4051 0.1047 0.9082
vn 0.2745 0.2192 0.9363
vn -0.2647 0.8848 -0.3834
vn 0.1257 0.9732 0.1925
vn -0.0846 0.0683 0.9941
vn 0.004 0.0437 0.999
vn 0.055 0.1124 0.9921
vn -0.4574 -0.0221 0.889
vn 0.1823 0.1459 0.9724
vn 0.1985 0.2224 0.9545
vn 0.3846 0.1597 0.9091
vn 0.103 0.079 0.9915
vn 0.3101 0.0448 0.9496
vn 0.1271 -0.0273 0.9915
vn -0.2387 0.0734 0.9683
vn 0.5939 0.0292 0.804
vn 0.2226 0.0212 0.9747
vn -0.1046 -0.0224 0.9943
vn -0.083 -0.0248 0.9962
vn -0.0392 -0.0178 0.9991
vn -0.0767 -0.0356 0.9964
vn 0.2537 0.0042 0.9673
vn 0.0492 -0.0197 0.9986
vn 0.3273 0.9132 0.2427
vn 0.4133 0.102 0.9049
vn 0.277 0.2136 0.9368
vn -0.2677 0.8864 -0.3777
vn 0.1357 0.9755 0.1733
vn -0.0622 0.0763 0.9951
vn 0.0387 0.0466 0.9982
vn 0.0591 0.1098 0.9922
vn -0.3595 -0.0063 0.9331
vn 0.2037 0.1502 0.9675
vn 0.1931 0.2304 0.9537
vn 0.3675 0.1631 0.9156
vn 0.1552 0.0857 0.9842
vn 0.3161 0.0494 0.9474
vn 0.2321 -0.0076 0.9727
vn -0.1948 0.0797 0.9776
vn 0.5988 0.0264 0.8004
vn 0.2556 0.0264 0.9664
vn 0.0348 -0.0305 0.9989
vn 0.0146 -0.0125 0.9998
vn 0.0084 -0.047 0.9989
vn -0.0893 -0.0431 0.9951
vn 0.385 0.0307 0.9224
vn 0.1614 -0.0057 0.9869
vn 0.2129 0.8585 0.4666
vn 0.136 0.0438 0.9897
vn 0.1973 0.1006 0.9752
vn -0.1658 0.9587 -0.2309
vn -0.29 0.0417 0.9561
vn 0.1952 0.9721 0.1298
vn 0.0366 0.0244 0.999
vn -0.0664 -0.0104 0.9977
vn -0.3123 -0.0216 0.9497
vn 0.1676 0.1504 0.9743
vn 0.1727 0.2418 0.9548
vn 0.3216 0.1764 0.9303
vn 0.1287 0.0842 0.9881
vn 0.1883 0.0649 0.98
vn 0.3345 0.0209 0.9422
vn -0.3722 0.0329 0.9276
vn 0.614 0.0506 0.7877
vn 0.0517 0.0413 0.9978
vn -0.2449 -0.052 0.9682
vn -0.211 -0.0331 0.9769
vn -0.1445 -0.0566 0.9879
vn -0.1022 -0.0277 0.9944
vn -0.9426 -0.0693 0.3266
vn -0.8932 -0.0977 0.439
vn 0.3294 0.9112 0.2476
vn 0.4152 0.0844 0.9058
vn 0.264 0.2055 0.9424
vn -0.2815 0.8855 -0.3697
vn 0.0918 0.9741 0.2067
vn -0.1049 0.0425 0.9936
vn 0.0153 0.0312 0.9994
vn 0.0189 0.1017 0.9946
vn -0.7265 -0.0359 0.6863
vn 0.3088 0.2196 0.9254
vn 0.4078 0.2742 0.8709
vn 0.7041 0.2272 0.6727
vn 0.2935 0.3976 0.8693
vn 0.7802 0.0745 0.621
vn 0.2636 0.0232 -0.9644
vn -0.3652 0.0424 0.9299
vn 0.3579 0.0028 -0.9338
vn 0.7973 0.0306 0.6028
vn -0.1327 -0.0314 0.9907
vn -0.1227 -0.0335 0.9919
vn -0.0519 -0.0251 0.9983
vn -0.1183 -0.0481 0.9918
vn 0.2834 0.0054 0.959
vn 0.1202 -0.0222 0.9925
vn 0.3113 0.9224 0.2286
vn 0.411 0.1105 0.9049
vn 0.2899 0.2263 0.9299
vn -0.265 0.8908 -0.3692
vn 0.1329 0.9754 0.1761
vn -0.0507 0.0731 0.996
vn 0.0209 0.0445 0.9988
vn 0.0637 0.1135 0.9915
vn -0.4171 -0.0221 0.9086
vn 0.2142 0.1485 0.9654
vn 0.2178 0.225 0.9497
vn 0.3988 0.162 0.9026
vn 0.1386 0.0811 0.987
vn 0.3259 0.0473 0.9442
vn 0.1711 -0.0246 0.9849
vn -0.2029 0.0771 0.9762
vn 0.637 0.0341 0.7701
vn 0.2406 0.0239 0.9703
vn -0.1125 -0.0215 0.9934
vn -0.1056 -0.0234 0.9941
vn -0.0439 -0.0182 0.9989
vn -0.1012 -0.0375 0.9942
vn 0.2422 0.0071 0.9702
vn 0.0494 -0.0193 0.9986
vn 0.3257 0.9132 0.2451
vn 0.4066 0.1028 0.9078
vn 0.2754 0.2144 0.9371
vn -0.265 0.8861 -0.3802
vn 0.1313 0.9747 0.1807
vn -0.0773 0.0732 0.9943
vn 0.0214 0.0452 0.9988
vn 0.0588 0.1101 0.9922
vn -0.388 -0.0111 0.9216
vn 0.1888 0.1478 0.9708
vn 0.1891 0.2263 0.9555
vn 0.3638 0.1603 0.9176
vn 0.1297 0.0816 0.9882
vn 0.2885 0.0458 0.9564
vn 0.2026 -0.0119 0.9792
vn -0.2178 0.0771 0.9729
vn 0.5796 0.0272 0.8144
vn 0.2028 0.0219 0.979
vn 0.2322 0.0389 0.9719
vn 0.3446 0.0586 0.9369
vn 0.3152 0.1035 0.9434
vn 0.3437 0.0876 0.935
vn -0.4414 0.014 0.8972
vn -0.0975 0.0532 0.9938
vn 0.2214 0.9341 -0.2802
vn 0.5777 0.3355 0.7441
vn 0.3797 0.4285 0.8199
vn 0.1276 0.8357 -0.5342
vn 0.4495 0.297 0.8425
vn 0.1623 0.9643 -0.2094
vn 0.3418 0.2927 0.893
vn 0.43 0.2447 0.869
vn 0.2169 0.2211 0.9508
vn -0.1802 0.3419 0.9223
vn -0.048 0.1831 0.9819
vn 0.0957 0.8736 0.4771
vn -0.6155 0.2383 0.7512
vn -0.9524 0.0553 0.2996
vn -0.0045 0.11 -0.9939
vn 0.372 0.3268 0.8688
vn -0.999 0.0247 -0.0376
vn 0.1382 0.0427 -0.9895
vn 0.0872 0.0327 0.9956
vn -0.011 0.0542 0.9985
vn -0.3058 0.0393 0.9513
vn -0.3277 0.0533 0.9433
vn -0.2888 0.9526 -0.096
vn -0.2532 0.2355 0.9383
vn 0.105 0.1948 0.9752
vn 0.0245 0.9997 -0.0031
vn -0.2944 0.9377 -0.1846
vn -0.3917 0.2551 0.884
vn -0.1114 0.1645 0.9801
vn -0.3557 0.1613 0.9206
vn -0.3373 0.1683 0.9262
vn -0.3647 0.2726 0.8904
vn -0.3477 0.2958 0.8897
vn -0.3211 0.0548 0.9455
vn -0.3806 0.2574 0.8882
vn -0.3369 0.0415 0.9406
vn -0.2527 0.0181 0.9674
vn -0.2206 0.0339 0.9748
vn -0.2776 0.0085 0.9607
vn -0.2296 0.0195 0.9731
vn -0.2442 0.9641 -0.1046
vn -0.2398 0.2231 0.9448
vn 0.0159 0.1922 0.9812
vn 0.0482 0.9987 0.0138
vn -0.2203 0.968 -0.1202
vn -0.2279 0.2433 0.9428
vn -0.1994 0.1388 0.97
vn -0.2125 0.1357 0.9677
vn -0.1016 0.1478 0.9838
vn -0.1593 0.2703 0.9495
vn 0.1771 0.2389 0.9548
vn -0.1113 0.0037 0.9938
vn -0.2199 0.2442 0.9445
vn -0.1796 -0.0075 0.9837
vn -0.3027 0.02 0.9529
vn -0.264 0.036 0.9639
vn -0.3154 0.009 0.9489
vn -0.2609 0.0194 0.9652
vn -0.239 0.9639 -0.1177
vn -0.2672 0.226 0.9368
vn -0.0084 0.1964 0.9805
vn 0.0524 0.9985 0.0142
vn -0.2188 0.9672 -0.1291
vn -0.2435 0.2444 0.9386
vn -0.2355 0.1412 0.9616
vn -0.2364 0.1361 0.9621
vn -0.1174 0.1459 0.9823
vn -0.1735 0.2678 0.9477
vn 0.1783 0.2325 0.9561
vn -0.121 0.0025 0.9926
vn -0.2382 0.2451 0.9398
vn -0.1827 -0.0084 0.9831
vn 0.8898 -0.0366 0.4548
vn 0.882 -0.0337 0.4701
vn 0.1759 -0.0553 0.9828
vn 0.1253 -0.0606 0.9903
vn -0.2923 0.9545 0.0586
vn 0.1009 0.0778 0.9919
vn 0.0292 0.1017 0.9944
vn 0.0561 0.9941 0.093
vn -0.2383 0.9673 0.0872
vn 0.039 0.1245 0.9915
vn 0.767 0.0214 0.6413
vn 0.0796 0.0288 0.9964
vn 0.0413 0.0436 0.9982
vn -0.0227 0.1436 0.9894
vn 0.1227 0.1117 0.9861
vn 0.0796 -0.0517 0.9955
vn 0.0487 0.1246 0.991
vn 0.1152 -0.0421 0.9924
vn -0.3025 0.0274 0.9528
vn -0.2728 0.0408 0.9612
vn -0.3774 0.0164 0.9259
vn -0.3066 0.0233 0.9515
vn -0.2415 0.9625 -0.1233
vn -0.2805 0.2295 0.932
vn -0.0003 0.2019 0.9794
vn 0.0478 0.9987 0.0153
vn -0.2256 0.9643 -0.1387
vn -0.264 0.2469 0.9324
vn -0.2483 0.1449 0.9578
vn -0.2677 0.1383 0.9535
vn -0.1589 0.1431 0.9769
vn -0.2028 0.2659 0.9424
vn 0.1533 0.2251 0.9622
vn -0.1845 0.0005 0.9828
vn -0.2616 0.2471 0.933
vn -0.2786 -0.0072 0.9604
vn -0.4196 0.0271 0.9073
vn -0.342 0.0458 0.9386
vn -0.3551 0.0059 0.9348
vn -0.2834 0.0195 0.9588
vn -0.2325 0.9623 -0.141
vn -0.3045 0.2316 0.9239
vn -0.0156 0.2116 0.9772
vn 0.0512 0.9985 0.0183
vn -0.2188 0.9645 -0.1475
vn -0.2599 0.2523 0.9321
vn -0.2845 0.1506 0.9468
vn -0.252 0.1409 0.9574
vn -0.105 0.1515 0.9829
vn -0.1549 0.279 0.9477
vn 0.1894 0.2447 0.9509
vn -0.1209 -0.0005 0.9927
vn -0.2537 0.253 0.9336
vn -0.1964 -0.0154 0.9804
vn -0.2711 0.0172 0.9624
vn -0.2359 0.033 0.9712
vn -0.2861 0.0072 0.9582
vn -0.2377 0.018 0.9712
vn -0.2442 0.9636 -0.1085
vn -0.2487 0.2226 0.9427
vn -0.0087 0.1893 0.9819
vn 0.055 0.9984 0.0108
vn -0.22 0.968 -0.1208
vn -0.2308 0.2416 0.9425
vn -0.212 0.1379 0.9675
vn -0.2186 0.1341 0.9666
vn -0.1059 0.1454 0.9837
vn -0.1641 0.267 0.9496
vn 0.1783 0.2337 0.9558
vn -0.1094 0.0029 0.994
vn -0.2238 0.2426 0.9439
vn -0.1699 -0.0082 0.9854
vn 0.9982 -0.0252 0.0544
vn 0.2131 0.0071 0.977
vn 0.146 0.0234 0.989
vn 0.9947 -0.0207 0.1007
vn 0.0367 0.0296 0.9989
vn -0.0766 0.0587 0.9953
vn 0.0949 0.9952 0.0253
vn -0.1964 0.1974 0.9604
vn 0.7174 0.6912 0.0874
vn -0.5757 0.2514 0.778
vn -0.2606 0.9654 -0.004
vn 0.0426 0.1209 0.9917
vn 0.9825 0.1302 0.1334
vn -0.2487 0.1845 0.9509
vn -0.23 0.4237 0.8761
vn 0.374 0.4313 0.821
vn -0.0469 0.2875 0.9566
vn 0.0903 0.0935 0.9915
vn -0.4407 0.2863 0.8508
vn 0.1903 0.0481 0.9805
vn 0.1581 -0.2385 -0.9582
vn -0.235 -0.9677 -0.0914
vn 0.3126 -0.3221 -0.8936
vn 0.025 -0.9997 0.0071
vn 0.0604 -0.1175 -0.9912
vn 0.0094 0.005 -0.9999
vn 0.291 0.0018 -0.9567
vn 0.3088 -0.1621 -0.9372
vn 0.0055 -0.9993 0.0382
vn 0.2915 -0.3262 -0.8992
vn 0.1684 -0.3165 -0.9335
vn -0.0043 -0.9978 0.0657
vn 0.3029 -0.0024 -0.953
vn 0.2357 -0.0006 -0.9718
vn 0.2059 -0.1611 -0.9652
vn 0.3043 -0.1666 -0.9379
vn 0.2589 -0.0041 -0.9659
vn 0.2943 -0.0038 -0.9557
vn 0.2863 -0.003 -0.9581
vn 0.2757 -0.0016 -0.9612
vn 0.2699 0.0023 -0.9629
vn 0.2509 0.0018 -0.968
vn -0.0102 0.0069 -0.9999
vn -0.0291 0.0067 -0.9996
vn -0.1207 -0.3114 -0.9426
vn -0.2504 -0.2912 -0.9233
vn -0.0105 -0.9998 -0.0148
vn -0.012 -0.9983 0.0572
vn -0.2176 -0.2954 -0.9303
vn -0.0022 -0.9973 -0.0739
vn -0.0439 0.0088 -0.999
vn -0.2327 0.0154 -0.9724
vn -0.2452 -0.1405 -0.9593
vn -0.0843 -0.1559 -0.9842
vn -0.2685 0.0138 -0.9632
vn -0.2454 -0.1413 -0.9591
vn -0.0357 -0.3221 -0.946
vn 0.1882 -0.3534 -0.9164
vn 0.0206 -0.9994 -0.0261
vn 0.0197 -0.9966 -0.0799
vn -0.1266 0.0048 -0.9919
vn 0.1155 -0.0067 -0.9933
vn 0.1569 -0.1821 -0.9707
vn -0.0805 -0.159 -0.984
vn 0.0516 -0.0022 -0.9987
vn 0.0736 -0.0044 -0.9973
vn -0.17 0.0067 -0.9854
vn -0.1991 0.0005 -0.98
vn -0.29 0.0163 -0.9569
vn -0.3115 0.0076 -0.9502
vn -0.2216 0.0146 -0.975
vn -0.2207 0.0194 -0.9751
vn -0.0067 0.0131 -0.9999
vn 0.0133 0.0165 -0.9998
vn -0.3737 -0.2897 -0.8811
vn -0.5908 -0.2531 -0.7661
vn -0.0299 -0.9988 -0.0375
vn 0.0091 -0.995 0.0995
vn -0.5435 -0.2539 -0.8001
vn -0.0496 -0.9895 -0.136
vn -0.2209 -0.0031 -0.9753
vn -0.5467 0.0157 -0.8372
vn -0.5811 -0.1186 -0.8051
vn -0.3066 -0.1504 -0.9399
vn -0.5892 0.0224 -0.8077
vn -0.5765 -0.1136 -0.8091
vn -0.2805 -0.287 -0.9159
vn 0.0765 -0.3316 -0.9403
vn 0.0343 -0.9951 -0.0923
vn -0.0054 -0.9861 -0.166
vn -0.3901 0.0167 -0.9206
vn -0.0363 0.0031 -0.9993
vn 0.0203 -0.1644 -0.9862
vn -0.3418 -0.133 -0.9303
vn -0.0811 0.0062 -0.9967
vn -0.422 0.0173 -0.9065
vn -0.4285 0.0049 -0.9035
vn -0.0931 0.005 -0.9956
vn -0.5864 0.0199 -0.8098
vn -0.5779 0.0017 -0.8161
vn -0.5004 0.0098 -0.8658
vn -0.137 -0.0101 -0.9905
vn -0.0879 -0.0171 -0.996
vn -0.4666 -0.0064 -0.8845
vn 0.198 -0.3784 -0.9042
vn -0.2944 -0.3233 -0.8993
vn -0.0057 -0.9841 0.1776
vn -0.0806 -0.977 0.1976
vn -0.6811 -0.2607 -0.6842
vn 0.0026 -0.9964 0.0852
vn 0.3119 -0.0311 -0.9496
vn -0.1996 -0.0133 -0.9798
vn -0.2534 -0.1744 -0.9515
vn 0.2605 -0.2145 -0.9414
vn -0.6254 0.0097 -0.7803
vn -0.6627 -0.1273 -0.738
vn -0.8283 -0.2206 -0.515
vn -0.8096 -0.2123 -0.5472
vn -0.1378 -0.9874 -0.078
vn -0.0845 -0.9963 -0.0121
vn -0.8042 0.0278 -0.5937
vn -0.8077 0.0386 -0.5883
vn -0.8205 -0.0832 -0.5656
vn -0.8268 -0.0946 -0.5545
vn -0.756 0.0155 -0.6544
vn -0.7859 0.0319 -0.6175
vn -0.7761 0.0182 -0.6304
vn -0.7498 -0.0012 -0.6617
vn -0.5895 -0.0006 -0.8078
vn -0.569 -0.0147 -0.8222
vn -0.144 -0.0218 -0.9893
vn -0.1583 -0.0198 -0.9872
vn 0.3393 -0.0313 -0.9402
vn 0.3434 -0.0192 -0.939
vn -0.6566 -0.2522 -0.7109
vn -0.5049 -0.2707 -0.8196
vn -0.007 -0.9843 -0.1763
vn -0.0179 -0.9935 -0.112
vn -0.0932 -0.3069 -0.9472
vn 0.0618 -0.9755 -0.2112
vn -0.7149 0.032 -0.6985
vn -0.6295 0.0244 -0.7766
vn -0.5703 -0.1222 -0.8123
vn -0.6942 -0.1108 -0.7112
vn -0.2699 0.0129 -0.9628
vn -0.1777 -0.1449 -0.9734
vn 0.1115 -0.9889 -0.0981
vn 0.4242 -0.3494 -0.8355
vn 0.7093 -0.3799 -0.5937
vn 0.0063 -0.9993 0.0362
vn 0.2625 -0.0017 -0.9649
vn 0.65 -0.016 -0.7597
vn 0.6979 -0.2026 -0.6869
vn 0.3543 -0.1763 -0.9184
vn 0.5877 -0.008 -0.8091
vn 0.1759 0.0047 -0.9844
vn 0.1172 0.0113 -0.993
vn 0.5402 0.0071 -0.8415
vn -0.3537 0.0165 -0.9352
vn -0.4144 0.0128 -0.91
vn -0.6806 0.0287 -0.7321
vn -0.7212 0.0377 -0.6917
vn -0.7261 0.0275 -0.687
vn -0.7199 0.0178 -0.6938
vn -0.2557 -0.296 -0.9203
vn -0.4386 -0.2642 -0.859
vn -0.0246 -0.9994 -0.0237
vn -0.011 -0.9973 0.0732
vn -0.4067 -0.262 -0.8752
vn -0.033 -0.9928 -0.1152
vn -0.1487 0.0046 -0.9889
vn -0.3988 0.0158 -0.9169
vn -0.4262 -0.1252 -0.8959
vn -0.2062 -0.1498 -0.967
vn -0.443 0.0189 -0.8963
vn -0.4307 -0.12 -0.8945
vn -0.1511 -0.2929 -0.9441
vn 0.2337 -0.343 -0.9098
vn 0.0546 -0.9933 -0.1018
vn 0.0099 -0.9876 -0.1564
vn -0.2499 0.0121 -0.9682
vn 0.1222 -0.0025 -0.9925
vn 0.1842 -0.1724 -0.9676
vn -0.2015 -0.1382 -0.9697
vn 0.031 0.0026 -0.9995
vn 0.0624 0.0001 -0.9981
vn -0.2912 0.0113 -0.9566
vn -0.3142 0.0018 -0.9494
vn -0.4498 0.0166 -0.893
vn -0.4556 0.0031 -0.8902
vn -0.354 0.0054 -0.9352
vn -0.3689 0.0142 -0.9293
vn -0.0962 0.0048 -0.9953
vn -0.067 0.0062 -0.9977
vn -0.0635 -0.3208 -0.945
vn -0.265 -0.2936 -0.9185
vn -0.0104 -0.9999 0.0119
vn -0.0177 -0.9958 0.0896
vn -0.2939 -0.2911 -0.9104
vn -0.0096 -0.9982 -0.0588
vn 0.0346 0.0021 -0.9994
vn -0.2271 0.0126 -0.9738
vn -0.251 -0.1433 -0.9573
vn -0.0155 -0.1646 -0.9862
vn -0.3285 0.0149 -0.9444
vn -0.3162 -0.1388 -0.9385
vn -0.1568 -0.313 -0.9367
vn 0.0575 -0.3417 -0.938
vn 0.018 -0.9989 -0.0437
vn 0.0065 -0.9967 -0.0805
vn -0.2351 0.0088 -0.9719
vn -0.013 -0.001 -0.9999
vn 0.0238 -0.1725 -0.9847
vn -0.1984 -0.1521 -0.9682
vn -0.0463 -0.0003 -0.9989
vn -0.2673 0.01 -0.9636
vn -0.2861 0.0004 -0.9582
vn -0.0583 -0.002 -0.9983
vn -0.3382 0.0164 -0.9409
vn -0.3518 0.006 -0.936
vn -0.2047 0.015 -0.9787
vn 0.0769 0.0051 -0.997
vn 0.0942 0.01 -0.9955
vn -0.2012 0.0104 -0.9795
vn 0.5369 -0.3755 -0.7554
vn 0.6954 -0.3986 -0.598
vn -0.0949 -0.9955 0.0046
vn -0.0099 -0.9972 -0.0747
vn 0.672 -0.382 -0.6344
vn -0.1348 -0.9901 0.0398
vn 0.5529 -0.0207 -0.833
vn 0.7718 -0.0338 -0.635
vn 0.7454 -0.2213 -0.6288
vn 0.5536 -0.1996 -0.8085
vn 0.79 -0.0287 -0.6124
vn 0.7426 -0.2123 -0.6351
vn 0.504 -0.3362 -0.7956
vn 0.2351 -0.2883 -0.9282
vn -0.0749 -0.9963 0.0412
vn -0.1187 -0.9914 0.056
vn 0.6263 -0.0086 -0.7796
vn 0.3029 0.0138 -0.9529
vn 0.2717 -0.1418 -0.9519
vn 0.5717 -0.1794 -0.8006
vn 0.3113 0.016 -0.9502
vn 0.6573 -0.0057 -0.7536
vn 0.6692 0.008 -0.7431
vn 0.2876 0.0181 -0.9576
vn 0.8122 -0.0269 -0.5828
vn 0.8318 -0.0093 -0.555
vn 0.7755 -0.031 -0.6306
vn 0.5372 -0.0143 -0.8433
vn 0.5335 -0.0045 -0.8458
vn 0.7865 -0.0166 -0.6174
vn -0.0787 -0.2933 -0.9528
vn 0.0106 -0.9972 0.0742
vn -0.3867 -0.2656 -0.8832
vn 0.0304 -0.9988 0.038
vn 0.0357 0.0092 -0.9993
vn -0.0246 -0.1446 -0.9892
vn -0.2851 0.0239 -0.9582
vn -0.3457 -0.1234 -0.9302
vn -0.6078 -0.2493 -0.7539
vn 0.0132 -0.9992 -0.0364
vn -0.5846 0.0331 -0.8107
vn -0.6072 -0.1101 -0.7869
vn -0.5432 0.0364 -0.8388
vn -0.5061 0.0318 -0.8619
vn -0.2131 0.0231 -0.9768
vn -0.1505 0.0228 -0.9883
vn 0.0962 0.006 -0.9953
vn 0.1452 0.0079 -0.9894
vn 0.3219 -0.3703 -0.8713
vn -0.0109 -0.9991 0.0419
vn 0.2809 -0.3665 -0.887
vn -0.0398 -0.994 0.1015
vn 0.3098 -0.0146 -0.9507
vn 0.3231 -0.197 -0.9257
vn 0.3388 -0.0154 -0.9407
vn 0.3173 -0.1966 -0.9277
vn -0.0307 -0.9916 0.1255
vn 0.0496 -0.3387 -0.9396
vn 0.162 -0.0082 -0.9868
vn 0.1092 -0.1791 -0.9778
vn 0.2023 -0.0058 -0.9793
vn 0.2257 0.0048 -0.9742
vn 0.3493 -0.0119 -0.9369
vn 0.3578 0.002 -0.9338
vn 0.291 -0.0114 -0.9566
vn 0.2841 -0.0008 -0.9588
vn 0.3254 -0.3627 -0.8732
vn 0.0065 -1.0 0.0075
vn 0.367 -0.3702 -0.8534
vn -0.0372 -0.996 0.0818
vn 0.2792 -0.0097 -0.9602
vn 0.3083 -0.1892 -0.9323
vn 0.4024 -0.0146 -0.9153
vn 0.393 -0.1975 -0.8981
vn -0.0418 -0.992 0.1191
vn 0.206 -0.3537 -0.9124
vn 0.3007 -0.0096 -0.9537
vn 0.2587 -0.1879 -0.9475
vn 0.3302 -0.0064 -0.9439
vn 0.3428 0.0064 -0.9394
vn 0.4021 -0.0104 -0.9155
vn 0.4036 0.004 -0.9149
vn 0.2505 -0.0054 -0.9681
vn 0.2426 0.0041 -0.9701
vn -0.6603 -0.2287 -0.7153
vn -0.1309 -0.9834 -0.1255
vn -0.3407 -0.2642 -0.9023
vn -0.087 -0.9811 -0.1731
vn -0.6693 0.0407 -0.7419
vn -0.6744 -0.0905 -0.7328
vn -0.3487 0.0302 -0.9368
vn -0.3465 -0.1145 -0.931
vn 0.1355 -0.3214 -0.9372
vn -0.0087 -0.9831 -0.1831
vn 0.1239 0.0061 -0.9923
vn 0.134 -0.156 -0.9786
vn 0.1089 0.0128 -0.994
vn 0.1047 0.0188 -0.9943
vn -0.3466 0.0333 -0.9374
vn -0.3305 0.0338 -0.9432
vn -0.6248 0.0304 -0.7802
vn -0.6545 0.0386 -0.755
vn 0.7426 -0.3942 -0.5414
vn -0.0864 -0.9906 0.1056
vn 0.5598 -0.3871 -0.7327
vn -0.1159 -0.9769 0.1798
vn 0.7796 -0.0268 -0.6257
vn 0.7813 -0.217 -0.5852
vn 0.6779 -0.0317 -0.7344
vn 0.6367 -0.2173 -0.7399
vn -0.0413 -0.9772 0.208
vn 0.1077 -0.3488 -0.931
vn 0.298 -0.0239 -0.9543
vn 0.2084 -0.1939 -0.9586
vn 0.3627 -0.0271 -0.9315
vn 0.3905 -0.021 -0.9204
vn 0.6906 -0.0296 -0.7226
vn 0.6854 -0.0135 -0.7281
vn 0.753 -0.0209 -0.6576
vn 0.7252 -0.0019 -0.6886
vn 0.5389 -0.3872 -0.7481
vn 0.0155 -0.9999 -0.0005
vn 0.6436 -0.4095 -0.6466
vn -0.0728 -0.994 0.0813
vn 0.4848 -0.0185 -0.8744
vn 0.5246 -0.2062 -0.826
vn 0.6657 -0.0302 -0.7456
vn 0.6711 -0.2267 -0.7059
vn -0.1196 -0.9813 0.1507
vn 0.5382 -0.4081 -0.7374
vn 0.6196 -0.0356 -0.7841
vn 0.5945 -0.2312 -0.7701
vn 0.6172 -0.0311 -0.7862
vn 0.606 -0.0105 -0.7954
vn 0.6394 -0.0234 -0.7685
vn 0.6174 -0.0021 -0.7866
vn 0.407 0.0024 -0.9134
vn 0.4363 -0.0126 -0.8997
vn 0.2182 -0.3591 -0.9074
vn 0.0022 -0.9999 0.0153
vn 0.2341 -0.3586 -0.9037
vn -0.0221 -0.9973 0.0699
vn 0.1992 -0.0081 -0.9799
vn 0.2126 -0.1867 -0.9591
vn 0.2758 -0.0084 -0.9612
vn 0.2591 -0.188 -0.9474
vn -0.0238 -0.9953 0.0938
vn 0.091 -0.3403 -0.9359
vn 0.1743 -0.0014 -0.9847
vn 0.1347 -0.1762 -0.9751
vn 0.2095 0.0024 -0.9778
vn 0.2335 0.0122 -0.9723
vn 0.2894 -0.0056 -0.9572
vn 0.3048 0.0056 -0.9524
vn 0.1865 -0.0066 -0.9824
vn 0.1888 0.0002 -0.982
vn -0.0142 -0.2623 -0.9649
vn -0.0426 -0.9991 0.0038
vn -0.1663 -0.2597 -0.9513
vn -0.0322 -0.9992 -0.0229
vn -0.0241 0.0237 -0.9994
vn -0.0153 -0.1209 -0.9925
vn -0.2131 0.0197 -0.9768
vn -0.1862 -0.1201 -0.9751
vn -0.1009 -0.1982 -0.9749
vn 0.5785 -0.7956 -0.1801
vn 0.2212 -0.9707 -0.0935
vn -0.0185 0.004 -0.9998
vn -0.0272 -0.0963 -0.995
vn -0.0435 -0.0029 -0.9991
vn -0.0522 -0.0105 -0.9986
vn -0.2501 0.0139 -0.9681
vn -0.2838 0.0008 -0.9589
vn -0.052 0.022 -0.9984
vn -0.0985 0.0125 -0.9951
vn 0.3243 -0.0152 -0.9458
vn 0.2526 -0.0126 -0.9675
vn 0.2289 -0.0144 -0.9734
vn 0.3213 -0.0192 -0.9468
vn 0.1979 -0.0161 -0.9801
vn 0.3091 -0.0229 -0.9508
vn 0.1696 -0.0049 -0.9855
vn 0.1387 -0.0052 -0.9903
vn 0.1029 -0.0056 -0.9947
vn 0.2877 -0.0266 -0.9574
vn 0.1597 -0.0185 -0.987
vn 0.1157 -0.0218 -0.993
vn 0.2589 -0.0304 -0.9654
vn 0.0622 -0.0065 -0.998
vn 0.0142 -0.0084 -0.9999
vn -0.2335 0.0022 -0.9724
vn -0.2044 0.004 -0.9789
vn -0.1758 0.0049 -0.9844
vn -0.1478 0.0049 -0.989
vn -0.1198 0.0048 -0.9928
vn -0.1646 -0.0043 -0.9864
vn -0.1322 -0.0024 -0.9912
vn 0.1683 0.0083 -0.9857
vn 0.1435 0.0052 -0.9896
vn -0.086 0.0011 -0.9963
vn 0.1864 0.0123 -0.9824
vn -0.4001 -0.0069 -0.9164
vn -0.4134 -0.0088 -0.9105
vn -0.4144 -0.0101 -0.9101
vn -0.0268 0.0069 -0.9996
vn 0.0395 0.0139 -0.9991
vn 0.1789 0.0208 -0.9836
vn 0.1918 0.017 -0.9813
vn -0.3908 -0.0106 -0.9204
vn -0.3311 -0.0095 -0.9435
vn -0.5716 -0.0165 -0.8204
vn -0.5242 -0.0092 -0.8516
vn -0.1366 0.0033 -0.9906
vn -0.1769 -0.0066 -0.9842
vn -0.4678 -0.0036 -0.8838
vn -0.1058 0.0091 -0.9943
vn -0.4125 0.0002 -0.911
vn -0.3627 0.0025 -0.9319
vn -0.0583 0.0129 -0.9982
vn -0.0802 0.0118 -0.9967
vn 0.0743 0.0073 -0.9972
vn -0.2727 -0.0009 -0.9621
vn -0.2177 0.0009 -0.976
vn 0.1097 0.0094 -0.9939
vn -0.155 0.0039 -0.9879
vn 0.1347 0.0125 -0.9908
vn -0.526 -0.0072 -0.8505
vn -0.5095 -0.007 -0.8604
vn -0.4839 -0.0072 -0.8751
vn -0.0861 0.0088 -0.9962
vn -0.0175 0.0146 -0.9997
vn 0.1353 0.0204 -0.9906
vn 0.1443 0.0166 -0.9894
vn -0.4399 -0.0069 -0.898
vn -0.3676 -0.0062 -0.93
vn -0.6163 -0.0144 -0.7874
vn -0.5873 -0.0091 -0.8093
vn -0.2042 -0.0054 -0.9789
vn -0.2329 -0.0131 -0.9724
vn -0.5524 -0.0062 -0.8336
vn -0.1783 -0.0026 -0.984
vn -0.1554 -0.003 -0.9879
vn -0.52 -0.0055 -0.8541
vn -0.4942 -0.0065 -0.8693
vn -0.1351 -0.0051 -0.9908
vn -0.6111 -0.0178 -0.7914
vn -0.5455 -0.018 -0.8379
vn -0.407 0.008 -0.9134
vn -0.5038 0.0043 -0.8638
vn -0.4558 -0.0166 -0.8899
vn -0.3003 0.0128 -0.9537
vn -0.5932 -0.025 -0.8047
vn -0.6014 -0.0287 -0.7984
vn -0.5999 -0.0327 -0.7994
vn -0.3401 -0.0128 -0.9403
vn -0.204 -0.0061 -0.979
vn -0.1028 0.0232 -0.9944
vn -0.1946 0.0181 -0.9807
vn -0.5785 -0.0354 -0.8149
vn -0.5189 -0.0365 -0.854
vn -0.5662 -0.0385 -0.8234
vn -0.4907 -0.0307 -0.8708
vn 0.1148 -0.0134 -0.9933
vn 0.047 -0.0243 -0.9986
vn -0.4126 -0.0238 -0.9106
vn 0.1618 -0.0061 -0.9868
vn -0.343 -0.0184 -0.9392
vn -0.2856 -0.0152 -0.9582
vn 0.2232 -0.0005 -0.9748
vn 0.1958 -0.0021 -0.9806
vn 0.4786 0.0201 -0.8778
vn 0.1112 0.0204 -0.9936
vn 0.1266 0.0228 -0.9917
vn 0.4549 0.0212 -0.8903
vn 0.1455 0.0271 -0.989
vn 0.4203 0.0238 -0.9071
vn -0.4539 0.0108 -0.891
vn -0.4414 0.0123 -0.8972
vn -0.4153 0.0141 -0.9096
vn 0.3695 0.0273 -0.9288
vn 0.1627 0.0336 -0.9861
vn 0.1702 0.0408 -0.9846
vn 0.2999 0.031 -0.9535
vn -0.3699 0.0176 -0.9289
vn -0.2999 0.0231 -0.9537
vn -0.8084 -0.0077 -0.5885
vn -0.8623 -0.004 -0.5064
vn -0.8528 0.0005 -0.5222
vn -0.8068 0.0035 -0.5908
vn -0.8369 0.0037 -0.5474
vn -0.8006 0.0092 -0.5991
vn -0.7923 0.0117 -0.6101
vn -0.8193 0.0057 -0.5733
vn -0.8013 0.006 -0.5982
vn -0.7817 0.0126 -0.6235
vn -0.2526 -0.0034 -0.9676
vn -0.2161 -0.0013 -0.9764
vn 0.1353 0.0129 -0.9907
vn 0.1125 0.0094 -0.9936
vn -0.1638 0.0024 -0.9865
vn 0.1551 0.0175 -0.9878
vn -0.4923 -0.0101 -0.8704
vn -0.4956 -0.0119 -0.8685
vn -0.49 -0.013 -0.8716
vn -0.094 0.0086 -0.9955
vn -0.0119 0.0169 -0.9998
vn 0.1632 0.0282 -0.9862
vn 0.1672 0.0231 -0.9857
vn -0.461 -0.0135 -0.8873
vn -0.3962 -0.0118 -0.9181
vn -0.6072 -0.0209 -0.7943
vn -0.5652 -0.0144 -0.8248
vn -0.1647 -0.0011 -0.9863
vn -0.198 -0.0099 -0.9801
vn -0.5192 -0.0093 -0.8546
vn -0.144 0.0037 -0.9896
vn -0.4774 -0.0057 -0.8787
vn -0.4416 -0.0036 -0.8972
vn -0.1158 0.0071 -0.9932
vn -0.1287 0.0062 -0.9917
vn -0.2249 -0.005 -0.9744
vn -0.1856 -0.0029 -0.9826
vn 0.1094 0.0064 -0.994
vn 0.075 0.0031 -0.9972
vn -0.1331 0.0008 -0.9911
vn 0.1355 0.0108 -0.9907
vn -0.4308 -0.0062 -0.9024
vn -0.4402 -0.0075 -0.8979
vn -0.4365 -0.0083 -0.8996
vn -0.0692 0.0062 -0.9976
vn -0.0004 0.0121 -0.9999
vn 0.1412 0.0192 -0.9898
vn 0.1474 0.0154 -0.989
vn -0.4089 -0.009 -0.9125
vn -0.3476 -0.009 -0.9376
vn -0.5687 -0.0144 -0.8224
vn -0.5217 -0.0071 -0.8531
vn -0.1142 0.0021 -0.9935
vn -0.1571 -0.0074 -0.9876
vn -0.4661 -0.0022 -0.8847
vn -0.0779 0.0073 -0.9969
vn -0.4102 0.0008 -0.912
vn -0.3576 0.0024 -0.9339
vn -0.0155 0.0105 -0.9998
vn -0.0458 0.0095 -0.9989
vn 0.4788 0.0155 -0.8778
vn 0.3744 0.0114 -0.9272
vn -0.1666 -0.0101 -0.986
vn -0.0663 -0.0028 -0.9978
vn 0.2411 0.0047 -0.9705
vn -0.2576 -0.0185 -0.9661
vn 0.8675 0.0171 -0.4971
vn 0.8564 0.0186 -0.516
vn 0.8283 0.0186 -0.5599
vn 0.0788 -0.0055 -0.9969
vn -0.1067 -0.021 -0.9941
vn -0.3738 -0.041 -0.9266
vn -0.3322 -0.0282 -0.9428
vn 0.7706 0.0162 -0.6371
vn 0.6561 0.0091 -0.7546
vn 0.9556 0.0174 -0.2942
vn 0.9504 0.0164 -0.3107
vn 0.6448 0.0302 -0.7638
vn 0.6703 0.0373 -0.7412
vn 0.936 0.0149 -0.3517
vn 0.6255 0.0244 -0.7798
vn 0.9161 0.0128 -0.4008
vn 0.8927 0.01 -0.4506
vn 0.5931 0.0155 -0.805
vn 0.6088 0.0197 -0.7931
vn -0.4271 0.0144 -0.9041
vn -0.3838 0.0107 -0.9233
vn -0.324 0.0053 -0.946
vn 0.0484 0.0024 -0.9988
vn 0.1109 -0.0043 -0.9938
vn 0.1757 -0.012 -0.9844
vn -0.2438 -0.0028 -0.9698
vn -0.143 -0.0155 -0.9896
vn 0.2378 -0.0209 -0.9711
vn 0.2922 -0.0304 -0.9559
vn 0.3527 -0.0344 -0.9351
vn 0.3568 -0.0286 -0.9338
vn 0.3473 -0.0225 -0.9375
vn 0.3262 -0.0165 -0.9452
vn 0.2959 -0.0105 -0.9552
vn 0.2285 0.0112 -0.9735
vn 0.2386 0.0097 -0.9711
vn 0.2554 0.0066 -0.9668
vn 0.3786 0.0114 -0.9255
vn 0.376 0.0095 -0.9266
vn 0.3672 0.0067 -0.9301
vn 0.2768 0.002 -0.9609
vn 0.2972 -0.0051 -0.9548
vn 0.3493 0.0027 -0.937
vn 0.3199 -0.002 -0.9474
vn 0.2414 0.0105 -0.9704
vn 0.2898 0.0115 -0.957
vn 0.3224 0.0116 -0.9465
vn 0.3386 0.0112 -0.9409
vn 0.3406 0.0106 -0.9401
vn 0.3118 0.0104 -0.9501
vn 0.3135 0.0083 -0.9495
vn 0.3225 0.0051 -0.9466
vn 0.4181 0.0094 -0.9083
vn 0.4145 0.0069 -0.91
vn 0.4063 0.0039 -0.9137
vn 0.3377 0.0001 -0.9413
vn 0.3528 -0.0073 -0.9357
vn 0.3896 0.0003 -0.921
vn 0.3603 -0.0036 -0.9328
vn 0.2409 0.0101 -0.9705
vn 0.285 0.01 -0.9585
vn 0.3134 0.0097 -0.9496
vn 0.3259 0.0098 -0.9453
vn 0.3246 0.01 -0.9458
vn 0.0803 0.0293 -0.9963
vn 0.0599 0.034 -0.9976
vn 0.0339 0.0394 -0.9986
vn -0.2546 0.0351 -0.9664
vn -0.2469 0.0395 -0.9682
vn -0.2397 0.0439 -0.9698
vn 0.004 0.045 -0.999
vn -0.0235 0.0517 -0.9984
vn -0.228 0.0476 -0.9725
vn -0.2057 0.0512 -0.9773
vn -0.1664 0.0403 -0.9852
vn -0.2197 0.0383 -0.9748
vn -0.2764 0.0351 -0.9604
vn -0.336 0.0306 -0.9414
vn -0.3974 0.0259 -0.9173
vn 0.3167 -0.0052 -0.9485
vn 0.3097 -0.005 -0.9508
vn 0.3128 -0.0064 -0.9498
vn 0.5689 -0.0007 -0.8224
vn 0.5401 -0.0026 -0.8416
vn 0.5118 -0.0051 -0.8591
vn 0.3265 -0.0099 -0.9451
vn 0.3462 -0.0163 -0.938
vn 0.4793 -0.0085 -0.8776
vn 0.4373 -0.0121 -0.8992
vn 0.3716 0.008 -0.9284
vn 0.4517 0.0079 -0.8921
vn 0.5172 0.0084 -0.8558
vn 0.569 0.0091 -0.8223
vn 0.6107 0.0103 -0.7918
vn 0.5335 0.0071 -0.8458
vn 0.5263 0.0054 -0.8503
vn 0.5222 0.0017 -0.8528
vn 0.564 0.0119 -0.8257
vn 0.5426 0.0102 -0.84
vn 0.5139 0.0077 -0.8578
vn 0.5184 -0.0037 -0.8551
vn 0.5084 -0.0106 -0.861
vn 0.474 0.0045 -0.8805
vn 0.4209 0.0008 -0.9071
vn 0.2691 0.0183 -0.9629
vn 0.3255 0.0181 -0.9454
vn 0.3673 0.0168 -0.93
vn 0.3944 0.0158 -0.9188
vn 0.4097 0.0147 -0.9121
vn 0.2493 0.014 -0.9683
vn 0.2607 0.0123 -0.9654
vn 0.2778 0.0091 -0.9606
vn 0.361 0.0114 -0.9325
vn 0.3659 0.0097 -0.9306
vn 0.3638 0.0069 -0.9315
vn 0.2995 0.0037 -0.9541
vn 0.3192 -0.004 -0.9477
vn 0.352 0.0031 -0.936
vn 0.3265 -0.0013 -0.9452
vn 0.2242 0.0105 -0.9745
vn 0.265 0.0108 -0.9642
vn 0.2899 0.0103 -0.957
vn 0.2976 0.0096 -0.9546
vn 0.2905 0.0089 -0.9568
vn 0.0628 -0.0094 -0.998
vn 0.1058 -0.0092 -0.9943
vn 0.15 -0.0095 -0.9886
vn -0.2901 -0.0166 -0.9569
vn -0.2602 -0.0183 -0.9654
vn -0.2197 -0.0199 -0.9754
vn 0.1945 -0.0108 -0.9808
vn 0.2388 -0.0138 -0.971
vn -0.1684 -0.0216 -0.9855
vn -0.1086 -0.0235 -0.9938
vn -0.2671 -0.0383 -0.9629
vn -0.317 -0.0322 -0.9479
vn -0.3368 -0.0266 -0.9412
vn -0.3334 -0.0215 -0.9426
vn -0.3117 -0.0163 -0.9501
vn 0.2838 -0.0025 -0.9589
vn 0.291 -0.0002 -0.9567
vn 0.2801 -0.0064 -0.96
vn 0.3069 -0.0057 -0.9517
vn 0.2357 -0.0001 -0.9718
vn 0.2188 -0.0023 -0.9758
vn 0.3189 -0.0106 -0.9477
vn 0.2699 -0.0098 -0.9628
vn 0.197 -0.0039 -0.9804
vn -0.0927 0.0046 -0.9957
vn -0.0679 0.0045 -0.9977
vn -0.0466 0.0049 -0.9989
vn -0.2048 -0.0065 -0.9788
vn 0.0621 -0.0003 -0.9981
vn -0.1976 -0.0056 -0.9803
vn 0.089 0.0012 -0.996
vn -0.3345 -0.0039 -0.9424
vn -0.3579 -0.0042 -0.9338
vn -0.1857 -0.0051 -0.9826
vn 0.1162 0.0029 -0.9932
vn -0.3803 -0.0054 -0.9248
vn -0.3192 0.0039 -0.9477
vn -0.0374 0.0133 -0.9992
vn -0.28 0.0047 -0.96
vn -0.0164 0.0135 -0.9998
vn -0.2448 0.0059 -0.9696
vn 0.0051 0.0152 -0.9999
vn -0.404 -0.0073 -0.9147
vn -0.063 0.0028 -0.998
vn -0.3644 -0.0044 -0.9312
vn -0.0141 0.0042 -0.9999
vn -0.5646 -0.0143 -0.8253
vn -0.5513 -0.01 -0.8342
vn 0.0322 0.0057 -0.9995
vn -0.3208 -0.0025 -0.9471
vn -0.5389 -0.0081 -0.8423
vn -0.4762 -0.0089 -0.8793
vn -0.1165 -0.0081 -0.9932
vn -0.4649 -0.0119 -0.8853
vn -0.1002 -0.0117 -0.9949
vn -0.0828 -0.0171 -0.9964
vn -0.4585 -0.0177 -0.8885
vn -0.7259 -0.0166 -0.6876
vn -0.7124 -0.0008 -0.7018
vn -0.6972 -0.0158 -0.7168
vn -0.6553 0.0002 -0.7554
vn -0.5669 -0.0222 -0.8235
vn -0.5739 -0.0212 -0.8187
vn -0.6598 -0.0168 -0.7513
vn -0.5864 0.0019 -0.81
vn -0.5829 -0.0226 -0.8122
vn -0.2387 -0.0142 -0.971
vn 0.25 -0.0007 -0.9682
vn -0.1985 -0.0145 -0.98
vn 0.2805 -0.0016 -0.9599
vn -0.1627 -0.0169 -0.9865
vn 0.317 -0.0031 -0.9484
vn 0.0932 0.0144 -0.9955
vn 0.5195 0.0188 -0.8542
vn 0.0921 0.0155 -0.9956
vn 0.5096 0.0188 -0.8602
vn -0.4431 0.0057 -0.8965
vn -0.4534 0.0065 -0.8913
vn 0.4963 0.0197 -0.8679
vn 0.0991 0.0181 -0.9949
vn -0.4572 0.0087 -0.8893
vn -0.7822 0.0051 -0.623
vn -0.769 0.0123 -0.6391
vn -0.7619 0.0038 -0.6477
vn -0.7548 0.0108 -0.6559
vn -0.7386 0.01 -0.6741
vn -0.7434 0.0027 -0.6688
vn -0.311 -0.0074 -0.9504
vn 0.0395 0.0038 -0.9992
vn -0.2954 -0.0056 -0.9553
vn 0.0649 0.0051 -0.9979
vn -0.4636 -0.0101 -0.886
vn -0.4735 -0.0085 -0.8807
vn -0.2781 -0.0044 -0.9605
vn 0.089 0.0069 -0.996
vn -0.4836 -0.009 -0.8752
vn -0.4122 -0.0026 -0.9111
vn -0.1028 0.0072 -0.9947
vn -0.3869 -0.0024 -0.9221
vn -0.0884 0.0069 -0.9961
vn -0.3637 -0.0033 -0.9315
vn -0.0713 0.0069 -0.9974
vn -0.2852 -0.0086 -0.9584
vn -0.0378 -0.0026 -0.9993
vn -0.2718 -0.0069 -0.9623
vn -0.0007 -0.0011 -1.0
vn -0.3711 -0.0059 -0.9286
vn -0.3931 -0.0049 -0.9195
vn -0.2529 -0.0061 -0.9675
vn 0.0373 0.0008 -0.9993
vn -0.4138 -0.0053 -0.9104
vn -0.3104 0.0032 -0.9506
vn 0.0146 0.0108 -0.9998
vn -0.2666 0.0033 -0.9638
vn 0.0452 0.0108 -0.9989
vn -0.2265 0.003 -0.974
vn 0.0772 0.0117 -0.9969
vn 0.6532 0.0196 -0.7569
vn 0.2245 0.0137 -0.9744
vn 0.614 0.0177 -0.7891
vn 0.1351 0.0082 -0.9908
vn 0.8482 0.0103 -0.5295
vn 0.8607 0.0122 -0.509
vn 0.5574 0.0173 -0.8301
vn 0.0362 0.0033 -0.9993
vn 0.8674 0.0152 -0.4973
vn 0.867 0.0069 -0.4982
vn 0.5773 0.0115 -0.8165
vn 0.8397 0.0038 -0.543
vn 0.5607 0.0079 -0.828
vn 0.8107 0.0008 -0.5854
vn 0.5441 0.0048 -0.839
vn -0.4882 0.0196 -0.8725
vn -0.4772 0.0169 -0.8786
vn -0.103 0.0175 -0.9945
vn -0.0591 0.012 -0.9982
vn -0.4573 0.0164 -0.8891
vn -0.0087 0.0079 -0.9999
vn 0.2598 -0.0046 -0.9656
vn 0.2221 0.0012 -0.975
vn 0.1845 0.0073 -0.9828
vn 0.2281 0.0135 -0.9735
vn 0.2242 0.0122 -0.9745
vn 0.3652 0.0142 -0.9308
vn 0.3722 0.0122 -0.9281
vn 0.224 0.012 -0.9745
vn 0.3769 0.0123 -0.9262
vn 0.3326 0.01 -0.943
vn 0.3166 0.0087 -0.9485
vn 0.2962 0.0089 -0.9551
vn 0.3373 0.0158 -0.9413
vn 0.325 0.0131 -0.9456
vn 0.4094 0.0157 -0.9122
vn 0.4149 0.0127 -0.9098
vn 0.3157 0.0119 -0.9488
vn 0.4185 0.0114 -0.9081
vn 0.3122 0.0102 -0.95
vn 0.2907 0.0103 -0.9568
vn 0.2622 0.0115 -0.9649
vn 0.1048 0.0195 -0.9943
vn 0.1017 0.0208 -0.9946
vn -0.3065 0.0275 -0.9515
vn -0.2837 0.0271 -0.9585
vn 0.0943 0.0248 -0.9952
vn -0.2661 0.0308 -0.9635
vn -0.4584 0.0218 -0.8885
vn -0.5182 0.0183 -0.855
vn -0.5764 0.0181 -0.8169
vn 0.3796 -0.0097 -0.9251
vn 0.3538 -0.0074 -0.9353
vn 0.6617 0.0033 -0.7497
vn 0.6298 0.0017 -0.7767
vn 0.332 -0.0063 -0.9432
vn 0.5992 0.0007 -0.8006
vn 0.6461 0.0116 -0.7632
vn 0.6764 0.0127 -0.7364
vn 0.7014 0.0149 -0.7127
vn 0.5848 0.0098 -0.8112
vn 0.5627 0.0084 -0.8266
vn 0.6037 0.0166 -0.797
vn 0.5934 0.0139 -0.8048
vn 0.5455 0.008 -0.8381
vn 0.5804 0.0131 -0.8142
vn 0.4146 0.014 -0.9099
vn 0.4126 0.0133 -0.9108
vn 0.4048 0.0145 -0.9143
vn 0.2405 0.0188 -0.9705
vn 0.2407 0.0161 -0.9705
vn 0.3222 0.015 -0.9466
vn 0.3388 0.0131 -0.9407
vn 0.2433 0.0152 -0.9698
vn 0.3516 0.0124 -0.9361
vn 0.2718 0.008 -0.9623
vn 0.245 0.007 -0.9695
vn 0.213 0.0071 -0.977
vn -0.0396 -0.0128 -0.9991
vn -0.0122 -0.0105 -0.9999
vn -0.3053 -0.0105 -0.9522
vn -0.3127 -0.0124 -0.9498
vn 0.0229 -0.0099 -0.9997
vn -0.3072 -0.0148 -0.9515
vn -0.2728 -0.0113 -0.962
vn -0.2211 -0.0064 -0.9752
vn -0.1597 -0.0009 -0.9872
vn 0.0658 -0.0327 -0.9973
vn 0.2301 -0.0391 -0.9724
vn 0.0437 -0.0719 -0.9965
vn 0.2287 -0.0606 -0.9716
vn -0.0533 -0.0146 -0.9985
vn -0.1728 -0.051 -0.9836
vn 0.0973 -0.0516 -0.9939
vn 0.2096 0.0061 -0.9778
vn 0.2887 0.0813 -0.954
vn 0.2549 0.0007 -0.967
vn -0.2996 -0.0757 -0.9511
vn -0.3189 -0.0597 -0.9459
vn -0.061 0.9962 -0.0621
vn -0.6939 -0.0027 -0.72
vn -0.6455 0.7048 0.2942
vn -0.489 -0.0181 -0.8721
vn -0.3515 -0.0068 -0.9361
vn -0.2648 -0.0428 -0.9634
vn -0.2676 0.0003 -0.9635
vn 0.0991 0.022 -0.9948
vn 0.1398 0.0226 -0.9899
vn 0.1017 0.0386 -0.9941
vn 0.0585 0.0191 -0.9981
vn -0.2219 -0.0064 -0.975
vn -0.054 0.0179 -0.9984
vn -0.0136 0.142 -0.9898
vn -0.2357 0.2386 -0.9421
vn -0.2113 0.1407 -0.9672
vn -0.0732 0.0723 -0.9947
vn 0.0994 0.1593 -0.9822
vn 0.1329 0.2831 -0.9499
vn 0.4186 0.9057 0.0674
vn 0.0428 0.2473 -0.968
vn 0.0869 0.1548 -0.9841
vn -0.3931 0.1106 -0.9128
vn -0.5616 -0.0235 -0.8271
vn -0.3033 -0.0421 -0.952
vn -0.3175 0.0589 -0.9464
vn 0.098 0.2874 -0.9528
vn -0.5985 -0.0249 -0.8008
vn -0.231 -0.0221 -0.9727
vn 0.0416 0.02 -0.9989
vn 0.1048 0.0217 -0.9943
vn 0.0514 0.0318 -0.9982
vn 0.0402 0.017 -0.999
vn -0.2574 -0.0053 -0.9663
vn -0.0987 0.0111 -0.9951
vn -0.0447 0.1387 -0.9893
vn -0.2457 0.2428 -0.9384
vn -0.2094 0.1486 -0.9665
vn -0.0759 0.0746 -0.9943
vn 0.0539 0.1506 -0.9871
vn 0.1016 0.277 -0.9555
vn 0.4207 0.9067 0.0288
vn 0.008 0.2342 -0.9722
vn 0.0791 0.143 -0.9866
vn -0.4246 0.1033 -0.8994
vn -0.588 -0.0251 -0.8085
vn -0.3135 -0.0474 -0.9484
vn -0.3106 0.0541 -0.949
vn 0.0806 0.2799 -0.9567
vn -0.6289 -0.0222 -0.7771
vn -0.2667 -0.0271 -0.9634
vn -0.0627 0.0051 -0.998
vn -0.0381 0.0294 -0.9988
vn 0.0443 0.0361 -0.9984
vn -0.0094 0.047 -0.9989
vn -0.3973 -0.0342 -0.9171
vn -0.184 -0.0068 -0.9829
vn 0.0603 0.195 -0.9789
vn -0.0314 0.3338 -0.9421
vn -0.1393 0.2675 -0.9534
vn -0.0459 0.1607 -0.9859
vn 0.075 0.1679 -0.9829
vn 0.2439 0.31 -0.9189
vn 0.4687 0.8833 0.0053
vn 0.0402 0.2305 -0.9722
vn 0.1041 0.1365 -0.9852
vn -0.4442 0.0916 -0.8912
vn -0.6052 -0.0474 -0.7947
vn -0.1902 -0.0651 -0.9796
vn -0.2677 0.0436 -0.9625
vn 0.3055 0.3015 -0.9032
vn -0.6201 -0.0471 -0.7831
vn -0.0525 -0.042 -0.9977
vn 0.1615 0.0465 -0.9858
vn 0.2118 0.0325 -0.9768
vn 0.1109 0.0526 -0.9924
vn 0.1033 0.0268 -0.9943
vn -0.2045 0.0287 -0.9784
vn -0.0742 0.0405 -0.9964
vn -0.0374 0.0827 -0.9959
vn -0.0217 0.1529 -0.988
vn -0.2388 0.2548 -0.937
vn -0.1853 0.1552 -0.9704
vn 0.0518 0.1701 -0.9841
vn 0.0938 0.2929 -0.9515
vn 0.4576 0.8891 0.009
vn -0.057 0.2373 -0.9698
vn -0.0131 0.1282 -0.9917
vn -0.6183 0.1084 -0.7784
vn -0.8039 -0.013 -0.5946
vn -0.7509 -0.0563 -0.658
vn -0.6394 0.0043 -0.7688
vn 0.0761 0.2956 -0.9523
vn -0.797 -0.0255 -0.6035
vn -0.8568 -0.0086 -0.5156
vn 0.0655 0.0266 -0.9975
vn 0.1315 0.0304 -0.9908
vn 0.0804 0.0423 -0.9959
vn 0.053 0.024 -0.9983
vn -0.278 -0.007 -0.9605
vn -0.0979 0.0185 -0.995
vn -0.0297 0.1405 -0.9896
vn -0.2443 0.2335 -0.9412
vn -0.2205 0.1344 -0.9661
vn -0.0797 0.0708 -0.9943
vn 0.0636 0.1577 -0.9854
vn 0.1014 0.279 -0.9549
vn 0.4127 0.9096 0.0475
vn 0.0041 0.2439 -0.9698
vn 0.061 0.1532 -0.9863
vn -0.4245 0.1071 -0.8991
vn -0.5924 -0.0263 -0.8052
vn -0.3209 -0.0448 -0.946
vn -0.336 0.0568 -0.9401
vn 0.0671 0.2832 -0.9567
vn -0.6315 -0.0285 -0.7749
vn -0.249 -0.0247 -0.9682
vn 0.0623 0.0183 -0.9979
vn 0.112 0.0209 -0.9935
vn 0.0728 0.0333 -0.9968
vn 0.0445 0.0174 -0.9989
vn -0.2417 -0.0082 -0.9703
vn -0.0789 0.012 -0.9968
vn -0.0291 0.1405 -0.9897
vn -0.2386 0.242 -0.9405
vn -0.2106 0.1468 -0.9665
vn -0.0761 0.0744 -0.9943
vn 0.0767 0.1538 -0.9851
vn 0.1204 0.2797 -0.9525
vn 0.4196 0.9065 0.0469
vn 0.0275 0.2399 -0.9704
vn 0.0874 0.1487 -0.985
vn -0.4042 0.1061 -0.9085
vn -0.5651 -0.0251 -0.8246
vn -0.2847 -0.0439 -0.9576
vn -0.3022 0.0573 -0.9515
vn 0.094 0.2831 -0.9545
vn -0.5967 -0.0236 -0.8021
vn -0.2115 -0.0228 -0.9771
vn -0.2843 -0.0478 -0.9575
vn -0.3558 -0.0598 -0.9326
vn -0.3899 -0.0941 -0.916
vn -0.3055 -0.1028 -0.9466
vn 0.4272 -0.0105 -0.9041
vn 0.0429 -0.0639 -0.997
vn -0.4173 -0.0707 -0.906
vn -0.4502 -0.0058 -0.8929
vn -0.3004 -0.0709 -0.9512
vn -0.2921 -0.1041 -0.9507
vn -0.2713 -0.0367 -0.9618
vn -0.4038 0.0204 -0.9146
vn 0.2793 0.9553 -0.0968
vn -0.1405 0.056 -0.9885
vn -0.0213 0.1608 -0.9868
vn 0.6304 -0.0264 -0.7758
vn 0.8716 -0.0152 -0.4901
vn 0.7403 0.0478 -0.6705
vn 0.6472 0.0897 -0.757
vn -0.4277 0.0272 -0.9035
vn 0.9449 0.0132 -0.327
vn 0.7056 0.0456 -0.7072
vn -0.0257 -0.0316 -0.9992
vn 0.0944 -0.0531 -0.9941
vn 0.3281 -0.0412 -0.9437
vn 0.3434 -0.0545 -0.9376
vn 0.1618 0.0107 -0.9868
vn 0.1814 0.0856 -0.9797
vn -0.2768 0.1046 -0.9552
vn 0.3228 0.0198 -0.9463
vn 0.2944 0.1025 -0.9502
vn -0.2189 0.9611 -0.1684
vn 0.3008 0.1021 -0.9482
vn 0.323 0.0873 -0.9423
vn 0.3026 0.0171 -0.953
vn 0.3201 -0.0549 -0.9458
vn 0.2895 0.1014 -0.9518
vn 0.336 -0.0417 -0.9409
vn 0.3083 -0.0151 -0.9512
vn 0.2957 -0.0293 -0.9548
vn 0.2775 -0.0082 -0.9607
vn 0.2284 -0.0191 -0.9734
vn 0.249 0.0413 -0.9676
vn 0.1996 0.1202 -0.9725
vn -0.1141 0.1489 -0.9823
vn 0.182 0.05 -0.982
vn 0.1538 0.1282 -0.9797
vn -0.1797 0.9824 -0.0511
vn 0.1696 0.1078 -0.9796
vn -0.301 0.1533 -0.9412
vn 0.072 0.0459 -0.9963
vn 0.1115 -0.0038 -0.9938
vn 0.1495 0.1279 -0.9805
vn 0.1807 0.0072 -0.9835
vn 0.3588 -0.0174 -0.9332
vn 0.34 -0.0317 -0.9399
vn 0.3148 -0.0087 -0.9491
vn 0.2595 -0.0189 -0.9656
vn 0.2871 0.0385 -0.9571
vn 0.2323 0.1171 -0.9656
vn -0.0843 0.1465 -0.9856
vn 0.2063 0.0497 -0.9772
vn 0.1731 0.1275 -0.9766
vn -0.1834 0.9814 -0.0567
vn 0.1748 0.1096 -0.9785
vn -0.3018 0.1612 -0.9397
vn 0.087 0.0479 -0.9951
vn 0.1226 -0.0025 -0.9924
vn 0.1655 0.1268 -0.978
vn 0.1849 0.008 -0.9827
vn -0.0387 0.0609 -0.9974
vn -0.0346 0.0683 -0.9971
vn -0.167 0.0554 -0.9844
vn -0.121 0.0608 -0.9908
vn -0.0425 0.155 -0.987
vn -0.0733 0.2381 -0.9685
vn 0.2664 0.1438 -0.9531
vn -0.1045 0.1552 -0.9823
vn -0.1135 0.2463 -0.9625
vn -0.1506 0.9743 0.1675
vn 0.0493 0.2398 -0.9696
vn -0.2116 0.2699 -0.9393
vn -0.06 0.1478 -0.9872
vn -0.0803 0.0517 -0.9954
vn -0.1192 0.2463 -0.9618
vn -0.1157 0.0422 -0.9924
vn 0.3602 -0.0253 -0.9325
vn 0.3492 -0.0372 -0.9363
vn 0.3784 -0.016 -0.9255
vn 0.3059 -0.0227 -0.9518
vn 0.2995 0.034 -0.9535
vn 0.2449 0.1121 -0.9631
vn -0.091 0.1417 -0.9857
vn 0.2361 0.0475 -0.9706
vn 0.1938 0.1246 -0.9731
vn -0.1934 0.9789 -0.0665
vn 0.1903 0.1106 -0.9755
vn -0.2895 0.1674 -0.9424
vn 0.1255 0.0506 -0.9908
vn 0.1851 -0.0003 -0.9827
vn 0.1836 0.1236 -0.9752
vn 0.2796 0.0074 -0.9601
vn 0.4817 -0.0218 -0.8761
vn 0.4282 -0.0381 -0.9029
vn 0.3543 -0.0056 -0.9351
vn 0.2828 -0.0193 -0.959
vn 0.3468 0.0313 -0.9374
vn 0.2768 0.1101 -0.9546
vn -0.0622 0.1354 -0.9888
vn 0.222 0.0442 -0.974
vn 0.1878 0.119 -0.975
vn -0.1673 0.9826 -0.08
vn 0.1569 0.0987 -0.9827
vn -0.314 0.1457 -0.9382
vn 0.0769 0.0422 -0.9961
vn 0.1241 0.0001 -0.9923
vn 0.1813 0.1183 -0.9763
vn 0.2009 0.0145 -0.9795
vn 0.3267 -0.0144 -0.945
vn 0.3105 -0.0288 -0.9501
vn 0.2857 -0.007 -0.9583
vn 0.2361 -0.0177 -0.9716
vn 0.2613 0.0419 -0.9643
vn 0.2098 0.1209 -0.9702
vn -0.0915 0.1506 -0.9843
vn 0.1884 0.0516 -0.9807
vn 0.1584 0.1301 -0.9788
vn -0.1823 0.982 -0.0491
vn 0.1711 0.1108 -0.979
vn -0.3009 0.1593 -0.9402
vn 0.0761 0.0483 -0.9959
vn 0.1109 -0.0026 -0.9938
vn 0.1524 0.1295 -0.9798
vn 0.1716 0.0078 -0.9851
vn 0.2863 -0.0202 -0.9579
vn 0.3479 -0.0343 -0.9369
vn -0.0402 -0.0302 -0.9987
vn 0.0694 -0.061 -0.9957
vn 0.3841 0.0292 -0.9229
vn 0.3506 0.1006 -0.9311
vn 0.915 0.3816 0.1308
vn 0.2413 -0.0053 -0.9704
vn 0.4246 0.0841 -0.9015
vn 0.4111 0.834 -0.368
vn 0.4116 -0.0369 -0.9106
vn -0.2979 -0.0647 -0.9524
vn 0.0518 -0.0883 -0.9948
vn -0.096 -0.0933 -0.991
vn 0.5571 0.0971 -0.8248
vn -0.1908 -0.0481 -0.9804
vn -0.3321 0.34 0.8798
vn 0.5708 0.3435 0.7458
vn 0.2143 0.1396 0.9667
vn 0.0786 0.1137 0.9904
vn 0.2336 0.1352 0.9629
vn 0.1095 0.1249 0.9861
vn 0.0344 0.0504 0.9981
vn 0.08 0.127 0.9887
vn 0.2258 0.1201 0.9667
vn 0.1733 0.1226 0.9772
vn 0.2272 0.144 0.9631
vn 0.1157 0.1177 0.9863
vn 0.2225 0.1365 0.9653
vn 0.0917 0.1202 0.9885
vn 0.5101 0.3592 0.7815
vn 0.1672 0.2235 0.9603
vn -0.1939 0.2515 0.9482
vn -0.3809 0.2695 0.8845
vn -0.2141 0.2272 0.95
vn -0.2295 0.264 0.9368
vn -0.2445 0.2296 0.9421
vn -0.2373 0.2627 0.9352
vn 0.5087 0.0508 0.8594
vn -0.0902 0.1401 0.986
vn -0.2579 0.2331 0.9376
vn -0.2572 0.2618 0.9302
vn -0.2829 0.2352 0.9299
vn -0.2167 0.2739 0.937
vn -0.2244 0.2264 0.9478
vn -0.232 0.2612 0.937
vn -0.0852 0.2061 0.9748
vn -0.3875 0.405 0.8281
vn 0.3438 0.0223 -0.9388
vn -0.6159 -0.0179 -0.7876
vn -0.4106 0.2496 -0.877
vn -0.1789 0.2442 -0.9531
vn -0.4115 0.2539 -0.8753
vn -0.2095 0.2336 -0.9495
vn -0.1258 0.3372 -0.933
vn -0.2073 0.2313 -0.9505
vn -0.4133 0.2655 -0.871
vn -0.3765 0.2232 -0.8991
vn -0.4133 0.2444 -0.8772
vn -0.2118 0.2399 -0.9474
vn -0.408 0.2531 -0.8772
vn -0.1909 0.2384 -0.9522
vn -0.5113 0.0114 -0.8594
vn 0.2064 0.0134 -0.9784
vn 0.189 0.0864 -0.9782
vn 0.2924 0.1006 -0.951
vn 0.1765 0.1187 -0.9771
vn 0.0992 0.1068 -0.9893
vn 0.2055 0.1157 -0.9718
vn 0.1114 0.1093 -0.9877
vn -0.0971 0.2364 -0.9668
vn -0.0149 0.2386 -0.971
vn 0.2181 0.1104 -0.9697
vn 0.1364 0.1105 -0.9845
vn 0.2457 0.1081 -0.9633
vn 0.0956 0.098 -0.9906
vn 0.1853 0.1195 -0.9754
vn 0.1033 0.1102 -0.9885
vn 0.3039 0.118 -0.9454
vn 0.238 -0.0402 -0.9704
vn 0.6094 -0.1013 0.7864
vn -0.0126 -0.9931 -0.1162
vn 0.7824 -0.0067 0.6227
vn 0.217 -0.032 -0.9757
vn -0.4042 -0.9135 -0.0456
vn 0.1607 0.1872 -0.9691
vn -0.2719 -0.1998 0.9414
vn 0.7666 0.5957 0.2397
vn -0.2949 -0.0186 0.9553
vtan -0.1909 -0.3101 0.9313
vtan 0.3289 -0.7395 0.5873
vtan 0.8926 0.0284 0.45
vtan 0.873 0.0308 0.4868
vtan 0.9461 0.029 0.3225
vtan 0.9504 0.0324 0.3095
vtan -0.2478 0.0149 0.9687
vtan 0.8689 0.0245 0.4944
vtan 0.9562 0.0301 0.291
vtan 0.9794 0.005 0.202
vtan 0.9524 0.0215 0.3042
vtan 0.9531 0.0189 0.3021
vtan 0.9846 0.0044 0.1745
vtan 0.9532 0.0233 0.3015
vtan 0.9731 0.0118 0.2301
vtan 0.967 0.0137 0.2543
vtan 0.9621 0.019 0.2721
vtan 0.9578 0.0289 0.2861
vtan 0.9556 0.0263 0.2936
vtan 0.9675 0.0325 0.2508
vtan 0.9625 0.0321 0.2695
vtan 0.8791 0.0244 0.476
vtan 0.8881 0.0237 0.459
vtan -0.2135 0.0155 0.9768
vtan -0.2319 0.0152 0.9726
vtan 0.9695 -0.0137 -0.2446
vtan 0.9964 -0.0249 -0.0814
vtan 0.9928 -0.0221 -0.1181
vtan 0.9658 -0.009 -0.259
vtan 0.9677 0.0148 -0.2515
vtan 0.9732 0.0169 -0.2293
vtan 0.9734 -0.0071 -0.2288
vtan 0.999 -0.0121 -0.0426
vtan 0.9621 0.0063 -0.2726
vtan 0.9956 0.0417 -0.0843
vtan 0.9988 0.0331 -0.0363
vtan 0.9778 0.0335 0.2067
vtan 0.9851 0.0463 0.1658
vtan 0.9908 0.0185 -0.1344
vtan 0.9926 0.0227 0.119
vtan 0.997 0.02 0.075
vtan 0.9985 0.0044 0.054
vtan 0.9779 0.0049 -0.2091
vtan 0.9836 0.0166 -0.1795
vtan 0.9496 0.0044 -0.3133
vtan 0.9563 0.0068 -0.2923
vtan 0.9999 -0.011 -0.007
vtan 0.9763 -0.0054 -0.2165
vtan 0.9764 -0.0017 -0.2159
vtan 0.9999 -0.0057 0.0132
vtan 0.8162 -0.0134 -0.5777
vtan 0.9561 -0.0346 -0.291
vtan 0.9311 -0.0282 -0.3638
vtan 0.795 -0.0025 -0.6066
vtan 0.8065 0.0331 -0.5903
vtan 0.8225 0.0377 -0.5675
vtan 0.8451 -0.0071 -0.5346
vtan 0.9786 -0.0153 -0.2053
vtan 0.8016 0.0155 -0.5977
vtan 0.9323 0.0903 -0.3503
vtan 0.9556 0.0667 -0.287
vtan 0.9924 0.0706 0.1006
vtan 0.9936 0.1061 0.0391
vtan 0.9119 0.0449 -0.4079
vtan 0.998 0.0563 -0.0278
vtan 0.9957 0.05 -0.0777
vtan 0.9958 0.0147 -0.0902
vtan 0.8934 0.0086 -0.4491
vtan 0.8965 0.0352 -0.4417
vtan 0.8135 -0.0009 -0.5815
vtan 0.8059 0.0085 -0.5921
vtan 0.992 -0.0108 -0.1258
vtan 0.8734 -0.0086 -0.4868
vtan 0.8922 -0.0039 -0.4516
vtan 0.997 0.0018 -0.0771
vtan 0.9684 -0.0551 -0.2431
vtan 0.964 -0.0372 0.2634
vtan 0.972 -0.0407 0.2314
vtan 0.958 -0.0565 -0.2811
vtan 0.7566 -0.057 -0.6514
vtan 0.7266 -0.0542 -0.685
vtan 0.9802 -0.0347 -0.1952
vtan 0.9544 -0.0185 0.298
vtan 0.79 -0.0402 -0.6118
vtan 0.5586 -0.0295 -0.8289
vtan 0.5633 -0.0476 -0.8249
vtan 0.5363 -0.0384 -0.8431
vtan 0.5589 -0.0189 -0.829
vtan 0.5778 -0.0425 -0.8151
vtan 0.6001 -0.0403 -0.7989
vtan 0.6364 -0.0439 -0.7701
vtan 0.6085 -0.0513 -0.7919
vtan 0.6464 -0.0636 -0.7603
vtan 0.6675 -0.0427 -0.7434
vtan 0.817 -0.0372 -0.5754
vtan 0.8321 -0.0271 -0.554
vtan 0.946 -0.0107 0.324
vtan 0.9876 -0.0264 -0.1549
vtan 0.9901 -0.0117 -0.1395
vtan 0.9444 0.0003 0.3288
vtan 0.7073 0.0632 -0.7041
vtan 0.7228 0.0664 -0.6878
vtan 0.8338 0.1017 -0.5426
vtan 0.786 0.1242 -0.6056
vtan 0.9853 0.1473 -0.0868
vtan 0.9531 0.2385 -0.1862
vtan 0.6974 0.0538 -0.7147
vtan 0.7402 0.1006 -0.6649
vtan 0.9349 0.1784 -0.3067
vtan 0.8709 0.279 0.4047
vtan 0.856 0.1592 0.4919
vtan 0.62 0.1059 0.7774
vtan 0.6523 0.1614 0.7405
vtan 0.9308 0.2063 0.3017
vtan 0.7105 0.1312 0.6914
vtan 0.7619 0.1329 0.6339
vtan 0.7972 0.1058 0.5944
vtan 0.9718 0.1635 0.1697
vtan 0.9554 0.1976 0.2193
vtan 0.8813 0.1495 -0.4483
vtan 0.9044 0.1717 -0.3906
vtan 0.6959 0.0999 -0.7111
vtan 0.6558 0.081 -0.7506
vtan 0.6926 0.0431 -0.7201
vtan 0.694 0.0506 -0.7182
vtan 0.9053 -0.0214 -0.4243
vtan 0.979 -0.0355 -0.2006
vtan 0.9673 -0.0322 -0.2514
vtan 0.893 -0.0143 -0.4499
vtan 0.8958 0.0136 -0.4443
vtan 0.9045 0.0184 -0.426
vtan 0.9196 -0.0116 -0.3927
vtan 0.9892 -0.0175 -0.1454
vtan 0.8917 0.0028 -0.4526
vtan 0.9729 0.0727 -0.2195
vtan 0.9863 0.053 -0.1565
vtan 0.96 0.0754 0.2696
vtan 0.9733 0.1169 0.1977
vtan 0.9601 0.0259 -0.2786
vtan 0.992 0.0458 0.1179
vtan 0.9981 0.0328 0.0529
vtan 0.9997 -0.0131 0.022
vtan 0.9398 -0.0066 -0.3416
vtan 0.9474 0.0183 -0.3194
vtan 0.888 -0.0019 -0.4599
vtan 0.8904 0.0019 -0.4553
vtan 0.9954 -0.0135 -0.0952
vtan 0.9322 -0.009 -0.3619
vtan 0.9384 -0.0033 -0.3455
vtan 0.9978 -0.004 -0.0659
vtan 0.9687 -0.0203 -0.2473
vtan 0.9995 -0.0285 -0.011
vtan 0.9982 -0.0263 -0.0541
vtan 0.9626 -0.0153 -0.2706
vtan 0.9473 0.0056 -0.3204
vtan 0.9515 0.0098 -0.3076
vtan 0.9753 -0.0118 -0.2204
vtan 0.9993 -0.0138 0.035
vtan 0.9443 -0.0011 -0.329
vtan 0.9783 0.0319 -0.2048
vtan 0.9859 0.0262 -0.1652
vtan 0.9974 0.0306 0.0653
vtan 0.9987 0.042 0.0279
vtan 0.9699 0.0123 -0.243
vtan 0.9997 0.0215 -0.0125
vtan 0.9986 0.0203 -0.048
vtan 0.9982 0.0066 -0.0595
vtan 0.9553 0.0034 -0.2956
vtan 0.9612 0.0116 -0.2757
vtan 0.9368 -0.0005 -0.3499
vtan 0.9415 -0.0007 -0.337
vtan 0.9971 -0.0111 0.075
vtan 0.9801 -0.0098 -0.1981
vtan 0.9811 -0.0035 -0.1935
vtan 0.9957 -0.0023 0.0927
vtan 0.788 0.0077 0.6156
vtan 0.7828 -0.0127 0.6221
vtan 0.6265 -0.0421 0.7782
vtan 0.6203 -0.0361 0.7835
vtan 0.6668 -0.0635 0.7425
vtan 0.6435 -0.0628 0.7629
vtan 0.8006 -0.0546 0.5967
vtan 0.6118 -0.0524 0.7892
vtan 0.615 -0.0544 0.7866
vtan 0.9568 -0.063 0.2837
vtan 0.8084 -0.0743 0.5839
vtan 0.8286 -0.0741 0.555
vtan 0.962 -0.0623 0.2657
vtan 0.9513 -0.0475 0.3045
vtan 0.7839 -0.0558 0.6184
vtan 0.9489 -0.0407 0.313
vtan 0.9558 -0.0302 0.2925
vtan 0.7506 -0.0528 0.6586
vtan 0.7604 -0.0542 0.6472
vtan 0.5847 -0.0584 0.8091
vtan 0.5576 -0.0629 0.8277
vtan 0.6054 -0.0559 0.7939
vtan 0.5889 -0.0669 0.8054
vtan 0.8222 -0.0652 0.5654
vtan 0.8158 -0.0506 0.5761
vtan 0.9995 -0.0056 -0.0311
vtan 0.9968 -0.0021 -0.0804
vtan 0.9371 0.0002 -0.3492
vtan 0.9172 0.0073 -0.3983
vtan 0.9996 0.0029 0.0277
vtan 0.9582 0.0064 -0.2861
vtan 0.7932 0.0233 -0.6086
vtan 0.7756 0.0313 -0.6304
vtan 0.8165 0.0244 -0.5768
vtan 0.8437 0.0196 -0.5364
vtan 0.8669 0.0178 -0.4982
vtan 0.9762 0.0037 -0.2169
vtan 0.9878 0.0066 -0.1555
vtan 0.9962 0.0025 0.0871
vtan 0.9907 0.0082 0.1362
vtan 0.9375 0.0154 0.3476
vtan 0.9421 0.0242 0.3343
vtan 0.9527 -0.0053 0.3038
vtan 0.9473 -0.0019 0.3204
vtan 0.9484 0.0161 0.3167
vtan 0.9422 0.0036 0.3349
vtan 0.9936 -0.0269 0.11
vtan 0.9975 -0.0281 0.0652
vtan 0.9879 -0.0111 0.1548
vtan 0.9809 -0.0077 0.1943
vtan 0.9759 0.0005 0.2182
vtan 0.9377 0.0045 0.3473
vtan 0.9341 0.0064 0.357
vtan 0.954 0.0149 0.2994
vtan 0.9557 0.007 0.2943
vtan 0.9326 0.0373 0.359
vtan 0.9416 0.0559 0.332
vtan 0.9182 0.0048 0.3961
vtan 0.9158 0.0099 0.4016
vtan 0.9533 0.034 0.3001
vtan 0.9142 0.0088 0.4051
vtan 0.9653 -0.0172 0.2604
vtan 0.9738 -0.0186 0.2267
vtan 0.9558 -0.0063 0.2939
vtan 0.9465 -0.0046 0.3226
vtan 0.9418 0.0008 0.3361
vtan 0.9123 0.0045 0.4095
vtan 0.9133 0.0081 0.4072
vtan 0.9618 0.032 0.272
vtan 0.9641 0.0109 0.2654
vtan 0.7309 -0.0177 -0.6822
vtan 0.7174 -0.0157 -0.6965
vtan 0.9347 -0.0179 -0.3549
vtan 0.9272 -0.0052 -0.3746
vtan 0.7177 -0.0474 -0.6947
vtan 0.9213 -0.0571 -0.3846
vtan 0.9863 0.018 0.1638
vtan 0.9841 -0.009 0.1774
vtan 0.9888 -0.0607 0.1364
vtan 0.9921 -0.0755 0.0997
vtan 0.9917 -0.0565 0.1157
vtan 0.9234 -0.0638 -0.3784
vtan 0.9279 -0.0896 -0.3618
vtan 0.7332 -0.0597 -0.6774
vtan 0.7607 -0.0842 -0.6436
vtan 0.5986 0.0485 0.7996
vtan 0.6017 0.0606 0.7964
vtan 0.7686 0.0117 0.6396
vtan 0.7959 0.0064 0.6054
vtan 0.6194 0.0587 0.7829
vtan 0.7471 0.0238 0.6643
vtan 0.9761 -0.0238 0.2159
vtan 0.9897 -0.0242 0.1411
vtan 0.9564 -0.0032 0.292
vtan 0.9354 0.0044 0.3536
vtan 0.9242 0.0181 0.3814
vtan 0.734 0.0294 0.6785
vtan 0.737 0.0374 0.6749
vtan 0.6471 0.0632 0.7598
vtan 0.6761 0.0594 0.7344
vtan 0.7977 0.0567 0.6003
vtan 0.8257 0.0852 0.5577
vtan 0.7079 0.0221 0.706
vtan 0.7203 0.0314 0.6929
vtan 0.8609 0.0388 0.5072
vtan 0.7393 0.0192 0.6731
vtan 0.7978 -0.0049 0.6029
vtan 0.8068 -0.0103 0.5907
vtan 0.7934 0.0023 0.6087
vtan 0.7944 0.0052 0.6074
vtan 0.8024 0.0094 0.5967
vtan 0.7777 0.0093 0.6286
vtan 0.7601 0.0166 0.6496
vtan 0.8884 0.0291 0.4581
vtan 0.9028 -0.004 0.4301
vtan 0.9716 0.0169 0.236
vtan 0.9747 0.025 0.2222
vtan 0.9678 -0.0015 0.2518
vtan 0.9648 0.001 0.263
vtan 0.9783 0.016 0.2067
vtan 0.9612 0.0026 0.2758
vtan 0.9906 -0.0177 0.1354
vtan 0.9945 -0.0181 0.1028
vtan 0.9854 -0.0074 0.1702
vtan 0.9788 -0.0072 0.2045
vtan 0.9736 -0.0022 0.2284
vtan 0.9567 0.0016 0.291
vtan 0.9516 0.0014 0.3074
vtan 0.9807 0.0144 0.1948
vtan 0.98 0.0054 0.1987
vtan 0.9992 -0.0394 -0.0005
vtan 0.9992 -0.039 -0.0044
vtan 0.9862 -0.0249 -0.1635
vtan 0.9834 -0.0216 -0.1802
vtan 0.9994 -0.0313 -0.0161
vtan 0.9778 -0.0203 -0.2086
vtan -0.1558 0.3624 -0.9189
vtan 0.8924 -0.0161 -0.4509
vtan 0.9314 -0.0275 -0.3629
vtan 0.385 0.7579 -0.5266
vtan 0.8667 -0.0184 -0.4984
vtan -0.2669 0.0118 -0.9637
vtan -0.2839 0.0005 -0.9588
vtan -0.2871 -0.0212 -0.9577
vtan 0.8458 -0.0263 -0.5328
vtan 0.8536 -0.0218 -0.5204
vtan 0.9603 -0.0171 -0.2784
vtan 0.9694 -0.0181 -0.2448
vtan 0.9989 -0.0241 -0.0411
vtan 0.9963 -0.0146 -0.0849
vtan 0.9723 0.0505 0.2281
vtan 0.9667 0.0422 0.2525
vtan 0.9456 0.0336 0.3235
vtan 0.946 0.0438 0.3212
vtan 0.9788 0.0603 0.1958
vtan 0.9494 0.0568 0.3088
vtan 0.9895 0.0457 0.1372
vtan 0.9848 0.0409 0.1688
vtan 0.9936 0.0513 0.1008
vtan 0.9899 0.0869 0.112
vtan 0.985 0.0718 0.157
vtan 0.9551 0.0729 0.2873
vtan 0.9618 0.0934 0.2573
vtan 0.998 0.0625 0.0118
vtan 0.9965 0.0573 0.0604
vtan 0.966 0.0239 0.2575
vtan -0.0346 -0.0238 0.9991
vtan -0.054 0.015 0.9984
vtan 0.9568 0.0289 0.2894
vtan 0.9473 0.0303 0.3189
vtan -0.0772 0.0374 0.9963
vtan 0.927 0.0299 0.374
vtan 0.9375 0.0308 0.3467
vtan -0.102 0.0487 0.9936
vtan -0.1279 0.0514 0.9905
vtan 0.9848 -0.0415 -0.1686
vtan 0.9869 -0.0238 0.1595
vtan 0.9822 -0.0237 0.1866
vtan 0.9899 -0.0565 -0.13
vtan 0.9788 -0.0205 0.204
vtan 0.9944 -0.0751 -0.0742
vtan 0.9123 -0.0177 -0.4091
vtan 0.9053 -0.0301 -0.4238
vtan 0.9061 -0.0509 -0.42
vtan 0.9955 -0.0949 0.0002
vtan 0.9787 -0.0127 0.2049
vtan 0.9827 -0.0001 0.1853
vtan 0.9906 -0.1085 0.0831
vtan 0.9186 -0.0839 -0.3861
vtan 0.9386 -0.1318 -0.3187
vtan 0.8554 -0.0219 -0.5175
vtan 0.821 -0.0491 -0.5688
vtan 0.9853 0.0066 -0.1705
vtan 0.9911 0.0064 -0.133
vtan 0.8885 -0.0096 -0.4587
vtan 0.9946 0.0056 -0.1039
vtan 0.9352 -0.001 -0.354
vtan 0.9151 -0.004 -0.4031
vtan 0.9968 0.0052 -0.0795
vtan 0.9983 0.0051 -0.0576
vtan 0.9595 -0.0228 -0.2807
vtan 0.9957 -0.0017 0.0927
vtan 0.9916 0.0009 0.1295
vtan 0.9754 -0.0337 -0.2178
vtan 0.9884 0.0053 0.1521
vtan 0.9884 -0.049 -0.1441
vtan 0.8433 -0.0176 -0.5371
vtan 0.8532 -0.0296 -0.5207
vtan 0.8698 -0.0504 -0.4908
vtan 0.9959 -0.0674 -0.0606
vtan 0.9877 0.0119 0.1559
vtan 0.9899 0.0197 0.1401
vtan 0.9965 -0.0815 0.0206
vtan 0.8952 -0.0836 -0.4378
vtan 0.9239 -0.1298 -0.36
vtan 0.8158 -0.0219 -0.5779
vtan 0.794 -0.0538 -0.6055
vtan 0.975 0.0092 -0.2221
vtan 0.9808 0.0098 -0.195
vtan 0.8409 -0.0076 -0.5411
vtan 0.9853 0.0102 -0.1705
vtan 0.8765 0.0022 -0.4814
vtan 0.8616 -0.0011 -0.5076
vtan 0.9889 0.0107 -0.1483
vtan 0.9917 0.0112 -0.1283
vtan 0.7911 -0.0617 -0.6086
vtan 0.861 -0.0807 -0.5021
vtan 0.9114 -0.0847 -0.4027
vtan 0.837 -0.077 -0.5418
vtan 0.9523 -0.0847 -0.2931
vtan 0.8877 -0.0979 -0.4499
vtan 0.8139 -0.0242 -0.5805
vtan 0.8066 -0.033 -0.5902
vtan 0.8058 -0.0513 -0.59
vtan 0.9366 -0.123 -0.3282
vtan 0.9794 -0.0788 -0.186
vtan 0.9931 -0.0658 -0.0966
vtan 0.9726 -0.1517 -0.176
vtan 0.8217 -0.0841 -0.5637
vtan 0.861 -0.1399 -0.4889
vtan 0.886 -0.0213 -0.4632
vtan 0.8396 -0.045 -0.5414
vtan 0.9992 0.0099 0.0382
vtan 0.9949 0.0063 0.1011
vtan 0.9214 -0.01 -0.3886
vtan 0.9892 0.0036 0.1464
vtan 0.9622 -0.0029 -0.2723
vtan 0.9459 -0.0048 -0.3244
vtan 0.9836 0.0018 0.1804
vtan 0.978 0.0015 0.2084
vtan 0.9545 0.0904 0.2843
vtan 0.9643 0.1197 0.2361
vtan 0.8476 0.066 0.5265
vtan 0.8681 0.0626 0.4925
vtan 0.9447 0.0367 0.3259
vtan 0.893 0.0628 0.4457
vtan 0.8909 0.1488 -0.4291
vtan 0.8757 0.1561 -0.4569
vtan 0.9045 0.1045 -0.4134
vtan 0.9512 -0.0351 0.3065
vtan 0.9412 -0.0102 0.3378
vtan 0.9213 0.0646 0.3833
vtan 0.95 0.0676 0.305
vtan 0.8666 0.0034 -0.499
vtan 0.2553 -0.9623 -0.0934
vtan 0.2435 0.0808 -0.9665
vtan -0.2203 -0.6862 -0.6933
vtan 0.5998 0.045 -0.7989
vtan 0.6075 0.0459 -0.793
vtan 0.4164 0.1102 -0.9025
vtan 0.6164 0.0446 -0.7861
vtan 0.5303 0.09 -0.843
vtan 0.4838 0.1013 -0.8693
vtan 0.6259 0.044 -0.7786
vtan 0.637 0.0448 -0.7696
vtan 0.9626 -0.054 -0.2655
vtan 0.9912 -0.0444 0.1249
vtan 0.9873 -0.0426 0.153
vtan 0.973 -0.0689 -0.2202
vtan 0.9841 -0.0373 0.1739
vtan 0.9838 -0.0869 -0.1568
vtan 0.864 -0.0182 -0.5031
vtan 0.8606 -0.0299 -0.5083
vtan 0.8657 -0.0507 -0.4979
vtan 0.9916 -0.108 -0.0711
vtan 0.9829 -0.0266 0.182
vtan 0.9852 -0.0106 0.1709
vtan 0.9916 -0.1258 0.0311
vtan 0.8848 -0.0867 -0.4579
vtan 0.9143 -0.1415 -0.3796
vtan 0.7953 -0.0457 -0.6045
vtan 0.9812 0.007 -0.1929
vtan 0.9866 0.0054 -0.1629
vtan 0.8303 -0.019 -0.5569
vtan 0.9897 0.0043 -0.1428
vtan 0.861 -0.0078 -0.5085
vtan 0.8846 -0.0027 -0.4663
vtan 0.9918 0.0042 -0.1278
vtan 0.9934 0.0044 -0.1149
vtan 0.9021 -0.0001 -0.4316
vtan 0.9723 -0.036 -0.2311
vtan 0.996 -0.0175 0.0876
vtan 0.9921 -0.0167 0.1247
vtan 0.9813 -0.0496 -0.1861
vtan 0.9885 -0.0124 0.1506
vtan 0.99 -0.0666 -0.1247
vtan 0.8994 -0.0194 -0.4366
vtan 0.8937 -0.0316 -0.4475
vtan 0.8962 -0.0521 -0.4405
vtan 0.9952 -0.0851 -0.0475
vtan 0.9873 -0.0039 0.1586
vtan 0.9892 0.006 0.1464
vtan 0.9944 -0.0992 0.036
vtan 0.9106 -0.0842 -0.4047
vtan 0.9329 -0.1263 -0.3374
vtan 0.8594 -0.0231 -0.5108
vtan 0.8278 -0.0491 -0.5588
vtan 0.9886 0.0063 -0.1507
vtan 0.9938 0.0064 -0.1108
vtan 0.8911 -0.0108 -0.4537
vtan 0.997 0.006 -0.0769
vtan 0.9379 -0.0014 -0.3468
vtan 0.9174 -0.0046 -0.3979
vtan 0.9989 0.006 -0.0458
vtan 0.9998 0.0062 -0.0162
vtan 0.9227 -0.0155 0.3853
vtan 0.8774 -0.019 0.4794
vtan 0.9992 -0.0108 -0.0387
vtan 0.9906 -0.0162 -0.1359
vtan 0.9639 -0.0142 0.2659
vtan 0.9734 -0.0269 -0.2274
vtan 0.5377 -0.0526 0.8415
vtan 0.5149 -0.0561 0.8554
vtan 0.5836 -0.0485 0.8106
vtan 0.9982 -0.0267 -0.0541
vtan 0.9927 -0.0167 0.1195
vtan 0.9513 -0.0451 -0.3051
vtan 0.9332 -0.0794 -0.3505
vtan 0.7654 -0.0372 0.6425
vtan 0.6582 -0.0436 0.7516
vtan -0.1352 -0.2052 0.9693
vtan -0.9001 -0.3883 -0.1978
vtan -0.6861 -0.7051 -0.1791
vtan -0.0701 -0.2206 0.9728
vtan 0.4096 -0.8896 0.202
vtan 0.0853 -0.204 0.9752
vtan 0.2377 -0.1711 0.9561
vtan 0.7577 -0.4087 0.5088
vtan 0.7785 -0.2514 0.5751
vtan 0.3508 -0.1429 0.9255
vtan 0.9232 0.019 -0.3838
vtan 0.906 0.0208 -0.4229
vtan 0.9433 0.0185 -0.3315
vtan 0.9995 0.0116 0.0298
vtan 0.996 0.0144 0.0884
vtan 0.9884 0.0216 0.15
vtan 0.9644 0.0213 -0.2636
vtan 0.9829 0.0307 -0.1815
vtan 0.9769 0.0347 0.2108
vtan 0.9629 0.0566 0.2639
vtan 0.9346 0.0565 0.3511
vtan 0.9341 0.0804 0.3477
vtan 0.9398 0.0401 0.3394
vtan 0.958 0.0201 0.2859
vtan 0.9481 0.0285 0.3167
vtan 0.976 0.0119 0.2172
vtan 0.9743 0.0145 0.2247
vtan 0.9715 0.0181 0.2364
vtan 0.9278 0.0257 0.3723
vtan 0.9265 0.0193 0.3757
vtan 0.9309 0.0339 0.3636
vtan 0.9653 0.0342 0.259
vtan 0.9679 0.024 0.2501
vtan 0.9464 0.0577 0.3178
vtan 0.9367 0.0443 0.3472
vtan 0.9555 0.0466 0.2914
vtan 0.9686 0.0615 0.241
vtan 0.9446 0.0325 0.3266
vtan 0.9382 0.0206 0.3456
vtan 0.9366 0.0118 0.3501
vtan 0.9543 0.0109 0.2987
vtan 0.9539 0.0093 0.3
vtan 0.9529 0.0138 0.303
vtan 0.9106 0.0179 0.4129
vtan 0.9086 0.0126 0.4175
vtan 0.9143 0.0254 0.4043
vtan 0.949 0.0306 0.3138
vtan 0.9506 0.0196 0.3098
vtan 0.9319 0.0525 0.359
vtan 0.9209 0.0364 0.388
vtan 0.9569 0.0454 0.2869
vtan 0.9689 0.0594 0.2403
vtan 0.9472 0.0331 0.3189
vtan 0.9408 0.0144 0.3387
vtan 0.9417 0.023 0.3358
vtan 0.9853 -0.1485 -0.0843
vtan 0.9364 -0.1887 -0.296
vtan 0.7667 -0.2207 -0.6029
vtan 0.9555 -0.0584 -0.2892
vtan 0.9589 -0.0447 -0.2802
vtan 0.9628 -0.0277 -0.2689
vtan 0.5741 -0.1768 -0.7995
vtan 0.4755 -0.0979 -0.8743
vtan 0.968 -0.0077 -0.251
vtan 0.9752 0.0117 -0.2209
vtan 0.9861 -0.0097 -0.166
vtan 0.9751 -0.0238 -0.2204
vtan 0.96 -0.038 -0.2775
vtan 0.9399 -0.0518 -0.3376
vtan 0.9139 -0.0642 -0.4009
vtan 0.956 0.0165 0.2929
vtan 0.9528 0.0172 0.3031
vtan 0.9566 0.0175 0.2909
vtan 0.8465 0.0319 0.5314
vtan 0.8283 0.0306 0.5595
vtan 0.8632 0.0364 0.5035
vtan 0.9521 0.0318 0.3041
vtan 0.9549 0.0216 0.2963
vtan 0.8999 0.0606 0.4319
vtan 0.8804 0.0453 0.4721
vtan 0.8896 0.0654 0.452
vtan 0.9253 0.0792 0.371
vtan 0.8533 0.0554 0.5185
vtan 0.787 0.0464 0.6152
vtan 0.819 0.0491 0.5717
vtan 0.854 0.0107 0.5201
vtan 0.8598 0.0147 0.5103
vtan 0.8648 0.0212 0.5016
vtan 0.8379 0.0303 0.545
vtan 0.8228 0.0213 0.5679
vtan 0.8561 0.042 0.5151
vtan 0.8839 0.0472 0.4653
vtan 0.8712 0.0315 0.4899
vtan 0.904 0.0753 0.421
vtan 0.8782 0.0571 0.4748
vtan 0.9442 0.0469 0.326
vtan 0.9617 0.0642 0.2663
vtan 0.9272 0.0304 0.3733
vtan 0.9137 0.0156 0.4061
vtan 0.9048 0.0033 0.4258
vtan 0.9688 0.0131 0.2475
vtan 0.9709 0.0108 0.2391
vtan 0.9655 0.0167 0.2598
vtan 0.9314 0.0215 0.3633
vtan 0.9328 0.0156 0.3601
vtan 0.9318 0.0291 0.3618
vtan 0.9593 0.033 0.2804
vtan 0.9617 0.0228 0.2731
vtan 0.9441 0.053 0.3253
vtan 0.936 0.0391 0.3499
vtan 0.9628 0.0452 0.2665
vtan 0.9729 0.0592 0.2236
vtan 0.9552 0.0319 0.2943
vtan 0.952 0.0201 0.3053
vtan 0.9537 0.0107 0.3007
vtan 0.8983 -0.0502 -0.4366
vtan -0.1528 -0.0725 -0.9856
vtan -0.1107 -0.07 -0.9914
vtan 0.9167 -0.0526 -0.3961
vtan -0.0686 -0.0603 -0.9958
vtan 0.9341 -0.0533 -0.3531
vtan 0.9561 -0.0522 -0.2883
vtan 0.9638 -0.0622 -0.2591
vtan 0.9733 -0.0728 -0.2177
vtan 0.9498 -0.0514 -0.3085
vtan -0.0274 -0.0411 -0.9988
vtan 0.0133 -0.0121 -0.9998
vtan 0.9636 -0.0447 -0.2635
vtan 0.9829 -0.0829 -0.1645
vtan 0.9907 -0.0881 -0.1032
vtan 0.9587 -0.11 -0.2624
vtan 0.9463 -0.0797 -0.3132
vtan 0.9418 -0.0582 -0.331
vtan 0.9537 -0.0315 -0.2992
vtan 0.9449 -0.0429 -0.3246
vtan 0.9586 0.0249 0.2838
vtan 0.9572 0.0165 0.2889
vtan 0.9597 0.0295 0.2796
vtan 0.9522 0.0209 0.3049
vtan 0.9713 0.0297 0.2359
vtan 0.9752 0.0325 0.2189
vtan 0.9623 0.0352 0.2696
vtan 0.948 0.0261 0.3172
vtan 0.9799 0.0366 0.1963
vtan 0.9162 0.0282 0.3997
vtan -0.1533 0.0478 0.987
vtan 0.9061 0.0262 0.4224
vtan -0.1769 0.0416 0.9833
vtan 0.8967 0.0248 0.442
vtan -0.1965 0.0326 0.98
vtan 0.9976 -0.0212 0.0656
vtan 0.9765 -0.0168 -0.215
vtan 0.9952 -0.0205 0.0962
vtan 0.978 -0.0217 -0.2075
vtan 0.9414 -0.0007 -0.3372
vtan 0.932 -0.0051 -0.3623
vtan 0.9807 -0.03 -0.1932
vtan 0.9916 -0.0223 0.1277
vtan 0.9221 -0.0101 -0.3868
vtan 0.9503 0.0009 -0.3114
vtan 0.9993 0.0051 -0.037
vtan 0.9619 0.0026 -0.2734
vtan 0.9999 0.0053 -0.0164
vtan 0.9711 0.0049 -0.2384
vtan 1.0 0.0047 0.0044
vtan 0.9982 -0.0154 -0.0588
vtan 0.9055 -0.0137 -0.4242
vtan 1.0 -0.0078 -0.0044
vtan 0.924 -0.0119 -0.3822
vtan 0.8222 -0.0044 -0.5692
vtan 0.8298 -0.0057 -0.558
vtan 0.9422 -0.0157 -0.3348
vtan 0.9989 -0.0042 0.047
vtan 0.8366 -0.0104 -0.5478
vtan 0.8863 0.0038 -0.463
vtan 0.9939 0.0116 -0.11
vtan 0.8924 0.0045 -0.4513
vtan 0.9955 0.0122 -0.0935
vtan 0.8956 0.0048 -0.4447
vtan 0.997 0.0123 -0.0762
vtan 0.6952 -0.0719 -0.7152
vtan 0.6922 -0.0438 -0.7204
vtan 0.7503 -0.0721 -0.6572
vtan 0.7193 -0.046 -0.6932
vtan 0.8328 -0.0202 -0.5532
vtan 0.828 -0.0193 -0.5605
vtan 0.7518 -0.0521 -0.6573
vtan 0.8062 -0.0759 -0.5868
vtan 0.8217 -0.0207 -0.5695
vtan 0.9718 0.0023 0.2358
vtan 0.9732 -0.0024 -0.2298
vtan 0.9812 -0.0024 -0.193
vtan 0.9639 0.0034 0.2663
vtan 0.9872 -0.0025 -0.1597
vtan 0.9535 0.0052 0.3015
vtan 0.9812 0.1178 0.1528
vtan 0.8122 0.0723 0.579
vtan 0.9785 0.1232 0.1652
vtan 0.8183 0.0723 0.5702
vtan 0.8694 0.1166 -0.4802
vtan 0.8643 0.1282 -0.4863
vtan 0.9728 0.1247 0.195
vtan 0.8308 0.0701 0.5521
vtan 0.8667 0.1419 -0.4782
vtan 0.5692 0.0828 -0.818
vtan 0.6503 0.0455 -0.7583
vtan 0.6034 0.0767 -0.7938
vtan 0.6654 0.0457 -0.745
vtan 0.6288 0.0718 -0.7742
vtan 0.6809 0.0476 -0.7308
vtan 0.9982 -0.0501 0.0327
vtan 0.9409 -0.0313 -0.3372
vtan 0.9968 -0.0448 0.0656
vtan 0.9469 -0.0338 -0.3199
vtan 0.8834 -0.0051 -0.4686
vtan 0.8772 -0.0072 -0.4801
vtan 0.9539 -0.0423 -0.2971
vtan 0.9945 -0.0445 0.0952
vtan 0.8703 -0.0114 -0.4923
vtan 0.9948 0.0048 -0.1019
vtan 0.9152 0.0016 -0.4031
vtan 0.9961 0.0053 -0.0878
vtan 0.9258 0.003 -0.378
vtan 0.9346 0.0041 -0.3557
vtan 0.9975 0.006 -0.0709
vtan 0.9991 -0.0182 -0.0377
vtan 0.9552 -0.0151 -0.2957
vtan 0.9999 -0.0166 0.0029
vtan 0.9591 -0.0188 -0.2825
vtan 0.9289 -0.0032 -0.3703
vtan 0.9191 -0.007 -0.394
vtan 0.9647 -0.0259 -0.2623
vtan 0.9988 -0.0172 0.0452
vtan 0.9088 -0.0118 -0.4172
vtan 0.954 0.0006 -0.2999
vtan 0.9999 0.0067 0.0134
vtan 0.9662 0.0022 -0.2578
vtan 0.999 0.0073 0.0435
vtan 0.9757 0.0041 -0.2189
vtan 0.9972 0.0079 0.0746
vtan 0.7661 -0.0357 0.6418
vtan 0.9724 -0.0136 0.2328
vtan 0.796 -0.0288 0.6046
vtan 0.9885 -0.0106 0.1508
vtan 0.5349 -0.0614 0.8427
vtan 0.5178 -0.06 0.8534
vtan 0.8339 -0.0238 0.5513
vtan 0.9983 -0.0096 0.0581
vtan 0.5098 -0.0584 0.8583
vtan 0.7891 -0.1848 0.5857
vtan 0.4318 -0.1228 0.8936
vtan 0.8012 -0.1494 0.5795
vtan 0.4951 -0.109 0.862
vtan 0.5501 -0.0981 0.8293
vtan 0.8141 -0.1211 0.568
vtan 0.8763 0.0279 -0.481
vtan 0.8823 0.0263 -0.47
vtan 0.9937 0.013 -0.1111
vtan 0.9974 0.0125 -0.0709
vtan 0.8922 0.0233 -0.4511
vtan 0.9996 0.0113 -0.0244
vtan 0.9682 0.0147 0.2499
vtan 0.9772 0.0118 0.212
vtan 0.9845 0.0098 0.1748
vtan 0.9755 0.0079 0.2199
vtan 0.9765 0.0086 0.2153
vtan 0.9314 0.0078 0.3638
vtan 0.929 0.0104 0.3699
vtan 0.9767 0.01 0.2142
vtan 0.9274 0.0142 0.3739
vtan 0.9392 0.0053 0.3433
vtan 0.9444 0.0003 0.3287
vtan 0.9515 -0.0041 0.3077
vtan 0.944 0.0071 0.3299
vtan 0.9483 0.0076 0.3172
vtan 0.9102 0.0029 0.4142
vtan 0.9086 0.0052 0.4177
vtan 0.9518 0.0083 0.3067
vtan 0.9078 0.0085 0.4193
vtan 0.944 0.0071 0.3299
vtan 0.9503 0.0009 0.3114
vtan 0.9588 -0.0054 0.2839
vtan 0.9916 -0.1019 0.0801
vtan 0.9919 -0.1154 0.0533
vtan 0.9371 -0.0859 -0.3383
vtan 0.9458 -0.0788 -0.3151
vtan 0.9919 -0.1266 0.0079
vtan 0.9514 -0.0696 -0.2999
vtan 0.8825 -0.0733 -0.4646
vtan 0.8454 -0.0796 -0.5281
vtan 0.8021 -0.087 -0.5908
vtan 0.9295 0.0233 0.368
vtan 0.9394 0.0212 0.3422
vtan 0.7576 0.0354 0.6517
vtan 0.7836 0.0325 0.6204
vtan 0.9472 0.0189 0.32
vtan 0.8073 0.0312 0.5893
vtan 0.7563 0.046 0.6527
vtan 0.727 0.0461 0.6851
vtan 0.7012 0.0475 0.7114
vtan 0.8175 0.0098 0.5759
vtan 0.8337 0.0083 0.5521
vtan 0.7895 0.006 0.6137
vtan 0.7992 0.0089 0.601
vtan 0.8456 0.0088 0.5337
vtan 0.8102 0.0143 0.5859
vtan 0.9005 -0.0069 0.4347
vtan 0.9003 -0.0155 0.435
vtan 0.9039 -0.0244 0.4271
vtan 0.972 0.0059 0.2349
vtan 0.9721 0.0074 0.2345
vtan 0.9461 0.0033 0.3239
vtan 0.9407 0.0067 0.3392
vtan 0.9718 0.0091 0.2356
vtan 0.9362 0.0107 0.3514
vtan 0.959 0.004 0.2835
vtan 0.9664 -0.0011 0.2569
vtan 0.9746 -0.0065 0.2237
vtan -0.2663 -0.0512 -0.9625
vtan 0.8504 -0.0381 -0.5247
vtan -0.2327 -0.0624 -0.9705
vtan 0.8635 -0.0424 -0.5026
vtan 0.9534 -0.0295 -0.3003
vtan 0.9504 -0.0362 -0.3088
vtan 0.8801 -0.0465 -0.4726
vtan -0.1941 -0.0687 -0.9786
vtan 0.9514 -0.0434 -0.3048
vtan 0.9657 -0.0231 -0.2585
vtan 0.9784 -0.0172 -0.2059
vtan 0.9893 -0.0122 -0.1451
vtan 0.992 0.1108 0.061
vtan 0.9665 0.1167 0.2287
vtan 0.9909 0.1257 0.0475
vtan 0.9655 0.1244 0.2287
vtan 0.9959 0.0703 -0.0566
vtan 0.98 0.0929 -0.176
vtan 0.9008 0.124 0.4161
vtan 0.9218 0.1803 0.3433
vtan 0.9165 0.2064 0.3427
vtan 0.8596 0.2853 0.4238
vtan 0.9841 -0.0606 -0.1671
vtan 0.9457 -0.0848 -0.3137
vtan 0.9556 0.1165 0.2708
vtan 0.985 0.0527 0.1641
vtan 0.9689 0.0482 -0.2427
vtan 0.932 -0.0952 -0.3498
vtan 0.4816 0.8518 0.206
vtan 0.1117 0.3422 0.933
vtan 0.9947 0.0254 -0.0995
vtan 0.9914 0.0091 0.1302
vtan -0.0159 -0.0511 0.9986
vtan 0.9806 -0.018 -0.1953
vtan 0.9756 0.0125 0.2192
vtan -0.0229 -0.0696 0.9973
vtan 0.9898 0.0164 0.1413
vtan 0.9832 -0.1085 0.1466
vtan 0.997 0.05 0.0592
vtan 0.9885 -0.0765 0.1306
vtan 0.953 -0.2075 -0.2206
vtan 0.8712 -0.487 -0.0621
vtan 0.8346 -0.1537 -0.529
vtan 0.9142 -0.039 -0.4033
vtan 0.9493 0.0933 -0.3002
vtan 0.9638 0.23 -0.1345
vtan 0.9854 -0.1449 0.0891
vtan 0.9731 -0.2088 0.0972
vtan 1.0 -0.0074 -0.0036
vtan 0.9915 0.1111 -0.0676
vtan 0.8203 -0.3965 0.4123
vtan 0.8863 -0.4526 -0.0982
vtan 0.9733 -0.159 -0.1654
vtan 0.9208 -0.1348 -0.3659
vtan 0.7319 -0.6811 -0.0218
vtan 0.9507 -0.0082 -0.3101
vtan 0.8671 -0.4823 -0.1244
vtan 0.9388 -0.2375 0.2494
vtan 0.8008 -0.1183 -0.5872
vtan 0.9749 0.0048 -0.2228
vtan 0.9941 0.0269 0.1052
vtan 0.9928 -0.0882 0.0805
vtan 0.998 0.0494 0.04
vtan 0.9947 -0.072 0.074
vtan 0.9489 -0.1953 -0.2481
vtan 0.9082 -0.4151 -0.0529
vtan 0.8342 -0.1587 -0.5281
vtan 0.9106 -0.0413 -0.4113
vtan 0.9471 0.1037 -0.3036
vtan 0.9632 0.2362 -0.1284
vtan 0.9856 -0.1507 0.0763
vtan 0.9732 -0.2164 0.0774
vtan 0.9992 -0.0152 -0.0381
vtan 0.9911 0.1122 -0.0714
vtan 0.8601 -0.39 0.3288
vtan 0.893 -0.4335 -0.1207
vtan 0.976 -0.1445 -0.1627
vtan 0.9286 -0.1184 -0.3516
vtan 0.7802 -0.6217 -0.0689
vtan 0.9487 -0.0093 -0.3161
vtan 0.8907 -0.4001 -0.2157
vtan 0.9476 -0.2419 0.2085
vtan 0.7968 -0.1202 -0.5922
vtan 0.9667 0.0045 -0.2558
vtan 0.9982 -0.0472 -0.0362
vtan 0.9854 -0.1693 -0.0165
vtan 0.9997 -0.0204 -0.0094
vtan 0.986 -0.1447 0.0822
vtan 0.9022 -0.2232 -0.3691
vtan 0.8801 -0.4516 -0.1466
vtan 0.9727 -0.141 -0.1844
vtan 0.9877 -0.0836 -0.132
vtan 0.976 0.0737 -0.205
vtan 0.9811 0.1841 0.0598
vtan 0.9 -0.3279 0.2872
vtan 0.9312 -0.2252 0.2865
vtan 0.9984 0.0427 -0.0377
vtan 0.9935 -0.0932 0.0652
vtan 0.8059 -0.5353 0.2528
vtan 0.8621 -0.5018 -0.0708
vtan 0.979 -0.1486 -0.1395
vtan 0.9448 -0.1244 -0.303
vtan 0.7196 -0.6936 -0.0346
vtan 0.9821 -0.0022 -0.1885
vtan 0.879 -0.3673 -0.3039
vtan 0.8612 -0.3604 0.3583
vtan 0.7877 -0.1028 -0.6074
vtan 0.9986 0.0125 -0.0523
vtan 0.9692 -0.0407 0.243
vtan 0.9745 0.0704 0.2129
vtan 0.989 -0.0388 0.1425
vtan 0.9913 0.0805 0.1041
vtan 0.3254 -0.4097 0.8522
vtan 0.4356 -0.4306 0.7905
vtan 0.8276 -0.1524 -0.5402
vtan 0.9097 -0.0268 -0.4144
vtan 0.9474 0.1283 -0.2933
vtan 0.9595 0.2543 -0.1215
vtan 0.9886 -0.114 0.098
vtan 0.9638 -0.2421 0.1121
vtan 0.9999 0.0012 -0.0154
vtan 0.9904 0.1344 -0.0326
vtan 0.6388 -0.4033 0.6552
vtan 0.7896 -0.6017 -0.1206
vtan 0.9083 -0.2194 -0.3562
vtan 0.7093 -0.1809 -0.6813
vtan 0.5809 -0.7964 0.1681
vtan 0.6235 -0.0127 -0.7818
vtan -0.6865 -0.6978 -0.2044
vtan 0.8899 -0.2773 0.3622
vtan -0.7891 -0.5337 -0.3041
vtan 0.6021 0.028 -0.7979
vtan 0.991 0.0106 0.1331
vtan 0.985 -0.1261 0.1176
vtan 0.9974 0.0494 0.0531
vtan 0.9899 -0.0846 0.114
vtan 0.935 -0.2236 -0.2751
vtan 0.8577 -0.501 -0.1151
vtan 0.8356 -0.1511 -0.5282
vtan 0.9116 -0.0413 -0.409
vtan 0.9445 0.0894 -0.3161
vtan 0.9628 0.2236 -0.1515
vtan 0.9877 -0.145 0.0579
vtan 0.9759 -0.2084 0.065
vtan 0.9998 -0.0085 -0.0205
vtan 0.9908 0.1121 -0.0765
vtan 0.8366 -0.4001 0.3743
vtan 0.8872 -0.4431 -0.1287
vtan 0.9707 -0.1515 -0.1867
vtan 0.9154 -0.1301 -0.381
vtan 0.7408 -0.6699 -0.049
vtan 0.9453 -0.0061 -0.326
vtan 0.8582 -0.4873 -0.1613
vtan 0.9472 -0.2374 0.2156
vtan 0.7678 -0.1162 -0.63
vtan 0.9705 0.007 -0.2408
vtan 0.9935 0.0164 0.1129
vtan 0.9894 -0.1025 0.1027
vtan 0.998 0.0456 0.0447
vtan 0.9921 -0.0785 0.0981
vtan 0.9531 -0.189 -0.2366
vtan 0.9015 -0.4296 -0.0529
vtan 0.8366 -0.1576 -0.5246
vtan 0.9136 -0.0416 -0.4044
vtan 0.9486 0.0976 -0.3011
vtan 0.9639 0.2321 -0.1308
vtan 0.9849 -0.1489 0.0878
vtan 0.9725 -0.214 0.0914
vtan 0.9997 -0.0141 -0.0208
vtan 0.9915 0.109 -0.0709
vtan 0.8474 -0.3976 0.3519
vtan 0.8914 -0.4406 -0.1063
vtan 0.9759 -0.151 -0.1574
vtan 0.9295 -0.1263 -0.3464
vtan 0.763 -0.6447 -0.0469
vtan 0.9575 -0.0089 -0.2884
vtan 0.8917 -0.4111 -0.1895
vtan 0.9428 -0.241 0.2302
vtan 0.8116 -0.1098 -0.5739
vtan 0.9792 0.0037 -0.2029
vtan 0.9712 -0.064 -0.2294
vtan 0.9327 -0.1347 -0.3346
vtan 0.938 -0.1851 -0.2931
vtan 0.932 -0.1537 -0.3282
vtan 0.8967 -0.0303 0.4416
vtan 0.9935 -0.0545 0.1004
vtan 0.8002 -0.3383 -0.4952
vtan 0.814 -0.3034 -0.4953
vtan 0.91 -0.3327 -0.2475
vtan 0.7664 -0.425 -0.4817
vtan 0.879 -0.315 -0.358
vtan 0.8846 -0.2362 -0.4021
vtan 0.9341 -0.2101 -0.2887
vtan 0.8985 -0.2102 -0.3854
vtan 0.9691 -0.1656 -0.1826
vtan 0.9319 -0.2407 0.2713
vtan 0.9873 0.1579 0.0188
vtan -0.4692 0.4623 -0.7524
vtan 0.7684 -0.0305 0.6392
vtan 0.2895 -0.1426 0.9465
vtan -0.9986 -0.0534 -0.0014
vtan 0.919 -0.2617 -0.295
vtan -0.0414 -0.1788 0.983
vtan -0.9669 -0.2106 -0.1442
vtan 0.9945 0.0554 -0.089
vtan 0.995 0.0993 0.0055
vtan 0.9494 0.0882 0.3015
vtan 0.9381 0.1365 0.3182
vtan 0.9451 0.2997 0.1302
vtan 0.9255 0.3414 0.1641
vtan 0.9888 -0.125 -0.0815
vtan 0.9898 -0.0238 0.1405
vtan 0.8913 0.3391 0.3011
vtan 0.8983 0.3139 0.3075
vtan 0.9786 0.1896 0.0794
vtan 0.9232 0.2141 0.3192
vtan 0.9329 0.1915 0.305
vtan 0.9235 0.2281 0.3084
vtan 0.9364 0.1567 0.3139
vtan 0.9394 0.1447 0.3106
vtan 0.9096 0.2776 0.3093
vtan 0.9372 0.1106 0.3308
vtan 0.9665 0.0514 0.2515
vtan 0.9727 0.0808 0.2173
vtan 0.9581 0.0752 0.2762
vtan 0.9684 0.1045 0.2264
vtan 0.9515 0.259 0.1658
vtan 0.9472 0.2673 0.1773
vtan 0.9932 -0.1162 0.0067
vtan 0.9845 -0.0499 0.1679
vtan 0.9519 0.2402 0.1901
vtan 0.9597 0.2197 0.1753
vtan 0.9736 0.1405 0.18
vtan 0.9705 0.1449 0.1928
vtan 0.9864 0.1435 0.0803
vtan 0.9816 0.1463 0.123
vtan 0.9725 0.1068 -0.2071
vtan 0.9885 0.1036 0.1103
vtan 0.9654 0.1937 0.1746
vtan 0.9806 0.0789 0.1796
vtan 0.9522 0.0496 0.3015
vtan 0.9621 0.0806 0.2605
vtan 0.9465 0.075 0.3139
vtan 0.9603 0.1073 0.2574
vtan 0.9461 0.2584 0.1951
vtan 0.9418 0.2668 0.2043
vtan 0.9924 -0.1189 0.0324
vtan 0.9793 -0.0541 0.1951
vtan 0.9475 0.2422 0.2086
vtan 0.9563 0.2221 0.1902
vtan 0.9662 0.141 0.2159
vtan 0.9649 0.1493 0.216
vtan 0.9842 0.149 0.0955
vtan 0.9788 0.153 0.136
vtan 0.9714 0.1135 -0.2087
vtan 0.9874 0.1035 0.1201
vtan 0.9614 0.1971 0.1922
vtan 0.9802 0.0765 0.1828
vtan 0.4557 0.0196 -0.8899
vtan 0.469 0.1615 -0.8683
vtan 0.9842 0.0296 -0.1745
vtan 0.9908 0.0581 -0.1219
vtan 0.9491 0.297 -0.1044
vtan 0.887 0.4446 -0.1251
vtan 0.997 0.0678 -0.0362
vtan 0.9809 -0.0376 -0.1909
vtan 0.9672 0.2444 -0.0686
vtan 0.9737 0.2183 -0.0657
vtan 0.5892 0.3725 -0.717
vtan 0.9897 0.1172 -0.0825
vtan 0.9951 0.0883 -0.045
vtan 0.9948 0.1011 0.0081
vtan 0.9889 0.07 -0.1309
vtan 0.9964 0.0326 -0.078
vtan 0.9804 0.1836 -0.0713
vtan 0.9933 0.0045 -0.1151
vtan 0.9523 0.0513 0.3009
vtan 0.9595 0.0842 0.2687
vtan 0.9232 0.0845 0.3748
vtan 0.946 0.1184 0.3019
vtan 0.9434 0.2626 0.2025
vtan 0.9378 0.2726 0.2152
vtan 0.9932 -0.1141 0.0238
vtan 0.9798 -0.0498 0.1935
vtan 0.9408 0.2526 0.2259
vtan 0.9502 0.2327 0.2074
vtan 0.9628 0.1462 0.2274
vtan 0.9558 0.1627 0.2447
vtan 0.9763 0.1703 0.1339
vtan 0.9719 0.1726 0.1604
vtan 0.9727 0.1375 -0.1871
vtan 0.9754 0.1226 0.183
vtan 0.9547 0.2084 0.2125
vtan 0.9557 0.0969 0.2779
vtan 0.9063 0.0689 0.4171
vtan 0.9364 0.0996 0.3364
vtan 0.9307 0.0966 0.3529
vtan 0.952 0.1262 0.2788
vtan 0.9361 0.2608 0.2361
vtan 0.9315 0.275 0.2381
vtan 0.9918 -0.1207 0.042
vtan 0.9731 -0.054 0.2239
vtan 0.9415 0.2484 0.2277
vtan 0.9518 0.2296 0.2032
vtan 0.9526 0.155 0.2616
vtan 0.9599 0.1622 0.2288
vtan 0.9852 0.1507 0.0821
vtan 0.9818 0.1502 0.1163
vtan 0.9698 0.1051 -0.2202
vtan 0.9865 0.1111 0.1202
vtan 0.9569 0.2066 0.204
vtan 0.9767 0.0845 0.197
vtan 0.9615 0.0504 0.27
vtan 0.9693 0.0798 0.2327
vtan 0.9557 0.0738 0.2848
vtan 0.9665 0.1043 0.2346
vtan 0.9493 0.2604 0.1762
vtan 0.9454 0.2673 0.1863
vtan 0.9919 -0.1231 0.0326
vtan 0.9807 -0.056 0.1871
vtan 0.951 0.2404 0.1944
vtan 0.959 0.2201 0.1785
vtan 0.9712 0.1398 0.1929
vtan 0.9691 0.1455 0.199
vtan 0.9859 0.1442 0.0848
vtan 0.9807 0.1482 0.1278
vtan 0.9721 0.1085 -0.2078
vtan 0.9889 0.1016 0.1085
vtan 0.9645 0.1943 0.1788
vtan 0.9825 0.0757 0.17
vtan 0.0549 0.0196 -0.9983
vtan 0.9765 -0.0345 -0.2127
vtan 0.9891 -0.0247 -0.1454
vtan 0.1015 0.0377 -0.9941
vtan 0.9959 -0.084 -0.0341
vtan 0.9925 -0.0906 0.0817
vtan 0.966 -0.0982 0.2391
vtan 0.9743 0.1499 0.1684
vtan 0.6967 -0.7116 -0.0904
vtan 0.8071 0.0228 0.5899
vtan 0.7308 0.1999 0.6527
vtan 0.9989 0.0158 -0.0448
vtan 0.1497 -0.1242 -0.9809
vtan 0.9545 -0.1201 0.2729
vtan 0.9088 -0.2284 0.3491
vtan 0.9194 -0.2883 -0.2674
vtan 0.9637 -0.2389 0.1191
vtan 0.9857 -0.1508 -0.0755
vtan 0.8816 -0.0402 0.4702
vtan 0.9726 -0.145 -0.1817
vtan 0.5867 -0.742 -0.3243
vtan 0.9874 0.0356 0.1541
vtan 0.9448 -0.2495 0.2125
vtan 0.9463 0.0237 0.3225
vtan 0.9434 0.0259 0.3305
vtan 0.998 0.0275 0.0576
vtan 0.3078 -0.2993 -0.9031
vtan 0.2472 0.0326 -0.9684
vtan 0.9997 0.0239 0.0095
vtan 0.9565 0.0216 0.291
vtan 0.9507 0.0215 0.3095
vtan 0.9529 0.0168 0.3027
vtan 0.953 0.018 0.3024
vtan 0.9847 0.0113 0.1738
vtan 0.9875 0.0061 0.1577
vtan 0.9528 0.0219 0.3028
vtan 0.9716 0.0221 0.2356
vtan 0.9785 0.0212 0.2052
vtan 0.9521 0.0213 0.3051
vtan 0.9657 0.0227 0.2588
vtan 0.9555 0.0222 0.2942
vtan 0.9579 0.0228 0.2862
vtan 0.961 0.0235 0.2756
vtan 0.9626 0.0217 0.2699
vtan 0.9678 0.0219 0.2509
vtan 0.9997 0.024 -0.01
vtan 0.2314 0.035 -0.9722
vtan 0.213 0.0405 -0.9762
vtan 0.9993 0.0239 -0.0289
vtan 0.9922 -0.0092 -0.124
vtan 0.9653 -0.0021 -0.2611
vtan 0.9648 -0.0062 -0.263
vtan 0.987 -0.021 -0.1596
vtan 0.9732 0.0068 -0.2298
vtan 0.9768 0.0137 -0.2139
vtan 0.999 -0.0015 -0.0439
vtan 0.9725 -0.0034 -0.2328
vtan 0.9689 -0.0019 -0.2474
vtan 0.9964 -0.0019 -0.085
vtan 0.9633 -0.0028 -0.2686
vtan 0.9689 -0.0017 -0.2476
vtan 0.9991 0.0104 -0.0413
vtan 0.9802 0.0095 0.1977
vtan 0.9779 0.0147 0.2087
vtan 0.9997 0.0211 -0.016
vtan 0.9919 -0.0037 -0.1267
vtan 0.9933 -0.0015 0.1155
vtan 0.9871 -0.0015 0.1598
vtan 0.9967 -0.003 -0.081
vtan 0.9987 -0.0006 0.0516
vtan 0.9973 -0.0013 0.0736
vtan 0.9854 -0.0043 -0.1701
vtan 0.98 -0.0052 -0.1991
vtan 0.957 -0.004 -0.2901
vtan 0.9502 -0.0059 -0.3116
vtan 0.9751 -0.0065 -0.2217
vtan 0.9753 -0.0049 -0.2209
vtan 1.0 -0.0018 -0.0067
vtan 0.9999 -0.0018 0.0132
vtan 0.9211 -0.0043 -0.3893
vtan 0.7897 0.0134 -0.6134
vtan 0.7853 -0.0002 -0.6191
vtan 0.8811 -0.0391 -0.4714
vtan 0.8233 0.0244 -0.567
vtan 0.8349 0.0337 -0.5493
vtan 0.9752 0.0112 -0.221
vtan 0.8373 0.012 -0.5466
vtan 0.8098 0.0143 -0.5865
vtan 0.9502 0.0093 -0.3115
vtan 0.808 0.0116 -0.5891
vtan 0.8134 0.0138 -0.5815
vtan 0.9536 0.0255 -0.3001
vtan 0.9971 0.0199 0.0741
vtan 0.9934 0.0239 0.1123
vtan 0.9636 0.0392 -0.2644
vtan 0.9208 0.0069 -0.39
vtan 0.9993 0.0036 -0.0362
vtan 0.9998 0.003 0.0201
vtan 0.9383 0.0071 -0.3458
vtan 0.9967 0.0048 -0.0811
vtan 0.9066 0.0071 -0.4219
vtan 0.9036 0.0068 -0.4284
vtan 0.9956 0.0063 -0.093
vtan 0.81 0.0101 -0.5863
vtan 0.8161 0.0075 -0.5779
vtan 0.8658 0.0112 -0.5003
vtan 0.9905 0.0129 -0.1371
vtan 0.996 0.0151 -0.0882
vtan 0.8844 0.0102 -0.4666
vtan 0.9734 -0.0326 0.2268
vtan 0.9542 -0.0463 -0.2957
vtan 0.944 -0.0639 -0.3237
vtan 0.9804 -0.0419 0.1927
vtan 0.7155 -0.0386 -0.6975
vtan 0.69 -0.0599 -0.7213
vtan 0.9499 -0.0134 0.3124
vtan 0.9796 -0.026 -0.1992
vtan 0.9673 -0.0304 -0.252
vtan 0.9625 -0.0187 0.2706
vtan 0.7798 -0.0281 -0.6254
vtan 0.7461 -0.0278 -0.6652
vtan 0.5323 -0.023 -0.8462
vtan 0.563 -0.0175 -0.8263
vtan 0.5655 -0.0138 -0.8247
vtan 0.5232 -0.034 -0.8515
vtan 0.5932 -0.0239 -0.8047
vtan 0.5878 -0.0242 -0.8086
vtan 0.5688 -0.0205 -0.8222
vtan 0.5584 -0.0198 -0.8293
vtan 0.6539 -0.0295 -0.756
vtan 0.6169 -0.0269 -0.7866
vtan 0.6299 -0.0269 -0.7762
vtan 0.6614 -0.0291 -0.7494
vtan 0.8074 -0.0282 -0.5893
vtan 0.8222 -0.0273 -0.5685
vtan 0.9894 -0.0201 -0.1436
vtan 0.9872 -0.0229 -0.1578
vtan 0.9404 -0.0111 0.3398
vtan 0.9391 -0.0105 0.3436
vtan 0.7234 0.0562 -0.6881
vtan 0.8407 0.0611 -0.5381
vtan 0.8555 0.0853 -0.5107
vtan 0.7369 0.0626 -0.6731
vtan 0.9913 0.0607 -0.1172
vtan 0.9952 0.0763 -0.0617
vtan 0.6991 0.0451 -0.7136
vtan 0.7768 0.0427 -0.6283
vtan 0.8147 0.0419 -0.5783
vtan 0.7112 0.0467 -0.7014
vtan 0.9624 0.0365 -0.2693
vtan 0.9823 0.0341 -0.1844
vtan 0.8788 0.0521 0.4743
vtan 0.8998 0.059 0.4322
vtan 0.6572 0.052 0.7519
vtan 0.6043 0.0326 0.7961
vtan 0.9644 0.0337 0.2623
vtan 0.7597 0.0357 0.6493
vtan 0.7064 0.0366 0.7069
vtan 0.9345 0.0321 0.3544
vtan 0.8088 0.0343 0.5871
vtan 0.9838 0.0351 0.1759
vtan 0.9924 0.0374 0.1175
vtan 0.8409 0.0335 0.5401
vtan 0.9349 0.0391 -0.3528
vtan 0.9095 0.042 -0.4136
vtan 0.7325 0.0441 -0.6793
vtan 0.6927 0.0449 -0.7199
vtan 0.6875 0.0446 -0.7248
vtan 0.6938 0.0448 -0.7187
vtan 0.9647 -0.0158 -0.2629
vtan 0.8909 -0.0018 -0.4543
vtan 0.887 -0.0109 -0.4617
vtan 0.9482 -0.0337 -0.3159
vtan 0.9058 0.0091 -0.4236
vtan 0.9114 0.0174 -0.4111
vtan 0.9889 -0.004 -0.1487
vtan 0.917 -0.0018 -0.3989
vtan 0.903 -0.0003 -0.4296
vtan 0.9781 -0.0048 -0.2079
vtan 0.8965 -0.0013 -0.4431
vtan 0.901 0.0002 -0.4339
vtan 0.9866 0.0143 -0.1624
vtan 0.9698 0.0146 0.2436
vtan 0.9582 0.0234 0.2851
vtan 0.9906 0.031 -0.1332
vtan 0.9682 -0.0045 -0.25
vtan 0.9925 -0.0066 0.1222
vtan 0.9821 -0.0075 0.1883
vtan 0.9792 -0.0048 -0.2028
vtan 0.9995 -0.0044 0.031
vtan 0.998 -0.0054 0.0624
vtan 0.9566 -0.0037 -0.2913
vtan 0.9494 -0.0035 -0.3142
vtan 0.8931 -0.0019 -0.4499
vtan 0.8902 -0.0033 -0.4556
vtan 0.9352 -0.0044 -0.354
vtan 0.9294 -0.003 -0.369
vtan 0.9953 -0.0042 -0.0962
vtan 0.9977 -0.004 -0.067
vtan 0.9979 -0.012 -0.0629
vtan 0.9612 -0.0052 -0.2756
vtan 0.9592 -0.0134 -0.2823
vtan 0.9939 -0.0272 -0.1068
vtan 0.9512 0.0042 -0.3084
vtan 0.9552 0.0082 -0.2958
vtan 0.9994 -0.0002 0.0346
vtan 0.9738 -0.0036 -0.2272
vtan 0.9674 -0.0024 -0.2533
vtan 0.9999 -0.0023 -0.0153
vtan 0.9445 -0.0045 -0.3286
vtan 0.9478 -0.0022 -0.319
vtan 0.9858 0.0082 -0.1678
vtan 0.9983 0.0087 0.058
vtan 0.9969 0.0146 0.0775
vtan 0.9891 0.0183 -0.146
vtan 0.972 -0.0041 -0.2351
vtan 0.9999 0.0001 -0.013
vtan 0.9997 -0.0007 0.0243
vtan 0.9797 -0.0032 -0.2002
vtan 0.9989 0.0006 -0.0463
vtan 0.9636 -0.0049 -0.2673
vtan 0.9582 -0.0057 -0.2861
vtan 0.9983 0.0013 -0.0583
vtan 0.941 -0.0063 -0.3384
vtan 0.936 -0.0084 -0.3519
vtan 0.9788 -0.0045 -0.2048
vtan 0.997 0.0007 0.0769
vtan 0.9955 0.0018 0.0943
vtan 0.9795 -0.0055 -0.2012
vtan 0.8038 -0.0442 0.5932
vtan 0.6361 -0.0457 0.7702
vtan 0.634 -0.0569 0.7713
vtan 0.7919 -0.0534 0.6084
vtan 0.6681 -0.0566 0.7419
vtan 0.6884 -0.0647 0.7225
vtan 0.8313 -0.0555 0.5531
vtan 0.6334 -0.0466 0.7724
vtan 0.6365 -0.0439 0.77
vtan 0.8176 -0.0543 0.5732
vtan 0.6111 -0.0444 0.7903
vtan 0.6419 -0.0444 0.7655
vtan 0.8312 -0.0615 0.5525
vtan 0.9639 -0.0534 0.2608
vtan 0.9634 -0.0617 0.2609
vtan 0.837 -0.0696 0.5428
vtan 0.7785 -0.0475 0.6259
vtan 0.9522 -0.0456 0.302
vtan 0.9587 -0.0469 0.2807
vtan 0.8074 -0.0499 0.5878
vtan 0.9496 -0.0446 0.3103
vtan 0.7526 -0.0478 0.6568
vtan 0.7425 -0.0484 0.6681
vtan 0.9571 -0.0424 0.2867
vtan 0.5814 -0.0463 0.8123
vtan 0.5539 -0.05 0.8311
vtan 0.6289 -0.0495 0.7759
vtan 0.8416 -0.0564 0.5371
vtan 0.8443 -0.0568 0.5329
vtan 0.6159 -0.0527 0.786
vtan 0.9963 0.0107 -0.0856
vtan 0.9928 0.0016 -0.1198
vtan 0.9133 0.0225 -0.4066
vtan 0.895 0.0103 -0.4459
vtan 0.9991 0.0236 0.0359
vtan 0.9993 0.0232 -0.0282
vtan 0.9583 0.0298 -0.2844
vtan 0.9356 0.0309 -0.3518
vtan 0.771 0.0422 -0.6355
vtan 0.7558 0.0338 -0.654
vtan 0.8113 0.0395 -0.5834
vtan 0.7882 0.0412 -0.614
vtan 0.8395 0.0383 -0.542
vtan 0.8623 0.0379 -0.5049
vtan 0.9768 0.0289 -0.2124
vtan 0.9883 0.0291 -0.1498
vtan 0.9951 0.0238 0.0963
vtan 0.9891 0.0246 0.1454
vtan 0.9389 0.0062 0.3443
vtan 0.9332 0.0049 0.3594
vtan 0.9528 -0.0046 0.3037
vtan 0.9546 -0.0078 0.2978
vtan 0.9508 0.0049 0.3098
vtan 0.9444 0.0045 0.3287
vtan 0.9409 0.0066 0.3387
vtan 0.9465 0.0048 0.3227
vtan 0.9992 -0.0272 0.0296
vtan 0.9981 -0.0173 0.059
vtan 0.9868 0.0001 0.162
vtan 0.9938 -0.0023 0.1114
vtan 0.9793 0.0013 0.2023
vtan 0.9742 0.0029 0.2257
vtan 0.937 0.0077 0.3493
vtan 0.9338 0.0091 0.3578
vtan 0.9567 0.0058 0.291
vtan 0.9588 0.0071 0.2841
vtan 0.9388 0.0131 0.3443
vtan 0.935 0.0087 0.3545
vtan 0.9188 0.0005 0.3948
vtan 0.9174 -0.0016 0.3979
vtan 0.9602 0.0048 0.2792
vtan 0.9497 0.0049 0.3131
vtan 0.9155 0.0061 0.4024
vtan 0.9166 0.0058 0.3998
vtan 0.9789 -0.0168 0.2037
vtan 0.9746 -0.0101 0.2239
vtan 0.9537 0.0042 0.3007
vtan 0.9648 0.0023 0.263
vtan 0.9439 0.0048 0.3302
vtan 0.9394 0.0053 0.3428
vtan 0.9156 0.0058 0.4021
vtan 0.9149 0.0054 0.4036
vtan 0.9681 0.0051 0.2504
vtan 0.9701 0.0058 0.2426
vtan 0.7388 -0.0268 -0.6734
vtan 0.7373 -0.0119 -0.6755
vtan 0.9386 -0.0398 -0.3428
vtan 0.9351 -0.0205 -0.3537
vtan 0.7412 -0.0333 -0.6705
vtan 0.7375 -0.0327 -0.6746
vtan 0.9356 -0.048 -0.3498
vtan 0.938 -0.0492 -0.3431
vtan 0.9863 -0.0459 0.1583
vtan 0.9853 -0.0397 0.1664
vtan 0.9907 -0.0583 0.1233
vtan 0.9877 -0.0592 0.1447
vtan 0.9926 -0.0562 0.108
vtan 0.9932 -0.054 0.1036
vtan 0.9364 -0.0457 -0.3479
vtan 0.9423 -0.0437 -0.3318
vtan 0.7795 -0.034 -0.6255
vtan 0.7543 -0.0333 -0.6556
vtan 0.6006 0.0344 0.7988
vtan 0.5954 0.0336 0.8027
vtan 0.7976 0.0118 0.6031
vtan 0.8204 0.0079 0.5717
vtan 0.6263 0.0368 0.7787
vtan 0.6058 0.0377 0.7947
vtan 0.7351 0.0311 0.6772
vtan 0.7618 0.0288 0.6471
vtan 0.9988 -0.0348 0.0351
vtan 0.993 -0.0083 0.118
vtan 0.9545 0.0188 0.2976
vtan 0.9777 0.014 0.2097
vtan 0.9318 0.021 0.3622
vtan 0.9205 0.0225 0.39
vtan 0.7232 0.03 0.69
vtan 0.7281 0.0278 0.6849
vtan 0.6579 0.0339 0.7523
vtan 0.6883 0.0302 0.7248
vtan 0.8149 0.0148 0.5794
vtan 0.8034 0.0121 0.5953
vtan 0.7109 0.0069 0.7033
vtan 0.6964 0.0077 0.7176
vtan 0.8745 -0.0029 0.485
vtan 0.8439 -0.0023 0.5366
vtan 0.746 0.002 0.666
vtan 0.7254 0.0042 0.6883
vtan 0.8107 -0.0089 0.5854
vtan 0.8049 -0.0107 0.5934
vtan 0.7846 -0.0008 0.62
vtan 0.7913 -0.0018 0.6114
vtan 0.7865 -0.0018 0.6175
vtan 0.7954 -0.0032 0.606
vtan 0.7687 -0.0002 0.6396
vtan 0.7866 -0.0006 0.6174
vtan 0.9134 -0.0028 0.4069
vtan 0.8998 -0.0034 0.4364
vtan 0.9729 0.0073 0.2311
vtan 0.9719 0.0057 0.2355
vtan 0.9679 -0.0012 0.2512
vtan 0.9684 -0.004 0.2495
vtan 0.9799 0.0052 0.1992
vtan 0.9765 0.0044 0.2156
vtan 0.9612 0.0064 0.2757
vtan 0.9648 0.0052 0.2628
vtan 0.9965 -0.0161 0.0815
vtan 0.9949 -0.009 0.1
vtan 0.9847 0.0038 0.1743
vtan 0.9906 0.002 0.1364
vtan 0.9778 0.0047 0.2095
vtan 0.9723 0.006 0.2336
vtan 0.9572 0.0078 0.2894
vtan 0.9524 0.0092 0.3048
vtan 0.9824 0.0063 0.1865
vtan 0.982 0.0077 0.1888
vtan 0.9992 -0.0389 -0.0041
vtan 0.9991 -0.0426 0.005
vtan 0.986 -0.0296 -0.1643
vtan 0.9875 -0.0282 -0.155
vtan 0.999 -0.0381 -0.025
vtan 0.9992 -0.0389 -0.0107
vtan 0.9764 -0.0324 -0.2136
vtan 0.9825 -0.0327 -0.1836
vtan 0.9948 -0.0303 -0.0968
vtan 0.6041 0.7173 0.3472
vtan 0.8147 0.5744 0.0794
vtan 0.9502 0.2361 -0.2032
vtan 0.9993 -0.0313 -0.0186
vtan 0.267 -0.0079 0.9637
vtan 0.3021 0.3106 0.9013
vtan 0.999 -0.0383 -0.0236
vtan 0.2839 -0.0037 0.9589
vtan 0.9986 -0.0303 -0.0434
vtan 0.9982 -0.0305 -0.0518
vtan 0.2865 -0.0089 0.958
vtan 0.9676 -0.0328 -0.2504
vtan 0.9583 -0.0338 -0.2837
vtan 0.9979 -0.0373 -0.0528
vtan 0.9944 -0.0363 -0.0989
vtan 0.9456 0.0333 0.3237
vtan 0.9672 0.0302 0.2521
vtan 0.973 0.0339 0.2283
vtan 0.9465 0.0382 0.3205
vtan 0.9796 0.0388 0.1972
vtan 0.9504 0.0447 0.3079
vtan 0.9852 0.0269 0.1694
vtan 0.9899 0.0298 0.1385
vtan 0.9942 0.0335 0.1026
vtan 0.9567 0.0537 0.286
vtan 0.9863 0.0452 0.1588
vtan 0.9919 0.0546 0.1143
vtan 0.9642 0.0665 0.2565
vtan 0.9974 0.0375 0.0619
vtan 0.9991 0.0399 0.0138
vtan 0.9722 0.0185 -0.2334
vtan 0.9786 0.024 -0.2043
vtan 0.054 0.0262 -0.9982
vtan 0.0348 -0.012 -0.9993
vtan 0.9841 0.0257 -0.1756
vtan 0.0775 0.0481 -0.9958
vtan 0.1025 0.0587 -0.993
vtan 0.9887 0.0262 -0.1476
vtan 0.9925 0.0257 -0.1196
vtan 0.1285 0.0609 -0.9898
vtan 0.9863 -0.0129 -0.1645
vtan 0.9911 -0.016 -0.1321
vtan 0.9857 0.0012 0.1683
vtan 0.9896 0.0012 0.1435
vtan 0.9961 -0.02 -0.0861
vtan 0.9825 0.0008 0.1864
vtan 0.9164 -0.0179 -0.3999
vtan 0.9104 -0.0217 -0.4131
vtan 0.9099 -0.0258 -0.414
vtan 0.9993 -0.0251 -0.027
vtan 0.9987 -0.0318 0.039
vtan 0.9839 0.0006 0.179
vtan 0.9814 0.0002 0.1918
vtan 0.9201 -0.0308 -0.3904
vtan 0.943 -0.0388 -0.3305
vtan 0.8202 -0.0422 -0.5706
vtan 0.8513 -0.0336 -0.5236
vtan 0.9906 -0.002 -0.1366
vtan 0.9842 -0.0023 -0.1769
vtan 0.8835 -0.0266 -0.4676
vtan 0.9944 -0.0017 -0.1059
vtan 0.9107 -0.0211 -0.4124
vtan 0.9317 -0.0167 -0.3627
vtan 0.9983 -0.0012 -0.0583
vtan 0.9968 -0.0014 -0.0802
vtan 0.9972 0.0097 0.0743
vtan 0.9621 0.0 -0.2727
vtan 0.976 -0.0032 -0.2177
vtan 0.9939 0.0103 0.1098
vtan 0.9879 -0.0071 -0.155
vtan 0.9908 0.011 0.1349
vtan 0.8505 -0.0082 -0.5259
vtan 0.8604 -0.0143 -0.5094
vtan 0.875 -0.0217 -0.4837
vtan 0.9962 -0.0121 -0.0862
vtan 0.9997 -0.0189 -0.0178
vtan 0.9907 0.0131 0.1355
vtan 0.9894 0.012 0.1445
vtan 0.8977 -0.0307 -0.4395
vtan 0.9293 -0.0416 -0.367
vtan 0.7874 -0.0297 -0.6158
vtan 0.8093 -0.0175 -0.5871
vtan 0.9788 0.0169 -0.2042
vtan 0.9723 0.0141 -0.2331
vtan 0.8336 -0.009 -0.5523
vtan 0.9838 0.0182 -0.1783
vtan 0.9877 0.0185 -0.1554
vtan 0.8542 -0.0025 -0.52
vtan 0.8693 0.0023 -0.4942
vtan 0.9907 0.0185 -0.1352
vtan 0.7915 -0.0305 -0.6104
vtan 0.838 -0.032 -0.5448
vtan 0.913 -0.028 -0.407
vtan 0.8634 -0.0289 -0.5037
vtan 0.8898 -0.0346 -0.4551
vtan 0.9534 -0.0267 -0.3006
vtan 0.805 -0.0298 -0.5925
vtan 0.7989 -0.0335 -0.6005
vtan 0.8 -0.0391 -0.5987
vtan 0.9398 -0.0383 -0.3394
vtan 0.9781 -0.0434 -0.2035
vtan 0.9944 -0.0229 -0.1034
vtan 0.9805 -0.025 -0.195
vtan 0.8155 -0.047 -0.5769
vtan 0.8543 -0.0576 -0.5166
vtan 0.8237 -0.0619 -0.5636
vtan 0.8709 -0.0481 -0.4891
vtan 0.9932 -0.0152 0.115
vtan 0.9988 -0.0143 0.0473
vtan 0.9106 -0.0374 -0.4116
vtan 0.9867 -0.0156 0.1619
vtan 0.9391 -0.0297 -0.3424
vtan 0.9582 -0.0245 -0.2851
vtan 0.9747 -0.0145 0.2232
vtan 0.9805 -0.0152 0.1958
vtan 0.8773 0.0286 0.4791
vtan 0.993 0.0384 0.1119
vtan 0.9913 0.0341 0.1273
vtan 0.8899 0.0282 0.4553
vtan 0.9889 0.0278 0.1462
vtan 0.9066 0.0288 0.4209
vtan 0.8902 0.0493 -0.4529
vtan 0.8965 0.047 -0.4405
vtan 0.9092 0.0383 -0.4146
vtan 0.9284 0.0297 0.3703
vtan 0.9864 0.0195 0.1634
vtan 0.9853 0.0084 0.1707
vtan 0.9532 0.0307 0.3008
vtan 0.9289 0.0228 -0.3695
vtan 0.9539 0.0003 -0.3
vtan 0.5865 0.074 -0.8066
vtan 0.5059 0.0397 -0.8617
vtan 0.5215 0.0519 -0.8517
vtan 0.5898 0.0648 -0.805
vtan 0.5467 0.0554 -0.8355
vtan 0.5985 0.0575 -0.799
vtan 0.6098 0.0529 -0.7908
vtan 0.5728 0.0538 -0.8179
vtan 0.5977 0.0513 -0.8001
vtan 0.6233 0.0499 -0.7804
vtan 0.9675 -0.0101 -0.2525
vtan 0.9763 -0.0131 -0.216
vtan 0.9908 -0.0036 0.1352
vtan 0.9936 -0.0034 0.1125
vtan 0.9863 -0.017 -0.1639
vtan 0.9879 -0.0039 0.155
vtan 0.8704 -0.0126 -0.4921
vtan 0.8685 -0.0161 -0.4954
vtan 0.8716 -0.0208 -0.4897
vtan 0.9953 -0.0221 -0.0942
vtan 0.9995 -0.0294 -0.0124
vtan 0.9866 -0.0039 0.1632
vtan 0.9859 -0.0043 0.1671
vtan 0.8872 -0.0271 -0.4605
vtan 0.9177 -0.0365 -0.3955
vtan 0.7943 -0.0406 -0.6062
vtan 0.8248 -0.0305 -0.5646
vtan 0.9863 -0.0049 -0.1647
vtan 0.9802 -0.004 -0.198
vtan 0.8545 -0.0233 -0.5189
vtan 0.9896 -0.0052 -0.144
vtan 0.8786 -0.0179 -0.4772
vtan 0.8971 -0.0138 -0.4415
vtan 0.9933 -0.0044 -0.1158
vtan 0.9917 -0.0049 -0.1287
vtan 0.9743 -0.0129 -0.2249
vtan 0.9825 -0.0157 -0.1856
vtan 0.994 0.0037 0.1094
vtan 0.9972 0.0032 0.075
vtan 0.9909 -0.0193 -0.1331
vtan 0.9908 0.0043 0.1356
vtan 0.9023 -0.0205 -0.4306
vtan 0.8977 -0.0249 -0.4399
vtan 0.8994 -0.0302 -0.4361
vtan 0.9973 -0.0239 -0.0693
vtan 0.9995 -0.0302 -0.0008
vtan 0.9899 0.0058 0.1413
vtan 0.9891 0.0052 0.1475
vtan 0.9121 -0.0366 -0.4083
vtan 0.9369 -0.0438 -0.3469
vtan 0.8222 -0.0406 -0.5678
vtan 0.8528 -0.0309 -0.5213
vtan 0.9935 0.0028 -0.1142
vtan 0.9876 0.0002 -0.1571
vtan 0.8845 -0.0241 -0.4659
vtan 0.997 0.0037 -0.0778
vtan 0.9118 -0.019 -0.4101
vtan 0.9338 -0.015 -0.3576
vtan 0.9999 0.0036 -0.0155
vtan 0.9989 0.0038 -0.0458
vtan 0.877 -0.0547 0.4774
vtan 0.9259 -0.0588 0.3731
vtan 0.9848 -0.0511 -0.1659
vtan 0.9968 -0.0459 -0.0661
vtan 0.9685 -0.0656 0.2403
vtan 0.9648 -0.0589 -0.2561
vtan 0.4971 -0.0646 0.8653
vtan 0.516 -0.0703 0.8537
vtan 0.5595 -0.0785 0.8251
vtan 0.9939 -0.0765 0.079
vtan 0.9901 -0.0945 -0.1042
vtan 0.9252 -0.0864 -0.3694
vtan 0.9415 -0.0704 -0.3296
vtan 0.6357 -0.0913 0.7666
vtan 0.7506 -0.1118 0.6513
vtan 0.2944 -0.1044 0.95
vtan 0.3108 -0.0924 0.946
vtan 0.7628 -0.0896 0.6404
vtan 0.7404 -0.1019 0.6644
vtan 0.3516 -0.0829 0.9325
vtan 0.7788 -0.0792 0.6222
vtan 0.4006 -0.075 0.9132
vtan 0.4501 -0.0687 0.8903
vtan 0.8039 -0.0663 0.591
vtan 0.792 -0.0716 0.6063
vtan 0.9036 0.0434 -0.4261
vtan 0.9226 0.0468 -0.383
vtan 0.9448 0.0526 -0.3233
vtan 0.9982 0.0362 0.0485
vtan 0.993 0.0412 0.1106
vtan 0.9834 0.049 0.1749
vtan 0.9679 0.0622 -0.2435
vtan 0.9866 0.0778 -0.1438
vtan 0.9698 0.0613 0.2362
vtan 0.9539 0.0804 0.2891
vtan 0.9338 0.0768 0.3494
vtan 0.9331 0.0603 0.3547
vtan 0.937 0.0488 0.3459
vtan 0.9447 0.0406 0.3253
vtan 0.9547 0.0347 0.2954
vtan 0.9734 0.0129 0.2286
vtan 0.971 0.0168 0.2387
vtan 0.9666 0.0217 0.2555
vtan 0.9253 0.0201 0.3787
vtan 0.9263 0.0246 0.3761
vtan 0.9297 0.0299 0.3672
vtan 0.9605 0.0282 0.2767
vtan 0.9542 0.0383 0.2968
vtan 0.9364 0.036 0.3492
vtan 0.9466 0.043 0.3195
vtan 0.9697 0.037 0.2416
vtan 0.9566 0.0297 0.29
vtan 0.9462 0.0237 0.3226
vtan 0.9407 0.019 0.3388
vtan 0.94 0.0155 0.3408
vtan 0.95 0.0135 0.3119
vtan 0.9494 0.0169 0.3136
vtan 0.9463 0.0212 0.3225
vtan 0.9083 0.0117 0.4182
vtan 0.9099 0.0151 0.4145
vtan 0.9135 0.0196 0.4063
vtan 0.9409 0.0271 0.3376
vtan 0.9352 0.0361 0.3523
vtan 0.9207 0.0257 0.3895
vtan 0.9323 0.0344 0.3599
vtan 0.97 0.031 0.2411
vtan 0.9582 0.0241 0.2852
vtan 0.9494 0.0189 0.3136
vtan 0.9452 0.0151 0.3261
vtan 0.9457 0.012 0.3247
vtan 0.9955 -0.0529 0.0786
vtan 0.9969 -0.0524 0.058
vtan 0.9983 -0.0488 0.0319
vtan 0.9661 -0.0352 -0.2558
vtan 0.9683 -0.028 -0.2481
vtan 0.9705 -0.0167 -0.2406
vtan 0.9992 -0.041 0.0022
vtan 0.9994 -0.025 -0.0248
vtan 0.9736 -0.0002 -0.2283
vtan 0.9786 0.0193 -0.2049
vtan 0.9861 0.0069 -0.1663
vtan 0.9755 -0.0039 -0.22
vtan 0.9608 -0.0129 -0.277
vtan 0.9414 -0.0207 -0.3367
vtan 0.917 -0.0269 -0.398
vtan 0.9483 0.0232 0.3165
vtan 0.9506 0.0248 0.3095
vtan 0.9495 0.028 0.3125
vtan 0.8222 0.0245 0.5687
vtan 0.8413 0.0257 0.5399
vtan 0.8588 0.0286 0.5115
vtan 0.9448 0.0333 0.326
vtan 0.9375 0.0425 0.3452
vtan 0.8773 0.0337 0.4788
vtan 0.8987 0.0421 0.4365
vtan 0.9276 0.0382 0.3716
vtan 0.8916 0.0317 0.4518
vtan 0.8554 0.0277 0.5172
vtan 0.8219 0.0256 0.569
vtan 0.7915 0.025 0.6107
vtan 0.8458 0.002 0.5335
vtan 0.8502 0.007 0.5264
vtan 0.8527 0.014 0.5222
vtan 0.8256 0.0123 0.5641
vtan 0.8398 0.0176 0.5426
vtan 0.8575 0.0241 0.5139
vtan 0.855 0.0228 0.5182
vtan 0.8607 0.035 0.5078
vtan 0.88 0.0316 0.4739
vtan 0.9063 0.0402 0.4206
vtan 0.9625 0.0298 0.2695
vtan 0.9452 0.0213 0.3258
vtan 0.9299 0.015 0.3675
vtan 0.9188 0.0105 0.3946
vtan 0.9122 0.0069 0.4098
vtan 0.9682 0.0152 0.2495
vtan 0.9652 0.0191 0.2608
vtan 0.9603 0.024 0.2779
vtan 0.9323 0.0187 0.3612
vtan 0.9303 0.0222 0.366
vtan 0.9311 0.0263 0.3638
vtan 0.9536 0.0303 0.2995
vtan 0.947 0.0386 0.3188
vtan 0.9355 0.0311 0.3519
vtan 0.9445 0.0379 0.3262
vtan 0.9738 0.0352 0.2245
vtan 0.9638 0.0284 0.2652
vtan 0.9567 0.023 0.29
vtan 0.9544 0.0189 0.2978
vtan 0.9567 0.0157 0.2906
vtan 0.9973 -0.0366 0.0631
vtan 0.9937 -0.0372 0.1061
vtan 0.1102 -0.0544 0.9924
vtan 0.1524 -0.0556 0.9867
vtan 0.988 -0.0365 0.1503
vtan 0.068 -0.0456 0.9966
vtan 0.9564 -0.0413 -0.2892
vtan 0.9648 -0.0443 -0.2592
vtan 0.9747 -0.0478 -0.2185
vtan 0.9803 -0.0339 0.1948
vtan 0.9706 -0.0279 0.2391
vtan -0.0134 0.0059 0.9999
vtan 0.0268 -0.0264 0.9993
vtan 0.9846 -0.0509 -0.1671
vtan 0.9929 -0.0514 -0.1073
vtan 0.9618 -0.0724 -0.264
vtan 0.9471 -0.0632 -0.3146
vtan 0.9406 -0.0555 -0.335
vtan 0.942 -0.0492 -0.332
vtan 0.9495 -0.0443 -0.3107
vtan 0.9586 0.0237 0.2836
vtan 0.9564 0.0246 0.2909
vtan 0.9597 0.0252 0.2798
vtan 0.9514 0.0266 0.3067
vtan 0.9716 0.0224 0.2356
vtan 0.9755 0.0234 0.2187
vtan 0.9475 0.0295 0.3185
vtan 0.9626 0.0274 0.2696
vtan 0.9801 0.0249 0.1969
vtan 0.9954 0.0246 -0.0925
vtan 0.1537 0.0574 -0.9865
vtan 0.9974 0.0236 -0.0678
vtan 0.177 0.0518 -0.9828
vtan 0.1963 0.0462 -0.9794
vtan 0.9987 0.0232 -0.0464
vtan 0.9788 -0.0066 -0.2047
vtan 0.9981 0.0001 0.0621
vtan 0.9803 -0.0083 -0.1975
vtan 0.996 0.0006 0.089
vtan 0.9424 -0.0086 -0.3344
vtan 0.9337 -0.0115 -0.3578
vtan 0.9826 -0.0104 -0.1856
vtan 0.9932 0.001 0.1162
vtan 0.9248 -0.0146 -0.3802
vtan 0.9476 -0.0132 -0.3192
vtan 0.9993 -0.0013 -0.0374
vtan 0.9599 -0.0105 -0.2801
vtan 0.9999 -0.0014 -0.0164
vtan 0.9695 -0.0083 -0.2448
vtan 1.0 -0.0016 0.0051
vtan 0.9147 0.0058 -0.4041
vtan 0.998 0.0079 -0.063
vtan 0.9312 0.0045 -0.3645
vtan 0.9999 0.0088 -0.0141
vtan 0.8253 0.0048 -0.5647
vtan 0.8343 0.0013 -0.5514
vtan 0.9994 0.0092 0.0322
vtan 0.9471 0.0026 -0.3208
vtan 0.8424 -0.0031 -0.5389
vtan 0.8793 0.006 -0.4763
vtan 0.993 0.0181 -0.1167
vtan 0.8853 0.0082 -0.465
vtan 0.9948 0.0174 -0.1003
vtan 0.9964 0.0168 -0.0831
vtan 0.8885 0.0095 -0.4587
vtan 0.6878 -0.0301 -0.7253
vtan 0.7015 -0.0305 -0.712
vtan 0.7168 -0.0301 -0.6966
vtan 0.755 -0.0303 -0.655
vtan 0.8237 -0.0266 -0.5664
vtan 0.8189 -0.0268 -0.5733
vtan 0.7514 -0.0301 -0.6592
vtan 0.8096 -0.0295 -0.5862
vtan 0.8125 -0.0278 -0.5824
vtan 0.9709 -0.0212 -0.2384
vtan 0.9681 -0.0136 0.25
vtan 0.98 -0.0193 -0.1982
vtan 0.9598 -0.0127 0.2805
vtan 0.9865 -0.0188 -0.1624
vtan 0.9483 -0.0115 0.317
vtan 0.9948 0.0399 0.0937
vtan 0.8536 0.0326 0.5199
vtan 0.9949 0.0406 0.0926
vtan 0.8596 0.0313 0.5099
vtan 0.8957 0.0445 -0.4424
vtan 0.8905 0.0467 -0.4526
vtan 0.8674 0.0299 0.4967
vtan 0.9942 0.0402 0.0997
vtan 0.8885 0.0484 -0.4563
vtan 0.6225 0.049 -0.7811
vtan 0.6389 0.0475 -0.7678
vtan 0.6471 0.0467 -0.761
vtan 0.6556 0.0455 -0.7538
vtan 0.6738 0.0443 -0.7376
vtan 0.6682 0.0449 -0.7426
vtan 0.9504 -0.0043 -0.311
vtan 0.9992 -0.0035 0.0395
vtan 0.9554 -0.0058 -0.2954
vtan 0.9979 -0.0033 0.0649
vtan 0.886 -0.0056 -0.4636
vtan 0.8808 -0.0076 -0.4735
vtan 0.9605 -0.0077 -0.2781
vtan 0.996 -0.0033 0.089
vtan 0.8753 -0.0098 -0.4835
vtan 0.9111 -0.0106 -0.4121
vtan 0.9947 -0.0039 -0.1029
vtan 0.9221 -0.008 -0.3869
vtan 0.9961 -0.0036 -0.0884
vtan 0.9315 -0.0061 -0.3637
vtan 0.9974 -0.0036 -0.0713
vtan 0.9585 -0.007 -0.2851
vtan 0.9993 0.0018 -0.0378
vtan 0.9623 -0.0086 -0.2718
vtan 1.0 0.0023 -0.0007
vtan 0.9286 -0.0108 -0.371
vtan 0.9195 -0.0136 -0.393
vtan 0.9674 -0.0105 -0.2529
vtan 0.9993 0.0027 0.0373
vtan 0.9103 -0.0167 -0.4136
vtan 0.9505 -0.0117 -0.3104
vtan 0.9999 0.0033 0.0146
vtan 0.9638 -0.0091 -0.2666
vtan 0.999 0.003 0.0452
vtan 0.974 -0.0071 -0.2265
vtan 0.997 0.0025 0.0772
vtan 0.7568 -0.0489 0.6519
vtan 0.9738 -0.0412 0.2238
vtan 0.7888 -0.0502 0.6126
vtan 0.99 -0.0413 0.1347
vtan 0.5293 -0.0537 0.8468
vtan 0.5088 -0.057 0.859
vtan 0.8296 -0.052 0.5559
vtan 0.9984 -0.0428 0.0361
vtan 0.4973 -0.0604 0.8655
vtan 0.4976 -0.0637 0.865
vtan 0.8153 -0.0625 0.5756
vtan 0.5422 -0.0597 0.8381
vtan 0.8268 -0.0598 0.5593
vtan 0.5845 -0.0564 0.8094
vtan 0.8377 -0.0579 0.543
vtan 0.8724 0.039 -0.4872
vtan 0.8784 0.0399 -0.4763
vtan 0.9943 0.0303 -0.1024
vtan 0.9978 0.0315 -0.0587
vtan 0.8888 0.0412 -0.4564
vtan 0.9994 0.0333 -0.0085
vtan 0.9652 0.0306 0.2596
vtan 0.9746 0.0277 0.2221
vtan 0.9825 0.0257 0.1846
vtan 0.9736 0.0046 0.2282
vtan 0.9745 0.0068 0.2243
vtan 0.9308 0.0109 0.3654
vtan 0.928 0.0135 0.3724
vtan 0.9745 0.0095 0.2241
vtan 0.926 0.0165 0.377
vtan 0.943 0.0126 0.3327
vtan 0.9485 0.0104 0.3167
vtan 0.955 0.0086 0.2963
vtan 0.9413 0.0064 0.3375
vtan 0.9456 0.0083 0.3252
vtan 0.9123 0.0055 0.4095
vtan 0.9098 0.0068 0.415
vtan 0.9487 0.0106 0.3159
vtan 0.9081 0.0089 0.4187
vtan 0.9499 0.0096 0.3123
vtan 0.9568 0.0079 0.2908
vtan 0.965 0.0069 0.2623
vtan 0.9932 -0.053 0.1036
vtan 0.9935 -0.0526 0.1005
vtan 0.9506 -0.0422 -0.3074
vtan 0.9578 -0.041 -0.2846
vtan 0.9943 -0.0527 0.0929
vtan 0.9629 -0.0392 -0.2671
vtan 0.888 -0.0308 -0.4589
vtan 0.8544 -0.0328 -0.5186
vtan 0.8163 -0.0335 -0.5767
vtan 0.925 0.0231 0.3793
vtan 0.9351 0.0228 0.3535
vtan 0.7494 0.0258 0.6616
vtan 0.7765 0.0249 0.6297
vtan 0.9431 0.0226 0.3318
vtan 0.8004 0.0244 0.599
vtan 0.7628 0.0252 0.6461
vtan 0.736 0.026 0.6765
vtan 0.7122 0.0275 0.7015
vtan 0.8112 -0.0039 0.5847
vtan 0.8267 -0.0031 0.5627
vtan 0.7971 0.0015 0.6038
vtan 0.8049 0.0043 0.5935
vtan 0.8381 -0.0011 0.5455
vtan 0.8142 0.0079 0.5805
vtan 0.91 0.0037 0.4146
vtan 0.9109 0.0011 0.4127
vtan 0.9144 -0.0011 0.4048
vtan 0.9706 0.0076 0.2407
vtan 0.9705 0.0097 0.2409
vtan 0.9465 0.0109 0.3224
vtan 0.9407 0.0131 0.339
vtan 0.9698 0.0121 0.2435
vtan 0.9359 0.0156 0.3518
vtan 0.9622 0.0131 0.2719
vtan 0.9695 0.0109 0.245
vtan 0.977 0.0091 0.213
vtan 0.9987 -0.0321 -0.0391
vtan 0.2655 -0.031 0.9636
vtan 0.9994 -0.0336 -0.0119
vtan 0.2321 -0.0437 0.9717
vtan 0.9518 -0.0353 -0.3048
vtan 0.9493 -0.0369 -0.3121
vtan 0.9991 -0.0351 0.0232
vtan 0.1937 -0.0508 0.9798
vtan 0.9511 -0.0389 -0.3065
vtan 0.9614 -0.0406 -0.2722
vtan 0.9746 -0.0381 -0.2207
vtan 0.9865 -0.0367 -0.1596
vtan 0.9957 0.0675 0.0635
vtan 0.9703 0.0858 0.2262
vtan 0.9958 0.0838 0.0376
vtan 0.9684 0.1158 0.2207
vtan 0.9978 0.0379 -0.0538
vtan 0.9844 0.0242 -0.1742
vtan 0.9901 0.107 0.0913
vtan 0.9705 0.1204 0.2088
vtan 0.937 0.1807 0.299
vtan 0.9543 0.1608 0.2517
vtan 0.954 -0.0132 -0.2995
vtan 0.9473 -0.0507 -0.3162
vtan 0.5607 -0.0173 -0.8279
vtan 0.702 -0.2248 -0.6757
vtan 0.4321 0.6546 -0.6203
vtan 0.8695 -0.0904 -0.4856
vtan 0.936 -0.0234 -0.3513
vtan 0.0148 -0.0407 -0.9991
vtan -0.0008 0.2494 -0.9684
vtan 0.9788 0.014 -0.2045
vtan 0.9627 -0.0696 -0.2615
vtan 0.9635 0.0035 -0.2676
vtan 0.0247 -0.0531 -0.9983
vtan 0.9943 -0.0406 0.0982
vtan 0.9902 0.0028 0.1399
vtan 0.9936 -0.0535 0.0996
vtan 0.9983 0.0046 0.0586
vtan 0.9738 -0.0516 -0.2213
vtan 0.9956 -0.0752 -0.0552
vtan 0.9964 -0.0803 -0.0253
vtan 0.9609 -0.0877 -0.2626
vtan 0.9774 0.0196 -0.2107
vtan 0.9973 0.0026 -0.0732
vtan 0.9904 -0.1116 0.0821
vtan 0.9848 -0.1461 0.0943
vtan 0.907 -0.413 -0.0824
vtan 0.9279 -0.369 -0.0532
vtan 0.9932 -0.0903 0.0735
vtan 0.981 -0.056 0.186
vtan 0.892 -0.1953 -0.4078
vtan 0.8251 -0.09 -0.5577
vtan 0.9529 -0.0062 -0.3033
vtan 0.9466 -0.0394 -0.32
vtan 0.9856 -0.1446 0.0873
vtan 0.9859 -0.1589 0.0535
vtan 0.8006 -0.0567 -0.5965
vtan 0.973 -0.0037 -0.231
vtan 0.9987 -0.0301 0.041
vtan 0.9944 0.0129 0.1051
vtan 0.9976 -0.0477 0.0499
vtan 0.9991 0.0095 0.0404
vtan 0.965 -0.0533 -0.2567
vtan 0.9924 -0.0732 -0.0992
vtan 0.9954 -0.0773 -0.0558
vtan 0.9583 -0.0851 -0.2729
vtan 0.9778 0.0261 -0.2078
vtan 0.9971 0.0057 -0.0756
vtan 0.9932 -0.1099 0.0374
vtan 0.9869 -0.149 0.0617
vtan 0.903 -0.4154 -0.1099
vtan 0.9261 -0.3684 -0.0811
vtan 0.9942 -0.0834 0.0676
vtan 0.9785 -0.0499 0.2002
vtan 0.8789 -0.1915 -0.4369
vtan 0.8069 -0.0869 -0.5842
vtan 0.9494 0.0019 -0.314
vtan 0.9493 -0.0332 -0.3126
vtan 0.987 -0.1483 0.0616
vtan 0.9855 -0.1662 0.0344
vtan 0.7771 -0.0491 -0.6275
vtan 0.9637 0.0083 -0.267
vtan 0.9967 -0.0515 -0.0629
vtan 0.9991 -0.02 -0.0387
vtan 0.997 -0.0655 0.0419
vtan 0.9998 -0.0142 -0.0101
vtan 0.9162 -0.0724 -0.3942
vtan 0.9786 -0.0949 -0.1825
vtan 0.9948 -0.0924 0.0429
vtan 0.9924 -0.1016 -0.069
vtan 0.9901 0.0223 -0.1384
vtan 0.9989 -0.0049 -0.0473
vtan 0.99 -0.1305 0.0533
vtan 0.9613 -0.2022 0.1869
vtan 0.88 -0.4664 -0.0898
vtan 0.905 -0.4208 -0.0624
vtan 0.9913 -0.0941 0.0918
vtan 0.9688 -0.0541 0.242
vtan 0.864 -0.2195 -0.4532
vtan 0.7937 -0.1133 -0.5977
vtan 0.9817 -0.0221 -0.1892
vtan 0.9604 -0.0681 -0.2702
vtan 0.9442 -0.2221 0.2432
vtan 0.9401 -0.2461 0.2358
vtan 0.7838 -0.0804 -0.6158
vtan 0.9985 -0.0148 -0.0519
vtan 0.9869 -0.007 0.1614
vtan 0.9766 0.0318 0.2128
vtan 0.9935 -0.0319 0.1093
vtan 0.9942 0.0275 0.1041
vtan 0.9783 -0.0281 -0.2053
vtan 0.9954 -0.0578 -0.0764
vtan 0.9992 0.0164 -0.0362
vtan 0.9973 -0.0658 -0.0321
vtan 0.9623 -0.0674 -0.2636
vtan 0.9827 0.0381 -0.1815
vtan 0.994 -0.1042 0.0343
vtan 0.9873 -0.1503 0.051
vtan 0.8774 -0.4499 -0.1668
vtan 0.8951 -0.4181 -0.1549
vtan 0.9971 -0.0727 -0.0225
vtan 0.9903 -0.0238 0.1371
vtan 0.7509 -0.2108 -0.6258
vtan 0.5944 -0.0541 -0.8024
vtan 0.6549 0.0643 -0.7529
vtan 0.7686 0.0295 -0.639
vtan 0.9935 -0.1037 0.0476
vtan 0.9848 -0.1716 0.0255
vtan 0.6003 0.0772 -0.7961
vtan 0.5155 0.0117 -0.8568
vtan 0.9971 -0.0395 0.0644
vtan 0.9913 -0.0012 0.1316
vtan 0.9955 -0.0539 0.078
vtan 0.9986 0.0023 0.0531
vtan 0.9594 -0.051 -0.2773
vtan 0.9922 -0.0755 -0.0991
vtan 0.9958 -0.0811 -0.0414
vtan 0.9586 -0.0881 -0.2707
vtan 0.9753 0.0168 -0.2203
vtan 0.9968 0.0003 -0.0799
vtan 0.9927 -0.111 0.0463
vtan 0.9874 -0.1454 0.0623
vtan 0.9067 -0.4053 -0.1163
vtan 0.9281 -0.362 -0.0871
vtan 0.9953 -0.084 0.0485
vtan 0.9844 -0.0499 0.1689
vtan 0.8781 -0.1935 -0.4376
vtan 0.8037 -0.0894 -0.5883
vtan 0.9471 -0.0056 -0.321
vtan 0.9402 -0.0385 -0.3384
vtan 0.9882 -0.144 0.0521
vtan 0.9872 -0.1582 0.0224
vtan 0.775 -0.0564 -0.6295
vtan 0.9685 -0.003 -0.249
vtan 0.9973 -0.039 0.0616
vtan 0.9937 0.0055 0.1122
vtan 0.9961 -0.053 0.071
vtan 0.999 0.0047 0.0446
vtan 0.969 -0.0538 -0.2409
vtan 0.994 -0.0754 -0.0796
vtan 0.996 -0.08 -0.0406
vtan 0.96 -0.0874 -0.2661
vtan 0.9775 0.022 -0.2096
vtan 0.9971 0.003 -0.0761
vtan 0.992 -0.1115 0.0599
vtan 0.9856 -0.1485 0.081
vtan 0.9053 -0.4142 -0.0941
vtan 0.9273 -0.3686 -0.0648
vtan 0.9933 -0.088 0.0749
vtan 0.9787 -0.0542 0.1979
vtan 0.8875 -0.195 -0.4176
vtan 0.8228 -0.0909 -0.5611
vtan 0.9586 -0.0065 -0.2847
vtan 0.9515 -0.0414 -0.3047
vtan 0.9861 -0.1471 0.0774
vtan 0.9853 -0.1638 0.0485
vtan 0.8018 -0.057 -0.5948
vtan 0.9774 -0.0035 -0.2115
vtan 0.9531 -0.1223 -0.2769
vtan 0.9312 -0.1071 -0.3484
vtan 0.9136 -0.1641 -0.372
vtan 0.9473 -0.1337 -0.2912
vtan 0.8936 -0.1475 0.4239
vtan 0.9769 -0.2063 0.0552
vtan 0.8904 -0.2312 -0.392
vtan 0.8572 -0.2827 -0.4304
vtan 0.9295 -0.2456 -0.2753
vtan 0.9458 -0.1791 -0.271
vtan 0.9307 -0.2646 -0.2525
vtan 0.8622 -0.3256 -0.388
vtan 0.9557 -0.2863 -0.0678
vtan 0.8622 -0.4839 -0.1499
vtan 0.9996 -0.0161 -0.0242
vtan 0.9971 -0.051 -0.0568
vtan 0.6864 -0.4479 0.5729
vtan 0.4791 -0.1855 0.8579
vtan 0.6716 -0.0949 0.7348
vtan 0.7623 -0.0798 0.6423
vtan 0.858 -0.2427 -0.4527
vtan 0.84 -0.3573 -0.4083
vtan 0.326 -0.1275 0.9367
vtan 0.7073 -0.1065 0.6988
vtan 0.994 0.1056 -0.0289
vtan 0.9841 0.1561 0.0851
vtan 0.9403 0.1104 0.3221
vtan 0.9301 0.1582 0.3315
vtan 0.9544 0.2527 0.1592
vtan 0.9172 0.3445 0.1999
vtan 0.9559 -0.0712 -0.2848
vtan 0.9184 0.235 0.3182
vtan 0.9038 0.2932 0.3117
vtan 0.9142 0.2069 0.3486
vtan 0.9091 0.2636 0.3225
vtan 0.9147 0.2506 0.3171
vtan 0.9228 0.1918 0.3341
vtan 0.9331 0.1987 0.2998
vtan 0.9403 0.1403 0.3101
vtan 0.8905 0.3392 0.3033
vtan 0.8952 0.3232 0.3067
vtan 0.9383 0.1015 0.3306
vtan 0.9501 0.0541 0.3071
vtan 0.9526 0.0843 0.2924
vtan 0.9595 0.0524 0.2767
vtan 0.9712 0.075 0.2264
vtan 0.9548 0.1569 0.2524
vtan 0.9429 0.2465 0.224
vtan 0.9892 -0.0751 -0.1263
vtan 0.974 0.1279 0.187
vtan 0.9673 0.1829 0.1758
vtan 0.9477 0.1652 -0.273
vtan 0.9626 0.1863 0.1967
vtan 0.9731 0.1387 0.1837
vtan 0.9536 0.0417 -0.2982
vtan 0.9934 0.0856 0.0758
vtan 0.9921 0.0592 0.111
vtan 0.9525 0.24 0.1876
vtan 0.9613 0.2133 0.1743
vtan 0.9824 0.0464 0.1809
vtan 0.9325 0.0515 0.3576
vtan 0.9381 0.0821 0.3366
vtan 0.9482 0.0475 0.3141
vtan 0.9636 0.0722 0.2575
vtan 0.9445 0.1553 0.2896
vtan 0.9354 0.2454 0.2547
vtan 0.9922 -0.0787 -0.0966
vtan 0.9694 0.1253 0.211
vtan 0.9638 0.182 0.1946
vtan 0.9477 0.1715 -0.2693
vtan 0.9611 0.1911 0.1994
vtan 0.9714 0.143 0.1896
vtan 0.9534 0.0515 -0.2973
vtan 0.9922 0.0853 0.0909
vtan 0.9909 0.0569 0.1223
vtan 0.9485 0.2419 0.2047
vtan 0.9583 0.2137 0.1899
vtan 0.9819 0.0409 0.1851
vtan 0.9993 0.0038 -0.0385
vtan 0.9981 0.0523 -0.0311
vtan 0.9855 0.0394 -0.165
vtan 0.991 0.0655 -0.117
vtan 0.9889 0.147 -0.0195
vtan 0.9596 0.2813 -0.0035
vtan 0.9619 -0.1029 0.2534
vtan 0.9884 0.1259 -0.0852
vtan 0.9805 0.1844 -0.0685
vtan 0.9749 0.1241 -0.1847
vtan 0.9886 0.1498 0.0173
vtan 0.9905 0.1128 0.0782
vtan 0.9773 0.0483 -0.2063
vtan 0.9957 0.0793 -0.0486
vtan 0.996 0.044 -0.078
vtan 0.9673 0.2444 -0.0683
vtan 0.9739 0.2174 -0.0651
vtan 0.9931 0.0223 -0.1149
vtan 0.9317 0.059 0.3583
vtan 0.9343 0.0905 0.3449
vtan 0.9245 0.0557 0.3771
vtan 0.9495 0.0809 0.3033
vtan 0.9394 0.1642 0.3009
vtan 0.9301 0.2534 0.266
vtan 0.9921 -0.0733 -0.1021
vtan 0.9614 0.1339 0.2404
vtan 0.9576 0.1917 0.2153
vtan 0.9474 0.1952 -0.2538
vtan 0.956 0.2032 0.2115
vtan 0.9657 0.1576 0.2062
vtan 0.957 0.0716 -0.2813
vtan 0.987 0.0949 0.1299
vtan 0.9806 0.0653 0.1847
vtan 0.942 0.2523 0.2215
vtan 0.9523 0.2238 0.2076
vtan 0.9589 0.0484 0.2796
vtan 0.8756 0.0533 0.4801
vtan 0.9017 0.085 0.424
vtan 0.934 0.0507 0.3536
vtan 0.957 0.0733 0.2808
vtan 0.9244 0.158 0.3473
vtan 0.9218 0.2501 0.2961
vtan 0.9931 -0.09 -0.0748
vtan 0.9659 0.1266 0.2259
vtan 0.9607 0.1845 0.2075
vtan 0.9429 0.1593 -0.2925
vtan 0.9633 0.1803 0.1988
vtan 0.976 0.1366 0.1696
vtan 0.9494 0.0381 -0.3118
vtan 0.9933 0.0827 0.0802
vtan 0.9907 0.0563 0.1239
vtan 0.943 0.2479 0.2219
vtan 0.9547 0.2172 0.2036
vtan 0.9786 0.0413 0.2014
vtan 0.9441 0.0526 0.3255
vtan 0.948 0.0824 0.3073
vtan 0.9572 0.0497 0.285
vtan 0.9694 0.0731 0.2343
vtan 0.9518 0.1552 0.2647
vtan 0.9406 0.2459 0.2341
vtan 0.9913 -0.0805 -0.1045
vtan 0.973 0.126 0.1935
vtan 0.9666 0.1818 0.1806
vtan 0.9481 0.1676 -0.27
vtan 0.9625 0.1884 0.195
vtan 0.9725 0.1402 0.1858
vtan 0.9536 0.0461 -0.2974
vtan 0.9932 0.085 0.08
vtan 0.9922 0.058 0.1106
vtan 0.9517 0.2401 0.1914
vtan 0.9608 0.2129 0.1775
vtan 0.9842 0.044 0.1717
vtan 0.958 -0.0137 0.2866
vtan -0.0531 0.0474 0.9975
vtan 0.9375 0.0162 0.3476
vtan -0.0983 0.098 0.9903
vtan 0.9981 -0.0483 -0.0388
vtan 0.9968 -0.0344 0.0716
vtan -0.1311 -0.0265 0.991
vtan 0.9198 0.0748 0.3852
vtan 0.9228 0.1325 0.3618
vtan 0.1004 -0.5294 0.8424
vtan 0.9703 0.0164 0.2412
vtan 0.9025 0.0403 0.4288
vtan 0.8575 -0.2167 0.4667
vtan 0.8999 -0.1416 0.4125
vtan 0.9159 -0.3007 -0.266
vtan 0.9039 -0.3196 -0.2841
vtan 0.9944 -0.0877 0.0595
vtan 0.992 -0.0909 -0.0875
vtan 0.8787 0.2389 0.4134
vtan 0.825 0.0493 0.563
vtan 0.979 -0.0827 -0.1865
vtan 0.9429 0.0939 0.3196
vtan 0.8196 -0.1836 -0.5428
vtan 0.6604 0.7086 -0.2485
vtan 0.9767 -0.0165 -0.2141
vtan 0.9094 -0.4151 -0.0245
vtan 0.9723 -0.0217 -0.2328
vtan 0.9122 -0.4067 -0.0498
vtan 0.996 -0.0836 -0.0301
vtan 0.8843 -0.4668 -0.0116
vtan 0.974 -0.007 -0.2266
vtan 0.8603 -0.5018 -0.0896
vtan 0.9737 -0.0187 -0.2269
vtan 0.912 -0.4061 -0.0585
vtan 0.9749 -0.0212 -0.2217
vtan 0.9117 -0.4095 -0.0347
vtan 0.8588 -0.2627 -0.4399
vtan 0.9251 -0.3724 -0.0744
vtan 0.9516 0.2833 0.1194
vtan 0.9148 0.249 0.3181
vtan 0.9625 0.2148 0.1655
vtan 0.9689 0.1538 0.194
vtan 0.9568 0.2149 0.196
vtan 0.9665 0.1605 0.2002
vtan 0.7528 0.458 -0.4727
vtan 0.9908 0.1131 0.0746
vtan 0.9531 0.2203 0.2073
vtan 0.9601 0.1787 0.2152
vtan 0.9465 0.2251 0.231
vtan 0.9715 0.1555 0.1792
vtan 0.9607 0.2146 0.1762
vtan 0.9681 0.1559 0.1963
vtan 0.9933 0.0948 0.0668
vtan 0.356 -0.6114 -0.7067
vtan 0.8456 -0.2015 0.4943
vtan 0.9303 0.128 0.3437
vtan 0.1057 0.5181 -0.8488
vtan 0.7777 -0.1736 -0.6042
vtan 0.8955 -0.0707 -0.4394
vtan 0.9178 -0.3076 -0.2511
vtan 0.895 -0.0691 -0.4407
vtan 0.9106 -0.3071 -0.2764
vtan 0.9823 -0.0894 -0.1648
vtan 0.8935 -0.3509 -0.2802
vtan 0.8951 -0.0572 -0.4421
vtan 0.8292 -0.3517 -0.4345
vtan 0.8944 -0.0722 -0.4415
vtan 0.9109 -0.3028 -0.2803
vtan 0.8965 -0.0708 -0.4374
vtan 0.9151 -0.3077 -0.2605
vtan 0.8146 -0.3124 -0.4888
vtan 0.8407 -0.514 0.1703
vtan 0.8981 0.3877 0.2078
vtan 0.9224 0.2329 0.3082
vtan 0.9342 0.2926 0.2043
vtan 0.9865 0.1194 0.1118
vtan 0.9282 0.2917 0.231
vtan 0.9847 0.1217 0.1245
vtan 0.9362 0.3515 -0.0081
vtan 0.9945 0.1045 0.0104
vtan 0.9232 0.2988 0.2417
vtan 0.9794 0.1341 0.1508
vtan 0.9166 0.2975 0.2672
vtan 0.9874 0.1166 0.1068
vtan 0.9322 0.2927 0.213
vtan 0.9859 0.12 0.1164
vtan 0.9319 0.1694 0.3207
vtan 0.6084 -0.6827 0.4047
vtan 0.9637 -0.1143 0.2411
vtan 0.7455 -0.2644 -0.6118
vtan 0.7655 0.0651 -0.6401
vtan 0.5995 -0.2626 -0.7561
vtan 0.698 -0.0019 -0.7161
vtan 0.9058 -0.411 -0.1028
vtan 0.8992 -0.4125 -0.1459
vtan 0.8749 -0.4634 -0.1407
vtan 0.8754 -0.4488 -0.1794
vtan 0.9047 -0.4033 -0.1376
vtan 0.9029 -0.4116 -0.124
vtan 0.911 -0.2955 -0.2876
vtan 0.9091 0.2636 0.3227
vtan 0.9515 0.1868 0.2445
vtan 0.9518 0.1917 0.2395
vtan 0.9862 0.1362 0.0943
vtan 0.9482 0.2038 0.2435
vtan 0.9578 0.1813 0.2231
vtan 0.9518 0.1888 0.2419
vtan 0.9011 -0.3105 0.3028
vtan 0.9016 0.2764 0.3327
vtan 0.91 -0.2279 -0.3465
vtan 0.91 -0.2354 -0.3414
vtan 0.9729 -0.2305 -0.0199
vtan 0.9061 -0.2312 -0.3544
vtan 0.9124 -0.2228 -0.3434
vtan 0.9111 -0.2339 -0.3394
vtan 0.8009 -0.3381 -0.4941
vtan 0.9393 0.3013 0.1639
vtan 0.9427 0.2613 0.2075
vtan 0.9359 0.2609 0.2366
vtan 0.9563 0.2918 0.0162
vtan 0.9325 0.2653 0.2449
vtan 0.9231 0.264 0.2796
vtan 0.94 0.2627 0.2175
vtan 0.9367 0.2882 0.1989
vtan 0.8968 -0.4057 0.1769
vtan 0.9374 0.2784 0.2093
vtan 0.9364 -0.0978 0.3371
vtan 0.9588 0.0278 0.2829
vtan 0.5767 -0.8029 0.1509
vtan 0.955 0.0276 0.2954
vtan 0.8935 -0.2521 0.3716
vtan 0.9455 0.026 0.3245
vtan 0.9532 0.0168 0.3018
vtan 0.9882 0.0058 0.1533
vtan 0.9883 -0.0205 -0.151
vtan 0.9616 -0.006 -0.2744
vtan 0.9759 0.014 -0.2178
vtan 0.9989 0.023 -0.0408
vtan 0.9781 0.0148 0.2074
vtan 0.8971 -0.0358 -0.4403
vtan 0.7742 0.0006 -0.633
vtan 0.8291 0.0352 -0.558
vtan 0.9429 0.0502 -0.3292
vtan 0.9972 0.0279 0.0699
vtan 0.9798 -0.0412 0.1957
vtan 0.9445 -0.0637 -0.3223
vtan 0.6941 -0.0595 -0.7174
vtan 0.5138 -0.0331 -0.8573
vtan 0.5614 -0.013 -0.8274
vtan 0.7356 0.0628 -0.6746
vtan 0.8318 0.0921 -0.5474
vtan 0.9655 0.112 -0.2351
vtan 0.9156 0.0639 0.3969
vtan 0.6142 0.0324 0.7885
vtan 0.953 -0.0326 -0.3011
vtan 0.8808 -0.0105 -0.4735
vtan 0.9082 0.0183 -0.4181
vtan 0.98 0.0407 -0.195
vtan 0.9776 0.0324 0.2078
vtan 0.9951 -0.0262 -0.0953
vtan 0.9559 -0.0135 -0.2934
vtan 0.9542 0.0084 -0.2989
vtan 0.9862 0.0197 -0.1641
vtan 0.9978 0.0152 0.0639
vtan 0.8034 -0.0524 0.5931
vtan 0.6324 -0.0567 0.7725
vtan 0.6763 -0.0626 0.734
vtan 0.8459 -0.0714 0.5286
vtan 0.9671 -0.0625 0.2467
vtan 0.9922 0.0013 -0.1243
vtan 0.8958 0.0103 -0.4443
vtan 0.7568 0.0338 -0.6528
vtan 0.9368 0.0045 0.35
vtan 0.9557 -0.0082 0.2942
vtan 0.9993 -0.028 0.0229
vtan 0.9319 0.0087 0.3627
vtan 0.9195 -0.0021 0.3932
vtan 0.9801 -0.0176 0.1975
vtan 0.7255 -0.0087 -0.6881
vtan 0.9185 -0.0117 -0.3952
vtan 0.9972 -0.0221 0.0716
vtan 0.6016 0.0326 0.7981
vtan 0.8238 0.0066 0.5668
vtan 0.998 -0.0304 0.0553
vtan 0.8023 0.0121 0.5969
vtan 0.7042 0.0065 0.71
vtan 0.8159 -0.0106 0.578
vtan 0.9713 0.0058 0.238
vtan 0.9689 -0.0041 0.2473
vtan 0.9969 -0.0166 0.0764
vtan 0.9991 -0.0426 0.001
vtan 0.9878 -0.0283 -0.1533
vtan 0.9305 0.2388 -0.2777
vtan 0.781 0.6039 -0.1593
f 0/0/0/0 1/1/1/1 2/2/2/2 
f 0/0/0/0 2/2/2/2 3/3/3/3 
f 3/3/3/3 2/2/2/2 4/4/4/4 
f 3/3/3/3 4/4/4/4 5/5/5/5 
f 6/6/6/6 0/0/0/0 3/3/3/3 
f 6/6/6/6 3/3/3/3 7/7/7/7 
f 7/7/7/7 3/3/3/3 5/5/5/5 
f 7/7/7/7 5/5/5/5 8/8/8/8 
f 9/9/9/9 10/10/10/10 11/11/11/11 
f 9/9/9/9 11/11/11/11 12/12/12/12 
f 13/13/13/13 10/10/10/10 9/9/9/9 
f 13/13/13/13 9/9/9/9 14/14/14/14 
f 5/5/5/5 4/4/4/4 11/11/11/11 
f 5/5/5/5 11/11/11/11 10/10/10/10 
f 8/8/8/8 5/5/5/5 10/10/10/10 
f 8/8/8/8 10/10/10/10 13/13/13/13 
f 15/15/15/15 16/16/16/16 17/17/17/17 
f 15/15/15/15 17/17/17/17 18/18/18/18 
f 18/18/18/18 17/17/17/17 19/19/19/19 
f 18/18/18/18 19/19/19/19 20/20/20/20 
f 14/14/14/14 15/15/15/15 18/18/18/18 
f 14/14/14/14 18/18/18/18 13/13/13/13 
f 13/13/13/13 18/18/18/18 20/20/20/20 
f 13/13/13/13 20/20/20/20 8/8/8/8 
f 21/21/21/21 22/22/22/22 23/23/23/23 
f 21/21/21/21 23/23/23/23 24/24/24/24 
f 7/7/7/7 21/21/21/21 24/24/24/24 
f 7/7/7/7 24/24/24/24 6/6/6/6 
f 20/20/20/20 19/19/19/19 22/22/22/22 
f 20/20/20/20 22/22/22/22 21/21/21/21 
f 8/8/8/8 20/20/20/20 21/21/21/21 
f 8/8/8/8 21/21/21/21 7/7/7/7 
f 25/25/25/25 26/26/26/26 27/27/27/27 
f 25/25/25/25 27/27/27/27 28/28/28/28 
f 29/29/29/29 25/25/25/25 28/28/28/28 
f 29/29/29/29 28/28/28/28 30/30/30/30 
f 31/31/31/31 32/32/32/32 26/26/26/26 
f 31/31/31/31 26/26/26/26 25/25/25/25 
f 31/31/31/31 25/25/25/25 29/29/29/29 
f 31/31/31/31 29/29/29/29 33/33/33/33 
f 34/34/34/34 35/35/35/35 36/36/36/36 
f 34/34/34/34 36/36/36/36 37/37/37/37 
f 38/38/38/38 34/34/34/34 37/37/37/37 
f 38/38/38/38 37/37/37/37 39/39/39/39 
f 29/29/29/29 30/30/30/30 35/35/35/35 
f 29/29/29/29 35/35/35/35 34/34/34/34 
f 33/33/33/33 29/29/29/29 34/34/34/34 
f 33/33/33/33 34/34/34/34 38/38/38/38 
f 40/40/40/40 41/41/41/41 42/42/42/42 
f 40/40/40/40 42/42/42/42 43/43/43/43 
f 43/43/43/43 42/42/42/42 44/44/44/44 
f 43/43/43/43 44/44/44/44 45/45/45/45 
f 39/39/39/39 40/40/40/40 43/43/43/43 
f 39/39/39/39 43/43/43/43 38/38/38/38 
f 38/38/38/38 43/43/43/43 45/45/45/45 
f 38/38/38/38 45/45/45/45 33/33/33/33 
f 46/46/46/46 47/47/47/47 48/48/48/48 
f 46/46/46/46 48/48/48/48 49/49/49/49 
f 32/32/32/32 31/31/31/31 47/47/47/47 
f 32/32/32/32 47/47/47/47 46/46/46/46 
f 45/45/45/45 44/44/44/44 48/48/48/48 
f 45/45/45/45 48/48/48/48 47/47/47/47 
f 33/33/33/33 45/45/45/45 47/47/47/47 
f 33/33/33/33 47/47/47/47 31/31/31/31 
f 50/50/50/50 51/51/51/51 52/52/52/52 
f 50/50/50/50 52/52/52/52 53/53/53/53 
f 54/54/54/54 50/50/50/50 53/53/53/53 
f 54/54/54/54 53/53/53/53 55/55/55/55 
f 56/56/56/56 57/57/57/57 51/51/51/51 
f 56/56/56/56 51/51/51/51 50/50/50/50 
f 58/58/58/58 56/56/56/56 50/50/50/50 
f 58/58/58/58 50/50/50/50 54/54/54/54 
f 59/59/59/59 60/60/60/60 61/61/61/61 
f 59/59/59/59 61/61/61/61 62/62/62/62 
f 63/63/63/63 59/59/59/59 62/62/62/62 
f 63/63/63/63 62/62/62/62 64/64/64/64 
f 54/54/54/54 55/55/55/55 60/60/60/60 
f 54/54/54/54 60/60/60/60 59/59/59/59 
f 58/58/58/58 54/54/54/54 59/59/59/59 
f 58/58/58/58 59/59/59/59 63/63/63/63 
f 65/65/65/65 66/66/66/66 67/67/67/67 
f 65/65/65/65 67/67/67/67 68/68/68/68 
f 68/68/68/68 67/67/67/67 69/69/69/69 
f 68/68/68/68 69/69/69/69 70/70/70/70 
f 64/64/64/64 65/65/65/65 68/68/68/68 
f 64/64/64/64 68/68/68/68 63/63/63/63 
f 63/63/63/63 68/68/68/68 70/70/70/70 
f 63/63/63/63 70/70/70/70 58/58/58/58 
f 71/71/71/71 72/72/72/72 73/73/73/73 
f 71/71/71/71 73/73/73/73 74/74/74/74 
f 57/57/57/57 56/56/56/56 72/72/72/72 
f 57/57/57/57 72/72/72/72 71/71/71/71 
f 72/72/72/72 70/70/70/70 69/69/69/69 
f 72/72/72/72 69/69/69/69 73/73/73/73 
f 56/56/56/56 58/58/58/58 70/70/70/70 
f 56/56/56/56 70/70/70/70 72/72/72/72 
f 75/75/75/75 76/76/76/76 77/77/77/77 
f 75/75/75/75 77/77/77/77 78/78/78/78 
f 79/79/79/79 75/75/75/75 78/78/78/78 
f 79/79/79/79 78/78/78/78 80/80/80/80 
f 81/81/81/81 82/82/82/82 76/76/76/76 
f 81/81/81/81 76/76/76/76 75/75/75/75 
f 83/83/83/83 81/81/81/81 75/75/75/75 
f 83/83/83/83 75/75/75/75 79/79/79/79 
f 84/84/84/84 85/85/85/85 86/86/86/86 
f 84/84/84/84 86/86/86/86 87/87/87/87 
f 88/88/88/88 89/89/89/89 85/85/85/85 
f 88/88/88/88 85/85/85/85 84/84/84/84 
f 85/85/85/85 79/79/79/79 80/80/80/80 
f 85/85/85/85 80/80/80/80 86/86/86/86 
f 89/89/89/89 83/83/83/83 79/79/79/79 
f 89/89/89/89 79/79/79/79 85/85/85/85 
f 90/90/90/90 91/91/91/91 92/92/92/92 
f 90/90/90/90 92/92/92/92 93/93/93/93 
f 94/94/94/94 90/90/90/90 93/93/93/93 
f 94/94/94/94 93/93/93/93 95/95/95/95 
f 89/89/89/89 88/88/88/88 91/91/91/91 
f 89/89/89/89 91/91/91/91 90/90/90/90 
f 83/83/83/83 89/89/89/89 90/90/90/90 
f 83/83/83/83 90/90/90/90 94/94/94/94 
f 96/96/96/96 97/97/97/97 98/98/98/98 
f 96/96/96/96 98/98/98/98 99/99/99/99 
f 82/82/82/82 81/81/81/81 97/97/97/97 
f 82/82/82/82 97/97/97/97 96/96/96/96 
f 97/97/97/97 94/94/94/94 95/95/95/95 
f 97/97/97/97 95/95/95/95 98/98/98/98 
f 81/81/81/81 83/83/83/83 94/94/94/94 
f 81/81/81/81 94/94/94/94 97/97/97/97 
f 100/100/100/100 101/101/101/101 102/102/102/102 
f 100/100/100/100 102/102/102/102 103/103/103/103 
f 103/103/103/103 102/102/102/102 104/104/104/104 
f 103/103/103/103 104/104/104/104 105/105/105/105 
f 106/106/106/106 100/100/100/100 103/103/103/103 
f 106/106/106/106 103/103/103/103 107/107/107/107 
f 107/107/107/107 103/103/103/103 105/105/105/105 
f 107/107/107/107 105/105/105/105 108/108/108/108 
f 109/109/109/109 110/110/110/110 111/111/111/111 
f 109/109/109/109 111/111/111/111 112/112/112/112 
f 113/113/113/113 109/109/109/109 112/112/112/112 
f 113/113/113/113 112/112/112/112 114/114/114/114 
f 105/105/105/105 104/104/104/104 110/110/110/110 
f 105/105/105/105 110/110/110/110 109/109/109/109 
f 108/108/108/108 105/105/105/105 109/109/109/109 
f 108/108/108/108 109/109/109/109 113/113/113/113 
f 115/115/115/115 116/116/116/116 117/117/117/117 
f 115/115/115/115 117/117/117/117 118/118/118/118 
f 118/118/118/118 117/117/117/117 119/119/119/119 
f 118/118/118/118 119/119/119/119 120/120/120/120 
f 114/114/114/114 115/115/115/115 118/118/118/118 
f 114/114/114/114 118/118/118/118 113/113/113/113 
f 113/113/113/113 118/118/118/118 120/120/120/120 
f 113/113/113/113 120/120/120/120 108/108/108/108 
f 121/121/121/121 122/122/122/122 123/123/123/123 
f 121/121/121/121 123/123/123/123 124/124/124/124 
f 107/107/107/107 121/121/121/121 124/124/124/124 
f 107/107/107/107 124/124/124/124 106/106/106/106 
f 120/120/120/120 119/119/119/119 122/122/122/122 
f 120/120/120/120 122/122/122/122 121/121/121/121 
f 108/108/108/108 120/120/120/120 121/121/121/121 
f 108/108/108/108 121/121/121/121 107/107/107/107 
f 125/125/125/125 126/126/126/126 127/127/127/127 
f 125/125/125/125 127/127/127/127 128/128/128/128 
f 129/129/129/129 125/125/125/125 128/128/128/128 
f 129/129/129/129 128/128/128/128 130/130/130/130 
f 131/131/131/131 132/132/132/132 126/126/126/126 
f 131/131/131/131 126/126/126/126 125/125/125/125 
f 133/133/133/133 131/131/131/131 125/125/125/125 
f 133/133/133/133 125/125/125/125 129/129/129/129 
f 134/134/134/134 135/135/135/135 136/136/136/136 
f 134/134/134/134 136/136/136/136 137/137/137/137 
f 138/138/138/138 134/134/134/134 137/137/137/137 
f 138/138/138/138 137/137/137/137 139/139/139/139 
f 129/129/129/129 130/130/130/130 135/135/135/135 
f 129/129/129/129 135/135/135/135 134/134/134/134 
f 133/133/133/133 129/129/129/129 134/134/134/134 
f 133/133/133/133 134/134/134/134 138/138/138/138 
f 140/140/140/140 141/141/141/141 142/142/142/142 
f 140/140/140/140 142/142/142/142 143/143/143/143 
f 143/143/143/143 142/142/142/142 144/144/144/144 
f 143/143/143/143 144/144/144/144 145/145/145/145 
f 139/139/139/139 140/140/140/140 143/143/143/143 
f 139/139/139/139 143/143/143/143 138/138/138/138 
f 138/138/138/138 143/143/143/143 145/145/145/145 
f 138/138/138/138 145/145/145/145 133/133/133/133 
f 146/146/146/146 147/147/147/147 148/148/148/148 
f 146/146/146/146 148/148/148/148 149/149/149/149 
f 132/132/132/132 131/131/131/131 147/147/147/147 
f 132/132/132/132 147/147/147/147 146/146/146/146 
f 147/147/147/147 145/145/145/145 144/144/144/144 
f 147/147/147/147 144/144/144/144 148/148/148/148 
f 131/131/131/131 133/133/133/133 145/145/145/145 
f 131/131/131/131 145/145/145/145 147/147/147/147 
f 150/150/150/150 151/151/151/151 152/152/152/152 
f 150/150/150/150 152/152/152/152 153/153/153/153 
f 154/154/154/154 150/150/150/150 153/153/153/153 
f 154/154/154/154 153/153/153/153 155/155/155/155 
f 156/156/156/156 157/157/157/157 151/151/151/151 
f 156/156/156/156 151/151/151/151 150/150/150/150 
f 158/158/158/158 156/156/156/156 150/150/150/150 
f 158/158/158/158 150/150/150/150 154/154/154/154 
f 159/159/159/159 160/160/160/160 161/161/161/161 
f 159/159/159/159 161/161/161/161 162/162/162/162 
f 163/163/163/163 159/159/159/159 162/162/162/162 
f 163/163/163/163 162/162/162/162 164/164/164/164 
f 154/154/154/154 155/155/155/155 160/160/160/160 
f 154/154/154/154 160/160/160/160 159/159/159/159 
f 158/158/158/158 154/154/154/154 159/159/159/159 
f 158/158/158/158 159/159/159/159 163/163/163/163 
f 165/165/165/165 166/166/166/166 167/167/167/167 
f 165/165/165/165 167/167/167/167 168/168/168/168 
f 168/168/168/168 167/167/167/167 169/169/169/169 
f 168/168/168/168 169/169/169/169 170/170/170/170 
f 164/164/164/164 165/165/165/165 168/168/168/168 
f 164/164/164/164 168/168/168/168 163/163/163/163 
f 163/163/163/163 168/168/168/168 170/170/170/170 
f 163/163/163/163 170/170/170/170 158/158/158/158 
f 171/171/171/171 172/172/172/172 173/173/173/173 
f 171/171/171/171 173/173/173/173 174/174/174/174 
f 157/157/157/157 156/156/156/156 172/172/172/172 
f 157/157/157/157 172/172/172/172 171/171/171/171 
f 170/170/170/170 169/169/169/169 173/173/173/173 
f 170/170/170/170 173/173/173/173 172/172/172/172 
f 156/156/156/156 158/158/158/158 170/170/170/170 
f 156/156/156/156 170/170/170/170 172/172/172/172 
f 175/175/175/175 176/176/176/176 177/177/177/177 
f 175/175/175/175 177/177/177/177 178/178/178/178 
f 178/178/178/178 177/177/177/177 179/179/179/179 
f 178/178/178/178 179/179/179/179 180/180/180/180 
f 181/181/181/181 175/175/175/175 178/178/178/178 
f 181/181/181/181 178/178/178/178 182/182/182/182 
f 183/183/183/183 182/182/182/182 178/178/178/178 
f 183/183/183/183 178/178/178/178 180/180/180/180 
f 184/184/184/184 185/185/185/185 186/186/186/186 
f 184/184/184/184 186/186/186/186 187/187/187/187 
f 188/188/188/188 189/189/189/189 185/185/185/185 
f 188/188/188/188 185/185/185/185 184/184/184/184 
f 185/185/185/185 180/180/180/180 179/179/179/179 
f 185/185/185/185 179/179/179/179 186/186/186/186 
f 189/189/189/189 183/183/183/183 180/180/180/180 
f 189/189/189/189 180/180/180/180 185/185/185/185 
f 190/190/190/190 191/191/191/191 192/192/192/192 
f 190/190/190/190 192/192/192/192 193/193/193/193 
f 194/194/194/194 193/193/193/193 192/192/192/192 
f 194/194/194/194 192/192/192/192 195/195/195/195 
f 189/189/189/189 188/188/188/188 190/190/190/190 
f 189/189/189/189 190/190/190/190 193/193/193/193 
f 183/183/183/183 189/189/189/189 193/193/193/193 
f 183/183/183/183 193/193/193/193 194/194/194/194 
f 196/196/196/196 197/197/197/197 198/198/198/198 
f 196/196/196/196 198/198/198/198 199/199/199/199 
f 182/182/182/182 196/196/196/196 199/199/199/199 
f 182/182/182/182 199/199/199/199 181/181/181/181 
f 196/196/196/196 194/194/194/194 195/195/195/195 
f 196/196/196/196 195/195/195/195 197/197/197/197 
f 182/182/182/182 183/183/183/183 194/194/194/194 
f 182/182/182/182 194/194/194/194 196/196/196/196 
f 200/200/200/200 9/9/9/9 12/12/12/12 
f 200/200/200/200 12/12/12/12 201/201/201/201 
f 202/202/202/202 200/200/200/200 201/201/201/201 
f 202/202/202/202 201/201/201/201 203/203/203/203 
f 204/204/204/204 14/14/14/14 9/9/9/9 
f 204/204/204/204 9/9/9/9 200/200/200/200 
f 205/205/205/205 204/204/204/204 200/200/200/200 
f 205/205/205/205 200/200/200/200 202/202/202/202 
f 100/100/100/100 206/206/206/206 207/207/207/207 
f 100/100/100/100 207/207/207/207 101/101/101/101 
f 208/208/208/208 206/206/206/206 100/100/100/100 
f 208/208/208/208 100/100/100/100 106/106/106/106 
f 206/206/206/206 202/202/202/202 203/203/203/203 
f 206/206/206/206 203/203/203/203 207/207/207/207 
f 208/208/208/208 205/205/205/205 202/202/202/202 
f 208/208/208/208 202/202/202/202 206/206/206/206 
f 209/209/209/209 124/124/124/124 123/123/123/123 
f 209/209/209/209 123/123/123/123 210/210/210/210 
f 211/211/211/211 209/209/209/209 210/210/210/210 
f 211/211/211/211 210/210/210/210 212/212/212/212 
f 106/106/106/106 124/124/124/124 209/209/209/209 
f 106/106/106/106 209/209/209/209 208/208/208/208 
f 205/205/205/205 208/208/208/208 209/209/209/209 
f 205/205/205/205 209/209/209/209 211/211/211/211 
f 15/15/15/15 213/213/213/213 214/214/214/214 
f 15/15/15/15 214/214/214/214 16/16/16/16 
f 14/14/14/14 204/204/204/204 213/213/213/213 
f 14/14/14/14 213/213/213/213 15/15/15/15 
f 213/213/213/213 211/211/211/211 212/212/212/212 
f 213/213/213/213 212/212/212/212 214/214/214/214 
f 204/204/204/204 205/205/205/205 211/211/211/211 
f 204/204/204/204 211/211/211/211 213/213/213/213 
f 37/37/37/37 36/36/36/36 215/215/215/215 
f 37/37/37/37 215/215/215/215 216/216/216/216 
f 216/216/216/216 215/215/215/215 217/217/217/217 
f 216/216/216/216 217/217/217/217 218/218/218/218 
f 39/39/39/39 37/37/37/37 216/216/216/216 
f 39/39/39/39 216/216/216/216 219/219/219/219 
f 219/219/219/219 216/216/216/216 218/218/218/218 
f 219/219/219/219 218/218/218/218 220/220/220/220 
f 126/126/126/126 221/221/221/221 222/222/222/222 
f 126/126/126/126 222/222/222/222 127/127/127/127 
f 132/132/132/132 223/223/223/223 221/221/221/221 
f 132/132/132/132 221/221/221/221 126/126/126/126 
f 221/221/221/221 218/218/218/218 217/217/217/217 
f 221/221/221/221 217/217/217/217 222/222/222/222 
f 223/223/223/223 220/220/220/220 218/218/218/218 
f 223/223/223/223 218/218/218/218 221/221/221/221 
f 224/224/224/224 146/146/146/146 149/149/149/149 
f 224/224/224/224 149/149/149/149 225/225/225/225 
f 226/226/226/226 224/224/224/224 225/225/225/225 
f 226/226/226/226 225/225/225/225 227/227/227/227 
f 223/223/223/223 132/132/132/132 146/146/146/146 
f 223/223/223/223 146/146/146/146 224/224/224/224 
f 220/220/220/220 223/223/223/223 224/224/224/224 
f 220/220/220/220 224/224/224/224 226/226/226/226 
f 228/228/228/228 229/229/229/229 41/41/41/41 
f 228/228/228/228 41/41/41/41 40/40/40/40 
f 219/219/219/219 228/228/228/228 40/40/40/40 
f 219/219/219/219 40/40/40/40 39/39/39/39 
f 226/226/226/226 227/227/227/227 229/229/229/229 
f 226/226/226/226 229/229/229/229 228/228/228/228 
f 220/220/220/220 226/226/226/226 228/228/228/228 
f 220/220/220/220 228/228/228/228 219/219/219/219 
f 62/62/62/62 61/61/61/61 230/230/230/230 
f 62/62/62/62 230/230/230/230 231/231/231/231 
f 231/231/231/231 230/230/230/230 232/232/232/232 
f 231/231/231/231 232/232/232/232 233/233/233/233 
f 64/64/64/64 62/62/62/62 231/231/231/231 
f 64/64/64/64 231/231/231/231 234/234/234/234 
f 234/234/234/234 231/231/231/231 233/233/233/233 
f 234/234/234/234 233/233/233/233 235/235/235/235 
f 151/151/151/151 236/236/236/236 237/237/237/237 
f 151/151/151/151 237/237/237/237 152/152/152/152 
f 157/157/157/157 238/238/238/238 236/236/236/236 
f 157/157/157/157 236/236/236/236 151/151/151/151 
f 236/236/236/236 233/233/233/233 232/232/232/232 
f 236/236/236/236 232/232/232/232 237/237/237/237 
f 238/238/238/238 235/235/235/235 233/233/233/233 
f 238/238/238/238 233/233/233/233 236/236/236/236 
f 239/239/239/239 171/171/171/171 174/174/174/174 
f 239/239/239/239 174/174/174/174 240/240/240/240 
f 239/239/239/239 240/240/240/240 241/241/241/241 
f 239/239/239/239 241/241/241/241 242/242/242/242 
f 238/238/238/238 157/157/157/157 171/171/171/171 
f 238/238/238/238 171/171/171/171 239/239/239/239 
f 238/238/238/238 239/239/239/239 242/242/242/242 
f 238/238/238/238 242/242/242/242 235/235/235/235 
f 243/243/243/243 244/244/244/244 66/66/66/66 
f 243/243/243/243 66/66/66/66 65/65/65/65 
f 234/234/234/234 243/243/243/243 65/65/65/65 
f 234/234/234/234 65/65/65/65 64/64/64/64 
f 242/242/242/242 241/241/241/241 244/244/244/244 
f 242/242/242/242 244/244/244/244 243/243/243/243 
f 235/235/235/235 242/242/242/242 243/243/243/243 
f 235/235/235/235 243/243/243/243 234/234/234/234 
f 84/84/84/84 87/87/87/87 245/245/245/245 
f 84/84/84/84 245/245/245/245 246/246/246/246 
f 246/246/246/246 245/245/245/245 247/247/247/247 
f 246/246/246/246 247/247/247/247 248/248/248/248 
f 249/249/249/249 88/88/88/88 84/84/84/84 
f 249/249/249/249 84/84/84/84 246/246/246/246 
f 249/249/249/249 246/246/246/246 248/248/248/248 
f 249/249/249/249 248/248/248/248 250/250/250/250 
f 251/251/251/251 252/252/252/252 176/176/176/176 
f 251/251/251/251 176/176/176/176 175/175/175/175 
f 253/253/253/253 251/251/251/251 175/175/175/175 
f 253/253/253/253 175/175/175/175 181/181/181/181 
f 248/248/248/248 247/247/247/247 252/252/252/252 
f 248/248/248/248 252/252/252/252 251/251/251/251 
f 250/250/250/250 248/248/248/248 251/251/251/251 
f 250/250/250/250 251/251/251/251 253/253/253/253 
f 199/199/199/199 198/198/198/198 254/254/254/254 
f 199/199/199/199 254/254/254/254 255/255/255/255 
f 256/256/256/256 255/255/255/255 254/254/254/254 
f 256/256/256/256 254/254/254/254 257/257/257/257 
f 181/181/181/181 199/199/199/199 255/255/255/255 
f 181/181/181/181 255/255/255/255 253/253/253/253 
f 253/253/253/253 255/255/255/255 256/256/256/256 
f 253/253/253/253 256/256/256/256 250/250/250/250 
f 91/91/91/91 258/258/258/258 259/259/259/259 
f 91/91/91/91 259/259/259/259 92/92/92/92 
f 88/88/88/88 249/249/249/249 258/258/258/258 
f 88/88/88/88 258/258/258/258 91/91/91/91 
f 258/258/258/258 256/256/256/256 257/257/257/257 
f 258/258/258/258 257/257/257/257 259/259/259/259 
f 249/249/249/249 250/250/250/250 256/256/256/256 
f 249/249/249/249 256/256/256/256 258/258/258/258 
f 112/112/112/112 111/111/111/111 260/260/260/260 
f 112/112/112/112 260/260/260/260 261/261/261/261 
f 262/262/262/262 261/261/261/261 260/260/260/260 
f 262/262/262/262 260/260/260/260 263/263/263/263 
f 114/114/114/114 112/112/112/112 261/261/261/261 
f 114/114/114/114 261/261/261/261 264/264/264/264 
f 264/264/264/264 261/261/261/261 262/262/262/262 
f 264/264/264/264 262/262/262/262 265/265/265/265 
f 51/51/51/51 266/266/266/266 267/267/267/267 
f 51/51/51/51 267/267/267/267 52/52/52/52 
f 57/57/57/57 268/268/268/268 266/266/266/266 
f 57/57/57/57 266/266/266/266 51/51/51/51 
f 266/266/266/266 262/262/262/262 263/263/263/263 
f 266/266/266/266 263/263/263/263 267/267/267/267 
f 268/268/268/268 265/265/265/265 262/262/262/262 
f 268/268/268/268 262/262/262/262 266/266/266/266 
f 269/269/269/269 71/71/71/71 74/74/74/74 
f 269/269/269/269 74/74/74/74 270/270/270/270 
f 271/271/271/271 269/269/269/269 270/270/270/270 
f 271/271/271/271 270/270/270/270 272/272/272/272 
f 268/268/268/268 57/57/57/57 71/71/71/71 
f 268/268/268/268 71/71/71/71 269/269/269/269 
f 265/265/265/265 268/268/268/268 269/269/269/269 
f 265/265/265/265 269/269/269/269 271/271/271/271 
f 273/273/273/273 274/274/274/274 116/116/116/116 
f 273/273/273/273 116/116/116/116 115/115/115/115 
f 264/264/264/264 273/273/273/273 115/115/115/115 
f 264/264/264/264 115/115/115/115 114/114/114/114 
f 271/271/271/271 272/272/272/272 274/274/274/274 
f 271/271/271/271 274/274/274/274 273/273/273/273 
f 265/265/265/265 271/271/271/271 273/273/273/273 
f 265/265/265/265 273/273/273/273 264/264/264/264 
f 137/137/137/137 136/136/136/136 275/275/275/275 
f 137/137/137/137 275/275/275/275 276/276/276/276 
f 276/276/276/276 275/275/275/275 277/277/277/277 
f 276/276/276/276 277/277/277/277 278/278/278/278 
f 139/139/139/139 137/137/137/137 276/276/276/276 
f 139/139/139/139 276/276/276/276 279/279/279/279 
f 279/279/279/279 276/276/276/276 278/278/278/278 
f 279/279/279/279 278/278/278/278 280/280/280/280 
f 76/76/76/76 281/281/281/281 282/282/282/282 
f 76/76/76/76 282/282/282/282 77/77/77/77 
f 82/82/82/82 283/283/283/283 281/281/281/281 
f 82/82/82/82 281/281/281/281 76/76/76/76 
f 278/278/278/278 277/277/277/277 282/282/282/282 
f 278/278/278/278 282/282/282/282 281/281/281/281 
f 280/280/280/280 278/278/278/278 281/281/281/281 
f 280/280/280/280 281/281/281/281 283/283/283/283 
f 284/284/284/284 96/96/96/96 99/99/99/99 
f 284/284/284/284 99/99/99/99 285/285/285/285 
f 284/284/284/284 285/285/285/285 286/286/286/286 
f 284/284/284/284 286/286/286/286 287/287/287/287 
f 283/283/283/283 82/82/82/82 96/96/96/96 
f 283/283/283/283 96/96/96/96 284/284/284/284 
f 283/283/283/283 284/284/284/284 287/287/287/287 
f 283/283/283/283 287/287/287/287 280/280/280/280 
f 288/288/288/288 289/289/289/289 141/141/141/141 
f 288/288/288/288 141/141/141/141 140/140/140/140 
f 279/279/279/279 288/288/288/288 140/140/140/140 
f 279/279/279/279 140/140/140/140 139/139/139/139 
f 287/287/287/287 286/286/286/286 289/289/289/289 
f 287/287/287/287 289/289/289/289 288/288/288/288 
f 280/280/280/280 287/287/287/287 288/288/288/288 
f 280/280/280/280 288/288/288/288 279/279/279/279 
f 162/162/162/162 161/161/161/161 290/290/290/290 
f 162/162/162/162 290/290/290/290 291/291/291/291 
f 291/291/291/291 290/290/290/290 292/292/292/292 
f 291/291/291/291 292/292/292/292 293/293/293/293 
f 164/164/164/164 162/162/162/162 291/291/291/291 
f 164/164/164/164 291/291/291/291 294/294/294/294 
f 294/294/294/294 291/291/291/291 293/293/293/293 
f 294/294/294/294 293/293/293/293 295/295/295/295 
f 26/26/26/26 296/296/296/296 297/297/297/297 
f 26/26/26/26 297/297/297/297 27/27/27/27 
f 32/32/32/32 298/298/298/298 296/296/296/296 
f 32/32/32/32 296/296/296/296 26/26/26/26 
f 296/296/296/296 293/293/293/293 292/292/292/292 
f 296/296/296/296 292/292/292/292 297/297/297/297 
f 298/298/298/298 295/295/295/295 293/293/293/293 
f 298/298/298/298 293/293/293/293 296/296/296/296 
f 299/299/299/299 46/46/46/46 49/49/49/49 
f 299/299/299/299 49/49/49/49 300/300/300/300 
f 301/301/301/301 299/299/299/299 300/300/300/300 
f 301/301/301/301 300/300/300/300 302/302/302/302 
f 298/298/298/298 32/32/32/32 46/46/46/46 
f 298/298/298/298 46/46/46/46 299/299/299/299 
f 295/295/295/295 298/298/298/298 299/299/299/299 
f 295/295/295/295 299/299/299/299 301/301/301/301 
f 303/303/303/303 304/304/304/304 166/166/166/166 
f 303/303/303/303 166/166/166/166 165/165/165/165 
f 294/294/294/294 303/303/303/303 165/165/165/165 
f 294/294/294/294 165/165/165/165 164/164/164/164 
f 301/301/301/301 302/302/302/302 304/304/304/304 
f 301/301/301/301 304/304/304/304 303/303/303/303 
f 295/295/295/295 301/301/301/301 303/303/303/303 
f 295/295/295/295 303/303/303/303 294/294/294/294 
f 184/184/184/184 187/187/187/187 305/305/305/305 
f 184/184/184/184 305/305/305/305 306/306/306/306 
f 306/306/306/306 305/305/305/305 307/307/307/307 
f 306/306/306/306 307/307/307/307 308/308/308/308 
f 309/309/309/309 188/188/188/188 184/184/184/184 
f 309/309/309/309 184/184/184/184 306/306/306/306 
f 309/309/309/309 306/306/306/306 308/308/308/308 
f 309/309/309/309 308/308/308/308 310/310/310/310 
f 311/311/311/311 312/312/312/312 313/313/313/313 
f 311/311/311/311 313/313/313/313 314/314/314/314 
f 315/315/315/315 312/312/312/312 311/311/311/311 
f 315/315/315/315 311/311/311/311 316/316/316/316 
f 308/308/308/308 307/307/307/307 313/313/313/313 
f 308/308/308/308 313/313/313/313 312/312/312/312 
f 310/310/310/310 308/308/308/308 312/312/312/312 
f 310/310/310/310 312/312/312/312 315/315/315/315 
f 317/317/317/317 318/318/318/318 319/319/319/319 
f 317/317/317/317 319/319/319/319 320/320/320/320 
f 320/320/320/320 319/319/319/319 321/321/321/321 
f 320/320/320/320 321/321/321/321 322/322/322/322 
f 316/316/316/316 317/317/317/317 320/320/320/320 
f 316/316/316/316 320/320/320/320 315/315/315/315 
f 315/315/315/315 320/320/320/320 322/322/322/322 
f 315/315/315/315 322/322/322/322 310/310/310/310 
f 323/323/323/323 324/324/324/324 191/191/191/191 
f 323/323/323/323 191/191/191/191 190/190/190/190 
f 309/309/309/309 323/323/323/323 190/190/190/190 
f 309/309/309/309 190/190/190/190 188/188/188/188 
f 322/322/322/322 321/321/321/321 324/324/324/324 
f 322/322/322/322 324/324/324/324 323/323/323/323 
f 310/310/310/310 322/322/322/322 323/323/323/323 
f 310/310/310/310 323/323/323/323 309/309/309/309 
f 325/325/325/325 326/326/326/326 327/327/327/327 
f 325/325/325/325 327/327/327/327 328/328/328/328 
f 329/329/329/329 325/325/325/325 328/328/328/328 
f 329/329/329/329 328/328/328/328 330/330/330/330 
f 331/331/331/331 332/332/332/332 326/326/326/326 
f 331/331/331/331 326/326/326/326 325/325/325/325 
f 333/333/333/333 331/331/331/331 325/325/325/325 
f 333/333/333/333 325/325/325/325 329/329/329/329 
f 334/334/334/334 335/335/335/335 336/336/336/336 
f 334/334/334/334 336/336/336/336 337/337/337/337 
f 338/338/338/338 339/339/339/339 335/335/335/335 
f 338/338/338/338 335/335/335/335 334/334/334/334 
f 335/335/335/335 329/329/329/329 330/330/330/330 
f 335/335/335/335 330/330/330/330 336/336/336/336 
f 339/339/339/339 333/333/333/333 329/329/329/329 
f 339/339/339/339 329/329/329/329 335/335/335/335 
f 340/340/340/340 341/341/341/341 342/342/342/342 
f 340/340/340/340 342/342/342/342 343/343/343/343 
f 344/344/344/344 343/343/343/343 342/342/342/342 
f 344/344/344/344 342/342/342/342 345/345/345/345 
f 339/339/339/339 338/338/338/338 340/340/340/340 
f 339/339/339/339 340/340/340/340 343/343/343/343 
f 333/333/333/333 339/339/339/339 343/343/343/343 
f 333/333/333/333 343/343/343/343 344/344/344/344 
f 346/346/346/346 347/347/347/347 348/348/348/348 
f 346/346/346/346 348/348/348/348 349/349/349/349 
f 332/332/332/332 331/331/331/331 347/347/347/347 
f 332/332/332/332 347/347/347/347 346/346/346/346 
f 347/347/347/347 344/344/344/344 345/345/345/345 
f 347/347/347/347 345/345/345/345 348/348/348/348 
f 331/331/331/331 333/333/333/333 344/344/344/344 
f 331/331/331/331 344/344/344/344 347/347/347/347 
f 350/350/350/350 351/351/351/351 352/352/352/352 
f 350/350/350/350 352/352/352/352 353/353/353/353 
f 353/353/353/353 352/352/352/352 354/354/354/354 
f 353/353/353/353 354/354/354/354 355/355/355/355 
f 356/356/356/356 350/350/350/350 353/353/353/353 
f 356/356/356/356 353/353/353/353 357/357/357/357 
f 357/357/357/357 353/353/353/353 355/355/355/355 
f 357/357/357/357 355/355/355/355 358/358/358/358 
f 359/359/359/359 360/360/360/360 361/361/361/361 
f 359/359/359/359 361/361/361/361 362/362/362/362 
f 363/363/363/363 359/359/359/359 362/362/362/362 
f 363/363/363/363 362/362/362/362 364/364/364/364 
f 355/355/355/355 354/354/354/354 360/360/360/360 
f 355/355/355/355 360/360/360/360 359/359/359/359 
f 358/358/358/358 355/355/355/355 359/359/359/359 
f 358/358/358/358 359/359/359/359 363/363/363/363 
f 365/365/365/365 366/366/366/366 367/367/367/367 
f 365/365/365/365 367/367/367/367 368/368/368/368 
f 369/369/369/369 365/365/365/365 368/368/368/368 
f 369/369/369/369 368/368/368/368 370/370/370/370 
f 364/364/364/364 366/366/366/366 365/365/365/365 
f 364/364/364/364 365/365/365/365 363/363/363/363 
f 363/363/363/363 365/365/365/365 369/369/369/369 
f 363/363/363/363 369/369/369/369 358/358/358/358 
f 371/371/371/371 372/372/372/372 373/373/373/373 
f 371/371/371/371 373/373/373/373 374/374/374/374 
f 357/357/357/357 372/372/372/372 371/371/371/371 
f 357/357/357/357 371/371/371/371 356/356/356/356 
f 372/372/372/372 369/369/369/369 370/370/370/370 
f 372/372/372/372 370/370/370/370 373/373/373/373 
f 358/358/358/358 369/369/369/369 372/372/372/372 
f 358/358/358/358 372/372/372/372 357/357/357/357 
f 375/375/375/375 376/376/376/376 377/377/377/377 
f 375/375/375/375 377/377/377/377 378/378/378/378 
f 378/378/378/378 377/377/377/377 379/379/379/379 
f 378/378/378/378 379/379/379/379 380/380/380/380 
f 381/381/381/381 375/375/375/375 378/378/378/378 
f 381/381/381/381 378/378/378/378 382/382/382/382 
f 382/382/382/382 378/378/378/378 380/380/380/380 
f 382/382/382/382 380/380/380/380 383/383/383/383 
f 384/384/384/384 385/385/385/385 386/386/386/386 
f 384/384/384/384 386/386/386/386 387/387/387/387 
f 388/388/388/388 384/384/384/384 387/387/387/387 
f 388/388/388/388 387/387/387/387 389/389/389/389 
f 380/380/380/380 379/379/379/379 385/385/385/385 
f 380/380/380/380 385/385/385/385 384/384/384/384 
f 383/383/383/383 380/380/380/380 384/384/384/384 
f 383/383/383/383 384/384/384/384 388/388/388/388 
f 390/390/390/390 391/391/391/391 392/392/392/392 
f 390/390/390/390 392/392/392/392 393/393/393/393 
f 394/394/394/394 390/390/390/390 393/393/393/393 
f 394/394/394/394 393/393/393/393 395/395/395/395 
f 389/389/389/389 391/391/391/391 390/390/390/390 
f 389/389/389/389 390/390/390/390 388/388/388/388 
f 388/388/388/388 390/390/390/390 394/394/394/394 
f 388/388/388/388 394/394/394/394 383/383/383/383 
f 396/396/396/396 397/397/397/397 398/398/398/398 
f 396/396/396/396 398/398/398/398 399/399/399/399 
f 382/382/382/382 397/397/397/397 396/396/396/396 
f 382/382/382/382 396/396/396/396 381/381/381/381 
f 397/397/397/397 394/394/394/394 395/395/395/395 
f 397/397/397/397 395/395/395/395 398/398/398/398 
f 383/383/383/383 394/394/394/394 397/397/397/397 
f 383/383/383/383 397/397/397/397 382/382/382/382 
f 400/400/400/400 401/401/401/401 402/402/402/402 
f 400/400/400/400 402/402/402/402 403/403/403/403 
f 403/403/403/403 402/402/402/402 404/404/404/404 
f 403/403/403/403 404/404/404/404 405/405/405/405 
f 406/406/406/406 400/400/400/400 403/403/403/403 
f 406/406/406/406 403/403/403/403 407/407/407/407 
f 407/407/407/407 403/403/403/403 405/405/405/405 
f 407/407/407/407 405/405/405/405 408/408/408/408 
f 409/409/409/409 410/410/410/410 411/411/411/411 
f 409/409/409/409 411/411/411/411 412/412/412/412 
f 413/413/413/413 409/409/409/409 412/412/412/412 
f 413/413/413/413 412/412/412/412 414/414/414/414 
f 405/405/405/405 404/404/404/404 410/410/410/410 
f 405/405/405/405 410/410/410/410 409/409/409/409 
f 408/408/408/408 405/405/405/405 409/409/409/409 
f 408/408/408/408 409/409/409/409 413/413/413/413 
f 415/415/415/415 416/416/416/416 417/417/417/417 
f 415/415/415/415 417/417/417/417 418/418/418/418 
f 419/419/419/419 415/415/415/415 418/418/418/418 
f 419/419/419/419 418/418/418/418 420/420/420/420 
f 414/414/414/414 416/416/416/416 415/415/415/415 
f 414/414/414/414 415/415/415/415 413/413/413/413 
f 413/413/413/413 415/415/415/415 419/419/419/419 
f 413/413/413/413 419/419/419/419 408/408/408/408 
f 421/421/421/421 422/422/422/422 423/423/423/423 
f 421/421/421/421 423/423/423/423 424/424/424/424 
f 407/407/407/407 422/422/422/422 421/421/421/421 
f 407/407/407/407 421/421/421/421 406/406/406/406 
f 422/422/422/422 419/419/419/419 420/420/420/420 
f 422/422/422/422 420/420/420/420 423/423/423/423 
f 408/408/408/408 419/419/419/419 422/422/422/422 
f 408/408/408/408 422/422/422/422 407/407/407/407 
f 425/425/425/425 426/426/426/426 427/427/427/427 
f 425/425/425/425 427/427/427/427 428/428/428/428 
f 429/429/429/429 425/425/425/425 428/428/428/428 
f 429/429/429/429 428/428/428/428 430/430/430/430 
f 431/431/431/431 432/432/432/432 426/426/426/426 
f 431/431/431/431 426/426/426/426 425/425/425/425 
f 431/431/431/431 425/425/425/425 429/429/429/429 
f 431/431/431/431 429/429/429/429 433/433/433/433 
f 434/434/434/434 435/435/435/435 436/436/436/436 
f 434/434/434/434 436/436/436/436 437/437/437/437 
f 438/438/438/438 435/435/435/435 434/434/434/434 
f 438/438/438/438 434/434/434/434 439/439/439/439 
f 435/435/435/435 429/429/429/429 430/430/430/430 
f 435/435/435/435 430/430/430/430 436/436/436/436 
f 433/433/433/433 429/429/429/429 435/435/435/435 
f 433/433/433/433 435/435/435/435 438/438/438/438 
f 440/440/440/440 441/441/441/441 442/442/442/442 
f 440/440/440/440 442/442/442/442 443/443/443/443 
f 444/444/444/444 440/440/440/440 443/443/443/443 
f 444/444/444/444 443/443/443/443 445/445/445/445 
f 441/441/441/441 440/440/440/440 438/438/438/438 
f 441/441/441/441 438/438/438/438 439/439/439/439 
f 433/433/433/433 438/438/438/438 440/440/440/440 
f 433/433/433/433 440/440/440/440 444/444/444/444 
f 446/446/446/446 447/447/447/447 448/448/448/448 
f 446/446/446/446 448/448/448/448 449/449/449/449 
f 432/432/432/432 431/431/431/431 447/447/447/447 
f 432/432/432/432 447/447/447/447 446/446/446/446 
f 447/447/447/447 444/444/444/444 445/445/445/445 
f 447/447/447/447 445/445/445/445 448/448/448/448 
f 431/431/431/431 433/433/433/433 444/444/444/444 
f 431/431/431/431 444/444/444/444 447/447/447/447 
f 450/450/450/450 451/451/451/451 452/452/452/452 
f 450/450/450/450 452/452/452/452 453/453/453/453 
f 453/453/453/453 452/452/452/452 454/454/454/454 
f 453/453/453/453 454/454/454/454 455/455/455/455 
f 456/456/456/456 450/450/450/450 453/453/453/453 
f 456/456/456/456 453/453/453/453 457/457/457/457 
f 457/457/457/457 453/453/453/453 455/455/455/455 
f 457/457/457/457 455/455/455/455 458/458/458/458 
f 459/459/459/459 460/460/460/460 461/461/461/461 
f 459/459/459/459 461/461/461/461 462/462/462/462 
f 463/463/463/463 459/459/459/459 462/462/462/462 
f 463/463/463/463 462/462/462/462 464/464/464/464 
f 455/455/455/455 454/454/454/454 460/460/460/460 
f 455/455/455/455 460/460/460/460 459/459/459/459 
f 458/458/458/458 455/455/455/455 459/459/459/459 
f 458/458/458/458 459/459/459/459 463/463/463/463 
f 465/465/465/465 466/466/466/466 467/467/467/467 
f 465/465/465/465 467/467/467/467 468/468/468/468 
f 468/468/468/468 467/467/467/467 469/469/469/469 
f 468/468/468/468 469/469/469/469 470/470/470/470 
f 464/464/464/464 465/465/465/465 468/468/468/468 
f 464/464/464/464 468/468/468/468 463/463/463/463 
f 463/463/463/463 468/468/468/468 470/470/470/470 
f 463/463/463/463 470/470/470/470 458/458/458/458 
f 471/471/471/471 472/472/472/472 473/473/473/473 
f 471/471/471/471 473/473/473/473 474/474/474/474 
f 457/457/457/457 471/471/471/471 474/474/474/474 
f 457/457/457/457 474/474/474/474 456/456/456/456 
f 470/470/470/470 469/469/469/469 472/472/472/472 
f 470/470/470/470 472/472/472/472 471/471/471/471 
f 458/458/458/458 470/470/470/470 471/471/471/471 
f 458/458/458/458 471/471/471/471 457/457/457/457 
f 475/475/475/475 476/476/476/476 477/477/477/477 
f 475/475/475/475 477/477/477/477 478/478/478/478 
f 478/478/478/478 477/477/477/477 479/479/479/479 
f 478/478/478/478 479/479/479/479 480/480/480/480 
f 481/481/481/481 475/475/475/475 478/478/478/478 
f 481/481/481/481 478/478/478/478 482/482/482/482 
f 482/482/482/482 478/478/478/478 480/480/480/480 
f 482/482/482/482 480/480/480/480 483/483/483/483 
f 484/484/484/484 485/485/485/485 486/486/486/486 
f 484/484/484/484 486/486/486/486 487/487/487/487 
f 488/488/488/488 484/484/484/484 487/487/487/487 
f 488/488/488/488 487/487/487/487 489/489/489/489 
f 480/480/480/480 479/479/479/479 485/485/485/485 
f 480/480/480/480 485/485/485/485 484/484/484/484 
f 483/483/483/483 480/480/480/480 484/484/484/484 
f 483/483/483/483 484/484/484/484 488/488/488/488 
f 490/490/490/490 491/491/491/491 492/492/492/492 
f 490/490/490/490 492/492/492/492 493/493/493/493 
f 494/494/494/494 490/490/490/490 493/493/493/493 
f 494/494/494/494 493/493/493/493 495/495/495/495 
f 489/489/489/489 491/491/491/491 490/490/490/490 
f 489/489/489/489 490/490/490/490 488/488/488/488 
f 488/488/488/488 490/490/490/490 494/494/494/494 
f 488/488/488/488 494/494/494/494 483/483/483/483 
f 496/496/496/496 497/497/497/497 498/498/498/498 
f 496/496/496/496 498/498/498/498 499/499/499/499 
f 481/481/481/481 482/482/482/482 497/497/497/497 
f 481/481/481/481 497/497/497/497 496/496/496/496 
f 497/497/497/497 494/494/494/494 495/495/495/495 
f 497/497/497/497 495/495/495/495 498/498/498/498 
f 483/483/483/483 494/494/494/494 497/497/497/497 
f 483/483/483/483 497/497/497/497 482/482/482/482 
f 500/500/500/500 501/501/501/501 502/502/502/502 
f 500/500/500/500 502/502/502/502 503/503/503/503 
f 504/504/504/504 500/500/500/500 503/503/503/503 
f 504/504/504/504 503/503/503/503 505/505/505/505 
f 506/506/506/506 507/507/507/507 501/501/501/501 
f 506/506/506/506 501/501/501/501 500/500/500/500 
f 508/508/508/508 506/506/506/506 500/500/500/500 
f 508/508/508/508 500/500/500/500 504/504/504/504 
f 509/509/509/509 510/510/510/510 511/511/511/511 
f 509/509/509/509 511/511/511/511 512/512/512/512 
f 513/513/513/513 514/514/514/514 510/510/510/510 
f 513/513/513/513 510/510/510/510 509/509/509/509 
f 510/510/510/510 504/504/504/504 505/505/505/505 
f 510/510/510/510 505/505/505/505 511/511/511/511 
f 514/514/514/514 508/508/508/508 504/504/504/504 
f 514/514/514/514 504/504/504/504 510/510/510/510 
f 515/515/515/515 516/516/516/516 517/517/517/517 
f 515/515/515/515 517/517/517/517 518/518/518/518 
f 518/518/518/518 517/517/517/517 519/519/519/519 
f 518/518/518/518 519/519/519/519 520/520/520/520 
f 513/513/513/513 515/515/515/515 518/518/518/518 
f 513/513/513/513 518/518/518/518 514/514/514/514 
f 514/514/514/514 518/518/518/518 520/520/520/520 
f 514/514/514/514 520/520/520/520 508/508/508/508 
f 521/521/521/521 522/522/522/522 523/523/523/523 
f 521/521/521/521 523/523/523/523 524/524/524/524 
f 506/506/506/506 521/521/521/521 524/524/524/524 
f 506/506/506/506 524/524/524/524 507/507/507/507 
f 520/520/520/520 519/519/519/519 522/522/522/522 
f 520/520/520/520 522/522/522/522 521/521/521/521 
f 508/508/508/508 520/520/520/520 521/521/521/521 
f 508/508/508/508 521/521/521/521 506/506/506/506 
f 525/525/525/525 526/526/526/526 449/449/449/449 
f 525/525/525/525 449/449/449/449 448/448/448/448 
f 527/527/527/527 525/525/525/525 448/448/448/448 
f 527/527/527/527 448/448/448/448 445/445/445/445 
f 528/528/528/528 526/526/526/526 525/525/525/525 
f 528/528/528/528 525/525/525/525 529/529/529/529 
f 529/529/529/529 525/525/525/525 527/527/527/527 
f 529/529/529/529 527/527/527/527 530/530/530/530 
f 531/531/531/531 443/443/443/443 442/442/442/442 
f 531/531/531/531 442/442/442/442 532/532/532/532 
f 533/533/533/533 531/531/531/531 532/532/532/532 
f 533/533/533/533 532/532/532/532 534/534/534/534 
f 527/527/527/527 445/445/445/445 443/443/443/443 
f 527/527/527/527 443/443/443/443 531/531/531/531 
f 530/530/530/530 527/527/527/527 531/531/531/531 
f 530/530/530/530 531/531/531/531 533/533/533/533 
f 535/535/535/535 536/536/536/536 337/337/337/337 
f 535/535/535/535 337/337/337/337 336/336/336/336 
f 537/537/537/537 535/535/535/535 336/336/336/336 
f 537/537/537/537 336/336/336/336 330/330/330/330 
f 533/533/533/533 534/534/534/534 536/536/536/536 
f 533/533/533/533 536/536/536/536 535/535/535/535 
f 530/530/530/530 533/533/533/533 535/535/535/535 
f 530/530/530/530 535/535/535/535 537/537/537/537 
f 538/538/538/538 539/539/539/539 328/328/328/328 
f 538/538/538/538 328/328/328/328 327/327/327/327 
f 529/529/529/529 539/539/539/539 538/538/538/538 
f 529/529/529/529 538/538/538/538 528/528/528/528 
f 539/539/539/539 537/537/537/537 330/330/330/330 
f 539/539/539/539 330/330/330/330 328/328/328/328 
f 530/530/530/530 537/537/537/537 539/539/539/539 
f 530/530/530/530 539/539/539/539 529/529/529/529 
f 540/540/540/540 473/473/473/473 472/472/472/472 
f 540/540/540/540 472/472/472/472 541/541/541/541 
f 541/541/541/541 472/472/472/472 469/469/469/469 
f 541/541/541/541 469/469/469/469 542/542/542/542 
f 543/543/543/543 544/544/544/544 540/540/540/540 
f 543/543/543/543 540/540/540/540 541/541/541/541 
f 545/545/545/545 543/543/543/543 541/541/541/541 
f 545/545/545/545 541/541/541/541 542/542/542/542 
f 546/546/546/546 547/547/547/547 467/467/467/467 
f 546/546/546/546 467/467/467/467 466/466/466/466 
f 548/548/548/548 549/549/549/549 547/547/547/547 
f 548/548/548/548 547/547/547/547 546/546/546/546 
f 542/542/542/542 469/469/469/469 467/467/467/467 
f 542/542/542/542 467/467/467/467 547/547/547/547 
f 549/549/549/549 545/545/545/545 542/542/542/542 
f 549/549/549/549 542/542/542/542 547/547/547/547 
f 550/550/550/550 551/551/551/551 361/361/361/361 
f 550/550/550/550 361/361/361/361 360/360/360/360 
f 552/552/552/552 550/550/550/550 360/360/360/360 
f 552/552/552/552 360/360/360/360 354/354/354/354 
f 549/549/549/549 548/548/548/548 551/551/551/551 
f 549/549/549/549 551/551/551/551 550/550/550/550 
f 545/545/545/545 549/549/549/549 550/550/550/550 
f 545/545/545/545 550/550/550/550 552/552/552/552 
f 553/553/553/553 352/352/352/352 351/351/351/351 
f 553/553/553/553 351/351/351/351 554/554/554/554 
f 544/544/544/544 543/543/543/543 553/553/553/553 
f 544/544/544/544 553/553/553/553 554/554/554/554 
f 552/552/552/552 354/354/354/354 352/352/352/352 
f 552/552/552/552 352/352/352/352 553/553/553/553 
f 543/543/543/543 545/545/545/545 552/552/552/552 
f 543/543/543/543 552/552/552/552 553/553/553/553 
f 555/555/555/555 556/556/556/556 499/499/499/499 
f 555/555/555/555 499/499/499/499 498/498/498/498 
f 557/557/557/557 555/555/555/555 498/498/498/498 
f 557/557/557/557 498/498/498/498 495/495/495/495 
f 558/558/558/558 559/559/559/559 556/556/556/556 
f 558/558/558/558 556/556/556/556 555/555/555/555 
f 560/560/560/560 558/558/558/558 555/555/555/555 
f 560/560/560/560 555/555/555/555 557/557/557/557 
f 561/561/561/561 562/562/562/562 493/493/493/493 
f 561/561/561/561 493/493/493/493 492/492/492/492 
f 563/563/563/563 564/564/564/564 562/562/562/562 
f 563/563/563/563 562/562/562/562 561/561/561/561 
f 562/562/562/562 557/557/557/557 495/495/495/495 
f 562/562/562/562 495/495/495/495 493/493/493/493 
f 564/564/564/564 560/560/560/560 557/557/557/557 
f 564/564/564/564 557/557/557/557 562/562/562/562 
f 565/565/565/565 566/566/566/566 386/386/386/386 
f 565/565/565/565 386/386/386/386 385/385/385/385 
f 567/567/567/567 565/565/565/565 385/385/385/385 
f 567/567/567/567 385/385/385/385 379/379/379/379 
f 564/564/564/564 563/563/563/563 566/566/566/566 
f 564/564/564/564 566/566/566/566 565/565/565/565 
f 560/560/560/560 564/564/564/564 565/565/565/565 
f 560/560/560/560 565/565/565/565 567/567/567/567 
f 568/568/568/568 569/569/569/569 377/377/377/377 
f 568/568/568/568 377/377/377/377 376/376/376/376 
f 559/559/559/559 558/558/558/558 569/569/569/569 
f 559/559/559/559 569/569/569/569 568/568/568/568 
f 569/569/569/569 567/567/567/567 379/379/379/379 
f 569/569/569/569 379/379/379/379 377/377/377/377 
f 558/558/558/558 560/560/560/560 567/567/567/567 
f 558/558/558/558 567/567/567/567 569/569/569/569 
f 570/570/570/570 523/523/523/523 522/522/522/522 
f 570/570/570/570 522/522/522/522 571/571/571/571 
f 571/571/571/571 522/522/522/522 519/519/519/519 
f 571/571/571/571 519/519/519/519 572/572/572/572 
f 573/573/573/573 570/570/570/570 571/571/571/571 
f 573/573/573/573 571/571/571/571 574/574/574/574 
f 574/574/574/574 571/571/571/571 572/572/572/572 
f 574/574/574/574 572/572/572/572 575/575/575/575 
f 576/576/576/576 517/517/517/517 516/516/516/516 
f 576/576/576/576 516/516/516/516 577/577/577/577 
f 578/578/578/578 576/576/576/576 577/577/577/577 
f 578/578/578/578 577/577/577/577 579/579/579/579 
f 572/572/572/572 519/519/519/519 517/517/517/517 
f 572/572/572/572 517/517/517/517 576/576/576/576 
f 575/575/575/575 572/572/572/572 576/576/576/576 
f 575/575/575/575 576/576/576/576 578/578/578/578 
f 580/580/580/580 411/411/411/411 410/410/410/410 
f 580/580/580/580 410/410/410/410 581/581/581/581 
f 581/581/581/581 410/410/410/410 404/404/404/404 
f 581/581/581/581 404/404/404/404 582/582/582/582 
f 579/579/579/579 580/580/580/580 581/581/581/581 
f 579/579/579/579 581/581/581/581 578/578/578/578 
f 578/578/578/578 581/581/581/581 582/582/582/582 
f 578/578/578/578 582/582/582/582 575/575/575/575 
f 583/583/583/583 402/402/402/402 401/401/401/401 
f 583/583/583/583 401/401/401/401 584/584/584/584 
f 574/574/574/574 583/583/583/583 584/584/584/584 
f 574/574/574/574 584/584/584/584 573/573/573/573 
f 582/582/582/582 404/404/404/404 402/402/402/402 
f 582/582/582/582 402/402/402/402 583/583/583/583 
f 575/575/575/575 582/582/582/582 583/583/583/583 
f 575/575/575/575 583/583/583/583 574/574/574/574 
f 585/585/585/585 586/586/586/586 399/399/399/399 
f 585/585/585/585 399/399/399/399 398/398/398/398 
f 587/587/587/587 585/585/585/585 398/398/398/398 
f 587/587/587/587 398/398/398/398 395/395/395/395 
f 588/588/588/588 589/589/589/589 586/586/586/586 
f 588/588/588/588 586/586/586/586 585/585/585/585 
f 590/590/590/590 588/588/588/588 585/585/585/585 
f 590/590/590/590 585/585/585/585 587/587/587/587 
f 591/591/591/591 592/592/592/592 393/393/393/393 
f 591/591/591/591 393/393/393/393 392/392/392/392 
f 593/593/593/593 594/594/594/594 592/592/592/592 
f 593/593/593/593 592/592/592/592 591/591/591/591 
f 592/592/592/592 587/587/587/587 395/395/395/395 
f 592/592/592/592 395/395/395/395 393/393/393/393 
f 594/594/594/594 590/590/590/590 587/587/587/587 
f 594/594/594/594 587/587/587/587 592/592/592/592 
f 595/595/595/595 596/596/596/596 437/437/437/437 
f 595/595/595/595 437/437/437/437 436/436/436/436 
f 597/597/597/597 595/595/595/595 436/436/436/436 
f 597/597/597/597 436/436/436/436 430/430/430/430 
f 594/594/594/594 593/593/593/593 596/596/596/596 
f 594/594/594/594 596/596/596/596 595/595/595/595 
f 590/590/590/590 594/594/594/594 595/595/595/595 
f 590/590/590/590 595/595/595/595 597/597/597/597 
f 598/598/598/598 599/599/599/599 428/428/428/428 
f 598/598/598/598 428/428/428/428 427/427/427/427 
f 589/589/589/589 588/588/588/588 599/599/599/599 
f 589/589/589/589 599/599/599/599 598/598/598/598 
f 599/599/599/599 597/597/597/597 430/430/430/430 
f 599/599/599/599 430/430/430/430 428/428/428/428 
f 588/588/588/588 590/590/590/590 597/597/597/597 
f 588/588/588/588 597/597/597/597 599/599/599/599 
f 600/600/600/600 424/424/424/424 423/423/423/423 
f 600/600/600/600 423/423/423/423 601/601/601/601 
f 601/601/601/601 423/423/423/423 420/420/420/420 
f 601/601/601/601 420/420/420/420 602/602/602/602 
f 603/603/603/603 604/604/604/604 600/600/600/600 
f 603/603/603/603 600/600/600/600 601/601/601/601 
f 605/605/605/605 603/603/603/603 601/601/601/601 
f 605/605/605/605 601/601/601/601 602/602/602/602 
f 606/606/606/606 607/607/607/607 418/418/418/418 
f 606/606/606/606 418/418/418/418 417/417/417/417 
f 608/608/608/608 609/609/609/609 607/607/607/607 
f 608/608/608/608 607/607/607/607 606/606/606/606 
f 607/607/607/607 602/602/602/602 420/420/420/420 
f 607/607/607/607 420/420/420/420 418/418/418/418 
f 609/609/609/609 605/605/605/605 602/602/602/602 
f 609/609/609/609 602/602/602/602 607/607/607/607 
f 610/610/610/610 611/611/611/611 461/461/461/461 
f 610/610/610/610 461/461/461/461 460/460/460/460 
f 612/612/612/612 610/610/610/610 460/460/460/460 
f 612/612/612/612 460/460/460/460 454/454/454/454 
f 609/609/609/609 608/608/608/608 611/611/611/611 
f 609/609/609/609 611/611/611/611 610/610/610/610 
f 605/605/605/605 609/609/609/609 610/610/610/610 
f 605/605/605/605 610/610/610/610 612/612/612/612 
f 613/613/613/613 452/452/452/452 451/451/451/451 
f 613/613/613/613 451/451/451/451 614/614/614/614 
f 604/604/604/604 603/603/603/603 613/613/613/613 
f 604/604/604/604 613/613/613/613 614/614/614/614 
f 612/612/612/612 454/454/454/454 452/452/452/452 
f 612/612/612/612 452/452/452/452 613/613/613/613 
f 603/603/603/603 605/605/605/605 612/612/612/612 
f 603/603/603/603 612/612/612/612 613/613/613/613 
f 615/615/615/615 616/616/616/616 374/374/374/374 
f 615/615/615/615 374/374/374/374 373/373/373/373 
f 617/617/617/617 615/615/615/615 373/373/373/373 
f 617/617/617/617 373/373/373/373 370/370/370/370 
f 618/618/618/618 619/619/619/619 616/616/616/616 
f 618/618/618/618 616/616/616/616 615/615/615/615 
f 620/620/620/620 618/618/618/618 615/615/615/615 
f 620/620/620/620 615/615/615/615 617/617/617/617 
f 621/621/621/621 622/622/622/622 368/368/368/368 
f 621/621/621/621 368/368/368/368 367/367/367/367 
f 623/623/623/623 624/624/624/624 622/622/622/622 
f 623/623/623/623 622/622/622/622 621/621/621/621 
f 622/622/622/622 617/617/617/617 370/370/370/370 
f 622/622/622/622 370/370/370/370 368/368/368/368 
f 624/624/624/624 620/620/620/620 617/617/617/617 
f 624/624/624/624 617/617/617/617 622/622/622/622 
f 625/625/625/625 626/626/626/626 486/486/486/486 
f 625/625/625/625 486/486/486/486 485/485/485/485 
f 627/627/627/627 625/625/625/625 485/485/485/485 
f 627/627/627/627 485/485/485/485 479/479/479/479 
f 624/624/624/624 623/623/623/623 626/626/626/626 
f 624/624/624/624 626/626/626/626 625/625/625/625 
f 620/620/620/620 624/624/624/624 625/625/625/625 
f 620/620/620/620 625/625/625/625 627/627/627/627 
f 628/628/628/628 477/477/477/477 476/476/476/476 
f 628/628/628/628 476/476/476/476 629/629/629/629 
f 619/619/619/619 618/618/618/618 628/628/628/628 
f 619/619/619/619 628/628/628/628 629/629/629/629 
f 628/628/628/628 627/627/627/627 479/479/479/479 
f 628/628/628/628 479/479/479/479 477/477/477/477 
f 618/618/618/618 620/620/620/620 627/627/627/627 
f 618/618/618/618 627/627/627/627 628/628/628/628 
f 630/630/630/630 631/631/631/631 632/632/632/632 
f 630/630/630/630 632/632/632/632 633/633/633/633 
f 633/633/633/633 632/632/632/632 634/634/634/634 
f 633/633/633/633 634/634/634/634 635/635/635/635 
f 636/636/636/636 630/630/630/630 633/633/633/633 
f 636/636/636/636 633/633/633/633 637/637/637/637 
f 637/637/637/637 633/633/633/633 635/635/635/635 
f 637/637/637/637 635/635/635/635 638/638/638/638 
f 639/639/639/639 640/640/640/640 641/641/641/641 
f 639/639/639/639 641/641/641/641 642/642/642/642 
f 643/643/643/643 639/639/639/639 642/642/642/642 
f 643/643/643/643 642/642/642/642 644/644/644/644 
f 635/635/635/635 634/634/634/634 640/640/640/640 
f 635/635/635/635 640/640/640/640 639/639/639/639 
f 638/638/638/638 635/635/635/635 639/639/639/639 
f 638/638/638/638 639/639/639/639 643/643/643/643 
f 645/645/645/645 512/512/512/512 511/511/511/511 
f 645/645/645/645 511/511/511/511 646/646/646/646 
f 646/646/646/646 511/511/511/511 505/505/505/505 
f 646/646/646/646 505/505/505/505 647/647/647/647 
f 644/644/644/644 645/645/645/645 646/646/646/646 
f 644/644/644/644 646/646/646/646 643/643/643/643 
f 643/643/643/643 646/646/646/646 647/647/647/647 
f 643/643/643/643 647/647/647/647 638/638/638/638 
f 648/648/648/648 649/649/649/649 503/503/503/503 
f 648/648/648/648 503/503/503/503 502/502/502/502 
f 637/637/637/637 649/649/649/649 648/648/648/648 
f 637/637/637/637 648/648/648/648 636/636/636/636 
f 647/647/647/647 505/505/505/505 503/503/503/503 
f 647/647/647/647 503/503/503/503 649/649/649/649 
f 638/638/638/638 647/647/647/647 649/649/649/649 
f 638/638/638/638 649/649/649/649 637/637/637/637 
f 650/650/650/650 17/17/17/17 16/16/16/16 
f 650/650/650/650 16/16/16/16 651/651/651/651 
f 652/652/652/652 650/650/650/650 651/651/651/651 
f 652/652/652/652 651/651/651/651 653/653/653/653 
f 654/654/654/654 19/19/19/19 17/17/17/17 
f 654/654/654/654 17/17/17/17 650/650/650/650 
f 655/655/655/655 654/654/654/654 650/650/650/650 
f 655/655/655/655 650/650/650/650 652/652/652/652 
f 326/326/326/326 656/656/656/656 657/657/657/657 
f 326/326/326/326 657/657/657/657 327/327/327/327 
f 332/332/332/332 658/658/658/658 656/656/656/656 
f 332/332/332/332 656/656/656/656 326/326/326/326 
f 656/656/656/656 652/652/652/652 653/653/653/653 
f 656/656/656/656 653/653/653/653 657/657/657/657 
f 658/658/658/658 655/655/655/655 652/652/652/652 
f 658/658/658/658 652/652/652/652 656/656/656/656 
f 659/659/659/659 346/346/346/346 349/349/349/349 
f 659/659/659/659 349/349/349/349 660/660/660/660 
f 661/661/661/661 659/659/659/659 660/660/660/660 
f 661/661/661/661 660/660/660/660 662/662/662/662 
f 658/658/658/658 332/332/332/332 346/346/346/346 
f 658/658/658/658 346/346/346/346 659/659/659/659 
f 655/655/655/655 658/658/658/658 659/659/659/659 
f 655/655/655/655 659/659/659/659 661/661/661/661 
f 22/22/22/22 663/663/663/663 664/664/664/664 
f 22/22/22/22 664/664/664/664 23/23/23/23 
f 19/19/19/19 654/654/654/654 663/663/663/663 
f 19/19/19/19 663/663/663/663 22/22/22/22 
f 663/663/663/663 661/661/661/661 662/662/662/662 
f 663/663/663/663 662/662/662/662 664/664/664/664 
f 654/654/654/654 655/655/655/655 661/661/661/661 
f 654/654/654/654 661/661/661/661 663/663/663/663 
f 42/42/42/42 41/41/41/41 665/665/665/665 
f 42/42/42/42 665/665/665/665 666/666/666/666 
f 666/666/666/666 665/665/665/665 667/667/667/667 
f 666/666/666/666 667/667/667/667 668/668/668/668 
f 44/44/44/44 42/42/42/42 666/666/666/666 
f 44/44/44/44 666/666/666/666 669/669/669/669 
f 669/669/669/669 666/666/666/666 668/668/668/668 
f 669/669/669/669 668/668/668/668 670/670/670/670 
f 671/671/671/671 672/672/672/672 351/351/351/351 
f 671/671/671/671 351/351/351/351 350/350/350/350 
f 673/673/673/673 671/671/671/671 350/350/350/350 
f 673/673/673/673 350/350/350/350 356/356/356/356 
f 668/668/668/668 667/667/667/667 672/672/672/672 
f 668/668/668/668 672/672/672/672 671/671/671/671 
f 670/670/670/670 668/668/668/668 671/671/671/671 
f 670/670/670/670 671/671/671/671 673/673/673/673 
f 674/674/674/674 371/371/371/371 374/374/374/374 
f 674/674/674/674 374/374/374/374 675/675/675/675 
f 676/676/676/676 674/674/674/674 675/675/675/675 
f 676/676/676/676 675/675/675/675 677/677/677/677 
f 356/356/356/356 371/371/371/371 674/674/674/674 
f 356/356/356/356 674/674/674/674 673/673/673/673 
f 673/673/673/673 674/674/674/674 676/676/676/676 
f 673/673/673/673 676/676/676/676 670/670/670/670 
f 48/48/48/48 678/678/678/678 679/679/679/679 
f 48/48/48/48 679/679/679/679 49/49/49/49 
f 44/44/44/44 669/669/669/669 678/678/678/678 
f 44/44/44/44 678/678/678/678 48/48/48/48 
f 678/678/678/678 676/676/676/676 677/677/677/677 
f 678/678/678/678 677/677/677/677 679/679/679/679 
f 669/669/669/669 670/670/670/670 676/676/676/676 
f 669/669/669/669 676/676/676/676 678/678/678/678 
f 67/67/67/67 66/66/66/66 680/680/680/680 
f 67/67/67/67 680/680/680/680 681/681/681/681 
f 681/681/681/681 680/680/680/680 682/682/682/682 
f 681/681/681/681 682/682/682/682 683/683/683/683 
f 69/69/69/69 67/67/67/67 681/681/681/681 
f 69/69/69/69 681/681/681/681 684/684/684/684 
f 684/684/684/684 681/681/681/681 683/683/683/683 
f 684/684/684/684 683/683/683/683 685/685/685/685 
f 686/686/686/686 687/687/687/687 376/376/376/376 
f 686/686/686/686 376/376/376/376 375/375/375/375 
f 688/688/688/688 686/686/686/686 375/375/375/375 
f 688/688/688/688 375/375/375/375 381/381/381/381 
f 683/683/683/683 682/682/682/682 687/687/687/687 
f 683/683/683/683 687/687/687/687 686/686/686/686 
f 685/685/685/685 683/683/683/683 686/686/686/686 
f 685/685/685/685 686/686/686/686 688/688/688/688 
f 689/689/689/689 396/396/396/396 399/399/399/399 
f 689/689/689/689 399/399/399/399 690/690/690/690 
f 691/691/691/691 689/689/689/689 690/690/690/690 
f 691/691/691/691 690/690/690/690 692/692/692/692 
f 688/688/688/688 381/381/381/381 396/396/396/396 
f 688/688/688/688 396/396/396/396 689/689/689/689 
f 685/685/685/685 688/688/688/688 689/689/689/689 
f 685/685/685/685 689/689/689/689 691/691/691/691 
f 73/73/73/73 693/693/693/693 694/694/694/694 
f 73/73/73/73 694/694/694/694 74/74/74/74 
f 684/684/684/684 693/693/693/693 73/73/73/73 
f 684/684/684/684 73/73/73/73 69/69/69/69 
f 693/693/693/693 691/691/691/691 692/692/692/692 
f 693/693/693/693 692/692/692/692 694/694/694/694 
f 684/684/684/684 685/685/685/685 691/691/691/691 
f 684/684/684/684 691/691/691/691 693/693/693/693 
f 93/93/93/93 92/92/92/92 695/695/695/695 
f 93/93/93/93 695/695/695/695 696/696/696/696 
f 696/696/696/696 695/695/695/695 697/697/697/697 
f 696/696/696/696 697/697/697/697 698/698/698/698 
f 95/95/95/95 93/93/93/93 696/696/696/696 
f 95/95/95/95 696/696/696/696 699/699/699/699 
f 699/699/699/699 696/696/696/696 698/698/698/698 
f 699/699/699/699 698/698/698/698 700/700/700/700 
f 701/701/701/701 702/702/702/702 401/401/401/401 
f 701/701/701/701 401/401/401/401 400/400/400/400 
f 703/703/703/703 701/701/701/701 400/400/400/400 
f 703/703/703/703 400/400/400/400 406/406/406/406 
f 698/698/698/698 697/697/697/697 702/702/702/702 
f 698/698/698/698 702/702/702/702 701/701/701/701 
f 700/700/700/700 698/698/698/698 701/701/701/701 
f 700/700/700/700 701/701/701/701 703/703/703/703 
f 421/421/421/421 424/424/424/424 704/704/704/704 
f 421/421/421/421 704/704/704/704 705/705/705/705 
f 706/706/706/706 705/705/705/705 704/704/704/704 
f 706/706/706/706 704/704/704/704 707/707/707/707 
f 406/406/406/406 421/421/421/421 705/705/705/705 
f 406/406/406/406 705/705/705/705 703/703/703/703 
f 703/703/703/703 705/705/705/705 706/706/706/706 
f 703/703/703/703 706/706/706/706 700/700/700/700 
f 98/98/98/98 708/708/708/708 709/709/709/709 
f 98/98/98/98 709/709/709/709 99/99/99/99 
f 699/699/699/699 708/708/708/708 98/98/98/98 
f 699/699/699/699 98/98/98/98 95/95/95/95 
f 708/708/708/708 706/706/706/706 707/707/707/707 
f 708/708/708/708 707/707/707/707 709/709/709/709 
f 700/700/700/700 706/706/706/706 708/708/708/708 
f 700/700/700/700 708/708/708/708 699/699/699/699 
f 710/710/710/710 117/117/117/117 116/116/116/116 
f 710/710/710/710 116/116/116/116 711/711/711/711 
f 712/712/712/712 710/710/710/710 711/711/711/711 
f 712/712/712/712 711/711/711/711 713/713/713/713 
f 714/714/714/714 119/119/119/119 117/117/117/117 
f 714/714/714/714 117/117/117/117 710/710/710/710 
f 715/715/715/715 714/714/714/714 710/710/710/710 
f 715/715/715/715 710/710/710/710 712/712/712/712 
f 426/426/426/426 716/716/716/716 717/717/717/717 
f 426/426/426/426 717/717/717/717 427/427/427/427 
f 432/432/432/432 718/718/718/718 716/716/716/716 
f 432/432/432/432 716/716/716/716 426/426/426/426 
f 716/716/716/716 712/712/712/712 713/713/713/713 
f 716/716/716/716 713/713/713/713 717/717/717/717 
f 718/718/718/718 715/715/715/715 712/712/712/712 
f 718/718/718/718 712/712/712/712 716/716/716/716 
f 719/719/719/719 446/446/446/446 449/449/449/449 
f 719/719/719/719 449/449/449/449 720/720/720/720 
f 721/721/721/721 719/719/719/719 720/720/720/720 
f 721/721/721/721 720/720/720/720 722/722/722/722 
f 718/718/718/718 432/432/432/432 446/446/446/446 
f 718/718/718/718 446/446/446/446 719/719/719/719 
f 715/715/715/715 718/718/718/718 719/719/719/719 
f 715/715/715/715 719/719/719/719 721/721/721/721 
f 122/122/122/122 723/723/723/723 724/724/724/724 
f 122/122/122/122 724/724/724/724 123/123/123/123 
f 119/119/119/119 714/714/714/714 723/723/723/723 
f 119/119/119/119 723/723/723/723 122/122/122/122 
f 723/723/723/723 721/721/721/721 722/722/722/722 
f 723/723/723/723 722/722/722/722 724/724/724/724 
f 714/714/714/714 715/715/715/715 721/721/721/721 
f 714/714/714/714 721/721/721/721 723/723/723/723 
f 142/142/142/142 141/141/141/141 725/725/725/725 
f 142/142/142/142 725/725/725/725 726/726/726/726 
f 726/726/726/726 725/725/725/725 727/727/727/727 
f 726/726/726/726 727/727/727/727 728/728/728/728 
f 144/144/144/144 142/142/142/142 726/726/726/726 
f 144/144/144/144 726/726/726/726 729/729/729/729 
f 729/729/729/729 726/726/726/726 728/728/728/728 
f 729/729/729/729 728/728/728/728 730/730/730/730 
f 731/731/731/731 732/732/732/732 451/451/451/451 
f 731/731/731/731 451/451/451/451 450/450/450/450 
f 733/733/733/733 731/731/731/731 450/450/450/450 
f 733/733/733/733 450/450/450/450 456/456/456/456 
f 728/728/728/728 727/727/727/727 732/732/732/732 
f 728/728/728/728 732/732/732/732 731/731/731/731 
f 730/730/730/730 728/728/728/728 731/731/731/731 
f 730/730/730/730 731/731/731/731 733/733/733/733 
f 474/474/474/474 473/473/473/473 734/734/734/734 
f 474/474/474/474 734/734/734/734 735/735/735/735 
f 735/735/735/735 734/734/734/734 736/736/736/736 
f 735/735/735/735 736/736/736/736 737/737/737/737 
f 456/456/456/456 474/474/474/474 735/735/735/735 
f 456/456/456/456 735/735/735/735 733/733/733/733 
f 733/733/733/733 735/735/735/735 737/737/737/737 
f 733/733/733/733 737/737/737/737 730/730/730/730 
f 738/738/738/738 739/739/739/739 149/149/149/149 
f 738/738/738/738 149/149/149/149 148/148/148/148 
f 729/729/729/729 738/738/738/738 148/148/148/148 
f 729/729/729/729 148/148/148/148 144/144/144/144 
f 737/737/737/737 736/736/736/736 739/739/739/739 
f 737/737/737/737 739/739/739/739 738/738/738/738 
f 730/730/730/730 737/737/737/737 738/738/738/738 
f 730/730/730/730 738/738/738/738 729/729/729/729 
f 167/167/167/167 166/166/166/166 740/740/740/740 
f 167/167/167/167 740/740/740/740 741/741/741/741 
f 741/741/741/741 740/740/740/740 742/742/742/742 
f 741/741/741/741 742/742/742/742 743/743/743/743 
f 169/169/169/169 167/167/167/167 741/741/741/741 
f 169/169/169/169 741/741/741/741 744/744/744/744 
f 744/744/744/744 741/741/741/741 743/743/743/743 
f 744/744/744/744 743/743/743/743 745/745/745/745 
f 746/746/746/746 747/747/747/747 476/476/476/476 
f 746/746/746/746 476/476/476/476 475/475/475/475 
f 748/748/748/748 746/746/746/746 475/475/475/475 
f 748/748/748/748 475/475/475/475 481/481/481/481 
f 743/743/743/743 742/742/742/742 747/747/747/747 
f 743/743/743/743 747/747/747/747 746/746/746/746 
f 745/745/745/745 743/743/743/743 746/746/746/746 
f 745/745/745/745 746/746/746/746 748/748/748/748 
f 749/749/749/749 496/496/496/496 499/499/499/499 
f 749/749/749/749 499/499/499/499 750/750/750/750 
f 751/751/751/751 749/749/749/749 750/750/750/750 
f 751/751/751/751 750/750/750/750 752/752/752/752 
f 748/748/748/748 481/481/481/481 496/496/496/496 
f 748/748/748/748 496/496/496/496 749/749/749/749 
f 745/745/745/745 748/748/748/748 749/749/749/749 
f 745/745/745/745 749/749/749/749 751/751/751/751 
f 173/173/173/173 753/753/753/753 754/754/754/754 
f 173/173/173/173 754/754/754/754 174/174/174/174 
f 169/169/169/169 744/744/744/744 753/753/753/753 
f 169/169/169/169 753/753/753/753 173/173/173/173 
f 753/753/753/753 751/751/751/751 752/752/752/752 
f 753/753/753/753 752/752/752/752 754/754/754/754 
f 744/744/744/744 745/745/745/745 751/751/751/751 
f 744/744/744/744 751/751/751/751 753/753/753/753 
f 755/755/755/755 192/192/192/192 191/191/191/191 
f 755/755/755/755 191/191/191/191 756/756/756/756 
f 757/757/757/757 755/755/755/755 756/756/756/756 
f 757/757/757/757 756/756/756/756 758/758/758/758 
f 195/195/195/195 192/192/192/192 755/755/755/755 
f 195/195/195/195 755/755/755/755 759/759/759/759 
f 759/759/759/759 755/755/755/755 757/757/757/757 
f 759/759/759/759 757/757/757/757 760/760/760/760 
f 501/501/501/501 761/761/761/761 762/762/762/762 
f 501/501/501/501 762/762/762/762 502/502/502/502 
f 507/507/507/507 763/763/763/763 761/761/761/761 
f 507/507/507/507 761/761/761/761 501/501/501/501 
f 761/761/761/761 757/757/757/757 758/758/758/758 
f 761/761/761/761 758/758/758/758 762/762/762/762 
f 760/760/760/760 757/757/757/757 761/761/761/761 
f 760/760/760/760 761/761/761/761 763/763/763/763 
f 524/524/524/524 523/523/523/523 764/764/764/764 
f 524/524/524/524 764/764/764/764 765/765/765/765 
f 765/765/765/765 764/764/764/764 766/766/766/766 
f 765/765/765/765 766/766/766/766 767/767/767/767 
f 507/507/507/507 524/524/524/524 765/765/765/765 
f 507/507/507/507 765/765/765/765 763/763/763/763 
f 763/763/763/763 765/765/765/765 767/767/767/767 
f 763/763/763/763 767/767/767/767 760/760/760/760 
f 768/768/768/768 769/769/769/769 198/198/198/198 
f 768/768/768/768 198/198/198/198 197/197/197/197 
f 759/759/759/759 768/768/768/768 197/197/197/197 
f 759/759/759/759 197/197/197/197 195/195/195/195 
f 767/767/767/767 766/766/766/766 769/769/769/769 
f 767/767/767/767 769/769/769/769 768/768/768/768 
f 760/760/760/760 767/767/767/767 768/768/768/768 
f 760/760/760/760 768/768/768/768 759/759/759/759 
f 770/770/770/770 210/210/210/210 123/123/123/123 
f 770/770/770/770 123/123/123/123 724/724/724/724 
f 771/771/771/771 770/770/770/770 724/724/724/724 
f 771/771/771/771 724/724/724/724 722/722/722/722 
f 212/212/212/212 210/210/210/210 770/770/770/770 
f 212/212/212/212 770/770/770/770 772/772/772/772 
f 772/772/772/772 770/770/770/770 771/771/771/771 
f 772/772/772/772 771/771/771/771 773/773/773/773 
f 526/526/526/526 774/774/774/774 720/720/720/720 
f 526/526/526/526 720/720/720/720 449/449/449/449 
f 775/775/775/775 774/774/774/774 526/526/526/526 
f 775/775/775/775 526/526/526/526 528/528/528/528 
f 774/774/774/774 771/771/771/771 722/722/722/722 
f 774/774/774/774 722/722/722/722 720/720/720/720 
f 773/773/773/773 771/771/771/771 774/774/774/774 
f 773/773/773/773 774/774/774/774 775/775/775/775 
f 776/776/776/776 538/538/538/538 327/327/327/327 
f 776/776/776/776 327/327/327/327 657/657/657/657 
f 776/776/776/776 657/657/657/657 653/653/653/653 
f 776/776/776/776 653/653/653/653 777/777/777/777 
f 528/528/528/528 538/538/538/538 776/776/776/776 
f 528/528/528/528 776/776/776/776 775/775/775/775 
f 775/775/775/775 776/776/776/776 777/777/777/777 
f 775/775/775/775 777/777/777/777 773/773/773/773 
f 778/778/778/778 651/651/651/651 16/16/16/16 
f 778/778/778/778 16/16/16/16 214/214/214/214 
f 772/772/772/772 778/778/778/778 214/214/214/214 
f 772/772/772/772 214/214/214/214 212/212/212/212 
f 777/777/777/777 653/653/653/653 651/651/651/651 
f 777/777/777/777 651/651/651/651 778/778/778/778 
f 773/773/773/773 777/777/777/777 778/778/778/778 
f 773/773/773/773 778/778/778/778 772/772/772/772 
f 225/225/225/225 149/149/149/149 739/739/739/739 
f 225/225/225/225 739/739/739/739 779/779/779/779 
f 779/779/779/779 739/739/739/739 736/736/736/736 
f 779/779/779/779 736/736/736/736 780/780/780/780 
f 227/227/227/227 225/225/225/225 779/779/779/779 
f 227/227/227/227 779/779/779/779 781/781/781/781 
f 781/781/781/781 779/779/779/779 780/780/780/780 
f 781/781/781/781 780/780/780/780 782/782/782/782 
f 783/783/783/783 734/734/734/734 473/473/473/473 
f 783/783/783/783 473/473/473/473 540/540/540/540 
f 784/784/784/784 783/783/783/783 540/540/540/540 
f 784/784/784/784 540/540/540/540 544/544/544/544 
f 780/780/780/780 736/736/736/736 734/734/734/734 
f 780/780/780/780 734/734/734/734 783/783/783/783 
f 782/782/782/782 780/780/780/780 783/783/783/783 
f 782/782/782/782 783/783/783/783 784/784/784/784 
f 554/554/554/554 351/351/351/351 672/672/672/672 
f 554/554/554/554 672/672/672/672 785/785/785/785 
f 785/785/785/785 672/672/672/672 667/667/667/667 
f 785/785/785/785 667/667/667/667 786/786/786/786 
f 544/544/544/544 554/554/554/554 785/785/785/785 
f 544/544/544/544 785/785/785/785 784/784/784/784 
f 784/784/784/784 785/785/785/785 786/786/786/786 
f 784/784/784/784 786/786/786/786 782/782/782/782 
f 787/787/787/787 665/665/665/665 41/41/41/41 
f 787/787/787/787 41/41/41/41 229/229/229/229 
f 781/781/781/781 787/787/787/787 229/229/229/229 
f 781/781/781/781 229/229/229/229 227/227/227/227 
f 786/786/786/786 667/667/667/667 665/665/665/665 
f 786/786/786/786 665/665/665/665 787/787/787/787 
f 782/782/782/782 786/786/786/786 787/787/787/787 
f 782/782/782/782 787/787/787/787 781/781/781/781 
f 788/788/788/788 240/240/240/240 174/174/174/174 
f 788/788/788/788 174/174/174/174 754/754/754/754 
f 789/789/789/789 788/788/788/788 754/754/754/754 
f 789/789/789/789 754/754/754/754 752/752/752/752 
f 790/790/790/790 241/241/241/241 240/240/240/240 
f 790/790/790/790 240/240/240/240 788/788/788/788 
f 791/791/791/791 790/790/790/790 788/788/788/788 
f 791/791/791/791 788/788/788/788 789/789/789/789 
f 556/556/556/556 792/792/792/792 750/750/750/750 
f 556/556/556/556 750/750/750/750 499/499/499/499 
f 559/559/559/559 793/793/793/793 792/792/792/792 
f 559/559/559/559 792/792/792/792 556/556/556/556 
f 792/792/792/792 789/789/789/789 752/752/752/752 
f 792/792/792/792 752/752/752/752 750/750/750/750 
f 793/793/793/793 791/791/791/791 789/789/789/789 
f 793/793/793/793 789/789/789/789 792/792/792/792 
f 568/568/568/568 376/376/376/376 687/687/687/687 
f 568/568/568/568 687/687/687/687 794/794/794/794 
f 794/794/794/794 687/687/687/687 682/682/682/682 
f 794/794/794/794 682/682/682/682 795/795/795/795 
f 793/793/793/793 559/559/559/559 568/568/568/568 
f 793/793/793/793 568/568/568/568 794/794/794/794 
f 791/791/791/791 793/793/793/793 794/794/794/794 
f 791/791/791/791 794/794/794/794 795/795/795/795 
f 796/796/796/796 680/680/680/680 66/66/66/66 
f 796/796/796/796 66/66/66/66 244/244/244/244 
f 790/790/790/790 796/796/796/796 244/244/244/244 
f 790/790/790/790 244/244/244/244 241/241/241/241 
f 795/795/795/795 682/682/682/682 680/680/680/680 
f 795/795/795/795 680/680/680/680 796/796/796/796 
f 791/791/791/791 795/795/795/795 796/796/796/796 
f 791/791/791/791 796/796/796/796 790/790/790/790 
f 254/254/254/254 198/198/198/198 769/769/769/769 
f 254/254/254/254 769/769/769/769 797/797/797/797 
f 797/797/797/797 769/769/769/769 766/766/766/766 
f 797/797/797/797 766/766/766/766 798/798/798/798 
f 257/257/257/257 254/254/254/254 797/797/797/797 
f 257/257/257/257 797/797/797/797 799/799/799/799 
f 799/799/799/799 797/797/797/797 798/798/798/798 
f 799/799/799/799 798/798/798/798 800/800/800/800 
f 801/801/801/801 764/764/764/764 523/523/523/523 
f 801/801/801/801 523/523/523/523 570/570/570/570 
f 802/802/802/802 801/801/801/801 570/570/570/570 
f 802/802/802/802 570/570/570/570 573/573/573/573 
f 798/798/798/798 766/766/766/766 764/764/764/764 
f 798/798/798/798 764/764/764/764 801/801/801/801 
f 800/800/800/800 798/798/798/798 801/801/801/801 
f 800/800/800/800 801/801/801/801 802/802/802/802 
f 584/584/584/584 401/401/401/401 702/702/702/702 
f 584/584/584/584 702/702/702/702 803/803/803/803 
f 803/803/803/803 702/702/702/702 697/697/697/697 
f 803/803/803/803 697/697/697/697 804/804/804/804 
f 573/573/573/573 584/584/584/584 803/803/803/803 
f 573/573/573/573 803/803/803/803 802/802/802/802 
f 802/802/802/802 803/803/803/803 804/804/804/804 
f 802/802/802/802 804/804/804/804 800/800/800/800 
f 805/805/805/805 695/695/695/695 92/92/92/92 
f 805/805/805/805 92/92/92/92 259/259/259/259 
f 799/799/799/799 805/805/805/805 259/259/259/259 
f 799/799/799/799 259/259/259/259 257/257/257/257 
f 804/804/804/804 697/697/697/697 695/695/695/695 
f 804/804/804/804 695/695/695/695 805/805/805/805 
f 800/800/800/800 804/804/804/804 805/805/805/805 
f 800/800/800/800 805/805/805/805 799/799/799/799 
f 806/806/806/806 270/270/270/270 74/74/74/74 
f 806/806/806/806 74/74/74/74 694/694/694/694 
f 807/807/807/807 806/806/806/806 694/694/694/694 
f 807/807/807/807 694/694/694/694 692/692/692/692 
f 808/808/808/808 272/272/272/272 270/270/270/270 
f 808/808/808/808 270/270/270/270 806/806/806/806 
f 809/809/809/809 808/808/808/808 806/806/806/806 
f 809/809/809/809 806/806/806/806 807/807/807/807 
f 586/586/586/586 810/810/810/810 690/690/690/690 
f 586/586/586/586 690/690/690/690 399/399/399/399 
f 589/589/589/589 811/811/811/811 810/810/810/810 
f 589/589/589/589 810/810/810/810 586/586/586/586 
f 810/810/810/810 807/807/807/807 692/692/692/692 
f 810/810/810/810 692/692/692/692 690/690/690/690 
f 811/811/811/811 809/809/809/809 807/807/807/807 
f 811/811/811/811 807/807/807/807 810/810/810/810 
f 812/812/812/812 598/598/598/598 427/427/427/427 
f 812/812/812/812 427/427/427/427 717/717/717/717 
f 813/813/813/813 812/812/812/812 717/717/717/717 
f 813/813/813/813 717/717/717/717 713/713/713/713 
f 811/811/811/811 589/589/589/589 598/598/598/598 
f 811/811/811/811 598/598/598/598 812/812/812/812 
f 809/809/809/809 811/811/811/811 812/812/812/812 
f 809/809/809/809 812/812/812/812 813/813/813/813 
f 274/274/274/274 814/814/814/814 711/711/711/711 
f 274/274/274/274 711/711/711/711 116/116/116/116 
f 272/272/272/272 808/808/808/808 814/814/814/814 
f 272/272/272/272 814/814/814/814 274/274/274/274 
f 814/814/814/814 813/813/813/813 713/713/713/713 
f 814/814/814/814 713/713/713/713 711/711/711/711 
f 808/808/808/808 809/809/809/809 813/813/813/813 
f 808/808/808/808 813/813/813/813 814/814/814/814 
f 815/815/815/815 285/285/285/285 99/99/99/99 
f 815/815/815/815 99/99/99/99 709/709/709/709 
f 816/816/816/816 815/815/815/815 709/709/709/709 
f 816/816/816/816 709/709/709/709 707/707/707/707 
f 817/817/817/817 286/286/286/286 285/285/285/285 
f 817/817/817/817 285/285/285/285 815/815/815/815 
f 818/818/818/818 817/817/817/817 815/815/815/815 
f 818/818/818/818 815/815/815/815 816/816/816/816 
f 819/819/819/819 704/704/704/704 424/424/424/424 
f 819/819/819/819 424/424/424/424 600/600/600/600 
f 604/604/604/604 820/820/820/820 819/819/819/819 
f 604/604/604/604 819/819/819/819 600/600/600/600 
f 816/816/816/816 707/707/707/707 704/704/704/704 
f 816/816/816/816 704/704/704/704 819/819/819/819 
f 820/820/820/820 818/818/818/818 816/816/816/816 
f 820/820/820/820 816/816/816/816 819/819/819/819 
f 614/614/614/614 451/451/451/451 732/732/732/732 
f 614/614/614/614 732/732/732/732 821/821/821/821 
f 821/821/821/821 732/732/732/732 727/727/727/727 
f 821/821/821/821 727/727/727/727 822/822/822/822 
f 820/820/820/820 604/604/604/604 614/614/614/614 
f 820/820/820/820 614/614/614/614 821/821/821/821 
f 820/820/820/820 821/821/821/821 822/822/822/822 
f 820/820/820/820 822/822/822/822 818/818/818/818 
f 823/823/823/823 725/725/725/725 141/141/141/141 
f 823/823/823/823 141/141/141/141 289/289/289/289 
f 817/817/817/817 823/823/823/823 289/289/289/289 
f 817/817/817/817 289/289/289/289 286/286/286/286 
f 822/822/822/822 727/727/727/727 725/725/725/725 
f 822/822/822/822 725/725/725/725 823/823/823/823 
f 818/818/818/818 822/822/822/822 823/823/823/823 
f 818/818/818/818 823/823/823/823 817/817/817/817 
f 300/300/300/300 49/49/49/49 679/679/679/679 
f 300/300/300/300 679/679/679/679 824/824/824/824 
f 825/825/825/825 824/824/824/824 679/679/679/679 
f 825/825/825/825 679/679/679/679 677/677/677/677 
f 302/302/302/302 300/300/300/300 824/824/824/824 
f 302/302/302/302 824/824/824/824 826/826/826/826 
f 826/826/826/826 824/824/824/824 825/825/825/825 
f 826/826/826/826 825/825/825/825 827/827/827/827 
f 616/616/616/616 828/828/828/828 675/675/675/675 
f 616/616/616/616 675/675/675/675 374/374/374/374 
f 619/619/619/619 829/829/829/829 828/828/828/828 
f 619/619/619/619 828/828/828/828 616/616/616/616 
f 828/828/828/828 825/825/825/825 677/677/677/677 
f 828/828/828/828 677/677/677/677 675/675/675/675 
f 829/829/829/829 827/827/827/827 825/825/825/825 
f 829/829/829/829 825/825/825/825 828/828/828/828 
f 629/629/629/629 476/476/476/476 747/747/747/747 
f 629/629/629/629 747/747/747/747 830/830/830/830 
f 830/830/830/830 747/747/747/747 742/742/742/742 
f 830/830/830/830 742/742/742/742 831/831/831/831 
f 829/829/829/829 619/619/619/619 629/629/629/629 
f 829/829/829/829 629/629/629/629 830/830/830/830 
f 829/829/829/829 830/830/830/830 831/831/831/831 
f 829/829/829/829 831/831/831/831 827/827/827/827 
f 832/832/832/832 740/740/740/740 166/166/166/166 
f 832/832/832/832 166/166/166/166 304/304/304/304 
f 826/826/826/826 832/832/832/832 304/304/304/304 
f 826/826/826/826 304/304/304/304 302/302/302/302 
f 831/831/831/831 742/742/742/742 740/740/740/740 
f 831/831/831/831 740/740/740/740 832/832/832/832 
f 827/827/827/827 831/831/831/831 832/832/832/832 
f 827/827/827/827 832/832/832/832 826/826/826/826 
f 319/319/319/319 318/318/318/318 833/833/833/833 
f 319/319/319/319 833/833/833/833 834/834/834/834 
f 834/834/834/834 833/833/833/833 835/835/835/835 
f 834/834/834/834 835/835/835/835 836/836/836/836 
f 321/321/321/321 319/319/319/319 834/834/834/834 
f 321/321/321/321 834/834/834/834 837/837/837/837 
f 837/837/837/837 834/834/834/834 836/836/836/836 
f 837/837/837/837 836/836/836/836 838/838/838/838 
f 839/839/839/839 840/840/840/840 631/631/631/631 
f 839/839/839/839 631/631/631/631 630/630/630/630 
f 841/841/841/841 839/839/839/839 630/630/630/630 
f 841/841/841/841 630/630/630/630 636/636/636/636 
f 836/836/836/836 835/835/835/835 840/840/840/840 
f 836/836/836/836 840/840/840/840 839/839/839/839 
f 838/838/838/838 836/836/836/836 839/839/839/839 
f 838/838/838/838 839/839/839/839 841/841/841/841 
f 842/842/842/842 648/648/648/648 502/502/502/502 
f 842/842/842/842 502/502/502/502 762/762/762/762 
f 843/843/843/843 842/842/842/842 762/762/762/762 
f 843/843/843/843 762/762/762/762 758/758/758/758 
f 636/636/636/636 648/648/648/648 842/842/842/842 
f 636/636/636/636 842/842/842/842 841/841/841/841 
f 841/841/841/841 842/842/842/842 843/843/843/843 
f 841/841/841/841 843/843/843/843 838/838/838/838 
f 324/324/324/324 844/844/844/844 756/756/756/756 
f 324/324/324/324 756/756/756/756 191/191/191/191 
f 321/321/321/321 837/837/837/837 844/844/844/844 
f 321/321/321/321 844/844/844/844 324/324/324/324 
f 844/844/844/844 843/843/843/843 758/758/758/758 
f 844/844/844/844 758/758/758/758 756/756/756/756 
f 837/837/837/837 838/838/838/838 843/843/843/843 
f 837/837/837/837 843/843/843/843 844/844/844/844 
f 845/845/845/845 334/334/334/334 337/337/337/337 
f 845/845/845/845 337/337/337/337 846/846/846/846 
f 847/847/847/847 845/845/845/845 846/846/846/846 
f 847/847/847/847 846/846/846/846 848/848/848/848 
f 849/849/849/849 338/338/338/338 334/334/334/334 
f 849/849/849/849 334/334/334/334 845/845/845/845 
f 850/850/850/850 849/849/849/849 845/845/845/845 
f 850/850/850/850 845/845/845/845 847/847/847/847 
f 851/851/851/851 852/852/852/852 853/853/853/853 
f 851/851/851/851 853/853/853/853 854/854/854/854 
f 855/855/855/855 851/851/851/851 854/854/854/854 
f 855/855/855/855 854/854/854/854 856/856/856/856 
f 847/847/847/847 848/848/848/848 857/857/857/857 
f 847/847/847/847 857/857/857/857 858/858/858/858 
f 859/859/859/859 850/850/850/850 847/847/847/847 
f 859/859/859/859 847/847/847/847 858/858/858/858 
f 860/860/860/860 861/861/861/861 862/862/862/862 
f 860/860/860/860 862/862/862/862 863/863/863/863 
f 864/864/864/864 863/863/863/863 862/862/862/862 
f 864/864/864/864 862/862/862/862 865/865/865/865 
f 859/859/859/859 866/866/866/866 860/860/860/860 
f 859/859/859/859 860/860/860/860 863/863/863/863 
f 850/850/850/850 859/859/859/859 863/863/863/863 
f 850/850/850/850 863/863/863/863 864/864/864/864 
f 867/867/867/867 868/868/868/868 341/341/341/341 
f 867/867/867/867 341/341/341/341 340/340/340/340 
f 338/338/338/338 849/849/849/849 867/867/867/867 
f 338/338/338/338 867/867/867/867 340/340/340/340 
f 864/864/864/864 865/865/865/865 868/868/868/868 
f 864/864/864/864 868/868/868/868 867/867/867/867 
f 849/849/849/849 850/850/850/850 864/864/864/864 
f 849/849/849/849 864/864/864/864 867/867/867/867 
f 362/362/362/362 361/361/361/361 869/869/869/869 
f 362/362/362/362 869/869/869/869 870/870/870/870 
f 870/870/870/870 869/869/869/869 871/871/871/871 
f 870/870/870/870 871/871/871/871 872/872/872/872 
f 364/364/364/364 362/362/362/362 870/870/870/870 
f 364/364/364/364 870/870/870/870 873/873/873/873 
f 873/873/873/873 870/870/870/870 872/872/872/872 
f 873/873/873/873 872/872/872/872 874/874/874/874 
f 875/875/875/875 876/876/876/876 877/877/877/877 
f 875/875/875/875 877/877/877/877 878/878/878/878 
f 879/879/879/879 880/880/880/880 876/876/876/876 
f 879/879/879/879 876/876/876/876 875/875/875/875 
f 881/881/881/881 872/872/872/872 871/871/871/871 
f 881/881/881/881 871/871/871/871 882/882/882/882 
f 874/874/874/874 872/872/872/872 881/881/881/881 
f 874/874/874/874 881/881/881/881 883/883/883/883 
f 884/884/884/884 885/885/885/885 886/886/886/886 
f 884/884/884/884 886/886/886/886 887/887/887/887 
f 887/887/887/887 886/886/886/886 888/888/888/888 
f 887/887/887/887 888/888/888/888 889/889/889/889 
f 890/890/890/890 884/884/884/884 887/887/887/887 
f 890/890/890/890 887/887/887/887 883/883/883/883 
f 883/883/883/883 887/887/887/887 889/889/889/889 
f 883/883/883/883 889/889/889/889 874/874/874/874 
f 891/891/891/891 892/892/892/892 367/367/367/367 
f 891/891/891/891 367/367/367/367 366/366/366/366 
f 873/873/873/873 891/891/891/891 366/366/366/366 
f 873/873/873/873 366/366/366/366 364/364/364/364 
f 889/889/889/889 888/888/888/888 892/892/892/892 
f 889/889/889/889 892/892/892/892 891/891/891/891 
f 874/874/874/874 889/889/889/889 891/891/891/891 
f 874/874/874/874 891/891/891/891 873/873/873/873 
f 387/387/387/387 386/386/386/386 893/893/893/893 
f 387/387/387/387 893/893/893/893 894/894/894/894 
f 894/894/894/894 893/893/893/893 895/895/895/895 
f 894/894/894/894 895/895/895/895 896/896/896/896 
f 389/389/389/389 387/387/387/387 894/894/894/894 
f 389/389/389/389 894/894/894/894 897/897/897/897 
f 897/897/897/897 894/894/894/894 896/896/896/896 
f 897/897/897/897 896/896/896/896 898/898/898/898 
f 899/899/899/899 900/900/900/900 901/901/901/901 
f 899/899/899/899 901/901/901/901 902/902/902/902 
f 903/903/903/903 904/904/904/904 900/900/900/900 
f 903/903/903/903 900/900/900/900 899/899/899/899 
f 905/905/905/905 896/896/896/896 895/895/895/895 
f 905/905/905/905 895/895/895/895 906/906/906/906 
f 898/898/898/898 896/896/896/896 905/905/905/905 
f 898/898/898/898 905/905/905/905 907/907/907/907 
f 908/908/908/908 909/909/909/909 910/910/910/910 
f 908/908/908/908 910/910/910/910 911/911/911/911 
f 911/911/911/911 910/910/910/910 912/912/912/912 
f 911/911/911/911 912/912/912/912 913/913/913/913 
f 914/914/914/914 908/908/908/908 911/911/911/911 
f 914/914/914/914 911/911/911/911 907/907/907/907 
f 907/907/907/907 911/911/911/911 913/913/913/913 
f 907/907/907/907 913/913/913/913 898/898/898/898 
f 391/391/391/391 915/915/915/915 916/916/916/916 
f 391/391/391/391 916/916/916/916 392/392/392/392 
f 897/897/897/897 915/915/915/915 391/391/391/391 
f 897/897/897/897 391/391/391/391 389/389/389/389 
f 913/913/913/913 912/912/912/912 916/916/916/916 
f 913/913/913/913 916/916/916/916 915/915/915/915 
f 898/898/898/898 913/913/913/913 915/915/915/915 
f 898/898/898/898 915/915/915/915 897/897/897/897 
f 412/412/412/412 411/411/411/411 917/917/917/917 
f 412/412/412/412 917/917/917/917 918/918/918/918 
f 918/918/918/918 917/917/917/917 919/919/919/919 
f 918/918/918/918 919/919/919/919 920/920/920/920 
f 414/414/414/414 412/412/412/412 918/918/918/918 
f 414/414/414/414 918/918/918/918 921/921/921/921 
f 921/921/921/921 918/918/918/918 920/920/920/920 
f 921/921/921/921 920/920/920/920 922/922/922/922 
f 923/923/923/923 924/924/924/924 925/925/925/925 
f 923/923/923/923 925/925/925/925 926/926/926/926 
f 927/927/927/927 924/924/924/924 923/923/923/923 
f 927/927/927/927 923/923/923/923 928/928/928/928 
f 920/920/920/920 919/919/919/919 929/929/929/929 
f 920/920/920/920 929/929/929/929 930/930/930/930 
f 922/922/922/922 920/920/920/920 930/930/930/930 
f 922/922/922/922 930/930/930/930 931/931/931/931 
f 932/932/932/932 933/933/933/933 934/934/934/934 
f 932/932/932/932 934/934/934/934 935/935/935/935 
f 935/935/935/935 934/934/934/934 936/936/936/936 
f 935/935/935/935 936/936/936/936 937/937/937/937 
f 938/938/938/938 932/932/932/932 935/935/935/935 
f 938/938/938/938 935/935/935/935 931/931/931/931 
f 931/931/931/931 935/935/935/935 937/937/937/937 
f 931/931/931/931 937/937/937/937 922/922/922/922 
f 416/416/416/416 939/939/939/939 940/940/940/940 
f 416/416/416/416 940/940/940/940 417/417/417/417 
f 921/921/921/921 939/939/939/939 416/416/416/416 
f 921/921/921/921 416/416/416/416 414/414/414/414 
f 939/939/939/939 937/937/937/937 936/936/936/936 
f 939/939/939/939 936/936/936/936 940/940/940/940 
f 922/922/922/922 937/937/937/937 939/939/939/939 
f 922/922/922/922 939/939/939/939 921/921/921/921 
f 941/941/941/941 434/434/434/434 437/437/437/437 
f 941/941/941/941 437/437/437/437 942/942/942/942 
f 943/943/943/943 941/941/941/941 942/942/942/942 
f 943/943/943/943 942/942/942/942 944/944/944/944 
f 439/439/439/439 434/434/434/434 941/941/941/941 
f 439/439/439/439 941/941/941/941 945/945/945/945 
f 945/945/945/945 941/941/941/941 943/943/943/943 
f 945/945/945/945 943/943/943/943 946/946/946/946 
f 947/947/947/947 948/948/948/948 949/949/949/949 
f 947/947/947/947 949/949/949/949 950/950/950/950 
f 951/951/951/951 952/952/952/952 948/948/948/948 
f 951/951/951/951 948/948/948/948 947/947/947/947 
f 953/953/953/953 943/943/943/943 944/944/944/944 
f 953/953/953/953 944/944/944/944 954/954/954/954 
f 946/946/946/946 943/943/943/943 953/953/953/953 
f 946/946/946/946 953/953/953/953 955/955/955/955 
f 956/956/956/956 957/957/957/957 958/958/958/958 
f 956/956/956/956 958/958/958/958 959/959/959/959 
f 959/959/959/959 958/958/958/958 960/960/960/960 
f 959/959/959/959 960/960/960/960 961/961/961/961 
f 962/962/962/962 956/956/956/956 959/959/959/959 
f 962/962/962/962 959/959/959/959 955/955/955/955 
f 955/955/955/955 959/959/959/959 961/961/961/961 
f 955/955/955/955 961/961/961/961 946/946/946/946 
f 441/441/441/441 963/963/963/963 964/964/964/964 
f 441/441/441/441 964/964/964/964 442/442/442/442 
f 945/945/945/945 963/963/963/963 441/441/441/441 
f 945/945/945/945 441/441/441/441 439/439/439/439 
f 961/961/961/961 960/960/960/960 964/964/964/964 
f 961/961/961/961 964/964/964/964 963/963/963/963 
f 946/946/946/946 961/961/961/961 963/963/963/963 
f 946/946/946/946 963/963/963/963 945/945/945/945 
f 462/462/462/462 461/461/461/461 965/965/965/965 
f 462/462/462/462 965/965/965/965 966/966/966/966 
f 966/966/966/966 965/965/965/965 967/967/967/967 
f 966/966/966/966 967/967/967/967 968/968/968/968 
f 464/464/464/464 462/462/462/462 966/966/966/966 
f 464/464/464/464 966/966/966/966 969/969/969/969 
f 969/969/969/969 966/966/966/966 968/968/968/968 
f 969/969/969/969 968/968/968/968 970/970/970/970 
f 971/971/971/971 972/972/972/972 973/973/973/973 
f 971/971/971/971 973/973/973/973 974/974/974/974 
f 975/975/975/975 976/976/976/976 972/972/972/972 
f 975/975/975/975 972/972/972/972 971/971/971/971 
f 977/977/977/977 968/968/968/968 967/967/967/967 
f 977/977/977/977 967/967/967/967 978/978/978/978 
f 970/970/970/970 968/968/968/968 977/977/977/977 
f 970/970/970/970 977/977/977/977 979/979/979/979 
f 980/980/980/980 981/981/981/981 982/982/982/982 
f 980/980/980/980 982/982/982/982 983/983/983/983 
f 983/983/983/983 982/982/982/982 984/984/984/984 
f 983/983/983/983 984/984/984/984 985/985/985/985 
f 986/986/986/986 980/980/980/980 983/983/983/983 
f 986/986/986/986 983/983/983/983 979/979/979/979 
f 979/979/979/979 983/983/983/983 985/985/985/985 
f 979/979/979/979 985/985/985/985 970/970/970/970 
f 987/987/987/987 988/988/988/988 466/466/466/466 
f 987/987/987/987 466/466/466/466 465/465/465/465 
f 969/969/969/969 987/987/987/987 465/465/465/465 
f 969/969/969/969 465/465/465/465 464/464/464/464 
f 985/985/985/985 984/984/984/984 988/988/988/988 
f 985/985/985/985 988/988/988/988 987/987/987/987 
f 970/970/970/970 985/985/985/985 987/987/987/987 
f 970/970/970/970 987/987/987/987 969/969/969/969 
f 487/487/487/487 486/486/486/486 989/989/989/989 
f 487/487/487/487 989/989/989/989 990/990/990/990 
f 990/990/990/990 989/989/989/989 991/991/991/991 
f 990/990/990/990 991/991/991/991 992/992/992/992 
f 489/489/489/489 487/487/487/487 990/990/990/990 
f 489/489/489/489 990/990/990/990 993/993/993/993 
f 993/993/993/993 990/990/990/990 992/992/992/992 
f 993/993/993/993 992/992/992/992 994/994/994/994 
f 995/995/995/995 996/996/996/996 997/997/997/997 
f 995/995/995/995 997/997/997/997 998/998/998/998 
f 999/999/999/999 1000/1000/1000/1000 996/996/996/996 
f 999/999/999/999 996/996/996/996 995/995/995/995 
f 1001/1001/1001/1001 992/992/992/992 991/991/991/991 
f 1001/1001/1001/1001 991/991/991/991 1002/1002/1002/1002 
f 994/994/994/994 992/992/992/992 1001/1001/1001/1001 
f 994/994/994/994 1001/1001/1001/1001 1003/1003/1003/1003 
f 1004/1004/1004/1004 1005/1005/1005/1005 1006/1006/1006/1006 
f 1004/1004/1004/1004 1006/1006/1006/1006 1007/1007/1007/1007 
f 1007/1007/1007/1007 1006/1006/1006/1006 1008/1008/1008/1008 
f 1007/1007/1007/1007 1008/1008/1008/1008 1009/1009/1009/1009 
f 1010/1010/1010/1010 1004/1004/1004/1004 1007/1007/1007/1007 
f 1010/1010/1010/1010 1007/1007/1007/1007 1003/1003/1003/1003 
f 1003/1003/1003/1003 1007/1007/1007/1007 1009/1009/1009/1009 
f 1003/1003/1003/1003 1009/1009/1009/1009 994/994/994/994 
f 491/491/491/491 1011/1011/1011/1011 1012/1012/1012/1012 
f 491/491/491/491 1012/1012/1012/1012 492/492/492/492 
f 993/993/993/993 1011/1011/1011/1011 491/491/491/491 
f 993/993/993/993 491/491/491/491 489/489/489/489 
f 1009/1009/1009/1009 1008/1008/1008/1008 1012/1012/1012/1012 
f 1009/1009/1009/1009 1012/1012/1012/1012 1011/1011/1011/1011 
f 994/994/994/994 1009/1009/1009/1009 1011/1011/1011/1011 
f 994/994/994/994 1011/1011/1011/1011 993/993/993/993 
f 1013/1013/1013/1013 509/509/509/509 512/512/512/512 
f 1013/1013/1013/1013 512/512/512/512 1014/1014/1014/1014 
f 1013/1013/1013/1013 1014/1014/1014/1014 1015/1015/1015/1015 
f 1013/1013/1013/1013 1015/1015/1015/1015 1016/1016/1016/1016 
f 1017/1017/1017/1017 513/513/513/513 509/509/509/509 
f 1017/1017/1017/1017 509/509/509/509 1013/1013/1013/1013 
f 1018/1018/1018/1018 1017/1017/1017/1017 1013/1013/1013/1013 
f 1018/1018/1018/1018 1013/1013/1013/1013 1016/1016/1016/1016 
f 1019/1019/1019/1019 1020/1020/1020/1020 1021/1021/1021/1021 
f 1019/1019/1019/1019 1021/1021/1021/1021 1022/1022/1022/1022 
f 1023/1023/1023/1023 1020/1020/1020/1020 1019/1019/1019/1019 
f 1023/1023/1023/1023 1019/1019/1019/1019 1024/1024/1024/1024 
f 1016/1016/1016/1016 1015/1015/1015/1015 1025/1025/1025/1025 
f 1016/1016/1016/1016 1025/1025/1025/1025 1026/1026/1026/1026 
f 1027/1027/1027/1027 1018/1018/1018/1018 1016/1016/1016/1016 
f 1027/1027/1027/1027 1016/1016/1016/1016 1026/1026/1026/1026 
f 1028/1028/1028/1028 1029/1029/1029/1029 1030/1030/1030/1030 
f 1028/1028/1028/1028 1030/1030/1030/1030 1031/1031/1031/1031 
f 1032/1032/1032/1032 1031/1031/1031/1031 1030/1030/1030/1030 
f 1032/1032/1032/1032 1030/1030/1030/1030 1033/1033/1033/1033 
f 1027/1027/1027/1027 1034/1034/1034/1034 1028/1028/1028/1028 
f 1027/1027/1027/1027 1028/1028/1028/1028 1031/1031/1031/1031 
f 1018/1018/1018/1018 1027/1027/1027/1027 1031/1031/1031/1031 
f 1018/1018/1018/1018 1031/1031/1031/1031 1032/1032/1032/1032 
f 1035/1035/1035/1035 1036/1036/1036/1036 516/516/516/516 
f 1035/1035/1035/1035 516/516/516/516 515/515/515/515 
f 513/513/513/513 1017/1017/1017/1017 1035/1035/1035/1035 
f 513/513/513/513 1035/1035/1035/1035 515/515/515/515 
f 1032/1032/1032/1032 1033/1033/1033/1033 1036/1036/1036/1036 
f 1032/1032/1032/1032 1036/1036/1036/1036 1035/1035/1035/1035 
f 1017/1017/1017/1017 1018/1018/1018/1018 1032/1032/1032/1032 
f 1017/1017/1017/1017 1032/1032/1032/1032 1035/1035/1035/1035 
f 532/532/532/532 442/442/442/442 964/964/964/964 
f 532/532/532/532 964/964/964/964 1037/1037/1037/1037 
f 1037/1037/1037/1037 964/964/964/964 960/960/960/960 
f 1037/1037/1037/1037 960/960/960/960 1038/1038/1038/1038 
f 534/534/534/534 532/532/532/532 1037/1037/1037/1037 
f 534/534/534/534 1037/1037/1037/1037 1039/1039/1039/1039 
f 1040/1040/1040/1040 1039/1039/1039/1039 1037/1037/1037/1037 
f 1040/1040/1040/1040 1037/1037/1037/1037 1038/1038/1038/1038 
f 1041/1041/1041/1041 1042/1042/1042/1042 1043/1043/1043/1043 
f 1041/1041/1041/1041 1043/1043/1043/1043 1044/1044/1044/1044 
f 1045/1045/1045/1045 1046/1046/1046/1046 1042/1042/1042/1042 
f 1045/1045/1045/1045 1042/1042/1042/1042 1041/1041/1041/1041 
f 1047/1047/1047/1047 1038/1038/1038/1038 960/960/960/960 
f 1047/1047/1047/1047 960/960/960/960 958/958/958/958 
f 1048/1048/1048/1048 1040/1040/1040/1040 1038/1038/1038/1038 
f 1048/1048/1048/1048 1038/1038/1038/1038 1047/1047/1047/1047 
f 1049/1049/1049/1049 1050/1050/1050/1050 1051/1051/1051/1051 
f 1049/1049/1049/1049 1051/1051/1051/1051 857/857/857/857 
f 1052/1052/1052/1052 1049/1049/1049/1049 857/857/857/857 
f 1052/1052/1052/1052 857/857/857/857 848/848/848/848 
f 1048/1048/1048/1048 1053/1053/1053/1053 1050/1050/1050/1050 
f 1048/1048/1048/1048 1050/1050/1050/1050 1049/1049/1049/1049 
f 1040/1040/1040/1040 1048/1048/1048/1048 1049/1049/1049/1049 
f 1040/1040/1040/1040 1049/1049/1049/1049 1052/1052/1052/1052 
f 536/536/536/536 1054/1054/1054/1054 846/846/846/846 
f 536/536/536/536 846/846/846/846 337/337/337/337 
f 534/534/534/534 1039/1039/1039/1039 1054/1054/1054/1054 
f 534/534/534/534 1054/1054/1054/1054 536/536/536/536 
f 1054/1054/1054/1054 1052/1052/1052/1052 848/848/848/848 
f 1054/1054/1054/1054 848/848/848/848 846/846/846/846 
f 1039/1039/1039/1039 1040/1040/1040/1040 1052/1052/1052/1052 
f 1039/1039/1039/1039 1052/1052/1052/1052 1054/1054/1054/1054 
f 1055/1055/1055/1055 546/546/546/546 466/466/466/466 
f 1055/1055/1055/1055 466/466/466/466 988/988/988/988 
f 1056/1056/1056/1056 1055/1055/1055/1055 988/988/988/988 
f 1056/1056/1056/1056 988/988/988/988 984/984/984/984 
f 1057/1057/1057/1057 548/548/548/548 546/546/546/546 
f 1057/1057/1057/1057 546/546/546/546 1055/1055/1055/1055 
f 1058/1058/1058/1058 1057/1057/1057/1057 1055/1055/1055/1055 
f 1058/1058/1058/1058 1055/1055/1055/1055 1056/1056/1056/1056 
f 1059/1059/1059/1059 1060/1060/1060/1060 1061/1061/1061/1061 
f 1059/1059/1059/1059 1061/1061/1061/1061 1062/1062/1062/1062 
f 1063/1063/1063/1063 1064/1064/1064/1064 1060/1060/1060/1060 
f 1063/1063/1063/1063 1060/1060/1060/1060 1059/1059/1059/1059 
f 1065/1065/1065/1065 1056/1056/1056/1056 984/984/984/984 
f 1065/1065/1065/1065 984/984/984/984 982/982/982/982 
f 1066/1066/1066/1066 1058/1058/1058/1058 1056/1056/1056/1056 
f 1066/1066/1066/1066 1056/1056/1056/1056 1065/1065/1065/1065 
f 1067/1067/1067/1067 1068/1068/1068/1068 1069/1069/1069/1069 
f 1067/1067/1067/1067 1069/1069/1069/1069 882/882/882/882 
f 1070/1070/1070/1070 1067/1067/1067/1067 882/882/882/882 
f 1070/1070/1070/1070 882/882/882/882 871/871/871/871 
f 1066/1066/1066/1066 1071/1071/1071/1071 1068/1068/1068/1068 
f 1066/1066/1066/1066 1068/1068/1068/1068 1067/1067/1067/1067 
f 1058/1058/1058/1058 1066/1066/1066/1066 1067/1067/1067/1067 
f 1058/1058/1058/1058 1067/1067/1067/1067 1070/1070/1070/1070 
f 551/551/551/551 1072/1072/1072/1072 869/869/869/869 
f 551/551/551/551 869/869/869/869 361/361/361/361 
f 548/548/548/548 1057/1057/1057/1057 1072/1072/1072/1072 
f 548/548/548/548 1072/1072/1072/1072 551/551/551/551 
f 1072/1072/1072/1072 1070/1070/1070/1070 871/871/871/871 
f 1072/1072/1072/1072 871/871/871/871 869/869/869/869 
f 1057/1057/1057/1057 1058/1058/1058/1058 1070/1070/1070/1070 
f 1057/1057/1057/1057 1070/1070/1070/1070 1072/1072/1072/1072 
f 1073/1073/1073/1073 561/561/561/561 492/492/492/492 
f 1073/1073/1073/1073 492/492/492/492 1012/1012/1012/1012 
f 1074/1074/1074/1074 1073/1073/1073/1073 1012/1012/1012/1012 
f 1074/1074/1074/1074 1012/1012/1012/1012 1008/1008/1008/1008 
f 1075/1075/1075/1075 563/563/563/563 561/561/561/561 
f 1075/1075/1075/1075 561/561/561/561 1073/1073/1073/1073 
f 1076/1076/1076/1076 1075/1075/1075/1075 1073/1073/1073/1073 
f 1076/1076/1076/1076 1073/1073/1073/1073 1074/1074/1074/1074 
f 1077/1077/1077/1077 1078/1078/1078/1078 1079/1079/1079/1079 
f 1077/1077/1077/1077 1079/1079/1079/1079 1080/1080/1080/1080 
f 1081/1081/1081/1081 1082/1082/1082/1082 1078/1078/1078/1078 
f 1081/1081/1081/1081 1078/1078/1078/1078 1077/1077/1077/1077 
f 1083/1083/1083/1083 1074/1074/1074/1074 1008/1008/1008/1008 
f 1083/1083/1083/1083 1008/1008/1008/1008 1006/1006/1006/1006 
f 1084/1084/1084/1084 1076/1076/1076/1076 1074/1074/1074/1074 
f 1084/1084/1084/1084 1074/1074/1074/1074 1083/1083/1083/1083 
f 1085/1085/1085/1085 1086/1086/1086/1086 1087/1087/1087/1087 
f 1085/1085/1085/1085 1087/1087/1087/1087 906/906/906/906 
f 1088/1088/1088/1088 1085/1085/1085/1085 906/906/906/906 
f 1088/1088/1088/1088 906/906/906/906 895/895/895/895 
f 1084/1084/1084/1084 1089/1089/1089/1089 1086/1086/1086/1086 
f 1084/1084/1084/1084 1086/1086/1086/1086 1085/1085/1085/1085 
f 1076/1076/1076/1076 1084/1084/1084/1084 1085/1085/1085/1085 
f 1076/1076/1076/1076 1085/1085/1085/1085 1088/1088/1088/1088 
f 566/566/566/566 1090/1090/1090/1090 893/893/893/893 
f 566/566/566/566 893/893/893/893 386/386/386/386 
f 563/563/563/563 1075/1075/1075/1075 1090/1090/1090/1090 
f 563/563/563/563 1090/1090/1090/1090 566/566/566/566 
f 1090/1090/1090/1090 1088/1088/1088/1088 895/895/895/895 
f 1090/1090/1090/1090 895/895/895/895 893/893/893/893 
f 1075/1075/1075/1075 1076/1076/1076/1076 1088/1088/1088/1088 
f 1075/1075/1075/1075 1088/1088/1088/1088 1090/1090/1090/1090 
f 577/577/577/577 516/516/516/516 1036/1036/1036/1036 
f 577/577/577/577 1036/1036/1036/1036 1091/1091/1091/1091 
f 1091/1091/1091/1091 1036/1036/1036/1036 1033/1033/1033/1033 
f 1091/1091/1091/1091 1033/1033/1033/1033 1092/1092/1092/1092 
f 1093/1093/1093/1093 579/579/579/579 577/577/577/577 
f 1093/1093/1093/1093 577/577/577/577 1091/1091/1091/1091 
f 1094/1094/1094/1094 1093/1093/1093/1093 1091/1091/1091/1091 
f 1094/1094/1094/1094 1091/1091/1091/1091 1092/1092/1092/1092 
f 1095/1095/1095/1095 1096/1096/1096/1096 1097/1097/1097/1097 
f 1095/1095/1095/1095 1097/1097/1097/1097 1098/1098/1098/1098 
f 1099/1099/1099/1099 1100/1100/1100/1100 1096/1096/1096/1096 
f 1099/1099/1099/1099 1096/1096/1096/1096 1095/1095/1095/1095 
f 1101/1101/1101/1101 1092/1092/1092/1092 1033/1033/1033/1033 
f 1101/1101/1101/1101 1033/1033/1033/1033 1030/1030/1030/1030 
f 1102/1102/1102/1102 1094/1094/1094/1094 1092/1092/1092/1092 
f 1102/1102/1102/1102 1092/1092/1092/1092 1101/1101/1101/1101 
f 1103/1103/1103/1103 1104/1104/1104/1104 1105/1105/1105/1105 
f 1103/1103/1103/1103 1105/1105/1105/1105 929/929/929/929 
f 1106/1106/1106/1106 1103/1103/1103/1103 929/929/929/929 
f 1106/1106/1106/1106 929/929/929/929 919/919/919/919 
f 1102/1102/1102/1102 1107/1107/1107/1107 1104/1104/1104/1104 
f 1102/1102/1102/1102 1104/1104/1104/1104 1103/1103/1103/1103 
f 1094/1094/1094/1094 1102/1102/1102/1102 1103/1103/1103/1103 
f 1094/1094/1094/1094 1103/1103/1103/1103 1106/1106/1106/1106 
f 1108/1108/1108/1108 917/917/917/917 411/411/411/411 
f 1108/1108/1108/1108 411/411/411/411 580/580/580/580 
f 1093/1093/1093/1093 1108/1108/1108/1108 580/580/580/580 
f 1093/1093/1093/1093 580/580/580/580 579/579/579/579 
f 1106/1106/1106/1106 919/919/919/919 917/917/917/917 
f 1106/1106/1106/1106 917/917/917/917 1108/1108/1108/1108 
f 1093/1093/1093/1093 1094/1094/1094/1094 1106/1106/1106/1106 
f 1093/1093/1093/1093 1106/1106/1106/1106 1108/1108/1108/1108 
f 1109/1109/1109/1109 591/591/591/591 392/392/392/392 
f 1109/1109/1109/1109 392/392/392/392 916/916/916/916 
f 1110/1110/1110/1110 1109/1109/1109/1109 916/916/916/916 
f 1110/1110/1110/1110 916/916/916/916 912/912/912/912 
f 1111/1111/1111/1111 593/593/593/593 591/591/591/591 
f 1111/1111/1111/1111 591/591/591/591 1109/1109/1109/1109 
f 1112/1112/1112/1112 1111/1111/1111/1111 1109/1109/1109/1109 
f 1112/1112/1112/1112 1109/1109/1109/1109 1110/1110/1110/1110 
f 1113/1113/1113/1113 1114/1114/1114/1114 1115/1115/1115/1115 
f 1113/1113/1113/1113 1115/1115/1115/1115 1116/1116/1116/1116 
f 1117/1117/1117/1117 1118/1118/1118/1118 1114/1114/1114/1114 
f 1117/1117/1117/1117 1114/1114/1114/1114 1113/1113/1113/1113 
f 1119/1119/1119/1119 1110/1110/1110/1110 912/912/912/912 
f 1119/1119/1119/1119 912/912/912/912 910/910/910/910 
f 1120/1120/1120/1120 1112/1112/1112/1112 1110/1110/1110/1110 
f 1120/1120/1120/1120 1110/1110/1110/1110 1119/1119/1119/1119 
f 1121/1121/1121/1121 1122/1122/1122/1122 1123/1123/1123/1123 
f 1121/1121/1121/1121 1123/1123/1123/1123 954/954/954/954 
f 1124/1124/1124/1124 1121/1121/1121/1121 954/954/954/954 
f 1124/1124/1124/1124 954/954/954/954 944/944/944/944 
f 1120/1120/1120/1120 1125/1125/1125/1125 1122/1122/1122/1122 
f 1120/1120/1120/1120 1122/1122/1122/1122 1121/1121/1121/1121 
f 1112/1112/1112/1112 1120/1120/1120/1120 1121/1121/1121/1121 
f 1112/1112/1112/1112 1121/1121/1121/1121 1124/1124/1124/1124 
f 596/596/596/596 1126/1126/1126/1126 942/942/942/942 
f 596/596/596/596 942/942/942/942 437/437/437/437 
f 593/593/593/593 1111/1111/1111/1111 1126/1126/1126/1126 
f 593/593/593/593 1126/1126/1126/1126 596/596/596/596 
f 1126/1126/1126/1126 1124/1124/1124/1124 944/944/944/944 
f 1126/1126/1126/1126 944/944/944/944 942/942/942/942 
f 1111/1111/1111/1111 1112/1112/1112/1112 1124/1124/1124/1124 
f 1111/1111/1111/1111 1124/1124/1124/1124 1126/1126/1126/1126 
f 1127/1127/1127/1127 606/606/606/606 417/417/417/417 
f 1127/1127/1127/1127 417/417/417/417 940/940/940/940 
f 1128/1128/1128/1128 1127/1127/1127/1127 940/940/940/940 
f 1128/1128/1128/1128 940/940/940/940 936/936/936/936 
f 1129/1129/1129/1129 608/608/608/608 606/606/606/606 
f 1129/1129/1129/1129 606/606/606/606 1127/1127/1127/1127 
f 1130/1130/1130/1130 1129/1129/1129/1129 1127/1127/1127/1127 
f 1130/1130/1130/1130 1127/1127/1127/1127 1128/1128/1128/1128 
f 1131/1131/1131/1131 1132/1132/1132/1132 1133/1133/1133/1133 
f 1131/1131/1131/1131 1133/1133/1133/1133 1134/1134/1134/1134 
f 1135/1135/1135/1135 1136/1136/1136/1136 1132/1132/1132/1132 
f 1135/1135/1135/1135 1132/1132/1132/1132 1131/1131/1131/1131 
f 1137/1137/1137/1137 1128/1128/1128/1128 936/936/936/936 
f 1137/1137/1137/1137 936/936/936/936 934/934/934/934 
f 1138/1138/1138/1138 1130/1130/1130/1130 1128/1128/1128/1128 
f 1138/1138/1138/1138 1128/1128/1128/1128 1137/1137/1137/1137 
f 1139/1139/1139/1139 1140/1140/1140/1140 1141/1141/1141/1141 
f 1139/1139/1139/1139 1141/1141/1141/1141 978/978/978/978 
f 1142/1142/1142/1142 1139/1139/1139/1139 978/978/978/978 
f 1142/1142/1142/1142 978/978/978/978 967/967/967/967 
f 1138/1138/1138/1138 1143/1143/1143/1143 1140/1140/1140/1140 
f 1138/1138/1138/1138 1140/1140/1140/1140 1139/1139/1139/1139 
f 1130/1130/1130/1130 1138/1138/1138/1138 1139/1139/1139/1139 
f 1130/1130/1130/1130 1139/1139/1139/1139 1142/1142/1142/1142 
f 611/611/611/611 1144/1144/1144/1144 965/965/965/965 
f 611/611/611/611 965/965/965/965 461/461/461/461 
f 608/608/608/608 1129/1129/1129/1129 1144/1144/1144/1144 
f 608/608/608/608 1144/1144/1144/1144 611/611/611/611 
f 1144/1144/1144/1144 1142/1142/1142/1142 967/967/967/967 
f 1144/1144/1144/1144 967/967/967/967 965/965/965/965 
f 1129/1129/1129/1129 1130/1130/1130/1130 1142/1142/1142/1142 
f 1129/1129/1129/1129 1142/1142/1142/1142 1144/1144/1144/1144 
f 1145/1145/1145/1145 621/621/621/621 367/367/367/367 
f 1145/1145/1145/1145 367/367/367/367 892/892/892/892 
f 1146/1146/1146/1146 1145/1145/1145/1145 892/892/892/892 
f 1146/1146/1146/1146 892/892/892/892 888/888/888/888 
f 1147/1147/1147/1147 623/623/623/623 621/621/621/621 
f 1147/1147/1147/1147 621/621/621/621 1145/1145/1145/1145 
f 1148/1148/1148/1148 1147/1147/1147/1147 1145/1145/1145/1145 
f 1148/1148/1148/1148 1145/1145/1145/1145 1146/1146/1146/1146 
f 1149/1149/1149/1149 1150/1150/1150/1150 1151/1151/1151/1151 
f 1149/1149/1149/1149 1151/1151/1151/1151 1152/1152/1152/1152 
f 1153/1153/1153/1153 1154/1154/1154/1154 1150/1150/1150/1150 
f 1153/1153/1153/1153 1150/1150/1150/1150 1149/1149/1149/1149 
f 1155/1155/1155/1155 1146/1146/1146/1146 888/888/888/888 
f 1155/1155/1155/1155 888/888/888/888 886/886/886/886 
f 1156/1156/1156/1156 1148/1148/1148/1148 1146/1146/1146/1146 
f 1156/1156/1156/1156 1146/1146/1146/1146 1155/1155/1155/1155 
f 1157/1157/1157/1157 1158/1158/1158/1158 1159/1159/1159/1159 
f 1157/1157/1157/1157 1159/1159/1159/1159 1002/1002/1002/1002 
f 1160/1160/1160/1160 1157/1157/1157/1157 1002/1002/1002/1002 
f 1160/1160/1160/1160 1002/1002/1002/1002 991/991/991/991 
f 1156/1156/1156/1156 1161/1161/1161/1161 1158/1158/1158/1158 
f 1156/1156/1156/1156 1158/1158/1158/1158 1157/1157/1157/1157 
f 1148/1148/1148/1148 1156/1156/1156/1156 1157/1157/1157/1157 
f 1148/1148/1148/1148 1157/1157/1157/1157 1160/1160/1160/1160 
f 626/626/626/626 1162/1162/1162/1162 989/989/989/989 
f 626/626/626/626 989/989/989/989 486/486/486/486 
f 623/623/623/623 1147/1147/1147/1147 1162/1162/1162/1162 
f 623/623/623/623 1162/1162/1162/1162 626/626/626/626 
f 1162/1162/1162/1162 1160/1160/1160/1160 991/991/991/991 
f 1162/1162/1162/1162 991/991/991/991 989/989/989/989 
f 1147/1147/1147/1147 1148/1148/1148/1148 1160/1160/1160/1160 
f 1147/1147/1147/1147 1160/1160/1160/1160 1162/1162/1162/1162 
f 642/642/642/642 641/641/641/641 1163/1163/1163/1163 
f 642/642/642/642 1163/1163/1163/1163 1164/1164/1164/1164 
f 1165/1165/1165/1165 1164/1164/1164/1164 1163/1163/1163/1163 
f 1165/1165/1165/1165 1163/1163/1163/1163 1166/1166/1166/1166 
f 644/644/644/644 642/642/642/642 1164/1164/1164/1164 
f 644/644/644/644 1164/1164/1164/1164 1167/1167/1167/1167 
f 1167/1167/1167/1167 1164/1164/1164/1164 1165/1165/1165/1165 
f 1167/1167/1167/1167 1165/1165/1165/1165 1168/1168/1168/1168 
f 1169/1169/1169/1169 1170/1170/1170/1170 1171/1171/1171/1171 
f 1173/1172/1172/1172 1170/1170/1170/1170 1169/1169/1169/1169 
f 1173/1172/1172/1172 1169/1169/1169/1169 1174/1173/1173/1173 
f 1175/1174/1174/1174 1165/1165/1165/1165 1166/1166/1166/1166 
f 1175/1174/1174/1174 1166/1166/1166/1166 1176/1175/1175/1175 
f 1168/1168/1168/1168 1165/1165/1165/1165 1175/1174/1174/1174 
f 1168/1168/1168/1168 1175/1174/1174/1174 1177/1176/1176/1176 
f 1178/1177/1177/1177 1179/1178/1178/1178 1025/1025/1025/1025 
f 1178/1177/1177/1177 1025/1025/1025/1025 1180/1179/1179/1179 
f 1180/1179/1179/1179 1025/1025/1025/1025 1015/1015/1015/1015 
f 1180/1179/1179/1179 1015/1015/1015/1015 1181/1180/1180/1180 
f 1182/1181/1181/1181 1178/1177/1177/1177 1180/1179/1179/1179 
f 1182/1181/1181/1181 1180/1179/1179/1179 1177/1176/1176/1176 
f 1177/1176/1176/1176 1180/1179/1179/1179 1181/1180/1180/1180 
f 1177/1176/1176/1176 1181/1180/1180/1180 1168/1168/1168/1168 
f 1183/1182/1182/1182 1014/1014/1014/1014 512/512/512/512 
f 1183/1182/1182/1182 512/512/512/512 645/645/645/645 
f 1167/1167/1167/1167 1183/1182/1182/1182 645/645/645/645 
f 1167/1167/1167/1167 645/645/645/645 644/644/644/644 
f 1181/1180/1180/1180 1015/1015/1015/1015 1014/1014/1014/1014 
f 1181/1180/1180/1180 1014/1014/1014/1014 1183/1182/1182/1182 
f 1168/1168/1168/1168 1181/1180/1180/1180 1183/1182/1182/1182 
f 1168/1168/1168/1168 1183/1182/1182/1182 1167/1167/1167/1167 
f 1/1/1/1183 1184/2/1183/1184 1185/1183/1184/1185 
f 1185/1183/1184/1185 1184/2/1183/1184 1187/4/1185/1186 
f 1185/1183/1184/1185 1187/4/1185/1186 1188/1184/1186/1187 
f 1190/3/1187/1188 0/0/0/1189 6/6/6/1190 
f 1190/3/1187/1188 6/6/6/1190 1189/7/1188/1191 
f 1189/7/1188/1191 1191/8/1189/1192 1192/5/1190/1193 
f 1189/7/1188/1191 1192/5/1190/1193 1190/3/1187/1188 
f 1193/1185/1191/1194 1194/11/1192/1195 1195/12/1193/1196 
f 1193/1185/1191/1194 1195/12/1193/1196 1196/1186/1194/1197 
f 1197/13/1195/1198 1198/14/1196/1199 1199/9/1197/1200 
f 1197/13/1195/1198 1199/9/1197/1200 1200/10/1198/1201 
f 1188/1184/1186/1187 1187/4/1185/1186 1194/11/1192/1195 
f 1188/1184/1186/1187 1194/11/1192/1195 1193/1185/1191/1194 
f 1191/8/1189/1192 1197/13/1195/1198 1200/10/1198/1201 
f 1191/8/1189/1192 1200/10/1198/1201 1192/5/1190/1193 
f 1201/15/1199/1202 1202/18/1200/1203 1203/17/1201/1204 
f 1201/15/1199/1202 1203/17/1201/1204 1204/16/1202/1205 
f 1202/18/1200/1203 1205/20/1203/1206 1206/19/1204/1207 
f 1202/18/1200/1203 1206/19/1204/1207 1203/17/1201/1204 
f 1198/14/1196/1199 1197/13/1195/1198 1202/18/1200/1203 
f 1198/14/1196/1199 1202/18/1200/1203 1201/15/1199/1202 
f 1197/13/1195/1198 1191/8/1189/1192 1205/20/1203/1206 
f 1197/13/1195/1198 1205/20/1203/1206 1202/18/1200/1203 
f 1207/21/1205/1208 24/24/24/1209 23/23/23/1210 
f 1207/21/1205/1208 23/23/23/1210 1208/22/1206/1211 
f 1189/7/1188/1191 6/6/6/1190 24/24/24/1209 
f 1189/7/1188/1191 24/24/24/1209 1207/21/1205/1208 
f 1205/20/1203/1206 1207/21/1205/1208 1208/22/1206/1211 
f 1205/20/1203/1206 1208/22/1206/1211 1206/19/1204/1207 
f 1191/8/1189/1192 1189/7/1188/1191 1207/21/1205/1208 
f 1191/8/1189/1192 1207/21/1205/1208 1205/20/1203/1206 
f 1209/27/1207/1212 1210/28/1208/1213 1211/1187/1209/1214 
f 1209/27/1207/1212 1211/1187/1209/1214 1212/1188/1210/1215 
f 1210/28/1208/1213 1213/30/1211/1216 1214/1189/1212/1217 
f 1210/28/1208/1213 1214/1189/1212/1217 1211/1187/1209/1214 
f 1215/32/1213/1218 1216/31/1214/1219 1217/25/1215/1220 
f 1215/32/1213/1218 1217/25/1215/1220 1218/26/1216/1221 
f 1216/31/1214/1219 1219/33/1217/1222 1220/29/1218/1223 
f 1216/31/1214/1219 1220/29/1218/1223 1217/25/1215/1220 
f 1221/35/1219/1224 1222/36/1220/1225 1223/1190/1221/1226 
f 1221/35/1219/1224 1223/1190/1221/1226 1224/1191/1222/1227 
f 1225/38/1223/1228 1226/39/1224/1229 1227/37/1225/1230 
f 1225/38/1223/1228 1227/37/1225/1230 1228/34/1226/1231 
f 1213/30/1211/1216 1221/35/1219/1224 1224/1191/1222/1227 
f 1213/30/1211/1216 1224/1191/1222/1227 1214/1189/1212/1217 
f 1219/33/1217/1222 1225/38/1223/1228 1228/34/1226/1231 
f 1219/33/1217/1222 1228/34/1226/1231 1220/29/1218/1223 
f 1229/41/1227/1232 1230/40/1228/1233 1231/43/1229/1234 
f 1229/41/1227/1232 1231/43/1229/1234 1232/42/1230/1235 
f 1232/42/1230/1235 1231/43/1229/1234 1233/45/1231/1236 
f 1232/42/1230/1235 1233/45/1231/1236 1234/44/1232/1237 
f 1226/39/1224/1229 1225/38/1223/1228 1231/43/1229/1234 
f 1226/39/1224/1229 1231/43/1229/1234 1230/40/1228/1233 
f 1225/38/1223/1228 1219/33/1217/1222 1233/45/1231/1236 
f 1225/38/1223/1228 1233/45/1231/1236 1231/43/1229/1234 
f 1235/48/1233/1238 1236/47/1234/1239 1237/46/1235/1240 
f 1235/48/1233/1238 1237/46/1235/1240 1238/49/1236/1241 
f 1216/31/1214/1219 1215/32/1213/1218 1237/46/1235/1240 
f 1216/31/1214/1219 1237/46/1235/1240 1236/47/1234/1239 
f 1234/44/1232/1237 1233/45/1231/1236 1236/47/1234/1239 
f 1234/44/1232/1237 1236/47/1234/1239 1235/48/1233/1238 
f 1219/33/1217/1222 1216/31/1214/1219 1236/47/1234/1239 
f 1219/33/1217/1222 1236/47/1234/1239 1233/45/1231/1236 
f 1239/52/1237/1242 1240/53/1238/1243 1241/1192/1239/1244 
f 1239/52/1237/1242 1241/1192/1239/1244 1242/1193/1240/1245 
f 1240/53/1238/1243 1243/55/1241/1246 1244/1194/1242/1247 
f 1240/53/1238/1243 1244/1194/1242/1247 1241/1192/1239/1244 
f 1245/57/1243/1248 1246/56/1244/1249 1247/50/1245/1250 
f 1245/57/1243/1248 1247/50/1245/1250 1248/51/1246/1251 
f 1246/56/1244/1249 1249/58/1247/1252 1250/54/1248/1253 
f 1246/56/1244/1249 1250/54/1248/1253 1247/50/1245/1250 
f 1251/60/1249/1254 1252/61/1250/1255 1253/1195/1251/1256 
f 1251/60/1249/1254 1253/1195/1251/1256 1254/1196/1252/1257 
f 1255/63/1253/1258 1256/64/1254/1259 1257/62/1255/1260 
f 1255/63/1253/1258 1257/62/1255/1260 1258/59/1256/1261 
f 1243/55/1241/1246 1251/60/1249/1254 1254/1196/1252/1257 
f 1243/55/1241/1246 1254/1196/1252/1257 1244/1194/1242/1247 
f 1249/58/1247/1252 1255/63/1253/1258 1258/59/1256/1261 
f 1249/58/1247/1252 1258/59/1256/1261 1250/54/1248/1253 
f 1259/65/1257/1262 1260/68/1258/1263 1261/67/1259/1264 
f 1259/65/1257/1262 1261/67/1259/1264 1262/66/1260/1265 
f 1260/68/1258/1263 1263/70/1261/1266 1264/69/1262/1267 
f 1260/68/1258/1263 1264/69/1262/1267 1261/67/1259/1264 
f 1256/64/1254/1259 1255/63/1253/1258 1260/68/1258/1263 
f 1256/64/1254/1259 1260/68/1258/1263 1259/65/1257/1262 
f 1255/63/1253/1258 1249/58/1247/1252 1263/70/1261/1266 
f 1255/63/1253/1258 1263/70/1261/1266 1260/68/1258/1263 
f 1265/72/1263/1268 1266/71/1264/1269 1267/74/1265/1270 
f 1265/72/1263/1268 1267/74/1265/1270 1268/73/1266/1271 
f 1246/56/1244/1249 1245/57/1243/1248 1266/71/1264/1269 
f 1246/56/1244/1249 1266/71/1264/1269 1265/72/1263/1268 
f 1263/70/1261/1266 1265/72/1263/1268 1268/73/1266/1271 
f 1263/70/1261/1266 1268/73/1266/1271 1264/69/1262/1267 
f 1249/58/1247/1252 1246/56/1244/1249 1265/72/1263/1268 
f 1249/58/1247/1252 1265/72/1263/1268 1263/70/1261/1266 
f 1269/77/1267/1272 1270/78/1268/1273 1271/1197/1269/1274 
f 1269/77/1267/1272 1271/1197/1269/1274 1272/1198/1270/1275 
f 1270/78/1268/1273 1273/80/1271/1276 1274/1199/1272/1277 
f 1270/78/1268/1273 1274/1199/1272/1277 1271/1197/1269/1274 
f 1275/82/1273/1278 1276/81/1274/1279 1277/75/1275/1280 
f 1275/82/1273/1278 1277/75/1275/1280 1278/76/1276/1281 
f 1276/81/1274/1279 1279/83/1277/1282 1280/79/1278/1283 
f 1276/81/1274/1279 1280/79/1278/1283 1277/75/1275/1280 
f 1281/86/1279/1284 1282/87/1280/1285 1283/1200/1281/1286 
f 1281/86/1279/1284 1283/1200/1281/1286 1284/1201/1282/1287 
f 1285/89/1283/1288 1286/88/1284/1289 1287/84/1285/1290 
f 1285/89/1283/1288 1287/84/1285/1290 1288/85/1286/1291 
f 1273/80/1271/1276 1281/86/1279/1284 1284/1201/1282/1287 
f 1273/80/1271/1276 1284/1201/1282/1287 1274/1199/1272/1277 
f 1279/83/1277/1282 1285/89/1283/1288 1288/85/1286/1291 
f 1279/83/1277/1282 1288/85/1286/1291 1280/79/1278/1283 
f 1289/92/1287/1292 1290/91/1288/1293 1291/90/1289/1294 
f 1289/92/1287/1292 1291/90/1289/1294 1292/93/1290/1295 
f 1292/93/1290/1295 1291/90/1289/1294 1293/94/1291/1296 
f 1292/93/1290/1295 1293/94/1291/1296 1294/95/1292/1297 
f 1290/91/1288/1293 1286/88/1284/1289 1285/89/1283/1288 
f 1290/91/1288/1293 1285/89/1283/1288 1291/90/1289/1294 
f 1291/90/1289/1294 1285/89/1283/1288 1279/83/1277/1282 
f 1291/90/1289/1294 1279/83/1277/1282 1293/94/1291/1296 
f 1295/98/1293/1298 1296/97/1294/1299 1297/96/1295/1300 
f 1295/98/1293/1298 1297/96/1295/1300 1298/99/1296/1301 
f 1276/81/1274/1279 1275/82/1273/1278 1297/96/1295/1300 
f 1276/81/1274/1279 1297/96/1295/1300 1296/97/1294/1299 
f 1294/95/1292/1297 1293/94/1291/1296 1296/97/1294/1299 
f 1294/95/1292/1297 1296/97/1294/1299 1295/98/1293/1298 
f 1293/94/1291/1296 1279/83/1277/1282 1276/81/1274/1279 
f 1293/94/1291/1296 1276/81/1274/1279 1296/97/1294/1299 
f 1299/101/1297/1302 1300/102/1298/1303 1301/1202/1299/1304 
f 1299/101/1297/1302 1301/1202/1299/1304 1302/1203/1300/1305 
f 1300/102/1298/1303 1303/104/1301/1306 1304/1204/1302/1307 
f 1300/102/1298/1303 1304/1204/1302/1307 1301/1202/1299/1304 
f 1305/106/1303/1308 1306/107/1304/1309 1307/103/1305/1310 
f 1305/106/1303/1308 1307/103/1305/1310 1308/100/1306/1311 
f 1306/107/1304/1309 1309/108/1307/1312 1310/105/1308/1313 
f 1306/107/1304/1309 1310/105/1308/1313 1307/103/1305/1310 
f 1311/1205/1309/1314 1312/110/1310/1315 1313/111/1311/1316 
f 1311/1205/1309/1314 1313/111/1311/1316 1314/1206/1312/1317 
f 1315/113/1313/1318 1316/114/1314/1319 1317/112/1315/1320 
f 1315/113/1313/1318 1317/112/1315/1320 1318/109/1316/1321 
f 1303/104/1301/1306 1312/110/1310/1315 1311/1205/1309/1314 
f 1303/104/1301/1306 1311/1205/1309/1314 1304/1204/1302/1307 
f 1309/108/1307/1312 1315/113/1313/1318 1318/109/1316/1321 
f 1309/108/1307/1312 1318/109/1316/1321 1310/105/1308/1313 
f 1319/115/1317/1322 1320/118/1318/1323 1321/117/1319/1324 
f 1319/115/1317/1322 1321/117/1319/1324 1322/116/1320/1325 
f 1320/118/1318/1323 1323/120/1321/1326 1324/119/1322/1327 
f 1320/118/1318/1323 1324/119/1322/1327 1321/117/1319/1324 
f 1316/114/1314/1319 1315/113/1313/1318 1320/118/1318/1323 
f 1316/114/1314/1319 1320/118/1318/1323 1319/115/1317/1322 
f 1315/113/1313/1318 1309/108/1307/1312 1323/120/1321/1326 
f 1315/113/1313/1318 1323/120/1321/1326 1320/118/1318/1323 
f 1325/121/1323/1328 1326/124/1324/1329 1327/123/1325/1330 
f 1325/121/1323/1328 1327/123/1325/1330 1328/122/1326/1331 
f 1306/107/1304/1309 1305/106/1303/1308 1326/124/1324/1329 
f 1306/107/1304/1309 1326/124/1324/1329 1325/121/1323/1328 
f 1323/120/1321/1326 1325/121/1323/1328 1328/122/1326/1331 
f 1323/120/1321/1326 1328/122/1326/1331 1324/119/1322/1327 
f 1309/108/1307/1312 1306/107/1304/1309 1325/121/1323/1328 
f 1309/108/1307/1312 1325/121/1323/1328 1323/120/1321/1326 
f 1329/127/1327/1332 1330/128/1328/1333 1331/1207/1329/1334 
f 1329/127/1327/1332 1331/1207/1329/1334 1332/1208/1330/1335 
f 1330/128/1328/1333 1333/130/1331/1336 1334/1209/1332/1337 
f 1330/128/1328/1333 1334/1209/1332/1337 1331/1207/1329/1334 
f 1335/132/1333/1338 1336/131/1334/1339 1337/125/1335/1340 
f 1335/132/1333/1338 1337/125/1335/1340 1338/126/1336/1341 
f 1336/131/1334/1339 1339/133/1337/1342 1340/129/1338/1343 
f 1336/131/1334/1339 1340/129/1338/1343 1337/125/1335/1340 
f 1341/135/1339/1344 1342/136/1340/1345 1343/1210/1341/1346 
f 1341/135/1339/1344 1343/1210/1341/1346 1344/1211/1342/1347 
f 1345/138/1343/1348 1346/139/1344/1349 1347/137/1345/1350 
f 1345/138/1343/1348 1347/137/1345/1350 1348/134/1346/1351 
f 1333/130/1331/1336 1341/135/1339/1344 1344/1211/1342/1347 
f 1333/130/1331/1336 1344/1211/1342/1347 1334/1209/1332/1337 
f 1339/133/1337/1342 1345/138/1343/1348 1348/134/1346/1351 
f 1339/133/1337/1342 1348/134/1346/1351 1340/129/1338/1343 
f 1349/141/1347/1352 1350/140/1348/1353 1351/143/1349/1354 
f 1349/141/1347/1352 1351/143/1349/1354 1352/142/1350/1355 
f 1352/142/1350/1355 1351/143/1349/1354 1353/145/1351/1356 
f 1352/142/1350/1355 1353/145/1351/1356 1354/144/1352/1357 
f 1346/139/1344/1349 1345/138/1343/1348 1351/143/1349/1354 
f 1346/139/1344/1349 1351/143/1349/1354 1350/140/1348/1353 
f 1345/138/1343/1348 1339/133/1337/1342 1353/145/1351/1356 
f 1345/138/1343/1348 1353/145/1351/1356 1351/143/1349/1354 
f 1355/148/1353/1358 1356/147/1354/1359 1357/146/1355/1360 
f 1355/148/1353/1358 1357/146/1355/1360 1358/149/1356/1361 
f 1336/131/1334/1339 1335/132/1333/1338 1357/146/1355/1360 
f 1336/131/1334/1339 1357/146/1355/1360 1356/147/1354/1359 
f 1354/144/1352/1357 1353/145/1351/1356 1356/147/1354/1359 
f 1354/144/1352/1357 1356/147/1354/1359 1355/148/1353/1358 
f 1339/133/1337/1342 1336/131/1334/1339 1356/147/1354/1359 
f 1339/133/1337/1342 1356/147/1354/1359 1353/145/1351/1356 
f 1359/152/1357/1362 1360/153/1358/1363 1361/1212/1359/1364 
f 1359/152/1357/1362 1361/1212/1359/1364 1362/1213/1360/1365 
f 1360/153/1358/1363 1363/155/1361/1366 1364/1214/1362/1367 
f 1360/153/1358/1363 1364/1214/1362/1367 1361/1212/1359/1364 
f 1365/157/1363/1368 1366/156/1364/1369 1367/150/1365/1370 
f 1365/157/1363/1368 1367/150/1365/1370 1368/151/1366/1371 
f 1366/156/1364/1369 1369/158/1367/1372 1370/154/1368/1373 
f 1366/156/1364/1369 1370/154/1368/1373 1367/150/1365/1370 
f 1371/160/1369/1374 1372/161/1370/1375 1373/1215/1371/1376 
f 1371/160/1369/1374 1373/1215/1371/1376 1374/1216/1372/1377 
f 1375/163/1373/1378 1376/164/1374/1379 1377/162/1375/1380 
f 1375/163/1373/1378 1377/162/1375/1380 1378/159/1376/1381 
f 1363/155/1361/1366 1371/160/1369/1374 1374/1216/1372/1377 
f 1363/155/1361/1366 1374/1216/1372/1377 1364/1214/1362/1367 
f 1369/158/1367/1372 1375/163/1373/1378 1378/159/1376/1381 
f 1369/158/1367/1372 1378/159/1376/1381 1370/154/1368/1373 
f 1379/165/1377/1382 1380/168/1378/1383 1381/167/1379/1384 
f 1379/165/1377/1382 1381/167/1379/1384 1382/166/1380/1385 
f 1380/168/1378/1383 1383/170/1381/1386 1384/169/1382/1387 
f 1380/168/1378/1383 1384/169/1382/1387 1381/167/1379/1384 
f 1376/164/1374/1379 1375/163/1373/1378 1380/168/1378/1383 
f 1376/164/1374/1379 1380/168/1378/1383 1379/165/1377/1382 
f 1375/163/1373/1378 1369/158/1367/1372 1383/170/1381/1386 
f 1375/163/1373/1378 1383/170/1381/1386 1380/168/1378/1383 
f 1385/172/1383/1388 1386/171/1384/1389 1387/174/1385/1390 
f 1385/172/1383/1388 1387/174/1385/1390 1388/173/1386/1391 
f 1366/156/1364/1369 1365/157/1363/1368 1386/171/1384/1389 
f 1366/156/1364/1369 1386/171/1384/1389 1385/172/1383/1388 
f 1383/170/1381/1386 1385/172/1383/1388 1388/173/1386/1391 
f 1383/170/1381/1386 1388/173/1386/1391 1384/169/1382/1387 
f 1369/158/1367/1372 1366/156/1364/1369 1385/172/1383/1388 
f 1369/158/1367/1372 1385/172/1383/1388 1383/170/1381/1386 
f 1389/176/1387/1392 1390/177/1388/1393 1391/1217/1389/1394 
f 1389/176/1387/1392 1391/1217/1389/1394 1392/1218/1390/1395 
f 1391/1217/1389/1394 1390/177/1388/1393 1393/179/1391/1396 
f 1391/1217/1389/1394 1393/179/1391/1396 1394/1219/1392/1397 
f 1395/181/1393/1398 1396/182/1394/1399 1397/178/1395/1400 
f 1395/181/1393/1398 1397/178/1395/1400 1398/175/1396/1401 
f 1396/182/1394/1399 1399/183/1397/1402 1400/180/1398/1403 
f 1396/182/1394/1399 1400/180/1398/1403 1397/178/1395/1400 
f 1401/186/1399/1404 1402/187/1400/1405 1403/1220/1401/1406 
f 1401/186/1399/1404 1403/1220/1401/1406 1404/1221/1402/1407 
f 1405/189/1403/1408 1406/188/1404/1409 1407/184/1405/1410 
f 1405/189/1403/1408 1407/184/1405/1410 1408/185/1406/1411 
f 1393/179/1391/1396 1401/186/1399/1404 1404/1221/1402/1407 
f 1393/179/1391/1396 1404/1221/1402/1407 1394/1219/1392/1397 
f 1399/183/1397/1402 1405/189/1403/1408 1408/185/1406/1411 
f 1399/183/1397/1402 1408/185/1406/1411 1400/180/1398/1403 
f 1409/190/1407/1412 1410/193/1408/1413 1411/192/1409/1414 
f 1409/190/1407/1412 1411/192/1409/1414 1412/191/1410/1415 
f 1410/193/1408/1413 1413/194/1411/1416 1414/195/1412/1417 
f 1410/193/1408/1413 1414/195/1412/1417 1411/192/1409/1414 
f 1409/190/1407/1412 1406/188/1404/1409 1405/189/1403/1408 
f 1409/190/1407/1412 1405/189/1403/1408 1410/193/1408/1413 
f 1410/193/1408/1413 1405/189/1403/1408 1399/183/1397/1402 
f 1410/193/1408/1413 1399/183/1397/1402 1413/194/1411/1416 
f 1415/196/1413/1418 1416/199/1414/1419 1417/198/1415/1420 
f 1415/196/1413/1418 1417/198/1415/1420 1418/197/1416/1421 
f 1415/196/1413/1418 1396/182/1394/1399 1395/181/1393/1398 
f 1415/196/1413/1418 1395/181/1393/1398 1416/199/1414/1419 
f 1413/194/1411/1416 1415/196/1413/1418 1418/197/1416/1421 
f 1413/194/1411/1416 1418/197/1416/1421 1414/195/1412/1417 
f 1413/194/1411/1416 1399/183/1397/1402 1396/182/1394/1399 
f 1413/194/1411/1416 1396/182/1394/1399 1415/196/1413/1418 
f 1196/1186/1194/1197 1195/12/1193/1196 1419/201/1417/1422 
f 1196/1186/1194/1197 1419/201/1417/1422 1420/1222/1418/1423 
f 1420/1222/1418/1423 1419/201/1417/1422 1421/203/1419/1424 
f 1420/1222/1418/1423 1421/203/1419/1424 1422/1223/1420/1425 
f 1198/14/1196/1199 1423/204/1421/1426 1424/200/1422/1427 
f 1198/14/1196/1199 1424/200/1422/1427 1199/9/1197/1200 
f 1423/204/1421/1426 1425/205/1423/1428 1426/202/1424/1429 
f 1423/204/1421/1426 1426/202/1424/1429 1424/200/1422/1427 
f 1427/207/1425/1430 1299/101/1297/1302 1302/1203/1300/1305 
f 1427/207/1425/1430 1302/1203/1300/1305 1428/1224/1426/1431 
f 1429/208/1427/1432 1305/106/1303/1308 1308/100/1306/1311 
f 1429/208/1427/1432 1308/100/1306/1311 1430/206/1428/1433 
f 1422/1223/1420/1425 1421/203/1419/1424 1427/207/1425/1430 
f 1422/1223/1420/1425 1427/207/1425/1430 1428/1224/1426/1431 
f 1425/205/1423/1428 1429/208/1427/1432 1430/206/1428/1433 
f 1425/205/1423/1428 1430/206/1428/1433 1426/202/1424/1429 
f 1326/124/1324/1329 1431/209/1429/1434 1432/210/1430/1435 
f 1326/124/1324/1329 1432/210/1430/1435 1327/123/1325/1330 
f 1431/209/1429/1434 1433/211/1431/1436 1434/212/1432/1437 
f 1431/209/1429/1434 1434/212/1432/1437 1432/210/1430/1435 
f 1305/106/1303/1308 1429/208/1427/1432 1431/209/1429/1434 
f 1305/106/1303/1308 1431/209/1429/1434 1326/124/1324/1329 
f 1429/208/1427/1432 1425/205/1423/1428 1433/211/1431/1436 
f 1429/208/1427/1432 1433/211/1431/1436 1431/209/1429/1434 
f 1435/213/1433/1438 1201/15/1199/1202 1204/16/1202/1205 
f 1435/213/1433/1438 1204/16/1202/1205 1436/214/1434/1439 
f 1423/204/1421/1426 1198/14/1196/1199 1201/15/1199/1202 
f 1423/204/1421/1426 1201/15/1199/1202 1435/213/1433/1438 
f 1433/211/1431/1436 1435/213/1433/1438 1436/214/1434/1439 
f 1433/211/1431/1436 1436/214/1434/1439 1434/212/1432/1437 
f 1425/205/1423/1428 1423/204/1421/1426 1435/213/1433/1438 
f 1425/205/1423/1428 1435/213/1433/1438 1433/211/1431/1436 
f 1223/1190/1221/1226 1222/36/1220/1225 1437/215/1435/1440 
f 1223/1190/1221/1226 1437/215/1435/1440 1438/1225/1436/1441 
f 1438/1225/1436/1441 1437/215/1435/1440 1439/217/1437/1442 
f 1438/1225/1436/1441 1439/217/1437/1442 1440/1226/1438/1443 
f 1226/39/1224/1229 1441/219/1439/1444 1442/216/1440/1445 
f 1226/39/1224/1229 1442/216/1440/1445 1227/37/1225/1230 
f 1441/219/1439/1444 1443/220/1441/1446 1444/218/1442/1447 
f 1441/219/1439/1444 1444/218/1442/1447 1442/216/1440/1445 
f 1445/1227/1443/1448 1446/222/1444/1449 1329/127/1327/1332 
f 1445/1227/1443/1448 1329/127/1327/1332 1332/1208/1330/1335 
f 1447/223/1445/1450 1335/132/1333/1338 1338/126/1336/1341 
f 1447/223/1445/1450 1338/126/1336/1341 1448/221/1446/1451 
f 1440/1226/1438/1443 1439/217/1437/1442 1446/222/1444/1449 
f 1440/1226/1438/1443 1446/222/1444/1449 1445/1227/1443/1448 
f 1443/220/1441/1446 1447/223/1445/1450 1448/221/1446/1451 
f 1443/220/1441/1446 1448/221/1446/1451 1444/218/1442/1447 
f 1358/149/1356/1361 1357/146/1355/1360 1449/224/1447/1452 
f 1358/149/1356/1361 1449/224/1447/1452 1450/225/1448/1453 
f 1449/224/1447/1452 1451/226/1449/1454 1452/227/1450/1455 
f 1449/224/1447/1452 1452/227/1450/1455 1450/225/1448/1453 
f 1335/132/1333/1338 1447/223/1445/1450 1449/224/1447/1452 
f 1335/132/1333/1338 1449/224/1447/1452 1357/146/1355/1360 
f 1447/223/1445/1450 1443/220/1441/1446 1451/226/1449/1454 
f 1447/223/1445/1450 1451/226/1449/1454 1449/224/1447/1452 
f 1453/228/1451/1456 1230/40/1228/1233 1229/41/1227/1232 
f 1453/228/1451/1456 1229/41/1227/1232 1454/229/1452/1457 
f 1441/219/1439/1444 1226/39/1224/1229 1230/40/1228/1233 
f 1441/219/1439/1444 1230/40/1228/1233 1453/228/1451/1456 
f 1451/226/1449/1454 1453/228/1451/1456 1454/229/1452/1457 
f 1451/226/1449/1454 1454/229/1452/1457 1452/227/1450/1455 
f 1443/220/1441/1446 1441/219/1439/1444 1453/228/1451/1456 
f 1443/220/1441/1446 1453/228/1451/1456 1451/226/1449/1454 
f 1252/61/1250/1255 1455/230/1453/1458 1456/1228/1454/1459 
f 1252/61/1250/1255 1456/1228/1454/1459 1253/1195/1251/1256 
f 1456/1228/1454/1459 1455/230/1453/1458 1457/232/1455/1460 
f 1456/1228/1454/1459 1457/232/1455/1460 1458/1229/1456/1461 
f 1256/64/1254/1259 1459/234/1457/1462 1460/231/1458/1463 
f 1256/64/1254/1259 1460/231/1458/1463 1257/62/1255/1260 
f 1459/234/1457/1462 1461/235/1459/1464 1462/233/1460/1465 
f 1459/234/1457/1462 1462/233/1460/1465 1460/231/1458/1463 
f 1463/1230/1461/1466 1464/237/1462/1467 1359/152/1357/1362 
f 1463/1230/1461/1466 1359/152/1357/1362 1362/1213/1360/1365 
f 1465/238/1463/1468 1365/157/1363/1368 1368/151/1366/1371 
f 1465/238/1463/1468 1368/151/1366/1371 1466/236/1464/1469 
f 1458/1229/1456/1461 1457/232/1455/1460 1464/237/1462/1467 
f 1458/1229/1456/1461 1464/237/1462/1467 1463/1230/1461/1466 
f 1461/235/1459/1464 1465/238/1463/1468 1466/236/1464/1469 
f 1461/235/1459/1464 1466/236/1464/1469 1462/233/1460/1465 
f 1386/171/1384/1389 1467/239/1465/1470 1468/240/1466/1471 
f 1386/171/1384/1389 1468/240/1466/1471 1387/174/1385/1390 
f 1467/239/1465/1470 1469/242/1467/1472 1470/241/1468/1473 
f 1467/239/1465/1470 1470/241/1468/1473 1468/240/1466/1471 
f 1365/157/1363/1368 1465/238/1463/1468 1467/239/1465/1470 
f 1365/157/1363/1368 1467/239/1465/1470 1386/171/1384/1389 
f 1465/238/1463/1468 1461/235/1459/1464 1469/242/1467/1472 
f 1465/238/1463/1468 1469/242/1467/1472 1467/239/1465/1470 
f 1471/243/1469/1474 1259/65/1257/1262 1262/66/1260/1265 
f 1471/243/1469/1474 1262/66/1260/1265 1472/244/1470/1475 
f 1459/234/1457/1462 1256/64/1254/1259 1259/65/1257/1262 
f 1459/234/1457/1462 1259/65/1257/1262 1471/243/1469/1474 
f 1469/242/1467/1472 1471/243/1469/1474 1472/244/1470/1475 
f 1469/242/1467/1472 1472/244/1470/1475 1470/241/1468/1473 
f 1461/235/1459/1464 1459/234/1457/1462 1471/243/1469/1474 
f 1461/235/1459/1464 1471/243/1469/1474 1469/242/1467/1472 
f 1282/87/1280/1285 1473/245/1471/1476 1474/1231/1472/1477 
f 1282/87/1280/1285 1474/1231/1472/1477 1283/1200/1281/1286 
f 1473/245/1471/1476 1475/247/1473/1478 1476/1232/1474/1479 
f 1473/245/1471/1476 1476/1232/1474/1479 1474/1231/1472/1477 
f 1286/88/1284/1289 1477/249/1475/1480 1478/246/1476/1481 
f 1286/88/1284/1289 1478/246/1476/1481 1287/84/1285/1290 
f 1477/249/1475/1480 1479/250/1477/1482 1480/248/1478/1483 
f 1477/249/1475/1480 1480/248/1478/1483 1478/246/1476/1481 
f 1481/252/1479/1484 1389/176/1387/1392 1392/1218/1390/1395 
f 1481/252/1479/1484 1392/1218/1390/1395 1482/1233/1480/1485 
f 1483/253/1481/1486 1395/181/1393/1398 1398/175/1396/1401 
f 1483/253/1481/1486 1398/175/1396/1401 1484/251/1482/1487 
f 1475/247/1473/1478 1481/252/1479/1484 1482/1233/1480/1485 
f 1475/247/1473/1478 1482/1233/1480/1485 1476/1232/1474/1479 
f 1479/250/1477/1482 1483/253/1481/1486 1484/251/1482/1487 
f 1479/250/1477/1482 1484/251/1482/1487 1480/248/1478/1483 
f 1416/199/1414/1419 1485/255/1483/1488 1486/254/1484/1489 
f 1416/199/1414/1419 1486/254/1484/1489 1417/198/1415/1420 
f 1485/255/1483/1488 1487/256/1485/1490 1488/257/1486/1491 
f 1485/255/1483/1488 1488/257/1486/1491 1486/254/1484/1489 
f 1416/199/1414/1419 1395/181/1393/1398 1483/253/1481/1486 
f 1416/199/1414/1419 1483/253/1481/1486 1485/255/1483/1488 
f 1485/255/1483/1488 1483/253/1481/1486 1479/250/1477/1482 
f 1485/255/1483/1488 1479/250/1477/1482 1487/256/1485/1490 
f 1489/259/1487/1492 1490/258/1488/1493 1290/91/1288/1293 
f 1489/259/1487/1492 1290/91/1288/1293 1289/92/1287/1292 
f 1490/258/1488/1493 1477/249/1475/1480 1286/88/1284/1289 
f 1490/258/1488/1493 1286/88/1284/1289 1290/91/1288/1293 
f 1487/256/1485/1490 1490/258/1488/1493 1489/259/1487/1492 
f 1487/256/1485/1490 1489/259/1487/1492 1488/257/1486/1491 
f 1487/256/1485/1490 1479/250/1477/1482 1477/249/1475/1480 
f 1487/256/1485/1490 1477/249/1475/1480 1490/258/1488/1493 
f 1314/1206/1312/1317 1313/111/1311/1316 1491/260/1489/1494 
f 1314/1206/1312/1317 1491/260/1489/1494 1492/1234/1490/1495 
f 1492/1234/1490/1495 1491/260/1489/1494 1493/263/1491/1496 
f 1492/1234/1490/1495 1493/263/1491/1496 1494/1235/1492/1497 
f 1316/114/1314/1319 1495/264/1493/1498 1496/261/1494/1499 
f 1316/114/1314/1319 1496/261/1494/1499 1317/112/1315/1320 
f 1495/264/1493/1498 1497/265/1495/1500 1498/262/1496/1501 
f 1495/264/1493/1498 1498/262/1496/1501 1496/261/1494/1499 
f 1499/1236/1497/1502 1500/267/1498/1503 1239/52/1237/1242 
f 1499/1236/1497/1502 1239/52/1237/1242 1242/1193/1240/1245 
f 1501/268/1499/1504 1245/57/1243/1248 1248/51/1246/1251 
f 1501/268/1499/1504 1248/51/1246/1251 1502/266/1500/1505 
f 1494/1235/1492/1497 1493/263/1491/1496 1500/267/1498/1503 
f 1494/1235/1492/1497 1500/267/1498/1503 1499/1236/1497/1502 
f 1497/265/1495/1500 1501/268/1499/1504 1502/266/1500/1505 
f 1497/265/1495/1500 1502/266/1500/1505 1498/262/1496/1501 
f 1266/71/1264/1269 1503/269/1501/1506 1504/270/1502/1507 
f 1266/71/1264/1269 1504/270/1502/1507 1267/74/1265/1270 
f 1503/269/1501/1506 1505/271/1503/1508 1506/272/1504/1509 
f 1503/269/1501/1506 1506/272/1504/1509 1504/270/1502/1507 
f 1245/57/1243/1248 1501/268/1499/1504 1503/269/1501/1506 
f 1245/57/1243/1248 1503/269/1501/1506 1266/71/1264/1269 
f 1501/268/1499/1504 1497/265/1495/1500 1505/271/1503/1508 
f 1501/268/1499/1504 1505/271/1503/1508 1503/269/1501/1506 
f 1507/273/1505/1510 1319/115/1317/1322 1322/116/1320/1325 
f 1507/273/1505/1510 1322/116/1320/1325 1508/274/1506/1511 
f 1495/264/1493/1498 1316/114/1314/1319 1319/115/1317/1322 
f 1495/264/1493/1498 1319/115/1317/1322 1507/273/1505/1510 
f 1505/271/1503/1508 1507/273/1505/1510 1508/274/1506/1511 
f 1505/271/1503/1508 1508/274/1506/1511 1506/272/1504/1509 
f 1497/265/1495/1500 1495/264/1493/1498 1507/273/1505/1510 
f 1497/265/1495/1500 1507/273/1505/1510 1505/271/1503/1508 
f 1342/136/1340/1345 1509/275/1507/1512 1510/1237/1508/1513 
f 1342/136/1340/1345 1510/1237/1508/1513 1343/1210/1341/1346 
f 1510/1237/1508/1513 1509/275/1507/1512 1511/277/1509/1514 
f 1510/1237/1508/1513 1511/277/1509/1514 1512/1238/1510/1515 
f 1346/139/1344/1349 1513/279/1511/1516 1514/276/1512/1517 
f 1346/139/1344/1349 1514/276/1512/1517 1347/137/1345/1350 
f 1513/279/1511/1516 1515/280/1513/1518 1516/278/1514/1519 
f 1513/279/1511/1516 1516/278/1514/1519 1514/276/1512/1517 
f 1517/1239/1515/1520 1518/282/1516/1521 1269/77/1267/1272 
f 1517/1239/1515/1520 1269/77/1267/1272 1272/1198/1270/1275 
f 1519/283/1517/1522 1275/82/1273/1278 1278/76/1276/1281 
f 1519/283/1517/1522 1278/76/1276/1281 1520/281/1518/1523 
f 1512/1238/1510/1515 1511/277/1509/1514 1518/282/1516/1521 
f 1512/1238/1510/1515 1518/282/1516/1521 1517/1239/1515/1520 
f 1515/280/1513/1518 1519/283/1517/1522 1520/281/1518/1523 
f 1515/280/1513/1518 1520/281/1518/1523 1516/278/1514/1519 
f 1298/99/1296/1301 1297/96/1295/1300 1521/284/1519/1524 
f 1298/99/1296/1301 1521/284/1519/1524 1522/285/1520/1525 
f 1522/285/1520/1525 1521/284/1519/1524 1523/287/1521/1526 
f 1522/285/1520/1525 1523/287/1521/1526 1524/286/1522/1527 
f 1275/82/1273/1278 1519/283/1517/1522 1521/284/1519/1524 
f 1275/82/1273/1278 1521/284/1519/1524 1297/96/1295/1300 
f 1519/283/1517/1522 1515/280/1513/1518 1523/287/1521/1526 
f 1519/283/1517/1522 1523/287/1521/1526 1521/284/1519/1524 
f 1525/289/1523/1528 1526/288/1524/1529 1350/140/1348/1353 
f 1525/289/1523/1528 1350/140/1348/1353 1349/141/1347/1352 
f 1513/279/1511/1516 1346/139/1344/1349 1350/140/1348/1353 
f 1513/279/1511/1516 1350/140/1348/1353 1526/288/1524/1529 
f 1524/286/1522/1527 1523/287/1521/1526 1526/288/1524/1529 
f 1524/286/1522/1527 1526/288/1524/1529 1525/289/1523/1528 
f 1515/280/1513/1518 1513/279/1511/1516 1526/288/1524/1529 
f 1515/280/1513/1518 1526/288/1524/1529 1523/287/1521/1526 
f 1372/161/1370/1375 1527/290/1525/1530 1528/1240/1526/1531 
f 1372/161/1370/1375 1528/1240/1526/1531 1373/1215/1371/1376 
f 1528/1240/1526/1531 1527/290/1525/1530 1529/292/1527/1532 
f 1528/1240/1526/1531 1529/292/1527/1532 1530/1241/1528/1533 
f 1376/164/1374/1379 1531/294/1529/1534 1532/291/1530/1535 
f 1376/164/1374/1379 1532/291/1530/1535 1377/162/1375/1380 
f 1531/294/1529/1534 1533/295/1531/1536 1534/293/1532/1537 
f 1531/294/1529/1534 1534/293/1532/1537 1532/291/1530/1535 
f 1535/1242/1533/1538 1536/297/1534/1539 1209/27/1207/1212 
f 1535/1242/1533/1538 1209/27/1207/1212 1212/1188/1210/1215 
f 1537/298/1535/1540 1215/32/1213/1218 1218/26/1216/1221 
f 1537/298/1535/1540 1218/26/1216/1221 1538/296/1536/1541 
f 1530/1241/1528/1533 1529/292/1527/1532 1536/297/1534/1539 
f 1530/1241/1528/1533 1536/297/1534/1539 1535/1242/1533/1538 
f 1533/295/1531/1536 1537/298/1535/1540 1538/296/1536/1541 
f 1533/295/1531/1536 1538/296/1536/1541 1534/293/1532/1537 
f 1237/46/1235/1240 1539/299/1537/1542 1540/300/1538/1543 
f 1237/46/1235/1240 1540/300/1538/1543 1238/49/1236/1241 
f 1539/299/1537/1542 1541/301/1539/1544 1542/302/1540/1545 
f 1539/299/1537/1542 1542/302/1540/1545 1540/300/1538/1543 
f 1215/32/1213/1218 1537/298/1535/1540 1539/299/1537/1542 
f 1215/32/1213/1218 1539/299/1537/1542 1237/46/1235/1240 
f 1537/298/1535/1540 1533/295/1531/1536 1541/301/1539/1544 
f 1537/298/1535/1540 1541/301/1539/1544 1539/299/1537/1542 
f 1543/303/1541/1546 1379/165/1377/1382 1382/166/1380/1385 
f 1543/303/1541/1546 1382/166/1380/1385 1544/304/1542/1547 
f 1531/294/1529/1534 1376/164/1374/1379 1379/165/1377/1382 
f 1531/294/1529/1534 1379/165/1377/1382 1543/303/1541/1546 
f 1541/301/1539/1544 1543/303/1541/1546 1544/304/1542/1547 
f 1541/301/1539/1544 1544/304/1542/1547 1542/302/1540/1545 
f 1533/295/1531/1536 1531/294/1529/1534 1543/303/1541/1546 
f 1533/295/1531/1536 1543/303/1541/1546 1541/301/1539/1544 
f 1402/187/1400/1405 1545/305/1543/1548 1546/1243/1544/1549 
f 1402/187/1400/1405 1546/1243/1544/1549 1403/1220/1401/1406 
f 1545/305/1543/1548 1547/307/1545/1550 1548/1244/1546/1551 
f 1545/305/1543/1548 1548/1244/1546/1551 1546/1243/1544/1549 
f 1406/188/1404/1409 1549/309/1547/1552 1550/306/1548/1553 
f 1406/188/1404/1409 1550/306/1548/1553 1407/184/1405/1410 
f 1549/309/1547/1552 1551/310/1549/1554 1552/308/1550/1555 
f 1549/309/1547/1552 1552/308/1550/1555 1550/306/1548/1553 
f 1553/313/1551/1556 314/314/314/1557 1554/1245/1552/1558 
f 1553/313/1551/1556 1554/1245/1552/1558 1555/1246/1553/1559 
f 1556/315/1554/1560 316/316/316/1561 311/311/311/1562 
f 1556/315/1554/1560 311/311/311/1562 1557/312/1555/1563 
f 1547/307/1545/1550 1553/313/1551/1556 1555/1246/1553/1559 
f 1547/307/1545/1550 1555/1246/1553/1559 1548/1244/1546/1551 
f 1551/310/1549/1554 1556/315/1554/1560 1557/312/1555/1563 
f 1551/310/1549/1554 1557/312/1555/1563 1552/308/1550/1555 
f 317/317/317/1564 1558/320/1556/1565 1559/319/1557/1566 
f 317/317/317/1564 1559/319/1557/1566 318/318/318/1567 
f 1558/320/1556/1565 1560/322/1558/1568 1561/321/1559/1569 
f 1558/320/1556/1565 1561/321/1559/1569 1559/319/1557/1566 
f 316/316/316/1561 1556/315/1554/1560 1558/320/1556/1565 
f 316/316/316/1561 1558/320/1556/1565 317/317/317/1564 
f 1558/320/1556/1565 1556/315/1554/1560 1551/310/1549/1554 
f 1558/320/1556/1565 1551/310/1549/1554 1560/322/1558/1568 
f 1562/323/1560/1570 1409/190/1407/1412 1412/191/1410/1415 
f 1562/323/1560/1570 1412/191/1410/1415 1563/324/1561/1571 
f 1562/323/1560/1570 1549/309/1547/1552 1406/188/1404/1409 
f 1562/323/1560/1570 1406/188/1404/1409 1409/190/1407/1412 
f 1560/322/1558/1568 1562/323/1560/1570 1563/324/1561/1571 
f 1560/322/1558/1568 1563/324/1561/1571 1561/321/1559/1569 
f 1560/322/1558/1568 1551/310/1549/1554 1549/309/1547/1552 
f 1560/322/1558/1568 1549/309/1547/1552 1562/323/1560/1570 
f 1564/327/1562/1572 1565/326/1563/1573 1566/325/1564/1574 
f 1564/327/1562/1572 1566/325/1564/1574 1567/328/1565/1575 
f 1567/328/1565/1575 1566/325/1564/1574 1568/329/1566/1576 
f 1567/328/1565/1575 1568/329/1566/1576 1569/330/1567/1577 
f 1565/326/1563/1573 1570/332/1568/1578 1571/331/1569/1579 
f 1565/326/1563/1573 1571/331/1569/1579 1566/325/1564/1574 
f 1566/325/1564/1574 1571/331/1569/1579 1572/333/1570/1580 
f 1566/325/1564/1574 1572/333/1570/1580 1568/329/1566/1576 
f 1573/336/1571/1581 1574/335/1572/1582 1575/334/1573/1583 
f 1573/336/1571/1581 1575/334/1573/1583 1576/337/1574/1584 
f 1574/335/1572/1582 1577/339/1575/1585 1578/338/1576/1586 
f 1574/335/1572/1582 1578/338/1576/1586 1575/334/1573/1583 
f 1569/330/1567/1577 1568/329/1566/1576 1574/335/1572/1582 
f 1569/330/1567/1577 1574/335/1572/1582 1573/336/1571/1581 
f 1568/329/1566/1576 1572/333/1570/1580 1577/339/1575/1585 
f 1568/329/1566/1576 1577/339/1575/1585 1574/335/1572/1582 
f 1579/340/1577/1587 1580/343/1578/1588 342/342/342/1589 
f 1579/340/1577/1587 342/342/342/1589 341/341/341/1590 
f 342/342/342/1589 1580/343/1578/1588 1581/344/1579/1591 
f 342/342/342/1589 1581/344/1579/1591 345/345/345/1592 
f 1579/340/1577/1587 1578/338/1576/1586 1577/339/1575/1585 
f 1579/340/1577/1587 1577/339/1575/1585 1580/343/1578/1588 
f 1580/343/1578/1588 1577/339/1575/1585 1572/333/1570/1580 
f 1580/343/1578/1588 1572/333/1570/1580 1581/344/1579/1591 
f 348/348/348/1593 1582/347/1580/1594 1583/346/1581/1595 
f 348/348/348/1593 1583/346/1581/1595 349/349/349/1596 
f 1582/347/1580/1594 1571/331/1569/1579 1570/332/1568/1578 
f 1582/347/1580/1594 1570/332/1568/1578 1583/346/1581/1595 
f 345/345/345/1592 1581/344/1579/1591 1582/347/1580/1594 
f 345/345/345/1592 1582/347/1580/1594 348/348/348/1593 
f 1581/344/1579/1591 1572/333/1570/1580 1571/331/1569/1579 
f 1581/344/1579/1591 1571/331/1569/1579 1582/347/1580/1594 
f 1584/350/1582/1597 1585/353/1583/1598 1586/352/1584/1599 
f 1584/350/1582/1597 1586/352/1584/1599 1587/351/1585/1600 
f 1585/353/1583/1598 1588/355/1586/1601 1589/354/1587/1602 
f 1585/353/1583/1598 1589/354/1587/1602 1586/352/1584/1599 
f 1590/356/1588/1603 1591/357/1589/1604 1585/353/1583/1598 
f 1590/356/1588/1603 1585/353/1583/1598 1584/350/1582/1597 
f 1591/357/1589/1604 1592/358/1590/1605 1588/355/1586/1601 
f 1591/357/1589/1604 1588/355/1586/1601 1585/353/1583/1598 
f 1593/359/1591/1606 1594/362/1592/1607 1595/361/1593/1608 
f 1593/359/1591/1606 1595/361/1593/1608 1596/360/1594/1609 
f 1597/363/1595/1610 1598/364/1596/1611 1594/362/1592/1607 
f 1597/363/1595/1610 1594/362/1592/1607 1593/359/1591/1606 
f 1588/355/1586/1601 1593/359/1591/1606 1596/360/1594/1609 
f 1588/355/1586/1601 1596/360/1594/1609 1589/354/1587/1602 
f 1592/358/1590/1605 1597/363/1595/1610 1593/359/1591/1606 
f 1592/358/1590/1605 1593/359/1591/1606 1588/355/1586/1601 
f 1599/366/1597/1612 1600/365/1598/1613 1601/368/1599/1614 
f 1599/366/1597/1612 1601/368/1599/1614 1602/367/1600/1615 
f 1600/365/1598/1613 1603/369/1601/1616 1604/370/1602/1617 
f 1600/365/1598/1613 1604/370/1602/1617 1601/368/1599/1614 
f 1598/364/1596/1611 1597/363/1595/1610 1600/365/1598/1613 
f 1598/364/1596/1611 1600/365/1598/1613 1599/366/1597/1612 
f 1597/363/1595/1610 1592/358/1590/1605 1603/369/1601/1616 
f 1597/363/1595/1610 1603/369/1601/1616 1600/365/1598/1613 
f 1605/372/1603/1618 1606/371/1604/1619 1607/374/1605/1620 
f 1605/372/1603/1618 1607/374/1605/1620 1608/373/1606/1621 
f 1591/357/1589/1604 1590/356/1588/1603 1606/371/1604/1619 
f 1591/357/1589/1604 1606/371/1604/1619 1605/372/1603/1618 
f 1603/369/1601/1616 1605/372/1603/1618 1608/373/1606/1621 
f 1603/369/1601/1616 1608/373/1606/1621 1604/370/1602/1617 
f 1592/358/1590/1605 1591/357/1589/1604 1605/372/1603/1618 
f 1592/358/1590/1605 1605/372/1603/1618 1603/369/1601/1616 
f 1609/376/1607/1622 1610/375/1608/1623 1611/378/1609/1624 
f 1609/376/1607/1622 1611/378/1609/1624 1612/377/1610/1625 
f 1612/377/1610/1625 1611/378/1609/1624 1613/380/1611/1626 
f 1612/377/1610/1625 1613/380/1611/1626 1614/379/1612/1627 
f 1615/381/1613/1628 1616/382/1614/1629 1611/378/1609/1624 
f 1615/381/1613/1628 1611/378/1609/1624 1610/375/1608/1623 
f 1616/382/1614/1629 1617/383/1615/1630 1613/380/1611/1626 
f 1616/382/1614/1629 1613/380/1611/1626 1611/378/1609/1624 
f 1618/384/1616/1631 1619/387/1617/1632 1620/386/1618/1633 
f 1618/384/1616/1631 1620/386/1618/1633 1621/385/1619/1634 
f 1622/388/1620/1635 1623/389/1621/1636 1619/387/1617/1632 
f 1622/388/1620/1635 1619/387/1617/1632 1618/384/1616/1631 
f 1614/379/1612/1627 1613/380/1611/1626 1618/384/1616/1631 
f 1614/379/1612/1627 1618/384/1616/1631 1621/385/1619/1634 
f 1617/383/1615/1630 1622/388/1620/1635 1618/384/1616/1631 
f 1617/383/1615/1630 1618/384/1616/1631 1613/380/1611/1626 
f 1624/391/1622/1637 1625/390/1623/1638 1626/393/1624/1639 
f 1624/391/1622/1637 1626/393/1624/1639 1627/392/1625/1640 
f 1626/393/1624/1639 1625/390/1623/1638 1628/394/1626/1641 
f 1626/393/1624/1639 1628/394/1626/1641 1629/395/1627/1642 
f 1623/389/1621/1636 1622/388/1620/1635 1625/390/1623/1638 
f 1623/389/1621/1636 1625/390/1623/1638 1624/391/1622/1637 
f 1622/388/1620/1635 1617/383/1615/1630 1628/394/1626/1641 
f 1622/388/1620/1635 1628/394/1626/1641 1625/390/1623/1638 
f 1630/398/1628/1643 1631/397/1629/1644 1632/396/1630/1645 
f 1630/398/1628/1643 1632/396/1630/1645 1633/399/1631/1646 
f 1616/382/1614/1629 1615/381/1613/1628 1632/396/1630/1645 
f 1616/382/1614/1629 1632/396/1630/1645 1631/397/1629/1644 
f 1629/395/1627/1642 1628/394/1626/1641 1631/397/1629/1644 
f 1629/395/1627/1642 1631/397/1629/1644 1630/398/1628/1643 
f 1617/383/1615/1630 1616/382/1614/1629 1631/397/1629/1644 
f 1617/383/1615/1630 1631/397/1629/1644 1628/394/1626/1641 
f 1634/400/1632/1647 1635/403/1633/1648 1636/402/1634/1649 
f 1634/400/1632/1647 1636/402/1634/1649 1637/401/1635/1650 
f 1635/403/1633/1648 1638/405/1636/1651 1639/404/1637/1652 
f 1635/403/1633/1648 1639/404/1637/1652 1636/402/1634/1649 
f 1640/406/1638/1653 1641/407/1639/1654 1635/403/1633/1648 
f 1640/406/1638/1653 1635/403/1633/1648 1634/400/1632/1647 
f 1641/407/1639/1654 1642/408/1640/1655 1638/405/1636/1651 
f 1641/407/1639/1654 1638/405/1636/1651 1635/403/1633/1648 
f 1643/409/1641/1656 1644/412/1642/1657 1645/411/1643/1658 
f 1643/409/1641/1656 1645/411/1643/1658 1646/410/1644/1659 
f 1647/413/1645/1660 1648/414/1646/1661 1644/412/1642/1657 
f 1647/413/1645/1660 1644/412/1642/1657 1643/409/1641/1656 
f 1638/405/1636/1651 1643/409/1641/1656 1646/410/1644/1659 
f 1638/405/1636/1651 1646/410/1644/1659 1639/404/1637/1652 
f 1642/408/1640/1655 1647/413/1645/1660 1643/409/1641/1656 
f 1642/408/1640/1655 1643/409/1641/1656 1638/405/1636/1651 
f 1649/416/1647/1662 1650/415/1648/1663 1651/418/1649/1664 
f 1649/416/1647/1662 1651/418/1649/1664 1652/417/1650/1665 
f 1650/415/1648/1663 1653/419/1651/1666 1654/420/1652/1667 
f 1650/415/1648/1663 1654/420/1652/1667 1651/418/1649/1664 
f 1648/414/1646/1661 1647/413/1645/1660 1650/415/1648/1663 
f 1648/414/1646/1661 1650/415/1648/1663 1649/416/1647/1662 
f 1647/413/1645/1660 1642/408/1640/1655 1653/419/1651/1666 
f 1647/413/1645/1660 1653/419/1651/1666 1650/415/1648/1663 
f 1655/422/1653/1668 1656/421/1654/1669 1657/424/1655/1670 
f 1655/422/1653/1668 1657/424/1655/1670 1658/423/1656/1671 
f 1641/407/1639/1654 1640/406/1638/1653 1656/421/1654/1669 
f 1641/407/1639/1654 1656/421/1654/1669 1655/422/1653/1668 
f 1653/419/1651/1666 1655/422/1653/1668 1658/423/1656/1671 
f 1653/419/1651/1666 1658/423/1656/1671 1654/420/1652/1667 
f 1642/408/1640/1655 1641/407/1639/1654 1655/422/1653/1668 
f 1642/408/1640/1655 1655/422/1653/1668 1653/419/1651/1666 
f 1659/427/1657/1672 1660/426/1658/1673 1661/425/1659/1674 
f 1659/427/1657/1672 1661/425/1659/1674 1662/428/1660/1675 
f 1662/428/1660/1675 1661/425/1659/1674 1663/429/1661/1676 
f 1662/428/1660/1675 1663/429/1661/1676 1664/430/1662/1677 
f 1660/426/1658/1673 1665/432/1663/1678 1666/431/1664/1679 
f 1660/426/1658/1673 1666/431/1664/1679 1661/425/1659/1674 
f 1661/425/1659/1674 1666/431/1664/1679 1667/433/1665/1680 
f 1661/425/1659/1674 1667/433/1665/1680 1663/429/1661/1676 
f 1668/436/1666/1681 1669/435/1667/1682 1670/434/1668/1683 
f 1668/436/1666/1681 1670/434/1668/1683 1671/437/1669/1684 
f 1672/438/1670/1685 1673/439/1671/1686 1670/434/1668/1683 
f 1672/438/1670/1685 1670/434/1668/1683 1669/435/1667/1682 
f 1664/430/1662/1677 1663/429/1661/1676 1669/435/1667/1682 
f 1664/430/1662/1677 1669/435/1667/1682 1668/436/1666/1681 
f 1667/433/1665/1680 1672/438/1670/1685 1669/435/1667/1682 
f 1667/433/1665/1680 1669/435/1667/1682 1663/429/1661/1676 
f 1674/442/1672/1687 1675/441/1673/1688 1676/440/1674/1689 
f 1674/442/1672/1687 1676/440/1674/1689 1677/443/1675/1690 
f 1677/443/1675/1690 1676/440/1674/1689 1678/444/1676/1691 
f 1677/443/1675/1690 1678/444/1676/1691 1679/445/1677/1692 
f 1673/439/1671/1686 1672/438/1670/1685 1676/440/1674/1689 
f 1673/439/1671/1686 1676/440/1674/1689 1675/441/1673/1688 
f 1676/440/1674/1689 1672/438/1670/1685 1667/433/1665/1680 
f 1676/440/1674/1689 1667/433/1665/1680 1678/444/1676/1691 
f 1680/448/1678/1693 1681/447/1679/1694 1682/446/1680/1695 
f 1680/448/1678/1693 1682/446/1680/1695 1683/449/1681/1696 
f 1681/447/1679/1694 1666/431/1664/1679 1665/432/1663/1678 
f 1681/447/1679/1694 1665/432/1663/1678 1682/446/1680/1695 
f 1679/445/1677/1692 1678/444/1676/1691 1681/447/1679/1694 
f 1679/445/1677/1692 1681/447/1679/1694 1680/448/1678/1693 
f 1678/444/1676/1691 1667/433/1665/1680 1666/431/1664/1679 
f 1678/444/1676/1691 1666/431/1664/1679 1681/447/1679/1694 
f 1684/450/1682/1697 1685/453/1683/1698 1686/452/1684/1699 
f 1684/450/1682/1697 1686/452/1684/1699 1687/451/1685/1700 
f 1685/453/1683/1698 1688/455/1686/1701 1689/454/1687/1702 
f 1685/453/1683/1698 1689/454/1687/1702 1686/452/1684/1699 
f 1690/456/1688/1703 1691/457/1689/1704 1685/453/1683/1698 
f 1690/456/1688/1703 1685/453/1683/1698 1684/450/1682/1697 
f 1691/457/1689/1704 1692/458/1690/1705 1688/455/1686/1701 
f 1691/457/1689/1704 1688/455/1686/1701 1685/453/1683/1698 
f 1693/459/1691/1706 1694/462/1692/1707 1695/461/1693/1708 
f 1693/459/1691/1706 1695/461/1693/1708 1696/460/1694/1709 
f 1697/463/1695/1710 1698/464/1696/1711 1694/462/1692/1707 
f 1697/463/1695/1710 1694/462/1692/1707 1693/459/1691/1706 
f 1688/455/1686/1701 1693/459/1691/1706 1696/460/1694/1709 
f 1688/455/1686/1701 1696/460/1694/1709 1689/454/1687/1702 
f 1692/458/1690/1705 1697/463/1695/1710 1693/459/1691/1706 
f 1692/458/1690/1705 1693/459/1691/1706 1688/455/1686/1701 
f 1699/465/1697/1712 1700/468/1698/1713 1701/467/1699/1714 
f 1699/465/1697/1712 1701/467/1699/1714 1702/466/1700/1715 
f 1700/468/1698/1713 1703/470/1701/1716 1704/469/1702/1717 
f 1700/468/1698/1713 1704/469/1702/1717 1701/467/1699/1714 
f 1698/464/1696/1711 1697/463/1695/1710 1700/468/1698/1713 
f 1698/464/1696/1711 1700/468/1698/1713 1699/465/1697/1712 
f 1697/463/1695/1710 1692/458/1690/1705 1703/470/1701/1716 
f 1697/463/1695/1710 1703/470/1701/1716 1700/468/1698/1713 
f 1705/471/1703/1718 1706/474/1704/1719 1707/473/1705/1720 
f 1705/471/1703/1718 1707/473/1705/1720 1708/472/1706/1721 
f 1691/457/1689/1704 1690/456/1688/1703 1706/474/1704/1719 
f 1691/457/1689/1704 1706/474/1704/1719 1705/471/1703/1718 
f 1703/470/1701/1716 1705/471/1703/1718 1708/472/1706/1721 
f 1703/470/1701/1716 1708/472/1706/1721 1704/469/1702/1717 
f 1692/458/1690/1705 1691/457/1689/1704 1705/471/1703/1718 
f 1692/458/1690/1705 1705/471/1703/1718 1703/470/1701/1716 
f 1709/475/1707/1722 1710/478/1708/1723 1711/477/1709/1724 
f 1709/475/1707/1722 1711/477/1709/1724 1712/476/1710/1725 
f 1710/478/1708/1723 1713/480/1711/1726 1714/479/1712/1727 
f 1710/478/1708/1723 1714/479/1712/1727 1711/477/1709/1724 
f 1715/481/1713/1728 1716/482/1714/1729 1710/478/1708/1723 
f 1715/481/1713/1728 1710/478/1708/1723 1709/475/1707/1722 
f 1716/482/1714/1729 1717/483/1715/1730 1713/480/1711/1726 
f 1716/482/1714/1729 1713/480/1711/1726 1710/478/1708/1723 
f 1718/484/1716/1731 1719/487/1717/1732 1720/486/1718/1733 
f 1718/484/1716/1731 1720/486/1718/1733 1721/485/1719/1734 
f 1722/488/1720/1735 1723/489/1721/1736 1719/487/1717/1732 
f 1722/488/1720/1735 1719/487/1717/1732 1718/484/1716/1731 
f 1713/480/1711/1726 1718/484/1716/1731 1721/485/1719/1734 
f 1713/480/1711/1726 1721/485/1719/1734 1714/479/1712/1727 
f 1717/483/1715/1730 1722/488/1720/1735 1718/484/1716/1731 
f 1717/483/1715/1730 1718/484/1716/1731 1713/480/1711/1726 
f 1724/491/1722/1737 1725/490/1723/1738 1726/493/1724/1739 
f 1724/491/1722/1737 1726/493/1724/1739 1727/492/1725/1740 
f 1725/490/1723/1738 1728/494/1726/1741 1729/495/1727/1742 
f 1725/490/1723/1738 1729/495/1727/1742 1726/493/1724/1739 
f 1723/489/1721/1736 1722/488/1720/1735 1725/490/1723/1738 
f 1723/489/1721/1736 1725/490/1723/1738 1724/491/1722/1737 
f 1722/488/1720/1735 1717/483/1715/1730 1728/494/1726/1741 
f 1722/488/1720/1735 1728/494/1726/1741 1725/490/1723/1738 
f 1730/497/1728/1743 1731/496/1729/1744 1732/499/1730/1745 
f 1730/497/1728/1743 1732/499/1730/1745 1733/498/1731/1746 
f 1716/482/1714/1729 1715/481/1713/1728 1731/496/1729/1744 
f 1716/482/1714/1729 1731/496/1729/1744 1730/497/1728/1743 
f 1728/494/1726/1741 1730/497/1728/1743 1733/498/1731/1746 
f 1728/494/1726/1741 1733/498/1731/1746 1729/495/1727/1742 
f 1717/483/1715/1730 1716/482/1714/1729 1730/497/1728/1743 
f 1717/483/1715/1730 1730/497/1728/1743 1728/494/1726/1741 
f 1734/501/1732/1747 1735/500/1733/1748 1736/503/1734/1749 
f 1734/501/1732/1747 1736/503/1734/1749 1737/502/1735/1750 
f 1735/500/1733/1748 1738/504/1736/1751 1739/505/1737/1752 
f 1735/500/1733/1748 1739/505/1737/1752 1736/503/1734/1749 
f 1740/507/1738/1753 1741/506/1739/1754 1735/500/1733/1748 
f 1740/507/1738/1753 1735/500/1733/1748 1734/501/1732/1747 
f 1741/506/1739/1754 1742/508/1740/1755 1738/504/1736/1751 
f 1741/506/1739/1754 1738/504/1736/1751 1735/500/1733/1748 
f 1743/510/1741/1756 1744/509/1742/1757 1745/512/1743/1758 
f 1743/510/1741/1756 1745/512/1743/1758 1746/511/1744/1759 
f 1747/514/1745/1760 1748/513/1746/1761 1744/509/1742/1757 
f 1747/514/1745/1760 1744/509/1742/1757 1743/510/1741/1756 
f 1738/504/1736/1751 1743/510/1741/1756 1746/511/1744/1759 
f 1738/504/1736/1751 1746/511/1744/1759 1739/505/1737/1752 
f 1742/508/1740/1755 1747/514/1745/1760 1743/510/1741/1756 
f 1742/508/1740/1755 1743/510/1741/1756 1738/504/1736/1751 
f 1749/515/1747/1762 1750/518/1748/1763 1751/517/1749/1764 
f 1749/515/1747/1762 1751/517/1749/1764 1752/516/1750/1765 
f 1750/518/1748/1763 1753/520/1751/1766 1754/519/1752/1767 
f 1750/518/1748/1763 1754/519/1752/1767 1751/517/1749/1764 
f 1748/513/1746/1761 1747/514/1745/1760 1750/518/1748/1763 
f 1748/513/1746/1761 1750/518/1748/1763 1749/515/1747/1762 
f 1747/514/1745/1760 1742/508/1740/1755 1753/520/1751/1766 
f 1747/514/1745/1760 1753/520/1751/1766 1750/518/1748/1763 
f 1755/521/1753/1768 1756/524/1754/1769 1757/523/1755/1770 
f 1755/521/1753/1768 1757/523/1755/1770 1758/522/1756/1771 
f 1741/506/1739/1754 1740/507/1738/1753 1756/524/1754/1769 
f 1741/506/1739/1754 1756/524/1754/1769 1755/521/1753/1768 
f 1753/520/1751/1766 1755/521/1753/1768 1758/522/1756/1771 
f 1753/520/1751/1766 1758/522/1756/1771 1754/519/1752/1767 
f 1742/508/1740/1755 1741/506/1739/1754 1755/521/1753/1768 
f 1742/508/1740/1755 1755/521/1753/1768 1753/520/1751/1766 
f 1683/449/1681/1696 1759/526/1757/1772 1760/525/1758/1773 
f 1683/449/1681/1696 1760/525/1758/1773 1680/448/1678/1693 
f 1680/448/1678/1693 1760/525/1758/1773 1761/527/1759/1774 
f 1680/448/1678/1693 1761/527/1759/1774 1679/445/1677/1692 
f 1759/526/1757/1772 1762/528/1760/1775 1763/529/1761/1776 
f 1759/526/1757/1772 1763/529/1761/1776 1760/525/1758/1773 
f 1760/525/1758/1773 1763/529/1761/1776 1764/530/1762/1777 
f 1760/525/1758/1773 1764/530/1762/1777 1761/527/1759/1774 
f 1677/443/1675/1690 1765/531/1763/1778 1766/532/1764/1779 
f 1677/443/1675/1690 1766/532/1764/1779 1674/442/1672/1687 
f 1765/531/1763/1778 1767/533/1765/1780 1768/534/1766/1781 
f 1765/531/1763/1778 1768/534/1766/1781 1766/532/1764/1779 
f 1679/445/1677/1692 1761/527/1759/1774 1765/531/1763/1778 
f 1679/445/1677/1692 1765/531/1763/1778 1677/443/1675/1690 
f 1761/527/1759/1774 1764/530/1762/1777 1767/533/1765/1780 
f 1761/527/1759/1774 1767/533/1765/1780 1765/531/1763/1778 
f 1576/337/1574/1584 1769/536/1767/1782 1770/535/1768/1783 
f 1576/337/1574/1584 1770/535/1768/1783 1573/336/1571/1581 
f 1573/336/1571/1581 1770/535/1768/1783 1771/537/1769/1784 
f 1573/336/1571/1581 1771/537/1769/1784 1569/330/1567/1577 
f 1769/536/1767/1782 1768/534/1766/1781 1767/533/1765/1780 
f 1769/536/1767/1782 1767/533/1765/1780 1770/535/1768/1783 
f 1770/535/1768/1783 1767/533/1765/1780 1764/530/1762/1777 
f 1770/535/1768/1783 1764/530/1762/1777 1771/537/1769/1784 
f 1567/328/1565/1575 1772/539/1770/1785 1773/538/1771/1786 
f 1567/328/1565/1575 1773/538/1771/1786 1564/327/1562/1572 
f 1772/539/1770/1785 1763/529/1761/1776 1762/528/1760/1775 
f 1772/539/1770/1785 1762/528/1760/1775 1773/538/1771/1786 
f 1569/330/1567/1577 1771/537/1769/1784 1772/539/1770/1785 
f 1569/330/1567/1577 1772/539/1770/1785 1567/328/1565/1575 
f 1771/537/1769/1784 1764/530/1762/1777 1763/529/1761/1776 
f 1771/537/1769/1784 1763/529/1761/1776 1772/539/1770/1785 
f 1774/540/1772/1787 1775/541/1773/1788 1708/472/1706/1721 
f 1774/540/1772/1787 1708/472/1706/1721 1707/473/1705/1720 
f 1775/541/1773/1788 1776/542/1774/1789 1704/469/1702/1717 
f 1775/541/1773/1788 1704/469/1702/1717 1708/472/1706/1721 
f 1774/540/1772/1787 1777/544/1775/1790 1778/543/1776/1791 
f 1774/540/1772/1787 1778/543/1776/1791 1775/541/1773/1788 
f 1775/541/1773/1788 1778/543/1776/1791 1779/545/1777/1792 
f 1775/541/1773/1788 1779/545/1777/1792 1776/542/1774/1789 
f 1701/467/1699/1714 1780/547/1778/1793 1781/546/1779/1794 
f 1701/467/1699/1714 1781/546/1779/1794 1702/466/1700/1715 
f 1780/547/1778/1793 1782/549/1780/1795 1783/548/1781/1796 
f 1780/547/1778/1793 1783/548/1781/1796 1781/546/1779/1794 
f 1704/469/1702/1717 1776/542/1774/1789 1780/547/1778/1793 
f 1704/469/1702/1717 1780/547/1778/1793 1701/467/1699/1714 
f 1776/542/1774/1789 1779/545/1777/1792 1782/549/1780/1795 
f 1776/542/1774/1789 1782/549/1780/1795 1780/547/1778/1793 
f 1595/361/1593/1608 1784/551/1782/1797 1785/550/1783/1798 
f 1595/361/1593/1608 1785/550/1783/1798 1596/360/1594/1609 
f 1596/360/1594/1609 1785/550/1783/1798 1786/552/1784/1799 
f 1596/360/1594/1609 1786/552/1784/1799 1589/354/1587/1602 
f 1784/551/1782/1797 1783/548/1781/1796 1782/549/1780/1795 
f 1784/551/1782/1797 1782/549/1780/1795 1785/550/1783/1798 
f 1785/550/1783/1798 1782/549/1780/1795 1779/545/1777/1792 
f 1785/550/1783/1798 1779/545/1777/1792 1786/552/1784/1799 
f 1787/553/1785/1800 1788/554/1786/1801 1587/351/1585/1600 
f 1787/553/1785/1800 1587/351/1585/1600 1586/352/1584/1599 
f 1787/553/1785/1800 1778/543/1776/1791 1777/544/1775/1790 
f 1787/553/1785/1800 1777/544/1775/1790 1788/554/1786/1801 
f 1786/552/1784/1799 1787/553/1785/1800 1586/352/1584/1599 
f 1786/552/1784/1799 1586/352/1584/1599 1589/354/1587/1602 
f 1786/552/1784/1799 1779/545/1777/1792 1778/543/1776/1791 
f 1786/552/1784/1799 1778/543/1776/1791 1787/553/1785/1800 
f 1732/499/1730/1745 1789/556/1787/1802 1790/555/1788/1803 
f 1732/499/1730/1745 1790/555/1788/1803 1733/498/1731/1746 
f 1733/498/1731/1746 1790/555/1788/1803 1791/557/1789/1804 
f 1733/498/1731/1746 1791/557/1789/1804 1729/495/1727/1742 
f 1789/556/1787/1802 1792/559/1790/1805 1793/558/1791/1806 
f 1789/556/1787/1802 1793/558/1791/1806 1790/555/1788/1803 
f 1790/555/1788/1803 1793/558/1791/1806 1794/560/1792/1807 
f 1790/555/1788/1803 1794/560/1792/1807 1791/557/1789/1804 
f 1726/493/1724/1739 1795/562/1793/1808 1796/561/1794/1809 
f 1726/493/1724/1739 1796/561/1794/1809 1727/492/1725/1740 
f 1795/562/1793/1808 1797/564/1795/1810 1798/563/1796/1811 
f 1795/562/1793/1808 1798/563/1796/1811 1796/561/1794/1809 
f 1729/495/1727/1742 1791/557/1789/1804 1795/562/1793/1808 
f 1729/495/1727/1742 1795/562/1793/1808 1726/493/1724/1739 
f 1791/557/1789/1804 1794/560/1792/1807 1797/564/1795/1810 
f 1791/557/1789/1804 1797/564/1795/1810 1795/562/1793/1808 
f 1620/386/1618/1633 1799/566/1797/1812 1800/565/1798/1813 
f 1620/386/1618/1633 1800/565/1798/1813 1621/385/1619/1634 
f 1621/385/1619/1634 1800/565/1798/1813 1801/567/1799/1814 
f 1621/385/1619/1634 1801/567/1799/1814 1614/379/1612/1627 
f 1799/566/1797/1812 1798/563/1796/1811 1797/564/1795/1810 
f 1799/566/1797/1812 1797/564/1795/1810 1800/565/1798/1813 
f 1800/565/1798/1813 1797/564/1795/1810 1794/560/1792/1807 
f 1800/565/1798/1813 1794/560/1792/1807 1801/567/1799/1814 
f 1612/377/1610/1625 1802/569/1800/1815 1803/568/1801/1816 
f 1612/377/1610/1625 1803/568/1801/1816 1609/376/1607/1622 
f 1802/569/1800/1815 1793/558/1791/1806 1792/559/1790/1805 
f 1802/569/1800/1815 1792/559/1790/1805 1803/568/1801/1816 
f 1614/379/1612/1627 1801/567/1799/1814 1802/569/1800/1815 
f 1614/379/1612/1627 1802/569/1800/1815 1612/377/1610/1625 
f 1801/567/1799/1814 1794/560/1792/1807 1793/558/1791/1806 
f 1801/567/1799/1814 1793/558/1791/1806 1802/569/1800/1815 
f 1804/570/1802/1817 1805/571/1803/1818 1758/522/1756/1771 
f 1804/570/1802/1817 1758/522/1756/1771 1757/523/1755/1770 
f 1805/571/1803/1818 1806/572/1804/1819 1754/519/1752/1767 
f 1805/571/1803/1818 1754/519/1752/1767 1758/522/1756/1771 
f 1807/573/1805/1820 1808/574/1806/1821 1805/571/1803/1818 
f 1807/573/1805/1820 1805/571/1803/1818 1804/570/1802/1817 
f 1808/574/1806/1821 1809/575/1807/1822 1806/572/1804/1819 
f 1808/574/1806/1821 1806/572/1804/1819 1805/571/1803/1818 
f 1810/576/1808/1823 1811/577/1809/1824 1752/516/1750/1765 
f 1810/576/1808/1823 1752/516/1750/1765 1751/517/1749/1764 
f 1812/578/1810/1825 1813/579/1811/1826 1811/577/1809/1824 
f 1812/578/1810/1825 1811/577/1809/1824 1810/576/1808/1823 
f 1806/572/1804/1819 1810/576/1808/1823 1751/517/1749/1764 
f 1806/572/1804/1819 1751/517/1749/1764 1754/519/1752/1767 
f 1809/575/1807/1822 1812/578/1810/1825 1810/576/1808/1823 
f 1809/575/1807/1822 1810/576/1808/1823 1806/572/1804/1819 
f 1814/580/1812/1827 1815/581/1813/1828 1646/410/1644/1659 
f 1814/580/1812/1827 1646/410/1644/1659 1645/411/1643/1658 
f 1815/581/1813/1828 1816/582/1814/1829 1639/404/1637/1652 
f 1815/581/1813/1828 1639/404/1637/1652 1646/410/1644/1659 
f 1814/580/1812/1827 1813/579/1811/1826 1812/578/1810/1825 
f 1814/580/1812/1827 1812/578/1810/1825 1815/581/1813/1828 
f 1812/578/1810/1825 1809/575/1807/1822 1816/582/1814/1829 
f 1812/578/1810/1825 1816/582/1814/1829 1815/581/1813/1828 
f 1817/583/1815/1830 1818/584/1816/1831 1637/401/1635/1650 
f 1817/583/1815/1830 1637/401/1635/1650 1636/402/1634/1649 
f 1808/574/1806/1821 1807/573/1805/1820 1818/584/1816/1831 
f 1808/574/1806/1821 1818/584/1816/1831 1817/583/1815/1830 
f 1816/582/1814/1829 1817/583/1815/1830 1636/402/1634/1649 
f 1816/582/1814/1829 1636/402/1634/1649 1639/404/1637/1652 
f 1809/575/1807/1822 1808/574/1806/1821 1817/583/1815/1830 
f 1809/575/1807/1822 1817/583/1815/1830 1816/582/1814/1829 
f 1633/399/1631/1646 1819/586/1817/1832 1820/585/1818/1833 
f 1633/399/1631/1646 1820/585/1818/1833 1630/398/1628/1643 
f 1630/398/1628/1643 1820/585/1818/1833 1821/587/1819/1834 
f 1630/398/1628/1643 1821/587/1819/1834 1629/395/1627/1642 
f 1819/586/1817/1832 1822/589/1820/1835 1823/588/1821/1836 
f 1819/586/1817/1832 1823/588/1821/1836 1820/585/1818/1833 
f 1820/585/1818/1833 1823/588/1821/1836 1824/590/1822/1837 
f 1820/585/1818/1833 1824/590/1822/1837 1821/587/1819/1834 
f 1626/393/1624/1639 1825/592/1823/1838 1826/591/1824/1839 
f 1626/393/1624/1639 1826/591/1824/1839 1627/392/1625/1640 
f 1825/592/1823/1838 1827/594/1825/1840 1828/593/1826/1841 
f 1825/592/1823/1838 1828/593/1826/1841 1826/591/1824/1839 
f 1629/395/1627/1642 1821/587/1819/1834 1825/592/1823/1838 
f 1629/395/1627/1642 1825/592/1823/1838 1626/393/1624/1639 
f 1821/587/1819/1834 1824/590/1822/1837 1827/594/1825/1840 
f 1821/587/1819/1834 1827/594/1825/1840 1825/592/1823/1838 
f 1671/437/1669/1684 1829/596/1827/1842 1830/595/1828/1843 
f 1671/437/1669/1684 1830/595/1828/1843 1668/436/1666/1681 
f 1668/436/1666/1681 1830/595/1828/1843 1831/597/1829/1844 
f 1668/436/1666/1681 1831/597/1829/1844 1664/430/1662/1677 
f 1829/596/1827/1842 1828/593/1826/1841 1827/594/1825/1840 
f 1829/596/1827/1842 1827/594/1825/1840 1830/595/1828/1843 
f 1830/595/1828/1843 1827/594/1825/1840 1824/590/1822/1837 
f 1830/595/1828/1843 1824/590/1822/1837 1831/597/1829/1844 
f 1662/428/1660/1675 1832/599/1830/1845 1833/598/1831/1846 
f 1662/428/1660/1675 1833/598/1831/1846 1659/427/1657/1672 
f 1832/599/1830/1845 1823/588/1821/1836 1822/589/1820/1835 
f 1832/599/1830/1845 1822/589/1820/1835 1833/598/1831/1846 
f 1664/430/1662/1677 1831/597/1829/1844 1832/599/1830/1845 
f 1664/430/1662/1677 1832/599/1830/1845 1662/428/1660/1675 
f 1831/597/1829/1844 1824/590/1822/1837 1823/588/1821/1836 
f 1831/597/1829/1844 1823/588/1821/1836 1832/599/1830/1845 
f 1834/600/1832/1847 1835/601/1833/1848 1658/423/1656/1671 
f 1834/600/1832/1847 1658/423/1656/1671 1657/424/1655/1670 
f 1835/601/1833/1848 1836/602/1834/1849 1654/420/1652/1667 
f 1835/601/1833/1848 1654/420/1652/1667 1658/423/1656/1671 
f 1837/604/1835/1850 1838/603/1836/1851 1835/601/1833/1848 
f 1837/604/1835/1850 1835/601/1833/1848 1834/600/1832/1847 
f 1835/601/1833/1848 1838/603/1836/1851 1839/605/1837/1852 
f 1835/601/1833/1848 1839/605/1837/1852 1836/602/1834/1849 
f 1651/418/1649/1664 1840/607/1838/1853 1841/606/1839/1854 
f 1651/418/1649/1664 1841/606/1839/1854 1652/417/1650/1665 
f 1840/607/1838/1853 1842/609/1840/1855 1843/608/1841/1856 
f 1840/607/1838/1853 1843/608/1841/1856 1841/606/1839/1854 
f 1836/602/1834/1849 1840/607/1838/1853 1651/418/1649/1664 
f 1836/602/1834/1849 1651/418/1649/1664 1654/420/1652/1667 
f 1836/602/1834/1849 1839/605/1837/1852 1842/609/1840/1855 
f 1836/602/1834/1849 1842/609/1840/1855 1840/607/1838/1853 
f 1695/461/1693/1708 1844/611/1842/1857 1845/610/1843/1858 
f 1695/461/1693/1708 1845/610/1843/1858 1696/460/1694/1709 
f 1845/610/1843/1858 1846/612/1844/1859 1689/454/1687/1702 
f 1845/610/1843/1858 1689/454/1687/1702 1696/460/1694/1709 
f 1844/611/1842/1857 1843/608/1841/1856 1842/609/1840/1855 
f 1844/611/1842/1857 1842/609/1840/1855 1845/610/1843/1858 
f 1845/610/1843/1858 1842/609/1840/1855 1839/605/1837/1852 
f 1845/610/1843/1858 1839/605/1837/1852 1846/612/1844/1859 
f 1847/613/1845/1860 1848/614/1846/1861 1687/451/1685/1700 
f 1847/613/1845/1860 1687/451/1685/1700 1686/452/1684/1699 
f 1838/603/1836/1851 1837/604/1835/1850 1848/614/1846/1861 
f 1838/603/1836/1851 1848/614/1846/1861 1847/613/1845/1860 
f 1846/612/1844/1859 1847/613/1845/1860 1686/452/1684/1699 
f 1846/612/1844/1859 1686/452/1684/1699 1689/454/1687/1702 
f 1846/612/1844/1859 1839/605/1837/1852 1838/603/1836/1851 
f 1846/612/1844/1859 1838/603/1836/1851 1847/613/1845/1860 
f 1607/374/1605/1620 1849/616/1847/1862 1850/615/1848/1863 
f 1607/374/1605/1620 1850/615/1848/1863 1608/373/1606/1621 
f 1608/373/1606/1621 1850/615/1848/1863 1851/617/1849/1864 
f 1608/373/1606/1621 1851/617/1849/1864 1604/370/1602/1617 
f 1849/616/1847/1862 1852/619/1850/1865 1853/618/1851/1866 
f 1849/616/1847/1862 1853/618/1851/1866 1850/615/1848/1863 
f 1850/615/1848/1863 1853/618/1851/1866 1854/620/1852/1867 
f 1850/615/1848/1863 1854/620/1852/1867 1851/617/1849/1864 
f 1601/368/1599/1614 1855/622/1853/1868 1856/621/1854/1869 
f 1601/368/1599/1614 1856/621/1854/1869 1602/367/1600/1615 
f 1855/622/1853/1868 1857/624/1855/1870 1858/623/1856/1871 
f 1855/622/1853/1868 1858/623/1856/1871 1856/621/1854/1869 
f 1604/370/1602/1617 1851/617/1849/1864 1855/622/1853/1868 
f 1604/370/1602/1617 1855/622/1853/1868 1601/368/1599/1614 
f 1851/617/1849/1864 1854/620/1852/1867 1857/624/1855/1870 
f 1851/617/1849/1864 1857/624/1855/1870 1855/622/1853/1868 
f 1720/486/1718/1733 1859/626/1857/1872 1860/625/1858/1873 
f 1720/486/1718/1733 1860/625/1858/1873 1721/485/1719/1734 
f 1721/485/1719/1734 1860/625/1858/1873 1861/627/1859/1874 
f 1721/485/1719/1734 1861/627/1859/1874 1714/479/1712/1727 
f 1859/626/1857/1872 1858/623/1856/1871 1857/624/1855/1870 
f 1859/626/1857/1872 1857/624/1855/1870 1860/625/1858/1873 
f 1860/625/1858/1873 1857/624/1855/1870 1854/620/1852/1867 
f 1860/625/1858/1873 1854/620/1852/1867 1861/627/1859/1874 
f 1711/477/1709/1724 1862/628/1860/1875 1863/629/1861/1876 
f 1711/477/1709/1724 1863/629/1861/1876 1712/476/1710/1725 
f 1862/628/1860/1875 1853/618/1851/1866 1852/619/1850/1865 
f 1862/628/1860/1875 1852/619/1850/1865 1863/629/1861/1876 
f 1714/479/1712/1727 1861/627/1859/1874 1862/628/1860/1875 
f 1714/479/1712/1727 1862/628/1860/1875 1711/477/1709/1724 
f 1861/627/1859/1874 1854/620/1852/1867 1853/618/1851/1866 
f 1861/627/1859/1874 1853/618/1851/1866 1862/628/1860/1875 
f 1864/630/1862/1877 1865/633/1863/1878 632/632/632/1879 
f 1864/630/1862/1877 632/632/632/1879 631/631/631/1880 
f 1865/633/1863/1878 1866/635/1864/1881 634/634/634/1882 
f 1865/633/1863/1878 634/634/634/1882 632/632/632/1879 
f 1867/636/1865/1883 1868/637/1866/1884 1865/633/1863/1878 
f 1867/636/1865/1883 1865/633/1863/1878 1864/630/1862/1877 
f 1868/637/1866/1884 1869/638/1867/1885 1866/635/1864/1881 
f 1868/637/1866/1884 1866/635/1864/1881 1865/633/1863/1878 
f 1870/639/1868/1886 1871/642/1869/1887 641/641/641/1888 
f 1870/639/1868/1886 641/641/641/1888 640/640/640/1889 
f 1872/643/1870/1890 1873/644/1871/1891 1871/642/1869/1887 
f 1872/643/1870/1890 1871/642/1869/1887 1870/639/1868/1886 
f 1866/635/1864/1881 1870/639/1868/1886 640/640/640/1889 
f 1866/635/1864/1881 640/640/640/1889 634/634/634/1882 
f 1869/638/1867/1885 1872/643/1870/1890 1870/639/1868/1886 
f 1869/638/1867/1885 1870/639/1868/1886 1866/635/1864/1881 
f 1874/645/1872/1892 1875/646/1873/1893 1746/511/1744/1759 
f 1874/645/1872/1892 1746/511/1744/1759 1745/512/1743/1758 
f 1875/646/1873/1893 1876/647/1874/1894 1739/505/1737/1752 
f 1875/646/1873/1893 1739/505/1737/1752 1746/511/1744/1759 
f 1873/644/1871/1891 1872/643/1870/1890 1875/646/1873/1893 
f 1873/644/1871/1891 1875/646/1873/1893 1874/645/1872/1892 
f 1872/643/1870/1890 1869/638/1867/1885 1876/647/1874/1894 
f 1872/643/1870/1890 1876/647/1874/1894 1875/646/1873/1893 
f 1877/649/1875/1895 1878/648/1876/1896 1737/502/1735/1750 
f 1877/649/1875/1895 1737/502/1735/1750 1736/503/1734/1749 
f 1868/637/1866/1884 1867/636/1865/1883 1878/648/1876/1896 
f 1868/637/1866/1884 1878/648/1876/1896 1877/649/1875/1895 
f 1876/647/1874/1894 1877/649/1875/1895 1736/503/1734/1749 
f 1876/647/1874/1894 1736/503/1734/1749 1739/505/1737/1752 
f 1869/638/1867/1885 1868/637/1866/1884 1877/649/1875/1895 
f 1869/638/1867/1885 1877/649/1875/1895 1876/647/1874/1894 
f 1204/16/1202/1205 1203/17/1201/1204 1879/650/1877/1897 
f 1204/16/1202/1205 1879/650/1877/1897 1880/651/1878/1898 
f 1880/651/1878/1898 1879/650/1877/1897 1881/652/1879/1899 
f 1880/651/1878/1898 1881/652/1879/1899 1882/653/1880/1900 
f 1203/17/1201/1204 1206/19/1204/1207 1883/654/1881/1901 
f 1203/17/1201/1204 1883/654/1881/1901 1879/650/1877/1897 
f 1879/650/1877/1897 1883/654/1881/1901 1884/655/1882/1902 
f 1879/650/1877/1897 1884/655/1882/1902 1881/652/1879/1899 
f 1885/657/1883/1903 1886/656/1884/1904 1565/326/1563/1573 
f 1885/657/1883/1903 1565/326/1563/1573 1564/327/1562/1572 
f 1886/656/1884/1904 1887/658/1885/1905 1570/332/1568/1578 
f 1886/656/1884/1904 1570/332/1568/1578 1565/326/1563/1573 
f 1882/653/1880/1900 1881/652/1879/1899 1886/656/1884/1904 
f 1882/653/1880/1900 1886/656/1884/1904 1885/657/1883/1903 
f 1881/652/1879/1899 1884/655/1882/1902 1887/658/1885/1905 
f 1881/652/1879/1899 1887/658/1885/1905 1886/656/1884/1904 
f 349/349/349/1596 1583/346/1581/1595 1888/659/1886/1906 
f 349/349/349/1596 1888/659/1886/1906 660/660/660/1907 
f 660/660/660/1907 1888/659/1886/1906 1889/661/1887/1908 
f 660/660/660/1907 1889/661/1887/1908 662/662/662/1909 
f 1583/346/1581/1595 1570/332/1568/1578 1887/658/1885/1905 
f 1583/346/1581/1595 1887/658/1885/1905 1888/659/1886/1906 
f 1888/659/1886/1906 1887/658/1885/1905 1884/655/1882/1902 
f 1888/659/1886/1906 1884/655/1882/1902 1889/661/1887/1908 
f 664/664/664/1910 1890/663/1888/1911 1208/22/1206/1211 
f 664/664/664/1910 1208/22/1206/1211 23/23/23/1210 
f 1890/663/1888/1911 1883/654/1881/1901 1206/19/1204/1207 
f 1890/663/1888/1911 1206/19/1204/1207 1208/22/1206/1211 
f 662/662/662/1909 1889/661/1887/1908 1890/663/1888/1911 
f 662/662/662/1909 1890/663/1888/1911 664/664/664/1910 
f 1889/661/1887/1908 1884/655/1882/1902 1883/654/1881/1901 
f 1889/661/1887/1908 1883/654/1881/1901 1890/663/1888/1911 
f 1232/42/1230/1235 1891/666/1889/1912 1892/665/1890/1913 
f 1232/42/1230/1235 1892/665/1890/1913 1229/41/1227/1232 
f 1891/666/1889/1912 1893/668/1891/1914 1894/667/1892/1915 
f 1891/666/1889/1912 1894/667/1892/1915 1892/665/1890/1913 
f 1234/44/1232/1237 1895/669/1893/1916 1891/666/1889/1912 
f 1234/44/1232/1237 1891/666/1889/1912 1232/42/1230/1235 
f 1895/669/1893/1916 1896/670/1894/1917 1893/668/1891/1914 
f 1895/669/1893/1916 1893/668/1891/1914 1891/666/1889/1912 
f 1897/671/1895/1918 1584/350/1582/1597 1587/351/1585/1600 
f 1897/671/1895/1918 1587/351/1585/1600 1898/672/1896/1919 
f 1899/673/1897/1920 1590/356/1588/1603 1584/350/1582/1597 
f 1899/673/1897/1920 1584/350/1582/1597 1897/671/1895/1918 
f 1893/668/1891/1914 1897/671/1895/1918 1898/672/1896/1919 
f 1893/668/1891/1914 1898/672/1896/1919 1894/667/1892/1915 
f 1896/670/1894/1917 1899/673/1897/1920 1897/671/1895/1918 
f 1896/670/1894/1917 1897/671/1895/1918 1893/668/1891/1914 
f 1606/371/1604/1619 1900/674/1898/1921 1901/675/1899/1922 
f 1606/371/1604/1619 1901/675/1899/1922 1607/374/1605/1620 
f 1900/674/1898/1921 1902/676/1900/1923 1903/677/1901/1924 
f 1900/674/1898/1921 1903/677/1901/1924 1901/675/1899/1922 
f 1590/356/1588/1603 1899/673/1897/1920 1900/674/1898/1921 
f 1590/356/1588/1603 1900/674/1898/1921 1606/371/1604/1619 
f 1899/673/1897/1920 1896/670/1894/1917 1902/676/1900/1923 
f 1899/673/1897/1920 1902/676/1900/1923 1900/674/1898/1921 
f 1904/678/1902/1925 1235/48/1233/1238 1238/49/1236/1241 
f 1904/678/1902/1925 1238/49/1236/1241 1905/679/1903/1926 
f 1895/669/1893/1916 1234/44/1232/1237 1235/48/1233/1238 
f 1895/669/1893/1916 1235/48/1233/1238 1904/678/1902/1925 
f 1902/676/1900/1923 1904/678/1902/1925 1905/679/1903/1926 
f 1902/676/1900/1923 1905/679/1903/1926 1903/677/1901/1924 
f 1896/670/1894/1917 1895/669/1893/1916 1904/678/1902/1925 
f 1896/670/1894/1917 1904/678/1902/1925 1902/676/1900/1923 
f 1262/66/1260/1265 1261/67/1259/1264 1906/681/1904/1927 
f 1262/66/1260/1265 1906/681/1904/1927 1907/680/1905/1928 
f 1907/680/1905/1928 1906/681/1904/1927 1908/683/1906/1929 
f 1907/680/1905/1928 1908/683/1906/1929 1909/682/1907/1930 
f 1261/67/1259/1264 1264/69/1262/1267 1910/684/1908/1931 
f 1261/67/1259/1264 1910/684/1908/1931 1906/681/1904/1927 
f 1906/681/1904/1927 1910/684/1908/1931 1911/685/1909/1932 
f 1906/681/1904/1927 1911/685/1909/1932 1908/683/1906/1929 
f 1912/687/1910/1933 1913/686/1911/1934 1610/375/1608/1623 
f 1912/687/1910/1933 1610/375/1608/1623 1609/376/1607/1622 
f 1914/688/1912/1935 1615/381/1613/1628 1610/375/1608/1623 
f 1914/688/1912/1935 1610/375/1608/1623 1913/686/1911/1934 
f 1909/682/1907/1930 1908/683/1906/1929 1913/686/1911/1934 
f 1909/682/1907/1930 1913/686/1911/1934 1912/687/1910/1933 
f 1908/683/1906/1929 1911/685/1909/1932 1914/688/1912/1935 
f 1908/683/1906/1929 1914/688/1912/1935 1913/686/1911/1934 
f 1633/399/1631/1646 1632/396/1630/1645 1915/689/1913/1936 
f 1633/399/1631/1646 1915/689/1913/1936 1916/690/1914/1937 
f 1916/690/1914/1937 1915/689/1913/1936 1917/691/1915/1938 
f 1916/690/1914/1937 1917/691/1915/1938 1918/692/1916/1939 
f 1615/381/1613/1628 1914/688/1912/1935 1915/689/1913/1936 
f 1615/381/1613/1628 1915/689/1913/1936 1632/396/1630/1645 
f 1915/689/1913/1936 1914/688/1912/1935 1911/685/1909/1932 
f 1915/689/1913/1936 1911/685/1909/1932 1917/691/1915/1938 
f 1919/694/1917/1940 1920/693/1918/1941 1268/73/1266/1271 
f 1919/694/1917/1940 1268/73/1266/1271 1267/74/1265/1270 
f 1920/693/1918/1941 1910/684/1908/1931 1264/69/1262/1267 
f 1920/693/1918/1941 1264/69/1262/1267 1268/73/1266/1271 
f 1918/692/1916/1939 1917/691/1915/1938 1920/693/1918/1941 
f 1918/692/1916/1939 1920/693/1918/1941 1919/694/1917/1940 
f 1917/691/1915/1938 1911/685/1909/1932 1910/684/1908/1931 
f 1917/691/1915/1938 1910/684/1908/1931 1920/693/1918/1941 
f 1292/93/1290/1295 1921/696/1919/1942 1922/695/1920/1943 
f 1292/93/1290/1295 1922/695/1920/1943 1289/92/1287/1292 
f 1921/696/1919/1942 1923/698/1921/1944 1924/697/1922/1945 
f 1921/696/1919/1942 1924/697/1922/1945 1922/695/1920/1943 
f 1294/95/1292/1297 1925/699/1923/1946 1921/696/1919/1942 
f 1294/95/1292/1297 1921/696/1919/1942 1292/93/1290/1295 
f 1925/699/1923/1946 1926/700/1924/1947 1923/698/1921/1944 
f 1925/699/1923/1946 1923/698/1921/1944 1921/696/1919/1942 
f 1927/701/1925/1948 1634/400/1632/1647 1637/401/1635/1650 
f 1927/701/1925/1948 1637/401/1635/1650 1928/702/1926/1949 
f 1929/703/1927/1950 1640/406/1638/1653 1634/400/1632/1647 
f 1929/703/1927/1950 1634/400/1632/1647 1927/701/1925/1948 
f 1923/698/1921/1944 1927/701/1925/1948 1928/702/1926/1949 
f 1923/698/1921/1944 1928/702/1926/1949 1924/697/1922/1945 
f 1926/700/1924/1947 1929/703/1927/1950 1927/701/1925/1948 
f 1926/700/1924/1947 1927/701/1925/1948 1923/698/1921/1944 
f 1656/421/1654/1669 1930/705/1928/1951 1931/704/1929/1952 
f 1656/421/1654/1669 1931/704/1929/1952 1657/424/1655/1670 
f 1930/705/1928/1951 1932/706/1930/1953 1933/707/1931/1954 
f 1930/705/1928/1951 1933/707/1931/1954 1931/704/1929/1952 
f 1640/406/1638/1653 1929/703/1927/1950 1930/705/1928/1951 
f 1640/406/1638/1653 1930/705/1928/1951 1656/421/1654/1669 
f 1929/703/1927/1950 1926/700/1924/1947 1932/706/1930/1953 
f 1929/703/1927/1950 1932/706/1930/1953 1930/705/1928/1951 
f 1934/708/1932/1955 1295/98/1293/1298 1298/99/1296/1301 
f 1934/708/1932/1955 1298/99/1296/1301 1935/709/1933/1956 
f 1925/699/1923/1946 1294/95/1292/1297 1295/98/1293/1298 
f 1925/699/1923/1946 1295/98/1293/1298 1934/708/1932/1955 
f 1932/706/1930/1953 1934/708/1932/1955 1935/709/1933/1956 
f 1932/706/1930/1953 1935/709/1933/1956 1933/707/1931/1954 
f 1926/700/1924/1947 1925/699/1923/1946 1934/708/1932/1955 
f 1926/700/1924/1947 1934/708/1932/1955 1932/706/1930/1953 
f 1322/116/1320/1325 1321/117/1319/1324 1936/710/1934/1957 
f 1322/116/1320/1325 1936/710/1934/1957 1937/711/1935/1958 
f 1937/711/1935/1958 1936/710/1934/1957 1938/712/1936/1959 
f 1937/711/1935/1958 1938/712/1936/1959 1939/713/1937/1960 
f 1321/117/1319/1324 1324/119/1322/1327 1940/714/1938/1961 
f 1321/117/1319/1324 1940/714/1938/1961 1936/710/1934/1957 
f 1936/710/1934/1957 1940/714/1938/1961 1941/715/1939/1962 
f 1936/710/1934/1957 1941/715/1939/1962 1938/712/1936/1959 
f 1942/717/1940/1963 1943/716/1941/1964 1660/426/1658/1673 
f 1942/717/1940/1963 1660/426/1658/1673 1659/427/1657/1672 
f 1943/716/1941/1964 1944/718/1942/1965 1665/432/1663/1678 
f 1943/716/1941/1964 1665/432/1663/1678 1660/426/1658/1673 
f 1939/713/1937/1960 1938/712/1936/1959 1943/716/1941/1964 
f 1939/713/1937/1960 1943/716/1941/1964 1942/717/1940/1963 
f 1938/712/1936/1959 1941/715/1939/1962 1944/718/1942/1965 
f 1938/712/1936/1959 1944/718/1942/1965 1943/716/1941/1964 
f 1683/449/1681/1696 1682/446/1680/1695 1945/719/1943/1966 
f 1683/449/1681/1696 1945/719/1943/1966 1946/720/1944/1967 
f 1946/720/1944/1967 1945/719/1943/1966 1947/721/1945/1968 
f 1946/720/1944/1967 1947/721/1945/1968 1948/722/1946/1969 
f 1682/446/1680/1695 1665/432/1663/1678 1944/718/1942/1965 
f 1682/446/1680/1695 1944/718/1942/1965 1945/719/1943/1966 
f 1945/719/1943/1966 1944/718/1942/1965 1941/715/1939/1962 
f 1945/719/1943/1966 1941/715/1939/1962 1947/721/1945/1968 
f 1949/724/1947/1970 1950/723/1948/1971 1328/122/1326/1331 
f 1949/724/1947/1970 1328/122/1326/1331 1327/123/1325/1330 
f 1950/723/1948/1971 1940/714/1938/1961 1324/119/1322/1327 
f 1950/723/1948/1971 1324/119/1322/1327 1328/122/1326/1331 
f 1948/722/1946/1969 1947/721/1945/1968 1950/723/1948/1971 
f 1948/722/1946/1969 1950/723/1948/1971 1949/724/1947/1970 
f 1947/721/1945/1968 1941/715/1939/1962 1940/714/1938/1961 
f 1947/721/1945/1968 1940/714/1938/1961 1950/723/1948/1971 
f 1352/142/1350/1355 1951/726/1949/1972 1952/725/1950/1973 
f 1352/142/1350/1355 1952/725/1950/1973 1349/141/1347/1352 
f 1951/726/1949/1972 1953/728/1951/1974 1954/727/1952/1975 
f 1951/726/1949/1972 1954/727/1952/1975 1952/725/1950/1973 
f 1354/144/1352/1357 1955/729/1953/1976 1951/726/1949/1972 
f 1354/144/1352/1357 1951/726/1949/1972 1352/142/1350/1355 
f 1955/729/1953/1976 1956/730/1954/1977 1953/728/1951/1974 
f 1955/729/1953/1976 1953/728/1951/1974 1951/726/1949/1972 
f 1957/731/1955/1978 1684/450/1682/1697 1687/451/1685/1700 
f 1957/731/1955/1978 1687/451/1685/1700 1958/732/1956/1979 
f 1959/733/1957/1980 1690/456/1688/1703 1684/450/1682/1697 
f 1959/733/1957/1980 1684/450/1682/1697 1957/731/1955/1978 
f 1953/728/1951/1974 1957/731/1955/1978 1958/732/1956/1979 
f 1953/728/1951/1974 1958/732/1956/1979 1954/727/1952/1975 
f 1956/730/1954/1977 1959/733/1957/1980 1957/731/1955/1978 
f 1956/730/1954/1977 1957/731/1955/1978 1953/728/1951/1974 
f 1706/474/1704/1719 1960/735/1958/1981 1961/734/1959/1982 
f 1706/474/1704/1719 1961/734/1959/1982 1707/473/1705/1720 
f 1960/735/1958/1981 1962/737/1960/1983 1963/736/1961/1984 
f 1960/735/1958/1981 1963/736/1961/1984 1961/734/1959/1982 
f 1690/456/1688/1703 1959/733/1957/1980 1960/735/1958/1981 
f 1690/456/1688/1703 1960/735/1958/1981 1706/474/1704/1719 
f 1959/733/1957/1980 1956/730/1954/1977 1962/737/1960/1983 
f 1959/733/1957/1980 1962/737/1960/1983 1960/735/1958/1981 
f 1964/738/1962/1985 1355/148/1353/1358 1358/149/1356/1361 
f 1964/738/1962/1985 1358/149/1356/1361 1965/739/1963/1986 
f 1955/729/1953/1976 1354/144/1352/1357 1355/148/1353/1358 
f 1955/729/1953/1976 1355/148/1353/1358 1964/738/1962/1985 
f 1962/737/1960/1983 1964/738/1962/1985 1965/739/1963/1986 
f 1962/737/1960/1983 1965/739/1963/1986 1963/736/1961/1984 
f 1956/730/1954/1977 1955/729/1953/1976 1964/738/1962/1985 
f 1956/730/1954/1977 1964/738/1962/1985 1962/737/1960/1983 
f 1381/167/1379/1384 1966/741/1964/1987 1967/740/1965/1988 
f 1381/167/1379/1384 1967/740/1965/1988 1382/166/1380/1385 
f 1966/741/1964/1987 1968/743/1966/1989 1969/742/1967/1990 
f 1966/741/1964/1987 1969/742/1967/1990 1967/740/1965/1988 
f 1384/169/1382/1387 1970/744/1968/1991 1966/741/1964/1987 
f 1384/169/1382/1387 1966/741/1964/1987 1381/167/1379/1384 
f 1970/744/1968/1991 1971/745/1969/1992 1968/743/1966/1989 
f 1970/744/1968/1991 1968/743/1966/1989 1966/741/1964/1987 
f 1972/746/1970/1993 1709/475/1707/1722 1712/476/1710/1725 
f 1972/746/1970/1993 1712/476/1710/1725 1973/747/1971/1994 
f 1974/748/1972/1995 1715/481/1713/1728 1709/475/1707/1722 
f 1974/748/1972/1995 1709/475/1707/1722 1972/746/1970/1993 
f 1968/743/1966/1989 1972/746/1970/1993 1973/747/1971/1994 
f 1968/743/1966/1989 1973/747/1971/1994 1969/742/1967/1990 
f 1971/745/1969/1992 1974/748/1972/1995 1972/746/1970/1993 
f 1971/745/1969/1992 1972/746/1970/1993 1968/743/1966/1989 
f 1731/496/1729/1744 1975/749/1973/1996 1976/750/1974/1997 
f 1731/496/1729/1744 1976/750/1974/1997 1732/499/1730/1745 
f 1975/749/1973/1996 1977/751/1975/1998 1978/752/1976/1999 
f 1975/749/1973/1996 1978/752/1976/1999 1976/750/1974/1997 
f 1715/481/1713/1728 1974/748/1972/1995 1975/749/1973/1996 
f 1715/481/1713/1728 1975/749/1973/1996 1731/496/1729/1744 
f 1974/748/1972/1995 1971/745/1969/1992 1977/751/1975/1998 
f 1974/748/1972/1995 1977/751/1975/1998 1975/749/1973/1996 
f 1979/753/1977/2000 1388/173/1386/1391 1387/174/1385/1390 
f 1979/753/1977/2000 1387/174/1385/1390 1980/754/1978/2001 
f 1970/744/1968/1991 1384/169/1382/1387 1388/173/1386/1391 
f 1970/744/1968/1991 1388/173/1386/1391 1979/753/1977/2000 
f 1977/751/1975/1998 1979/753/1977/2000 1980/754/1978/2001 
f 1977/751/1975/1998 1980/754/1978/2001 1978/752/1976/1999 
f 1971/745/1969/1992 1970/744/1968/1991 1979/753/1977/2000 
f 1971/745/1969/1992 1979/753/1977/2000 1977/751/1975/1998 
f 1411/192/1409/1414 1981/755/1979/2002 1982/756/1980/2003 
f 1411/192/1409/1414 1982/756/1980/2003 1412/191/1410/1415 
f 1981/755/1979/2002 1983/757/1981/2004 1984/758/1982/2005 
f 1981/755/1979/2002 1984/758/1982/2005 1982/756/1980/2003 
f 1414/195/1412/1417 1985/759/1983/2006 1981/755/1979/2002 
f 1414/195/1412/1417 1981/755/1979/2002 1411/192/1409/1414 
f 1985/759/1983/2006 1986/760/1984/2007 1983/757/1981/2004 
f 1985/759/1983/2006 1983/757/1981/2004 1981/755/1979/2002 
f 1987/761/1985/2008 1734/501/1732/1747 1737/502/1735/1750 
f 1987/761/1985/2008 1737/502/1735/1750 1988/762/1986/2009 
f 1989/763/1987/2010 1740/507/1738/1753 1734/501/1732/1747 
f 1989/763/1987/2010 1734/501/1732/1747 1987/761/1985/2008 
f 1983/757/1981/2004 1987/761/1985/2008 1988/762/1986/2009 
f 1983/757/1981/2004 1988/762/1986/2009 1984/758/1982/2005 
f 1986/760/1984/2007 1989/763/1987/2010 1987/761/1985/2008 
f 1986/760/1984/2007 1987/761/1985/2008 1983/757/1981/2004 
f 1756/524/1754/1769 1990/765/1988/2011 1991/764/1989/2012 
f 1756/524/1754/1769 1991/764/1989/2012 1757/523/1755/1770 
f 1990/765/1988/2011 1992/767/1990/2013 1993/766/1991/2014 
f 1990/765/1988/2011 1993/766/1991/2014 1991/764/1989/2012 
f 1740/507/1738/1753 1989/763/1987/2010 1990/765/1988/2011 
f 1740/507/1738/1753 1990/765/1988/2011 1756/524/1754/1769 
f 1989/763/1987/2010 1986/760/1984/2007 1992/767/1990/2013 
f 1989/763/1987/2010 1992/767/1990/2013 1990/765/1988/2011 
f 1994/768/1992/2015 1418/197/1416/1421 1417/198/1415/1420 
f 1994/768/1992/2015 1417/198/1415/1420 1995/769/1993/2016 
f 1985/759/1983/2006 1414/195/1412/1417 1418/197/1416/1421 
f 1985/759/1983/2006 1418/197/1416/1421 1994/768/1992/2015 
f 1992/767/1990/2013 1994/768/1992/2015 1995/769/1993/2016 
f 1992/767/1990/2013 1995/769/1993/2016 1993/766/1991/2014 
f 1986/760/1984/2007 1985/759/1983/2006 1994/768/1992/2015 
f 1986/760/1984/2007 1994/768/1992/2015 1992/767/1990/2013 
f 1327/123/1325/1330 1432/210/1430/1435 1996/770/1994/2017 
f 1327/123/1325/1330 1996/770/1994/2017 1949/724/1947/1970 
f 1949/724/1947/1970 1996/770/1994/2017 1997/771/1995/2018 
f 1949/724/1947/1970 1997/771/1995/2018 1948/722/1946/1969 
f 1432/210/1430/1435 1434/212/1432/1437 1998/772/1996/2019 
f 1432/210/1430/1435 1998/772/1996/2019 1996/770/1994/2017 
f 1996/770/1994/2017 1998/772/1996/2019 1999/773/1997/2020 
f 1996/770/1994/2017 1999/773/1997/2020 1997/771/1995/2018 
f 1946/720/1944/1967 2000/774/1998/2021 1759/526/1757/1772 
f 1946/720/1944/1967 1759/526/1757/1772 1683/449/1681/1696 
f 2000/774/1998/2021 2001/775/1999/2022 1762/528/1760/1775 
f 2000/774/1998/2021 1762/528/1760/1775 1759/526/1757/1772 
f 1948/722/1946/1969 1997/771/1995/2018 2000/774/1998/2021 
f 1948/722/1946/1969 2000/774/1998/2021 1946/720/1944/1967 
f 1997/771/1995/2018 1999/773/1997/2020 2001/775/1999/2022 
f 1997/771/1995/2018 2001/775/1999/2022 2000/774/1998/2021 
f 1564/327/1562/1572 1773/538/1771/1786 2002/776/2000/2023 
f 1564/327/1562/1572 2002/776/2000/2023 1885/657/1883/1903 
f 1885/657/1883/1903 2002/776/2000/2023 2003/777/2001/2024 
f 1885/657/1883/1903 2003/777/2001/2024 1882/653/1880/1900 
f 1773/538/1771/1786 1762/528/1760/1775 2001/775/1999/2022 
f 1773/538/1771/1786 2001/775/1999/2022 2002/776/2000/2023 
f 2002/776/2000/2023 2001/775/1999/2022 1999/773/1997/2020 
f 2002/776/2000/2023 1999/773/1997/2020 2003/777/2001/2024 
f 1880/651/1878/1898 2004/778/2002/2025 1436/214/1434/1439 
f 1880/651/1878/1898 1436/214/1434/1439 1204/16/1202/1205 
f 2004/778/2002/2025 1998/772/1996/2019 1434/212/1432/1437 
f 2004/778/2002/2025 1434/212/1432/1437 1436/214/1434/1439 
f 1882/653/1880/1900 2003/777/2001/2024 2004/778/2002/2025 
f 1882/653/1880/1900 2004/778/2002/2025 1880/651/1878/1898 
f 2003/777/2001/2024 1999/773/1997/2020 1998/772/1996/2019 
f 2003/777/2001/2024 1998/772/1996/2019 2004/778/2002/2025 
f 1450/225/1448/1453 2005/779/2003/2026 1965/739/1963/1986 
f 1450/225/1448/1453 1965/739/1963/1986 1358/149/1356/1361 
f 2005/779/2003/2026 2006/780/2004/2027 1963/736/1961/1984 
f 2005/779/2003/2026 1963/736/1961/1984 1965/739/1963/1986 
f 1452/227/1450/1455 2007/781/2005/2028 2005/779/2003/2026 
f 1452/227/1450/1455 2005/779/2003/2026 1450/225/1448/1453 
f 2007/781/2005/2028 2008/782/2006/2029 2006/780/2004/2027 
f 2007/781/2005/2028 2006/780/2004/2027 2005/779/2003/2026 
f 2009/783/2007/2030 1774/540/1772/1787 1707/473/1705/1720 
f 2009/783/2007/2030 1707/473/1705/1720 1961/734/1959/1982 
f 2009/783/2007/2030 2010/784/2008/2031 1777/544/1775/1790 
f 2009/783/2007/2030 1777/544/1775/1790 1774/540/1772/1787 
f 2006/780/2004/2027 2009/783/2007/2030 1961/734/1959/1982 
f 2006/780/2004/2027 1961/734/1959/1982 1963/736/1961/1984 
f 2008/782/2006/2029 2010/784/2008/2031 2009/783/2007/2030 
f 2008/782/2006/2029 2009/783/2007/2030 2006/780/2004/2027 
f 1788/554/1786/1801 2011/785/2009/2032 1898/672/1896/1919 
f 1788/554/1786/1801 1898/672/1896/1919 1587/351/1585/1600 
f 2011/785/2009/2032 2012/786/2010/2033 1894/667/1892/1915 
f 2011/785/2009/2032 1894/667/1892/1915 1898/672/1896/1919 
f 1788/554/1786/1801 1777/544/1775/1790 2010/784/2008/2031 
f 1788/554/1786/1801 2010/784/2008/2031 2011/785/2009/2032 
f 2011/785/2009/2032 2010/784/2008/2031 2008/782/2006/2029 
f 2011/785/2009/2032 2008/782/2006/2029 2012/786/2010/2033 
f 2013/787/2011/2034 1454/229/1452/1457 1229/41/1227/1232 
f 2013/787/2011/2034 1229/41/1227/1232 1892/665/1890/1913 
f 2007/781/2005/2028 1452/227/1450/1455 1454/229/1452/1457 
f 2007/781/2005/2028 1454/229/1452/1457 2013/787/2011/2034 
f 2012/786/2010/2033 2013/787/2011/2034 1892/665/1890/1913 
f 2012/786/2010/2033 1892/665/1890/1913 1894/667/1892/1915 
f 2008/782/2006/2029 2007/781/2005/2028 2013/787/2011/2034 
f 2008/782/2006/2029 2013/787/2011/2034 2012/786/2010/2033 
f 1387/174/1385/1390 1468/240/1466/1471 2014/788/2012/2035 
f 1387/174/1385/1390 2014/788/2012/2035 1980/754/1978/2001 
f 1980/754/1978/2001 2014/788/2012/2035 2015/789/2013/2036 
f 1980/754/1978/2001 2015/789/2013/2036 1978/752/1976/1999 
f 1468/240/1466/1471 1470/241/1468/1473 2016/790/2014/2037 
f 1468/240/1466/1471 2016/790/2014/2037 2014/788/2012/2035 
f 2014/788/2012/2035 2016/790/2014/2037 2017/791/2015/2038 
f 2014/788/2012/2035 2017/791/2015/2038 2015/789/2013/2036 
f 1976/750/1974/1997 2018/792/2016/2039 1789/556/1787/1802 
f 1976/750/1974/1997 1789/556/1787/1802 1732/499/1730/1745 
f 2018/792/2016/2039 2019/793/2017/2040 1792/559/1790/1805 
f 2018/792/2016/2039 1792/559/1790/1805 1789/556/1787/1802 
f 1978/752/1976/1999 2015/789/2013/2036 2018/792/2016/2039 
f 1978/752/1976/1999 2018/792/2016/2039 1976/750/1974/1997 
f 2015/789/2013/2036 2017/791/2015/2038 2019/793/2017/2040 
f 2015/789/2013/2036 2019/793/2017/2040 2018/792/2016/2039 
f 1609/376/1607/1622 1803/568/1801/1816 2020/794/2018/2041 
f 1609/376/1607/1622 2020/794/2018/2041 1912/687/1910/1933 
f 1912/687/1910/1933 2020/794/2018/2041 2021/795/2019/2042 
f 1912/687/1910/1933 2021/795/2019/2042 1909/682/1907/1930 
f 1803/568/1801/1816 1792/559/1790/1805 2019/793/2017/2040 
f 1803/568/1801/1816 2019/793/2017/2040 2020/794/2018/2041 
f 2020/794/2018/2041 2019/793/2017/2040 2017/791/2015/2038 
f 2020/794/2018/2041 2017/791/2015/2038 2021/795/2019/2042 
f 1907/680/1905/1928 2022/796/2020/2043 1472/244/1470/1475 
f 1907/680/1905/1928 1472/244/1470/1475 1262/66/1260/1265 
f 2022/796/2020/2043 2016/790/2014/2037 1470/241/1468/1473 
f 2022/796/2020/2043 1470/241/1468/1473 1472/244/1470/1475 
f 1909/682/1907/1930 2021/795/2019/2042 2022/796/2020/2043 
f 1909/682/1907/1930 2022/796/2020/2043 1907/680/1905/1928 
f 2021/795/2019/2042 2017/791/2015/2038 2016/790/2014/2037 
f 2021/795/2019/2042 2016/790/2014/2037 2022/796/2020/2043 
f 1486/254/1484/1489 2023/797/2021/2044 1995/769/1993/2016 
f 1486/254/1484/1489 1995/769/1993/2016 1417/198/1415/1420 
f 2023/797/2021/2044 2024/798/2022/2045 1993/766/1991/2014 
f 2023/797/2021/2044 1993/766/1991/2014 1995/769/1993/2016 
f 1488/257/1486/1491 2025/799/2023/2046 2023/797/2021/2044 
f 1488/257/1486/1491 2023/797/2021/2044 1486/254/1484/1489 
f 2025/799/2023/2046 2026/800/2024/2047 2024/798/2022/2045 
f 2025/799/2023/2046 2024/798/2022/2045 2023/797/2021/2044 
f 2027/801/2025/2048 1804/570/1802/1817 1757/523/1755/1770 
f 2027/801/2025/2048 1757/523/1755/1770 1991/764/1989/2012 
f 2028/802/2026/2049 1807/573/1805/1820 1804/570/1802/1817 
f 2028/802/2026/2049 1804/570/1802/1817 2027/801/2025/2048 
f 2024/798/2022/2045 2027/801/2025/2048 1991/764/1989/2012 
f 2024/798/2022/2045 1991/764/1989/2012 1993/766/1991/2014 
f 2026/800/2024/2047 2028/802/2026/2049 2027/801/2025/2048 
f 2026/800/2024/2047 2027/801/2025/2048 2024/798/2022/2045 
f 1818/584/1816/1831 2029/803/2027/2050 1928/702/1926/1949 
f 1818/584/1816/1831 1928/702/1926/1949 1637/401/1635/1650 
f 2029/803/2027/2050 2030/804/2028/2051 1924/697/1922/1945 
f 2029/803/2027/2050 1924/697/1922/1945 1928/702/1926/1949 
f 1807/573/1805/1820 2028/802/2026/2049 2029/803/2027/2050 
f 1807/573/1805/1820 2029/803/2027/2050 1818/584/1816/1831 
f 2028/802/2026/2049 2026/800/2024/2047 2030/804/2028/2051 
f 2028/802/2026/2049 2030/804/2028/2051 2029/803/2027/2050 
f 2031/805/2029/2052 1489/259/1487/1492 1289/92/1287/1292 
f 2031/805/2029/2052 1289/92/1287/1292 1922/695/1920/1943 
f 2025/799/2023/2046 1488/257/1486/1491 1489/259/1487/1492 
f 2025/799/2023/2046 1489/259/1487/1492 2031/805/2029/2052 
f 2030/804/2028/2051 2031/805/2029/2052 1922/695/1920/1943 
f 2030/804/2028/2051 1922/695/1920/1943 1924/697/1922/1945 
f 2026/800/2024/2047 2025/799/2023/2046 2031/805/2029/2052 
f 2026/800/2024/2047 2031/805/2029/2052 2030/804/2028/2051 
f 1267/74/1265/1270 1504/270/1502/1507 2032/806/2030/2053 
f 1267/74/1265/1270 2032/806/2030/2053 1919/694/1917/1940 
f 1919/694/1917/1940 2032/806/2030/2053 2033/807/2031/2054 
f 1919/694/1917/1940 2033/807/2031/2054 1918/692/1916/1939 
f 1504/270/1502/1507 1506/272/1504/1509 2034/808/2032/2055 
f 1504/270/1502/1507 2034/808/2032/2055 2032/806/2030/2053 
f 2032/806/2030/2053 2034/808/2032/2055 2035/809/2033/2056 
f 2032/806/2030/2053 2035/809/2033/2056 2033/807/2031/2054 
f 1916/690/1914/1937 2036/810/2034/2057 1819/586/1817/1832 
f 1916/690/1914/1937 1819/586/1817/1832 1633/399/1631/1646 
f 2036/810/2034/2057 2037/811/2035/2058 1822/589/1820/1835 
f 2036/810/2034/2057 1822/589/1820/1835 1819/586/1817/1832 
f 1918/692/1916/1939 2033/807/2031/2054 2036/810/2034/2057 
f 1918/692/1916/1939 2036/810/2034/2057 1916/690/1914/1937 
f 2033/807/2031/2054 2035/809/2033/2056 2037/811/2035/2058 
f 2033/807/2031/2054 2037/811/2035/2058 2036/810/2034/2057 
f 1659/427/1657/1672 1833/598/1831/1846 2038/812/2036/2059 
f 1659/427/1657/1672 2038/812/2036/2059 1942/717/1940/1963 
f 1942/717/1940/1963 2038/812/2036/2059 2039/813/2037/2060 
f 1942/717/1940/1963 2039/813/2037/2060 1939/713/1937/1960 
f 1833/598/1831/1846 1822/589/1820/1835 2037/811/2035/2058 
f 1833/598/1831/1846 2037/811/2035/2058 2038/812/2036/2059 
f 2038/812/2036/2059 2037/811/2035/2058 2035/809/2033/2056 
f 2038/812/2036/2059 2035/809/2033/2056 2039/813/2037/2060 
f 1937/711/1935/1958 2040/814/2038/2061 1508/274/1506/1511 
f 1937/711/1935/1958 1508/274/1506/1511 1322/116/1320/1325 
f 2040/814/2038/2061 2034/808/2032/2055 1506/272/1504/1509 
f 2040/814/2038/2061 1506/272/1504/1509 1508/274/1506/1511 
f 1939/713/1937/1960 2039/813/2037/2060 2040/814/2038/2061 
f 1939/713/1937/1960 2040/814/2038/2061 1937/711/1935/1958 
f 2039/813/2037/2060 2035/809/2033/2056 2034/808/2032/2055 
f 2039/813/2037/2060 2034/808/2032/2055 2040/814/2038/2061 
f 1522/285/1520/1525 2041/815/2039/2062 1935/709/1933/1956 
f 1522/285/1520/1525 1935/709/1933/1956 1298/99/1296/1301 
f 2041/815/2039/2062 2042/816/2040/2063 1933/707/1931/1954 
f 2041/815/2039/2062 1933/707/1931/1954 1935/709/1933/1956 
f 1524/286/1522/1527 2043/817/2041/2064 2041/815/2039/2062 
f 1524/286/1522/1527 2041/815/2039/2062 1522/285/1520/1525 
f 2043/817/2041/2064 2044/818/2042/2065 2042/816/2040/2063 
f 2043/817/2041/2064 2042/816/2040/2063 2041/815/2039/2062 
f 2045/819/2043/2066 1834/600/1832/1847 1657/424/1655/1670 
f 2045/819/2043/2066 1657/424/1655/1670 1931/704/1929/1952 
f 2046/820/2044/2067 1837/604/1835/1850 1834/600/1832/1847 
f 2046/820/2044/2067 1834/600/1832/1847 2045/819/2043/2066 
f 2042/816/2040/2063 2045/819/2043/2066 1931/704/1929/1952 
f 2042/816/2040/2063 1931/704/1929/1952 1933/707/1931/1954 
f 2044/818/2042/2065 2046/820/2044/2067 2045/819/2043/2066 
f 2044/818/2042/2065 2045/819/2043/2066 2042/816/2040/2063 
f 1848/614/1846/1861 2047/821/2045/2068 1958/732/1956/1979 
f 1848/614/1846/1861 1958/732/1956/1979 1687/451/1685/1700 
f 2047/821/2045/2068 2048/822/2046/2069 1954/727/1952/1975 
f 2047/821/2045/2068 1954/727/1952/1975 1958/732/1956/1979 
f 1837/604/1835/1850 2046/820/2044/2067 2047/821/2045/2068 
f 1837/604/1835/1850 2047/821/2045/2068 1848/614/1846/1861 
f 2046/820/2044/2067 2044/818/2042/2065 2048/822/2046/2069 
f 2046/820/2044/2067 2048/822/2046/2069 2047/821/2045/2068 
f 2049/823/2047/2070 1525/289/1523/1528 1349/141/1347/1352 
f 2049/823/2047/2070 1349/141/1347/1352 1952/725/1950/1973 
f 2043/817/2041/2064 1524/286/1522/1527 1525/289/1523/1528 
f 2043/817/2041/2064 1525/289/1523/1528 2049/823/2047/2070 
f 2048/822/2046/2069 2049/823/2047/2070 1952/725/1950/1973 
f 2048/822/2046/2069 1952/725/1950/1973 1954/727/1952/1975 
f 2044/818/2042/2065 2043/817/2041/2064 2049/823/2047/2070 
f 2044/818/2042/2065 2049/823/2047/2070 2048/822/2046/2069 
f 1540/300/1538/1543 2050/824/2048/2071 1905/679/1903/1926 
f 1540/300/1538/1543 1905/679/1903/1926 1238/49/1236/1241 
f 2050/824/2048/2071 2051/825/2049/2072 1903/677/1901/1924 
f 2050/824/2048/2071 1903/677/1901/1924 1905/679/1903/1926 
f 1540/300/1538/1543 1542/302/1540/1545 2052/826/2050/2073 
f 1540/300/1538/1543 2052/826/2050/2073 2050/824/2048/2071 
f 2050/824/2048/2071 2052/826/2050/2073 2053/827/2051/2074 
f 2050/824/2048/2071 2053/827/2051/2074 2051/825/2049/2072 
f 1901/675/1899/1922 2054/828/2052/2075 1849/616/1847/1862 
f 1901/675/1899/1922 1849/616/1847/1862 1607/374/1605/1620 
f 2054/828/2052/2075 2055/829/2053/2076 1852/619/1850/1865 
f 2054/828/2052/2075 1852/619/1850/1865 1849/616/1847/1862 
f 2051/825/2049/2072 2054/828/2052/2075 1901/675/1899/1922 
f 2051/825/2049/2072 1901/675/1899/1922 1903/677/1901/1924 
f 2051/825/2049/2072 2053/827/2051/2074 2055/829/2053/2076 
f 2051/825/2049/2072 2055/829/2053/2076 2054/828/2052/2075 
f 1712/476/1710/1725 1863/629/1861/1876 2056/830/2054/2077 
f 1712/476/1710/1725 2056/830/2054/2077 1973/747/1971/1994 
f 1973/747/1971/1994 2056/830/2054/2077 2057/831/2055/2078 
f 1973/747/1971/1994 2057/831/2055/2078 1969/742/1967/1990 
f 1863/629/1861/1876 1852/619/1850/1865 2055/829/2053/2076 
f 1863/629/1861/1876 2055/829/2053/2076 2056/830/2054/2077 
f 2056/830/2054/2077 2055/829/2053/2076 2053/827/2051/2074 
f 2056/830/2054/2077 2053/827/2051/2074 2057/831/2055/2078 
f 1967/740/1965/1988 2058/832/2056/2079 1544/304/1542/1547 
f 1967/740/1965/1988 1544/304/1542/1547 1382/166/1380/1385 
f 2058/832/2056/2079 2052/826/2050/2073 1542/302/1540/1545 
f 2058/832/2056/2079 1542/302/1540/1545 1544/304/1542/1547 
f 2057/831/2055/2078 2058/832/2056/2079 1967/740/1965/1988 
f 2057/831/2055/2078 1967/740/1965/1988 1969/742/1967/1990 
f 2057/831/2055/2078 2053/827/2051/2074 2052/826/2050/2073 
f 2057/831/2055/2078 2052/826/2050/2073 2058/832/2056/2079 
f 1559/319/1557/1566 2059/834/2057/2080 833/833/833/2081 
f 1559/319/1557/1566 833/833/833/2081 318/318/318/1567 
f 2059/834/2057/2080 2060/836/2058/2082 835/835/835/2083 
f 2059/834/2057/2080 835/835/835/2083 833/833/833/2081 
f 1561/321/1559/1569 2061/837/2059/2084 2059/834/2057/2080 
f 1561/321/1559/1569 2059/834/2057/2080 1559/319/1557/1566 
f 2061/837/2059/2084 2062/838/2060/2085 2060/836/2058/2082 
f 2061/837/2059/2084 2060/836/2058/2082 2059/834/2057/2080 
f 2063/839/2061/2086 1864/630/1862/1877 631/631/631/1880 
f 2063/839/2061/2086 631/631/631/1880 840/840/840/2087 
f 2064/841/2062/2088 1867/636/1865/1883 1864/630/1862/1877 
f 2064/841/2062/2088 1864/630/1862/1877 2063/839/2061/2086 
f 2060/836/2058/2082 2063/839/2061/2086 840/840/840/2087 
f 2060/836/2058/2082 840/840/840/2087 835/835/835/2083 
f 2062/838/2060/2085 2064/841/2062/2088 2063/839/2061/2086 
f 2062/838/2060/2085 2063/839/2061/2086 2060/836/2058/2082 
f 1878/648/1876/1896 2065/842/2063/2089 1988/762/1986/2009 
f 1878/648/1876/1896 1988/762/1986/2009 1737/502/1735/1750 
f 2065/842/2063/2089 2066/843/2064/2090 1984/758/1982/2005 
f 2065/842/2063/2089 1984/758/1982/2005 1988/762/1986/2009 
f 1867/636/1865/1883 2064/841/2062/2088 2065/842/2063/2089 
f 1867/636/1865/1883 2065/842/2063/2089 1878/648/1876/1896 
f 2064/841/2062/2088 2062/838/2060/2085 2066/843/2064/2090 
f 2064/841/2062/2088 2066/843/2064/2090 2065/842/2063/2089 
f 2067/844/2065/2091 1563/324/1561/1571 1412/191/1410/1415 
f 2067/844/2065/2091 1412/191/1410/1415 1982/756/1980/2003 
f 2061/837/2059/2084 1561/321/1559/1569 1563/324/1561/1571 
f 2061/837/2059/2084 1563/324/1561/1571 2067/844/2065/2091 
f 2066/843/2064/2090 2067/844/2065/2091 1982/756/1980/2003 
f 2066/843/2064/2090 1982/756/1980/2003 1984/758/1982/2005 
f 2062/838/2060/2085 2061/837/2059/2084 2067/844/2065/2091 
f 2062/838/2060/2085 2067/844/2065/2091 2066/843/2064/2090 
f 1576/337/1574/1584 1575/334/1573/1583 2068/845/2066/2092 
f 1576/337/1574/1584 2068/845/2066/2092 2069/846/2067/2093 
f 2069/846/2067/2093 2068/845/2066/2092 2070/847/2068/2094 
f 2069/846/2067/2093 2070/847/2068/2094 2071/848/2069/2095 
f 1575/334/1573/1583 1578/338/1576/1586 2072/849/2070/2096 
f 1575/334/1573/1583 2072/849/2070/2096 2068/845/2066/2092 
f 2068/845/2066/2092 2072/849/2070/2096 2073/850/2071/2097 
f 2068/845/2066/2092 2073/850/2071/2097 2070/847/2068/2094 
f 2074/858/2072/2098 2075/1247/2073/2099 2076/1051/2074/2100 
f 2074/858/2072/2098 2076/1051/2074/2100 2077/857/2075/2101 
f 2078/859/2076/2102 2079/866/2077/2103 2075/1247/2073/2099 
f 2078/859/2076/2102 2075/1247/2073/2099 2074/858/2072/2098 
f 2071/848/2069/2095 2070/847/2068/2094 2074/858/2072/2098 
f 2071/848/2069/2095 2074/858/2072/2098 2077/857/2075/2101 
f 2070/847/2068/2094 2073/850/2071/2097 2078/859/2076/2102 
f 2070/847/2068/2094 2078/859/2076/2102 2074/858/2072/2098 
f 2080/1248/2078/2104 2081/1249/2079/2105 2082/1250/2080/2106 
f 2084/863/2081/2107 2085/864/2082/2108 865/865/865/2109 
f 2084/863/2081/2107 865/865/865/2109 862/862/862/2110 
f 856/856/856/2111 2086/855/2083/2112 2081/1249/2079/2105 
f 856/856/856/2111 2081/1249/2079/2105 2080/1248/2078/2104 
f 2078/859/2076/2102 2073/850/2071/2097 2085/864/2082/2108 
f 2078/859/2076/2102 2085/864/2082/2108 2084/863/2081/2107 
f 2087/867/2084/2113 1579/340/1577/1587 341/341/341/1590 
f 2087/867/2084/2113 341/341/341/1590 868/868/868/2114 
f 2087/867/2084/2113 2072/849/2070/2096 1578/338/1576/1586 
f 2087/867/2084/2113 1578/338/1576/1586 1579/340/1577/1587 
f 2085/864/2082/2108 2087/867/2084/2113 868/868/868/2114 
f 2085/864/2082/2108 868/868/868/2114 865/865/865/2109 
f 2073/850/2071/2097 2072/849/2070/2096 2087/867/2084/2113 
f 2073/850/2071/2097 2087/867/2084/2113 2085/864/2082/2108 
f 1594/362/1592/1607 2088/870/2085/2115 2089/869/2086/2116 
f 1594/362/1592/1607 2089/869/2086/2116 1595/361/1593/1608 
f 2088/870/2085/2115 2090/872/2087/2117 2091/871/2088/2118 
f 2088/870/2085/2115 2091/871/2088/2118 2089/869/2086/2116 
f 1598/364/1596/1611 2092/873/2089/2119 2088/870/2085/2115 
f 1598/364/1596/1611 2088/870/2085/2115 1594/362/1592/1607 
f 2092/873/2089/2119 2093/874/2090/2120 2090/872/2087/2117 
f 2092/873/2089/2119 2090/872/2087/2117 2088/870/2085/2115 
f 2094/881/2091/2121 2095/1251/2092/2122 2096/1069/2093/2123 
f 2094/881/2091/2121 2096/1069/2093/2123 2097/882/2094/2124 
f 2094/881/2091/2121 2098/883/2095/2125 2099/890/2096/2126 
f 2094/881/2091/2121 2099/890/2096/2126 2095/1251/2092/2122 
f 2090/872/2087/2117 2094/881/2091/2121 2097/882/2094/2124 
f 2090/872/2087/2117 2097/882/2094/2124 2091/871/2088/2118 
f 2093/874/2090/2120 2098/883/2095/2125 2094/881/2091/2121 
f 2093/874/2090/2120 2094/881/2091/2121 2090/872/2087/2117 
f 2100/1252/2097/2127 2101/1253/2098/2128 2102/1151/2099/2129 
f 2100/1252/2097/2127 2102/1151/2099/2129 1152/1152/1152/2130 
f 2103/887/2100/2131 2104/889/2101/2132 2105/888/2102/2133 
f 2103/887/2100/2131 2105/888/2102/2133 2106/886/2103/2134 
f 879/879/879/2135 2107/880/2104/2136 2101/1253/2098/2128 
f 879/879/879/2135 2101/1253/2098/2128 2100/1252/2097/2127 
f 2098/883/2095/2125 2093/874/2090/2120 2104/889/2101/2132 
f 2098/883/2095/2125 2104/889/2101/2132 2103/887/2100/2131 
f 2108/891/2105/2137 1599/366/1597/1612 1602/367/1600/1615 
f 2108/891/2105/2137 1602/367/1600/1615 2109/892/2106/2138 
f 2092/873/2089/2119 1598/364/1596/1611 1599/366/1597/1612 
f 2092/873/2089/2119 1599/366/1597/1612 2108/891/2105/2137 
f 2104/889/2101/2132 2108/891/2105/2137 2109/892/2106/2138 
f 2104/889/2101/2132 2109/892/2106/2138 2105/888/2102/2133 
f 2093/874/2090/2120 2092/873/2089/2119 2108/891/2105/2137 
f 2093/874/2090/2120 2108/891/2105/2137 2104/889/2101/2132 
f 1619/387/1617/1632 2110/894/2107/2139 2111/893/2108/2140 
f 1619/387/1617/1632 2111/893/2108/2140 1620/386/1618/1633 
f 2110/894/2107/2139 2112/896/2109/2141 2113/895/2110/2142 
f 2110/894/2107/2139 2113/895/2110/2142 2111/893/2108/2140 
f 1623/389/1621/1636 2114/897/2111/2143 2110/894/2107/2139 
f 1623/389/1621/1636 2110/894/2107/2139 1619/387/1617/1632 
f 2114/897/2111/2143 2115/898/2112/2144 2112/896/2109/2141 
f 2114/897/2111/2143 2112/896/2109/2141 2110/894/2107/2139 
f 2116/905/2113/2145 2117/1254/2114/2146 2118/1087/2115/2147 
f 2116/905/2113/2145 2118/1087/2115/2147 2119/906/2116/2148 
f 2116/905/2113/2145 2120/907/2117/2149 2121/914/2118/2150 
f 2116/905/2113/2145 2121/914/2118/2150 2117/1254/2114/2146 
f 2112/896/2109/2141 2116/905/2113/2145 2119/906/2116/2148 
f 2112/896/2109/2141 2119/906/2116/2148 2113/895/2110/2142 
f 2115/898/2112/2144 2120/907/2117/2149 2116/905/2113/2145 
f 2115/898/2112/2144 2116/905/2113/2145 2112/896/2109/2141 
f 2122/1255/2119/2151 2123/1256/2120/2152 2124/1115/2121/2153 
f 2122/1255/2119/2151 2124/1115/2121/2153 1116/1116/1116/2154 
f 2125/911/2122/2155 2126/913/2123/2156 2127/912/2124/2157 
f 2125/911/2122/2155 2127/912/2124/2157 2128/910/2125/2158 
f 903/903/903/2159 2129/904/2126/2160 2123/1256/2120/2152 
f 903/903/903/2159 2123/1256/2120/2152 2122/1255/2119/2151 
f 2120/907/2117/2149 2115/898/2112/2144 2126/913/2123/2156 
f 2120/907/2117/2149 2126/913/2123/2156 2125/911/2122/2155 
f 2130/915/2127/2161 1624/391/1622/1637 1627/392/1625/1640 
f 2130/915/2127/2161 1627/392/1625/1640 2131/916/2128/2162 
f 2114/897/2111/2143 1623/389/1621/1636 1624/391/1622/1637 
f 2114/897/2111/2143 1624/391/1622/1637 2130/915/2127/2161 
f 2126/913/2123/2156 2130/915/2127/2161 2131/916/2128/2162 
f 2126/913/2123/2156 2131/916/2128/2162 2127/912/2124/2157 
f 2115/898/2112/2144 2114/897/2111/2143 2130/915/2127/2161 
f 2115/898/2112/2144 2130/915/2127/2161 2126/913/2123/2156 
f 1644/412/1642/1657 2132/918/2129/2163 2133/917/2130/2164 
f 1644/412/1642/1657 2133/917/2130/2164 1645/411/1643/1658 
f 2132/918/2129/2163 2134/920/2131/2165 2135/919/2132/2166 
f 2132/918/2129/2163 2135/919/2132/2166 2133/917/2130/2164 
f 1648/414/1646/1661 2136/921/2133/2167 2132/918/2129/2163 
f 1648/414/1646/1661 2132/918/2129/2163 1644/412/1642/1657 
f 2136/921/2133/2167 2137/922/2134/2168 2134/920/2131/2165 
f 2136/921/2133/2167 2134/920/2131/2165 2132/918/2129/2163 
f 2138/930/2135/2169 2139/1257/2136/2170 2140/1105/2137/2171 
f 2138/930/2135/2169 2140/1105/2137/2171 2141/929/2138/2172 
f 2142/931/2139/2173 2143/938/2140/2174 2139/1257/2136/2170 
f 2142/931/2139/2173 2139/1257/2136/2170 2138/930/2135/2169 
f 2134/920/2131/2165 2138/930/2135/2169 2141/929/2138/2172 
f 2134/920/2131/2165 2141/929/2138/2172 2135/919/2132/2166 
f 2137/922/2134/2168 2142/931/2139/2173 2138/930/2135/2169 
f 2137/922/2134/2168 2138/930/2135/2169 2134/920/2131/2165 
f 2144/1258/2141/2175 2145/1259/2142/2176 2146/1133/2143/2177 
f 2144/1258/2141/2175 2146/1133/2143/2177 1134/1134/1134/2178 
f 2147/935/2144/2179 2148/937/2145/2180 2149/936/2146/2181 
f 2147/935/2144/2179 2149/936/2146/2181 2150/934/2147/2182 
f 928/928/928/2183 2151/927/2148/2184 2145/1259/2142/2176 
f 928/928/928/2183 2145/1259/2142/2176 2144/1258/2141/2175 
f 2142/931/2139/2173 2137/922/2134/2168 2148/937/2145/2180 
f 2142/931/2139/2173 2148/937/2145/2180 2147/935/2144/2179 
f 2152/939/2149/2185 1649/416/1647/1662 1652/417/1650/1665 
f 2152/939/2149/2185 1652/417/1650/1665 2153/940/2150/2186 
f 2136/921/2133/2167 1648/414/1646/1661 1649/416/1647/1662 
f 2136/921/2133/2167 1649/416/1647/1662 2152/939/2149/2185 
f 2148/937/2145/2180 2152/939/2149/2185 2153/940/2150/2186 
f 2148/937/2145/2180 2153/940/2150/2186 2149/936/2146/2181 
f 2137/922/2134/2168 2136/921/2133/2167 2152/939/2149/2185 
f 2137/922/2134/2168 2152/939/2149/2185 2148/937/2145/2180 
f 1671/437/1669/1684 1670/434/1668/1683 2154/941/2151/2187 
f 1671/437/1669/1684 2154/941/2151/2187 2155/942/2152/2188 
f 2154/941/2151/2187 2156/943/2153/2189 2157/944/2154/2190 
f 2154/941/2151/2187 2157/944/2154/2190 2155/942/2152/2188 
f 1673/439/1671/1686 2158/945/2155/2191 2154/941/2151/2187 
f 1673/439/1671/1686 2154/941/2151/2187 1670/434/1668/1683 
f 2158/945/2155/2191 2159/946/2156/2192 2156/943/2153/2189 
f 2158/945/2155/2191 2156/943/2153/2189 2154/941/2151/2187 
f 2160/954/2157/2193 2161/953/2158/2194 2162/1260/2159/2195 
f 2160/954/2157/2193 2162/1260/2159/2195 2163/1123/2160/2196 
f 2161/953/2158/2194 2164/955/2161/2197 2165/962/2162/2198 
f 2161/953/2158/2194 2165/962/2162/2198 2162/1260/2159/2195 
f 2156/943/2153/2189 2161/953/2158/2194 2160/954/2157/2193 
f 2156/943/2153/2189 2160/954/2157/2193 2157/944/2154/2190 
f 2159/946/2156/2192 2164/955/2161/2197 2161/953/2158/2194 
f 2159/946/2156/2192 2161/953/2158/2194 2156/943/2153/2189 
f 2166/1261/2163/2199 2167/1262/2164/2200 2168/1043/2165/2201 
f 2166/1261/2163/2199 2168/1043/2165/2201 1044/1044/1044/2202 
f 2169/959/2166/2203 2170/961/2167/2204 2171/960/2168/2205 
f 2169/959/2166/2203 2171/960/2168/2205 2172/958/2169/2206 
f 951/951/951/2207 2173/952/2170/2208 2167/1262/2164/2200 
f 951/951/951/2207 2167/1262/2164/2200 2166/1261/2163/2199 
f 2164/955/2161/2197 2159/946/2156/2192 2170/961/2167/2204 
f 2164/955/2161/2197 2170/961/2167/2204 2169/959/2166/2203 
f 2174/964/2171/2209 2175/963/2172/2210 1675/441/1673/1688 
f 2174/964/2171/2209 1675/441/1673/1688 1674/442/1672/1687 
f 2158/945/2155/2191 1673/439/1671/1686 1675/441/1673/1688 
f 2158/945/2155/2191 1675/441/1673/1688 2175/963/2172/2210 
f 2170/961/2167/2204 2175/963/2172/2210 2174/964/2171/2209 
f 2170/961/2167/2204 2174/964/2171/2209 2171/960/2168/2205 
f 2159/946/2156/2192 2158/945/2155/2191 2175/963/2172/2210 
f 2159/946/2156/2192 2175/963/2172/2210 2170/961/2167/2204 
f 1694/462/1692/1707 2176/966/2173/2211 2177/965/2174/2212 
f 1694/462/1692/1707 2177/965/2174/2212 1695/461/1693/1708 
f 2176/966/2173/2211 2178/968/2175/2213 2179/967/2176/2214 
f 2176/966/2173/2211 2179/967/2176/2214 2177/965/2174/2212 
f 1698/464/1696/1711 2180/969/2177/2215 2176/966/2173/2211 
f 1698/464/1696/1711 2176/966/2173/2211 1694/462/1692/1707 
f 2180/969/2177/2215 2181/970/2178/2216 2178/968/2175/2213 
f 2180/969/2177/2215 2178/968/2175/2213 2176/966/2173/2211 
f 2182/977/2179/2217 2183/1263/2180/2218 2184/1141/2181/2219 
f 2182/977/2179/2217 2184/1141/2181/2219 2185/978/2182/2220 
f 2182/977/2179/2217 2186/979/2183/2221 2187/986/2184/2222 
f 2182/977/2179/2217 2187/986/2184/2222 2183/1263/2180/2218 
f 2178/968/2175/2213 2182/977/2179/2217 2185/978/2182/2220 
f 2178/968/2175/2213 2185/978/2182/2220 2179/967/2176/2214 
f 2181/970/2178/2216 2186/979/2183/2221 2182/977/2179/2217 
f 2181/970/2178/2216 2182/977/2179/2217 2178/968/2175/2213 
f 2188/1264/2185/2223 2189/1265/2186/2224 2190/1061/2187/2225 
f 2188/1264/2185/2223 2190/1061/2187/2225 1062/1062/1062/2226 
f 2191/983/2188/2227 2192/985/2189/2228 2193/984/2190/2229 
f 2191/983/2188/2227 2193/984/2190/2229 2194/982/2191/2230 
f 975/975/975/2231 2195/976/2192/2232 2189/1265/2186/2224 
f 975/975/975/2231 2189/1265/2186/2224 2188/1264/2185/2223 
f 2186/979/2183/2221 2181/970/2178/2216 2192/985/2189/2228 
f 2186/979/2183/2221 2192/985/2189/2228 2191/983/2188/2227 
f 2196/987/2193/2233 1699/465/1697/1712 1702/466/1700/1715 
f 2196/987/2193/2233 1702/466/1700/1715 2197/988/2194/2234 
f 2180/969/2177/2215 1698/464/1696/1711 1699/465/1697/1712 
f 2180/969/2177/2215 1699/465/1697/1712 2196/987/2193/2233 
f 2192/985/2189/2228 2196/987/2193/2233 2197/988/2194/2234 
f 2192/985/2189/2228 2197/988/2194/2234 2193/984/2190/2229 
f 2181/970/2178/2216 2180/969/2177/2215 2196/987/2193/2233 
f 2181/970/2178/2216 2196/987/2193/2233 2192/985/2189/2228 
f 1719/487/1717/1732 2198/990/2195/2235 2199/989/2196/2236 
f 1719/487/1717/1732 2199/989/2196/2236 1720/486/1718/1733 
f 2198/990/2195/2235 2200/992/2197/2237 2201/991/2198/2238 
f 2198/990/2195/2235 2201/991/2198/2238 2199/989/2196/2236 
f 1723/489/1721/1736 2202/993/2199/2239 2198/990/2195/2235 
f 1723/489/1721/1736 2198/990/2195/2235 1719/487/1717/1732 
f 2202/993/2199/2239 2203/994/2200/2240 2200/992/2197/2237 
f 2202/993/2199/2239 2200/992/2197/2237 2198/990/2195/2235 
f 2204/1001/2201/2241 2205/1266/2202/2242 2206/1159/2203/2243 
f 2204/1001/2201/2241 2206/1159/2203/2243 2207/1002/2204/2244 
f 2204/1001/2201/2241 2208/1003/2205/2245 2209/1010/2206/2246 
f 2204/1001/2201/2241 2209/1010/2206/2246 2205/1266/2202/2242 
f 2200/992/2197/2237 2204/1001/2201/2241 2207/1002/2204/2244 
f 2200/992/2197/2237 2207/1002/2204/2244 2201/991/2198/2238 
f 2203/994/2200/2240 2208/1003/2205/2245 2204/1001/2201/2241 
f 2203/994/2200/2240 2204/1001/2201/2241 2200/992/2197/2237 
f 2210/1267/2207/2247 2211/1268/2208/2248 2212/1079/2209/2249 
f 2210/1267/2207/2247 2212/1079/2209/2249 1080/1080/1080/2250 
f 2213/1007/2210/2251 2214/1009/2211/2252 2215/1008/2212/2253 
f 2213/1007/2210/2251 2215/1008/2212/2253 2216/1006/2213/2254 
f 999/999/999/2255 2217/1000/2214/2256 2211/1268/2208/2248 
f 999/999/999/2255 2211/1268/2208/2248 2210/1267/2207/2247 
f 2208/1003/2205/2245 2203/994/2200/2240 2214/1009/2211/2252 
f 2208/1003/2205/2245 2214/1009/2211/2252 2213/1007/2210/2251 
f 2218/1011/2215/2257 1724/491/1722/1737 1727/492/1725/1740 
f 2218/1011/2215/2257 1727/492/1725/1740 2219/1012/2216/2258 
f 2202/993/2199/2239 1723/489/1721/1736 1724/491/1722/1737 
f 2202/993/2199/2239 1724/491/1722/1737 2218/1011/2215/2257 
f 2214/1009/2211/2252 2218/1011/2215/2257 2219/1012/2216/2258 
f 2214/1009/2211/2252 2219/1012/2216/2258 2215/1008/2212/2253 
f 2203/994/2200/2240 2202/993/2199/2239 2218/1011/2215/2257 
f 2203/994/2200/2240 2218/1011/2215/2257 2214/1009/2211/2252 
f 1744/509/1742/1757 2220/1013/2217/2259 2221/1014/2218/2260 
f 1744/509/1742/1757 2221/1014/2218/2260 1745/512/1743/1758 
f 2220/1013/2217/2259 2222/1016/2219/2261 2223/1015/2220/2262 
f 2220/1013/2217/2259 2223/1015/2220/2262 2221/1014/2218/2260 
f 1748/513/1746/1761 2224/1017/2221/2263 2220/1013/2217/2259 
f 1748/513/1746/1761 2220/1013/2217/2259 1744/509/1742/1757 
f 2224/1017/2221/2263 2225/1018/2222/2264 2222/1016/2219/2261 
f 2224/1017/2221/2263 2222/1016/2219/2261 2220/1013/2217/2259 
f 2226/1026/2223/2265 2227/1269/2224/2266 2228/1178/2225/2267 
f 2226/1026/2223/2265 2228/1178/2225/2267 2229/1025/2226/2268 
f 2230/1027/2227/2269 2231/1034/2228/2270 2227/1269/2224/2266 
f 2230/1027/2227/2269 2227/1269/2224/2266 2226/1026/2223/2265 
f 2222/1016/2219/2261 2226/1026/2223/2265 2229/1025/2226/2268 
f 2222/1016/2219/2261 2229/1025/2226/2268 2223/1015/2220/2262 
f 2225/1018/2222/2264 2230/1027/2227/2269 2226/1026/2223/2265 
f 2225/1018/2222/2264 2226/1026/2223/2265 2222/1016/2219/2261 
f 2232/1270/2229/2271 2233/1271/2230/2272 2234/1097/2231/2273 
f 2232/1270/2229/2271 2234/1097/2231/2273 1098/1098/1098/2274 
f 2235/1031/2232/2275 2236/1032/2233/2276 2237/1033/2234/2277 
f 2235/1031/2232/2275 2237/1033/2234/2277 2238/1030/2235/2278 
f 1024/1024/1024/2279 2239/1023/2236/2280 2233/1271/2230/2272 
f 1024/1024/1024/2279 2233/1271/2230/2272 2232/1270/2229/2271 
f 2230/1027/2227/2269 2225/1018/2222/2264 2236/1032/2233/2276 
f 2230/1027/2227/2269 2236/1032/2233/2276 2235/1031/2232/2275 
f 2240/1035/2237/2281 1749/515/1747/1762 1752/516/1750/1765 
f 2240/1035/2237/2281 1752/516/1750/1765 2241/1036/2238/2282 
f 2224/1017/2221/2263 1748/513/1746/1761 1749/515/1747/1762 
f 2224/1017/2221/2263 1749/515/1747/1762 2240/1035/2237/2281 
f 2236/1032/2233/2276 2240/1035/2237/2281 2241/1036/2238/2282 
f 2236/1032/2233/2276 2241/1036/2238/2282 2237/1033/2234/2277 
f 2225/1018/2222/2264 2224/1017/2221/2263 2240/1035/2237/2281 
f 2225/1018/2222/2264 2240/1035/2237/2281 2236/1032/2233/2276 
f 1674/442/1672/1687 1766/532/1764/1779 2242/1037/2239/2283 
f 1674/442/1672/1687 2242/1037/2239/2283 2174/964/2171/2209 
f 2174/964/2171/2209 2242/1037/2239/2283 2243/1038/2240/2284 
f 2174/964/2171/2209 2243/1038/2240/2284 2171/960/2168/2205 
f 1766/532/1764/1779 1768/534/1766/1781 2244/1039/2241/2285 
f 1766/532/1764/1779 2244/1039/2241/2285 2242/1037/2239/2283 
f 2242/1037/2239/2283 2244/1039/2241/2285 2245/1040/2242/2286 
f 2242/1037/2239/2283 2245/1040/2242/2286 2243/1038/2240/2284 
f 2172/958/2169/2206 2246/1047/2243/2287 2247/1272/2244/2288 
f 2172/958/2169/2206 2247/1272/2244/2288 2248/957/2245/2289 
f 2246/1047/2243/2287 2249/1048/2246/2290 2250/1053/2247/2291 
f 2246/1047/2243/2287 2250/1053/2247/2291 2247/1272/2244/2288 
f 2171/960/2168/2205 2243/1038/2240/2284 2246/1047/2243/2287 
f 2171/960/2168/2205 2246/1047/2243/2287 2172/958/2169/2206 
f 2243/1038/2240/2284 2245/1040/2242/2286 2249/1048/2246/2290 
f 2243/1038/2240/2284 2249/1048/2246/2290 2246/1047/2243/2287 
f 853/853/853/2292 2251/1273/2248/2293 2252/1274/2249/2294 
f 853/853/853/2292 2252/1274/2249/2294 2253/852/2250/2295 
f 2077/857/2075/2101 2254/1049/2251/2296 2255/1052/2252/2297 
f 2077/857/2075/2101 2255/1052/2252/2297 2071/848/2069/2095 
f 2251/1273/2248/2293 1045/1045/1045/2298 2256/1046/2253/2299 
f 2251/1273/2248/2293 2256/1046/2253/2299 2252/1274/2249/2294 
f 2254/1049/2251/2296 2249/1048/2246/2290 2245/1040/2242/2286 
f 2254/1049/2251/2296 2245/1040/2242/2286 2255/1052/2252/2297 
f 2069/846/2067/2093 2257/1054/2254/2300 1769/536/1767/1782 
f 2069/846/2067/2093 1769/536/1767/1782 1576/337/1574/1584 
f 2257/1054/2254/2300 2244/1039/2241/2285 1768/534/1766/1781 
f 2257/1054/2254/2300 1768/534/1766/1781 1769/536/1767/1782 
f 2071/848/2069/2095 2255/1052/2252/2297 2257/1054/2254/2300 
f 2071/848/2069/2095 2257/1054/2254/2300 2069/846/2067/2093 
f 2255/1052/2252/2297 2245/1040/2242/2286 2244/1039/2241/2285 
f 2255/1052/2252/2297 2244/1039/2241/2285 2257/1054/2254/2300 
f 1702/466/1700/1715 1781/546/1779/1794 2258/1055/2255/2301 
f 1702/466/1700/1715 2258/1055/2255/2301 2197/988/2194/2234 
f 2197/988/2194/2234 2258/1055/2255/2301 2259/1056/2256/2302 
f 2197/988/2194/2234 2259/1056/2256/2302 2193/984/2190/2229 
f 1781/546/1779/1794 1783/548/1781/1796 2260/1057/2257/2303 
f 1781/546/1779/1794 2260/1057/2257/2303 2258/1055/2255/2301 
f 2258/1055/2255/2301 2260/1057/2257/2303 2261/1058/2258/2304 
f 2258/1055/2255/2301 2261/1058/2258/2304 2259/1056/2256/2302 
f 2194/982/2191/2230 2262/1065/2259/2305 2263/1275/2260/2306 
f 2194/982/2191/2230 2263/1275/2260/2306 2264/981/2261/2307 
f 2262/1065/2259/2305 2265/1066/2262/2308 2266/1071/2263/2309 
f 2262/1065/2259/2305 2266/1071/2263/2309 2263/1275/2260/2306 
f 2193/984/2190/2229 2259/1056/2256/2302 2262/1065/2259/2305 
f 2193/984/2190/2229 2262/1065/2259/2305 2194/982/2191/2230 
f 2259/1056/2256/2302 2261/1058/2258/2304 2265/1066/2262/2308 
f 2259/1056/2256/2302 2265/1066/2262/2308 2262/1065/2259/2305 
f 878/878/878/2310 2267/1276/2264/2311 2268/1277/2265/2312 
f 878/878/878/2310 2268/1277/2265/2312 2269/877/2266/2313 
f 2097/882/2094/2124 2270/1067/2267/2314 2271/1070/2268/2315 
f 2097/882/2094/2124 2271/1070/2268/2315 2091/871/2088/2118 
f 2267/1276/2264/2311 1063/1063/1063/2316 2272/1064/2269/2317 
f 2267/1276/2264/2311 2272/1064/2269/2317 2268/1277/2265/2312 
f 2270/1067/2267/2314 2265/1066/2262/2308 2261/1058/2258/2304 
f 2270/1067/2267/2314 2261/1058/2258/2304 2271/1070/2268/2315 
f 2089/869/2086/2116 2273/1072/2270/2318 1784/551/1782/1797 
f 2089/869/2086/2116 1784/551/1782/1797 1595/361/1593/1608 
f 2273/1072/2270/2318 2260/1057/2257/2303 1783/548/1781/1796 
f 2273/1072/2270/2318 1783/548/1781/1796 1784/551/1782/1797 
f 2091/871/2088/2118 2271/1070/2268/2315 2273/1072/2270/2318 
f 2091/871/2088/2118 2273/1072/2270/2318 2089/869/2086/2116 
f 2271/1070/2268/2315 2261/1058/2258/2304 2260/1057/2257/2303 
f 2271/1070/2268/2315 2260/1057/2257/2303 2273/1072/2270/2318 
f 1727/492/1725/1740 1796/561/1794/1809 2274/1073/2271/2319 
f 1727/492/1725/1740 2274/1073/2271/2319 2219/1012/2216/2258 
f 2219/1012/2216/2258 2274/1073/2271/2319 2275/1074/2272/2320 
f 2219/1012/2216/2258 2275/1074/2272/2320 2215/1008/2212/2253 
f 1796/561/1794/1809 1798/563/1796/1811 2276/1075/2273/2321 
f 1796/561/1794/1809 2276/1075/2273/2321 2274/1073/2271/2319 
f 2274/1073/2271/2319 2276/1075/2273/2321 2277/1076/2274/2322 
f 2274/1073/2271/2319 2277/1076/2274/2322 2275/1074/2272/2320 
f 2216/1006/2213/2254 2278/1083/2275/2323 2279/1278/2276/2324 
f 2216/1006/2213/2254 2279/1278/2276/2324 2280/1005/2277/2325 
f 2278/1083/2275/2323 2281/1084/2278/2326 2282/1089/2279/2327 
f 2278/1083/2275/2323 2282/1089/2279/2327 2279/1278/2276/2324 
f 2215/1008/2212/2253 2275/1074/2272/2320 2278/1083/2275/2323 
f 2215/1008/2212/2253 2278/1083/2275/2323 2216/1006/2213/2254 
f 2275/1074/2272/2320 2277/1076/2274/2322 2281/1084/2278/2326 
f 2275/1074/2272/2320 2281/1084/2278/2326 2278/1083/2275/2323 
f 902/902/902/2328 2283/1279/2280/2329 2284/1280/2281/2330 
f 902/902/902/2328 2284/1280/2281/2330 2285/901/2282/2331 
f 2119/906/2116/2148 2286/1085/2283/2332 2287/1088/2284/2333 
f 2119/906/2116/2148 2287/1088/2284/2333 2113/895/2110/2142 
f 2283/1279/2280/2329 1081/1081/1081/2334 2288/1082/2285/2335 
f 2283/1279/2280/2329 2288/1082/2285/2335 2284/1280/2281/2330 
f 2286/1085/2283/2332 2281/1084/2278/2326 2277/1076/2274/2322 
f 2286/1085/2283/2332 2277/1076/2274/2322 2287/1088/2284/2333 
f 2111/893/2108/2140 2289/1090/2286/2336 1799/566/1797/1812 
f 2111/893/2108/2140 1799/566/1797/1812 1620/386/1618/1633 
f 2289/1090/2286/2336 2276/1075/2273/2321 1798/563/1796/1811 
f 2289/1090/2286/2336 1798/563/1796/1811 1799/566/1797/1812 
f 2113/895/2110/2142 2287/1088/2284/2333 2289/1090/2286/2336 
f 2113/895/2110/2142 2289/1090/2286/2336 2111/893/2108/2140 
f 2287/1088/2284/2333 2277/1076/2274/2322 2276/1075/2273/2321 
f 2287/1088/2284/2333 2276/1075/2273/2321 2289/1090/2286/2336 
f 1811/577/1809/1824 2290/1091/2287/2337 2241/1036/2238/2282 
f 1811/577/1809/1824 2241/1036/2238/2282 1752/516/1750/1765 
f 2241/1036/2238/2282 2290/1091/2287/2337 2291/1092/2288/2338 
f 2241/1036/2238/2282 2291/1092/2288/2338 2237/1033/2234/2277 
f 1811/577/1809/1824 1813/579/1811/1826 2292/1093/2289/2339 
f 1811/577/1809/1824 2292/1093/2289/2339 2290/1091/2287/2337 
f 2290/1091/2287/2337 2292/1093/2289/2339 2293/1094/2290/2340 
f 2290/1091/2287/2337 2293/1094/2290/2340 2291/1092/2288/2338 
f 2238/1030/2235/2278 2294/1101/2291/2341 2295/1281/2292/2342 
f 2238/1030/2235/2278 2295/1281/2292/2342 2296/1029/2293/2343 
f 2294/1101/2291/2341 2297/1102/2294/2344 2298/1107/2295/2345 
f 2294/1101/2291/2341 2298/1107/2295/2345 2295/1281/2292/2342 
f 2237/1033/2234/2277 2291/1092/2288/2338 2294/1101/2291/2341 
f 2237/1033/2234/2277 2294/1101/2291/2341 2238/1030/2235/2278 
f 2291/1092/2288/2338 2293/1094/2290/2340 2297/1102/2294/2344 
f 2291/1092/2288/2338 2297/1102/2294/2344 2294/1101/2291/2341 
f 926/926/926/2346 2299/1282/2296/2347 2300/1283/2297/2348 
f 926/926/926/2346 2300/1283/2297/2348 2301/925/2298/2349 
f 2141/929/2138/2172 2302/1103/2299/2350 2303/1106/2300/2351 
f 2141/929/2138/2172 2303/1106/2300/2351 2135/919/2132/2166 
f 2299/1282/2296/2347 1099/1099/1099/2352 2304/1100/2301/2353 
f 2299/1282/2296/2347 2304/1100/2301/2353 2300/1283/2297/2348 
f 2302/1103/2299/2350 2297/1102/2294/2344 2293/1094/2290/2340 
f 2302/1103/2299/2350 2293/1094/2290/2340 2303/1106/2300/2351 
f 2305/1108/2302/2354 1814/580/1812/1827 1645/411/1643/1658 
f 2305/1108/2302/2354 1645/411/1643/1658 2133/917/2130/2164 
f 2305/1108/2302/2354 2292/1093/2289/2339 1813/579/1811/1826 
f 2305/1108/2302/2354 1813/579/1811/1826 1814/580/1812/1827 
f 2135/919/2132/2166 2303/1106/2300/2351 2305/1108/2302/2354 
f 2135/919/2132/2166 2305/1108/2302/2354 2133/917/2130/2164 
f 2303/1106/2300/2351 2293/1094/2290/2340 2292/1093/2289/2339 
f 2303/1106/2300/2351 2292/1093/2289/2339 2305/1108/2302/2354 
f 1627/392/1625/1640 1826/591/1824/1839 2306/1109/2303/2355 
f 1627/392/1625/1640 2306/1109/2303/2355 2131/916/2128/2162 
f 2131/916/2128/2162 2306/1109/2303/2355 2307/1110/2304/2356 
f 2131/916/2128/2162 2307/1110/2304/2356 2127/912/2124/2157 
f 1826/591/1824/1839 1828/593/1826/1841 2308/1111/2305/2357 
f 1826/591/1824/1839 2308/1111/2305/2357 2306/1109/2303/2355 
f 2306/1109/2303/2355 2308/1111/2305/2357 2309/1112/2306/2358 
f 2306/1109/2303/2355 2309/1112/2306/2358 2307/1110/2304/2356 
f 2128/910/2125/2158 2310/1119/2307/2359 2311/1284/2308/2360 
f 2128/910/2125/2158 2311/1284/2308/2360 2312/909/2309/2361 
f 2310/1119/2307/2359 2313/1120/2310/2362 2314/1125/2311/2363 
f 2310/1119/2307/2359 2314/1125/2311/2363 2311/1284/2308/2360 
f 2127/912/2124/2157 2307/1110/2304/2356 2310/1119/2307/2359 
f 2127/912/2124/2157 2310/1119/2307/2359 2128/910/2125/2158 
f 2307/1110/2304/2356 2309/1112/2306/2358 2313/1120/2310/2362 
f 2307/1110/2304/2356 2313/1120/2310/2362 2310/1119/2307/2359 
f 950/950/950/2364 2315/1285/2312/2365 2316/1286/2313/2366 
f 950/950/950/2364 2316/1286/2313/2366 2317/949/2314/2367 
f 2160/954/2157/2193 2318/1121/2315/2368 2319/1124/2316/2369 
f 2160/954/2157/2193 2319/1124/2316/2369 2157/944/2154/2190 
f 2315/1285/2312/2365 1117/1117/1117/2370 2320/1118/2317/2371 
f 2315/1285/2312/2365 2320/1118/2317/2371 2316/1286/2313/2366 
f 2318/1121/2315/2368 2313/1120/2310/2362 2309/1112/2306/2358 
f 2318/1121/2315/2368 2309/1112/2306/2358 2319/1124/2316/2369 
f 2155/942/2152/2188 2321/1126/2318/2372 1829/596/1827/1842 
f 2155/942/2152/2188 1829/596/1827/1842 1671/437/1669/1684 
f 2321/1126/2318/2372 2308/1111/2305/2357 1828/593/1826/1841 
f 2321/1126/2318/2372 1828/593/1826/1841 1829/596/1827/1842 
f 2157/944/2154/2190 2319/1124/2316/2369 2321/1126/2318/2372 
f 2157/944/2154/2190 2321/1126/2318/2372 2155/942/2152/2188 
f 2319/1124/2316/2369 2309/1112/2306/2358 2308/1111/2305/2357 
f 2319/1124/2316/2369 2308/1111/2305/2357 2321/1126/2318/2372 
f 1652/417/1650/1665 1841/606/1839/1854 2322/1127/2319/2373 
f 1652/417/1650/1665 2322/1127/2319/2373 2153/940/2150/2186 
f 2153/940/2150/2186 2322/1127/2319/2373 2323/1128/2320/2374 
f 2153/940/2150/2186 2323/1128/2320/2374 2149/936/2146/2181 
f 1841/606/1839/1854 1843/608/1841/1856 2324/1129/2321/2375 
f 1841/606/1839/1854 2324/1129/2321/2375 2322/1127/2319/2373 
f 2322/1127/2319/2373 2324/1129/2321/2375 2325/1130/2322/2376 
f 2322/1127/2319/2373 2325/1130/2322/2376 2323/1128/2320/2374 
f 2150/934/2147/2182 2326/1137/2323/2377 2327/1287/2324/2378 
f 2150/934/2147/2182 2327/1287/2324/2378 2328/933/2325/2379 
f 2326/1137/2323/2377 2329/1138/2326/2380 2330/1143/2327/2381 
f 2326/1137/2323/2377 2330/1143/2327/2381 2327/1287/2324/2378 
f 2149/936/2146/2181 2323/1128/2320/2374 2326/1137/2323/2377 
f 2149/936/2146/2181 2326/1137/2323/2377 2150/934/2147/2182 
f 2323/1128/2320/2374 2325/1130/2322/2376 2329/1138/2326/2380 
f 2323/1128/2320/2374 2329/1138/2326/2380 2326/1137/2323/2377 
f 974/974/974/2382 2331/1288/2328/2383 2332/1289/2329/2384 
f 974/974/974/2382 2332/1289/2329/2384 2333/973/2330/2385 
f 2185/978/2182/2220 2334/1139/2331/2386 2335/1142/2332/2387 
f 2185/978/2182/2220 2335/1142/2332/2387 2179/967/2176/2214 
f 2331/1288/2328/2383 1135/1135/1135/2388 2336/1136/2333/2389 
f 2331/1288/2328/2383 2336/1136/2333/2389 2332/1289/2329/2384 
f 2334/1139/2331/2386 2329/1138/2326/2380 2325/1130/2322/2376 
f 2334/1139/2331/2386 2325/1130/2322/2376 2335/1142/2332/2387 
f 2177/965/2174/2212 2337/1144/2334/2390 1844/611/1842/1857 
f 2177/965/2174/2212 1844/611/1842/1857 1695/461/1693/1708 
f 2337/1144/2334/2390 2324/1129/2321/2375 1843/608/1841/1856 
f 2337/1144/2334/2390 1843/608/1841/1856 1844/611/1842/1857 
f 2179/967/2176/2214 2335/1142/2332/2387 2337/1144/2334/2390 
f 2179/967/2176/2214 2337/1144/2334/2390 2177/965/2174/2212 
f 2335/1142/2332/2387 2325/1130/2322/2376 2324/1129/2321/2375 
f 2335/1142/2332/2387 2324/1129/2321/2375 2337/1144/2334/2390 
f 1602/367/1600/1615 1856/621/1854/1869 2338/1145/2335/2391 
f 1602/367/1600/1615 2338/1145/2335/2391 2109/892/2106/2138 
f 2109/892/2106/2138 2338/1145/2335/2391 2339/1146/2336/2392 
f 2109/892/2106/2138 2339/1146/2336/2392 2105/888/2102/2133 
f 1856/621/1854/1869 1858/623/1856/1871 2340/1147/2337/2393 
f 1856/621/1854/1869 2340/1147/2337/2393 2338/1145/2335/2391 
f 2338/1145/2335/2391 2340/1147/2337/2393 2341/1148/2338/2394 
f 2338/1145/2335/2391 2341/1148/2338/2394 2339/1146/2336/2392 
f 2106/886/2103/2134 2342/1155/2339/2395 2343/1290/2340/2396 
f 2106/886/2103/2134 2343/1290/2340/2396 2344/885/2341/2397 
f 2342/1155/2339/2395 2345/1156/2342/2398 2346/1161/2343/2399 
f 2342/1155/2339/2395 2346/1161/2343/2399 2343/1290/2340/2396 
f 2105/888/2102/2133 2339/1146/2336/2392 2342/1155/2339/2395 
f 2105/888/2102/2133 2342/1155/2339/2395 2106/886/2103/2134 
f 2339/1146/2336/2392 2341/1148/2338/2394 2345/1156/2342/2398 
f 2339/1146/2336/2392 2345/1156/2342/2398 2342/1155/2339/2395 
f 998/998/998/2400 2347/1291/2344/2401 2348/1292/2345/2402 
f 998/998/998/2400 2348/1292/2345/2402 2349/997/2346/2403 
f 2207/1002/2204/2244 2350/1157/2347/2404 2351/1160/2348/2405 
f 2207/1002/2204/2244 2351/1160/2348/2405 2201/991/2198/2238 
f 2347/1291/2344/2401 1153/1153/1153/2406 2352/1154/2349/2407 
f 2347/1291/2344/2401 2352/1154/2349/2407 2348/1292/2345/2402 
f 2350/1157/2347/2404 2345/1156/2342/2398 2341/1148/2338/2394 
f 2350/1157/2347/2404 2341/1148/2338/2394 2351/1160/2348/2405 
f 2199/989/2196/2236 2353/1162/2350/2408 1859/626/1857/1872 
f 2199/989/2196/2236 1859/626/1857/1872 1720/486/1718/1733 
f 2353/1162/2350/2408 2340/1147/2337/2393 1858/623/1856/1871 
f 2353/1162/2350/2408 1858/623/1856/1871 1859/626/1857/1872 
f 2201/991/2198/2238 2351/1160/2348/2405 2353/1162/2350/2408 
f 2201/991/2198/2238 2353/1162/2350/2408 2199/989/2196/2236 
f 2351/1160/2348/2405 2341/1148/2338/2394 2340/1147/2337/2393 
f 2351/1160/2348/2405 2340/1147/2337/2393 2353/1162/2350/2408 
f 641/641/641/1888 1871/642/1869/1887 2354/1164/2351/2409 
f 641/641/641/1888 2354/1164/2351/2409 1163/1163/1163/2410 
f 1163/1163/1163/2410 2354/1164/2351/2409 2355/1165/2352/2411 
f 1163/1163/1163/2410 2355/1165/2352/2411 1166/1166/1166/2412 
f 1873/644/1871/1891 2356/1167/2353/2413 2354/1164/2351/2409 
f 1873/644/1871/1891 2354/1164/2351/2409 1871/642/1869/1887 
f 2354/1164/2351/2409 2356/1167/2353/2413 2357/1168/2354/2414 
f 2354/1164/2351/2409 2357/1168/2354/2414 2355/1165/2352/2411 
f 1176/1175/1175/2415 2358/1174/2355/2416 2359/1293/2356/2417 
f 1176/1175/1175/2415 2359/1293/2356/2417 2360/1294/2357/2418 
f 2361/1176/2358/2419 2362/1181/2359/2420 2359/1293/2356/2417 
f 2361/1176/2358/2419 2359/1293/2356/2417 2358/1174/2355/2416 
f 1166/1166/1166/2412 2355/1165/2352/2411 2358/1174/2355/2416 
f 1166/1166/1166/2412 2358/1174/2355/2416 1176/1175/1175/2415 
f 2355/1165/2352/2411 2357/1168/2354/2414 2361/1176/2358/2419 
f 2355/1165/2352/2411 2361/1176/2358/2419 2358/1174/2355/2416 
f 2363/1295/2360/2421 2364/1296/2361/2422 2365/1021/2362/2423 
f 2363/1295/2360/2421 2365/1021/2362/2423 1022/1022/1022/2424 
f 2366/1179/2363/2425 2367/1180/2364/2426 2223/1015/2220/2262 
f 2366/1179/2363/2425 2223/1015/2220/2262 2229/1025/2226/2268 
f 1174/1173/1173/2427 2368/1172/2365/2428 2364/1296/2361/2422 
f 1174/1173/1173/2427 2364/1296/2361/2422 2363/1295/2360/2421 
f 2361/1176/2358/2419 2357/1168/2354/2414 2367/1180/2364/2426 
f 2361/1176/2358/2419 2367/1180/2364/2426 2366/1179/2363/2425 
f 2369/1182/2366/2429 1874/645/1872/1892 1745/512/1743/1758 
f 2369/1182/2366/2429 1745/512/1743/1758 2221/1014/2218/2260 
f 2356/1167/2353/2413 1873/644/1871/1891 1874/645/1872/1892 
f 2356/1167/2353/2413 1874/645/1872/1892 2369/1182/2366/2429 
f 2367/1180/2364/2426 2369/1182/2366/2429 2221/1014/2218/2260 
f 2367/1180/2364/2426 2221/1014/2218/2260 2223/1015/2220/2262 
f 2357/1168/2354/2414 2356/1167/2353/2413 2369/1182/2366/2429 
f 2357/1168/2354/2414 2369/1182/2366/2429 2367/1180/2364/2426 
f 858/858/858/858 857/857/857/857 1051/1051/1051/1051 
f 858/858/858/858 1051/1051/1051/1051 2370/1247/2367/2430 
f 859/859/859/859 858/858/858/858 2370/1247/2367/2430 
f 859/859/859/859 2370/1247/2367/2430 866/866/866/866 
f 2371/1249/2368/2431 2082/1250/2080/2432 861/861/861/861 
f 2371/1249/2368/2431 861/861/861/861 860/860/860/860 
f 866/866/866/866 855/855/855/855 2371/1249/2368/2431 
f 866/866/866/866 2371/1249/2368/2431 860/860/860/860 
f 2372/1251/2369/2433 881/881/881/881 882/882/882/882 
f 2372/1251/2369/2433 882/882/882/882 1069/1069/1069/1069 
f 890/890/890/890 883/883/883/883 881/881/881/881 
f 890/890/890/890 881/881/881/881 2372/1251/2369/2433 
f 2373/1253/2370/2434 1151/1151/1151/1151 885/885/885/885 
f 2373/1253/2370/2434 885/885/885/885 884/884/884/884 
f 880/880/880/880 2373/1253/2370/2434 884/884/884/884 
f 880/880/880/880 884/884/884/884 890/890/890/890 
f 2374/1254/2371/2435 905/905/905/905 906/906/906/906 
f 2374/1254/2371/2435 906/906/906/906 1087/1087/1087/1087 
f 914/914/914/914 907/907/907/907 905/905/905/905 
f 914/914/914/914 905/905/905/905 2374/1254/2371/2435 
f 2375/1256/2372/2436 1115/1115/1115/1115 909/909/909/909 
f 2375/1256/2372/2436 909/909/909/909 908/908/908/908 
f 904/904/904/904 2375/1256/2372/2436 908/908/908/908 
f 904/904/904/904 908/908/908/908 914/914/914/914 
f 2376/1257/2373/2437 930/930/930/930 929/929/929/929 
f 2376/1257/2373/2437 929/929/929/929 1105/1105/1105/1105 
f 931/931/931/931 930/930/930/930 2376/1257/2373/2437 
f 931/931/931/931 2376/1257/2373/2437 938/938/938/938 
f 2377/1259/2374/2438 1133/1133/1133/1133 933/933/933/933 
f 2377/1259/2374/2438 933/933/933/933 932/932/932/932 
f 927/927/927/927 2377/1259/2374/2438 932/932/932/932 
f 927/927/927/927 932/932/932/932 938/938/938/938 
f 2378/1260/2375/2439 953/953/953/953 954/954/954/954 
f 2378/1260/2375/2439 954/954/954/954 1123/1123/1123/1123 
f 962/962/962/962 955/955/955/955 953/953/953/953 
f 962/962/962/962 953/953/953/953 2378/1260/2375/2439 
f 2379/1262/2376/2440 1043/1043/1043/1043 957/957/957/957 
f 2379/1262/2376/2440 957/957/957/957 956/956/956/956 
f 952/952/952/952 2379/1262/2376/2440 956/956/956/956 
f 952/952/952/952 956/956/956/956 962/962/962/962 
f 2380/1263/2377/2441 977/977/977/977 978/978/978/978 
f 2380/1263/2377/2441 978/978/978/978 1141/1141/1141/1141 
f 986/986/986/986 979/979/979/979 977/977/977/977 
f 986/986/986/986 977/977/977/977 2380/1263/2377/2441 
f 2381/1265/2378/2442 1061/1061/1061/1061 981/981/981/981 
f 2381/1265/2378/2442 981/981/981/981 980/980/980/980 
f 976/976/976/976 2381/1265/2378/2442 980/980/980/980 
f 976/976/976/976 980/980/980/980 986/986/986/986 
f 2382/1266/2379/2443 1001/1001/1001/1001 1002/1002/1002/1002 
f 2382/1266/2379/2443 1002/1002/1002/1002 1159/1159/1159/1159 
f 1010/1010/1010/1010 1003/1003/1003/1003 1001/1001/1001/1001 
f 1010/1010/1010/1010 1001/1001/1001/1001 2382/1266/2379/2443 
f 2383/1268/2380/2444 1079/1079/1079/1079 1005/1005/1005/1005 
f 2383/1268/2380/2444 1005/1005/1005/1005 1004/1004/1004/1004 
f 1000/1000/1000/1000 2383/1268/2380/2444 1004/1004/1004/1004 
f 1000/1000/1000/1000 1004/1004/1004/1004 1010/1010/1010/1010 
f 2384/1269/2381/2445 1026/1026/1026/1026 1025/1025/1025/1025 
f 2384/1269/2381/2445 1025/1025/1025/1025 1179/1178/1178/1178 
f 1027/1027/1027/1027 1026/1026/1026/1026 2384/1269/2381/2445 
f 1027/1027/1027/1027 2384/1269/2381/2445 1034/1034/1034/1034 
f 2385/1271/2382/2446 1097/1097/1097/1097 1029/1029/1029/1029 
f 2385/1271/2382/2446 1029/1029/1029/1029 1028/1028/1028/1028 
f 1034/1034/1034/1034 1023/1023/1023/1023 2385/1271/2382/2446 
f 1034/1034/1034/1034 2385/1271/2382/2446 1028/1028/1028/1028 
f 1047/1047/1047/1047 958/958/958/958 957/957/957/957 
f 1047/1047/1047/1047 957/957/957/957 2386/1272/2383/2447 
f 1053/1053/1053/1053 1048/1048/1048/1048 1047/1047/1047/1047 
f 1053/1053/1053/1053 1047/1047/1047/1047 2386/1272/2383/2447 
f 1050/1050/1050/1050 2387/1274/2384/2448 852/852/852/852 
f 1050/1050/1050/1050 852/852/852/852 1051/1051/1051/1051 
f 1053/1053/1053/1053 1046/1046/1046/1046 2387/1274/2384/2448 
f 1053/1053/1053/1053 2387/1274/2384/2448 1050/1050/1050/1050 
f 2388/1275/2385/2449 1065/1065/1065/1065 982/982/982/982 
f 2388/1275/2385/2449 982/982/982/982 981/981/981/981 
f 1071/1071/1071/1071 1066/1066/1066/1066 1065/1065/1065/1065 
f 1071/1071/1071/1071 1065/1065/1065/1065 2388/1275/2385/2449 
f 1068/1068/1068/1068 2389/1277/2386/2450 877/877/877/877 
f 1068/1068/1068/1068 877/877/877/877 1069/1069/1069/1069 
f 1071/1071/1071/1071 1064/1064/1064/1064 2389/1277/2386/2450 
f 1071/1071/1071/1071 2389/1277/2386/2450 1068/1068/1068/1068 
f 2390/1278/2387/2451 1083/1083/1083/1083 1006/1006/1006/1006 
f 2390/1278/2387/2451 1006/1006/1006/1006 1005/1005/1005/1005 
f 1089/1089/1089/1089 1084/1084/1084/1084 1083/1083/1083/1083 
f 1089/1089/1089/1089 1083/1083/1083/1083 2390/1278/2387/2451 
f 1086/1086/1086/1086 2391/1280/2388/2452 901/901/901/901 
f 1086/1086/1086/1086 901/901/901/901 1087/1087/1087/1087 
f 1089/1089/1089/1089 1082/1082/1082/1082 2391/1280/2388/2452 
f 1089/1089/1089/1089 2391/1280/2388/2452 1086/1086/1086/1086 
f 2392/1281/2389/2453 1101/1101/1101/1101 1030/1030/1030/1030 
f 2392/1281/2389/2453 1030/1030/1030/1030 1029/1029/1029/1029 
f 1107/1107/1107/1107 1102/1102/1102/1102 1101/1101/1101/1101 
f 1107/1107/1107/1107 1101/1101/1101/1101 2392/1281/2389/2453 
f 1104/1104/1104/1104 2393/1283/2390/2454 925/925/925/925 
f 1104/1104/1104/1104 925/925/925/925 1105/1105/1105/1105 
f 1107/1107/1107/1107 1100/1100/1100/1100 2393/1283/2390/2454 
f 1107/1107/1107/1107 2393/1283/2390/2454 1104/1104/1104/1104 
f 2394/1284/2391/2455 1119/1119/1119/1119 910/910/910/910 
f 2394/1284/2391/2455 910/910/910/910 909/909/909/909 
f 1125/1125/1125/1125 1120/1120/1120/1120 1119/1119/1119/1119 
f 1125/1125/1125/1125 1119/1119/1119/1119 2394/1284/2391/2455 
f 1122/1122/1122/1122 2395/1286/2392/2456 949/949/949/949 
f 1122/1122/1122/1122 949/949/949/949 1123/1123/1123/1123 
f 1125/1125/1125/1125 1118/1118/1118/1118 2395/1286/2392/2456 
f 1125/1125/1125/1125 2395/1286/2392/2456 1122/1122/1122/1122 
f 2396/1287/2393/2457 1137/1137/1137/1137 934/934/934/934 
f 2396/1287/2393/2457 934/934/934/934 933/933/933/933 
f 1143/1143/1143/1143 1138/1138/1138/1138 1137/1137/1137/1137 
f 1143/1143/1143/1143 1137/1137/1137/1137 2396/1287/2393/2457 
f 1140/1140/1140/1140 2397/1289/2394/2458 973/973/973/973 
f 1140/1140/1140/1140 973/973/973/973 1141/1141/1141/1141 
f 1143/1143/1143/1143 1136/1136/1136/1136 2397/1289/2394/2458 
f 1143/1143/1143/1143 2397/1289/2394/2458 1140/1140/1140/1140 
f 2398/1290/2395/2459 1155/1155/1155/1155 886/886/886/886 
f 2398/1290/2395/2459 886/886/886/886 885/885/885/885 
f 1161/1161/1161/1161 1156/1156/1156/1156 1155/1155/1155/1155 
f 1161/1161/1161/1161 1155/1155/1155/1155 2398/1290/2395/2459 
f 1158/1158/1158/1158 2399/1292/2396/2460 997/997/997/997 
f 1158/1158/1158/1158 997/997/997/997 1159/1159/1159/1159 
f 1161/1161/1161/1161 1154/1154/1154/1154 2399/1292/2396/2460 
f 1161/1161/1161/1161 2399/1292/2396/2460 1158/1158/1158/1158 
f 2400/1293/2397/2461 1175/1174/1174/1174 1176/1175/1175/1175 
f 2400/1293/2397/2461 1176/1175/1175/1175 2360/1294/2357/2462 
f 1177/1176/1176/1176 1175/1174/1174/1174 2400/1293/2397/2461 
f 1177/1176/1176/1176 2400/1293/2397/2461 1182/1181/1181/1181 
f 2401/1296/2398/2463 1021/1021/1021/1021 1179/1178/1178/1178 
f 2401/1296/2398/2463 1179/1178/1178/1178 1178/1177/1177/1177 
f 1173/1172/1172/1172 2401/1296/2398/2463 1178/1177/1177/1177 
f 1173/1172/1172/1172 1178/1177/1177/1177 1182/1181/1181/1181 
f 2402/851/2399/2464 2253/852/2250/2295 2076/1051/2074/2100 
f 2402/851/2399/2464 2076/1051/2074/2100 2075/1247/2073/2099 
f 2079/866/2077/2103 2086/855/2083/2112 2402/851/2399/2464 
f 2079/866/2077/2103 2402/851/2399/2464 2075/1247/2073/2099 
f 2084/863/2081/2107 862/862/862/2110 861/861/861/2465 
f 2084/863/2081/2107 861/861/861/2465 2403/860/2400/2466 
f 2078/859/2076/2102 2084/863/2081/2107 2403/860/2400/2466 
f 2078/859/2076/2102 2403/860/2400/2466 2079/866/2077/2103 
f 2095/1251/2092/2122 2404/876/2401/2467 2269/877/2266/2313 
f 2095/1251/2092/2122 2269/877/2266/2313 2096/1069/2093/2123 
f 2107/880/2104/2136 2404/876/2401/2467 2095/1251/2092/2122 
f 2107/880/2104/2136 2095/1251/2092/2122 2099/890/2096/2126 
f 2405/884/2402/2468 2103/887/2100/2131 2106/886/2103/2134 
f 2405/884/2402/2468 2106/886/2103/2134 2344/885/2341/2397 
f 2099/890/2096/2126 2098/883/2095/2125 2103/887/2100/2131 
f 2099/890/2096/2126 2103/887/2100/2131 2405/884/2402/2468 
f 2117/1254/2114/2146 2406/900/2403/2469 2285/901/2282/2331 
f 2117/1254/2114/2146 2285/901/2282/2331 2118/1087/2115/2147 
f 2129/904/2126/2160 2406/900/2403/2469 2117/1254/2114/2146 
f 2129/904/2126/2160 2117/1254/2114/2146 2121/914/2118/2150 
f 2407/908/2404/2470 2125/911/2122/2155 2128/910/2125/2158 
f 2407/908/2404/2470 2128/910/2125/2158 2312/909/2309/2361 
f 2121/914/2118/2150 2120/907/2117/2149 2125/911/2122/2155 
f 2121/914/2118/2150 2125/911/2122/2155 2407/908/2404/2470 
f 2139/1257/2136/2170 2408/924/2405/2471 2301/925/2298/2349 
f 2139/1257/2136/2170 2301/925/2298/2349 2140/1105/2137/2171 
f 2143/938/2140/2174 2151/927/2148/2184 2408/924/2405/2471 
f 2143/938/2140/2174 2408/924/2405/2471 2139/1257/2136/2170 
f 2409/932/2406/2472 2147/935/2144/2179 2150/934/2147/2182 
f 2409/932/2406/2472 2150/934/2147/2182 2328/933/2325/2379 
f 2143/938/2140/2174 2142/931/2139/2173 2147/935/2144/2179 
f 2143/938/2140/2174 2147/935/2144/2179 2409/932/2406/2472 
f 2162/1260/2159/2195 2410/948/2407/2473 2317/949/2314/2367 
f 2162/1260/2159/2195 2317/949/2314/2367 2163/1123/2160/2196 
f 2173/952/2170/2208 2410/948/2407/2473 2162/1260/2159/2195 
f 2173/952/2170/2208 2162/1260/2159/2195 2165/962/2162/2198 
f 2411/956/2408/2474 2169/959/2166/2203 2172/958/2169/2206 
f 2411/956/2408/2474 2172/958/2169/2206 2248/957/2245/2289 
f 2165/962/2162/2198 2164/955/2161/2197 2169/959/2166/2203 
f 2165/962/2162/2198 2169/959/2166/2203 2411/956/2408/2474 
f 2183/1263/2180/2218 2412/972/2409/2475 2333/973/2330/2385 
f 2183/1263/2180/2218 2333/973/2330/2385 2184/1141/2181/2219 
f 2195/976/2192/2232 2412/972/2409/2475 2183/1263/2180/2218 
f 2195/976/2192/2232 2183/1263/2180/2218 2187/986/2184/2222 
f 2413/980/2410/2476 2191/983/2188/2227 2194/982/2191/2230 
f 2413/980/2410/2476 2194/982/2191/2230 2264/981/2261/2307 
f 2187/986/2184/2222 2186/979/2183/2221 2191/983/2188/2227 
f 2187/986/2184/2222 2191/983/2188/2227 2413/980/2410/2476 
f 2205/1266/2202/2242 2414/996/2411/2477 2349/997/2346/2403 
f 2205/1266/2202/2242 2349/997/2346/2403 2206/1159/2203/2243 
f 2217/1000/2214/2256 2414/996/2411/2477 2205/1266/2202/2242 
f 2217/1000/2214/2256 2205/1266/2202/2242 2209/1010/2206/2246 
f 2415/1004/2412/2478 2213/1007/2210/2251 2216/1006/2213/2254 
f 2415/1004/2412/2478 2216/1006/2213/2254 2280/1005/2277/2325 
f 2209/1010/2206/2246 2208/1003/2205/2245 2213/1007/2210/2251 
f 2209/1010/2206/2246 2213/1007/2210/2251 2415/1004/2412/2478 
f 2227/1269/2224/2266 2416/1020/2413/2479 2365/1021/2362/2423 
f 2227/1269/2224/2266 2365/1021/2362/2423 2228/1178/2225/2267 
f 2231/1034/2228/2270 2239/1023/2236/2280 2416/1020/2413/2479 
f 2231/1034/2228/2270 2416/1020/2413/2479 2227/1269/2224/2266 
f 2417/1028/2414/2480 2235/1031/2232/2275 2238/1030/2235/2278 
f 2417/1028/2414/2480 2238/1030/2235/2278 2296/1029/2293/2343 
f 2231/1034/2228/2270 2230/1027/2227/2269 2235/1031/2232/2275 
f 2231/1034/2228/2270 2235/1031/2232/2275 2417/1028/2414/2480 
f 2418/1042/2415/2481 2168/1043/2165/2201 2248/957/2245/2289 
f 2418/1042/2415/2481 2248/957/2245/2289 2247/1272/2244/2288 
f 2256/1046/2253/2299 2418/1042/2415/2481 2247/1272/2244/2288 
f 2256/1046/2253/2299 2247/1272/2244/2288 2250/1053/2247/2291 
f 2254/1049/2251/2296 2077/857/2075/2101 2076/1051/2074/2100 
f 2254/1049/2251/2296 2076/1051/2074/2100 2419/1050/2416/2482 
f 2249/1048/2246/2290 2254/1049/2251/2296 2419/1050/2416/2482 
f 2249/1048/2246/2290 2419/1050/2416/2482 2250/1053/2247/2291 
f 2420/1060/2417/2483 2190/1061/2187/2225 2264/981/2261/2307 
f 2420/1060/2417/2483 2264/981/2261/2307 2263/1275/2260/2306 
f 2272/1064/2269/2317 2420/1060/2417/2483 2263/1275/2260/2306 
f 2272/1064/2269/2317 2263/1275/2260/2306 2266/1071/2263/2309 
f 2270/1067/2267/2314 2097/882/2094/2124 2096/1069/2093/2123 
f 2270/1067/2267/2314 2096/1069/2093/2123 2421/1068/2418/2484 
f 2265/1066/2262/2308 2270/1067/2267/2314 2421/1068/2418/2484 
f 2265/1066/2262/2308 2421/1068/2418/2484 2266/1071/2263/2309 
f 2422/1078/2419/2485 2212/1079/2209/2249 2280/1005/2277/2325 
f 2422/1078/2419/2485 2280/1005/2277/2325 2279/1278/2276/2324 
f 2288/1082/2285/2335 2422/1078/2419/2485 2279/1278/2276/2324 
f 2288/1082/2285/2335 2279/1278/2276/2324 2282/1089/2279/2327 
f 2286/1085/2283/2332 2119/906/2116/2148 2118/1087/2115/2147 
f 2286/1085/2283/2332 2118/1087/2115/2147 2423/1086/2420/2486 
f 2281/1084/2278/2326 2286/1085/2283/2332 2423/1086/2420/2486 
f 2281/1084/2278/2326 2423/1086/2420/2486 2282/1089/2279/2327 
f 2424/1096/2421/2487 2234/1097/2231/2273 2296/1029/2293/2343 
f 2424/1096/2421/2487 2296/1029/2293/2343 2295/1281/2292/2342 
f 2304/1100/2301/2353 2424/1096/2421/2487 2295/1281/2292/2342 
f 2304/1100/2301/2353 2295/1281/2292/2342 2298/1107/2295/2345 
f 2302/1103/2299/2350 2141/929/2138/2172 2140/1105/2137/2171 
f 2302/1103/2299/2350 2140/1105/2137/2171 2425/1104/2422/2488 
f 2297/1102/2294/2344 2302/1103/2299/2350 2425/1104/2422/2488 
f 2297/1102/2294/2344 2425/1104/2422/2488 2298/1107/2295/2345 
f 2426/1114/2423/2489 2124/1115/2121/2153 2312/909/2309/2361 
f 2426/1114/2423/2489 2312/909/2309/2361 2311/1284/2308/2360 
f 2320/1118/2317/2371 2426/1114/2423/2489 2311/1284/2308/2360 
f 2320/1118/2317/2371 2311/1284/2308/2360 2314/1125/2311/2363 
f 2318/1121/2315/2368 2160/954/2157/2193 2163/1123/2160/2196 
f 2318/1121/2315/2368 2163/1123/2160/2196 2427/1122/2424/2490 
f 2313/1120/2310/2362 2318/1121/2315/2368 2427/1122/2424/2490 
f 2313/1120/2310/2362 2427/1122/2424/2490 2314/1125/2311/2363 
f 2428/1132/2425/2491 2146/1133/2143/2177 2328/933/2325/2379 
f 2428/1132/2425/2491 2328/933/2325/2379 2327/1287/2324/2378 
f 2336/1136/2333/2389 2428/1132/2425/2491 2327/1287/2324/2378 
f 2336/1136/2333/2389 2327/1287/2324/2378 2330/1143/2327/2381 
f 2334/1139/2331/2386 2185/978/2182/2220 2184/1141/2181/2219 
f 2334/1139/2331/2386 2184/1141/2181/2219 2429/1140/2426/2492 
f 2329/1138/2326/2380 2334/1139/2331/2386 2429/1140/2426/2492 
f 2329/1138/2326/2380 2429/1140/2426/2492 2330/1143/2327/2381 
f 2430/1150/2427/2493 2102/1151/2099/2129 2344/885/2341/2397 
f 2430/1150/2427/2493 2344/885/2341/2397 2343/1290/2340/2396 
f 2352/1154/2349/2407 2430/1150/2427/2493 2343/1290/2340/2396 
f 2352/1154/2349/2407 2343/1290/2340/2396 2346/1161/2343/2399 
f 2350/1157/2347/2404 2207/1002/2204/2244 2206/1159/2203/2243 
f 2350/1157/2347/2404 2206/1159/2203/2243 2431/1158/2428/2494 
f 2345/1156/2342/2398 2350/1157/2347/2404 2431/1158/2428/2494 
f 2345/1156/2342/2398 2431/1158/2428/2494 2346/1161/2343/2399 
f 2432/1170/2429/2495 1171/1171/1171/2496 2360/1294/2357/2418 
f 2432/1170/2429/2495 2360/1294/2357/2418 2359/1293/2356/2417 
f 2368/1172/2365/2428 2432/1170/2429/2495 2359/1293/2356/2417 
f 2368/1172/2365/2428 2359/1293/2356/2417 2362/1181/2359/2420 
f 2433/1177/2430/2497 2366/1179/2363/2425 2229/1025/2226/2268 
f 2433/1177/2430/2497 2229/1025/2226/2268 2228/1178/2225/2267 
f 2362/1181/2359/2420 2361/1176/2358/2419 2366/1179/2363/2425 
f 2362/1181/2359/2420 2366/1179/2363/2425 2433/1177/2430/2497 
f 2370/1247/2367/2430 1051/1051/1051/1051 852/852/852/852 
f 2370/1247/2367/2430 852/852/852/852 851/851/851/851 
f 866/866/866/866 2370/1247/2367/2430 851/851/851/851 
f 866/866/866/866 851/851/851/851 855/855/855/855 
f 876/876/876/876 2372/1251/2369/2433 1069/1069/1069/1069 
f 876/876/876/876 1069/1069/1069/1069 877/877/877/877 
f 880/880/880/880 890/890/890/890 2372/1251/2369/2433 
f 880/880/880/880 2372/1251/2369/2433 876/876/876/876 
f 900/900/900/900 2374/1254/2371/2435 1087/1087/1087/1087 
f 900/900/900/900 1087/1087/1087/1087 901/901/901/901 
f 904/904/904/904 914/914/914/914 2374/1254/2371/2435 
f 904/904/904/904 2374/1254/2371/2435 900/900/900/900 
f 924/924/924/924 2376/1257/2373/2437 1105/1105/1105/1105 
f 924/924/924/924 1105/1105/1105/1105 925/925/925/925 
f 938/938/938/938 2376/1257/2373/2437 924/924/924/924 
f 938/938/938/938 924/924/924/924 927/927/927/927 
f 948/948/948/948 2378/1260/2375/2439 1123/1123/1123/1123 
f 948/948/948/948 1123/1123/1123/1123 949/949/949/949 
f 952/952/952/952 962/962/962/962 2378/1260/2375/2439 
f 952/952/952/952 2378/1260/2375/2439 948/948/948/948 
f 972/972/972/972 2380/1263/2377/2441 1141/1141/1141/1141 
f 972/972/972/972 1141/1141/1141/1141 973/973/973/973 
f 976/976/976/976 986/986/986/986 2380/1263/2377/2441 
f 976/976/976/976 2380/1263/2377/2441 972/972/972/972 
f 996/996/996/996 2382/1266/2379/2443 1159/1159/1159/1159 
f 996/996/996/996 1159/1159/1159/1159 997/997/997/997 
f 1000/1000/1000/1000 1010/1010/1010/1010 2382/1266/2379/2443 
f 1000/1000/1000/1000 2382/1266/2379/2443 996/996/996/996 
f 1020/1020/1020/1020 2384/1269/2381/2445 1179/1178/1178/1178 
f 1020/1020/1020/1020 1179/1178/1178/1178 1021/1021/1021/1021 
f 1034/1034/1034/1034 2384/1269/2381/2445 1020/1020/1020/1020 
f 1034/1034/1034/1034 1020/1020/1020/1020 1023/1023/1023/1023 
f 1042/1042/1042/1042 2386/1272/2383/2447 957/957/957/957 
f 1042/1042/1042/1042 957/957/957/957 1043/1043/1043/1043 
f 1046/1046/1046/1046 1053/1053/1053/1053 2386/1272/2383/2447 
f 1046/1046/1046/1046 2386/1272/2383/2447 1042/1042/1042/1042 
f 1060/1060/1060/1060 2388/1275/2385/2449 981/981/981/981 
f 1060/1060/1060/1060 981/981/981/981 1061/1061/1061/1061 
f 1064/1064/1064/1064 1071/1071/1071/1071 2388/1275/2385/2449 
f 1064/1064/1064/1064 2388/1275/2385/2449 1060/1060/1060/1060 
f 1078/1078/1078/1078 2390/1278/2387/2451 1005/1005/1005/1005 
f 1078/1078/1078/1078 1005/1005/1005/1005 1079/1079/1079/1079 
f 1082/1082/1082/1082 1089/1089/1089/1089 2390/1278/2387/2451 
f 1082/1082/1082/1082 2390/1278/2387/2451 1078/1078/1078/1078 
f 1096/1096/1096/1096 2392/1281/2389/2453 1029/1029/1029/1029 
f 1096/1096/1096/1096 1029/1029/1029/1029 1097/1097/1097/1097 
f 1100/1100/1100/1100 1107/1107/1107/1107 2392/1281/2389/2453 
f 1100/1100/1100/1100 2392/1281/2389/2453 1096/1096/1096/1096 
f 1114/1114/1114/1114 2394/1284/2391/2455 909/909/909/909 
f 1114/1114/1114/1114 909/909/909/909 1115/1115/1115/1115 
f 1118/1118/1118/1118 1125/1125/1125/1125 2394/1284/2391/2455 
f 1118/1118/1118/1118 2394/1284/2391/2455 1114/1114/1114/1114 
f 1132/1132/1132/1132 2396/1287/2393/2457 933/933/933/933 
f 1132/1132/1132/1132 933/933/933/933 1133/1133/1133/1133 
f 1136/1136/1136/1136 1143/1143/1143/1143 2396/1287/2393/2457 
f 1136/1136/1136/1136 2396/1287/2393/2457 1132/1132/1132/1132 
f 1150/1150/1150/1150 2398/1290/2395/2459 885/885/885/885 
f 1150/1150/1150/1150 885/885/885/885 1151/1151/1151/1151 
f 1154/1154/1154/1154 1161/1161/1161/1161 2398/1290/2395/2459 
f 1154/1154/1154/1154 2398/1290/2395/2459 1150/1150/1150/1150 
f 1170/1170/1170/1170 2400/1293/2397/2461 2360/1294/2357/2462 
f 1170/1170/1170/1170 2360/1294/2357/2462 1171/1171/1171/1171 
f 1182/1181/1181/1181 2400/1293/2397/2461 1170/1170/1170/1170 
f 1182/1181/1181/1181 1170/1170/1170/1170 1173/1172/1172/1172 
f 2081/1249/2079/2105 2403/860/2400/2466 861/861/861/2465 
f 2081/1249/2079/2105 861/861/861/2465 2082/1250/2080/2106 
f 2086/855/2083/2112 2079/866/2077/2103 2403/860/2400/2466 
f 2086/855/2083/2112 2403/860/2400/2466 2081/1249/2079/2105 
f 2101/1253/2098/2128 2405/884/2402/2468 2344/885/2341/2397 
f 2101/1253/2098/2128 2344/885/2341/2397 2102/1151/2099/2129 
f 2107/880/2104/2136 2099/890/2096/2126 2405/884/2402/2468 
f 2107/880/2104/2136 2405/884/2402/2468 2101/1253/2098/2128 
f 2123/1256/2120/2152 2407/908/2404/2470 2312/909/2309/2361 
f 2123/1256/2120/2152 2312/909/2309/2361 2124/1115/2121/2153 
f 2129/904/2126/2160 2121/914/2118/2150 2407/908/2404/2470 
f 2129/904/2126/2160 2407/908/2404/2470 2123/1256/2120/2152 
f 2145/1259/2142/2176 2409/932/2406/2472 2328/933/2325/2379 
f 2145/1259/2142/2176 2328/933/2325/2379 2146/1133/2143/2177 
f 2151/927/2148/2184 2143/938/2140/2174 2409/932/2406/2472 
f 2151/927/2148/2184 2409/932/2406/2472 2145/1259/2142/2176 
f 2167/1262/2164/2200 2411/956/2408/2474 2248/957/2245/2289 
f 2167/1262/2164/2200 2248/957/2245/2289 2168/1043/2165/2201 
f 2173/952/2170/2208 2165/962/2162/2198 2411/956/2408/2474 
f 2173/952/2170/2208 2411/956/2408/2474 2167/1262/2164/2200 
f 2189/1265/2186/2224 2413/980/2410/2476 2264/981/2261/2307 
f 2189/1265/2186/2224 2264/981/2261/2307 2190/1061/2187/2225 
f 2195/976/2192/2232 2187/986/2184/2222 2413/980/2410/2476 
f 2195/976/2192/2232 2413/980/2410/2476 2189/1265/2186/2224 
f 2211/1268/2208/2248 2415/1004/2412/2478 2280/1005/2277/2325 
f 2211/1268/2208/2248 2280/1005/2277/2325 2212/1079/2209/2249 
f 2217/1000/2214/2256 2209/1010/2206/2246 2415/1004/2412/2478 
f 2217/1000/2214/2256 2415/1004/2412/2478 2211/1268/2208/2248 
f 2233/1271/2230/2272 2417/1028/2414/2480 2296/1029/2293/2343 
f 2233/1271/2230/2272 2296/1029/2293/2343 2234/1097/2231/2273 
f 2239/1023/2236/2280 2231/1034/2228/2270 2417/1028/2414/2480 
f 2239/1023/2236/2280 2417/1028/2414/2480 2233/1271/2230/2272 
f 2419/1050/2416/2482 2076/1051/2074/2100 2253/852/2250/2295 
f 2419/1050/2416/2482 2253/852/2250/2295 2252/1274/2249/2294 
f 2250/1053/2247/2291 2419/1050/2416/2482 2252/1274/2249/2294 
f 2250/1053/2247/2291 2252/1274/2249/2294 2256/1046/2253/2299 
f 2421/1068/2418/2484 2096/1069/2093/2123 2269/877/2266/2313 
f 2421/1068/2418/2484 2269/877/2266/2313 2268/1277/2265/2312 
f 2266/1071/2263/2309 2421/1068/2418/2484 2268/1277/2265/2312 
f 2266/1071/2263/2309 2268/1277/2265/2312 2272/1064/2269/2317 
f 2423/1086/2420/2486 2118/1087/2115/2147 2285/901/2282/2331 
f 2423/1086/2420/2486 2285/901/2282/2331 2284/1280/2281/2330 
f 2282/1089/2279/2327 2423/1086/2420/2486 2284/1280/2281/2330 
f 2282/1089/2279/2327 2284/1280/2281/2330 2288/1082/2285/2335 
f 2425/1104/2422/2488 2140/1105/2137/2171 2301/925/2298/2349 
f 2425/1104/2422/2488 2301/925/2298/2349 2300/1283/2297/2348 
f 2298/1107/2295/2345 2425/1104/2422/2488 2300/1283/2297/2348 
f 2298/1107/2295/2345 2300/1283/2297/2348 2304/1100/2301/2353 
f 2427/1122/2424/2490 2163/1123/2160/2196 2317/949/2314/2367 
f 2427/1122/2424/2490 2317/949/2314/2367 2316/1286/2313/2366 
f 2314/1125/2311/2363 2427/1122/2424/2490 2316/1286/2313/2366 
f 2314/1125/2311/2363 2316/1286/2313/2366 2320/1118/2317/2371 
f 2429/1140/2426/2492 2184/1141/2181/2219 2333/973/2330/2385 
f 2429/1140/2426/2492 2333/973/2330/2385 2332/1289/2329/2384 
f 2330/1143/2327/2381 2429/1140/2426/2492 2332/1289/2329/2384 
f 2330/1143/2327/2381 2332/1289/2329/2384 2336/1136/2333/2389 
f 2431/1158/2428/2494 2206/1159/2203/2243 2349/997/2346/2403 
f 2431/1158/2428/2494 2349/997/2346/2403 2348/1292/2345/2402 
f 2346/1161/2343/2399 2431/1158/2428/2494 2348/1292/2345/2402 
f 2346/1161/2343/2399 2348/1292/2345/2402 2352/1154/2349/2407 
f 2364/1296/2361/2422 2433/1177/2430/2497 2228/1178/2225/2267 
f 2364/1296/2361/2422 2228/1178/2225/2267 2365/1021/2362/2423 
f 2368/1172/2365/2428 2362/1181/2359/2420 2433/1177/2430/2497 
f 2368/1172/2365/2428 2433/1177/2430/2497 2364/1296/2361/2422 
f 2080/1248/2431/2498 2083/1297/2432/2499 2082/1250/2433/2500 
f 2082/1250/2080/2432 2371/1249/2368/2431 2080/1248/2078/2501 
f 855/855/855/855 856/856/856/856 2080/1248/2078/2501 
f 855/855/855/855 2080/1248/2078/2501 2371/1249/2368/2431 
f 2100/1252/2097/2502 1152/1152/1152/1152 1151/1151/1151/1151 
f 2100/1252/2097/2502 1151/1151/1151/1151 2373/1253/2370/2434 
f 879/879/879/879 2100/1252/2097/2502 2373/1253/2370/2434 
f 879/879/879/879 2373/1253/2370/2434 880/880/880/880 
f 2122/1255/2119/2503 1116/1116/1116/1116 1115/1115/1115/1115 
f 2122/1255/2119/2503 1115/1115/1115/1115 2375/1256/2372/2436 
f 903/903/903/903 2122/1255/2119/2503 2375/1256/2372/2436 
f 903/903/903/903 2375/1256/2372/2436 904/904/904/904 
f 2144/1258/2141/2504 1134/1134/1134/1134 1133/1133/1133/1133 
f 2144/1258/2141/2504 1133/1133/1133/1133 2377/1259/2374/2438 
f 928/928/928/928 2144/1258/2141/2504 2377/1259/2374/2438 
f 928/928/928/928 2377/1259/2374/2438 927/927/927/927 
f 2166/1261/2163/2505 1044/1044/1044/1044 1043/1043/1043/1043 
f 2166/1261/2163/2505 1043/1043/1043/1043 2379/1262/2376/2440 
f 951/951/951/951 2166/1261/2163/2505 2379/1262/2376/2440 
f 951/951/951/951 2379/1262/2376/2440 952/952/952/952 
f 2188/1264/2185/2506 1062/1062/1062/1062 1061/1061/1061/1061 
f 2188/1264/2185/2506 1061/1061/1061/1061 2381/1265/2378/2442 
f 975/975/975/975 2188/1264/2185/2506 2381/1265/2378/2442 
f 975/975/975/975 2381/1265/2378/2442 976/976/976/976 
f 2210/1267/2207/2507 1080/1080/1080/1080 1079/1079/1079/1079 
f 2210/1267/2207/2507 1079/1079/1079/1079 2383/1268/2380/2444 
f 999/999/999/999 2210/1267/2207/2507 2383/1268/2380/2444 
f 999/999/999/999 2383/1268/2380/2444 1000/1000/1000/1000 
f 2232/1270/2229/2508 1098/1098/1098/1098 1097/1097/1097/1097 
f 2232/1270/2229/2508 1097/1097/1097/1097 2385/1271/2382/2446 
f 1024/1024/1024/1024 2232/1270/2229/2508 2385/1271/2382/2446 
f 1024/1024/1024/1024 2385/1271/2382/2446 1023/1023/1023/1023 
f 2387/1274/2384/2448 2251/1273/2248/2509 853/853/853/853 
f 2387/1274/2384/2448 853/853/853/853 852/852/852/852 
f 1046/1046/1046/1046 1045/1045/1045/1045 2251/1273/2248/2509 
f 1046/1046/1046/1046 2251/1273/2248/2509 2387/1274/2384/2448 
f 2389/1277/2386/2450 2267/1276/2264/2510 878/878/878/878 
f 2389/1277/2386/2450 878/878/878/878 877/877/877/877 
f 1064/1064/1064/1064 1063/1063/1063/1063 2267/1276/2264/2510 
f 1064/1064/1064/1064 2267/1276/2264/2510 2389/1277/2386/2450 
f 2391/1280/2388/2452 2283/1279/2280/2511 902/902/902/902 
f 2391/1280/2388/2452 902/902/902/902 901/901/901/901 
f 1082/1082/1082/1082 1081/1081/1081/1081 2283/1279/2280/2511 
f 1082/1082/1082/1082 2283/1279/2280/2511 2391/1280/2388/2452 
f 2299/1282/2296/2512 926/926/926/926 925/925/925/925 
f 2299/1282/2296/2512 925/925/925/925 2393/1283/2390/2454 
f 1100/1100/1100/1100 1099/1099/1099/1099 2299/1282/2296/2512 
f 1100/1100/1100/1100 2299/1282/2296/2512 2393/1283/2390/2454 
f 2395/1286/2392/2456 2315/1285/2312/2513 950/950/950/950 
f 2395/1286/2392/2456 950/950/950/950 949/949/949/949 
f 1118/1118/1118/1118 1117/1117/1117/1117 2315/1285/2312/2513 
f 1118/1118/1118/1118 2315/1285/2312/2513 2395/1286/2392/2456 
f 2397/1289/2394/2458 2331/1288/2328/2514 974/974/974/974 
f 2397/1289/2394/2458 974/974/974/974 973/973/973/973 
f 1136/1136/1136/1136 1135/1135/1135/1135 2331/1288/2328/2514 
f 1136/1136/1136/1136 2331/1288/2328/2514 2397/1289/2394/2458 
f 2399/1292/2396/2460 2347/1291/2344/2515 998/998/998/998 
f 2399/1292/2396/2460 998/998/998/998 997/997/997/997 
f 1154/1154/1154/1154 1153/1153/1153/1153 2347/1291/2344/2515 
f 1154/1154/1154/1154 2347/1291/2344/2515 2399/1292/2396/2460 
f 2363/1295/2360/2516 1022/1022/1022/1022 1021/1021/1021/1021 
f 2363/1295/2360/2516 1021/1021/1021/1021 2401/1296/2398/2463 
f 1174/1173/1173/1173 2363/1295/2360/2516 2401/1296/2398/2463 
f 1174/1173/1173/1173 2401/1296/2398/2463 1173/1172/1172/1172 
f 854/854/854/2517 853/853/853/2292 2253/852/2250/2295 
f 854/854/854/2517 2253/852/2250/2295 2402/851/2399/2464 
f 2086/855/2083/2112 856/856/856/2111 854/854/854/2517 
f 2086/855/2083/2112 854/854/854/2517 2402/851/2399/2464 
f 2404/876/2401/2467 875/875/875/2518 878/878/878/2310 
f 2404/876/2401/2467 878/878/878/2310 2269/877/2266/2313 
f 879/879/879/2135 875/875/875/2518 2404/876/2401/2467 
f 879/879/879/2135 2404/876/2401/2467 2107/880/2104/2136 
f 2406/900/2403/2469 899/899/899/2519 902/902/902/2328 
f 2406/900/2403/2469 902/902/902/2328 2285/901/2282/2331 
f 903/903/903/2159 899/899/899/2519 2406/900/2403/2469 
f 903/903/903/2159 2406/900/2403/2469 2129/904/2126/2160 
f 2408/924/2405/2471 923/923/923/2520 926/926/926/2346 
f 2408/924/2405/2471 926/926/926/2346 2301/925/2298/2349 
f 2151/927/2148/2184 928/928/928/2183 923/923/923/2520 
f 2151/927/2148/2184 923/923/923/2520 2408/924/2405/2471 
f 2410/948/2407/2473 947/947/947/2521 950/950/950/2364 
f 2410/948/2407/2473 950/950/950/2364 2317/949/2314/2367 
f 951/951/951/2207 947/947/947/2521 2410/948/2407/2473 
f 951/951/951/2207 2410/948/2407/2473 2173/952/2170/2208 
f 2412/972/2409/2475 971/971/971/2522 974/974/974/2382 
f 2412/972/2409/2475 974/974/974/2382 2333/973/2330/2385 
f 975/975/975/2231 971/971/971/2522 2412/972/2409/2475 
f 975/975/975/2231 2412/972/2409/2475 2195/976/2192/2232 
f 2414/996/2411/2477 995/995/995/2523 998/998/998/2400 
f 2414/996/2411/2477 998/998/998/2400 2349/997/2346/2403 
f 999/999/999/2255 995/995/995/2523 2414/996/2411/2477 
f 999/999/999/2255 2414/996/2411/2477 2217/1000/2214/2256 
f 2416/1020/2413/2479 1019/1019/1019/2524 1022/1022/1022/2424 
f 2416/1020/2413/2479 1022/1022/1022/2424 2365/1021/2362/2423 
f 2239/1023/2236/2280 1024/1024/1024/2279 1019/1019/1019/2524 
f 2239/1023/2236/2280 1019/1019/1019/2524 2416/1020/2413/2479 
f 1041/1041/1041/2525 1044/1044/1044/2202 2168/1043/2165/2201 
f 1041/1041/1041/2525 2168/1043/2165/2201 2418/1042/2415/2481 
f 1045/1045/1045/2298 1041/1041/1041/2525 2418/1042/2415/2481 
f 1045/1045/1045/2298 2418/1042/2415/2481 2256/1046/2253/2299 
f 1059/1059/1059/2526 1062/1062/1062/2226 2190/1061/2187/2225 
f 1059/1059/1059/2526 2190/1061/2187/2225 2420/1060/2417/2483 
f 1063/1063/1063/2316 1059/1059/1059/2526 2420/1060/2417/2483 
f 1063/1063/1063/2316 2420/1060/2417/2483 2272/1064/2269/2317 
f 1077/1077/1077/2527 1080/1080/1080/2250 2212/1079/2209/2249 
f 1077/1077/1077/2527 2212/1079/2209/2249 2422/1078/2419/2485 
f 1081/1081/1081/2334 1077/1077/1077/2527 2422/1078/2419/2485 
f 1081/1081/1081/2334 2422/1078/2419/2485 2288/1082/2285/2335 
f 1095/1095/1095/2528 1098/1098/1098/2274 2234/1097/2231/2273 
f 1095/1095/1095/2528 2234/1097/2231/2273 2424/1096/2421/2487 
f 1099/1099/1099/2352 1095/1095/1095/2528 2424/1096/2421/2487 
f 1099/1099/1099/2352 2424/1096/2421/2487 2304/1100/2301/2353 
f 1113/1113/1113/2529 1116/1116/1116/2154 2124/1115/2121/2153 
f 1113/1113/1113/2529 2124/1115/2121/2153 2426/1114/2423/2489 
f 1117/1117/1117/2370 1113/1113/1113/2529 2426/1114/2423/2489 
f 1117/1117/1117/2370 2426/1114/2423/2489 2320/1118/2317/2371 
f 1131/1131/1131/2530 1134/1134/1134/2178 2146/1133/2143/2177 
f 1131/1131/1131/2530 2146/1133/2143/2177 2428/1132/2425/2491 
f 1135/1135/1135/2388 1131/1131/1131/2530 2428/1132/2425/2491 
f 1135/1135/1135/2388 2428/1132/2425/2491 2336/1136/2333/2389 
f 1149/1149/1149/2531 1152/1152/1152/2130 2102/1151/2099/2129 
f 1149/1149/1149/2531 2102/1151/2099/2129 2430/1150/2427/2493 
f 1153/1153/1153/2406 1149/1149/1149/2531 2430/1150/2427/2493 
f 1153/1153/1153/2406 2430/1150/2427/2493 2352/1154/2349/2407 
f 1169/1169/2434/2532 1172/1298/2435/2533 1171/1171/2436/2534 
f 1171/1171/1171/2496 2432/1170/2429/2495 1169/1169/1169/2535 
f 1174/1173/1173/2427 1169/1169/1169/2535 2432/1170/2429/2495 
f 1174/1173/1173/2427 2432/1170/2429/2495 2368/1172/2365/2428 
f 1/1/2437/2536 1186/1299/2438/2537 1185/1183/2439/2538 
f 1185/1183/1184/2539 2/2/2/2 1/1/1/1 
f 2/2/2/2 1185/1183/1184/2539 1188/1184/1186/2540 
f 2/2/2/2 1188/1184/1186/2540 4/4/4/4 
f 1193/1185/1191/2541 1196/1186/1194/2542 12/12/12/12 
f 1193/1185/1191/2541 12/12/12/12 11/11/11/11 
f 1188/1184/1186/2540 1193/1185/1191/2541 11/11/11/11 
f 1188/1184/1186/2540 11/11/11/11 4/4/4/4 
f 1212/1188/1210/2543 1211/1187/1209/2544 28/28/28/28 
f 1212/1188/1210/2543 28/28/28/28 27/27/27/27 
f 1211/1187/1209/2544 1214/1189/1212/2545 30/30/30/30 
f 1211/1187/1209/2544 30/30/30/30 28/28/28/28 
f 35/35/35/35 1224/1191/1222/2546 1223/1190/1221/2547 
f 35/35/35/35 1223/1190/1221/2547 36/36/36/36 
f 30/30/30/30 1214/1189/1212/2545 1224/1191/1222/2546 
f 30/30/30/30 1224/1191/1222/2546 35/35/35/35 
f 1242/1193/1240/2548 1241/1192/1239/2549 53/53/53/53 
f 1242/1193/1240/2548 53/53/53/53 52/52/52/52 
f 1241/1192/1239/2549 1244/1194/1242/2550 55/55/55/55 
f 1241/1192/1239/2549 55/55/55/55 53/53/53/53 
f 60/60/60/60 1254/1196/1252/2551 1253/1195/1251/2552 
f 60/60/60/60 1253/1195/1251/2552 61/61/61/61 
f 55/55/55/55 1244/1194/1242/2550 1254/1196/1252/2551 
f 55/55/55/55 1254/1196/1252/2551 60/60/60/60 
f 1272/1198/1270/2553 1271/1197/1269/2554 78/78/78/78 
f 1272/1198/1270/2553 78/78/78/78 77/77/77/77 
f 1271/1197/1269/2554 1274/1199/1272/2555 80/80/80/80 
f 1271/1197/1269/2554 80/80/80/80 78/78/78/78 
f 1284/1201/1282/2556 1283/1200/1281/2557 87/87/87/87 
f 1284/1201/1282/2556 87/87/87/87 86/86/86/86 
f 1274/1199/1272/2555 1284/1201/1282/2556 86/86/86/86 
f 1274/1199/1272/2555 86/86/86/86 80/80/80/80 
f 101/101/101/101 1302/1203/1300/2558 1301/1202/1299/2559 
f 101/101/101/101 1301/1202/1299/2559 102/102/102/102 
f 102/102/102/102 1301/1202/1299/2559 1304/1204/1302/2560 
f 102/102/102/102 1304/1204/1302/2560 104/104/104/104 
f 110/110/110/110 1311/1205/1309/2561 1314/1206/1312/2562 
f 110/110/110/110 1314/1206/1312/2562 111/111/111/111 
f 104/104/104/104 1304/1204/1302/2560 1311/1205/1309/2561 
f 104/104/104/104 1311/1205/1309/2561 110/110/110/110 
f 1332/1208/1330/2563 1331/1207/1329/2564 128/128/128/128 
f 1332/1208/1330/2563 128/128/128/128 127/127/127/127 
f 1331/1207/1329/2564 1334/1209/1332/2565 130/130/130/130 
f 1331/1207/1329/2564 130/130/130/130 128/128/128/128 
f 135/135/135/135 1344/1211/1342/2566 1343/1210/1341/2567 
f 135/135/135/135 1343/1210/1341/2567 136/136/136/136 
f 130/130/130/130 1334/1209/1332/2565 1344/1211/1342/2566 
f 130/130/130/130 1344/1211/1342/2566 135/135/135/135 
f 1362/1213/1360/2568 1361/1212/1359/2569 153/153/153/153 
f 1362/1213/1360/2568 153/153/153/153 152/152/152/152 
f 1361/1212/1359/2569 1364/1214/1362/2570 155/155/155/155 
f 1361/1212/1359/2569 155/155/155/155 153/153/153/153 
f 160/160/160/160 1374/1216/1372/2571 1373/1215/1371/2572 
f 160/160/160/160 1373/1215/1371/2572 161/161/161/161 
f 155/155/155/155 1364/1214/1362/2570 1374/1216/1372/2571 
f 155/155/155/155 1374/1216/1372/2571 160/160/160/160 
f 176/176/176/176 1392/1218/1390/2573 1391/1217/1389/2574 
f 176/176/176/176 1391/1217/1389/2574 177/177/177/177 
f 177/177/177/177 1391/1217/1389/2574 1394/1219/1392/2575 
f 177/177/177/177 1394/1219/1392/2575 179/179/179/179 
f 1404/1221/1402/2576 1403/1220/1401/2577 187/187/187/187 
f 1404/1221/1402/2576 187/187/187/187 186/186/186/186 
f 1394/1219/1392/2575 1404/1221/1402/2576 186/186/186/186 
f 1394/1219/1392/2575 186/186/186/186 179/179/179/179 
f 1196/1186/1194/2542 1420/1222/1418/2578 201/201/201/201 
f 1196/1186/1194/2542 201/201/201/201 12/12/12/12 
f 1420/1222/1418/2578 1422/1223/1420/2579 203/203/203/203 
f 1420/1222/1418/2578 203/203/203/203 201/201/201/201 
f 1428/1224/1426/2580 1302/1203/1300/2558 101/101/101/101 
f 1428/1224/1426/2580 101/101/101/101 207/207/207/207 
f 1422/1223/1420/2579 1428/1224/1426/2580 207/207/207/207 
f 1422/1223/1420/2579 207/207/207/207 203/203/203/203 
f 36/36/36/36 1223/1190/1221/2547 1438/1225/1436/2581 
f 36/36/36/36 1438/1225/1436/2581 215/215/215/215 
f 215/215/215/215 1438/1225/1436/2581 1440/1226/1438/2582 
f 215/215/215/215 1440/1226/1438/2582 217/217/217/217 
f 1445/1227/1443/2583 1332/1208/1330/2563 127/127/127/127 
f 1445/1227/1443/2583 127/127/127/127 222/222/222/222 
f 1440/1226/1438/2582 1445/1227/1443/2583 222/222/222/222 
f 1440/1226/1438/2582 222/222/222/222 217/217/217/217 
f 61/61/61/61 1253/1195/1251/2552 1456/1228/1454/2584 
f 61/61/61/61 1456/1228/1454/2584 230/230/230/230 
f 230/230/230/230 1456/1228/1454/2584 1458/1229/1456/2585 
f 230/230/230/230 1458/1229/1456/2585 232/232/232/232 
f 1463/1230/1461/2586 1362/1213/1360/2568 152/152/152/152 
f 1463/1230/1461/2586 152/152/152/152 237/237/237/237 
f 1458/1229/1456/2585 1463/1230/1461/2586 237/237/237/237 
f 1458/1229/1456/2585 237/237/237/237 232/232/232/232 
f 87/87/87/87 1283/1200/1281/2557 1474/1231/1472/2587 
f 87/87/87/87 1474/1231/1472/2587 245/245/245/245 
f 245/245/245/245 1474/1231/1472/2587 1476/1232/1474/2588 
f 245/245/245/245 1476/1232/1474/2588 247/247/247/247 
f 252/252/252/252 1482/1233/1480/2589 1392/1218/1390/2573 
f 252/252/252/252 1392/1218/1390/2573 176/176/176/176 
f 247/247/247/247 1476/1232/1474/2588 1482/1233/1480/2589 
f 247/247/247/247 1482/1233/1480/2589 252/252/252/252 
f 111/111/111/111 1314/1206/1312/2562 1492/1234/1490/2590 
f 111/111/111/111 1492/1234/1490/2590 260/260/260/260 
f 1492/1234/1490/2590 1494/1235/1492/2591 263/263/263/263 
f 1492/1234/1490/2590 263/263/263/263 260/260/260/260 
f 1499/1236/1497/2592 1242/1193/1240/2548 52/52/52/52 
f 1499/1236/1497/2592 52/52/52/52 267/267/267/267 
f 1494/1235/1492/2591 1499/1236/1497/2592 267/267/267/267 
f 1494/1235/1492/2591 267/267/267/267 263/263/263/263 
f 136/136/136/136 1343/1210/1341/2567 1510/1237/1508/2593 
f 136/136/136/136 1510/1237/1508/2593 275/275/275/275 
f 275/275/275/275 1510/1237/1508/2593 1512/1238/1510/2594 
f 275/275/275/275 1512/1238/1510/2594 277/277/277/277 
f 1517/1239/1515/2595 1272/1198/1270/2553 77/77/77/77 
f 1517/1239/1515/2595 77/77/77/77 282/282/282/282 
f 1512/1238/1510/2594 1517/1239/1515/2595 282/282/282/282 
f 1512/1238/1510/2594 282/282/282/282 277/277/277/277 
f 161/161/161/161 1373/1215/1371/2572 1528/1240/1526/2596 
f 161/161/161/161 1528/1240/1526/2596 290/290/290/290 
f 290/290/290/290 1528/1240/1526/2596 1530/1241/1528/2597 
f 290/290/290/290 1530/1241/1528/2597 292/292/292/292 
f 1535/1242/1533/2598 1212/1188/1210/2543 27/27/27/27 
f 1535/1242/1533/2598 27/27/27/27 297/297/297/297 
f 1530/1241/1528/2597 1535/1242/1533/2598 297/297/297/297 
f 1530/1241/1528/2597 297/297/297/297 292/292/292/292 
f 1403/1220/1401/2577 1546/1243/1544/2599 305/305/305/305 
f 1403/1220/1401/2577 305/305/305/305 187/187/187/187 
f 305/305/305/305 1546/1243/1544/2599 1548/1244/1546/2600 
f 305/305/305/305 1548/1244/1546/2600 307/307/307/307 
f 1555/1246/1553/2601 1554/1245/1552/2602 314/314/314/314 
f 1555/1246/1553/2601 314/314/314/314 313/313/313/313 
f 307/307/307/307 1548/1244/1546/2600 1555/1246/1553/2601 
f 307/307/307/307 1555/1246/1553/2601 313/313/313/313 
f 0/0/0/1189 1190/3/1187/1188 1184/2/1183/1184 
f 0/0/0/1189 1184/2/1183/1184 1/1/1/1183 
f 1184/2/1183/1184 1190/3/1187/1188 1192/5/1190/1193 
f 1184/2/1183/1184 1192/5/1190/1193 1187/4/1185/1186 
f 1194/11/1192/1195 1200/10/1198/1201 1199/9/1197/1200 
f 1194/11/1192/1195 1199/9/1197/1200 1195/12/1193/1196 
f 1187/4/1185/1186 1192/5/1190/1193 1200/10/1198/1201 
f 1187/4/1185/1186 1200/10/1198/1201 1194/11/1192/1195 
f 1218/26/1216/1221 1217/25/1215/1220 1210/28/1208/1213 
f 1218/26/1216/1221 1210/28/1208/1213 1209/27/1207/1212 
f 1217/25/1215/1220 1220/29/1218/1223 1213/30/1211/1216 
f 1217/25/1215/1220 1213/30/1211/1216 1210/28/1208/1213 
f 1228/34/1226/1231 1227/37/1225/1230 1222/36/1220/1225 
f 1228/34/1226/1231 1222/36/1220/1225 1221/35/1219/1224 
f 1220/29/1218/1223 1228/34/1226/1231 1221/35/1219/1224 
f 1220/29/1218/1223 1221/35/1219/1224 1213/30/1211/1216 
f 1239/52/1237/1242 1248/51/1246/1251 1247/50/1245/1250 
f 1239/52/1237/1242 1247/50/1245/1250 1240/53/1238/1243 
f 1247/50/1245/1250 1250/54/1248/1253 1243/55/1241/1246 
f 1247/50/1245/1250 1243/55/1241/1246 1240/53/1238/1243 
f 1258/59/1256/1261 1257/62/1255/1260 1252/61/1250/1255 
f 1258/59/1256/1261 1252/61/1250/1255 1251/60/1249/1254 
f 1250/54/1248/1253 1258/59/1256/1261 1251/60/1249/1254 
f 1250/54/1248/1253 1251/60/1249/1254 1243/55/1241/1246 
f 1278/76/1276/1281 1277/75/1275/1280 1270/78/1268/1273 
f 1278/76/1276/1281 1270/78/1268/1273 1269/77/1267/1272 
f 1277/75/1275/1280 1280/79/1278/1283 1273/80/1271/1276 
f 1277/75/1275/1280 1273/80/1271/1276 1270/78/1268/1273 
f 1288/85/1286/1291 1287/84/1285/1290 1282/87/1280/1285 
f 1288/85/1286/1291 1282/87/1280/1285 1281/86/1279/1284 
f 1280/79/1278/1283 1288/85/1286/1291 1281/86/1279/1284 
f 1280/79/1278/1283 1281/86/1279/1284 1273/80/1271/1276 
f 1308/100/1306/1311 1307/103/1305/1310 1300/102/1298/1303 
f 1308/100/1306/1311 1300/102/1298/1303 1299/101/1297/1302 
f 1307/103/1305/1310 1310/105/1308/1313 1303/104/1301/1306 
f 1307/103/1305/1310 1303/104/1301/1306 1300/102/1298/1303 
f 1318/109/1316/1321 1317/112/1315/1320 1313/111/1311/1316 
f 1318/109/1316/1321 1313/111/1311/1316 1312/110/1310/1315 
f 1310/105/1308/1313 1318/109/1316/1321 1312/110/1310/1315 
f 1310/105/1308/1313 1312/110/1310/1315 1303/104/1301/1306 
f 1329/127/1327/1332 1338/126/1336/1341 1337/125/1335/1340 
f 1329/127/1327/1332 1337/125/1335/1340 1330/128/1328/1333 
f 1337/125/1335/1340 1340/129/1338/1343 1333/130/1331/1336 
f 1337/125/1335/1340 1333/130/1331/1336 1330/128/1328/1333 
f 1348/134/1346/1351 1347/137/1345/1350 1342/136/1340/1345 
f 1348/134/1346/1351 1342/136/1340/1345 1341/135/1339/1344 
f 1340/129/1338/1343 1348/134/1346/1351 1341/135/1339/1344 
f 1340/129/1338/1343 1341/135/1339/1344 1333/130/1331/1336 
f 1368/151/1366/1371 1367/150/1365/1370 1360/153/1358/1363 
f 1368/151/1366/1371 1360/153/1358/1363 1359/152/1357/1362 
f 1367/150/1365/1370 1370/154/1368/1373 1363/155/1361/1366 
f 1367/150/1365/1370 1363/155/1361/1366 1360/153/1358/1363 
f 1378/159/1376/1381 1377/162/1375/1380 1372/161/1370/1375 
f 1378/159/1376/1381 1372/161/1370/1375 1371/160/1369/1374 
f 1370/154/1368/1373 1378/159/1376/1381 1371/160/1369/1374 
f 1370/154/1368/1373 1371/160/1369/1374 1363/155/1361/1366 
f 1398/175/1396/1401 1397/178/1395/1400 1390/177/1388/1393 
f 1398/175/1396/1401 1390/177/1388/1393 1389/176/1387/1392 
f 1390/177/1388/1393 1397/178/1395/1400 1400/180/1398/1403 
f 1390/177/1388/1393 1400/180/1398/1403 1393/179/1391/1396 
f 1408/185/1406/1411 1407/184/1405/1410 1402/187/1400/1405 
f 1408/185/1406/1411 1402/187/1400/1405 1401/186/1399/1404 
f 1393/179/1391/1396 1400/180/1398/1403 1408/185/1406/1411 
f 1393/179/1391/1396 1408/185/1406/1411 1401/186/1399/1404 
f 1195/12/1193/1196 1199/9/1197/1200 1424/200/1422/1427 
f 1195/12/1193/1196 1424/200/1422/1427 1419/201/1417/1422 
f 1419/201/1417/1422 1424/200/1422/1427 1426/202/1424/1429 
f 1419/201/1417/1422 1426/202/1424/1429 1421/203/1419/1424 
f 1427/207/1425/1430 1430/206/1428/1433 1308/100/1306/1311 
f 1427/207/1425/1430 1308/100/1306/1311 1299/101/1297/1302 
f 1421/203/1419/1424 1426/202/1424/1429 1430/206/1428/1433 
f 1421/203/1419/1424 1430/206/1428/1433 1427/207/1425/1430 
f 1227/37/1225/1230 1442/216/1440/1445 1437/215/1435/1440 
f 1227/37/1225/1230 1437/215/1435/1440 1222/36/1220/1225 
f 1437/215/1435/1440 1442/216/1440/1445 1444/218/1442/1447 
f 1437/215/1435/1440 1444/218/1442/1447 1439/217/1437/1442 
f 1446/222/1444/1449 1448/221/1446/1451 1338/126/1336/1341 
f 1446/222/1444/1449 1338/126/1336/1341 1329/127/1327/1332 
f 1439/217/1437/1442 1444/218/1442/1447 1448/221/1446/1451 
f 1439/217/1437/1442 1448/221/1446/1451 1446/222/1444/1449 
f 1257/62/1255/1260 1460/231/1458/1463 1455/230/1453/1458 
f 1257/62/1255/1260 1455/230/1453/1458 1252/61/1250/1255 
f 1455/230/1453/1458 1460/231/1458/1463 1462/233/1460/1465 
f 1455/230/1453/1458 1462/233/1460/1465 1457/232/1455/1460 
f 1464/237/1462/1467 1466/236/1464/1469 1368/151/1366/1371 
f 1464/237/1462/1467 1368/151/1366/1371 1359/152/1357/1362 
f 1457/232/1455/1460 1462/233/1460/1465 1466/236/1464/1469 
f 1457/232/1455/1460 1466/236/1464/1469 1464/237/1462/1467 
f 1287/84/1285/1290 1478/246/1476/1481 1473/245/1471/1476 
f 1287/84/1285/1290 1473/245/1471/1476 1282/87/1280/1285 
f 1478/246/1476/1481 1480/248/1478/1483 1475/247/1473/1478 
f 1478/246/1476/1481 1475/247/1473/1478 1473/245/1471/1476 
f 1484/251/1482/1487 1398/175/1396/1401 1389/176/1387/1392 
f 1484/251/1482/1487 1389/176/1387/1392 1481/252/1479/1484 
f 1480/248/1478/1483 1484/251/1482/1487 1481/252/1479/1484 
f 1480/248/1478/1483 1481/252/1479/1484 1475/247/1473/1478 
f 1313/111/1311/1316 1317/112/1315/1320 1496/261/1494/1499 
f 1313/111/1311/1316 1496/261/1494/1499 1491/260/1489/1494 
f 1491/260/1489/1494 1496/261/1494/1499 1498/262/1496/1501 
f 1491/260/1489/1494 1498/262/1496/1501 1493/263/1491/1496 
f 1500/267/1498/1503 1502/266/1500/1505 1248/51/1246/1251 
f 1500/267/1498/1503 1248/51/1246/1251 1239/52/1237/1242 
f 1493/263/1491/1496 1498/262/1496/1501 1502/266/1500/1505 
f 1493/263/1491/1496 1502/266/1500/1505 1500/267/1498/1503 
f 1347/137/1345/1350 1514/276/1512/1517 1509/275/1507/1512 
f 1347/137/1345/1350 1509/275/1507/1512 1342/136/1340/1345 
f 1509/275/1507/1512 1514/276/1512/1517 1516/278/1514/1519 
f 1509/275/1507/1512 1516/278/1514/1519 1511/277/1509/1514 
f 1518/282/1516/1521 1520/281/1518/1523 1278/76/1276/1281 
f 1518/282/1516/1521 1278/76/1276/1281 1269/77/1267/1272 
f 1511/277/1509/1514 1516/278/1514/1519 1520/281/1518/1523 
f 1511/277/1509/1514 1520/281/1518/1523 1518/282/1516/1521 
f 1377/162/1375/1380 1532/291/1530/1535 1527/290/1525/1530 
f 1377/162/1375/1380 1527/290/1525/1530 1372/161/1370/1375 
f 1527/290/1525/1530 1532/291/1530/1535 1534/293/1532/1537 
f 1527/290/1525/1530 1534/293/1532/1537 1529/292/1527/1532 
f 1536/297/1534/1539 1538/296/1536/1541 1218/26/1216/1221 
f 1536/297/1534/1539 1218/26/1216/1221 1209/27/1207/1212 
f 1529/292/1527/1532 1534/293/1532/1537 1538/296/1536/1541 
f 1529/292/1527/1532 1538/296/1536/1541 1536/297/1534/1539 
f 1407/184/1405/1410 1550/306/1548/1553 1545/305/1543/1548 
f 1407/184/1405/1410 1545/305/1543/1548 1402/187/1400/1405 
f 1550/306/1548/1553 1552/308/1550/1555 1547/307/1545/1550 
f 1550/306/1548/1553 1547/307/1545/1550 1545/305/1543/1548 
f 1553/313/1551/1556 1557/312/1555/1563 311/311/311/1562 
f 1553/313/1551/1556 311/311/311/1562 314/314/314/1557 
f 1552/308/1550/1555 1557/312/1555/1563 1553/313/1551/1556 
f 1552/308/1550/1555 1553/313/1551/1556 1547/307/1545/1550 
