v -68.0182 685.0018 -304.7564
v -68.1837 685.7433 -305.6949
v -60.401 685.7433 -305.4932
v -60.5665 685.0018 -304.5547
v -76.3531 685.0018 -301.7227
v -76.8297 685.7433 -302.548
v -83.1478 685.0018 -296.0213
v -83.8779 685.7433 -296.6339
v -87.5828 685.0018 -288.3398
v -88.4783 685.7433 -288.6657
v -88.217 685.0018 -282.2465
v -89.1555 685.7433 -282.412
v -87.5828 686.4847 -288.3398
v -88.217 686.4847 -282.2465
v -83.1478 686.4847 -296.0213
v -76.3531 686.4847 -301.7227
v -68.0182 686.4847 -304.7564
v -60.5665 686.4847 -304.5547
v -67.9721 679.1221 -304.4949
v -60.6126 679.1221 -304.2932
v -76.2203 679.1221 -301.4928
v -82.9444 679.1221 -295.8506
v -87.3332 679.1221 -288.249
v -87.9555 679.1221 -282.2004
v -67.9995 687.4208 -304.6503
v -60.5852 687.4208 -304.4486
v -76.2993 687.4208 -301.6294
v -83.0652 687.4208 -295.952
v -87.4814 687.4208 -288.3029
v -88.1109 687.4208 -282.2278
v -50.4276 685.0018 -257.5216
v -49.951 685.7433 -256.6963
v -58.597 685.7433 -253.5494
v -58.7625 685.0018 -254.488
v -43.6329 685.0018 -263.223
v -42.9028 685.7433 -262.6105
v -39.198 685.0018 -270.9045
v -38.3024 685.7433 -270.5786
v -37.1042 685.7433 -277.3744
v -38.0428 685.0018 -277.4559
v -43.6329 686.4847 -263.223
v -39.198 686.4847 -270.9045
v -50.4276 686.4847 -257.5216
v -58.7625 686.4847 -254.488
v -64.882 686.4847 -254.1615
v -64.9634 685.7433 -253.2229
v -50.5604 679.1221 -257.7516
v -58.8086 679.1221 -254.7495
v -43.8363 679.1221 -263.3938
v -39.4475 679.1221 -270.9954
v -38.3043 679.1221 -277.4786
v -64.8727 687.4208 -254.2676
v -58.7812 687.4208 -254.5941
v -50.4814 687.4208 -257.615
v -43.7155 687.4208 -263.2923
v -39.2993 687.4208 -270.9414
v -40.6151 685.0018 -292.4718
v -39.7897 685.7433 -292.9483
v -36.6429 685.7433 -284.3024
v -37.5814 685.0018 -284.1369
v -46.3165 685.0018 -299.2665
v -45.7039 685.7433 -299.9965
v -53.998 685.0018 -303.7014
v -53.6721 685.7433 -304.5969
v -53.998 686.4847 -303.7014
v -46.3165 686.4847 -299.2665
v -40.6151 686.4847 -292.4718
v -37.5814 686.4847 -284.1369
v -40.845 679.1221 -292.339
v -37.843 679.1221 -284.0908
v -46.4872 679.1221 -299.0631
v -54.0888 679.1221 -303.4519
v -40.7084 687.4208 -292.4179
v -37.6876 687.4208 -284.1182
v -46.3857 687.4208 -299.184
v -54.0349 687.4208 -303.6002
v -87.8499 685.0018 -274.8812
v -88.7883 685.7433 -274.7157
v -84.8162 685.0018 -266.5463
v -85.6415 685.7433 -266.0698
v -79.1147 685.0018 -259.7516
v -79.7274 685.7433 -259.0215
v -71.4333 685.0018 -255.3167
v -71.7592 685.7433 -254.4211
v -64.882 685.0018 -254.1615
v -79.1147 686.4847 -259.7516
v -71.4333 686.4847 -255.3167
v -84.8162 686.4847 -266.5463
v -87.8499 686.4847 -274.8812
v -87.5883 679.1221 -274.9273
v -84.5862 679.1221 -266.679
v -78.9441 679.1221 -259.955
v -71.3424 679.1221 -255.5662
v -65.5083 679.1221 -255.186
v -87.7437 687.4208 -274.8999
v -84.7228 687.4208 -266.6002
v -79.0455 687.4208 -259.8341
v -71.3964 687.4208 -255.4179
v -57.4421 518.5182 -298.19
v -57.5654 518.1927 -297.799
v -64.8203 518.1927 -298.5935
v -64.856 518.5182 -299.0019
v -57.5815 520.8707 -297.7479
v -57.5735 520.3655 -297.7734
v -64.8179 520.3655 -298.5668
v -64.8156 520.8707 -298.5401
v -57.4421 519.9847 -298.19
v -64.856 519.9847 -299.0019
v -57.3654 519.2513 -298.4334
v -64.8783 519.2513 -299.2562
v -58.3616 522.991 -295.2738
v -58.3945 522.3359 -295.1697
v -64.58 522.3359 -295.8471
v -64.5895 522.991 -295.9559
v -58.4316 523.386 -295.0518
v -64.5692 523.386 -295.724
v -58.4651 524.166 -294.9456
v -64.5595 524.166 -295.6131
v -59.3766 525.3556 -292.0548
v -64.2953 525.3556 -292.5935
v -64.4256 527.1194 -294.0819
v -58.8892 527.1194 -293.4755
v -59.0322 527.7585 -293.0222
v -64.3842 527.7585 -293.6084
v -64.6331 530.8488 -296.4541
v -58.1317 530.8516 -295.7447
v -58.8102 666.4547 -293.7956
v -58.9943 662.0023 -293.3111
v -64.41 662.0023 -293.9043
v -64.4546 666.4547 -294.4138
v -70.4952 659.8401 -294.0217
v -64.5714 659.8401 -295.7483
v -64.41 659.7884 -293.9043
v -69.6405 659.7884 -292.3797
v -70.5782 660.0198 -294.1809
v -64.587 660.0198 -295.9272
v -58.4376 661.9504 -295.0766
v -58.3837 661.7709 -295.2478
v -64.587 661.7709 -295.9272
v -64.5714 661.9504 -295.7483
v -58.3837 660.0198 -295.2478
v -58.9943 659.7884 -293.3111
v -59.0018 659.139 -293.2872
v -64.4078 659.139 -293.8793
v -58.819 658.5007 -293.8668
v -59.0018 657.8624 -293.2872
v -64.4078 657.8624 -293.8793
v -64.4608 658.5007 -294.4847
v -58.9666 644.9305 -292.9366
v -64.3772 644.9305 -293.5292
v -58.0505 588.3824 -295.8772
v -57.6517 562.5776 -297.1323
v -64.7606 562.5776 -297.9109
v -64.6458 588.3824 -296.5996
v -57.5024 536.0707 -297.641
v -64.8069 536.0707 -298.4409
v -57.5815 517.2234 -297.7479
v -64.8156 517.2234 -298.5401
v -70.4952 661.9504 -294.0217
v -69.6405 662.0023 -292.3797
v -68.8147 518.1927 -262.1209
v -61.5599 518.1927 -261.3264
v -61.5241 518.5182 -260.918
v -68.938 518.5182 -261.73
v -68.8066 520.3655 -262.1465
v -61.5622 520.3655 -261.3531
v -61.5645 520.8707 -261.3798
v -68.7986 520.8707 -262.172
v -68.938 519.9847 -261.73
v -61.5241 519.9847 -260.918
v -61.5019 519.2513 -260.6637
v -69.0147 519.2513 -261.4865
v -68.0185 522.991 -264.6461
v -67.9857 522.3359 -264.7503
v -61.8001 522.3359 -264.0728
v -61.7906 522.991 -263.9641
v -61.8109 523.386 -264.196
v -67.9485 523.386 -264.8682
v -61.8206 524.166 -264.3068
v -67.915 524.166 -264.9743
v -62.0848 525.3556 -267.3264
v -67.0035 525.3556 -267.8651
v -67.4738 527.1194 -266.2487
v -61.9374 527.1194 -265.6424
v -67.4871 637.2447 -265.9243
v -61.9087 637.2447 -265.3134
v -61.9456 644.9305 -265.7354
v -67.3563 644.9305 -266.3279
v -61.9789 527.7585 -266.1159
v -67.3309 527.7585 -266.702
v -61.7054 530.9211 -262.99
v -68.2321 530.9185 -263.7075
v -69.36 675.3228 -260.087
v -61.3749 675.3228 -259.2125
v -55.8909 659.8401 -265.9669
v -61.8148 659.8401 -264.2403
v -61.9761 659.7884 -266.0843
v -56.7456 659.7884 -267.6088
v -55.808 660.0198 -265.8076
v -61.7991 660.0198 -264.0614
v -68.0025 661.7709 -264.7407
v -61.7991 661.7709 -264.0614
v -61.8148 661.9504 -264.2403
v -67.9485 661.9504 -264.912
v -68.0025 660.0198 -264.7407
v -67.3843 659.139 -266.7013
v -61.9783 659.139 -266.1093
v -67.3918 659.7884 -266.6774
v -67.3843 657.8622 -266.7013
v -61.9783 657.8622 -266.1093
v -61.9253 658.5007 -265.5038
v -67.5671 658.5007 -266.1217
v -68.8287 536.0707 -261.7186
v -61.5242 536.0707 -260.9187
v -61.5657 562.5776 -261.3937
v -68.6746 562.5776 -262.1723
v -68.7986 517.2234 -262.172
v -61.5645 517.2234 -261.3798
v -56.7456 662.0023 -267.6088
v -61.9761 662.0023 -266.0843
v -55.8909 661.9504 -265.9669
v -45.3511 518.1927 -274.3353
v -44.5565 518.1927 -281.5902
v -44.1481 518.5182 -281.6259
v -44.9601 518.5182 -274.2121
v -45.3766 520.3655 -274.3434
v -44.5832 520.3655 -281.5879
v -44.6099 520.8707 -281.5855
v -45.4022 520.8707 -274.3515
v -44.9601 519.9847 -274.2121
v -44.1481 519.9847 -281.6259
v -43.8938 519.2513 -281.6482
v -44.7166 519.2513 -274.1353
v -47.8762 522.991 -275.1316
v -47.9803 522.3359 -275.1644
v -47.3029 522.3359 -281.3499
v -47.1942 522.991 -281.3594
v -47.4261 523.386 -281.3391
v -48.0983 523.386 -275.2015
v -47.537 524.166 -281.3294
v -48.2044 524.166 -275.235
v -50.5565 525.3556 -281.0653
v -51.0952 525.3556 -276.1465
v -48.9617 527.1194 -281.1062
v -49.5681 527.1194 -275.5698
v -49.4453 637.2447 -275.3162
v -48.8344 637.2447 -280.8947
v -49.2645 644.9305 -280.8481
v -49.8571 644.9305 -275.4374
v -49.4353 527.7585 -281.0648
v -50.0214 527.7585 -275.7128
v -46.4412 530.8851 -281.2204
v -47.1419 530.899 -274.7018
v -43.5344 675.3228 -273.5309
v -42.6599 675.3228 -281.5161
v -77.2205 659.8401 -272.6921
v -78.9471 659.8401 -278.616
v -77.103 659.7884 -278.7773
v -75.5785 659.7884 -273.5468
v -77.3797 660.0198 -272.6092
v -79.126 660.0198 -278.6003
v -47.9395 661.7709 -275.1849
v -47.2601 661.7709 -281.3882
v -47.439 661.9504 -281.3726
v -48.1108 661.9504 -275.2389
v -47.9395 660.0198 -275.1849
v -47.2601 660.0198 -281.3882
v -49.9001 659.139 -275.803
v -49.308 659.139 -281.2091
v -49.2831 659.7884 -281.2113
v -49.8762 659.7884 -275.7955
v -49.9001 657.8622 -275.803
v -49.308 657.8622 -281.2091
v -48.7026 658.5007 -281.262
v -49.3205 658.5007 -275.6203
v -45.2044 536.0707 -274.0166
v -44.4044 536.0707 -281.3212
v -44.9045 562.5776 -281.2497
v -45.6831 562.5776 -274.1408
v -45.4022 517.2234 -274.3515
v -44.6099 517.2234 -281.5855
v -75.5785 662.0023 -273.5468
v -77.103 662.0023 -278.7773
v -78.9471 661.9504 -278.616
v -77.2205 661.9504 -272.6921
v -81.0291 518.1927 -285.5846
v -81.8236 518.1927 -278.3297
v -82.232 518.5182 -278.294
v -81.42 518.5182 -285.7079
v -81.0035 520.3655 -285.5765
v -81.7969 520.3655 -278.3321
v -81.7703 520.8707 -278.3344
v -80.978 520.8707 -285.5685
v -81.42 519.9847 -285.7078
v -82.232 519.9847 -278.294
v -82.4863 519.2513 -278.2718
v -81.6635 519.2513 -285.7846
v -78.5039 522.991 -284.7884
v -78.3998 522.3359 -284.7556
v -79.0772 522.3359 -278.57
v -79.186 522.991 -278.5605
v -78.954 523.386 -278.5808
v -78.2819 523.386 -284.7184
v -78.8432 524.166 -278.5905
v -78.1757 524.166 -284.6849
v -75.8236 525.3556 -278.8547
v -75.2849 525.3556 -283.7735
v -76.7949 527.1194 -284.1544
v -77.4012 527.1194 -278.6181
v -76.879 637.2447 -283.9661
v -77.4899 637.2447 -278.3877
v -77.0583 644.9305 -278.4165
v -76.4658 644.9305 -283.8271
v -76.9277 527.7585 -278.6595
v -76.3416 527.7585 -284.0115
v -79.1772 530.8713 -284.8035
v -79.9034 530.8851 -278.2929
v -82.804 675.3228 -285.9126
v -83.6785 675.3228 -277.9274
v -49.1657 659.8401 -287.2965
v -47.439 659.8401 -281.3726
v -50.8076 659.7884 -286.4417
v -49.0064 660.0198 -287.3794
v -78.4466 661.7709 -284.8037
v -79.126 661.7709 -278.6003
v -78.2753 661.9504 -284.7497
v -78.4466 660.0198 -284.8037
v -76.486 659.139 -284.1855
v -77.0781 659.139 -278.7795
v -76.5099 659.7884 -284.1931
v -76.486 657.8622 -284.1855
v -77.0781 657.8622 -278.7795
v -77.6835 658.5007 -278.7266
v -77.0656 658.5007 -284.3683
v -81.1267 536.0707 -285.3429
v -81.9267 536.0707 -278.0384
v -81.4218 562.5776 -278.0549
v -80.6432 562.5776 -285.1637
v -80.978 517.2234 -285.5685
v -81.7703 517.2234 -278.3344
v -50.8076 662.0023 -286.4417
v -49.2831 662.0023 -281.2113
v -49.1657 661.9504 -287.2965
v -46.5988 518.1927 -288.5969
v -51.1669 518.1927 -294.2886
v -50.9034 518.5182 -294.6027
v -46.2351 518.5182 -288.7862
v -46.6226 520.3655 -288.5845
v -51.1841 520.3655 -294.2681
v -51.2014 520.8707 -294.2476
v -46.6463 520.8707 -288.5721
v -46.2351 519.9847 -288.7862
v -50.9034 519.9847 -294.6027
v -50.7393 519.2513 -294.7982
v -46.0087 519.2513 -288.904
v -49.0442 522.3359 -287.3239
v -52.939 522.3359 -292.1767
v -52.8688 522.991 -292.2603
v -48.9473 522.991 -287.3743
v -53.0185 523.386 -292.082
v -49.1538 523.386 -287.2668
v -53.09 524.166 -291.9968
v -49.2526 524.166 -287.2154
v -55.0384 525.3556 -289.6748
v -51.9412 525.3556 -285.8158
v -54.0063 527.1194 -290.7967
v -50.5203 527.1194 -286.4531
v -50.4047 637.2447 -286.2823
v -53.9173 637.2447 -290.6588
v -54.1945 644.9305 -290.3186
v -50.7876 644.9305 -286.0737
v -54.3118 527.7585 -290.4326
v -50.9419 527.7585 -286.2337
v -52.3926 530.8594 -292.6043
v -48.2867 530.8713 -287.506
v -44.9078 675.3228 -289.228
v -49.9357 675.3228 -295.4928
v -78.2753 659.8401 -284.7497
v -75.3074 659.8401 -290.1595
v -73.8894 659.7884 -288.9696
v -75.445 660.0198 -290.2749
v -49.0064 661.7709 -287.3794
v -52.9125 661.7709 -292.2462
v -53.0279 661.9504 -292.1087
v -52.9125 660.0198 -292.2462
v -50.8299 659.139 -286.4301
v -54.2339 659.139 -290.6714
v -54.2177 659.7884 -290.6906
v -50.8299 657.8622 -286.4301
v -54.2339 657.8622 -290.6714
v -53.8432 658.5007 -291.137
v -50.2908 658.5007 -286.7108
v -46.4606 536.0707 -288.3758
v -51.0601 536.0707 -294.1065
v -51.3819 562.5776 -293.6926
v -46.9057 562.5776 -288.1154
v -46.6463 517.2234 -288.5721
v -51.2014 517.2234 -294.2476
v -76.5099 662.0023 -284.1931
v -73.8894 662.0023 -288.9696
v -75.3074 661.9504 -290.1595
v -79.7814 518.1927 -271.3231
v -75.2133 518.1927 -265.6313
v -75.4767 518.5182 -265.3173
v -80.145 518.5182 -271.1338
v -79.7576 520.3655 -271.3355
v -75.196 520.3655 -265.6518
v -75.1788 520.8707 -265.6724
v -79.7338 520.8707 -271.3478
v -80.145 519.9847 -271.1338
v -75.4767 519.9847 -265.3173
v -75.6409 519.2513 -265.1217
v -80.3715 519.2513 -271.0159
v -77.336 522.3359 -272.5961
v -73.4412 522.3359 -267.7432
v -73.5113 522.991 -267.6596
v -77.4328 522.991 -272.5457
v -73.3617 523.386 -267.8379
v -77.2263 523.386 -272.6532
v -73.2902 524.166 -267.9232
v -77.1276 524.166 -272.7046
v -71.3418 525.3556 -270.2451
v -74.439 525.3556 -274.1041
v -75.8428 527.1194 -273.2711
v -72.3567 527.1194 -268.9276
v -75.9196 637.2447 -273.0001
v -72.4071 637.2447 -268.6235
v -72.1283 644.9305 -268.946
v -75.5352 644.9305 -273.1909
v -72.0511 527.7585 -269.2917
v -75.4211 527.7585 -273.4906
v -78.0814 530.899 -271.995
v -73.9835 530.9106 -266.8714
v -81.4307 675.3228 -270.2154
v -76.4027 675.3228 -263.9507
v -48.1108 659.8401 -275.2389
v -51.0787 659.8401 -269.8291
v -52.4967 659.7884 -271.0189
v -50.9411 660.0198 -269.7137
v -77.3797 661.7709 -272.6092
v -73.4737 661.7709 -267.7423
v -73.3583 661.9504 -267.8799
v -73.4737 660.0198 -267.7423
v -75.5563 659.139 -273.5584
v -72.1523 659.139 -269.3171
v -72.1684 659.7884 -269.2979
v -75.5563 657.8622 -273.5584
v -72.1523 657.8622 -269.3171
v -72.5429 658.5007 -268.8516
v -76.0953 658.5007 -273.2778
v -79.8705 536.0707 -270.9838
v -75.2711 536.0707 -265.253
v -74.9444 562.5776 -265.612
v -79.4206 562.5776 -271.1892
v -79.7338 517.2234 -271.3478
v -75.1788 517.2234 -265.6724
v -49.8762 662.0023 -275.7955
v -52.4967 662.0023 -271.0189
v -51.0787 661.9504 -269.8291
v -54.5532 518.1927 -263.3687
v -48.8615 518.1927 -267.9368
v -48.5474 518.5182 -267.6733
v -54.3639 518.5182 -263.005
v -54.5656 520.3655 -263.3924
v -48.882 520.3655 -267.954
v -48.9025 520.8707 -267.9712
v -54.5779 520.8707 -263.4162
v -54.3639 519.9847 -263.005
v -48.5474 519.9847 -267.6733
v -48.3518 519.2513 -267.5092
v -54.246 519.2513 -262.7786
v -55.8262 522.3359 -265.814
v -50.9733 522.3359 -269.7089
v -50.8897 522.991 -269.6387
v -55.7758 522.991 -265.7172
v -55.8833 523.386 -265.9237
v -51.0681 523.386 -269.7884
v -51.1533 524.166 -269.8599
v -55.9347 524.166 -266.0225
v -53.4752 525.3556 -271.8082
v -57.3343 525.3556 -268.7111
v -52.2469 527.1194 -270.6869
v -56.5905 527.1194 -267.2009
v -56.5211 637.2447 -266.8837
v -52.1445 637.2447 -270.3963
v -52.4751 644.9305 -270.6654
v -56.72 644.9305 -267.2585
v -56.81 527.7585 -267.6225
v -52.6111 527.7585 -270.9925
v -50.2878 530.9106 -268.9444
v -55.4024 530.9185 -264.8299
v -53.6629 675.3228 -261.4603
v -47.3982 675.3228 -266.4882
v -67.9485 659.8401 -264.912
v -73.3583 659.8401 -267.8799
v -55.808 661.7709 -265.8076
v -50.9411 661.7709 -269.7137
v -56.7572 659.139 -267.6311
v -52.5159 659.139 -271.0351
v -56.7572 657.8622 -267.6311
v -52.5159 657.8622 -271.0351
v -52.0504 658.5007 -270.6444
v -56.4766 658.5007 -267.092
v -54.4695 536.0707 -262.9749
v -48.7388 536.0707 -267.5743
v -49.1228 562.5776 -267.8711
v -54.7001 562.5776 -263.3949
v -54.5779 517.2234 -263.4162
v -48.9025 517.2234 -267.9712
v -67.3918 662.0023 -266.6774
v -72.1684 662.0023 -269.2979
v -71.827 518.1927 -296.5513
v -77.5187 518.1927 -291.9831
v -77.8328 518.5182 -292.2467
v -72.0162 518.5182 -296.9149
v -71.8146 520.3655 -296.5275
v -77.4982 520.3655 -291.9659
v -77.4777 520.8707 -291.9487
v -71.8022 520.8707 -296.5037
v -72.0162 519.9847 -296.9149
v -77.8328 519.9847 -292.2467
v -78.0283 519.2513 -292.4108
v -72.1341 519.2513 -297.1413
v -70.554 522.3359 -294.1059
v -75.4068 522.3359 -290.2111
v -75.4904 522.991 -290.2812
v -70.6044 522.991 -294.2027
v -70.4969 523.386 -293.9962
v -75.3121 523.386 -290.1316
v -75.2269 524.166 -290.06
v -70.4455 524.166 -293.8975
v -72.9049 525.3556 -288.1117
v -69.0458 525.3556 -291.2089
v -69.7725 527.1194 -292.5234
v -74.1161 527.1194 -289.0373
v -69.8033 637.2447 -292.3986
v -74.1798 637.2447 -288.8861
v -73.8477 644.9305 -288.5992
v -69.6028 644.9305 -292.0061
v -69.553 527.7585 -292.1017
v -73.752 527.7585 -288.7318
v -70.9125 530.8514 -294.6265
v -76.0192 530.8594 -290.5373
v -72.6755 675.3228 -297.9832
v -78.9402 675.3228 -292.9552
v -58.4376 659.8401 -295.0766
v -53.0279 659.8401 -292.1087
v -70.5782 661.7709 -294.1809
v -75.445 661.7709 -290.2749
v -69.6289 659.139 -292.3575
v -73.8702 659.139 -288.9535
v -69.6289 657.8622 -292.3575
v -73.8702 657.8622 -288.9535
v -74.3358 658.5007 -289.3441
v -69.9095 658.5007 -292.8966
v -71.8616 536.0707 -296.3847
v -77.5923 536.0707 -291.7853
v -77.2034 562.5776 -291.4335
v -71.6262 562.5776 -295.9097
v -71.8022 517.2234 -296.5037
v -77.4777 517.2234 -291.9487
v -54.2177 662.0023 -290.6906
v -58.8373 637.2447 -293.358
v -56.9784 675.3229 -299.3565
v -64.4157 637.2447 -293.969
v -64.9636 675.3228 -300.231
v -58.0792 670.8887 -295.8918
v -64.6469 670.8887 -296.6111
v -61.9179 666.4547 -265.4194
v -61.6953 670.8887 -262.8741
v -68.2629 670.8887 -263.5933
v -67.5623 666.4547 -266.0375
v -49.3073 666.4547 -275.5405
v -48.6891 666.4547 -281.1849
v -46.3025 670.8887 -281.2184
v -47.0218 670.8887 -274.6507
v -79.3203 670.8887 -284.8344
v -77.0653 666.4547 -284.2926
v -77.6835 666.4547 -278.6482
v -80.0396 670.8887 -278.2668
v -50.278 666.4547 -286.6362
v -53.832 666.4547 -291.0645
v -52.2867 670.8887 -292.714
v -48.1513 670.8887 -287.5614
v -78.1908 670.8887 -271.9238
v -76.0945 666.4547 -273.197
v -72.5405 666.4547 -268.7686
v -74.0554 670.8887 -266.7712
v -56.4666 666.4547 -267.0083
v -52.0383 666.4547 -270.5623
v -50.1996 670.8887 -268.8583
v -55.3523 670.8887 -264.7229
v -70.9898 670.8887 -294.7623
v -69.9059 666.4547 -292.8249
v -74.3342 666.4547 -289.2708
v -76.1425 670.8887 -290.6269
v -58.25 601.2848 -295.2497
v -64.5885 601.2848 -295.9439
v -61.6818 588.3824 -262.7206
v -68.2771 588.3824 -263.4429
v -46.2244 588.3824 -281.1421
v -46.9467 588.3824 -274.5468
v -80.1033 588.3824 -278.1781
v -79.381 588.3824 -284.7733
v -52.2338 588.3824 -292.6861
v -48.0809 588.3824 -287.5117
v -74.0939 588.3824 -266.6341
v -78.2468 588.3824 -271.8084
v -50.1379 588.3824 -268.73
v -55.3122 588.3824 -264.5772
v -76.1898 588.3824 -290.5902
v -71.0155 588.3824 -294.743
v -61.7399 601.2848 -263.384
v -68.0784 601.2848 -264.0782
v -46.8842 601.2848 -281.0883
v -47.5784 601.2848 -274.7498
v -79.4441 601.2848 -278.2396
v -78.7499 601.2848 -284.5781
v -52.6597 601.2848 -292.1828
v -48.6685 601.2848 -287.2099
v -73.6687 601.2848 -267.1452
v -77.6598 601.2848 -272.118
v -50.6454 601.2848 -269.1594
v -55.6182 601.2848 -265.1683
v -75.683 601.2848 -290.1685
v -70.7101 601.2848 -294.1596
v -38.0428 686.4847 -277.4559
v -38.1489 687.4208 -277.4651
gi 0 0 0 0
gi 0 0 0 0
gi 0 0 0 0
gi 0 0 0 0
gi 0 0 0 0
gi 0 0 0 0
gi 0 0 0 0
gi 0 0 0 0
gi 0 0 0 0
gi 0 0 0 0
gi 0 0 0 0
gi 0 0 0 0
gi 0 0 0 0
gi 0 0 0 0
gi 0 0 0 0
gi 0 0 0 0
gi 0 0 0 0
gi 0 0 0 0
gi 0 0 0 0
gi 0 0 0 0
gi 0 0 0 0
gi 0 0 0 0
gi 0 0 0 0
gi 0 0 0 0
gi 0 0 0 0
gi 0 0 0 0
gi 0 0 0 0
gi 0 0 0 0
gi 0 0 0 0
gi 0 0 0 0
gi 0 0 0 0
gi 0 0 0 0
gi 0 0 0 0
gi 0 0 0 0
gi 0 0 0 0
gi 0 0 0 0
gi 0 0 0 0
gi 0 0 0 0
gi 0 0 0 0
gi 0 0 0 0
gi 0 0 0 0
gi 0 0 0 0
gi 0 0 0 0
gi 0 0 0 0
gi 0 0 0 0
gi 0 0 0 0
gi 0 0 0 0
gi 0 0 0 0
gi 0 0 0 0
gi 0 0 0 0
gi 0 0 0 0
gi 0 0 0 0
gi 0 0 0 0
gi 0 0 0 0
gi 0 0 0 0
gi 0 0 0 0
gi 0 0 0 0
gi 0 0 0 0
gi 0 0 0 0
gi 0 0 0 0
gi 0 0 0 0
gi 0 0 0 0
gi 0 0 0 0
gi 0 0 0 0
gi 0 0 0 0
gi 0 0 0 0
gi 0 0 0 0
gi 0 0 0 0
gi 0 0 0 0
gi 0 0 0 0
gi 0 0 0 0
gi 0 0 0 0
gi 0 0 0 0
gi 0 0 0 0
gi 0 0 0 0
gi 0 0 0 0
gi 0 0 0 0
gi 0 0 0 0
gi 0 0 0 0
gi 0 0 0 0
gi 0 0 0 0
gi 0 0 0 0
gi 0 0 0 0
gi 0 0 0 0
gi 0 0 0 0
gi 0 0 0 0
gi 0 0 0 0
gi 0 0 0 0
gi 0 0 0 0
gi 0 0 0 0
gi 0 0 0 0
gi 0 0 0 0
gi 0 0 0 0
gi 0 0 0 0
gi 0 0 0 0
gi 0 0 0 0
gi 0 0 0 0
gi 0 0 0 0
gi 0 0 0 0
gi 0 0 0 0
gi 0 0 0 0
gi 0 0 0 0
gi 0 0 0 0
gi 0 0 0 0
gi 0 0 0 0
gi 0 0 0 0
gi 0 0 0 0
gi 0 0 0 0
gi 0 0 0 0
gi 0 0 0 0
gi 0 0 0 0
gi 0 0 0 0
gi 0 0 0 0
gi 0 0 0 0
gi 0 0 0 0
gi 0 0 0 0
gi 0 0 0 0
gi 0 0 0 0
gi 0 0 0 0
gi 0 0 0 0
gi 0 0 0 0
gi 0 0 0 0
gi 0 0 0 0
gi 0 0 0 0
gi 0 0 0 0
gi 0 0 0 0
gi 0 0 0 0
gi 0 0 0 0
gi 0 0 0 0
gi 0 0 0 0
gi 0 0 0 0
gi 0 0 0 0
gi 0 0 0 0
gi 0 0 0 0
gi 0 0 0 0
gi 0 0 0 0
gi 0 0 0 0
gi 0 0 0 0
gi 0 0 0 0
gi 0 0 0 0
gi 0 0 0 0
gi 0 0 0 0
gi 0 0 0 0
gi 0 0 0 0
gi 0 0 0 0
gi 0 0 0 0
gi 0 0 0 0
gi 0 0 0 0
gi 0 0 0 0
gi 0 0 0 0
gi 0 0 0 0
gi 0 0 0 0
gi 0 0 0 0
gi 0 0 0 0
gi 0 0 0 0
gi 0 0 0 0
gi 0 0 0 0
gi 0 0 0 0
gi 0 0 0 0
gi 0 0 0 0
gi 0 0 0 0
gi 0 0 0 0
gi 0 0 0 0
gi 0 0 0 0
gi 0 0 0 0
gi 0 0 0 0
gi 0 0 0 0
gi 0 0 0 0
gi 0 0 0 0
gi 0 0 0 0
gi 0 0 0 0
gi 0 0 0 0
gi 0 0 0 0
gi 0 0 0 0
gi 0 0 0 0
gi 0 0 0 0
gi 0 0 0 0
gi 0 0 0 0
gi 0 0 0 0
gi 0 0 0 0
gi 0 0 0 0
gi 0 0 0 0
gi 0 0 0 0
gi 0 0 0 0
gi 0 0 0 0
gi 0 0 0 0
gi 0 0 0 0
gi 0 0 0 0
gi 0 0 0 0
gi 0 0 0 0
gi 0 0 0 0
gi 0 0 0 0
gi 0 0 0 0
gi 0 0 0 0
gi 0 0 0 0
gi 0 0 0 0
gi 0 0 0 0
gi 0 0 0 0
gi 0 0 0 0
gi 0 0 0 0
gi 0 0 0 0
gi 0 0 0 0
gi 0 0 0 0
gi 0 0 0 0
gi 0 0 0 0
gi 0 0 0 0
gi 0 0 0 0
gi 0 0 0 0
gi 0 0 0 0
gi 0 0 0 0
gi 0 0 0 0
gi 0 0 0 0
gi 0 0 0 0
gi 0 0 0 0
gi 0 0 0 0
gi 0 0 0 0
gi 0 0 0 0
gi 0 0 0 0
gi 0 0 0 0
gi 0 0 0 0
gi 0 0 0 0
gi 0 0 0 0
gi 0 0 0 0
gi 0 0 0 0
gi 0 0 0 0
gi 0 0 0 0
gi 0 0 0 0
gi 0 0 0 0
gi 0 0 0 0
gi 0 0 0 0
gi 0 0 0 0
gi 0 0 0 0
gi 0 0 0 0
gi 0 0 0 0
gi 0 0 0 0
gi 0 0 0 0
gi 0 0 0 0
gi 0 0 0 0
gi 0 0 0 0
gi 0 0 0 0
gi 0 0 0 0
gi 0 0 0 0
gi 0 0 0 0
gi 0 0 0 0
gi 0 0 0 0
gi 0 0 0 0
gi 0 0 0 0
gi 0 0 0 0
gi 0 0 0 0
gi 0 0 0 0
gi 0 0 0 0
gi 0 0 0 0
gi 0 0 0 0
gi 0 0 0 0
gi 0 0 0 0
gi 0 0 0 0
gi 0 0 0 0
gi 0 0 0 0
gi 0 0 0 0
gi 0 0 0 0
gi 0 0 0 0
gi 0 0 0 0
gi 0 0 0 0
gi 0 0 0 0
gi 0 0 0 0
gi 0 0 0 0
gi 0 0 0 0
gi 0 0 0 0
gi 0 0 0 0
gi 0 0 0 0
gi 0 0 0 0
gi 0 0 0 0
gi 0 0 0 0
gi 0 0 0 0
gi 0 0 0 0
gi 0 0 0 0
gi 0 0 0 0
gi 0 0 0 0
gi 0 0 0 0
gi 0 0 0 0
gi 0 0 0 0
gi 0 0 0 0
gi 0 0 0 0
gi 0 0 0 0
gi 0 0 0 0
gi 0 0 0 0
gi 0 0 0 0
gi 0 0 0 0
gi 0 0 0 0
gi 0 0 0 0
gi 0 0 0 0
gi 0 0 0 0
gi 0 0 0 0
gi 0 0 0 0
gi 0 0 0 0
gi 0 0 0 0
gi 0 0 0 0
gi 0 0 0 0
gi 0 0 0 0
gi 0 0 0 0
gi 0 0 0 0
gi 0 0 0 0
gi 0 0 0 0
gi 0 0 0 0
gi 0 0 0 0
gi 0 0 0 0
gi 0 0 0 0
gi 0 0 0 0
gi 0 0 0 0
gi 0 0 0 0
gi 0 0 0 0
gi 0 0 0 0
gi 0 0 0 0
gi 0 0 0 0
gi 0 0 0 0
gi 0 0 0 0
gi 0 0 0 0
gi 0 0 0 0
gi 0 0 0 0
gi 0 0 0 0
gi 0 0 0 0
gi 0 0 0 0
gi 0 0 0 0
gi 0 0 0 0
gi 0 0 0 0
gi 0 0 0 0
gi 0 0 0 0
gi 0 0 0 0
gi 0 0 0 0
gi 0 0 0 0
gi 0 0 0 0
gi 0 0 0 0
gi 0 0 0 0
gi 0 0 0 0
gi 0 0 0 0
gi 0 0 0 0
gi 0 0 0 0
gi 0 0 0 0
gi 0 0 0 0
gi 0 0 0 0
gi 0 0 0 0
gi 0 0 0 0
gi 0 0 0 0
gi 0 0 0 0
gi 0 0 0 0
gi 0 0 0 0
gi 0 0 0 0
gi 0 0 0 0
gi 0 0 0 0
gi 0 0 0 0
gi 0 0 0 0
gi 0 0 0 0
gi 0 0 0 0
gi 0 0 0 0
gi 0 0 0 0
gi 0 0 0 0
gi 0 0 0 0
gi 0 0 0 0
gi 0 0 0 0
gi 0 0 0 0
gi 0 0 0 0
gi 0 0 0 0
gi 0 0 0 0
gi 0 0 0 0
gi 0 0 0 0
gi 0 0 0 0
gi 0 0 0 0
gi 0 0 0 0
gi 0 0 0 0
gi 0 0 0 0
gi 0 0 0 0
gi 0 0 0 0
gi 0 0 0 0
gi 0 0 0 0
gi 0 0 0 0
gi 0 0 0 0
gi 0 0 0 0
gi 0 0 0 0
gi 0 0 0 0
gi 0 0 0 0
gi 0 0 0 0
gi 0 0 0 0
gi 0 0 0 0
gi 0 0 0 0
gi 0 0 0 0
gi 0 0 0 0
gi 0 0 0 0
gi 0 0 0 0
gi 0 0 0 0
gi 0 0 0 0
gi 0 0 0 0
gi 0 0 0 0
gi 0 0 0 0
gi 0 0 0 0
gi 0 0 0 0
gi 0 0 0 0
gi 0 0 0 0
gi 0 0 0 0
gi 0 0 0 0
gi 0 0 0 0
gi 0 0 0 0
gi 0 0 0 0
gi 0 0 0 0
gi 0 0 0 0
gi 0 0 0 0
gi 0 0 0 0
gi 0 0 0 0
gi 0 0 0 0
gi 0 0 0 0
gi 0 0 0 0
gi 0 0 0 0
gi 0 0 0 0
gi 0 0 0 0
gi 0 0 0 0
gi 0 0 0 0
gi 0 0 0 0
gi 0 0 0 0
gi 0 0 0 0
gi 0 0 0 0
gi 0 0 0 0
gi 0 0 0 0
gi 0 0 0 0
gi 0 0 0 0
gi 0 0 0 0
gi 0 0 0 0
gi 0 0 0 0
gi 0 0 0 0
gi 0 0 0 0
gi 0 0 0 0
gi 0 0 0 0
gi 0 0 0 0
gi 0 0 0 0
gi 0 0 0 0
gi 0 0 0 0
gi 0 0 0 0
gi 0 0 0 0
gi 0 0 0 0
gi 0 0 0 0
gi 0 0 0 0
gi 0 0 0 0
gi 0 0 0 0
gi 0 0 0 0
gi 0 0 0 0
gi 0 0 0 0
gi 0 0 0 0
gi 0 0 0 0
gi 0 0 0 0
gi 0 0 0 0
gi 0 0 0 0
gi 0 0 0 0
gi 0 0 0 0
gi 0 0 0 0
gi 0 0 0 0
gi 0 0 0 0
gi 0 0 0 0
gi 0 0 0 0
gi 0 0 0 0
gi 0 0 0 0
gi 0 0 0 0
gi 0 0 0 0
gi 0 0 0 0
gi 0 0 0 0
gi 0 0 0 0
gi 0 0 0 0
gi 0 0 0 0
gi 0 0 0 0
gi 0 0 0 0
gi 0 0 0 0
gi 0 0 0 0
gi 0 0 0 0
gi 0 0 0 0
gi 0 0 0 0
gi 0 0 0 0
gi 0 0 0 0
gi 0 0 0 0
gi 0 0 0 0
gi 0 0 0 0
gi 0 0 0 0
gi 0 0 0 0
gi 0 0 0 0
gi 0 0 0 0
gi 0 0 0 0
gi 0 0 0 0
gi 0 0 0 0
gi 0 0 0 0
gi 0 0 0 0
gi 0 0 0 0
gi 0 0 0 0
gi 0 0 0 0
gi 0 0 0 0
gi 0 0 0 0
gi 0 0 0 0
gi 0 0 0 0
gi 0 0 0 0
gi 0 0 0 0
gi 0 0 0 0
gi 0 0 0 0
gi 0 0 0 0
gi 0 0 0 0
gi 0 0 0 0
gi 0 0 0 0
gi 0 0 0 0
gi 0 0 0 0
gi 0 0 0 0
gi 0 0 0 0
gi 0 0 0 0
gi 0 0 0 0
gi 0 0 0 0
gi 0 0 0 0
gi 0 0 0 0
gi 0 0 0 0
gi 0 0 0 0
gi 0 0 0 0
gi 0 0 0 0
gi 0 0 0 0
gi 0 0 0 0
gi 0 0 0 0
gi 0 0 0 0
gi 0 0 0 0
gi 0 0 0 0
gi 0 0 0 0
gi 0 0 0 0
gi 0 0 0 0
gi 0 0 0 0
gi 0 0 0 0
gi 0 0 0 0
gi 0 0 0 0
gi 0 0 0 0
gi 0 0 0 0
gi 0 0 0 0
gi 0 0 0 0
gi 0 0 0 0
gi 0 0 0 0
gi 0 0 0 0
gi 0 0 0 0
gi 0 0 0 0
gi 0 0 0 0
gi 0 0 0 0
gi 0 0 0 0
gi 0 0 0 0
gi 0 0 0 0
gi 0 0 0 0
gi 0 0 0 0
gi 0 0 0 0
gi 0 0 0 0
gi 0 0 0 0
gi 0 0 0 0
gi 0 0 0 0
gi 0 0 0 0
gi 0 0 0 0
gi 0 0 0 0
gi 0 0 0 0
gi 0 0 0 0
gi 0 0 0 0
gi 0 0 0 0
gi 0 0 0 0
gi 0 0 0 0
gi 0 0 0 0
gi 0 0 0 0
gi 0 0 0 0
gi 0 0 0 0
gi 0 0 0 0
gi 0 0 0 0
gi 0 0 0 0
gi 0 0 0 0
gi 0 0 0 0
gi 0 0 0 0
gi 0 0 0 0
gi 0 0 0 0
gi 0 0 0 0
gi 0 0 0 0
gi 0 0 0 0
gi 0 0 0 0
gi 0 0 0 0
gi 0 0 0 0
gi 0 0 0 0
gi 0 0 0 0
gi 0 0 0 0
gi 0 0 0 0
gi 0 0 0 0
gi 0 0 0 0
gi 0 0 0 0
gi 0 0 0 0
gi 0 0 0 0
gi 0 0 0 0
gi 0 0 0 0
gi 0 0 0 0
gi 0 0 0 0
gi 0 0 0 0
gi 0 0 0 0
gi 0 0 0 0
gi 0 0 0 0
gi 0 0 0 0
gi 0 0 0 0
gi 0 0 0 0
gi 0 0 0 0
gi 0 0 0 0
gi 0 0 0 0
gi 0 0 0 0
gi 0 0 0 0
gi 0 0 0 0
gi 0 0 0 0
gi 0 0 0 0
gi 0 0 0 0
gi 0 0 0 0
gi 0 0 0 0
gi 0 0 0 0
gi 0 0 0 0
gi 0 0 0 0
gi 0 0 0 0
gi 0 0 0 0
gi 0 0 0 0
gi 0 0 0 0
gi 0 0 0 0
gi 0 0 0 0
gi 0 0 0 0
gi 0 0 0 0
gi 0 0 0 0
gi 0 0 0 0
gi 0 0 0 0
gi 0 0 0 0
gi 0 0 0 0
gi 0 0 0 0
gi 0 0 0 0
gi 0 0 0 0
gi 0 0 0 0
gi 0 0 0 0
gi 0 0 0 0
gw 0.0 0.0 0.0 0.0
gw 0.0 0.0 0.0 0.0
gw 0.0 0.0 0.0 0.0
gw 0.0 0.0 0.0 0.0
gw 0.0 0.0 0.0 0.0
gw 0.0 0.0 0.0 0.0
gw 0.0 0.0 0.0 0.0
gw 0.0 0.0 0.0 0.0
gw 0.0 0.0 0.0 0.0
gw 0.0 0.0 0.0 0.0
gw 0.0 0.0 0.0 0.0
gw 0.0 0.0 0.0 0.0
gw 0.0 0.0 0.0 0.0
gw 0.0 0.0 0.0 0.0
gw 0.0 0.0 0.0 0.0
gw 0.0 0.0 0.0 0.0
gw 0.0 0.0 0.0 0.0
gw 0.0 0.0 0.0 0.0
gw 0.0 0.0 0.0 0.0
gw 0.0 0.0 0.0 0.0
gw 0.0 0.0 0.0 0.0
gw 0.0 0.0 0.0 0.0
gw 0.0 0.0 0.0 0.0
gw 0.0 0.0 0.0 0.0
gw 0.0 0.0 0.0 0.0
gw 0.0 0.0 0.0 0.0
gw 0.0 0.0 0.0 0.0
gw 0.0 0.0 0.0 0.0
gw 0.0 0.0 0.0 0.0
gw 0.0 0.0 0.0 0.0
gw 0.0 0.0 0.0 0.0
gw 0.0 0.0 0.0 0.0
gw 0.0 0.0 0.0 0.0
gw 0.0 0.0 0.0 0.0
gw 0.0 0.0 0.0 0.0
gw 0.0 0.0 0.0 0.0
gw 0.0 0.0 0.0 0.0
gw 0.0 0.0 0.0 0.0
gw 0.0 0.0 0.0 0.0
gw 0.0 0.0 0.0 0.0
gw 0.0 0.0 0.0 0.0
gw 0.0 0.0 0.0 0.0
gw 0.0 0.0 0.0 0.0
gw 0.0 0.0 0.0 0.0
gw 0.0 0.0 0.0 0.0
gw 0.0 0.0 0.0 0.0
gw 0.0 0.0 0.0 0.0
gw 0.0 0.0 0.0 0.0
gw 0.0 0.0 0.0 0.0
gw 0.0 0.0 0.0 0.0
gw 0.0 0.0 0.0 0.0
gw 0.0 0.0 0.0 0.0
gw 0.0 0.0 0.0 0.0
gw 0.0 0.0 0.0 0.0
gw 0.0 0.0 0.0 0.0
gw 0.0 0.0 0.0 0.0
gw 0.0 0.0 0.0 0.0
gw 0.0 0.0 0.0 0.0
gw 0.0 0.0 0.0 0.0
gw 0.0 0.0 0.0 0.0
gw 0.0 0.0 0.0 0.0
gw 0.0 0.0 0.0 0.0
gw 0.0 0.0 0.0 0.0
gw 0.0 0.0 0.0 0.0
gw 0.0 0.0 0.0 0.0
gw 0.0 0.0 0.0 0.0
gw 0.0 0.0 0.0 0.0
gw 0.0 0.0 0.0 0.0
gw 0.0 0.0 0.0 0.0
gw 0.0 0.0 0.0 0.0
gw 0.0 0.0 0.0 0.0
gw 0.0 0.0 0.0 0.0
gw 0.0 0.0 0.0 0.0
gw 0.0 0.0 0.0 0.0
gw 0.0 0.0 0.0 0.0
gw 0.0 0.0 0.0 0.0
gw 0.0 0.0 0.0 0.0
gw 0.0 0.0 0.0 0.0
gw 0.0 0.0 0.0 0.0
gw 0.0 0.0 0.0 0.0
gw 0.0 0.0 0.0 0.0
gw 0.0 0.0 0.0 0.0
gw 0.0 0.0 0.0 0.0
gw 0.0 0.0 0.0 0.0
gw 0.0 0.0 0.0 0.0
gw 0.0 0.0 0.0 0.0
gw 0.0 0.0 0.0 0.0
gw 0.0 0.0 0.0 0.0
gw 0.0 0.0 0.0 0.0
gw 0.0 0.0 0.0 0.0
gw 0.0 0.0 0.0 0.0
gw 0.0 0.0 0.0 0.0
gw 0.0 0.0 0.0 0.0
gw 0.0 0.0 0.0 0.0
gw 0.0 0.0 0.0 0.0
gw 0.0 0.0 0.0 0.0
gw 0.0 0.0 0.0 0.0
gw 0.0 0.0 0.0 0.0
gw 0.0 0.0 0.0 0.0
gw 0.0 0.0 0.0 0.0
gw 0.0 0.0 0.0 0.0
gw 0.0 0.0 0.0 0.0
gw 0.0 0.0 0.0 0.0
gw 0.0 0.0 0.0 0.0
gw 0.0 0.0 0.0 0.0
gw 0.0 0.0 0.0 0.0
gw 0.0 0.0 0.0 0.0
gw 0.0 0.0 0.0 0.0
gw 0.0 0.0 0.0 0.0
gw 0.0 0.0 0.0 0.0
gw 0.0 0.0 0.0 0.0
gw 0.0 0.0 0.0 0.0
gw 0.0 0.0 0.0 0.0
gw 0.0 0.0 0.0 0.0
gw 0.0 0.0 0.0 0.0
gw 0.0 0.0 0.0 0.0
gw 0.0 0.0 0.0 0.0
gw 0.0 0.0 0.0 0.0
gw 0.0 0.0 0.0 0.0
gw 0.0 0.0 0.0 0.0
gw 0.0 0.0 0.0 0.0
gw 0.0 0.0 0.0 0.0
gw 0.0 0.0 0.0 0.0
gw 0.0 0.0 0.0 0.0
gw 0.0 0.0 0.0 0.0
gw 0.0 0.0 0.0 0.0
gw 0.0 0.0 0.0 0.0
gw 0.0 0.0 0.0 0.0
gw 0.0 0.0 0.0 0.0
gw 0.0 0.0 0.0 0.0
gw 0.0 0.0 0.0 0.0
gw 0.0 0.0 0.0 0.0
gw 0.0 0.0 0.0 0.0
gw 0.0 0.0 0.0 0.0
gw 0.0 0.0 0.0 0.0
gw 0.0 0.0 0.0 0.0
gw 0.0 0.0 0.0 0.0
gw 0.0 0.0 0.0 0.0
gw 0.0 0.0 0.0 0.0
gw 0.0 0.0 0.0 0.0
gw 0.0 0.0 0.0 0.0
gw 0.0 0.0 0.0 0.0
gw 0.0 0.0 0.0 0.0
gw 0.0 0.0 0.0 0.0
gw 0.0 0.0 0.0 0.0
gw 0.0 0.0 0.0 0.0
gw 0.0 0.0 0.0 0.0
gw 0.0 0.0 0.0 0.0
gw 0.0 0.0 0.0 0.0
gw 0.0 0.0 0.0 0.0
gw 0.0 0.0 0.0 0.0
gw 0.0 0.0 0.0 0.0
gw 0.0 0.0 0.0 0.0
gw 0.0 0.0 0.0 0.0
gw 0.0 0.0 0.0 0.0
gw 0.0 0.0 0.0 0.0
gw 0.0 0.0 0.0 0.0
gw 0.0 0.0 0.0 0.0
gw 0.0 0.0 0.0 0.0
gw 0.0 0.0 0.0 0.0
gw 0.0 0.0 0.0 0.0
gw 0.0 0.0 0.0 0.0
gw 0.0 0.0 0.0 0.0
gw 0.0 0.0 0.0 0.0
gw 0.0 0.0 0.0 0.0
gw 0.0 0.0 0.0 0.0
gw 0.0 0.0 0.0 0.0
gw 0.0 0.0 0.0 0.0
gw 0.0 0.0 0.0 0.0
gw 0.0 0.0 0.0 0.0
gw 0.0 0.0 0.0 0.0
gw 0.0 0.0 0.0 0.0
gw 0.0 0.0 0.0 0.0
gw 0.0 0.0 0.0 0.0
gw 0.0 0.0 0.0 0.0
gw 0.0 0.0 0.0 0.0
gw 0.0 0.0 0.0 0.0
gw 0.0 0.0 0.0 0.0
gw 0.0 0.0 0.0 0.0
gw 0.0 0.0 0.0 0.0
gw 0.0 0.0 0.0 0.0
gw 0.0 0.0 0.0 0.0
gw 0.0 0.0 0.0 0.0
gw 0.0 0.0 0.0 0.0
gw 0.0 0.0 0.0 0.0
gw 0.0 0.0 0.0 0.0
gw 0.0 0.0 0.0 0.0
gw 0.0 0.0 0.0 0.0
gw 0.0 0.0 0.0 0.0
gw 0.0 0.0 0.0 0.0
gw 0.0 0.0 0.0 0.0
gw 0.0 0.0 0.0 0.0
gw 0.0 0.0 0.0 0.0
gw 0.0 0.0 0.0 0.0
gw 0.0 0.0 0.0 0.0
gw 0.0 0.0 0.0 0.0
gw 0.0 0.0 0.0 0.0
gw 0.0 0.0 0.0 0.0
gw 0.0 0.0 0.0 0.0
gw 0.0 0.0 0.0 0.0
gw 0.0 0.0 0.0 0.0
gw 0.0 0.0 0.0 0.0
gw 0.0 0.0 0.0 0.0
gw 0.0 0.0 0.0 0.0
gw 0.0 0.0 0.0 0.0
gw 0.0 0.0 0.0 0.0
gw 0.0 0.0 0.0 0.0
gw 0.0 0.0 0.0 0.0
gw 0.0 0.0 0.0 0.0
gw 0.0 0.0 0.0 0.0
gw 0.0 0.0 0.0 0.0
gw 0.0 0.0 0.0 0.0
gw 0.0 0.0 0.0 0.0
gw 0.0 0.0 0.0 0.0
gw 0.0 0.0 0.0 0.0
gw 0.0 0.0 0.0 0.0
gw 0.0 0.0 0.0 0.0
gw 0.0 0.0 0.0 0.0
gw 0.0 0.0 0.0 0.0
gw 0.0 0.0 0.0 0.0
gw 0.0 0.0 0.0 0.0
gw 0.0 0.0 0.0 0.0
gw 0.0 0.0 0.0 0.0
gw 0.0 0.0 0.0 0.0
gw 0.0 0.0 0.0 0.0
gw 0.0 0.0 0.0 0.0
gw 0.0 0.0 0.0 0.0
gw 0.0 0.0 0.0 0.0
gw 0.0 0.0 0.0 0.0
gw 0.0 0.0 0.0 0.0
gw 0.0 0.0 0.0 0.0
gw 0.0 0.0 0.0 0.0
gw 0.0 0.0 0.0 0.0
gw 0.0 0.0 0.0 0.0
gw 0.0 0.0 0.0 0.0
gw 0.0 0.0 0.0 0.0
gw 0.0 0.0 0.0 0.0
gw 0.0 0.0 0.0 0.0
gw 0.0 0.0 0.0 0.0
gw 0.0 0.0 0.0 0.0
gw 0.0 0.0 0.0 0.0
gw 0.0 0.0 0.0 0.0
gw 0.0 0.0 0.0 0.0
gw 0.0 0.0 0.0 0.0
gw 0.0 0.0 0.0 0.0
gw 0.0 0.0 0.0 0.0
gw 0.0 0.0 0.0 0.0
gw 0.0 0.0 0.0 0.0
gw 0.0 0.0 0.0 0.0
gw 0.0 0.0 0.0 0.0
gw 0.0 0.0 0.0 0.0
gw 0.0 0.0 0.0 0.0
gw 0.0 0.0 0.0 0.0
gw 0.0 0.0 0.0 0.0
gw 0.0 0.0 0.0 0.0
gw 0.0 0.0 0.0 0.0
gw 0.0 0.0 0.0 0.0
gw 0.0 0.0 0.0 0.0
gw 0.0 0.0 0.0 0.0
gw 0.0 0.0 0.0 0.0
gw 0.0 0.0 0.0 0.0
gw 0.0 0.0 0.0 0.0
gw 0.0 0.0 0.0 0.0
gw 0.0 0.0 0.0 0.0
gw 0.0 0.0 0.0 0.0
gw 0.0 0.0 0.0 0.0
gw 0.0 0.0 0.0 0.0
gw 0.0 0.0 0.0 0.0
gw 0.0 0.0 0.0 0.0
gw 0.0 0.0 0.0 0.0
gw 0.0 0.0 0.0 0.0
gw 0.0 0.0 0.0 0.0
gw 0.0 0.0 0.0 0.0
gw 0.0 0.0 0.0 0.0
gw 0.0 0.0 0.0 0.0
gw 0.0 0.0 0.0 0.0
gw 0.0 0.0 0.0 0.0
gw 0.0 0.0 0.0 0.0
gw 0.0 0.0 0.0 0.0
gw 0.0 0.0 0.0 0.0
gw 0.0 0.0 0.0 0.0
gw 0.0 0.0 0.0 0.0
gw 0.0 0.0 0.0 0.0
gw 0.0 0.0 0.0 0.0
gw 0.0 0.0 0.0 0.0
gw 0.0 0.0 0.0 0.0
gw 0.0 0.0 0.0 0.0
gw 0.0 0.0 0.0 0.0
gw 0.0 0.0 0.0 0.0
gw 0.0 0.0 0.0 0.0
gw 0.0 0.0 0.0 0.0
gw 0.0 0.0 0.0 0.0
gw 0.0 0.0 0.0 0.0
gw 0.0 0.0 0.0 0.0
gw 0.0 0.0 0.0 0.0
gw 0.0 0.0 0.0 0.0
gw 0.0 0.0 0.0 0.0
gw 0.0 0.0 0.0 0.0
gw 0.0 0.0 0.0 0.0
gw 0.0 0.0 0.0 0.0
gw 0.0 0.0 0.0 0.0
gw 0.0 0.0 0.0 0.0
gw 0.0 0.0 0.0 0.0
gw 0.0 0.0 0.0 0.0
gw 0.0 0.0 0.0 0.0
gw 0.0 0.0 0.0 0.0
gw 0.0 0.0 0.0 0.0
gw 0.0 0.0 0.0 0.0
gw 0.0 0.0 0.0 0.0
gw 0.0 0.0 0.0 0.0
gw 0.0 0.0 0.0 0.0
gw 0.0 0.0 0.0 0.0
gw 0.0 0.0 0.0 0.0
gw 0.0 0.0 0.0 0.0
gw 0.0 0.0 0.0 0.0
gw 0.0 0.0 0.0 0.0
gw 0.0 0.0 0.0 0.0
gw 0.0 0.0 0.0 0.0
gw 0.0 0.0 0.0 0.0
gw 0.0 0.0 0.0 0.0
gw 0.0 0.0 0.0 0.0
gw 0.0 0.0 0.0 0.0
gw 0.0 0.0 0.0 0.0
gw 0.0 0.0 0.0 0.0
gw 0.0 0.0 0.0 0.0
gw 0.0 0.0 0.0 0.0
gw 0.0 0.0 0.0 0.0
gw 0.0 0.0 0.0 0.0
gw 0.0 0.0 0.0 0.0
gw 0.0 0.0 0.0 0.0
gw 0.0 0.0 0.0 0.0
gw 0.0 0.0 0.0 0.0
gw 0.0 0.0 0.0 0.0
gw 0.0 0.0 0.0 0.0
gw 0.0 0.0 0.0 0.0
gw 0.0 0.0 0.0 0.0
gw 0.0 0.0 0.0 0.0
gw 0.0 0.0 0.0 0.0
gw 0.0 0.0 0.0 0.0
gw 0.0 0.0 0.0 0.0
gw 0.0 0.0 0.0 0.0
gw 0.0 0.0 0.0 0.0
gw 0.0 0.0 0.0 0.0
gw 0.0 0.0 0.0 0.0
gw 0.0 0.0 0.0 0.0
gw 0.0 0.0 0.0 0.0
gw 0.0 0.0 0.0 0.0
gw 0.0 0.0 0.0 0.0
gw 0.0 0.0 0.0 0.0
gw 0.0 0.0 0.0 0.0
gw 0.0 0.0 0.0 0.0
gw 0.0 0.0 0.0 0.0
gw 0.0 0.0 0.0 0.0
gw 0.0 0.0 0.0 0.0
gw 0.0 0.0 0.0 0.0
gw 0.0 0.0 0.0 0.0
gw 0.0 0.0 0.0 0.0
gw 0.0 0.0 0.0 0.0
gw 0.0 0.0 0.0 0.0
gw 0.0 0.0 0.0 0.0
gw 0.0 0.0 0.0 0.0
gw 0.0 0.0 0.0 0.0
gw 0.0 0.0 0.0 0.0
gw 0.0 0.0 0.0 0.0
gw 0.0 0.0 0.0 0.0
gw 0.0 0.0 0.0 0.0
gw 0.0 0.0 0.0 0.0
gw 0.0 0.0 0.0 0.0
gw 0.0 0.0 0.0 0.0
gw 0.0 0.0 0.0 0.0
gw 0.0 0.0 0.0 0.0
gw 0.0 0.0 0.0 0.0
gw 0.0 0.0 0.0 0.0
gw 0.0 0.0 0.0 0.0
gw 0.0 0.0 0.0 0.0
gw 0.0 0.0 0.0 0.0
gw 0.0 0.0 0.0 0.0
gw 0.0 0.0 0.0 0.0
gw 0.0 0.0 0.0 0.0
gw 0.0 0.0 0.0 0.0
gw 0.0 0.0 0.0 0.0
gw 0.0 0.0 0.0 0.0
gw 0.0 0.0 0.0 0.0
gw 0.0 0.0 0.0 0.0
gw 0.0 0.0 0.0 0.0
gw 0.0 0.0 0.0 0.0
gw 0.0 0.0 0.0 0.0
gw 0.0 0.0 0.0 0.0
gw 0.0 0.0 0.0 0.0
gw 0.0 0.0 0.0 0.0
gw 0.0 0.0 0.0 0.0
gw 0.0 0.0 0.0 0.0
gw 0.0 0.0 0.0 0.0
gw 0.0 0.0 0.0 0.0
gw 0.0 0.0 0.0 0.0
gw 0.0 0.0 0.0 0.0
gw 0.0 0.0 0.0 0.0
gw 0.0 0.0 0.0 0.0
gw 0.0 0.0 0.0 0.0
gw 0.0 0.0 0.0 0.0
gw 0.0 0.0 0.0 0.0
gw 0.0 0.0 0.0 0.0
gw 0.0 0.0 0.0 0.0
gw 0.0 0.0 0.0 0.0
gw 0.0 0.0 0.0 0.0
gw 0.0 0.0 0.0 0.0
gw 0.0 0.0 0.0 0.0
gw 0.0 0.0 0.0 0.0
gw 0.0 0.0 0.0 0.0
gw 0.0 0.0 0.0 0.0
gw 0.0 0.0 0.0 0.0
gw 0.0 0.0 0.0 0.0
gw 0.0 0.0 0.0 0.0
gw 0.0 0.0 0.0 0.0
gw 0.0 0.0 0.0 0.0
gw 0.0 0.0 0.0 0.0
gw 0.0 0.0 0.0 0.0
gw 0.0 0.0 0.0 0.0
gw 0.0 0.0 0.0 0.0
gw 0.0 0.0 0.0 0.0
gw 0.0 0.0 0.0 0.0
gw 0.0 0.0 0.0 0.0
gw 0.0 0.0 0.0 0.0
gw 0.0 0.0 0.0 0.0
gw 0.0 0.0 0.0 0.0
gw 0.0 0.0 0.0 0.0
gw 0.0 0.0 0.0 0.0
gw 0.0 0.0 0.0 0.0
gw 0.0 0.0 0.0 0.0
gw 0.0 0.0 0.0 0.0
gw 0.0 0.0 0.0 0.0
gw 0.0 0.0 0.0 0.0
gw 0.0 0.0 0.0 0.0
gw 0.0 0.0 0.0 0.0
gw 0.0 0.0 0.0 0.0
gw 0.0 0.0 0.0 0.0
gw 0.0 0.0 0.0 0.0
gw 0.0 0.0 0.0 0.0
gw 0.0 0.0 0.0 0.0
gw 0.0 0.0 0.0 0.0
gw 0.0 0.0 0.0 0.0
gw 0.0 0.0 0.0 0.0
gw 0.0 0.0 0.0 0.0
gw 0.0 0.0 0.0 0.0
gw 0.0 0.0 0.0 0.0
gw 0.0 0.0 0.0 0.0
gw 0.0 0.0 0.0 0.0
gw 0.0 0.0 0.0 0.0
gw 0.0 0.0 0.0 0.0
gw 0.0 0.0 0.0 0.0
gw 0.0 0.0 0.0 0.0
gw 0.0 0.0 0.0 0.0
gw 0.0 0.0 0.0 0.0
gw 0.0 0.0 0.0 0.0
gw 0.0 0.0 0.0 0.0
gw 0.0 0.0 0.0 0.0
gw 0.0 0.0 0.0 0.0
gw 0.0 0.0 0.0 0.0
gw 0.0 0.0 0.0 0.0
gw 0.0 0.0 0.0 0.0
gw 0.0 0.0 0.0 0.0
gw 0.0 0.0 0.0 0.0
gw 0.0 0.0 0.0 0.0
gw 0.0 0.0 0.0 0.0
gw 0.0 0.0 0.0 0.0
gw 0.0 0.0 0.0 0.0
gw 0.0 0.0 0.0 0.0
gw 0.0 0.0 0.0 0.0
gw 0.0 0.0 0.0 0.0
gw 0.0 0.0 0.0 0.0
gw 0.0 0.0 0.0 0.0
gw 0.0 0.0 0.0 0.0
gw 0.0 0.0 0.0 0.0
gw 0.0 0.0 0.0 0.0
gw 0.0 0.0 0.0 0.0
gw 0.0 0.0 0.0 0.0
gw 0.0 0.0 0.0 0.0
gw 0.0 0.0 0.0 0.0
gw 0.0 0.0 0.0 0.0
gw 0.0 0.0 0.0 0.0
gw 0.0 0.0 0.0 0.0
gw 0.0 0.0 0.0 0.0
gw 0.0 0.0 0.0 0.0
gw 0.0 0.0 0.0 0.0
gw 0.0 0.0 0.0 0.0
gw 0.0 0.0 0.0 0.0
gw 0.0 0.0 0.0 0.0
gw 0.0 0.0 0.0 0.0
gw 0.0 0.0 0.0 0.0
gw 0.0 0.0 0.0 0.0
gw 0.0 0.0 0.0 0.0
gw 0.0 0.0 0.0 0.0
gw 0.0 0.0 0.0 0.0
gw 0.0 0.0 0.0 0.0
gw 0.0 0.0 0.0 0.0
gw 0.0 0.0 0.0 0.0
gw 0.0 0.0 0.0 0.0
gw 0.0 0.0 0.0 0.0
gw 0.0 0.0 0.0 0.0
gw 0.0 0.0 0.0 0.0
gw 0.0 0.0 0.0 0.0
gw 0.0 0.0 0.0 0.0
gw 0.0 0.0 0.0 0.0
gw 0.0 0.0 0.0 0.0
gw 0.0 0.0 0.0 0.0
gw 0.0 0.0 0.0 0.0
gw 0.0 0.0 0.0 0.0
gw 0.0 0.0 0.0 0.0
gw 0.0 0.0 0.0 0.0
gw 0.0 0.0 0.0 0.0
gw 0.0 0.0 0.0 0.0
gw 0.0 0.0 0.0 0.0
gw 0.0 0.0 0.0 0.0
gw 0.0 0.0 0.0 0.0
gw 0.0 0.0 0.0 0.0
gw 0.0 0.0 0.0 0.0
gw 0.0 0.0 0.0 0.0
gw 0.0 0.0 0.0 0.0
gw 0.0 0.0 0.0 0.0
gw 0.0 0.0 0.0 0.0
gw 0.0 0.0 0.0 0.0
gw 0.0 0.0 0.0 0.0
gw 0.0 0.0 0.0 0.0
gw 0.0 0.0 0.0 0.0
gw 0.0 0.0 0.0 0.0
gw 0.0 0.0 0.0 0.0
gw 0.0 0.0 0.0 0.0
gw 0.0 0.0 0.0 0.0
gw 0.0 0.0 0.0 0.0
gw 0.0 0.0 0.0 0.0
gw 0.0 0.0 0.0 0.0
gw 0.0 0.0 0.0 0.0
gw 0.0 0.0 0.0 0.0
gw 0.0 0.0 0.0 0.0
gw 0.0 0.0 0.0 0.0
gw 0.0 0.0 0.0 0.0
gw 0.0 0.0 0.0 0.0
gw 0.0 0.0 0.0 0.0
gw 0.0 0.0 0.0 0.0
gw 0.0 0.0 0.0 0.0
gw 0.0 0.0 0.0 0.0
gw 0.0 0.0 0.0 0.0
gw 0.0 0.0 0.0 0.0
gw 0.0 0.0 0.0 0.0
gw 0.0 0.0 0.0 0.0
gw 0.0 0.0 0.0 0.0
gw 0.0 0.0 0.0 0.0
gw 0.0 0.0 0.0 0.0
gw 0.0 0.0 0.0 0.0
gw 0.0 0.0 0.0 0.0
gw 0.0 0.0 0.0 0.0
gw 0.0 0.0 0.0 0.0
gw 0.0 0.0 0.0 0.0
gw 0.0 0.0 0.0 0.0
gw 0.0 0.0 0.0 0.0
gw 0.0 0.0 0.0 0.0
gw 0.0 0.0 0.0 0.0
gw 0.0 0.0 0.0 0.0
gw 0.0 0.0 0.0 0.0
gw 0.0 0.0 0.0 0.0
gw 0.0 0.0 0.0 0.0
gw 0.0 0.0 0.0 0.0
gw 0.0 0.0 0.0 0.0
gw 0.0 0.0 0.0 0.0
gw 0.0 0.0 0.0 0.0
gw 0.0 0.0 0.0 0.0
gw 0.0 0.0 0.0 0.0
gw 0.0 0.0 0.0 0.0
gw 0.0 0.0 0.0 0.0
gw 0.0 0.0 0.0 0.0
gw 0.0 0.0 0.0 0.0
gw 0.0 0.0 0.0 0.0
gw 0.0 0.0 0.0 0.0
gw 0.0 0.0 0.0 0.0
gw 0.0 0.0 0.0 0.0
gw 0.0 0.0 0.0 0.0
gw 0.0 0.0 0.0 0.0
gw 0.0 0.0 0.0 0.0
gw 0.0 0.0 0.0 0.0
gw 0.0 0.0 0.0 0.0
gw 0.0 0.0 0.0 0.0
gw 0.0 0.0 0.0 0.0
gw 0.0 0.0 0.0 0.0
gw 0.0 0.0 0.0 0.0
gw 0.0 0.0 0.0 0.0
gw 0.0 0.0 0.0 0.0
gw 0.0 0.0 0.0 0.0
gw 0.0 0.0 0.0 0.0
gw 0.0 0.0 0.0 0.0
gw 0.0 0.0 0.0 0.0
gw 0.0 0.0 0.0 0.0
gw 0.0 0.0 0.0 0.0
gw 0.0 0.0 0.0 0.0
gw 0.0 0.0 0.0 0.0
gw 0.0 0.0 0.0 0.0
gw 0.0 0.0 0.0 0.0
gw 0.0 0.0 0.0 0.0
gw 0.0 0.0 0.0 0.0
gw 0.0 0.0 0.0 0.0
gw 0.0 0.0 0.0 0.0
gw 0.0 0.0 0.0 0.0
gw 0.0 0.0 0.0 0.0
gw 0.0 0.0 0.0 0.0
gw 0.0 0.0 0.0 0.0
gw 0.0 0.0 0.0 0.0
gw 0.0 0.0 0.0 0.0
gw 0.0 0.0 0.0 0.0
gw 0.0 0.0 0.0 0.0
gw 0.0 0.0 0.0 0.0
gw 0.0 0.0 0.0 0.0
gw 0.0 0.0 0.0 0.0
gw 0.0 0.0 0.0 0.0
gw 0.0 0.0 0.0 0.0
gw 0.0 0.0 0.0 0.0
gw 0.0 0.0 0.0 0.0
gw 0.0 0.0 0.0 0.0
gw 0.0 0.0 0.0 0.0
gw 0.0 0.0 0.0 0.0
gw 0.0 0.0 0.0 0.0
gw 0.0 0.0 0.0 0.0
gw 0.0 0.0 0.0 0.0
gw 0.0 0.0 0.0 0.0
gw 0.0 0.0 0.0 0.0
gw 0.0 0.0 0.0 0.0
gw 0.0 0.0 0.0 0.0
gw 0.0 0.0 0.0 0.0
gw 0.0 0.0 0.0 0.0
gw 0.0 0.0 0.0 0.0
vt 0.0979 0.1954
vt 0.103 0.1954
vt 0.103 0.2482
vt 0.0979 0.2482
vt 0.0979 0.1461
vt 0.103 0.1461
vt 0.0979 0.1057
vt 0.103 0.1057
vt 0.0979 0.0602
vt 0.103 0.0602
vt 0.0979 0.0084
vt 0.103 0.0084
vt 0.108 0.0602
vt 0.108 0.0084
vt 0.108 0.1057
vt 0.108 0.1461
vt 0.108 0.1954
vt 0.108 0.2482
vt 0.063 0.1954
vt 0.063 0.2482
vt 0.063 0.1461
vt 0.063 0.1057
vt 0.063 0.0602
vt 0.063 0.0084
vt 0.1136 0.1954
vt 0.1136 0.2482
vt 0.1136 0.1461
vt 0.1136 0.1057
vt 0.1136 0.0602
vt 0.1136 0.0084
vt 0.103 0.0213
vt 0.0979 0.0213
vt 0.108 0.2218
vt 0.103 0.2218
vt 0.063 0.0213
vt 0.1136 0.2218
vt 0.9018 0.0108
vt 0.9018 0.0085
vt 0.9446 0.0085
vt 0.9446 0.0108
vt 0.9018 0.0242
vt 0.9018 0.0214
vt 0.9446 0.0214
vt 0.9446 0.0242
vt 0.9018 0.0189
vt 0.9446 0.0189
vt 0.9018 0.0149
vt 0.9446 0.0149
vt 0.9018 0.0431
vt 0.9018 0.0392
vt 0.9446 0.0392
vt 0.9446 0.0431
vt 0.9018 0.0457
vt 0.9446 0.0457
vt 0.9018 0.0491
vt 0.9446 0.0491
vt 0.9018 0.066
vt 0.9446 0.066
vt 0.9446 0.0737
vt 0.9018 0.0737
vt 0.9018 0.0775
vt 0.9446 0.0775
vt 0.9446 0.0972
vt 0.9018 0.0972
vt 0.9018 0.5941
vt 0.9018 0.5773
vt 0.9446 0.5773
vt 0.9446 0.5941
vt 0.304 0.5574
vt 0.2613 0.5574
vt 0.2613 0.5481
vt 0.304 0.5481
vt 0.304 0.5583
vt 0.2613 0.5583
vt 0.9018 0.568
vt 0.9018 0.5671
vt 0.9446 0.5671
vt 0.9446 0.568
vt 0.9018 0.5583
vt 0.9446 0.5583
vt 0.9018 0.5481
vt 0.9018 0.5449
vt 0.9446 0.5449
vt 0.9446 0.5481
vt 0.9018 0.5406
vt 0.9018 0.5364
vt 0.9446 0.5364
vt 0.9446 0.5406
vt 0.9018 0.4783
vt 0.9446 0.4783
vt 0.9018 0.2792
vt 0.9018 0.2121
vt 0.9446 0.2121
vt 0.9446 0.2792
vt 0.9018 0.1217
vt 0.9446 0.1217
vt 0.9018 0.0031
vt 0.9446 0.0031
vt 0.304 0.568
vt 0.304 0.5773
vt 0.2613 0.5773
vt 0.2613 0.568
vt 0.5602 0.0085
vt 0.6029 0.0085
vt 0.6029 0.0108
vt 0.5602 0.0108
vt 0.5602 0.0214
vt 0.6029 0.0214
vt 0.6029 0.0242
vt 0.5602 0.0242
vt 0.5602 0.0189
vt 0.6029 0.0189
vt 0.6029 0.0149
vt 0.5602 0.0149
vt 0.5602 0.0431
vt 0.5602 0.0392
vt 0.6029 0.0392
vt 0.6029 0.0431
vt 0.6029 0.0457
vt 0.5602 0.0457
vt 0.6029 0.0491
vt 0.5602 0.0491
vt 0.6029 0.066
vt 0.5602 0.066
vt 0.5602 0.0737
vt 0.6029 0.0737
vt 0.5602 0.4453
vt 0.6029 0.4453
vt 0.6029 0.4783
vt 0.5602 0.4783
vt 0.6029 0.0775
vt 0.5602 0.0775
vt 0.6029 0.0977
vt 0.5602 0.0977
vt 0.5602 0.6276
vt 0.6029 0.6276
vt 0.5801 0.6444
vt 0.5602 0.6444
vt 0.6456 0.5574
vt 0.6029 0.5574
vt 0.6029 0.5481
vt 0.6456 0.5481
vt 0.6456 0.5583
vt 0.6029 0.5583
vt 0.5602 0.5671
vt 0.6029 0.5671
vt 0.6029 0.568
vt 0.5602 0.568
vt 0.5602 0.5583
vt 0.5602 0.5449
vt 0.6029 0.5449
vt 0.5602 0.5481
vt 0.5602 0.5364
vt 0.6029 0.5364
vt 0.6029 0.5406
vt 0.5602 0.5406
vt 0.5602 0.1217
vt 0.6029 0.1217
vt 0.6029 0.2121
vt 0.5602 0.2121
vt 0.5602 0.0031
vt 0.6029 0.0031
vt 0.6456 0.5773
vt 0.6029 0.5773
vt 0.6456 0.568
vt 0.731 0.0085
vt 0.7737 0.0085
vt 0.7737 0.0108
vt 0.731 0.0108
vt 0.731 0.0214
vt 0.7737 0.0214
vt 0.7737 0.0242
vt 0.731 0.0242
vt 0.731 0.0189
vt 0.7737 0.0189
vt 0.7737 0.0149
vt 0.731 0.0149
vt 0.731 0.0431
vt 0.731 0.0392
vt 0.7737 0.0392
vt 0.7737 0.0431
vt 0.7737 0.0457
vt 0.731 0.0457
vt 0.7737 0.0491
vt 0.731 0.0491
vt 0.7737 0.066
vt 0.731 0.066
vt 0.7737 0.0737
vt 0.731 0.0737
vt 0.731 0.4453
vt 0.7737 0.4453
vt 0.7737 0.4783
vt 0.731 0.4783
vt 0.7737 0.0775
vt 0.731 0.0775
vt 0.7737 0.0975
vt 0.731 0.0976
vt 0.752 0.6444
vt 0.731 0.6444
vt 0.731 0.6276
vt 0.7737 0.6276
vt 0.4748 0.5574
vt 0.4321 0.5574
vt 0.4321 0.5481
vt 0.4748 0.5481
vt 0.4748 0.5583
vt 0.4321 0.5583
vt 0.731 0.5671
vt 0.7737 0.5671
vt 0.7737 0.568
vt 0.731 0.568
vt 0.731 0.5583
vt 0.7737 0.5583
vt 0.731 0.5449
vt 0.7737 0.5449
vt 0.7737 0.5481
vt 0.731 0.5481
vt 0.731 0.5364
vt 0.7737 0.5364
vt 0.7737 0.5406
vt 0.731 0.5406
vt 0.731 0.1217
vt 0.7737 0.1217
vt 0.7737 0.2121
vt 0.731 0.2121
vt 0.731 0.0031
vt 0.7737 0.0031
vt 0.4748 0.5773
vt 0.4321 0.5773
vt 0.4321 0.568
vt 0.4748 0.568
vt 0.3894 0.0085
vt 0.4321 0.0085
vt 0.4321 0.0108
vt 0.3894 0.0108
vt 0.3894 0.0214
vt 0.4321 0.0214
vt 0.4321 0.0242
vt 0.3894 0.0242
vt 0.3894 0.0189
vt 0.4321 0.0189
vt 0.4321 0.0149
vt 0.3894 0.0149
vt 0.3894 0.0431
vt 0.3894 0.0392
vt 0.4321 0.0392
vt 0.4321 0.0431
vt 0.4321 0.0457
vt 0.3894 0.0457
vt 0.4321 0.0491
vt 0.3894 0.0491
vt 0.4321 0.066
vt 0.3894 0.066
vt 0.3894 0.0737
vt 0.4321 0.0737
vt 0.3894 0.4453
vt 0.4321 0.4453
vt 0.4321 0.4783
vt 0.3894 0.4783
vt 0.4321 0.0775
vt 0.3894 0.0775
vt 0.3894 0.0974
vt 0.4321 0.0975
vt 0.3894 0.6276
vt 0.4321 0.6276
vt 0.4089 0.6444
vt 0.3894 0.6444
vt 0.8164 0.5574
vt 0.7737 0.5574
vt 0.8164 0.5481
vt 0.8164 0.5583
vt 0.3894 0.5671
vt 0.4321 0.5671
vt 0.3894 0.568
vt 0.3894 0.5583
vt 0.3894 0.5449
vt 0.4321 0.5449
vt 0.3894 0.5481
vt 0.3894 0.5364
vt 0.4321 0.5364
vt 0.4321 0.5406
vt 0.3894 0.5406
vt 0.3894 0.1217
vt 0.4321 0.1217
vt 0.4321 0.2121
vt 0.3894 0.2121
vt 0.3894 0.0031
vt 0.4321 0.0031
vt 0.8164 0.5773
vt 0.7737 0.5773
vt 0.8164 0.568
vt 0.8164 0.0085
vt 0.8591 0.0085
vt 0.8591 0.0108
vt 0.8164 0.0108
vt 0.8164 0.0214
vt 0.8591 0.0214
vt 0.8591 0.0242
vt 0.8164 0.0242
vt 0.8164 0.0189
vt 0.8591 0.0189
vt 0.8591 0.0149
vt 0.8164 0.0149
vt 0.8164 0.0392
vt 0.8591 0.0392
vt 0.8591 0.0431
vt 0.8164 0.0431
vt 0.8591 0.0457
vt 0.8164 0.0457
vt 0.8591 0.0491
vt 0.8164 0.0491
vt 0.8591 0.066
vt 0.8164 0.066
vt 0.8591 0.0737
vt 0.8164 0.0737
vt 0.8164 0.4453
vt 0.8591 0.4453
vt 0.8591 0.4783
vt 0.8164 0.4783
vt 0.8591 0.0775
vt 0.8164 0.0775
vt 0.8591 0.0973
vt 0.8164 0.0974
vt 0.8164 0.6444
vt 0.8164 0.6276
vt 0.8591 0.6276
vt 0.8591 0.6444
vt 0.3894 0.5574
vt 0.3467 0.5574
vt 0.3467 0.5481
vt 0.3467 0.5583
vt 0.8164 0.5671
vt 0.8591 0.5671
vt 0.8591 0.568
vt 0.8591 0.5583
vt 0.8164 0.5449
vt 0.8591 0.5449
vt 0.8591 0.5481
vt 0.8164 0.5364
vt 0.8591 0.5364
vt 0.8591 0.5406
vt 0.8164 0.5406
vt 0.8164 0.1217
vt 0.8591 0.1217
vt 0.8591 0.2121
vt 0.8164 0.2121
vt 0.8164 0.0031
vt 0.8591 0.0031
vt 0.3894 0.5773
vt 0.3467 0.5773
vt 0.3467 0.568
vt 0.4748 0.0085
vt 0.5175 0.0085
vt 0.5175 0.0108
vt 0.4748 0.0108
vt 0.4748 0.0214
vt 0.5175 0.0214
vt 0.5175 0.0242
vt 0.4748 0.0242
vt 0.4748 0.0189
vt 0.5175 0.0189
vt 0.5175 0.0149
vt 0.4748 0.0149
vt 0.4748 0.0392
vt 0.5175 0.0392
vt 0.5175 0.0431
vt 0.4748 0.0431
vt 0.5175 0.0457
vt 0.4748 0.0457
vt 0.5175 0.0491
vt 0.4748 0.0491
vt 0.5175 0.066
vt 0.4748 0.066
vt 0.4748 0.0737
vt 0.5175 0.0737
vt 0.4748 0.4453
vt 0.5175 0.4453
vt 0.5175 0.4783
vt 0.4748 0.4783
vt 0.5175 0.0775
vt 0.4748 0.0775
vt 0.4748 0.0976
vt 0.5175 0.0976
vt 0.4748 0.6444
vt 0.4748 0.6276
vt 0.5175 0.6276
vt 0.5175 0.6444
vt 0.731 0.5574
vt 0.6883 0.5574
vt 0.6883 0.5481
vt 0.6883 0.5583
vt 0.4748 0.5671
vt 0.5175 0.5671
vt 0.5175 0.568
vt 0.5175 0.5583
vt 0.4748 0.5449
vt 0.5175 0.5449
vt 0.5175 0.5481
vt 0.4748 0.5364
vt 0.5175 0.5364
vt 0.5175 0.5406
vt 0.4748 0.5406
vt 0.4748 0.1217
vt 0.5175 0.1217
vt 0.5175 0.2121
vt 0.4748 0.2121
vt 0.4748 0.0031
vt 0.5175 0.0031
vt 0.731 0.5773
vt 0.6883 0.5773
vt 0.6883 0.568
vt 0.6456 0.0085
vt 0.6883 0.0085
vt 0.6883 0.0108
vt 0.6456 0.0108
vt 0.6456 0.0214
vt 0.6883 0.0214
vt 0.6883 0.0242
vt 0.6456 0.0242
vt 0.6456 0.0189
vt 0.6883 0.0189
vt 0.6883 0.0149
vt 0.6456 0.0149
vt 0.6456 0.0392
vt 0.6883 0.0392
vt 0.6883 0.0431
vt 0.6456 0.0431
vt 0.6456 0.0457
vt 0.6883 0.0457
vt 0.6883 0.0491
vt 0.6456 0.0491
vt 0.6883 0.066
vt 0.6456 0.066
vt 0.6883 0.0737
vt 0.6456 0.0737
vt 0.6456 0.4453
vt 0.6883 0.4453
vt 0.6883 0.4783
vt 0.6456 0.4783
vt 0.6456 0.0775
vt 0.6883 0.0775
vt 0.6883 0.0976
vt 0.6456 0.0977
vt 0.6456 0.6444
vt 0.6456 0.6276
vt 0.6883 0.6276
vt 0.6883 0.6444
vt 0.5602 0.5574
vt 0.5175 0.5574
vt 0.6456 0.5671
vt 0.6883 0.5671
vt 0.6456 0.5449
vt 0.6883 0.5449
vt 0.6456 0.5364
vt 0.6883 0.5364
vt 0.6883 0.5406
vt 0.6456 0.5406
vt 0.6456 0.1217
vt 0.6883 0.1217
vt 0.6883 0.2121
vt 0.6456 0.2121
vt 0.6456 0.0031
vt 0.6883 0.0031
vt 0.5602 0.5773
vt 0.5175 0.5773
vt 0.304 0.0085
vt 0.3467 0.0085
vt 0.3467 0.0108
vt 0.304 0.0108
vt 0.304 0.0214
vt 0.3467 0.0214
vt 0.3467 0.0242
vt 0.304 0.0242
vt 0.304 0.0189
vt 0.3467 0.0189
vt 0.3467 0.0149
vt 0.304 0.0149
vt 0.304 0.0392
vt 0.3467 0.0392
vt 0.3467 0.0431
vt 0.304 0.0431
vt 0.304 0.0457
vt 0.3467 0.0457
vt 0.3467 0.0491
vt 0.304 0.0491
vt 0.3467 0.066
vt 0.304 0.066
vt 0.304 0.0737
vt 0.3467 0.0737
vt 0.304 0.4453
vt 0.3467 0.4453
vt 0.3467 0.4783
vt 0.304 0.4783
vt 0.304 0.0775
vt 0.3467 0.0775
vt 0.304 0.0972
vt 0.3467 0.0973
vt 0.304 0.6444
vt 0.304 0.6276
vt 0.3467 0.6276
vt 0.3467 0.6444
vt 0.9018 0.5574
vt 0.8591 0.5574
vt 0.304 0.5671
vt 0.3467 0.5671
vt 0.304 0.5449
vt 0.3467 0.5449
vt 0.304 0.5364
vt 0.3467 0.5364
vt 0.3467 0.5406
vt 0.304 0.5406
vt 0.304 0.1217
vt 0.3467 0.1217
vt 0.3467 0.2121
vt 0.304 0.2121
vt 0.304 0.0031
vt 0.3467 0.0031
vt 0.8591 0.5773
vt 0.9018 0.4453
vt 0.9018 0.6444
vt 0.9018 0.6276
vt 0.7737 0.6444
vt 0.4321 0.6444
vt 0.6029 0.6444
vt 0.2613 0.0085
vt 0.2613 0.0108
vt 0.2613 0.0214
vt 0.2613 0.0242
vt 0.2613 0.0189
vt 0.2613 0.0149
vt 0.2613 0.0392
vt 0.2613 0.0431
vt 0.2613 0.0457
vt 0.2613 0.0491
vt 0.2613 0.066
vt 0.2613 0.0737
vt 0.2613 0.4453
vt 0.2613 0.4783
vt 0.2613 0.0775
vt 0.2613 0.0972
vt 0.2613 0.6444
vt 0.2613 0.6276
vt 0.9446 0.5574
vt 0.2613 0.5671
vt 0.2613 0.5449
vt 0.2613 0.5406
vt 0.2613 0.5364
vt 0.2613 0.1217
vt 0.2613 0.2121
vt 0.2613 0.0031
vt 0.9018 0.6109
vt 0.9446 0.6109
vt 0.9446 0.6276
vt 0.6029 0.5941
vt 0.6029 0.6109
vt 0.5602 0.6109
vt 0.5602 0.5941
vt 0.731 0.5941
vt 0.7737 0.5941
vt 0.7737 0.6109
vt 0.731 0.6109
vt 0.3894 0.6109
vt 0.3894 0.5941
vt 0.4321 0.5941
vt 0.4321 0.6109
vt 0.8164 0.5941
vt 0.8591 0.5941
vt 0.8591 0.6109
vt 0.8164 0.6109
vt 0.4748 0.6109
vt 0.4748 0.5941
vt 0.5175 0.5941
vt 0.5175 0.6109
vt 0.6456 0.5941
vt 0.6883 0.5941
vt 0.6883 0.6109
vt 0.6456 0.6109
vt 0.304 0.6109
vt 0.304 0.5941
vt 0.3467 0.5941
vt 0.3467 0.6109
vt 0.2613 0.6109
vt 0.2613 0.5941
vt 0.9222 0.6444
vt 0.9018 0.3128
vt 0.9446 0.3128
vt 0.6029 0.2792
vt 0.5602 0.2792
vt 0.7737 0.2792
vt 0.731 0.2792
vt 0.4321 0.2792
vt 0.3894 0.2792
vt 0.8591 0.2792
vt 0.8164 0.2792
vt 0.5175 0.2792
vt 0.4748 0.2792
vt 0.6883 0.2792
vt 0.6456 0.2792
vt 0.3467 0.2792
vt 0.304 0.2792
vt 0.2613 0.2792
vt 0.6029 0.3128
vt 0.5602 0.3128
vt 0.7737 0.3128
vt 0.731 0.3128
vt 0.4321 0.3128
vt 0.3894 0.3128
vt 0.8591 0.3128
vt 0.8164 0.3128
vt 0.5175 0.3128
vt 0.4748 0.3128
vt 0.6883 0.3128
vt 0.6456 0.3128
vt 0.3467 0.3128
vt 0.304 0.3128
vt 0.2613 0.3128
vt 0.9446 0.4453
vt 0.108 0.0213
vt 0.1136 0.0213
vt 0.0979 0.2218
vt 0.063 0.2218
vt 0.9446 0.6444
vn -0.1402 -0.4816 -0.8651
vn -0.1619 0.0 -0.9868
vn 0.0806 0.0001 -0.9968
vn 0.0685 -0.4622 -0.8841
vn -0.4388 -0.4794 -0.76
vn -0.5 0.0 -0.866
vn -0.6723 -0.4794 -0.5641
vn -0.766 0.0 -0.6428
vn -0.8319 -0.4853 -0.2689
vn -0.9496 0.0 -0.3134
vn -0.8849 -0.4653 -0.0221
vn -0.9994 0.0 -0.0342
vn -0.8155 0.5151 -0.2638
vn -0.8684 0.4953 -0.022
vn -0.6592 0.5093 -0.5532
vn -0.4303 0.5092 -0.7453
vn -0.1376 0.5109 -0.8486
vn 0.0674 0.4922 -0.8679
vn -0.1521 -0.4271 -0.8913
vn 0.0742 -0.431 -0.8993
vn -0.4499 -0.4416 -0.7763
vn -0.6864 -0.4471 -0.5735
vn -0.8522 -0.442 -0.2799
vn -0.8996 -0.4353 -0.034
vn -0.1591 0.1144 -0.9806
vn 0.0771 0.1129 -0.9906
vn -0.4967 0.1143 -0.8603
vn -0.761 0.1144 -0.6386
vn -0.9451 0.1151 -0.3059
vn -0.9933 0.1131 -0.0256
vn 0.4388 -0.4794 0.76
vn 0.5 0.0 0.866
vn 0.1975 0.0 0.9803
vn 0.159 -0.4901 0.8571
vn 0.6723 -0.4794 0.5641
vn 0.7661 0.0 0.6428
vn 0.8246 -0.4794 0.3001
vn 0.9397 0.0 0.342
vn 0.9928 0.0 0.1197
vn 0.8805 -0.4616 0.1079
vn 0.6592 0.5093 0.5532
vn 0.8087 0.5093 0.2943
vn 0.4303 0.5093 0.7453
vn 0.1728 0.5054 0.8454
vn -0.0522 0.5001 0.8644
vn -0.0629 0.0001 0.998
vn 0.4483 -0.4395 0.7784
vn 0.149 -0.4433 0.8839
vn 0.6882 -0.4385 0.5781
vn 0.8459 -0.4363 0.3068
vn 0.8903 -0.4426 0.107
vn -0.0599 0.1134 0.9917
vn 0.1989 0.1143 0.9733
vn 0.4968 0.1144 0.8603
vn 0.761 0.1144 0.6386
vn 0.9335 0.1144 0.3398
vn 0.76 -0.4794 -0.4388
vn 0.866 0.0 -0.5
vn 0.9896 0.0001 -0.1438
vn 0.8664 -0.4845 -0.1211
vn 0.5641 -0.4794 -0.6723
vn 0.6428 0.0 -0.766
vn 0.2804 -0.4831 -0.8295
vn 0.3239 -0.0 -0.9461
vn 0.2749 0.5134 -0.8129
vn 0.5532 0.5092 -0.6593
vn 0.7453 0.5093 -0.4303
vn 0.8494 0.5142 -0.1189
vn 0.7735 -0.4519 -0.4443
vn 0.887 -0.4431 -0.1302
vn 0.5761 -0.448 -0.6837
vn 0.2941 -0.4356 -0.8508
vn 0.8603 0.1144 -0.4967
vn 0.9838 0.1144 -0.138
vn 0.6386 0.1143 -0.761
vn 0.3182 0.1144 -0.9411
vn -0.8621 -0.4756 0.1748
vn -0.9806 0.0 0.1959
vn -0.76 -0.4794 0.4388
vn -0.866 0.0 0.5
vn -0.5641 -0.4794 0.6723
vn -0.6428 0.0001 0.766
vn -0.2852 -0.4924 0.8223
vn -0.342 -0.0 0.9397
vn -0.0529 -0.4965 0.8664
vn -0.5532 0.5093 0.6593
vn -0.2943 0.5093 0.8087
vn -0.7453 0.5093 0.4303
vn -0.8456 0.5056 0.1713
vn -0.8898 -0.417 0.1852
vn -0.7811 -0.4284 0.4543
vn -0.5752 -0.4376 0.6911
vn -0.2812 -0.4455 0.85
vn -0.0663 -0.4663 0.8822
vn -0.9737 0.1143 0.1971
vn -0.8603 0.1144 0.4967
vn -0.6386 0.1143 0.761
vn -0.3398 0.1143 0.9335
vn 0.2485 -0.5631 -0.7882
vn 0.2635 -0.4817 -0.8358
vn -0.0764 -0.4817 -0.873
vn -0.072 -0.5631 -0.8232
vn 0.2589 0.5084 -0.8213
vn 0.2673 0.4582 -0.8477
vn -0.0775 0.4582 -0.8855
vn -0.075 0.5084 -0.8578
vn 0.252 0.5456 -0.7992
vn -0.073 0.5456 -0.8349
vn 0.3007 -0.0 -0.9537
vn -0.0872 -0.0 -0.9962
vn 0.2961 0.1754 -0.9389
vn 0.2654 0.4702 -0.8417
vn -0.0769 0.4701 -0.8792
vn -0.0858 0.1753 -0.9808
vn 0.283 0.3386 -0.8974
vn -0.082 0.3385 -0.9374
vn 0.2424 0.5916 -0.7689
vn -0.0703 0.5916 -0.8031
vn 0.288 0.2711 -0.9184
vn -0.0839 0.2724 -0.9585
vn -0.0871 -0.0295 -0.9958
vn 0.3014 -0.0306 -0.953
vn 0.2996 -0.0589 -0.9523
vn -0.087 -0.0581 -0.9945
vn -0.0746 -0.5171 -0.8527
vn 0.257 -0.518 -0.8158
vn 0.2872 -0.2919 -0.9123
vn 0.2132 0.7035 -0.678
vn -0.0619 0.704 -0.7075
vn -0.0834 -0.29 -0.9534
vn -0.2 -0.9013 -0.3843
vn -0.0378 -0.9014 -0.4314
vn -0.0571 -0.7558 -0.6523
vn -0.3024 -0.7558 -0.5808
vn -0.4296 -0.3667 -0.8252
vn -0.0811 -0.3668 -0.9267
vn 0.1303 0.9013 -0.4131
vn 0.2797 0.3668 -0.8872
vn -0.0811 0.3669 -0.9267
vn -0.0377 0.9014 -0.4313
vn 0.2797 -0.3666 -0.8873
vn 0.1969 -0.7558 -0.6245
vn 0.2793 0.3704 -0.8859
vn -0.0809 0.3703 -0.9254
vn 0.3007 0.0 -0.9537
vn 0.275 -0.3997 -0.8744
vn -0.0798 -0.4006 -0.9127
vn -0.0872 -0.0 -0.9962
vn 0.3013 0.0162 -0.9534
vn -0.0871 0.0152 -0.9961
vn 0.3003 0.051 -0.9525
vn 0.3005 0.0354 -0.9531
vn -0.0871 0.0354 -0.9956
vn -0.087 0.0509 -0.9949
vn 0.2966 -0.168 -0.9401
vn -0.0859 -0.1676 -0.9821
vn 0.3003 -0.0552 -0.9523
vn -0.087 -0.0552 -0.9947
vn -0.2 0.9014 -0.3841
vn -0.3276 0.7035 -0.6307
vn -0.2635 -0.4816 0.8358
vn 0.0764 -0.4817 0.873
vn 0.072 -0.5631 0.8232
vn -0.2485 -0.5631 0.7882
vn -0.2673 0.4581 0.8477
vn 0.0775 0.4582 0.8854
vn 0.075 0.5084 0.8578
vn -0.2589 0.5084 0.8213
vn -0.252 0.5456 0.7992
vn 0.0731 0.5456 0.8348
vn 0.0872 -0.0 0.9962
vn -0.3007 -0.0 0.9537
vn -0.296 0.1754 0.9389
vn -0.2654 0.4701 0.8417
vn 0.0769 0.4702 0.8792
vn 0.0858 0.1755 0.9807
vn 0.082 0.3385 0.9374
vn -0.283 0.3386 0.8974
vn 0.0703 0.5916 0.8032
vn -0.2424 0.5916 0.7689
vn 0.0846 0.24 0.9671
vn -0.2932 0.2412 0.9251
vn -0.2995 -0.0569 0.9524
vn 0.087 -0.0579 0.9945
vn -0.3003 0.0545 0.9523
vn 0.087 0.0544 0.9947
vn 0.0871 0.0421 0.9953
vn -0.2998 0.0411 0.9531
vn 0.0869 -0.0775 0.9932
vn -0.3004 -0.0768 0.9507
vn 0.0734 -0.5392 0.839
vn -0.2535 -0.5384 0.8037
vn -0.2027 -0.7203 0.6634
vn 0.057 -0.715 0.6968
vn 0.2 -0.9013 0.3842
vn 0.0377 -0.9013 0.4315
vn 0.0571 -0.7558 0.6523
vn 0.3023 -0.7558 0.5808
vn 0.4296 -0.3668 0.8252
vn 0.0811 -0.3668 0.9268
vn -0.2797 0.3669 0.8872
vn 0.0811 0.3669 0.9267
vn 0.0377 0.9014 0.4314
vn -0.1302 0.9014 0.4129
vn -0.2798 -0.3668 0.8872
vn -0.2793 0.3704 0.8859
vn 0.081 0.3704 0.9253
vn -0.1969 -0.7558 0.6245
vn -0.2793 -0.3758 0.8836
vn 0.0808 -0.3748 0.9236
vn 0.0872 0.0001 0.9962
vn -0.3007 0.0 0.9537
vn -0.2957 -0.1772 0.9387
vn 0.0857 -0.1776 0.9804
vn 0.0871 0.0347 0.9956
vn -0.3005 0.0347 0.9532
vn -0.3002 -0.0552 0.9523
vn 0.087 -0.0552 0.9947
vn 0.3338 0.6921 0.64
vn 0.0629 0.6916 0.7196
vn 0.1999 0.9014 0.3841
vn 0.8358 -0.4817 0.2636
vn 0.873 -0.4817 -0.0764
vn 0.8232 -0.5631 -0.072
vn 0.7881 -0.5631 0.2485
vn 0.8477 0.4582 0.2673
vn 0.8855 0.4582 -0.0775
vn 0.8578 0.5084 -0.075
vn 0.8212 0.5085 0.2589
vn 0.7992 0.5456 0.252
vn 0.8348 0.5456 -0.073
vn 0.9962 -0.0 -0.0871
vn 0.9537 -0.0 0.3007
vn 0.9389 0.1755 0.296
vn 0.8417 0.4702 0.2654
vn 0.8792 0.4702 -0.0769
vn 0.9807 0.1755 -0.0858
vn 0.9374 0.3385 -0.082
vn 0.8974 0.3386 0.283
vn 0.8032 0.5916 -0.0703
vn 0.7689 0.5916 0.2424
vn 0.9627 0.2559 -0.088
vn 0.9245 0.2497 0.2879
vn 0.9954 -0.0441 -0.0849
vn 0.9519 -0.0495 0.3022
vn 0.9523 0.055 0.3002
vn 0.9947 0.0553 -0.0871
vn 0.9959 0.0287 -0.0853
vn 0.9527 0.0339 0.3021
vn 0.9938 -0.0679 -0.0886
vn 0.9517 -0.0716 0.2985
vn 0.8457 -0.5285 -0.0744
vn 0.8073 -0.5327 0.2541
vn 0.6628 -0.7192 0.2084
vn 0.6865 -0.7254 -0.0507
vn -0.3843 -0.9013 0.2001
vn -0.4315 -0.9013 0.0378
vn -0.6524 -0.7558 0.0571
vn -0.5808 -0.7558 0.3023
vn -0.8252 -0.3666 0.4296
vn -0.9268 -0.3668 0.0811
vn 0.8872 0.367 0.2798
vn 0.9267 0.3669 -0.0811
vn 0.4314 0.9014 -0.0378
vn 0.4129 0.9014 0.1302
vn 0.8872 -0.3668 0.2797
vn 0.9268 -0.3668 -0.0811
vn 0.8859 0.3704 0.2793
vn 0.9253 0.3704 -0.081
vn 0.6523 -0.7558 -0.0571
vn 0.6245 -0.7558 0.1969
vn 0.8815 -0.3829 0.2762
vn 0.9181 -0.3878 -0.0821
vn 0.9962 0.0 -0.0872
vn 0.9537 0.0 0.3007
vn 0.9389 -0.1745 0.2966
vn 0.9813 -0.1726 -0.0853
vn 0.9956 0.0351 -0.087
vn 0.9531 0.0349 0.3006
vn 0.9523 -0.0552 0.3002
vn 0.9947 -0.0552 -0.087
vn -0.638 0.6954 0.3305
vn -0.7137 0.6978 0.0609
vn -0.4313 0.9014 0.0377
vn -0.3842 0.9013 0.1999
vn -0.8358 -0.4816 -0.2635
vn -0.873 -0.4816 0.0764
vn -0.8233 -0.5631 0.072
vn -0.7882 -0.5631 -0.2485
vn -0.8478 0.4581 -0.2673
vn -0.8855 0.4582 0.0775
vn -0.8579 0.5084 0.0751
vn -0.8213 0.5084 -0.259
vn -0.7992 0.5456 -0.252
vn -0.8348 0.5456 0.073
vn -0.9962 -0.0 0.0871
vn -0.9537 -0.0 -0.3007
vn -0.9389 0.1754 -0.296
vn -0.8417 0.4702 -0.2654
vn -0.8792 0.4702 0.0769
vn -0.9807 0.1755 0.0858
vn -0.9374 0.3386 0.082
vn -0.8974 0.3386 -0.2829
vn -0.8032 0.5916 0.0703
vn -0.7689 0.5916 -0.2424
vn -0.9633 0.2559 0.0805
vn -0.9193 0.2621 -0.2935
vn -0.9536 -0.0387 -0.2985
vn -0.995 -0.0441 0.0893
vn -0.9522 0.0556 -0.3003
vn -0.9947 0.0553 0.087
vn -0.9956 0.0287 0.0889
vn -0.954 0.0235 -0.299
vn -0.994 -0.0679 0.0853
vn -0.9513 -0.0642 -0.3016
vn -0.812 -0.5242 -0.2565
vn -0.8457 -0.5285 0.0735
vn -0.6572 -0.7263 -0.2015
vn -0.7052 -0.7057 0.0684
vn 0.3842 -0.9013 -0.2001
vn 0.4315 -0.9013 -0.0378
vn 0.5808 -0.7558 -0.3023
vn 0.8252 -0.3668 -0.4296
vn -0.8872 0.367 -0.2798
vn -0.9267 0.3669 0.0811
vn -0.4129 0.9014 -0.1302
vn -0.8872 -0.3668 -0.2797
vn -0.8859 0.3704 -0.2793
vn -0.9253 0.3704 0.081
vn -0.6245 -0.7558 -0.1969
vn -0.8766 -0.3927 -0.2781
vn -0.9184 -0.3878 0.0785
vn -0.9962 0.0 0.0872
vn -0.9537 0.0 -0.3007
vn -0.9399 -0.1707 -0.2958
vn -0.9812 -0.1726 0.0864
vn -0.9956 0.0351 0.0872
vn -0.9531 0.0352 -0.3004
vn -0.9523 -0.0552 -0.3002
vn -0.9947 -0.0551 0.087
vn 0.6326 0.7002 -0.3309
vn 0.7134 0.6978 -0.064
vn 0.3841 0.9014 -0.2
vn 0.7773 -0.4817 -0.4047
vn 0.5633 -0.4817 -0.6713
vn 0.5312 -0.5631 -0.633
vn 0.733 -0.5631 -0.3816
vn 0.7884 0.4582 -0.4104
vn 0.5713 0.4582 -0.6809
vn 0.5535 0.5084 -0.6597
vn 0.7638 0.5084 -0.3976
vn 0.7433 0.5456 -0.3869
vn 0.5387 0.5456 -0.642
vn 0.6428 -0.0 -0.766
vn 0.887 -0.0 -0.4618
vn 0.7829 0.4701 -0.4076
vn 0.5673 0.4702 -0.6761
vn 0.6328 0.1755 -0.7541
vn 0.8733 0.1754 -0.4546
vn 0.6048 0.3385 -0.7208
vn 0.8346 0.3386 -0.4345
vn 0.5182 0.5916 -0.6176
vn 0.7151 0.5916 -0.3722
vn 0.6173 0.2675 -0.7399
vn 0.8544 0.2621 -0.4487
vn 0.6436 -0.0339 -0.7646
vn 0.8873 -0.0387 -0.4596
vn 0.8856 0.0556 -0.4611
vn 0.6418 0.0559 -0.7649
vn 0.6437 0.0192 -0.7651
vn 0.8875 0.0236 -0.4601
vn 0.6407 -0.061 -0.7654
vn 0.8845 -0.0642 -0.4622
vn 0.5486 -0.5205 -0.6543
vn 0.7552 -0.5242 -0.3936
vn 0.6018 -0.7334 -0.3162
vn 0.4383 -0.7288 -0.526
vn -0.4131 -0.9013 -0.1302
vn -0.3318 -0.9013 -0.2785
vn -0.5016 -0.7558 -0.4209
vn -0.7126 -0.3668 -0.598
vn 0.8251 0.3669 -0.4296
vn 0.598 0.3669 -0.7126
vn 0.2784 0.9014 -0.3318
vn 0.598 -0.3667 -0.7127
vn 0.8239 0.3704 -0.4289
vn 0.5971 0.3704 -0.7116
vn 0.4209 -0.7558 -0.5016
vn 0.815 -0.3928 -0.4261
vn 0.589 -0.3969 -0.7039
vn 0.6428 0.0 -0.766
vn 0.887 0.0 -0.4617
vn 0.8742 -0.1707 -0.4545
vn 0.6338 -0.169 -0.7548
vn 0.6424 0.0353 -0.7655
vn 0.8865 0.0352 -0.4614
vn 0.8857 -0.0552 -0.461
vn 0.6418 -0.0552 -0.7649
vn -0.6805 0.7002 -0.216
vn -0.5447 0.7022 -0.4585
vn -0.3317 0.9014 -0.2783
vn -0.7773 -0.4817 0.4047
vn -0.5633 -0.4817 0.6713
vn -0.5312 -0.5631 0.633
vn -0.733 -0.5631 0.3816
vn -0.7884 0.4582 0.4104
vn -0.5714 0.4582 0.6809
vn -0.5535 0.5085 0.6596
vn -0.7638 0.5084 0.3976
vn -0.7433 0.5457 0.387
vn -0.5387 0.5456 0.6419
vn -0.6428 -0.0 0.7661
vn -0.887 -0.0 0.4618
vn -0.7828 0.4702 0.4075
vn -0.5673 0.4702 0.6761
vn -0.6328 0.1755 0.7542
vn -0.8732 0.1755 0.4546
vn -0.6048 0.3385 0.7208
vn -0.8346 0.3385 0.4345
vn -0.5182 0.5916 0.6176
vn -0.7151 0.5916 0.3723
vn -0.6252 0.2446 0.7411
vn -0.8605 0.2497 0.4441
vn -0.885 -0.0495 0.4629
vn -0.6407 -0.0539 0.7659
vn -0.8857 0.055 0.461
vn -0.6418 0.0547 0.7649
vn -0.6414 0.0382 0.7663
vn -0.8857 0.0338 0.463
vn -0.6419 -0.0747 0.7632
vn -0.8854 -0.0716 0.4592
vn -0.7509 -0.5327 0.3904
vn -0.5428 -0.5362 0.6464
vn -0.6255 -0.7107 0.3221
vn -0.4492 -0.7205 0.5282
vn 0.4131 -0.9013 0.1302
vn 0.3318 -0.9013 0.2784
vn 0.5016 -0.7558 0.4209
vn 0.7127 -0.3668 0.598
vn -0.8252 0.3668 0.4295
vn -0.598 0.367 0.7125
vn -0.2784 0.9014 0.3315
vn -0.598 -0.3668 0.7127
vn -0.8239 0.3704 0.4289
vn -0.5971 0.3703 0.7116
vn -0.4209 -0.7558 0.5016
vn -0.8202 -0.3828 0.4251
vn -0.5959 -0.3786 0.7082
vn -0.6428 0.0 0.766
vn -0.887 0.0 0.4617
vn -0.8732 -0.1745 0.4551
vn -0.6324 -0.1761 0.7543
vn -0.6423 0.0348 0.7656
vn -0.8864 0.0349 0.4615
vn -0.8856 -0.0552 0.4611
vn -0.6418 -0.0553 0.7649
vn 0.6858 0.6954 0.2147
vn 0.5527 0.6934 0.4623
vn 0.3317 0.9014 0.2783
vn 0.4047 -0.4817 0.7773
vn 0.6713 -0.4816 0.5633
vn 0.633 -0.5631 0.5312
vn 0.3816 -0.5631 0.733
vn 0.4104 0.4582 0.7884
vn 0.6809 0.4582 0.5714
vn 0.6596 0.5084 0.5535
vn 0.3976 0.5084 0.7638
vn 0.387 0.5456 0.7433
vn 0.642 0.5456 0.5387
vn 0.7661 -0.0 0.6428
vn 0.4617 -0.0 0.887
vn 0.4075 0.4702 0.7828
vn 0.6761 0.4702 0.5673
vn 0.7541 0.1755 0.6329
vn 0.4546 0.1755 0.8732
vn 0.4345 0.3386 0.8346
vn 0.7208 0.3386 0.6049
vn 0.6176 0.5916 0.5183
vn 0.3723 0.5916 0.7151
vn 0.7444 0.2446 0.6213
vn 0.4494 0.2411 0.8602
vn 0.7639 -0.0539 0.643
vn 0.4603 -0.0568 0.8859
vn 0.4611 0.0545 0.8857
vn 0.7649 0.0547 0.6418
vn 0.7647 0.0382 0.6433
vn 0.4607 0.0411 0.8866
vn 0.4609 -0.0767 0.8841
vn 0.7646 -0.0747 0.6401
vn 0.6468 -0.5362 0.5424
vn 0.3892 -0.5384 0.7474
vn 0.3203 -0.723 0.6121
vn 0.5307 -0.7216 0.4446
vn -0.1303 -0.9014 0.413
vn -0.2784 -0.9013 0.3319
vn 0.4295 0.3669 0.8252
vn 0.7126 0.367 0.5979
vn 0.4289 0.3704 0.8239
vn 0.7116 0.3703 0.5971
vn 0.4285 -0.3758 0.8217
vn 0.7098 -0.3786 0.594
vn 0.766 0.0 0.6428
vn 0.4618 0.0001 0.887
vn 0.4542 -0.1772 0.8731
vn 0.7538 -0.1761 0.633
vn 0.7655 0.0348 0.6424
vn 0.4614 0.0347 0.8865
vn 0.4611 -0.0551 0.8857
vn 0.7649 -0.0552 0.6418
vn -0.2176 0.6921 0.6883
vn -0.464 0.6934 0.5513
vn -0.4047 -0.4817 -0.7773
vn -0.6713 -0.4817 -0.5633
vn -0.633 -0.5631 -0.5312
vn -0.3816 -0.563 -0.7331
vn -0.4104 0.4582 -0.7884
vn -0.6809 0.4582 -0.5713
vn -0.6597 0.5084 -0.5535
vn -0.3976 0.5084 -0.7638
vn -0.387 0.5456 -0.7434
vn -0.642 0.5456 -0.5387
vn -0.766 -0.0 -0.6428
vn -0.4617 -0.0 -0.887
vn -0.4075 0.4702 -0.7828
vn -0.6761 0.4702 -0.5673
vn -0.7541 0.1754 -0.6329
vn -0.4546 0.1755 -0.8732
vn -0.4345 0.3386 -0.8346
vn -0.7208 0.3385 -0.6049
vn -0.6176 0.5916 -0.5182
vn -0.3723 0.5916 -0.7151
vn -0.7364 0.2675 -0.6214
vn -0.4431 0.2711 -0.8545
vn -0.4623 -0.0306 -0.8862
vn -0.7666 -0.0339 -0.6412
vn -0.461 0.0561 -0.8856
vn -0.7648 0.0559 -0.6418
vn -0.7667 0.0192 -0.6417
vn -0.4623 0.0162 -0.8866
vn -0.4604 -0.0588 -0.8858
vn -0.7638 -0.061 -0.6425
vn -0.3948 -0.518 -0.7588
vn -0.6539 -0.5205 -0.5491
vn -0.3177 -0.7223 -0.6143
vn -0.5234 -0.7282 -0.4424
vn 0.1303 -0.9012 -0.4133
vn 0.2785 -0.9013 -0.3318
vn -0.4296 0.3669 -0.8251
vn -0.7126 0.3669 -0.5979
vn -0.4289 0.3704 -0.8239
vn -0.7115 0.3704 -0.5971
vn -0.4227 -0.3997 -0.8134
vn -0.7023 -0.3969 -0.591
vn -0.766 -0.0 -0.6428
vn -0.4618 0.0 -0.887
vn -0.4553 -0.168 -0.8743
vn -0.7553 -0.169 -0.6333
vn -0.7656 0.0353 -0.6423
vn -0.4615 0.0354 -0.8864
vn -0.461 -0.0553 -0.8857
vn -0.7649 -0.0551 -0.6418
vn 0.4568 0.7022 -0.5461
vn 0.3002 0.0561 -0.9522
vn 0.2017 -0.7176 -0.6666
vn -0.087 0.0562 -0.9946
vn -0.0564 -0.7095 -0.7025
vn 0.2516 -0.5506 -0.796
vn -0.0728 -0.5495 -0.8323
vn 0.0821 -0.3369 0.938
vn 0.0713 -0.5758 0.8145
vn -0.2456 -0.5748 0.7806
vn -0.2837 -0.3352 0.8984
vn 0.903 -0.3227 0.2836
vn 0.9458 -0.3138 -0.0839
vn 0.8234 -0.563 -0.0706
vn 0.7846 -0.5679 0.2487
vn -0.7919 -0.5579 -0.2483
vn -0.908 -0.3048 -0.2874
vn -0.946 -0.3138 0.0816
vn -0.8232 -0.563 0.0735
vn 0.8443 -0.3048 -0.4408
vn 0.6131 -0.2971 -0.732
vn 0.5361 -0.5535 -0.6373
vn 0.7368 -0.5579 -0.382
vn -0.7295 -0.5679 0.3812
vn -0.84 -0.3227 0.4361
vn -0.6074 -0.3302 0.7226
vn -0.5265 -0.5721 0.6289
vn 0.4354 -0.3352 0.8355
vn 0.7236 -0.3302 0.6061
vn 0.6277 -0.5721 0.528
vn 0.3774 -0.5748 0.7261
vn -0.386 -0.5506 -0.7402
vn -0.4412 -0.2919 -0.8486
vn -0.7309 -0.2971 -0.6144
vn -0.6387 -0.5535 -0.5345
vn 0.3003 0.053 -0.9524
vn -0.087 0.053 -0.9948
vn 0.087 0.0515 0.9949
vn -0.3003 0.0515 0.9525
vn 0.9949 0.0512 -0.087
vn 0.9525 0.0514 0.3003
vn -0.9949 0.0512 0.087
vn -0.9525 0.0511 -0.3003
vn 0.6419 0.051 -0.765
vn 0.8859 0.0511 -0.4611
vn -0.6419 0.0515 0.765
vn -0.8858 0.0514 0.4611
vn 0.765 0.0515 0.6419
vn 0.4611 0.0515 0.8858
vn -0.765 0.051 -0.642
vn -0.4611 0.051 -0.8859
vn 0.087 0.0527 0.9948
vn -0.3003 0.0527 0.9524
vn 0.9948 0.0528 -0.0871
vn 0.9524 0.0528 0.3002
vn -0.9948 0.0528 0.087
vn -0.9524 0.0529 -0.3003
vn 0.6419 0.0529 -0.765
vn 0.8857 0.0529 -0.4612
vn -0.6419 0.0527 0.765
vn -0.8858 0.0528 0.4611
vn 0.765 0.0527 0.6419
vn 0.4611 0.0527 0.8858
vn -0.7649 0.0529 -0.6419
vn -0.4611 0.053 -0.8858
vn 0.8644 0.4916 0.1058
vn 0.9862 0.1129 0.1208
vtan -0.0784 0.8764 -0.4752
vtan -0.0053 1.0 0.0009
vtan -0.0 1.0 0.0001
vtan 0.0784 0.886 -0.4571
vtan -0.2361 0.8776 -0.4173
vtan -0.0094 0.9999 0.0055
vtan -0.3637 0.8776 -0.3125
vtan -0.007 0.9999 0.0083
vtan -0.4555 0.8741 -0.1684
vtan -0.0017 1.0 0.0051
vtan -0.4623 0.8831 -0.0804
vtan 0.0 1.0 0.0
vtan 0.4857 0.857 0.172
vtan 0.4921 0.8664 0.0849
vtan 0.3942 0.8606 0.3225
vtan 0.2601 0.8606 0.4379
vtan 0.0883 0.8596 0.5032
vtan -0.0854 0.8695 0.4865
vtan -0.0688 0.9042 -0.4215
vtan 0.0399 0.9023 -0.4292
vtan -0.2188 0.8972 -0.3835
vtan -0.343 0.8945 -0.2867
vtan -0.4201 0.897 -0.1375
vtan -0.4347 0.9003 -0.0231
vtan 0.0183 0.9934 0.1129
vtan -0.0198 0.9936 0.1116
vtan 0.056 0.9934 0.0997
vtan 0.0868 0.9934 0.0746
vtan 0.1081 0.9933 0.0397
vtan 0.1126 0.9934 0.0199
vtan 0.2361 0.8776 0.4173
vtan 0.0094 0.9999 -0.0055
vtan 0.0054 1.0 -0.0011
vtan 0.0867 0.8717 0.4823
vtan 0.3637 0.8776 0.3125
vtan 0.007 0.9999 -0.0083
vtan 0.4501 0.8776 0.1652
vtan 0.0018 1.0 -0.0051
vtan -0.0 1.0 -0.0
vtan 0.4598 0.887 0.0425
vtan -0.3942 0.8606 -0.3225
vtan -0.4808 0.8606 -0.1682
vtan -0.2601 0.8606 -0.4379
vtan -0.0933 0.8629 -0.4968
vtan 0.0311 0.866 -0.4991
vtan 0.0 1.0 -0.0001
vtan 0.2169 0.8982 0.3823
vtan 0.0923 0.8962 0.4339
vtan 0.3357 0.8988 0.282
vtan 0.4111 0.8998 0.1463
vtan 0.4396 0.8967 0.0512
vtan 0.007 0.9935 -0.1132
vtan -0.0198 0.9934 -0.1126
vtan -0.056 0.9934 -0.0998
vtan -0.0868 0.9934 -0.0745
vtan -0.107 0.9934 -0.0404
vtan 0.4173 0.8776 -0.2361
vtan -0.0055 0.9999 -0.0094
vtan -0.0016 0.9999 -0.0103
vtan 0.4769 0.8746 -0.0867
vtan 0.3125 0.8776 -0.3636
vtan -0.0084 0.9999 -0.007
vtan 0.168 0.8755 -0.4531
vtan -0.0051 1.0 -0.0017
vtan 0.0814 0.8859 -0.4568
vtan -0.0 1.0 0.0001
vtan -0.1718 0.8581 0.4838
vtan -0.0857 0.8695 0.4864
vtan -0.3225 0.8606 0.3941
vtan -0.4379 0.8606 0.2601
vtan -0.5047 0.8573 0.1016
vtan 0.3933 0.892 -0.2226
vtan 0.4382 0.8965 -0.0657
vtan 0.2886 0.894 -0.3427
vtan 0.1413 0.9002 -0.412
vtan 0.0399 0.9023 -0.4292
vtan -0.0997 0.9934 0.0561
vtan -0.1127 0.9934 0.0199
vtan -0.0745 0.9934 0.0867
vtan -0.0396 0.9934 0.1074
vtan -0.0198 0.9936 0.1116
vtan -0.463 0.8838 -0.067
vtan -0.4682 0.8796 0.0841
vtan 0.0011 1.0 0.0054
vtan 0.0 1.0 0.0
vtan -0.4173 0.8776 0.2361
vtan 0.0055 0.9999 0.0094
vtan -0.3125 0.8776 0.3637
vtan 0.0084 0.9999 0.0069
vtan -0.1508 0.8703 0.4689
vtan 0.0051 1.0 0.0019
vtan 0.0149 0.8672 0.4978
vtan 0.0 1.0 -0.0001
vtan 0.3225 0.8606 -0.3941
vtan 0.1682 0.8606 -0.4807
vtan 0.4379 0.8606 -0.2601
vtan 0.4968 0.8627 -0.094
vtan 0.4927 0.8671 0.0739
vtan -0.4093 0.9089 0.0802
vtan -0.4347 0.9003 -0.0231
vtan -0.3719 0.9036 0.2127
vtan -0.2801 0.8992 0.3362
vtan -0.1413 0.8953 0.4225
vtan 0.0291 0.8828 0.4688
vtan 0.1129 0.9934 -0.0183
vtan 0.1126 0.9934 0.0199
vtan 0.0998 0.9934 -0.0561
vtan 0.0745 0.9934 -0.0867
vtan 0.0404 0.9934 -0.1069
vtan -0.9537 0.0 -0.3007
vtan -0.9537 0.0 -0.3007
vtan -0.9957 0.0836 0.041
vtan -0.9955 0.092 0.0242
vtan -0.9537 -0.0 -0.3007
vtan -0.9537 -0.0 -0.3007
vtan -0.9957 -0.0807 0.0453
vtan -0.9956 -0.0866 0.0357
vtan -0.9537 -0.0 -0.3007
vtan -0.9955 -0.0904 0.028
vtan -0.9537 0.0 -0.3007
vtan -0.9962 0.0 0.0872
vtan -0.9537 0.0 -0.3007
vtan -0.9537 -0.0 -0.3007
vtan -0.9957 -0.0822 0.0432
vtan -0.9961 -0.0343 0.081
vtan -0.9537 0.0 -0.3007
vtan -0.9959 -0.0632 0.0643
vtan -0.9537 0.0 -0.3007
vtan -0.9954 -0.0942 0.0177
vtan -0.9542 0.0001 -0.2992
vtan -0.996 -0.0521 0.0723
vtan -0.9962 0.0059 0.087
vtan -0.9535 0.0 -0.3015
vtan -0.9539 -0.0001 -0.3001
vtan -0.9962 0.0115 0.0865
vtan -0.9956 0.0872 0.0342
vtan -0.9537 0.0006 -0.3008
vtan -0.9539 0.0 -0.3002
vtan -0.9539 -0.0 -0.3
vtan -0.9951 -0.0985 -0.0109
vtan -0.996 0.0551 0.0704
vtan -0.887 -0.0 0.4617
vtan -0.9667 -0.0764 0.2443
vtan -0.9753 -0.0974 0.1981
vtan -0.887 0.0 0.4618
vtan -0.887 -0.0 0.4617
vtan -0.9912 -0.0677 0.1135
vtan -0.9537 0.0 -0.3007
vtan -0.9537 -0.0 -0.3007
vtan -0.9959 -0.0677 0.0603
vtan -0.9944 -0.0764 -0.0727
vtan -0.9537 0.0 -0.3007
vtan -0.9959 0.0677 0.0603
vtan -0.9537 0.0 -0.3007
vtan -0.9537 0.0 -0.3007
vtan -0.9959 -0.0682 0.0598
vtan -0.9949 0.0973 -0.0258
vtan -0.9537 0.0 -0.3007
vtan -0.9539 0.0 -0.3
vtan -0.9958 0.0728 0.0552
vtan -0.9962 0.0 0.0872
vtan -0.9535 0.0 -0.3014
vtan -0.9962 -0.003 0.0871
vtan -0.9537 0.0 -0.3007
vtan -0.9537 -0.0 -0.3007
vtan -0.9962 -0.007 0.0869
vtan -0.9962 -0.0101 0.0866
vtan -0.9536 0.0003 -0.3009
vtan -0.9961 0.0327 0.0816
vtan -0.9537 -0.0 -0.3007
vtan -0.9962 0.011 0.0865
vtan -0.887 -0.0 0.4617
vtan -0.8874 0.0 0.4611
vtan -0.9781 0.0985 0.1836
vtan -0.9667 0.0764 0.2443
vtan 0.9537 0.0 0.3007
vtan 0.9962 -0.0 -0.0871
vtan 0.9962 0.0 -0.0872
vtan 0.9537 0.0 0.3007
vtan 0.9537 -0.0 0.3007
vtan 0.9962 -0.0 -0.0871
vtan 0.9962 0.0 -0.0872
vtan 0.9537 -0.0 0.3007
vtan 0.9537 -0.0 0.3007
vtan 0.9962 -0.0 -0.0872
vtan 0.9962 0.0 -0.0872
vtan 0.9537 0.0 0.3007
vtan 0.9537 0.0 0.3007
vtan 0.9537 0.0 0.3007
vtan 0.9962 -0.0 -0.0872
vtan 0.9962 0.0 -0.0871
vtan 0.9962 0.0 -0.0871
vtan 0.9537 -0.0 0.3007
vtan 0.9962 -0.0 -0.0872
vtan 0.9537 0.0 0.3007
vtan 0.9962 -0.0 -0.0872
vtan 0.9533 -0.0001 0.3021
vtan 0.954 -0.0 0.2999
vtan 0.9962 -0.0 -0.0872
vtan 0.9537 0.0 0.3007
vtan 0.9962 0.0 -0.0872
vtan 0.9962 -0.0 -0.0872
vtan 0.9539 -0.0 0.3
vtan 0.9962 -0.0001 -0.0871
vtan 0.9535 -0.0001 0.3013
vtan 0.9962 -0.0 -0.0871
vtan 0.9538 -0.0005 0.3005
vtan 0.9562 0.0004 0.2926
vtan 0.997 0.0044 -0.0771
vtan 0.9971 0.0032 0.0767
vtan 0.9501 -0.0045 0.312
vtan 0.887 0.0 -0.4618
vtan 0.9962 -0.0 -0.0871
vtan 0.9962 0.0 -0.0872
vtan 0.887 0.0 -0.4617
vtan 0.887 0.0 -0.4617
vtan 0.9962 -0.0 -0.0872
vtan 0.9537 -0.0 0.3007
vtan 0.9962 -0.0 -0.0872
vtan 0.9962 -0.0 -0.0871
vtan 0.9537 -0.0 0.3007
vtan 0.9537 -0.0 0.3007
vtan 0.9537 -0.0 0.3007
vtan 0.9962 -0.0 -0.0872
vtan 0.9537 0.0 0.3007
vtan 0.9535 0.0 0.3014
vtan 0.9962 -0.0 -0.0872
vtan 0.9962 0.0 -0.0872
vtan 0.9537 -0.0 0.3007
vtan 0.9538 -0.0 0.3005
vtan 0.9962 0.0001 -0.0871
vtan 0.9962 0.0 -0.0872
vtan 0.9537 -0.0 0.3007
vtan 0.9537 0.0 0.3007
vtan 0.9962 -0.0 -0.0872
vtan 0.8866 -0.0 -0.4624
vtan 0.9962 0.0 -0.0871
vtan 0.887 0.0 -0.4617
vtan 0.3007 -0.0 -0.9537
vtan -0.0872 -0.0 -0.9962
vtan -0.0871 -0.0 -0.9962
vtan 0.3007 -0.0 -0.9537
vtan 0.3007 -0.0 -0.9537
vtan -0.0872 -0.0 -0.9962
vtan -0.0871 0.0 -0.9962
vtan 0.3007 -0.0 -0.9537
vtan 0.3007 0.0 -0.9537
vtan -0.0871 0.0 -0.9962
vtan -0.0871 -0.0 -0.9962
vtan 0.3007 -0.0 -0.9537
vtan 0.3007 -0.0 -0.9537
vtan 0.3007 0.0 -0.9537
vtan -0.0872 -0.0 -0.9962
vtan -0.0872 -0.0 -0.9962
vtan -0.0872 -0.0 -0.9962
vtan 0.3007 -0.0 -0.9537
vtan -0.0872 0.0 -0.9962
vtan 0.3007 -0.0 -0.9537
vtan -0.0911 0.0004 -0.9958
vtan 0.2972 0.0003 -0.9548
vtan -0.085 0.0 -0.9964
vtan 0.3026 0.0 -0.9531
vtan 0.3007 0.0 -0.9537
vtan -0.0872 0.0 -0.9962
vtan -0.0853 0.0 -0.9964
vtan 0.3023 0.0 -0.9532
vtan -0.0888 0.0 -0.996
vtan 0.2992 0.0 -0.9542
vtan -0.0871 0.0008 -0.9962
vtan 0.3002 -0.0001 -0.9539
vtan 0.1183 -0.002 -0.993
vtan 0.3436 0.0057 -0.9391
vtan 0.2994 -0.0005 -0.9541
vtan -0.0731 0.0005 -0.9973
vtan 0.4618 0.0 0.887
vtan 0.0872 0.0 0.9962
vtan 0.0872 -0.0 0.9962
vtan 0.4617 -0.0 0.887
vtan 0.4618 0.0 0.887
vtan 0.0872 0.0 0.9962
vtan 0.3008 0.0 -0.9537
vtan -0.0871 -0.0 -0.9962
vtan -0.0872 -0.0 -0.9962
vtan 0.3007 0.0 -0.9537
vtan 0.3007 0.0 -0.9537
vtan -0.0872 0.0 -0.9962
vtan 0.3007 0.0 -0.9537
vtan -0.0872 -0.0 -0.9962
vtan -0.0871 -0.0 -0.9962
vtan 0.3007 -0.0 -0.9537
vtan 0.299 -0.0 -0.9543
vtan -0.0891 -0.0 -0.996
vtan -0.0872 -0.0 -0.9962
vtan 0.3007 -0.0 -0.9537
vtan 0.3012 -0.0002 -0.9536
vtan -0.0866 0.0002 -0.9962
vtan -0.0871 0.0 -0.9962
vtan 0.3008 0.0 -0.9537
vtan 0.3007 0.0 -0.9537
vtan -0.0872 0.0 -0.9962
vtan 0.4601 0.0001 0.8879
vtan 0.0851 0.0001 0.9964
vtan 0.0871 0.0 0.9962
vtan 0.4617 0.0 0.887
vtan -0.3007 -0.0 0.9537
vtan 0.0872 -0.0 0.9962
vtan 0.0871 -0.0 0.9962
vtan -0.3007 0.0 0.9537
vtan -0.3007 -0.0 0.9537
vtan 0.0871 -0.0 0.9962
vtan 0.0872 -0.0 0.9962
vtan -0.3007 -0.0 0.9537
vtan -0.3007 0.0 0.9537
vtan 0.0871 0.0 0.9962
vtan 0.0871 -0.0 0.9962
vtan -0.3007 0.0 0.9537
vtan -0.3007 -0.0 0.9537
vtan -0.3007 -0.0 0.9537
vtan 0.0872 -0.0 0.9962
vtan 0.0872 -0.0 0.9962
vtan 0.0872 -0.0 0.9962
vtan -0.3007 -0.0 0.9537
vtan 0.0872 -0.0 0.9962
vtan -0.3007 -0.0 0.9537
vtan 0.0832 -0.0004 0.9965
vtan -0.3042 -0.0003 0.9526
vtan -0.2987 -0.0 0.9543
vtan 0.0893 -0.0 0.996
vtan -0.3007 -0.0 0.9537
vtan 0.0871 -0.0 0.9962
vtan 0.089 -0.0 0.996
vtan -0.2991 -0.0 0.9542
vtan 0.0855 -0.0 0.9963
vtan -0.3022 -0.0001 0.9533
vtan -0.3006 -0.0009 0.9537
vtan 0.0872 -0.0008 0.9962
vtan -0.2922 -0.001 0.9564
vtan 0.0927 0.0038 0.9957
vtan -0.0422 0.0094 0.9991
vtan -0.3137 0.0035 0.9495
vtan -0.4618 0.0001 -0.887
vtan -0.0872 0.0001 -0.9962
vtan -0.4618 0.0 -0.887
vtan -0.4618 0.0 -0.887
vtan -0.3007 0.0 0.9537
vtan 0.0871 0.0 0.9962
vtan -0.3007 0.0 0.9537
vtan -0.3007 0.0 0.9537
vtan -0.3007 0.0 0.9537
vtan 0.0872 -0.0 0.9962
vtan -0.3007 -0.0 0.9537
vtan -0.3024 0.0 0.9532
vtan 0.0852 0.0 0.9964
vtan 0.0872 -0.0 0.9962
vtan -0.3007 0.0 0.9537
vtan -0.3002 -0.0002 0.9539
vtan 0.0877 -0.0002 0.9961
vtan 0.0872 -0.0 0.9962
vtan -0.3006 -0.0 0.9537
vtan -0.3007 0.0 0.9537
vtan 0.0872 0.0 0.9962
vtan -0.4634 -0.0001 -0.8861
vtan -0.0892 -0.0001 -0.996
vtan -0.4618 -0.0 -0.887
vtan -0.4618 -0.0 -0.887
vtan -0.766 -0.0 -0.6428
vtan -0.766 -0.0 -0.6428
vtan -0.4618 0.0 -0.887
vtan -0.4617 0.0 -0.887
vtan -0.766 -0.0 -0.6428
vtan -0.7661 -0.0 -0.6428
vtan -0.4617 0.0 -0.887
vtan -0.4617 0.0 -0.887
vtan -0.7661 -0.0 -0.6428
vtan -0.766 -0.0 -0.6428
vtan -0.4618 0.0 -0.887
vtan -0.4618 -0.0 -0.887
vtan -0.766 -0.0 -0.6428
vtan -0.766 0.0 -0.6428
vtan -0.4618 -0.0 -0.887
vtan -0.7661 -0.0 -0.6428
vtan -0.4617 -0.0 -0.887
vtan -0.7661 -0.0 -0.6428
vtan -0.4617 0.0 -0.887
vtan -0.7679 0.0003 -0.6406
vtan -0.465 0.0003 -0.8853
vtan -0.765 0.0 -0.644
vtan -0.4599 0.0 -0.888
vtan -0.4618 0.0 -0.887
vtan -0.7661 0.0 -0.6428
vtan -0.7652 0.0 -0.6438
vtan -0.4603 0.0 -0.8878
vtan -0.7668 0.0002 -0.6419
vtan -0.4631 0.0001 -0.8863
vtan -0.7658 0.0012 -0.6431
vtan -0.4617 0.0009 -0.8871
vtan -0.4996 -0.0036 -0.8662
vtan -0.4645 0.0006 -0.8856
vtan -0.7681 0.0002 -0.6403
vtan -0.7641 0.002 -0.6451
vtan -0.3007 0.0001 0.9537
vtan -0.6428 -0.0 0.766
vtan -0.6428 -0.0 0.766
vtan -0.6428 -0.0 0.766
vtan -0.4618 -0.0 -0.887
vtan -0.766 -0.0 -0.6428
vtan -0.766 -0.0 -0.6428
vtan -0.766 -0.0 -0.6428
vtan -0.4617 0.0 -0.887
vtan -0.7661 -0.0 -0.6428
vtan -0.766 -0.0 -0.6428
vtan -0.4633 -0.0 -0.8862
vtan -0.7669 0.0 -0.6417
vtan -0.766 0.0 -0.6428
vtan -0.4617 0.0 -0.887
vtan -0.4613 0.0002 -0.8873
vtan -0.7658 0.0002 -0.6431
vtan -0.766 0.0 -0.6428
vtan -0.4617 0.0 -0.887
vtan -0.4617 -0.0 -0.887
vtan -0.7661 0.0 -0.6428
vtan -0.3025 0.0001 0.9531
vtan -0.6439 0.0001 0.7651
vtan -0.6428 -0.0 0.766
vtan 0.4618 0.0 0.887
vtan 0.766 -0.0 0.6428
vtan 0.766 -0.0 0.6428
vtan 0.4618 0.0 0.887
vtan 0.4617 -0.0 0.887
vtan 0.766 0.0 0.6428
vtan 0.766 0.0 0.6428
vtan 0.4618 -0.0 0.887
vtan 0.4618 -0.0 0.887
vtan 0.766 0.0 0.6428
vtan 0.7661 0.0 0.6428
vtan 0.4618 0.0 0.887
vtan 0.4617 0.0 0.887
vtan 0.766 -0.0 0.6428
vtan 0.766 0.0 0.6428
vtan 0.4618 -0.0 0.887
vtan 0.766 -0.0 0.6428
vtan 0.4618 -0.0 0.887
vtan 0.766 -0.0 0.6428
vtan 0.4617 -0.0 0.887
vtan 0.7643 -0.0003 0.6449
vtan 0.4585 -0.0003 0.8887
vtan 0.4635 -0.0 0.8861
vtan 0.767 -0.0 0.6416
vtan 0.4617 -0.0 0.887
vtan 0.766 -0.0 0.6428
vtan 0.7669 -0.0 0.6418
vtan 0.4632 -0.0 0.8862
vtan 0.7653 0.0004 0.6437
vtan 0.4604 -0.0 0.8877
vtan 0.4613 0.0001 0.8873
vtan 0.7659 -0.0002 0.6429
vtan 0.5059 -0.0078 0.8625
vtan 0.4578 0.0 0.8891
vtan 0.7632 -0.0022 0.6461
vtan 0.7706 -0.0065 0.6373
vtan 0.3007 0.0001 -0.9537
vtan 0.6428 0.0 -0.766
vtan 0.6428 -0.0 -0.766
vtan 0.6428 -0.0 -0.766
vtan 0.4617 0.0 0.887
vtan 0.766 0.0 0.6428
vtan 0.766 0.0001 0.6428
vtan 0.7661 0.0 0.6428
vtan 0.4617 0.0 0.887
vtan 0.7661 -0.0 0.6428
vtan 0.766 0.0 0.6428
vtan 0.4601 -0.0 0.8878
vtan 0.7652 -0.0 0.6438
vtan 0.766 0.0 0.6428
vtan 0.4617 0.0 0.887
vtan 0.4622 0.0002 0.8868
vtan 0.7663 -0.0003 0.6424
vtan 0.7661 -0.0 0.6427
vtan 0.4618 -0.0 0.887
vtan 0.4618 0.0 0.887
vtan 0.766 -0.0 0.6428
vtan 0.2989 -0.0001 -0.9543
vtan 0.6417 -0.0001 -0.767
vtan 0.6428 -0.0001 -0.7661
vtan 0.887 -0.0 -0.4618
vtan 0.6428 -0.0 -0.766
vtan 0.6428 0.0 -0.766
vtan 0.887 -0.0 -0.4617
vtan 0.887 -0.0 -0.4617
vtan 0.6428 0.0 -0.766
vtan 0.6428 0.0 -0.766
vtan 0.887 -0.0 -0.4618
vtan 0.887 0.0 -0.4617
vtan 0.6428 0.0 -0.766
vtan 0.6428 0.0 -0.7661
vtan 0.887 -0.0 -0.4617
vtan 0.887 -0.0 -0.4618
vtan 0.6428 0.0 -0.766
vtan 0.6428 0.0 -0.766
vtan 0.887 -0.0 -0.4618
vtan 0.887 -0.0 -0.4617
vtan 0.6428 0.0 -0.766
vtan 0.6428 0.0 -0.766
vtan 0.887 0.0 -0.4617
vtan 0.6407 0.0003 -0.7678
vtan 0.8863 0.0001 -0.463
vtan 0.644 0.0 -0.7651
vtan 0.8874 0.0 -0.4611
vtan 0.887 0.0 -0.4618
vtan 0.6428 0.0 -0.7661
vtan 0.6438 0.0 -0.7652
vtan 0.8873 0.0 -0.4611
vtan 0.8867 0.0002 -0.4623
vtan 0.6419 -0.0004 -0.7668
vtan 0.6426 0.0002 -0.7662
vtan 0.8871 0.0005 -0.4616
vtan 0.8655 -0.0044 -0.501
vtan 0.8862 0.0005 -0.4632
vtan 0.6423 0.0001 -0.7665
vtan 0.6433 0.0005 -0.7656
vtan 0.9537 -0.0 0.3007
vtan 0.766 0.0 0.6428
vtan 0.887 0.0 -0.4617
vtan 0.6427 -0.0 -0.7661
vtan 0.887 -0.0 -0.4618
vtan 0.6428 0.0 -0.766
vtan 0.8867 -0.0 -0.4624
vtan 0.6417 -0.0 -0.7669
vtan 0.6428 0.0 -0.766
vtan 0.887 -0.0 -0.4618
vtan 0.8871 -0.0001 -0.4615
vtan 0.6431 0.0003 -0.7657
vtan 0.6428 0.0 -0.766
vtan 0.887 0.0 -0.4617
vtan 0.887 0.0 -0.4618
vtan 0.6428 0.0 -0.7661
vtan 0.9535 0.0 0.3014
vtan 0.7651 0.0001 0.6439
vtan -0.887 -0.0 0.4618
vtan -0.6428 -0.0 0.766
vtan -0.6428 -0.0 0.766
vtan -0.887 0.0 0.4617
vtan -0.887 -0.0 0.4618
vtan -0.6428 -0.0 0.7661
vtan -0.6428 -0.0 0.766
vtan -0.887 -0.0 0.4618
vtan -0.887 0.0 0.4617
vtan -0.6428 -0.0 0.7661
vtan -0.6428 0.0 0.766
vtan -0.887 -0.0 0.4617
vtan -0.887 -0.0 0.4618
vtan -0.6428 0.0 0.766
vtan -0.6428 0.0 0.766
vtan -0.887 -0.0 0.4618
vtan -0.887 -0.0 0.4618
vtan -0.6428 0.0 0.766
vtan -0.6428 -0.0 0.7661
vtan -0.887 -0.0 0.4617
vtan -0.645 -0.0003 0.7642
vtan -0.8877 -0.0001 0.4604
vtan -0.8866 -0.0 0.4625
vtan -0.6416 -0.0 0.7671
vtan -0.887 0.0 0.4617
vtan -0.6428 0.0 0.766
vtan -0.6418 -0.0 0.7669
vtan -0.8867 -0.0 0.4624
vtan -0.8873 0.0 0.4612
vtan -0.6437 -0.0002 0.7653
vtan -0.887 -0.0006 0.4618
vtan -0.6425 -0.0012 0.7663
vtan -0.8634 -0.0071 0.5045
vtan -0.8883 0.0001 0.4593
vtan -0.6454 -0.0002 0.7639
vtan -0.6404 -0.0021 0.7681
vtan -0.9537 0.0 -0.3007
vtan -0.766 -0.0 -0.6428
vtan -0.887 -0.0 0.4618
vtan -0.6428 -0.0 0.7661
vtan -0.887 -0.0 0.4618
vtan -0.6428 0.0 0.766
vtan -0.8873 -0.0 0.4611
vtan -0.6438 0.0 0.7652
vtan -0.6428 -0.0 0.766
vtan -0.887 -0.0 0.4618
vtan -0.8869 -0.0002 0.4619
vtan -0.6425 -0.0002 0.7663
vtan -0.6427 -0.0 0.7661
vtan -0.887 -0.0 0.4618
vtan -0.887 -0.0 0.4617
vtan -0.6428 -0.0 0.766
vtan -0.767 -0.0001 -0.6417
vtan -0.9537 0.0 -0.3007
vtan -0.9439 0.0073 -0.33
vtan -0.9572 -0.0003 -0.2893
vtan -0.148 -0.0058 -0.989
vtan 0.2049 -0.0026 0.9788
vtan 0.9863 0.002 -0.1652
vtan -0.9876 -0.0836 0.1325
vtan -0.9845 -0.092 0.1491
vtan -0.9885 0.0807 0.1282
vtan -0.9867 0.0866 0.1377
vtan -0.9852 0.0904 0.1453
vtan -0.9962 -0.0 0.0872
vtan -0.9881 0.0822 0.1304
vtan -0.9951 0.0343 0.0932
vtan -0.992 0.0632 0.1096
vtan -0.9833 0.0942 0.1554
vtan -0.9935 0.0521 0.1017
vtan -0.9962 -0.0059 0.0873
vtan -0.9961 0.0112 0.0878
vtan -0.9962 0.003 0.0872
vtan -0.9961 -0.0114 0.0878
vtan -0.9864 -0.0872 0.1392
vtan -0.9797 -0.0542 0.1932
vtan -0.9781 -0.1021 0.1816
vtan -0.9944 0.0765 -0.0727
vtan -0.9912 0.0677 0.1135
vtan -0.9911 0.0682 0.114
vtan -0.9962 -0.0 0.0872
vtan -0.9903 -0.0728 0.1186
vtan -0.9952 -0.0328 0.0927
vtan -0.9961 0.007 0.0874
vtan -0.9961 -0.011 0.0877
vtan -0.9535 0.0 -0.3014
vtan -0.9955 0.0908 0.0272
vtan -0.9967 0.0817 -0.0025
vtan 0.9962 -0.0 -0.0872
vtan 0.9962 -0.0 -0.0872
vtan 0.9539 -0.0 0.3001
vtan 0.9536 -0.0 0.3011
vtan 0.2996 0.0 -0.9541
vtan -0.0884 0.0 -0.9961
vtan -0.0854 0.0001 -0.9963
vtan 0.3023 0.0001 -0.9532
vtan -0.2991 -0.0001 0.9542
vtan -0.3018 -0.0 0.9534
vtan 0.0859 -0.0 0.9963
vtan 0.0889 -0.0001 0.996
vtan -0.4628 0.0 -0.8865
vtan -0.7666 0.0 -0.6421
vtan -0.7652 0.0001 -0.6438
vtan -0.4603 0.0001 -0.8878
vtan 0.4632 -0.0001 0.8863
vtan 0.4608 -0.0 0.8875
vtan 0.7655 -0.0 0.6434
vtan 0.7668 -0.0001 0.6418
vtan 0.8868 0.0 -0.4621
vtan 0.6421 0.0 -0.7666
vtan 0.6437 0.0001 -0.7652
vtan 0.8873 0.0 -0.4611
vtan -0.8867 -0.0 0.4624
vtan -0.8872 -0.0 0.4613
vtan -0.6435 -0.0 0.7655
vtan -0.6418 -0.0001 0.7669
vtan -0.9851 -0.0908 0.1461
vtan -0.9931 -0.0551 0.1036
vtan -0.9965 0.0033 -0.0838
vtan -0.9537 -0.0 -0.3007
vtan -0.9962 -0.0105 0.0866
vtan 0.9962 0.0 -0.0872
vtan 0.9537 -0.0 0.3007
vtan -0.0872 -0.0 -0.9962
vtan 0.3007 0.0 -0.9537
vtan 0.0871 0.0 0.9962
vtan -0.3007 0.0 0.9537
vtan -0.766 -0.0 -0.6428
vtan -0.4617 -0.0 -0.887
vtan 0.766 -0.0 0.6428
vtan 0.4617 0.0 0.887
vtan 0.6428 0.0 -0.766
vtan 0.887 0.0 -0.4617
vtan -0.6428 0.0 0.766
vtan -0.887 0.0 0.4617
vtan -0.9961 0.0101 0.0877
vtan 0.9962 0.0 -0.0872
vtan 0.9537 0.0 0.3007
vtan -0.0872 -0.0 -0.9962
vtan 0.3007 -0.0 -0.9537
vtan 0.0871 0.0 0.9962
vtan -0.3008 0.0 0.9537
vtan -0.7661 -0.0 -0.6428
vtan -0.4618 -0.0 -0.887
vtan 0.766 0.0 0.6428
vtan 0.4617 0.0 0.887
vtan 0.6428 -0.0 -0.7661
vtan 0.887 -0.0 -0.4618
vtan -0.6428 0.0 0.766
vtan -0.887 0.0 0.4617
vtan -0.9961 0.0105 0.0877
vtan -0.9962 -0.0112 0.0865
vtan -0.49 0.8707 -0.0424
vtan -0.1122 0.9936 -0.0124
vtan 0.0431 0.8659 -0.4984
vtan 0.0125 0.9935 -0.1129
vtan 0.0083 0.8674 0.4975
vtan 0.088 0.8779 0.4706
vtan -0.9883 0.0766 0.132
vtan -0.0342 -0.3441 0.9383
vtan -0.0556 -0.3345 0.9407
vtan -0.242 -0.2419 0.9396
vtan -0.1022 0.0865 -0.991
vtan 0.1106 -0.0214 -0.9936
vtan 0.1095 -0.0198 -0.9938
vtan 0.4785 0.8748 -0.0764
vtan -0.0001 1.0 0.0
vtan -0.0 1.0 -0.0
vtan 0.4616 0.8867 0.0259
vtan -0.5085 0.8577 0.0768
vtan -0.49 0.8707 -0.0427
vtan -0.1129 0.9936 -0.0072
vtan -0.1127 0.9934 0.0199
f 0/0/0/0 1/1/1/1 2/2/2/2 
f 0/0/0/0 2/2/2/2 3/3/3/3 
f 1/1/1/1 0/0/0/0 4/4/4/4 
f 1/1/1/1 4/4/4/4 5/5/5/5 
f 6/6/6/6 7/7/7/7 5/5/5/5 
f 6/6/6/6 5/5/5/5 4/4/4/4 
f 8/8/8/8 9/9/9/9 7/7/7/7 
f 8/8/8/8 7/7/7/7 6/6/6/6 
f 8/8/8/8 10/10/10/10 11/11/11/11 
f 8/8/8/8 11/11/11/11 9/9/9/9 
f 12/12/12/12 9/9/9/9 11/11/11/11 
f 12/12/12/12 11/11/11/11 13/13/13/13 
f 14/14/14/14 7/7/7/7 9/9/9/9 
f 14/14/14/14 9/9/9/9 12/12/12/12 
f 15/15/15/15 5/5/5/5 7/7/7/7 
f 15/15/15/15 7/7/7/7 14/14/14/14 
f 16/16/16/16 1/1/1/1 5/5/5/5 
f 16/16/16/16 5/5/5/5 15/15/15/15 
f 16/16/16/16 17/17/17/17 2/2/2/2 
f 16/16/16/16 2/2/2/2 1/1/1/1 
f 18/18/18/18 0/0/0/0 3/3/3/3 
f 18/18/18/18 3/3/3/3 19/19/19/19 
f 0/0/0/0 18/18/18/18 20/20/20/20 
f 0/0/0/0 20/20/20/20 4/4/4/4 
f 21/21/21/21 6/6/6/6 4/4/4/4 
f 21/21/21/21 4/4/4/4 20/20/20/20 
f 21/21/21/21 22/22/22/22 8/8/8/8 
f 21/21/21/21 8/8/8/8 6/6/6/6 
f 22/22/22/22 23/23/23/23 10/10/10/10 
f 22/22/22/22 10/10/10/10 8/8/8/8 
f 24/24/24/24 25/25/25/25 17/17/17/17 
f 24/24/24/24 17/17/17/17 16/16/16/16 
f 26/26/26/26 24/24/24/24 16/16/16/16 
f 26/26/26/26 16/16/16/16 15/15/15/15 
f 27/27/27/27 26/26/26/26 15/15/15/15 
f 27/27/27/27 15/15/15/15 14/14/14/14 
f 28/28/28/28 27/27/27/27 14/14/14/14 
f 28/28/28/28 14/14/14/14 12/12/12/12 
f 28/28/28/28 12/12/12/12 13/13/13/13 
f 28/28/28/28 13/13/13/13 29/29/29/29 
f 30/4/30/30 31/5/31/31 32/1/32/32 
f 30/4/30/30 32/1/32/32 33/0/33/33 
f 34/6/34/34 35/7/35/35 31/5/31/31 
f 34/6/34/34 31/5/31/31 30/4/30/30 
f 36/8/36/36 37/9/37/37 35/7/35/35 
f 36/8/36/36 35/7/35/35 34/6/34/34 
f 38/30/38/38 37/9/37/37 36/8/36/36 
f 38/30/38/38 36/8/36/36 39/31/39/39 
f 40/14/40/40 35/7/35/35 37/9/37/37 
f 40/14/40/40 37/9/37/37 41/12/41/41 
f 42/15/42/42 31/5/31/31 35/7/35/35 
f 42/15/42/42 35/7/35/35 40/14/40/40 
f 43/16/43/43 32/1/32/32 31/5/31/31 
f 43/16/43/43 31/5/31/31 42/15/42/42 
f 44/32/44/44 45/33/45/45 32/1/32/32 
f 44/32/44/44 32/1/32/32 43/16/43/43 
f 46/20/46/46 30/4/30/30 33/0/33/33 
f 46/20/46/46 33/0/33/33 47/18/47/47 
f 48/21/48/48 34/6/34/34 30/4/30/30 
f 48/21/48/48 30/4/30/30 46/20/46/46 
f 48/21/48/48 49/22/49/49 36/8/36/36 
f 48/21/48/48 36/8/36/36 34/6/34/34 
f 49/22/49/49 50/34/50/50 39/31/39/39 
f 49/22/49/49 39/31/39/39 36/8/36/36 
f 51/35/51/51 44/32/44/44 43/16/43/43 
f 51/35/51/51 43/16/43/43 52/24/52/52 
f 53/26/53/53 52/24/52/52 43/16/43/43 
f 53/26/53/53 43/16/43/43 42/15/42/42 
f 54/27/54/54 53/26/53/53 42/15/42/42 
f 54/27/54/54 42/15/42/42 40/14/40/40 
f 55/28/55/55 54/27/54/54 40/14/40/40 
f 55/28/55/55 40/14/40/40 41/12/41/41 
f 56/4/56/56 57/5/57/57 58/1/58/58 
f 56/4/56/56 58/1/58/58 59/0/59/59 
f 60/6/60/60 61/7/61/61 57/5/57/57 
f 60/6/60/60 57/5/57/57 56/4/56/56 
f 62/8/62/62 63/9/63/63 61/7/61/61 
f 62/8/62/62 61/7/61/61 60/6/60/60 
f 62/8/62/62 3/10/3/64 2/11/2/65 
f 62/8/62/62 2/11/2/65 63/9/63/63 
f 64/12/64/66 63/9/63/63 2/11/2/65 
f 64/12/64/66 2/11/2/65 17/13/17/67 
f 65/14/65/68 61/7/61/61 63/9/63/63 
f 65/14/65/68 63/9/63/63 64/12/64/66 
f 66/15/66/69 57/5/57/57 61/7/61/61 
f 66/15/66/69 61/7/61/61 65/14/65/68 
f 67/16/67/70 58/1/58/58 57/5/57/57 
f 67/16/67/70 57/5/57/57 66/15/66/69 
f 68/20/68/71 56/4/56/56 59/0/59/59 
f 68/20/68/71 59/0/59/59 69/18/69/72 
f 70/21/70/73 60/6/60/60 56/4/56/56 
f 70/21/70/73 56/4/56/56 68/20/68/71 
f 70/21/70/73 71/22/71/74 62/8/62/62 
f 70/21/70/73 62/8/62/62 60/6/60/60 
f 71/22/71/74 19/23/19/75 3/10/3/64 
f 71/22/71/74 3/10/3/64 62/8/62/62 
f 72/26/72/76 73/24/73/77 67/16/67/70 
f 72/26/72/76 67/16/67/70 66/15/66/69 
f 74/27/74/78 72/26/72/76 66/15/66/69 
f 74/27/74/78 66/15/66/69 65/14/65/68 
f 75/28/75/79 74/27/74/78 65/14/65/68 
f 75/28/75/79 65/14/65/68 64/12/64/66 
f 75/28/75/79 64/12/64/66 17/13/17/67 
f 75/28/75/79 17/13/17/67 25/29/25/80 
f 10/3/10/81 76/0/76/82 77/1/77/83 
f 10/3/10/81 77/1/77/83 11/2/11/84 
f 78/4/78/85 79/5/79/86 77/1/77/83 
f 78/4/78/85 77/1/77/83 76/0/76/82 
f 80/6/80/87 81/7/81/88 79/5/79/86 
f 80/6/80/87 79/5/79/86 78/4/78/85 
f 82/8/82/89 83/9/83/90 81/7/81/88 
f 82/8/82/89 81/7/81/88 80/6/80/87 
f 82/8/82/89 84/31/84/91 45/30/45/92 
f 82/8/82/89 45/30/45/92 83/9/83/90 
f 85/14/85/93 81/7/81/88 83/9/83/90 
f 85/14/85/93 83/9/83/90 86/12/86/94 
f 87/15/87/95 79/5/79/86 81/7/81/88 
f 87/15/87/95 81/7/81/88 85/14/85/93 
f 88/16/88/96 77/1/77/83 79/5/79/86 
f 88/16/88/96 79/5/79/86 87/15/87/95 
f 13/17/13/97 11/2/11/84 77/1/77/83 
f 13/17/13/97 77/1/77/83 88/16/88/96 
f 89/18/89/98 76/0/76/82 10/3/10/81 
f 89/18/89/98 10/3/10/81 23/19/23/99 
f 90/20/90/100 78/4/78/85 76/0/76/82 
f 90/20/90/100 76/0/76/82 89/18/89/98 
f 91/21/91/101 80/6/80/87 78/4/78/85 
f 91/21/91/101 78/4/78/85 90/20/90/100 
f 91/21/91/101 92/22/92/102 82/8/82/89 
f 91/21/91/101 82/8/82/89 80/6/80/87 
f 93/34/93/103 84/31/84/91 82/8/82/89 
f 93/34/93/103 82/8/82/89 92/22/92/102 
f 94/24/94/104 29/25/29/105 13/17/13/97 
f 94/24/94/104 13/17/13/97 88/16/88/96 
f 95/26/95/106 94/24/94/104 88/16/88/96 
f 95/26/95/106 88/16/88/96 87/15/87/95 
f 96/27/96/107 95/26/95/106 87/15/87/95 
f 96/27/96/107 87/15/87/95 85/14/85/93 
f 97/28/97/108 96/27/96/107 85/14/85/93 
f 97/28/97/108 85/14/85/93 86/12/86/94 
f 98/36/98/109 99/37/99/110 100/38/100/111 
f 98/36/98/109 100/38/100/111 101/39/101/112 
f 102/40/102/113 103/41/103/114 104/42/104/115 
f 102/40/102/113 104/42/104/115 105/43/105/116 
f 103/41/103/114 106/44/106/117 107/45/107/118 
f 103/41/103/114 107/45/107/118 104/42/104/115 
f 108/46/108/119 98/36/98/109 101/39/101/112 
f 108/46/108/119 101/39/101/112 109/47/109/120 
f 106/44/106/117 108/46/108/119 109/47/109/120 
f 106/44/106/117 109/47/109/120 107/45/107/118 
f 110/48/110/121 111/49/111/122 112/50/112/123 
f 110/48/110/121 112/50/112/123 113/51/113/124 
f 114/52/114/125 110/48/110/121 113/51/113/124 
f 114/52/114/125 113/51/113/124 115/53/115/126 
f 116/54/116/127 114/52/114/125 115/53/115/126 
f 116/54/116/127 115/53/115/126 117/55/117/128 
f 111/49/111/122 102/40/102/113 105/43/105/116 
f 111/49/111/122 105/43/105/116 112/50/112/123 
f 118/56/118/129 116/54/116/127 117/55/117/128 
f 118/56/118/129 117/55/117/128 119/57/119/130 
f 120/58/120/131 121/59/121/132 118/56/118/129 
f 120/58/120/131 118/56/118/129 119/57/119/130 
f 122/60/122/133 121/59/121/132 120/58/120/131 
f 122/60/122/133 120/58/120/131 123/61/123/134 
f 122/60/122/133 123/61/123/134 124/62/124/135 
f 122/60/122/133 124/62/124/135 125/63/125/136 
f 126/64/126/137 127/65/127/138 128/66/128/139 
f 126/64/126/137 128/66/128/139 129/67/129/140 
f 130/68/130/141 131/69/131/142 132/70/132/143 
f 130/68/130/141 132/70/132/143 133/71/133/144 
f 130/68/130/141 134/72/134/145 135/73/135/146 
f 130/68/130/141 135/73/135/146 131/69/131/142 
f 136/74/136/147 137/75/137/148 138/76/138/149 
f 136/74/136/147 138/76/138/149 139/77/139/150 
f 140/78/140/151 135/79/135/152 138/76/138/149 
f 140/78/140/151 138/76/138/149 137/75/137/148 
f 141/80/141/153 142/81/142/154 143/82/143/155 
f 141/80/141/153 143/82/143/155 132/83/132/156 
f 144/84/144/157 145/85/145/158 146/86/146/159 
f 144/84/144/157 146/86/146/159 147/87/147/160 
f 142/81/142/154 144/84/144/157 147/87/147/160 
f 142/81/142/154 147/87/147/160 143/82/143/155 
f 145/85/145/158 148/88/148/161 149/89/149/162 
f 145/85/145/158 149/89/149/162 146/86/146/159 
f 150/90/150/163 151/91/151/164 152/92/152/165 
f 150/90/150/163 152/92/152/165 153/93/153/166 
f 151/91/151/164 154/94/154/167 155/95/155/168 
f 151/91/151/164 155/95/155/168 152/92/152/165 
f 99/37/99/110 156/96/156/169 157/97/157/170 
f 99/37/99/110 157/97/157/170 100/38/100/111 
f 158/98/158/171 159/99/159/172 128/100/128/173 
f 158/98/158/171 128/100/128/173 139/101/139/174 
f 160/102/160/175 161/103/161/176 162/104/162/177 
f 160/102/160/175 162/104/162/177 163/105/163/178 
f 164/106/164/179 165/107/165/180 166/108/166/181 
f 164/106/164/179 166/108/166/181 167/109/167/182 
f 168/110/168/183 169/111/169/184 165/107/165/180 
f 168/110/168/183 165/107/165/180 164/106/164/179 
f 163/105/163/178 162/104/162/177 170/112/170/185 
f 163/105/163/178 170/112/170/185 171/113/171/186 
f 171/113/171/186 170/112/170/185 169/111/169/184 
f 171/113/171/186 169/111/169/184 168/110/168/183 
f 172/114/172/187 173/115/173/188 174/116/174/189 
f 172/114/172/187 174/116/174/189 175/117/175/190 
f 172/114/172/187 175/117/175/190 176/118/176/191 
f 172/114/172/187 176/118/176/191 177/119/177/192 
f 177/119/177/192 176/118/176/191 178/120/178/193 
f 177/119/177/192 178/120/178/193 179/121/179/194 
f 167/109/167/182 166/108/166/181 174/116/174/189 
f 167/109/167/182 174/116/174/189 173/115/173/188 
f 179/121/179/194 178/120/178/193 180/122/180/195 
f 179/121/179/194 180/122/180/195 181/123/181/196 
f 182/124/182/197 181/123/181/196 180/122/180/195 
f 182/124/182/197 180/122/180/195 183/125/183/198 
f 184/126/184/199 185/127/185/200 186/128/186/201 
f 184/126/184/199 186/128/186/201 187/129/187/202 
f 182/124/182/197 183/125/183/198 188/130/188/203 
f 182/124/182/197 188/130/188/203 189/131/189/204 
f 189/131/189/204 188/130/188/203 190/132/190/205 
f 189/131/189/204 190/132/190/205 191/133/191/206 
f 192/134/192/207 193/135/193/208 93/136/93/209 
f 192/134/192/207 93/136/93/209 92/137/92/210 
f 194/138/194/211 195/139/195/212 196/140/196/213 
f 194/138/194/211 196/140/196/213 197/141/197/214 
f 198/142/198/215 199/143/199/216 195/139/195/212 
f 198/142/198/215 195/139/195/212 194/138/194/211 
f 200/144/200/217 201/145/201/218 202/146/202/219 
f 200/144/200/217 202/146/202/219 203/147/203/220 
f 204/148/204/221 199/143/199/216 201/145/201/218 
f 204/148/204/221 201/145/201/218 200/144/200/217 
f 205/149/205/222 206/150/206/223 196/140/196/213 
f 205/149/205/222 196/140/196/213 207/151/207/224 
f 208/152/208/225 209/153/209/226 210/154/210/227 
f 208/152/208/225 210/154/210/227 211/155/211/228 
f 211/155/211/228 210/154/210/227 206/150/206/223 
f 211/155/211/228 206/150/206/223 205/149/205/222 
f 187/129/187/202 186/128/186/201 209/153/209/226 
f 187/129/187/202 209/153/209/226 208/152/208/225 
f 212/156/212/229 213/157/213/230 214/158/214/231 
f 212/156/212/229 214/158/214/231 215/159/215/232 
f 216/160/216/233 217/161/217/234 161/103/161/176 
f 216/160/216/233 161/103/161/176 160/102/160/175 
f 218/162/218/235 219/163/219/236 202/146/202/219 
f 218/162/218/235 202/146/202/219 220/164/220/237 
f 221/165/221/238 222/166/222/239 223/167/223/240 
f 221/165/221/238 223/167/223/240 224/168/224/241 
f 225/169/225/242 226/170/226/243 227/171/227/244 
f 225/169/225/242 227/171/227/244 228/172/228/245 
f 229/173/229/246 230/174/230/247 226/170/226/243 
f 229/173/229/246 226/170/226/243 225/169/225/242 
f 224/168/224/241 223/167/223/240 231/175/231/248 
f 224/168/224/241 231/175/231/248 232/176/232/249 
f 232/176/232/249 231/175/231/248 230/174/230/247 
f 232/176/232/249 230/174/230/247 229/173/229/246 
f 233/177/233/250 234/178/234/251 235/179/235/252 
f 233/177/233/250 235/179/235/252 236/180/236/253 
f 233/177/233/250 236/180/236/253 237/181/237/254 
f 233/177/233/250 237/181/237/254 238/182/238/255 
f 238/182/238/255 237/181/237/254 239/183/239/256 
f 238/182/238/255 239/183/239/256 240/184/240/257 
f 228/172/228/245 227/171/227/244 235/179/235/252 
f 228/172/228/245 235/179/235/252 234/178/234/251 
f 240/184/240/257 239/183/239/256 241/185/241/258 
f 240/184/240/257 241/185/241/258 242/186/242/259 
f 243/187/243/260 244/188/244/261 242/186/242/259 
f 243/187/243/260 242/186/242/259 241/185/241/258 
f 245/189/245/262 246/190/246/263 247/191/247/264 
f 245/189/245/262 247/191/247/264 248/192/248/265 
f 244/188/244/261 243/187/243/260 249/193/249/266 
f 244/188/244/261 249/193/249/266 250/194/250/267 
f 250/194/250/267 249/193/249/266 251/195/251/268 
f 250/194/250/267 251/195/251/268 252/196/252/269 
f 50/197/50/270 49/198/49/271 253/199/253/272 
f 50/197/50/270 253/199/253/272 254/200/254/273 
f 255/201/255/274 256/202/256/275 257/203/257/276 
f 255/201/255/274 257/203/257/276 258/204/258/277 
f 259/205/259/278 260/206/260/279 256/202/256/275 
f 259/205/259/278 256/202/256/275 255/201/255/274 
f 261/207/261/280 262/208/262/281 263/209/263/282 
f 261/207/261/280 263/209/263/282 264/210/264/283 
f 265/211/265/284 266/212/266/285 262/208/262/281 
f 265/211/265/284 262/208/262/281 261/207/261/280 
f 267/213/267/286 268/214/268/287 269/215/269/288 
f 267/213/267/286 269/215/269/288 270/216/270/289 
f 271/217/271/290 272/218/272/291 273/219/273/292 
f 271/217/271/290 273/219/273/292 274/220/274/293 
f 274/220/274/293 273/219/273/292 268/214/268/287 
f 274/220/274/293 268/214/268/287 267/213/267/286 
f 271/217/271/290 248/192/248/265 247/191/247/264 
f 271/217/271/290 247/191/247/264 272/218/272/291 
f 275/221/275/294 276/222/276/295 277/223/277/296 
f 275/221/275/294 277/223/277/296 278/224/278/297 
f 279/225/279/298 280/226/280/299 222/166/222/239 
f 279/225/279/298 222/166/222/239 221/165/221/238 
f 281/227/281/300 282/228/282/301 283/229/283/302 
f 281/227/281/300 283/229/283/302 284/230/284/303 
f 285/231/285/304 286/232/286/305 287/233/287/306 
f 285/231/285/304 287/233/287/306 288/234/288/307 
f 289/235/289/308 290/236/290/309 291/237/291/310 
f 289/235/289/308 291/237/291/310 292/238/292/311 
f 293/239/293/312 294/240/294/313 290/236/290/309 
f 293/239/293/312 290/236/290/309 289/235/289/308 
f 288/234/288/307 287/233/287/306 295/241/295/314 
f 288/234/288/307 295/241/295/314 296/242/296/315 
f 296/242/296/315 295/241/295/314 294/240/294/313 
f 296/242/296/315 294/240/294/313 293/239/293/312 
f 297/243/297/316 298/244/298/317 299/245/299/318 
f 297/243/297/316 299/245/299/318 300/246/300/319 
f 297/243/297/316 300/246/300/319 301/247/301/320 
f 297/243/297/316 301/247/301/320 302/248/302/321 
f 302/248/302/321 301/247/301/320 303/249/303/322 
f 302/248/302/321 303/249/303/322 304/250/304/323 
f 292/238/292/311 291/237/291/310 299/245/299/318 
f 292/238/292/311 299/245/299/318 298/244/298/317 
f 304/250/304/323 303/249/303/322 305/251/305/324 
f 304/250/304/323 305/251/305/324 306/252/306/325 
f 307/253/307/326 306/252/306/325 305/251/305/324 
f 307/253/307/326 305/251/305/324 308/254/308/327 
f 309/255/309/328 310/256/310/329 311/257/311/330 
f 309/255/309/328 311/257/311/330 312/258/312/331 
f 307/253/307/326 308/254/308/327 313/259/313/332 
f 307/253/307/326 313/259/313/332 314/260/314/333 
f 315/261/315/334 314/260/314/333 313/259/313/332 
f 315/261/315/334 313/259/313/332 316/262/316/335 
f 317/263/317/336 318/264/318/337 23/265/23/338 
f 317/263/317/336 23/265/23/338 22/266/22/339 
f 319/267/319/340 320/268/320/341 269/215/269/288 
f 319/267/319/340 269/215/269/288 321/269/321/342 
f 322/270/322/343 266/212/266/285 320/268/320/341 
f 322/270/322/343 320/268/320/341 319/267/319/340 
f 323/271/323/344 324/272/324/345 283/229/283/302 
f 323/271/323/344 283/229/283/302 325/273/325/346 
f 326/274/326/347 260/206/260/279 324/272/324/345 
f 326/274/326/347 324/272/324/345 323/271/323/344 
f 327/275/327/348 328/276/328/349 257/203/257/276 
f 327/275/327/348 257/203/257/276 329/277/329/350 
f 330/278/330/351 331/279/331/352 332/280/332/353 
f 330/278/330/351 332/280/332/353 333/281/333/354 
f 333/281/333/354 332/280/332/353 328/276/328/349 
f 333/281/333/354 328/276/328/349 327/275/327/348 
f 312/258/312/331 311/257/311/330 331/279/331/352 
f 312/258/312/331 331/279/331/352 330/278/330/351 
f 334/282/334/355 335/283/335/356 336/284/336/357 
f 334/282/334/355 336/284/336/357 337/285/337/358 
f 338/286/338/359 339/287/339/360 286/232/286/305 
f 338/286/338/359 286/232/286/305 285/231/285/304 
f 340/288/340/361 341/289/341/362 263/209/263/282 
f 340/288/340/361 263/209/263/282 342/290/342/363 
f 343/291/343/364 344/292/344/365 345/293/345/366 
f 343/291/343/364 345/293/345/366 346/294/346/367 
f 347/295/347/368 348/296/348/369 349/297/349/370 
f 347/295/347/368 349/297/349/370 350/298/350/371 
f 351/299/351/372 352/300/352/373 348/296/348/369 
f 351/299/351/372 348/296/348/369 347/295/347/368 
f 346/294/346/367 345/293/345/366 353/301/353/374 
f 346/294/346/367 353/301/353/374 354/302/354/375 
f 354/302/354/375 353/301/353/374 352/300/352/373 
f 354/302/354/375 352/300/352/373 351/299/351/372 
f 355/303/355/376 356/304/356/377 357/305/357/378 
f 355/303/355/376 357/305/357/378 358/306/358/379 
f 358/306/358/379 357/305/357/378 359/307/359/380 
f 358/306/358/379 359/307/359/380 360/308/360/381 
f 360/308/360/381 359/307/359/380 361/309/361/382 
f 360/308/360/381 361/309/361/382 362/310/362/383 
f 350/298/350/371 349/297/349/370 356/304/356/377 
f 350/298/350/371 356/304/356/377 355/303/355/376 
f 362/310/362/383 361/309/361/382 363/311/363/384 
f 362/310/362/383 363/311/363/384 364/312/364/385 
f 364/312/364/385 363/311/363/384 365/313/365/386 
f 364/312/364/385 365/313/365/386 366/314/366/387 
f 367/315/367/388 368/316/368/389 369/317/369/390 
f 367/315/367/388 369/317/369/390 370/318/370/391 
f 366/314/366/387 365/313/365/386 371/319/371/392 
f 366/314/366/387 371/319/371/392 372/320/372/393 
f 372/320/372/393 371/319/371/392 373/321/373/394 
f 372/320/372/393 373/321/373/394 374/322/374/395 
f 68/323/68/396 375/324/375/397 376/325/376/398 
f 68/323/68/396 376/325/376/398 70/326/70/399 
f 377/327/377/400 378/328/378/401 379/329/379/402 
f 377/327/377/400 379/329/379/402 329/277/329/350 
f 326/274/326/347 380/330/380/403 378/328/378/401 
f 326/274/326/347 378/328/378/401 377/327/377/400 
f 381/331/381/404 382/332/382/405 383/333/383/406 
f 381/331/381/404 383/333/383/406 342/290/342/363 
f 322/270/322/343 384/334/384/407 382/332/382/405 
f 322/270/322/343 382/332/382/405 381/331/381/404 
f 385/335/385/408 386/336/386/409 387/337/387/410 
f 385/335/385/408 387/337/387/410 321/269/321/342 
f 388/338/388/411 389/339/389/412 390/340/390/413 
f 388/338/388/411 390/340/390/413 391/341/391/414 
f 391/341/391/414 390/340/390/413 386/336/386/409 
f 391/341/391/414 386/336/386/409 385/335/385/408 
f 388/338/388/411 370/318/370/391 369/317/369/390 
f 388/338/388/411 369/317/369/390 389/339/389/412 
f 392/342/392/415 393/343/393/416 394/344/394/417 
f 392/342/392/415 394/344/394/417 395/345/395/418 
f 396/346/396/419 397/347/397/420 344/292/344/365 
f 396/346/396/419 344/292/344/365 343/291/343/364 
f 398/348/398/421 399/349/399/422 400/350/400/423 
f 398/348/398/421 400/350/400/423 325/273/325/346 
f 401/351/401/424 402/352/402/425 403/353/403/426 
f 401/351/401/424 403/353/403/426 404/354/404/427 
f 405/355/405/428 406/356/406/429 407/357/407/430 
f 405/355/405/428 407/357/407/430 408/358/408/431 
f 409/359/409/432 410/360/410/433 406/356/406/429 
f 409/359/409/432 406/356/406/429 405/355/405/428 
f 404/354/404/427 403/353/403/426 411/361/411/434 
f 404/354/404/427 411/361/411/434 412/362/412/435 
f 412/362/412/435 411/361/411/434 410/360/410/433 
f 412/362/412/435 410/360/410/433 409/359/409/432 
f 413/363/413/436 414/364/414/437 415/365/415/438 
f 413/363/413/436 415/365/415/438 416/366/416/439 
f 416/366/416/439 415/365/415/438 417/367/417/440 
f 416/366/416/439 417/367/417/440 418/368/418/441 
f 418/368/418/441 417/367/417/440 419/369/419/442 
f 418/368/418/441 419/369/419/442 420/370/420/443 
f 408/358/408/431 407/357/407/430 414/364/414/437 
f 408/358/408/431 414/364/414/437 413/363/413/436 
f 420/370/420/443 419/369/419/442 421/371/421/444 
f 420/370/420/443 421/371/421/444 422/372/422/445 
f 423/373/423/446 422/372/422/445 421/371/421/444 
f 423/373/423/446 421/371/421/444 424/374/424/447 
f 425/375/425/448 426/376/426/449 427/377/427/450 
f 425/375/425/448 427/377/427/450 428/378/428/451 
f 423/373/423/446 424/374/424/447 429/379/429/452 
f 423/373/423/446 429/379/429/452 430/380/430/453 
f 431/381/431/454 430/380/430/453 429/379/429/452 
f 431/381/431/454 429/379/429/452 432/382/432/455 
f 90/383/90/456 433/384/433/457 434/385/434/458 
f 90/383/90/456 434/385/434/458 91/386/91/459 
f 435/387/435/460 436/388/436/461 437/389/437/462 
f 435/387/435/460 437/389/437/462 270/216/270/289 
f 265/211/265/284 438/390/438/463 436/388/436/461 
f 265/211/265/284 436/388/436/461 435/387/435/460 
f 439/391/439/464 440/392/440/465 441/393/441/466 
f 439/391/439/464 441/393/441/466 284/230/284/303 
f 259/205/259/278 442/394/442/467 440/392/440/465 
f 259/205/259/278 440/392/440/465 439/391/439/464 
f 443/395/443/468 444/396/444/469 445/397/445/470 
f 443/395/443/468 445/397/445/470 258/204/258/277 
f 446/398/446/471 447/399/447/472 448/400/448/473 
f 446/398/446/471 448/400/448/473 449/401/449/474 
f 449/401/449/474 448/400/448/473 444/396/444/469 
f 449/401/449/474 444/396/444/469 443/395/443/468 
f 428/378/428/451 427/377/427/450 447/399/447/472 
f 428/378/428/451 447/399/447/472 446/398/446/471 
f 450/402/450/475 451/403/451/476 452/404/452/477 
f 450/402/450/475 452/404/452/477 453/405/453/478 
f 454/406/454/479 455/407/455/480 402/352/402/425 
f 454/406/454/479 402/352/402/425 401/351/401/424 
f 456/408/456/481 457/409/457/482 458/410/458/483 
f 456/408/456/481 458/410/458/483 264/210/264/283 
f 459/411/459/484 460/412/460/485 461/413/461/486 
f 459/411/459/484 461/413/461/486 462/414/462/487 
f 463/415/463/488 464/416/464/489 465/417/465/490 
f 463/415/463/488 465/417/465/490 466/418/466/491 
f 467/419/467/492 468/420/468/493 464/416/464/489 
f 467/419/467/492 464/416/464/489 463/415/463/488 
f 462/414/462/487 461/413/461/486 469/421/469/494 
f 462/414/462/487 469/421/469/494 470/422/470/495 
f 470/422/470/495 469/421/469/494 468/420/468/493 
f 470/422/470/495 468/420/468/493 467/419/467/492 
f 471/423/471/496 472/424/472/497 473/425/473/498 
f 471/423/471/496 473/425/473/498 474/426/474/499 
f 475/427/475/500 474/426/474/499 473/425/473/498 
f 475/427/475/500 473/425/473/498 476/428/476/501 
f 475/427/475/500 476/428/476/501 477/429/477/502 
f 475/427/475/500 477/429/477/502 478/430/478/503 
f 466/418/466/491 465/417/465/490 472/424/472/497 
f 466/418/466/491 472/424/472/497 471/423/471/496 
f 478/430/478/503 477/429/477/502 479/431/479/504 
f 478/430/478/503 479/431/479/504 480/432/480/505 
f 481/433/481/506 482/434/482/507 480/432/480/505 
f 481/433/481/506 480/432/480/505 479/431/479/504 
f 483/435/483/508 484/436/484/509 485/437/485/510 
f 483/435/483/508 485/437/485/510 486/438/486/511 
f 487/439/487/512 482/434/482/507 481/433/481/506 
f 487/439/487/512 481/433/481/506 488/440/488/513 
f 487/439/487/512 488/440/488/513 489/441/489/514 
f 487/439/487/512 489/441/489/514 490/442/490/515 
f 46/443/46/516 491/444/491/517 492/445/492/518 
f 46/443/46/516 492/445/492/518 48/446/48/519 
f 493/447/493/520 494/448/494/521 445/397/445/470 
f 493/447/493/520 445/397/445/470 207/151/207/224 
f 204/148/204/221 442/394/442/467 494/448/494/521 
f 204/148/204/221 494/448/494/521 493/447/493/520 
f 495/449/495/522 496/450/496/523 458/410/458/483 
f 495/449/495/522 458/410/458/483 220/164/220/237 
f 198/142/198/215 438/390/438/463 496/450/496/523 
f 198/142/198/215 496/450/496/523 495/449/495/522 
f 497/451/497/524 498/452/498/525 437/389/437/462 
f 497/451/497/524 437/389/437/462 197/141/197/214 
f 499/453/499/526 500/454/500/527 501/455/501/528 
f 499/453/499/526 501/455/501/528 502/456/502/529 
f 497/451/497/524 502/456/502/529 501/455/501/528 
f 497/451/497/524 501/455/501/528 498/452/498/525 
f 499/453/499/526 486/438/486/511 485/437/485/510 
f 499/453/499/526 485/437/485/510 500/454/500/527 
f 503/457/503/530 504/458/504/531 505/459/505/532 
f 503/457/503/530 505/459/505/532 506/460/506/533 
f 507/461/507/534 508/462/508/535 460/412/460/485 
f 507/461/507/534 460/412/460/485 459/411/459/484 
f 509/463/509/536 510/464/510/537 441/393/441/466 
f 509/463/509/536 441/393/441/466 203/147/203/220 
f 511/465/511/538 512/466/512/539 513/467/513/540 
f 511/465/511/538 513/467/513/540 514/468/514/541 
f 515/469/515/542 516/470/516/543 517/471/517/544 
f 515/469/515/542 517/471/517/544 518/472/518/545 
f 519/473/519/546 520/474/520/547 516/470/516/543 
f 519/473/519/546 516/470/516/543 515/469/515/542 
f 514/468/514/541 513/467/513/540 521/475/521/548 
f 514/468/514/541 521/475/521/548 522/476/522/549 
f 522/476/522/549 521/475/521/548 520/474/520/547 
f 522/476/522/549 520/474/520/547 519/473/519/546 
f 523/477/523/550 524/478/524/551 525/479/525/552 
f 523/477/523/550 525/479/525/552 526/480/526/553 
f 527/481/527/554 526/480/526/553 525/479/525/552 
f 527/481/527/554 525/479/525/552 528/482/528/555 
f 527/481/527/554 528/482/528/555 529/483/529/556 
f 527/481/527/554 529/483/529/556 530/484/530/557 
f 518/472/518/545 517/471/517/544 524/478/524/551 
f 518/472/518/545 524/478/524/551 523/477/523/550 
f 530/484/530/557 529/483/529/556 531/485/531/558 
f 530/484/530/557 531/485/531/558 532/486/532/559 
f 533/487/533/560 532/486/532/559 531/485/531/558 
f 533/487/533/560 531/485/531/558 534/488/534/561 
f 535/489/535/562 536/490/536/563 537/491/537/564 
f 535/489/535/562 537/491/537/564 538/492/538/565 
f 539/493/539/566 533/487/533/560 534/488/534/561 
f 539/493/539/566 534/488/534/561 540/494/540/567 
f 541/495/541/568 539/493/539/566 540/494/540/567 
f 541/495/541/568 540/494/540/567 542/496/542/569 
f 20/497/20/570 543/498/543/571 544/499/544/572 
f 20/497/20/570 544/499/544/572 21/500/21/573 
f 545/501/545/574 546/502/546/575 387/337/387/410 
f 545/501/545/574 387/337/387/410 141/80/141/153 
f 140/78/140/151 384/334/384/407 546/502/546/575 
f 140/78/140/151 546/502/546/575 545/501/545/574 
f 547/503/547/576 548/504/548/577 400/350/400/423 
f 547/503/547/576 400/350/400/423 158/98/158/171 
f 134/72/134/145 380/330/380/403 548/504/548/577 
f 134/72/134/145 548/504/548/577 547/503/547/576 
f 549/505/549/578 550/506/550/579 379/329/379/402 
f 549/505/549/578 379/329/379/402 133/71/133/144 
f 551/507/551/580 552/508/552/581 553/509/553/582 
f 551/507/551/580 553/509/553/582 554/510/554/583 
f 549/505/549/578 554/510/554/583 553/509/553/582 
f 549/505/549/578 553/509/553/582 550/506/550/579 
f 538/492/538/565 537/491/537/564 552/508/552/581 
f 538/492/538/565 552/508/552/581 551/507/551/580 
f 555/511/555/584 556/512/556/585 557/513/557/586 
f 555/511/555/584 557/513/557/586 558/514/558/587 
f 559/515/559/588 560/516/560/589 512/466/512/539 
f 559/515/559/588 512/466/512/539 511/465/511/538 
f 127/65/127/138 561/517/561/590 383/333/383/406 
f 127/65/127/138 383/333/383/406 136/74/136/147 
f 344/292/344/365 99/37/99/110 98/36/98/109 
f 344/292/344/365 98/36/98/109 345/293/345/366 
f 348/296/348/369 103/41/103/114 102/40/102/113 
f 348/296/348/369 102/40/102/113 349/297/349/370 
f 352/300/352/373 106/44/106/117 103/41/103/114 
f 352/300/352/373 103/41/103/114 348/296/348/369 
f 345/293/345/366 98/36/98/109 108/46/108/119 
f 345/293/345/366 108/46/108/119 353/301/353/374 
f 353/301/353/374 108/46/108/119 106/44/106/117 
f 353/301/353/374 106/44/106/117 352/300/352/373 
f 356/304/356/377 111/49/111/122 110/48/110/121 
f 356/304/356/377 110/48/110/121 357/305/357/378 
f 357/305/357/378 110/48/110/121 114/52/114/125 
f 357/305/357/378 114/52/114/125 359/307/359/380 
f 359/307/359/380 114/52/114/125 116/54/116/127 
f 359/307/359/380 116/54/116/127 361/309/361/382 
f 349/297/349/370 102/40/102/113 111/49/111/122 
f 349/297/349/370 111/49/111/122 356/304/356/377 
f 361/309/361/382 116/54/116/127 118/56/118/129 
f 361/309/361/382 118/56/118/129 363/311/363/384 
f 363/311/363/384 118/56/118/129 121/59/121/132 
f 363/311/363/384 121/59/121/132 365/313/365/386 
f 368/316/368/389 562/518/562/591 148/88/148/161 
f 368/316/368/389 148/88/148/161 369/317/369/390 
f 365/313/365/386 121/59/121/132 122/60/122/133 
f 365/313/365/386 122/60/122/133 371/319/371/392 
f 371/319/371/392 122/60/122/133 125/63/125/136 
f 371/319/371/392 125/63/125/136 373/321/373/394 
f 71/519/71/592 70/326/70/399 376/325/376/398 
f 71/519/71/592 376/325/376/398 563/520/563/593 
f 379/329/379/402 378/328/378/401 130/68/130/141 
f 379/329/379/402 130/68/130/141 133/71/133/144 
f 380/330/380/403 134/72/134/145 130/68/130/141 
f 380/330/380/403 130/68/130/141 378/328/378/401 
f 382/332/382/405 137/75/137/148 136/74/136/147 
f 382/332/382/405 136/74/136/147 383/333/383/406 
f 384/334/384/407 140/78/140/151 137/75/137/148 
f 384/334/384/407 137/75/137/148 382/332/382/405 
f 386/336/386/409 142/81/142/154 141/80/141/153 
f 386/336/386/409 141/80/141/153 387/337/387/410 
f 390/340/390/413 389/339/389/412 145/85/145/158 
f 390/340/390/413 145/85/145/158 144/84/144/157 
f 390/340/390/413 144/84/144/157 142/81/142/154 
f 390/340/390/413 142/81/142/154 386/336/386/409 
f 389/339/389/412 369/317/369/390 148/88/148/161 
f 389/339/389/412 148/88/148/161 145/85/145/158 
f 393/343/393/416 154/94/154/167 151/91/151/164 
f 393/343/393/416 151/91/151/164 394/344/394/417 
f 397/347/397/420 156/96/156/169 99/37/99/110 
f 397/347/397/420 99/37/99/110 344/292/344/365 
f 399/349/399/422 159/99/159/172 158/98/158/171 
f 399/349/399/422 158/98/158/171 400/350/400/423 
f 402/352/402/425 160/102/160/175 163/105/163/178 
f 402/352/402/425 163/105/163/178 403/353/403/426 
f 406/356/406/429 164/106/164/179 167/109/167/182 
f 406/356/406/429 167/109/167/182 407/357/407/430 
f 410/360/410/433 168/110/168/183 164/106/164/179 
f 410/360/410/433 164/106/164/179 406/356/406/429 
f 403/353/403/426 163/105/163/178 171/113/171/186 
f 403/353/403/426 171/113/171/186 411/361/411/434 
f 411/361/411/434 171/113/171/186 168/110/168/183 
f 411/361/411/434 168/110/168/183 410/360/410/433 
f 414/364/414/437 173/115/173/188 172/114/172/187 
f 414/364/414/437 172/114/172/187 415/365/415/438 
f 415/365/415/438 172/114/172/187 177/119/177/192 
f 415/365/415/438 177/119/177/192 417/367/417/440 
f 417/367/417/440 177/119/177/192 179/121/179/194 
f 417/367/417/440 179/121/179/194 419/369/419/442 
f 407/357/407/430 167/109/167/182 173/115/173/188 
f 407/357/407/430 173/115/173/188 414/364/414/437 
f 419/369/419/442 179/121/179/194 181/123/181/196 
f 419/369/419/442 181/123/181/196 421/371/421/444 
f 424/374/424/447 421/371/421/444 181/123/181/196 
f 424/374/424/447 181/123/181/196 182/124/182/197 
f 426/376/426/449 184/126/184/199 187/129/187/202 
f 426/376/426/449 187/129/187/202 427/377/427/450 
f 424/374/424/447 182/124/182/197 189/131/189/204 
f 424/374/424/447 189/131/189/204 429/379/429/452 
f 432/382/432/455 429/379/429/452 189/131/189/204 
f 432/382/432/455 189/131/189/204 191/133/191/206 
f 91/386/91/459 434/385/434/458 192/134/192/207 
f 91/386/91/459 192/134/192/207 92/137/92/210 
f 437/389/437/462 436/388/436/461 194/138/194/211 
f 437/389/437/462 194/138/194/211 197/141/197/214 
f 438/390/438/463 198/142/198/215 194/138/194/211 
f 438/390/438/463 194/138/194/211 436/388/436/461 
f 440/392/440/465 200/144/200/217 203/147/203/220 
f 440/392/440/465 203/147/203/220 441/393/441/466 
f 442/394/442/467 204/148/204/221 200/144/200/217 
f 442/394/442/467 200/144/200/217 440/392/440/465 
f 444/396/444/469 205/149/205/222 207/151/207/224 
f 444/396/444/469 207/151/207/224 445/397/445/470 
f 448/400/448/473 447/399/447/472 208/152/208/225 
f 448/400/448/473 208/152/208/225 211/155/211/228 
f 448/400/448/473 211/155/211/228 205/149/205/222 
f 448/400/448/473 205/149/205/222 444/396/444/469 
f 427/377/427/450 187/129/187/202 208/152/208/225 
f 427/377/427/450 208/152/208/225 447/399/447/472 
f 451/403/451/476 212/156/212/229 215/159/215/232 
f 451/403/451/476 215/159/215/232 452/404/452/477 
f 455/407/455/480 216/160/216/233 160/102/160/175 
f 455/407/455/480 160/102/160/175 402/352/402/425 
f 457/409/457/482 218/162/218/235 220/164/220/237 
f 457/409/457/482 220/164/220/237 458/410/458/483 
f 460/412/460/485 221/165/221/238 224/168/224/241 
f 460/412/460/485 224/168/224/241 461/413/461/486 
f 464/416/464/489 225/169/225/242 228/172/228/245 
f 464/416/464/489 228/172/228/245 465/417/465/490 
f 468/420/468/493 229/173/229/246 225/169/225/242 
f 468/420/468/493 225/169/225/242 464/416/464/489 
f 461/413/461/486 224/168/224/241 232/176/232/249 
f 461/413/461/486 232/176/232/249 469/421/469/494 
f 469/421/469/494 232/176/232/249 229/173/229/246 
f 469/421/469/494 229/173/229/246 468/420/468/493 
f 472/424/472/497 234/178/234/251 233/177/233/250 
f 472/424/472/497 233/177/233/250 473/425/473/498 
f 473/425/473/498 233/177/233/250 238/182/238/255 
f 473/425/473/498 238/182/238/255 476/428/476/501 
f 476/428/476/501 238/182/238/255 240/184/240/257 
f 476/428/476/501 240/184/240/257 477/429/477/502 
f 465/417/465/490 228/172/228/245 234/178/234/251 
f 465/417/465/490 234/178/234/251 472/424/472/497 
f 477/429/477/502 240/184/240/257 242/186/242/259 
f 477/429/477/502 242/186/242/259 479/431/479/504 
f 479/431/479/504 242/186/242/259 244/188/244/261 
f 479/431/479/504 244/188/244/261 481/433/481/506 
f 484/436/484/509 245/189/245/262 248/192/248/265 
f 484/436/484/509 248/192/248/265 485/437/485/510 
f 481/433/481/506 244/188/244/261 250/194/250/267 
f 481/433/481/506 250/194/250/267 488/440/488/513 
f 488/440/488/513 250/194/250/267 252/196/252/269 
f 488/440/488/513 252/196/252/269 489/441/489/514 
f 49/198/49/271 48/446/48/519 492/445/492/518 
f 49/198/49/271 492/445/492/518 253/199/253/272 
f 494/448/494/521 255/201/255/274 258/204/258/277 
f 494/448/494/521 258/204/258/277 445/397/445/470 
f 442/394/442/467 259/205/259/278 255/201/255/274 
f 442/394/442/467 255/201/255/274 494/448/494/521 
f 496/450/496/523 261/207/261/280 264/210/264/283 
f 496/450/496/523 264/210/264/283 458/410/458/483 
f 438/390/438/463 265/211/265/284 261/207/261/280 
f 438/390/438/463 261/207/261/280 496/450/496/523 
f 498/452/498/525 267/213/267/286 270/216/270/289 
f 498/452/498/525 270/216/270/289 437/389/437/462 
f 500/454/500/527 271/217/271/290 274/220/274/293 
f 500/454/500/527 274/220/274/293 501/455/501/528 
f 501/455/501/528 274/220/274/293 267/213/267/286 
f 501/455/501/528 267/213/267/286 498/452/498/525 
f 500/454/500/527 485/437/485/510 248/192/248/265 
f 500/454/500/527 248/192/248/265 271/217/271/290 
f 504/458/504/531 275/221/275/294 278/224/278/297 
f 504/458/504/531 278/224/278/297 505/459/505/532 
f 508/462/508/535 279/225/279/298 221/165/221/238 
f 508/462/508/535 221/165/221/238 460/412/460/485 
f 510/464/510/537 281/227/281/300 284/230/284/303 
f 510/464/510/537 284/230/284/303 441/393/441/466 
f 512/466/512/539 285/231/285/304 288/234/288/307 
f 512/466/512/539 288/234/288/307 513/467/513/540 
f 516/470/516/543 289/235/289/308 292/238/292/311 
f 516/470/516/543 292/238/292/311 517/471/517/544 
f 520/474/520/547 293/239/293/312 289/235/289/308 
f 520/474/520/547 289/235/289/308 516/470/516/543 
f 513/467/513/540 288/234/288/307 296/242/296/315 
f 513/467/513/540 296/242/296/315 521/475/521/548 
f 521/475/521/548 296/242/296/315 293/239/293/312 
f 521/475/521/548 293/239/293/312 520/474/520/547 
f 524/478/524/551 298/244/298/317 297/243/297/316 
f 524/478/524/551 297/243/297/316 525/479/525/552 
f 525/479/525/552 297/243/297/316 302/248/302/321 
f 525/479/525/552 302/248/302/321 528/482/528/555 
f 528/482/528/555 302/248/302/321 304/250/304/323 
f 528/482/528/555 304/250/304/323 529/483/529/556 
f 517/471/517/544 292/238/292/311 298/244/298/317 
f 517/471/517/544 298/244/298/317 524/478/524/551 
f 529/483/529/556 304/250/304/323 306/252/306/325 
f 529/483/529/556 306/252/306/325 531/485/531/558 
f 534/488/534/561 531/485/531/558 306/252/306/325 
f 534/488/534/561 306/252/306/325 307/253/307/326 
f 536/490/536/563 309/255/309/328 312/258/312/331 
f 536/490/536/563 312/258/312/331 537/491/537/564 
f 534/488/534/561 307/253/307/326 314/260/314/333 
f 534/488/534/561 314/260/314/333 540/494/540/567 
f 542/496/542/569 540/494/540/567 314/260/314/333 
f 542/496/542/569 314/260/314/333 315/261/315/334 
f 544/499/544/572 317/263/317/336 22/266/22/339 
f 544/499/544/572 22/266/22/339 21/500/21/573 
f 546/502/546/575 319/267/319/340 321/269/321/342 
f 546/502/546/575 321/269/321/342 387/337/387/410 
f 384/334/384/407 322/270/322/343 319/267/319/340 
f 384/334/384/407 319/267/319/340 546/502/546/575 
f 548/504/548/577 323/271/323/344 325/273/325/346 
f 548/504/548/577 325/273/325/346 400/350/400/423 
f 380/330/380/403 326/274/326/347 323/271/323/344 
f 380/330/380/403 323/271/323/344 548/504/548/577 
f 550/506/550/579 327/275/327/348 329/277/329/350 
f 550/506/550/579 329/277/329/350 379/329/379/402 
f 552/508/552/581 330/278/330/351 333/281/333/354 
f 552/508/552/581 333/281/333/354 553/509/553/582 
f 553/509/553/582 333/281/333/354 327/275/327/348 
f 553/509/553/582 327/275/327/348 550/506/550/579 
f 537/491/537/564 312/258/312/331 330/278/330/351 
f 537/491/537/564 330/278/330/351 552/508/552/581 
f 556/512/556/585 334/282/334/355 337/285/337/358 
f 556/512/556/585 337/285/337/358 557/513/557/586 
f 560/516/560/589 338/286/338/359 285/231/285/304 
f 560/516/560/589 285/231/285/304 512/466/512/539 
f 561/517/561/590 340/288/340/361 342/290/342/363 
f 561/517/561/590 342/290/342/363 383/333/383/406 
f 222/166/222/239 343/291/343/364 346/294/346/367 
f 222/166/222/239 346/294/346/367 223/167/223/240 
f 226/170/226/243 347/295/347/368 350/298/350/371 
f 226/170/226/243 350/298/350/371 227/171/227/244 
f 230/174/230/247 351/299/351/372 347/295/347/368 
f 230/174/230/247 347/295/347/368 226/170/226/243 
f 223/167/223/240 346/294/346/367 354/302/354/375 
f 223/167/223/240 354/302/354/375 231/175/231/248 
f 231/175/231/248 354/302/354/375 351/299/351/372 
f 231/175/231/248 351/299/351/372 230/174/230/247 
f 235/179/235/252 355/303/355/376 358/306/358/379 
f 235/179/235/252 358/306/358/379 236/180/236/253 
f 236/180/236/253 358/306/358/379 360/308/360/381 
f 236/180/236/253 360/308/360/381 237/181/237/254 
f 237/181/237/254 360/308/360/381 362/310/362/383 
f 237/181/237/254 362/310/362/383 239/183/239/256 
f 227/171/227/244 350/298/350/371 355/303/355/376 
f 227/171/227/244 355/303/355/376 235/179/235/252 
f 239/183/239/256 362/310/362/383 364/312/364/385 
f 239/183/239/256 364/312/364/385 241/185/241/258 
f 241/185/241/258 364/312/364/385 366/314/366/387 
f 241/185/241/258 366/314/366/387 243/187/243/260 
f 246/190/246/263 367/315/367/388 370/318/370/391 
f 246/190/246/263 370/318/370/391 247/191/247/264 
f 243/187/243/260 366/314/366/387 372/320/372/393 
f 243/187/243/260 372/320/372/393 249/193/249/266 
f 249/193/249/266 372/320/372/393 374/322/374/395 
f 249/193/249/266 374/322/374/395 251/195/251/268 
f 69/521/69/594 254/200/254/273 375/324/375/397 
f 69/521/69/594 375/324/375/397 68/323/68/396 
f 256/202/256/275 377/327/377/400 329/277/329/350 
f 256/202/256/275 329/277/329/350 257/203/257/276 
f 260/206/260/279 326/274/326/347 377/327/377/400 
f 260/206/260/279 377/327/377/400 256/202/256/275 
f 262/208/262/281 381/331/381/404 342/290/342/363 
f 262/208/262/281 342/290/342/363 263/209/263/282 
f 266/212/266/285 322/270/322/343 381/331/381/404 
f 266/212/266/285 381/331/381/404 262/208/262/281 
f 268/214/268/287 385/335/385/408 321/269/321/342 
f 268/214/268/287 321/269/321/342 269/215/269/288 
f 272/218/272/291 388/338/388/411 391/341/391/414 
f 272/218/272/291 391/341/391/414 273/219/273/292 
f 273/219/273/292 391/341/391/414 385/335/385/408 
f 273/219/273/292 385/335/385/408 268/214/268/287 
f 272/218/272/291 247/191/247/264 370/318/370/391 
f 272/218/272/291 370/318/370/391 388/338/388/411 
f 276/222/276/295 392/342/392/415 395/345/395/418 
f 276/222/276/295 395/345/395/418 277/223/277/296 
f 280/226/280/299 396/346/396/419 343/291/343/364 
f 280/226/280/299 343/291/343/364 222/166/222/239 
f 282/228/282/301 398/348/398/421 325/273/325/346 
f 282/228/282/301 325/273/325/346 283/229/283/302 
f 286/232/286/305 401/351/401/424 404/354/404/427 
f 286/232/286/305 404/354/404/427 287/233/287/306 
f 290/236/290/309 405/355/405/428 408/358/408/431 
f 290/236/290/309 408/358/408/431 291/237/291/310 
f 294/240/294/313 409/359/409/432 405/355/405/428 
f 294/240/294/313 405/355/405/428 290/236/290/309 
f 287/233/287/306 404/354/404/427 412/362/412/435 
f 287/233/287/306 412/362/412/435 295/241/295/314 
f 295/241/295/314 412/362/412/435 409/359/409/432 
f 295/241/295/314 409/359/409/432 294/240/294/313 
f 299/245/299/318 413/363/413/436 416/366/416/439 
f 299/245/299/318 416/366/416/439 300/246/300/319 
f 300/246/300/319 416/366/416/439 418/368/418/441 
f 300/246/300/319 418/368/418/441 301/247/301/320 
f 301/247/301/320 418/368/418/441 420/370/420/443 
f 301/247/301/320 420/370/420/443 303/249/303/322 
f 291/237/291/310 408/358/408/431 413/363/413/436 
f 291/237/291/310 413/363/413/436 299/245/299/318 
f 303/249/303/322 420/370/420/443 422/372/422/445 
f 303/249/303/322 422/372/422/445 305/251/305/324 
f 308/254/308/327 305/251/305/324 422/372/422/445 
f 308/254/308/327 422/372/422/445 423/373/423/446 
f 310/256/310/329 425/375/425/448 428/378/428/451 
f 310/256/310/329 428/378/428/451 311/257/311/330 
f 308/254/308/327 423/373/423/446 430/380/430/453 
f 308/254/308/327 430/380/430/453 313/259/313/332 
f 316/262/316/335 313/259/313/332 430/380/430/453 
f 316/262/316/335 430/380/430/453 431/381/431/454 
f 89/522/89/595 318/264/318/337 433/384/433/457 
f 89/522/89/595 433/384/433/457 90/383/90/456 
f 269/215/269/288 320/268/320/341 435/387/435/460 
f 269/215/269/288 435/387/435/460 270/216/270/289 
f 266/212/266/285 265/211/265/284 435/387/435/460 
f 266/212/266/285 435/387/435/460 320/268/320/341 
f 324/272/324/345 439/391/439/464 284/230/284/303 
f 324/272/324/345 284/230/284/303 283/229/283/302 
f 260/206/260/279 259/205/259/278 439/391/439/464 
f 260/206/260/279 439/391/439/464 324/272/324/345 
f 328/276/328/349 443/395/443/468 258/204/258/277 
f 328/276/328/349 258/204/258/277 257/203/257/276 
f 331/279/331/352 446/398/446/471 449/401/449/474 
f 331/279/331/352 449/401/449/474 332/280/332/353 
f 332/280/332/353 449/401/449/474 443/395/443/468 
f 332/280/332/353 443/395/443/468 328/276/328/349 
f 311/257/311/330 428/378/428/451 446/398/446/471 
f 311/257/311/330 446/398/446/471 331/279/331/352 
f 335/283/335/356 450/402/450/475 453/405/453/478 
f 335/283/335/356 453/405/453/478 336/284/336/357 
f 339/287/339/360 454/406/454/479 401/351/401/424 
f 339/287/339/360 401/351/401/424 286/232/286/305 
f 341/289/341/362 456/408/456/481 264/210/264/283 
f 341/289/341/362 264/210/264/283 263/209/263/282 
f 161/103/161/176 459/411/459/484 462/414/462/487 
f 161/103/161/176 462/414/462/487 162/104/162/177 
f 165/107/165/180 463/415/463/488 466/418/466/491 
f 165/107/165/180 466/418/466/491 166/108/166/181 
f 169/111/169/184 467/419/467/492 463/415/463/488 
f 169/111/169/184 463/415/463/488 165/107/165/180 
f 162/104/162/177 462/414/462/487 470/422/470/495 
f 162/104/162/177 470/422/470/495 170/112/170/185 
f 170/112/170/185 470/422/470/495 467/419/467/492 
f 170/112/170/185 467/419/467/492 169/111/169/184 
f 174/116/174/189 471/423/471/496 474/426/474/499 
f 174/116/174/189 474/426/474/499 175/117/175/190 
f 175/117/175/190 474/426/474/499 475/427/475/500 
f 175/117/175/190 475/427/475/500 176/118/176/191 
f 176/118/176/191 475/427/475/500 478/430/478/503 
f 176/118/176/191 478/430/478/503 178/120/178/193 
f 166/108/166/181 466/418/466/491 471/423/471/496 
f 166/108/166/181 471/423/471/496 174/116/174/189 
f 178/120/178/193 478/430/478/503 480/432/480/505 
f 178/120/178/193 480/432/480/505 180/122/180/195 
f 180/122/180/195 480/432/480/505 482/434/482/507 
f 180/122/180/195 482/434/482/507 183/125/183/198 
f 185/127/185/200 483/435/483/508 486/438/486/511 
f 185/127/185/200 486/438/486/511 186/128/186/201 
f 183/125/183/198 482/434/482/507 487/439/487/512 
f 183/125/183/198 487/439/487/512 188/130/188/203 
f 188/130/188/203 487/439/487/512 490/442/490/515 
f 188/130/188/203 490/442/490/515 190/132/190/205 
f 47/523/47/596 193/135/193/208 491/444/491/517 
f 47/523/47/596 491/444/491/517 46/443/46/516 
f 195/139/195/212 493/447/493/520 207/151/207/224 
f 195/139/195/212 207/151/207/224 196/140/196/213 
f 199/143/199/216 204/148/204/221 493/447/493/520 
f 199/143/199/216 493/447/493/520 195/139/195/212 
f 201/145/201/218 495/449/495/522 220/164/220/237 
f 201/145/201/218 220/164/220/237 202/146/202/219 
f 199/143/199/216 198/142/198/215 495/449/495/522 
f 199/143/199/216 495/449/495/522 201/145/201/218 
f 206/150/206/223 497/451/497/524 197/141/197/214 
f 206/150/206/223 197/141/197/214 196/140/196/213 
f 209/153/209/226 499/453/499/526 502/456/502/529 
f 209/153/209/226 502/456/502/529 210/154/210/227 
f 210/154/210/227 502/456/502/529 497/451/497/524 
f 210/154/210/227 497/451/497/524 206/150/206/223 
f 186/128/186/201 486/438/486/511 499/453/499/526 
f 186/128/186/201 499/453/499/526 209/153/209/226 
f 213/157/213/230 503/457/503/530 506/460/506/533 
f 213/157/213/230 506/460/506/533 214/158/214/231 
f 217/161/217/234 507/461/507/534 459/411/459/484 
f 217/161/217/234 459/411/459/484 161/103/161/176 
f 219/163/219/236 509/463/509/536 203/147/203/220 
f 219/163/219/236 203/147/203/220 202/146/202/219 
f 100/524/100/597 511/465/511/538 514/468/514/541 
f 100/524/100/597 514/468/514/541 101/525/101/598 
f 104/526/104/599 515/469/515/542 518/472/518/545 
f 104/526/104/599 518/472/518/545 105/527/105/600 
f 107/528/107/601 519/473/519/546 515/469/515/542 
f 107/528/107/601 515/469/515/542 104/526/104/599 
f 101/525/101/598 514/468/514/541 522/476/522/549 
f 101/525/101/598 522/476/522/549 109/529/109/602 
f 109/529/109/602 522/476/522/549 519/473/519/546 
f 109/529/109/602 519/473/519/546 107/528/107/601 
f 112/530/112/603 523/477/523/550 526/480/526/553 
f 112/530/112/603 526/480/526/553 113/531/113/604 
f 113/531/113/604 526/480/526/553 527/481/527/554 
f 113/531/113/604 527/481/527/554 115/532/115/605 
f 115/532/115/605 527/481/527/554 530/484/530/557 
f 115/532/115/605 530/484/530/557 117/533/117/606 
f 105/527/105/600 518/472/518/545 523/477/523/550 
f 105/527/105/600 523/477/523/550 112/530/112/603 
f 117/533/117/606 530/484/530/557 532/486/532/559 
f 117/533/117/606 532/486/532/559 119/534/119/607 
f 120/535/120/608 119/534/119/607 532/486/532/559 
f 120/535/120/608 532/486/532/559 533/487/533/560 
f 564/536/564/609 535/489/535/562 538/492/538/565 
f 564/536/564/609 538/492/538/565 149/537/149/610 
f 120/535/120/608 533/487/533/560 539/493/539/566 
f 120/535/120/608 539/493/539/566 123/538/123/611 
f 123/538/123/611 539/493/539/566 541/495/541/568 
f 123/538/123/611 541/495/541/568 124/539/124/612 
f 18/540/18/613 565/541/565/614 543/498/543/571 
f 18/540/18/613 543/498/543/571 20/497/20/570 
f 132/83/132/156 131/542/131/615 545/501/545/574 
f 132/83/132/156 545/501/545/574 141/80/141/153 
f 135/79/135/152 140/78/140/151 545/501/545/574 
f 135/79/135/152 545/501/545/574 131/542/131/615 
f 138/543/138/616 547/503/547/576 158/98/158/171 
f 138/543/138/616 158/98/158/171 139/101/139/174 
f 135/73/135/146 134/72/134/145 547/503/547/576 
f 135/73/135/146 547/503/547/576 138/543/138/616 
f 143/544/143/617 549/505/549/578 133/71/133/144 
f 143/544/143/617 133/71/133/144 132/70/132/143 
f 147/545/147/618 146/546/146/619 551/507/551/580 
f 147/545/147/618 551/507/551/580 554/510/554/583 
f 147/545/147/618 554/510/554/583 549/505/549/578 
f 147/545/147/618 549/505/549/578 143/544/143/617 
f 149/537/149/610 538/492/538/565 551/507/551/580 
f 149/537/149/610 551/507/551/580 146/546/146/619 
f 155/547/155/620 555/511/555/584 558/514/558/587 
f 155/547/155/620 558/514/558/587 152/548/152/621 
f 157/549/157/622 559/515/559/588 511/465/511/538 
f 157/549/157/622 511/465/511/538 100/524/100/597 
f 128/66/128/139 127/65/127/138 136/74/136/147 
f 128/66/128/139 136/74/136/147 139/77/139/150 
f 563/520/563/593 566/550/566/623 567/551/567/624 
f 563/520/563/593 567/551/567/624 565/552/565/625 
f 568/553/568/626 569/554/569/627 570/555/570/628 
f 568/553/568/626 570/555/570/628 571/556/571/629 
f 572/557/572/630 573/558/573/631 574/559/574/632 
f 572/557/572/630 574/559/574/632 575/560/575/633 
f 576/561/576/634 577/562/577/635 578/563/578/636 
f 576/561/576/634 578/563/578/636 579/564/579/637 
f 580/565/580/638 581/566/581/639 582/567/582/640 
f 580/565/580/638 582/567/582/640 583/568/583/641 
f 584/569/584/642 585/570/585/643 586/571/586/644 
f 584/569/584/642 586/571/586/644 587/572/587/645 
f 588/573/588/646 589/574/589/647 590/575/590/648 
f 588/573/588/646 590/575/590/648 591/576/591/649 
f 592/577/592/650 593/578/593/651 594/579/594/652 
f 592/577/592/650 594/579/594/652 595/580/595/653 
f 581/566/581/639 126/64/126/137 566/550/566/623 
f 581/566/581/639 566/550/566/623 582/567/582/640 
f 587/572/587/645 586/571/586/644 571/556/571/629 
f 587/572/587/645 571/556/571/629 570/555/570/628 
f 589/574/589/647 572/557/572/630 575/560/575/633 
f 589/574/589/647 575/560/575/633 590/575/590/648 
f 595/580/595/653 594/579/594/652 577/562/577/635 
f 595/580/595/653 577/562/577/635 576/561/576/634 
f 573/558/573/631 580/565/580/638 583/568/583/641 
f 573/558/573/631 583/568/583/641 574/559/574/632 
f 579/564/579/637 578/563/578/636 585/570/585/643 
f 579/564/579/637 585/570/585/643 584/569/584/642 
f 568/553/568/626 588/573/588/646 591/576/591/649 
f 568/553/568/626 591/576/591/649 569/554/569/627 
f 593/578/593/651 592/577/592/650 567/581/567/654 
f 593/578/593/651 567/581/567/654 129/582/129/655 
f 569/554/569/627 193/135/193/208 192/134/192/207 
f 569/554/569/627 192/134/192/207 570/555/570/628 
f 574/559/574/632 254/200/254/273 253/199/253/272 
f 574/559/574/632 253/199/253/272 575/560/575/633 
f 576/561/576/634 579/564/579/637 318/264/318/337 
f 576/561/576/634 318/264/318/337 317/263/317/336 
f 582/567/582/640 376/325/376/398 375/324/375/397 
f 582/567/582/640 375/324/375/397 583/568/583/641 
f 584/569/584/642 587/572/587/645 434/385/434/458 
f 584/569/584/642 434/385/434/458 433/384/433/457 
f 590/575/590/648 492/445/492/518 491/444/491/517 
f 590/575/590/648 491/444/491/517 591/576/591/649 
f 592/577/592/650 595/580/595/653 544/499/544/572 
f 592/577/592/650 544/499/544/572 543/498/543/571 
f 566/550/566/623 563/520/563/593 376/325/376/398 
f 566/550/566/623 376/325/376/398 582/567/582/640 
f 587/572/587/645 570/555/570/628 192/134/192/207 
f 587/572/587/645 192/134/192/207 434/385/434/458 
f 575/560/575/633 253/199/253/272 492/445/492/518 
f 575/560/575/633 492/445/492/518 590/575/590/648 
f 595/580/595/653 576/561/576/634 317/263/317/336 
f 595/580/595/653 317/263/317/336 544/499/544/572 
f 583/568/583/641 375/324/375/397 254/200/254/273 
f 583/568/583/641 254/200/254/273 574/559/574/632 
f 579/564/579/637 584/569/584/642 433/384/433/457 
f 579/564/579/637 433/384/433/457 318/264/318/337 
f 591/576/591/649 491/444/491/517 193/135/193/208 
f 591/576/591/649 193/135/193/208 569/554/569/627 
f 592/577/592/650 543/498/543/571 565/541/565/614 
f 592/577/592/650 565/541/565/614 567/581/567/654 
f 19/583/19/656 71/519/71/592 563/520/563/593 
f 19/583/19/656 563/520/563/593 565/552/565/625 
f 567/551/567/624 566/550/566/623 126/64/126/137 
f 567/551/567/624 126/64/126/137 129/67/129/140 
f 219/163/219/236 568/553/568/626 571/556/571/629 
f 219/163/219/236 571/556/571/629 509/463/509/536 
f 456/408/456/481 341/289/341/362 573/558/573/631 
f 456/408/456/481 573/558/573/631 572/557/572/630 
f 577/562/577/635 398/348/398/421 282/228/282/301 
f 577/562/577/635 282/228/282/301 578/563/578/636 
f 340/288/340/361 561/517/561/590 581/566/581/639 
f 340/288/340/361 581/566/581/639 580/565/580/638 
f 585/570/585/643 281/227/281/300 510/464/510/537 
f 585/570/585/643 510/464/510/537 586/571/586/644 
f 218/162/218/235 457/409/457/482 589/574/589/647 
f 218/162/218/235 589/574/589/647 588/573/588/646 
f 593/578/593/651 159/99/159/172 399/349/399/422 
f 593/578/593/651 399/349/399/422 594/579/594/652 
f 561/517/561/590 127/65/127/138 126/64/126/137 
f 561/517/561/590 126/64/126/137 581/566/581/639 
f 586/571/586/644 510/464/510/537 509/463/509/536 
f 586/571/586/644 509/463/509/536 571/556/571/629 
f 457/409/457/482 456/408/456/481 572/557/572/630 
f 457/409/457/482 572/557/572/630 589/574/589/647 
f 594/579/594/652 399/349/399/422 398/348/398/421 
f 594/579/594/652 398/348/398/421 577/562/577/635 
f 341/289/341/362 340/288/340/361 580/565/580/638 
f 341/289/341/362 580/565/580/638 573/558/573/631 
f 578/563/578/636 282/228/282/301 281/227/281/300 
f 578/563/578/636 281/227/281/300 585/570/585/643 
f 218/162/218/235 588/573/588/646 568/553/568/626 
f 218/162/218/235 568/553/568/626 219/163/219/236 
f 159/99/159/172 593/578/593/651 129/582/129/655 
f 159/99/159/172 129/582/129/655 128/100/128/173 
f 596/584/596/657 150/90/150/163 153/93/153/166 
f 596/584/596/657 153/93/153/166 597/585/597/658 
f 214/158/214/231 598/586/598/659 599/587/599/660 
f 214/158/214/231 599/587/599/660 215/159/215/232 
f 277/223/277/296 600/588/600/661 601/589/601/662 
f 277/223/277/296 601/589/601/662 278/224/278/297 
f 336/284/336/357 602/590/602/663 603/591/603/664 
f 336/284/336/357 603/591/603/664 337/285/337/358 
f 394/344/394/417 604/592/604/665 605/593/605/666 
f 394/344/394/417 605/593/605/666 395/345/395/418 
f 452/404/452/477 606/594/606/667 607/595/607/668 
f 452/404/452/477 607/595/607/668 453/405/453/478 
f 505/459/505/532 608/596/608/669 609/597/609/670 
f 505/459/505/532 609/597/609/670 506/460/506/533 
f 557/513/557/586 610/598/610/671 611/599/611/672 
f 557/513/557/586 611/599/611/672 558/514/558/587 
f 151/91/151/164 150/90/150/163 604/592/604/665 
f 151/91/151/164 604/592/604/665 394/344/394/417 
f 215/159/215/232 599/587/599/660 606/594/606/667 
f 215/159/215/232 606/594/606/667 452/404/452/477 
f 278/224/278/297 601/589/601/662 608/596/608/669 
f 278/224/278/297 608/596/608/669 505/459/505/532 
f 337/285/337/358 603/591/603/664 610/598/610/671 
f 337/285/337/358 610/598/610/671 557/513/557/586 
f 395/345/395/418 605/593/605/666 600/588/600/661 
f 395/345/395/418 600/588/600/661 277/223/277/296 
f 453/405/453/478 607/595/607/668 602/590/602/663 
f 453/405/453/478 602/590/602/663 336/284/336/357 
f 506/460/506/533 609/597/609/670 598/586/598/659 
f 506/460/506/533 598/586/598/659 214/158/214/231 
f 558/514/558/587 611/599/611/672 153/600/153/673 
f 558/514/558/587 153/600/153/673 152/548/152/621 
f 598/586/598/659 612/601/612/674 613/602/613/675 
f 598/586/598/659 613/602/613/675 599/587/599/660 
f 600/588/600/661 614/603/614/676 615/604/615/677 
f 600/588/600/661 615/604/615/677 601/589/601/662 
f 602/590/602/663 616/605/616/678 617/606/617/679 
f 602/590/602/663 617/606/617/679 603/591/603/664 
f 604/592/604/665 618/607/618/680 619/608/619/681 
f 604/592/604/665 619/608/619/681 605/593/605/666 
f 606/594/606/667 620/609/620/682 621/610/621/683 
f 606/594/606/667 621/610/621/683 607/595/607/668 
f 608/596/608/669 622/611/622/684 623/612/623/685 
f 608/596/608/669 623/612/623/685 609/597/609/670 
f 610/598/610/671 624/613/624/686 625/614/625/687 
f 610/598/610/671 625/614/625/687 611/599/611/672 
f 150/90/150/163 596/584/596/657 618/607/618/680 
f 150/90/150/163 618/607/618/680 604/592/604/665 
f 599/587/599/660 613/602/613/675 620/609/620/682 
f 599/587/599/660 620/609/620/682 606/594/606/667 
f 601/589/601/662 615/604/615/677 622/611/622/684 
f 601/589/601/662 622/611/622/684 608/596/608/669 
f 603/591/603/664 617/606/617/679 624/613/624/686 
f 603/591/603/664 624/613/624/686 610/598/610/671 
f 605/593/605/666 619/608/619/681 614/603/614/676 
f 605/593/605/666 614/603/614/676 600/588/600/661 
f 607/595/607/668 621/610/621/683 616/605/616/678 
f 607/595/607/668 616/605/616/678 602/590/602/663 
f 609/597/609/670 623/612/623/685 612/601/612/674 
f 609/597/609/670 612/601/612/674 598/586/598/659 
f 611/599/611/672 625/614/625/687 597/615/597/688 
f 611/599/611/672 597/615/597/688 153/600/153/673 
f 562/518/562/591 596/584/596/657 597/585/597/658 
f 562/518/562/591 597/585/597/658 564/616/564/689 
f 254/200/254/273 69/521/69/594 50/197/50/270 
f 41/12/41/41 37/9/37/37 38/30/38/38 
f 41/12/41/41 38/30/38/38 626/617/626/690 
f 41/12/41/41 626/617/626/690 627/618/627/691 
f 41/12/41/41 627/618/627/691 55/28/55/55 
f 193/135/193/208 47/523/47/596 93/136/93/209 
f 86/12/86/94 83/9/83/90 45/30/45/92 
f 86/12/86/94 45/30/45/92 44/617/44/692 
f 86/12/86/94 44/617/44/692 51/618/51/693 
f 86/12/86/94 51/618/51/693 97/28/97/108 
f 32/1/32/32 45/33/45/45 84/619/84/694 
f 32/1/32/32 84/619/84/694 33/0/33/33 
f 47/18/47/47 33/0/33/33 84/619/84/694 
f 47/18/47/47 84/619/84/694 93/620/93/695 
f 318/264/318/337 89/522/89/595 23/265/23/338 
f 565/552/565/625 18/621/18/696 19/583/19/656 
f 69/521/69/697 59/0/59/698 39/31/39/699 
f 69/521/69/700 39/31/39/701 50/197/50/702 
f 59/0/59/703 58/1/58/704 38/30/38/705 
f 59/0/59/703 38/30/38/705 39/31/39/706 
f 38/30/38/705 58/1/58/704 67/16/67/707 
f 38/30/38/705 67/16/67/707 626/617/626/708 
f 627/618/627/709 626/617/626/708 67/16/67/707 
f 627/618/627/709 67/16/67/707 73/24/73/710 
f 612/601/612/674 185/127/185/200 184/126/184/199 
f 612/601/612/674 184/126/184/199 613/602/613/675 
f 614/603/614/676 246/190/246/263 245/189/245/262 
f 614/603/614/676 245/189/245/262 615/604/615/677 
f 616/605/616/678 310/256/310/329 309/255/309/328 
f 616/605/616/678 309/255/309/328 617/606/617/679 
f 619/608/619/681 618/607/618/680 368/316/368/389 
f 619/608/619/681 368/316/368/389 367/315/367/388 
f 621/610/621/683 620/609/620/682 426/376/426/449 
f 621/610/621/683 426/376/426/449 425/375/425/448 
f 623/612/623/685 622/611/622/684 484/436/484/509 
f 623/612/623/685 484/436/484/509 483/435/483/508 
f 625/614/625/687 624/613/624/686 536/490/536/563 
f 625/614/625/687 536/490/536/563 535/489/535/562 
f 596/584/596/657 562/518/562/591 368/316/368/389 
f 596/584/596/657 368/316/368/389 618/607/618/680 
f 613/602/613/675 184/126/184/199 426/376/426/449 
f 613/602/613/675 426/376/426/449 620/609/620/682 
f 615/604/615/677 245/189/245/262 484/436/484/509 
f 615/604/615/677 484/436/484/509 622/611/622/684 
f 617/606/617/679 309/255/309/328 536/490/536/563 
f 617/606/617/679 536/490/536/563 624/613/624/686 
f 614/603/614/676 619/608/619/681 367/315/367/388 
f 614/603/614/676 367/315/367/388 246/190/246/263 
f 616/605/616/678 621/610/621/683 425/375/425/448 
f 616/605/616/678 425/375/425/448 310/256/310/329 
f 612/601/612/674 623/612/623/685 483/435/483/508 
f 612/601/612/674 483/435/483/508 185/127/185/200 
f 597/615/597/688 625/614/625/687 535/489/535/562 
f 597/615/597/688 535/489/535/562 564/536/564/609 
f 148/88/148/161 562/518/562/591 564/616/564/689 
f 148/88/148/161 564/616/564/689 149/89/149/162 
f 155/95/155/168 154/94/154/167 125/63/125/136 
f 155/95/155/168 125/63/125/136 124/62/124/135 
f 213/157/213/230 212/156/212/229 191/133/191/206 
f 213/157/213/230 191/133/191/206 190/132/190/205 
f 276/222/276/295 275/221/275/294 252/196/252/269 
f 276/222/276/295 252/196/252/269 251/195/251/268 
f 316/262/316/335 335/283/335/356 334/282/334/355 
f 316/262/316/335 334/282/334/355 315/261/315/334 
f 393/343/393/416 392/342/392/415 374/322/374/395 
f 393/343/393/416 374/322/374/395 373/321/373/394 
f 432/382/432/455 451/403/451/476 450/402/450/475 
f 432/382/432/455 450/402/450/475 431/381/431/454 
f 504/458/504/531 503/457/503/530 490/442/490/515 
f 504/458/504/531 490/442/490/515 489/441/489/514 
f 542/496/542/569 556/512/556/585 555/511/555/584 
f 542/496/542/569 555/511/555/584 541/495/541/568 
f 154/94/154/167 393/343/393/416 373/321/373/394 
f 154/94/154/167 373/321/373/394 125/63/125/136 
f 191/133/191/206 212/156/212/229 451/403/451/476 
f 191/133/191/206 451/403/451/476 432/382/432/455 
f 275/221/275/294 504/458/504/531 489/441/489/514 
f 275/221/275/294 489/441/489/514 252/196/252/269 
f 315/261/315/334 334/282/334/355 556/512/556/585 
f 315/261/315/334 556/512/556/585 542/496/542/569 
f 392/342/392/415 276/222/276/295 251/195/251/268 
f 392/342/392/415 251/195/251/268 374/322/374/395 
f 431/381/431/454 450/402/450/475 335/283/335/356 
f 431/381/431/454 335/283/335/356 316/262/316/335 
f 503/457/503/530 213/157/213/230 190/132/190/205 
f 503/457/503/530 190/132/190/205 490/442/490/515 
f 555/511/555/584 155/547/155/620 124/539/124/612 
f 555/511/555/584 124/539/124/612 541/495/541/568 
