v -980.9242 218.2483 178.7777
v -980.0713 235.6087 178.7777
v -960.5704 233.688 178.7777
v -961.3289 218.2483 178.7777
v -803.8079 375.7692 231.9312
v -826.8931 373.8766 231.9312
v -826.8931 373.8766 178.7778
v -803.8079 375.7692 178.7778
v -803.8079 410.4053 231.9312
v -831.9692 408.0965 231.9312
v -803.8079 404.4529 170.313
v -831.0968 402.2156 170.313
v -831.9692 408.0964 170.313
v -803.8079 410.4053 170.313
v -647.0454 233.6879 178.7777
v -627.5444 235.6086 178.7777
v -626.6917 218.2481 178.7777
v -646.2869 218.2481 178.7777
v -780.7225 373.8766 178.7778
v -780.7225 373.8766 231.9312
v -775.6465 408.0965 231.9312
v -775.6465 408.0965 170.313
v -776.5188 402.2156 170.313
v -909.4651 334.823 231.9312
v -930.1775 311.9704 231.9312
v -930.1775 311.9704 178.7777
v -909.4651 334.823 178.7778
v -932.6973 360.4557 231.9312
v -957.964 332.5782 231.9312
v -928.7046 356.0506 170.313
v -953.1887 329.0367 170.313
v -957.964 332.5782 170.313
v -932.6973 360.4557 170.313
v -856.811 366.3825 231.9312
v -884.6923 353.1958 231.9312
v -884.6923 353.1958 178.7778
v -856.811 366.3825 178.7778
v -868.4656 398.9546 231.9312
v -902.4773 382.8683 231.9312
v -866.4628 393.3569 170.313
v -899.4209 377.769 170.313
v -902.4773 382.8683 170.313
v -868.4656 398.9546 170.313
v -946.0337 285.5161 231.9312
v -956.4241 256.4766 231.9312
v -956.4241 256.4766 178.7777
v -946.0337 285.5161 178.7777
v -989.1528 267.1992 231.9312
v -989.1528 264.6747 231.9312
v -977.3066 300.307 231.9312
v -977.3066 300.307 170.3129
v -983.4176 282.4984 170.6803
v -984.4963 279.6207 171.7278
v -698.1506 334.8229 178.7778
v -677.4382 311.9703 178.7777
v -677.4382 311.9703 231.9312
v -698.1506 334.8229 231.9312
v -649.6519 332.5781 231.9312
v -674.9185 360.4556 231.9312
v -674.9185 360.4556 170.313
v -649.6519 332.5781 170.313
v -654.427 329.0365 170.313
v -678.9111 356.0505 170.313
v -661.582 285.5159 178.7777
v -651.1917 256.4765 178.7777
v -651.1917 256.4765 231.9312
v -661.582 285.5159 231.9312
v -619.9907 264.5266 233.3264
v -619.9907 267.051 233.3264
v -630.3092 300.3069 231.9312
v -619.9907 267.051 171.7083
v -619.9907 264.5266 171.7083
v -623.4011 263.4377 170.3129
v -630.3092 300.3069 170.3129
v -635.6836 297.765 170.3129
v -750.8044 366.3825 178.7778
v -722.9233 353.1957 178.7778
v -722.9233 353.1957 231.9312
v -750.8044 366.3825 231.9312
v -705.1384 382.8682 231.9312
v -739.15 398.9546 231.9312
v -739.15 398.9546 170.313
v -705.1384 382.8682 170.313
v -708.1948 377.7688 170.313
v -741.1528 393.3569 170.313
v -971.9321 297.7651 170.3129
v -960.5704 233.688 231.9311
v -989.1528 236.5031 231.9312
v -647.0454 233.6879 231.9311
v -619.9907 236.355 233.3264
v -619.9907 236.3526 171.7083
v -975.4093 261.2322 178.7777
v -983.7477 235.9698 175.351
v -983.5337 255.92 172.2004
v -632.2065 261.2321 178.7777
v -922.6086 349.3247 178.7778
v -894.7542 369.983 178.7778
v -863.4045 384.8101 178.7778
v -829.7649 393.2365 178.7778
v -963.7263 293.884 178.7777
v -945.8977 323.6292 178.7777
v -712.8616 369.9829 178.7778
v -685.0071 349.3246 178.7778
v -661.718 323.6291 178.7777
v -643.8895 293.8839 178.7777
v -777.8507 393.2365 178.7778
v -744.2109 384.8101 178.7778
v -983.4176 265.0213 170.6682
v -983.4419 263.1172 170.9887
v -803.8079 395.3645 178.7778
v -961.3289 218.2483 231.9311
v -989.1528 218.2483 231.9311
v -646.2869 218.2481 231.9311
v -619.9907 218.1001 233.3264
v -983.3911 218.2483 176.4801
v -619.9907 218.2481 172.5366
v -1041.229 311.188 106.4022
v -1041.229 324.512 91.7014
v -994.6396 324.512 91.7014
v -994.6396 311.188 106.4022
v -1041.229 335.9951 131.2094
v -1041.229 351.6312 113.9576
v -983.4176 331.7319 126.9461
v -983.4176 346.9706 110.1328
v -983.4176 351.6312 113.9576
v -983.4176 335.9951 131.2094
v -994.6396 325.2225 120.4368
v -994.6396 309.0786 135.0688
v -994.6396 296.4872 119.7261
v -993.061 325.2225 120.4368
v -993.061 309.0786 135.0688
v -983.4176 314.9185 142.1848
v -1041.229 244.9236 146.7437
v -1041.229 263.6979 141.0255
v -994.6396 263.6979 141.0255
v -994.6396 244.9236 146.7437
v -1041.229 258.3491 179.1557
v -1041.229 280.2357 171.9657
v -992.3988 258.3491 179.1557
v -989.1528 267.1992 176.2491
v -994.6396 373.3509 48.4077
v -994.6396 364.0352 68.104
v -994.6396 346.5309 58.7478
v -994.6396 355.0138 40.8122
v -993.061 373.3509 48.4077
v -993.061 364.0352 68.104
v -983.4176 381.8557 51.9305
v -983.4176 372.1538 72.4435
v -1041.229 355.0138 40.8122
v -1041.229 361.6978 22.1316
v -994.6396 361.6978 22.1316
v -1041.229 387.4259 54.2378
v -1041.229 395.2698 32.3156
v -983.4175 389.5003 30.5654
v -983.4175 395.2698 32.3156
v -983.4176 387.4259 54.2378
v -994.6396 252.519 165.0807
v -994.6396 232.068 168.7768
v -994.6396 226.3064 149.7836
v -993.061 252.519 165.0807
v -993.061 232.068 168.7768
v -1041.229 211.5431 150.4763
v -1041.229 215.2339 150.3031
v -994.6396 215.2339 150.3031
v -994.6396 211.5431 150.4763
v -1041.229 211.5431 184.8848
v -1041.229 217.7799 184.5025
v -983.4176 211.5431 184.8848
v -983.4176 217.7799 184.5025
v -994.6396 385.9852 6.7579
v -994.6396 380.6911 27.8932
v -994.6396 366.5187 2.8858
v -993.061 385.9852 6.7579
v -993.061 380.6911 27.8932
v -983.4175 395.0139 8.5539
v -1041.229 336.3309 75.7655
v -1041.229 346.5309 58.7478
v -994.6396 336.3309 75.7655
v -1041.229 365.501 95.2563
v -1041.229 377.471 75.2856
v -983.4176 360.488 91.9067
v -983.4176 377.471 75.2856
v -983.4176 365.501 95.2563
v -994.6396 280.5512 131.545
v -994.6396 291.5781 148.0479
v -994.6396 273.0541 158.5298
v -993.061 291.5781 148.0479
v -993.061 273.0541 158.53
v -983.4176 296.6924 155.7021
v -983.4176 277.3936 166.6485
v -1041.229 280.5512 131.545
v -1041.229 296.4872 119.7261
v -1041.229 300.042 160.7151
v -1041.229 318.7433 146.8454
v -983.4176 318.7433 146.8454
v -983.4176 300.042 160.7151
v -994.6396 352.8338 86.7924
v -994.6396 339.8546 104.2928
v -993.061 352.8338 86.7924
v -993.061 339.8546 104.2928
v -1041.229 366.5187 2.8858
v -1041.229 369.4299 -16.7399
v -994.6396 369.4299 -16.7399
v -1041.229 400.9272 9.7301
v -1041.229 404.3435 -13.3012
v -983.4175 398.3434 -13.8921
v -983.4175 404.3435 -13.3012
v -983.4175 400.9272 9.7301
v -994.6396 389.1822 -14.7944
v -993.061 389.1822 -14.7944
v -994.6396 216.6743 169.6513
v -993.061 216.6743 169.6513
v -1041.229 226.3064 149.7836
v -1041.229 236.4904 183.3555
v -983.4176 236.4904 183.3555
v -1041.229 370.3813 -36.1056
v -994.6396 370.3813 -36.1056
v -1041.229 405.4638 -36.1056
v -983.4175 399.4347 -36.1056
v -983.4175 405.4638 -36.1056
v -994.6396 211.5431 169.9428
v -993.061 211.5431 169.9428
v -983.4176 211.5431 176.6075
v 93.8654 233.5401 180.173
v 113.3662 235.4608 180.173
v 114.2191 218.1003 180.173
v 94.6238 218.1003 180.173
v -39.812 373.7287 180.1731
v -39.812 373.7287 233.3265
v -62.8973 375.6213 233.3265
v -62.8973 375.6213 180.1731
v -34.7359 407.9486 233.3265
v -62.8972 410.2574 233.3265
v -34.7359 407.9485 171.7083
v -35.6083 402.0677 171.7083
v -62.8972 404.305 171.7083
v -62.8972 410.2574 171.7083
v -240.0135 218.1002 180.173
v -239.1606 235.4607 180.173
v -219.6597 233.54 180.173
v -220.4182 218.1002 180.173
v -85.9825 373.7287 233.3265
v -85.9825 373.7287 180.1731
v -91.0586 407.9486 233.3265
v -90.1863 402.0677 171.7083
v -91.0586 407.9486 171.7083
v 63.4724 311.8224 180.173
v 63.4724 311.8224 233.3264
v 42.76 334.6751 233.3265
v 42.76 334.6751 180.1731
v 91.2589 332.4303 233.3265
v 65.9921 360.3078 233.3265
v 91.2589 332.4303 171.7083
v 86.4836 328.8887 171.7083
v 61.9996 355.9027 171.7083
v 65.9921 360.3078 171.7083
v 17.9872 353.0479 180.1731
v 17.9872 353.0479 233.3265
v -9.8939 366.2346 233.3265
v -9.8939 366.2346 180.1731
v 35.7722 382.7204 233.3265
v 1.7606 398.8067 233.3265
v 35.7722 382.7204 171.7083
v 32.7158 377.621 171.7083
v -0.2423 393.209 171.7083
v 1.7606 398.8067 171.7083
v 89.7191 256.3287 180.173
v 89.7191 256.3287 233.3264
v 79.3286 285.3681 233.3264
v 79.3286 285.3681 180.173
v 122.4476 264.5268 233.3264
v 122.4476 267.0513 233.3264
v 110.6015 300.1591 233.3264
v 122.4476 267.0513 171.7083
v 122.4476 264.5268 171.7083
v 117.5096 263.2899 171.7083
v 105.2271 297.6172 171.7083
v 110.6015 300.1591 171.7083
v -189.2668 311.8224 233.3264
v -189.2668 311.8224 180.173
v -168.5544 334.675 180.1731
v -168.5544 334.675 233.3265
v -217.0533 332.4302 233.3265
v -191.7866 360.3077 233.3265
v -212.2781 328.8886 171.7083
v -217.0533 332.4302 171.7083
v -191.7866 360.3077 171.7083
v -187.7941 355.9026 171.7083
v -215.5134 256.3286 233.3264
v -215.5134 256.3286 180.173
v -205.123 285.368 180.173
v -205.123 285.368 233.3264
v -248.7715 265.5714 233.3264
v -248.7715 264.6593 233.3264
v -236.3959 300.159 233.3264
v -243.304 263.2898 171.7083
v -248.7715 264.6593 171.7083
v -248.7715 265.5714 171.7083
v -236.3959 300.159 171.7083
v -231.0215 297.6171 171.7083
v -143.7817 353.0478 233.3265
v -143.7817 353.0478 180.1731
v -115.9006 366.2346 180.1731
v -115.9006 366.2346 233.3265
v -161.5667 382.7203 233.3265
v -127.5551 398.8067 233.3265
v -158.5103 377.6209 171.7083
v -161.5667 382.7203 171.7083
v -127.5551 398.8067 171.7083
v -125.5522 393.209 171.7083
v 93.8654 233.5401 233.3264
v 122.4477 236.3552 233.3264
v -219.6597 233.54 233.3264
v -248.7715 236.4073 233.3264
v -248.7715 236.3701 171.7083
v 108.7042 261.0842 180.173
v 122.4477 236.3528 171.7083
v -234.4987 261.0842 180.173
v 28.0491 369.8351 180.1731
v 55.9036 349.1768 180.1731
v -36.9402 393.0886 180.1731
v -3.3004 384.6622 180.1731
v 79.1926 323.4813 180.173
v 97.0212 293.7361 180.173
v -153.8435 369.835 180.1731
v -181.698 349.1767 180.1731
v -204.987 323.4812 180.173
v -222.8156 293.736 180.173
v -88.8544 393.0885 180.1731
v -122.4941 384.6622 180.1731
v -62.8973 395.2166 180.1731
v 94.6238 218.1003 233.3264
v 122.4477 218.1003 233.3264
v -220.4182 218.1002 233.3264
v -248.7715 218.1002 233.3264
v 122.4477 218.1003 172.509
v -248.7715 218.1002 172.0159
v -611.7622 218.1001 180.173
v -610.9093 235.4605 180.173
v -591.4084 233.5399 180.173
v -592.1669 218.1001 180.173
v -434.6459 375.6212 233.3265
v -457.7312 373.7286 233.3265
v -457.7312 373.7286 180.1731
v -434.6459 375.6212 180.1731
v -434.6459 410.2573 233.3265
v -462.8073 407.9485 233.3265
v -434.646 404.3049 171.7083
v -461.9349 402.0676 171.7083
v -462.8073 407.9484 171.7083
v -434.646 410.2573 171.7083
v -277.8833 233.54 180.173
v -258.3824 235.4607 180.173
v -257.5295 218.1002 180.173
v -277.1248 218.1002 180.173
v -411.5605 373.7286 180.1731
v -411.5605 373.7286 233.3265
v -406.4846 407.9485 233.3265
v -406.4846 407.9485 171.7083
v -407.3569 402.0676 171.7083
v -540.3031 334.6749 233.3265
v -561.0155 311.8223 233.3264
v -561.0155 311.8223 180.173
v -540.3031 334.6749 180.1731
v -563.5354 360.3076 233.3265
v -588.802 332.4301 233.3265
v -559.5427 355.9025 171.7083
v -584.0267 328.8885 171.7083
v -588.802 332.4301 171.7083
v -563.5354 360.3076 171.7083
v -487.6492 366.2345 233.3265
v -515.5303 353.0477 233.3265
v -515.5303 353.0477 180.1731
v -487.6492 366.2345 180.1731
v -499.3037 398.8066 233.3265
v -533.3154 382.7202 233.3265
v -497.3008 393.2089 171.7083
v -530.2589 377.6208 171.7083
v -533.3154 382.7202 171.7083
v -499.3037 398.8065 171.7083
v -576.8717 285.3679 233.3264
v -587.2622 256.3285 233.3264
v -587.2622 256.3285 180.173
v -576.8717 285.3679 180.173
v -608.1445 300.1589 233.3264
v -615.0527 263.2896 171.7083
v -602.7701 297.617 171.7083
v -608.1445 300.1589 171.7083
v -328.9886 334.675 180.1731
v -308.2762 311.8223 180.173
v -308.2762 311.8223 233.3264
v -328.9886 334.675 233.3265
v -280.4897 332.4302 233.3265
v -305.7565 360.3077 233.3265
v -305.7565 360.3077 171.7083
v -280.4897 332.4301 171.7083
v -285.265 328.8886 171.7083
v -309.749 355.9026 171.7083
v -292.42 285.368 180.173
v -282.0295 256.3286 180.173
v -282.0295 256.3286 233.3264
v -292.42 285.368 233.3264
v -261.1472 300.159 233.3264
v -254.2391 263.2898 171.7083
v -261.1472 300.159 171.7083
v -266.5215 297.6171 171.7083
v -381.6426 366.2345 180.1731
v -353.7615 353.0477 180.1731
v -353.7615 353.0477 233.3265
v -381.6426 366.2345 233.3265
v -335.9764 382.7203 233.3265
v -369.9882 398.8066 233.3265
v -369.9882 398.8066 171.7083
v -335.9764 382.7203 171.7083
v -339.0328 377.6209 171.7083
v -371.991 393.2089 171.7083
v -591.4084 233.5399 233.3264
v -277.8833 233.54 233.3264
v -606.2473 261.084 180.173
v -263.0444 261.0841 180.173
v -553.4467 349.1766 180.1731
v -525.5923 369.8349 180.1731
v -494.2427 384.6621 180.1731
v -460.603 393.0884 180.1731
v -594.5642 293.7359 180.173
v -576.7356 323.4811 180.173
v -343.6996 369.8349 180.1731
v -315.8451 349.1766 180.1731
v -292.5562 323.4812 180.173
v -274.7275 293.736 180.173
v -408.6887 393.0884 180.1731
v -375.0491 384.6621 180.1731
v -434.6459 395.2165 180.1731
v -592.1669 218.1001 233.3264
v -277.1249 218.1002 233.3264
v 130.6763 218.1003 180.173
v 131.5291 235.4608 180.173
v 151.03 233.5401 180.173
v 150.2715 218.1003 180.173
v 307.7925 375.6214 233.3265
v 284.7072 373.7288 233.3265
v 284.7072 373.7288 180.1731
v 307.7925 375.6214 180.1731
v 307.7925 410.2575 233.3265
v 279.6312 407.9487 233.3265
v 307.7925 404.3051 171.7083
v 280.5035 402.0678 171.7083
v 279.6311 407.9487 171.7083
v 307.7925 410.2575 171.7083
v 464.5551 233.5403 180.173
v 484.056 235.4609 180.173
v 484.9089 218.1005 180.173
v 465.3135 218.1005 180.173
v 330.8778 373.7288 180.1731
v 330.8778 373.7288 233.3265
v 335.9538 407.9487 233.3265
v 335.9539 407.9487 171.7083
v 335.0815 402.0679 171.7083
v 202.1353 334.6752 233.3265
v 181.4229 311.8225 233.3264
v 181.4229 311.8225 180.173
v 202.1353 334.6752 180.1731
v 178.9031 360.3079 233.3265
v 153.6364 332.4303 233.3265
v 182.8957 355.9027 171.7083
v 158.4116 328.8887 171.7083
v 153.6364 332.4303 171.7083
v 178.9031 360.3079 171.7083
v 254.7892 366.2347 233.3265
v 226.9081 353.0479 233.3265
v 226.9081 353.0479 180.1731
v 254.7892 366.2347 180.1731
v 243.1347 398.8068 233.3265
v 209.123 382.7205 233.3265
v 245.1376 393.2091 171.7083
v 212.1794 377.6211 171.7083
v 209.123 382.7205 171.7083
v 243.1347 398.8068 171.7083
v 165.5667 285.3682 233.3264
v 155.1763 256.3287 233.3264
v 155.1763 256.3287 180.173
v 165.5667 285.3682 180.173
v 134.2938 300.1591 233.3264
v 127.3857 263.2899 171.7083
v 139.6682 297.6172 171.7083
v 134.2938 300.1591 171.7083
v 413.4498 334.6752 180.1731
v 434.1622 311.8226 180.173
v 434.1622 311.8226 233.3264
v 413.4498 334.6752 233.3265
v 461.9486 332.4304 233.3265
v 436.6819 360.308 233.3265
v 436.6819 360.308 171.7083
v 461.9486 332.4304 171.7083
v 457.1734 328.8889 171.7083
v 432.6893 355.9028 171.7083
v 450.0184 285.3683 180.173
v 460.4088 256.3289 180.173
v 460.4088 256.3289 233.3264
v 450.0184 285.3683 233.3264
v 491.6097 264.1443 233.3264
v 491.6097 271.321 233.3264
v 481.2912 300.1593 233.3264
v 491.6097 271.321 171.7083
v 491.6097 264.1443 171.7083
v 488.1993 263.2901 171.7083
v 481.2912 300.1592 171.7083
v 475.9168 297.6173 171.7083
v 360.7958 366.2348 180.1731
v 388.6769 353.048 180.1731
v 388.6769 353.048 233.3265
v 360.7958 366.2348 233.3265
v 406.462 382.7205 233.3265
v 372.4503 398.8068 233.3265
v 372.4503 398.8068 171.7083
v 406.462 382.7205 171.7083
v 403.4055 377.6212 171.7083
v 370.4474 393.2092 171.7083
v 151.03 233.5401 233.3264
v 464.5551 233.5403 233.3264
v 491.6097 236.2049 233.3264
v 491.6097 236.2049 173.1035
v 136.1912 261.0843 180.173
v 479.394 261.0844 180.173
v 188.9917 349.1768 180.1731
v 216.8462 369.8351 180.1731
v 248.1957 384.6623 180.1731
v 281.8354 393.0887 180.1731
v 147.8741 293.7361 180.173
v 165.7028 323.4813 180.173
v 398.7388 369.8352 180.1731
v 426.5933 349.1769 180.1731
v 449.8823 323.4814 180.173
v 467.7109 293.7362 180.173
v 333.7496 393.0887 180.1731
v 367.3893 384.6624 180.1731
v 307.7925 395.2167 180.1731
v 150.2715 218.1003 233.3264
v 465.3135 218.1005 233.3264
v 491.6097 218.1005 233.3264
v 491.6097 218.1005 173.9319
v 832.1895 233.5404 180.173
v 851.6904 235.4611 180.173
v 852.5433 218.1006 180.173
v 832.9479 218.1006 180.173
v 698.5121 373.729 180.1731
v 698.5121 373.729 233.3265
v 675.4268 375.6216 233.3265
v 675.4268 375.6216 180.1731
v 703.5882 407.9489 233.3265
v 675.4268 410.2576 233.3265
v 703.5882 407.9489 171.7083
v 702.7158 402.068 171.7083
v 675.4269 404.3053 171.7083
v 675.4269 410.2576 171.7083
v 498.3106 218.1005 180.173
v 499.1635 235.461 180.173
v 518.6644 233.5403 180.173
v 517.9059 218.1005 180.173
v 652.3416 373.729 233.3265
v 652.3416 373.729 180.1731
v 647.2655 407.9489 233.3265
v 648.1378 402.068 171.7083
v 647.2655 407.9489 171.7083
v 801.7966 311.8228 180.173
v 801.7966 311.8228 233.3264
v 781.0842 334.6754 233.3265
v 781.0842 334.6754 180.1731
v 829.5831 332.4306 233.3265
v 804.3162 360.3081 233.3265
v 829.5831 332.4306 171.7083
v 824.8078 328.889 171.7083
v 800.3236 355.903 171.7083
v 804.3162 360.3081 171.7083
v 756.3113 353.0482 180.1731
v 756.3113 353.0482 233.3265
v 728.4301 366.2349 233.3265
v 728.4301 366.2349 180.1731
v 774.0963 382.7207 233.3265
v 740.0847 398.807 233.3265
v 774.0963 382.7207 171.7083
v 771.0399 377.6213 171.7083
v 738.0818 393.2093 171.7083
v 740.0847 398.807 171.7083
v 828.0432 256.329 180.173
v 828.0432 256.329 233.3264
v 817.6526 285.3684 233.3264
v 817.6526 285.3684 180.173
v 860.7718 264.5271 233.3264
v 860.7718 267.0516 233.3264
v 848.9256 300.1594 233.3264
v 856.1153 279.4731 173.1231
v 855.0367 282.3508 172.0757
v 848.9256 300.1594 171.7083
v 549.0573 311.8227 233.3264
v 549.0573 311.8227 180.173
v 569.7696 334.6753 180.1731
v 569.7696 334.6753 233.3265
v 521.2708 332.4305 233.3265
v 546.5375 360.308 233.3265
v 526.0461 328.8889 171.7083
v 521.2708 332.4305 171.7083
v 546.5375 360.308 171.7083
v 550.5301 355.9029 171.7083
v 522.8107 256.3289 233.3264
v 522.8107 256.3289 180.173
v 533.2011 285.3683 180.173
v 533.2011 285.3683 233.3264
v 501.9282 300.1593 233.3264
v 495.0201 263.2901 171.7083
v 501.9282 300.1593 171.7083
v 507.3026 297.6174 171.7083
v 594.5424 353.0481 233.3265
v 594.5424 353.0481 180.1731
v 622.4235 366.2349 180.1731
v 622.4235 366.2349 233.3265
v 576.7574 382.7206 233.3265
v 610.769 398.8069 233.3265
v 579.8139 377.6212 171.7083
v 576.7574 382.7206 171.7083
v 610.769 398.8069 171.7083
v 612.7719 393.2093 171.7083
v 843.5512 297.6175 171.7083
v 832.1895 233.5404 233.3264
v 860.7718 236.3555 233.3264
v 518.6644 233.5403 233.3264
v 847.0284 261.0846 180.173
v 855.1526 255.7723 173.5957
v 855.3668 235.8222 176.7464
v 503.8255 261.0844 180.173
v 766.3731 369.8354 180.1731
v 794.2276 349.1771 180.1731
v 701.3839 393.0888 180.1731
v 735.0236 384.6625 180.1731
v 817.5167 323.4816 180.173
v 835.3453 293.7364 180.173
v 584.4805 369.8353 180.1731
v 556.6262 349.1769 180.1731
v 533.3371 323.4815 180.173
v 515.5085 293.7363 180.173
v 649.4697 393.0888 180.1731
v 615.83 384.6625 180.1731
v 855.0367 264.8737 172.0634
v 855.0609 262.9696 172.384
v 675.4268 395.2169 180.1731
v 832.9479 218.1006 233.3264
v 860.7718 218.1006 233.3264
v 517.9059 218.1005 233.3264
v 855.0101 218.1006 177.8754
v 866.2586 369.2823 -15.3446
v 866.2586 389.0346 -13.3991
v 866.2586 390.0883 -36.1056
v 866.2586 370.2404 -36.1056
v 864.68 389.0346 -13.3991
v 864.68 390.0883 -36.1056
v 855.0366 398.1958 -12.4968
v 855.0366 399.2938 -36.1056
v 866.2586 324.3643 93.0967
v 912.8481 324.3643 93.0967
v 912.8481 311.0403 107.7975
v 866.2586 311.0403 107.7975
v 912.8481 351.4836 115.3529
v 912.8481 335.8475 132.6046
v 855.0367 351.4836 115.3529
v 855.0367 346.823 111.5281
v 855.0367 331.5842 128.3414
v 855.0367 335.8475 132.6046
v 866.2586 296.3395 121.1214
v 866.2586 308.9309 136.4641
v 866.2586 325.075 121.8321
v 864.6801 308.9309 136.4641
v 864.6801 325.075 121.8321
v 855.0367 314.7709 143.58
v 866.2586 263.5502 142.4209
v 912.8481 263.5502 142.4209
v 912.8481 244.776 148.1389
v 866.2586 244.776 148.1389
v 912.8481 280.0881 173.3609
v 912.8481 258.2015 180.551
v 860.7718 267.0516 177.6444
v 864.0179 258.2015 180.5509
v 866.2586 346.3833 60.1431
v 866.2586 363.8876 69.4993
v 866.2586 373.2032 49.803
v 866.2586 354.8662 42.2075
v 864.68 363.8876 69.4993
v 864.68 373.2032 49.803
v 855.0367 372.0062 73.8388
v 855.0367 381.7081 53.3258
v 866.2586 361.5502 23.5269
v 912.848 361.5502 23.5269
v 912.848 354.8662 42.2075
v 912.848 395.1222 33.7109
v 912.848 387.2783 55.6331
v 855.0366 395.1222 33.7109
v 855.0366 389.3527 31.9607
v 855.0367 387.2783 55.6331
v 866.2586 226.1588 151.1789
v 866.2586 231.9203 170.1721
v 866.2586 252.3714 166.476
v 864.6801 231.9203 170.1721
v 864.6801 252.3714 166.476
v 866.2586 215.0863 151.6984
v 912.8481 215.0863 151.6984
v 912.8481 211.3955 151.8716
v 866.2586 211.3955 151.8716
v 912.8481 217.6323 185.8977
v 912.8481 211.3955 186.2801
v 855.0367 217.6323 185.8977
v 855.0367 211.3955 186.2801
v 866.2586 380.5435 29.2885
v 866.2586 385.8376 8.1532
v 866.2586 366.3711 4.2811
v 864.68 380.5435 29.2885
v 864.68 385.8376 8.1532
v 855.0366 394.8663 9.9492
v 912.848 346.3833 60.1431
v 912.848 336.1833 77.1608
v 866.2586 336.1833 77.1608
v 912.848 377.3234 76.6809
v 912.848 365.3534 96.6516
v 855.0367 377.3234 76.6809
v 855.0367 360.3403 93.302
v 855.0367 365.3534 96.6516
v 866.2586 280.4036 132.9404
v 866.2586 272.9065 159.9251
v 866.2586 291.4305 149.4433
v 864.6801 272.9065 159.9251
v 864.6801 291.4305 149.4433
v 855.0367 277.2459 168.0437
v 855.0367 296.5448 157.0974
v 912.8481 296.3395 121.1214
v 912.8481 280.4036 132.9404
v 912.8481 318.5957 148.2406
v 912.8481 299.8944 162.1104
v 855.0367 318.5957 148.2406
v 855.0367 299.8944 162.1104
v 866.2586 339.707 105.6881
v 866.2586 352.6862 88.1877
v 864.6801 339.707 105.6881
v 864.68 352.6862 88.1877
v 912.848 369.2823 -15.3446
v 912.848 366.3711 4.2811
v 912.848 404.1959 -11.9059
v 912.848 400.7795 11.1254
v 855.0366 404.1959 -11.9059
v 855.0366 400.7795 11.1254
v 866.2586 216.5267 171.0466
v 864.6801 216.5267 171.0466
v 912.8481 226.1588 151.1789
v 912.8481 236.3427 184.7508
v 855.0367 236.3427 184.7508
v 912.848 370.2404 -36.1056
v 912.848 405.3229 -36.1056
v 855.0366 405.3229 -36.1056
v 866.2586 211.3955 171.3381
v 864.6801 211.3955 171.3381
v 855.0367 211.3955 178.0028
v -994.6396 390.2292 -36.1056
v -993.061 390.2292 -36.1056
v -960.5704 233.688 -250.9892
v -980.0713 235.6087 -250.9892
v -980.9242 218.2484 -250.9892
v -961.3289 218.2484 -250.9892
v -826.8931 373.8766 -250.9891
v -826.8931 373.8766 -304.1425
v -803.8079 375.7693 -304.1425
v -803.8079 375.7692 -250.9891
v -831.9692 408.0966 -304.1425
v -803.8079 410.4054 -304.1425
v -831.9692 408.0964 -242.5242
v -831.0968 402.2156 -242.5242
v -803.8079 404.4529 -242.5242
v -803.8079 410.4053 -242.5242
v -626.6917 218.2481 -250.9892
v -627.5444 235.6086 -250.9892
v -647.0454 233.6879 -250.9892
v -646.2869 218.2481 -250.9892
v -780.7225 373.8766 -304.1425
v -780.7225 373.8766 -250.9891
v -775.6465 408.0966 -304.1425
v -776.5188 402.2156 -242.5242
v -775.6465 408.0965 -242.5242
v -930.1775 311.9704 -250.9892
v -930.1775 311.9705 -304.1425
v -909.4651 334.8231 -304.1425
v -909.4651 334.823 -250.9891
v -957.964 332.5782 -304.1425
v -932.6973 360.4557 -304.1425
v -957.964 332.5782 -242.5242
v -953.1887 329.0367 -242.5242
v -928.7046 356.0506 -242.5242
v -932.6973 360.4557 -242.5242
v -884.6923 353.1958 -250.9891
v -884.6923 353.1959 -304.1425
v -856.811 366.3826 -304.1425
v -856.811 366.3825 -250.9891
v -902.4773 382.8683 -304.1425
v -868.4656 398.9547 -304.1425
v -902.4773 382.8683 -242.5242
v -899.4209 377.769 -242.5242
v -866.4628 393.3569 -242.5242
v -868.4656 398.9546 -242.5242
v -956.4241 256.4766 -250.9892
v -956.4241 256.4767 -304.1426
v -946.0337 285.5162 -304.1425
v -946.0337 285.5161 -250.9892
v -989.1528 264.6748 -304.1426
v -989.1528 267.1992 -304.1426
v -977.3066 300.3071 -304.1425
v -984.4963 279.6207 -243.9393
v -983.4176 282.4984 -242.8918
v -977.3066 300.307 -242.5243
v -677.4382 311.9704 -304.1425
v -677.4382 311.9703 -250.9892
v -698.1506 334.8229 -250.9891
v -698.1506 334.823 -304.1425
v -649.6519 332.5782 -304.1425
v -674.9185 360.4557 -304.1425
v -654.427 329.0365 -242.5242
v -649.6519 332.5781 -242.5242
v -674.9185 360.4556 -242.5242
v -678.9111 356.0505 -242.5242
v -651.1917 256.4766 -304.1426
v -651.1917 256.4765 -250.9892
v -661.582 285.5159 -250.9892
v -661.582 285.516 -304.1425
v -619.9907 267.0511 -305.5379
v -619.9907 264.5267 -305.5379
v -630.3092 300.3069 -304.1425
v -623.4011 263.4377 -242.5243
v -619.9907 264.5266 -243.9196
v -619.9907 267.051 -243.9196
v -630.3092 300.3069 -242.5243
v -635.6836 297.765 -242.5243
v -722.9233 353.1958 -304.1425
v -722.9233 353.1957 -250.9891
v -750.8044 366.3825 -250.9891
v -750.8044 366.3826 -304.1425
v -705.1384 382.8683 -304.1425
v -739.15 398.9547 -304.1425
v -708.1948 377.7688 -242.5242
v -705.1384 382.8682 -242.5242
v -739.15 398.9546 -242.5242
v -741.1528 393.3569 -242.5242
v -971.9321 297.7651 -242.5243
v -960.5704 233.688 -304.1426
v -989.1528 236.5031 -304.1426
v -647.0454 233.6879 -304.1426
v -619.9907 236.355 -305.5379
v -619.9907 236.3526 -243.9196
v -975.4093 261.2322 -250.9892
v -983.5337 255.92 -244.4118
v -983.7477 235.9698 -247.5625
v -632.2065 261.2321 -250.9892
v -894.7542 369.983 -250.9891
v -922.6086 349.3247 -250.9891
v -829.7649 393.2365 -250.9891
v -863.4045 384.8101 -250.9891
v -945.8977 323.6292 -250.9892
v -963.7263 293.884 -250.9892
v -712.8616 369.9829 -250.9891
v -685.0071 349.3246 -250.9891
v -661.718 323.6291 -250.9892
v -643.8895 293.8839 -250.9892
v -777.8507 393.2365 -250.9891
v -744.2109 384.8101 -250.9891
v -983.4176 265.0213 -242.8795
v -983.4419 263.1172 -243.2001
v -803.8079 395.3645 -250.9891
v -961.3289 218.2484 -304.1426
v -989.1528 218.2484 -304.1426
v -646.2869 218.2481 -304.1426
v -619.9907 218.1001 -305.5379
v -983.3911 218.2484 -248.6915
v -619.9907 218.2481 -244.748
v -994.6396 324.512 -163.9128
v -1041.229 324.512 -163.9128
v -1041.229 311.188 -178.6136
v -994.6396 311.188 -178.6136
v -1041.229 351.6312 -186.1689
v -1041.229 335.9951 -203.4206
v -983.4176 351.6312 -186.1689
v -983.4176 346.9706 -182.344
v -983.4176 331.7319 -199.1574
v -983.4176 335.9951 -203.4206
v -994.6396 296.4872 -191.9376
v -994.6396 309.0786 -207.2802
v -994.6396 325.2225 -192.6481
v -993.061 309.0786 -207.2802
v -993.061 325.2225 -192.6481
v -983.4176 314.9185 -214.3961
v -994.6396 263.6979 -213.237
v -1041.229 263.6979 -213.237
v -1041.229 244.9236 -218.955
v -994.6396 244.9236 -218.955
v -1041.229 280.2357 -244.177
v -1041.229 258.3491 -251.3671
v -989.1528 267.1992 -248.4606
v -992.3988 258.3491 -251.3671
v -994.6396 346.5309 -130.959
v -994.6396 364.0352 -140.3153
v -994.6396 373.3509 -120.619
v -994.6396 355.0138 -113.0235
v -993.061 364.0352 -140.3153
v -993.061 373.3509 -120.619
v -983.4176 372.1538 -144.6547
v -983.4176 381.8557 -124.1418
v -994.6396 361.6978 -94.3429
v -1041.229 361.6978 -94.3429
v -1041.229 355.0138 -113.0235
v -1041.229 395.2698 -104.5268
v -1041.229 387.4259 -126.449
v -983.4175 395.2698 -104.5268
v -983.4175 389.5003 -102.7766
v -983.4176 387.4259 -126.449
v -994.6396 226.3064 -221.995
v -994.6396 232.068 -240.9883
v -994.6396 252.519 -237.2921
v -993.061 232.068 -240.9883
v -993.061 252.519 -237.2921
v -994.6396 215.2339 -222.5146
v -1041.229 215.2339 -222.5146
v -1041.229 211.5431 -222.6878
v -994.6396 211.5431 -222.6878
v -1041.229 217.78 -256.7139
v -1041.229 211.5432 -257.0963
v -983.4176 217.78 -256.7139
v -983.4176 211.5432 -257.0963
v -994.6396 380.6911 -100.1044
v -994.6396 385.9852 -78.9692
v -994.6396 366.5187 -75.0971
v -993.061 380.6911 -100.1044
v -993.061 385.9852 -78.9692
v -983.4175 395.0139 -80.7651
v -1041.229 346.5309 -130.959
v -1041.229 336.3309 -147.9767
v -994.6396 336.3309 -147.9767
v -1041.229 377.471 -147.4969
v -1041.229 365.501 -167.4676
v -983.4176 377.471 -147.4968
v -983.4176 360.488 -164.118
v -983.4176 365.501 -167.4676
v -994.6396 280.5512 -203.7565
v -994.6396 273.0541 -230.7413
v -994.6396 291.5781 -220.2594
v -993.061 273.0541 -230.7413
v -993.061 291.5781 -220.2594
v -983.4176 277.3936 -238.8598
v -983.4176 296.6924 -227.9136
v -1041.229 296.4872 -191.9376
v -1041.229 280.5512 -203.7565
v -1041.229 318.7433 -219.0567
v -1041.229 300.042 -232.9266
v -983.4176 318.7433 -219.0567
v -983.4176 300.042 -232.9266
v -994.6396 339.8546 -176.5041
v -994.6396 352.8338 -159.0036
v -993.061 339.8546 -176.5041
v -993.061 352.8338 -159.0036
v -994.6396 369.4299 -55.4714
v -1041.229 369.4299 -55.4714
v -1041.229 366.5187 -75.0971
v -1041.229 404.3435 -58.9101
v -1041.229 400.9272 -81.9413
v -983.4175 404.3435 -58.9101
v -983.4175 398.3434 -58.3191
v -983.4175 400.9272 -81.9413
v -994.6396 389.1822 -57.4168
v -993.061 389.1822 -57.4168
v -994.6396 216.6743 -241.8628
v -993.061 216.6743 -241.8628
v -1041.229 226.3064 -221.995
v -1041.229 236.4904 -255.567
v -983.4176 236.4904 -255.567
v -994.6396 211.5432 -242.1543
v -993.061 211.5432 -242.1543
v -983.4176 211.5432 -248.819
v 114.2191 218.1003 -252.3845
v 113.3662 235.4608 -252.3845
v 93.8654 233.5401 -252.3845
v 94.6238 218.1003 -252.3845
v -62.8973 375.6214 -305.5378
v -39.812 373.7288 -305.5378
v -39.812 373.7287 -252.3844
v -62.8973 375.6213 -252.3844
v -62.8972 410.2574 -305.5378
v -34.7359 407.9487 -305.5378
v -62.8972 404.305 -243.9195
v -35.6083 402.0677 -243.9195
v -34.7359 407.9485 -243.9195
v -62.8972 410.2574 -243.9195
v -219.6597 233.54 -252.3845
v -239.1606 235.4607 -252.3845
v -240.0135 218.1003 -252.3845
v -220.4182 218.1003 -252.3845
v -85.9825 373.7287 -252.3844
v -85.9825 373.7288 -305.5378
v -91.0586 407.9487 -305.5378
v -91.0586 407.9486 -243.9195
v -90.1863 402.0677 -243.9195
v 42.76 334.6752 -305.5378
v 63.4724 311.8224 -305.5378
v 63.4724 311.8224 -252.3845
v 42.76 334.6751 -252.3844
v 65.9921 360.3079 -305.5378
v 91.2589 332.4304 -305.5378
v 61.9996 355.9027 -243.9195
v 86.4836 328.8887 -243.9195
v 91.2589 332.4303 -243.9195
v 65.9921 360.3078 -243.9195
v -9.8939 366.2346 -305.5378
v 17.9872 353.048 -305.5378
v 17.9872 353.0479 -252.3844
v -9.8939 366.2346 -252.3844
v 1.7606 398.8068 -305.5378
v 35.7722 382.7205 -305.5378
v -0.2423 393.209 -243.9195
v 32.7158 377.621 -243.9195
v 35.7722 382.7204 -243.9195
v 1.7606 398.8067 -243.9195
v 79.3286 285.3682 -305.5378
v 89.7191 256.3288 -305.5379
v 89.7191 256.3287 -252.3845
v 79.3286 285.3681 -252.3845
v 122.4476 267.0514 -305.5379
v 122.4476 264.5269 -305.5379
v 110.6015 300.1591 -305.5378
v 117.5096 263.2899 -243.9196
v 122.4476 264.5268 -243.9196
v 122.4476 267.0513 -243.9196
v 105.2271 297.6172 -243.9196
v 110.6015 300.1591 -243.9196
v -168.5544 334.675 -252.3844
v -189.2668 311.8224 -252.3845
v -189.2668 311.8224 -305.5378
v -168.5544 334.675 -305.5378
v -217.0533 332.4303 -305.5378
v -191.7866 360.3078 -305.5378
v -191.7866 360.3077 -243.9195
v -217.0533 332.4302 -243.9195
v -212.2781 328.8886 -243.9195
v -187.7941 355.9026 -243.9195
v -205.123 285.368 -252.3845
v -215.5134 256.3286 -252.3845
v -215.5134 256.3287 -305.5379
v -205.123 285.3681 -305.5378
v -248.7715 264.6594 -305.5379
v -248.7715 265.5715 -305.5379
v -236.3959 300.1591 -305.5378
v -248.7715 265.5714 -243.9196
v -248.7715 264.6593 -243.9196
v -243.304 263.2898 -243.9196
v -236.3959 300.159 -243.9196
v -231.0215 297.6171 -243.9196
v -115.9006 366.2346 -252.3844
v -143.7817 353.0478 -252.3844
v -143.7817 353.0479 -305.5378
v -115.9006 366.2346 -305.5378
v -161.5667 382.7204 -305.5378
v -127.5551 398.8068 -305.5378
v -127.5551 398.8067 -243.9195
v -161.5667 382.7203 -243.9195
v -158.5103 377.6209 -243.9195
v -125.5522 393.209 -243.9195
v 93.8654 233.5401 -305.5379
v 122.4477 236.3552 -305.5379
v -219.6597 233.54 -305.5379
v -248.7715 236.4073 -305.5379
v -248.7715 236.3701 -243.9196
v 108.7042 261.0842 -252.3845
v 122.4477 236.3528 -243.9196
v -234.4987 261.0842 -252.3845
v 55.9036 349.1768 -252.3844
v 28.0491 369.8351 -252.3844
v -3.3004 384.6622 -252.3844
v -36.9402 393.0886 -252.3844
v 97.0212 293.7361 -252.3845
v 79.1926 323.4813 -252.3845
v -153.8435 369.835 -252.3844
v -181.698 349.1767 -252.3844
v -204.987 323.4812 -252.3845
v -222.8156 293.736 -252.3845
v -88.8544 393.0885 -252.3844
v -122.4941 384.6622 -252.3844
v -62.8973 395.2166 -252.3844
v 94.6238 218.1003 -305.5379
v 122.4477 218.1003 -305.5379
v -220.4182 218.1003 -305.5379
v -248.7715 218.1003 -305.5379
v 122.4477 218.1003 -244.7205
v -248.7715 218.1003 -244.2273
v -591.4084 233.5399 -252.3845
v -610.9093 235.4605 -252.3845
v -611.7622 218.1001 -252.3845
v -592.1669 218.1001 -252.3845
v -457.7312 373.7286 -252.3844
v -457.7312 373.7287 -305.5378
v -434.6459 375.6212 -305.5378
v -434.6459 375.6212 -252.3844
v -462.8073 407.9485 -305.5378
v -434.6459 410.2574 -305.5378
v -462.8073 407.9484 -243.9195
v -461.9349 402.0676 -243.9195
v -434.646 404.3049 -243.9195
v -434.646 410.2573 -243.9195
v -257.5295 218.1003 -252.3845
v -258.3824 235.4607 -252.3845
v -277.8833 233.54 -252.3845
v -277.1248 218.1003 -252.3845
v -411.5605 373.7287 -305.5378
v -411.5605 373.7286 -252.3844
v -406.4846 407.9485 -305.5378
v -407.3569 402.0676 -243.9195
v -406.4846 407.9485 -243.9195
v -561.0155 311.8223 -252.3845
v -561.0155 311.8224 -305.5378
v -540.3031 334.675 -305.5378
v -540.3031 334.6749 -252.3844
v -588.802 332.4302 -305.5378
v -563.5354 360.3076 -305.5378
v -588.802 332.4301 -243.9195
v -584.0267 328.8885 -243.9195
v -559.5427 355.9025 -243.9195
v -563.5354 360.3076 -243.9195
v -515.5303 353.0477 -252.3844
v -515.5303 353.0478 -305.5378
v -487.6492 366.2346 -305.5378
v -487.6492 366.2345 -252.3844
v -533.3154 382.7203 -305.5378
v -499.3037 398.8067 -305.5378
v -533.3154 382.7202 -243.9195
v -530.2589 377.6208 -243.9195
v -497.3008 393.2089 -243.9195
v -499.3037 398.8065 -243.9195
v -587.2622 256.3285 -252.3845
v -587.2622 256.3286 -305.5379
v -576.8717 285.368 -305.5378
v -576.8717 285.3679 -252.3845
v -608.1445 300.159 -305.5378
v -615.0527 263.2896 -243.9196
v -602.7701 297.617 -243.9196
v -608.1445 300.1589 -243.9196
v -308.2762 311.8224 -305.5378
v -308.2762 311.8223 -252.3845
v -328.9886 334.675 -252.3844
v -328.9886 334.675 -305.5378
v -305.7565 360.3078 -305.5378
v -280.4897 332.4303 -305.5378
v -285.265 328.8886 -243.9195
v -280.4897 332.4301 -243.9195
v -305.7565 360.3077 -243.9195
v -309.749 355.9026 -243.9195
v -282.0295 256.3287 -305.5379
v -282.0295 256.3286 -252.3845
v -292.42 285.368 -252.3845
v -292.42 285.3681 -305.5378
v -261.1472 300.1591 -305.5378
v -254.2391 263.2898 -243.9196
v -261.1472 300.159 -243.9196
v -266.5215 297.6171 -243.9196
v -353.7615 353.0478 -305.5378
v -353.7615 353.0477 -252.3844
v -381.6426 366.2345 -252.3844
v -381.6426 366.2346 -305.5378
v -369.9882 398.8067 -305.5378
v -335.9764 382.7204 -305.5378
v -339.0328 377.6209 -243.9195
v -335.9764 382.7203 -243.9195
v -369.9882 398.8066 -243.9195
v -371.991 393.2089 -243.9195
v -591.4084 233.5399 -305.5379
v -277.8833 233.54 -305.5379
v -606.2473 261.084 -252.3845
v -263.0444 261.0841 -252.3845
v -525.5923 369.8349 -252.3844
v -553.4467 349.1766 -252.3844
v -460.603 393.0884 -252.3844
v -494.2427 384.6621 -252.3844
v -576.7356 323.4811 -252.3845
v -594.5642 293.7359 -252.3845
v -343.6996 369.8349 -252.3844
v -315.8451 349.1766 -252.3844
v -292.5562 323.4812 -252.3845
v -274.7275 293.736 -252.3845
v -408.6887 393.0884 -252.3844
v -375.0491 384.6621 -252.3844
v -434.6459 395.2165 -252.3844
v -592.1669 218.1001 -305.5379
v -277.1249 218.1003 -305.5379
v 151.03 233.5401 -252.3845
v 131.5291 235.4608 -252.3845
v 130.6763 218.1003 -252.3845
v 150.2715 218.1003 -252.3845
v 284.7072 373.7288 -252.3844
v 284.7072 373.7289 -305.5378
v 307.7925 375.6215 -305.5378
v 307.7925 375.6214 -252.3844
v 279.6312 407.9488 -305.5378
v 307.7925 410.2576 -305.5378
v 279.6311 407.9487 -243.9195
v 280.5035 402.0678 -243.9195
v 307.7925 404.3051 -243.9195
v 307.7925 410.2575 -243.9195
v 484.9089 218.1005 -252.3845
v 484.056 235.461 -252.3845
v 464.5551 233.5403 -252.3845
v 465.3135 218.1005 -252.3845
v 330.8778 373.7289 -305.5378
v 330.8778 373.7288 -252.3844
v 335.9538 407.9488 -305.5378
v 335.0815 402.0679 -243.9195
v 335.9539 407.9487 -243.9195
v 181.4229 311.8225 -252.3845
v 181.4229 311.8226 -305.5378
v 202.1353 334.6753 -305.5378
v 202.1353 334.6752 -252.3844
v 153.6364 332.4304 -305.5378
v 178.9031 360.308 -305.5378
v 153.6364 332.4303 -243.9195
v 158.4116 328.8887 -243.9195
v 182.8957 355.9027 -243.9195
v 178.9031 360.3079 -243.9195
v 226.9081 353.0479 -252.3844
v 226.9081 353.048 -305.5378
v 254.7892 366.2348 -305.5378
v 254.7892 366.2347 -252.3844
v 209.123 382.7206 -305.5378
v 243.1347 398.8069 -305.5378
v 209.123 382.7205 -243.9195
v 212.1794 377.6211 -243.9195
v 245.1376 393.2091 -243.9195
v 243.1347 398.8068 -243.9195
v 155.1763 256.3287 -252.3845
v 155.1763 256.3288 -305.5379
v 165.5667 285.3683 -305.5378
v 165.5667 285.3682 -252.3845
v 134.2938 300.1591 -305.5378
v 127.3857 263.2899 -243.9196
v 139.6682 297.6172 -243.9196
v 134.2938 300.1591 -243.9196
v 434.1622 311.8227 -305.5378
v 434.1622 311.8226 -252.3845
v 413.4498 334.6752 -252.3844
v 413.4498 334.6753 -305.5378
v 436.6819 360.3081 -305.5378
v 461.9486 332.4305 -305.5378
v 457.1734 328.8889 -243.9195
v 461.9486 332.4304 -243.9195
v 436.6819 360.308 -243.9195
v 432.6893 355.9028 -243.9195
v 460.4088 256.3289 -305.5379
v 460.4088 256.3289 -252.3845
v 450.0184 285.3683 -252.3845
v 450.0184 285.3683 -305.5378
v 491.6097 271.3211 -305.5379
v 491.6097 264.1443 -305.5379
v 481.2912 300.1594 -305.5378
v 488.1993 263.2901 -243.9196
v 491.6097 264.1443 -243.9196
v 491.6097 271.321 -243.9196
v 481.2912 300.1592 -243.9196
v 475.9168 297.6173 -243.9196
v 388.6769 353.0481 -305.5378
v 388.6769 353.048 -252.3844
v 360.7958 366.2348 -252.3844
v 360.7958 366.2349 -305.5378
v 372.4503 398.8069 -305.5378
v 406.462 382.7206 -305.5378
v 403.4055 377.6212 -243.9195
v 406.462 382.7205 -243.9195
v 372.4503 398.8068 -243.9195
v 370.4474 393.2092 -243.9195
v 151.03 233.5401 -305.5379
v 464.5551 233.5403 -305.5379
v 491.6097 236.2049 -305.5379
v 491.6097 236.2049 -245.3148
v 136.1912 261.0843 -252.3845
v 479.394 261.0844 -252.3845
v 216.8462 369.8351 -252.3844
v 188.9917 349.1768 -252.3844
v 281.8354 393.0887 -252.3844
v 248.1957 384.6623 -252.3844
v 165.7028 323.4813 -252.3845
v 147.8741 293.7361 -252.3845
v 398.7388 369.8352 -252.3844
v 426.5933 349.1769 -252.3844
v 449.8823 323.4814 -252.3845
v 467.7109 293.7362 -252.3845
v 333.7496 393.0887 -252.3844
v 367.3893 384.6624 -252.3844
v 307.7925 395.2167 -252.3844
v 150.2715 218.1003 -305.5379
v 465.3135 218.1005 -305.5379
v 491.6097 218.1005 -305.5379
v 491.6097 218.1005 -246.1433
v 852.5433 218.1006 -252.3845
v 851.6904 235.4612 -252.3845
v 832.1895 233.5405 -252.3845
v 832.9479 218.1006 -252.3845
v 675.4268 375.6217 -305.5378
v 698.5121 373.7291 -305.5378
v 698.5121 373.729 -252.3844
v 675.4268 375.6216 -252.3844
v 675.4268 410.2577 -305.5378
v 703.5882 407.949 -305.5378
v 675.4269 404.3053 -243.9195
v 702.7158 402.068 -243.9195
v 703.5882 407.9489 -243.9195
v 675.4269 410.2576 -243.9195
v 518.6644 233.5403 -252.3845
v 499.1635 235.461 -252.3845
v 498.3106 218.1005 -252.3845
v 517.9059 218.1005 -252.3845
v 652.3416 373.729 -252.3844
v 652.3416 373.7291 -305.5378
v 647.2655 407.949 -305.5378
v 647.2655 407.9489 -243.9195
v 648.1378 402.068 -243.9195
v 781.0842 334.6755 -305.5378
v 801.7966 311.8229 -305.5378
v 801.7966 311.8228 -252.3845
v 781.0842 334.6754 -252.3844
v 804.3162 360.3082 -305.5378
v 829.5831 332.4307 -305.5378
v 800.3236 355.903 -243.9195
v 824.8078 328.889 -243.9195
v 829.5831 332.4306 -243.9195
v 804.3162 360.3081 -243.9195
v 728.4301 366.235 -305.5378
v 756.3113 353.0482 -305.5378
v 756.3113 353.0482 -252.3844
v 728.4301 366.2349 -252.3844
v 740.0847 398.8071 -305.5378
v 774.0963 382.7208 -305.5378
v 738.0818 393.2093 -243.9195
v 771.0399 377.6213 -243.9195
v 774.0963 382.7207 -243.9195
v 740.0847 398.807 -243.9195
v 817.6526 285.3685 -305.5378
v 828.0432 256.3291 -305.5379
v 828.0432 256.329 -252.3845
v 817.6526 285.3684 -252.3845
v 860.7718 267.0517 -305.5379
v 860.7718 264.5272 -305.5379
v 848.9256 300.1595 -305.5378
v 848.9256 300.1594 -243.9196
v 855.0367 282.3508 -244.287
v 856.1153 279.4731 -245.3345
v 569.7696 334.6753 -252.3844
v 549.0573 311.8227 -252.3845
v 549.0573 311.8228 -305.5378
v 569.7696 334.6754 -305.5378
v 521.2708 332.4306 -305.5378
v 546.5375 360.3081 -305.5378
v 546.5375 360.308 -243.9195
v 521.2708 332.4305 -243.9195
v 526.0461 328.8889 -243.9195
v 550.5301 355.9029 -243.9195
v 533.2011 285.3683 -252.3845
v 522.8107 256.3289 -252.3845
v 522.8107 256.3289 -305.5379
v 533.2011 285.3683 -305.5378
v 501.9282 300.1594 -305.5378
v 495.0201 263.2901 -243.9196
v 501.9282 300.1593 -243.9196
v 507.3026 297.6174 -243.9196
v 622.4235 366.2349 -252.3844
v 594.5424 353.0481 -252.3844
v 594.5424 353.0482 -305.5378
v 622.4235 366.235 -305.5378
v 576.7574 382.7207 -305.5378
v 610.769 398.8069 -305.5378
v 610.769 398.8069 -243.9195
v 576.7574 382.7206 -243.9195
v 579.8139 377.6212 -243.9195
v 612.7719 393.2093 -243.9195
v 843.5512 297.6175 -243.9196
v 832.1895 233.5405 -305.5379
v 860.7718 236.3555 -305.5379
v 518.6644 233.5403 -305.5379
v 847.0284 261.0846 -252.3845
v 855.3668 235.8223 -248.9577
v 855.1526 255.7723 -245.8071
v 503.8255 261.0844 -252.3845
v 794.2276 349.1771 -252.3844
v 766.3731 369.8354 -252.3844
v 735.0236 384.6625 -252.3844
v 701.3839 393.0888 -252.3844
v 835.3453 293.7364 -252.3845
v 817.5167 323.4816 -252.3845
v 584.4805 369.8353 -252.3844
v 556.6262 349.1769 -252.3844
v 533.3371 323.4815 -252.3845
v 515.5085 293.7363 -252.3845
v 649.4697 393.0888 -252.3844
v 615.83 384.6625 -252.3844
v 855.0367 264.8737 -244.2749
v 855.0609 262.9696 -244.5954
v 675.4268 395.2169 -252.3844
v 832.9479 218.1006 -305.5379
v 860.7718 218.1006 -305.5379
v 517.9059 218.1005 -305.5379
v 855.0101 218.1006 -250.0868
v 866.2586 389.0346 -58.8121
v 866.2586 369.2823 -56.8667
v 864.68 389.0346 -58.8121
v 855.0366 398.1958 -59.7144
v 912.8481 311.0403 -180.0089
v 912.8481 324.3643 -165.3081
v 866.2586 324.3643 -165.3081
v 866.2586 311.0403 -180.0089
v 912.8481 335.8475 -204.8159
v 912.8481 351.4836 -187.5641
v 855.0367 331.5842 -200.5526
v 855.0367 346.823 -183.7393
v 855.0367 351.4836 -187.5641
v 855.0367 335.8475 -204.8159
v 866.2586 325.075 -194.0435
v 866.2586 308.9309 -208.6755
v 866.2586 296.3395 -193.3329
v 864.6801 325.075 -194.0435
v 864.6801 308.9309 -208.6755
v 855.0367 314.7709 -215.7915
v 912.8481 244.776 -220.3504
v 912.8481 263.5502 -214.6322
v 866.2586 263.5502 -214.6322
v 866.2586 244.776 -220.3504
v 912.8481 258.2015 -252.7624
v 912.8481 280.0881 -245.5724
v 864.0179 258.2015 -252.7624
v 860.7718 267.0516 -249.8559
v 866.2586 373.2032 -122.0143
v 866.2586 363.8876 -141.7105
v 866.2586 346.3833 -132.3543
v 866.2586 354.8662 -114.4188
v 864.68 373.2032 -122.0143
v 864.68 363.8876 -141.7105
v 855.0367 381.7081 -125.5371
v 855.0367 372.0062 -146.05
v 912.848 354.8662 -114.4188
v 912.848 361.5502 -95.7382
v 866.2586 361.5502 -95.7382
v 912.848 387.2783 -127.8443
v 912.848 395.1222 -105.9221
v 855.0366 389.3527 -104.1719
v 855.0366 395.1222 -105.9221
v 855.0367 387.2783 -127.8443
v 866.2586 252.3714 -238.6873
v 866.2586 231.9203 -242.3836
v 866.2586 226.1588 -223.3903
v 864.6801 252.3714 -238.6873
v 864.6801 231.9203 -242.3836
v 912.8481 211.3955 -224.0831
v 912.8481 215.0863 -223.9099
v 866.2586 215.0863 -223.9099
v 866.2586 211.3955 -224.0831
v 912.8481 211.3955 -258.4915
v 912.8481 217.6323 -258.1092
v 855.0367 211.3955 -258.4915
v 855.0367 217.6323 -258.1092
v 866.2586 385.8376 -80.3645
v 866.2586 380.5435 -101.4997
v 866.2586 366.3711 -76.4923
v 864.68 385.8376 -80.3645
v 864.68 380.5435 -101.4997
v 855.0366 394.8663 -82.1604
v 912.848 336.1833 -149.372
v 912.848 346.3833 -132.3543
v 866.2586 336.1833 -149.372
v 912.848 365.3534 -168.8629
v 912.848 377.3234 -148.8921
v 855.0367 360.3403 -165.5133
v 855.0367 377.3234 -148.8921
v 855.0367 365.3534 -168.8629
v 866.2586 280.4036 -205.1517
v 866.2586 291.4305 -221.6546
v 866.2586 272.9065 -232.1366
v 864.6801 291.4305 -221.6546
v 864.6801 272.9065 -232.1366
v 855.0367 296.5448 -229.3089
v 855.0367 277.2459 -240.2552
v 912.8481 280.4036 -205.1517
v 912.8481 296.3395 -193.3327
v 912.8481 299.8944 -234.3219
v 912.8481 318.5957 -220.4521
v 855.0367 318.5957 -220.4521
v 855.0367 299.8944 -234.3219
v 866.2586 352.6862 -160.3989
v 866.2586 339.707 -177.8994
v 864.68 352.6862 -160.3989
v 864.6801 339.707 -177.8994
v 912.848 366.3711 -76.4923
v 912.848 369.2823 -56.8667
v 912.848 400.7795 -83.3366
v 912.848 404.1959 -60.3054
v 855.0366 404.1959 -60.3054
v 855.0366 400.7795 -83.3366
v 866.2586 216.5267 -243.2581
v 864.6801 216.5267 -243.2581
v 912.8481 226.1588 -223.3903
v 912.8481 236.3427 -256.9623
v 855.0367 236.3427 -256.9623
v 866.2586 211.3955 -243.5496
v 864.6801 211.3955 -243.5496
v 855.0367 211.3955 -250.2142
gi 0 0 0 0
gw 0.0 0.0 0.0 0.0
gi 0 0 0 0
gw 0.0 0.0 0.0 0.0
gi 0 0 0 0
gw 0.0 0.0 0.0 0.0
gi 0 0 0 0
gw 0.0 0.0 0.0 0.0
gi 0 0 0 0
gw 0.0 0.0 0.0 0.0
gi 0 0 0 0
gw 0.0 0.0 0.0 0.0
gi 0 0 0 0
gw 0.0 0.0 0.0 0.0
gi 0 0 0 0
gw 0.0 0.0 0.0 0.0
gi 0 0 0 0
gw 0.0 0.0 0.0 0.0
gi 0 0 0 0
gw 0.0 0.0 0.0 0.0
gi 0 0 0 0
gw 0.0 0.0 0.0 0.0
gi 0 0 0 0
gw 0.0 0.0 0.0 0.0
gi 0 0 0 0
gw 0.0 0.0 0.0 0.0
gi 0 0 0 0
gw 0.0 0.0 0.0 0.0
gi 0 0 0 0
gw 0.0 0.0 0.0 0.0
gi 0 0 0 0
gw 0.0 0.0 0.0 0.0
gi 0 0 0 0
gw 0.0 0.0 0.0 0.0
gi 0 0 0 0
gw 0.0 0.0 0.0 0.0
gi 0 0 0 0
gw 0.0 0.0 0.0 0.0
gi 0 0 0 0
gw 0.0 0.0 0.0 0.0
gi 0 0 0 0
gw 0.0 0.0 0.0 0.0
gi 0 0 0 0
gw 0.0 0.0 0.0 0.0
gi 0 0 0 0
gw 0.0 0.0 0.0 0.0
gi 0 0 0 0
gw 0.0 0.0 0.0 0.0
gi 0 0 0 0
gw 0.0 0.0 0.0 0.0
gi 0 0 0 0
gw 0.0 0.0 0.0 0.0
gi 0 0 0 0
gw 0.0 0.0 0.0 0.0
gi 0 0 0 0
gw 0.0 0.0 0.0 0.0
gi 0 0 0 0
gw 0.0 0.0 0.0 0.0
gi 0 0 0 0
gw 0.0 0.0 0.0 0.0
gi 0 0 0 0
gw 0.0 0.0 0.0 0.0
gi 0 0 0 0
gw 0.0 0.0 0.0 0.0
gi 0 0 0 0
gw 0.0 0.0 0.0 0.0
gi 0 0 0 0
gw 0.0 0.0 0.0 0.0
gi 0 0 0 0
gw 0.0 0.0 0.0 0.0
gi 0 0 0 0
gw 0.0 0.0 0.0 0.0
gi 0 0 0 0
gw 0.0 0.0 0.0 0.0
gi 0 0 0 0
gw 0.0 0.0 0.0 0.0
gi 0 0 0 0
gw 0.0 0.0 0.0 0.0
gi 0 0 0 0
gw 0.0 0.0 0.0 0.0
gi 0 0 0 0
gw 0.0 0.0 0.0 0.0
gi 0 0 0 0
gw 0.0 0.0 0.0 0.0
gi 0 0 0 0
gw 0.0 0.0 0.0 0.0
gi 0 0 0 0
gw 0.0 0.0 0.0 0.0
gi 0 0 0 0
gw 0.0 0.0 0.0 0.0
gi 0 0 0 0
gw 0.0 0.0 0.0 0.0
gi 0 0 0 0
gw 0.0 0.0 0.0 0.0
gi 0 0 0 0
gw 0.0 0.0 0.0 0.0
gi 0 0 0 0
gw 0.0 0.0 0.0 0.0
gi 0 0 0 0
gw 0.0 0.0 0.0 0.0
gi 0 0 0 0
gw 0.0 0.0 0.0 0.0
gi 0 0 0 0
gw 0.0 0.0 0.0 0.0
gi 0 0 0 0
gw 0.0 0.0 0.0 0.0
gi 0 0 0 0
gw 0.0 0.0 0.0 0.0
gi 0 0 0 0
gw 0.0 0.0 0.0 0.0
gi 0 0 0 0
gw 0.0 0.0 0.0 0.0
gi 0 0 0 0
gw 0.0 0.0 0.0 0.0
gi 0 0 0 0
gw 0.0 0.0 0.0 0.0
gi 0 0 0 0
gw 0.0 0.0 0.0 0.0
gi 0 0 0 0
gw 0.0 0.0 0.0 0.0
gi 0 0 0 0
gw 0.0 0.0 0.0 0.0
gi 0 0 0 0
gw 0.0 0.0 0.0 0.0
gi 0 0 0 0
gw 0.0 0.0 0.0 0.0
gi 0 0 0 0
gw 0.0 0.0 0.0 0.0
gi 0 0 0 0
gw 0.0 0.0 0.0 0.0
gi 0 0 0 0
gw 0.0 0.0 0.0 0.0
gi 0 0 0 0
gw 0.0 0.0 0.0 0.0
gi 0 0 0 0
gw 0.0 0.0 0.0 0.0
gi 0 0 0 0
gw 0.0 0.0 0.0 0.0
gi 0 0 0 0
gw 0.0 0.0 0.0 0.0
gi 0 0 0 0
gw 0.0 0.0 0.0 0.0
gi 0 0 0 0
gw 0.0 0.0 0.0 0.0
gi 0 0 0 0
gw 0.0 0.0 0.0 0.0
gi 0 0 0 0
gw 0.0 0.0 0.0 0.0
gi 0 0 0 0
gw 0.0 0.0 0.0 0.0
gi 0 0 0 0
gw 0.0 0.0 0.0 0.0
gi 0 0 0 0
gw 0.0 0.0 0.0 0.0
gi 0 0 0 0
gw 0.0 0.0 0.0 0.0
gi 0 0 0 0
gw 0.0 0.0 0.0 0.0
gi 0 0 0 0
gw 0.0 0.0 0.0 0.0
gi 0 0 0 0
gw 0.0 0.0 0.0 0.0
gi 0 0 0 0
gw 0.0 0.0 0.0 0.0
gi 0 0 0 0
gw 0.0 0.0 0.0 0.0
gi 0 0 0 0
gw 0.0 0.0 0.0 0.0
gi 0 0 0 0
gw 0.0 0.0 0.0 0.0
gi 0 0 0 0
gw 0.0 0.0 0.0 0.0
gi 0 0 0 0
gw 0.0 0.0 0.0 0.0
gi 0 0 0 0
gw 0.0 0.0 0.0 0.0
gi 0 0 0 0
gw 0.0 0.0 0.0 0.0
gi 0 0 0 0
gw 0.0 0.0 0.0 0.0
gi 0 0 0 0
gw 0.0 0.0 0.0 0.0
gi 0 0 0 0
gw 0.0 0.0 0.0 0.0
gi 0 0 0 0
gw 0.0 0.0 0.0 0.0
gi 0 0 0 0
gw 0.0 0.0 0.0 0.0
gi 0 0 0 0
gw 0.0 0.0 0.0 0.0
gi 0 0 0 0
gw 0.0 0.0 0.0 0.0
gi 0 0 0 0
gw 0.0 0.0 0.0 0.0
gi 0 0 0 0
gw 0.0 0.0 0.0 0.0
gi 0 0 0 0
gw 0.0 0.0 0.0 0.0
gi 0 0 0 0
gw 0.0 0.0 0.0 0.0
gi 0 0 0 0
gw 0.0 0.0 0.0 0.0
gi 0 0 0 0
gw 0.0 0.0 0.0 0.0
gi 0 0 0 0
gw 0.0 0.0 0.0 0.0
gi 0 0 0 0
gw 0.0 0.0 0.0 0.0
gi 0 0 0 0
gw 0.0 0.0 0.0 0.0
gi 0 0 0 0
gw 0.0 0.0 0.0 0.0
gi 0 0 0 0
gw 0.0 0.0 0.0 0.0
gi 0 0 0 0
gw 0.0 0.0 0.0 0.0
gi 0 0 0 0
gw 0.0 0.0 0.0 0.0
gi 0 0 0 0
gw 0.0 0.0 0.0 0.0
gi 0 0 0 0
gw 0.0 0.0 0.0 0.0
gi 0 0 0 0
gw 0.0 0.0 0.0 0.0
gi 0 0 0 0
gw 0.0 0.0 0.0 0.0
gi 0 0 0 0
gw 0.0 0.0 0.0 0.0
gi 0 0 0 0
gw 0.0 0.0 0.0 0.0
gi 0 0 0 0
gw 0.0 0.0 0.0 0.0
gi 0 0 0 0
gw 0.0 0.0 0.0 0.0
gi 0 0 0 0
gw 0.0 0.0 0.0 0.0
gi 0 0 0 0
gw 0.0 0.0 0.0 0.0
gi 0 0 0 0
gw 0.0 0.0 0.0 0.0
gi 0 0 0 0
gw 0.0 0.0 0.0 0.0
gi 0 0 0 0
gw 0.0 0.0 0.0 0.0
gi 0 0 0 0
gw 0.0 0.0 0.0 0.0
gi 0 0 0 0
gw 0.0 0.0 0.0 0.0
gi 0 0 0 0
gw 0.0 0.0 0.0 0.0
gi 0 0 0 0
gw 0.0 0.0 0.0 0.0
gi 0 0 0 0
gw 0.0 0.0 0.0 0.0
gi 0 0 0 0
gw 0.0 0.0 0.0 0.0
gi 0 0 0 0
gw 0.0 0.0 0.0 0.0
gi 0 0 0 0
gw 0.0 0.0 0.0 0.0
gi 0 0 0 0
gw 0.0 0.0 0.0 0.0
gi 0 0 0 0
gw 0.0 0.0 0.0 0.0
gi 0 0 0 0
gw 0.0 0.0 0.0 0.0
gi 0 0 0 0
gw 0.0 0.0 0.0 0.0
gi 0 0 0 0
gw 0.0 0.0 0.0 0.0
gi 0 0 0 0
gw 0.0 0.0 0.0 0.0
gi 0 0 0 0
gw 0.0 0.0 0.0 0.0
gi 0 0 0 0
gw 0.0 0.0 0.0 0.0
gi 0 0 0 0
gw 0.0 0.0 0.0 0.0
gi 0 0 0 0
gw 0.0 0.0 0.0 0.0
gi 0 0 0 0
gw 0.0 0.0 0.0 0.0
gi 0 0 0 0
gw 0.0 0.0 0.0 0.0
gi 0 0 0 0
gw 0.0 0.0 0.0 0.0
gi 0 0 0 0
gw 0.0 0.0 0.0 0.0
gi 0 0 0 0
gw 0.0 0.0 0.0 0.0
gi 0 0 0 0
gw 0.0 0.0 0.0 0.0
gi 0 0 0 0
gw 0.0 0.0 0.0 0.0
gi 0 0 0 0
gw 0.0 0.0 0.0 0.0
gi 0 0 0 0
gw 0.0 0.0 0.0 0.0
gi 0 0 0 0
gw 0.0 0.0 0.0 0.0
gi 0 0 0 0
gw 0.0 0.0 0.0 0.0
gi 0 0 0 0
gw 0.0 0.0 0.0 0.0
gi 0 0 0 0
gw 0.0 0.0 0.0 0.0
gi 0 0 0 0
gw 0.0 0.0 0.0 0.0
gi 0 0 0 0
gw 0.0 0.0 0.0 0.0
gi 0 0 0 0
gw 0.0 0.0 0.0 0.0
gi 0 0 0 0
gw 0.0 0.0 0.0 0.0
gi 0 0 0 0
gw 0.0 0.0 0.0 0.0
gi 0 0 0 0
gw 0.0 0.0 0.0 0.0
gi 0 0 0 0
gw 0.0 0.0 0.0 0.0
gi 0 0 0 0
gw 0.0 0.0 0.0 0.0
gi 0 0 0 0
gw 0.0 0.0 0.0 0.0
gi 0 0 0 0
gw 0.0 0.0 0.0 0.0
gi 0 0 0 0
gw 0.0 0.0 0.0 0.0
gi 0 0 0 0
gw 0.0 0.0 0.0 0.0
gi 0 0 0 0
gw 0.0 0.0 0.0 0.0
gi 0 0 0 0
gw 0.0 0.0 0.0 0.0
gi 0 0 0 0
gw 0.0 0.0 0.0 0.0
gi 0 0 0 0
gw 0.0 0.0 0.0 0.0
gi 0 0 0 0
gw 0.0 0.0 0.0 0.0
gi 0 0 0 0
gw 0.0 0.0 0.0 0.0
gi 0 0 0 0
gw 0.0 0.0 0.0 0.0
gi 0 0 0 0
gw 0.0 0.0 0.0 0.0
gi 0 0 0 0
gw 0.0 0.0 0.0 0.0
gi 0 0 0 0
gw 0.0 0.0 0.0 0.0
gi 0 0 0 0
gw 0.0 0.0 0.0 0.0
gi 0 0 0 0
gw 0.0 0.0 0.0 0.0
gi 0 0 0 0
gw 0.0 0.0 0.0 0.0
gi 0 0 0 0
gw 0.0 0.0 0.0 0.0
gi 0 0 0 0
gw 0.0 0.0 0.0 0.0
gi 0 0 0 0
gw 0.0 0.0 0.0 0.0
gi 0 0 0 0
gw 0.0 0.0 0.0 0.0
gi 0 0 0 0
gw 0.0 0.0 0.0 0.0
gi 0 0 0 0
gw 0.0 0.0 0.0 0.0
gi 0 0 0 0
gw 0.0 0.0 0.0 0.0
gi 0 0 0 0
gw 0.0 0.0 0.0 0.0
gi 0 0 0 0
gw 0.0 0.0 0.0 0.0
gi 0 0 0 0
gw 0.0 0.0 0.0 0.0
gi 0 0 0 0
gw 0.0 0.0 0.0 0.0
gi 0 0 0 0
gw 0.0 0.0 0.0 0.0
gi 0 0 0 0
gw 0.0 0.0 0.0 0.0
gi 0 0 0 0
gw 0.0 0.0 0.0 0.0
gi 0 0 0 0
gw 0.0 0.0 0.0 0.0
gi 0 0 0 0
gw 0.0 0.0 0.0 0.0
gi 0 0 0 0
gw 0.0 0.0 0.0 0.0
gi 0 0 0 0
gw 0.0 0.0 0.0 0.0
gi 0 0 0 0
gw 0.0 0.0 0.0 0.0
gi 0 0 0 0
gw 0.0 0.0 0.0 0.0
gi 0 0 0 0
gw 0.0 0.0 0.0 0.0
gi 0 0 0 0
gw 0.0 0.0 0.0 0.0
gi 0 0 0 0
gw 0.0 0.0 0.0 0.0
gi 0 0 0 0
gw 0.0 0.0 0.0 0.0
gi 0 0 0 0
gw 0.0 0.0 0.0 0.0
gi 0 0 0 0
gw 0.0 0.0 0.0 0.0
gi 0 0 0 0
gw 0.0 0.0 0.0 0.0
gi 0 0 0 0
gw 0.0 0.0 0.0 0.0
gi 0 0 0 0
gw 0.0 0.0 0.0 0.0
gi 0 0 0 0
gw 0.0 0.0 0.0 0.0
gi 0 0 0 0
gw 0.0 0.0 0.0 0.0
gi 0 0 0 0
gw 0.0 0.0 0.0 0.0
gi 0 0 0 0
gw 0.0 0.0 0.0 0.0
gi 0 0 0 0
gw 0.0 0.0 0.0 0.0
gi 0 0 0 0
gw 0.0 0.0 0.0 0.0
gi 0 0 0 0
gw 0.0 0.0 0.0 0.0
gi 0 0 0 0
gw 0.0 0.0 0.0 0.0
gi 0 0 0 0
gw 0.0 0.0 0.0 0.0
gi 0 0 0 0
gw 0.0 0.0 0.0 0.0
gi 0 0 0 0
gw 0.0 0.0 0.0 0.0
gi 0 0 0 0
gw 0.0 0.0 0.0 0.0
gi 0 0 0 0
gw 0.0 0.0 0.0 0.0
gi 0 0 0 0
gw 0.0 0.0 0.0 0.0
gi 0 0 0 0
gw 0.0 0.0 0.0 0.0
gi 0 0 0 0
gw 0.0 0.0 0.0 0.0
gi 0 0 0 0
gw 0.0 0.0 0.0 0.0
gi 0 0 0 0
gw 0.0 0.0 0.0 0.0
gi 0 0 0 0
gw 0.0 0.0 0.0 0.0
gi 0 0 0 0
gw 0.0 0.0 0.0 0.0
gi 0 0 0 0
gw 0.0 0.0 0.0 0.0
gi 0 0 0 0
gw 0.0 0.0 0.0 0.0
gi 0 0 0 0
gw 0.0 0.0 0.0 0.0
gi 0 0 0 0
gw 0.0 0.0 0.0 0.0
gi 0 0 0 0
gw 0.0 0.0 0.0 0.0
gi 0 0 0 0
gw 0.0 0.0 0.0 0.0
gi 0 0 0 0
gw 0.0 0.0 0.0 0.0
gi 0 0 0 0
gw 0.0 0.0 0.0 0.0
gi 0 0 0 0
gw 0.0 0.0 0.0 0.0
gi 0 0 0 0
gw 0.0 0.0 0.0 0.0
gi 0 0 0 0
gw 0.0 0.0 0.0 0.0
gi 0 0 0 0
gw 0.0 0.0 0.0 0.0
gi 0 0 0 0
gw 0.0 0.0 0.0 0.0
gi 0 0 0 0
gw 0.0 0.0 0.0 0.0
gi 0 0 0 0
gw 0.0 0.0 0.0 0.0
gi 0 0 0 0
gw 0.0 0.0 0.0 0.0
gi 0 0 0 0
gw 0.0 0.0 0.0 0.0
gi 0 0 0 0
gw 0.0 0.0 0.0 0.0
gi 0 0 0 0
gw 0.0 0.0 0.0 0.0
gi 0 0 0 0
gw 0.0 0.0 0.0 0.0
gi 0 0 0 0
gw 0.0 0.0 0.0 0.0
gi 0 0 0 0
gw 0.0 0.0 0.0 0.0
gi 0 0 0 0
gw 0.0 0.0 0.0 0.0
gi 0 0 0 0
gw 0.0 0.0 0.0 0.0
gi 0 0 0 0
gw 0.0 0.0 0.0 0.0
gi 0 0 0 0
gw 0.0 0.0 0.0 0.0
gi 0 0 0 0
gw 0.0 0.0 0.0 0.0
gi 0 0 0 0
gw 0.0 0.0 0.0 0.0
gi 0 0 0 0
gw 0.0 0.0 0.0 0.0
gi 0 0 0 0
gw 0.0 0.0 0.0 0.0
gi 0 0 0 0
gw 0.0 0.0 0.0 0.0
gi 0 0 0 0
gw 0.0 0.0 0.0 0.0
gi 0 0 0 0
gw 0.0 0.0 0.0 0.0
gi 0 0 0 0
gw 0.0 0.0 0.0 0.0
gi 0 0 0 0
gw 0.0 0.0 0.0 0.0
gi 0 0 0 0
gw 0.0 0.0 0.0 0.0
gi 0 0 0 0
gw 0.0 0.0 0.0 0.0
gi 0 0 0 0
gw 0.0 0.0 0.0 0.0
gi 0 0 0 0
gw 0.0 0.0 0.0 0.0
gi 0 0 0 0
gw 0.0 0.0 0.0 0.0
gi 0 0 0 0
gw 0.0 0.0 0.0 0.0
gi 0 0 0 0
gw 0.0 0.0 0.0 0.0
gi 0 0 0 0
gw 0.0 0.0 0.0 0.0
gi 0 0 0 0
gw 0.0 0.0 0.0 0.0
gi 0 0 0 0
gw 0.0 0.0 0.0 0.0
gi 0 0 0 0
gw 0.0 0.0 0.0 0.0
gi 0 0 0 0
gw 0.0 0.0 0.0 0.0
gi 0 0 0 0
gw 0.0 0.0 0.0 0.0
gi 0 0 0 0
gw 0.0 0.0 0.0 0.0
gi 0 0 0 0
gw 0.0 0.0 0.0 0.0
gi 0 0 0 0
gw 0.0 0.0 0.0 0.0
gi 0 0 0 0
gw 0.0 0.0 0.0 0.0
gi 0 0 0 0
gw 0.0 0.0 0.0 0.0
gi 0 0 0 0
gw 0.0 0.0 0.0 0.0
gi 0 0 0 0
gw 0.0 0.0 0.0 0.0
gi 0 0 0 0
gw 0.0 0.0 0.0 0.0
gi 0 0 0 0
gw 0.0 0.0 0.0 0.0
gi 0 0 0 0
gw 0.0 0.0 0.0 0.0
gi 0 0 0 0
gw 0.0 0.0 0.0 0.0
gi 0 0 0 0
gw 0.0 0.0 0.0 0.0
gi 0 0 0 0
gw 0.0 0.0 0.0 0.0
gi 0 0 0 0
gw 0.0 0.0 0.0 0.0
gi 0 0 0 0
gw 0.0 0.0 0.0 0.0
gi 0 0 0 0
gw 0.0 0.0 0.0 0.0
gi 0 0 0 0
gw 0.0 0.0 0.0 0.0
gi 0 0 0 0
gw 0.0 0.0 0.0 0.0
gi 0 0 0 0
gw 0.0 0.0 0.0 0.0
gi 0 0 0 0
gw 0.0 0.0 0.0 0.0
gi 0 0 0 0
gw 0.0 0.0 0.0 0.0
gi 0 0 0 0
gw 0.0 0.0 0.0 0.0
gi 0 0 0 0
gw 0.0 0.0 0.0 0.0
gi 0 0 0 0
gw 0.0 0.0 0.0 0.0
gi 0 0 0 0
gw 0.0 0.0 0.0 0.0
gi 0 0 0 0
gw 0.0 0.0 0.0 0.0
gi 0 0 0 0
gw 0.0 0.0 0.0 0.0
gi 0 0 0 0
gw 0.0 0.0 0.0 0.0
gi 0 0 0 0
gw 0.0 0.0 0.0 0.0
gi 0 0 0 0
gw 0.0 0.0 0.0 0.0
gi 0 0 0 0
gw 0.0 0.0 0.0 0.0
gi 0 0 0 0
gw 0.0 0.0 0.0 0.0
gi 0 0 0 0
gw 0.0 0.0 0.0 0.0
gi 0 0 0 0
gw 0.0 0.0 0.0 0.0
gi 0 0 0 0
gw 0.0 0.0 0.0 0.0
gi 0 0 0 0
gw 0.0 0.0 0.0 0.0
gi 0 0 0 0
gw 0.0 0.0 0.0 0.0
gi 0 0 0 0
gw 0.0 0.0 0.0 0.0
gi 0 0 0 0
gw 0.0 0.0 0.0 0.0
gi 0 0 0 0
gw 0.0 0.0 0.0 0.0
gi 0 0 0 0
gw 0.0 0.0 0.0 0.0
gi 0 0 0 0
gw 0.0 0.0 0.0 0.0
gi 0 0 0 0
gw 0.0 0.0 0.0 0.0
gi 0 0 0 0
gw 0.0 0.0 0.0 0.0
gi 0 0 0 0
gw 0.0 0.0 0.0 0.0
gi 0 0 0 0
gw 0.0 0.0 0.0 0.0
gi 0 0 0 0
gw 0.0 0.0 0.0 0.0
gi 0 0 0 0
gw 0.0 0.0 0.0 0.0
gi 0 0 0 0
gw 0.0 0.0 0.0 0.0
gi 0 0 0 0
gw 0.0 0.0 0.0 0.0
gi 0 0 0 0
gw 0.0 0.0 0.0 0.0
gi 0 0 0 0
gw 0.0 0.0 0.0 0.0
gi 0 0 0 0
gw 0.0 0.0 0.0 0.0
gi 0 0 0 0
gw 0.0 0.0 0.0 0.0
gi 0 0 0 0
gw 0.0 0.0 0.0 0.0
gi 0 0 0 0
gw 0.0 0.0 0.0 0.0
gi 0 0 0 0
gw 0.0 0.0 0.0 0.0
gi 0 0 0 0
gw 0.0 0.0 0.0 0.0
gi 0 0 0 0
gw 0.0 0.0 0.0 0.0
gi 0 0 0 0
gw 0.0 0.0 0.0 0.0
gi 0 0 0 0
gw 0.0 0.0 0.0 0.0
gi 0 0 0 0
gw 0.0 0.0 0.0 0.0
gi 0 0 0 0
gw 0.0 0.0 0.0 0.0
gi 0 0 0 0
gw 0.0 0.0 0.0 0.0
gi 0 0 0 0
gw 0.0 0.0 0.0 0.0
gi 0 0 0 0
gw 0.0 0.0 0.0 0.0
gi 0 0 0 0
gw 0.0 0.0 0.0 0.0
gi 0 0 0 0
gw 0.0 0.0 0.0 0.0
gi 0 0 0 0
gw 0.0 0.0 0.0 0.0
gi 0 0 0 0
gw 0.0 0.0 0.0 0.0
gi 0 0 0 0
gw 0.0 0.0 0.0 0.0
gi 0 0 0 0
gw 0.0 0.0 0.0 0.0
gi 0 0 0 0
gw 0.0 0.0 0.0 0.0
gi 0 0 0 0
gw 0.0 0.0 0.0 0.0
gi 0 0 0 0
gw 0.0 0.0 0.0 0.0
gi 0 0 0 0
gw 0.0 0.0 0.0 0.0
gi 0 0 0 0
gw 0.0 0.0 0.0 0.0
gi 0 0 0 0
gw 0.0 0.0 0.0 0.0
gi 0 0 0 0
gw 0.0 0.0 0.0 0.0
gi 0 0 0 0
gw 0.0 0.0 0.0 0.0
gi 0 0 0 0
gw 0.0 0.0 0.0 0.0
gi 0 0 0 0
gw 0.0 0.0 0.0 0.0
gi 0 0 0 0
gw 0.0 0.0 0.0 0.0
gi 0 0 0 0
gw 0.0 0.0 0.0 0.0
gi 0 0 0 0
gw 0.0 0.0 0.0 0.0
gi 0 0 0 0
gw 0.0 0.0 0.0 0.0
gi 0 0 0 0
gw 0.0 0.0 0.0 0.0
gi 0 0 0 0
gw 0.0 0.0 0.0 0.0
gi 0 0 0 0
gw 0.0 0.0 0.0 0.0
gi 0 0 0 0
gw 0.0 0.0 0.0 0.0
gi 0 0 0 0
gw 0.0 0.0 0.0 0.0
gi 0 0 0 0
gw 0.0 0.0 0.0 0.0
gi 0 0 0 0
gw 0.0 0.0 0.0 0.0
gi 0 0 0 0
gw 0.0 0.0 0.0 0.0
gi 0 0 0 0
gw 0.0 0.0 0.0 0.0
gi 0 0 0 0
gw 0.0 0.0 0.0 0.0
gi 0 0 0 0
gw 0.0 0.0 0.0 0.0
gi 0 0 0 0
gw 0.0 0.0 0.0 0.0
gi 0 0 0 0
gw 0.0 0.0 0.0 0.0
gi 0 0 0 0
gw 0.0 0.0 0.0 0.0
gi 0 0 0 0
gw 0.0 0.0 0.0 0.0
gi 0 0 0 0
gw 0.0 0.0 0.0 0.0
gi 0 0 0 0
gw 0.0 0.0 0.0 0.0
gi 0 0 0 0
gw 0.0 0.0 0.0 0.0
gi 0 0 0 0
gw 0.0 0.0 0.0 0.0
gi 0 0 0 0
gw 0.0 0.0 0.0 0.0
gi 0 0 0 0
gw 0.0 0.0 0.0 0.0
gi 0 0 0 0
gw 0.0 0.0 0.0 0.0
gi 0 0 0 0
gw 0.0 0.0 0.0 0.0
gi 0 0 0 0
gw 0.0 0.0 0.0 0.0
gi 0 0 0 0
gw 0.0 0.0 0.0 0.0
gi 0 0 0 0
gw 0.0 0.0 0.0 0.0
gi 0 0 0 0
gw 0.0 0.0 0.0 0.0
gi 0 0 0 0
gw 0.0 0.0 0.0 0.0
gi 0 0 0 0
gw 0.0 0.0 0.0 0.0
gi 0 0 0 0
gw 0.0 0.0 0.0 0.0
gi 0 0 0 0
gw 0.0 0.0 0.0 0.0
gi 0 0 0 0
gw 0.0 0.0 0.0 0.0
gi 0 0 0 0
gw 0.0 0.0 0.0 0.0
gi 0 0 0 0
gw 0.0 0.0 0.0 0.0
gi 0 0 0 0
gw 0.0 0.0 0.0 0.0
gi 0 0 0 0
gw 0.0 0.0 0.0 0.0
gi 0 0 0 0
gw 0.0 0.0 0.0 0.0
gi 0 0 0 0
gw 0.0 0.0 0.0 0.0
gi 0 0 0 0
gw 0.0 0.0 0.0 0.0
gi 0 0 0 0
gw 0.0 0.0 0.0 0.0
gi 0 0 0 0
gw 0.0 0.0 0.0 0.0
gi 0 0 0 0
gw 0.0 0.0 0.0 0.0
gi 0 0 0 0
gw 0.0 0.0 0.0 0.0
gi 0 0 0 0
gw 0.0 0.0 0.0 0.0
gi 0 0 0 0
gw 0.0 0.0 0.0 0.0
gi 0 0 0 0
gw 0.0 0.0 0.0 0.0
gi 0 0 0 0
gw 0.0 0.0 0.0 0.0
gi 0 0 0 0
gw 0.0 0.0 0.0 0.0
gi 0 0 0 0
gw 0.0 0.0 0.0 0.0
gi 0 0 0 0
gw 0.0 0.0 0.0 0.0
gi 0 0 0 0
gw 0.0 0.0 0.0 0.0
gi 0 0 0 0
gw 0.0 0.0 0.0 0.0
gi 0 0 0 0
gw 0.0 0.0 0.0 0.0
gi 0 0 0 0
gw 0.0 0.0 0.0 0.0
gi 0 0 0 0
gw 0.0 0.0 0.0 0.0
gi 0 0 0 0
gw 0.0 0.0 0.0 0.0
gi 0 0 0 0
gw 0.0 0.0 0.0 0.0
gi 0 0 0 0
gw 0.0 0.0 0.0 0.0
gi 0 0 0 0
gw 0.0 0.0 0.0 0.0
gi 0 0 0 0
gw 0.0 0.0 0.0 0.0
gi 0 0 0 0
gw 0.0 0.0 0.0 0.0
gi 0 0 0 0
gw 0.0 0.0 0.0 0.0
gi 0 0 0 0
gw 0.0 0.0 0.0 0.0
gi 0 0 0 0
gw 0.0 0.0 0.0 0.0
gi 0 0 0 0
gw 0.0 0.0 0.0 0.0
gi 0 0 0 0
gw 0.0 0.0 0.0 0.0
gi 0 0 0 0
gw 0.0 0.0 0.0 0.0
gi 0 0 0 0
gw 0.0 0.0 0.0 0.0
gi 0 0 0 0
gw 0.0 0.0 0.0 0.0
gi 0 0 0 0
gw 0.0 0.0 0.0 0.0
gi 0 0 0 0
gw 0.0 0.0 0.0 0.0
gi 0 0 0 0
gw 0.0 0.0 0.0 0.0
gi 0 0 0 0
gw 0.0 0.0 0.0 0.0
gi 0 0 0 0
gw 0.0 0.0 0.0 0.0
gi 0 0 0 0
gw 0.0 0.0 0.0 0.0
gi 0 0 0 0
gw 0.0 0.0 0.0 0.0
gi 0 0 0 0
gw 0.0 0.0 0.0 0.0
gi 0 0 0 0
gw 0.0 0.0 0.0 0.0
gi 0 0 0 0
gw 0.0 0.0 0.0 0.0
gi 0 0 0 0
gw 0.0 0.0 0.0 0.0
gi 0 0 0 0
gw 0.0 0.0 0.0 0.0
gi 0 0 0 0
gw 0.0 0.0 0.0 0.0
gi 0 0 0 0
gw 0.0 0.0 0.0 0.0
gi 0 0 0 0
gw 0.0 0.0 0.0 0.0
gi 0 0 0 0
gw 0.0 0.0 0.0 0.0
gi 0 0 0 0
gw 0.0 0.0 0.0 0.0
gi 0 0 0 0
gw 0.0 0.0 0.0 0.0
gi 0 0 0 0
gw 0.0 0.0 0.0 0.0
gi 0 0 0 0
gw 0.0 0.0 0.0 0.0
gi 0 0 0 0
gw 0.0 0.0 0.0 0.0
gi 0 0 0 0
gw 0.0 0.0 0.0 0.0
gi 0 0 0 0
gw 0.0 0.0 0.0 0.0
gi 0 0 0 0
gw 0.0 0.0 0.0 0.0
gi 0 0 0 0
gw 0.0 0.0 0.0 0.0
gi 0 0 0 0
gw 0.0 0.0 0.0 0.0
gi 0 0 0 0
gw 0.0 0.0 0.0 0.0
gi 0 0 0 0
gw 0.0 0.0 0.0 0.0
gi 0 0 0 0
gw 0.0 0.0 0.0 0.0
gi 0 0 0 0
gw 0.0 0.0 0.0 0.0
gi 0 0 0 0
gw 0.0 0.0 0.0 0.0
gi 0 0 0 0
gw 0.0 0.0 0.0 0.0
gi 0 0 0 0
gw 0.0 0.0 0.0 0.0
gi 0 0 0 0
gw 0.0 0.0 0.0 0.0
gi 0 0 0 0
gw 0.0 0.0 0.0 0.0
gi 0 0 0 0
gw 0.0 0.0 0.0 0.0
gi 0 0 0 0
gw 0.0 0.0 0.0 0.0
gi 0 0 0 0
gw 0.0 0.0 0.0 0.0
gi 0 0 0 0
gw 0.0 0.0 0.0 0.0
gi 0 0 0 0
gw 0.0 0.0 0.0 0.0
gi 0 0 0 0
gw 0.0 0.0 0.0 0.0
gi 0 0 0 0
gw 0.0 0.0 0.0 0.0
gi 0 0 0 0
gw 0.0 0.0 0.0 0.0
gi 0 0 0 0
gw 0.0 0.0 0.0 0.0
gi 0 0 0 0
gw 0.0 0.0 0.0 0.0
gi 0 0 0 0
gw 0.0 0.0 0.0 0.0
gi 0 0 0 0
gw 0.0 0.0 0.0 0.0
gi 0 0 0 0
gw 0.0 0.0 0.0 0.0
gi 0 0 0 0
gw 0.0 0.0 0.0 0.0
gi 0 0 0 0
gw 0.0 0.0 0.0 0.0
gi 0 0 0 0
gw 0.0 0.0 0.0 0.0
gi 0 0 0 0
gw 0.0 0.0 0.0 0.0
gi 0 0 0 0
gw 0.0 0.0 0.0 0.0
gi 0 0 0 0
gw 0.0 0.0 0.0 0.0
gi 0 0 0 0
gw 0.0 0.0 0.0 0.0
gi 0 0 0 0
gw 0.0 0.0 0.0 0.0
gi 0 0 0 0
gw 0.0 0.0 0.0 0.0
gi 0 0 0 0
gw 0.0 0.0 0.0 0.0
gi 0 0 0 0
gw 0.0 0.0 0.0 0.0
gi 0 0 0 0
gw 0.0 0.0 0.0 0.0
gi 0 0 0 0
gw 0.0 0.0 0.0 0.0
gi 0 0 0 0
gw 0.0 0.0 0.0 0.0
gi 0 0 0 0
gw 0.0 0.0 0.0 0.0
gi 0 0 0 0
gw 0.0 0.0 0.0 0.0
gi 0 0 0 0
gw 0.0 0.0 0.0 0.0
gi 0 0 0 0
gw 0.0 0.0 0.0 0.0
gi 0 0 0 0
gw 0.0 0.0 0.0 0.0
gi 0 0 0 0
gw 0.0 0.0 0.0 0.0
gi 0 0 0 0
gw 0.0 0.0 0.0 0.0
gi 0 0 0 0
gw 0.0 0.0 0.0 0.0
gi 0 0 0 0
gw 0.0 0.0 0.0 0.0
gi 0 0 0 0
gw 0.0 0.0 0.0 0.0
gi 0 0 0 0
gw 0.0 0.0 0.0 0.0
gi 0 0 0 0
gw 0.0 0.0 0.0 0.0
gi 0 0 0 0
gw 0.0 0.0 0.0 0.0
gi 0 0 0 0
gw 0.0 0.0 0.0 0.0
gi 0 0 0 0
gw 0.0 0.0 0.0 0.0
gi 0 0 0 0
gw 0.0 0.0 0.0 0.0
gi 0 0 0 0
gw 0.0 0.0 0.0 0.0
gi 0 0 0 0
gw 0.0 0.0 0.0 0.0
gi 0 0 0 0
gw 0.0 0.0 0.0 0.0
gi 0 0 0 0
gw 0.0 0.0 0.0 0.0
gi 0 0 0 0
gw 0.0 0.0 0.0 0.0
gi 0 0 0 0
gw 0.0 0.0 0.0 0.0
gi 0 0 0 0
gw 0.0 0.0 0.0 0.0
gi 0 0 0 0
gw 0.0 0.0 0.0 0.0
gi 0 0 0 0
gw 0.0 0.0 0.0 0.0
gi 0 0 0 0
gw 0.0 0.0 0.0 0.0
gi 0 0 0 0
gw 0.0 0.0 0.0 0.0
gi 0 0 0 0
gw 0.0 0.0 0.0 0.0
gi 0 0 0 0
gw 0.0 0.0 0.0 0.0
gi 0 0 0 0
gw 0.0 0.0 0.0 0.0
gi 0 0 0 0
gw 0.0 0.0 0.0 0.0
gi 0 0 0 0
gw 0.0 0.0 0.0 0.0
gi 0 0 0 0
gw 0.0 0.0 0.0 0.0
gi 0 0 0 0
gw 0.0 0.0 0.0 0.0
gi 0 0 0 0
gw 0.0 0.0 0.0 0.0
gi 0 0 0 0
gw 0.0 0.0 0.0 0.0
gi 0 0 0 0
gw 0.0 0.0 0.0 0.0
gi 0 0 0 0
gw 0.0 0.0 0.0 0.0
gi 0 0 0 0
gw 0.0 0.0 0.0 0.0
gi 0 0 0 0
gw 0.0 0.0 0.0 0.0
gi 0 0 0 0
gw 0.0 0.0 0.0 0.0
gi 0 0 0 0
gw 0.0 0.0 0.0 0.0
gi 0 0 0 0
gw 0.0 0.0 0.0 0.0
gi 0 0 0 0
gw 0.0 0.0 0.0 0.0
gi 0 0 0 0
gw 0.0 0.0 0.0 0.0
gi 0 0 0 0
gw 0.0 0.0 0.0 0.0
gi 0 0 0 0
gw 0.0 0.0 0.0 0.0
gi 0 0 0 0
gw 0.0 0.0 0.0 0.0
gi 0 0 0 0
gw 0.0 0.0 0.0 0.0
gi 0 0 0 0
gw 0.0 0.0 0.0 0.0
gi 0 0 0 0
gw 0.0 0.0 0.0 0.0
gi 0 0 0 0
gw 0.0 0.0 0.0 0.0
gi 0 0 0 0
gw 0.0 0.0 0.0 0.0
gi 0 0 0 0
gw 0.0 0.0 0.0 0.0
gi 0 0 0 0
gw 0.0 0.0 0.0 0.0
gi 0 0 0 0
gw 0.0 0.0 0.0 0.0
gi 0 0 0 0
gw 0.0 0.0 0.0 0.0
gi 0 0 0 0
gw 0.0 0.0 0.0 0.0
gi 0 0 0 0
gw 0.0 0.0 0.0 0.0
gi 0 0 0 0
gw 0.0 0.0 0.0 0.0
gi 0 0 0 0
gw 0.0 0.0 0.0 0.0
gi 0 0 0 0
gw 0.0 0.0 0.0 0.0
gi 0 0 0 0
gw 0.0 0.0 0.0 0.0
gi 0 0 0 0
gw 0.0 0.0 0.0 0.0
gi 0 0 0 0
gw 0.0 0.0 0.0 0.0
gi 0 0 0 0
gw 0.0 0.0 0.0 0.0
gi 0 0 0 0
gw 0.0 0.0 0.0 0.0
gi 0 0 0 0
gw 0.0 0.0 0.0 0.0
gi 0 0 0 0
gw 0.0 0.0 0.0 0.0
gi 0 0 0 0
gw 0.0 0.0 0.0 0.0
gi 0 0 0 0
gw 0.0 0.0 0.0 0.0
gi 0 0 0 0
gw 0.0 0.0 0.0 0.0
gi 0 0 0 0
gw 0.0 0.0 0.0 0.0
gi 0 0 0 0
gw 0.0 0.0 0.0 0.0
gi 0 0 0 0
gw 0.0 0.0 0.0 0.0
gi 0 0 0 0
gw 0.0 0.0 0.0 0.0
gi 0 0 0 0
gw 0.0 0.0 0.0 0.0
gi 0 0 0 0
gw 0.0 0.0 0.0 0.0
gi 0 0 0 0
gw 0.0 0.0 0.0 0.0
gi 0 0 0 0
gw 0.0 0.0 0.0 0.0
gi 0 0 0 0
gw 0.0 0.0 0.0 0.0
gi 0 0 0 0
gw 0.0 0.0 0.0 0.0
gi 0 0 0 0
gw 0.0 0.0 0.0 0.0
gi 0 0 0 0
gw 0.0 0.0 0.0 0.0
gi 0 0 0 0
gw 0.0 0.0 0.0 0.0
gi 0 0 0 0
gw 0.0 0.0 0.0 0.0
gi 0 0 0 0
gw 0.0 0.0 0.0 0.0
gi 0 0 0 0
gw 0.0 0.0 0.0 0.0
gi 0 0 0 0
gw 0.0 0.0 0.0 0.0
gi 0 0 0 0
gw 0.0 0.0 0.0 0.0
gi 0 0 0 0
gw 0.0 0.0 0.0 0.0
gi 0 0 0 0
gw 0.0 0.0 0.0 0.0
gi 0 0 0 0
gw 0.0 0.0 0.0 0.0
gi 0 0 0 0
gw 0.0 0.0 0.0 0.0
gi 0 0 0 0
gw 0.0 0.0 0.0 0.0
gi 0 0 0 0
gw 0.0 0.0 0.0 0.0
gi 0 0 0 0
gw 0.0 0.0 0.0 0.0
gi 0 0 0 0
gw 0.0 0.0 0.0 0.0
gi 0 0 0 0
gw 0.0 0.0 0.0 0.0
gi 0 0 0 0
gw 0.0 0.0 0.0 0.0
gi 0 0 0 0
gw 0.0 0.0 0.0 0.0
gi 0 0 0 0
gw 0.0 0.0 0.0 0.0
gi 0 0 0 0
gw 0.0 0.0 0.0 0.0
gi 0 0 0 0
gw 0.0 0.0 0.0 0.0
gi 0 0 0 0
gw 0.0 0.0 0.0 0.0
gi 0 0 0 0
gw 0.0 0.0 0.0 0.0
gi 0 0 0 0
gw 0.0 0.0 0.0 0.0
gi 0 0 0 0
gw 0.0 0.0 0.0 0.0
gi 0 0 0 0
gw 0.0 0.0 0.0 0.0
gi 0 0 0 0
gw 0.0 0.0 0.0 0.0
gi 0 0 0 0
gw 0.0 0.0 0.0 0.0
gi 0 0 0 0
gw 0.0 0.0 0.0 0.0
gi 0 0 0 0
gw 0.0 0.0 0.0 0.0
gi 0 0 0 0
gw 0.0 0.0 0.0 0.0
gi 0 0 0 0
gw 0.0 0.0 0.0 0.0
gi 0 0 0 0
gw 0.0 0.0 0.0 0.0
gi 0 0 0 0
gw 0.0 0.0 0.0 0.0
gi 0 0 0 0
gw 0.0 0.0 0.0 0.0
gi 0 0 0 0
gw 0.0 0.0 0.0 0.0
gi 0 0 0 0
gw 0.0 0.0 0.0 0.0
gi 0 0 0 0
gw 0.0 0.0 0.0 0.0
gi 0 0 0 0
gw 0.0 0.0 0.0 0.0
gi 0 0 0 0
gw 0.0 0.0 0.0 0.0
gi 0 0 0 0
gw 0.0 0.0 0.0 0.0
gi 0 0 0 0
gw 0.0 0.0 0.0 0.0
gi 0 0 0 0
gw 0.0 0.0 0.0 0.0
gi 0 0 0 0
gw 0.0 0.0 0.0 0.0
gi 0 0 0 0
gw 0.0 0.0 0.0 0.0
gi 0 0 0 0
gw 0.0 0.0 0.0 0.0
gi 0 0 0 0
gw 0.0 0.0 0.0 0.0
gi 0 0 0 0
gw 0.0 0.0 0.0 0.0
gi 0 0 0 0
gw 0.0 0.0 0.0 0.0
gi 0 0 0 0
gw 0.0 0.0 0.0 0.0
gi 0 0 0 0
gw 0.0 0.0 0.0 0.0
gi 0 0 0 0
gw 0.0 0.0 0.0 0.0
gi 0 0 0 0
gw 0.0 0.0 0.0 0.0
gi 0 0 0 0
gw 0.0 0.0 0.0 0.0
gi 0 0 0 0
gw 0.0 0.0 0.0 0.0
gi 0 0 0 0
gw 0.0 0.0 0.0 0.0
gi 0 0 0 0
gw 0.0 0.0 0.0 0.0
gi 0 0 0 0
gw 0.0 0.0 0.0 0.0
gi 0 0 0 0
gw 0.0 0.0 0.0 0.0
gi 0 0 0 0
gw 0.0 0.0 0.0 0.0
gi 0 0 0 0
gw 0.0 0.0 0.0 0.0
gi 0 0 0 0
gw 0.0 0.0 0.0 0.0
gi 0 0 0 0
gw 0.0 0.0 0.0 0.0
gi 0 0 0 0
gw 0.0 0.0 0.0 0.0
gi 0 0 0 0
gw 0.0 0.0 0.0 0.0
gi 0 0 0 0
gw 0.0 0.0 0.0 0.0
gi 0 0 0 0
gw 0.0 0.0 0.0 0.0
gi 0 0 0 0
gw 0.0 0.0 0.0 0.0
gi 0 0 0 0
gw 0.0 0.0 0.0 0.0
gi 0 0 0 0
gw 0.0 0.0 0.0 0.0
gi 0 0 0 0
gw 0.0 0.0 0.0 0.0
gi 0 0 0 0
gw 0.0 0.0 0.0 0.0
gi 0 0 0 0
gw 0.0 0.0 0.0 0.0
gi 0 0 0 0
gw 0.0 0.0 0.0 0.0
gi 0 0 0 0
gw 0.0 0.0 0.0 0.0
gi 0 0 0 0
gw 0.0 0.0 0.0 0.0
gi 0 0 0 0
gw 0.0 0.0 0.0 0.0
gi 0 0 0 0
gw 0.0 0.0 0.0 0.0
gi 0 0 0 0
gw 0.0 0.0 0.0 0.0
gi 0 0 0 0
gw 0.0 0.0 0.0 0.0
gi 0 0 0 0
gw 0.0 0.0 0.0 0.0
gi 0 0 0 0
gw 0.0 0.0 0.0 0.0
gi 0 0 0 0
gw 0.0 0.0 0.0 0.0
gi 0 0 0 0
gw 0.0 0.0 0.0 0.0
gi 0 0 0 0
gw 0.0 0.0 0.0 0.0
gi 0 0 0 0
gw 0.0 0.0 0.0 0.0
gi 0 0 0 0
gw 0.0 0.0 0.0 0.0
gi 0 0 0 0
gw 0.0 0.0 0.0 0.0
gi 0 0 0 0
gw 0.0 0.0 0.0 0.0
gi 0 0 0 0
gw 0.0 0.0 0.0 0.0
gi 0 0 0 0
gw 0.0 0.0 0.0 0.0
gi 0 0 0 0
gw 0.0 0.0 0.0 0.0
gi 0 0 0 0
gw 0.0 0.0 0.0 0.0
gi 0 0 0 0
gw 0.0 0.0 0.0 0.0
gi 0 0 0 0
gw 0.0 0.0 0.0 0.0
gi 0 0 0 0
gw 0.0 0.0 0.0 0.0
gi 0 0 0 0
gw 0.0 0.0 0.0 0.0
gi 0 0 0 0
gw 0.0 0.0 0.0 0.0
gi 0 0 0 0
gw 0.0 0.0 0.0 0.0
gi 0 0 0 0
gw 0.0 0.0 0.0 0.0
gi 0 0 0 0
gw 0.0 0.0 0.0 0.0
gi 0 0 0 0
gw 0.0 0.0 0.0 0.0
gi 0 0 0 0
gw 0.0 0.0 0.0 0.0
gi 0 0 0 0
gw 0.0 0.0 0.0 0.0
gi 0 0 0 0
gw 0.0 0.0 0.0 0.0
gi 0 0 0 0
gw 0.0 0.0 0.0 0.0
gi 0 0 0 0
gw 0.0 0.0 0.0 0.0
gi 0 0 0 0
gw 0.0 0.0 0.0 0.0
gi 0 0 0 0
gw 0.0 0.0 0.0 0.0
gi 0 0 0 0
gw 0.0 0.0 0.0 0.0
gi 0 0 0 0
gw 0.0 0.0 0.0 0.0
gi 0 0 0 0
gw 0.0 0.0 0.0 0.0
gi 0 0 0 0
gw 0.0 0.0 0.0 0.0
gi 0 0 0 0
gw 0.0 0.0 0.0 0.0
gi 0 0 0 0
gw 0.0 0.0 0.0 0.0
gi 0 0 0 0
gw 0.0 0.0 0.0 0.0
gi 0 0 0 0
gw 0.0 0.0 0.0 0.0
gi 0 0 0 0
gw 0.0 0.0 0.0 0.0
gi 0 0 0 0
gw 0.0 0.0 0.0 0.0
gi 0 0 0 0
gw 0.0 0.0 0.0 0.0
gi 0 0 0 0
gw 0.0 0.0 0.0 0.0
gi 0 0 0 0
gw 0.0 0.0 0.0 0.0
gi 0 0 0 0
gw 0.0 0.0 0.0 0.0
gi 0 0 0 0
gw 0.0 0.0 0.0 0.0
gi 0 0 0 0
gw 0.0 0.0 0.0 0.0
gi 0 0 0 0
gw 0.0 0.0 0.0 0.0
gi 0 0 0 0
gw 0.0 0.0 0.0 0.0
gi 0 0 0 0
gw 0.0 0.0 0.0 0.0
gi 0 0 0 0
gw 0.0 0.0 0.0 0.0
gi 0 0 0 0
gw 0.0 0.0 0.0 0.0
gi 0 0 0 0
gw 0.0 0.0 0.0 0.0
gi 0 0 0 0
gw 0.0 0.0 0.0 0.0
gi 0 0 0 0
gw 0.0 0.0 0.0 0.0
gi 0 0 0 0
gw 0.0 0.0 0.0 0.0
gi 0 0 0 0
gw 0.0 0.0 0.0 0.0
gi 0 0 0 0
gw 0.0 0.0 0.0 0.0
gi 0 0 0 0
gw 0.0 0.0 0.0 0.0
gi 0 0 0 0
gw 0.0 0.0 0.0 0.0
gi 0 0 0 0
gw 0.0 0.0 0.0 0.0
gi 0 0 0 0
gw 0.0 0.0 0.0 0.0
gi 0 0 0 0
gw 0.0 0.0 0.0 0.0
gi 0 0 0 0
gw 0.0 0.0 0.0 0.0
gi 0 0 0 0
gw 0.0 0.0 0.0 0.0
gi 0 0 0 0
gw 0.0 0.0 0.0 0.0
gi 0 0 0 0
gw 0.0 0.0 0.0 0.0
gi 0 0 0 0
gw 0.0 0.0 0.0 0.0
gi 0 0 0 0
gw 0.0 0.0 0.0 0.0
gi 0 0 0 0
gw 0.0 0.0 0.0 0.0
gi 0 0 0 0
gw 0.0 0.0 0.0 0.0
gi 0 0 0 0
gw 0.0 0.0 0.0 0.0
gi 0 0 0 0
gw 0.0 0.0 0.0 0.0
gi 0 0 0 0
gw 0.0 0.0 0.0 0.0
gi 0 0 0 0
gw 0.0 0.0 0.0 0.0
gi 0 0 0 0
gw 0.0 0.0 0.0 0.0
gi 0 0 0 0
gw 0.0 0.0 0.0 0.0
gi 0 0 0 0
gw 0.0 0.0 0.0 0.0
gi 0 0 0 0
gw 0.0 0.0 0.0 0.0
gi 0 0 0 0
gw 0.0 0.0 0.0 0.0
gi 0 0 0 0
gw 0.0 0.0 0.0 0.0
gi 0 0 0 0
gw 0.0 0.0 0.0 0.0
gi 0 0 0 0
gw 0.0 0.0 0.0 0.0
gi 0 0 0 0
gw 0.0 0.0 0.0 0.0
gi 0 0 0 0
gw 0.0 0.0 0.0 0.0
gi 0 0 0 0
gw 0.0 0.0 0.0 0.0
gi 0 0 0 0
gw 0.0 0.0 0.0 0.0
gi 0 0 0 0
gw 0.0 0.0 0.0 0.0
gi 0 0 0 0
gw 0.0 0.0 0.0 0.0
gi 0 0 0 0
gw 0.0 0.0 0.0 0.0
gi 0 0 0 0
gw 0.0 0.0 0.0 0.0
gi 0 0 0 0
gw 0.0 0.0 0.0 0.0
gi 0 0 0 0
gw 0.0 0.0 0.0 0.0
gi 0 0 0 0
gw 0.0 0.0 0.0 0.0
gi 0 0 0 0
gw 0.0 0.0 0.0 0.0
gi 0 0 0 0
gw 0.0 0.0 0.0 0.0
gi 0 0 0 0
gw 0.0 0.0 0.0 0.0
gi 0 0 0 0
gw 0.0 0.0 0.0 0.0
gi 0 0 0 0
gw 0.0 0.0 0.0 0.0
gi 0 0 0 0
gw 0.0 0.0 0.0 0.0
gi 0 0 0 0
gw 0.0 0.0 0.0 0.0
gi 0 0 0 0
gw 0.0 0.0 0.0 0.0
gi 0 0 0 0
gw 0.0 0.0 0.0 0.0
gi 0 0 0 0
gw 0.0 0.0 0.0 0.0
gi 0 0 0 0
gw 0.0 0.0 0.0 0.0
gi 0 0 0 0
gw 0.0 0.0 0.0 0.0
gi 0 0 0 0
gw 0.0 0.0 0.0 0.0
gi 0 0 0 0
gw 0.0 0.0 0.0 0.0
gi 0 0 0 0
gw 0.0 0.0 0.0 0.0
gi 0 0 0 0
gw 0.0 0.0 0.0 0.0
gi 0 0 0 0
gw 0.0 0.0 0.0 0.0
gi 0 0 0 0
gw 0.0 0.0 0.0 0.0
gi 0 0 0 0
gw 0.0 0.0 0.0 0.0
gi 0 0 0 0
gw 0.0 0.0 0.0 0.0
gi 0 0 0 0
gw 0.0 0.0 0.0 0.0
gi 0 0 0 0
gw 0.0 0.0 0.0 0.0
gi 0 0 0 0
gw 0.0 0.0 0.0 0.0
gi 0 0 0 0
gw 0.0 0.0 0.0 0.0
gi 0 0 0 0
gw 0.0 0.0 0.0 0.0
gi 0 0 0 0
gw 0.0 0.0 0.0 0.0
gi 0 0 0 0
gw 0.0 0.0 0.0 0.0
gi 0 0 0 0
gw 0.0 0.0 0.0 0.0
gi 0 0 0 0
gw 0.0 0.0 0.0 0.0
gi 0 0 0 0
gw 0.0 0.0 0.0 0.0
gi 0 0 0 0
gw 0.0 0.0 0.0 0.0
gi 0 0 0 0
gw 0.0 0.0 0.0 0.0
gi 0 0 0 0
gw 0.0 0.0 0.0 0.0
gi 0 0 0 0
gw 0.0 0.0 0.0 0.0
gi 0 0 0 0
gw 0.0 0.0 0.0 0.0
gi 0 0 0 0
gw 0.0 0.0 0.0 0.0
gi 0 0 0 0
gw 0.0 0.0 0.0 0.0
gi 0 0 0 0
gw 0.0 0.0 0.0 0.0
gi 0 0 0 0
gw 0.0 0.0 0.0 0.0
gi 0 0 0 0
gw 0.0 0.0 0.0 0.0
gi 0 0 0 0
gw 0.0 0.0 0.0 0.0
gi 0 0 0 0
gw 0.0 0.0 0.0 0.0
gi 0 0 0 0
gw 0.0 0.0 0.0 0.0
gi 0 0 0 0
gw 0.0 0.0 0.0 0.0
gi 0 0 0 0
gw 0.0 0.0 0.0 0.0
gi 0 0 0 0
gw 0.0 0.0 0.0 0.0
gi 0 0 0 0
gw 0.0 0.0 0.0 0.0
gi 0 0 0 0
gw 0.0 0.0 0.0 0.0
gi 0 0 0 0
gw 0.0 0.0 0.0 0.0
gi 0 0 0 0
gw 0.0 0.0 0.0 0.0
gi 0 0 0 0
gw 0.0 0.0 0.0 0.0
gi 0 0 0 0
gw 0.0 0.0 0.0 0.0
gi 0 0 0 0
gw 0.0 0.0 0.0 0.0
gi 0 0 0 0
gw 0.0 0.0 0.0 0.0
gi 0 0 0 0
gw 0.0 0.0 0.0 0.0
gi 0 0 0 0
gw 0.0 0.0 0.0 0.0
gi 0 0 0 0
gw 0.0 0.0 0.0 0.0
gi 0 0 0 0
gw 0.0 0.0 0.0 0.0
gi 0 0 0 0
gw 0.0 0.0 0.0 0.0
gi 0 0 0 0
gw 0.0 0.0 0.0 0.0
gi 0 0 0 0
gw 0.0 0.0 0.0 0.0
gi 0 0 0 0
gw 0.0 0.0 0.0 0.0
gi 0 0 0 0
gw 0.0 0.0 0.0 0.0
gi 0 0 0 0
gw 0.0 0.0 0.0 0.0
gi 0 0 0 0
gw 0.0 0.0 0.0 0.0
gi 0 0 0 0
gw 0.0 0.0 0.0 0.0
gi 0 0 0 0
gw 0.0 0.0 0.0 0.0
gi 0 0 0 0
gw 0.0 0.0 0.0 0.0
gi 0 0 0 0
gw 0.0 0.0 0.0 0.0
gi 0 0 0 0
gw 0.0 0.0 0.0 0.0
gi 0 0 0 0
gw 0.0 0.0 0.0 0.0
gi 0 0 0 0
gw 0.0 0.0 0.0 0.0
gi 0 0 0 0
gw 0.0 0.0 0.0 0.0
gi 0 0 0 0
gw 0.0 0.0 0.0 0.0
gi 0 0 0 0
gw 0.0 0.0 0.0 0.0
gi 0 0 0 0
gw 0.0 0.0 0.0 0.0
gi 0 0 0 0
gw 0.0 0.0 0.0 0.0
gi 0 0 0 0
gw 0.0 0.0 0.0 0.0
gi 0 0 0 0
gw 0.0 0.0 0.0 0.0
gi 0 0 0 0
gw 0.0 0.0 0.0 0.0
gi 0 0 0 0
gw 0.0 0.0 0.0 0.0
gi 0 0 0 0
gw 0.0 0.0 0.0 0.0
gi 0 0 0 0
gw 0.0 0.0 0.0 0.0
gi 0 0 0 0
gw 0.0 0.0 0.0 0.0
gi 0 0 0 0
gw 0.0 0.0 0.0 0.0
gi 0 0 0 0
gw 0.0 0.0 0.0 0.0
gi 0 0 0 0
gw 0.0 0.0 0.0 0.0
gi 0 0 0 0
gw 0.0 0.0 0.0 0.0
gi 0 0 0 0
gw 0.0 0.0 0.0 0.0
gi 0 0 0 0
gw 0.0 0.0 0.0 0.0
gi 0 0 0 0
gw 0.0 0.0 0.0 0.0
gi 0 0 0 0
gw 0.0 0.0 0.0 0.0
gi 0 0 0 0
gw 0.0 0.0 0.0 0.0
gi 0 0 0 0
gw 0.0 0.0 0.0 0.0
gi 0 0 0 0
gw 0.0 0.0 0.0 0.0
gi 0 0 0 0
gw 0.0 0.0 0.0 0.0
gi 0 0 0 0
gw 0.0 0.0 0.0 0.0
gi 0 0 0 0
gw 0.0 0.0 0.0 0.0
gi 0 0 0 0
gw 0.0 0.0 0.0 0.0
gi 0 0 0 0
gw 0.0 0.0 0.0 0.0
gi 0 0 0 0
gw 0.0 0.0 0.0 0.0
gi 0 0 0 0
gw 0.0 0.0 0.0 0.0
gi 0 0 0 0
gw 0.0 0.0 0.0 0.0
gi 0 0 0 0
gw 0.0 0.0 0.0 0.0
gi 0 0 0 0
gw 0.0 0.0 0.0 0.0
gi 0 0 0 0
gw 0.0 0.0 0.0 0.0
gi 0 0 0 0
gw 0.0 0.0 0.0 0.0
gi 0 0 0 0
gw 0.0 0.0 0.0 0.0
gi 0 0 0 0
gw 0.0 0.0 0.0 0.0
gi 0 0 0 0
gw 0.0 0.0 0.0 0.0
gi 0 0 0 0
gw 0.0 0.0 0.0 0.0
gi 0 0 0 0
gw 0.0 0.0 0.0 0.0
gi 0 0 0 0
gw 0.0 0.0 0.0 0.0
gi 0 0 0 0
gw 0.0 0.0 0.0 0.0
gi 0 0 0 0
gw 0.0 0.0 0.0 0.0
gi 0 0 0 0
gw 0.0 0.0 0.0 0.0
gi 0 0 0 0
gw 0.0 0.0 0.0 0.0
gi 0 0 0 0
gw 0.0 0.0 0.0 0.0
gi 0 0 0 0
gw 0.0 0.0 0.0 0.0
gi 0 0 0 0
gw 0.0 0.0 0.0 0.0
gi 0 0 0 0
gw 0.0 0.0 0.0 0.0
gi 0 0 0 0
gw 0.0 0.0 0.0 0.0
gi 0 0 0 0
gw 0.0 0.0 0.0 0.0
gi 0 0 0 0
gw 0.0 0.0 0.0 0.0
gi 0 0 0 0
gw 0.0 0.0 0.0 0.0
gi 0 0 0 0
gw 0.0 0.0 0.0 0.0
gi 0 0 0 0
gw 0.0 0.0 0.0 0.0
gi 0 0 0 0
gw 0.0 0.0 0.0 0.0
gi 0 0 0 0
gw 0.0 0.0 0.0 0.0
gi 0 0 0 0
gw 0.0 0.0 0.0 0.0
gi 0 0 0 0
gw 0.0 0.0 0.0 0.0
gi 0 0 0 0
gw 0.0 0.0 0.0 0.0
gi 0 0 0 0
gw 0.0 0.0 0.0 0.0
gi 0 0 0 0
gw 0.0 0.0 0.0 0.0
gi 0 0 0 0
gw 0.0 0.0 0.0 0.0
gi 0 0 0 0
gw 0.0 0.0 0.0 0.0
gi 0 0 0 0
gw 0.0 0.0 0.0 0.0
gi 0 0 0 0
gw 0.0 0.0 0.0 0.0
gi 0 0 0 0
gw 0.0 0.0 0.0 0.0
gi 0 0 0 0
gw 0.0 0.0 0.0 0.0
gi 0 0 0 0
gw 0.0 0.0 0.0 0.0
gi 0 0 0 0
gw 0.0 0.0 0.0 0.0
gi 0 0 0 0
gw 0.0 0.0 0.0 0.0
gi 0 0 0 0
gw 0.0 0.0 0.0 0.0
gi 0 0 0 0
gw 0.0 0.0 0.0 0.0
gi 0 0 0 0
gw 0.0 0.0 0.0 0.0
gi 0 0 0 0
gw 0.0 0.0 0.0 0.0
gi 0 0 0 0
gw 0.0 0.0 0.0 0.0
gi 0 0 0 0
gw 0.0 0.0 0.0 0.0
gi 0 0 0 0
gw 0.0 0.0 0.0 0.0
gi 0 0 0 0
gw 0.0 0.0 0.0 0.0
gi 0 0 0 0
gw 0.0 0.0 0.0 0.0
gi 0 0 0 0
gw 0.0 0.0 0.0 0.0
gi 0 0 0 0
gw 0.0 0.0 0.0 0.0
gi 0 0 0 0
gw 0.0 0.0 0.0 0.0
gi 0 0 0 0
gw 0.0 0.0 0.0 0.0
gi 0 0 0 0
gw 0.0 0.0 0.0 0.0
gi 0 0 0 0
gw 0.0 0.0 0.0 0.0
gi 0 0 0 0
gw 0.0 0.0 0.0 0.0
gi 0 0 0 0
gw 0.0 0.0 0.0 0.0
gi 0 0 0 0
gw 0.0 0.0 0.0 0.0
gi 0 0 0 0
gw 0.0 0.0 0.0 0.0
gi 0 0 0 0
gw 0.0 0.0 0.0 0.0
gi 0 0 0 0
gw 0.0 0.0 0.0 0.0
gi 0 0 0 0
gw 0.0 0.0 0.0 0.0
gi 0 0 0 0
gw 0.0 0.0 0.0 0.0
gi 0 0 0 0
gw 0.0 0.0 0.0 0.0
gi 0 0 0 0
gw 0.0 0.0 0.0 0.0
gi 0 0 0 0
gw 0.0 0.0 0.0 0.0
gi 0 0 0 0
gw 0.0 0.0 0.0 0.0
gi 0 0 0 0
gw 0.0 0.0 0.0 0.0
gi 0 0 0 0
gw 0.0 0.0 0.0 0.0
gi 0 0 0 0
gw 0.0 0.0 0.0 0.0
gi 0 0 0 0
gw 0.0 0.0 0.0 0.0
gi 0 0 0 0
gw 0.0 0.0 0.0 0.0
gi 0 0 0 0
gw 0.0 0.0 0.0 0.0
gi 0 0 0 0
gw 0.0 0.0 0.0 0.0
gi 0 0 0 0
gw 0.0 0.0 0.0 0.0
gi 0 0 0 0
gw 0.0 0.0 0.0 0.0
gi 0 0 0 0
gw 0.0 0.0 0.0 0.0
gi 0 0 0 0
gw 0.0 0.0 0.0 0.0
gi 0 0 0 0
gw 0.0 0.0 0.0 0.0
gi 0 0 0 0
gw 0.0 0.0 0.0 0.0
gi 0 0 0 0
gw 0.0 0.0 0.0 0.0
gi 0 0 0 0
gw 0.0 0.0 0.0 0.0
gi 0 0 0 0
gw 0.0 0.0 0.0 0.0
gi 0 0 0 0
gw 0.0 0.0 0.0 0.0
gi 0 0 0 0
gw 0.0 0.0 0.0 0.0
gi 0 0 0 0
gw 0.0 0.0 0.0 0.0
gi 0 0 0 0
gw 0.0 0.0 0.0 0.0
gi 0 0 0 0
gw 0.0 0.0 0.0 0.0
gi 0 0 0 0
gw 0.0 0.0 0.0 0.0
gi 0 0 0 0
gw 0.0 0.0 0.0 0.0
gi 0 0 0 0
gw 0.0 0.0 0.0 0.0
gi 0 0 0 0
gw 0.0 0.0 0.0 0.0
gi 0 0 0 0
gw 0.0 0.0 0.0 0.0
gi 0 0 0 0
gw 0.0 0.0 0.0 0.0
gi 0 0 0 0
gw 0.0 0.0 0.0 0.0
gi 0 0 0 0
gw 0.0 0.0 0.0 0.0
gi 0 0 0 0
gw 0.0 0.0 0.0 0.0
gi 0 0 0 0
gw 0.0 0.0 0.0 0.0
gi 0 0 0 0
gw 0.0 0.0 0.0 0.0
gi 0 0 0 0
gw 0.0 0.0 0.0 0.0
gi 0 0 0 0
gw 0.0 0.0 0.0 0.0
gi 0 0 0 0
gw 0.0 0.0 0.0 0.0
gi 0 0 0 0
gw 0.0 0.0 0.0 0.0
gi 0 0 0 0
gw 0.0 0.0 0.0 0.0
gi 0 0 0 0
gw 0.0 0.0 0.0 0.0
gi 0 0 0 0
gw 0.0 0.0 0.0 0.0
gi 0 0 0 0
gw 0.0 0.0 0.0 0.0
gi 0 0 0 0
gw 0.0 0.0 0.0 0.0
gi 0 0 0 0
gw 0.0 0.0 0.0 0.0
gi 0 0 0 0
gw 0.0 0.0 0.0 0.0
gi 0 0 0 0
gw 0.0 0.0 0.0 0.0
gi 0 0 0 0
gw 0.0 0.0 0.0 0.0
gi 0 0 0 0
gw 0.0 0.0 0.0 0.0
gi 0 0 0 0
gw 0.0 0.0 0.0 0.0
gi 0 0 0 0
gw 0.0 0.0 0.0 0.0
gi 0 0 0 0
gw 0.0 0.0 0.0 0.0
gi 0 0 0 0
gw 0.0 0.0 0.0 0.0
gi 0 0 0 0
gw 0.0 0.0 0.0 0.0
gi 0 0 0 0
gw 0.0 0.0 0.0 0.0
gi 0 0 0 0
gw 0.0 0.0 0.0 0.0
gi 0 0 0 0
gw 0.0 0.0 0.0 0.0
gi 0 0 0 0
gw 0.0 0.0 0.0 0.0
gi 0 0 0 0
gw 0.0 0.0 0.0 0.0
gi 0 0 0 0
gw 0.0 0.0 0.0 0.0
gi 0 0 0 0
gw 0.0 0.0 0.0 0.0
gi 0 0 0 0
gw 0.0 0.0 0.0 0.0
gi 0 0 0 0
gw 0.0 0.0 0.0 0.0
gi 0 0 0 0
gw 0.0 0.0 0.0 0.0
gi 0 0 0 0
gw 0.0 0.0 0.0 0.0
gi 0 0 0 0
gw 0.0 0.0 0.0 0.0
gi 0 0 0 0
gw 0.0 0.0 0.0 0.0
gi 0 0 0 0
gw 0.0 0.0 0.0 0.0
gi 0 0 0 0
gw 0.0 0.0 0.0 0.0
gi 0 0 0 0
gw 0.0 0.0 0.0 0.0
gi 0 0 0 0
gw 0.0 0.0 0.0 0.0
gi 0 0 0 0
gw 0.0 0.0 0.0 0.0
gi 0 0 0 0
gw 0.0 0.0 0.0 0.0
gi 0 0 0 0
gw 0.0 0.0 0.0 0.0
gi 0 0 0 0
gw 0.0 0.0 0.0 0.0
gi 0 0 0 0
gw 0.0 0.0 0.0 0.0
gi 0 0 0 0
gw 0.0 0.0 0.0 0.0
gi 0 0 0 0
gw 0.0 0.0 0.0 0.0
gi 0 0 0 0
gw 0.0 0.0 0.0 0.0
gi 0 0 0 0
gw 0.0 0.0 0.0 0.0
gi 0 0 0 0
gw 0.0 0.0 0.0 0.0
gi 0 0 0 0
gw 0.0 0.0 0.0 0.0
gi 0 0 0 0
gw 0.0 0.0 0.0 0.0
gi 0 0 0 0
gw 0.0 0.0 0.0 0.0
gi 0 0 0 0
gw 0.0 0.0 0.0 0.0
gi 0 0 0 0
gw 0.0 0.0 0.0 0.0
gi 0 0 0 0
gw 0.0 0.0 0.0 0.0
gi 0 0 0 0
gw 0.0 0.0 0.0 0.0
gi 0 0 0 0
gw 0.0 0.0 0.0 0.0
gi 0 0 0 0
gw 0.0 0.0 0.0 0.0
gi 0 0 0 0
gw 0.0 0.0 0.0 0.0
gi 0 0 0 0
gw 0.0 0.0 0.0 0.0
gi 0 0 0 0
gw 0.0 0.0 0.0 0.0
gi 0 0 0 0
gw 0.0 0.0 0.0 0.0
gi 0 0 0 0
gw 0.0 0.0 0.0 0.0
gi 0 0 0 0
gw 0.0 0.0 0.0 0.0
gi 0 0 0 0
gw 0.0 0.0 0.0 0.0
gi 0 0 0 0
gw 0.0 0.0 0.0 0.0
gi 0 0 0 0
gw 0.0 0.0 0.0 0.0
gi 0 0 0 0
gw 0.0 0.0 0.0 0.0
gi 0 0 0 0
gw 0.0 0.0 0.0 0.0
gi 0 0 0 0
gw 0.0 0.0 0.0 0.0
gi 0 0 0 0
gw 0.0 0.0 0.0 0.0
gi 0 0 0 0
gw 0.0 0.0 0.0 0.0
gi 0 0 0 0
gw 0.0 0.0 0.0 0.0
gi 0 0 0 0
gw 0.0 0.0 0.0 0.0
gi 0 0 0 0
gw 0.0 0.0 0.0 0.0
gi 0 0 0 0
gw 0.0 0.0 0.0 0.0
gi 0 0 0 0
gw 0.0 0.0 0.0 0.0
gi 0 0 0 0
gw 0.0 0.0 0.0 0.0
gi 0 0 0 0
gw 0.0 0.0 0.0 0.0
gi 0 0 0 0
gw 0.0 0.0 0.0 0.0
gi 0 0 0 0
gw 0.0 0.0 0.0 0.0
gi 0 0 0 0
gw 0.0 0.0 0.0 0.0
gi 0 0 0 0
gw 0.0 0.0 0.0 0.0
gi 0 0 0 0
gw 0.0 0.0 0.0 0.0
gi 0 0 0 0
gw 0.0 0.0 0.0 0.0
gi 0 0 0 0
gw 0.0 0.0 0.0 0.0
gi 0 0 0 0
gw 0.0 0.0 0.0 0.0
gi 0 0 0 0
gw 0.0 0.0 0.0 0.0
gi 0 0 0 0
gw 0.0 0.0 0.0 0.0
gi 0 0 0 0
gw 0.0 0.0 0.0 0.0
gi 0 0 0 0
gw 0.0 0.0 0.0 0.0
gi 0 0 0 0
gw 0.0 0.0 0.0 0.0
gi 0 0 0 0
gw 0.0 0.0 0.0 0.0
gi 0 0 0 0
gw 0.0 0.0 0.0 0.0
gi 0 0 0 0
gw 0.0 0.0 0.0 0.0
gi 0 0 0 0
gw 0.0 0.0 0.0 0.0
gi 0 0 0 0
gw 0.0 0.0 0.0 0.0
gi 0 0 0 0
gw 0.0 0.0 0.0 0.0
gi 0 0 0 0
gw 0.0 0.0 0.0 0.0
gi 0 0 0 0
gw 0.0 0.0 0.0 0.0
gi 0 0 0 0
gw 0.0 0.0 0.0 0.0
gi 0 0 0 0
gw 0.0 0.0 0.0 0.0
gi 0 0 0 0
gw 0.0 0.0 0.0 0.0
gi 0 0 0 0
gw 0.0 0.0 0.0 0.0
gi 0 0 0 0
gw 0.0 0.0 0.0 0.0
gi 0 0 0 0
gw 0.0 0.0 0.0 0.0
gi 0 0 0 0
gw 0.0 0.0 0.0 0.0
gi 0 0 0 0
gw 0.0 0.0 0.0 0.0
gi 0 0 0 0
gw 0.0 0.0 0.0 0.0
gi 0 0 0 0
gw 0.0 0.0 0.0 0.0
gi 0 0 0 0
gw 0.0 0.0 0.0 0.0
gi 0 0 0 0
gw 0.0 0.0 0.0 0.0
gi 0 0 0 0
gw 0.0 0.0 0.0 0.0
gi 0 0 0 0
gw 0.0 0.0 0.0 0.0
gi 0 0 0 0
gw 0.0 0.0 0.0 0.0
gi 0 0 0 0
gw 0.0 0.0 0.0 0.0
gi 0 0 0 0
gw 0.0 0.0 0.0 0.0
gi 0 0 0 0
gw 0.0 0.0 0.0 0.0
gi 0 0 0 0
gw 0.0 0.0 0.0 0.0
gi 0 0 0 0
gw 0.0 0.0 0.0 0.0
gi 0 0 0 0
gw 0.0 0.0 0.0 0.0
gi 0 0 0 0
gw 0.0 0.0 0.0 0.0
gi 0 0 0 0
gw 0.0 0.0 0.0 0.0
gi 0 0 0 0
gw 0.0 0.0 0.0 0.0
gi 0 0 0 0
gw 0.0 0.0 0.0 0.0
gi 0 0 0 0
gw 0.0 0.0 0.0 0.0
gi 0 0 0 0
gw 0.0 0.0 0.0 0.0
gi 0 0 0 0
gw 0.0 0.0 0.0 0.0
gi 0 0 0 0
gw 0.0 0.0 0.0 0.0
gi 0 0 0 0
gw 0.0 0.0 0.0 0.0
gi 0 0 0 0
gw 0.0 0.0 0.0 0.0
gi 0 0 0 0
gw 0.0 0.0 0.0 0.0
gi 0 0 0 0
gw 0.0 0.0 0.0 0.0
gi 0 0 0 0
gw 0.0 0.0 0.0 0.0
gi 0 0 0 0
gw 0.0 0.0 0.0 0.0
gi 0 0 0 0
gw 0.0 0.0 0.0 0.0
gi 0 0 0 0
gw 0.0 0.0 0.0 0.0
gi 0 0 0 0
gw 0.0 0.0 0.0 0.0
gi 0 0 0 0
gw 0.0 0.0 0.0 0.0
gi 0 0 0 0
gw 0.0 0.0 0.0 0.0
gi 0 0 0 0
gw 0.0 0.0 0.0 0.0
gi 0 0 0 0
gw 0.0 0.0 0.0 0.0
gi 0 0 0 0
gw 0.0 0.0 0.0 0.0
gi 0 0 0 0
gw 0.0 0.0 0.0 0.0
gi 0 0 0 0
gw 0.0 0.0 0.0 0.0
gi 0 0 0 0
gw 0.0 0.0 0.0 0.0
gi 0 0 0 0
gw 0.0 0.0 0.0 0.0
gi 0 0 0 0
gw 0.0 0.0 0.0 0.0
gi 0 0 0 0
gw 0.0 0.0 0.0 0.0
gi 0 0 0 0
gw 0.0 0.0 0.0 0.0
gi 0 0 0 0
gw 0.0 0.0 0.0 0.0
gi 0 0 0 0
gw 0.0 0.0 0.0 0.0
gi 0 0 0 0
gw 0.0 0.0 0.0 0.0
gi 0 0 0 0
gw 0.0 0.0 0.0 0.0
gi 0 0 0 0
gw 0.0 0.0 0.0 0.0
gi 0 0 0 0
gw 0.0 0.0 0.0 0.0
gi 0 0 0 0
gw 0.0 0.0 0.0 0.0
gi 0 0 0 0
gw 0.0 0.0 0.0 0.0
gi 0 0 0 0
gw 0.0 0.0 0.0 0.0
gi 0 0 0 0
gw 0.0 0.0 0.0 0.0
gi 0 0 0 0
gw 0.0 0.0 0.0 0.0
gi 0 0 0 0
gw 0.0 0.0 0.0 0.0
gi 0 0 0 0
gw 0.0 0.0 0.0 0.0
gi 0 0 0 0
gw 0.0 0.0 0.0 0.0
gi 0 0 0 0
gw 0.0 0.0 0.0 0.0
gi 0 0 0 0
gw 0.0 0.0 0.0 0.0
gi 0 0 0 0
gw 0.0 0.0 0.0 0.0
gi 0 0 0 0
gw 0.0 0.0 0.0 0.0
gi 0 0 0 0
gw 0.0 0.0 0.0 0.0
gi 0 0 0 0
gw 0.0 0.0 0.0 0.0
gi 0 0 0 0
gw 0.0 0.0 0.0 0.0
gi 0 0 0 0
gw 0.0 0.0 0.0 0.0
gi 0 0 0 0
gw 0.0 0.0 0.0 0.0
gi 0 0 0 0
gw 0.0 0.0 0.0 0.0
gi 0 0 0 0
gw 0.0 0.0 0.0 0.0
gi 0 0 0 0
gw 0.0 0.0 0.0 0.0
gi 0 0 0 0
gw 0.0 0.0 0.0 0.0
gi 0 0 0 0
gw 0.0 0.0 0.0 0.0
gi 0 0 0 0
gw 0.0 0.0 0.0 0.0
gi 0 0 0 0
gw 0.0 0.0 0.0 0.0
gi 0 0 0 0
gw 0.0 0.0 0.0 0.0
gi 0 0 0 0
gw 0.0 0.0 0.0 0.0
gi 0 0 0 0
gw 0.0 0.0 0.0 0.0
gi 0 0 0 0
gw 0.0 0.0 0.0 0.0
gi 0 0 0 0
gw 0.0 0.0 0.0 0.0
gi 0 0 0 0
gw 0.0 0.0 0.0 0.0
gi 0 0 0 0
gw 0.0 0.0 0.0 0.0
gi 0 0 0 0
gw 0.0 0.0 0.0 0.0
gi 0 0 0 0
gw 0.0 0.0 0.0 0.0
gi 0 0 0 0
gw 0.0 0.0 0.0 0.0
gi 0 0 0 0
gw 0.0 0.0 0.0 0.0
gi 0 0 0 0
gw 0.0 0.0 0.0 0.0
gi 0 0 0 0
gw 0.0 0.0 0.0 0.0
gi 0 0 0 0
gw 0.0 0.0 0.0 0.0
gi 0 0 0 0
gw 0.0 0.0 0.0 0.0
gi 0 0 0 0
gw 0.0 0.0 0.0 0.0
gi 0 0 0 0
gw 0.0 0.0 0.0 0.0
gi 0 0 0 0
gw 0.0 0.0 0.0 0.0
gi 0 0 0 0
gw 0.0 0.0 0.0 0.0
gi 0 0 0 0
gw 0.0 0.0 0.0 0.0
gi 0 0 0 0
gw 0.0 0.0 0.0 0.0
gi 0 0 0 0
gw 0.0 0.0 0.0 0.0
gi 0 0 0 0
gw 0.0 0.0 0.0 0.0
gi 0 0 0 0
gw 0.0 0.0 0.0 0.0
gi 0 0 0 0
gw 0.0 0.0 0.0 0.0
gi 0 0 0 0
gw 0.0 0.0 0.0 0.0
gi 0 0 0 0
gw 0.0 0.0 0.0 0.0
gi 0 0 0 0
gw 0.0 0.0 0.0 0.0
gi 0 0 0 0
gw 0.0 0.0 0.0 0.0
gi 0 0 0 0
gw 0.0 0.0 0.0 0.0
gi 0 0 0 0
gw 0.0 0.0 0.0 0.0
gi 0 0 0 0
gw 0.0 0.0 0.0 0.0
gi 0 0 0 0
gw 0.0 0.0 0.0 0.0
gi 0 0 0 0
gw 0.0 0.0 0.0 0.0
gi 0 0 0 0
gw 0.0 0.0 0.0 0.0
gi 0 0 0 0
gw 0.0 0.0 0.0 0.0
gi 0 0 0 0
gw 0.0 0.0 0.0 0.0
gi 0 0 0 0
gw 0.0 0.0 0.0 0.0
gi 0 0 0 0
gw 0.0 0.0 0.0 0.0
gi 0 0 0 0
gw 0.0 0.0 0.0 0.0
gi 0 0 0 0
gw 0.0 0.0 0.0 0.0
gi 0 0 0 0
gw 0.0 0.0 0.0 0.0
gi 0 0 0 0
gw 0.0 0.0 0.0 0.0
gi 0 0 0 0
gw 0.0 0.0 0.0 0.0
gi 0 0 0 0
gw 0.0 0.0 0.0 0.0
gi 0 0 0 0
gw 0.0 0.0 0.0 0.0
gi 0 0 0 0
gw 0.0 0.0 0.0 0.0
gi 0 0 0 0
gw 0.0 0.0 0.0 0.0
gi 0 0 0 0
gw 0.0 0.0 0.0 0.0
gi 0 0 0 0
gw 0.0 0.0 0.0 0.0
gi 0 0 0 0
gw 0.0 0.0 0.0 0.0
gi 0 0 0 0
gw 0.0 0.0 0.0 0.0
gi 0 0 0 0
gw 0.0 0.0 0.0 0.0
gi 0 0 0 0
gw 0.0 0.0 0.0 0.0
gi 0 0 0 0
gw 0.0 0.0 0.0 0.0
gi 0 0 0 0
gw 0.0 0.0 0.0 0.0
gi 0 0 0 0
gw 0.0 0.0 0.0 0.0
gi 0 0 0 0
gw 0.0 0.0 0.0 0.0
gi 0 0 0 0
gw 0.0 0.0 0.0 0.0
gi 0 0 0 0
gw 0.0 0.0 0.0 0.0
gi 0 0 0 0
gw 0.0 0.0 0.0 0.0
gi 0 0 0 0
gw 0.0 0.0 0.0 0.0
gi 0 0 0 0
gw 0.0 0.0 0.0 0.0
gi 0 0 0 0
gw 0.0 0.0 0.0 0.0
gi 0 0 0 0
gw 0.0 0.0 0.0 0.0
gi 0 0 0 0
gw 0.0 0.0 0.0 0.0
gi 0 0 0 0
gw 0.0 0.0 0.0 0.0
gi 0 0 0 0
gw 0.0 0.0 0.0 0.0
gi 0 0 0 0
gw 0.0 0.0 0.0 0.0
gi 0 0 0 0
gw 0.0 0.0 0.0 0.0
gi 0 0 0 0
gw 0.0 0.0 0.0 0.0
gi 0 0 0 0
gw 0.0 0.0 0.0 0.0
gi 0 0 0 0
gw 0.0 0.0 0.0 0.0
gi 0 0 0 0
gw 0.0 0.0 0.0 0.0
gi 0 0 0 0
gw 0.0 0.0 0.0 0.0
gi 0 0 0 0
gw 0.0 0.0 0.0 0.0
gi 0 0 0 0
gw 0.0 0.0 0.0 0.0
gi 0 0 0 0
gw 0.0 0.0 0.0 0.0
gi 0 0 0 0
gw 0.0 0.0 0.0 0.0
gi 0 0 0 0
gw 0.0 0.0 0.0 0.0
gi 0 0 0 0
gw 0.0 0.0 0.0 0.0
gi 0 0 0 0
gw 0.0 0.0 0.0 0.0
gi 0 0 0 0
gw 0.0 0.0 0.0 0.0
gi 0 0 0 0
gw 0.0 0.0 0.0 0.0
gi 0 0 0 0
gw 0.0 0.0 0.0 0.0
gi 0 0 0 0
gw 0.0 0.0 0.0 0.0
gi 0 0 0 0
gw 0.0 0.0 0.0 0.0
gi 0 0 0 0
gw 0.0 0.0 0.0 0.0
gi 0 0 0 0
gw 0.0 0.0 0.0 0.0
gi 0 0 0 0
gw 0.0 0.0 0.0 0.0
gi 0 0 0 0
gw 0.0 0.0 0.0 0.0
gi 0 0 0 0
gw 0.0 0.0 0.0 0.0
gi 0 0 0 0
gw 0.0 0.0 0.0 0.0
gi 0 0 0 0
gw 0.0 0.0 0.0 0.0
gi 0 0 0 0
gw 0.0 0.0 0.0 0.0
gi 0 0 0 0
gw 0.0 0.0 0.0 0.0
gi 0 0 0 0
gw 0.0 0.0 0.0 0.0
gi 0 0 0 0
gw 0.0 0.0 0.0 0.0
gi 0 0 0 0
gw 0.0 0.0 0.0 0.0
gi 0 0 0 0
gw 0.0 0.0 0.0 0.0
gi 0 0 0 0
gw 0.0 0.0 0.0 0.0
gi 0 0 0 0
gw 0.0 0.0 0.0 0.0
gi 0 0 0 0
gw 0.0 0.0 0.0 0.0
gi 0 0 0 0
gw 0.0 0.0 0.0 0.0
gi 0 0 0 0
gw 0.0 0.0 0.0 0.0
gi 0 0 0 0
gw 0.0 0.0 0.0 0.0
gi 0 0 0 0
gw 0.0 0.0 0.0 0.0
gi 0 0 0 0
gw 0.0 0.0 0.0 0.0
gi 0 0 0 0
gw 0.0 0.0 0.0 0.0
gi 0 0 0 0
gw 0.0 0.0 0.0 0.0
gi 0 0 0 0
gw 0.0 0.0 0.0 0.0
gi 0 0 0 0
gw 0.0 0.0 0.0 0.0
gi 0 0 0 0
gw 0.0 0.0 0.0 0.0
gi 0 0 0 0
gw 0.0 0.0 0.0 0.0
gi 0 0 0 0
gw 0.0 0.0 0.0 0.0
gi 0 0 0 0
gw 0.0 0.0 0.0 0.0
gi 0 0 0 0
gw 0.0 0.0 0.0 0.0
gi 0 0 0 0
gw 0.0 0.0 0.0 0.0
gi 0 0 0 0
gw 0.0 0.0 0.0 0.0
gi 0 0 0 0
gw 0.0 0.0 0.0 0.0
gi 0 0 0 0
gw 0.0 0.0 0.0 0.0
gi 0 0 0 0
gw 0.0 0.0 0.0 0.0
gi 0 0 0 0
gw 0.0 0.0 0.0 0.0
gi 0 0 0 0
gw 0.0 0.0 0.0 0.0
gi 0 0 0 0
gw 0.0 0.0 0.0 0.0
gi 0 0 0 0
gw 0.0 0.0 0.0 0.0
gi 0 0 0 0
gw 0.0 0.0 0.0 0.0
gi 0 0 0 0
gw 0.0 0.0 0.0 0.0
gi 0 0 0 0
gw 0.0 0.0 0.0 0.0
gi 0 0 0 0
gw 0.0 0.0 0.0 0.0
gi 0 0 0 0
gw 0.0 0.0 0.0 0.0
gi 0 0 0 0
gw 0.0 0.0 0.0 0.0
gi 0 0 0 0
gw 0.0 0.0 0.0 0.0
gi 0 0 0 0
gw 0.0 0.0 0.0 0.0
gi 0 0 0 0
gw 0.0 0.0 0.0 0.0
gi 0 0 0 0
gw 0.0 0.0 0.0 0.0
gi 0 0 0 0
gw 0.0 0.0 0.0 0.0
gi 0 0 0 0
gw 0.0 0.0 0.0 0.0
gi 0 0 0 0
gw 0.0 0.0 0.0 0.0
gi 0 0 0 0
gw 0.0 0.0 0.0 0.0
gi 0 0 0 0
gw 0.0 0.0 0.0 0.0
gi 0 0 0 0
gw 0.0 0.0 0.0 0.0
gi 0 0 0 0
gw 0.0 0.0 0.0 0.0
gi 0 0 0 0
gw 0.0 0.0 0.0 0.0
gi 0 0 0 0
gw 0.0 0.0 0.0 0.0
gi 0 0 0 0
gw 0.0 0.0 0.0 0.0
gi 0 0 0 0
gw 0.0 0.0 0.0 0.0
gi 0 0 0 0
gw 0.0 0.0 0.0 0.0
gi 0 0 0 0
gw 0.0 0.0 0.0 0.0
gi 0 0 0 0
gw 0.0 0.0 0.0 0.0
gi 0 0 0 0
gw 0.0 0.0 0.0 0.0
gi 0 0 0 0
gw 0.0 0.0 0.0 0.0
gi 0 0 0 0
gw 0.0 0.0 0.0 0.0
gi 0 0 0 0
gw 0.0 0.0 0.0 0.0
gi 0 0 0 0
gw 0.0 0.0 0.0 0.0
gi 0 0 0 0
gw 0.0 0.0 0.0 0.0
gi 0 0 0 0
gw 0.0 0.0 0.0 0.0
gi 0 0 0 0
gw 0.0 0.0 0.0 0.0
gi 0 0 0 0
gw 0.0 0.0 0.0 0.0
gi 0 0 0 0
gw 0.0 0.0 0.0 0.0
gi 0 0 0 0
gw 0.0 0.0 0.0 0.0
gi 0 0 0 0
gw 0.0 0.0 0.0 0.0
gi 0 0 0 0
gw 0.0 0.0 0.0 0.0
gi 0 0 0 0
gw 0.0 0.0 0.0 0.0
gi 0 0 0 0
gw 0.0 0.0 0.0 0.0
gi 0 0 0 0
gw 0.0 0.0 0.0 0.0
gi 0 0 0 0
gw 0.0 0.0 0.0 0.0
gi 0 0 0 0
gw 0.0 0.0 0.0 0.0
gi 0 0 0 0
gw 0.0 0.0 0.0 0.0
gi 0 0 0 0
gw 0.0 0.0 0.0 0.0
gi 0 0 0 0
gw 0.0 0.0 0.0 0.0
gi 0 0 0 0
gw 0.0 0.0 0.0 0.0
gi 0 0 0 0
gw 0.0 0.0 0.0 0.0
gi 0 0 0 0
gw 0.0 0.0 0.0 0.0
gi 0 0 0 0
gw 0.0 0.0 0.0 0.0
gi 0 0 0 0
gw 0.0 0.0 0.0 0.0
gi 0 0 0 0
gw 0.0 0.0 0.0 0.0
gi 0 0 0 0
gw 0.0 0.0 0.0 0.0
gi 0 0 0 0
gw 0.0 0.0 0.0 0.0
gi 0 0 0 0
gw 0.0 0.0 0.0 0.0
gi 0 0 0 0
gw 0.0 0.0 0.0 0.0
gi 0 0 0 0
gw 0.0 0.0 0.0 0.0
gi 0 0 0 0
gw 0.0 0.0 0.0 0.0
gi 0 0 0 0
gw 0.0 0.0 0.0 0.0
gi 0 0 0 0
gw 0.0 0.0 0.0 0.0
gi 0 0 0 0
gw 0.0 0.0 0.0 0.0
gi 0 0 0 0
gw 0.0 0.0 0.0 0.0
gi 0 0 0 0
gw 0.0 0.0 0.0 0.0
gi 0 0 0 0
gw 0.0 0.0 0.0 0.0
gi 0 0 0 0
gw 0.0 0.0 0.0 0.0
gi 0 0 0 0
gw 0.0 0.0 0.0 0.0
gi 0 0 0 0
gw 0.0 0.0 0.0 0.0
gi 0 0 0 0
gw 0.0 0.0 0.0 0.0
gi 0 0 0 0
gw 0.0 0.0 0.0 0.0
gi 0 0 0 0
gw 0.0 0.0 0.0 0.0
gi 0 0 0 0
gw 0.0 0.0 0.0 0.0
gi 0 0 0 0
gw 0.0 0.0 0.0 0.0
gi 0 0 0 0
gw 0.0 0.0 0.0 0.0
gi 0 0 0 0
gw 0.0 0.0 0.0 0.0
gi 0 0 0 0
gw 0.0 0.0 0.0 0.0
gi 0 0 0 0
gw 0.0 0.0 0.0 0.0
gi 0 0 0 0
gw 0.0 0.0 0.0 0.0
gi 0 0 0 0
gw 0.0 0.0 0.0 0.0
gi 0 0 0 0
gw 0.0 0.0 0.0 0.0
gi 0 0 0 0
gw 0.0 0.0 0.0 0.0
gi 0 0 0 0
gw 0.0 0.0 0.0 0.0
gi 0 0 0 0
gw 0.0 0.0 0.0 0.0
gi 0 0 0 0
gw 0.0 0.0 0.0 0.0
gi 0 0 0 0
gw 0.0 0.0 0.0 0.0
gi 0 0 0 0
gw 0.0 0.0 0.0 0.0
gi 0 0 0 0
gw 0.0 0.0 0.0 0.0
gi 0 0 0 0
gw 0.0 0.0 0.0 0.0
gi 0 0 0 0
gw 0.0 0.0 0.0 0.0
gi 0 0 0 0
gw 0.0 0.0 0.0 0.0
gi 0 0 0 0
gw 0.0 0.0 0.0 0.0
gi 0 0 0 0
gw 0.0 0.0 0.0 0.0
gi 0 0 0 0
gw 0.0 0.0 0.0 0.0
gi 0 0 0 0
gw 0.0 0.0 0.0 0.0
gi 0 0 0 0
gw 0.0 0.0 0.0 0.0
gi 0 0 0 0
gw 0.0 0.0 0.0 0.0
gi 0 0 0 0
gw 0.0 0.0 0.0 0.0
gi 0 0 0 0
gw 0.0 0.0 0.0 0.0
gi 0 0 0 0
gw 0.0 0.0 0.0 0.0
gi 0 0 0 0
gw 0.0 0.0 0.0 0.0
gi 0 0 0 0
gw 0.0 0.0 0.0 0.0
gi 0 0 0 0
gw 0.0 0.0 0.0 0.0
gi 0 0 0 0
gw 0.0 0.0 0.0 0.0
gi 0 0 0 0
gw 0.0 0.0 0.0 0.0
gi 0 0 0 0
gw 0.0 0.0 0.0 0.0
gi 0 0 0 0
gw 0.0 0.0 0.0 0.0
gi 0 0 0 0
gw 0.0 0.0 0.0 0.0
gi 0 0 0 0
gw 0.0 0.0 0.0 0.0
gi 0 0 0 0
gw 0.0 0.0 0.0 0.0
gi 0 0 0 0
gw 0.0 0.0 0.0 0.0
gi 0 0 0 0
gw 0.0 0.0 0.0 0.0
gi 0 0 0 0
gw 0.0 0.0 0.0 0.0
gi 0 0 0 0
gw 0.0 0.0 0.0 0.0
gi 0 0 0 0
gw 0.0 0.0 0.0 0.0
gi 0 0 0 0
gw 0.0 0.0 0.0 0.0
gi 0 0 0 0
gw 0.0 0.0 0.0 0.0
gi 0 0 0 0
gw 0.0 0.0 0.0 0.0
gi 0 0 0 0
gw 0.0 0.0 0.0 0.0
gi 0 0 0 0
gw 0.0 0.0 0.0 0.0
gi 0 0 0 0
gw 0.0 0.0 0.0 0.0
gi 0 0 0 0
gw 0.0 0.0 0.0 0.0
gi 0 0 0 0
gw 0.0 0.0 0.0 0.0
gi 0 0 0 0
gw 0.0 0.0 0.0 0.0
gi 0 0 0 0
gw 0.0 0.0 0.0 0.0
gi 0 0 0 0
gw 0.0 0.0 0.0 0.0
gi 0 0 0 0
gw 0.0 0.0 0.0 0.0
gi 0 0 0 0
gw 0.0 0.0 0.0 0.0
gi 0 0 0 0
gw 0.0 0.0 0.0 0.0
gi 0 0 0 0
gw 0.0 0.0 0.0 0.0
gi 0 0 0 0
gw 0.0 0.0 0.0 0.0
gi 0 0 0 0
gw 0.0 0.0 0.0 0.0
gi 0 0 0 0
gw 0.0 0.0 0.0 0.0
gi 0 0 0 0
gw 0.0 0.0 0.0 0.0
gi 0 0 0 0
gw 0.0 0.0 0.0 0.0
gi 0 0 0 0
gw 0.0 0.0 0.0 0.0
gi 0 0 0 0
gw 0.0 0.0 0.0 0.0
gi 0 0 0 0
gw 0.0 0.0 0.0 0.0
gi 0 0 0 0
gw 0.0 0.0 0.0 0.0
gi 0 0 0 0
gw 0.0 0.0 0.0 0.0
gi 0 0 0 0
gw 0.0 0.0 0.0 0.0
gi 0 0 0 0
gw 0.0 0.0 0.0 0.0
gi 0 0 0 0
gw 0.0 0.0 0.0 0.0
gi 0 0 0 0
gw 0.0 0.0 0.0 0.0
gi 0 0 0 0
gw 0.0 0.0 0.0 0.0
gi 0 0 0 0
gw 0.0 0.0 0.0 0.0
gi 0 0 0 0
gw 0.0 0.0 0.0 0.0
gi 0 0 0 0
gw 0.0 0.0 0.0 0.0
gi 0 0 0 0
gw 0.0 0.0 0.0 0.0
gi 0 0 0 0
gw 0.0 0.0 0.0 0.0
gi 0 0 0 0
gw 0.0 0.0 0.0 0.0
gi 0 0 0 0
gw 0.0 0.0 0.0 0.0
gi 0 0 0 0
gw 0.0 0.0 0.0 0.0
gi 0 0 0 0
gw 0.0 0.0 0.0 0.0
gi 0 0 0 0
gw 0.0 0.0 0.0 0.0
gi 0 0 0 0
gw 0.0 0.0 0.0 0.0
gi 0 0 0 0
gw 0.0 0.0 0.0 0.0
gi 0 0 0 0
gw 0.0 0.0 0.0 0.0
gi 0 0 0 0
gw 0.0 0.0 0.0 0.0
gi 0 0 0 0
gw 0.0 0.0 0.0 0.0
gi 0 0 0 0
gw 0.0 0.0 0.0 0.0
gi 0 0 0 0
gw 0.0 0.0 0.0 0.0
gi 0 0 0 0
gw 0.0 0.0 0.0 0.0
gi 0 0 0 0
gw 0.0 0.0 0.0 0.0
gi 0 0 0 0
gw 0.0 0.0 0.0 0.0
gi 0 0 0 0
gw 0.0 0.0 0.0 0.0
gi 0 0 0 0
gw 0.0 0.0 0.0 0.0
gi 0 0 0 0
gw 0.0 0.0 0.0 0.0
gi 0 0 0 0
gw 0.0 0.0 0.0 0.0
gi 0 0 0 0
gw 0.0 0.0 0.0 0.0
gi 0 0 0 0
gw 0.0 0.0 0.0 0.0
gi 0 0 0 0
gw 0.0 0.0 0.0 0.0
gi 0 0 0 0
gw 0.0 0.0 0.0 0.0
gi 0 0 0 0
gw 0.0 0.0 0.0 0.0
gi 0 0 0 0
gw 0.0 0.0 0.0 0.0
gi 0 0 0 0
gw 0.0 0.0 0.0 0.0
gi 0 0 0 0
gw 0.0 0.0 0.0 0.0
gi 0 0 0 0
gw 0.0 0.0 0.0 0.0
gi 0 0 0 0
gw 0.0 0.0 0.0 0.0
gi 0 0 0 0
gw 0.0 0.0 0.0 0.0
gi 0 0 0 0
gw 0.0 0.0 0.0 0.0
gi 0 0 0 0
gw 0.0 0.0 0.0 0.0
gi 0 0 0 0
gw 0.0 0.0 0.0 0.0
gi 0 0 0 0
gw 0.0 0.0 0.0 0.0
gi 0 0 0 0
gw 0.0 0.0 0.0 0.0
gi 0 0 0 0
gw 0.0 0.0 0.0 0.0
gi 0 0 0 0
gw 0.0 0.0 0.0 0.0
gi 0 0 0 0
gw 0.0 0.0 0.0 0.0
gi 0 0 0 0
gw 0.0 0.0 0.0 0.0
gi 0 0 0 0
gw 0.0 0.0 0.0 0.0
gi 0 0 0 0
gw 0.0 0.0 0.0 0.0
gi 0 0 0 0
gw 0.0 0.0 0.0 0.0
gi 0 0 0 0
gw 0.0 0.0 0.0 0.0
gi 0 0 0 0
gw 0.0 0.0 0.0 0.0
gi 0 0 0 0
gw 0.0 0.0 0.0 0.0
gi 0 0 0 0
gw 0.0 0.0 0.0 0.0
gi 0 0 0 0
gw 0.0 0.0 0.0 0.0
gi 0 0 0 0
gw 0.0 0.0 0.0 0.0
gi 0 0 0 0
gw 0.0 0.0 0.0 0.0
gi 0 0 0 0
gw 0.0 0.0 0.0 0.0
gi 0 0 0 0
gw 0.0 0.0 0.0 0.0
gi 0 0 0 0
gw 0.0 0.0 0.0 0.0
gi 0 0 0 0
gw 0.0 0.0 0.0 0.0
gi 0 0 0 0
gw 0.0 0.0 0.0 0.0
gi 0 0 0 0
gw 0.0 0.0 0.0 0.0
gi 0 0 0 0
gw 0.0 0.0 0.0 0.0
gi 0 0 0 0
gw 0.0 0.0 0.0 0.0
gi 0 0 0 0
gw 0.0 0.0 0.0 0.0
gi 0 0 0 0
gw 0.0 0.0 0.0 0.0
gi 0 0 0 0
gw 0.0 0.0 0.0 0.0
gi 0 0 0 0
gw 0.0 0.0 0.0 0.0
gi 0 0 0 0
gw 0.0 0.0 0.0 0.0
gi 0 0 0 0
gw 0.0 0.0 0.0 0.0
gi 0 0 0 0
gw 0.0 0.0 0.0 0.0
gi 0 0 0 0
gw 0.0 0.0 0.0 0.0
gi 0 0 0 0
gw 0.0 0.0 0.0 0.0
gi 0 0 0 0
gw 0.0 0.0 0.0 0.0
gi 0 0 0 0
gw 0.0 0.0 0.0 0.0
gi 0 0 0 0
gw 0.0 0.0 0.0 0.0
gi 0 0 0 0
gw 0.0 0.0 0.0 0.0
gi 0 0 0 0
gw 0.0 0.0 0.0 0.0
gi 0 0 0 0
gw 0.0 0.0 0.0 0.0
gi 0 0 0 0
gw 0.0 0.0 0.0 0.0
gi 0 0 0 0
gw 0.0 0.0 0.0 0.0
gi 0 0 0 0
gw 0.0 0.0 0.0 0.0
gi 0 0 0 0
gw 0.0 0.0 0.0 0.0
gi 0 0 0 0
gw 0.0 0.0 0.0 0.0
gi 0 0 0 0
gw 0.0 0.0 0.0 0.0
gi 0 0 0 0
gw 0.0 0.0 0.0 0.0
gi 0 0 0 0
gw 0.0 0.0 0.0 0.0
gi 0 0 0 0
gw 0.0 0.0 0.0 0.0
gi 0 0 0 0
gw 0.0 0.0 0.0 0.0
gi 0 0 0 0
gw 0.0 0.0 0.0 0.0
gi 0 0 0 0
gw 0.0 0.0 0.0 0.0
gi 0 0 0 0
gw 0.0 0.0 0.0 0.0
gi 0 0 0 0
gw 0.0 0.0 0.0 0.0
gi 0 0 0 0
gw 0.0 0.0 0.0 0.0
gi 0 0 0 0
gw 0.0 0.0 0.0 0.0
gi 0 0 0 0
gw 0.0 0.0 0.0 0.0
gi 0 0 0 0
gw 0.0 0.0 0.0 0.0
gi 0 0 0 0
gw 0.0 0.0 0.0 0.0
gi 0 0 0 0
gw 0.0 0.0 0.0 0.0
gi 0 0 0 0
gw 0.0 0.0 0.0 0.0
gi 0 0 0 0
gw 0.0 0.0 0.0 0.0
gi 0 0 0 0
gw 0.0 0.0 0.0 0.0
gi 0 0 0 0
gw 0.0 0.0 0.0 0.0
gi 0 0 0 0
gw 0.0 0.0 0.0 0.0
gi 0 0 0 0
gw 0.0 0.0 0.0 0.0
gi 0 0 0 0
gw 0.0 0.0 0.0 0.0
gi 0 0 0 0
gw 0.0 0.0 0.0 0.0
gi 0 0 0 0
gw 0.0 0.0 0.0 0.0
gi 0 0 0 0
gw 0.0 0.0 0.0 0.0
gi 0 0 0 0
gw 0.0 0.0 0.0 0.0
gi 0 0 0 0
gw 0.0 0.0 0.0 0.0
gi 0 0 0 0
gw 0.0 0.0 0.0 0.0
gi 0 0 0 0
gw 0.0 0.0 0.0 0.0
gi 0 0 0 0
gw 0.0 0.0 0.0 0.0
vt 0.0033 0.1878
vt 0.061 0.1878
vt 0.061 0.1543
vt 0.0033 0.1543
vt 0.9265 0.0197
vt 0.8399 0.0197
vt 0.8399 0.1543
vt 0.9265 0.1543
vt 0.9265 0.0638
vt 0.9265 0.0047
vt 0.8399 0.0047
vt 0.8399 0.0638
vt 0.9265 0.2067
vt 0.8399 0.2067
vt 0.8399 0.2169
vt 0.9265 0.2169
vt 0.8399 0.3263
vt 0.9265 0.3263
vt 0.4938 0.0197
vt 0.3784 0.0197
vt 0.3784 0.1543
vt 0.4938 0.1543
vt 0.4938 0.0047
vt 0.3784 0.0047
vt 0.3784 0.0638
vt 0.4938 0.0638
vt 0.4938 0.2067
vt 0.3784 0.2067
vt 0.3784 0.2169
vt 0.4938 0.2169
vt 0.3784 0.3263
vt 0.4938 0.3263
vt 0.7245 0.0197
vt 0.6091 0.0197
vt 0.6091 0.1543
vt 0.7245 0.1543
vt 0.7245 0.0047
vt 0.6091 0.0047
vt 0.6091 0.0638
vt 0.7245 0.0638
vt 0.7245 0.2067
vt 0.6091 0.2067
vt 0.6091 0.2169
vt 0.7245 0.2169
vt 0.6091 0.3263
vt 0.7245 0.3263
vt 0.263 0.0197
vt 0.1476 0.0197
vt 0.1476 0.1543
vt 0.263 0.1543
vt 0.1551 0.0047
vt 0.1476 0.0061
vt 0.1476 0.0638
vt 0.263 0.0047
vt 0.263 0.0638
vt 0.263 0.2169
vt 0.2047 0.2169
vt 0.1955 0.2189
vt 0.263 0.3263
vt 0.1476 0.0088
vt 0.169 0.0047
vt 0.169 0.2169
vt 0.1476 0.2128
vt 0.1476 0.2067
vt 0.263 0.2067
vt 0.169 0.3263
vt 0.061 0.0197
vt 0.061 0.0148
vt 0.061 0.0638
vt 0.061 0.0174
vt 0.061 0.2036
vt 0.1476 0.1878
vt 0.061 0.1955
vt 0.1243 0.2025
vt 0.4938 0.1878
vt 0.6091 0.1878
vt 0.7245 0.1878
vt 0.8399 0.1878
vt 0.263 0.1878
vt 0.3784 0.1878
vt 0.156 0.2067
vt 0.1476 0.2051
vt 0.9265 0.1878
vt 0.0033 0.0197
vt 0.0033 0.0163
vt 0.0033 0.0638
vt 0.0033 0.0189
vt 0.0033 0.1929
vt 0.0033 0.2018
vt 0.5312 0.0638
vt 0.4731 0.0638
vt 0.4731 0.1543
vt 0.5312 0.1543
vt 0.5312 0.0047
vt 0.4731 0.0047
vt 0.5312 0.2067
vt 0.4731 0.2067
vt 0.4731 0.2169
vt 0.5312 0.2169
vt 0.4731 0.3263
vt 0.5312 0.3263
vt 0.5312 0.1878
vt 0.5894 0.1878
vt 0.5894 0.1543
vt 0.5312 0.1905
vt 0.5894 0.1905
vt 0.5894 0.2067
vt 0.7639 0.0638
vt 0.7057 0.0638
vt 0.7057 0.1543
vt 0.7639 0.1543
vt 0.7639 0.0047
vt 0.7057 0.0047
vt 0.7639 0.3263
vt 0.7639 0.2321
vt 0.7405 0.2268
vt 0.7057 0.3263
vt 0.2986 0.1878
vt 0.3568 0.1878
vt 0.3568 0.1543
vt 0.2986 0.1543
vt 0.2986 0.1905
vt 0.3568 0.1905
vt 0.2986 0.2067
vt 0.3568 0.2067
vt 0.2986 0.0638
vt 0.2404 0.0638
vt 0.2404 0.1543
vt 0.2986 0.0047
vt 0.2404 0.0047
vt 0.2404 0.2067
vt 0.2404 0.2169
vt 0.2986 0.2169
vt 0.2404 0.3263
vt 0.2986 0.3263
vt 0.7639 0.1878
vt 0.822 0.1878
vt 0.822 0.1543
vt 0.7639 0.1905
vt 0.822 0.1905
vt 0.7639 0.2067
vt 0.822 0.2067
vt 0.8802 0.0638
vt 0.8657 0.0638
vt 0.8657 0.1543
vt 0.8802 0.1543
vt 0.8802 0.0047
vt 0.8657 0.0047
vt 0.8802 0.2169
vt 0.8657 0.2169
vt 0.8657 0.3263
vt 0.8802 0.3263
vt 0.1823 0.1878
vt 0.2404 0.1878
vt 0.1823 0.1543
vt 0.1823 0.1905
vt 0.2404 0.1905
vt 0.1823 0.2067
vt 0.4149 0.0638
vt 0.3568 0.0638
vt 0.4149 0.1543
vt 0.4149 0.0047
vt 0.3568 0.0047
vt 0.4149 0.2067
vt 0.3568 0.2169
vt 0.4149 0.2169
vt 0.3568 0.3263
vt 0.4149 0.3263
vt 0.6476 0.1543
vt 0.6476 0.1878
vt 0.7057 0.1878
vt 0.6476 0.1905
vt 0.7057 0.1905
vt 0.6476 0.2067
vt 0.7057 0.2067
vt 0.6476 0.0638
vt 0.5894 0.0638
vt 0.6476 0.0047
vt 0.5894 0.0047
vt 0.5894 0.2169
vt 0.6476 0.2169
vt 0.5894 0.3263
vt 0.6476 0.3263
vt 0.4149 0.1878
vt 0.4731 0.1878
vt 0.4149 0.1905
vt 0.4731 0.1905
vt 0.1823 0.0638
vt 0.1241 0.0638
vt 0.1241 0.1543
vt 0.1823 0.0047
vt 0.1241 0.0047
vt 0.1241 0.2067
vt 0.1241 0.2169
vt 0.1823 0.2169
vt 0.1241 0.3263
vt 0.1823 0.3263
vt 0.1241 0.1878
vt 0.1241 0.1905
vt 0.7057 0.2169
vt 0.6991 0.2169
vt 0.8657 0.1878
vt 0.8657 0.1905
vt 0.8657 0.2067
vt 0.822 0.0638
vt 0.822 0.0047
vt 0.822 0.3263
vt 0.822 0.2169
vt 0.7445 0.2067
vt 0.0673 0.0638
vt 0.0673 0.1543
vt 0.0671 0.0047
vt 0.0671 0.2067
vt 0.0671 0.2169
vt 0.0671 0.3263
vt 0.7394 0.2067
vt 0.8802 0.1878
vt 0.8802 0.1905
vt 0.8802 0.2067
vt 0.1555 0.2274
vt 0.1551 0.3263
vt 0.1551 0.2169
vt 0.1476 0.2154
vt 0.1503 0.0047
vt 0.1476 0.0052
vt 0.1476 0.2164
vt 0.1503 0.2169
vt 0.1503 0.3263
vt 0.061 0.0139
vt 0.061 0.2072
vt 0.061 0.2068
vt 0.0033 0.0154
vt 0.0033 0.2049
vt 0.0033 0.206
vt 0.066 0.1878
vt 0.066 0.1543
vt 0.066 0.1905
vt 0.066 0.2067
vt 0.066 0.0638
vt 0.066 0.0047
vt 0.066 0.2169
vt 0.066 0.3263
vt 0.0672 0.1878
vt 0.0672 0.1905
vt 0.8399 0.0148
vt 0.9265 0.0148
vt 0.3784 0.0148
vt 0.4938 0.0148
vt 0.6091 0.0148
vt 0.7245 0.0148
vt 0.1476 0.0148
vt 0.263 0.0148
vt 0.0033 0.0148
vn 0.376 -0.0185 -0.9264
vn 0.376 -0.0435 -0.9256
vn 0.6872 -0.0791 -0.7221
vn 0.6953 -0.0342 -0.7179
vn 0.0 -0.6877 0.726
vn 0.112 -0.6785 0.726
vn 0.112 -0.6785 -0.726
vn 0.0 -0.6877 -0.726
vn -0.0 0.7246 0.6892
vn -0.118 0.7149 0.6892
vn 0.0 -0.3495 -0.9369
vn 0.0568 -0.3451 -0.9368
vn -0.118 0.7149 -0.6892
vn -0.0 0.7246 -0.6892
vn -0.6872 -0.0791 -0.7221
vn -0.3768 -0.0435 -0.9253
vn -0.376 -0.0185 -0.9265
vn -0.6953 -0.0342 -0.7179
vn -0.112 -0.6785 -0.726
vn -0.112 -0.6785 0.726
vn 0.118 0.7149 0.6892
vn 0.118 0.7149 -0.6892
vn -0.0568 -0.3451 -0.9368
vn 0.4591 -0.5065 0.7299
vn 0.5491 -0.4072 0.7299
vn 0.5491 -0.4072 -0.7298
vn 0.4591 -0.5065 -0.7298
vn -0.4888 0.5393 0.6857
vn -0.5846 0.4336 0.6857
vn 0.2326 -0.2566 -0.9381
vn 0.2782 -0.2063 -0.9381
vn -0.5846 0.4336 -0.6857
vn -0.4888 0.5393 -0.6857
vn 0.2303 -0.6436 0.7299
vn 0.3514 -0.5863 0.7299
vn 0.3514 -0.5864 -0.7298
vn 0.2303 -0.6437 -0.7298
vn -0.2452 0.6853 0.6857
vn -0.3742 0.6243 0.6857
vn 0.1167 -0.3261 -0.9381
vn 0.1781 -0.2971 -0.9381
vn -0.3742 0.6243 -0.6857
vn -0.2452 0.6853 -0.6857
vn 0.618 -0.2923 0.7299
vn 0.6643 -0.178 0.726
vn 0.6643 -0.178 -0.726
vn 0.618 -0.2923 -0.7298
vn -0.4608 0.1668 0.8717
vn 0.0 0.0 1.0
vn -0.6583 0.3115 0.6853
vn -0.6634 0.3047 -0.6834
vn -0.0614 0.9839 -0.1678
vn -0.6242 0.5029 0.5979
vn -0.4591 -0.5065 -0.7298
vn -0.5491 -0.4072 -0.7298
vn -0.5491 -0.4072 0.7299
vn -0.4591 -0.5065 0.7299
vn 0.5846 0.4336 0.6857
vn 0.4888 0.5393 0.6857
vn 0.4888 0.5393 -0.6857
vn 0.5846 0.4336 -0.6857
vn -0.2782 -0.2063 -0.9381
vn -0.2326 -0.2566 -0.9381
vn -0.618 -0.2923 -0.7298
vn -0.6643 -0.178 -0.726
vn -0.6811 -0.1806 0.7096
vn -0.6251 -0.2865 0.7261
vn -0.0216 -0.0046 0.9998
vn -0.0195 0.1726 0.9848
vn 0.6671 0.3118 0.6766
vn 0.173 0.2055 -0.9632
vn 0.1765 0.0171 -0.9842
vn -0.1514 -0.082 -0.9851
vn 0.6687 0.2978 -0.6813
vn -0.3131 -0.1481 -0.9381
vn -0.2303 -0.6437 -0.7298
vn -0.3514 -0.5864 -0.7298
vn -0.3514 -0.5863 0.7299
vn -0.2303 -0.6436 0.7299
vn 0.3742 0.6243 0.6857
vn 0.2452 0.6853 0.6857
vn 0.2452 0.6853 -0.6857
vn 0.3742 0.6243 -0.6857
vn -0.1781 -0.2971 -0.9381
vn -0.1167 -0.3261 -0.9381
vn 0.303 -0.1482 -0.9414
vn 0.6872 -0.0791 0.7221
vn 0.0 -0.0 1.0
vn -0.7059 -0.0793 0.7038
vn -0.0246 -0.001 0.9997
vn -0.0009 -0.1007 -0.9949
vn 0.3715 -0.101 -0.9229
vn 0.6405 -0.0894 -0.7627
vn 0.6587 -0.1495 -0.7374
vn -0.3697 -0.0993 -0.9238
vn 0.2592 -0.286 -0.9225
vn 0.1984 -0.3311 -0.9225
vn 0.13 -0.3634 -0.9225
vn 0.0626 -0.3777 -0.9238
vn 0.3467 -0.1638 -0.9236
vn 0.31 -0.2299 -0.9225
vn -0.1984 -0.3311 -0.9225
vn -0.2592 -0.286 -0.9225
vn -0.31 -0.2299 -0.9225
vn -0.3489 -0.165 -0.9225
vn -0.0626 -0.3777 -0.9238
vn -0.13 -0.3634 -0.9225
vn 0.667 -0.2025 -0.717
vn 0.6651 -0.1973 -0.7202
vn 0.0 -0.3825 -0.924
vn 0.6953 -0.0342 0.7179
vn 0.0 -0.0 1.0
vn -0.7132 -0.034 0.7001
vn -0.026 -0.0004 0.9997
vn 0.6155 -0.0356 -0.7873
vn 0.0027 -0.0456 -0.999
vn -0.7183 -0.4919 -0.4919
vn -0.7183 -0.5378 -0.4414
vn 0.7183 -0.5378 -0.4413
vn 0.7183 -0.4919 -0.4919
vn -0.6962 0.5076 0.5076
vn -0.6962 0.5549 0.4554
vn 0.9238 -0.2707 -0.2708
vn 0.9238 -0.296 -0.2429
vn 0.6962 0.5549 0.4554
vn 0.6962 0.5076 0.5076
vn 0.6962 -0.5076 -0.5076
vn 0.6962 -0.4554 -0.5549
vn 0.7183 -0.4413 -0.5378
vn 0.376 -0.6552 -0.6552
vn 0.376 -0.5879 -0.7163
vn 0.9238 -0.2429 -0.296
vn -0.7225 -0.1568 -0.6734
vn -0.7323 -0.2677 -0.6262
vn 0.7323 -0.2677 -0.6262
vn 0.7225 -0.1568 -0.6734
vn -0.693 0.1809 0.6978
vn -0.6835 0.2975 0.6665
vn 0.0 0.2501 0.9682
vn -0.4617 0.4357 0.7727
vn 0.6962 -0.6632 -0.2747
vn 0.6962 -0.633 -0.3384
vn 0.7183 -0.6136 -0.3279
vn 0.7183 -0.6427 -0.2662
vn 0.376 -0.8561 -0.3546
vn 0.376 -0.8172 -0.4368
vn 0.9238 -0.3537 -0.1465
vn 0.9238 -0.3377 -0.1805
vn -0.7183 -0.6428 -0.2662
vn -0.7183 -0.6658 -0.202
vn 0.7183 -0.6657 -0.202
vn -0.6962 0.6632 0.2747
vn -0.6962 0.6869 0.2084
vn 0.9238 -0.3664 -0.1111
vn 0.6962 0.6869 0.2084
vn 0.6962 0.6632 0.2747
vn 0.6928 -0.1741 -0.6998
vn 0.6936 -0.0846 -0.7153
vn 0.7203 -0.0723 -0.6899
vn 0.3446 -0.2163 -0.9135
vn 0.319 -0.1046 -0.942
vn -0.7174 -0.0327 -0.6959
vn -0.7071 -0.0331 -0.7063
vn 0.7071 -0.0331 -0.7063
vn 0.7174 -0.0327 -0.6959
vn -0.6929 0.0441 0.7197
vn -0.7071 0.0433 0.7058
vn 0.0 0.0612 0.9981
vn 0.0 0.0612 0.9981
vn 0.6962 -0.704 -0.14
vn 0.6962 -0.6869 -0.2084
vn 0.7183 -0.6823 -0.1357
vn 0.376 -0.9088 -0.1808
vn 0.376 -0.8867 -0.269
vn 0.9238 -0.3755 -0.0747
vn -0.7183 -0.5785 -0.3865
vn -0.7183 -0.6136 -0.328
vn 0.7183 -0.5785 -0.3865
vn -0.6962 0.5968 0.3988
vn -0.6962 0.6331 0.3384
vn 0.9238 -0.3184 -0.2127
vn 0.6962 0.6331 0.3384
vn 0.6962 0.5968 0.3988
vn 0.7215 -0.3767 -0.5809
vn 0.6935 -0.3927 -0.604
vn 0.6847 -0.2918 -0.6679
vn 0.3771 -0.5049 -0.7765
vn 0.3784 -0.365 -0.8507
vn 0.9249 -0.2076 -0.3187
vn 0.9288 -0.1476 -0.3398
vn -0.7215 -0.3767 -0.5809
vn -0.7183 -0.4414 -0.5378
vn -0.6925 0.3921 0.6056
vn -0.6962 0.4554 0.5549
vn 0.6962 0.4554 0.5549
vn 0.6925 0.3872 0.6087
vn 0.6962 -0.5969 -0.3988
vn 0.6962 -0.5549 -0.4554
vn 0.376 -0.7705 -0.5148
vn 0.376 -0.7163 -0.5878
vn -0.7183 -0.6823 -0.1357
vn -0.7183 -0.6924 -0.0682
vn 0.7183 -0.6924 -0.0682
vn -0.6962 0.704 0.14
vn -0.6962 0.7144 0.0704
vn 0.9238 -0.3811 -0.0375
vn 0.6962 0.7144 0.0704
vn 0.6962 0.704 0.14
vn 0.6962 -0.7143 -0.0704
vn 0.376 -0.9222 -0.0908
vn 0.7071 -0.0401 -0.706
vn 0.3038 -0.0487 -0.9515
vn -0.7203 -0.0723 -0.6899
vn -0.6929 0.0903 0.7153
vn 0.0 0.1163 0.9932
vn -0.7183 -0.6957 -0.0
vn 0.7184 -0.6957 -0.0
vn -0.6963 0.7178 0.0
vn 0.9238 -0.3829 0.0
vn 0.6962 0.7178 0.0
vn 0.694 -0.0408 -0.7188
vn 0.3041 -0.0454 -0.9516
vn 0.5741 -0.0302 -0.8182
vn -0.6872 -0.079 -0.7221
vn -0.3761 -0.0434 -0.9255
vn -0.3755 -0.0181 -0.9267
vn -0.6953 -0.0342 -0.7179
vn -0.112 -0.6785 -0.726
vn -0.112 -0.6785 0.726
vn 0.0 -0.6877 0.726
vn -0.0 -0.6877 -0.726
vn 0.118 0.7149 0.6892
vn 0.0 0.7246 0.6892
vn 0.118 0.7149 -0.6892
vn -0.0568 -0.3451 -0.9368
vn -0.0 -0.3495 -0.9369
vn 0.0 0.7246 -0.6892
vn 0.3688 -0.0123 -0.9294
vn 0.3693 -0.0418 -0.9284
vn 0.6872 -0.0791 -0.7221
vn 0.6953 -0.0342 -0.7179
vn 0.112 -0.6785 0.726
vn 0.112 -0.6785 -0.726
vn -0.118 0.7149 0.6892
vn 0.0568 -0.3451 -0.9368
vn -0.118 0.7149 -0.6892
vn -0.5491 -0.4072 -0.7298
vn -0.5491 -0.4072 0.7299
vn -0.4591 -0.5065 0.7299
vn -0.4591 -0.5065 -0.7298
vn 0.5846 0.4336 0.6857
vn 0.4888 0.5393 0.6857
vn 0.5846 0.4336 -0.6857
vn -0.2782 -0.2063 -0.9381
vn -0.2326 -0.2566 -0.9381
vn 0.4888 0.5393 -0.6857
vn -0.3514 -0.5864 -0.7298
vn -0.3514 -0.5863 0.7299
vn -0.2303 -0.6436 0.7299
vn -0.2303 -0.6437 -0.7298
vn 0.3742 0.6243 0.6857
vn 0.2452 0.6853 0.6857
vn 0.3742 0.6243 -0.6857
vn -0.1781 -0.2971 -0.9381
vn -0.1167 -0.3261 -0.9381
vn 0.2452 0.6853 -0.6857
vn -0.6643 -0.178 -0.726
vn -0.6643 -0.178 0.726
vn -0.618 -0.2923 0.7299
vn -0.618 -0.2923 -0.7298
vn 0.0 0.0 1.0
vn 0.0 0.1858 0.9826
vn 0.658 0.3112 0.6857
vn 0.0 0.1858 -0.9826
vn -0.0 0.0 -1.0
vn -0.3379 -0.0904 -0.9368
vn -0.3131 -0.1481 -0.9381
vn 0.658 0.3112 -0.6857
vn 0.5491 -0.4072 0.7299
vn 0.5491 -0.4072 -0.7298
vn 0.4591 -0.5065 -0.7298
vn 0.4591 -0.5065 0.7299
vn -0.5846 0.4336 0.6857
vn -0.4888 0.5393 0.6857
vn 0.2782 -0.2063 -0.9381
vn -0.5846 0.4336 -0.6857
vn -0.4888 0.5393 -0.6857
vn 0.2326 -0.2566 -0.9381
vn 0.6643 -0.178 0.726
vn 0.6643 -0.178 -0.726
vn 0.618 -0.2923 -0.7298
vn 0.618 -0.2923 0.7299
vn -0.0 0.1858 0.9826
vn -0.0 0.0 1.0
vn -0.658 0.3112 0.6857
vn 0.3365 -0.0918 -0.9372
vn 0.0 0.0 -1.0
vn -0.0 0.1858 -0.9826
vn -0.658 0.3112 -0.6857
vn 0.3131 -0.1481 -0.9381
vn 0.3514 -0.5863 0.7299
vn 0.3514 -0.5864 -0.7298
vn 0.2303 -0.6437 -0.7298
vn 0.2303 -0.6436 0.7299
vn -0.3742 0.6243 0.6857
vn -0.2452 0.6853 0.6857
vn 0.1781 -0.2971 -0.9381
vn -0.3742 0.6243 -0.6857
vn -0.2452 0.6853 -0.6857
vn 0.1167 -0.3261 -0.9381
vn -0.6872 -0.0791 0.7221
vn -0.0 -0.0 1.0
vn 0.6872 -0.0791 0.7221
vn -0.0 -0.0 1.0
vn -0.0 -0.0921 -0.9958
vn -0.3697 -0.0993 -0.9238
vn 0.0 -0.098 -0.9952
vn 0.3659 -0.1005 -0.9252
vn -0.1984 -0.3311 -0.9225
vn -0.2592 -0.286 -0.9225
vn -0.0626 -0.3777 -0.9238
vn -0.13 -0.3634 -0.9225
vn -0.31 -0.2299 -0.9225
vn -0.3489 -0.165 -0.9225
vn 0.1984 -0.3311 -0.9225
vn 0.2592 -0.286 -0.9225
vn 0.31 -0.2299 -0.9225
vn 0.3489 -0.165 -0.9225
vn 0.0626 -0.3777 -0.9238
vn 0.13 -0.3634 -0.9225
vn 0.0 -0.3825 -0.924
vn -0.6953 -0.0342 0.7179
vn 0.0 -0.0 1.0
vn 0.6953 -0.0342 0.7179
vn -0.0 -0.0 1.0
vn 0.0 -0.045 -0.999
vn -0.0 -0.0303 -0.9995
vn 0.3734 -0.0183 -0.9275
vn 0.3759 -0.0437 -0.9256
vn 0.6872 -0.079 -0.7221
vn 0.6953 -0.0342 -0.7179
vn 0.0 -0.6877 0.726
vn 0.112 -0.6785 0.726
vn 0.112 -0.6785 -0.726
vn 0.0 -0.6877 -0.726
vn 0.0 0.7246 0.6892
vn -0.118 0.7149 0.6892
vn 0.0 -0.3495 -0.9369
vn 0.0568 -0.3451 -0.9368
vn -0.118 0.7149 -0.6892
vn -0.0 0.7246 -0.6892
vn -0.6872 -0.0791 -0.7221
vn -0.3694 -0.0418 -0.9283
vn -0.3688 -0.0123 -0.9294
vn -0.6953 -0.0342 -0.7179
vn -0.112 -0.6785 -0.726
vn -0.112 -0.6785 0.726
vn 0.118 0.7149 0.6892
vn 0.118 0.7149 -0.6892
vn -0.0568 -0.3451 -0.9368
vn 0.4591 -0.5065 0.7299
vn 0.5491 -0.4072 0.7299
vn 0.5491 -0.4072 -0.7298
vn 0.4591 -0.5065 -0.7298
vn -0.4888 0.5393 0.6857
vn -0.5846 0.4336 0.6857
vn 0.2326 -0.2566 -0.9381
vn 0.2782 -0.2063 -0.9381
vn -0.5846 0.4336 -0.6857
vn -0.4888 0.5393 -0.6857
vn 0.2303 -0.6436 0.7299
vn 0.3514 -0.5863 0.7299
vn 0.3514 -0.5864 -0.7298
vn 0.2303 -0.6437 -0.7298
vn -0.2452 0.6853 0.6857
vn -0.3742 0.6243 0.6857
vn 0.1167 -0.3261 -0.9381
vn 0.1781 -0.2971 -0.9381
vn -0.3742 0.6243 -0.6857
vn -0.2452 0.6853 -0.6857
vn 0.618 -0.2923 0.7299
vn 0.6643 -0.178 0.726
vn 0.6643 -0.178 -0.726
vn 0.618 -0.2923 -0.7298
vn -0.658 0.3112 0.6857
vn 0.3379 -0.0904 -0.9368
vn 0.3131 -0.1481 -0.9381
vn -0.658 0.3112 -0.6857
vn -0.4591 -0.5065 -0.7298
vn -0.5491 -0.4072 -0.7298
vn -0.5491 -0.4072 0.7299
vn -0.4591 -0.5065 0.7299
vn 0.5846 0.4336 0.6857
vn 0.4888 0.5393 0.6857
vn 0.4888 0.5393 -0.6857
vn 0.5846 0.4336 -0.6857
vn -0.2782 -0.2063 -0.9381
vn -0.2326 -0.2566 -0.9381
vn -0.618 -0.2923 -0.7298
vn -0.6643 -0.178 -0.726
vn -0.6643 -0.178 0.726
vn -0.618 -0.2923 0.7299
vn 0.658 0.3112 0.6857
vn -0.3364 -0.0918 -0.9372
vn 0.658 0.3112 -0.6857
vn -0.3131 -0.1481 -0.9381
vn -0.2303 -0.6437 -0.7298
vn -0.3514 -0.5864 -0.7298
vn -0.3514 -0.5863 0.7299
vn -0.2303 -0.6436 0.7299
vn 0.3742 0.6243 0.6857
vn 0.2452 0.6853 0.6857
vn 0.2452 0.6853 -0.6857
vn 0.3742 0.6243 -0.6857
vn -0.1781 -0.2971 -0.9381
vn -0.1167 -0.3261 -0.9381
vn 0.6872 -0.0791 0.7221
vn -0.6872 -0.0791 0.7221
vn 0.3694 -0.0994 -0.9239
vn -0.3658 -0.1005 -0.9253
vn 0.2592 -0.286 -0.9225
vn 0.1984 -0.3311 -0.9225
vn 0.13 -0.3634 -0.9225
vn 0.0626 -0.3777 -0.9238
vn 0.3489 -0.165 -0.9225
vn 0.31 -0.2299 -0.9225
vn -0.1984 -0.3311 -0.9225
vn -0.2592 -0.286 -0.9225
vn -0.31 -0.2299 -0.9225
vn -0.3489 -0.165 -0.9225
vn -0.0626 -0.3777 -0.9238
vn -0.13 -0.3634 -0.9225
vn -0.0 -0.3825 -0.924
vn 0.6953 -0.0342 0.7179
vn -0.6953 -0.0342 0.7179
vn 0.376 -0.0185 -0.9264
vn 0.3761 -0.0434 -0.9255
vn 0.6872 -0.0791 -0.7221
vn 0.6953 -0.0342 -0.7179
vn -0.0 -0.6877 0.726
vn 0.112 -0.6785 0.726
vn 0.112 -0.6785 -0.726
vn 0.0 -0.6877 -0.726
vn 0.0 0.7246 0.6892
vn -0.118 0.7149 0.6892
vn 0.0 -0.3495 -0.9369
vn 0.0568 -0.3451 -0.9368
vn -0.118 0.7149 -0.6892
vn 0.0 0.7246 -0.6892
vn -0.6872 -0.0791 -0.7221
vn -0.3768 -0.0435 -0.9253
vn -0.376 -0.0185 -0.9264
vn -0.6953 -0.0342 -0.7179
vn -0.112 -0.6785 -0.726
vn -0.112 -0.6785 0.726
vn 0.118 0.7149 0.6892
vn 0.118 0.7149 -0.6892
vn -0.0568 -0.3451 -0.9368
vn 0.4591 -0.5065 0.7299
vn 0.5491 -0.4072 0.7299
vn 0.5491 -0.4072 -0.7298
vn 0.4591 -0.5065 -0.7298
vn -0.4888 0.5393 0.6857
vn -0.5846 0.4336 0.6857
vn 0.2326 -0.2566 -0.9381
vn 0.2782 -0.2063 -0.9381
vn -0.5846 0.4336 -0.6857
vn -0.4888 0.5393 -0.6857
vn 0.2303 -0.6436 0.7299
vn 0.3514 -0.5863 0.7299
vn 0.3514 -0.5864 -0.7298
vn 0.2303 -0.6437 -0.7298
vn -0.2452 0.6853 0.6857
vn -0.3742 0.6243 0.6857
vn 0.1167 -0.3261 -0.9381
vn 0.1781 -0.2971 -0.9381
vn -0.3742 0.6243 -0.6857
vn -0.2452 0.6853 -0.6857
vn 0.618 -0.2923 0.7299
vn 0.6643 -0.178 0.726
vn 0.6643 -0.178 -0.726
vn 0.618 -0.2923 -0.7298
vn -0.658 0.3112 0.6857
vn 0.3379 -0.0904 -0.9368
vn 0.3131 -0.1481 -0.9381
vn -0.658 0.3112 -0.6857
vn -0.4591 -0.5065 -0.7298
vn -0.5491 -0.4072 -0.7298
vn -0.5491 -0.4072 0.7299
vn -0.4591 -0.5065 0.7299
vn 0.5846 0.4336 0.6857
vn 0.4888 0.5393 0.6857
vn 0.4888 0.5393 -0.6857
vn 0.5846 0.4336 -0.6857
vn -0.2782 -0.2063 -0.9381
vn -0.2326 -0.2566 -0.9381
vn -0.618 -0.2923 -0.7298
vn -0.6643 -0.178 -0.726
vn -0.6643 -0.178 0.726
vn -0.618 -0.2923 0.7299
vn -0.0 0.0 1.0
vn -0.0 0.1858 0.9826
vn 0.658 0.3112 0.6857
vn -0.0 0.1858 -0.9826
vn -0.0 -0.0211 -0.9998
vn -0.3268 -0.1034 -0.9394
vn 0.658 0.3112 -0.6857
vn -0.3131 -0.1481 -0.9381
vn -0.2303 -0.6437 -0.7298
vn -0.3514 -0.5864 -0.7298
vn -0.3514 -0.5863 0.7299
vn -0.2303 -0.6436 0.7299
vn 0.3742 0.6243 0.6857
vn 0.2452 0.6853 0.6857
vn 0.2452 0.6853 -0.6857
vn 0.3742 0.6243 -0.6857
vn -0.1781 -0.2971 -0.9381
vn -0.1167 -0.3261 -0.9381
vn 0.6872 -0.0791 0.7221
vn -0.6872 -0.0791 0.7221
vn -0.0 -0.0 1.0
vn -0.0 -0.1051 -0.9945
vn 0.3697 -0.0993 -0.9238
vn -0.3697 -0.0993 -0.9238
vn 0.2592 -0.286 -0.9225
vn 0.1984 -0.3311 -0.9225
vn 0.13 -0.3634 -0.9225
vn 0.0626 -0.3777 -0.9238
vn 0.3489 -0.165 -0.9225
vn 0.31 -0.2299 -0.9225
vn -0.1984 -0.3311 -0.9225
vn -0.2592 -0.286 -0.9225
vn -0.31 -0.2299 -0.9225
vn -0.3489 -0.165 -0.9225
vn -0.0626 -0.3777 -0.9238
vn -0.13 -0.3634 -0.9225
vn 0.0 -0.3825 -0.924
vn 0.6953 -0.0342 0.7179
vn -0.6953 -0.0342 0.7179
vn 0.0 -0.0 1.0
vn -0.0 -0.0457 -0.999
vn -0.6872 -0.0791 -0.7221
vn -0.376 -0.0435 -0.9256
vn -0.3755 -0.0183 -0.9266
vn -0.6953 -0.0342 -0.7179
vn -0.112 -0.6785 -0.726
vn -0.112 -0.6785 0.726
vn -0.0 -0.6877 0.726
vn 0.0 -0.6877 -0.726
vn 0.118 0.7149 0.6892
vn 0.0 0.7246 0.6892
vn 0.118 0.7149 -0.6892
vn -0.0568 -0.3451 -0.9368
vn -0.0 -0.3495 -0.9369
vn 0.0 0.7246 -0.6892
vn 0.376 -0.0185 -0.9264
vn 0.3768 -0.0435 -0.9253
vn 0.6872 -0.0791 -0.7221
vn 0.6953 -0.0342 -0.7179
vn 0.112 -0.6785 0.726
vn 0.112 -0.6785 -0.726
vn -0.118 0.7149 0.6892
vn 0.0568 -0.3451 -0.9368
vn -0.118 0.7149 -0.6891
vn -0.5491 -0.4072 -0.7298
vn -0.5491 -0.4072 0.7299
vn -0.4591 -0.5065 0.7299
vn -0.4591 -0.5065 -0.7298
vn 0.5846 0.4336 0.6857
vn 0.4888 0.5393 0.6857
vn 0.5846 0.4336 -0.6857
vn -0.2782 -0.2063 -0.9381
vn -0.2326 -0.2566 -0.9381
vn 0.4888 0.5393 -0.6857
vn -0.3514 -0.5864 -0.7298
vn -0.3514 -0.5863 0.7299
vn -0.2303 -0.6436 0.7299
vn -0.2303 -0.6437 -0.7298
vn 0.3742 0.6243 0.6857
vn 0.2452 0.6853 0.6857
vn 0.3742 0.6243 -0.6857
vn -0.1781 -0.2971 -0.9381
vn -0.1167 -0.3261 -0.9381
vn 0.2452 0.6853 -0.6857
vn -0.6643 -0.178 -0.726
vn -0.6643 -0.178 0.726
vn -0.618 -0.2923 0.7299
vn -0.618 -0.2923 -0.7298
vn 0.4611 0.1661 0.8717
vn 0.6582 0.3117 0.6853
vn 0.6242 0.5029 0.5979
vn 0.0614 0.9839 -0.1678
vn 0.6634 0.3047 -0.6834
vn 0.5491 -0.4072 0.7299
vn 0.5491 -0.4072 -0.7298
vn 0.4591 -0.5065 -0.7298
vn 0.4591 -0.5065 0.7299
vn -0.5846 0.4336 0.6857
vn -0.4888 0.5393 0.6857
vn 0.2782 -0.2063 -0.9381
vn -0.5846 0.4336 -0.6857
vn -0.4888 0.5393 -0.6857
vn 0.2326 -0.2566 -0.9381
vn 0.6643 -0.178 0.726
vn 0.6643 -0.178 -0.726
vn 0.618 -0.2923 -0.7298
vn 0.618 -0.2923 0.7299
vn -0.658 0.3112 0.6857
vn 0.3268 -0.1034 -0.9394
vn -0.658 0.3112 -0.6857
vn 0.3131 -0.1481 -0.9381
vn 0.3514 -0.5863 0.7299
vn 0.3514 -0.5864 -0.7298
vn 0.2303 -0.6437 -0.7298
vn 0.2303 -0.6436 0.7299
vn -0.3742 0.6243 0.6857
vn -0.2452 0.6853 0.6857
vn 0.1781 -0.2971 -0.9381
vn -0.3742 0.6243 -0.6857
vn -0.2452 0.6853 -0.6857
vn 0.1167 -0.3261 -0.9381
vn -0.303 -0.1482 -0.9414
vn -0.6872 -0.0791 0.7221
vn -0.0 -0.0 1.0
vn 0.6872 -0.0791 0.7221
vn -0.3715 -0.101 -0.9229
vn -0.6587 -0.1495 -0.7374
vn -0.6405 -0.0894 -0.7627
vn 0.3697 -0.0993 -0.9238
vn -0.1984 -0.3311 -0.9225
vn -0.2592 -0.286 -0.9225
vn -0.0626 -0.3777 -0.9238
vn -0.13 -0.3634 -0.9225
vn -0.31 -0.2299 -0.9225
vn -0.3467 -0.1638 -0.9236
vn 0.1984 -0.3311 -0.9225
vn 0.2592 -0.286 -0.9225
vn 0.31 -0.2299 -0.9225
vn 0.3489 -0.165 -0.9225
vn 0.0626 -0.3777 -0.9238
vn 0.13 -0.3634 -0.9225
vn -0.667 -0.2025 -0.717
vn -0.6651 -0.1973 -0.7202
vn -0.0 -0.3825 -0.924
vn -0.6953 -0.0341 0.7179
vn -0.0 -0.0 1.0
vn 0.6953 -0.0342 0.7179
vn -0.6155 -0.0357 -0.7873
vn -0.7187 -0.6921 -0.0671
vn -0.6959 -0.7147 -0.0694
vn -0.6968 -0.7172 -0.0
vn -0.7176 -0.6964 -0.0
vn -0.3761 -0.9222 -0.0896
vn -0.3758 -0.9267 -0.0
vn -0.9239 -0.3808 -0.037
vn -0.9235 -0.3835 0.0
vn -0.7183 -0.5378 -0.4413
vn 0.7183 -0.5378 -0.4414
vn 0.7183 -0.4919 -0.4919
vn -0.7183 -0.4919 -0.4919
vn 0.6962 0.5549 0.4554
vn 0.6962 0.5076 0.5076
vn -0.6962 0.5549 0.4554
vn -0.9238 -0.296 -0.2429
vn -0.9238 -0.2708 -0.2708
vn -0.6962 0.5076 0.5076
vn -0.7183 -0.4413 -0.5378
vn -0.6962 -0.4554 -0.5549
vn -0.6962 -0.5076 -0.5076
vn -0.376 -0.5878 -0.7163
vn -0.376 -0.6552 -0.6552
vn -0.9238 -0.2429 -0.296
vn -0.7323 -0.2677 -0.6262
vn 0.7323 -0.2677 -0.6262
vn 0.7225 -0.1568 -0.6734
vn -0.7225 -0.1568 -0.6734
vn 0.6835 0.2975 0.6665
vn 0.693 0.1809 0.6978
vn 0.4617 0.4357 0.7727
vn -0.0 0.2501 0.9682
vn -0.7183 -0.6136 -0.3279
vn -0.6962 -0.6331 -0.3384
vn -0.6962 -0.6632 -0.2747
vn -0.7183 -0.6427 -0.2662
vn -0.376 -0.8172 -0.4368
vn -0.376 -0.8561 -0.3546
vn -0.9238 -0.3377 -0.1805
vn -0.9238 -0.3538 -0.1465
vn -0.7183 -0.6657 -0.202
vn 0.7183 -0.6658 -0.202
vn 0.7183 -0.6427 -0.2662
vn 0.6962 0.6869 0.2084
vn 0.6962 0.6632 0.2747
vn -0.6962 0.6869 0.2084
vn -0.9238 -0.3664 -0.1112
vn -0.6962 0.6632 0.2747
vn -0.7203 -0.0723 -0.6899
vn -0.6936 -0.0846 -0.7153
vn -0.6928 -0.1741 -0.6998
vn -0.3188 -0.1048 -0.942
vn -0.3446 -0.2163 -0.9135
vn -0.7071 -0.0332 -0.7063
vn 0.7071 -0.0331 -0.7063
vn 0.7174 -0.0327 -0.6959
vn -0.7174 -0.0327 -0.6959
vn 0.7071 0.0433 0.7058
vn 0.6929 0.0441 0.7197
vn 0.0 0.0612 0.9981
vn 0.0 0.0612 0.9981
vn -0.6962 -0.6869 -0.2084
vn -0.6962 -0.704 -0.14
vn -0.7183 -0.6823 -0.1357
vn -0.376 -0.8867 -0.269
vn -0.376 -0.9088 -0.1808
vn -0.9238 -0.3756 -0.0747
vn 0.7183 -0.6136 -0.328
vn 0.7183 -0.5785 -0.3865
vn -0.7183 -0.5785 -0.3865
vn 0.6962 0.6331 0.3384
vn 0.6962 0.5968 0.3988
vn -0.6962 0.6331 0.3384
vn -0.9238 -0.3184 -0.2127
vn -0.6962 0.5968 0.3988
vn -0.7215 -0.3767 -0.5809
vn -0.6847 -0.2918 -0.6679
vn -0.6935 -0.3927 -0.604
vn -0.3784 -0.365 -0.8506
vn -0.3771 -0.5049 -0.7765
vn -0.929 -0.1475 -0.3393
vn -0.9249 -0.2076 -0.3187
vn 0.7183 -0.4414 -0.5378
vn 0.7215 -0.3767 -0.5809
vn 0.6962 0.4554 0.5549
vn 0.6925 0.3921 0.6056
vn -0.6962 0.4554 0.5549
vn -0.6925 0.3872 0.6087
vn -0.6962 -0.5549 -0.4554
vn -0.6962 -0.5968 -0.3988
vn -0.376 -0.7163 -0.5878
vn -0.376 -0.7705 -0.5148
vn 0.7187 -0.6921 -0.0671
vn 0.7183 -0.6823 -0.1357
vn 0.696 0.7147 0.0695
vn 0.6962 0.704 0.14
vn -0.6959 0.7147 0.0695
vn -0.6962 0.704 0.14
vn -0.7071 -0.0401 -0.706
vn -0.3038 -0.0487 -0.9515
vn 0.7203 -0.0723 -0.6899
vn 0.6929 0.0903 0.7153
vn 0.0 0.1163 0.9932
vn 0.7176 -0.6964 -0.0
vn 0.6968 0.7173 0.0
vn -0.6968 0.7173 0.0
vn -0.694 -0.0408 -0.7188
vn -0.3041 -0.0455 -0.9516
vn -0.5741 -0.0302 -0.8182
vn 0.6962 -0.7178 0.0
vn 0.376 -0.9266 -0.0
vn 0.6872 -0.0791 0.7221
vn 0.376 -0.0435 0.9256
vn 0.376 -0.0185 0.9264
vn 0.6953 -0.0342 0.7179
vn 0.112 -0.6785 0.726
vn 0.112 -0.6785 -0.726
vn 0.0 -0.6877 -0.726
vn 0.0 -0.6877 0.726
vn -0.118 0.7149 -0.6892
vn -0.0 0.7246 -0.6892
vn -0.118 0.7149 0.6892
vn 0.0568 -0.3451 0.9368
vn 0.0 -0.3495 0.9369
vn -0.0 0.7246 0.6892
vn -0.376 -0.0185 0.9264
vn -0.3768 -0.0435 0.9253
vn -0.6872 -0.0791 0.7221
vn -0.6953 -0.0342 0.7179
vn -0.112 -0.6785 -0.726
vn -0.112 -0.6785 0.726
vn 0.118 0.7149 -0.6892
vn -0.0568 -0.3451 0.9368
vn 0.118 0.7149 0.6892
vn 0.5491 -0.4072 0.7298
vn 0.5491 -0.4072 -0.7299
vn 0.4591 -0.5065 -0.7299
vn 0.4591 -0.5065 0.7298
vn -0.5846 0.4336 -0.6857
vn -0.4888 0.5393 -0.6857
vn -0.5846 0.4336 0.6857
vn 0.2782 -0.2063 0.9381
vn 0.2326 -0.2566 0.9381
vn -0.4888 0.5393 0.6857
vn 0.3514 -0.5864 0.7298
vn 0.3514 -0.5863 -0.7299
vn 0.2303 -0.6436 -0.7299
vn 0.2303 -0.6437 0.7298
vn -0.3742 0.6243 -0.6857
vn -0.2452 0.6853 -0.6857
vn -0.3742 0.6243 0.6857
vn 0.1781 -0.2971 0.9381
vn 0.1167 -0.3261 0.9381
vn -0.2452 0.6853 0.6857
vn 0.6643 -0.178 0.726
vn 0.6643 -0.178 -0.726
vn 0.618 -0.2923 -0.7299
vn 0.618 -0.2923 0.7298
vn 0.0 0.0 -1.0
vn -0.461 0.1664 -0.8717
vn -0.6583 0.3116 -0.6853
vn -0.6242 0.5029 -0.5979
vn -0.0614 0.9839 0.1678
vn -0.6634 0.3047 0.6834
vn -0.5491 -0.4072 -0.7299
vn -0.5491 -0.4072 0.7298
vn -0.4591 -0.5065 0.7298
vn -0.4591 -0.5065 -0.7299
vn 0.5846 0.4336 -0.6857
vn 0.4888 0.5393 -0.6857
vn -0.2782 -0.2063 0.9381
vn 0.5846 0.4336 0.6857
vn 0.4888 0.5393 0.6857
vn -0.2326 -0.2566 0.9381
vn -0.6811 -0.1806 -0.7096
vn -0.6643 -0.178 0.726
vn -0.618 -0.2923 0.7298
vn -0.6251 -0.2865 -0.7261
vn -0.0195 0.1726 -0.9848
vn -0.0215 -0.0046 -0.9998
vn 0.6671 0.3118 -0.6766
vn -0.1515 -0.0819 0.9851
vn 0.1765 0.0171 0.9842
vn 0.173 0.2055 0.9632
vn 0.6687 0.2978 0.6813
vn -0.3131 -0.1481 0.9381
vn -0.3514 -0.5863 -0.7299
vn -0.3514 -0.5864 0.7298
vn -0.2303 -0.6437 0.7298
vn -0.2303 -0.6436 -0.7299
vn 0.3742 0.6243 -0.6857
vn 0.2452 0.6853 -0.6857
vn -0.1781 -0.2971 0.9381
vn 0.3742 0.6243 0.6857
vn 0.2452 0.6853 0.6857
vn -0.1167 -0.3261 0.9381
vn 0.3031 -0.1482 0.9414
vn 0.6872 -0.0791 -0.7221
vn 0.0 0.0 -1.0
vn -0.7059 -0.0793 -0.7038
vn -0.0246 -0.001 -0.9997
vn -0.0009 -0.1007 0.9949
vn 0.3715 -0.101 0.9229
vn 0.6587 -0.1495 0.7374
vn 0.6405 -0.0894 0.7627
vn -0.3697 -0.0993 0.9238
vn 0.1984 -0.3311 0.9225
vn 0.2592 -0.286 0.9225
vn 0.0626 -0.3777 0.9238
vn 0.13 -0.3634 0.9225
vn 0.31 -0.2299 0.9225
vn 0.3469 -0.1639 0.9235
vn -0.1984 -0.3311 0.9225
vn -0.2592 -0.286 0.9225
vn -0.31 -0.2299 0.9225
vn -0.3489 -0.165 0.9225
vn -0.0626 -0.3777 0.9238
vn -0.13 -0.3634 0.9225
vn 0.6669 -0.2025 0.717
vn 0.6651 -0.1973 0.7202
vn 0.0 -0.3825 0.924
vn 0.6953 -0.0342 -0.7179
vn -0.7133 -0.0344 -0.7
vn -0.026 -0.0004 -0.9997
vn 0.6155 -0.0356 0.7873
vn 0.0027 -0.0456 0.999
vn 0.7183 -0.5378 0.4413
vn -0.7183 -0.5378 0.4414
vn -0.7183 -0.4919 0.4919
vn 0.7183 -0.4919 0.4919
vn -0.6962 0.5549 -0.4554
vn -0.6962 0.5076 -0.5076
vn 0.6962 0.5549 -0.4554
vn 0.9238 -0.296 0.2429
vn 0.9238 -0.2708 0.2708
vn 0.6962 0.5076 -0.5076
vn 0.7183 -0.4413 0.5378
vn 0.6962 -0.4554 0.5549
vn 0.6962 -0.5076 0.5076
vn 0.376 -0.5878 0.7163
vn 0.376 -0.6552 0.6552
vn 0.9238 -0.2429 0.296
vn 0.7323 -0.2677 0.6262
vn -0.7323 -0.2677 0.6262
vn -0.7225 -0.1568 0.6734
vn 0.7225 -0.1568 0.6734
vn -0.6835 0.2975 -0.6665
vn -0.693 0.1809 -0.6978
vn -0.4616 0.4358 -0.7727
vn 0.0 0.2501 -0.9682
vn 0.7183 -0.6136 0.328
vn 0.6962 -0.6331 0.3384
vn 0.6962 -0.6632 0.2747
vn 0.7183 -0.6427 0.2662
vn 0.376 -0.8172 0.4368
vn 0.376 -0.8561 0.3546
vn 0.9238 -0.3377 0.1805
vn 0.9238 -0.3538 0.1465
vn 0.7183 -0.6657 0.202
vn -0.7183 -0.6658 0.202
vn -0.7183 -0.6428 0.2662
vn -0.6962 0.6869 -0.2084
vn -0.6962 0.6632 -0.2747
vn 0.6962 0.6869 -0.2084
vn 0.9238 -0.3664 0.1111
vn 0.6962 0.6632 -0.2747
vn 0.7203 -0.0723 0.6899
vn 0.6936 -0.0846 0.7153
vn 0.6928 -0.1741 0.6998
vn 0.3189 -0.1047 0.942
vn 0.3446 -0.2163 0.9135
vn 0.7071 -0.0331 0.7063
vn -0.7071 -0.0331 0.7063
vn -0.7174 -0.0327 0.6959
vn 0.7174 -0.0326 0.6959
vn -0.7071 0.0433 -0.7058
vn -0.6929 0.0441 -0.7197
vn 0.0 0.0612 -0.9981
vn 0.0 0.0612 -0.9981
vn 0.6962 -0.6869 0.2084
vn 0.6962 -0.704 0.14
vn 0.7183 -0.6823 0.1357
vn 0.376 -0.8867 0.269
vn 0.376 -0.9088 0.1808
vn 0.9238 -0.3755 0.0747
vn -0.7183 -0.6136 0.328
vn -0.7183 -0.5785 0.3865
vn 0.7183 -0.5785 0.3865
vn -0.6962 0.6331 -0.3384
vn -0.6962 0.5968 -0.3988
vn 0.6962 0.6331 -0.3384
vn 0.9238 -0.3184 0.2127
vn 0.6962 0.5968 -0.3988
vn 0.7215 -0.3767 0.5809
vn 0.6847 -0.2918 0.6679
vn 0.6935 -0.3927 0.604
vn 0.3784 -0.3651 0.8506
vn 0.3771 -0.5049 0.7765
vn 0.929 -0.1475 0.3394
vn 0.9249 -0.2076 0.3187
vn -0.7183 -0.4414 0.5378
vn -0.7215 -0.3767 0.5809
vn -0.6962 0.4554 -0.5549
vn -0.6925 0.3921 -0.6056
vn 0.6962 0.4554 -0.5549
vn 0.6925 0.3872 -0.6087
vn 0.6962 -0.5549 0.4554
vn 0.6962 -0.5968 0.3988
vn 0.376 -0.7163 0.5878
vn 0.376 -0.7704 0.5148
vn 0.7183 -0.6924 0.0682
vn -0.7183 -0.6924 0.0682
vn -0.7183 -0.6823 0.1357
vn -0.6962 0.7144 -0.0704
vn -0.6962 0.704 -0.14
vn 0.6962 0.7144 -0.0704
vn 0.9238 -0.3811 0.0375
vn 0.6962 0.704 -0.14
vn 0.6962 -0.7143 0.0704
vn 0.376 -0.9222 0.0908
vn 0.7071 -0.0401 0.706
vn 0.3038 -0.0487 0.9515
vn -0.7203 -0.0723 0.6899
vn -0.6929 0.0903 -0.7153
vn 0.0 0.1163 -0.9932
vn 0.694 -0.0408 0.7188
vn 0.3041 -0.0454 0.9516
vn 0.5741 -0.0303 0.8182
vn -0.376 -0.0185 0.9264
vn -0.3761 -0.0434 0.9255
vn -0.6872 -0.079 0.7221
vn -0.6953 -0.0342 0.7179
vn 0.0 -0.6877 -0.726
vn -0.112 -0.6785 -0.726
vn -0.112 -0.6785 0.726
vn 0.0 -0.6877 0.726
vn 0.0 0.7246 -0.6892
vn 0.118 0.7149 -0.6892
vn -0.0 -0.3495 0.9369
vn -0.0568 -0.3451 0.9368
vn 0.118 0.7149 0.6892
vn 0.0 0.7246 0.6892
vn 0.6872 -0.0791 0.7221
vn 0.3694 -0.0418 0.9283
vn 0.3688 -0.0123 0.9294
vn 0.6953 -0.0342 0.7179
vn 0.112 -0.6785 0.726
vn 0.112 -0.6785 -0.726
vn -0.118 0.7149 -0.6892
vn -0.118 0.7149 0.6892
vn 0.0568 -0.3451 0.9368
vn -0.4591 -0.5065 -0.7299
vn -0.5491 -0.4072 -0.7299
vn -0.5491 -0.4072 0.7298
vn -0.4591 -0.5065 0.7298
vn 0.4888 0.5393 -0.6857
vn 0.5846 0.4336 -0.6857
vn -0.2326 -0.2566 0.9381
vn -0.2782 -0.2063 0.9381
vn 0.5846 0.4336 0.6857
vn 0.4888 0.5393 0.6857
vn -0.2303 -0.6436 -0.7299
vn -0.3514 -0.5863 -0.7299
vn -0.3514 -0.5864 0.7298
vn -0.2303 -0.6437 0.7298
vn 0.2452 0.6853 -0.6857
vn 0.3742 0.6243 -0.6857
vn -0.1167 -0.3261 0.9381
vn -0.1781 -0.2971 0.9381
vn 0.3742 0.6243 0.6857
vn 0.2452 0.6853 0.6857
vn -0.618 -0.2923 -0.7299
vn -0.6643 -0.178 -0.726
vn -0.6643 -0.178 0.726
vn -0.618 -0.2923 0.7298
vn 0.0 0.1858 -0.9826
vn 0.0 0.0 -1.0
vn 0.658 0.3112 -0.6857
vn -0.3379 -0.0904 0.9368
vn 0.0 0.0 1.0
vn 0.0 0.1858 0.9826
vn -0.3131 -0.1481 0.9381
vn 0.658 0.3112 0.6857
vn 0.4591 -0.5065 0.7298
vn 0.5491 -0.4072 0.7298
vn 0.5491 -0.4072 -0.7299
vn 0.4591 -0.5065 -0.7299
vn -0.5846 0.4336 -0.6857
vn -0.4888 0.5393 -0.6857
vn -0.4888 0.5393 0.6857
vn -0.5846 0.4336 0.6857
vn 0.2782 -0.2063 0.9381
vn 0.2326 -0.2566 0.9381
vn 0.618 -0.2923 0.7298
vn 0.6643 -0.178 0.726
vn 0.6643 -0.178 -0.726
vn 0.618 -0.2923 -0.7299
vn -0.0 0.0 -1.0
vn -0.0 0.1858 -0.9826
vn -0.658 0.3112 -0.6857
vn -0.0 0.1858 0.9826
vn -0.0 0.0 1.0
vn 0.3364 -0.0918 0.9372
vn -0.658 0.3112 0.6857
vn 0.3131 -0.1481 0.9381
vn 0.2303 -0.6437 0.7298
vn 0.3514 -0.5864 0.7298
vn 0.3514 -0.5863 -0.7299
vn 0.2303 -0.6436 -0.7299
vn -0.3742 0.6243 -0.6857
vn -0.2452 0.6853 -0.6857
vn -0.2452 0.6853 0.6857
vn -0.3742 0.6243 0.6857
vn 0.1781 -0.2971 0.9381
vn 0.1167 -0.3261 0.9381
vn -0.6872 -0.0791 -0.7221
vn 0.6872 -0.0791 -0.7221
vn 0.0 0.0 -1.0
vn -0.0 -0.092 0.9958
vn -0.3697 -0.0993 0.9238
vn 0.0 -0.098 0.9952
vn 0.3658 -0.1005 0.9253
vn -0.2592 -0.286 0.9225
vn -0.1984 -0.3311 0.9225
vn -0.13 -0.3634 0.9225
vn -0.0626 -0.3777 0.9238
vn -0.3489 -0.165 0.9225
vn -0.31 -0.2299 0.9225
vn 0.1984 -0.3311 0.9225
vn 0.2592 -0.286 0.9225
vn 0.31 -0.2299 0.9225
vn 0.3489 -0.165 0.9225
vn 0.0626 -0.3777 0.9238
vn 0.13 -0.3634 0.9225
vn 0.0 -0.3825 0.924
vn -0.6953 -0.0342 -0.7179
vn 0.6953 -0.0342 -0.7179
vn 0.0 -0.045 0.999
vn -0.0 -0.0303 0.9995
vn 0.6872 -0.079 0.7221
vn 0.3759 -0.0437 0.9256
vn 0.3734 -0.0183 0.9275
vn 0.6953 -0.0342 0.7179
vn 0.112 -0.6785 0.726
vn 0.112 -0.6785 -0.726
vn 0.0 -0.6877 -0.726
vn 0.0 -0.6877 0.726
vn -0.118 0.7149 -0.6892
vn 0.0 0.7246 -0.6892
vn -0.118 0.7149 0.6892
vn 0.0568 -0.3451 0.9368
vn 0.0 -0.3495 0.9369
vn -0.0 0.7246 0.6892
vn -0.3688 -0.0123 0.9294
vn -0.3694 -0.0418 0.9283
vn -0.6872 -0.0791 0.7221
vn -0.6953 -0.0342 0.7179
vn -0.112 -0.6785 -0.726
vn -0.112 -0.6785 0.726
vn 0.118 0.7149 -0.6892
vn -0.0568 -0.3451 0.9368
vn 0.118 0.7149 0.6892
vn 0.5491 -0.4072 0.7298
vn 0.5491 -0.4072 -0.7299
vn 0.4591 -0.5065 -0.7299
vn 0.4591 -0.5065 0.7298
vn -0.5846 0.4336 -0.6857
vn -0.4888 0.5393 -0.6857
vn -0.5846 0.4336 0.6857
vn 0.2782 -0.2063 0.9381
vn 0.2326 -0.2566 0.9381
vn -0.4888 0.5393 0.6857
vn 0.3514 -0.5864 0.7298
vn 0.3514 -0.5863 -0.7299
vn 0.2303 -0.6436 -0.7299
vn 0.2303 -0.6437 0.7298
vn -0.3742 0.6243 -0.6857
vn -0.2452 0.6853 -0.6857
vn -0.3742 0.6243 0.6857
vn 0.1781 -0.2971 0.9381
vn 0.1167 -0.3261 0.9381
vn -0.2452 0.6853 0.6857
vn 0.6643 -0.178 0.726
vn 0.6643 -0.178 -0.726
vn 0.618 -0.2923 -0.7299
vn 0.618 -0.2923 0.7298
vn -0.658 0.3112 -0.6857
vn 0.3379 -0.0904 0.9368
vn 0.3131 -0.1481 0.9381
vn -0.658 0.3112 0.6857
vn -0.5491 -0.4072 -0.7299
vn -0.5491 -0.4072 0.7298
vn -0.4591 -0.5065 0.7298
vn -0.4591 -0.5065 -0.7299
vn 0.4888 0.5393 -0.6857
vn 0.5846 0.4336 -0.6857
vn -0.2782 -0.2063 0.9381
vn 0.5846 0.4336 0.6857
vn 0.4888 0.5393 0.6857
vn -0.2326 -0.2566 0.9381
vn -0.6643 -0.178 -0.726
vn -0.6643 -0.178 0.726
vn -0.618 -0.2923 0.7298
vn -0.618 -0.2923 -0.7299
vn 0.658 0.3112 -0.6857
vn -0.337 -0.0916 0.937
vn 0.658 0.3112 0.6857
vn -0.3131 -0.1481 0.9381
vn -0.3514 -0.5863 -0.7299
vn -0.3514 -0.5864 0.7298
vn -0.2303 -0.6437 0.7298
vn -0.2303 -0.6436 -0.7299
vn 0.2452 0.6853 -0.6857
vn 0.3742 0.6243 -0.6857
vn -0.1781 -0.2971 0.9381
vn 0.3742 0.6243 0.6857
vn 0.2452 0.6853 0.6857
vn -0.1167 -0.3261 0.9381
vn 0.6872 -0.0791 -0.7221
vn -0.6872 -0.0791 -0.7221
vn 0.3697 -0.0993 0.9238
vn -0.3658 -0.1005 0.9253
vn 0.1984 -0.3311 0.9225
vn 0.2592 -0.286 0.9225
vn 0.0626 -0.3777 0.9238
vn 0.13 -0.3634 0.9225
vn 0.31 -0.2299 0.9225
vn 0.3489 -0.165 0.9225
vn -0.1984 -0.3311 0.9225
vn -0.2592 -0.286 0.9225
vn -0.31 -0.2299 0.9225
vn -0.3489 -0.165 0.9225
vn -0.0626 -0.3777 0.9238
vn -0.13 -0.3634 0.9225
vn -0.0 -0.3825 0.924
vn 0.6953 -0.0342 -0.7179
vn -0.6953 -0.0342 -0.7179
vn 0.6872 -0.0791 0.7221
vn 0.3761 -0.0434 0.9255
vn 0.3756 -0.0182 0.9266
vn 0.6953 -0.0342 0.7179
vn 0.112 -0.6785 0.726
vn 0.112 -0.6785 -0.726
vn -0.0 -0.6877 -0.726
vn 0.0 -0.6877 0.726
vn -0.118 0.7149 -0.6892
vn 0.0 0.7246 -0.6892
vn -0.118 0.7149 0.6892
vn 0.0568 -0.3451 0.9368
vn 0.0 -0.3495 0.9369
vn 0.0 0.7246 0.6892
vn -0.376 -0.0185 0.9264
vn -0.3768 -0.0435 0.9253
vn -0.6872 -0.0791 0.7221
vn -0.6953 -0.0342 0.7179
vn -0.112 -0.6785 -0.726
vn -0.112 -0.6785 0.726
vn 0.118 0.7149 -0.6892
vn -0.0568 -0.3451 0.9368
vn 0.118 0.7149 0.6892
vn 0.5491 -0.4072 0.7298
vn 0.5491 -0.4072 -0.7299
vn 0.4591 -0.5065 -0.7299
vn 0.4591 -0.5065 0.7298
vn -0.5846 0.4336 -0.6857
vn -0.4888 0.5393 -0.6857
vn -0.5846 0.4336 0.6857
vn 0.2782 -0.2063 0.9381
vn 0.2326 -0.2566 0.9381
vn -0.4888 0.5393 0.6857
vn 0.3514 -0.5864 0.7298
vn 0.3514 -0.5863 -0.7299
vn 0.2303 -0.6436 -0.7299
vn 0.2303 -0.6437 0.7298
vn -0.3742 0.6243 -0.6857
vn -0.2452 0.6853 -0.6857
vn -0.3742 0.6243 0.6857
vn 0.1781 -0.2971 0.9381
vn 0.1167 -0.3261 0.9381
vn -0.2452 0.6853 0.6857
vn 0.6643 -0.178 0.726
vn 0.6643 -0.178 -0.726
vn 0.618 -0.2923 -0.7299
vn 0.618 -0.2923 0.7298
vn -0.658 0.3112 -0.6857
vn 0.3379 -0.0904 0.9368
vn 0.3131 -0.1481 0.9381
vn -0.658 0.3112 0.6857
vn -0.5491 -0.4072 -0.7299
vn -0.5491 -0.4072 0.7298
vn -0.4591 -0.5065 0.7298
vn -0.4591 -0.5065 -0.7299
vn 0.4888 0.5393 -0.6857
vn 0.5846 0.4336 -0.6857
vn -0.2782 -0.2063 0.9381
vn 0.5846 0.4336 0.6857
vn 0.4888 0.5393 0.6857
vn -0.2326 -0.2566 0.9381
vn -0.6643 -0.178 -0.726
vn -0.6643 -0.178 0.726
vn -0.618 -0.2923 0.7298
vn -0.618 -0.2923 -0.7299
vn -0.0 0.1858 -0.9826
vn 0.0 0.0 -1.0
vn 0.658 0.3112 -0.6857
vn -0.3268 -0.1034 0.9394
vn -0.0 -0.0211 0.9998
vn -0.0 0.1858 0.9826
vn 0.658 0.3112 0.6857
vn -0.3131 -0.1481 0.9381
vn -0.3514 -0.5863 -0.7299
vn -0.3514 -0.5864 0.7298
vn -0.2303 -0.6437 0.7298
vn -0.2303 -0.6436 -0.7299
vn 0.2452 0.6853 -0.6857
vn 0.3742 0.6243 -0.6857
vn -0.1781 -0.2971 0.9381
vn 0.3742 0.6243 0.6857
vn 0.2452 0.6853 0.6857
vn -0.1167 -0.3261 0.9381
vn 0.6872 -0.0791 -0.7221
vn -0.6872 -0.0791 -0.7221
vn 0.0 0.0 -1.0
vn -0.0 -0.1051 0.9945
vn 0.3697 -0.0993 0.9238
vn -0.3697 -0.0993 0.9238
vn 0.1984 -0.3311 0.9225
vn 0.2592 -0.286 0.9225
vn 0.0626 -0.3777 0.9238
vn 0.13 -0.3634 0.9225
vn 0.31 -0.2299 0.9225
vn 0.3489 -0.165 0.9225
vn -0.1984 -0.3311 0.9225
vn -0.2592 -0.286 0.9225
vn -0.31 -0.2299 0.9225
vn -0.3489 -0.165 0.9225
vn -0.0626 -0.3777 0.9238
vn -0.13 -0.3634 0.9225
vn 0.0 -0.3825 0.924
vn 0.6953 -0.0342 -0.7179
vn -0.6953 -0.0342 -0.7179
vn -0.0 -0.0457 0.999
vn -0.376 -0.0185 0.9264
vn -0.376 -0.0435 0.9256
vn -0.6872 -0.0791 0.7221
vn -0.6953 -0.0342 0.7179
vn -0.0 -0.6877 -0.726
vn -0.112 -0.6785 -0.726
vn -0.112 -0.6785 0.726
vn -0.0 -0.6877 0.726
vn -0.0 0.7246 -0.6892
vn 0.118 0.7149 -0.6892
vn -0.0 -0.3495 0.9369
vn -0.0568 -0.3451 0.9368
vn 0.118 0.7149 0.6892
vn 0.0 0.7246 0.6892
vn 0.6872 -0.0791 0.7221
vn 0.3768 -0.0435 0.9253
vn 0.376 -0.0185 0.9264
vn 0.6953 -0.0342 0.7179
vn 0.112 -0.6785 0.726
vn 0.112 -0.6785 -0.726
vn -0.118 0.7149 -0.6892
vn -0.118 0.7149 0.6892
vn 0.0568 -0.3451 0.9368
vn -0.4591 -0.5065 -0.7299
vn -0.5491 -0.4072 -0.7299
vn -0.5491 -0.4072 0.7298
vn -0.4591 -0.5065 0.7298
vn 0.4888 0.5393 -0.6857
vn 0.5846 0.4336 -0.6857
vn -0.2326 -0.2566 0.9381
vn -0.2782 -0.2063 0.9381
vn 0.5846 0.4336 0.6857
vn 0.4888 0.5393 0.6857
vn -0.2303 -0.6436 -0.7299
vn -0.3514 -0.5863 -0.7299
vn -0.3514 -0.5864 0.7298
vn -0.2303 -0.6437 0.7298
vn 0.2452 0.6853 -0.6857
vn 0.3742 0.6243 -0.6857
vn -0.1167 -0.3261 0.9381
vn -0.1781 -0.2971 0.9381
vn 0.3742 0.6243 0.6857
vn 0.2452 0.6853 0.6857
vn -0.618 -0.2923 -0.7299
vn -0.6643 -0.178 -0.726
vn -0.6643 -0.178 0.726
vn -0.618 -0.2923 0.7298
vn 0.4607 0.167 -0.8717
vn 0.6587 0.3107 -0.6853
vn 0.6634 0.3047 0.6834
vn 0.0614 0.9839 0.1678
vn 0.6242 0.5029 -0.5979
vn 0.4591 -0.5065 0.7298
vn 0.5491 -0.4072 0.7298
vn 0.5491 -0.4072 -0.7299
vn 0.4591 -0.5065 -0.7299
vn -0.5846 0.4336 -0.6857
vn -0.4888 0.5393 -0.6857
vn -0.4888 0.5393 0.6857
vn -0.5846 0.4336 0.6857
vn 0.2782 -0.2063 0.9381
vn 0.2326 -0.2566 0.9381
vn 0.618 -0.2923 0.7298
vn 0.6643 -0.178 0.726
vn 0.6643 -0.178 -0.726
vn 0.618 -0.2923 -0.7299
vn -0.658 0.3112 -0.6857
vn 0.3268 -0.1034 0.9394
vn -0.658 0.3112 0.6857
vn 0.3131 -0.1481 0.9381
vn 0.2303 -0.6437 0.7298
vn 0.3514 -0.5864 0.7298
vn 0.3514 -0.5863 -0.7299
vn 0.2303 -0.6436 -0.7299
vn -0.3742 0.6243 -0.6857
vn -0.2452 0.6853 -0.6857
vn -0.2452 0.6853 0.6857
vn -0.3742 0.6243 0.6857
vn 0.1781 -0.2971 0.9381
vn 0.1167 -0.3261 0.9381
vn -0.303 -0.1482 0.9414
vn -0.6872 -0.0791 -0.7221
vn 0.0 0.0 -1.0
vn 0.6872 -0.0791 -0.7221
vn -0.3715 -0.101 0.9229
vn -0.6409 -0.0893 0.7624
vn -0.6587 -0.1495 0.7374
vn 0.3697 -0.0993 0.9238
vn -0.2592 -0.286 0.9225
vn -0.1984 -0.3311 0.9225
vn -0.13 -0.3634 0.9225
vn -0.0626 -0.3777 0.9238
vn -0.3467 -0.1638 0.9235
vn -0.31 -0.2299 0.9225
vn 0.1984 -0.3311 0.9225
vn 0.2592 -0.286 0.9225
vn 0.31 -0.2299 0.9225
vn 0.3489 -0.165 0.9225
vn 0.0626 -0.3777 0.9238
vn 0.13 -0.3634 0.9225
vn -0.667 -0.2025 0.717
vn -0.6651 -0.1974 0.7202
vn 0.0 -0.3825 0.924
vn -0.6953 -0.0341 -0.7179
vn 0.6953 -0.0342 -0.7179
vn -0.6155 -0.0356 0.7873
vn -0.6959 -0.7147 0.0694
vn -0.7187 -0.6921 0.0671
vn -0.3761 -0.9222 0.0896
vn -0.9239 -0.3808 0.037
vn 0.7183 -0.4919 0.4919
vn 0.7183 -0.5378 0.4414
vn -0.7183 -0.5378 0.4413
vn -0.7183 -0.4919 0.4919
vn 0.6962 0.5076 -0.5076
vn 0.6962 0.5549 -0.4554
vn -0.9238 -0.2708 0.2708
vn -0.9238 -0.296 0.2429
vn -0.6962 0.5549 -0.4554
vn -0.6962 0.5076 -0.5076
vn -0.6962 -0.5076 0.5076
vn -0.6962 -0.4554 0.5549
vn -0.7183 -0.4413 0.5378
vn -0.376 -0.6552 0.6552
vn -0.376 -0.5878 0.7163
vn -0.9238 -0.2429 0.296
vn 0.7225 -0.1568 0.6734
vn 0.7323 -0.2677 0.6262
vn -0.7323 -0.2677 0.6262
vn -0.7225 -0.1568 0.6734
vn 0.693 0.1809 -0.6978
vn 0.6835 0.2975 -0.6665
vn 0.0 0.2501 -0.9682
vn 0.4617 0.4357 -0.7727
vn -0.6962 -0.6632 0.2747
vn -0.6962 -0.6331 0.3384
vn -0.7183 -0.6136 0.328
vn -0.7183 -0.6427 0.2662
vn -0.376 -0.8561 0.3546
vn -0.376 -0.8172 0.4368
vn -0.9238 -0.3538 0.1465
vn -0.9238 -0.3377 0.1805
vn 0.7183 -0.6427 0.2662
vn 0.7183 -0.6657 0.202
vn -0.7183 -0.6657 0.2019
vn 0.6962 0.6632 -0.2747
vn 0.6962 0.6869 -0.2084
vn -0.9238 -0.3664 0.1111
vn -0.6962 0.6869 -0.2084
vn -0.6962 0.6632 -0.2747
vn -0.6928 -0.1741 0.6998
vn -0.6936 -0.0846 0.7153
vn -0.7203 -0.0723 0.6899
vn -0.3446 -0.2163 0.9135
vn -0.3187 -0.1049 0.942
vn 0.7174 -0.0327 0.6959
vn 0.7071 -0.0331 0.7063
vn -0.7071 -0.0332 0.7063
vn -0.7174 -0.0327 0.6959
vn 0.6929 0.0441 -0.7197
vn 0.7071 0.0433 -0.7058
vn 0.0 0.0612 -0.9981
vn 0.0 0.0612 -0.9981
vn -0.6962 -0.704 0.14
vn -0.6962 -0.6869 0.2084
vn -0.7183 -0.6823 0.1357
vn -0.376 -0.9088 0.1808
vn -0.376 -0.8867 0.269
vn -0.9238 -0.3756 0.0747
vn 0.7183 -0.5785 0.3865
vn 0.7183 -0.6136 0.328
vn -0.7183 -0.5785 0.3865
vn 0.6962 0.5968 -0.3988
vn 0.6962 0.6331 -0.3384
vn -0.9238 -0.3184 0.2127
vn -0.6962 0.6331 -0.3384
vn -0.6962 0.5968 -0.3988
vn -0.7215 -0.3767 0.5809
vn -0.6935 -0.3927 0.604
vn -0.6847 -0.2918 0.6679
vn -0.3771 -0.5049 0.7764
vn -0.3784 -0.365 0.8506
vn -0.925 -0.2073 0.3185
vn -0.9291 -0.1474 0.3391
vn 0.7215 -0.3767 0.5809
vn 0.7183 -0.4414 0.5378
vn 0.6925 0.3921 -0.6056
vn 0.6962 0.4554 -0.5549
vn -0.6962 0.4554 -0.5549
vn -0.6923 0.3873 -0.6088
vn -0.6962 -0.5968 0.3988
vn -0.6962 -0.5549 0.4554
vn -0.376 -0.7705 0.5148
vn -0.376 -0.7163 0.5878
vn 0.7183 -0.6823 0.1357
vn 0.7187 -0.6921 0.0671
vn 0.6962 0.704 -0.14
vn 0.696 0.7147 -0.0695
vn -0.696 0.7147 -0.0695
vn -0.6962 0.704 -0.14
vn -0.7071 -0.0401 0.706
vn -0.3038 -0.0489 0.9515
vn 0.7203 -0.0723 0.6899
vn 0.6929 0.0903 -0.7153
vn 0.0 0.1163 -0.9932
vn -0.694 -0.0408 0.7188
vn -0.3041 -0.0455 0.9516
vn -0.5741 -0.0302 0.8182
vtan 0.0491 0.9988 0.0 -1.0
vtan 0.1144 0.9934 -0.0002 -1.0
vtan 0.1145 0.9934 0.0002 -1.0
vtan 0.0491 0.9988 0.0 -1.0
vtan 0.9982 0.0431 0.0409 -1.0
vtan 0.9866 0.1629 0.0 -1.0
vtan 0.9866 0.1632 -0.0003 -1.0
vtan 0.9982 0.0431 -0.0409 -1.0
vtan 0.9982 0.0431 0.0409 -1.0
vtan 0.9984 0.0389 -0.0409 -1.0
vtan 0.9867 0.1623 0.0006 -1.0
vtan 0.9865 0.1635 0.0006 -1.0
vtan 0.9971 0.0718 -0.0268 -1.0
vtan 0.9866 0.1629 -0.0002 -1.0
vtan 0.9867 0.1626 -0.0003 -1.0
vtan 0.9984 0.0389 0.0409 -1.0
vtan 0.9866 0.1629 0.0 -1.0
vtan 0.9984 0.0389 -0.0409 -1.0
vtan -0.1145 0.9934 0.0002 1.0
vtan -0.114 0.9935 -0.0003 1.0
vtan -0.0491 0.9988 -0.0 1.0
vtan -0.0491 0.9988 0.0 1.0
vtan -0.9866 0.1632 -0.0003 1.0
vtan -0.9866 0.1629 0.0 1.0
vtan -0.9982 0.0431 0.0409 1.0
vtan -0.9982 0.0431 -0.0409 1.0
vtan -0.9982 0.0431 0.0409 1.0
vtan -0.9865 0.1635 0.0006 1.0
vtan -0.9867 0.1623 0.0006 1.0
vtan -0.9984 0.0389 -0.0409 1.0
vtan -0.9867 0.1626 -0.0003 1.0
vtan -0.9866 0.1629 -0.0002 1.0
vtan -0.9971 0.0718 -0.0268 1.0
vtan -0.9984 0.0389 0.0409 1.0
vtan -0.9866 0.1629 -0.0 1.0
vtan -0.9984 0.0389 -0.0409 1.0
vtan 0.741 0.6716 0.0 -1.0
vtan 0.5957 0.8032 0.0 -1.0
vtan 0.5957 0.8032 0.0 -1.0
vtan 0.741 0.6716 0.0 -1.0
vtan 0.741 0.6716 -0.0 -1.0
vtan 0.5957 0.8032 0.0 -1.0
vtan 0.5957 0.8032 -0.0 -1.0
vtan 0.741 0.6716 -0.0 -1.0
vtan 0.7409 0.6716 0.0 -1.0
vtan 0.5957 0.8032 0.0 -1.0
vtan 0.5957 0.8032 0.0 -1.0
vtan 0.741 0.6716 0.0 -1.0
vtan 0.5957 0.8032 0.0 -1.0
vtan 0.741 0.6716 0.0 -1.0
vtan 0.9415 0.3369 0.0 -1.0
vtan 0.8577 0.5141 0.0 -1.0
vtan 0.8577 0.5141 -0.0 -1.0
vtan 0.9415 0.3369 0.0 -1.0
vtan 0.9415 0.3369 0.0 -1.0
vtan 0.8577 0.5141 -0.0 -1.0
vtan 0.8577 0.5141 -0.0 -1.0
vtan 0.9415 0.3369 -0.0 -1.0
vtan 0.9415 0.3369 0.0 -1.0
vtan 0.8577 0.5141 0.0 -1.0
vtan 0.8577 0.5141 0.0 -1.0
vtan 0.9415 0.3369 0.0 -1.0
vtan 0.8577 0.5141 0.0 -1.0
vtan 0.9415 0.3369 0.0 -1.0
vtan 0.4276 0.904 0.0 -1.0
vtan 0.2588 0.9659 0.0 -1.0
vtan 0.2591 0.9658 0.0003 -1.0
vtan 0.4276 0.904 0.0 -1.0
vtan 0.3329 0.9429 -0.0044 -1.0
vtan 0.2636 0.9646 -0.0 -1.0
vtan 0.2593 0.9658 -0.0005 -1.0
vtan 0.4276 0.904 -0.0001 -1.0
vtan 0.4276 0.904 0.0 -1.0
vtan 0.4237 0.9058 -0.0074 -1.0
vtan 0.9349 0.1156 0.3355 -1.0
vtan 0.5186 0.8391 -0.1644 -1.0
vtan 0.4262 0.9046 -0.0017 -1.0
vtan -0.741 0.6716 -0.0 1.0
vtan -0.5957 0.8032 -0.0 1.0
vtan -0.5957 0.8032 -0.0 1.0
vtan -0.741 0.6716 -0.0 1.0
vtan -0.7409 0.6716 0.0 1.0
vtan -0.5957 0.8032 0.0 1.0
vtan -0.5957 0.8032 0.0 1.0
vtan -0.741 0.6716 0.0 1.0
vtan -0.741 0.6716 -0.0 1.0
vtan -0.5957 0.8032 -0.0 1.0
vtan -0.5957 0.8032 -0.0 1.0
vtan -0.741 0.6716 -0.0 1.0
vtan -0.7409 0.6716 -0.0 1.0
vtan -0.5957 0.8032 -0.0 1.0
vtan -0.4276 0.904 -0.0 1.0
vtan -0.2591 0.9658 0.0003 1.0
vtan -0.2575 0.9663 -0.0012 1.0
vtan -0.4221 0.9065 -0.0058 1.0
vtan -0.2676 0.9634 -0.0116 1.0
vtan -0.555 0.8318 -0.0081 1.0
vtan -0.5376 0.8287 -0.1559 1.0
vtan -0.4215 0.9068 -0.0051 1.0
vtan -0.4086 0.9126 -0.0177 1.0
vtan -0.4494 0.8867 0.1084 1.0
vtan -0.5915 0.801 -0.0921 1.0
vtan -0.2965 0.9544 -0.0339 1.0
vtan -0.4169 0.9089 -0.012 1.0
vtan -0.4276 0.904 0.0 1.0
vtan -0.4063 0.9135 -0.0204 1.0
vtan -0.2961 0.9398 -0.1706 1.0
vtan -0.9415 0.3369 -0.0 1.0
vtan -0.8577 0.5141 -0.0 1.0
vtan -0.8577 0.5141 -0.0 1.0
vtan -0.9415 0.3369 -0.0 1.0
vtan -0.9415 0.3369 0.0 1.0
vtan -0.8577 0.5141 0.0 1.0
vtan -0.8577 0.5141 0.0 1.0
vtan -0.9415 0.3369 0.0 1.0
vtan -0.9415 0.3369 -0.0 1.0
vtan -0.8577 0.5141 -0.0 1.0
vtan -0.8577 0.5141 -0.0 1.0
vtan -0.9415 0.3369 -0.0 1.0
vtan -0.9415 0.3369 -0.0 1.0
vtan -0.8577 0.5141 -0.0 1.0
vtan 0.4232 0.906 -0.0064 -1.0
vtan 0.1143 0.9934 0.0 -1.0
vtan 0.1183 0.993 0.0 -1.0
vtan 0.1146 0.9934 -0.0003 -1.0
vtan -0.1129 0.9936 -0.0013 1.0
vtan -0.1135 0.9935 -0.0019 1.0
vtan -0.1177 0.993 -0.0019 1.0
vtan -0.1226 0.9874 -0.0998 1.0
vtan 0.2598 0.9657 -0.0012 -1.0
vtan 0.1278 0.9918 -0.0089 -1.0
vtan 0.1983 0.9799 -0.0215 -1.0
vtan -0.2587 0.9659 -0.0003 1.0
vtan 0.741 0.6716 -0.0 -1.0
vtan 0.8577 0.5141 -0.0 -1.0
vtan 0.9415 0.3369 -0.0 -1.0
vtan 0.9866 0.1629 0.0003 -1.0
vtan 0.426 0.9047 -0.0005 -1.0
vtan 0.5957 0.8032 0.0 -1.0
vtan -0.8577 0.5141 0.0 1.0
vtan -0.741 0.6716 0.0 1.0
vtan -0.5957 0.8032 0.0 1.0
vtan -0.4276 0.904 -0.0 1.0
vtan -0.9866 0.1629 0.0003 1.0
vtan -0.9415 0.3369 0.0 1.0
vtan 0.3527 0.9335 0.0644 -1.0
vtan 0.289 0.9573 0.0046 -1.0
vtan 0.9971 0.0698 -0.0289 -1.0
vtan 0.0491 0.9988 -0.0 -1.0
vtan 0.0484 0.9988 0.0 -1.0
vtan 0.0491 0.9988 -0.0 -1.0
vtan -0.0484 0.9988 -0.0007 1.0
vtan -0.0484 0.9988 -0.0007 1.0
vtan -0.0484 0.9988 -0.0008 1.0
vtan -0.9971 0.0698 -0.0289 1.0
vtan 0.0526 0.9986 -0.004 -1.0
vtan -0.0486 0.9978 -0.0457 1.0
vtan 0.0 -0.7071 0.7071 -1.0
vtan -0.0 -0.6344 0.773 -1.0
vtan 0.0 -0.6344 0.773 -1.0
vtan 0.0 -0.7071 0.7071 -1.0
vtan -0.0 -0.7071 0.7071 -1.0
vtan -0.0 -0.6344 0.773 -1.0
vtan 0.0 -0.7071 0.7071 -1.0
vtan 0.0 -0.6344 0.773 -1.0
vtan 0.0 -0.6344 0.773 -1.0
vtan 0.0 -0.7071 0.7071 -1.0
vtan -0.0 -0.6344 0.773 -1.0
vtan -0.0 -0.7071 0.7071 -1.0
vtan 0.0 -0.7071 0.7071 -1.0
vtan -0.0 -0.773 0.6344 -1.0
vtan 0.0 -0.773 0.6344 -1.0
vtan 0.0 -0.7071 0.7071 -1.0
vtan -0.0 -0.773 0.6344 -1.0
vtan -0.0 -0.773 0.6344 -1.0
vtan 0.0006 -0.9741 0.2262 -1.0
vtan 0.0006 -0.9198 0.3925 -1.0
vtan -0.0009 -0.9199 0.3923 -1.0
vtan -0.0009 -0.9742 0.2259 -1.0
vtan 0.0015 -0.9676 0.2523 -1.0
vtan 0.0016 -0.9125 0.409 -1.0
vtan -0.0021 -0.9685 0.2489 -1.0
vtan -0.0096 -0.9682 0.2501 -1.0
vtan -0.073 -0.8867 0.4565 -1.0
vtan 0.0024 -0.9123 0.4096 -1.0
vtan -0.0 -0.3827 0.9239 -1.0
vtan 0.0 -0.4714 0.8819 -1.0
vtan -0.0 -0.4714 0.8819 -1.0
vtan -0.0 -0.3827 0.9239 -1.0
vtan -0.0 -0.3827 0.9239 -1.0
vtan 0.0 -0.4714 0.8819 -1.0
vtan 0.0 -0.3827 0.9239 -1.0
vtan -0.0 -0.4714 0.8819 -1.0
vtan -0.0 -0.3827 0.9239 -1.0
vtan -0.0 -0.2903 0.9569 -1.0
vtan -0.0 -0.2903 0.9569 -1.0
vtan -0.0 -0.3827 0.9239 -1.0
vtan -0.0 -0.2903 0.9569 -1.0
vtan -0.0 -0.2903 0.9569 -1.0
vtan -0.0 -0.2903 0.9569 -1.0
vtan -0.0 -0.3827 0.9239 -1.0
vtan -0.0 -0.2903 0.9569 -1.0
vtan -0.0 -0.3827 0.9239 -1.0
vtan 0.0011 -0.9702 0.2424 -1.0
vtan 0.001 -0.993 0.1185 -1.0
vtan -0.0016 -0.9947 0.1025 -1.0
vtan -0.005 -0.9735 0.2286 -1.0
vtan 0.0044 -0.9937 0.1119 -1.0
vtan -0.0253 -0.9839 0.1769 -1.0
vtan 0.0086 -0.9923 0.1236 -1.0
vtan -0.0006 -0.9989 0.0475 -1.0
vtan -0.0 -0.9989 0.0469 -1.0
vtan -0.0 -0.9989 0.0469 -1.0
vtan 0.0005 -0.9989 0.0475 -1.0
vtan 0.0 -0.9981 0.0612 -1.0
vtan -0.0013 -0.9982 0.0599 -1.0
vtan 0.0 -0.9981 0.0612 -1.0
vtan 0.0 -0.9981 0.0612 -1.0
vtan 0.0 -0.9981 0.0612 -1.0
vtan 0.0 -0.9981 0.0612 -1.0
vtan 0.0 -0.1951 0.9808 -1.0
vtan -0.0 -0.2903 0.9569 -1.0
vtan -0.0 -0.1951 0.9808 -1.0
vtan 0.0 -0.1951 0.9808 -1.0
vtan -0.0 -0.2903 0.9569 -1.0
vtan 0.0 -0.1951 0.9808 -1.0
vtan -0.0 -0.5556 0.8315 -1.0
vtan -0.0 -0.4714 0.8819 -1.0
vtan -0.0 -0.5556 0.8315 -1.0
vtan 0.0 -0.5556 0.8315 -1.0
vtan 0.0 -0.4714 0.8819 -1.0
vtan -0.0 -0.5556 0.8315 -1.0
vtan -0.0 -0.4714 0.8819 -1.0
vtan -0.0 -0.5556 0.8315 -1.0
vtan -0.0 -0.4714 0.8819 -1.0
vtan -0.0 -0.5556 0.8315 -1.0
vtan 0.0 -0.839 0.5441 -1.0
vtan 0.0002 -0.8383 0.5453 -1.0
vtan 0.0017 -0.9157 0.4018 -1.0
vtan -0.0 -0.8384 0.5451 -1.0
vtan 0.0007 -0.9189 0.3946 -1.0
vtan -0.0001 -0.838 0.5456 -1.0
vtan -0.0048 -0.9219 0.3873 -1.0
vtan -0.0001 -0.839 0.5441 -1.0
vtan 0.0 -0.773 0.6344 -1.0
vtan 0.0017 -0.8385 0.5449 -1.0
vtan -0.0 -0.773 0.6344 -1.0
vtan -0.0 -0.773 0.6344 -1.0
vtan -0.0092 -0.839 0.5441 -1.0
vtan -0.0 -0.773 0.6344 -1.0
vtan -0.0044 -0.8416 0.54 -1.0
vtan -0.0 -0.5556 0.8315 -1.0
vtan 0.0 -0.6344 0.773 -1.0
vtan -0.0 -0.5556 0.8315 -1.0
vtan 0.0 -0.6344 0.773 -1.0
vtan 0.0 -0.1951 0.9808 -1.0
vtan 0.0 -0.098 0.9952 -1.0
vtan -0.0 -0.098 0.9952 -1.0
vtan -0.0 -0.1951 0.9808 -1.0
vtan -0.0 -0.098 0.9952 -1.0
vtan 0.0 -0.098 0.9952 -1.0
vtan -0.0 -0.098 0.9952 -1.0
vtan -0.0 -0.1951 0.9808 -1.0
vtan -0.0 -0.098 0.9952 -1.0
vtan -0.0 -0.1951 0.9808 -1.0
vtan 0.0 -0.098 0.9952 -1.0
vtan 0.0 -0.098 0.9952 -1.0
vtan -0.1314 -0.8219 0.5542 -1.0
vtan -0.2928 0.1429 0.9454 -1.0
vtan -0.0007 -0.9984 0.056 -1.0
vtan 0.0003 -0.9987 0.0512 -1.0
vtan -0.0007 -0.999 0.0447 -1.0
vtan 0.0016 -0.9947 0.1026 -1.0
vtan 0.0017 -0.9919 0.1269 -1.0
vtan 0.0039 -0.9916 0.1289 -1.0
vtan 0.0184 -0.993 0.1163 -1.0
vtan -0.0044 -0.9655 0.2605 -1.0
vtan 0.0245 -0.0253 0.9994 -1.0
vtan -0.0245 -0.0253 0.9994 -1.0
vtan -0.0245 -0.0238 0.9994 -1.0
vtan -0.0174 -0.0419 0.999 -1.0
vtan 0.0245 -0.0238 0.9994 -1.0
vtan -0.0245 -0.0238 0.9994 -1.0
vtan 0.0193 -0.9573 0.2883 -1.0
vtan 0.0 -0.9984 0.0567 -1.0
vtan 0.0026 -0.9988 0.0485 -1.0
vtan -0.0057 -0.9994 0.0329 -1.0
vtan 0.4886 0.8519 -0.1885 -1.0
vtan 0.3428 0.9394 0.0015 -1.0
vtan -0.1145 0.9934 0.0002 1.0
vtan -0.1144 0.9934 -0.0001 1.0
vtan -0.0489 0.9988 0.0004 1.0
vtan -0.0491 0.9988 0.0 1.0
vtan -0.9866 0.1632 -0.0003 1.0
vtan -0.9866 0.1629 0.0 1.0
vtan -0.9982 0.0431 0.0409 1.0
vtan -0.9982 0.0431 -0.0409 1.0
vtan -0.9982 0.0431 0.0409 1.0
vtan -0.9865 0.1635 0.0006 1.0
vtan -0.9867 0.1623 0.0006 1.0
vtan -0.9984 0.0389 -0.0409 1.0
vtan -0.9867 0.1626 -0.0003 1.0
vtan -0.9866 0.1629 -0.0002 1.0
vtan -0.9971 0.0718 -0.0268 1.0
vtan -0.9984 0.0389 0.0409 1.0
vtan -0.9866 0.1629 0.0 1.0
vtan -0.9984 0.0389 -0.0409 1.0
vtan 0.0469 0.9989 0.0054 -1.0
vtan 0.1137 0.9935 0.0005 -1.0
vtan 0.1145 0.9934 0.0002 -1.0
vtan 0.0491 0.9988 0.0 -1.0
vtan 0.9982 0.0431 0.0409 -1.0
vtan 0.9866 0.1629 -0.0 -1.0
vtan 0.9866 0.1632 -0.0003 -1.0
vtan 0.9982 0.0431 -0.0409 -1.0
vtan 0.9982 0.0431 0.0409 -1.0
vtan 0.9984 0.0389 -0.0409 -1.0
vtan 0.9867 0.1623 0.0006 -1.0
vtan 0.9865 0.1635 0.0006 -1.0
vtan 0.9971 0.0718 -0.0268 -1.0
vtan 0.9866 0.1629 -0.0002 -1.0
vtan 0.9867 0.1626 -0.0003 -1.0
vtan 0.9984 0.0389 0.0409 -1.0
vtan 0.9866 0.1629 -0.0 -1.0
vtan 0.9984 0.0389 -0.0409 -1.0
vtan -0.5957 0.8032 0.0 1.0
vtan -0.5957 0.8032 0.0 1.0
vtan -0.7409 0.6716 0.0 1.0
vtan -0.741 0.6716 0.0 1.0
vtan -0.5957 0.8032 -0.0 1.0
vtan -0.5957 0.8032 0.0 1.0
vtan -0.741 0.6716 -0.0 1.0
vtan -0.741 0.6716 -0.0 1.0
vtan -0.5957 0.8032 0.0 1.0
vtan -0.5957 0.8032 0.0 1.0
vtan -0.7409 0.6716 0.0 1.0
vtan -0.741 0.6716 0.0 1.0
vtan -0.5957 0.8032 0.0 1.0
vtan -0.741 0.6716 0.0 1.0
vtan -0.8577 0.5141 0.0 1.0
vtan -0.8577 0.5141 0.0 1.0
vtan -0.9415 0.3369 0.0 1.0
vtan -0.9415 0.3369 0.0 1.0
vtan -0.8577 0.5141 -0.0 1.0
vtan -0.8577 0.5141 -0.0 1.0
vtan -0.9415 0.3369 -0.0 1.0
vtan -0.9415 0.3369 -0.0 1.0
vtan -0.8577 0.5141 0.0 1.0
vtan -0.8577 0.5141 -0.0 1.0
vtan -0.9415 0.3369 0.0 1.0
vtan -0.9415 0.3369 0.0 1.0
vtan -0.8577 0.5141 0.0 1.0
vtan -0.9415 0.3369 0.0 1.0
vtan -0.2591 0.9658 0.0003 1.0
vtan -0.2588 0.9659 0.0 1.0
vtan -0.4276 0.904 0.0 1.0
vtan -0.4276 0.904 0.0 1.0
vtan -0.2593 0.9658 -0.0005 1.0
vtan -0.2635 0.9646 0.0 1.0
vtan -0.3359 0.9255 -0.175 1.0
vtan -0.4276 0.904 0.0 1.0
vtan -0.4276 0.904 0.0 1.0
vtan -0.3448 0.9223 0.1744 1.0
vtan -0.276 0.9611 0.0 1.0
vtan -0.2592 0.9658 0.0003 1.0
vtan -0.4276 0.904 0.0 1.0
vtan -0.4276 0.904 0.0 1.0
vtan -0.3422 0.9233 -0.1746 1.0
vtan -0.4276 0.904 0.0 1.0
vtan 0.5957 0.8032 -0.0 -1.0
vtan 0.5957 0.8032 -0.0 -1.0
vtan 0.741 0.6716 -0.0 -1.0
vtan 0.741 0.6716 -0.0 -1.0
vtan 0.5957 0.8032 0.0 -1.0
vtan 0.5957 0.8032 0.0 -1.0
vtan 0.7409 0.6716 0.0 -1.0
vtan 0.741 0.6716 -0.0 -1.0
vtan 0.5957 0.8032 0.0 -1.0
vtan 0.5957 0.8032 -0.0 -1.0
vtan 0.741 0.6716 -0.0 -1.0
vtan 0.741 0.6716 -0.0 -1.0
vtan 0.5957 0.8032 -0.0 -1.0
vtan 0.741 0.6716 -0.0 -1.0
vtan 0.2588 0.9659 -0.0 -1.0
vtan 0.2591 0.9658 0.0003 -1.0
vtan 0.4276 0.904 -0.0 -1.0
vtan 0.4276 0.904 -0.0 -1.0
vtan 0.3341 0.9261 -0.1752 -1.0
vtan 0.2613 0.9652 0.0 -1.0
vtan 0.2594 0.9658 -0.0006 -1.0
vtan 0.4276 0.904 0.0 -1.0
vtan 0.4276 0.904 0.0 -1.0
vtan 0.2616 0.9652 -0.0005 -1.0
vtan 0.2638 0.9646 0.0 -1.0
vtan 0.3348 0.9259 0.1751 -1.0
vtan 0.4276 0.904 -0.0 -1.0
vtan 0.4276 0.904 -0.0 -1.0
vtan 0.3422 0.9233 -0.1746 -1.0
vtan 0.4276 0.904 -0.0 -1.0
vtan 0.8577 0.5141 -0.0 -1.0
vtan 0.8577 0.5141 -0.0 -1.0
vtan 0.9415 0.3369 -0.0 -1.0
vtan 0.9415 0.3369 -0.0 -1.0
vtan 0.8577 0.5141 0.0 -1.0
vtan 0.8577 0.5141 0.0 -1.0
vtan 0.9415 0.3369 0.0 -1.0
vtan 0.9415 0.3369 0.0 -1.0
vtan 0.8577 0.5141 -0.0 -1.0
vtan 0.8577 0.5141 -0.0 -1.0
vtan 0.9415 0.3369 -0.0 -1.0
vtan 0.9415 0.3369 -0.0 -1.0
vtan 0.8577 0.5141 -0.0 -1.0
vtan 0.9415 0.3369 -0.0 -1.0
vtan -0.1143 0.9934 0.0 1.0
vtan -0.1146 0.9934 -0.0003 1.0
vtan -0.1183 0.993 0.0 1.0
vtan 0.1143 0.9934 -0.0 -1.0
vtan 0.1181 0.993 0.0 -1.0
vtan 0.1146 0.9934 -0.0003 -1.0
vtan 0.1208 0.9885 -0.0914 -1.0
vtan -0.2588 0.9659 -0.0003 1.0
vtan -0.1227 0.9877 -0.0973 1.0
vtan 0.2595 0.9657 -0.0022 -1.0
vtan -0.8577 0.5141 -0.0 1.0
vtan -0.741 0.6716 0.0 1.0
vtan -0.9866 0.1629 0.0003 1.0
vtan -0.9415 0.3369 -0.0 1.0
vtan -0.5957 0.8032 -0.0 1.0
vtan -0.4276 0.904 -0.0 1.0
vtan 0.8577 0.5141 0.0 -1.0
vtan 0.741 0.6716 0.0 -1.0
vtan 0.5957 0.8032 0.0 -1.0
vtan 0.4276 0.904 0.0 -1.0
vtan 0.9866 0.1629 0.0003 -1.0
vtan 0.9415 0.3369 0.0 -1.0
vtan -0.9971 0.0698 -0.0289 1.0
vtan -0.0491 0.9988 0.0 1.0
vtan -0.0491 0.9988 0.0 1.0
vtan -0.0484 0.9988 0.0 1.0
vtan 0.0491 0.9988 -0.0 -1.0
vtan 0.0483 0.9988 0.0 -1.0
vtan 0.0491 0.9988 -0.0 -1.0
vtan 0.9971 0.0698 -0.0289 -1.0
vtan -0.0494 0.9978 -0.0449 1.0
vtan 0.0438 0.9986 -0.0302 -1.0
vtan 0.0491 0.9988 0.0 -1.0
vtan 0.1144 0.9934 -0.0004 -1.0
vtan 0.1145 0.9934 0.0002 -1.0
vtan 0.0491 0.9988 0.0 -1.0
vtan 0.9982 0.0431 0.0409 -1.0
vtan 0.9866 0.1629 0.0 -1.0
vtan 0.9866 0.1632 -0.0003 -1.0
vtan 0.9982 0.0431 -0.0409 -1.0
vtan 0.9982 0.0431 0.0409 -1.0
vtan 0.9984 0.0389 -0.0409 -1.0
vtan 0.9867 0.1623 0.0006 -1.0
vtan 0.9865 0.1635 0.0006 -1.0
vtan 0.9971 0.0718 -0.0268 -1.0
vtan 0.9866 0.1629 -0.0002 -1.0
vtan 0.9867 0.1626 -0.0003 -1.0
vtan 0.9984 0.0389 0.0409 -1.0
vtan 0.9866 0.1629 0.0 -1.0
vtan 0.9984 0.0389 -0.0409 -1.0
vtan -0.1145 0.9934 0.0002 1.0
vtan -0.1137 0.9935 0.0005 1.0
vtan -0.0469 0.9989 0.0054 1.0
vtan -0.0491 0.9988 0.0 1.0
vtan -0.9866 0.1632 -0.0003 1.0
vtan -0.9866 0.1629 -0.0 1.0
vtan -0.9982 0.0431 0.0409 1.0
vtan -0.9982 0.0431 -0.0409 1.0
vtan -0.9982 0.0431 0.0409 1.0
vtan -0.9865 0.1635 0.0006 1.0
vtan -0.9867 0.1623 0.0006 1.0
vtan -0.9984 0.0389 -0.0409 1.0
vtan -0.9867 0.1626 -0.0003 1.0
vtan -0.9866 0.1629 -0.0002 1.0
vtan -0.9971 0.0718 -0.0268 1.0
vtan -0.9984 0.0389 0.0409 1.0
vtan -0.9866 0.1629 -0.0 1.0
vtan -0.9984 0.0389 -0.0409 1.0
vtan 0.741 0.6716 0.0 -1.0
vtan 0.5957 0.8032 0.0 -1.0
vtan 0.5957 0.8032 0.0 -1.0
vtan 0.741 0.6716 0.0 -1.0
vtan 0.741 0.6716 -0.0 -1.0
vtan 0.5957 0.8032 0.0 -1.0
vtan 0.5957 0.8032 0.0 -1.0
vtan 0.741 0.6716 -0.0 -1.0
vtan 0.7409 0.6716 0.0 -1.0
vtan 0.5957 0.8032 0.0 -1.0
vtan 0.5957 0.8032 0.0 -1.0
vtan 0.7409 0.6716 0.0 -1.0
vtan 0.5957 0.8032 0.0 -1.0
vtan 0.741 0.6716 0.0 -1.0
vtan 0.9415 0.3369 0.0 -1.0
vtan 0.8577 0.5141 0.0 -1.0
vtan 0.8577 0.5141 0.0 -1.0
vtan 0.9415 0.3369 0.0 -1.0
vtan 0.9415 0.3369 -0.0 -1.0
vtan 0.8577 0.5141 -0.0 -1.0
vtan 0.8577 0.5141 -0.0 -1.0
vtan 0.9415 0.3369 -0.0 -1.0
vtan 0.9415 0.3369 0.0 -1.0
vtan 0.8577 0.5141 0.0 -1.0
vtan 0.8577 0.5141 0.0 -1.0
vtan 0.9415 0.3369 0.0 -1.0
vtan 0.8577 0.5141 0.0 -1.0
vtan 0.9415 0.3369 0.0 -1.0
vtan 0.4276 0.904 0.0 -1.0
vtan 0.2588 0.9659 0.0 -1.0
vtan 0.2591 0.9658 0.0003 -1.0
vtan 0.4276 0.904 0.0 -1.0
vtan 0.3379 0.9282 -0.156 -1.0
vtan 0.2634 0.9646 0.0101 -1.0
vtan 0.2593 0.9658 -0.0005 -1.0
vtan 0.4276 0.904 -0.0 -1.0
vtan 0.4276 0.904 0.0 -1.0
vtan 0.2592 0.9658 0.0003 -1.0
vtan 0.2655 0.962 0.0644 -1.0
vtan 0.3057 0.9185 0.2509 -1.0
vtan 0.4276 0.904 0.0 -1.0
vtan 0.4276 0.904 0.0 -1.0
vtan 0.3441 0.926 -0.1555 -1.0
vtan 0.4276 0.904 0.0 -1.0
vtan -0.741 0.6716 -0.0 1.0
vtan -0.5957 0.8032 -0.0 1.0
vtan -0.5957 0.8032 -0.0 1.0
vtan -0.741 0.6716 -0.0 1.0
vtan -0.5957 0.8032 -0.0 1.0
vtan -0.5957 0.8032 0.0 1.0
vtan -0.741 0.6716 -0.0 1.0
vtan -0.741 0.6716 -0.0 1.0
vtan -0.741 0.6716 -0.0 1.0
vtan -0.5957 0.8032 -0.0 1.0
vtan -0.5957 0.8032 0.0 1.0
vtan -0.741 0.6716 -0.0 1.0
vtan -0.741 0.6716 -0.0 1.0
vtan -0.5957 0.8032 -0.0 1.0
vtan -0.4276 0.904 -0.0 1.0
vtan -0.2591 0.9658 0.0003 1.0
vtan -0.2588 0.9659 -0.0 1.0
vtan -0.4276 0.904 -0.0 1.0
vtan -0.2594 0.9658 -0.0006 1.0
vtan -0.2613 0.9652 -0.0 1.0
vtan -0.3341 0.9261 -0.1752 1.0
vtan -0.4276 0.904 -0.0 1.0
vtan -0.4276 0.904 -0.0 1.0
vtan -0.3348 0.9259 0.1751 1.0
vtan -0.2638 0.9646 -0.0 1.0
vtan -0.2617 0.9652 -0.0006 1.0
vtan -0.4276 0.904 -0.0 1.0
vtan -0.4276 0.904 -0.0 1.0
vtan -0.4276 0.904 -0.0 1.0
vtan -0.3422 0.9233 -0.1746 1.0
vtan -0.9415 0.3369 -0.0 1.0
vtan -0.8577 0.5141 -0.0 1.0
vtan -0.8577 0.5141 -0.0 1.0
vtan -0.9415 0.3369 -0.0 1.0
vtan -0.8577 0.5141 -0.0 1.0
vtan -0.8577 0.5141 0.0 1.0
vtan -0.9415 0.3369 -0.0 1.0
vtan -0.9415 0.3369 -0.0 1.0
vtan -0.9415 0.3369 -0.0 1.0
vtan -0.8577 0.5141 -0.0 1.0
vtan -0.8577 0.5141 -0.0 1.0
vtan -0.9415 0.3369 -0.0 1.0
vtan -0.9415 0.3369 -0.0 1.0
vtan -0.8577 0.5141 -0.0 1.0
vtan 0.1143 0.9934 -0.0 -1.0
vtan 0.1182 0.993 0.0039 -1.0
vtan 0.1146 0.9934 -0.0003 -1.0
vtan -0.1143 0.9934 -0.0 1.0
vtan -0.1146 0.9934 -0.0003 1.0
vtan -0.1181 0.993 0.0 1.0
vtan -0.1208 0.9885 -0.0914 1.0
vtan 0.2589 0.9659 -0.0004 -1.0
vtan 0.1229 0.9874 -0.1 -1.0
vtan -0.2596 0.9657 -0.0023 1.0
vtan 0.7409 0.6716 -0.0 -1.0
vtan 0.8577 0.5141 -0.0 -1.0
vtan 0.9415 0.3369 -0.0 -1.0
vtan 0.9866 0.1629 0.0003 -1.0
vtan 0.4276 0.904 -0.0 -1.0
vtan 0.5957 0.8032 0.0 -1.0
vtan -0.8577 0.5141 0.0 1.0
vtan -0.741 0.6716 0.0 1.0
vtan -0.5957 0.8032 0.0 1.0
vtan -0.4276 0.904 0.0 1.0
vtan -0.9866 0.1629 0.0003 1.0
vtan -0.9415 0.3369 -0.0 1.0
vtan 0.9971 0.0698 -0.0289 -1.0
vtan 0.0491 0.9988 0.0 -1.0
vtan 0.0484 0.9988 0.0017 -1.0
vtan 0.0491 0.9988 0.0 -1.0
vtan -0.0491 0.9988 0.0 1.0
vtan -0.0491 0.9988 0.0 1.0
vtan -0.0483 0.9988 0.0 1.0
vtan -0.9971 0.0698 -0.0289 1.0
vtan 0.0496 0.9977 -0.0455 -1.0
vtan -0.0438 0.9986 -0.0302 1.0
vtan 0.0491 0.9988 0.0 -1.0
vtan 0.1144 0.9934 -0.0001 -1.0
vtan 0.1145 0.9934 0.0002 -1.0
vtan 0.0491 0.9988 0.0 -1.0
vtan 0.9982 0.0431 0.0409 -1.0
vtan 0.9866 0.1629 0.0 -1.0
vtan 0.9866 0.1632 -0.0003 -1.0
vtan 0.9982 0.0431 -0.0409 -1.0
vtan 0.9982 0.0431 0.0409 -1.0
vtan 0.9984 0.0389 -0.0409 -1.0
vtan 0.9867 0.1623 0.0006 -1.0
vtan 0.9865 0.1635 0.0006 -1.0
vtan 0.9971 0.0718 -0.0268 -1.0
vtan 0.9866 0.1629 -0.0002 -1.0
vtan 0.9867 0.1626 -0.0003 -1.0
vtan 0.9984 0.0389 0.0409 -1.0
vtan 0.9866 0.1629 0.0 -1.0
vtan 0.9984 0.0389 -0.0409 -1.0
vtan -0.1145 0.9934 0.0002 1.0
vtan -0.114 0.9935 -0.0003 1.0
vtan -0.0491 0.9988 0.0 1.0
vtan -0.0491 0.9988 -0.0 1.0
vtan -0.9866 0.1632 -0.0003 1.0
vtan -0.9866 0.1629 0.0 1.0
vtan -0.9982 0.0431 0.0409 1.0
vtan -0.9982 0.0431 -0.0409 1.0
vtan -0.9982 0.0431 0.0409 1.0
vtan -0.9865 0.1635 0.0006 1.0
vtan -0.9867 0.1623 0.0006 1.0
vtan -0.9984 0.0389 -0.0409 1.0
vtan -0.9867 0.1626 -0.0003 1.0
vtan -0.9866 0.1629 -0.0002 1.0
vtan -0.9971 0.0718 -0.0268 1.0
vtan -0.9984 0.0389 0.0409 1.0
vtan -0.9866 0.1629 -0.0 1.0
vtan -0.9984 0.0389 -0.0409 1.0
vtan 0.741 0.6716 0.0 -1.0
vtan 0.5957 0.8032 0.0 -1.0
vtan 0.5957 0.8032 0.0 -1.0
vtan 0.741 0.6716 0.0 -1.0
vtan 0.741 0.6716 -0.0 -1.0
vtan 0.5957 0.8032 -0.0 -1.0
vtan 0.5957 0.8032 -0.0 -1.0
vtan 0.741 0.6716 -0.0 -1.0
vtan 0.7409 0.6716 0.0 -1.0
vtan 0.5957 0.8032 0.0 -1.0
vtan 0.5957 0.8032 0.0 -1.0
vtan 0.7409 0.6716 0.0 -1.0
vtan 0.5957 0.8032 0.0 -1.0
vtan 0.741 0.6716 0.0 -1.0
vtan 0.9415 0.3369 0.0 -1.0
vtan 0.8577 0.5141 0.0 -1.0
vtan 0.8577 0.5141 0.0 -1.0
vtan 0.9415 0.3369 0.0 -1.0
vtan 0.9415 0.3369 -0.0 -1.0
vtan 0.8577 0.5141 -0.0 -1.0
vtan 0.8577 0.5141 -0.0 -1.0
vtan 0.9415 0.3369 -0.0 -1.0
vtan 0.9415 0.3369 0.0 -1.0
vtan 0.8577 0.5141 0.0 -1.0
vtan 0.8577 0.5141 0.0 -1.0
vtan 0.9415 0.3369 0.0 -1.0
vtan 0.8577 0.5141 0.0 -1.0
vtan 0.9415 0.3369 0.0 -1.0
vtan 0.4276 0.904 0.0 -1.0
vtan 0.2588 0.9659 0.0 -1.0
vtan 0.2591 0.9658 0.0003 -1.0
vtan 0.4276 0.904 0.0 -1.0
vtan 0.3359 0.9255 -0.175 -1.0
vtan 0.2635 0.9646 0.0 -1.0
vtan 0.2593 0.9658 -0.0005 -1.0
vtan 0.4276 0.904 -0.0 -1.0
vtan 0.4276 0.904 0.0 -1.0
vtan 0.2592 0.9658 0.0003 -1.0
vtan 0.276 0.9611 -0.0 -1.0
vtan 0.3448 0.9223 0.1744 -1.0
vtan 0.4276 0.904 0.0 -1.0
vtan 0.4276 0.904 0.0 -1.0
vtan 0.3422 0.9233 -0.1746 -1.0
vtan 0.4276 0.904 0.0 -1.0
vtan -0.741 0.6716 -0.0 1.0
vtan -0.5957 0.8032 -0.0 1.0
vtan -0.5957 0.8032 -0.0 1.0
vtan -0.741 0.6716 -0.0 1.0
vtan -0.5957 0.8032 -0.0 1.0
vtan -0.5957 0.8032 -0.0 1.0
vtan -0.741 0.6716 0.0 1.0
vtan -0.741 0.6716 -0.0 1.0
vtan -0.741 0.6716 -0.0 1.0
vtan -0.5957 0.8032 -0.0 1.0
vtan -0.5957 0.8032 0.0 1.0
vtan -0.741 0.6716 0.0 1.0
vtan -0.741 0.6716 -0.0 1.0
vtan -0.5957 0.8032 -0.0 1.0
vtan -0.4276 0.904 -0.0 1.0
vtan -0.2591 0.9658 0.0003 1.0
vtan -0.2588 0.9659 -0.0 1.0
vtan -0.4276 0.904 -0.0 1.0
vtan -0.2593 0.9658 -0.0005 1.0
vtan -0.2689 0.9632 -0.0 1.0
vtan -0.3404 0.9239 -0.1747 1.0
vtan -0.4276 0.904 -0.0 1.0
vtan -0.4276 0.904 -0.0 1.0
vtan -0.341 0.9237 0.1747 1.0
vtan -0.2702 0.9626 -0.0203 1.0
vtan -0.2611 0.9652 -0.0155 1.0
vtan -0.4276 0.904 -0.0 1.0
vtan -0.4276 0.904 0.0 1.0
vtan -0.4276 0.904 -0.0 1.0
vtan -0.3422 0.9233 -0.1746 1.0
vtan -0.9415 0.3369 -0.0 1.0
vtan -0.8577 0.5141 -0.0 1.0
vtan -0.8577 0.5141 -0.0 1.0
vtan -0.9415 0.3369 -0.0 1.0
vtan -0.8577 0.5141 -0.0 1.0
vtan -0.8577 0.5141 -0.0 1.0
vtan -0.9415 0.3369 -0.0 1.0
vtan -0.9415 0.3369 -0.0 1.0
vtan -0.9415 0.3369 -0.0 1.0
vtan -0.8577 0.5141 -0.0 1.0
vtan -0.8577 0.5141 -0.0 1.0
vtan -0.9415 0.3369 -0.0 1.0
vtan -0.9415 0.3369 -0.0 1.0
vtan -0.8577 0.5141 -0.0 1.0
vtan 0.1143 0.9934 0.0 -1.0
vtan 0.1183 0.993 0.0 -1.0
vtan 0.1146 0.9934 -0.0003 -1.0
vtan -0.1143 0.9934 0.0 1.0
vtan -0.1147 0.9934 -0.0004 1.0
vtan -0.1183 0.993 0.0 1.0
vtan -0.1227 0.9869 -0.1043 1.0
vtan 0.2588 0.9659 -0.0003 -1.0
vtan 0.1227 0.9877 -0.0973 -1.0
vtan -0.2587 0.9659 -0.0003 1.0
vtan 0.741 0.6716 -0.0 -1.0
vtan 0.8577 0.5141 -0.0 -1.0
vtan 0.9415 0.3369 -0.0 -1.0
vtan 0.9866 0.1629 0.0003 -1.0
vtan 0.4276 0.904 -0.0 -1.0
vtan 0.5957 0.8032 0.0 -1.0
vtan -0.8577 0.5141 0.0 1.0
vtan -0.741 0.6716 0.0 1.0
vtan -0.5957 0.8032 0.0 1.0
vtan -0.4276 0.904 0.0 1.0
vtan -0.9866 0.1629 0.0003 1.0
vtan -0.9415 0.3369 0.0 1.0
vtan 0.9971 0.0698 -0.0289 -1.0
vtan 0.0491 0.9988 0.0 -1.0
vtan 0.0484 0.9988 0.0 -1.0
vtan 0.0491 0.9988 0.0 -1.0
vtan -0.0491 0.9988 0.0 1.0
vtan -0.0491 0.9988 0.0 1.0
vtan -0.0487 0.9988 0.0 1.0
vtan -0.9971 0.0698 -0.0289 1.0
vtan 0.0494 0.9978 -0.0449 -1.0
vtan -0.0488 0.9978 -0.0457 1.0
vtan -0.1145 0.9934 0.0002 1.0
vtan -0.1144 0.9934 -0.0002 1.0
vtan -0.049 0.9988 0.0001 1.0
vtan -0.0491 0.9988 -0.0 1.0
vtan -0.9866 0.1632 -0.0003 1.0
vtan -0.9866 0.1629 0.0 1.0
vtan -0.9982 0.0431 0.0409 1.0
vtan -0.9982 0.0431 -0.0409 1.0
vtan -0.9982 0.0431 0.0409 1.0
vtan -0.9865 0.1635 0.0006 1.0
vtan -0.9867 0.1623 0.0006 1.0
vtan -0.9984 0.0389 -0.0409 1.0
vtan -0.9867 0.1626 -0.0003 1.0
vtan -0.9866 0.1629 -0.0002 1.0
vtan -0.9971 0.0718 -0.0268 1.0
vtan -0.9984 0.0389 0.0409 1.0
vtan -0.9866 0.1629 0.0 1.0
vtan -0.9984 0.0389 -0.0409 1.0
vtan 0.0491 0.9988 0.0 -1.0
vtan 0.114 0.9935 -0.0003 -1.0
vtan 0.1145 0.9934 0.0002 -1.0
vtan 0.0491 0.9988 -0.0 -1.0
vtan 0.9982 0.0431 0.0409 -1.0
vtan 0.9866 0.1629 0.0 -1.0
vtan 0.9866 0.1632 -0.0003 -1.0
vtan 0.9982 0.0431 -0.0409 -1.0
vtan 0.9982 0.0431 0.0409 -1.0
vtan 0.9984 0.0389 -0.0409 -1.0
vtan 0.9867 0.1623 0.0006 -1.0
vtan 0.9865 0.1635 0.0006 -1.0
vtan 0.9971 0.0718 -0.0268 -1.0
vtan 0.9866 0.1629 -0.0002 -1.0
vtan 0.9867 0.1626 -0.0003 -1.0
vtan 0.9984 0.0389 0.0409 -1.0
vtan 0.9866 0.1629 -0.0 -1.0
vtan 0.9984 0.0389 -0.0409 -1.0
vtan -0.5957 0.8032 0.0 1.0
vtan -0.5957 0.8032 0.0 1.0
vtan -0.741 0.6716 0.0 1.0
vtan -0.741 0.6716 0.0 1.0
vtan -0.5957 0.8032 -0.0 1.0
vtan -0.5957 0.8032 -0.0 1.0
vtan -0.741 0.6716 -0.0 1.0
vtan -0.741 0.6716 0.0 1.0
vtan -0.5957 0.8032 0.0 1.0
vtan -0.5957 0.8032 0.0 1.0
vtan -0.741 0.6716 0.0 1.0
vtan -0.741 0.6716 0.0 1.0
vtan -0.5957 0.8032 0.0 1.0
vtan -0.741 0.6716 0.0 1.0
vtan -0.8577 0.5141 -0.0 1.0
vtan -0.8577 0.5141 0.0 1.0
vtan -0.9415 0.3369 0.0 1.0
vtan -0.9415 0.3369 0.0 1.0
vtan -0.8577 0.5141 -0.0 1.0
vtan -0.8577 0.5141 -0.0 1.0
vtan -0.9415 0.3369 -0.0 1.0
vtan -0.9415 0.3369 -0.0 1.0
vtan -0.8577 0.5141 0.0 1.0
vtan -0.8577 0.5141 0.0 1.0
vtan -0.9415 0.3369 0.0 1.0
vtan -0.9415 0.3369 0.0 1.0
vtan -0.8577 0.5141 0.0 1.0
vtan -0.9415 0.3369 0.0 1.0
vtan -0.2591 0.9658 0.0003 1.0
vtan -0.2588 0.9659 0.0 1.0
vtan -0.4276 0.904 0.0 1.0
vtan -0.4276 0.904 0.0 1.0
vtan -0.2594 0.9658 -0.0005 1.0
vtan -0.2635 0.9646 0.0 1.0
vtan -0.3326 0.9431 -0.0037 1.0
vtan -0.4278 0.9039 -0.0003 1.0
vtan -0.4276 0.904 -0.0 1.0
vtan -0.5186 0.8391 -0.1644 1.0
vtan -0.9349 0.1156 0.3356 1.0
vtan -0.4237 0.9058 -0.0074 1.0
vtan -0.4264 0.9046 -0.0019 1.0
vtan 0.5957 0.8032 -0.0 -1.0
vtan 0.5957 0.8032 0.0 -1.0
vtan 0.7409 0.6716 -0.0 -1.0
vtan 0.741 0.6716 -0.0 -1.0
vtan 0.5957 0.8032 0.0 -1.0
vtan 0.5957 0.8032 0.0 -1.0
vtan 0.7409 0.6716 0.0 -1.0
vtan 0.741 0.6716 -0.0 -1.0
vtan 0.5957 0.8032 0.0 -1.0
vtan 0.5957 0.8032 -0.0 -1.0
vtan 0.741 0.6716 -0.0 -1.0
vtan 0.741 0.6716 -0.0 -1.0
vtan 0.5957 0.8032 -0.0 -1.0
vtan 0.741 0.6716 -0.0 -1.0
vtan 0.2588 0.9659 0.0 -1.0
vtan 0.2591 0.9658 0.0003 -1.0
vtan 0.4276 0.904 -0.0 -1.0
vtan 0.4276 0.904 -0.0 -1.0
vtan 0.3404 0.9239 -0.1747 -1.0
vtan 0.2689 0.9632 0.0 -1.0
vtan 0.2593 0.9658 -0.0005 -1.0
vtan 0.4276 0.904 0.0 -1.0
vtan 0.4276 0.904 0.0 -1.0
vtan 0.2611 0.9652 -0.0154 -1.0
vtan 0.2702 0.9626 -0.0203 -1.0
vtan 0.341 0.9237 0.1747 -1.0
vtan 0.4276 0.904 -0.0 -1.0
vtan 0.4276 0.904 -0.0 -1.0
vtan 0.3422 0.9233 -0.1746 -1.0
vtan 0.4276 0.904 -0.0 -1.0
vtan 0.8577 0.5141 -0.0 -1.0
vtan 0.8577 0.5141 -0.0 -1.0
vtan 0.9415 0.3369 -0.0 -1.0
vtan 0.9415 0.3369 -0.0 -1.0
vtan 0.8577 0.5141 -0.0 -1.0
vtan 0.8577 0.5141 0.0 -1.0
vtan 0.9415 0.3369 0.0 -1.0
vtan 0.9415 0.3369 0.0 -1.0
vtan 0.8577 0.5141 -0.0 -1.0
vtan 0.8577 0.5141 -0.0 -1.0
vtan 0.9415 0.3369 -0.0 -1.0
vtan 0.9415 0.3369 -0.0 -1.0
vtan 0.8577 0.5141 -0.0 -1.0
vtan 0.9415 0.3369 -0.0 -1.0
vtan -0.4232 0.906 -0.0064 1.0
vtan -0.1143 0.9934 -0.0 1.0
vtan -0.1146 0.9934 -0.0003 1.0
vtan -0.1183 0.993 0.0 1.0
vtan 0.1143 0.9934 -0.0 -1.0
vtan 0.1183 0.993 0.0 -1.0
vtan 0.1147 0.9934 -0.0004 -1.0
vtan 0.1227 0.9869 -0.1043 -1.0
vtan -0.2598 0.9657 -0.0012 1.0
vtan -0.1983 0.9799 -0.0215 1.0
vtan -0.1278 0.9918 -0.0089 1.0
vtan 0.2587 0.9659 -0.0003 -1.0
vtan -0.8577 0.5141 -0.0 1.0
vtan -0.741 0.6716 0.0 1.0
vtan -0.9866 0.1629 0.0003 1.0
vtan -0.9415 0.3369 -0.0 1.0
vtan -0.5957 0.8032 0.0 1.0
vtan -0.426 0.9047 -0.0005 1.0
vtan 0.8577 0.5141 0.0 -1.0
vtan 0.741 0.6716 0.0 -1.0
vtan 0.5957 0.8032 0.0 -1.0
vtan 0.4276 0.904 0.0 -1.0
vtan 0.9866 0.1629 0.0003 -1.0
vtan 0.9415 0.3369 0.0 -1.0
vtan -0.3527 0.9335 0.0644 1.0
vtan -0.289 0.9573 0.0046 1.0
vtan -0.9971 0.0698 -0.0289 1.0
vtan -0.0491 0.9988 -0.0 1.0
vtan -0.0491 0.9988 -0.0 1.0
vtan -0.0484 0.9988 0.0 1.0
vtan 0.0491 0.9988 -0.0 -1.0
vtan 0.0487 0.9988 0.0 -1.0
vtan 0.0491 0.9988 -0.0 -1.0
vtan 0.9971 0.0698 -0.0289 -1.0
vtan -0.0527 0.9986 -0.0041 1.0
vtan 0.0488 0.9978 -0.0457 -1.0
vtan 0.0 -0.0965 0.9953 1.0
vtan 0.0 -0.0967 0.9953 1.0
vtan 0.0231 -0.0225 0.9995 1.0
vtan 0.0231 -0.0238 0.9995 1.0
vtan -0.0 -0.0967 0.9953 1.0
vtan 0.0162 -0.0066 0.9998 1.0
vtan -0.0 -0.0967 0.9953 1.0
vtan 0.0164 -0.0396 0.9991 1.0
vtan -0.0 -0.6344 0.773 1.0
vtan 0.0 -0.6344 0.773 1.0
vtan -0.0 -0.7071 0.7071 1.0
vtan -0.0 -0.7071 0.7071 1.0
vtan 0.0 -0.6344 0.773 1.0
vtan -0.0 -0.7071 0.7071 1.0
vtan 0.0 -0.6344 0.773 1.0
vtan 0.0 -0.6344 0.773 1.0
vtan 0.0 -0.7071 0.7071 1.0
vtan 0.0 -0.7071 0.7071 1.0
vtan 0.0 -0.6344 0.773 1.0
vtan 0.0 -0.7071 0.7071 1.0
vtan 0.0 -0.773 0.6344 1.0
vtan 0.0 -0.773 0.6344 1.0
vtan -0.0 -0.7071 0.7071 1.0
vtan 0.0 -0.773 0.6344 1.0
vtan -0.0 -0.7071 0.7071 1.0
vtan 0.0 -0.773 0.6344 1.0
vtan 0.0009 -0.9199 0.3923 1.0
vtan -0.0006 -0.9198 0.3925 1.0
vtan -0.0006 -0.9741 0.2262 1.0
vtan 0.0009 -0.9742 0.2259 1.0
vtan -0.0016 -0.9125 0.409 1.0
vtan -0.0015 -0.9676 0.2523 1.0
vtan 0.0021 -0.9685 0.2489 1.0
vtan -0.0024 -0.9123 0.4096 1.0
vtan 0.073 -0.8867 0.4565 1.0
vtan 0.0096 -0.9682 0.2501 1.0
vtan 0.0 -0.4714 0.8819 1.0
vtan 0.0 -0.4714 0.8819 1.0
vtan -0.0 -0.3827 0.9239 1.0
vtan 0.0 -0.3827 0.9239 1.0
vtan 0.0 -0.4714 0.8819 1.0
vtan 0.0 -0.3827 0.9239 1.0
vtan -0.0 -0.4714 0.8819 1.0
vtan 0.0 -0.3827 0.9239 1.0
vtan 0.0 -0.2903 0.9569 1.0
vtan 0.0 -0.2903 0.9569 1.0
vtan 0.0 -0.3827 0.9239 1.0
vtan 0.0 -0.2903 0.9569 1.0
vtan -0.0 -0.3827 0.9239 1.0
vtan 0.0 -0.2903 0.9569 1.0
vtan 0.0 -0.2903 0.9569 1.0
vtan 0.0 -0.3827 0.9239 1.0
vtan 0.0 -0.2903 0.9569 1.0
vtan 0.0 -0.3827 0.9239 1.0
vtan 0.0016 -0.9947 0.1025 1.0
vtan -0.001 -0.993 0.1185 1.0
vtan -0.0011 -0.9702 0.2424 1.0
vtan -0.0043 -0.9937 0.112 1.0
vtan 0.005 -0.9735 0.2287 1.0
vtan -0.0086 -0.9923 0.1236 1.0
vtan 0.0253 -0.9839 0.1769 1.0
vtan 0.0 -0.9989 0.0469 1.0
vtan -0.0 -0.9989 0.0469 1.0
vtan 0.0006 -0.9989 0.0475 1.0
vtan -0.0005 -0.9989 0.0475 1.0
vtan 0.0013 -0.9982 0.0599 1.0
vtan -0.0 -0.9981 0.0612 1.0
vtan -0.0 -0.9981 0.0612 1.0
vtan 0.0 -0.9981 0.0612 1.0
vtan 0.0 -0.9981 0.0612 1.0
vtan -0.0 -0.9981 0.0612 1.0
vtan 0.0 -0.2903 0.9569 1.0
vtan -0.0 -0.1951 0.9808 1.0
vtan 0.0 -0.1951 0.9808 1.0
vtan 0.0 -0.2903 0.9569 1.0
vtan -0.0 -0.1951 0.9808 1.0
vtan 0.0 -0.1951 0.9808 1.0
vtan 0.0 -0.4714 0.8819 1.0
vtan 0.0 -0.5556 0.8315 1.0
vtan 0.0 -0.5556 0.8315 1.0
vtan 0.0 -0.4714 0.8819 1.0
vtan 0.0 -0.5556 0.8315 1.0
vtan -0.0 -0.4714 0.8819 1.0
vtan -0.0 -0.5556 0.8315 1.0
vtan -0.0 -0.5556 0.8315 1.0
vtan 0.0 -0.4714 0.8819 1.0
vtan 0.0 -0.5556 0.8315 1.0
vtan -0.0 -0.839 0.5441 1.0
vtan -0.0017 -0.9157 0.4018 1.0
vtan -0.0002 -0.8383 0.5453 1.0
vtan -0.0006 -0.9189 0.3946 1.0
vtan -0.0 -0.8384 0.5451 1.0
vtan 0.0049 -0.9219 0.3874 1.0
vtan 0.0001 -0.838 0.5456 1.0
vtan -0.0 -0.773 0.6344 1.0
vtan 0.0001 -0.839 0.5441 1.0
vtan 0.0 -0.773 0.6344 1.0
vtan -0.0017 -0.8385 0.5449 1.0
vtan 0.0 -0.773 0.6344 1.0
vtan 0.0092 -0.839 0.5441 1.0
vtan 0.0 -0.773 0.6344 1.0
vtan 0.0044 -0.8416 0.54 1.0
vtan 0.0 -0.6344 0.773 1.0
vtan 0.0 -0.5556 0.8315 1.0
vtan 0.0 -0.6344 0.773 1.0
vtan 0.0 -0.5556 0.8315 1.0
vtan 0.0 -0.0965 0.9953 1.0
vtan 0.0 -0.1951 0.9808 1.0
vtan -0.0 -0.0967 0.9953 1.0
vtan 0.0 -0.1951 0.9808 1.0
vtan -0.0 -0.0968 0.9953 1.0
vtan 0.0 -0.1951 0.9808 1.0
vtan 0.0 -0.0967 0.9953 1.0
vtan 0.0 -0.1951 0.9808 1.0
vtan 0.2928 0.1429 0.9454 1.0
vtan 0.1314 -0.8219 0.5542 1.0
vtan 0.0007 -0.9984 0.056 1.0
vtan -0.0003 -0.9987 0.0512 1.0
vtan 0.0007 -0.999 0.0447 1.0
vtan -0.0016 -0.9947 0.1026 1.0
vtan -0.0017 -0.9919 0.1269 1.0
vtan -0.0039 -0.9916 0.1289 1.0
vtan -0.0184 -0.993 0.1163 1.0
vtan 0.0044 -0.9655 0.2605 1.0
vtan -0.0231 -0.0238 0.9994 1.0
vtan 0.0233 -0.0226 0.9995 1.0
vtan -0.0232 -0.0226 0.9995 1.0
vtan 0.0233 -0.0226 0.9995 1.0
vtan -0.0193 -0.9573 0.2884 1.0
vtan -0.0 -0.9984 0.0567 1.0
vtan -0.0026 -0.9988 0.0485 1.0
vtan 0.0058 -0.9994 0.0329 1.0
vtan -0.3424 0.9395 0.0021 1.0
vtan -0.4886 0.8519 -0.1885 1.0
vtan -0.0245 -0.0238 0.9994 -1.0
vtan -0.0171 -0.0069 0.9998 -1.0
vtan 0.1145 0.9934 -0.0002 1.0
vtan 0.1144 0.9934 0.0002 1.0
vtan 0.0491 0.9988 0.0 1.0
vtan 0.0491 0.9988 -0.0 1.0
vtan 0.9866 0.1632 0.0003 1.0
vtan 0.9866 0.1629 -0.0 1.0
vtan 0.9982 0.0431 -0.0409 1.0
vtan 0.9982 0.0431 0.0409 1.0
vtan 0.9982 0.0431 -0.0409 1.0
vtan 0.9865 0.1635 -0.0006 1.0
vtan 0.9867 0.1623 -0.0006 1.0
vtan 0.9984 0.0389 0.0409 1.0
vtan 0.9867 0.1626 0.0003 1.0
vtan 0.9866 0.1629 0.0002 1.0
vtan 0.9971 0.0718 0.0268 1.0
vtan 0.9984 0.0389 -0.0409 1.0
vtan 0.9866 0.1629 -0.0 1.0
vtan 0.9984 0.0389 0.0409 1.0
vtan -0.0491 0.9988 0.0 -1.0
vtan -0.114 0.9935 0.0003 -1.0
vtan -0.1145 0.9934 -0.0002 -1.0
vtan -0.0491 0.9988 -0.0 -1.0
vtan -0.9982 0.0431 -0.0409 -1.0
vtan -0.9866 0.1629 0.0 -1.0
vtan -0.9866 0.1632 0.0003 -1.0
vtan -0.9982 0.0431 0.0409 -1.0
vtan -0.9982 0.0431 -0.0409 -1.0
vtan -0.9984 0.0389 0.0409 -1.0
vtan -0.9867 0.1623 -0.0006 -1.0
vtan -0.9865 0.1635 -0.0006 -1.0
vtan -0.9971 0.0718 0.0268 -1.0
vtan -0.9866 0.1629 0.0002 -1.0
vtan -0.9867 0.1626 0.0003 -1.0
vtan -0.9984 0.0389 -0.0409 -1.0
vtan -0.9866 0.1629 -0.0 -1.0
vtan -0.9984 0.0389 0.0409 -1.0
vtan 0.5957 0.8032 0.0 1.0
vtan 0.5957 0.8032 -0.0 1.0
vtan 0.741 0.6716 -0.0 1.0
vtan 0.741 0.6716 -0.0 1.0
vtan 0.5957 0.8032 0.0 1.0
vtan 0.5957 0.8032 -0.0 1.0
vtan 0.741 0.6716 0.0 1.0
vtan 0.741 0.6716 0.0 1.0
vtan 0.5957 0.8032 -0.0 1.0
vtan 0.5957 0.8032 -0.0 1.0
vtan 0.7409 0.6716 0.0 1.0
vtan 0.741 0.6716 -0.0 1.0
vtan 0.5957 0.8032 -0.0 1.0
vtan 0.741 0.6716 -0.0 1.0
vtan 0.8577 0.5141 0.0 1.0
vtan 0.8577 0.5141 -0.0 1.0
vtan 0.9415 0.3369 -0.0 1.0
vtan 0.9415 0.3369 -0.0 1.0
vtan 0.8577 0.5141 0.0 1.0
vtan 0.8577 0.5141 0.0 1.0
vtan 0.9415 0.3369 0.0 1.0
vtan 0.9415 0.3369 0.0 1.0
vtan 0.8577 0.5141 -0.0 1.0
vtan 0.8577 0.5141 -0.0 1.0
vtan 0.9415 0.3369 -0.0 1.0
vtan 0.9415 0.3369 -0.0 1.0
vtan 0.8577 0.5141 -0.0 1.0
vtan 0.9415 0.3369 -0.0 1.0
vtan 0.2591 0.9658 -0.0003 1.0
vtan 0.2588 0.9659 -0.0 1.0
vtan 0.4276 0.904 0.0 1.0
vtan 0.4276 0.904 -0.0 1.0
vtan 0.2593 0.9658 0.0005 1.0
vtan 0.2635 0.9646 0.0 1.0
vtan 0.3327 0.943 0.004 1.0
vtan 0.4277 0.9039 0.0002 1.0
vtan 0.4276 0.904 0.0 1.0
vtan 0.5186 0.8391 0.1644 1.0
vtan 0.9349 0.1156 -0.3357 1.0
vtan 0.4237 0.9058 0.0074 1.0
vtan 0.4263 0.9046 0.0018 1.0
vtan -0.5957 0.8032 0.0 -1.0
vtan -0.5957 0.8032 0.0 -1.0
vtan -0.7409 0.6716 0.0 -1.0
vtan -0.741 0.6716 0.0 -1.0
vtan -0.5957 0.8032 -0.0 -1.0
vtan -0.5957 0.8032 -0.0 -1.0
vtan -0.7409 0.6716 -0.0 -1.0
vtan -0.741 0.6716 -0.0 -1.0
vtan -0.5957 0.8032 0.0 -1.0
vtan -0.5957 0.8032 0.0 -1.0
vtan -0.741 0.6716 0.0 -1.0
vtan -0.741 0.6716 0.0 -1.0
vtan -0.5957 0.8032 0.0 -1.0
vtan -0.7409 0.6716 0.0 -1.0
vtan -0.2575 0.9663 0.0012 -1.0
vtan -0.2591 0.9658 -0.0003 -1.0
vtan -0.4276 0.904 0.0 -1.0
vtan -0.4221 0.9065 0.0058 -1.0
vtan -0.5376 0.8287 0.1559 -1.0
vtan -0.555 0.8318 0.0081 -1.0
vtan -0.2676 0.9634 0.0116 -1.0
vtan -0.4215 0.9068 0.0051 -1.0
vtan -0.4086 0.9126 0.0177 -1.0
vtan -0.2965 0.9544 0.0338 -1.0
vtan -0.5915 0.801 0.0921 -1.0
vtan -0.4494 0.8867 -0.1085 -1.0
vtan -0.4169 0.9089 0.012 -1.0
vtan -0.4276 0.904 0.0 -1.0
vtan -0.2961 0.9398 0.1706 -1.0
vtan -0.4063 0.9135 0.0204 -1.0
vtan -0.8577 0.5141 0.0 -1.0
vtan -0.8577 0.5141 0.0 -1.0
vtan -0.9415 0.3369 0.0 -1.0
vtan -0.9415 0.3369 0.0 -1.0
vtan -0.8577 0.5141 -0.0 -1.0
vtan -0.8577 0.5141 -0.0 -1.0
vtan -0.9415 0.3369 -0.0 -1.0
vtan -0.9415 0.3369 -0.0 -1.0
vtan -0.8577 0.5141 0.0 -1.0
vtan -0.8577 0.5141 0.0 -1.0
vtan -0.9415 0.3369 0.0 -1.0
vtan -0.9415 0.3369 0.0 -1.0
vtan -0.8577 0.5141 0.0 -1.0
vtan -0.9415 0.3369 0.0 -1.0
vtan 0.4232 0.906 0.0064 1.0
vtan 0.1143 0.9934 0.0 1.0
vtan 0.1146 0.9934 0.0003 1.0
vtan 0.1183 0.993 0.0 1.0
vtan -0.1129 0.9936 0.0013 -1.0
vtan -0.1177 0.993 0.0019 -1.0
vtan -0.1135 0.9935 0.0019 -1.0
vtan -0.1226 0.9874 0.0998 -1.0
vtan 0.2598 0.9657 0.0012 1.0
vtan 0.1983 0.9799 0.0216 1.0
vtan 0.1278 0.9918 0.0089 1.0
vtan -0.2587 0.9659 0.0003 -1.0
vtan 0.8577 0.5141 -0.0 1.0
vtan 0.741 0.6716 0.0 1.0
vtan 0.9866 0.1629 -0.0003 1.0
vtan 0.9415 0.3369 -0.0 1.0
vtan 0.5957 0.8032 0.0 1.0
vtan 0.426 0.9047 0.0006 1.0
vtan -0.8577 0.5141 -0.0 -1.0
vtan -0.741 0.6716 -0.0 -1.0
vtan -0.5957 0.8032 -0.0 -1.0
vtan -0.4276 0.904 -0.0 -1.0
vtan -0.9866 0.1629 -0.0003 -1.0
vtan -0.9415 0.3369 -0.0 -1.0
vtan 0.3527 0.9335 -0.0644 1.0
vtan 0.289 0.9573 -0.0046 1.0
vtan 0.9971 0.0698 0.0289 1.0
vtan 0.0491 0.9988 0.0 1.0
vtan 0.0491 0.9988 0.0 1.0
vtan 0.0484 0.9988 0.0 1.0
vtan -0.0486 0.9988 0.0005 -1.0
vtan -0.0484 0.9988 0.0008 -1.0
vtan -0.0486 0.9988 0.0005 -1.0
vtan -0.9971 0.0698 0.0289 -1.0
vtan 0.0526 0.9986 0.004 1.0
vtan -0.0486 0.9978 0.0457 -1.0
vtan -0.0 -0.6344 -0.773 1.0
vtan -0.0 -0.6344 -0.773 1.0
vtan -0.0 -0.7071 -0.7071 1.0
vtan -0.0 -0.7071 -0.7071 1.0
vtan 0.0 -0.6344 -0.773 1.0
vtan -0.0 -0.7071 -0.7071 1.0
vtan -0.0 -0.6344 -0.773 1.0
vtan 0.0 -0.6344 -0.773 1.0
vtan 0.0 -0.7071 -0.7071 1.0
vtan -0.0 -0.7071 -0.7071 1.0
vtan 0.0 -0.6344 -0.773 1.0
vtan -0.0 -0.7071 -0.7071 1.0
vtan -0.0 -0.773 -0.6344 1.0
vtan -0.0 -0.773 -0.6344 1.0
vtan -0.0 -0.7071 -0.7071 1.0
vtan -0.0 -0.773 -0.6344 1.0
vtan -0.0 -0.7071 -0.7071 1.0
vtan 0.0 -0.773 -0.6344 1.0
vtan -0.0009 -0.9199 -0.3923 1.0
vtan 0.0006 -0.9198 -0.3925 1.0
vtan 0.0006 -0.9741 -0.2262 1.0
vtan -0.0009 -0.9742 -0.2259 1.0
vtan 0.0016 -0.9125 -0.409 1.0
vtan 0.0015 -0.9676 -0.2523 1.0
vtan -0.0021 -0.9685 -0.2489 1.0
vtan 0.0024 -0.9123 -0.4096 1.0
vtan -0.073 -0.8867 -0.4565 1.0
vtan -0.0096 -0.9682 -0.2501 1.0
vtan 0.0 -0.4714 -0.8819 1.0
vtan -0.0 -0.4714 -0.8819 1.0
vtan 0.0 -0.3827 -0.9239 1.0
vtan -0.0 -0.3827 -0.9239 1.0
vtan -0.0 -0.4714 -0.8819 1.0
vtan -0.0 -0.3827 -0.9239 1.0
vtan 0.0 -0.4714 -0.8819 1.0
vtan -0.0 -0.3827 -0.9239 1.0
vtan 0.0 -0.2903 -0.9569 1.0
vtan 0.0 -0.2903 -0.9569 1.0
vtan 0.0 -0.3827 -0.9239 1.0
vtan -0.0 -0.2903 -0.9569 1.0
vtan 0.0 -0.3827 -0.9239 1.0
vtan -0.0 -0.2903 -0.9569 1.0
vtan -0.0 -0.2903 -0.9569 1.0
vtan -0.0 -0.3827 -0.9239 1.0
vtan -0.0 -0.2903 -0.9569 1.0
vtan 0.0 -0.3827 -0.9239 1.0
vtan -0.0016 -0.9947 -0.1025 1.0
vtan 0.001 -0.993 -0.1185 1.0
vtan 0.0011 -0.9702 -0.2424 1.0
vtan 0.0044 -0.9937 -0.1119 1.0
vtan -0.005 -0.9735 -0.2287 1.0
vtan 0.0086 -0.9923 -0.1236 1.0
vtan -0.0253 -0.9839 -0.1769 1.0
vtan 0.0 -0.9989 -0.0469 1.0
vtan 0.0 -0.9989 -0.0469 1.0
vtan -0.0006 -0.9989 -0.0475 1.0
vtan 0.0006 -0.9989 -0.0474 1.0
vtan -0.0013 -0.9982 -0.0599 1.0
vtan -0.0 -0.9981 -0.0612 1.0
vtan -0.0 -0.9981 -0.0612 1.0
vtan 0.0 -0.9981 -0.0612 1.0
vtan 0.0 -0.9981 -0.0612 1.0
vtan -0.0 -0.9981 -0.0612 1.0
vtan -0.0 -0.2903 -0.9569 1.0
vtan 0.0 -0.1951 -0.9808 1.0
vtan 0.0 -0.1951 -0.9808 1.0
vtan -0.0 -0.2903 -0.9569 1.0
vtan 0.0 -0.1951 -0.9808 1.0
vtan 0.0 -0.1951 -0.9808 1.0
vtan -0.0 -0.4714 -0.8819 1.0
vtan 0.0 -0.5556 -0.8315 1.0
vtan -0.0 -0.5556 -0.8315 1.0
vtan -0.0 -0.4714 -0.8819 1.0
vtan 0.0 -0.5556 -0.8315 1.0
vtan 0.0 -0.4714 -0.8819 1.0
vtan 0.0 -0.5556 -0.8315 1.0
vtan -0.0 -0.5556 -0.8315 1.0
vtan -0.0 -0.4714 -0.8819 1.0
vtan 0.0 -0.5556 -0.8315 1.0
vtan 0.0 -0.839 -0.5441 1.0
vtan 0.0017 -0.9157 -0.4018 1.0
vtan 0.0002 -0.8383 -0.5453 1.0
vtan 0.0006 -0.9188 -0.3947 1.0
vtan 0.0 -0.8384 -0.5451 1.0
vtan -0.0049 -0.9219 -0.3874 1.0
vtan -0.0001 -0.838 -0.5456 1.0
vtan 0.0 -0.773 -0.6344 1.0
vtan -0.0001 -0.839 -0.5441 1.0
vtan -0.0 -0.773 -0.6344 1.0
vtan 0.0017 -0.8385 -0.5449 1.0
vtan -0.0 -0.773 -0.6344 1.0
vtan -0.0092 -0.839 -0.5441 1.0
vtan -0.0 -0.773 -0.6344 1.0
vtan -0.0044 -0.8416 -0.54 1.0
vtan -0.0 -0.6344 -0.773 1.0
vtan 0.0 -0.5556 -0.8315 1.0
vtan -0.0 -0.6344 -0.773 1.0
vtan 0.0 -0.5556 -0.8315 1.0
vtan -0.0 -0.098 -0.9952 1.0
vtan 0.0 -0.098 -0.9952 1.0
vtan -0.0 -0.1951 -0.9808 1.0
vtan -0.0 -0.098 -0.9952 1.0
vtan -0.0 -0.1951 -0.9808 1.0
vtan -0.0 -0.098 -0.9952 1.0
vtan 0.0 -0.098 -0.9952 1.0
vtan 0.0 -0.1951 -0.9808 1.0
vtan -0.0 -0.098 -0.9952 1.0
vtan -0.0 -0.1951 -0.9808 1.0
vtan -0.0 -0.098 -0.9952 1.0
vtan -0.0 -0.098 -0.9952 1.0
vtan -0.2928 0.143 -0.9454 1.0
vtan -0.1314 -0.8219 -0.5542 1.0
vtan -0.0007 -0.9984 -0.056 1.0
vtan 0.0003 -0.9987 -0.0512 1.0
vtan -0.0007 -0.999 -0.0447 1.0
vtan 0.0016 -0.9947 -0.1026 1.0
vtan 0.0017 -0.9919 -0.1269 1.0
vtan 0.0039 -0.9916 -0.129 1.0
vtan 0.0184 -0.993 -0.1163 1.0
vtan -0.0044 -0.9655 -0.2605 1.0
vtan -0.0245 -0.0253 -0.9994 1.0
vtan 0.0245 -0.0253 -0.9994 1.0
vtan -0.0245 -0.0238 -0.9994 1.0
vtan 0.0245 -0.0238 -0.9994 1.0
vtan -0.0174 -0.0419 -0.999 1.0
vtan -0.0245 -0.0238 -0.9994 1.0
vtan 0.0193 -0.9573 -0.2884 1.0
vtan -0.0 -0.9984 -0.0567 1.0
vtan 0.0026 -0.9988 -0.0485 1.0
vtan -0.0058 -0.9994 -0.0329 1.0
vtan 0.3426 0.9395 -0.0019 1.0
vtan 0.4886 0.8519 0.1885 1.0
vtan -0.0491 0.9988 0.0 -1.0
vtan -0.1144 0.9934 0.0001 -1.0
vtan -0.1145 0.9934 -0.0002 -1.0
vtan -0.0491 0.9988 -0.0 -1.0
vtan -0.9982 0.0431 -0.0409 -1.0
vtan -0.9866 0.1629 -0.0 -1.0
vtan -0.9866 0.1632 0.0003 -1.0
vtan -0.9982 0.0431 0.0409 -1.0
vtan -0.9982 0.0431 -0.0409 -1.0
vtan -0.9984 0.0389 0.0409 -1.0
vtan -0.9867 0.1623 -0.0006 -1.0
vtan -0.9865 0.1635 -0.0006 -1.0
vtan -0.9971 0.0718 0.0268 -1.0
vtan -0.9866 0.1629 0.0002 -1.0
vtan -0.9867 0.1626 0.0003 -1.0
vtan -0.9984 0.0389 -0.0409 -1.0
vtan -0.9866 0.1629 -0.0 -1.0
vtan -0.9984 0.0389 0.0409 -1.0
vtan 0.1145 0.9934 -0.0002 1.0
vtan 0.1137 0.9935 -0.0005 1.0
vtan 0.0469 0.9989 -0.0054 1.0
vtan 0.0491 0.9988 -0.0 1.0
vtan 0.9866 0.1632 0.0003 1.0
vtan 0.9866 0.1629 -0.0 1.0
vtan 0.9982 0.0431 -0.0409 1.0
vtan 0.9982 0.0431 0.0409 1.0
vtan 0.9982 0.0431 -0.0409 1.0
vtan 0.9865 0.1635 -0.0006 1.0
vtan 0.9867 0.1623 -0.0006 1.0
vtan 0.9984 0.0389 0.0409 1.0
vtan 0.9867 0.1626 0.0003 1.0
vtan 0.9866 0.1629 0.0002 1.0
vtan 0.9971 0.0718 0.0268 1.0
vtan 0.9984 0.0389 -0.0409 1.0
vtan 0.9866 0.1629 -0.0 1.0
vtan 0.9984 0.0389 0.0409 1.0
vtan -0.7409 0.6716 -0.0 -1.0
vtan -0.5957 0.8032 -0.0 -1.0
vtan -0.5957 0.8032 -0.0 -1.0
vtan -0.741 0.6716 -0.0 -1.0
vtan -0.741 0.6716 0.0 -1.0
vtan -0.5957 0.8032 -0.0 -1.0
vtan -0.5957 0.8032 0.0 -1.0
vtan -0.741 0.6716 0.0 -1.0
vtan -0.7409 0.6716 0.0 -1.0
vtan -0.5957 0.8032 0.0 -1.0
vtan -0.5957 0.8032 -0.0 -1.0
vtan -0.741 0.6716 0.0 -1.0
vtan -0.5957 0.8032 -0.0 -1.0
vtan -0.741 0.6716 -0.0 -1.0
vtan -0.9415 0.3369 -0.0 -1.0
vtan -0.8577 0.5141 -0.0 -1.0
vtan -0.8577 0.5141 -0.0 -1.0
vtan -0.9415 0.3369 -0.0 -1.0
vtan -0.9415 0.3369 -0.0 -1.0
vtan -0.8577 0.5141 0.0 -1.0
vtan -0.8577 0.5141 0.0 -1.0
vtan -0.9415 0.3369 0.0 -1.0
vtan -0.9415 0.3369 -0.0 -1.0
vtan -0.8577 0.5141 -0.0 -1.0
vtan -0.8577 0.5141 -0.0 -1.0
vtan -0.9415 0.3369 -0.0 -1.0
vtan -0.8577 0.5141 -0.0 -1.0
vtan -0.9415 0.3369 -0.0 -1.0
vtan -0.4276 0.904 -0.0 -1.0
vtan -0.2588 0.9659 -0.0 -1.0
vtan -0.2591 0.9658 -0.0003 -1.0
vtan -0.4276 0.904 -0.0 -1.0
vtan -0.3359 0.9255 0.175 -1.0
vtan -0.2635 0.9646 -0.0 -1.0
vtan -0.2593 0.9658 0.0005 -1.0
vtan -0.4276 0.904 0.0 -1.0
vtan -0.4276 0.904 0.0 -1.0
vtan -0.2592 0.9658 -0.0003 -1.0
vtan -0.276 0.9611 0.0 -1.0
vtan -0.3448 0.9223 -0.1744 -1.0
vtan -0.4276 0.904 -0.0 -1.0
vtan -0.4276 0.904 -0.0 -1.0
vtan -0.3422 0.9233 0.1746 -1.0
vtan -0.4276 0.904 -0.0 -1.0
vtan 0.741 0.6716 0.0 1.0
vtan 0.5957 0.8032 0.0 1.0
vtan 0.5957 0.8032 0.0 1.0
vtan 0.741 0.6716 0.0 1.0
vtan 0.7409 0.6716 -0.0 1.0
vtan 0.5957 0.8032 -0.0 1.0
vtan 0.5957 0.8032 -0.0 1.0
vtan 0.741 0.6716 0.0 1.0
vtan 0.741 0.6716 0.0 1.0
vtan 0.5957 0.8032 0.0 1.0
vtan 0.5957 0.8032 0.0 1.0
vtan 0.741 0.6716 0.0 1.0
vtan 0.741 0.6716 0.0 1.0
vtan 0.5957 0.8032 0.0 1.0
vtan 0.4276 0.904 0.0 1.0
vtan 0.2591 0.9658 -0.0003 1.0
vtan 0.2588 0.9659 0.0 1.0
vtan 0.4276 0.904 0.0 1.0
vtan 0.2594 0.9658 0.0006 1.0
vtan 0.2613 0.9652 -0.0 1.0
vtan 0.3341 0.9261 0.1752 1.0
vtan 0.4276 0.904 -0.0 1.0
vtan 0.4276 0.904 -0.0 1.0
vtan 0.3348 0.9259 -0.1751 1.0
vtan 0.2638 0.9646 0.0 1.0
vtan 0.2617 0.9652 0.0006 1.0
vtan 0.4276 0.904 0.0 1.0
vtan 0.4276 0.904 0.0 1.0
vtan 0.4276 0.904 0.0 1.0
vtan 0.3422 0.9233 0.1746 1.0
vtan 0.9415 0.3369 0.0 1.0
vtan 0.8577 0.5141 0.0 1.0
vtan 0.8577 0.5141 0.0 1.0
vtan 0.9415 0.3369 0.0 1.0
vtan 0.9415 0.3369 -0.0 1.0
vtan 0.8577 0.5141 -0.0 1.0
vtan 0.8577 0.5141 -0.0 1.0
vtan 0.9415 0.3369 -0.0 1.0
vtan 0.9415 0.3369 0.0 1.0
vtan 0.8577 0.5141 0.0 1.0
vtan 0.8577 0.5141 0.0 1.0
vtan 0.9415 0.3369 0.0 1.0
vtan 0.9415 0.3369 0.0 1.0
vtan 0.8577 0.5141 0.0 1.0
vtan -0.1143 0.9934 0.0 -1.0
vtan -0.1183 0.993 0.0 -1.0
vtan -0.1146 0.9934 0.0003 -1.0
vtan 0.1143 0.9934 0.0 1.0
vtan 0.1146 0.9934 0.0003 1.0
vtan 0.1181 0.993 0.0 1.0
vtan 0.1208 0.9885 0.0913 1.0
vtan -0.2588 0.9659 0.0003 -1.0
vtan -0.1227 0.9877 0.0973 -1.0
vtan 0.2596 0.9657 0.0023 1.0
vtan -0.741 0.6716 0.0 -1.0
vtan -0.8577 0.5141 0.0 -1.0
vtan -0.9415 0.3369 0.0 -1.0
vtan -0.9866 0.1629 -0.0003 -1.0
vtan -0.4276 0.904 0.0 -1.0
vtan -0.5957 0.8032 0.0 -1.0
vtan 0.8577 0.5141 -0.0 1.0
vtan 0.741 0.6716 0.0 1.0
vtan 0.5957 0.8032 -0.0 1.0
vtan 0.4276 0.904 -0.0 1.0
vtan 0.9866 0.1629 -0.0003 1.0
vtan 0.9415 0.3369 -0.0 1.0
vtan -0.9971 0.0698 0.0289 -1.0
vtan -0.0491 0.9988 -0.0 -1.0
vtan -0.0484 0.9988 0.0 -1.0
vtan -0.0491 0.9988 -0.0 -1.0
vtan 0.0491 0.9988 0.0 1.0
vtan 0.0491 0.9988 0.0 1.0
vtan 0.0483 0.9988 0.0 1.0
vtan 0.9971 0.0698 0.0289 1.0
vtan -0.0494 0.9978 0.0449 -1.0
vtan 0.0438 0.9986 0.0302 1.0
vtan 0.1145 0.9934 -0.0002 1.0
vtan 0.1144 0.9934 0.0004 1.0
vtan 0.0491 0.9988 -0.0 1.0
vtan 0.0491 0.9988 -0.0 1.0
vtan 0.9866 0.1632 0.0003 1.0
vtan 0.9866 0.1629 -0.0 1.0
vtan 0.9982 0.0431 -0.0409 1.0
vtan 0.9982 0.0431 0.0409 1.0
vtan 0.9982 0.0431 -0.0409 1.0
vtan 0.9865 0.1635 -0.0006 1.0
vtan 0.9867 0.1623 -0.0006 1.0
vtan 0.9984 0.0389 0.0409 1.0
vtan 0.9867 0.1626 0.0003 1.0
vtan 0.9866 0.1629 0.0002 1.0
vtan 0.9971 0.0718 0.0268 1.0
vtan 0.9984 0.0389 -0.0409 1.0
vtan 0.9866 0.1629 -0.0 1.0
vtan 0.9984 0.0389 0.0409 1.0
vtan -0.0469 0.9989 -0.0054 -1.0
vtan -0.1137 0.9935 -0.0005 -1.0
vtan -0.1145 0.9934 -0.0002 -1.0
vtan -0.0491 0.9988 -0.0 -1.0
vtan -0.9982 0.0431 -0.0409 -1.0
vtan -0.9866 0.1629 0.0 -1.0
vtan -0.9866 0.1632 0.0003 -1.0
vtan -0.9982 0.0431 0.0409 -1.0
vtan -0.9982 0.0431 -0.0409 -1.0
vtan -0.9984 0.0389 0.0409 -1.0
vtan -0.9867 0.1623 -0.0006 -1.0
vtan -0.9865 0.1635 -0.0006 -1.0
vtan -0.9971 0.0718 0.0268 -1.0
vtan -0.9866 0.1629 0.0002 -1.0
vtan -0.9867 0.1626 0.0003 -1.0
vtan -0.9984 0.0389 -0.0409 -1.0
vtan -0.9866 0.1629 0.0 -1.0
vtan -0.9984 0.0389 0.0409 -1.0
vtan 0.5957 0.8032 -0.0 1.0
vtan 0.5957 0.8032 -0.0 1.0
vtan 0.741 0.6716 -0.0 1.0
vtan 0.741 0.6716 -0.0 1.0
vtan 0.5957 0.8032 0.0 1.0
vtan 0.5957 0.8032 -0.0 1.0
vtan 0.741 0.6716 -0.0 1.0
vtan 0.741 0.6716 0.0 1.0
vtan 0.5957 0.8032 -0.0 1.0
vtan 0.5957 0.8032 -0.0 1.0
vtan 0.7409 0.6716 -0.0 1.0
vtan 0.7409 0.6716 -0.0 1.0
vtan 0.5957 0.8032 -0.0 1.0
vtan 0.741 0.6716 -0.0 1.0
vtan 0.8577 0.5141 -0.0 1.0
vtan 0.8577 0.5141 -0.0 1.0
vtan 0.9415 0.3369 -0.0 1.0
vtan 0.9415 0.3369 -0.0 1.0
vtan 0.8577 0.5141 0.0 1.0
vtan 0.8577 0.5141 0.0 1.0
vtan 0.9415 0.3369 0.0 1.0
vtan 0.9415 0.3369 0.0 1.0
vtan 0.8577 0.5141 -0.0 1.0
vtan 0.8577 0.5141 -0.0 1.0
vtan 0.9415 0.3369 -0.0 1.0
vtan 0.9415 0.3369 -0.0 1.0
vtan 0.8577 0.5141 -0.0 1.0
vtan 0.9415 0.3369 -0.0 1.0
vtan 0.2591 0.9658 -0.0003 1.0
vtan 0.2588 0.9659 -0.0 1.0
vtan 0.4276 0.904 -0.0 1.0
vtan 0.4276 0.904 -0.0 1.0
vtan 0.2593 0.9658 0.0005 1.0
vtan 0.2634 0.9646 -0.0101 1.0
vtan 0.3379 0.9282 0.156 1.0
vtan 0.4276 0.904 0.0 1.0
vtan 0.4276 0.904 -0.0 1.0
vtan 0.3057 0.9185 -0.2509 1.0
vtan 0.2655 0.962 -0.0644 1.0
vtan 0.2592 0.9658 -0.0003 1.0
vtan 0.4276 0.904 0.0 1.0
vtan 0.4276 0.904 -0.0 1.0
vtan 0.3441 0.926 0.1555 1.0
vtan 0.4276 0.904 -0.0 1.0
vtan -0.5957 0.8032 0.0 -1.0
vtan -0.5957 0.8032 0.0 -1.0
vtan -0.741 0.6716 0.0 -1.0
vtan -0.741 0.6716 0.0 -1.0
vtan -0.741 0.6716 0.0 -1.0
vtan -0.5957 0.8032 -0.0 -1.0
vtan -0.5957 0.8032 0.0 -1.0
vtan -0.741 0.6716 -0.0 -1.0
vtan -0.5957 0.8032 0.0 -1.0
vtan -0.5957 0.8032 0.0 -1.0
vtan -0.741 0.6716 0.0 -1.0
vtan -0.741 0.6716 0.0 -1.0
vtan -0.5957 0.8032 0.0 -1.0
vtan -0.741 0.6716 0.0 -1.0
vtan -0.2588 0.9659 0.0 -1.0
vtan -0.2591 0.9658 -0.0003 -1.0
vtan -0.4276 0.904 0.0 -1.0
vtan -0.4276 0.904 0.0 -1.0
vtan -0.3341 0.9261 0.1752 -1.0
vtan -0.2613 0.9652 0.0 -1.0
vtan -0.2594 0.9658 0.0006 -1.0
vtan -0.4276 0.904 0.0 -1.0
vtan -0.4276 0.904 0.0 -1.0
vtan -0.2616 0.9652 0.0003 -1.0
vtan -0.2638 0.9646 -0.0 -1.0
vtan -0.3348 0.9259 -0.1751 -1.0
vtan -0.4276 0.904 0.0 -1.0
vtan -0.4276 0.904 0.0 -1.0
vtan -0.3422 0.9233 0.1746 -1.0
vtan -0.4276 0.904 0.0 -1.0
vtan -0.8577 0.5141 0.0 -1.0
vtan -0.8577 0.5141 0.0 -1.0
vtan -0.9415 0.3369 0.0 -1.0
vtan -0.9415 0.3369 0.0 -1.0
vtan -0.9415 0.3369 0.0 -1.0
vtan -0.8577 0.5141 0.0 -1.0
vtan -0.8577 0.5141 0.0 -1.0
vtan -0.9415 0.3369 0.0 -1.0
vtan -0.8577 0.5141 0.0 -1.0
vtan -0.8577 0.5141 0.0 -1.0
vtan -0.9415 0.3369 0.0 -1.0
vtan -0.9415 0.3369 0.0 -1.0
vtan -0.8577 0.5141 0.0 -1.0
vtan -0.9415 0.3369 0.0 -1.0
vtan 0.1143 0.9934 0.0 1.0
vtan 0.1146 0.9934 0.0003 1.0
vtan 0.1182 0.993 -0.0039 1.0
vtan -0.1143 0.9934 0.0 -1.0
vtan -0.1181 0.993 -0.0 -1.0
vtan -0.1146 0.9934 0.0003 -1.0
vtan -0.1208 0.9885 0.0913 -1.0
vtan 0.2588 0.9659 0.0003 1.0
vtan 0.1229 0.9874 0.1 1.0
vtan -0.2596 0.9657 0.0023 -1.0
vtan 0.8577 0.5141 0.0 1.0
vtan 0.7409 0.6716 0.0 1.0
vtan 0.9866 0.1629 -0.0003 1.0
vtan 0.9415 0.3369 0.0 1.0
vtan 0.5957 0.8032 0.0 1.0
vtan 0.4276 0.904 0.0 1.0
vtan -0.8577 0.5141 -0.0 -1.0
vtan -0.741 0.6716 0.0 -1.0
vtan -0.5957 0.8032 -0.0 -1.0
vtan -0.4276 0.904 -0.0 -1.0
vtan -0.9866 0.1629 -0.0003 -1.0
vtan -0.9415 0.3369 -0.0 -1.0
vtan 0.9971 0.0698 0.0289 1.0
vtan 0.0491 0.9988 -0.0 1.0
vtan 0.0491 0.9988 -0.0 1.0
vtan 0.0484 0.9988 -0.0017 1.0
vtan -0.0491 0.9988 -0.0 -1.0
vtan -0.0483 0.9988 0.0 -1.0
vtan -0.0491 0.9988 -0.0 -1.0
vtan -0.9971 0.0698 0.0289 -1.0
vtan 0.0496 0.9977 0.0455 1.0
vtan -0.0438 0.9986 0.0302 -1.0
vtan 0.1145 0.9934 -0.0002 1.0
vtan 0.1144 0.9934 0.0001 1.0
vtan 0.049 0.9988 -0.0003 1.0
vtan 0.0491 0.9988 -0.0 1.0
vtan 0.9866 0.1632 0.0003 1.0
vtan 0.9866 0.1629 -0.0 1.0
vtan 0.9982 0.0431 -0.0409 1.0
vtan 0.9982 0.0431 0.0409 1.0
vtan 0.9982 0.0431 -0.0409 1.0
vtan 0.9865 0.1635 -0.0006 1.0
vtan 0.9867 0.1623 -0.0006 1.0
vtan 0.9984 0.0389 0.0409 1.0
vtan 0.9867 0.1626 0.0003 1.0
vtan 0.9866 0.1629 0.0002 1.0
vtan 0.9971 0.0718 0.0268 1.0
vtan 0.9984 0.0389 -0.0409 1.0
vtan 0.9866 0.1629 -0.0 1.0
vtan 0.9984 0.0389 0.0409 1.0
vtan -0.0491 0.9988 0.0 -1.0
vtan -0.114 0.9935 0.0003 -1.0
vtan -0.1145 0.9934 -0.0002 -1.0
vtan -0.0491 0.9988 0.0 -1.0
vtan -0.9982 0.0431 -0.0409 -1.0
vtan -0.9866 0.1629 -0.0 -1.0
vtan -0.9866 0.1632 0.0003 -1.0
vtan -0.9982 0.0431 0.0409 -1.0
vtan -0.9982 0.0431 -0.0409 -1.0
vtan -0.9984 0.0389 0.0409 -1.0
vtan -0.9867 0.1623 -0.0006 -1.0
vtan -0.9865 0.1635 -0.0006 -1.0
vtan -0.9971 0.0718 0.0268 -1.0
vtan -0.9866 0.1629 0.0002 -1.0
vtan -0.9867 0.1626 0.0003 -1.0
vtan -0.9984 0.0389 -0.0409 -1.0
vtan -0.9866 0.1629 -0.0 -1.0
vtan -0.9984 0.0389 0.0409 -1.0
vtan 0.5957 0.8032 -0.0 1.0
vtan 0.5957 0.8032 -0.0 1.0
vtan 0.741 0.6716 -0.0 1.0
vtan 0.741 0.6716 -0.0 1.0
vtan 0.5957 0.8032 0.0 1.0
vtan 0.5957 0.8032 0.0 1.0
vtan 0.741 0.6716 0.0 1.0
vtan 0.741 0.6716 0.0 1.0
vtan 0.5957 0.8032 -0.0 1.0
vtan 0.5957 0.8032 -0.0 1.0
vtan 0.7409 0.6716 0.0 1.0
vtan 0.7409 0.6716 -0.0 1.0
vtan 0.5957 0.8032 -0.0 1.0
vtan 0.741 0.6716 -0.0 1.0
vtan 0.8577 0.5141 -0.0 1.0
vtan 0.8577 0.5141 -0.0 1.0
vtan 0.9415 0.3369 -0.0 1.0
vtan 0.9415 0.3369 -0.0 1.0
vtan 0.8577 0.5141 0.0 1.0
vtan 0.8577 0.5141 0.0 1.0
vtan 0.9415 0.3369 0.0 1.0
vtan 0.9415 0.3369 0.0 1.0
vtan 0.8577 0.5141 -0.0 1.0
vtan 0.8577 0.5141 -0.0 1.0
vtan 0.9415 0.3369 -0.0 1.0
vtan 0.9415 0.3369 -0.0 1.0
vtan 0.8577 0.5141 -0.0 1.0
vtan 0.9415 0.3369 -0.0 1.0
vtan 0.2591 0.9658 -0.0003 1.0
vtan 0.2588 0.9659 -0.0 1.0
vtan 0.4276 0.904 -0.0 1.0
vtan 0.4276 0.904 -0.0 1.0
vtan 0.2593 0.9658 0.0005 1.0
vtan 0.2635 0.9646 0.0 1.0
vtan 0.3359 0.9255 0.175 1.0
vtan 0.4276 0.904 0.0 1.0
vtan 0.4276 0.904 0.0 1.0
vtan 0.3448 0.9223 -0.1744 1.0
vtan 0.276 0.9611 -0.0 1.0
vtan 0.2592 0.9658 -0.0003 1.0
vtan 0.4276 0.904 -0.0 1.0
vtan 0.4276 0.904 -0.0 1.0
vtan 0.3422 0.9233 0.1746 1.0
vtan 0.4276 0.904 -0.0 1.0
vtan -0.5957 0.8032 0.0 -1.0
vtan -0.5957 0.8032 0.0 -1.0
vtan -0.741 0.6716 0.0 -1.0
vtan -0.741 0.6716 0.0 -1.0
vtan -0.741 0.6716 -0.0 -1.0
vtan -0.5957 0.8032 -0.0 -1.0
vtan -0.5957 0.8032 0.0 -1.0
vtan -0.741 0.6716 0.0 -1.0
vtan -0.5957 0.8032 0.0 -1.0
vtan -0.5957 0.8032 0.0 -1.0
vtan -0.741 0.6716 0.0 -1.0
vtan -0.741 0.6716 -0.0 -1.0
vtan -0.5957 0.8032 0.0 -1.0
vtan -0.741 0.6716 0.0 -1.0
vtan -0.2588 0.9659 0.0 -1.0
vtan -0.2591 0.9658 -0.0003 -1.0
vtan -0.4276 0.904 0.0 -1.0
vtan -0.4276 0.904 0.0 -1.0
vtan -0.3404 0.9239 0.1747 -1.0
vtan -0.2689 0.9632 -0.0 -1.0
vtan -0.2593 0.9658 0.0005 -1.0
vtan -0.4276 0.904 0.0 -1.0
vtan -0.4276 0.904 0.0 -1.0
vtan -0.2611 0.9652 0.0154 -1.0
vtan -0.2702 0.9626 0.0203 -1.0
vtan -0.341 0.9237 -0.1747 -1.0
vtan -0.4276 0.904 0.0 -1.0
vtan -0.4276 0.904 0.0 -1.0
vtan -0.3422 0.9233 0.1746 -1.0
vtan -0.4276 0.904 0.0 -1.0
vtan -0.8577 0.5141 0.0 -1.0
vtan -0.8577 0.5141 0.0 -1.0
vtan -0.9415 0.3369 0.0 -1.0
vtan -0.9415 0.3369 0.0 -1.0
vtan -0.9415 0.3369 0.0 -1.0
vtan -0.8577 0.5141 0.0 -1.0
vtan -0.8577 0.5141 0.0 -1.0
vtan -0.9415 0.3369 0.0 -1.0
vtan -0.8577 0.5141 0.0 -1.0
vtan -0.8577 0.5141 -0.0 -1.0
vtan -0.9415 0.3369 0.0 -1.0
vtan -0.9415 0.3369 0.0 -1.0
vtan -0.8577 0.5141 0.0 -1.0
vtan -0.9415 0.3369 0.0 -1.0
vtan 0.1143 0.9934 -0.0 1.0
vtan 0.1146 0.9934 0.0003 1.0
vtan 0.1183 0.993 0.0 1.0
vtan -0.1143 0.9934 0.0 -1.0
vtan -0.1183 0.993 -0.0 -1.0
vtan -0.1147 0.9934 0.0004 -1.0
vtan -0.1227 0.9869 0.1043 -1.0
vtan 0.2588 0.9659 0.0003 1.0
vtan 0.1227 0.9877 0.0973 1.0
vtan -0.2587 0.9659 0.0003 -1.0
vtan 0.8577 0.5141 -0.0 1.0
vtan 0.741 0.6716 0.0 1.0
vtan 0.9866 0.1629 -0.0003 1.0
vtan 0.9415 0.3369 0.0 1.0
vtan 0.5957 0.8032 0.0 1.0
vtan 0.4276 0.904 0.0 1.0
vtan -0.8577 0.5141 0.0 -1.0
vtan -0.741 0.6716 -0.0 -1.0
vtan -0.5957 0.8032 -0.0 -1.0
vtan -0.4276 0.904 -0.0 -1.0
vtan -0.9866 0.1629 -0.0003 -1.0
vtan -0.9415 0.3369 -0.0 -1.0
vtan 0.9971 0.0698 0.0289 1.0
vtan 0.0491 0.9988 -0.0 1.0
vtan 0.0491 0.9988 -0.0 1.0
vtan 0.0484 0.9988 0.0 1.0
vtan -0.0491 0.9988 -0.0 -1.0
vtan -0.0487 0.9988 0.0 -1.0
vtan -0.0491 0.9988 -0.0 -1.0
vtan -0.9971 0.0698 0.0289 -1.0
vtan 0.0494 0.9978 0.0449 1.0
vtan -0.0488 0.9978 0.0457 -1.0
vtan -0.0491 0.9988 0.0 -1.0
vtan -0.1144 0.9934 0.0002 -1.0
vtan -0.1145 0.9934 -0.0002 -1.0
vtan -0.0491 0.9988 0.0 -1.0
vtan -0.9982 0.0431 -0.0409 -1.0
vtan -0.9866 0.1629 -0.0 -1.0
vtan -0.9866 0.1632 0.0003 -1.0
vtan -0.9982 0.0431 0.0409 -1.0
vtan -0.9982 0.0431 -0.0409 -1.0
vtan -0.9984 0.0389 0.0409 -1.0
vtan -0.9867 0.1623 -0.0006 -1.0
vtan -0.9865 0.1635 -0.0006 -1.0
vtan -0.9971 0.0718 0.0268 -1.0
vtan -0.9866 0.1629 0.0002 -1.0
vtan -0.9867 0.1626 0.0003 -1.0
vtan -0.9984 0.0389 -0.0409 -1.0
vtan -0.9866 0.1629 -0.0 -1.0
vtan -0.9984 0.0389 0.0409 -1.0
vtan 0.1145 0.9934 -0.0002 1.0
vtan 0.114 0.9935 0.0003 1.0
vtan 0.0491 0.9988 0.0 1.0
vtan 0.0491 0.9988 0.0 1.0
vtan 0.9866 0.1632 0.0003 1.0
vtan 0.9866 0.1629 -0.0 1.0
vtan 0.9982 0.0431 -0.0409 1.0
vtan 0.9982 0.0431 0.0409 1.0
vtan 0.9982 0.0431 -0.0409 1.0
vtan 0.9865 0.1635 -0.0006 1.0
vtan 0.9867 0.1623 -0.0006 1.0
vtan 0.9984 0.0389 0.0409 1.0
vtan 0.9867 0.1626 0.0003 1.0
vtan 0.9866 0.1629 0.0002 1.0
vtan 0.9971 0.0718 0.0268 1.0
vtan 0.9984 0.0389 -0.0409 1.0
vtan 0.9866 0.1629 0.0 1.0
vtan 0.9984 0.0389 0.0409 1.0
vtan -0.741 0.6716 -0.0 -1.0
vtan -0.5957 0.8032 -0.0 -1.0
vtan -0.5957 0.8032 -0.0 -1.0
vtan -0.741 0.6716 -0.0 -1.0
vtan -0.741 0.6716 0.0 -1.0
vtan -0.5957 0.8032 0.0 -1.0
vtan -0.5957 0.8032 0.0 -1.0
vtan -0.741 0.6716 0.0 -1.0
vtan -0.741 0.6716 0.0 -1.0
vtan -0.5957 0.8032 -0.0 -1.0
vtan -0.5957 0.8032 -0.0 -1.0
vtan -0.741 0.6716 -0.0 -1.0
vtan -0.5957 0.8032 -0.0 -1.0
vtan -0.741 0.6716 -0.0 -1.0
vtan -0.9415 0.3369 -0.0 -1.0
vtan -0.8577 0.5141 -0.0 -1.0
vtan -0.8577 0.5141 0.0 -1.0
vtan -0.9415 0.3369 -0.0 -1.0
vtan -0.9415 0.3369 -0.0 -1.0
vtan -0.8577 0.5141 0.0 -1.0
vtan -0.8577 0.5141 0.0 -1.0
vtan -0.9415 0.3369 0.0 -1.0
vtan -0.9415 0.3369 -0.0 -1.0
vtan -0.8577 0.5141 -0.0 -1.0
vtan -0.8577 0.5141 -0.0 -1.0
vtan -0.9415 0.3369 -0.0 -1.0
vtan -0.8577 0.5141 -0.0 -1.0
vtan -0.9415 0.3369 -0.0 -1.0
vtan -0.4276 0.904 0.0 -1.0
vtan -0.2588 0.9659 -0.0 -1.0
vtan -0.2591 0.9658 -0.0003 -1.0
vtan -0.4276 0.904 -0.0 -1.0
vtan -0.333 0.9429 0.0046 -1.0
vtan -0.2635 0.9646 0.0 -1.0
vtan -0.2594 0.9658 0.0005 -1.0
vtan -0.4271 0.9042 -0.0005 -1.0
vtan -0.4276 0.904 0.0 -1.0
vtan -0.4237 0.9058 0.0075 -1.0
vtan -0.9349 0.1156 -0.3357 -1.0
vtan -0.5186 0.8391 0.1644 -1.0
vtan -0.4257 0.9049 0.0011 -1.0
vtan 0.7409 0.6716 0.0 1.0
vtan 0.5957 0.8032 0.0 1.0
vtan 0.5957 0.8032 0.0 1.0
vtan 0.741 0.6716 0.0 1.0
vtan 0.7409 0.6716 -0.0 1.0
vtan 0.5957 0.8032 -0.0 1.0
vtan 0.5957 0.8032 0.0 1.0
vtan 0.741 0.6716 0.0 1.0
vtan 0.741 0.6716 0.0 1.0
vtan 0.5957 0.8032 0.0 1.0
vtan 0.5957 0.8032 0.0 1.0
vtan 0.741 0.6716 0.0 1.0
vtan 0.741 0.6716 0.0 1.0
vtan 0.5957 0.8032 0.0 1.0
vtan 0.4276 0.904 0.0 1.0
vtan 0.2591 0.9658 -0.0003 1.0
vtan 0.2588 0.9659 0.0 1.0
vtan 0.4276 0.904 0.0 1.0
vtan 0.2593 0.9658 0.0005 1.0
vtan 0.2689 0.9632 0.0 1.0
vtan 0.3404 0.9239 0.1747 1.0
vtan 0.4276 0.904 -0.0 1.0
vtan 0.4276 0.904 0.0 1.0
vtan 0.341 0.9237 -0.1747 1.0
vtan 0.2702 0.9626 0.0203 1.0
vtan 0.2611 0.9652 0.0154 1.0
vtan 0.4276 0.904 0.0 1.0
vtan 0.4276 0.904 -0.0 1.0
vtan 0.4276 0.904 0.0 1.0
vtan 0.3422 0.9233 0.1746 1.0
vtan 0.9415 0.3369 0.0 1.0
vtan 0.8577 0.5141 0.0 1.0
vtan 0.8577 0.5141 0.0 1.0
vtan 0.9415 0.3369 0.0 1.0
vtan 0.9415 0.3369 -0.0 1.0
vtan 0.8577 0.5141 -0.0 1.0
vtan 0.8577 0.5141 0.0 1.0
vtan 0.9415 0.3369 -0.0 1.0
vtan 0.9415 0.3369 0.0 1.0
vtan 0.8577 0.5141 0.0 1.0
vtan 0.8577 0.5141 0.0 1.0
vtan 0.9415 0.3369 0.0 1.0
vtan 0.9415 0.3369 0.0 1.0
vtan 0.8577 0.5141 0.0 1.0
vtan -0.4232 0.906 0.0064 -1.0
vtan -0.1143 0.9934 0.0 -1.0
vtan -0.1183 0.993 -0.0 -1.0
vtan -0.1146 0.9934 0.0003 -1.0
vtan 0.1143 0.9934 0.0 1.0
vtan 0.1147 0.9934 0.0004 1.0
vtan 0.1183 0.993 0.0 1.0
vtan 0.1227 0.9869 0.1043 1.0
vtan -0.2598 0.9657 0.0012 -1.0
vtan -0.1278 0.9918 0.0088 -1.0
vtan -0.1983 0.9799 0.0216 -1.0
vtan 0.2587 0.9659 0.0003 1.0
vtan -0.741 0.6716 0.0 -1.0
vtan -0.8577 0.5141 0.0 -1.0
vtan -0.9415 0.3369 0.0 -1.0
vtan -0.9866 0.1629 -0.0003 -1.0
vtan -0.426 0.9047 0.0005 -1.0
vtan -0.5957 0.8032 0.0 -1.0
vtan 0.8577 0.5141 -0.0 1.0
vtan 0.741 0.6716 0.0 1.0
vtan 0.5957 0.8032 -0.0 1.0
vtan 0.4276 0.904 -0.0 1.0
vtan 0.9866 0.1629 -0.0003 1.0
vtan 0.9415 0.3369 -0.0 1.0
vtan -0.3527 0.9335 -0.0644 -1.0
vtan -0.289 0.9573 -0.0046 -1.0
vtan -0.9971 0.0698 0.0289 -1.0
vtan -0.0491 0.9988 0.0 -1.0
vtan -0.0484 0.9988 0.0 -1.0
vtan -0.0491 0.9988 0.0 -1.0
vtan 0.0491 0.9988 0.0 1.0
vtan 0.0491 0.9988 0.0 1.0
vtan 0.0487 0.9988 0.0 1.0
vtan 0.9971 0.0698 0.0289 1.0
vtan -0.0526 0.9986 0.004 -1.0
vtan 0.0488 0.9978 0.0457 1.0
vtan 0.0231 -0.0225 -0.9995 -1.0
vtan 0.0 -0.0967 -0.9953 -1.0
vtan 0.0 -0.0965 -0.9953 -1.0
vtan 0.0231 -0.0238 -0.9995 -1.0
vtan 0.0162 -0.0066 -0.9998 -1.0
vtan -0.0 -0.0967 -0.9953 -1.0
vtan 0.0164 -0.0396 -0.9991 -1.0
vtan -0.0 -0.0967 -0.9953 -1.0
vtan -0.0 -0.7071 -0.7071 -1.0
vtan 0.0 -0.6344 -0.773 -1.0
vtan -0.0 -0.6344 -0.773 -1.0
vtan 0.0 -0.7071 -0.7071 -1.0
vtan 0.0 -0.7071 -0.7071 -1.0
vtan 0.0 -0.6344 -0.773 -1.0
vtan -0.0 -0.7071 -0.7071 -1.0
vtan 0.0 -0.6344 -0.773 -1.0
vtan -0.0 -0.6344 -0.773 -1.0
vtan 0.0 -0.7071 -0.7071 -1.0
vtan 0.0 -0.6344 -0.773 -1.0
vtan 0.0 -0.7071 -0.7071 -1.0
vtan 0.0 -0.7071 -0.7071 -1.0
vtan -0.0 -0.773 -0.6344 -1.0
vtan 0.0 -0.773 -0.6344 -1.0
vtan 0.0 -0.7071 -0.7071 -1.0
vtan -0.0 -0.773 -0.6344 -1.0
vtan -0.0 -0.773 -0.6344 -1.0
vtan -0.0006 -0.9741 -0.2262 -1.0
vtan -0.0006 -0.9198 -0.3925 -1.0
vtan 0.0009 -0.9199 -0.3923 -1.0
vtan 0.0009 -0.9742 -0.2259 -1.0
vtan -0.0015 -0.9676 -0.2523 -1.0
vtan -0.0016 -0.9125 -0.409 -1.0
vtan 0.0021 -0.9685 -0.2489 -1.0
vtan 0.0096 -0.9682 -0.2501 -1.0
vtan 0.073 -0.8867 -0.4565 -1.0
vtan -0.0024 -0.9123 -0.4096 -1.0
vtan -0.0 -0.3827 -0.9239 -1.0
vtan 0.0 -0.4714 -0.8819 -1.0
vtan 0.0 -0.4714 -0.8819 -1.0
vtan 0.0 -0.3827 -0.9239 -1.0
vtan -0.0 -0.3827 -0.9239 -1.0
vtan 0.0 -0.4714 -0.8819 -1.0
vtan 0.0 -0.3827 -0.9239 -1.0
vtan 0.0 -0.4714 -0.8819 -1.0
vtan 0.0 -0.3827 -0.9239 -1.0
vtan 0.0 -0.2903 -0.9569 -1.0
vtan 0.0 -0.2903 -0.9569 -1.0
vtan -0.0 -0.3827 -0.9239 -1.0
vtan 0.0 -0.2903 -0.9569 -1.0
vtan 0.0 -0.2903 -0.9569 -1.0
vtan 0.0 -0.2903 -0.9569 -1.0
vtan 0.0 -0.3827 -0.9239 -1.0
vtan 0.0 -0.2903 -0.9569 -1.0
vtan 0.0 -0.3827 -0.9239 -1.0
vtan -0.0011 -0.9702 -0.2424 -1.0
vtan -0.001 -0.993 -0.1185 -1.0
vtan 0.0016 -0.9947 -0.1025 -1.0
vtan 0.005 -0.9735 -0.2287 -1.0
vtan -0.0043 -0.9937 -0.1121 -1.0
vtan 0.0253 -0.9839 -0.1769 -1.0
vtan -0.0086 -0.9923 -0.1236 -1.0
vtan 0.0006 -0.9989 -0.0475 -1.0
vtan 0.0 -0.9989 -0.0469 -1.0
vtan 0.0 -0.9989 -0.0469 -1.0
vtan -0.0005 -0.9989 -0.0475 -1.0
vtan -0.0 -0.9981 -0.0612 -1.0
vtan 0.0013 -0.9982 -0.0599 -1.0
vtan 0.0 -0.9981 -0.0612 -1.0
vtan 0.0 -0.9981 -0.0612 -1.0
vtan -0.0 -0.9981 -0.0612 -1.0
vtan -0.0 -0.9981 -0.0612 -1.0
vtan -0.0 -0.1951 -0.9808 -1.0
vtan 0.0 -0.2903 -0.9569 -1.0
vtan 0.0 -0.1951 -0.9808 -1.0
vtan -0.0 -0.1951 -0.9808 -1.0
vtan 0.0 -0.2903 -0.9569 -1.0
vtan 0.0 -0.1951 -0.9808 -1.0
vtan 0.0 -0.5556 -0.8315 -1.0
vtan 0.0 -0.4714 -0.8819 -1.0
vtan 0.0 -0.5556 -0.8315 -1.0
vtan 0.0 -0.5556 -0.8315 -1.0
vtan -0.0 -0.4714 -0.8819 -1.0
vtan 0.0 -0.5556 -0.8315 -1.0
vtan 0.0 -0.4714 -0.8819 -1.0
vtan 0.0 -0.5556 -0.8315 -1.0
vtan -0.0 -0.4714 -0.8819 -1.0
vtan 0.0 -0.5556 -0.8315 -1.0
vtan -0.0 -0.839 -0.5441 -1.0
vtan -0.0002 -0.8383 -0.5453 -1.0
vtan -0.0017 -0.9157 -0.4018 -1.0
vtan 0.0 -0.8384 -0.5451 -1.0
vtan -0.0006 -0.9189 -0.3946 -1.0
vtan -0.0001 -0.8381 -0.5456 -1.0
vtan 0.0049 -0.9219 -0.3874 -1.0
vtan 0.0001 -0.839 -0.5441 -1.0
vtan 0.0 -0.773 -0.6344 -1.0
vtan -0.0017 -0.8385 -0.5449 -1.0
vtan 0.0 -0.773 -0.6344 -1.0
vtan -0.0 -0.773 -0.6344 -1.0
vtan 0.0092 -0.839 -0.5441 -1.0
vtan -0.0 -0.773 -0.6344 -1.0
vtan 0.0044 -0.8416 -0.54 -1.0
vtan 0.0 -0.5556 -0.8315 -1.0
vtan -0.0 -0.6344 -0.773 -1.0
vtan 0.0 -0.5556 -0.8315 -1.0
vtan 0.0 -0.6344 -0.773 -1.0
vtan 0.0 -0.1951 -0.9808 -1.0
vtan 0.0 -0.0965 -0.9953 -1.0
vtan -0.0 -0.1951 -0.9808 -1.0
vtan -0.0 -0.0967 -0.9953 -1.0
vtan -0.0 -0.0968 -0.9953 -1.0
vtan 0.0 -0.1951 -0.9808 -1.0
vtan 0.0 -0.0967 -0.9953 -1.0
vtan 0.0 -0.1951 -0.9808 -1.0
vtan 0.1314 -0.8219 -0.5542 -1.0
vtan 0.2927 0.143 -0.9455 -1.0
vtan 0.0007 -0.9984 -0.056 -1.0
vtan -0.0003 -0.9987 -0.0514 -1.0
vtan 0.0007 -0.999 -0.0447 -1.0
vtan -0.0016 -0.9947 -0.1026 -1.0
vtan -0.0017 -0.9919 -0.1269 -1.0
vtan -0.0039 -0.9916 -0.129 -1.0
vtan -0.0184 -0.993 -0.1163 -1.0
vtan 0.0044 -0.9655 -0.2605 -1.0
vtan -0.0231 -0.0238 -0.9994 -1.0
vtan 0.0233 -0.0226 -0.9995 -1.0
vtan -0.0232 -0.0226 -0.9995 -1.0
vtan 0.0233 -0.0226 -0.9995 -1.0
vtan -0.0193 -0.9573 -0.2884 -1.0
vtan 0.0 -0.9984 -0.0567 -1.0
vtan -0.0026 -0.9988 -0.0485 -1.0
vtan 0.0058 -0.9994 -0.0329 -1.0
vtan -0.4885 0.8519 0.1885 -1.0
vtan -0.3429 0.9394 -0.0013 -1.0
vtan -0.0245 -0.0238 -0.9994 1.0
vtan -0.0171 -0.0069 -0.9998 1.0
f 0/0/0/0 1/1/1/1 2/2/2/2 
f 0/0/0/0 2/2/2/2 3/3/3/3 
f 4/4/4/4 5/5/5/5 6/6/6/6 
f 4/4/4/4 6/6/6/6 7/7/7/7 
f 4/8/4/8 8/9/8/9 9/10/9/10 
f 4/8/4/8 9/10/9/10 5/11/5/11 
f 10/12/10/12 11/13/11/13 12/14/12/14 
f 10/12/10/12 12/14/12/14 13/15/13/15 
f 13/15/13/15 12/14/12/14 9/16/9/16 
f 13/15/13/15 9/16/9/16 8/17/8/17 
f 14/2/14/18 15/1/15/19 16/0/16/20 
f 14/2/14/18 16/0/16/20 17/3/17/21 
f 18/6/18/22 19/5/19/23 4/4/4/24 
f 18/6/18/22 4/4/4/24 7/7/7/25 
f 4/8/4/26 19/11/19/27 20/10/20/28 
f 4/8/4/26 20/10/20/28 8/9/8/29 
f 21/14/21/30 22/13/22/31 10/12/10/32 
f 21/14/21/30 10/12/10/32 13/15/13/33 
f 20/16/20/34 21/14/21/30 13/15/13/33 
f 20/16/20/34 13/15/13/33 8/17/8/35 
f 23/18/23/36 24/19/24/37 25/20/25/38 
f 23/18/23/36 25/20/25/38 26/21/26/39 
f 27/22/27/40 28/23/28/41 24/24/24/42 
f 27/22/27/40 24/24/24/42 23/25/23/43 
f 29/26/29/44 30/27/30/45 31/28/31/46 
f 29/26/29/44 31/28/31/46 32/29/32/47 
f 32/29/32/47 31/28/31/46 28/30/28/48 
f 32/29/32/47 28/30/28/48 27/31/27/49 
f 33/32/33/50 34/33/34/51 35/34/35/52 
f 33/32/33/50 35/34/35/52 36/35/36/53 
f 37/36/37/54 38/37/38/55 34/38/34/56 
f 37/36/37/54 34/38/34/56 33/39/33/57 
f 39/40/39/58 40/41/40/59 41/42/41/60 
f 39/40/39/58 41/42/41/60 42/43/42/61 
f 42/43/42/61 41/42/41/60 38/44/38/62 
f 42/43/42/61 38/44/38/62 37/45/37/63 
f 43/46/43/64 44/47/44/65 45/48/45/66 
f 43/46/43/64 45/48/45/66 46/49/46/67 
f 47/50/47/68 48/51/48/69 44/52/44/70 
f 47/50/47/68 44/52/44/70 49/53/49/71 
f 43/54/43/72 49/53/49/71 44/52/44/70 
f 50/55/50/73 51/56/51/74 52/57/52/75 
f 50/55/50/73 52/57/52/75 49/58/49/76 
f 53/21/53/77 54/20/54/78 55/19/55/79 
f 53/21/53/77 55/19/55/79 56/18/56/80 
f 56/25/56/81 55/24/55/82 57/23/57/83 
f 56/25/56/81 57/23/57/83 58/22/58/84 
f 59/29/59/85 60/28/60/86 61/27/61/87 
f 59/29/59/85 61/27/61/87 62/26/62/88 
f 58/31/58/89 57/30/57/90 60/28/60/86 
f 58/31/58/89 60/28/60/86 59/29/59/85 
f 63/49/63/91 64/48/64/92 65/47/65/93 
f 63/49/63/91 65/47/65/93 66/46/66/94 
f 65/52/65/95 67/59/67/96 68/60/68/97 
f 65/52/65/95 68/60/68/97 66/54/66/98 
f 69/53/69/99 66/54/66/98 68/60/68/97 
f 70/61/70/100 71/62/71/101 72/63/72/102 
f 70/61/70/100 72/63/72/102 73/55/73/103 
f 74/64/74/104 73/55/73/103 72/63/72/102 
f 69/58/69/105 68/65/68/106 70/61/70/100 
f 69/58/69/105 70/61/70/100 73/55/73/103 
f 75/35/75/107 76/34/76/108 77/33/77/109 
f 75/35/75/107 77/33/77/109 78/32/78/110 
f 78/39/78/111 77/38/77/112 79/37/79/113 
f 78/39/78/111 79/37/79/113 80/36/80/114 
f 81/43/81/115 82/42/82/116 83/41/83/117 
f 81/43/81/115 83/41/83/117 84/40/84/118 
f 80/45/80/119 79/44/79/120 82/42/82/116 
f 80/45/80/119 82/42/82/116 81/43/81/115 
f 5/5/5/5 33/32/33/50 36/35/36/53 
f 5/5/5/5 36/35/36/53 6/6/6/6 
f 9/10/9/10 37/36/37/54 33/39/33/57 
f 9/10/9/10 33/39/33/57 5/11/5/11 
f 11/13/11/13 39/40/39/58 42/43/42/61 
f 11/13/11/13 42/43/42/61 12/14/12/14 
f 12/14/12/14 42/43/42/61 37/45/37/63 
f 12/14/12/14 37/45/37/63 9/16/9/16 
f 18/6/18/22 75/35/75/107 78/32/78/110 
f 18/6/18/22 78/32/78/110 19/5/19/23 
f 19/11/19/27 78/39/78/111 80/36/80/114 
f 19/11/19/27 80/36/80/114 20/10/20/28 
f 21/14/21/30 81/43/81/115 84/40/84/118 
f 21/14/21/30 84/40/84/118 22/13/22/31 
f 20/16/20/34 80/45/80/119 81/43/81/115 
f 20/16/20/34 81/43/81/115 21/14/21/30 
f 24/19/24/37 43/46/43/64 46/49/46/67 
f 24/19/24/37 46/49/46/67 25/20/25/38 
f 28/23/28/41 49/53/49/71 43/54/43/72 
f 28/23/28/41 43/54/43/72 24/24/24/42 
f 30/27/30/45 85/64/85/121 50/55/50/73 
f 30/27/30/45 50/55/50/73 31/28/31/46 
f 31/28/31/46 50/55/50/73 49/58/49/76 
f 31/28/31/46 49/58/49/76 28/30/28/48 
f 34/33/34/51 23/18/23/36 26/21/26/39 
f 34/33/34/51 26/21/26/39 35/34/35/52 
f 38/37/38/55 27/22/27/40 23/25/23/43 
f 38/37/38/55 23/25/23/43 34/38/34/56 
f 40/41/40/59 29/26/29/44 32/29/32/47 
f 40/41/40/59 32/29/32/47 41/42/41/60 
f 41/42/41/60 32/29/32/47 27/31/27/49 
f 41/42/41/60 27/31/27/49 38/44/38/62 
f 44/47/44/65 86/66/86/122 2/2/2/2 
f 44/47/44/65 2/2/2/2 45/48/45/66 
f 44/52/44/70 48/51/48/69 87/67/87/123 
f 44/52/44/70 87/67/87/123 86/68/86/124 
f 54/20/54/78 63/49/63/91 66/46/66/94 
f 54/20/54/78 66/46/66/94 55/19/55/79 
f 55/24/55/82 66/54/66/98 69/53/69/99 
f 55/24/55/82 69/53/69/99 57/23/57/83 
f 60/28/60/86 73/55/73/103 74/64/74/104 
f 60/28/60/86 74/64/74/104 61/27/61/87 
f 57/30/57/90 69/58/69/105 73/55/73/103 
f 57/30/57/90 73/55/73/103 60/28/60/86 
f 64/48/64/92 14/2/14/18 88/66/88/125 
f 64/48/64/92 88/66/88/125 65/47/65/93 
f 65/52/65/95 88/68/88/126 89/69/89/127 
f 65/52/65/95 89/69/89/127 67/59/67/96 
f 72/63/72/102 71/62/71/101 90/70/90/128 
f 76/34/76/108 53/21/53/77 56/18/56/80 
f 76/34/76/108 56/18/56/80 77/33/77/109 
f 77/38/77/112 56/25/56/81 58/22/58/84 
f 77/38/77/112 58/22/58/84 79/37/79/113 
f 82/42/82/116 59/29/59/85 62/26/62/88 
f 82/42/82/116 62/26/62/88 83/41/83/117 
f 79/44/79/120 58/31/58/89 59/29/59/85 
f 79/44/79/120 59/29/59/85 82/42/82/116 
f 2/2/2/2 1/1/1/1 91/71/91/129 
f 2/2/2/2 91/71/91/129 45/48/45/66 
f 1/1/1/1 92/72/92/130 93/73/93/131 
f 1/1/1/1 93/73/93/131 91/71/91/129 
f 14/2/14/18 64/48/64/92 94/71/94/132 
f 14/2/14/18 94/71/94/132 15/1/15/19 
f 95/74/95/133 96/75/96/134 35/34/35/52 
f 95/74/95/133 35/34/35/52 26/21/26/39 
f 29/26/29/44 40/41/40/59 96/75/96/134 
f 29/26/29/44 96/75/96/134 95/74/95/133 
f 97/76/97/135 98/77/98/136 6/6/6/6 
f 97/76/97/135 6/6/6/6 36/35/36/53 
f 39/40/39/58 11/13/11/13 98/77/98/136 
f 39/40/39/58 98/77/98/136 97/76/97/135 
f 99/78/99/137 100/79/100/138 25/20/25/38 
f 99/78/99/137 25/20/25/38 46/49/46/67 
f 85/64/85/121 30/27/30/45 100/79/100/138 
f 85/64/85/121 100/79/100/138 99/78/99/137 
f 53/21/53/77 76/34/76/108 101/75/101/139 
f 53/21/53/77 101/75/101/139 102/74/102/140 
f 102/74/102/140 101/75/101/139 83/41/83/117 
f 102/74/102/140 83/41/83/117 62/26/62/88 
f 63/49/63/91 54/20/54/78 103/79/103/141 
f 63/49/63/91 103/79/103/141 104/78/104/142 
f 104/78/104/142 103/79/103/141 61/27/61/87 
f 104/78/104/142 61/27/61/87 74/64/74/104 
f 75/35/75/107 18/6/18/22 105/77/105/143 
f 75/35/75/107 105/77/105/143 106/76/106/144 
f 106/76/106/144 105/77/105/143 22/13/22/31 
f 106/76/106/144 22/13/22/31 84/40/84/118 
f 91/71/91/129 99/78/99/137 46/49/46/67 
f 91/71/91/129 46/49/46/67 45/48/45/66 
f 107/80/107/145 85/64/85/121 99/78/99/137 
f 107/80/107/145 99/78/99/137 108/81/108/146 
f 91/71/91/129 108/81/108/146 99/78/99/137 
f 64/48/64/92 63/49/63/91 104/78/104/142 
f 64/48/64/92 104/78/104/142 94/71/94/132 
f 94/71/94/132 104/78/104/142 74/64/74/104 
f 94/71/94/132 74/64/74/104 72/63/72/102 
f 96/75/96/134 97/76/97/135 36/35/36/53 
f 96/75/96/134 36/35/36/53 35/34/35/52 
f 40/41/40/59 39/40/39/58 97/76/97/135 
f 40/41/40/59 97/76/97/135 96/75/96/134 
f 98/77/98/136 109/82/109/147 7/7/7/7 
f 98/77/98/136 7/7/7/7 6/6/6/6 
f 11/13/11/13 10/12/10/12 109/82/109/147 
f 11/13/11/13 109/82/109/147 98/77/98/136 
f 100/79/100/138 95/74/95/133 26/21/26/39 
f 100/79/100/138 26/21/26/39 25/20/25/38 
f 30/27/30/45 29/26/29/44 95/74/95/133 
f 30/27/30/45 95/74/95/133 100/79/100/138 
f 86/66/86/122 110/83/110/148 3/3/3/3 
f 86/66/86/122 3/3/3/3 2/2/2/2 
f 86/68/86/124 87/67/87/123 111/84/111/149 
f 86/68/86/124 111/84/111/149 110/85/110/150 
f 76/34/76/108 75/35/75/107 106/76/106/144 
f 76/34/76/108 106/76/106/144 101/75/101/139 
f 101/75/101/139 106/76/106/144 84/40/84/118 
f 101/75/101/139 84/40/84/118 83/41/83/117 
f 54/20/54/78 53/21/53/77 102/74/102/140 
f 54/20/54/78 102/74/102/140 103/79/103/141 
f 103/79/103/141 102/74/102/140 62/26/62/88 
f 103/79/103/141 62/26/62/88 61/27/61/87 
f 14/2/14/18 17/3/17/21 112/83/112/151 
f 14/2/14/18 112/83/112/151 88/66/88/125 
f 88/68/88/126 112/85/112/152 113/86/113/153 
f 88/68/88/126 113/86/113/153 89/69/89/127 
f 105/77/105/143 18/6/18/22 7/7/7/25 
f 105/77/105/143 7/7/7/25 109/82/109/154 
f 105/77/105/143 109/82/109/154 10/12/10/32 
f 105/77/105/143 10/12/10/32 22/13/22/31 
f 1/1/1/1 0/0/0/0 114/87/114/155 
f 1/1/1/1 114/87/114/155 92/72/92/130 
f 115/88/115/156 16/0/16/20 15/1/15/19 
f 115/88/115/156 15/1/15/19 90/70/90/128 
f 90/70/90/128 15/1/15/19 94/71/94/132 
f 90/70/90/128 94/71/94/132 72/63/72/102 
f 51/56/51/74 50/55/50/73 85/64/85/121 
f 51/56/51/74 85/64/85/121 107/80/107/145 
f 116/89/116/157 117/90/117/158 118/91/118/159 
f 116/89/116/157 118/91/118/159 119/92/119/160 
f 120/93/120/161 121/94/121/162 117/90/117/158 
f 120/93/120/161 117/90/117/158 116/89/116/157 
f 122/95/122/163 123/96/123/164 124/97/124/165 
f 122/95/122/163 124/97/124/165 125/98/125/166 
f 125/98/125/166 124/97/124/165 121/99/121/167 
f 125/98/125/166 121/99/121/167 120/100/120/168 
f 126/101/126/169 127/102/127/170 128/103/128/171 
f 126/101/126/169 128/103/128/171 119/92/119/160 
f 129/104/129/172 130/105/130/173 127/102/127/170 
f 129/104/129/172 127/102/127/170 126/101/126/169 
f 122/95/122/163 131/106/131/174 130/105/130/173 
f 122/95/122/163 130/105/130/173 129/104/129/172 
f 132/107/132/175 133/108/133/176 134/109/134/177 
f 132/107/132/175 134/109/134/177 135/110/135/178 
f 136/111/136/179 137/112/137/180 133/108/133/176 
f 136/111/136/179 133/108/133/176 132/107/132/175 
f 136/113/136/181 138/114/138/182 139/115/139/183 
f 136/113/136/181 139/115/139/183 137/116/137/184 
f 140/117/140/185 141/118/141/186 142/119/142/187 
f 140/117/140/185 142/119/142/187 143/120/143/188 
f 144/121/144/189 145/122/145/190 141/118/141/186 
f 144/121/144/189 141/118/141/186 140/117/140/185 
f 146/123/146/191 147/124/147/192 145/122/145/190 
f 146/123/146/191 145/122/145/190 144/121/144/189 
f 148/125/148/193 149/126/149/194 150/127/150/195 
f 148/125/148/193 150/127/150/195 143/120/143/188 
f 151/128/151/196 152/129/152/197 149/126/149/194 
f 151/128/151/196 149/126/149/194 148/125/148/193 
f 146/123/146/191 153/130/153/198 154/131/154/199 
f 146/123/146/191 154/131/154/199 155/132/155/200 
f 155/132/155/200 154/131/154/199 152/133/152/201 
f 155/132/155/200 152/133/152/201 151/134/151/202 
f 135/110/135/178 156/135/156/203 157/136/157/204 
f 135/110/135/178 157/136/157/204 158/137/158/205 
f 159/138/159/206 160/139/160/207 157/136/157/204 
f 159/138/159/206 157/136/157/204 156/135/156/203 
f 159/138/159/206 93/140/93/208 92/141/92/209 
f 159/138/159/206 92/141/92/209 160/139/160/207 
f 161/142/161/210 162/143/162/211 163/144/163/212 
f 161/142/161/210 163/144/163/212 164/145/164/213 
f 161/142/161/210 165/146/165/214 166/147/166/215 
f 161/142/161/210 166/147/166/215 162/143/162/211 
f 167/148/167/216 168/149/168/217 166/150/166/218 
f 167/148/167/216 166/150/166/218 165/151/165/219 
f 169/152/169/220 170/153/170/221 150/127/150/195 
f 169/152/169/220 150/127/150/195 171/154/171/222 
f 172/155/172/223 173/156/173/224 170/153/170/221 
f 172/155/172/223 170/153/170/221 169/152/169/220 
f 174/157/174/225 153/130/153/198 173/156/173/224 
f 174/157/174/225 173/156/173/224 172/155/172/223 
f 175/158/175/226 176/159/176/227 142/119/142/187 
f 175/158/175/226 142/119/142/187 177/160/177/228 
f 178/161/178/229 179/162/179/230 176/159/176/227 
f 178/161/178/229 176/159/176/227 175/158/175/226 
f 180/163/180/231 147/124/147/192 181/164/181/232 
f 180/163/180/231 181/164/181/232 182/165/182/233 
f 182/165/182/233 181/164/181/232 179/166/179/234 
f 182/165/182/233 179/166/179/234 178/167/178/235 
f 183/168/183/236 184/169/184/237 185/170/185/238 
f 183/168/183/236 185/170/185/238 134/109/134/177 
f 186/171/186/239 187/172/187/240 185/170/185/238 
f 186/171/186/239 185/170/185/238 184/169/184/237 
f 186/171/186/239 188/173/188/241 189/174/189/242 
f 186/171/186/239 189/174/189/242 187/172/187/240 
f 190/175/190/243 191/176/191/244 128/103/128/171 
f 190/175/190/243 128/103/128/171 183/168/183/236 
f 192/177/192/245 193/178/193/246 191/176/191/244 
f 192/177/192/245 191/176/191/244 190/175/190/243 
f 188/173/188/241 131/106/131/174 194/179/194/247 
f 188/173/188/241 194/179/194/247 195/180/195/248 
f 195/180/195/248 194/179/194/247 193/181/193/249 
f 195/180/195/248 193/181/193/249 192/182/192/250 
f 196/183/196/251 197/184/197/252 118/91/118/159 
f 196/183/196/251 118/91/118/159 177/160/177/228 
f 198/185/198/253 199/186/199/254 197/184/197/252 
f 198/185/198/253 197/184/197/252 196/183/196/251 
f 180/163/180/231 123/96/123/164 199/186/199/254 
f 180/163/180/231 199/186/199/254 198/185/198/253 
f 200/187/200/255 201/188/201/256 202/189/202/257 
f 200/187/200/255 202/189/202/257 171/154/171/222 
f 203/190/203/258 204/191/204/259 201/188/201/256 
f 203/190/203/258 201/188/201/256 200/187/200/255 
f 174/157/174/225 205/192/205/260 206/193/206/261 
f 174/157/174/225 206/193/206/261 207/194/207/262 
f 207/194/207/262 206/193/206/261 204/195/204/263 
f 207/194/207/262 204/195/204/263 203/196/203/264 
f 208/197/208/265 169/152/169/220 171/154/171/222 
f 208/197/208/265 171/154/171/222 202/189/202/257 
f 209/198/209/266 172/155/172/223 169/152/169/220 
f 209/198/209/266 169/152/169/220 208/197/208/265 
f 205/192/205/260 174/157/174/225 172/155/172/223 
f 205/192/205/260 172/155/172/223 209/198/209/266 
f 117/90/117/158 175/158/175/226 177/160/177/228 
f 117/90/117/158 177/160/177/228 118/91/118/159 
f 121/94/121/162 178/161/178/229 175/158/175/226 
f 121/94/121/162 175/158/175/226 117/90/117/158 
f 123/96/123/164 180/163/180/231 182/165/182/233 
f 123/96/123/164 182/165/182/233 124/97/124/165 
f 124/97/124/165 182/165/182/233 178/167/178/235 
f 124/97/124/165 178/167/178/235 121/99/121/167 
f 127/102/127/170 184/169/184/237 183/168/183/236 
f 127/102/127/170 183/168/183/236 128/103/128/171 
f 130/105/130/173 186/171/186/239 184/169/184/237 
f 130/105/130/173 184/169/184/237 127/102/127/170 
f 131/106/131/174 188/173/188/241 186/171/186/239 
f 131/106/131/174 186/171/186/239 130/105/130/173 
f 133/108/133/176 190/175/190/243 183/168/183/236 
f 133/108/133/176 183/168/183/236 134/109/134/177 
f 137/112/137/180 192/177/192/245 190/175/190/243 
f 137/112/137/180 190/175/190/243 133/108/133/176 
f 52/199/52/267 51/200/51/268 195/180/195/248 
f 52/199/52/267 195/180/195/248 192/182/192/250 
f 137/116/137/184 52/199/52/267 192/182/192/250 
f 141/118/141/186 196/183/196/251 177/160/177/228 
f 141/118/141/186 177/160/177/228 142/119/142/187 
f 145/122/145/190 198/185/198/253 196/183/196/251 
f 145/122/145/190 196/183/196/251 141/118/141/186 
f 147/124/147/192 180/163/180/231 198/185/198/253 
f 147/124/147/192 198/185/198/253 145/122/145/190 
f 149/126/149/194 200/187/200/255 171/154/171/222 
f 149/126/149/194 171/154/171/222 150/127/150/195 
f 152/129/152/197 203/190/203/258 200/187/200/255 
f 152/129/152/197 200/187/200/255 149/126/149/194 
f 153/130/153/198 174/157/174/225 207/194/207/262 
f 153/130/153/198 207/194/207/262 154/131/154/199 
f 154/131/154/199 207/194/207/262 203/196/203/264 
f 154/131/154/199 203/196/203/264 152/133/152/201 
f 158/137/158/205 157/136/157/204 210/201/210/269 
f 158/137/158/205 210/201/210/269 163/144/163/212 
f 160/139/160/207 211/202/211/270 210/201/210/269 
f 160/139/160/207 210/201/210/269 157/136/157/204 
f 160/139/160/207 92/141/92/209 114/203/114/271 
f 160/139/160/207 114/203/114/271 211/202/211/270 
f 212/204/212/272 132/107/132/175 135/110/135/178 
f 212/204/212/272 135/110/135/178 158/137/158/205 
f 213/205/213/273 136/111/136/179 132/107/132/175 
f 213/205/213/273 132/107/132/175 212/204/212/272 
f 213/206/213/274 214/207/214/275 138/114/138/182 
f 213/206/213/274 138/114/138/182 136/113/136/181 
f 170/153/170/221 140/117/140/185 143/120/143/188 
f 170/153/170/221 143/120/143/188 150/127/150/195 
f 173/156/173/224 144/121/144/189 140/117/140/185 
f 173/156/173/224 140/117/140/185 170/153/170/221 
f 153/130/153/198 146/123/146/191 144/121/144/189 
f 153/130/153/198 144/121/144/189 173/156/173/224 
f 176/159/176/227 148/125/148/193 143/120/143/188 
f 176/159/176/227 143/120/143/188 142/119/142/187 
f 179/162/179/230 151/128/151/196 148/125/148/193 
f 179/162/179/230 148/125/148/193 176/159/176/227 
f 147/124/147/192 146/123/146/191 155/132/155/200 
f 147/124/147/192 155/132/155/200 181/164/181/232 
f 181/164/181/232 155/132/155/200 151/134/151/202 
f 181/164/181/232 151/134/151/202 179/166/179/234 
f 134/109/134/177 185/170/185/238 156/135/156/203 
f 134/109/134/177 156/135/156/203 135/110/135/178 
f 187/172/187/240 159/138/159/206 156/135/156/203 
f 187/172/187/240 156/135/156/203 185/170/185/238 
f 108/208/108/276 93/140/93/208 159/138/159/206 
f 108/208/108/276 159/138/159/206 187/172/187/240 
f 191/176/191/244 116/89/116/157 119/92/119/160 
f 191/176/191/244 119/92/119/160 128/103/128/171 
f 193/178/193/246 120/93/120/161 116/89/116/157 
f 193/178/193/246 116/89/116/157 191/176/191/244 
f 131/106/131/174 122/95/122/163 125/98/125/166 
f 131/106/131/174 125/98/125/166 194/179/194/247 
f 194/179/194/247 125/98/125/166 120/100/120/168 
f 194/179/194/247 120/100/120/168 193/181/193/249 
f 197/184/197/252 126/101/126/169 119/92/119/160 
f 197/184/197/252 119/92/119/160 118/91/118/159 
f 199/186/199/254 129/104/129/172 126/101/126/169 
f 199/186/199/254 126/101/126/169 197/184/197/252 
f 123/96/123/164 122/95/122/163 129/104/129/172 
f 123/96/123/164 129/104/129/172 199/186/199/254 
f 201/188/201/256 215/209/215/277 216/210/216/278 
f 201/188/201/256 216/210/216/278 202/189/202/257 
f 204/191/204/259 217/211/217/279 215/209/215/277 
f 204/191/204/259 215/209/215/277 201/188/201/256 
f 205/192/205/260 218/212/218/280 219/213/219/281 
f 205/192/205/260 219/213/219/281 206/193/206/261 
f 206/193/206/261 219/213/219/281 217/214/217/282 
f 206/193/206/261 217/214/217/282 204/195/204/263 
f 51/200/51/268 107/215/107/283 189/174/189/242 
f 162/143/162/211 212/204/212/272 158/137/158/205 
f 162/143/162/211 158/137/158/205 163/144/163/212 
f 166/147/166/215 213/205/213/273 212/204/212/272 
f 166/147/166/215 212/204/212/272 162/143/162/211 
f 168/149/168/217 214/207/214/275 213/206/213/274 
f 168/149/168/217 213/206/213/274 166/150/166/218 
f 210/201/210/269 220/216/220/284 164/145/164/213 
f 210/201/210/269 164/145/164/213 163/144/163/212 
f 211/202/211/270 221/217/221/285 220/216/220/284 
f 211/202/211/270 220/216/220/284 210/201/210/269 
f 211/202/211/270 114/203/114/271 222/218/222/286 
f 211/202/211/270 222/218/222/286 221/217/221/285 
f 91/71/91/129 93/73/93/131 108/81/108/146 
f 108/208/108/276 187/172/187/240 189/174/189/242 
f 108/208/108/276 189/174/189/242 107/215/107/283 
f 51/200/51/268 189/174/189/242 188/173/188/241 
f 51/200/51/268 188/173/188/241 195/180/195/248 
f 137/116/137/184 139/115/139/183 52/199/52/267 
f 52/57/52/75 139/219/139/287 47/220/47/288 
f 52/57/52/75 47/220/47/288 49/58/49/76 
f 223/2/223/289 224/1/224/290 225/0/225/291 
f 223/2/223/289 225/0/225/291 226/3/226/292 
f 227/6/227/293 228/5/228/294 229/4/229/295 
f 227/6/227/293 229/4/229/295 230/7/230/296 
f 229/8/229/297 228/11/228/298 231/10/231/299 
f 229/8/229/297 231/10/231/299 232/9/232/300 
f 233/14/233/301 234/13/234/302 235/12/235/303 
f 233/14/233/301 235/12/235/303 236/15/236/304 
f 231/16/231/305 233/14/233/301 236/15/236/304 
f 231/16/231/305 236/15/236/304 232/17/232/306 
f 237/0/237/307 238/1/238/308 239/2/239/309 
f 237/0/237/307 239/2/239/309 240/3/240/310 
f 229/4/229/311 241/5/241/312 242/6/242/313 
f 229/4/229/311 242/6/242/313 230/7/230/314 
f 229/8/229/315 232/9/232/316 243/10/243/317 
f 229/8/229/315 243/10/243/317 241/11/241/318 
f 235/12/235/319 244/13/244/320 245/14/245/321 
f 235/12/235/319 245/14/245/321 236/15/236/322 
f 236/15/236/322 245/14/245/321 243/16/243/323 
f 236/15/236/322 243/16/243/323 232/17/232/324 
f 246/20/246/325 247/19/247/326 248/18/248/327 
f 246/20/246/325 248/18/248/327 249/21/249/328 
f 247/24/247/329 250/23/250/330 251/22/251/331 
f 247/24/247/329 251/22/251/331 248/25/248/332 
f 252/28/252/333 253/27/253/334 254/26/254/335 
f 252/28/252/333 254/26/254/335 255/29/255/336 
f 250/30/250/337 252/28/252/333 255/29/255/336 
f 250/30/250/337 255/29/255/336 251/31/251/338 
f 256/34/256/339 257/33/257/340 258/32/258/341 
f 256/34/256/339 258/32/258/341 259/35/259/342 
f 257/38/257/343 260/37/260/344 261/36/261/345 
f 257/38/257/343 261/36/261/345 258/39/258/346 
f 262/42/262/347 263/41/263/348 264/40/264/349 
f 262/42/262/347 264/40/264/349 265/43/265/350 
f 260/44/260/351 262/42/262/347 265/43/265/350 
f 260/44/260/351 265/43/265/350 261/45/261/352 
f 266/48/266/353 267/47/267/354 268/46/268/355 
f 266/48/266/353 268/46/268/355 269/49/269/356 
f 267/52/267/357 270/51/270/358 271/50/271/359 
f 267/52/267/357 271/50/271/359 272/53/272/360 
f 268/54/268/361 267/52/267/357 272/53/272/360 
f 273/221/273/362 274/222/274/363 275/63/275/364 
f 273/221/273/362 275/63/275/364 276/64/276/365 
f 277/55/277/366 273/221/273/362 276/64/276/365 
f 271/220/271/367 273/221/273/362 277/55/277/366 
f 271/220/271/367 277/55/277/366 272/58/272/368 
f 278/19/278/369 279/20/279/370 280/21/280/371 
f 278/19/278/369 280/21/280/371 281/18/281/372 
f 282/23/282/373 278/24/278/374 281/25/281/375 
f 282/23/282/373 281/25/281/375 283/22/283/376 
f 284/27/284/377 285/28/285/378 286/29/286/379 
f 284/27/284/377 286/29/286/379 287/26/287/380 
f 285/28/285/378 282/30/282/381 283/31/283/382 
f 285/28/285/378 283/31/283/382 286/29/286/379 
f 288/47/288/383 289/48/289/384 290/49/290/385 
f 288/47/288/383 290/49/290/385 291/46/291/386 
f 292/223/292/387 293/224/293/388 288/52/288/389 
f 292/223/292/387 288/52/288/389 291/54/291/390 
f 294/53/294/391 292/223/292/387 291/54/291/390 
f 295/63/295/392 296/225/296/393 297/226/297/394 
f 295/63/295/392 297/226/297/394 298/55/298/395 
f 299/64/299/396 295/63/295/392 298/55/298/395 
f 297/226/297/394 292/227/292/397 294/58/294/398 
f 297/226/297/394 294/58/294/398 298/55/298/395 
f 300/33/300/399 301/34/301/400 302/35/302/401 
f 300/33/300/399 302/35/302/401 303/32/303/402 
f 304/37/304/403 300/38/300/404 303/39/303/405 
f 304/37/304/403 303/39/303/405 305/36/305/406 
f 306/41/306/407 307/42/307/408 308/43/308/409 
f 306/41/306/407 308/43/308/409 309/40/309/410 
f 307/42/307/408 304/44/304/411 305/45/305/412 
f 307/42/307/408 305/45/305/412 308/43/308/409 
f 259/35/259/342 258/32/258/341 228/5/228/294 
f 259/35/259/342 228/5/228/294 227/6/227/293 
f 258/39/258/346 261/36/261/345 231/10/231/299 
f 258/39/258/346 231/10/231/299 228/11/228/298 
f 265/43/265/350 264/40/264/349 234/13/234/302 
f 265/43/265/350 234/13/234/302 233/14/233/301 
f 261/45/261/352 265/43/265/350 233/14/233/301 
f 261/45/261/352 233/14/233/301 231/16/231/305 
f 303/32/303/402 302/35/302/401 242/6/242/313 
f 303/32/303/402 242/6/242/313 241/5/241/312 
f 305/36/305/406 303/39/303/405 241/11/241/318 
f 305/36/305/406 241/11/241/318 243/10/243/317 
f 309/40/309/410 308/43/308/409 245/14/245/321 
f 309/40/309/410 245/14/245/321 244/13/244/320 
f 308/43/308/409 305/45/305/412 243/16/243/323 
f 308/43/308/409 243/16/243/323 245/14/245/321 
f 269/49/269/356 268/46/268/355 247/19/247/326 
f 269/49/269/356 247/19/247/326 246/20/246/325 
f 268/54/268/361 272/53/272/360 250/23/250/330 
f 268/54/268/361 250/23/250/330 247/24/247/329 
f 277/55/277/366 276/64/276/365 253/27/253/334 
f 277/55/277/366 253/27/253/334 252/28/252/333 
f 272/58/272/368 277/55/277/366 252/28/252/333 
f 272/58/272/368 252/28/252/333 250/30/250/337 
f 249/21/249/328 248/18/248/327 257/33/257/340 
f 249/21/249/328 257/33/257/340 256/34/256/339 
f 248/25/248/332 251/22/251/331 260/37/260/344 
f 248/25/248/332 260/37/260/344 257/38/257/343 
f 255/29/255/336 254/26/254/335 263/41/263/348 
f 255/29/255/336 263/41/263/348 262/42/262/347 
f 251/31/251/338 255/29/255/336 262/42/262/347 
f 251/31/251/338 262/42/262/347 260/44/260/351 
f 223/2/223/289 310/66/310/413 267/47/267/354 
f 223/2/223/289 267/47/267/354 266/48/266/353 
f 267/52/267/357 310/68/310/414 311/67/311/415 
f 267/52/267/357 311/67/311/415 270/51/270/358 
f 291/46/291/386 290/49/290/385 279/20/279/370 
f 291/46/291/386 279/20/279/370 278/19/278/369 
f 294/53/294/391 291/54/291/390 278/24/278/374 
f 294/53/294/391 278/24/278/374 282/23/282/373 
f 299/64/299/396 298/55/298/395 285/28/285/378 
f 299/64/299/396 285/28/285/378 284/27/284/377 
f 298/55/298/395 294/58/294/398 282/30/282/381 
f 298/55/298/395 282/30/282/381 285/28/285/378 
f 312/66/312/416 239/2/239/309 289/48/289/384 
f 312/66/312/416 289/48/289/384 288/47/288/383 
f 313/228/313/417 312/68/312/418 288/52/288/389 
f 313/228/313/417 288/52/288/389 293/224/293/388 
f 295/63/295/392 314/229/314/419 296/225/296/393 
f 281/18/281/372 280/21/280/371 301/34/301/400 
f 281/18/281/372 301/34/301/400 300/33/300/399 
f 283/22/283/376 281/25/281/375 300/38/300/404 
f 283/22/283/376 300/38/300/404 304/37/304/403 
f 287/26/287/380 286/29/286/379 307/42/307/408 
f 287/26/287/380 307/42/307/408 306/41/306/407 
f 286/29/286/379 283/31/283/382 304/44/304/411 
f 286/29/286/379 304/44/304/411 307/42/307/408 
f 223/2/223/289 266/48/266/353 315/71/315/420 
f 223/2/223/289 315/71/315/420 224/1/224/290 
f 224/1/224/290 315/71/315/420 275/63/275/364 
f 224/1/224/290 275/63/275/364 316/230/316/421 
f 317/71/317/422 289/48/289/384 239/2/239/309 
f 317/71/317/422 239/2/239/309 238/1/238/308 
f 295/63/295/392 317/71/317/422 238/1/238/308 
f 295/63/295/392 238/1/238/308 314/229/314/419 
f 256/34/256/339 318/75/318/423 319/74/319/424 
f 256/34/256/339 319/74/319/424 249/21/249/328 
f 318/75/318/423 263/41/263/348 254/26/254/335 
f 318/75/318/423 254/26/254/335 319/74/319/424 
f 227/6/227/293 320/77/320/425 321/76/321/426 
f 227/6/227/293 321/76/321/426 259/35/259/342 
f 320/77/320/425 234/13/234/302 264/40/264/349 
f 320/77/320/425 264/40/264/349 321/76/321/426 
f 246/20/246/325 322/79/322/427 323/78/323/428 
f 246/20/246/325 323/78/323/428 269/49/269/356 
f 322/79/322/427 253/27/253/334 276/64/276/365 
f 322/79/322/427 276/64/276/365 323/78/323/428 
f 324/75/324/429 301/34/301/400 280/21/280/371 
f 324/75/324/429 280/21/280/371 325/74/325/430 
f 306/41/306/407 324/75/324/429 325/74/325/430 
f 306/41/306/407 325/74/325/430 287/26/287/380 
f 326/79/326/431 279/20/279/370 290/49/290/385 
f 326/79/326/431 290/49/290/385 327/78/327/432 
f 284/27/284/377 326/79/326/431 327/78/327/432 
f 284/27/284/377 327/78/327/432 299/64/299/396 
f 328/77/328/433 242/6/242/313 302/35/302/401 
f 328/77/328/433 302/35/302/401 329/76/329/434 
f 244/13/244/320 328/77/328/433 329/76/329/434 
f 244/13/244/320 329/76/329/434 309/40/309/410 
f 269/49/269/356 323/78/323/428 315/71/315/420 
f 269/49/269/356 315/71/315/420 266/48/266/353 
f 323/78/323/428 276/64/276/365 275/63/275/364 
f 323/78/323/428 275/63/275/364 315/71/315/420 
f 327/78/327/432 290/49/290/385 289/48/289/384 
f 327/78/327/432 289/48/289/384 317/71/317/422 
f 299/64/299/396 327/78/327/432 317/71/317/422 
f 299/64/299/396 317/71/317/422 295/63/295/392 
f 259/35/259/342 321/76/321/426 318/75/318/423 
f 259/35/259/342 318/75/318/423 256/34/256/339 
f 321/76/321/426 264/40/264/349 263/41/263/348 
f 321/76/321/426 263/41/263/348 318/75/318/423 
f 230/7/230/296 330/82/330/435 320/77/320/425 
f 230/7/230/296 320/77/320/425 227/6/227/293 
f 330/82/330/435 235/12/235/303 234/13/234/302 
f 330/82/330/435 234/13/234/302 320/77/320/425 
f 249/21/249/328 319/74/319/424 322/79/322/427 
f 249/21/249/328 322/79/322/427 246/20/246/325 
f 319/74/319/424 254/26/254/335 253/27/253/334 
f 319/74/319/424 253/27/253/334 322/79/322/427 
f 226/3/226/292 331/83/331/436 310/66/310/413 
f 226/3/226/292 310/66/310/413 223/2/223/289 
f 310/68/310/414 331/85/331/437 332/84/332/438 
f 310/68/310/414 332/84/332/438 311/67/311/415 
f 329/76/329/434 302/35/302/401 301/34/301/400 
f 329/76/329/434 301/34/301/400 324/75/324/429 
f 309/40/309/410 329/76/329/434 324/75/324/429 
f 309/40/309/410 324/75/324/429 306/41/306/407 
f 325/74/325/430 280/21/280/371 279/20/279/370 
f 325/74/325/430 279/20/279/370 326/79/326/431 
f 287/26/287/380 325/74/325/430 326/79/326/431 
f 287/26/287/380 326/79/326/431 284/27/284/377 
f 333/83/333/439 240/3/240/310 239/2/239/309 
f 333/83/333/439 239/2/239/309 312/66/312/416 
f 334/231/334/440 333/85/333/441 312/68/312/418 
f 334/231/334/440 312/68/312/418 313/228/313/417 
f 328/77/328/433 330/82/330/442 230/7/230/314 
f 328/77/328/433 230/7/230/314 242/6/242/313 
f 235/12/235/319 330/82/330/442 328/77/328/433 
f 235/12/235/319 328/77/328/433 244/13/244/320 
f 335/232/335/443 225/0/225/291 224/1/224/290 
f 335/232/335/443 224/1/224/290 316/230/316/421 
f 316/230/316/421 275/63/275/364 274/222/274/363 
f 238/1/238/308 237/0/237/307 336/233/336/444 
f 238/1/238/308 336/233/336/444 314/229/314/419 
f 337/0/337/445 338/1/338/446 339/2/339/447 
f 337/0/337/445 339/2/339/447 340/3/340/448 
f 341/4/341/449 342/5/342/450 343/6/343/451 
f 341/4/341/449 343/6/343/451 344/7/344/452 
f 341/8/341/453 345/9/345/454 346/10/346/455 
f 341/8/341/453 346/10/346/455 342/11/342/456 
f 347/12/347/457 348/13/348/458 349/14/349/459 
f 347/12/347/457 349/14/349/459 350/15/350/460 
f 350/15/350/460 349/14/349/459 346/16/346/461 
f 350/15/350/460 346/16/346/461 345/17/345/462 
f 351/2/351/463 352/1/352/464 353/0/353/465 
f 351/2/351/463 353/0/353/465 354/3/354/466 
f 355/6/355/467 356/5/356/468 341/4/341/469 
f 355/6/355/467 341/4/341/469 344/7/344/470 
f 341/8/341/471 356/11/356/472 357/10/357/473 
f 341/8/341/471 357/10/357/473 345/9/345/474 
f 358/14/358/475 359/13/359/476 347/12/347/477 
f 358/14/358/475 347/12/347/477 350/15/350/478 
f 357/16/357/479 358/14/358/475 350/15/350/478 
f 357/16/357/479 350/15/350/478 345/17/345/480 
f 360/18/360/481 361/19/361/482 362/20/362/483 
f 360/18/360/481 362/20/362/483 363/21/363/484 
f 364/22/364/485 365/23/365/486 361/24/361/487 
f 364/22/364/485 361/24/361/487 360/25/360/488 
f 366/26/366/489 367/27/367/490 368/28/368/491 
f 366/26/366/489 368/28/368/491 369/29/369/492 
f 369/29/369/492 368/28/368/491 365/30/365/493 
f 369/29/369/492 365/30/365/493 364/31/364/494 
f 370/32/370/495 371/33/371/496 372/34/372/497 
f 370/32/370/495 372/34/372/497 373/35/373/498 
f 374/36/374/499 375/37/375/500 371/38/371/501 
f 374/36/374/499 371/38/371/501 370/39/370/502 
f 376/40/376/503 377/41/377/504 378/42/378/505 
f 376/40/376/503 378/42/378/505 379/43/379/506 
f 379/43/379/506 378/42/378/505 375/44/375/507 
f 379/43/379/506 375/44/375/507 374/45/374/508 
f 380/46/380/509 381/47/381/510 382/48/382/511 
f 380/46/380/509 382/48/382/511 383/49/383/512 
f 68/50/68/513 67/51/67/514 381/52/381/515 
f 68/50/68/513 381/52/381/515 384/53/384/516 
f 380/54/380/517 384/53/384/516 381/52/381/515 
f 385/63/385/518 71/222/71/519 70/221/70/520 
f 385/63/385/518 70/221/70/520 386/64/386/521 
f 387/55/387/522 386/64/386/521 70/221/70/520 
f 387/55/387/522 70/221/70/520 68/220/68/523 
f 387/55/387/522 68/220/68/523 384/58/384/524 
f 388/21/388/525 389/20/389/526 390/19/390/527 
f 388/21/388/525 390/19/390/527 391/18/391/528 
f 390/24/390/529 392/23/392/530 393/22/393/531 
f 390/24/390/529 393/22/393/531 391/25/391/532 
f 394/29/394/533 395/28/395/534 396/27/396/535 
f 394/29/394/533 396/27/396/535 397/26/397/536 
f 393/31/393/537 392/30/392/538 395/28/395/534 
f 393/31/393/537 395/28/395/534 394/29/394/533 
f 398/49/398/539 399/48/399/540 400/47/400/541 
f 398/49/398/539 400/47/400/541 401/46/401/542 
f 400/52/400/543 293/224/293/544 292/223/292/545 
f 400/52/400/543 292/223/292/545 402/53/402/546 
f 401/54/401/547 400/52/400/543 402/53/402/546 
f 297/226/297/548 296/225/296/549 403/63/403/550 
f 297/226/297/548 403/63/403/550 404/55/404/551 
f 405/64/405/552 404/55/404/551 403/63/403/550 
f 402/58/402/553 292/227/292/554 297/226/297/548 
f 402/58/402/553 297/226/297/548 404/55/404/551 
f 406/35/406/555 407/34/407/556 408/33/408/557 
f 406/35/406/555 408/33/408/557 409/32/409/558 
f 408/38/408/559 410/37/410/560 411/36/411/561 
f 408/38/408/559 411/36/411/561 409/39/409/562 
f 412/43/412/563 413/42/413/564 414/41/414/565 
f 412/43/412/563 414/41/414/565 415/40/415/566 
f 411/45/411/567 410/44/410/568 413/42/413/564 
f 411/45/411/567 413/42/413/564 412/43/412/563 
f 342/5/342/450 370/32/370/495 373/35/373/498 
f 342/5/342/450 373/35/373/498 343/6/343/451 
f 346/10/346/455 374/36/374/499 370/39/370/502 
f 346/10/346/455 370/39/370/502 342/11/342/456 
f 348/13/348/458 376/40/376/503 379/43/379/506 
f 348/13/348/458 379/43/379/506 349/14/349/459 
f 349/14/349/459 379/43/379/506 374/45/374/508 
f 349/14/349/459 374/45/374/508 346/16/346/461 
f 355/6/355/467 406/35/406/555 409/32/409/558 
f 355/6/355/467 409/32/409/558 356/5/356/468 
f 409/39/409/562 411/36/411/561 357/10/357/473 
f 409/39/409/562 357/10/357/473 356/11/356/472 
f 358/14/358/475 412/43/412/563 415/40/415/566 
f 358/14/358/475 415/40/415/566 359/13/359/476 
f 357/16/357/479 411/45/411/567 412/43/412/563 
f 357/16/357/479 412/43/412/563 358/14/358/475 
f 361/19/361/482 380/46/380/509 383/49/383/512 
f 361/19/361/482 383/49/383/512 362/20/362/483 
f 365/23/365/486 384/53/384/516 380/54/380/517 
f 365/23/365/486 380/54/380/517 361/24/361/487 
f 367/27/367/490 386/64/386/521 387/55/387/522 
f 367/27/367/490 387/55/387/522 368/28/368/491 
f 368/28/368/491 387/55/387/522 384/58/384/524 
f 368/28/368/491 384/58/384/524 365/30/365/493 
f 371/33/371/496 360/18/360/481 363/21/363/484 
f 371/33/371/496 363/21/363/484 372/34/372/497 
f 375/37/375/500 364/22/364/485 360/25/360/488 
f 375/37/375/500 360/25/360/488 371/38/371/501 
f 377/41/377/504 366/26/366/489 369/29/369/492 
f 377/41/377/504 369/29/369/492 378/42/378/505 
f 378/42/378/505 369/29/369/492 364/31/364/494 
f 378/42/378/505 364/31/364/494 375/44/375/507 
f 381/47/381/510 416/66/416/569 339/2/339/447 
f 381/47/381/510 339/2/339/447 382/48/382/511 
f 381/52/381/515 67/51/67/514 89/67/89/570 
f 381/52/381/515 89/67/89/570 416/68/416/571 
f 389/20/389/526 398/49/398/539 401/46/401/542 
f 389/20/389/526 401/46/401/542 390/19/390/527 
f 401/54/401/547 402/53/402/546 392/23/392/530 
f 401/54/401/547 392/23/392/530 390/24/390/529 
f 395/28/395/534 404/55/404/551 405/64/405/552 
f 395/28/395/534 405/64/405/552 396/27/396/535 
f 392/30/392/538 402/58/402/553 404/55/404/551 
f 392/30/392/538 404/55/404/551 395/28/395/534 
f 399/48/399/540 351/2/351/463 417/66/417/572 
f 399/48/399/540 417/66/417/572 400/47/400/541 
f 400/52/400/543 417/68/417/573 313/228/313/574 
f 400/52/400/543 313/228/313/574 293/224/293/544 
f 403/63/403/550 296/225/296/549 314/229/314/575 
f 407/34/407/556 388/21/388/525 391/18/391/528 
f 407/34/407/556 391/18/391/528 408/33/408/557 
f 391/25/391/532 393/22/393/531 410/37/410/560 
f 391/25/391/532 410/37/410/560 408/38/408/559 
f 413/42/413/564 394/29/394/533 397/26/397/536 
f 413/42/413/564 397/26/397/536 414/41/414/565 
f 410/44/410/568 393/31/393/537 394/29/394/533 
f 410/44/410/568 394/29/394/533 413/42/413/564 
f 339/2/339/447 338/1/338/446 418/71/418/576 
f 339/2/339/447 418/71/418/576 382/48/382/511 
f 338/1/338/446 90/230/90/577 385/63/385/518 
f 338/1/338/446 385/63/385/518 418/71/418/576 
f 351/2/351/463 399/48/399/540 419/71/419/578 
f 351/2/351/463 419/71/419/578 352/1/352/464 
f 352/1/352/464 419/71/419/578 403/63/403/550 
f 352/1/352/464 403/63/403/550 314/229/314/575 
f 420/74/420/579 421/75/421/580 372/34/372/497 
f 420/74/420/579 372/34/372/497 363/21/363/484 
f 366/26/366/489 377/41/377/504 421/75/421/580 
f 366/26/366/489 421/75/421/580 420/74/420/579 
f 422/76/422/581 423/77/423/582 343/6/343/451 
f 422/76/422/581 343/6/343/451 373/35/373/498 
f 376/40/376/503 348/13/348/458 423/77/423/582 
f 376/40/376/503 423/77/423/582 422/76/422/581 
f 424/78/424/583 425/79/425/584 362/20/362/483 
f 424/78/424/583 362/20/362/483 383/49/383/512 
f 386/64/386/521 367/27/367/490 425/79/425/584 
f 386/64/386/521 425/79/425/584 424/78/424/583 
f 388/21/388/525 407/34/407/556 426/75/426/585 
f 388/21/388/525 426/75/426/585 427/74/427/586 
f 427/74/427/586 426/75/426/585 414/41/414/565 
f 427/74/427/586 414/41/414/565 397/26/397/536 
f 398/49/398/539 389/20/389/526 428/79/428/587 
f 398/49/398/539 428/79/428/587 429/78/429/588 
f 429/78/429/588 428/79/428/587 396/27/396/535 
f 429/78/429/588 396/27/396/535 405/64/405/552 
f 406/35/406/555 355/6/355/467 430/77/430/589 
f 406/35/406/555 430/77/430/589 431/76/431/590 
f 431/76/431/590 430/77/430/589 359/13/359/476 
f 431/76/431/590 359/13/359/476 415/40/415/566 
f 418/71/418/576 424/78/424/583 383/49/383/512 
f 418/71/418/576 383/49/383/512 382/48/382/511 
f 385/63/385/518 386/64/386/521 424/78/424/583 
f 385/63/385/518 424/78/424/583 418/71/418/576 
f 399/48/399/540 398/49/398/539 429/78/429/588 
f 399/48/399/540 429/78/429/588 419/71/419/578 
f 419/71/419/578 429/78/429/588 405/64/405/552 
f 419/71/419/578 405/64/405/552 403/63/403/550 
f 421/75/421/580 422/76/422/581 373/35/373/498 
f 421/75/421/580 373/35/373/498 372/34/372/497 
f 377/41/377/504 376/40/376/503 422/76/422/581 
f 377/41/377/504 422/76/422/581 421/75/421/580 
f 423/77/423/582 432/82/432/591 344/7/344/452 
f 423/77/423/582 344/7/344/452 343/6/343/451 
f 348/13/348/458 347/12/347/457 432/82/432/591 
f 348/13/348/458 432/82/432/591 423/77/423/582 
f 425/79/425/584 420/74/420/579 363/21/363/484 
f 425/79/425/584 363/21/363/484 362/20/362/483 
f 367/27/367/490 366/26/366/489 420/74/420/579 
f 367/27/367/490 420/74/420/579 425/79/425/584 
f 416/66/416/569 433/83/433/592 340/3/340/448 
f 416/66/416/569 340/3/340/448 339/2/339/447 
f 416/68/416/571 89/67/89/570 113/84/113/593 
f 416/68/416/571 113/84/113/593 433/85/433/594 
f 407/34/407/556 406/35/406/555 431/76/431/590 
f 407/34/407/556 431/76/431/590 426/75/426/585 
f 426/75/426/585 431/76/431/590 415/40/415/566 
f 426/75/426/585 415/40/415/566 414/41/414/565 
f 389/20/389/526 388/21/388/525 427/74/427/586 
f 389/20/389/526 427/74/427/586 428/79/428/587 
f 428/79/428/587 427/74/427/586 397/26/397/536 
f 428/79/428/587 397/26/397/536 396/27/396/535 
f 351/2/351/463 354/3/354/466 434/83/434/595 
f 351/2/351/463 434/83/434/595 417/66/417/572 
f 417/68/417/573 434/85/434/596 334/231/334/597 
f 417/68/417/573 334/231/334/597 313/228/313/574 
f 430/77/430/589 355/6/355/467 344/7/344/470 
f 430/77/430/589 344/7/344/470 432/82/432/598 
f 430/77/430/589 432/82/432/598 347/12/347/477 
f 430/77/430/589 347/12/347/477 359/13/359/476 
f 115/232/115/599 90/230/90/577 338/1/338/446 
f 115/232/115/599 338/1/338/446 337/0/337/445 
f 90/230/90/577 71/222/71/519 385/63/385/518 
f 336/233/336/600 353/0/353/465 352/1/352/464 
f 336/233/336/600 352/1/352/464 314/229/314/575 
f 435/0/435/601 436/1/436/602 437/2/437/603 
f 435/0/435/601 437/2/437/603 438/3/438/604 
f 439/4/439/605 440/5/440/606 441/6/441/607 
f 439/4/439/605 441/6/441/607 442/7/442/608 
f 439/8/439/609 443/9/443/610 444/10/444/611 
f 439/8/439/609 444/10/444/611 440/11/440/612 
f 445/12/445/613 446/13/446/614 447/14/447/615 
f 445/12/445/613 447/14/447/615 448/15/448/616 
f 448/15/448/616 447/14/447/615 444/16/444/617 
f 448/15/448/616 444/16/444/617 443/17/443/618 
f 449/2/449/619 450/1/450/620 451/0/451/621 
f 449/2/449/619 451/0/451/621 452/3/452/622 
f 453/6/453/623 454/5/454/624 439/4/439/625 
f 453/6/453/623 439/4/439/625 442/7/442/626 
f 439/8/439/627 454/11/454/628 455/10/455/629 
f 439/8/439/627 455/10/455/629 443/9/443/630 
f 456/14/456/631 457/13/457/632 445/12/445/633 
f 456/14/456/631 445/12/445/633 448/15/448/634 
f 455/16/455/635 456/14/456/631 448/15/448/634 
f 455/16/455/635 448/15/448/634 443/17/443/636 
f 458/18/458/637 459/19/459/638 460/20/460/639 
f 458/18/458/637 460/20/460/639 461/21/461/640 
f 462/22/462/641 463/23/463/642 459/24/459/643 
f 462/22/462/641 459/24/459/643 458/25/458/644 
f 464/26/464/645 465/27/465/646 466/28/466/647 
f 464/26/464/645 466/28/466/647 467/29/467/648 
f 467/29/467/648 466/28/466/647 463/30/463/649 
f 467/29/467/648 463/30/463/649 462/31/462/650 
f 468/32/468/651 469/33/469/652 470/34/470/653 
f 468/32/468/651 470/34/470/653 471/35/471/654 
f 472/36/472/655 473/37/473/656 469/38/469/657 
f 472/36/472/655 469/38/469/657 468/39/468/658 
f 474/40/474/659 475/41/475/660 476/42/476/661 
f 474/40/474/659 476/42/476/661 477/43/477/662 
f 477/43/477/662 476/42/476/661 473/44/473/663 
f 477/43/477/662 473/44/473/663 472/45/472/664 
f 478/46/478/665 479/47/479/666 480/48/480/667 
f 478/46/478/665 480/48/480/667 481/49/481/668 
f 271/50/271/669 270/51/270/670 479/52/479/671 
f 271/50/271/669 479/52/479/671 482/53/482/672 
f 478/54/478/673 482/53/482/672 479/52/479/671 
f 483/63/483/674 274/222/274/675 273/221/273/676 
f 483/63/483/674 273/221/273/676 484/64/484/677 
f 485/55/485/678 484/64/484/677 273/221/273/676 
f 485/55/485/678 273/221/273/676 271/220/271/679 
f 485/55/485/678 271/220/271/679 482/58/482/680 
f 486/21/486/681 487/20/487/682 488/19/488/683 
f 486/21/486/681 488/19/488/683 489/18/489/684 
f 488/24/488/685 490/23/490/686 491/22/491/687 
f 488/24/488/685 491/22/491/687 489/25/489/688 
f 492/29/492/689 493/28/493/690 494/27/494/691 
f 492/29/492/689 494/27/494/691 495/26/495/692 
f 491/31/491/693 490/30/490/694 493/28/493/690 
f 491/31/491/693 493/28/493/690 492/29/492/689 
f 496/49/496/695 497/48/497/696 498/47/498/697 
f 496/49/496/695 498/47/498/697 499/46/499/698 
f 498/52/498/699 500/59/500/700 501/60/501/701 
f 498/52/498/699 501/60/501/701 502/53/502/702 
f 499/54/499/703 498/52/498/699 502/53/502/702 
f 503/61/503/704 504/62/504/705 505/63/505/706 
f 503/61/503/704 505/63/505/706 506/55/506/707 
f 507/64/507/708 506/55/506/707 505/63/505/706 
f 502/58/502/709 501/65/501/710 503/61/503/704 
f 502/58/502/709 503/61/503/704 506/55/506/707 
f 508/35/508/711 509/34/509/712 510/33/510/713 
f 508/35/508/711 510/33/510/713 511/32/511/714 
f 510/38/510/715 512/37/512/716 513/36/513/717 
f 510/38/510/715 513/36/513/717 511/39/511/718 
f 514/43/514/719 515/42/515/720 516/41/516/721 
f 514/43/514/719 516/41/516/721 517/40/517/722 
f 513/45/513/723 512/44/512/724 515/42/515/720 
f 513/45/513/723 515/42/515/720 514/43/514/719 
f 440/5/440/606 468/32/468/651 471/35/471/654 
f 440/5/440/606 471/35/471/654 441/6/441/607 
f 444/10/444/611 472/36/472/655 468/39/468/658 
f 444/10/444/611 468/39/468/658 440/11/440/612 
f 446/13/446/614 474/40/474/659 477/43/477/662 
f 446/13/446/614 477/43/477/662 447/14/447/615 
f 447/14/447/615 477/43/477/662 472/45/472/664 
f 447/14/447/615 472/45/472/664 444/16/444/617 
f 453/6/453/623 508/35/508/711 511/32/511/714 
f 453/6/453/623 511/32/511/714 454/5/454/624 
f 511/39/511/718 513/36/513/717 455/10/455/629 
f 511/39/511/718 455/10/455/629 454/11/454/628 
f 456/14/456/631 514/43/514/719 517/40/517/722 
f 456/14/456/631 517/40/517/722 457/13/457/632 
f 455/16/455/635 513/45/513/723 514/43/514/719 
f 455/16/455/635 514/43/514/719 456/14/456/631 
f 459/19/459/638 478/46/478/665 481/49/481/668 
f 459/19/459/638 481/49/481/668 460/20/460/639 
f 463/23/463/642 482/53/482/672 478/54/478/673 
f 463/23/463/642 478/54/478/673 459/24/459/643 
f 465/27/465/646 484/64/484/677 485/55/485/678 
f 465/27/465/646 485/55/485/678 466/28/466/647 
f 466/28/466/647 485/55/485/678 482/58/482/680 
f 466/28/466/647 482/58/482/680 463/30/463/649 
f 469/33/469/652 458/18/458/637 461/21/461/640 
f 469/33/469/652 461/21/461/640 470/34/470/653 
f 473/37/473/656 462/22/462/641 458/25/458/644 
f 473/37/473/656 458/25/458/644 469/38/469/657 
f 475/41/475/660 464/26/464/645 467/29/467/648 
f 475/41/475/660 467/29/467/648 476/42/476/661 
f 476/42/476/661 467/29/467/648 462/31/462/650 
f 476/42/476/661 462/31/462/650 473/44/473/663 
f 479/47/479/666 518/66/518/725 437/2/437/603 
f 479/47/479/666 437/2/437/603 480/48/480/667 
f 479/52/479/671 270/51/270/670 311/67/311/726 
f 479/52/479/671 311/67/311/726 518/68/518/727 
f 487/20/487/682 496/49/496/695 499/46/499/698 
f 487/20/487/682 499/46/499/698 488/19/488/683 
f 499/54/499/703 502/53/502/702 490/23/490/686 
f 499/54/499/703 490/23/490/686 488/24/488/685 
f 493/28/493/690 506/55/506/707 507/64/507/708 
f 493/28/493/690 507/64/507/708 494/27/494/691 
f 490/30/490/694 502/58/502/709 506/55/506/707 
f 490/30/490/694 506/55/506/707 493/28/493/690 
f 497/48/497/696 449/2/449/619 519/66/519/728 
f 497/48/497/696 519/66/519/728 498/47/498/697 
f 498/52/498/699 519/68/519/729 520/69/520/730 
f 498/52/498/699 520/69/520/730 500/59/500/700 
f 505/63/505/706 504/62/504/705 521/70/521/731 
f 509/34/509/712 486/21/486/681 489/18/489/684 
f 509/34/509/712 489/18/489/684 510/33/510/713 
f 489/25/489/688 491/22/491/687 512/37/512/716 
f 489/25/489/688 512/37/512/716 510/38/510/715 
f 515/42/515/720 492/29/492/689 495/26/495/692 
f 515/42/515/720 495/26/495/692 516/41/516/721 
f 512/44/512/724 491/31/491/693 492/29/492/689 
f 512/44/512/724 492/29/492/689 515/42/515/720 
f 437/2/437/603 436/1/436/602 522/71/522/732 
f 437/2/437/603 522/71/522/732 480/48/480/667 
f 436/1/436/602 316/230/316/733 483/63/483/674 
f 436/1/436/602 483/63/483/674 522/71/522/732 
f 449/2/449/619 497/48/497/696 523/71/523/734 
f 449/2/449/619 523/71/523/734 450/1/450/620 
f 524/74/524/735 525/75/525/736 470/34/470/653 
f 524/74/524/735 470/34/470/653 461/21/461/640 
f 464/26/464/645 475/41/475/660 525/75/525/736 
f 464/26/464/645 525/75/525/736 524/74/524/735 
f 526/76/526/737 527/77/527/738 441/6/441/607 
f 526/76/526/737 441/6/441/607 471/35/471/654 
f 474/40/474/659 446/13/446/614 527/77/527/738 
f 474/40/474/659 527/77/527/738 526/76/526/737 
f 528/78/528/739 529/79/529/740 460/20/460/639 
f 528/78/528/739 460/20/460/639 481/49/481/668 
f 484/64/484/677 465/27/465/646 529/79/529/740 
f 484/64/484/677 529/79/529/740 528/78/528/739 
f 486/21/486/681 509/34/509/712 530/75/530/741 
f 486/21/486/681 530/75/530/741 531/74/531/742 
f 531/74/531/742 530/75/530/741 516/41/516/721 
f 531/74/531/742 516/41/516/721 495/26/495/692 
f 496/49/496/695 487/20/487/682 532/79/532/743 
f 496/49/496/695 532/79/532/743 533/78/533/744 
f 533/78/533/744 532/79/532/743 494/27/494/691 
f 533/78/533/744 494/27/494/691 507/64/507/708 
f 508/35/508/711 453/6/453/623 534/77/534/745 
f 508/35/508/711 534/77/534/745 535/76/535/746 
f 535/76/535/746 534/77/534/745 457/13/457/632 
f 535/76/535/746 457/13/457/632 517/40/517/722 
f 522/71/522/732 528/78/528/739 481/49/481/668 
f 522/71/522/732 481/49/481/668 480/48/480/667 
f 483/63/483/674 484/64/484/677 528/78/528/739 
f 483/63/483/674 528/78/528/739 522/71/522/732 
f 497/48/497/696 496/49/496/695 533/78/533/744 
f 497/48/497/696 533/78/533/744 523/71/523/734 
f 523/71/523/734 533/78/533/744 507/64/507/708 
f 523/71/523/734 507/64/507/708 505/63/505/706 
f 525/75/525/736 526/76/526/737 471/35/471/654 
f 525/75/525/736 471/35/471/654 470/34/470/653 
f 475/41/475/660 474/40/474/659 526/76/526/737 
f 475/41/475/660 526/76/526/737 525/75/525/736 
f 527/77/527/738 536/82/536/747 442/7/442/608 
f 527/77/527/738 442/7/442/608 441/6/441/607 
f 446/13/446/614 445/12/445/613 536/82/536/747 
f 446/13/446/614 536/82/536/747 527/77/527/738 
f 529/79/529/740 524/74/524/735 461/21/461/640 
f 529/79/529/740 461/21/461/640 460/20/460/639 
f 465/27/465/646 464/26/464/645 524/74/524/735 
f 465/27/465/646 524/74/524/735 529/79/529/740 
f 518/66/518/725 537/83/537/748 438/3/438/604 
f 518/66/518/725 438/3/438/604 437/2/437/603 
f 518/68/518/727 311/67/311/726 332/84/332/749 
f 518/68/518/727 332/84/332/749 537/85/537/750 
f 509/34/509/712 508/35/508/711 535/76/535/746 
f 509/34/509/712 535/76/535/746 530/75/530/741 
f 530/75/530/741 535/76/535/746 517/40/517/722 
f 530/75/530/741 517/40/517/722 516/41/516/721 
f 487/20/487/682 486/21/486/681 531/74/531/742 
f 487/20/487/682 531/74/531/742 532/79/532/743 
f 532/79/532/743 531/74/531/742 495/26/495/692 
f 532/79/532/743 495/26/495/692 494/27/494/691 
f 449/2/449/619 452/3/452/622 538/83/538/751 
f 449/2/449/619 538/83/538/751 519/66/519/728 
f 519/68/519/729 538/85/538/752 539/86/539/753 
f 519/68/519/729 539/86/539/753 520/69/520/730 
f 534/77/534/745 453/6/453/623 442/7/442/626 
f 534/77/534/745 442/7/442/626 536/82/536/754 
f 534/77/534/745 536/82/536/754 445/12/445/633 
f 534/77/534/745 445/12/445/633 457/13/457/632 
f 335/232/335/755 316/230/316/733 436/1/436/602 
f 335/232/335/755 436/1/436/602 435/0/435/601 
f 274/222/274/675 483/63/483/674 316/230/316/733 
f 540/88/540/756 451/0/451/621 450/1/450/620 
f 540/88/540/756 450/1/450/620 521/70/521/731 
f 521/70/521/731 450/1/450/620 523/71/523/734 
f 521/70/521/731 523/71/523/734 505/63/505/706 
f 541/2/541/757 542/1/542/758 543/0/543/759 
f 541/2/541/757 543/0/543/759 544/3/544/760 
f 545/6/545/761 546/5/546/762 547/4/547/763 
f 545/6/545/761 547/4/547/763 548/7/548/764 
f 547/8/547/765 546/11/546/766 549/10/549/767 
f 547/8/547/765 549/10/549/767 550/9/550/768 
f 551/14/551/769 552/13/552/770 553/12/553/771 
f 551/14/551/769 553/12/553/771 554/15/554/772 
f 549/16/549/773 551/14/551/769 554/15/554/772 
f 549/16/549/773 554/15/554/772 550/17/550/774 
f 555/0/555/775 556/1/556/776 557/2/557/777 
f 555/0/555/775 557/2/557/777 558/3/558/778 
f 547/4/547/779 559/5/559/780 560/6/560/781 
f 547/4/547/779 560/6/560/781 548/7/548/782 
f 547/8/547/783 550/9/550/784 561/10/561/785 
f 547/8/547/783 561/10/561/785 559/11/559/786 
f 553/12/553/787 562/13/562/788 563/14/563/789 
f 553/12/553/787 563/14/563/789 554/15/554/790 
f 554/15/554/790 563/14/563/789 561/16/561/791 
f 554/15/554/790 561/16/561/791 550/17/550/792 
f 564/20/564/793 565/19/565/794 566/18/566/795 
f 564/20/564/793 566/18/566/795 567/21/567/796 
f 565/24/565/797 568/23/568/798 569/22/569/799 
f 565/24/565/797 569/22/569/799 566/25/566/800 
f 570/28/570/801 571/27/571/802 572/26/572/803 
f 570/28/570/801 572/26/572/803 573/29/573/804 
f 568/30/568/805 570/28/570/801 573/29/573/804 
f 568/30/568/805 573/29/573/804 569/31/569/806 
f 574/34/574/807 575/33/575/808 576/32/576/809 
f 574/34/574/807 576/32/576/809 577/35/577/810 
f 575/38/575/811 578/37/578/812 579/36/579/813 
f 575/38/575/811 579/36/579/813 576/39/576/814 
f 580/42/580/815 581/41/581/816 582/40/582/817 
f 580/42/580/815 582/40/582/817 583/43/583/818 
f 578/44/578/819 580/42/580/815 583/43/583/818 
f 578/44/578/819 583/43/583/818 579/45/579/820 
f 584/48/584/821 585/47/585/822 586/46/586/823 
f 584/48/584/821 586/46/586/823 587/49/587/824 
f 585/52/585/825 588/51/270/826 589/50/588/827 
f 585/52/585/825 589/50/588/827 590/53/589/828 
f 586/54/586/829 585/52/585/825 590/53/589/828 
f 591/57/590/830 592/56/591/831 593/55/592/832 
f 591/57/590/830 593/55/592/832 590/58/589/833 
f 594/19/593/834 595/20/594/835 596/21/595/836 
f 594/19/593/834 596/21/595/836 597/18/596/837 
f 598/23/597/838 594/24/593/839 597/25/596/840 
f 598/23/597/838 597/25/596/840 599/22/598/841 
f 600/27/599/842 601/28/600/843 602/29/601/844 
f 600/27/599/842 602/29/601/844 603/26/602/845 
f 601/28/600/843 598/30/597/846 599/31/598/847 
f 601/28/600/843 599/31/598/847 602/29/601/844 
f 604/47/603/848 605/48/604/849 606/49/605/850 
f 604/47/603/848 606/49/605/850 607/46/606/851 
f 501/60/501/852 500/59/500/853 604/52/603/854 
f 501/60/501/852 604/52/603/854 607/54/606/855 
f 608/53/607/856 501/60/501/852 607/54/606/855 
f 609/63/608/857 504/62/504/858 503/61/503/859 
f 609/63/608/857 503/61/503/859 610/55/609/860 
f 611/64/610/861 609/63/608/857 610/55/609/860 
f 503/61/503/859 501/65/501/862 608/58/607/863 
f 503/61/503/859 608/58/607/863 610/55/609/860 
f 612/33/611/864 613/34/612/865 614/35/613/866 
f 612/33/611/864 614/35/613/866 615/32/614/867 
f 616/37/615/868 612/38/611/869 615/39/614/870 
f 616/37/615/868 615/39/614/870 617/36/616/871 
f 618/41/617/872 619/42/618/873 620/43/619/874 
f 618/41/617/872 620/43/619/874 621/40/620/875 
f 619/42/618/873 616/44/615/876 617/45/616/877 
f 619/42/618/873 617/45/616/877 620/43/619/874 
f 577/35/577/810 576/32/576/809 546/5/546/762 
f 577/35/577/810 546/5/546/762 545/6/545/761 
f 576/39/576/814 579/36/579/813 549/10/549/767 
f 576/39/576/814 549/10/549/767 546/11/546/766 
f 583/43/583/818 582/40/582/817 552/13/552/770 
f 583/43/583/818 552/13/552/770 551/14/551/769 
f 579/45/579/820 583/43/583/818 551/14/551/769 
f 579/45/579/820 551/14/551/769 549/16/549/773 
f 615/32/614/867 614/35/613/866 560/6/560/781 
f 615/32/614/867 560/6/560/781 559/5/559/780 
f 617/36/616/871 615/39/614/870 559/11/559/786 
f 617/36/616/871 559/11/559/786 561/10/561/785 
f 621/40/620/875 620/43/619/874 563/14/563/789 
f 621/40/620/875 563/14/563/789 562/13/562/788 
f 620/43/619/874 617/45/616/877 561/16/561/791 
f 620/43/619/874 561/16/561/791 563/14/563/789 
f 587/49/587/824 586/46/586/823 565/19/565/794 
f 587/49/587/824 565/19/565/794 564/20/564/793 
f 586/54/586/829 590/53/589/828 568/23/568/798 
f 586/54/586/829 568/23/568/798 565/24/565/797 
f 593/55/592/832 622/64/621/878 571/27/571/802 
f 593/55/592/832 571/27/571/802 570/28/570/801 
f 590/58/589/833 593/55/592/832 570/28/570/801 
f 590/58/589/833 570/28/570/801 568/30/568/805 
f 567/21/567/796 566/18/566/795 575/33/575/808 
f 567/21/567/796 575/33/575/808 574/34/574/807 
f 566/25/566/800 569/22/569/799 578/37/578/812 
f 566/25/566/800 578/37/578/812 575/38/575/811 
f 573/29/573/804 572/26/572/803 581/41/581/816 
f 573/29/573/804 581/41/581/816 580/42/580/815 
f 569/31/569/806 573/29/573/804 580/42/580/815 
f 569/31/569/806 580/42/580/815 578/44/578/819 
f 541/2/541/757 623/66/622/879 585/47/585/822 
f 541/2/541/757 585/47/585/822 584/48/584/821 
f 585/52/585/825 623/68/622/880 624/67/623/881 
f 585/52/585/825 624/67/623/881 588/51/270/826 
f 607/46/606/851 606/49/605/850 595/20/594/835 
f 607/46/606/851 595/20/594/835 594/19/593/834 
f 608/53/607/856 607/54/606/855 594/24/593/839 
f 608/53/607/856 594/24/593/839 598/23/597/838 
f 611/64/610/861 610/55/609/860 601/28/600/843 
f 611/64/610/861 601/28/600/843 600/27/599/842 
f 610/55/609/860 608/58/607/863 598/30/597/846 
f 610/55/609/860 598/30/597/846 601/28/600/843 
f 625/66/624/882 557/2/557/777 605/48/604/849 
f 625/66/624/882 605/48/604/849 604/47/603/848 
f 520/69/520/883 625/68/624/884 604/52/603/854 
f 520/69/520/883 604/52/603/854 500/59/500/853 
f 609/63/608/857 521/70/521/885 504/62/504/858 
f 597/18/596/837 596/21/595/836 613/34/612/865 
f 597/18/596/837 613/34/612/865 612/33/611/864 
f 599/22/598/841 597/25/596/840 612/38/611/869 
f 599/22/598/841 612/38/611/869 616/37/615/868 
f 603/26/602/845 602/29/601/844 619/42/618/873 
f 603/26/602/845 619/42/618/873 618/41/617/872 
f 602/29/601/844 599/31/598/847 616/44/615/876 
f 602/29/601/844 616/44/615/876 619/42/618/873 
f 541/2/541/757 584/48/584/821 626/71/625/886 
f 541/2/541/757 626/71/625/886 542/1/542/758 
f 542/1/542/758 626/71/625/886 627/73/626/887 
f 542/1/542/758 627/73/626/887 628/72/627/888 
f 629/71/628/889 605/48/604/849 557/2/557/777 
f 629/71/628/889 557/2/557/777 556/1/556/776 
f 574/34/574/807 630/75/629/890 631/74/630/891 
f 574/34/574/807 631/74/630/891 567/21/567/796 
f 630/75/629/890 581/41/581/816 572/26/572/803 
f 630/75/629/890 572/26/572/803 631/74/630/891 
f 545/6/545/761 632/77/631/892 633/76/632/893 
f 545/6/545/761 633/76/632/893 577/35/577/810 
f 632/77/631/892 552/13/552/770 582/40/582/817 
f 632/77/631/892 582/40/582/817 633/76/632/893 
f 564/20/564/793 634/79/633/894 635/78/634/895 
f 564/20/564/793 635/78/634/895 587/49/587/824 
f 634/79/633/894 571/27/571/802 622/64/621/878 
f 634/79/633/894 622/64/621/878 635/78/634/895 
f 636/75/635/896 613/34/612/865 596/21/595/836 
f 636/75/635/896 596/21/595/836 637/74/636/897 
f 618/41/617/872 636/75/635/896 637/74/636/897 
f 618/41/617/872 637/74/636/897 603/26/602/845 
f 638/79/637/898 595/20/594/835 606/49/605/850 
f 638/79/637/898 606/49/605/850 639/78/638/899 
f 600/27/599/842 638/79/637/898 639/78/638/899 
f 600/27/599/842 639/78/638/899 611/64/610/861 
f 640/77/639/900 560/6/560/781 614/35/613/866 
f 640/77/639/900 614/35/613/866 641/76/640/901 
f 562/13/562/788 640/77/639/900 641/76/640/901 
f 562/13/562/788 641/76/640/901 621/40/620/875 
f 587/49/587/824 635/78/634/895 626/71/625/886 
f 587/49/587/824 626/71/625/886 584/48/584/821 
f 635/78/634/895 622/64/621/878 642/80/641/902 
f 635/78/634/895 642/80/641/902 643/81/642/903 
f 626/71/625/886 635/78/634/895 643/81/642/903 
f 639/78/638/899 606/49/605/850 605/48/604/849 
f 639/78/638/899 605/48/604/849 629/71/628/889 
f 611/64/610/861 639/78/638/899 629/71/628/889 
f 611/64/610/861 629/71/628/889 609/63/608/857 
f 577/35/577/810 633/76/632/893 630/75/629/890 
f 577/35/577/810 630/75/629/890 574/34/574/807 
f 633/76/632/893 582/40/582/817 581/41/581/816 
f 633/76/632/893 581/41/581/816 630/75/629/890 
f 548/7/548/764 644/82/643/904 632/77/631/892 
f 548/7/548/764 632/77/631/892 545/6/545/761 
f 644/82/643/904 553/12/553/771 552/13/552/770 
f 644/82/643/904 552/13/552/770 632/77/631/892 
f 567/21/567/796 631/74/630/891 634/79/633/894 
f 567/21/567/796 634/79/633/894 564/20/564/793 
f 631/74/630/891 572/26/572/803 571/27/571/802 
f 631/74/630/891 571/27/571/802 634/79/633/894 
f 544/3/544/760 645/83/644/905 623/66/622/879 
f 544/3/544/760 623/66/622/879 541/2/541/757 
f 623/68/622/880 645/85/644/906 646/84/645/907 
f 623/68/622/880 646/84/645/907 624/67/623/881 
f 641/76/640/901 614/35/613/866 613/34/612/865 
f 641/76/640/901 613/34/612/865 636/75/635/896 
f 621/40/620/875 641/76/640/901 636/75/635/896 
f 621/40/620/875 636/75/635/896 618/41/617/872 
f 637/74/636/897 596/21/595/836 595/20/594/835 
f 637/74/636/897 595/20/594/835 638/79/637/898 
f 603/26/602/845 637/74/636/897 638/79/637/898 
f 603/26/602/845 638/79/637/898 600/27/599/842 
f 647/83/646/908 558/3/558/778 557/2/557/777 
f 647/83/646/908 557/2/557/777 625/66/624/882 
f 539/86/539/909 647/85/646/910 625/68/624/884 
f 539/86/539/909 625/68/624/884 520/69/520/883 
f 640/77/639/900 644/82/643/911 548/7/548/782 
f 640/77/639/900 548/7/548/782 560/6/560/781 
f 553/12/553/787 644/82/643/911 640/77/639/900 
f 553/12/553/787 640/77/639/900 562/13/562/788 
f 648/87/647/912 543/0/543/759 542/1/542/758 
f 648/87/647/912 542/1/542/758 628/72/627/888 
f 540/88/540/913 521/70/521/885 556/1/556/776 
f 540/88/540/913 556/1/556/776 555/0/555/775 
f 521/70/521/885 609/63/608/857 629/71/628/889 
f 521/70/521/885 629/71/628/889 556/1/556/776 
f 622/64/621/878 593/55/592/832 592/56/591/831 
f 622/64/621/878 592/56/591/831 642/80/641/902 
f 649/189/648/914 650/197/649/915 651/234/650/916 
f 649/189/648/914 651/234/650/916 652/235/651/917 
f 650/197/649/915 653/198/652/918 654/236/653/919 
f 650/197/649/915 654/236/653/919 651/234/650/916 
f 653/198/652/918 655/192/654/920 656/237/655/921 
f 653/198/652/918 656/237/655/921 654/236/653/919 
f 657/91/656/922 658/90/657/923 659/89/658/924 
f 657/91/656/922 659/89/658/924 660/92/659/925 
f 658/90/657/923 661/94/660/926 662/93/661/927 
f 658/90/657/923 662/93/661/927 659/89/658/924 
f 663/97/662/928 664/96/663/929 665/95/664/930 
f 663/97/662/928 665/95/664/930 666/98/665/931 
f 661/99/660/932 663/97/662/928 666/98/665/931 
f 661/99/660/932 666/98/665/931 662/100/661/933 
f 667/103/666/934 668/102/667/935 669/101/668/936 
f 667/103/666/934 669/101/668/936 660/92/659/925 
f 668/102/667/935 670/105/669/937 671/104/670/938 
f 668/102/667/935 671/104/670/938 669/101/668/936 
f 670/105/669/937 672/106/671/939 665/95/664/930 
f 670/105/669/937 665/95/664/930 671/104/670/938 
f 673/109/672/940 674/108/673/941 675/107/674/942 
f 673/109/672/940 675/107/674/942 676/110/675/943 
f 674/108/673/941 677/112/676/944 678/111/677/945 
f 674/108/673/941 678/111/677/945 675/107/674/942 
f 678/113/677/946 677/116/676/947 679/115/678/948 
f 678/113/677/946 679/115/678/948 680/114/679/949 
f 681/119/680/950 682/118/681/951 683/117/682/952 
f 681/119/680/950 683/117/682/952 684/120/683/953 
f 682/118/681/951 685/122/684/954 686/121/685/955 
f 682/118/681/951 686/121/685/955 683/117/682/952 
f 685/122/684/954 687/124/686/956 688/123/687/957 
f 685/122/684/954 688/123/687/957 686/121/685/955 
f 689/127/688/958 690/126/689/959 691/125/690/960 
f 689/127/688/958 691/125/690/960 684/120/683/953 
f 690/126/689/959 692/129/691/961 693/128/692/962 
f 690/126/689/959 693/128/692/962 691/125/690/960 
f 694/131/693/963 695/130/694/964 688/123/687/957 
f 694/131/693/963 688/123/687/957 696/132/695/965 
f 692/133/691/966 694/131/693/963 696/132/695/965 
f 692/133/691/966 696/132/695/965 693/134/692/967 
f 676/110/675/943 697/137/696/968 698/136/697/969 
f 676/110/675/943 698/136/697/969 699/135/698/970 
f 698/136/697/969 700/139/699/971 701/138/700/972 
f 698/136/697/969 701/138/700/972 699/135/698/970 
f 701/138/700/972 700/139/699/971 628/141/627/973 
f 701/138/700/972 628/141/627/973 627/140/626/974 
f 702/144/701/975 703/143/702/976 704/142/703/977 
f 702/144/701/975 704/142/703/977 705/145/704/978 
f 704/142/703/977 703/143/702/976 706/147/705/979 
f 704/142/703/977 706/147/705/979 707/146/706/980 
f 706/150/705/981 708/149/707/982 709/148/708/983 
f 706/150/705/981 709/148/708/983 707/151/706/984 
f 689/127/688/958 710/153/709/985 711/152/710/986 
f 689/127/688/958 711/152/710/986 712/154/711/987 
f 710/153/709/985 713/156/712/988 714/155/713/989 
f 710/153/709/985 714/155/713/989 711/152/710/986 
f 713/156/712/988 695/130/694/964 715/157/714/990 
f 713/156/712/988 715/157/714/990 714/155/713/989 
f 681/119/680/950 716/159/715/991 717/158/716/992 
f 681/119/680/950 717/158/716/992 718/160/717/993 
f 716/159/715/991 719/162/718/994 720/161/719/995 
f 716/159/715/991 720/161/719/995 717/158/716/992 
f 721/164/720/996 687/124/686/956 722/163/721/997 
f 721/164/720/996 722/163/721/997 723/165/722/998 
f 719/166/718/999 721/164/720/996 723/165/722/998 
f 719/166/718/999 723/165/722/998 720/167/719/1000 
f 724/168/723/1001 673/109/672/940 725/170/724/1002 
f 724/168/723/1001 725/170/724/1002 726/169/725/1003 
f 725/170/724/1002 727/172/726/1004 728/171/727/1005 
f 725/170/724/1002 728/171/727/1005 726/169/725/1003 
f 728/171/727/1005 727/172/726/1004 729/174/728/1006 
f 728/171/727/1005 729/174/728/1006 730/173/729/1007 
f 667/103/666/934 731/176/730/1008 732/175/731/1009 
f 667/103/666/934 732/175/731/1009 724/168/723/1001 
f 731/176/730/1008 733/178/732/1010 734/177/733/1011 
f 731/176/730/1008 734/177/733/1011 732/175/731/1009 
f 735/179/734/1012 672/106/671/939 730/173/729/1007 
f 735/179/734/1012 730/173/729/1007 736/180/735/1013 
f 733/181/732/1014 735/179/734/1012 736/180/735/1013 
f 733/181/732/1014 736/180/735/1013 734/182/733/1015 
f 657/91/656/922 737/184/736/1016 738/183/737/1017 
f 657/91/656/922 738/183/737/1017 718/160/717/993 
f 737/184/736/1016 739/186/738/1018 740/185/739/1019 
f 737/184/736/1016 740/185/739/1019 738/183/737/1017 
f 739/186/738/1018 664/96/663/929 722/163/721/997 
f 739/186/738/1018 722/163/721/997 740/185/739/1019 
f 649/189/648/914 741/188/740/1020 742/187/741/1021 
f 649/189/648/914 742/187/741/1021 712/154/711/987 
f 741/188/740/1020 743/191/742/1022 744/190/743/1023 
f 741/188/740/1020 744/190/743/1023 742/187/741/1021 
f 745/193/744/1024 655/192/654/920 715/157/714/990 
f 745/193/744/1024 715/157/714/990 746/194/745/1025 
f 743/195/742/1026 745/193/744/1024 746/194/745/1025 
f 743/195/742/1026 746/194/745/1025 744/196/743/1027 
f 712/154/711/987 711/152/710/986 650/197/649/915 
f 712/154/711/987 650/197/649/915 649/189/648/914 
f 711/152/710/986 714/155/713/989 653/198/652/918 
f 711/152/710/986 653/198/652/918 650/197/649/915 
f 714/155/713/989 715/157/714/990 655/192/654/920 
f 714/155/713/989 655/192/654/920 653/198/652/918 
f 718/160/717/993 717/158/716/992 658/90/657/923 
f 718/160/717/993 658/90/657/923 657/91/656/922 
f 717/158/716/992 720/161/719/995 661/94/660/926 
f 717/158/716/992 661/94/660/926 658/90/657/923 
f 723/165/722/998 722/163/721/997 664/96/663/929 
f 723/165/722/998 664/96/663/929 663/97/662/928 
f 720/167/719/1000 723/165/722/998 663/97/662/928 
f 720/167/719/1000 663/97/662/928 661/99/660/932 
f 724/168/723/1001 726/169/725/1003 668/102/667/935 
f 724/168/723/1001 668/102/667/935 667/103/666/934 
f 726/169/725/1003 728/171/727/1005 670/105/669/937 
f 726/169/725/1003 670/105/669/937 668/102/667/935 
f 728/171/727/1005 730/173/729/1007 672/106/671/939 
f 728/171/727/1005 672/106/671/939 670/105/669/937 
f 724/168/723/1001 732/175/731/1009 674/108/673/941 
f 724/168/723/1001 674/108/673/941 673/109/672/940 
f 732/175/731/1009 734/177/733/1011 677/112/676/944 
f 732/175/731/1009 677/112/676/944 674/108/673/941 
f 736/180/735/1013 592/200/591/1028 591/199/590/1029 
f 736/180/735/1013 591/199/590/1029 734/182/733/1015 
f 677/116/676/947 734/182/733/1015 591/199/590/1029 
f 718/160/717/993 738/183/737/1017 682/118/681/951 
f 718/160/717/993 682/118/681/951 681/119/680/950 
f 738/183/737/1017 740/185/739/1019 685/122/684/954 
f 738/183/737/1017 685/122/684/954 682/118/681/951 
f 740/185/739/1019 722/163/721/997 687/124/686/956 
f 740/185/739/1019 687/124/686/956 685/122/684/954 
f 712/154/711/987 742/187/741/1021 690/126/689/959 
f 712/154/711/987 690/126/689/959 689/127/688/958 
f 742/187/741/1021 744/190/743/1023 692/129/691/961 
f 742/187/741/1021 692/129/691/961 690/126/689/959 
f 746/194/745/1025 715/157/714/990 695/130/694/964 
f 746/194/745/1025 695/130/694/964 694/131/693/963 
f 744/196/743/1027 746/194/745/1025 694/131/693/963 
f 744/196/743/1027 694/131/693/963 692/133/691/966 
f 697/137/696/968 702/144/701/975 747/201/746/1030 
f 697/137/696/968 747/201/746/1030 698/136/697/969 
f 747/201/746/1030 748/202/747/1031 700/139/699/971 
f 747/201/746/1030 700/139/699/971 698/136/697/969 
f 700/139/699/971 748/202/747/1031 648/203/647/1032 
f 700/139/699/971 648/203/647/1032 628/141/627/973 
f 676/110/675/943 675/107/674/942 749/204/748/1033 
f 676/110/675/943 749/204/748/1033 697/137/696/968 
f 675/107/674/942 678/111/677/945 750/205/749/1034 
f 675/107/674/942 750/205/749/1034 749/204/748/1033 
f 750/206/749/1035 678/113/677/946 680/114/679/949 
f 750/206/749/1035 680/114/679/949 751/207/750/1036 
f 684/120/683/953 683/117/682/952 710/153/709/985 
f 684/120/683/953 710/153/709/985 689/127/688/958 
f 683/117/682/952 686/121/685/955 713/156/712/988 
f 683/117/682/952 713/156/712/988 710/153/709/985 
f 686/121/685/955 688/123/687/957 695/130/694/964 
f 686/121/685/955 695/130/694/964 713/156/712/988 
f 684/120/683/953 691/125/690/960 716/159/715/991 
f 684/120/683/953 716/159/715/991 681/119/680/950 
f 691/125/690/960 693/128/692/962 719/162/718/994 
f 691/125/690/960 719/162/718/994 716/159/715/991 
f 696/132/695/965 688/123/687/957 687/124/686/956 
f 696/132/695/965 687/124/686/956 721/164/720/996 
f 693/134/692/967 696/132/695/965 721/164/720/996 
f 693/134/692/967 721/164/720/996 719/166/718/999 
f 673/109/672/940 676/110/675/943 699/135/698/970 
f 673/109/672/940 699/135/698/970 725/170/724/1002 
f 699/135/698/970 701/138/700/972 727/172/726/1004 
f 699/135/698/970 727/172/726/1004 725/170/724/1002 
f 701/138/700/972 627/140/626/974 643/208/642/1037 
f 701/138/700/972 643/208/642/1037 727/172/726/1004 
f 660/92/659/925 659/89/658/924 731/176/730/1008 
f 660/92/659/925 731/176/730/1008 667/103/666/934 
f 659/89/658/924 662/93/661/927 733/178/732/1010 
f 659/89/658/924 733/178/732/1010 731/176/730/1008 
f 666/98/665/931 665/95/664/930 672/106/671/939 
f 666/98/665/931 672/106/671/939 735/179/734/1012 
f 662/100/661/933 666/98/665/931 735/179/734/1012 
f 662/100/661/933 735/179/734/1012 733/181/732/1014 
f 660/92/659/925 669/101/668/936 737/184/736/1016 
f 660/92/659/925 737/184/736/1016 657/91/656/922 
f 669/101/668/936 671/104/670/938 739/186/738/1018 
f 669/101/668/936 739/186/738/1018 737/184/736/1016 
f 671/104/670/938 665/95/664/930 664/96/663/929 
f 671/104/670/938 664/96/663/929 739/186/738/1018 
f 652/235/651/917 752/238/751/1038 741/188/740/1020 
f 652/235/651/917 741/188/740/1020 649/189/648/914 
f 752/238/751/1038 753/239/752/1039 743/191/742/1022 
f 752/238/751/1038 743/191/742/1022 741/188/740/1020 
f 754/240/753/1040 656/237/655/921 655/192/654/920 
f 754/240/753/1040 655/192/654/920 745/193/744/1024 
f 753/241/752/1041 754/240/753/1040 745/193/744/1024 
f 753/241/752/1041 745/193/744/1024 743/195/742/1026 
f 592/200/591/1028 729/174/728/1006 642/215/641/1042 
f 697/137/696/968 749/204/748/1033 703/143/702/976 
f 697/137/696/968 703/143/702/976 702/144/701/975 
f 749/204/748/1033 750/205/749/1034 706/147/705/979 
f 749/204/748/1033 706/147/705/979 703/143/702/976 
f 750/206/749/1035 751/207/750/1036 708/149/707/982 
f 750/206/749/1035 708/149/707/982 706/150/705/981 
f 705/145/704/978 755/216/754/1043 747/201/746/1030 
f 705/145/704/978 747/201/746/1030 702/144/701/975 
f 755/216/754/1043 756/217/755/1044 748/202/747/1031 
f 755/216/754/1043 748/202/747/1031 747/201/746/1030 
f 748/202/747/1031 756/217/755/1044 757/218/756/1045 
f 748/202/747/1031 757/218/756/1045 648/203/647/1032 
f 626/71/625/886 643/81/642/903 627/73/626/887 
f 643/208/642/1037 642/215/641/1042 729/174/728/1006 
f 643/208/642/1037 729/174/728/1006 727/172/726/1004 
f 592/200/591/1028 736/180/735/1013 730/173/729/1007 
f 592/200/591/1028 730/173/729/1007 729/174/728/1006 
f 677/116/676/947 591/199/590/1029 679/115/678/948 
f 589/220/588/1046 679/219/678/1047 591/57/590/830 
f 589/220/588/1046 591/57/590/830 590/58/589/833 
f 208/197/208/265 202/189/202/257 216/210/216/278 
f 208/197/208/265 216/210/216/278 758/242/757/1048 
f 209/198/209/266 208/197/208/265 758/242/757/1048 
f 209/198/209/266 758/242/757/1048 759/243/758/1049 
f 205/192/205/260 209/198/209/266 759/243/758/1049 
f 205/192/205/260 759/243/758/1049 218/212/218/280 
f 760/2/759/1050 761/1/760/1051 762/0/761/1052 
f 760/2/759/1050 762/0/761/1052 763/3/762/1053 
f 764/6/763/1054 765/244/764/1055 766/245/765/1056 
f 764/6/763/1054 766/245/765/1056 767/7/766/1057 
f 766/8/765/1058 765/11/764/1059 768/10/767/1060 
f 766/8/765/1058 768/10/767/1060 769/9/768/1061 
f 770/14/769/1062 771/13/770/1063 772/12/771/1064 
f 770/14/769/1062 772/12/771/1064 773/15/772/1065 
f 768/16/767/1066 770/14/769/1062 773/15/772/1065 
f 768/16/767/1066 773/15/772/1065 769/17/768/1067 
f 774/0/773/1068 775/1/774/1069 776/2/775/1070 
f 774/0/773/1068 776/2/775/1070 777/3/776/1071 
f 766/245/765/1072 778/244/777/1073 779/6/778/1074 
f 766/245/765/1072 779/6/778/1074 767/7/766/1075 
f 766/8/765/1076 769/9/768/1077 780/10/779/1078 
f 766/8/765/1076 780/10/779/1078 778/11/777/1079 
f 772/12/771/1080 781/13/780/1081 782/14/781/1082 
f 772/12/771/1080 782/14/781/1082 773/15/772/1083 
f 773/15/772/1083 782/14/781/1082 780/16/779/1084 
f 773/15/772/1083 780/16/779/1084 769/17/768/1085 
f 783/20/782/1086 784/246/783/1087 785/247/784/1088 
f 783/20/782/1086 785/247/784/1088 786/21/785/1089 
f 784/24/783/1090 787/23/786/1091 788/22/787/1092 
f 784/24/783/1090 788/22/787/1092 785/25/784/1093 
f 789/28/788/1094 790/27/789/1095 791/26/790/1096 
f 789/28/788/1094 791/26/790/1096 792/29/791/1097 
f 787/30/786/1098 789/28/788/1094 792/29/791/1097 
f 787/30/786/1098 792/29/791/1097 788/31/787/1099 
f 793/34/792/1100 794/248/793/1101 795/249/794/1102 
f 793/34/792/1100 795/249/794/1102 796/35/795/1103 
f 794/38/793/1104 797/37/796/1105 798/36/797/1106 
f 794/38/793/1104 798/36/797/1106 795/39/794/1107 
f 799/42/798/1108 800/41/799/1109 801/40/800/1110 
f 799/42/798/1108 801/40/800/1110 802/43/801/1111 
f 797/44/796/1112 799/42/798/1108 802/43/801/1111 
f 797/44/796/1112 802/43/801/1111 798/45/797/1113 
f 803/48/802/1114 804/250/803/1115 805/251/804/1116 
f 803/48/802/1114 805/251/804/1116 806/49/805/1117 
f 804/52/803/1118 807/51/806/1119 808/50/807/1120 
f 804/52/803/1118 808/50/807/1120 809/53/808/1121 
f 805/54/804/1122 804/52/803/1118 809/53/808/1121 
f 810/57/809/1123 811/56/810/1124 812/55/811/1125 
f 810/57/809/1123 812/55/811/1125 809/58/808/1126 
f 813/246/812/1127 814/20/813/1128 815/21/814/1129 
f 813/246/812/1127 815/21/814/1129 816/247/815/1130 
f 817/23/816/1131 813/24/812/1132 816/25/815/1133 
f 817/23/816/1131 816/25/815/1133 818/22/817/1134 
f 819/27/818/1135 820/28/819/1136 821/29/820/1137 
f 819/27/818/1135 821/29/820/1137 822/26/821/1138 
f 820/28/819/1136 817/30/816/1139 818/31/817/1140 
f 820/28/819/1136 818/31/817/1140 821/29/820/1137 
f 823/250/822/1141 824/48/823/1142 825/49/824/1143 
f 823/250/822/1141 825/49/824/1143 826/251/825/1144 
f 827/60/826/1145 828/59/827/1146 823/52/822/1147 
f 827/60/826/1145 823/52/822/1147 826/54/825/1148 
f 829/53/828/1149 827/60/826/1145 826/54/825/1148 
f 830/63/829/1150 831/62/830/1151 832/61/831/1152 
f 830/63/829/1150 832/61/831/1152 833/55/832/1153 
f 834/64/833/1154 830/63/829/1150 833/55/832/1153 
f 832/61/831/1152 827/65/826/1155 829/58/828/1156 
f 832/61/831/1152 829/58/828/1156 833/55/832/1153 
f 835/248/834/1157 836/34/835/1158 837/35/836/1159 
f 835/248/834/1157 837/35/836/1159 838/249/837/1160 
f 839/37/838/1161 835/38/834/1162 838/39/837/1163 
f 839/37/838/1161 838/39/837/1163 840/36/839/1164 
f 841/41/840/1165 842/42/841/1166 843/43/842/1167 
f 841/41/840/1165 843/43/842/1167 844/40/843/1168 
f 842/42/841/1166 839/44/838/1169 840/45/839/1170 
f 842/42/841/1166 840/45/839/1170 843/43/842/1167 
f 796/35/795/1103 795/249/794/1102 765/244/764/1055 
f 796/35/795/1103 765/244/764/1055 764/6/763/1054 
f 795/39/794/1107 798/36/797/1106 768/10/767/1060 
f 795/39/794/1107 768/10/767/1060 765/11/764/1059 
f 802/43/801/1111 801/40/800/1110 771/13/770/1063 
f 802/43/801/1111 771/13/770/1063 770/14/769/1062 
f 798/45/797/1113 802/43/801/1111 770/14/769/1062 
f 798/45/797/1113 770/14/769/1062 768/16/767/1066 
f 838/249/837/1160 837/35/836/1159 779/6/778/1074 
f 838/249/837/1160 779/6/778/1074 778/244/777/1073 
f 840/36/839/1164 838/39/837/1163 778/11/777/1079 
f 840/36/839/1164 778/11/777/1079 780/10/779/1078 
f 844/40/843/1168 843/43/842/1167 782/14/781/1082 
f 844/40/843/1168 782/14/781/1082 781/13/780/1081 
f 843/43/842/1167 840/45/839/1170 780/16/779/1084 
f 843/43/842/1167 780/16/779/1084 782/14/781/1082 
f 806/49/805/1117 805/251/804/1116 784/246/783/1087 
f 806/49/805/1117 784/246/783/1087 783/20/782/1086 
f 805/54/804/1122 809/53/808/1121 787/23/786/1091 
f 805/54/804/1122 787/23/786/1091 784/24/783/1090 
f 812/55/811/1125 845/64/844/1171 790/27/789/1095 
f 812/55/811/1125 790/27/789/1095 789/28/788/1094 
f 809/58/808/1126 812/55/811/1125 789/28/788/1094 
f 809/58/808/1126 789/28/788/1094 787/30/786/1098 
f 786/21/785/1089 785/247/784/1088 794/248/793/1101 
f 786/21/785/1089 794/248/793/1101 793/34/792/1100 
f 785/25/784/1093 788/22/787/1092 797/37/796/1105 
f 785/25/784/1093 797/37/796/1105 794/38/793/1104 
f 792/29/791/1097 791/26/790/1096 800/41/799/1109 
f 792/29/791/1097 800/41/799/1109 799/42/798/1108 
f 788/31/787/1099 792/29/791/1097 799/42/798/1108 
f 788/31/787/1099 799/42/798/1108 797/44/796/1112 
f 760/2/759/1050 846/67/845/1172 804/250/803/1115 
f 760/2/759/1050 804/250/803/1115 803/48/802/1114 
f 804/52/803/1118 846/68/845/1173 847/67/846/1174 
f 804/52/803/1118 847/67/846/1174 807/51/806/1119 
f 826/251/825/1144 825/49/824/1143 814/20/813/1128 
f 826/251/825/1144 814/20/813/1128 813/246/812/1127 
f 829/53/828/1149 826/54/825/1148 813/24/812/1132 
f 829/53/828/1149 813/24/812/1132 817/23/816/1131 
f 834/64/833/1154 833/55/832/1153 820/28/819/1136 
f 834/64/833/1154 820/28/819/1136 819/27/818/1135 
f 833/55/832/1153 829/58/828/1156 817/30/816/1139 
f 833/55/832/1153 817/30/816/1139 820/28/819/1136 
f 848/67/847/1175 776/2/775/1070 824/48/823/1142 
f 848/67/847/1175 824/48/823/1142 823/250/822/1141 
f 849/69/848/1176 848/68/847/1177 823/52/822/1147 
f 849/69/848/1176 823/52/822/1147 828/59/827/1146 
f 830/63/829/1150 850/70/849/1178 831/62/830/1151 
f 816/247/815/1130 815/21/814/1129 836/34/835/1158 
f 816/247/815/1130 836/34/835/1158 835/248/834/1157 
f 818/22/817/1134 816/25/815/1133 835/38/834/1162 
f 818/22/817/1134 835/38/834/1162 839/37/838/1161 
f 822/26/821/1138 821/29/820/1137 842/42/841/1166 
f 822/26/821/1138 842/42/841/1166 841/41/840/1165 
f 821/29/820/1137 818/31/817/1140 839/44/838/1169 
f 821/29/820/1137 839/44/838/1169 842/42/841/1166 
f 760/2/759/1050 803/48/802/1114 851/71/850/1179 
f 760/2/759/1050 851/71/850/1179 761/1/760/1051 
f 761/1/760/1051 851/71/850/1179 852/73/851/1180 
f 761/1/760/1051 852/73/851/1180 853/72/852/1181 
f 854/71/853/1182 824/48/823/1142 776/2/775/1070 
f 854/71/853/1182 776/2/775/1070 775/1/774/1069 
f 793/34/792/1100 855/75/854/1183 856/74/855/1184 
f 793/34/792/1100 856/74/855/1184 786/21/785/1089 
f 855/75/854/1183 800/41/799/1109 791/26/790/1096 
f 855/75/854/1183 791/26/790/1096 856/74/855/1184 
f 764/6/763/1054 857/77/856/1185 858/76/857/1186 
f 764/6/763/1054 858/76/857/1186 796/35/795/1103 
f 857/77/856/1185 771/13/770/1063 801/40/800/1110 
f 857/77/856/1185 801/40/800/1110 858/76/857/1186 
f 783/20/782/1086 859/79/858/1187 860/78/859/1188 
f 783/20/782/1086 860/78/859/1188 806/49/805/1117 
f 859/79/858/1187 790/27/789/1095 845/64/844/1171 
f 859/79/858/1187 845/64/844/1171 860/78/859/1188 
f 861/75/860/1189 836/34/835/1158 815/21/814/1129 
f 861/75/860/1189 815/21/814/1129 862/74/861/1190 
f 841/41/840/1165 861/75/860/1189 862/74/861/1190 
f 841/41/840/1165 862/74/861/1190 822/26/821/1138 
f 863/79/862/1191 814/20/813/1128 825/49/824/1143 
f 863/79/862/1191 825/49/824/1143 864/78/863/1192 
f 819/27/818/1135 863/79/862/1191 864/78/863/1192 
f 819/27/818/1135 864/78/863/1192 834/64/833/1154 
f 865/77/864/1193 779/6/778/1074 837/35/836/1159 
f 865/77/864/1193 837/35/836/1159 866/76/865/1194 
f 781/13/780/1081 865/77/864/1193 866/76/865/1194 
f 781/13/780/1081 866/76/865/1194 844/40/843/1168 
f 806/49/805/1117 860/78/859/1188 851/71/850/1179 
f 806/49/805/1117 851/71/850/1179 803/48/802/1114 
f 860/78/859/1188 845/64/844/1171 867/80/866/1195 
f 860/78/859/1188 867/80/866/1195 868/81/867/1196 
f 851/71/850/1179 860/78/859/1188 868/81/867/1196 
f 864/78/863/1192 825/49/824/1143 824/48/823/1142 
f 864/78/863/1192 824/48/823/1142 854/71/853/1182 
f 834/64/833/1154 864/78/863/1192 854/71/853/1182 
f 834/64/833/1154 854/71/853/1182 830/63/829/1150 
f 796/35/795/1103 858/76/857/1186 855/75/854/1183 
f 796/35/795/1103 855/75/854/1183 793/34/792/1100 
f 858/76/857/1186 801/40/800/1110 800/41/799/1109 
f 858/76/857/1186 800/41/799/1109 855/75/854/1183 
f 767/7/766/1057 869/82/868/1197 857/77/856/1185 
f 767/7/766/1057 857/77/856/1185 764/6/763/1054 
f 869/82/868/1197 772/12/771/1064 771/13/770/1063 
f 869/82/868/1197 771/13/770/1063 857/77/856/1185 
f 786/21/785/1089 856/74/855/1184 859/79/858/1187 
f 786/21/785/1089 859/79/858/1187 783/20/782/1086 
f 856/74/855/1184 791/26/790/1096 790/27/789/1095 
f 856/74/855/1184 790/27/789/1095 859/79/858/1187 
f 763/3/762/1053 870/252/869/1198 846/67/845/1172 
f 763/3/762/1053 846/67/845/1172 760/2/759/1050 
f 846/68/845/1173 870/85/869/1199 871/84/846/1200 
f 846/68/845/1173 871/84/846/1200 847/67/846/1174 
f 866/76/865/1194 837/35/836/1159 836/34/835/1158 
f 866/76/865/1194 836/34/835/1158 861/75/860/1189 
f 844/40/843/1168 866/76/865/1194 861/75/860/1189 
f 844/40/843/1168 861/75/860/1189 841/41/840/1165 
f 862/74/861/1190 815/21/814/1129 814/20/813/1128 
f 862/74/861/1190 814/20/813/1128 863/79/862/1191 
f 822/26/821/1138 862/74/861/1190 863/79/862/1191 
f 822/26/821/1138 863/79/862/1191 819/27/818/1135 
f 872/252/870/1201 777/3/776/1071 776/2/775/1070 
f 872/252/870/1201 776/2/775/1070 848/67/847/1175 
f 873/86/871/1202 872/85/870/1203 848/68/847/1177 
f 873/86/871/1202 848/68/847/1177 849/69/848/1176 
f 865/77/864/1193 869/82/868/1204 767/7/766/1075 
f 865/77/864/1193 767/7/766/1075 779/6/778/1074 
f 772/12/771/1080 869/82/868/1204 865/77/864/1193 
f 772/12/771/1080 865/77/864/1193 781/13/780/1081 
f 874/87/872/1205 762/0/761/1052 761/1/760/1051 
f 874/87/872/1205 761/1/760/1051 853/72/852/1181 
f 875/88/873/1206 850/70/849/1178 775/1/774/1069 
f 875/88/873/1206 775/1/774/1069 774/0/773/1068 
f 850/70/849/1178 830/63/829/1150 854/71/853/1182 
f 850/70/849/1178 854/71/853/1182 775/1/774/1069 
f 845/64/844/1171 812/55/811/1125 811/56/810/1124 
f 845/64/844/1171 811/56/810/1124 867/80/866/1195 
f 876/91/874/1207 877/90/875/1208 878/89/876/1209 
f 876/91/874/1207 878/89/876/1209 879/92/877/1210 
f 877/90/875/1208 880/94/878/1211 881/93/879/1212 
f 877/90/875/1208 881/93/879/1212 878/89/876/1209 
f 882/97/880/1213 883/96/881/1214 884/95/882/1215 
f 882/97/880/1213 884/95/882/1215 885/98/883/1216 
f 880/99/878/1217 882/97/880/1213 885/98/883/1216 
f 880/99/878/1217 885/98/883/1216 881/100/879/1218 
f 886/103/884/1219 887/102/885/1220 888/101/886/1221 
f 886/103/884/1219 888/101/886/1221 879/92/877/1210 
f 887/102/885/1220 889/105/887/1222 890/104/888/1223 
f 887/102/885/1220 890/104/888/1223 888/101/886/1221 
f 889/105/887/1222 891/106/889/1224 884/95/882/1215 
f 889/105/887/1222 884/95/882/1215 890/104/888/1223 
f 892/109/890/1225 893/108/891/1226 894/107/892/1227 
f 892/109/890/1225 894/107/892/1227 895/110/893/1228 
f 893/108/891/1226 896/112/894/1229 897/111/895/1230 
f 893/108/891/1226 897/111/895/1230 894/107/892/1227 
f 897/113/895/1231 896/116/894/1232 898/115/896/1233 
f 897/113/895/1231 898/115/896/1233 899/114/897/1234 
f 900/119/898/1235 901/118/899/1236 902/117/900/1237 
f 900/119/898/1235 902/117/900/1237 903/120/901/1238 
f 901/118/899/1236 904/122/902/1239 905/121/903/1240 
f 901/118/899/1236 905/121/903/1240 902/117/900/1237 
f 904/122/902/1239 906/124/904/1241 907/123/905/1242 
f 904/122/902/1239 907/123/905/1242 905/121/903/1240 
f 908/127/906/1243 909/126/907/1244 910/125/908/1245 
f 908/127/906/1243 910/125/908/1245 903/120/901/1238 
f 909/126/907/1244 911/129/909/1246 912/128/910/1247 
f 909/126/907/1244 912/128/910/1247 910/125/908/1245 
f 913/131/911/1248 914/130/912/1249 907/123/905/1242 
f 913/131/911/1248 907/123/905/1242 915/132/913/1250 
f 911/133/909/1251 913/131/911/1248 915/132/913/1250 
f 911/133/909/1251 915/132/913/1250 912/134/910/1252 
f 895/110/893/1228 916/137/914/1253 917/136/915/1254 
f 895/110/893/1228 917/136/915/1254 918/135/916/1255 
f 917/136/915/1254 919/139/917/1256 920/138/918/1257 
f 917/136/915/1254 920/138/918/1257 918/135/916/1255 
f 920/138/918/1257 919/139/917/1256 853/141/852/1258 
f 920/138/918/1257 853/141/852/1258 852/140/851/1259 
f 921/144/919/1260 922/143/920/1261 923/142/921/1262 
f 921/144/919/1260 923/142/921/1262 924/145/922/1263 
f 923/142/921/1262 922/143/920/1261 925/147/923/1264 
f 923/142/921/1262 925/147/923/1264 926/146/924/1265 
f 925/150/923/1266 927/149/925/1267 928/148/926/1268 
f 925/150/923/1266 928/148/926/1268 926/151/924/1269 
f 908/127/906/1243 929/153/927/1270 930/152/928/1271 
f 908/127/906/1243 930/152/928/1271 931/154/929/1272 
f 929/153/927/1270 932/156/930/1273 933/155/931/1274 
f 929/153/927/1270 933/155/931/1274 930/152/928/1271 
f 932/156/930/1273 914/130/912/1249 934/157/932/1275 
f 932/156/930/1273 934/157/932/1275 933/155/931/1274 
f 900/119/898/1235 935/159/933/1276 936/158/934/1277 
f 900/119/898/1235 936/158/934/1277 937/160/935/1278 
f 935/159/933/1276 938/162/936/1279 939/161/937/1280 
f 935/159/933/1276 939/161/937/1280 936/158/934/1277 
f 940/164/938/1281 906/124/904/1241 941/163/939/1282 
f 940/164/938/1281 941/163/939/1282 942/165/940/1283 
f 938/166/936/1284 940/164/938/1281 942/165/940/1283 
f 938/166/936/1284 942/165/940/1283 939/167/937/1285 
f 943/168/941/1286 892/109/890/1225 944/170/942/1287 
f 943/168/941/1286 944/170/942/1287 945/169/943/1288 
f 944/170/942/1287 946/172/944/1289 947/171/945/1290 
f 944/170/942/1287 947/171/945/1290 945/169/943/1288 
f 947/171/945/1290 946/172/944/1289 948/174/946/1291 
f 947/171/945/1290 948/174/946/1291 949/173/947/1292 
f 886/103/884/1219 950/176/948/1293 951/175/949/1294 
f 886/103/884/1219 951/175/949/1294 943/168/941/1286 
f 950/176/948/1293 952/178/950/1295 953/177/951/1296 
f 950/176/948/1293 953/177/951/1296 951/175/949/1294 
f 954/179/952/1297 891/106/889/1224 949/173/947/1292 
f 954/179/952/1297 949/173/947/1292 955/180/953/1298 
f 952/181/950/1299 954/179/952/1297 955/180/953/1298 
f 952/181/950/1299 955/180/953/1298 953/182/951/1300 
f 876/91/874/1207 956/184/954/1301 957/183/955/1302 
f 876/91/874/1207 957/183/955/1302 937/160/935/1278 
f 956/184/954/1301 958/186/956/1303 959/185/957/1304 
f 956/184/954/1301 959/185/957/1304 957/183/955/1302 
f 958/186/956/1303 883/96/881/1214 941/163/939/1282 
f 958/186/956/1303 941/163/939/1282 959/185/957/1304 
f 960/189/958/1305 961/188/959/1306 962/187/960/1307 
f 960/189/958/1305 962/187/960/1307 931/154/929/1272 
f 961/188/959/1306 963/191/961/1308 964/190/962/1309 
f 961/188/959/1306 964/190/962/1309 962/187/960/1307 
f 965/193/963/1310 966/192/964/1311 934/157/932/1275 
f 965/193/963/1310 934/157/932/1275 967/194/965/1312 
f 963/195/961/1313 965/193/963/1310 967/194/965/1312 
f 963/195/961/1313 967/194/965/1312 964/196/962/1314 
f 931/154/929/1272 930/152/928/1271 968/197/966/1315 
f 931/154/929/1272 968/197/966/1315 960/189/958/1305 
f 930/152/928/1271 933/155/931/1274 969/198/967/1316 
f 930/152/928/1271 969/198/967/1316 968/197/966/1315 
f 933/155/931/1274 934/157/932/1275 966/192/964/1311 
f 933/155/931/1274 966/192/964/1311 969/198/967/1316 
f 937/160/935/1278 936/158/934/1277 877/90/875/1208 
f 937/160/935/1278 877/90/875/1208 876/91/874/1207 
f 936/158/934/1277 939/161/937/1280 880/94/878/1211 
f 936/158/934/1277 880/94/878/1211 877/90/875/1208 
f 942/165/940/1283 941/163/939/1282 883/96/881/1214 
f 942/165/940/1283 883/96/881/1214 882/97/880/1213 
f 939/167/937/1285 942/165/940/1283 882/97/880/1213 
f 939/167/937/1285 882/97/880/1213 880/99/878/1217 
f 943/168/941/1286 945/169/943/1288 887/102/885/1220 
f 943/168/941/1286 887/102/885/1220 886/103/884/1219 
f 945/169/943/1288 947/171/945/1290 889/105/887/1222 
f 945/169/943/1288 889/105/887/1222 887/102/885/1220 
f 947/171/945/1290 949/173/947/1292 891/106/889/1224 
f 947/171/945/1290 891/106/889/1224 889/105/887/1222 
f 943/168/941/1286 951/175/949/1294 893/108/891/1226 
f 943/168/941/1286 893/108/891/1226 892/109/890/1225 
f 951/175/949/1294 953/177/951/1296 896/112/894/1229 
f 951/175/949/1294 896/112/894/1229 893/108/891/1226 
f 955/180/953/1298 811/200/810/1317 810/199/809/1318 
f 955/180/953/1298 810/199/809/1318 953/182/951/1300 
f 896/116/894/1232 953/182/951/1300 810/199/809/1318 
f 937/160/935/1278 957/183/955/1302 901/118/899/1236 
f 937/160/935/1278 901/118/899/1236 900/119/898/1235 
f 957/183/955/1302 959/185/957/1304 904/122/902/1239 
f 957/183/955/1302 904/122/902/1239 901/118/899/1236 
f 959/185/957/1304 941/163/939/1282 906/124/904/1241 
f 959/185/957/1304 906/124/904/1241 904/122/902/1239 
f 931/154/929/1272 962/187/960/1307 909/126/907/1244 
f 931/154/929/1272 909/126/907/1244 908/127/906/1243 
f 962/187/960/1307 964/190/962/1309 911/129/909/1246 
f 962/187/960/1307 911/129/909/1246 909/126/907/1244 
f 967/194/965/1312 934/157/932/1275 914/130/912/1249 
f 967/194/965/1312 914/130/912/1249 913/131/911/1248 
f 964/196/962/1314 967/194/965/1312 913/131/911/1248 
f 964/196/962/1314 913/131/911/1248 911/133/909/1251 
f 916/137/914/1253 921/144/919/1260 970/201/968/1319 
f 916/137/914/1253 970/201/968/1319 917/136/915/1254 
f 970/201/968/1319 971/202/969/1320 919/139/917/1256 
f 970/201/968/1319 919/139/917/1256 917/136/915/1254 
f 919/139/917/1256 971/202/969/1320 874/203/872/1321 
f 919/139/917/1256 874/203/872/1321 853/141/852/1258 
f 895/110/893/1228 894/107/892/1227 972/204/970/1322 
f 895/110/893/1228 972/204/970/1322 916/137/914/1253 
f 894/107/892/1227 897/111/895/1230 973/205/971/1323 
f 894/107/892/1227 973/205/971/1323 972/204/970/1322 
f 973/206/971/1324 897/113/895/1231 899/114/897/1234 
f 973/206/971/1324 899/114/897/1234 974/207/972/1325 
f 903/120/901/1238 902/117/900/1237 929/153/927/1270 
f 903/120/901/1238 929/153/927/1270 908/127/906/1243 
f 902/117/900/1237 905/121/903/1240 932/156/930/1273 
f 902/117/900/1237 932/156/930/1273 929/153/927/1270 
f 905/121/903/1240 907/123/905/1242 914/130/912/1249 
f 905/121/903/1240 914/130/912/1249 932/156/930/1273 
f 903/120/901/1238 910/125/908/1245 935/159/933/1276 
f 903/120/901/1238 935/159/933/1276 900/119/898/1235 
f 910/125/908/1245 912/128/910/1247 938/162/936/1279 
f 910/125/908/1245 938/162/936/1279 935/159/933/1276 
f 915/132/913/1250 907/123/905/1242 906/124/904/1241 
f 915/132/913/1250 906/124/904/1241 940/164/938/1281 
f 912/134/910/1252 915/132/913/1250 940/164/938/1281 
f 912/134/910/1252 940/164/938/1281 938/166/936/1284 
f 892/109/890/1225 895/110/893/1228 918/135/916/1255 
f 892/109/890/1225 918/135/916/1255 944/170/942/1287 
f 918/135/916/1255 920/138/918/1257 946/172/944/1289 
f 918/135/916/1255 946/172/944/1289 944/170/942/1287 
f 920/138/918/1257 852/140/851/1259 868/208/867/1326 
f 920/138/918/1257 868/208/867/1326 946/172/944/1289 
f 879/92/877/1210 878/89/876/1209 950/176/948/1293 
f 879/92/877/1210 950/176/948/1293 886/103/884/1219 
f 878/89/876/1209 881/93/879/1212 952/178/950/1295 
f 878/89/876/1209 952/178/950/1295 950/176/948/1293 
f 885/98/883/1216 884/95/882/1215 891/106/889/1224 
f 885/98/883/1216 891/106/889/1224 954/179/952/1297 
f 881/100/879/1218 885/98/883/1216 954/179/952/1297 
f 881/100/879/1218 954/179/952/1297 952/181/950/1299 
f 879/92/877/1210 888/101/886/1221 956/184/954/1301 
f 879/92/877/1210 956/184/954/1301 876/91/874/1207 
f 888/101/886/1221 890/104/888/1223 958/186/956/1303 
f 888/101/886/1221 958/186/956/1303 956/184/954/1301 
f 890/104/888/1223 884/95/882/1215 883/96/881/1214 
f 890/104/888/1223 883/96/881/1214 958/186/956/1303 
f 216/210/216/1327 215/209/215/1328 961/188/959/1306 
f 216/210/216/1327 961/188/959/1306 960/189/958/1305 
f 215/209/215/1328 217/211/217/1329 963/191/961/1308 
f 215/209/215/1328 963/191/961/1308 961/188/959/1306 
f 219/213/219/1330 218/212/218/1331 966/192/964/1311 
f 219/213/219/1330 966/192/964/1311 965/193/963/1310 
f 217/214/217/1332 219/213/219/1330 965/193/963/1310 
f 217/214/217/1332 965/193/963/1310 963/195/961/1313 
f 811/200/810/1317 948/174/946/1291 867/215/866/1333 
f 916/137/914/1253 972/204/970/1322 922/143/920/1261 
f 916/137/914/1253 922/143/920/1261 921/144/919/1260 
f 972/204/970/1322 973/205/971/1323 925/147/923/1264 
f 972/204/970/1322 925/147/923/1264 922/143/920/1261 
f 973/206/971/1324 974/207/972/1325 927/149/925/1267 
f 973/206/971/1324 927/149/925/1267 925/150/923/1266 
f 924/145/922/1263 975/216/973/1334 970/201/968/1319 
f 924/145/922/1263 970/201/968/1319 921/144/919/1260 
f 975/216/973/1334 976/217/974/1335 971/202/969/1320 
f 975/216/973/1334 971/202/969/1320 970/201/968/1319 
f 971/202/969/1320 976/217/974/1335 977/218/975/1336 
f 971/202/969/1320 977/218/975/1336 874/203/872/1321 
f 851/71/850/1179 868/81/867/1196 852/73/851/1180 
f 868/208/867/1326 867/215/866/1333 948/174/946/1291 
f 868/208/867/1326 948/174/946/1291 946/172/944/1289 
f 811/200/810/1317 955/180/953/1298 949/173/947/1292 
f 811/200/810/1317 949/173/947/1292 948/174/946/1291 
f 896/116/894/1232 810/199/809/1318 898/115/896/1233 
f 808/220/807/1337 898/219/896/1338 810/57/809/1123 
f 808/220/807/1337 810/57/809/1123 809/58/808/1126 
f 978/0/976/1339 979/1/977/1340 980/2/978/1341 
f 978/0/976/1339 980/2/978/1341 981/3/979/1342 
f 982/245/980/1343 983/244/981/1344 984/6/982/1345 
f 982/245/980/1343 984/6/982/1345 985/7/983/1346 
f 982/8/980/1347 986/9/984/1348 987/10/985/1349 
f 982/8/980/1347 987/10/985/1349 983/11/981/1350 
f 988/12/986/1351 989/13/987/1352 990/14/988/1353 
f 988/12/986/1351 990/14/988/1353 991/15/989/1354 
f 991/15/989/1354 990/14/988/1353 987/16/985/1355 
f 991/15/989/1354 987/16/985/1355 986/17/984/1356 
f 992/2/990/1357 993/1/991/1358 994/0/992/1359 
f 992/2/990/1357 994/0/992/1359 995/3/993/1360 
f 996/6/994/1361 997/244/995/1362 982/245/980/1363 
f 996/6/994/1361 982/245/980/1363 985/7/983/1364 
f 982/8/980/1365 997/11/995/1366 998/10/996/1367 
f 982/8/980/1365 998/10/996/1367 986/9/984/1368 
f 999/14/997/1369 1000/13/998/1370 988/12/986/1371 
f 999/14/997/1369 988/12/986/1371 991/15/989/1372 
f 998/16/996/1373 999/14/997/1369 991/15/989/1372 
f 998/16/996/1373 991/15/989/1372 986/17/984/1374 
f 1001/247/999/1375 1002/246/1000/1376 1003/20/1001/1377 
f 1001/247/999/1375 1003/20/1001/1377 1004/21/1002/1378 
f 1005/22/1003/1379 1006/23/1004/1380 1002/24/1000/1381 
f 1005/22/1003/1379 1002/24/1000/1381 1001/25/999/1382 
f 1007/26/1005/1383 1008/27/1006/1384 1009/28/1007/1385 
f 1007/26/1005/1383 1009/28/1007/1385 1010/29/1008/1386 
f 1010/29/1008/1386 1009/28/1007/1385 1006/30/1004/1387 
f 1010/29/1008/1386 1006/30/1004/1387 1005/31/1003/1388 
f 1011/249/1009/1389 1012/248/1010/1390 1013/34/1011/1391 
f 1011/249/1009/1389 1013/34/1011/1391 1014/35/1012/1392 
f 1015/36/1013/1393 1016/37/1014/1394 1012/38/1010/1395 
f 1015/36/1013/1393 1012/38/1010/1395 1011/39/1009/1396 
f 1017/40/1015/1397 1018/41/1016/1398 1019/42/1017/1399 
f 1017/40/1015/1397 1019/42/1017/1399 1020/43/1018/1400 
f 1020/43/1018/1400 1019/42/1017/1399 1016/44/1014/1401 
f 1020/43/1018/1400 1016/44/1014/1401 1015/45/1013/1402 
f 1021/251/1019/1403 1022/250/1020/1404 1023/48/1021/1405 
f 1021/251/1019/1403 1023/48/1021/1405 1024/49/1022/1406 
f 1025/50/1023/1407 1026/51/1024/1408 1022/52/1020/1409 
f 1025/50/1023/1407 1022/52/1020/1409 1027/53/1025/1410 
f 1021/54/1019/1411 1027/53/1025/1410 1022/52/1020/1409 
f 1028/63/1026/1412 1029/222/1027/1413 1030/221/1028/1414 
f 1028/63/1026/1412 1030/221/1028/1414 1031/64/1029/1415 
f 1032/55/1030/1416 1031/64/1029/1415 1030/221/1028/1414 
f 1032/55/1030/1416 1030/221/1028/1414 1025/220/1023/1417 
f 1032/55/1030/1416 1025/220/1023/1417 1027/58/1025/1418 
f 1033/21/1031/1419 1034/20/1032/1420 1035/246/1033/1421 
f 1033/21/1031/1419 1035/246/1033/1421 1036/247/1034/1422 
f 1036/25/1034/1423 1035/24/1033/1424 1037/23/1035/1425 
f 1036/25/1034/1423 1037/23/1035/1425 1038/22/1036/1426 
f 1039/29/1037/1427 1040/28/1038/1428 1041/27/1039/1429 
f 1039/29/1037/1427 1041/27/1039/1429 1042/26/1040/1430 
f 1038/31/1036/1431 1037/30/1035/1432 1040/28/1038/1428 
f 1038/31/1036/1431 1040/28/1038/1428 1039/29/1037/1427 
f 1043/49/1041/1433 1044/48/1042/1434 1045/250/1043/1435 
f 1043/49/1041/1433 1045/250/1043/1435 1046/251/1044/1436 
f 1045/52/1043/1437 1047/224/1045/1438 1048/223/1046/1439 
f 1045/52/1043/1437 1048/223/1046/1439 1046/54/1044/1440 
f 1049/53/1047/1441 1046/54/1044/1440 1048/223/1046/1439 
f 1050/226/1048/1442 1051/225/1049/1443 1052/63/1050/1444 
f 1050/226/1048/1442 1052/63/1050/1444 1053/55/1051/1445 
f 1054/64/1052/1446 1053/55/1051/1445 1052/63/1050/1444 
f 1049/58/1047/1447 1048/227/1046/1448 1050/226/1048/1442 
f 1049/58/1047/1447 1050/226/1048/1442 1053/55/1051/1445 
f 1055/35/1053/1449 1056/34/1054/1450 1057/248/1055/1451 
f 1055/35/1053/1449 1057/248/1055/1451 1058/249/1056/1452 
f 1058/39/1056/1453 1057/38/1055/1454 1059/37/1057/1455 
f 1058/39/1056/1453 1059/37/1057/1455 1060/36/1058/1456 
f 1061/43/1059/1457 1062/42/1060/1458 1063/41/1061/1459 
f 1061/43/1059/1457 1063/41/1061/1459 1064/40/1062/1460 
f 1060/45/1058/1461 1059/44/1057/1462 1062/42/1060/1458 
f 1060/45/1058/1461 1062/42/1060/1458 1061/43/1059/1457 
f 983/244/981/1344 1011/249/1009/1389 1014/35/1012/1392 
f 983/244/981/1344 1014/35/1012/1392 984/6/982/1345 
f 987/10/985/1349 1015/36/1013/1393 1011/39/1009/1396 
f 987/10/985/1349 1011/39/1009/1396 983/11/981/1350 
f 989/13/987/1352 1017/40/1015/1397 1020/43/1018/1400 
f 989/13/987/1352 1020/43/1018/1400 990/14/988/1353 
f 990/14/988/1353 1020/43/1018/1400 1015/45/1013/1402 
f 990/14/988/1353 1015/45/1013/1402 987/16/985/1355 
f 996/6/994/1361 1055/35/1053/1449 1058/249/1056/1452 
f 996/6/994/1361 1058/249/1056/1452 997/244/995/1362 
f 997/11/995/1366 1058/39/1056/1453 1060/36/1058/1456 
f 997/11/995/1366 1060/36/1058/1456 998/10/996/1367 
f 999/14/997/1369 1061/43/1059/1457 1064/40/1062/1460 
f 999/14/997/1369 1064/40/1062/1460 1000/13/998/1370 
f 998/16/996/1373 1060/45/1058/1461 1061/43/1059/1457 
f 998/16/996/1373 1061/43/1059/1457 999/14/997/1369 
f 1002/246/1000/1376 1021/251/1019/1403 1024/49/1022/1406 
f 1002/246/1000/1376 1024/49/1022/1406 1003/20/1001/1377 
f 1006/23/1004/1380 1027/53/1025/1410 1021/54/1019/1411 
f 1006/23/1004/1380 1021/54/1019/1411 1002/24/1000/1381 
f 1008/27/1006/1384 1031/64/1029/1415 1032/55/1030/1416 
f 1008/27/1006/1384 1032/55/1030/1416 1009/28/1007/1385 
f 1009/28/1007/1385 1032/55/1030/1416 1027/58/1025/1418 
f 1009/28/1007/1385 1027/58/1025/1418 1006/30/1004/1387 
f 1012/248/1010/1390 1001/247/999/1375 1004/21/1002/1378 
f 1012/248/1010/1390 1004/21/1002/1378 1013/34/1011/1391 
f 1016/37/1014/1394 1005/22/1003/1379 1001/25/999/1382 
f 1016/37/1014/1394 1001/25/999/1382 1012/38/1010/1395 
f 1018/41/1016/1398 1007/26/1005/1383 1010/29/1008/1386 
f 1018/41/1016/1398 1010/29/1008/1386 1019/42/1017/1399 
f 1019/42/1017/1399 1010/29/1008/1386 1005/31/1003/1388 
f 1019/42/1017/1399 1005/31/1003/1388 1016/44/1014/1401 
f 1022/250/1020/1404 1065/67/1063/1463 980/2/978/1341 
f 1022/250/1020/1404 980/2/978/1341 1023/48/1021/1405 
f 1022/52/1020/1409 1026/51/1024/1408 1066/67/846/1464 
f 1022/52/1020/1409 1066/67/846/1464 1065/68/1063/1465 
f 1034/20/1032/1420 1043/49/1041/1433 1046/251/1044/1436 
f 1034/20/1032/1420 1046/251/1044/1436 1035/246/1033/1421 
f 1035/24/1033/1424 1046/54/1044/1440 1049/53/1047/1441 
f 1035/24/1033/1424 1049/53/1047/1441 1037/23/1035/1425 
f 1040/28/1038/1428 1053/55/1051/1445 1054/64/1052/1446 
f 1040/28/1038/1428 1054/64/1052/1446 1041/27/1039/1429 
f 1037/30/1035/1432 1049/58/1047/1447 1053/55/1051/1445 
f 1037/30/1035/1432 1053/55/1051/1445 1040/28/1038/1428 
f 1044/48/1042/1434 992/2/990/1357 1067/67/1064/1466 
f 1044/48/1042/1434 1067/67/1064/1466 1045/250/1043/1435 
f 1045/52/1043/1437 1067/68/1064/1467 1068/228/1065/1468 
f 1045/52/1043/1437 1068/228/1065/1468 1047/224/1045/1438 
f 1052/63/1050/1444 1051/225/1049/1443 1069/229/1066/1469 
f 1056/34/1054/1450 1033/21/1031/1419 1036/247/1034/1422 
f 1056/34/1054/1450 1036/247/1034/1422 1057/248/1055/1451 
f 1057/38/1055/1454 1036/25/1034/1423 1038/22/1036/1426 
f 1057/38/1055/1454 1038/22/1036/1426 1059/37/1057/1455 
f 1062/42/1060/1458 1039/29/1037/1427 1042/26/1040/1430 
f 1062/42/1060/1458 1042/26/1040/1430 1063/41/1061/1459 
f 1059/44/1057/1462 1038/31/1036/1431 1039/29/1037/1427 
f 1059/44/1057/1462 1039/29/1037/1427 1062/42/1060/1458 
f 980/2/978/1341 979/1/977/1340 1070/71/1067/1470 
f 980/2/978/1341 1070/71/1067/1470 1023/48/1021/1405 
f 979/1/977/1340 1071/230/1068/1471 1028/63/1026/1412 
f 979/1/977/1340 1028/63/1026/1412 1070/71/1067/1470 
f 992/2/990/1357 1044/48/1042/1434 1072/71/1069/1472 
f 992/2/990/1357 1072/71/1069/1472 993/1/991/1358 
f 993/1/991/1358 1072/71/1069/1472 1052/63/1050/1444 
f 993/1/991/1358 1052/63/1050/1444 1069/229/1066/1469 
f 1073/74/1070/1473 1074/75/1071/1474 1013/34/1011/1391 
f 1073/74/1070/1473 1013/34/1011/1391 1004/21/1002/1378 
f 1007/26/1005/1383 1018/41/1016/1398 1074/75/1071/1474 
f 1007/26/1005/1383 1074/75/1071/1474 1073/74/1070/1473 
f 1075/76/1072/1475 1076/77/1073/1476 984/6/982/1345 
f 1075/76/1072/1475 984/6/982/1345 1014/35/1012/1392 
f 1017/40/1015/1397 989/13/987/1352 1076/77/1073/1476 
f 1017/40/1015/1397 1076/77/1073/1476 1075/76/1072/1475 
f 1077/78/1074/1477 1078/79/1075/1478 1003/20/1001/1377 
f 1077/78/1074/1477 1003/20/1001/1377 1024/49/1022/1406 
f 1031/64/1029/1415 1008/27/1006/1384 1078/79/1075/1478 
f 1031/64/1029/1415 1078/79/1075/1478 1077/78/1074/1477 
f 1033/21/1031/1419 1056/34/1054/1450 1079/75/1076/1479 
f 1033/21/1031/1419 1079/75/1076/1479 1080/74/1077/1480 
f 1080/74/1077/1480 1079/75/1076/1479 1063/41/1061/1459 
f 1080/74/1077/1480 1063/41/1061/1459 1042/26/1040/1430 
f 1043/49/1041/1433 1034/20/1032/1420 1081/79/1078/1481 
f 1043/49/1041/1433 1081/79/1078/1481 1082/78/1079/1482 
f 1082/78/1079/1482 1081/79/1078/1481 1041/27/1039/1429 
f 1082/78/1079/1482 1041/27/1039/1429 1054/64/1052/1446 
f 1055/35/1053/1449 996/6/994/1361 1083/77/1080/1483 
f 1055/35/1053/1449 1083/77/1080/1483 1084/76/1081/1484 
f 1084/76/1081/1484 1083/77/1080/1483 1000/13/998/1370 
f 1084/76/1081/1484 1000/13/998/1370 1064/40/1062/1460 
f 1070/71/1067/1470 1077/78/1074/1477 1024/49/1022/1406 
f 1070/71/1067/1470 1024/49/1022/1406 1023/48/1021/1405 
f 1028/63/1026/1412 1031/64/1029/1415 1077/78/1074/1477 
f 1028/63/1026/1412 1077/78/1074/1477 1070/71/1067/1470 
f 1044/48/1042/1434 1043/49/1041/1433 1082/78/1079/1482 
f 1044/48/1042/1434 1082/78/1079/1482 1072/71/1069/1472 
f 1072/71/1069/1472 1082/78/1079/1482 1054/64/1052/1446 
f 1072/71/1069/1472 1054/64/1052/1446 1052/63/1050/1444 
f 1074/75/1071/1474 1075/76/1072/1475 1014/35/1012/1392 
f 1074/75/1071/1474 1014/35/1012/1392 1013/34/1011/1391 
f 1018/41/1016/1398 1017/40/1015/1397 1075/76/1072/1475 
f 1018/41/1016/1398 1075/76/1072/1475 1074/75/1071/1474 
f 1076/77/1073/1476 1085/82/1082/1485 985/7/983/1346 
f 1076/77/1073/1476 985/7/983/1346 984/6/982/1345 
f 989/13/987/1352 988/12/986/1351 1085/82/1082/1485 
f 989/13/987/1352 1085/82/1082/1485 1076/77/1073/1476 
f 1078/79/1075/1478 1073/74/1070/1473 1004/21/1002/1378 
f 1078/79/1075/1478 1004/21/1002/1378 1003/20/1001/1377 
f 1008/27/1006/1384 1007/26/1005/1383 1073/74/1070/1473 
f 1008/27/1006/1384 1073/74/1070/1473 1078/79/1075/1478 
f 1065/67/1063/1463 1086/252/1083/1486 981/3/979/1342 
f 1065/67/1063/1463 981/3/979/1342 980/2/978/1341 
f 1065/68/1063/1465 1066/67/846/1464 1087/84/846/1487 
f 1065/68/1063/1465 1087/84/846/1487 1086/85/1083/1488 
f 1056/34/1054/1450 1055/35/1053/1449 1084/76/1081/1484 
f 1056/34/1054/1450 1084/76/1081/1484 1079/75/1076/1479 
f 1079/75/1076/1479 1084/76/1081/1484 1064/40/1062/1460 
f 1079/75/1076/1479 1064/40/1062/1460 1063/41/1061/1459 
f 1034/20/1032/1420 1033/21/1031/1419 1080/74/1077/1480 
f 1034/20/1032/1420 1080/74/1077/1480 1081/79/1078/1481 
f 1081/79/1078/1481 1080/74/1077/1480 1042/26/1040/1430 
f 1081/79/1078/1481 1042/26/1040/1430 1041/27/1039/1429 
f 992/2/990/1357 995/3/993/1360 1088/252/1084/1489 
f 992/2/990/1357 1088/252/1084/1489 1067/67/1064/1466 
f 1067/68/1064/1467 1088/85/1084/1490 1089/231/846/1491 
f 1067/68/1064/1467 1089/231/846/1491 1068/228/1065/1468 
f 1083/77/1080/1483 996/6/994/1361 985/7/983/1364 
f 1083/77/1080/1483 985/7/983/1364 1085/82/1082/1492 
f 1083/77/1080/1483 1085/82/1082/1492 988/12/986/1371 
f 1083/77/1080/1483 988/12/986/1371 1000/13/998/1370 
f 1090/232/1085/1493 1071/230/1068/1471 979/1/977/1340 
f 1090/232/1085/1493 979/1/977/1340 978/0/976/1339 
f 1071/230/1068/1471 1029/222/1027/1413 1028/63/1026/1412 
f 1091/233/1086/1494 994/0/992/1359 993/1/991/1358 
f 1091/233/1086/1494 993/1/991/1358 1069/229/1066/1469 
f 1092/2/1087/1495 1093/1/1088/1496 1094/0/1089/1497 
f 1092/2/1087/1495 1094/0/1089/1497 1095/3/1090/1498 
f 1096/6/1091/1499 1097/244/1092/1500 1098/245/1093/1501 
f 1096/6/1091/1499 1098/245/1093/1501 1099/7/1094/1502 
f 1098/8/1093/1503 1097/11/1092/1504 1100/10/1095/1505 
f 1098/8/1093/1503 1100/10/1095/1505 1101/9/1096/1506 
f 1102/14/1097/1507 1103/13/1098/1508 1104/12/1099/1509 
f 1102/14/1097/1507 1104/12/1099/1509 1105/15/1100/1510 
f 1100/16/1095/1511 1102/14/1097/1507 1105/15/1100/1510 
f 1100/16/1095/1511 1105/15/1100/1510 1101/17/1096/1512 
f 1106/0/1101/1513 1107/1/1102/1514 1108/2/1103/1515 
f 1106/0/1101/1513 1108/2/1103/1515 1109/3/1104/1516 
f 1098/245/1093/1517 1110/244/1105/1518 1111/6/1106/1519 
f 1098/245/1093/1517 1111/6/1106/1519 1099/7/1094/1520 
f 1098/8/1093/1521 1101/9/1096/1522 1112/10/1107/1523 
f 1098/8/1093/1521 1112/10/1107/1523 1110/11/1105/1524 
f 1104/12/1099/1525 1113/13/1108/1526 1114/14/1109/1527 
f 1104/12/1099/1525 1114/14/1109/1527 1105/15/1100/1528 
f 1105/15/1100/1528 1114/14/1109/1527 1112/16/1107/1529 
f 1105/15/1100/1528 1112/16/1107/1529 1101/17/1096/1530 
f 1115/20/1110/1531 1116/246/1111/1532 1117/247/1112/1533 
f 1115/20/1110/1531 1117/247/1112/1533 1118/21/1113/1534 
f 1116/24/1111/1535 1119/23/1114/1536 1120/22/1115/1537 
f 1116/24/1111/1535 1120/22/1115/1537 1117/25/1112/1538 
f 1121/28/1116/1539 1122/27/1117/1540 1123/26/1118/1541 
f 1121/28/1116/1539 1123/26/1118/1541 1124/29/1119/1542 
f 1119/30/1114/1543 1121/28/1116/1539 1124/29/1119/1542 
f 1119/30/1114/1543 1124/29/1119/1542 1120/31/1115/1544 
f 1125/34/1120/1545 1126/248/1121/1546 1127/249/1122/1547 
f 1125/34/1120/1545 1127/249/1122/1547 1128/35/1123/1548 
f 1126/38/1121/1549 1129/37/1124/1550 1130/36/1125/1551 
f 1126/38/1121/1549 1130/36/1125/1551 1127/39/1122/1552 
f 1131/42/1126/1553 1132/41/1127/1554 1133/40/1128/1555 
f 1131/42/1126/1553 1133/40/1128/1555 1134/43/1129/1556 
f 1129/44/1124/1557 1131/42/1126/1553 1134/43/1129/1556 
f 1129/44/1124/1557 1134/43/1129/1556 1130/45/1125/1558 
f 1135/48/1130/1559 1136/250/1131/1560 1137/251/1132/1561 
f 1135/48/1130/1559 1137/251/1132/1561 1138/49/1133/1562 
f 1136/52/1131/1563 828/51/827/1564 827/50/826/1565 
f 1136/52/1131/1563 827/50/826/1565 1139/53/1134/1566 
f 1137/54/1132/1567 1136/52/1131/1563 1139/53/1134/1566 
f 832/221/831/1568 831/222/830/1569 1140/63/1135/1570 
f 832/221/831/1568 1140/63/1135/1570 1141/64/1136/1571 
f 1142/55/1137/1572 832/221/831/1568 1141/64/1136/1571 
f 827/220/826/1573 832/221/831/1568 1142/55/1137/1572 
f 827/220/826/1573 1142/55/1137/1572 1139/58/1134/1574 
f 1143/246/1138/1575 1144/20/1139/1576 1145/21/1140/1577 
f 1143/246/1138/1575 1145/21/1140/1577 1146/247/1141/1578 
f 1147/22/1142/1579 1148/23/1143/1580 1143/24/1138/1581 
f 1147/22/1142/1579 1143/24/1138/1581 1146/25/1141/1582 
f 1149/27/1144/1583 1150/28/1145/1584 1151/29/1146/1585 
f 1149/27/1144/1583 1151/29/1146/1585 1152/26/1147/1586 
f 1150/28/1145/1584 1148/30/1143/1587 1147/31/1142/1588 
f 1150/28/1145/1584 1147/31/1142/1588 1151/29/1146/1585 
f 1153/250/1148/1589 1154/48/1149/1590 1155/49/1150/1591 
f 1153/250/1148/1589 1155/49/1150/1591 1156/251/1151/1592 
f 1048/223/1046/1593 1047/224/1045/1594 1153/52/1148/1595 
f 1048/223/1046/1593 1153/52/1148/1595 1157/53/1152/1596 
f 1156/54/1151/1597 1157/53/1152/1596 1153/52/1148/1595 
f 1158/63/1153/1598 1051/225/1049/1599 1050/226/1048/1600 
f 1158/63/1153/1598 1050/226/1048/1600 1159/55/1154/1601 
f 1160/64/1155/1602 1158/63/1153/1598 1159/55/1154/1601 
f 1050/226/1048/1600 1048/227/1046/1603 1157/58/1152/1604 
f 1050/226/1048/1600 1157/58/1152/1604 1159/55/1154/1601 
f 1161/248/1156/1605 1162/34/1157/1606 1163/35/1158/1607 
f 1161/248/1156/1605 1163/35/1158/1607 1164/249/1159/1608 
f 1165/36/1160/1609 1166/37/1161/1610 1161/38/1156/1611 
f 1165/36/1160/1609 1161/38/1156/1611 1164/39/1159/1612 
f 1167/41/1162/1613 1168/42/1163/1614 1169/43/1164/1615 
f 1167/41/1162/1613 1169/43/1164/1615 1170/40/1165/1616 
f 1168/42/1163/1614 1166/44/1161/1617 1165/45/1160/1618 
f 1168/42/1163/1614 1165/45/1160/1618 1169/43/1164/1615 
f 1128/35/1123/1548 1127/249/1122/1547 1097/244/1092/1500 
f 1128/35/1123/1548 1097/244/1092/1500 1096/6/1091/1499 
f 1127/39/1122/1552 1130/36/1125/1551 1100/10/1095/1505 
f 1127/39/1122/1552 1100/10/1095/1505 1097/11/1092/1504 
f 1134/43/1129/1556 1133/40/1128/1555 1103/13/1098/1508 
f 1134/43/1129/1556 1103/13/1098/1508 1102/14/1097/1507 
f 1130/45/1125/1558 1134/43/1129/1556 1102/14/1097/1507 
f 1130/45/1125/1558 1102/14/1097/1507 1100/16/1095/1511 
f 1164/249/1159/1608 1163/35/1158/1607 1111/6/1106/1519 
f 1164/249/1159/1608 1111/6/1106/1519 1110/244/1105/1518 
f 1112/10/1107/1523 1165/36/1160/1609 1164/39/1159/1612 
f 1112/10/1107/1523 1164/39/1159/1612 1110/11/1105/1524 
f 1170/40/1165/1616 1169/43/1164/1615 1114/14/1109/1527 
f 1170/40/1165/1616 1114/14/1109/1527 1113/13/1108/1526 
f 1169/43/1164/1615 1165/45/1160/1618 1112/16/1107/1529 
f 1169/43/1164/1615 1112/16/1107/1529 1114/14/1109/1527 
f 1138/49/1133/1562 1137/251/1132/1561 1116/246/1111/1532 
f 1138/49/1133/1562 1116/246/1111/1532 1115/20/1110/1531 
f 1137/54/1132/1567 1139/53/1134/1566 1119/23/1114/1536 
f 1137/54/1132/1567 1119/23/1114/1536 1116/24/1111/1535 
f 1142/55/1137/1572 1141/64/1136/1571 1122/27/1117/1540 
f 1142/55/1137/1572 1122/27/1117/1540 1121/28/1116/1539 
f 1139/58/1134/1574 1142/55/1137/1572 1121/28/1116/1539 
f 1139/58/1134/1574 1121/28/1116/1539 1119/30/1114/1543 
f 1118/21/1113/1534 1117/247/1112/1533 1126/248/1121/1546 
f 1118/21/1113/1534 1126/248/1121/1546 1125/34/1120/1545 
f 1117/25/1112/1538 1120/22/1115/1537 1129/37/1124/1550 
f 1117/25/1112/1538 1129/37/1124/1550 1126/38/1121/1549 
f 1124/29/1119/1542 1123/26/1118/1541 1132/41/1127/1554 
f 1124/29/1119/1542 1132/41/1127/1554 1131/42/1126/1553 
f 1120/31/1115/1544 1124/29/1119/1542 1131/42/1126/1553 
f 1120/31/1115/1544 1131/42/1126/1553 1129/44/1124/1557 
f 1092/2/1087/1495 1171/67/1166/1619 1136/250/1131/1560 
f 1092/2/1087/1495 1136/250/1131/1560 1135/48/1130/1559 
f 1136/52/1131/1563 1171/68/1166/1620 849/67/848/1621 
f 1136/52/1131/1563 849/67/848/1621 828/51/827/1564 
f 1156/251/1151/1592 1155/49/1150/1591 1144/20/1139/1576 
f 1156/251/1151/1592 1144/20/1139/1576 1143/246/1138/1575 
f 1148/23/1143/1580 1157/53/1152/1596 1156/54/1151/1597 
f 1148/23/1143/1580 1156/54/1151/1597 1143/24/1138/1581 
f 1160/64/1155/1602 1159/55/1154/1601 1150/28/1145/1584 
f 1160/64/1155/1602 1150/28/1145/1584 1149/27/1144/1583 
f 1159/55/1154/1601 1157/58/1152/1604 1148/30/1143/1587 
f 1159/55/1154/1601 1148/30/1143/1587 1150/28/1145/1584 
f 1172/67/1167/1622 1108/2/1103/1515 1154/48/1149/1590 
f 1172/67/1167/1622 1154/48/1149/1590 1153/250/1148/1589 
f 1153/52/1148/1595 1047/224/1045/1594 1068/228/1065/1623 
f 1153/52/1148/1595 1068/228/1065/1623 1172/68/1167/1624 
f 1158/63/1153/1598 1069/229/1066/1625 1051/225/1049/1599 
f 1146/247/1141/1578 1145/21/1140/1577 1162/34/1157/1606 
f 1146/247/1141/1578 1162/34/1157/1606 1161/248/1156/1605 
f 1166/37/1161/1610 1147/22/1142/1579 1146/25/1141/1582 
f 1166/37/1161/1610 1146/25/1141/1582 1161/38/1156/1611 
f 1152/26/1147/1586 1151/29/1146/1585 1168/42/1163/1614 
f 1152/26/1147/1586 1168/42/1163/1614 1167/41/1162/1613 
f 1151/29/1146/1585 1147/31/1142/1588 1166/44/1161/1617 
f 1151/29/1146/1585 1166/44/1161/1617 1168/42/1163/1614 
f 1092/2/1087/1495 1135/48/1130/1559 1173/71/1168/1626 
f 1092/2/1087/1495 1173/71/1168/1626 1093/1/1088/1496 
f 1093/1/1088/1496 1173/71/1168/1626 1140/63/1135/1570 
f 1093/1/1088/1496 1140/63/1135/1570 850/230/849/1627 
f 1174/71/1169/1628 1154/48/1149/1590 1108/2/1103/1515 
f 1174/71/1169/1628 1108/2/1103/1515 1107/1/1102/1514 
f 1158/63/1153/1598 1174/71/1169/1628 1107/1/1102/1514 
f 1158/63/1153/1598 1107/1/1102/1514 1069/229/1066/1625 
f 1125/34/1120/1545 1175/75/1170/1629 1176/74/1171/1630 
f 1125/34/1120/1545 1176/74/1171/1630 1118/21/1113/1534 
f 1175/75/1170/1629 1132/41/1127/1554 1123/26/1118/1541 
f 1175/75/1170/1629 1123/26/1118/1541 1176/74/1171/1630 
f 1096/6/1091/1499 1177/77/1172/1631 1178/76/1173/1632 
f 1096/6/1091/1499 1178/76/1173/1632 1128/35/1123/1548 
f 1177/77/1172/1631 1103/13/1098/1508 1133/40/1128/1555 
f 1177/77/1172/1631 1133/40/1128/1555 1178/76/1173/1632 
f 1115/20/1110/1531 1179/79/1174/1633 1180/78/1175/1634 
f 1115/20/1110/1531 1180/78/1175/1634 1138/49/1133/1562 
f 1179/79/1174/1633 1122/27/1117/1540 1141/64/1136/1571 
f 1179/79/1174/1633 1141/64/1136/1571 1180/78/1175/1634 
f 1181/75/1176/1635 1162/34/1157/1606 1145/21/1140/1577 
f 1181/75/1176/1635 1145/21/1140/1577 1182/74/1177/1636 
f 1167/41/1162/1613 1181/75/1176/1635 1182/74/1177/1636 
f 1167/41/1162/1613 1182/74/1177/1636 1152/26/1147/1586 
f 1183/79/1178/1637 1144/20/1139/1576 1155/49/1150/1591 
f 1183/79/1178/1637 1155/49/1150/1591 1184/78/1179/1638 
f 1149/27/1144/1583 1183/79/1178/1637 1184/78/1179/1638 
f 1149/27/1144/1583 1184/78/1179/1638 1160/64/1155/1602 
f 1185/77/1180/1639 1111/6/1106/1519 1163/35/1158/1607 
f 1185/77/1180/1639 1163/35/1158/1607 1186/76/1181/1640 
f 1113/13/1108/1526 1185/77/1180/1639 1186/76/1181/1640 
f 1113/13/1108/1526 1186/76/1181/1640 1170/40/1165/1616 
f 1138/49/1133/1562 1180/78/1175/1634 1173/71/1168/1626 
f 1138/49/1133/1562 1173/71/1168/1626 1135/48/1130/1559 
f 1180/78/1175/1634 1141/64/1136/1571 1140/63/1135/1570 
f 1180/78/1175/1634 1140/63/1135/1570 1173/71/1168/1626 
f 1184/78/1179/1638 1155/49/1150/1591 1154/48/1149/1590 
f 1184/78/1179/1638 1154/48/1149/1590 1174/71/1169/1628 
f 1160/64/1155/1602 1184/78/1179/1638 1174/71/1169/1628 
f 1160/64/1155/1602 1174/71/1169/1628 1158/63/1153/1598 
f 1128/35/1123/1548 1178/76/1173/1632 1175/75/1170/1629 
f 1128/35/1123/1548 1175/75/1170/1629 1125/34/1120/1545 
f 1178/76/1173/1632 1133/40/1128/1555 1132/41/1127/1554 
f 1178/76/1173/1632 1132/41/1127/1554 1175/75/1170/1629 
f 1099/7/1094/1502 1187/82/1182/1641 1177/77/1172/1631 
f 1099/7/1094/1502 1177/77/1172/1631 1096/6/1091/1499 
f 1187/82/1182/1641 1104/12/1099/1509 1103/13/1098/1508 
f 1187/82/1182/1641 1103/13/1098/1508 1177/77/1172/1631 
f 1118/21/1113/1534 1176/74/1171/1630 1179/79/1174/1633 
f 1118/21/1113/1534 1179/79/1174/1633 1115/20/1110/1531 
f 1176/74/1171/1630 1123/26/1118/1541 1122/27/1117/1540 
f 1176/74/1171/1630 1122/27/1117/1540 1179/79/1174/1633 
f 1095/3/1090/1498 1188/252/1183/1642 1171/67/1166/1619 
f 1095/3/1090/1498 1171/67/1166/1619 1092/2/1087/1495 
f 1171/68/1166/1620 1188/85/1183/1643 873/84/871/1644 
f 1171/68/1166/1620 873/84/871/1644 849/67/848/1621 
f 1186/76/1181/1640 1163/35/1158/1607 1162/34/1157/1606 
f 1186/76/1181/1640 1162/34/1157/1606 1181/75/1176/1635 
f 1170/40/1165/1616 1186/76/1181/1640 1181/75/1176/1635 
f 1170/40/1165/1616 1181/75/1176/1635 1167/41/1162/1613 
f 1182/74/1177/1636 1145/21/1140/1577 1144/20/1139/1576 
f 1182/74/1177/1636 1144/20/1139/1576 1183/79/1178/1637 
f 1152/26/1147/1586 1182/74/1177/1636 1183/79/1178/1637 
f 1152/26/1147/1586 1183/79/1178/1637 1149/27/1144/1583 
f 1189/252/1184/1645 1109/3/1104/1516 1108/2/1103/1515 
f 1189/252/1184/1645 1108/2/1103/1515 1172/67/1167/1622 
f 1172/68/1167/1624 1068/228/1065/1623 1089/231/846/1646 
f 1172/68/1167/1624 1089/231/846/1646 1189/85/1184/1647 
f 1185/77/1180/1639 1187/82/1182/1648 1099/7/1094/1520 
f 1185/77/1180/1639 1099/7/1094/1520 1111/6/1106/1519 
f 1104/12/1099/1525 1187/82/1182/1648 1185/77/1180/1639 
f 1104/12/1099/1525 1185/77/1180/1639 1113/13/1108/1526 
f 875/232/873/1649 1094/0/1089/1497 1093/1/1088/1496 
f 875/232/873/1649 1093/1/1088/1496 850/230/849/1627 
f 850/230/849/1627 1140/63/1135/1570 831/222/830/1569 
f 1091/233/1086/1650 1069/229/1066/1625 1107/1/1102/1514 
f 1091/233/1086/1650 1107/1/1102/1514 1106/0/1101/1513 
f 1190/2/1185/1651 1191/1/1186/1652 1192/0/1187/1653 
f 1190/2/1185/1651 1192/0/1187/1653 1193/3/1188/1654 
f 1194/6/1189/1655 1195/244/1190/1656 1196/245/1191/1657 
f 1194/6/1189/1655 1196/245/1191/1657 1197/7/1192/1658 
f 1196/8/1191/1659 1195/11/1190/1660 1198/10/1193/1661 
f 1196/8/1191/1659 1198/10/1193/1661 1199/9/1194/1662 
f 1200/14/1195/1663 1201/13/1196/1664 1202/12/1197/1665 
f 1200/14/1195/1663 1202/12/1197/1665 1203/15/1198/1666 
f 1198/16/1193/1667 1200/14/1195/1663 1203/15/1198/1666 
f 1198/16/1193/1667 1203/15/1198/1666 1199/17/1194/1668 
f 1204/0/1199/1669 1205/1/1200/1670 1206/2/1201/1671 
f 1204/0/1199/1669 1206/2/1201/1671 1207/3/1202/1672 
f 1196/245/1191/1673 1208/244/1203/1674 1209/6/1204/1675 
f 1196/245/1191/1673 1209/6/1204/1675 1197/7/1192/1676 
f 1196/8/1191/1677 1199/9/1194/1678 1210/10/1205/1679 
f 1196/8/1191/1677 1210/10/1205/1679 1208/11/1203/1680 
f 1202/12/1197/1681 1211/13/1206/1682 1212/14/1207/1683 
f 1202/12/1197/1681 1212/14/1207/1683 1203/15/1198/1684 
f 1203/15/1198/1684 1212/14/1207/1683 1210/16/1205/1685 
f 1203/15/1198/1684 1210/16/1205/1685 1199/17/1194/1686 
f 1213/20/1208/1687 1214/246/1209/1688 1215/247/1210/1689 
f 1213/20/1208/1687 1215/247/1210/1689 1216/21/1211/1690 
f 1214/24/1209/1691 1217/23/1212/1692 1218/22/1213/1693 
f 1214/24/1209/1691 1218/22/1213/1693 1215/25/1210/1694 
f 1219/28/1214/1695 1220/27/1215/1696 1221/26/1216/1697 
f 1219/28/1214/1695 1221/26/1216/1697 1222/29/1217/1698 
f 1217/30/1212/1699 1219/28/1214/1695 1222/29/1217/1698 
f 1217/30/1212/1699 1222/29/1217/1698 1218/31/1213/1700 
f 1223/34/1218/1701 1224/248/1219/1702 1225/249/1220/1703 
f 1223/34/1218/1701 1225/249/1220/1703 1226/35/1221/1704 
f 1224/38/1219/1705 1227/37/1222/1706 1228/36/1223/1707 
f 1224/38/1219/1705 1228/36/1223/1707 1225/39/1220/1708 
f 1229/42/1224/1709 1230/41/1225/1710 1231/40/1226/1711 
f 1229/42/1224/1709 1231/40/1226/1711 1232/43/1227/1712 
f 1227/44/1222/1713 1229/42/1224/1709 1232/43/1227/1712 
f 1227/44/1222/1713 1232/43/1227/1712 1228/45/1223/1714 
f 1233/48/1228/1715 1234/250/1229/1716 1235/251/1230/1717 
f 1233/48/1228/1715 1235/251/1230/1717 1236/49/1231/1718 
f 1234/52/1229/1719 1026/51/1024/1720 1025/50/1023/1721 
f 1234/52/1229/1719 1025/50/1023/1721 1237/53/1232/1722 
f 1235/54/1230/1723 1234/52/1229/1719 1237/53/1232/1722 
f 1030/221/1028/1724 1029/222/1027/1725 1238/63/1233/1726 
f 1030/221/1028/1724 1238/63/1233/1726 1239/64/1234/1727 
f 1240/55/1235/1728 1030/221/1028/1724 1239/64/1234/1727 
f 1025/220/1023/1729 1030/221/1028/1724 1240/55/1235/1728 
f 1025/220/1023/1729 1240/55/1235/1728 1237/58/1232/1730 
f 1241/246/1236/1731 1242/20/1237/1732 1243/21/1238/1733 
f 1241/246/1236/1731 1243/21/1238/1733 1244/247/1239/1734 
f 1245/22/1240/1735 1246/23/1241/1736 1241/24/1236/1737 
f 1245/22/1240/1735 1241/24/1236/1737 1244/25/1239/1738 
f 1247/27/1242/1739 1248/28/1243/1740 1249/29/1244/1741 
f 1247/27/1242/1739 1249/29/1244/1741 1250/26/1245/1742 
f 1248/28/1243/1740 1246/30/1241/1743 1245/31/1240/1744 
f 1248/28/1243/1740 1245/31/1240/1744 1249/29/1244/1741 
f 1251/250/1246/1745 1252/48/1247/1746 1253/49/1248/1747 
f 1251/250/1246/1745 1253/49/1248/1747 1254/251/1249/1748 
f 1255/60/1250/1749 1256/59/1251/1750 1251/52/1246/1751 
f 1255/60/1250/1749 1251/52/1246/1751 1257/53/1252/1752 
f 1254/54/1249/1753 1257/53/1252/1752 1251/52/1246/1751 
f 1258/63/1253/1754 1259/62/1254/1755 1260/61/1255/1756 
f 1258/63/1253/1754 1260/61/1255/1756 1261/55/1256/1757 
f 1262/64/1257/1758 1258/63/1253/1754 1261/55/1256/1757 
f 1260/61/1255/1756 1255/65/1250/1759 1257/58/1252/1760 
f 1260/61/1255/1756 1257/58/1252/1760 1261/55/1256/1757 
f 1263/248/1258/1761 1264/34/1259/1762 1265/35/1260/1763 
f 1263/248/1258/1761 1265/35/1260/1763 1266/249/1261/1764 
f 1267/36/1262/1765 1268/37/1263/1766 1263/38/1258/1767 
f 1267/36/1262/1765 1263/38/1258/1767 1266/39/1261/1768 
f 1269/41/1264/1769 1270/42/1265/1770 1271/43/1266/1771 
f 1269/41/1264/1769 1271/43/1266/1771 1272/40/1267/1772 
f 1270/42/1265/1770 1268/44/1263/1773 1267/45/1262/1774 
f 1270/42/1265/1770 1267/45/1262/1774 1271/43/1266/1771 
f 1226/35/1221/1704 1225/249/1220/1703 1195/244/1190/1656 
f 1226/35/1221/1704 1195/244/1190/1656 1194/6/1189/1655 
f 1225/39/1220/1708 1228/36/1223/1707 1198/10/1193/1661 
f 1225/39/1220/1708 1198/10/1193/1661 1195/11/1190/1660 
f 1232/43/1227/1712 1231/40/1226/1711 1201/13/1196/1664 
f 1232/43/1227/1712 1201/13/1196/1664 1200/14/1195/1663 
f 1228/45/1223/1714 1232/43/1227/1712 1200/14/1195/1663 
f 1228/45/1223/1714 1200/14/1195/1663 1198/16/1193/1667 
f 1266/249/1261/1764 1265/35/1260/1763 1209/6/1204/1675 
f 1266/249/1261/1764 1209/6/1204/1675 1208/244/1203/1674 
f 1210/10/1205/1679 1267/36/1262/1765 1266/39/1261/1768 
f 1210/10/1205/1679 1266/39/1261/1768 1208/11/1203/1680 
f 1272/40/1267/1772 1271/43/1266/1771 1212/14/1207/1683 
f 1272/40/1267/1772 1212/14/1207/1683 1211/13/1206/1682 
f 1271/43/1266/1771 1267/45/1262/1774 1210/16/1205/1685 
f 1271/43/1266/1771 1210/16/1205/1685 1212/14/1207/1683 
f 1236/49/1231/1718 1235/251/1230/1717 1214/246/1209/1688 
f 1236/49/1231/1718 1214/246/1209/1688 1213/20/1208/1687 
f 1235/54/1230/1723 1237/53/1232/1722 1217/23/1212/1692 
f 1235/54/1230/1723 1217/23/1212/1692 1214/24/1209/1691 
f 1240/55/1235/1728 1239/64/1234/1727 1220/27/1215/1696 
f 1240/55/1235/1728 1220/27/1215/1696 1219/28/1214/1695 
f 1237/58/1232/1730 1240/55/1235/1728 1219/28/1214/1695 
f 1237/58/1232/1730 1219/28/1214/1695 1217/30/1212/1699 
f 1216/21/1211/1690 1215/247/1210/1689 1224/248/1219/1702 
f 1216/21/1211/1690 1224/248/1219/1702 1223/34/1218/1701 
f 1215/25/1210/1694 1218/22/1213/1693 1227/37/1222/1706 
f 1215/25/1210/1694 1227/37/1222/1706 1224/38/1219/1705 
f 1222/29/1217/1698 1221/26/1216/1697 1230/41/1225/1710 
f 1222/29/1217/1698 1230/41/1225/1710 1229/42/1224/1709 
f 1218/31/1213/1700 1222/29/1217/1698 1229/42/1224/1709 
f 1218/31/1213/1700 1229/42/1224/1709 1227/44/1222/1713 
f 1190/2/1185/1651 1273/67/1268/1775 1234/250/1229/1716 
f 1190/2/1185/1651 1234/250/1229/1716 1233/48/1228/1715 
f 1234/52/1229/1719 1273/68/1268/1776 1066/67/846/1777 
f 1234/52/1229/1719 1066/67/846/1777 1026/51/1024/1720 
f 1254/251/1249/1748 1253/49/1248/1747 1242/20/1237/1732 
f 1254/251/1249/1748 1242/20/1237/1732 1241/246/1236/1731 
f 1246/23/1241/1736 1257/53/1252/1752 1254/54/1249/1753 
f 1246/23/1241/1736 1254/54/1249/1753 1241/24/1236/1737 
f 1262/64/1257/1758 1261/55/1256/1757 1248/28/1243/1740 
f 1262/64/1257/1758 1248/28/1243/1740 1247/27/1242/1739 
f 1261/55/1256/1757 1257/58/1252/1760 1246/30/1241/1743 
f 1261/55/1256/1757 1246/30/1241/1743 1248/28/1243/1740 
f 1274/67/1269/1778 1206/2/1201/1671 1252/48/1247/1746 
f 1274/67/1269/1778 1252/48/1247/1746 1251/250/1246/1745 
f 1251/52/1246/1751 1256/59/1251/1750 1275/69/1270/1779 
f 1251/52/1246/1751 1275/69/1270/1779 1274/68/1269/1780 
f 1258/63/1253/1754 1276/70/1271/1781 1259/62/1254/1755 
f 1244/247/1239/1734 1243/21/1238/1733 1264/34/1259/1762 
f 1244/247/1239/1734 1264/34/1259/1762 1263/248/1258/1761 
f 1268/37/1263/1766 1245/22/1240/1735 1244/25/1239/1738 
f 1268/37/1263/1766 1244/25/1239/1738 1263/38/1258/1767 
f 1250/26/1245/1742 1249/29/1244/1741 1270/42/1265/1770 
f 1250/26/1245/1742 1270/42/1265/1770 1269/41/1264/1769 
f 1249/29/1244/1741 1245/31/1240/1744 1268/44/1263/1773 
f 1249/29/1244/1741 1268/44/1263/1773 1270/42/1265/1770 
f 1190/2/1185/1651 1233/48/1228/1715 1277/71/1272/1782 
f 1190/2/1185/1651 1277/71/1272/1782 1191/1/1186/1652 
f 1191/1/1186/1652 1277/71/1272/1782 1238/63/1233/1726 
f 1191/1/1186/1652 1238/63/1233/1726 1071/230/1068/1783 
f 1278/71/1273/1784 1252/48/1247/1746 1206/2/1201/1671 
f 1278/71/1273/1784 1206/2/1201/1671 1205/1/1200/1670 
f 1223/34/1218/1701 1279/75/1274/1785 1280/74/1275/1786 
f 1223/34/1218/1701 1280/74/1275/1786 1216/21/1211/1690 
f 1279/75/1274/1785 1230/41/1225/1710 1221/26/1216/1697 
f 1279/75/1274/1785 1221/26/1216/1697 1280/74/1275/1786 
f 1194/6/1189/1655 1281/77/1276/1787 1282/76/1277/1788 
f 1194/6/1189/1655 1282/76/1277/1788 1226/35/1221/1704 
f 1281/77/1276/1787 1201/13/1196/1664 1231/40/1226/1711 
f 1281/77/1276/1787 1231/40/1226/1711 1282/76/1277/1788 
f 1213/20/1208/1687 1283/79/1278/1789 1284/78/1279/1790 
f 1213/20/1208/1687 1284/78/1279/1790 1236/49/1231/1718 
f 1283/79/1278/1789 1220/27/1215/1696 1239/64/1234/1727 
f 1283/79/1278/1789 1239/64/1234/1727 1284/78/1279/1790 
f 1285/75/1280/1791 1264/34/1259/1762 1243/21/1238/1733 
f 1285/75/1280/1791 1243/21/1238/1733 1286/74/1281/1792 
f 1269/41/1264/1769 1285/75/1280/1791 1286/74/1281/1792 
f 1269/41/1264/1769 1286/74/1281/1792 1250/26/1245/1742 
f 1287/79/1282/1793 1242/20/1237/1732 1253/49/1248/1747 
f 1287/79/1282/1793 1253/49/1248/1747 1288/78/1283/1794 
f 1247/27/1242/1739 1287/79/1282/1793 1288/78/1283/1794 
f 1247/27/1242/1739 1288/78/1283/1794 1262/64/1257/1758 
f 1289/77/1284/1795 1209/6/1204/1675 1265/35/1260/1763 
f 1289/77/1284/1795 1265/35/1260/1763 1290/76/1285/1796 
f 1211/13/1206/1682 1289/77/1284/1795 1290/76/1285/1796 
f 1211/13/1206/1682 1290/76/1285/1796 1272/40/1267/1772 
f 1236/49/1231/1718 1284/78/1279/1790 1277/71/1272/1782 
f 1236/49/1231/1718 1277/71/1272/1782 1233/48/1228/1715 
f 1284/78/1279/1790 1239/64/1234/1727 1238/63/1233/1726 
f 1284/78/1279/1790 1238/63/1233/1726 1277/71/1272/1782 
f 1288/78/1283/1794 1253/49/1248/1747 1252/48/1247/1746 
f 1288/78/1283/1794 1252/48/1247/1746 1278/71/1273/1784 
f 1262/64/1257/1758 1288/78/1283/1794 1278/71/1273/1784 
f 1262/64/1257/1758 1278/71/1273/1784 1258/63/1253/1754 
f 1226/35/1221/1704 1282/76/1277/1788 1279/75/1274/1785 
f 1226/35/1221/1704 1279/75/1274/1785 1223/34/1218/1701 
f 1282/76/1277/1788 1231/40/1226/1711 1230/41/1225/1710 
f 1282/76/1277/1788 1230/41/1225/1710 1279/75/1274/1785 
f 1197/7/1192/1658 1291/82/1286/1797 1281/77/1276/1787 
f 1197/7/1192/1658 1281/77/1276/1787 1194/6/1189/1655 
f 1291/82/1286/1797 1202/12/1197/1665 1201/13/1196/1664 
f 1291/82/1286/1797 1201/13/1196/1664 1281/77/1276/1787 
f 1216/21/1211/1690 1280/74/1275/1786 1283/79/1278/1789 
f 1216/21/1211/1690 1283/79/1278/1789 1213/20/1208/1687 
f 1280/74/1275/1786 1221/26/1216/1697 1220/27/1215/1696 
f 1280/74/1275/1786 1220/27/1215/1696 1283/79/1278/1789 
f 1193/3/1188/1654 1292/252/1287/1798 1273/67/1268/1775 
f 1193/3/1188/1654 1273/67/1268/1775 1190/2/1185/1651 
f 1273/68/1268/1776 1292/85/1287/1799 1087/84/846/1800 
f 1273/68/1268/1776 1087/84/846/1800 1066/67/846/1777 
f 1290/76/1285/1796 1265/35/1260/1763 1264/34/1259/1762 
f 1290/76/1285/1796 1264/34/1259/1762 1285/75/1280/1791 
f 1272/40/1267/1772 1290/76/1285/1796 1285/75/1280/1791 
f 1272/40/1267/1772 1285/75/1280/1791 1269/41/1264/1769 
f 1286/74/1281/1792 1243/21/1238/1733 1242/20/1237/1732 
f 1286/74/1281/1792 1242/20/1237/1732 1287/79/1282/1793 
f 1250/26/1245/1742 1286/74/1281/1792 1287/79/1282/1793 
f 1250/26/1245/1742 1287/79/1282/1793 1247/27/1242/1739 
f 1293/252/1288/1801 1207/3/1202/1672 1206/2/1201/1671 
f 1293/252/1288/1801 1206/2/1201/1671 1274/67/1269/1778 
f 1274/68/1269/1780 1275/69/1270/1779 1294/86/846/1802 
f 1274/68/1269/1780 1294/86/846/1802 1293/85/1288/1803 
f 1289/77/1284/1795 1291/82/1286/1804 1197/7/1192/1676 
f 1289/77/1284/1795 1197/7/1192/1676 1209/6/1204/1675 
f 1202/12/1197/1681 1291/82/1286/1804 1289/77/1284/1795 
f 1202/12/1197/1681 1289/77/1284/1795 1211/13/1206/1682 
f 1090/232/1085/1805 1192/0/1187/1653 1191/1/1186/1652 
f 1090/232/1085/1805 1191/1/1186/1652 1071/230/1068/1783 
f 1029/222/1027/1725 1071/230/1068/1783 1238/63/1233/1726 
f 1295/88/1289/1806 1276/70/1271/1781 1205/1/1200/1670 
f 1295/88/1289/1806 1205/1/1200/1670 1204/0/1199/1669 
f 1276/70/1271/1781 1258/63/1253/1754 1278/71/1273/1784 
f 1276/70/1271/1781 1278/71/1273/1784 1205/1/1200/1670 
f 1296/0/1290/1807 1297/1/1291/1808 1298/2/1292/1809 
f 1296/0/1290/1807 1298/2/1292/1809 1299/3/1293/1810 
f 1300/245/1294/1811 1301/244/1295/1812 1302/6/1296/1813 
f 1300/245/1294/1811 1302/6/1296/1813 1303/7/1297/1814 
f 1300/8/1294/1815 1304/9/1298/1816 1305/10/1299/1817 
f 1300/8/1294/1815 1305/10/1299/1817 1301/11/1295/1818 
f 1306/12/1300/1819 1307/13/1301/1820 1308/14/1302/1821 
f 1306/12/1300/1819 1308/14/1302/1821 1309/15/1303/1822 
f 1309/15/1303/1822 1308/14/1302/1821 1305/16/1299/1823 
f 1309/15/1303/1822 1305/16/1299/1823 1304/17/1298/1824 
f 1310/2/1304/1825 1311/1/1305/1826 1312/0/1306/1827 
f 1310/2/1304/1825 1312/0/1306/1827 1313/3/1307/1828 
f 1314/6/1308/1829 1315/244/1309/1830 1300/245/1294/1831 
f 1314/6/1308/1829 1300/245/1294/1831 1303/7/1297/1832 
f 1300/8/1294/1833 1315/11/1309/1834 1316/10/1310/1835 
f 1300/8/1294/1833 1316/10/1310/1835 1304/9/1298/1836 
f 1317/14/1311/1837 1318/13/1312/1838 1306/12/1300/1839 
f 1317/14/1311/1837 1306/12/1300/1839 1309/15/1303/1840 
f 1316/16/1310/1841 1317/14/1311/1837 1309/15/1303/1840 
f 1316/16/1310/1841 1309/15/1303/1840 1304/17/1298/1842 
f 1319/247/1313/1843 1320/246/1314/1844 1321/20/1315/1845 
f 1319/247/1313/1843 1321/20/1315/1845 1322/21/1316/1846 
f 1323/22/1317/1847 1324/23/1318/1848 1320/24/1314/1849 
f 1323/22/1317/1847 1320/24/1314/1849 1319/25/1313/1850 
f 1325/26/1319/1851 1326/27/1320/1852 1327/28/1321/1853 
f 1325/26/1319/1851 1327/28/1321/1853 1328/29/1322/1854 
f 1328/29/1322/1854 1327/28/1321/1853 1324/30/1318/1855 
f 1328/29/1322/1854 1324/30/1318/1855 1323/31/1317/1856 
f 1329/249/1323/1857 1330/248/1324/1858 1331/34/1325/1859 
f 1329/249/1323/1857 1331/34/1325/1859 1332/35/1326/1860 
f 1333/36/1327/1861 1334/37/1328/1862 1330/38/1324/1863 
f 1333/36/1327/1861 1330/38/1324/1863 1329/39/1323/1864 
f 1335/40/1329/1865 1336/41/1330/1866 1337/42/1331/1867 
f 1335/40/1329/1865 1337/42/1331/1867 1338/43/1332/1868 
f 1338/43/1332/1868 1337/42/1331/1867 1334/44/1328/1869 
f 1338/43/1332/1868 1334/44/1328/1869 1333/45/1327/1870 
f 1339/251/1333/1871 1340/250/1334/1872 1341/48/1335/1873 
f 1339/251/1333/1871 1341/48/1335/1873 1342/49/1336/1874 
f 1343/50/1337/1875 1344/51/846/1876 1340/52/1334/1877 
f 1343/50/1337/1875 1340/52/1334/1877 1345/53/1338/1878 
f 1339/54/1333/1879 1345/53/1338/1878 1340/52/1334/1877 
f 1346/55/1339/1880 1347/56/1340/1881 1348/57/1341/1882 
f 1346/55/1339/1880 1348/57/1341/1882 1345/58/1338/1883 
f 1349/21/1342/1884 1350/20/1343/1885 1351/246/1344/1886 
f 1349/21/1342/1884 1351/246/1344/1886 1352/247/1345/1887 
f 1352/25/1345/1888 1351/24/1344/1889 1353/23/1346/1890 
f 1352/25/1345/1888 1353/23/1346/1890 1354/22/1347/1891 
f 1355/29/1348/1892 1356/28/1349/1893 1357/27/1350/1894 
f 1355/29/1348/1892 1357/27/1350/1894 1358/26/1351/1895 
f 1354/31/1347/1896 1353/30/1346/1897 1356/28/1349/1893 
f 1354/31/1347/1896 1356/28/1349/1893 1355/29/1348/1892 
f 1359/49/1352/1898 1360/48/1353/1899 1361/250/1354/1900 
f 1359/49/1352/1898 1361/250/1354/1900 1362/251/1355/1901 
f 1361/52/1354/1902 1256/59/1251/1903 1255/60/1250/1904 
f 1361/52/1354/1902 1255/60/1250/1904 1362/54/1355/1905 
f 1363/53/1356/1906 1362/54/1355/1905 1255/60/1250/1904 
f 1260/61/1255/1907 1259/62/1254/1908 1364/63/1357/1909 
f 1260/61/1255/1907 1364/63/1357/1909 1365/55/1358/1910 
f 1366/64/1359/1911 1365/55/1358/1910 1364/63/1357/1909 
f 1363/58/1356/1912 1255/65/1250/1913 1260/61/1255/1907 
f 1363/58/1356/1912 1260/61/1255/1907 1365/55/1358/1910 
f 1367/35/1360/1914 1368/34/1361/1915 1369/248/1362/1916 
f 1367/35/1360/1914 1369/248/1362/1916 1370/249/1363/1917 
f 1370/39/1363/1918 1369/38/1362/1919 1371/37/1364/1920 
f 1370/39/1363/1918 1371/37/1364/1920 1372/36/1365/1921 
f 1373/43/1366/1922 1374/42/1367/1923 1375/41/1368/1924 
f 1373/43/1366/1922 1375/41/1368/1924 1376/40/1369/1925 
f 1372/45/1365/1926 1371/44/1364/1927 1374/42/1367/1923 
f 1372/45/1365/1926 1374/42/1367/1923 1373/43/1366/1922 
f 1301/244/1295/1812 1329/249/1323/1857 1332/35/1326/1860 
f 1301/244/1295/1812 1332/35/1326/1860 1302/6/1296/1813 
f 1305/10/1299/1817 1333/36/1327/1861 1329/39/1323/1864 
f 1305/10/1299/1817 1329/39/1323/1864 1301/11/1295/1818 
f 1307/13/1301/1820 1335/40/1329/1865 1338/43/1332/1868 
f 1307/13/1301/1820 1338/43/1332/1868 1308/14/1302/1821 
f 1308/14/1302/1821 1338/43/1332/1868 1333/45/1327/1870 
f 1308/14/1302/1821 1333/45/1327/1870 1305/16/1299/1823 
f 1314/6/1308/1829 1367/35/1360/1914 1370/249/1363/1917 
f 1314/6/1308/1829 1370/249/1363/1917 1315/244/1309/1830 
f 1315/11/1309/1834 1370/39/1363/1918 1372/36/1365/1921 
f 1315/11/1309/1834 1372/36/1365/1921 1316/10/1310/1835 
f 1317/14/1311/1837 1373/43/1366/1922 1376/40/1369/1925 
f 1317/14/1311/1837 1376/40/1369/1925 1318/13/1312/1838 
f 1316/16/1310/1841 1372/45/1365/1926 1373/43/1366/1922 
f 1316/16/1310/1841 1373/43/1366/1922 1317/14/1311/1837 
f 1320/246/1314/1844 1339/251/1333/1871 1342/49/1336/1874 
f 1320/246/1314/1844 1342/49/1336/1874 1321/20/1315/1845 
f 1324/23/1318/1848 1345/53/1338/1878 1339/54/1333/1879 
f 1324/23/1318/1848 1339/54/1333/1879 1320/24/1314/1849 
f 1326/27/1320/1852 1377/64/1370/1928 1346/55/1339/1880 
f 1326/27/1320/1852 1346/55/1339/1880 1327/28/1321/1853 
f 1327/28/1321/1853 1346/55/1339/1880 1345/58/1338/1883 
f 1327/28/1321/1853 1345/58/1338/1883 1324/30/1318/1855 
f 1330/248/1324/1858 1319/247/1313/1843 1322/21/1316/1846 
f 1330/248/1324/1858 1322/21/1316/1846 1331/34/1325/1859 
f 1334/37/1328/1862 1323/22/1317/1847 1319/25/1313/1850 
f 1334/37/1328/1862 1319/25/1313/1850 1330/38/1324/1863 
f 1336/41/1330/1866 1325/26/1319/1851 1328/29/1322/1854 
f 1336/41/1330/1866 1328/29/1322/1854 1337/42/1331/1867 
f 1337/42/1331/1867 1328/29/1322/1854 1323/31/1317/1856 
f 1337/42/1331/1867 1323/31/1317/1856 1334/44/1328/1869 
f 1340/250/1334/1872 1378/67/1371/1929 1298/2/1292/1809 
f 1340/250/1334/1872 1298/2/1292/1809 1341/48/1335/1873 
f 1340/52/1334/1877 1344/51/846/1876 1379/67/1372/1930 
f 1340/52/1334/1877 1379/67/1372/1930 1378/68/1371/1931 
f 1350/20/1343/1885 1359/49/1352/1898 1362/251/1355/1901 
f 1350/20/1343/1885 1362/251/1355/1901 1351/246/1344/1886 
f 1351/24/1344/1889 1362/54/1355/1905 1363/53/1356/1906 
f 1351/24/1344/1889 1363/53/1356/1906 1353/23/1346/1890 
f 1356/28/1349/1893 1365/55/1358/1910 1366/64/1359/1911 
f 1356/28/1349/1893 1366/64/1359/1911 1357/27/1350/1894 
f 1353/30/1346/1897 1363/58/1356/1912 1365/55/1358/1910 
f 1353/30/1346/1897 1365/55/1358/1910 1356/28/1349/1893 
f 1360/48/1353/1899 1310/2/1304/1825 1380/67/1373/1932 
f 1360/48/1353/1899 1380/67/1373/1932 1361/250/1354/1900 
f 1361/52/1354/1902 1380/68/1373/1933 1275/69/1270/1934 
f 1361/52/1354/1902 1275/69/1270/1934 1256/59/1251/1903 
f 1364/63/1357/1909 1259/62/1254/1908 1276/70/1271/1935 
f 1368/34/1361/1915 1349/21/1342/1884 1352/247/1345/1887 
f 1368/34/1361/1915 1352/247/1345/1887 1369/248/1362/1916 
f 1369/38/1362/1919 1352/25/1345/1888 1354/22/1347/1891 
f 1369/38/1362/1919 1354/22/1347/1891 1371/37/1364/1920 
f 1374/42/1367/1923 1355/29/1348/1892 1358/26/1351/1895 
f 1374/42/1367/1923 1358/26/1351/1895 1375/41/1368/1924 
f 1371/44/1364/1927 1354/31/1347/1896 1355/29/1348/1892 
f 1371/44/1364/1927 1355/29/1348/1892 1374/42/1367/1923 
f 1298/2/1292/1809 1297/1/1291/1808 1381/71/1374/1936 
f 1298/2/1292/1809 1381/71/1374/1936 1341/48/1335/1873 
f 1297/1/1291/1808 1382/72/1375/1937 1383/73/1376/1938 
f 1297/1/1291/1808 1383/73/1376/1938 1381/71/1374/1936 
f 1310/2/1304/1825 1360/48/1353/1899 1384/71/1377/1939 
f 1310/2/1304/1825 1384/71/1377/1939 1311/1/1305/1826 
f 1385/74/1378/1940 1386/75/1379/1941 1331/34/1325/1859 
f 1385/74/1378/1940 1331/34/1325/1859 1322/21/1316/1846 
f 1325/26/1319/1851 1336/41/1330/1866 1386/75/1379/1941 
f 1325/26/1319/1851 1386/75/1379/1941 1385/74/1378/1940 
f 1387/76/1380/1942 1388/77/1381/1943 1302/6/1296/1813 
f 1387/76/1380/1942 1302/6/1296/1813 1332/35/1326/1860 
f 1335/40/1329/1865 1307/13/1301/1820 1388/77/1381/1943 
f 1335/40/1329/1865 1388/77/1381/1943 1387/76/1380/1942 
f 1389/78/1382/1944 1390/79/1383/1945 1321/20/1315/1845 
f 1389/78/1382/1944 1321/20/1315/1845 1342/49/1336/1874 
f 1377/64/1370/1928 1326/27/1320/1852 1390/79/1383/1945 
f 1377/64/1370/1928 1390/79/1383/1945 1389/78/1382/1944 
f 1349/21/1342/1884 1368/34/1361/1915 1391/75/1384/1946 
f 1349/21/1342/1884 1391/75/1384/1946 1392/74/1385/1947 
f 1392/74/1385/1947 1391/75/1384/1946 1375/41/1368/1924 
f 1392/74/1385/1947 1375/41/1368/1924 1358/26/1351/1895 
f 1359/49/1352/1898 1350/20/1343/1885 1393/79/1386/1948 
f 1359/49/1352/1898 1393/79/1386/1948 1394/78/1387/1949 
f 1394/78/1387/1949 1393/79/1386/1948 1357/27/1350/1894 
f 1394/78/1387/1949 1357/27/1350/1894 1366/64/1359/1911 
f 1367/35/1360/1914 1314/6/1308/1829 1395/77/1388/1950 
f 1367/35/1360/1914 1395/77/1388/1950 1396/76/1389/1951 
f 1396/76/1389/1951 1395/77/1388/1950 1318/13/1312/1838 
f 1396/76/1389/1951 1318/13/1312/1838 1376/40/1369/1925 
f 1381/71/1374/1936 1389/78/1382/1944 1342/49/1336/1874 
f 1381/71/1374/1936 1342/49/1336/1874 1341/48/1335/1873 
f 1397/80/1390/1952 1377/64/1370/1928 1389/78/1382/1944 
f 1397/80/1390/1952 1389/78/1382/1944 1398/81/1391/1953 
f 1381/71/1374/1936 1398/81/1391/1953 1389/78/1382/1944 
f 1360/48/1353/1899 1359/49/1352/1898 1394/78/1387/1949 
f 1360/48/1353/1899 1394/78/1387/1949 1384/71/1377/1939 
f 1384/71/1377/1939 1394/78/1387/1949 1366/64/1359/1911 
f 1384/71/1377/1939 1366/64/1359/1911 1364/63/1357/1909 
f 1386/75/1379/1941 1387/76/1380/1942 1332/35/1326/1860 
f 1386/75/1379/1941 1332/35/1326/1860 1331/34/1325/1859 
f 1336/41/1330/1866 1335/40/1329/1865 1387/76/1380/1942 
f 1336/41/1330/1866 1387/76/1380/1942 1386/75/1379/1941 
f 1388/77/1381/1943 1399/82/1392/1954 1303/7/1297/1814 
f 1388/77/1381/1943 1303/7/1297/1814 1302/6/1296/1813 
f 1307/13/1301/1820 1306/12/1300/1819 1399/82/1392/1954 
f 1307/13/1301/1820 1399/82/1392/1954 1388/77/1381/1943 
f 1390/79/1383/1945 1385/74/1378/1940 1322/21/1316/1846 
f 1390/79/1383/1945 1322/21/1316/1846 1321/20/1315/1845 
f 1326/27/1320/1852 1325/26/1319/1851 1385/74/1378/1940 
f 1326/27/1320/1852 1385/74/1378/1940 1390/79/1383/1945 
f 1378/67/1371/1929 1400/252/1393/1955 1299/3/1293/1810 
f 1378/67/1371/1929 1299/3/1293/1810 1298/2/1292/1809 
f 1378/68/1371/1931 1379/67/1372/1930 1401/84/846/1956 
f 1378/68/1371/1931 1401/84/846/1956 1400/85/1393/1957 
f 1368/34/1361/1915 1367/35/1360/1914 1396/76/1389/1951 
f 1368/34/1361/1915 1396/76/1389/1951 1391/75/1384/1946 
f 1391/75/1384/1946 1396/76/1389/1951 1376/40/1369/1925 
f 1391/75/1384/1946 1376/40/1369/1925 1375/41/1368/1924 
f 1350/20/1343/1885 1349/21/1342/1884 1392/74/1385/1947 
f 1350/20/1343/1885 1392/74/1385/1947 1393/79/1386/1948 
f 1393/79/1386/1948 1392/74/1385/1947 1358/26/1351/1895 
f 1393/79/1386/1948 1358/26/1351/1895 1357/27/1350/1894 
f 1310/2/1304/1825 1313/3/1307/1828 1402/252/1394/1958 
f 1310/2/1304/1825 1402/252/1394/1958 1380/67/1373/1932 
f 1380/68/1373/1933 1402/85/1394/1959 1294/86/846/1960 
f 1380/68/1373/1933 1294/86/846/1960 1275/69/1270/1934 
f 1395/77/1388/1950 1314/6/1308/1829 1303/7/1297/1832 
f 1395/77/1388/1950 1303/7/1297/1832 1399/82/1392/1961 
f 1395/77/1388/1950 1399/82/1392/1961 1306/12/1300/1839 
f 1395/77/1388/1950 1306/12/1300/1839 1318/13/1312/1838 
f 1403/87/1395/1962 1382/72/1375/1937 1297/1/1291/1808 
f 1403/87/1395/1962 1297/1/1291/1808 1296/0/1290/1807 
f 1295/88/1289/1963 1312/0/1306/1827 1311/1/1305/1826 
f 1295/88/1289/1963 1311/1/1305/1826 1276/70/1271/1935 
f 1276/70/1271/1935 1311/1/1305/1826 1384/71/1377/1939 
f 1276/70/1271/1935 1384/71/1377/1939 1364/63/1357/1909 
f 1347/56/1340/1881 1346/55/1339/1880 1377/64/1370/1928 
f 1347/56/1340/1881 1377/64/1370/1928 1397/80/1390/1952 
f 651/234/650/1964 1404/197/1396/1965 1405/189/1397/1966 
f 651/234/650/1964 1405/189/1397/1966 652/235/651/1967 
f 654/236/653/1968 1406/198/1398/1969 1404/197/1396/1965 
f 654/236/653/1968 1404/197/1396/1965 651/234/650/1964 
f 656/237/655/1970 1407/192/1399/1971 1406/198/1398/1969 
f 656/237/655/1970 1406/198/1398/1969 654/236/653/1968 
f 1408/89/1400/1972 1409/90/1401/1973 1410/91/1402/1974 
f 1408/89/1400/1972 1410/91/1402/1974 1411/92/1403/1975 
f 1412/93/1404/1976 1413/94/1405/1977 1409/90/1401/1973 
f 1412/93/1404/1976 1409/90/1401/1973 1408/89/1400/1972 
f 1414/95/1406/1978 1415/96/1407/1979 1416/97/1408/1980 
f 1414/95/1406/1978 1416/97/1408/1980 1417/98/1409/1981 
f 1417/98/1409/1981 1416/97/1408/1980 1413/99/1405/1982 
f 1417/98/1409/1981 1413/99/1405/1982 1412/100/1404/1983 
f 1418/101/1410/1984 1419/102/1411/1985 1420/103/1412/1986 
f 1418/101/1410/1984 1420/103/1412/1986 1411/92/1403/1975 
f 1421/104/1413/1987 1422/105/1414/1988 1419/102/1411/1985 
f 1421/104/1413/1987 1419/102/1411/1985 1418/101/1410/1984 
f 1414/95/1406/1978 1423/106/1415/1989 1422/105/1414/1988 
f 1414/95/1406/1978 1422/105/1414/1988 1421/104/1413/1987 
f 1424/107/1416/1990 1425/108/1417/1991 1426/109/1418/1992 
f 1424/107/1416/1990 1426/109/1418/1992 1427/110/1419/1993 
f 1428/111/1420/1994 1429/112/1421/1995 1425/108/1417/1991 
f 1428/111/1420/1994 1425/108/1417/1991 1424/107/1416/1990 
f 1428/113/1420/1996 1430/114/1422/1997 1431/115/1423/1998 
f 1428/113/1420/1996 1431/115/1423/1998 1429/116/1421/1999 
f 1432/117/1424/2000 1433/118/1425/2001 1434/119/1426/2002 
f 1432/117/1424/2000 1434/119/1426/2002 1435/120/1427/2003 
f 1436/121/1428/2004 1437/122/1429/2005 1433/118/1425/2001 
f 1436/121/1428/2004 1433/118/1425/2001 1432/117/1424/2000 
f 1438/123/1430/2006 1439/124/1431/2007 1437/122/1429/2005 
f 1438/123/1430/2006 1437/122/1429/2005 1436/121/1428/2004 
f 1440/125/1432/2008 1441/126/1433/2009 1442/127/1434/2010 
f 1440/125/1432/2008 1442/127/1434/2010 1435/120/1427/2003 
f 1443/128/1435/2011 1444/129/1436/2012 1441/126/1433/2009 
f 1443/128/1435/2011 1441/126/1433/2009 1440/125/1432/2008 
f 1438/123/1430/2006 1445/130/1437/2013 1446/131/1438/2014 
f 1438/123/1430/2006 1446/131/1438/2014 1447/132/1439/2015 
f 1447/132/1439/2015 1446/131/1438/2014 1444/133/1436/2016 
f 1447/132/1439/2015 1444/133/1436/2016 1443/134/1435/2017 
f 1427/110/1419/1993 1448/135/1440/2018 1449/136/1441/2019 
f 1427/110/1419/1993 1449/136/1441/2019 1450/137/1442/2020 
f 1451/138/1443/2021 1452/139/1444/2022 1449/136/1441/2019 
f 1451/138/1443/2021 1449/136/1441/2019 1448/135/1440/2018 
f 1451/138/1443/2021 1383/140/1376/2023 1382/141/1375/2024 
f 1451/138/1443/2021 1382/141/1375/2024 1452/139/1444/2022 
f 1453/142/1445/2025 1454/143/1446/2026 1455/144/1447/2027 
f 1453/142/1445/2025 1455/144/1447/2027 1456/145/1448/2028 
f 1453/142/1445/2025 1457/146/1449/2029 1458/147/1450/2030 
f 1453/142/1445/2025 1458/147/1450/2030 1454/143/1446/2026 
f 1459/148/1451/2031 1460/149/1452/2032 1458/150/1450/2033 
f 1459/148/1451/2031 1458/150/1450/2033 1457/151/1449/2034 
f 1461/152/1453/2035 1462/153/1454/2036 1442/127/1434/2010 
f 1461/152/1453/2035 1442/127/1434/2010 1463/154/1455/2037 
f 1464/155/1456/2038 1465/156/1457/2039 1462/153/1454/2036 
f 1464/155/1456/2038 1462/153/1454/2036 1461/152/1453/2035 
f 1466/157/1458/2040 1445/130/1437/2013 1465/156/1457/2039 
f 1466/157/1458/2040 1465/156/1457/2039 1464/155/1456/2038 
f 1467/158/1459/2041 1468/159/1460/2042 1434/119/1426/2002 
f 1467/158/1459/2041 1434/119/1426/2002 1469/160/1461/2043 
f 1470/161/1462/2044 1471/162/1463/2045 1468/159/1460/2042 
f 1470/161/1462/2044 1468/159/1460/2042 1467/158/1459/2041 
f 1472/163/1464/2046 1439/124/1431/2007 1473/164/1465/2047 
f 1472/163/1464/2046 1473/164/1465/2047 1474/165/1466/2048 
f 1474/165/1466/2048 1473/164/1465/2047 1471/166/1463/2049 
f 1474/165/1466/2048 1471/166/1463/2049 1470/167/1462/2050 
f 1475/168/1467/2051 1476/169/1468/2052 1477/170/1469/2053 
f 1475/168/1467/2051 1477/170/1469/2053 1426/109/1418/1992 
f 1478/171/1470/2054 1479/172/1471/2055 1477/170/1469/2053 
f 1478/171/1470/2054 1477/170/1469/2053 1476/169/1468/2052 
f 1478/171/1470/2054 1480/173/1472/2056 1481/174/1473/2057 
f 1478/171/1470/2054 1481/174/1473/2057 1479/172/1471/2055 
f 1482/175/1474/2058 1483/176/1475/2059 1420/103/1412/1986 
f 1482/175/1474/2058 1420/103/1412/1986 1475/168/1467/2051 
f 1484/177/1476/2060 1485/178/1477/2061 1483/176/1475/2059 
f 1484/177/1476/2060 1483/176/1475/2059 1482/175/1474/2058 
f 1480/173/1472/2056 1423/106/1415/1989 1486/179/1478/2062 
f 1480/173/1472/2056 1486/179/1478/2062 1487/180/1479/2063 
f 1487/180/1479/2063 1486/179/1478/2062 1485/181/1477/2064 
f 1487/180/1479/2063 1485/181/1477/2064 1484/182/1476/2065 
f 1488/183/1480/2066 1489/184/1481/2067 1410/91/1402/1974 
f 1488/183/1480/2066 1410/91/1402/1974 1469/160/1461/2043 
f 1490/185/1482/2068 1491/186/1483/2069 1489/184/1481/2067 
f 1490/185/1482/2068 1489/184/1481/2067 1488/183/1480/2066 
f 1472/163/1464/2046 1415/96/1407/1979 1491/186/1483/2069 
f 1472/163/1464/2046 1491/186/1483/2069 1490/185/1482/2068 
f 1492/187/1484/2070 1493/188/1485/2071 1405/189/1397/1966 
f 1492/187/1484/2070 1405/189/1397/1966 1463/154/1455/2037 
f 1494/190/1486/2072 1495/191/1487/2073 1493/188/1485/2071 
f 1494/190/1486/2072 1493/188/1485/2071 1492/187/1484/2070 
f 1466/157/1458/2040 1407/192/1399/1971 1496/193/1488/2074 
f 1466/157/1458/2040 1496/193/1488/2074 1497/194/1489/2075 
f 1497/194/1489/2075 1496/193/1488/2074 1495/195/1487/2076 
f 1497/194/1489/2075 1495/195/1487/2076 1494/196/1486/2077 
f 1404/197/1396/1965 1461/152/1453/2035 1463/154/1455/2037 
f 1404/197/1396/1965 1463/154/1455/2037 1405/189/1397/1966 
f 1406/198/1398/1969 1464/155/1456/2038 1461/152/1453/2035 
f 1406/198/1398/1969 1461/152/1453/2035 1404/197/1396/1965 
f 1407/192/1399/1971 1466/157/1458/2040 1464/155/1456/2038 
f 1407/192/1399/1971 1464/155/1456/2038 1406/198/1398/1969 
f 1409/90/1401/1973 1467/158/1459/2041 1469/160/1461/2043 
f 1409/90/1401/1973 1469/160/1461/2043 1410/91/1402/1974 
f 1413/94/1405/1977 1470/161/1462/2044 1467/158/1459/2041 
f 1413/94/1405/1977 1467/158/1459/2041 1409/90/1401/1973 
f 1415/96/1407/1979 1472/163/1464/2046 1474/165/1466/2048 
f 1415/96/1407/1979 1474/165/1466/2048 1416/97/1408/1980 
f 1416/97/1408/1980 1474/165/1466/2048 1470/167/1462/2050 
f 1416/97/1408/1980 1470/167/1462/2050 1413/99/1405/1982 
f 1419/102/1411/1985 1476/169/1468/2052 1475/168/1467/2051 
f 1419/102/1411/1985 1475/168/1467/2051 1420/103/1412/1986 
f 1422/105/1414/1988 1478/171/1470/2054 1476/169/1468/2052 
f 1422/105/1414/1988 1476/169/1468/2052 1419/102/1411/1985 
f 1423/106/1415/1989 1480/173/1472/2056 1478/171/1470/2054 
f 1423/106/1415/1989 1478/171/1470/2054 1422/105/1414/1988 
f 1425/108/1417/1991 1482/175/1474/2058 1475/168/1467/2051 
f 1425/108/1417/1991 1475/168/1467/2051 1426/109/1418/1992 
f 1429/112/1421/1995 1484/177/1476/2060 1482/175/1474/2058 
f 1429/112/1421/1995 1482/175/1474/2058 1425/108/1417/1991 
f 1348/199/1341/2078 1347/200/1340/2079 1487/180/1479/2063 
f 1348/199/1341/2078 1487/180/1479/2063 1484/182/1476/2065 
f 1429/116/1421/1999 1348/199/1341/2078 1484/182/1476/2065 
f 1433/118/1425/2001 1488/183/1480/2066 1469/160/1461/2043 
f 1433/118/1425/2001 1469/160/1461/2043 1434/119/1426/2002 
f 1437/122/1429/2005 1490/185/1482/2068 1488/183/1480/2066 
f 1437/122/1429/2005 1488/183/1480/2066 1433/118/1425/2001 
f 1439/124/1431/2007 1472/163/1464/2046 1490/185/1482/2068 
f 1439/124/1431/2007 1490/185/1482/2068 1437/122/1429/2005 
f 1441/126/1433/2009 1492/187/1484/2070 1463/154/1455/2037 
f 1441/126/1433/2009 1463/154/1455/2037 1442/127/1434/2010 
f 1444/129/1436/2012 1494/190/1486/2072 1492/187/1484/2070 
f 1444/129/1436/2012 1492/187/1484/2070 1441/126/1433/2009 
f 1445/130/1437/2013 1466/157/1458/2040 1497/194/1489/2075 
f 1445/130/1437/2013 1497/194/1489/2075 1446/131/1438/2014 
f 1446/131/1438/2014 1497/194/1489/2075 1494/196/1486/2077 
f 1446/131/1438/2014 1494/196/1486/2077 1444/133/1436/2016 
f 1450/137/1442/2020 1449/136/1441/2019 1498/201/1490/2080 
f 1450/137/1442/2020 1498/201/1490/2080 1455/144/1447/2027 
f 1452/139/1444/2022 1499/202/1491/2081 1498/201/1490/2080 
f 1452/139/1444/2022 1498/201/1490/2080 1449/136/1441/2019 
f 1452/139/1444/2022 1382/141/1375/2024 1403/203/1395/2082 
f 1452/139/1444/2022 1403/203/1395/2082 1499/202/1491/2081 
f 1500/204/1492/2083 1424/107/1416/1990 1427/110/1419/1993 
f 1500/204/1492/2083 1427/110/1419/1993 1450/137/1442/2020 
f 1501/205/1493/2084 1428/111/1420/1994 1424/107/1416/1990 
f 1501/205/1493/2084 1424/107/1416/1990 1500/204/1492/2083 
f 1501/206/1493/2085 1502/207/1494/2086 1430/114/1422/1997 
f 1501/206/1493/2085 1430/114/1422/1997 1428/113/1420/1996 
f 1462/153/1454/2036 1432/117/1424/2000 1435/120/1427/2003 
f 1462/153/1454/2036 1435/120/1427/2003 1442/127/1434/2010 
f 1465/156/1457/2039 1436/121/1428/2004 1432/117/1424/2000 
f 1465/156/1457/2039 1432/117/1424/2000 1462/153/1454/2036 
f 1445/130/1437/2013 1438/123/1430/2006 1436/121/1428/2004 
f 1445/130/1437/2013 1436/121/1428/2004 1465/156/1457/2039 
f 1468/159/1460/2042 1440/125/1432/2008 1435/120/1427/2003 
f 1468/159/1460/2042 1435/120/1427/2003 1434/119/1426/2002 
f 1471/162/1463/2045 1443/128/1435/2011 1440/125/1432/2008 
f 1471/162/1463/2045 1440/125/1432/2008 1468/159/1460/2042 
f 1439/124/1431/2007 1438/123/1430/2006 1447/132/1439/2015 
f 1439/124/1431/2007 1447/132/1439/2015 1473/164/1465/2047 
f 1473/164/1465/2047 1447/132/1439/2015 1443/134/1435/2017 
f 1473/164/1465/2047 1443/134/1435/2017 1471/166/1463/2049 
f 1426/109/1418/1992 1477/170/1469/2053 1448/135/1440/2018 
f 1426/109/1418/1992 1448/135/1440/2018 1427/110/1419/1993 
f 1479/172/1471/2055 1451/138/1443/2021 1448/135/1440/2018 
f 1479/172/1471/2055 1448/135/1440/2018 1477/170/1469/2053 
f 1398/208/1391/2087 1383/140/1376/2023 1451/138/1443/2021 
f 1398/208/1391/2087 1451/138/1443/2021 1479/172/1471/2055 
f 1483/176/1475/2059 1408/89/1400/1972 1411/92/1403/1975 
f 1483/176/1475/2059 1411/92/1403/1975 1420/103/1412/1986 
f 1485/178/1477/2061 1412/93/1404/1976 1408/89/1400/1972 
f 1485/178/1477/2061 1408/89/1400/1972 1483/176/1475/2059 
f 1423/106/1415/1989 1414/95/1406/1978 1417/98/1409/1981 
f 1423/106/1415/1989 1417/98/1409/1981 1486/179/1478/2062 
f 1486/179/1478/2062 1417/98/1409/1981 1412/100/1404/1983 
f 1486/179/1478/2062 1412/100/1404/1983 1485/181/1477/2064 
f 1489/184/1481/2067 1418/101/1410/1984 1411/92/1403/1975 
f 1489/184/1481/2067 1411/92/1403/1975 1410/91/1402/1974 
f 1491/186/1483/2069 1421/104/1413/1987 1418/101/1410/1984 
f 1491/186/1483/2069 1418/101/1410/1984 1489/184/1481/2067 
f 1415/96/1407/1979 1414/95/1406/1978 1421/104/1413/1987 
f 1415/96/1407/1979 1421/104/1413/1987 1491/186/1483/2069 
f 1493/188/1485/2071 752/238/751/2088 652/235/651/1967 
f 1493/188/1485/2071 652/235/651/1967 1405/189/1397/1966 
f 1495/191/1487/2073 753/239/752/2089 752/238/751/2088 
f 1495/191/1487/2073 752/238/751/2088 1493/188/1485/2071 
f 1407/192/1399/1971 656/237/655/1970 754/240/753/2090 
f 1407/192/1399/1971 754/240/753/2090 1496/193/1488/2074 
f 1496/193/1488/2074 754/240/753/2090 753/241/752/2091 
f 1496/193/1488/2074 753/241/752/2091 1495/195/1487/2076 
f 1347/200/1340/2079 1397/215/1390/2092 1481/174/1473/2057 
f 1454/143/1446/2026 1500/204/1492/2083 1450/137/1442/2020 
f 1454/143/1446/2026 1450/137/1442/2020 1455/144/1447/2027 
f 1458/147/1450/2030 1501/205/1493/2084 1500/204/1492/2083 
f 1458/147/1450/2030 1500/204/1492/2083 1454/143/1446/2026 
f 1460/149/1452/2032 1502/207/1494/2086 1501/206/1493/2085 
f 1460/149/1452/2032 1501/206/1493/2085 1458/150/1450/2033 
f 1498/201/1490/2080 1503/216/1495/2093 1456/145/1448/2028 
f 1498/201/1490/2080 1456/145/1448/2028 1455/144/1447/2027 
f 1499/202/1491/2081 1504/217/1496/2094 1503/216/1495/2093 
f 1499/202/1491/2081 1503/216/1495/2093 1498/201/1490/2080 
f 1499/202/1491/2081 1403/203/1395/2082 1505/218/1497/2095 
f 1499/202/1491/2081 1505/218/1497/2095 1504/217/1496/2094 
f 1381/71/1374/1936 1383/73/1376/1938 1398/81/1391/1953 
f 1398/208/1391/2087 1479/172/1471/2055 1481/174/1473/2057 
f 1398/208/1391/2087 1481/174/1473/2057 1397/215/1390/2092 
f 1347/200/1340/2079 1481/174/1473/2057 1480/173/1472/2056 
f 1347/200/1340/2079 1480/173/1472/2056 1487/180/1479/2063 
f 1429/116/1421/1999 1431/115/1423/1998 1348/199/1341/2078 
f 1348/57/1341/1882 1431/219/1423/2096 1343/220/1337/2097 
f 1348/57/1341/1882 1343/220/1337/2097 1345/58/1338/1883 
f 216/210/216/1327 960/189/958/1305 968/197/966/1315 
f 216/210/216/1327 968/197/966/1315 758/242/757/2098 
f 758/242/757/2098 968/197/966/1315 969/198/967/1316 
f 758/242/757/2098 969/198/967/1316 759/243/758/2099 
f 759/243/758/2099 969/198/967/1316 966/192/964/1311 
f 759/243/758/2099 966/192/964/1311 218/212/218/1331 
