v -1427.3765 258.6025 -68.9919
v -1427.3767 258.6367 -63.1555
v -1422.1938 257.4505 -63.9639
v -1427.3757 257.457 -70.6008
v -1419.8687 255.9007 -57.4803
v -1417.9578 255.9506 -59.3505
v -1415.228 253.225 -53.1823
v -1416.0337 253.9202 -61.3346
v -1421.866 254.2582 -69.1098
v -1416.2678 248.7874 -62.7355
v -1418.6763 249.0621 -71.965
v -1422.9763 250.4968 -76.6167
v -1427.377 252.2162 -77.2921
v -1427.3762 250.6142 -80.0841
v -1427.3748 248.8052 -80.2896
v -1422.9888 247.2732 -78.1259
v -1427.3757 246.684 -83.1758
v -1427.3743 245.2259 -79.1882
v -1427.3723 243.5174 -76.7546
v -1424.6936 255.1365 -75.2091
v -1427.3777 255.191 -80.5087
v -1427.3774 257.0504 -75.5759
v -1414.7622 238.4136 -74.8159
v -1414.8547 241.7094 -67.9964
v -1420.7104 239.4424 -83.6603
v -1421.8062 235.2013 -85.0559
v -1425.3557 238.031 -90.5362
v -1426.4734 238.8352 -91.8562
v -1427.3745 242.159 -83.1864
v -1427.3792 235.7176 -94.8301
v -1427.3796 236.0258 -96.5947
v -1427.3779 239.5894 -91.8229
v -1426.8257 236.2469 -92.1791
v -1427.3794 234.7627 -94.4849
v -1425.4575 236.8704 -89.684
v -1427.3787 234.3665 -91.9787
v -1425.1082 233.2965 -91.6232
v -1427.3779 232.4781 -95.4407
v -1427.3772 231.1909 -95.8889
v -1423.1008 230.7728 -92.2115
v -1418.6035 228.229 -84.5731
v -1413.8091 224.6182 -77.0471
v -1414.0481 220.0386 -80.4041
v -1417.124 224.3795 -86.6441
v -1417.1943 230.4612 -78.1095
v -1415.3853 227.5322 -72.4799
v -1412.9104 232.7941 -78.7289
v -1423.8762 226.8772 -92.6584
v -1422.6963 225.0225 -91.8217
v -1411.9294 231.6461 -67.7568
v -1410.28 229.3371 -72.2759
v -1411.7166 234.5728 -62.8938
v -1412.3762 244.6283 -65.0462
v -1408.7102 237.8813 -60.0601
v -1411.2458 244.3456 -56.6063
v -1410.2268 247.1453 -54.2531
v -1404.5503 227.6481 -54.9812
v -1407.2759 226.3701 -57.3606
v -1408.4268 238.7241 -50.6843
v -1402.9932 228.0045 -47.1458
v -1406.7004 223.4465 -61.7781
v -1406.5691 222.2861 -65.4972
v -1409.4734 220.6016 -67.0707
v -1403.2783 212.6014 -60.849
v -1399.9822 213.5347 -56.602
v -1404.843 209.3243 -65.9711
v -1410.0757 218.0987 -72.3112
v -1395.0059 200.176 -65.5819
v -1391.3105 201.0316 -60.6698
v -1388.2886 203.274 -56.182
v -1409.4944 247.2048 -49.8166
v -1413.2664 253.4178 -46.4868
v -1411.157 247.6591 -43.5033
v -1417.9966 258.4158 -49.8376
v -1418.1934 257.746 -45.0902
v -1414.5957 253.0624 -41.7468
v -1420.4446 257.209 -53.5517
v -1424.0156 259.4479 -58.9028
v -1427.3772 261.4598 -58.3746
v -1421.0396 256.1252 -55.5837
v -1427.3772 260.9411 -62.9585
v -1422.8 261.3117 -54.0363
v -1427.3755 262.2263 -52.3638
v -1427.3772 263.8338 -57.6563
v -1422.1597 261.2177 -48.4405
v -1427.3755 263.495 -50.6985
v -1416.3362 251.3273 -38.5492
v -1413.668 246.5738 -35.9323
v -1408.7605 238.8284 -38.9384
v -1427.3694 252.4592 -35.5631
v -1411.7256 254.0516 -23.6011
v -1406.5879 246.3676 -29.9758
v -1427.3708 256.2271 -33.4687
v -1419.2502 255.5929 -40.104
v -1427.3716 255.4357 -39.0711
v -1409.5708 251.2753 -17.2663
v -1406.342 243.1422 -22.6293
v -1405.2891 237.6812 -31.6568
v -1403.884 235.7194 -25.32
v -1427.3728 257.9683 -42.6179
v -1427.3735 259.2733 -41.1324
v -1427.374 261.0866 -47.0853
v -1427.3738 126.8676 -90.3174
v -1418.9961 125.4149 -86.0068
v -1427.3752 122.0054 -89.434
v -1427.374 124.4956 -90.2249
v -1427.3755 126.5861 -93.2921
v -1419.8069 130.3223 -97.6094
v -1415.9141 135.4598 -94.6531
v -1427.3762 140.078 -99.0012
v -1419.7214 148.0401 -93.9006
v -1410.51 143.0356 -90.7692
v -1415.3037 138.5878 -83.9342
v -1410.9949 149.7011 -81.5574
v -1416.416 147.0544 -76.3182
v -1413.2646 156.1304 -79.7186
v -1406.48 156.4305 -84.6697
v -1408.9565 159.5953 -80.0694
v -1408.5215 154.1252 -74.1636
v -1405.1079 165.298 -76.6518
v -1402.3191 157.2047 -70.2844
v -1396.5469 163.4548 -69.0954
v -1392.7949 158.8314 -63.4714
v -1397.314 148.889 -63.5658
v -1395.1382 171.3686 -65.6827
v -1391.6284 168.1289 -57.175
v -1380.2434 163.0486 -56.349
v -1382.8013 155.7815 -61.6749
v -1385.1514 145.5248 -64.4691
v -1395.7629 177.1396 -57.5038
v -1397.6946 177.9085 -63.4522
v -1398.7913 176.1849 -70.0869
v -1400.426 180.973 -67.1121
v -1400.5076 170.7918 -73.7108
v -1408.1133 173.4419 -78.0825
v -1404.7046 180.5814 -76.2414
v -1412.4548 166.6672 -82.7757
v -1406.4763 163.516 -83.0801
v -1403.4905 144.1335 -66.4923
v -1408.2422 136.9002 -70.9922
v -1409.2629 120.5904 -70.5499
v -1409.1199 127.6656 -79.5287
v -1403.7534 128.3931 -63.9834
v -1397.1575 136.4671 -61.0782
v -1414.6675 159.7852 -86.9971
v -1416.1479 162.8759 -92.7182
v -1415.731 172.0607 -86.868
v -1420.0127 171.0057 -97.6221
v -1421.458 161.5381 -101.2744
v -1422.6519 165.4167 -102.8323
v -1418.7881 156.356 -98.1965
v -1415.6372 154.2854 -89.8333
v -1409.3674 150.8988 -86.8646
v -1417.3342 118.0928 -83.3428
v -1421.9167 116.9582 -88.0241
v -1427.3782 111.8863 -87.9016
v -1427.3799 110.2803 -91.9694
v -1427.0386 113.1871 -92.3318
v -1424.031 112.0645 -85.4449
v -1427.3794 108.3092 -87.6056
v -1427.3787 106.2689 -86.6076
v -1425.949 106.1986 -84.5033
v -1423.6038 110.6428 -83.763
v -1427.3784 101.6274 -83.2085
v -1427.3779 101.0975 -85.9395
v -1422.2615 108.6732 -82.3421
v -1427.3801 109.6256 -96.5136
v -1427.3796 114.8355 -92.4882
v -1417.229 113.12 -73.7749
v -1423.3076 108.0804 -78.2345
v -1423.593 104.0107 -74.1159
v -1425.967 100.796 -75.497
v -1427.3794 100.3621 -77.8149
v -1427.3784 98.2728 -73.2078
v -1427.3801 95.9756 -76.5809
v -1422.179 98.2108 -67.2031
v -1427.3774 96.3712 -70.1449
v -1413.5171 106.4212 -67.8125
v -1413.9509 105.3493 -64.114
v -1427.3743 93.5558 -61.6597
v -1414.2681 102.9151 -62.3131
v -1408.946 110.601 -60.893
v -1407.7004 113.4008 -63.1261
v -1406.8457 115.0184 -66.3448
v -1427.4343 104.5352 -79.86
v -1427.3811 98.859 -80.9249
v -1423.6711 143.2195 -99.7749
v -1424.7627 146.873 -100.1418
v -1427.3779 142.714 -103.0828
v -1426.6536 145.53 -103.295
v -1427.3784 146.8633 -105.1816
v -1427.3767 150.1291 -102.8402
v -1427.3794 143.6374 -106.4168
v -1427.3777 140.3973 -103.353
v -1423.5244 153.7727 -104.8986
v -1427.3774 156.3688 -107.9626
v -1427.3779 152.6873 -110.4633
v -1427.3779 151.807 -106.0368
v -1424.4424 159.5316 -107.0125
v -1427.3779 160.8875 -110.6136
v -1426.2727 163.7353 -108.4576
v -1427.3794 162.6901 -113.2161
v -1427.3779 158.8279 -111.0368
v -1427.3762 134.838 -100.7479
v -1424.4722 125.9781 -100.2871
v -1427.3765 127.7516 -102.7041
v -1427.3772 122.9085 -102.6263
v -1427.3782 124.1166 -97.6837
v -1403.0891 121.3649 -62.1453
v -1405.137 120.0373 -59.3028
v -1399.5107 122.5231 -55.088
v -1400.656 119.0415 -52.6872
v -1404.9275 117.5841 -57.3268
v -1390.1526 121.886 -52.882
v -1393.2024 116.8199 -44.8151
v -1380.9988 115.3434 -44.7366
v -1379.1589 121.1678 -50.7456
v -1391.4939 114.0476 -35.144
v -1381.77 114.1228 -35.7737
v -1371.4644 116.3198 -28.4209
v -1381.0669 115.2402 -26.6715
v -1371.7666 113.4288 -35.9188
v -1369.6975 122.4666 -24.7948
v -1366.0259 119.349 -30.9914
v -1364.1189 124.7151 -30.0924
v -1362.2473 131.8608 -30.571
v -1367.9019 128.7707 -23.683
v -1364.8289 133.3115 -20.5406
v -1359.4805 134.5191 -27.7919
v -1357.1953 139.405 -26.0598
v -1362.5183 139.9914 -18.5184
v -1359.4021 136.9217 -32.8641
v -1357.2078 140.1077 -32.3454
v -1365.8452 138.0275 -35.9189
v -1378.2983 127.9932 -19.0101
v -1379.4995 121.6415 -21.0444
v -1375.2551 133.5095 -14.2154
v -1361.1133 131.6649 -35.9188
v -1362.2229 131.8536 -41.2712
v -1362.8186 125.4158 -35.9188
v -1363.97 124.6693 -41.8346
v -1365.0027 118.6399 -35.9188
v -1365.717 119.1465 -41.0192
v -1371.2954 115.9346 -43.6975
v -1392.4709 125.1751 -19.9492
v -1392.9219 117.3107 -26.3044
v -1403.1597 126.6994 -16.3475
v -1403.3201 122.1087 -21.4515
v -1403.7249 122.3391 -15.7997
v -1408.9851 123.2937 -10.2574
v -1405.5901 119.6902 -12.5788
v -1407.7563 125.3809 -7.5312
v -1401.4321 129.512 -14.2265
v -1404.1741 125.6339 -6.5986
v -1389.5281 131.0939 -18.3965
v -1395.5715 132.4573 -16.5956
v -1387.4321 136.1366 -11.6903
v -1399.3459 136.5219 -11.7346
v -1400.6292 114.2255 -29.0945
v -1400.2356 112.3755 -34.926
v -1402.6758 117.5966 -26.9859
v -1402.2502 119.2589 -47.4338
v -1407.4753 116.9067 -51.7048
v -1406.6748 117.9121 -54.604
v -1409.1499 108.9879 -52.4772
v -1414.1077 112.0439 -56.6425
v -1413.1099 103.6088 -58.9449
v -1417.0684 101.4491 -55.0662
v -1415.9211 98.7272 -58.0137
v -1427.3721 95.987 -58.2482
v -1412.9077 103.0607 -50.3019
v -1412.0391 110.7744 -48.8601
v -1413.2258 104.3682 -47.2662
v -1408.1545 116.5025 -48.5043
v -1401.1182 115.0179 -46.107
v -1407.022 111.8322 -47.2529
v -1402.0999 116.5249 -41.3137
v -1407.1982 111.4612 -42.1685
v -1403.3442 107.8378 -36.5097
v -1402.7678 107.6223 -28.3429
v -1405.6306 101.81 -28.1782
v -1406.8977 101.7798 -36.4767
v -1410.155 104.2318 -42.2294
v -1409.9387 104.2986 -45.7973
v -1414.3735 98.0589 -42.709
v -1369.4863 122.3279 -47.3462
v -1378.4856 128.4266 -52.0181
v -1368.5928 129.4337 -47.3769
v -1375.2827 133.5647 -57.5458
v -1364.8406 133.3244 -51.2841
v -1372.5579 142.0427 -59.8099
v -1362.5134 139.99 -53.3248
v -1370.2673 150.9233 -58.6704
v -1361.8372 146.9526 -52.2864
v -1368.0479 156.4762 -54.4261
v -1361.8853 151.151 -49.8835
v -1357.2078 139.4096 -45.7731
v -1359.502 134.5381 -44.0439
v -1356.467 145.0175 -46.1148
v -1387.3179 135.3873 -61.3879
v -1389.1909 129.6537 -54.2116
v -1397.4856 123.8626 -57.6576
v -1396.2878 129.8739 -57.7111
v -1411.6462 180.9643 -78.4912
v -1410.7786 190.8687 -77.1976
v -1405.7461 191.0586 -73.0031
v -1398.7747 194.2696 -68.6541
v -1398.1799 190.8086 -66.64
v -1402.5852 188.5259 -70.1224
v -1393.5288 194.6163 -64.0401
v -1395.0327 192.0605 -62.1741
v -1399.5806 189.446 -64.8442
v -1402.4014 187.8224 -66.9695
v -1402.3599 182.8705 -71.909
v -1402.7771 184.1505 -68.9485
v -1400.3503 186.0626 -65.798
v -1401.2468 188.1028 -64.0603
v -1397.4661 190.0409 -61.0571
v -1397.3259 184.9153 -63.0921
v -1393.1038 190.9238 -57.9529
v -1395.5854 188.1289 -56.9266
v -1393.6853 183.6806 -58.3836
v -1389.3459 193.5657 -60.2042
v -1386.54 192.9441 -55.3867
v -1394.1797 189.0921 -52.8402
v -1394.0046 184.5609 -54.3206
v -1391.0388 182.8545 -52.4039
v -1391.9646 178.8761 -52.8384
v -1393.1709 182.8735 -55.6013
v -1397.3267 184.2159 -55.3222
v -1384.4116 175.2586 -52.3609
v -1374.0605 167.4809 -52.447
v -1375.7197 179.0044 -48.4873
v -1367.5215 170.9093 -48.6375
v -1383.2495 187.6275 -48.1461
v -1387.3352 184.2952 -51.2852
v -1390.4961 189.2946 -51.2122
v -1387.283 194.4629 -50.3026
v -1387.7693 205.5608 -50.4537
v -1385.7092 199.7018 -43.3123
v -1379.9402 191.3654 -43.0659
v -1389.5476 207.5071 -43.6671
v -1400.9978 198.9085 -69.8967
v -1407.9182 205.304 -70.672
v -1412.0483 211.3787 -76.9611
v -1416.1853 210.4147 -81.2662
v -1416.114 216.0585 -83.9266
v -1412.9268 216.8092 -82.5177
v -1422.0122 211.0319 -82.6052
v -1420.1423 215.2844 -84.8074
v -1416.2744 219.7271 -89.7247
v -1416.2122 220.7702 -87.4808
v -1422.0376 217.9409 -88.8909
v -1424.7349 212.6504 -88.6912
v -1417.0776 202.2686 -82.993
v -1423.4639 202.9279 -84.177
v -1414.8828 200.8064 -79.0725
v -1412.9795 192.3403 -83.1022
v -1415.8696 193.5483 -87.7859
v -1419.6211 197.6855 -89.8693
v -1413.6592 191.9359 -93.5103
v -1417.7341 195.137 -94.6017
v -1417.4089 188.0371 -90.8522
v -1415.1472 189.2163 -93.7026
v -1413.1548 183.6454 -86.5805
v -1410.2747 198.8481 -75.2084
v -1406.406 196.8893 -72.4764
v -1420.2761 97.9053 -60.7165
v -1427.3738 94.7477 -60.1723
v -1418.697 95.5588 -55.8498
v -1418.9756 94.7669 -52.2972
v -1422.4771 90.2157 -49.957
v -1422.0491 90.7808 -52.1904
v -1418.071 91.5284 -46.5439
v -1427.3748 87.2419 -46.643
v -1415.1516 97.8046 -48.0302
v -1427.3716 87.7963 -40.7735
v -1421.1863 87.6236 -43.1896
v -1427.375 83.0945 -41.6765
v -1427.3752 84.6883 -43.0089
v -1421.9292 87.2583 -45.094
v -1427.3757 83.7461 -44.4826
v -1427.3755 86.8956 -49.2786
v -1427.3738 91.0246 -54.0542
v -1419.2957 90.3464 -34.798
v -1427.3733 85.3614 -36.4832
v -1412.415 95.4336 -34.5888
v -1416.3162 89.8986 -31.8903
v -1421.3145 84.5656 -30.7181
v -1427.3745 83.5691 -32.7796
v -1427.3757 80.5395 -30.647
v -1427.3738 84.4226 -28.765
v -1427.3716 88.6487 -27.1269
v -1423.1392 84.7516 -18.3191
v -1427.3757 83.6266 -20.5693
v -1416.8506 92.497 -23.4761
v -1410.9575 96.164 -26.9041
v -1422.7761 93.2601 -64.8915
v -1427.3782 87.0378 -62.6841
v -1427.3777 92.0625 -65.8233
v -1425.1877 95.3872 -67.8022
v -1427.3787 92.6177 -68.1011
v -1407.0007 227.131 -37.3642
v -1404.188 228.8831 -29.0449
v -1398.7651 217.9453 -28.207
v -1400.2837 217.7986 -36.1531
v -1405.5603 227.3921 -20.743
v -1397.7876 216.7259 -20.9478
v -1407.4043 223.3755 -12.7302
v -1399.8311 213.6622 -15.4415
v -1387.7837 205.5534 -21.3893
v -1389.5503 207.5054 -28.1703
v -1385.7205 199.6973 -28.5265
v -1387.2781 194.4629 -21.5317
v -1390.4912 189.2935 -20.6168
v -1387.3333 184.2958 -20.548
v -1383.2524 187.6259 -23.6959
v -1386.5623 192.9546 -16.4538
v -1394.1758 189.0888 -18.9943
v -1388.2974 203.2688 -15.6604
v -1389.3457 193.5656 -11.6334
v -1391.3069 201.0341 -11.1652
v -1393.0999 190.9175 -13.881
v -1395.0308 192.058 -9.662
v -1393.5249 194.6135 -7.793
v -1395.0044 200.1769 -6.2542
v -1402.2017 211.2524 -11.1684
v -1408.262 218.6664 -5.8983
v -1391.0315 182.8563 -19.4188
v -1391.9805 178.8703 -19.0177
v -1384.4111 175.2591 -19.4755
v -1395.7549 177.1415 -14.3286
v -1391.6228 168.132 -14.6566
v -1395.1628 171.3622 -6.1656
v -1397.6851 177.9111 -8.3805
v -1393.6826 183.6811 -13.454
v -1397.3262 184.9151 -8.7459
v -1393.1494 182.888 -16.2242
v -1375.7217 179.0024 -23.3549
v -1374.0732 167.4655 -19.4311
v -1367.6111 170.8202 -23.3719
v -1380.2385 163.0544 -15.4764
v -1393.9993 184.5606 -17.5104
v -1397.3252 184.2161 -16.5152
v -1395.6206 188.1421 -14.9229
v -1379.9604 191.3495 -28.7809
v -1388.0229 199.9276 -35.9188
v -1391.8992 207.79 -35.9188
v -1398.3228 218.0385 -44.3825
v -1380.989 190.935 -35.9188
v -1409.6472 233.863 -8.3554
v -1408.4614 239.2002 -15.0231
v -1414.8738 244.7244 -6.693
v -1427.3704 252.7609 2.2632
v -1416.9824 249.6927 1.4878
v -1427.3721 252.6741 6.0646
v -1419.334 251.9357 6.1843
v -1427.3733 252.8138 9.327
v -1427.3718 250.5522 8.5394
v -1420.6011 248.5617 15.4025
v -1418.0996 246.6838 11.5733
v -1427.373 249.8813 13.0834
v -1427.3735 250.4633 18.411
v -1427.3694 240.0912 13.9908
v -1416.0503 242.8236 6.6165
v -1427.3713 244.1132 14.3465
v -1427.373 247.2585 17.5121
v -1414.4614 247.5007 3.4065
v -1411.5825 240.5596 -1.7473
v -1417.3379 252.871 -1.1434
v -1427.3706 253.7297 1.3996
v -1427.3704 254.2659 -0.0618
v -1417.3005 257.441 -4.1388
v -1420.49 257.4217 1.5451
v -1427.3728 256.0359 2.9733
v -1427.3738 258.8207 -6.7743
v -1427.3735 258.1551 0.2367
v -1415.6865 255.8405 -11.4991
v -1427.3733 258.5359 -12.5011
v -1427.374 258.1403 4.6975
v -1413.3657 250.0964 -9.0033
v -1411.908 226.7997 -1.6229
v -1412.8223 220.7557 3.9831
v -1410.2825 214.4276 1.653
v -1413.8999 213.4001 6.8956
v -1412.3484 208.8822 8.9135
v -1408.647 205.9842 -0.9863
v -1415.6128 215.963 12.3642
v -1412.8384 212.3912 13.7302
v -1418.0366 218.446 17.7741
v -1414.9851 216.8611 18.0803
v -1411.2188 219.7814 11.2
v -1414.8752 222.5487 16.1986
v -1410.27 216.8307 7.4564
v -1414.0149 214.2232 18.8996
v -1411.8179 202.8862 9.4014
v -1409.8733 199.9296 3.234
v -1419.7917 205.7269 11.2221
v -1416.3445 209.9704 13.5083
v -1414.0024 223.3078 8.4913
v -1411.2603 227.3216 7.7424
v -1417.3716 231.8338 14.655
v -1415.4265 226.1252 15.3976
v -1414.4067 233.702 5.3548
v -1417.8508 235.4389 12.9889
v -1404.4902 209.2739 -6.63
v -1400.9629 198.954 -1.9037
v -1406.0554 197.2655 1.0191
v -1405.4587 191.3443 1.4148
v -1398.7688 194.2678 -3.1762
v -1399.0537 217.703 -51.9411
v -1427.3765 167.3981 -106.2513
v -1427.3774 168.5657 -109.8343
v -1423.6865 172.5433 -106.1903
v -1427.3796 171.1855 -113.3057
v -1427.377 175.896 -110.8534
v -1427.377 178.4001 -112.1485
v -1423.4443 179.3563 -108.0848
v -1427.3767 180.7527 -110.3394
v -1418.1365 181.2572 -99.0125
v -1422.6946 183.5485 -106.6843
v -1427.3765 186.406 -107.3867
v -1418.7534 189.1127 -96.9301
v -1427.3774 183.1952 -111.9711
v -1427.3762 189.1315 -109.1981
v -1422.2336 189.4843 -104.7424
v -1427.376 191.4296 -104.7432
v -1421.6226 192.3262 -97.9128
v -1416.4934 190.0764 -96.6975
v -1418.2146 192.636 -99.2324
v -1427.3787 164.7766 -109.6668
v -1422.2903 200.6906 -92.6645
v -1424.0024 206.2981 -91.9383
v -1420.7849 198.8153 -97.0756
v -1423.1826 203.6858 -100.1351
v -1424.8271 208.8357 -101.9957
v -1425.7456 209.6718 -95.7831
v -1421.043 202.6795 -104.3462
v -1422.5854 208.7957 -106.775
v -1420.2732 196.5522 -102.0594
v -1422.2273 201.8097 -105.4554
v -1418.7173 197.7324 -101.0254
v -1416.3708 193.9497 -98.5143
v -1414.5054 191.3738 -97.0013
v -1427.3755 201.5356 -102.1414
v -1427.375 195.8704 -99.8397
v -1427.3772 208.0612 -104.2868
v -1423.8296 208.4262 -108.4286
v -1427.3784 214.3242 -104.7836
v -1424.3538 215.6369 -108.0518
v -1425.1467 213.7707 -101.6058
v -1426.9038 214.0941 -94.6357
v -1423.4612 214.7175 -106.1843
v -1421.4514 217.8664 -101.9613
v -1424.6523 217.3822 -99.7132
v -1419.5649 220.048 -96.3127
v -1423.9202 218.6246 -94.4794
v -1422.6626 219.6083 -103.1006
v -1420.25 222.0866 -96.7306
v -1427.3774 219.0021 -101.6436
v -1427.3748 221.0079 -96.0526
v -1417.7356 221.9405 -90.4552
v -1419.7646 221.4833 -89.0129
v -1427.3748 222.7924 -93.666
v -1425.186 230.1355 -95.4178
v -1427.3774 229.1234 -98.0675
v -1427.3777 227.9238 -97.5889
v -1424.3447 227.3665 -97.4463
v -1427.3774 225.7275 -101.0579
v -1427.3772 224.8227 -99.443
v -1424.7158 224.6124 -96.6905
v -1427.3774 222.1467 -99.9941
v -1427.3762 222.7794 -96.9553
v -1427.3743 261.2405 -32.7021
v -1420.0781 258.0552 -29.6464
v -1427.3748 261.545 -30.9468
v -1420.6365 259.945 -28.2119
v -1427.375 262.9606 -29.9224
v -1427.3735 262.0611 -27.7428
v -1427.3738 264.7612 -26.3419
v -1420.3372 262.6046 -25.1033
v -1427.374 262.5218 -23.4995
v -1427.374 259.6681 -21.1312
v -1417.9863 260.3509 -23.9303
v -1420.2449 256.795 -19.6961
v -1427.3745 259.3168 -18.2313
v -1427.3723 257.8493 -16.5871
v -1371.7556 182.2188 -43.1272
v -1372.2231 181.9121 -35.9188
v -1364.804 173.1516 -35.9188
v -1363.8467 173.6001 -42.9521
v -1357.5396 165.0457 -35.9188
v -1356.4968 165.6193 -42.8416
v -1364.0 173.4614 -28.9455
v -1356.8254 165.3925 -29.0989
v -1371.7773 182.1991 -28.7205
v -1360.5215 163.0627 -23.947
v -1359.1458 154.17 -22.4129
v -1356.0083 157.0423 -25.2795
v -1364.7249 159.36 -20.6111
v -1368.1082 156.4311 -17.5309
v -1362.5134 151.0717 -22.5905
v -1361.8999 146.9449 -19.6207
v -1370.2651 150.9244 -13.1629
v -1372.5999 142.0536 -12.1193
v -1357.4058 149.0419 -26.8423
v -1356.5554 145.0121 -25.7677
v -1385.1499 145.5246 -7.3596
v -1382.7947 155.7883 -10.1448
v -1357.719 153.7854 -27.9684
v -1352.8462 157.3255 -29.7709
v -1354.2544 151.3947 -30.8474
v -1354.1973 150.9562 -35.9188
v -1352.4563 156.9387 -35.9188
v -1357.5483 146.1999 -31.4599
v -1360.3406 143.2877 -35.9189
v -1352.5923 157.3693 -42.1359
v -1354.1135 151.324 -41.0417
v -1357.7534 146.2338 -40.4015
v -1357.1172 149.0462 -45.1297
v -1358.1238 153.9748 -43.5618
v -1357.2988 140.1494 -39.5418
v -1355.7883 143.3478 -41.3629
v -1359.4463 136.9647 -39.0169
v -1358.9297 154.1383 -49.6991
v -1355.7271 157.0598 -46.8311
v -1360.2476 163.2388 -48.2952
v -1364.6096 159.429 -51.4879
v -1406.9001 112.5435 -27.4776
v -1411.427 107.1744 -27.4961
v -1414.6367 101.3962 -23.9169
v -1427.3716 93.8306 -15.3176
v -1427.3757 86.9352 -15.0728
v -1427.3784 79.9048 -13.4276
v -1417.4797 96.6036 -12.7678
v -1427.3735 92.1865 -10.6168
v -1427.3735 95.5737 -10.0976
v -1420.5103 99.1082 -9.3172
v -1427.375 94.652 -7.6704
v -1427.3748 96.2115 -5.9067
v -1414.7417 106.6554 -11.8245
v -1414.2478 104.5213 -7.1561
v -1414.3 102.6847 -15.3692
v -1414.9883 103.3121 -19.9043
v -1409.4817 108.1188 -22.3103
v -1408.3804 109.2304 -17.2554
v -1411.2893 114.137 -14.2712
v -1410.9141 109.8406 -7.5102
v -1417.5425 106.7181 -3.7003
v -1415.2295 112.9306 -3.2745
v -1408.3567 115.2001 -9.4866
v -1411.1968 118.4814 -3.6934
v -1408.4434 119.5938 -16.2385
v -1421.0686 98.9378 -1.6804
v -1427.3772 92.166 -0.2077
v -1427.3743 98.6257 0.3861
v -1427.3713 104.5831 1.5124
v -1416.9612 105.7522 -0.195
v -1406.6729 114.2603 -22.82
v -1407.3499 116.6327 -18.6807
v -1355.7432 143.3475 -30.4862
v -1412.7351 123.3186 -1.9914
v -1417.3201 120.0584 1.0979
v -1410.0586 118.7051 3.537
v -1407.0295 122.7744 -0.5616
v -1410.5398 122.7893 5.7375
v -1408.6245 126.3019 0.7472
v -1408.2705 129.3531 3.9167
v -1412.4189 125.4271 8.3043
v -1413.3638 117.4636 7.5938
v -1427.3699 117.0261 8.6713
v -1416.0591 112.168 5.2589
v -1414.364 111.3915 2.9934
v -1419.6704 107.5043 3.1626
v -1427.3738 103.7436 2.5682
v -1427.3723 106.989 3.6573
v -1427.3701 112.3379 6.1202
v -1418.1152 113.1572 0.5133
v -1418.8359 118.7695 10.934
v -1427.3723 115.172 9.7182
v -1418.2427 123.0541 12.1508
v -1415.3269 128.9928 10.7393
v -1415.1731 124.9118 16.4019
v -1412.7996 131.5562 13.7504
v -1412.9048 133.802 5.152
v -1407.4092 136.4503 8.2043
v -1427.3723 116.0713 12.1799
v -1427.3748 110.5652 14.7841
v -1417.1362 117.8006 16.321
v -1405.6897 132.0567 -4.2833
v -1406.2358 128.6908 -6.3347
v -1409.0239 135.8951 -3.136
v -1405.4604 138.1808 -0.8112
v -1406.1245 143.5947 -0.2115
v -1410.26 140.684 8.4749
v -1409.0657 145.3963 10.098
v -1407.0264 147.7872 0.4695
v -1414.436 139.4355 16.2796
v -1416.3291 134.6401 15.2731
v -1417.2654 134.7168 19.1065
v -1427.3701 140.9658 20.5078
v -1427.3708 137.2167 21.1261
v -1414.4468 146.8969 9.3188
v -1409.1843 151.4741 1.938
v -1408.5229 155.6553 6.402
v -1411.4937 150.19 11.7614
v -1402.6038 156.6991 -1.6707
v -1406.9338 164.9877 4.1755
v -1398.8215 148.68 -7.714
v -1392.7874 158.8329 -8.355
v -1396.5493 163.4553 -2.7444
v -1401.0271 170.9285 2.3166
v -1407.4719 174.208 6.0928
v -1414.1321 174.3229 11.6701
v -1411.9565 182.2865 5.8017
v -1418.1289 180.2455 11.5881
v -1414.2476 176.6223 18.3576
v -1415.1272 172.1125 17.9516
v -1416.8621 176.3765 26.5737
v -1418.7847 172.3359 25.7838
v -1421.7068 178.6275 32.6642
v -1421.0745 176.5849 32.3345
v -1424.668 176.7077 37.0598
v -1427.3777 177.58 38.5117
v -1427.3772 174.5688 38.3806
v -1427.3779 175.9496 39.4843
v -1424.4075 172.6839 36.3745
v -1421.325 172.3887 32.7075
v -1427.3779 172.1811 38.8513
v -1421.7444 175.2051 32.4451
v -1421.0723 180.6689 33.0466
v -1424.8069 180.0237 37.6654
v -1419.873 181.1796 26.2394
v -1423.218 182.4373 33.1391
v -1422.2104 187.4046 31.1536
v -1421.7498 185.3438 23.3737
v -1427.3762 191.7214 28.167
v -1419.6794 178.9432 18.3266
v -1419.1443 183.06 17.8687
v -1427.3782 182.012 38.5867
v -1427.3782 184.4995 38.4352
v -1427.3789 178.7806 40.7614
v -1414.5642 166.799 16.246
v -1414.8193 167.4456 8.6513
v -1418.2209 167.0762 23.9322
v -1418.7175 160.518 23.3898
v -1414.3955 160.7761 11.7932
v -1427.3755 169.153 32.7237
v -1423.6838 163.929 34.9623
v -1427.3765 166.7987 36.1326
v -1427.3767 170.8644 35.3866
v -1418.0537 148.8762 23.1613
v -1414.698 155.6719 16.8435
v -1427.3735 147.6225 26.7009
v -1422.8533 158.5045 31.2069
v -1416.4893 185.2971 11.7074
v -1415.4846 184.7517 18.1285
v -1416.8564 189.7809 11.4394
v -1417.5974 188.169 18.0429
v -1411.6772 192.6783 4.7151
v -1412.6873 196.8131 10.9374
v -1404.8342 180.7926 4.1758
v -1419.7673 192.4036 14.6103
v -1421.2634 191.0438 20.2643
v -1424.1074 199.0011 19.0819
v -1421.4932 198.1836 11.6719
v -1417.5005 189.682 22.8942
v -1417.4775 186.4471 24.6424
v -1398.8015 176.1816 -1.7555
v -1402.3501 182.8732 0.0758
v -1400.4194 180.9754 -4.7228
v -1402.7659 184.1528 -2.887
v -1400.3445 186.0649 -6.0358
v -1402.3904 187.8194 -4.8673
v -1401.2532 188.1037 -7.7846
v -1397.4683 190.0424 -10.783
v -1399.5774 189.4405 -6.9928
v -1402.5796 188.5251 -1.7122
v -1398.1763 190.8057 -5.1947
v -1427.3726 126.1242 18.6645
v -1427.3733 119.7145 18.2897
v -1427.3743 111.3565 18.5791
v -1420.6252 110.7064 16.7609
v -1427.3757 106.3587 18.0269
v -1420.0371 129.7149 19.319
v -1427.3748 126.3946 20.5305
v -1427.3738 128.4789 21.5601
v -1420.645 131.4853 21.9096
v -1427.3743 129.2909 24.1443
v -1427.3728 132.8795 22.6057
v -1410.8748 154.0665 13.2391
v -1427.3713 144.59 22.9272
v -1417.1963 144.6407 19.3528
v -1427.3718 141.4168 23.2188
v -1427.3726 145.5932 26.3683
v -1427.3713 238.7456 19.8475
v -1419.4583 236.8502 20.9605
v -1427.3755 240.0294 25.7687
v -1423.9172 238.8297 26.2563
v -1427.3743 235.5389 23.7776
v -1427.3757 237.8449 27.3466
v -1427.3774 234.1591 27.7017
v -1425.8838 232.8719 27.4137
v -1421.5652 232.7146 21.5019
v -1427.3789 234.2506 31.7829
v -1427.3789 231.3197 29.9646
v -1427.3804 228.209 32.9276
v -1426.6296 226.9025 32.1918
v -1423.9751 228.3124 29.0565
v -1427.3779 225.1343 31.0752
v -1427.3811 225.4214 35.0549
v -1419.9585 229.5968 23.0582
v -1427.3726 224.5527 23.6658
v -1427.376 224.2294 28.4068
v -1427.3772 241.0904 29.3536
v -1424.5239 149.2443 29.9925
v -1427.3767 146.3976 31.479
v -1427.3779 147.964 32.4547
v -1426.3228 149.4998 33.0995
v -1427.3789 146.8172 34.7037
v -1427.3789 148.4515 35.0167
v -1426.0703 150.8872 35.6804
v -1427.3789 148.4704 37.8074
v -1427.3794 153.753 39.0627
v -1424.4031 151.5481 32.0707
v -1425.1565 157.3559 40.0217
v -1427.3787 155.0067 42.8534
v -1427.3782 158.2427 41.4847
v -1427.3777 162.531 39.6165
v -1424.3491 207.4097 18.8765
v -1421.5015 212.0946 23.4304
v -1422.1555 209.8596 28.156
v -1423.8003 205.2362 28.5581
v -1416.2173 214.3128 25.7807
v -1418.8369 212.0547 18.2745
v -1418.4121 211.1829 31.1284
v -1419.98 205.8457 33.9724
v -1419.457 199.5348 32.3607
v -1423.7283 198.8325 27.1448
v -1417.9492 194.0035 27.7648
v -1422.2683 193.6187 25.6782
v -1419.9121 191.5632 29.762
v -1421.3645 198.527 34.38
v -1427.3779 206.3125 31.7402
v -1427.377 198.2472 29.3886
v -1421.5076 206.428 35.8171
v -1419.8882 213.1873 32.8025
v -1417.4978 217.6245 26.2848
v -1421.7964 215.1512 24.1705
v -1427.3767 211.8201 29.7398
v -1423.5645 217.2323 27.6543
v -1427.3774 216.1343 32.2954
v -1420.3164 218.2616 23.8513
v -1418.0859 220.3283 25.6492
v -1422.3025 218.4758 29.5828
v -1416.3733 221.2849 21.5125
v -1427.3757 220.2773 29.7106
v -1427.373 222.9624 25.4419
v -1424.5242 186.9425 36.8337
v -1427.3787 185.8677 40.6008
v -1427.3792 189.7493 36.8683
v -1427.3813 192.6241 36.3609
v -1426.2458 191.4621 33.8322
v -1427.3787 192.4861 32.3497
gi 0 0 0 0
gi 0 0 0 0
gi 0 0 0 0
gi 0 0 0 0
gi 0 0 0 0
gi 0 0 0 0
gi 0 0 0 0
gi 0 0 0 0
gi 0 0 0 0
gi 0 0 0 0
gi 0 0 0 0
gi 0 0 0 0
gi 0 0 0 0
gi 0 0 0 0
gi 0 0 0 0
gi 0 0 0 0
gi 0 0 0 0
gi 0 0 0 0
gi 0 0 0 0
gi 0 0 0 0
gi 0 0 0 0
gi 0 0 0 0
gi 0 0 0 0
gi 0 0 0 0
gi 0 0 0 0
gi 0 0 0 0
gi 0 0 0 0
gi 0 0 0 0
gi 0 0 0 0
gi 0 0 0 0
gi 0 0 0 0
gi 0 0 0 0
gi 0 0 0 0
gi 0 0 0 0
gi 0 0 0 0
gi 0 0 0 0
gi 0 0 0 0
gi 0 0 0 0
gi 0 0 0 0
gi 0 0 0 0
gi 0 0 0 0
gi 0 0 0 0
gi 0 0 0 0
gi 0 0 0 0
gi 0 0 0 0
gi 0 0 0 0
gi 0 0 0 0
gi 0 0 0 0
gi 0 0 0 0
gi 0 0 0 0
gi 0 0 0 0
gi 0 0 0 0
gi 0 0 0 0
gi 0 0 0 0
gi 0 0 0 0
gi 0 0 0 0
gi 0 0 0 0
gi 0 0 0 0
gi 0 0 0 0
gi 0 0 0 0
gi 0 0 0 0
gi 0 0 0 0
gi 0 0 0 0
gi 0 0 0 0
gi 0 0 0 0
gi 0 0 0 0
gi 0 0 0 0
gi 0 0 0 0
gi 0 0 0 0
gi 0 0 0 0
gi 0 0 0 0
gi 0 0 0 0
gi 0 0 0 0
gi 0 0 0 0
gi 0 0 0 0
gi 0 0 0 0
gi 0 0 0 0
gi 0 0 0 0
gi 0 0 0 0
gi 0 0 0 0
gi 0 0 0 0
gi 0 0 0 0
gi 0 0 0 0
gi 0 0 0 0
gi 0 0 0 0
gi 0 0 0 0
gi 0 0 0 0
gi 0 0 0 0
gi 0 0 0 0
gi 0 0 0 0
gi 0 0 0 0
gi 0 0 0 0
gi 0 0 0 0
gi 0 0 0 0
gi 0 0 0 0
gi 0 0 0 0
gi 0 0 0 0
gi 0 0 0 0
gi 0 0 0 0
gi 0 0 0 0
gi 0 0 0 0
gi 0 0 0 0
gi 0 0 0 0
gi 0 0 0 0
gi 0 0 0 0
gi 0 0 0 0
gi 0 0 0 0
gi 0 0 0 0
gi 0 0 0 0
gi 0 0 0 0
gi 0 0 0 0
gi 0 0 0 0
gi 0 0 0 0
gi 0 0 0 0
gi 0 0 0 0
gi 0 0 0 0
gi 0 0 0 0
gi 0 0 0 0
gi 0 0 0 0
gi 0 0 0 0
gi 0 0 0 0
gi 0 0 0 0
gi 0 0 0 0
gi 0 0 0 0
gi 0 0 0 0
gi 0 0 0 0
gi 0 0 0 0
gi 0 0 0 0
gi 0 0 0 0
gi 0 0 0 0
gi 0 0 0 0
gi 0 0 0 0
gi 0 0 0 0
gi 0 0 0 0
gi 0 0 0 0
gi 0 0 0 0
gi 0 0 0 0
gi 0 0 0 0
gi 0 0 0 0
gi 0 0 0 0
gi 0 0 0 0
gi 0 0 0 0
gi 0 0 0 0
gi 0 0 0 0
gi 0 0 0 0
gi 0 0 0 0
gi 0 0 0 0
gi 0 0 0 0
gi 0 0 0 0
gi 0 0 0 0
gi 0 0 0 0
gi 0 0 0 0
gi 0 0 0 0
gi 0 0 0 0
gi 0 0 0 0
gi 0 0 0 0
gi 0 0 0 0
gi 0 0 0 0
gi 0 0 0 0
gi 0 0 0 0
gi 0 0 0 0
gi 0 0 0 0
gi 0 0 0 0
gi 0 0 0 0
gi 0 0 0 0
gi 0 0 0 0
gi 0 0 0 0
gi 0 0 0 0
gi 0 0 0 0
gi 0 0 0 0
gi 0 0 0 0
gi 0 0 0 0
gi 0 0 0 0
gi 0 0 0 0
gi 0 0 0 0
gi 0 0 0 0
gi 0 0 0 0
gi 0 0 0 0
gi 0 0 0 0
gi 0 0 0 0
gi 0 0 0 0
gi 0 0 0 0
gi 0 0 0 0
gi 0 0 0 0
gi 0 0 0 0
gi 0 0 0 0
gi 0 0 0 0
gi 0 0 0 0
gi 0 0 0 0
gi 0 0 0 0
gi 0 0 0 0
gi 0 0 0 0
gi 0 0 0 0
gi 0 0 0 0
gi 0 0 0 0
gi 0 0 0 0
gi 0 0 0 0
gi 0 0 0 0
gi 0 0 0 0
gi 0 0 0 0
gi 0 0 0 0
gi 0 0 0 0
gi 0 0 0 0
gi 0 0 0 0
gi 0 0 0 0
gi 0 0 0 0
gi 0 0 0 0
gi 0 0 0 0
gi 0 0 0 0
gi 0 0 0 0
gi 0 0 0 0
gi 0 0 0 0
gi 0 0 0 0
gi 0 0 0 0
gi 0 0 0 0
gi 0 0 0 0
gi 0 0 0 0
gi 0 0 0 0
gi 0 0 0 0
gi 0 0 0 0
gi 0 0 0 0
gi 0 0 0 0
gi 0 0 0 0
gi 0 0 0 0
gi 0 0 0 0
gi 0 0 0 0
gi 0 0 0 0
gi 0 0 0 0
gi 0 0 0 0
gi 0 0 0 0
gi 0 0 0 0
gi 0 0 0 0
gi 0 0 0 0
gi 0 0 0 0
gi 0 0 0 0
gi 0 0 0 0
gi 0 0 0 0
gi 0 0 0 0
gi 0 0 0 0
gi 0 0 0 0
gi 0 0 0 0
gi 0 0 0 0
gi 0 0 0 0
gi 0 0 0 0
gi 0 0 0 0
gi 0 0 0 0
gi 0 0 0 0
gi 0 0 0 0
gi 0 0 0 0
gi 0 0 0 0
gi 0 0 0 0
gi 0 0 0 0
gi 0 0 0 0
gi 0 0 0 0
gi 0 0 0 0
gi 0 0 0 0
gi 0 0 0 0
gi 0 0 0 0
gi 0 0 0 0
gi 0 0 0 0
gi 0 0 0 0
gi 0 0 0 0
gi 0 0 0 0
gi 0 0 0 0
gi 0 0 0 0
gi 0 0 0 0
gi 0 0 0 0
gi 0 0 0 0
gi 0 0 0 0
gi 0 0 0 0
gi 0 0 0 0
gi 0 0 0 0
gi 0 0 0 0
gi 0 0 0 0
gi 0 0 0 0
gi 0 0 0 0
gi 0 0 0 0
gi 0 0 0 0
gi 0 0 0 0
gi 0 0 0 0
gi 0 0 0 0
gi 0 0 0 0
gi 0 0 0 0
gi 0 0 0 0
gi 0 0 0 0
gi 0 0 0 0
gi 0 0 0 0
gi 0 0 0 0
gi 0 0 0 0
gi 0 0 0 0
gi 0 0 0 0
gi 0 0 0 0
gi 0 0 0 0
gi 0 0 0 0
gi 0 0 0 0
gi 0 0 0 0
gi 0 0 0 0
gi 0 0 0 0
gi 0 0 0 0
gi 0 0 0 0
gi 0 0 0 0
gi 0 0 0 0
gi 0 0 0 0
gi 0 0 0 0
gi 0 0 0 0
gi 0 0 0 0
gi 0 0 0 0
gi 0 0 0 0
gi 0 0 0 0
gi 0 0 0 0
gi 0 0 0 0
gi 0 0 0 0
gi 0 0 0 0
gi 0 0 0 0
gi 0 0 0 0
gi 0 0 0 0
gi 0 0 0 0
gi 0 0 0 0
gi 0 0 0 0
gi 0 0 0 0
gi 0 0 0 0
gi 0 0 0 0
gi 0 0 0 0
gi 0 0 0 0
gi 0 0 0 0
gi 0 0 0 0
gi 0 0 0 0
gi 0 0 0 0
gi 0 0 0 0
gi 0 0 0 0
gi 0 0 0 0
gi 0 0 0 0
gi 0 0 0 0
gi 0 0 0 0
gi 0 0 0 0
gi 0 0 0 0
gi 0 0 0 0
gi 0 0 0 0
gi 0 0 0 0
gi 0 0 0 0
gi 0 0 0 0
gi 0 0 0 0
gi 0 0 0 0
gi 0 0 0 0
gi 0 0 0 0
gi 0 0 0 0
gi 0 0 0 0
gi 0 0 0 0
gi 0 0 0 0
gi 0 0 0 0
gi 0 0 0 0
gi 0 0 0 0
gi 0 0 0 0
gi 0 0 0 0
gi 0 0 0 0
gi 0 0 0 0
gi 0 0 0 0
gi 0 0 0 0
gi 0 0 0 0
gi 0 0 0 0
gi 0 0 0 0
gi 0 0 0 0
gi 0 0 0 0
gi 0 0 0 0
gi 0 0 0 0
gi 0 0 0 0
gi 0 0 0 0
gi 0 0 0 0
gi 0 0 0 0
gi 0 0 0 0
gi 0 0 0 0
gi 0 0 0 0
gi 0 0 0 0
gi 0 0 0 0
gi 0 0 0 0
gi 0 0 0 0
gi 0 0 0 0
gi 0 0 0 0
gi 0 0 0 0
gi 0 0 0 0
gi 0 0 0 0
gi 0 0 0 0
gi 0 0 0 0
gi 0 0 0 0
gi 0 0 0 0
gi 0 0 0 0
gi 0 0 0 0
gi 0 0 0 0
gi 0 0 0 0
gi 0 0 0 0
gi 0 0 0 0
gi 0 0 0 0
gi 0 0 0 0
gi 0 0 0 0
gi 0 0 0 0
gi 0 0 0 0
gi 0 0 0 0
gi 0 0 0 0
gi 0 0 0 0
gi 0 0 0 0
gi 0 0 0 0
gi 0 0 0 0
gi 0 0 0 0
gi 0 0 0 0
gi 0 0 0 0
gi 0 0 0 0
gi 0 0 0 0
gi 0 0 0 0
gi 0 0 0 0
gi 0 0 0 0
gi 0 0 0 0
gi 0 0 0 0
gi 0 0 0 0
gi 0 0 0 0
gi 0 0 0 0
gi 0 0 0 0
gi 0 0 0 0
gi 0 0 0 0
gi 0 0 0 0
gi 0 0 0 0
gi 0 0 0 0
gi 0 0 0 0
gi 0 0 0 0
gi 0 0 0 0
gi 0 0 0 0
gi 0 0 0 0
gi 0 0 0 0
gi 0 0 0 0
gi 0 0 0 0
gi 0 0 0 0
gi 0 0 0 0
gi 0 0 0 0
gi 0 0 0 0
gi 0 0 0 0
gi 0 0 0 0
gi 0 0 0 0
gi 0 0 0 0
gi 0 0 0 0
gi 0 0 0 0
gi 0 0 0 0
gi 0 0 0 0
gi 0 0 0 0
gi 0 0 0 0
gi 0 0 0 0
gi 0 0 0 0
gi 0 0 0 0
gi 0 0 0 0
gi 0 0 0 0
gi 0 0 0 0
gi 0 0 0 0
gi 0 0 0 0
gi 0 0 0 0
gi 0 0 0 0
gi 0 0 0 0
gi 0 0 0 0
gi 0 0 0 0
gi 0 0 0 0
gi 0 0 0 0
gi 0 0 0 0
gi 0 0 0 0
gi 0 0 0 0
gi 0 0 0 0
gi 0 0 0 0
gi 0 0 0 0
gi 0 0 0 0
gi 0 0 0 0
gi 0 0 0 0
gi 0 0 0 0
gi 0 0 0 0
gi 0 0 0 0
gi 0 0 0 0
gi 0 0 0 0
gi 0 0 0 0
gi 0 0 0 0
gi 0 0 0 0
gi 0 0 0 0
gi 0 0 0 0
gi 0 0 0 0
gi 0 0 0 0
gi 0 0 0 0
gi 0 0 0 0
gi 0 0 0 0
gi 0 0 0 0
gi 0 0 0 0
gi 0 0 0 0
gi 0 0 0 0
gi 0 0 0 0
gi 0 0 0 0
gi 0 0 0 0
gi 0 0 0 0
gi 0 0 0 0
gi 0 0 0 0
gi 0 0 0 0
gi 0 0 0 0
gi 0 0 0 0
gi 0 0 0 0
gi 0 0 0 0
gi 0 0 0 0
gi 0 0 0 0
gi 0 0 0 0
gi 0 0 0 0
gi 0 0 0 0
gi 0 0 0 0
gi 0 0 0 0
gi 0 0 0 0
gi 0 0 0 0
gi 0 0 0 0
gi 0 0 0 0
gi 0 0 0 0
gi 0 0 0 0
gi 0 0 0 0
gi 0 0 0 0
gi 0 0 0 0
gi 0 0 0 0
gi 0 0 0 0
gi 0 0 0 0
gi 0 0 0 0
gi 0 0 0 0
gi 0 0 0 0
gi 0 0 0 0
gi 0 0 0 0
gi 0 0 0 0
gi 0 0 0 0
gi 0 0 0 0
gi 0 0 0 0
gi 0 0 0 0
gi 0 0 0 0
gi 0 0 0 0
gi 0 0 0 0
gi 0 0 0 0
gi 0 0 0 0
gi 0 0 0 0
gi 0 0 0 0
gi 0 0 0 0
gi 0 0 0 0
gi 0 0 0 0
gi 0 0 0 0
gi 0 0 0 0
gi 0 0 0 0
gi 0 0 0 0
gi 0 0 0 0
gi 0 0 0 0
gi 0 0 0 0
gi 0 0 0 0
gi 0 0 0 0
gi 0 0 0 0
gi 0 0 0 0
gi 0 0 0 0
gi 0 0 0 0
gi 0 0 0 0
gi 0 0 0 0
gi 0 0 0 0
gi 0 0 0 0
gi 0 0 0 0
gi 0 0 0 0
gi 0 0 0 0
gi 0 0 0 0
gi 0 0 0 0
gi 0 0 0 0
gi 0 0 0 0
gi 0 0 0 0
gi 0 0 0 0
gi 0 0 0 0
gi 0 0 0 0
gi 0 0 0 0
gi 0 0 0 0
gi 0 0 0 0
gi 0 0 0 0
gi 0 0 0 0
gi 0 0 0 0
gi 0 0 0 0
gi 0 0 0 0
gi 0 0 0 0
gi 0 0 0 0
gi 0 0 0 0
gi 0 0 0 0
gi 0 0 0 0
gi 0 0 0 0
gi 0 0 0 0
gi 0 0 0 0
gi 0 0 0 0
gi 0 0 0 0
gi 0 0 0 0
gi 0 0 0 0
gi 0 0 0 0
gi 0 0 0 0
gi 0 0 0 0
gi 0 0 0 0
gi 0 0 0 0
gi 0 0 0 0
gi 0 0 0 0
gi 0 0 0 0
gi 0 0 0 0
gi 0 0 0 0
gi 0 0 0 0
gi 0 0 0 0
gi 0 0 0 0
gi 0 0 0 0
gi 0 0 0 0
gi 0 0 0 0
gi 0 0 0 0
gi 0 0 0 0
gi 0 0 0 0
gi 0 0 0 0
gi 0 0 0 0
gi 0 0 0 0
gi 0 0 0 0
gi 0 0 0 0
gi 0 0 0 0
gi 0 0 0 0
gi 0 0 0 0
gi 0 0 0 0
gi 0 0 0 0
gi 0 0 0 0
gi 0 0 0 0
gi 0 0 0 0
gi 0 0 0 0
gi 0 0 0 0
gi 0 0 0 0
gi 0 0 0 0
gi 0 0 0 0
gi 0 0 0 0
gi 0 0 0 0
gi 0 0 0 0
gi 0 0 0 0
gi 0 0 0 0
gi 0 0 0 0
gi 0 0 0 0
gi 0 0 0 0
gi 0 0 0 0
gi 0 0 0 0
gi 0 0 0 0
gi 0 0 0 0
gi 0 0 0 0
gi 0 0 0 0
gi 0 0 0 0
gi 0 0 0 0
gi 0 0 0 0
gi 0 0 0 0
gi 0 0 0 0
gi 0 0 0 0
gi 0 0 0 0
gi 0 0 0 0
gi 0 0 0 0
gi 0 0 0 0
gi 0 0 0 0
gi 0 0 0 0
gi 0 0 0 0
gi 0 0 0 0
gi 0 0 0 0
gi 0 0 0 0
gi 0 0 0 0
gi 0 0 0 0
gi 0 0 0 0
gi 0 0 0 0
gi 0 0 0 0
gi 0 0 0 0
gi 0 0 0 0
gi 0 0 0 0
gi 0 0 0 0
gi 0 0 0 0
gi 0 0 0 0
gi 0 0 0 0
gi 0 0 0 0
gi 0 0 0 0
gi 0 0 0 0
gi 0 0 0 0
gi 0 0 0 0
gi 0 0 0 0
gi 0 0 0 0
gi 0 0 0 0
gi 0 0 0 0
gi 0 0 0 0
gi 0 0 0 0
gi 0 0 0 0
gi 0 0 0 0
gi 0 0 0 0
gi 0 0 0 0
gi 0 0 0 0
gi 0 0 0 0
gi 0 0 0 0
gi 0 0 0 0
gi 0 0 0 0
gi 0 0 0 0
gi 0 0 0 0
gi 0 0 0 0
gi 0 0 0 0
gi 0 0 0 0
gi 0 0 0 0
gi 0 0 0 0
gi 0 0 0 0
gi 0 0 0 0
gi 0 0 0 0
gi 0 0 0 0
gi 0 0 0 0
gi 0 0 0 0
gi 0 0 0 0
gi 0 0 0 0
gi 0 0 0 0
gi 0 0 0 0
gi 0 0 0 0
gi 0 0 0 0
gi 0 0 0 0
gi 0 0 0 0
gi 0 0 0 0
gi 0 0 0 0
gi 0 0 0 0
gi 0 0 0 0
gi 0 0 0 0
gi 0 0 0 0
gi 0 0 0 0
gi 0 0 0 0
gi 0 0 0 0
gi 0 0 0 0
gi 0 0 0 0
gi 0 0 0 0
gi 0 0 0 0
gi 0 0 0 0
gi 0 0 0 0
gi 0 0 0 0
gi 0 0 0 0
gi 0 0 0 0
gi 0 0 0 0
gi 0 0 0 0
gi 0 0 0 0
gi 0 0 0 0
gi 0 0 0 0
gi 0 0 0 0
gi 0 0 0 0
gi 0 0 0 0
gi 0 0 0 0
gi 0 0 0 0
gi 0 0 0 0
gi 0 0 0 0
gi 0 0 0 0
gi 0 0 0 0
gi 0 0 0 0
gi 0 0 0 0
gi 0 0 0 0
gi 0 0 0 0
gi 0 0 0 0
gi 0 0 0 0
gi 0 0 0 0
gi 0 0 0 0
gi 0 0 0 0
gi 0 0 0 0
gi 0 0 0 0
gi 0 0 0 0
gi 0 0 0 0
gi 0 0 0 0
gi 0 0 0 0
gi 0 0 0 0
gi 0 0 0 0
gi 0 0 0 0
gi 0 0 0 0
gi 0 0 0 0
gi 0 0 0 0
gi 0 0 0 0
gi 0 0 0 0
gi 0 0 0 0
gi 0 0 0 0
gi 0 0 0 0
gi 0 0 0 0
gi 0 0 0 0
gi 0 0 0 0
gi 0 0 0 0
gi 0 0 0 0
gi 0 0 0 0
gi 0 0 0 0
gi 0 0 0 0
gi 0 0 0 0
gi 0 0 0 0
gi 0 0 0 0
gi 0 0 0 0
gi 0 0 0 0
gi 0 0 0 0
gi 0 0 0 0
gi 0 0 0 0
gi 0 0 0 0
gi 0 0 0 0
gi 0 0 0 0
gi 0 0 0 0
gi 0 0 0 0
gi 0 0 0 0
gi 0 0 0 0
gi 0 0 0 0
gi 0 0 0 0
gi 0 0 0 0
gi 0 0 0 0
gi 0 0 0 0
gi 0 0 0 0
gi 0 0 0 0
gi 0 0 0 0
gi 0 0 0 0
gi 0 0 0 0
gi 0 0 0 0
gi 0 0 0 0
gi 0 0 0 0
gi 0 0 0 0
gi 0 0 0 0
gi 0 0 0 0
gi 0 0 0 0
gi 0 0 0 0
gi 0 0 0 0
gi 0 0 0 0
gi 0 0 0 0
gi 0 0 0 0
gi 0 0 0 0
gi 0 0 0 0
gi 0 0 0 0
gi 0 0 0 0
gi 0 0 0 0
gi 0 0 0 0
gi 0 0 0 0
gi 0 0 0 0
gi 0 0 0 0
gi 0 0 0 0
gi 0 0 0 0
gi 0 0 0 0
gi 0 0 0 0
gi 0 0 0 0
gi 0 0 0 0
gi 0 0 0 0
gi 0 0 0 0
gi 0 0 0 0
gi 0 0 0 0
gi 0 0 0 0
gi 0 0 0 0
gi 0 0 0 0
gi 0 0 0 0
gi 0 0 0 0
gi 0 0 0 0
gi 0 0 0 0
gi 0 0 0 0
gi 0 0 0 0
gi 0 0 0 0
gi 0 0 0 0
gi 0 0 0 0
gi 0 0 0 0
gi 0 0 0 0
gi 0 0 0 0
gi 0 0 0 0
gi 0 0 0 0
gi 0 0 0 0
gi 0 0 0 0
gi 0 0 0 0
gi 0 0 0 0
gi 0 0 0 0
gi 0 0 0 0
gi 0 0 0 0
gi 0 0 0 0
gi 0 0 0 0
gi 0 0 0 0
gi 0 0 0 0
gi 0 0 0 0
gi 0 0 0 0
gi 0 0 0 0
gi 0 0 0 0
gi 0 0 0 0
gi 0 0 0 0
gi 0 0 0 0
gi 0 0 0 0
gi 0 0 0 0
gi 0 0 0 0
gw 0.0 0.0 0.0 0.0
gw 0.0 0.0 0.0 0.0
gw 0.0 0.0 0.0 0.0
gw 0.0 0.0 0.0 0.0
gw 0.0 0.0 0.0 0.0
gw 0.0 0.0 0.0 0.0
gw 0.0 0.0 0.0 0.0
gw 0.0 0.0 0.0 0.0
gw 0.0 0.0 0.0 0.0
gw 0.0 0.0 0.0 0.0
gw 0.0 0.0 0.0 0.0
gw 0.0 0.0 0.0 0.0
gw 0.0 0.0 0.0 0.0
gw 0.0 0.0 0.0 0.0
gw 0.0 0.0 0.0 0.0
gw 0.0 0.0 0.0 0.0
gw 0.0 0.0 0.0 0.0
gw 0.0 0.0 0.0 0.0
gw 0.0 0.0 0.0 0.0
gw 0.0 0.0 0.0 0.0
gw 0.0 0.0 0.0 0.0
gw 0.0 0.0 0.0 0.0
gw 0.0 0.0 0.0 0.0
gw 0.0 0.0 0.0 0.0
gw 0.0 0.0 0.0 0.0
gw 0.0 0.0 0.0 0.0
gw 0.0 0.0 0.0 0.0
gw 0.0 0.0 0.0 0.0
gw 0.0 0.0 0.0 0.0
gw 0.0 0.0 0.0 0.0
gw 0.0 0.0 0.0 0.0
gw 0.0 0.0 0.0 0.0
gw 0.0 0.0 0.0 0.0
gw 0.0 0.0 0.0 0.0
gw 0.0 0.0 0.0 0.0
gw 0.0 0.0 0.0 0.0
gw 0.0 0.0 0.0 0.0
gw 0.0 0.0 0.0 0.0
gw 0.0 0.0 0.0 0.0
gw 0.0 0.0 0.0 0.0
gw 0.0 0.0 0.0 0.0
gw 0.0 0.0 0.0 0.0
gw 0.0 0.0 0.0 0.0
gw 0.0 0.0 0.0 0.0
gw 0.0 0.0 0.0 0.0
gw 0.0 0.0 0.0 0.0
gw 0.0 0.0 0.0 0.0
gw 0.0 0.0 0.0 0.0
gw 0.0 0.0 0.0 0.0
gw 0.0 0.0 0.0 0.0
gw 0.0 0.0 0.0 0.0
gw 0.0 0.0 0.0 0.0
gw 0.0 0.0 0.0 0.0
gw 0.0 0.0 0.0 0.0
gw 0.0 0.0 0.0 0.0
gw 0.0 0.0 0.0 0.0
gw 0.0 0.0 0.0 0.0
gw 0.0 0.0 0.0 0.0
gw 0.0 0.0 0.0 0.0
gw 0.0 0.0 0.0 0.0
gw 0.0 0.0 0.0 0.0
gw 0.0 0.0 0.0 0.0
gw 0.0 0.0 0.0 0.0
gw 0.0 0.0 0.0 0.0
gw 0.0 0.0 0.0 0.0
gw 0.0 0.0 0.0 0.0
gw 0.0 0.0 0.0 0.0
gw 0.0 0.0 0.0 0.0
gw 0.0 0.0 0.0 0.0
gw 0.0 0.0 0.0 0.0
gw 0.0 0.0 0.0 0.0
gw 0.0 0.0 0.0 0.0
gw 0.0 0.0 0.0 0.0
gw 0.0 0.0 0.0 0.0
gw 0.0 0.0 0.0 0.0
gw 0.0 0.0 0.0 0.0
gw 0.0 0.0 0.0 0.0
gw 0.0 0.0 0.0 0.0
gw 0.0 0.0 0.0 0.0
gw 0.0 0.0 0.0 0.0
gw 0.0 0.0 0.0 0.0
gw 0.0 0.0 0.0 0.0
gw 0.0 0.0 0.0 0.0
gw 0.0 0.0 0.0 0.0
gw 0.0 0.0 0.0 0.0
gw 0.0 0.0 0.0 0.0
gw 0.0 0.0 0.0 0.0
gw 0.0 0.0 0.0 0.0
gw 0.0 0.0 0.0 0.0
gw 0.0 0.0 0.0 0.0
gw 0.0 0.0 0.0 0.0
gw 0.0 0.0 0.0 0.0
gw 0.0 0.0 0.0 0.0
gw 0.0 0.0 0.0 0.0
gw 0.0 0.0 0.0 0.0
gw 0.0 0.0 0.0 0.0
gw 0.0 0.0 0.0 0.0
gw 0.0 0.0 0.0 0.0
gw 0.0 0.0 0.0 0.0
gw 0.0 0.0 0.0 0.0
gw 0.0 0.0 0.0 0.0
gw 0.0 0.0 0.0 0.0
gw 0.0 0.0 0.0 0.0
gw 0.0 0.0 0.0 0.0
gw 0.0 0.0 0.0 0.0
gw 0.0 0.0 0.0 0.0
gw 0.0 0.0 0.0 0.0
gw 0.0 0.0 0.0 0.0
gw 0.0 0.0 0.0 0.0
gw 0.0 0.0 0.0 0.0
gw 0.0 0.0 0.0 0.0
gw 0.0 0.0 0.0 0.0
gw 0.0 0.0 0.0 0.0
gw 0.0 0.0 0.0 0.0
gw 0.0 0.0 0.0 0.0
gw 0.0 0.0 0.0 0.0
gw 0.0 0.0 0.0 0.0
gw 0.0 0.0 0.0 0.0
gw 0.0 0.0 0.0 0.0
gw 0.0 0.0 0.0 0.0
gw 0.0 0.0 0.0 0.0
gw 0.0 0.0 0.0 0.0
gw 0.0 0.0 0.0 0.0
gw 0.0 0.0 0.0 0.0
gw 0.0 0.0 0.0 0.0
gw 0.0 0.0 0.0 0.0
gw 0.0 0.0 0.0 0.0
gw 0.0 0.0 0.0 0.0
gw 0.0 0.0 0.0 0.0
gw 0.0 0.0 0.0 0.0
gw 0.0 0.0 0.0 0.0
gw 0.0 0.0 0.0 0.0
gw 0.0 0.0 0.0 0.0
gw 0.0 0.0 0.0 0.0
gw 0.0 0.0 0.0 0.0
gw 0.0 0.0 0.0 0.0
gw 0.0 0.0 0.0 0.0
gw 0.0 0.0 0.0 0.0
gw 0.0 0.0 0.0 0.0
gw 0.0 0.0 0.0 0.0
gw 0.0 0.0 0.0 0.0
gw 0.0 0.0 0.0 0.0
gw 0.0 0.0 0.0 0.0
gw 0.0 0.0 0.0 0.0
gw 0.0 0.0 0.0 0.0
gw 0.0 0.0 0.0 0.0
gw 0.0 0.0 0.0 0.0
gw 0.0 0.0 0.0 0.0
gw 0.0 0.0 0.0 0.0
gw 0.0 0.0 0.0 0.0
gw 0.0 0.0 0.0 0.0
gw 0.0 0.0 0.0 0.0
gw 0.0 0.0 0.0 0.0
gw 0.0 0.0 0.0 0.0
gw 0.0 0.0 0.0 0.0
gw 0.0 0.0 0.0 0.0
gw 0.0 0.0 0.0 0.0
gw 0.0 0.0 0.0 0.0
gw 0.0 0.0 0.0 0.0
gw 0.0 0.0 0.0 0.0
gw 0.0 0.0 0.0 0.0
gw 0.0 0.0 0.0 0.0
gw 0.0 0.0 0.0 0.0
gw 0.0 0.0 0.0 0.0
gw 0.0 0.0 0.0 0.0
gw 0.0 0.0 0.0 0.0
gw 0.0 0.0 0.0 0.0
gw 0.0 0.0 0.0 0.0
gw 0.0 0.0 0.0 0.0
gw 0.0 0.0 0.0 0.0
gw 0.0 0.0 0.0 0.0
gw 0.0 0.0 0.0 0.0
gw 0.0 0.0 0.0 0.0
gw 0.0 0.0 0.0 0.0
gw 0.0 0.0 0.0 0.0
gw 0.0 0.0 0.0 0.0
gw 0.0 0.0 0.0 0.0
gw 0.0 0.0 0.0 0.0
gw 0.0 0.0 0.0 0.0
gw 0.0 0.0 0.0 0.0
gw 0.0 0.0 0.0 0.0
gw 0.0 0.0 0.0 0.0
gw 0.0 0.0 0.0 0.0
gw 0.0 0.0 0.0 0.0
gw 0.0 0.0 0.0 0.0
gw 0.0 0.0 0.0 0.0
gw 0.0 0.0 0.0 0.0
gw 0.0 0.0 0.0 0.0
gw 0.0 0.0 0.0 0.0
gw 0.0 0.0 0.0 0.0
gw 0.0 0.0 0.0 0.0
gw 0.0 0.0 0.0 0.0
gw 0.0 0.0 0.0 0.0
gw 0.0 0.0 0.0 0.0
gw 0.0 0.0 0.0 0.0
gw 0.0 0.0 0.0 0.0
gw 0.0 0.0 0.0 0.0
gw 0.0 0.0 0.0 0.0
gw 0.0 0.0 0.0 0.0
gw 0.0 0.0 0.0 0.0
gw 0.0 0.0 0.0 0.0
gw 0.0 0.0 0.0 0.0
gw 0.0 0.0 0.0 0.0
gw 0.0 0.0 0.0 0.0
gw 0.0 0.0 0.0 0.0
gw 0.0 0.0 0.0 0.0
gw 0.0 0.0 0.0 0.0
gw 0.0 0.0 0.0 0.0
gw 0.0 0.0 0.0 0.0
gw 0.0 0.0 0.0 0.0
gw 0.0 0.0 0.0 0.0
gw 0.0 0.0 0.0 0.0
gw 0.0 0.0 0.0 0.0
gw 0.0 0.0 0.0 0.0
gw 0.0 0.0 0.0 0.0
gw 0.0 0.0 0.0 0.0
gw 0.0 0.0 0.0 0.0
gw 0.0 0.0 0.0 0.0
gw 0.0 0.0 0.0 0.0
gw 0.0 0.0 0.0 0.0
gw 0.0 0.0 0.0 0.0
gw 0.0 0.0 0.0 0.0
gw 0.0 0.0 0.0 0.0
gw 0.0 0.0 0.0 0.0
gw 0.0 0.0 0.0 0.0
gw 0.0 0.0 0.0 0.0
gw 0.0 0.0 0.0 0.0
gw 0.0 0.0 0.0 0.0
gw 0.0 0.0 0.0 0.0
gw 0.0 0.0 0.0 0.0
gw 0.0 0.0 0.0 0.0
gw 0.0 0.0 0.0 0.0
gw 0.0 0.0 0.0 0.0
gw 0.0 0.0 0.0 0.0
gw 0.0 0.0 0.0 0.0
gw 0.0 0.0 0.0 0.0
gw 0.0 0.0 0.0 0.0
gw 0.0 0.0 0.0 0.0
gw 0.0 0.0 0.0 0.0
gw 0.0 0.0 0.0 0.0
gw 0.0 0.0 0.0 0.0
gw 0.0 0.0 0.0 0.0
gw 0.0 0.0 0.0 0.0
gw 0.0 0.0 0.0 0.0
gw 0.0 0.0 0.0 0.0
gw 0.0 0.0 0.0 0.0
gw 0.0 0.0 0.0 0.0
gw 0.0 0.0 0.0 0.0
gw 0.0 0.0 0.0 0.0
gw 0.0 0.0 0.0 0.0
gw 0.0 0.0 0.0 0.0
gw 0.0 0.0 0.0 0.0
gw 0.0 0.0 0.0 0.0
gw 0.0 0.0 0.0 0.0
gw 0.0 0.0 0.0 0.0
gw 0.0 0.0 0.0 0.0
gw 0.0 0.0 0.0 0.0
gw 0.0 0.0 0.0 0.0
gw 0.0 0.0 0.0 0.0
gw 0.0 0.0 0.0 0.0
gw 0.0 0.0 0.0 0.0
gw 0.0 0.0 0.0 0.0
gw 0.0 0.0 0.0 0.0
gw 0.0 0.0 0.0 0.0
gw 0.0 0.0 0.0 0.0
gw 0.0 0.0 0.0 0.0
gw 0.0 0.0 0.0 0.0
gw 0.0 0.0 0.0 0.0
gw 0.0 0.0 0.0 0.0
gw 0.0 0.0 0.0 0.0
gw 0.0 0.0 0.0 0.0
gw 0.0 0.0 0.0 0.0
gw 0.0 0.0 0.0 0.0
gw 0.0 0.0 0.0 0.0
gw 0.0 0.0 0.0 0.0
gw 0.0 0.0 0.0 0.0
gw 0.0 0.0 0.0 0.0
gw 0.0 0.0 0.0 0.0
gw 0.0 0.0 0.0 0.0
gw 0.0 0.0 0.0 0.0
gw 0.0 0.0 0.0 0.0
gw 0.0 0.0 0.0 0.0
gw 0.0 0.0 0.0 0.0
gw 0.0 0.0 0.0 0.0
gw 0.0 0.0 0.0 0.0
gw 0.0 0.0 0.0 0.0
gw 0.0 0.0 0.0 0.0
gw 0.0 0.0 0.0 0.0
gw 0.0 0.0 0.0 0.0
gw 0.0 0.0 0.0 0.0
gw 0.0 0.0 0.0 0.0
gw 0.0 0.0 0.0 0.0
gw 0.0 0.0 0.0 0.0
gw 0.0 0.0 0.0 0.0
gw 0.0 0.0 0.0 0.0
gw 0.0 0.0 0.0 0.0
gw 0.0 0.0 0.0 0.0
gw 0.0 0.0 0.0 0.0
gw 0.0 0.0 0.0 0.0
gw 0.0 0.0 0.0 0.0
gw 0.0 0.0 0.0 0.0
gw 0.0 0.0 0.0 0.0
gw 0.0 0.0 0.0 0.0
gw 0.0 0.0 0.0 0.0
gw 0.0 0.0 0.0 0.0
gw 0.0 0.0 0.0 0.0
gw 0.0 0.0 0.0 0.0
gw 0.0 0.0 0.0 0.0
gw 0.0 0.0 0.0 0.0
gw 0.0 0.0 0.0 0.0
gw 0.0 0.0 0.0 0.0
gw 0.0 0.0 0.0 0.0
gw 0.0 0.0 0.0 0.0
gw 0.0 0.0 0.0 0.0
gw 0.0 0.0 0.0 0.0
gw 0.0 0.0 0.0 0.0
gw 0.0 0.0 0.0 0.0
gw 0.0 0.0 0.0 0.0
gw 0.0 0.0 0.0 0.0
gw 0.0 0.0 0.0 0.0
gw 0.0 0.0 0.0 0.0
gw 0.0 0.0 0.0 0.0
gw 0.0 0.0 0.0 0.0
gw 0.0 0.0 0.0 0.0
gw 0.0 0.0 0.0 0.0
gw 0.0 0.0 0.0 0.0
gw 0.0 0.0 0.0 0.0
gw 0.0 0.0 0.0 0.0
gw 0.0 0.0 0.0 0.0
gw 0.0 0.0 0.0 0.0
gw 0.0 0.0 0.0 0.0
gw 0.0 0.0 0.0 0.0
gw 0.0 0.0 0.0 0.0
gw 0.0 0.0 0.0 0.0
gw 0.0 0.0 0.0 0.0
gw 0.0 0.0 0.0 0.0
gw 0.0 0.0 0.0 0.0
gw 0.0 0.0 0.0 0.0
gw 0.0 0.0 0.0 0.0
gw 0.0 0.0 0.0 0.0
gw 0.0 0.0 0.0 0.0
gw 0.0 0.0 0.0 0.0
gw 0.0 0.0 0.0 0.0
gw 0.0 0.0 0.0 0.0
gw 0.0 0.0 0.0 0.0
gw 0.0 0.0 0.0 0.0
gw 0.0 0.0 0.0 0.0
gw 0.0 0.0 0.0 0.0
gw 0.0 0.0 0.0 0.0
gw 0.0 0.0 0.0 0.0
gw 0.0 0.0 0.0 0.0
gw 0.0 0.0 0.0 0.0
gw 0.0 0.0 0.0 0.0
gw 0.0 0.0 0.0 0.0
gw 0.0 0.0 0.0 0.0
gw 0.0 0.0 0.0 0.0
gw 0.0 0.0 0.0 0.0
gw 0.0 0.0 0.0 0.0
gw 0.0 0.0 0.0 0.0
gw 0.0 0.0 0.0 0.0
gw 0.0 0.0 0.0 0.0
gw 0.0 0.0 0.0 0.0
gw 0.0 0.0 0.0 0.0
gw 0.0 0.0 0.0 0.0
gw 0.0 0.0 0.0 0.0
gw 0.0 0.0 0.0 0.0
gw 0.0 0.0 0.0 0.0
gw 0.0 0.0 0.0 0.0
gw 0.0 0.0 0.0 0.0
gw 0.0 0.0 0.0 0.0
gw 0.0 0.0 0.0 0.0
gw 0.0 0.0 0.0 0.0
gw 0.0 0.0 0.0 0.0
gw 0.0 0.0 0.0 0.0
gw 0.0 0.0 0.0 0.0
gw 0.0 0.0 0.0 0.0
gw 0.0 0.0 0.0 0.0
gw 0.0 0.0 0.0 0.0
gw 0.0 0.0 0.0 0.0
gw 0.0 0.0 0.0 0.0
gw 0.0 0.0 0.0 0.0
gw 0.0 0.0 0.0 0.0
gw 0.0 0.0 0.0 0.0
gw 0.0 0.0 0.0 0.0
gw 0.0 0.0 0.0 0.0
gw 0.0 0.0 0.0 0.0
gw 0.0 0.0 0.0 0.0
gw 0.0 0.0 0.0 0.0
gw 0.0 0.0 0.0 0.0
gw 0.0 0.0 0.0 0.0
gw 0.0 0.0 0.0 0.0
gw 0.0 0.0 0.0 0.0
gw 0.0 0.0 0.0 0.0
gw 0.0 0.0 0.0 0.0
gw 0.0 0.0 0.0 0.0
gw 0.0 0.0 0.0 0.0
gw 0.0 0.0 0.0 0.0
gw 0.0 0.0 0.0 0.0
gw 0.0 0.0 0.0 0.0
gw 0.0 0.0 0.0 0.0
gw 0.0 0.0 0.0 0.0
gw 0.0 0.0 0.0 0.0
gw 0.0 0.0 0.0 0.0
gw 0.0 0.0 0.0 0.0
gw 0.0 0.0 0.0 0.0
gw 0.0 0.0 0.0 0.0
gw 0.0 0.0 0.0 0.0
gw 0.0 0.0 0.0 0.0
gw 0.0 0.0 0.0 0.0
gw 0.0 0.0 0.0 0.0
gw 0.0 0.0 0.0 0.0
gw 0.0 0.0 0.0 0.0
gw 0.0 0.0 0.0 0.0
gw 0.0 0.0 0.0 0.0
gw 0.0 0.0 0.0 0.0
gw 0.0 0.0 0.0 0.0
gw 0.0 0.0 0.0 0.0
gw 0.0 0.0 0.0 0.0
gw 0.0 0.0 0.0 0.0
gw 0.0 0.0 0.0 0.0
gw 0.0 0.0 0.0 0.0
gw 0.0 0.0 0.0 0.0
gw 0.0 0.0 0.0 0.0
gw 0.0 0.0 0.0 0.0
gw 0.0 0.0 0.0 0.0
gw 0.0 0.0 0.0 0.0
gw 0.0 0.0 0.0 0.0
gw 0.0 0.0 0.0 0.0
gw 0.0 0.0 0.0 0.0
gw 0.0 0.0 0.0 0.0
gw 0.0 0.0 0.0 0.0
gw 0.0 0.0 0.0 0.0
gw 0.0 0.0 0.0 0.0
gw 0.0 0.0 0.0 0.0
gw 0.0 0.0 0.0 0.0
gw 0.0 0.0 0.0 0.0
gw 0.0 0.0 0.0 0.0
gw 0.0 0.0 0.0 0.0
gw 0.0 0.0 0.0 0.0
gw 0.0 0.0 0.0 0.0
gw 0.0 0.0 0.0 0.0
gw 0.0 0.0 0.0 0.0
gw 0.0 0.0 0.0 0.0
gw 0.0 0.0 0.0 0.0
gw 0.0 0.0 0.0 0.0
gw 0.0 0.0 0.0 0.0
gw 0.0 0.0 0.0 0.0
gw 0.0 0.0 0.0 0.0
gw 0.0 0.0 0.0 0.0
gw 0.0 0.0 0.0 0.0
gw 0.0 0.0 0.0 0.0
gw 0.0 0.0 0.0 0.0
gw 0.0 0.0 0.0 0.0
gw 0.0 0.0 0.0 0.0
gw 0.0 0.0 0.0 0.0
gw 0.0 0.0 0.0 0.0
gw 0.0 0.0 0.0 0.0
gw 0.0 0.0 0.0 0.0
gw 0.0 0.0 0.0 0.0
gw 0.0 0.0 0.0 0.0
gw 0.0 0.0 0.0 0.0
gw 0.0 0.0 0.0 0.0
gw 0.0 0.0 0.0 0.0
gw 0.0 0.0 0.0 0.0
gw 0.0 0.0 0.0 0.0
gw 0.0 0.0 0.0 0.0
gw 0.0 0.0 0.0 0.0
gw 0.0 0.0 0.0 0.0
gw 0.0 0.0 0.0 0.0
gw 0.0 0.0 0.0 0.0
gw 0.0 0.0 0.0 0.0
gw 0.0 0.0 0.0 0.0
gw 0.0 0.0 0.0 0.0
gw 0.0 0.0 0.0 0.0
gw 0.0 0.0 0.0 0.0
gw 0.0 0.0 0.0 0.0
gw 0.0 0.0 0.0 0.0
gw 0.0 0.0 0.0 0.0
gw 0.0 0.0 0.0 0.0
gw 0.0 0.0 0.0 0.0
gw 0.0 0.0 0.0 0.0
gw 0.0 0.0 0.0 0.0
gw 0.0 0.0 0.0 0.0
gw 0.0 0.0 0.0 0.0
gw 0.0 0.0 0.0 0.0
gw 0.0 0.0 0.0 0.0
gw 0.0 0.0 0.0 0.0
gw 0.0 0.0 0.0 0.0
gw 0.0 0.0 0.0 0.0
gw 0.0 0.0 0.0 0.0
gw 0.0 0.0 0.0 0.0
gw 0.0 0.0 0.0 0.0
gw 0.0 0.0 0.0 0.0
gw 0.0 0.0 0.0 0.0
gw 0.0 0.0 0.0 0.0
gw 0.0 0.0 0.0 0.0
gw 0.0 0.0 0.0 0.0
gw 0.0 0.0 0.0 0.0
gw 0.0 0.0 0.0 0.0
gw 0.0 0.0 0.0 0.0
gw 0.0 0.0 0.0 0.0
gw 0.0 0.0 0.0 0.0
gw 0.0 0.0 0.0 0.0
gw 0.0 0.0 0.0 0.0
gw 0.0 0.0 0.0 0.0
gw 0.0 0.0 0.0 0.0
gw 0.0 0.0 0.0 0.0
gw 0.0 0.0 0.0 0.0
gw 0.0 0.0 0.0 0.0
gw 0.0 0.0 0.0 0.0
gw 0.0 0.0 0.0 0.0
gw 0.0 0.0 0.0 0.0
gw 0.0 0.0 0.0 0.0
gw 0.0 0.0 0.0 0.0
gw 0.0 0.0 0.0 0.0
gw 0.0 0.0 0.0 0.0
gw 0.0 0.0 0.0 0.0
gw 0.0 0.0 0.0 0.0
gw 0.0 0.0 0.0 0.0
gw 0.0 0.0 0.0 0.0
gw 0.0 0.0 0.0 0.0
gw 0.0 0.0 0.0 0.0
gw 0.0 0.0 0.0 0.0
gw 0.0 0.0 0.0 0.0
gw 0.0 0.0 0.0 0.0
gw 0.0 0.0 0.0 0.0
gw 0.0 0.0 0.0 0.0
gw 0.0 0.0 0.0 0.0
gw 0.0 0.0 0.0 0.0
gw 0.0 0.0 0.0 0.0
gw 0.0 0.0 0.0 0.0
gw 0.0 0.0 0.0 0.0
gw 0.0 0.0 0.0 0.0
gw 0.0 0.0 0.0 0.0
gw 0.0 0.0 0.0 0.0
gw 0.0 0.0 0.0 0.0
gw 0.0 0.0 0.0 0.0
gw 0.0 0.0 0.0 0.0
gw 0.0 0.0 0.0 0.0
gw 0.0 0.0 0.0 0.0
gw 0.0 0.0 0.0 0.0
gw 0.0 0.0 0.0 0.0
gw 0.0 0.0 0.0 0.0
gw 0.0 0.0 0.0 0.0
gw 0.0 0.0 0.0 0.0
gw 0.0 0.0 0.0 0.0
gw 0.0 0.0 0.0 0.0
gw 0.0 0.0 0.0 0.0
gw 0.0 0.0 0.0 0.0
gw 0.0 0.0 0.0 0.0
gw 0.0 0.0 0.0 0.0
gw 0.0 0.0 0.0 0.0
gw 0.0 0.0 0.0 0.0
gw 0.0 0.0 0.0 0.0
gw 0.0 0.0 0.0 0.0
gw 0.0 0.0 0.0 0.0
gw 0.0 0.0 0.0 0.0
gw 0.0 0.0 0.0 0.0
gw 0.0 0.0 0.0 0.0
gw 0.0 0.0 0.0 0.0
gw 0.0 0.0 0.0 0.0
gw 0.0 0.0 0.0 0.0
gw 0.0 0.0 0.0 0.0
gw 0.0 0.0 0.0 0.0
gw 0.0 0.0 0.0 0.0
gw 0.0 0.0 0.0 0.0
gw 0.0 0.0 0.0 0.0
gw 0.0 0.0 0.0 0.0
gw 0.0 0.0 0.0 0.0
gw 0.0 0.0 0.0 0.0
gw 0.0 0.0 0.0 0.0
gw 0.0 0.0 0.0 0.0
gw 0.0 0.0 0.0 0.0
gw 0.0 0.0 0.0 0.0
gw 0.0 0.0 0.0 0.0
gw 0.0 0.0 0.0 0.0
gw 0.0 0.0 0.0 0.0
gw 0.0 0.0 0.0 0.0
gw 0.0 0.0 0.0 0.0
gw 0.0 0.0 0.0 0.0
gw 0.0 0.0 0.0 0.0
gw 0.0 0.0 0.0 0.0
gw 0.0 0.0 0.0 0.0
gw 0.0 0.0 0.0 0.0
gw 0.0 0.0 0.0 0.0
gw 0.0 0.0 0.0 0.0
gw 0.0 0.0 0.0 0.0
gw 0.0 0.0 0.0 0.0
gw 0.0 0.0 0.0 0.0
gw 0.0 0.0 0.0 0.0
gw 0.0 0.0 0.0 0.0
gw 0.0 0.0 0.0 0.0
gw 0.0 0.0 0.0 0.0
gw 0.0 0.0 0.0 0.0
gw 0.0 0.0 0.0 0.0
gw 0.0 0.0 0.0 0.0
gw 0.0 0.0 0.0 0.0
gw 0.0 0.0 0.0 0.0
gw 0.0 0.0 0.0 0.0
gw 0.0 0.0 0.0 0.0
gw 0.0 0.0 0.0 0.0
gw 0.0 0.0 0.0 0.0
gw 0.0 0.0 0.0 0.0
gw 0.0 0.0 0.0 0.0
gw 0.0 0.0 0.0 0.0
gw 0.0 0.0 0.0 0.0
gw 0.0 0.0 0.0 0.0
gw 0.0 0.0 0.0 0.0
gw 0.0 0.0 0.0 0.0
gw 0.0 0.0 0.0 0.0
gw 0.0 0.0 0.0 0.0
gw 0.0 0.0 0.0 0.0
gw 0.0 0.0 0.0 0.0
gw 0.0 0.0 0.0 0.0
gw 0.0 0.0 0.0 0.0
gw 0.0 0.0 0.0 0.0
gw 0.0 0.0 0.0 0.0
gw 0.0 0.0 0.0 0.0
gw 0.0 0.0 0.0 0.0
gw 0.0 0.0 0.0 0.0
gw 0.0 0.0 0.0 0.0
gw 0.0 0.0 0.0 0.0
gw 0.0 0.0 0.0 0.0
gw 0.0 0.0 0.0 0.0
gw 0.0 0.0 0.0 0.0
gw 0.0 0.0 0.0 0.0
gw 0.0 0.0 0.0 0.0
gw 0.0 0.0 0.0 0.0
gw 0.0 0.0 0.0 0.0
gw 0.0 0.0 0.0 0.0
gw 0.0 0.0 0.0 0.0
gw 0.0 0.0 0.0 0.0
gw 0.0 0.0 0.0 0.0
gw 0.0 0.0 0.0 0.0
gw 0.0 0.0 0.0 0.0
gw 0.0 0.0 0.0 0.0
gw 0.0 0.0 0.0 0.0
gw 0.0 0.0 0.0 0.0
gw 0.0 0.0 0.0 0.0
gw 0.0 0.0 0.0 0.0
gw 0.0 0.0 0.0 0.0
gw 0.0 0.0 0.0 0.0
gw 0.0 0.0 0.0 0.0
gw 0.0 0.0 0.0 0.0
gw 0.0 0.0 0.0 0.0
gw 0.0 0.0 0.0 0.0
gw 0.0 0.0 0.0 0.0
gw 0.0 0.0 0.0 0.0
gw 0.0 0.0 0.0 0.0
gw 0.0 0.0 0.0 0.0
gw 0.0 0.0 0.0 0.0
gw 0.0 0.0 0.0 0.0
gw 0.0 0.0 0.0 0.0
gw 0.0 0.0 0.0 0.0
gw 0.0 0.0 0.0 0.0
gw 0.0 0.0 0.0 0.0
gw 0.0 0.0 0.0 0.0
gw 0.0 0.0 0.0 0.0
gw 0.0 0.0 0.0 0.0
gw 0.0 0.0 0.0 0.0
gw 0.0 0.0 0.0 0.0
gw 0.0 0.0 0.0 0.0
gw 0.0 0.0 0.0 0.0
gw 0.0 0.0 0.0 0.0
gw 0.0 0.0 0.0 0.0
gw 0.0 0.0 0.0 0.0
gw 0.0 0.0 0.0 0.0
gw 0.0 0.0 0.0 0.0
gw 0.0 0.0 0.0 0.0
gw 0.0 0.0 0.0 0.0
gw 0.0 0.0 0.0 0.0
gw 0.0 0.0 0.0 0.0
gw 0.0 0.0 0.0 0.0
gw 0.0 0.0 0.0 0.0
gw 0.0 0.0 0.0 0.0
gw 0.0 0.0 0.0 0.0
gw 0.0 0.0 0.0 0.0
gw 0.0 0.0 0.0 0.0
gw 0.0 0.0 0.0 0.0
gw 0.0 0.0 0.0 0.0
gw 0.0 0.0 0.0 0.0
gw 0.0 0.0 0.0 0.0
gw 0.0 0.0 0.0 0.0
gw 0.0 0.0 0.0 0.0
gw 0.0 0.0 0.0 0.0
gw 0.0 0.0 0.0 0.0
gw 0.0 0.0 0.0 0.0
gw 0.0 0.0 0.0 0.0
gw 0.0 0.0 0.0 0.0
gw 0.0 0.0 0.0 0.0
gw 0.0 0.0 0.0 0.0
gw 0.0 0.0 0.0 0.0
gw 0.0 0.0 0.0 0.0
gw 0.0 0.0 0.0 0.0
gw 0.0 0.0 0.0 0.0
gw 0.0 0.0 0.0 0.0
gw 0.0 0.0 0.0 0.0
gw 0.0 0.0 0.0 0.0
gw 0.0 0.0 0.0 0.0
gw 0.0 0.0 0.0 0.0
gw 0.0 0.0 0.0 0.0
gw 0.0 0.0 0.0 0.0
gw 0.0 0.0 0.0 0.0
gw 0.0 0.0 0.0 0.0
gw 0.0 0.0 0.0 0.0
gw 0.0 0.0 0.0 0.0
gw 0.0 0.0 0.0 0.0
gw 0.0 0.0 0.0 0.0
gw 0.0 0.0 0.0 0.0
gw 0.0 0.0 0.0 0.0
gw 0.0 0.0 0.0 0.0
gw 0.0 0.0 0.0 0.0
gw 0.0 0.0 0.0 0.0
gw 0.0 0.0 0.0 0.0
gw 0.0 0.0 0.0 0.0
gw 0.0 0.0 0.0 0.0
gw 0.0 0.0 0.0 0.0
gw 0.0 0.0 0.0 0.0
gw 0.0 0.0 0.0 0.0
gw 0.0 0.0 0.0 0.0
gw 0.0 0.0 0.0 0.0
gw 0.0 0.0 0.0 0.0
gw 0.0 0.0 0.0 0.0
gw 0.0 0.0 0.0 0.0
gw 0.0 0.0 0.0 0.0
gw 0.0 0.0 0.0 0.0
gw 0.0 0.0 0.0 0.0
gw 0.0 0.0 0.0 0.0
gw 0.0 0.0 0.0 0.0
gw 0.0 0.0 0.0 0.0
gw 0.0 0.0 0.0 0.0
gw 0.0 0.0 0.0 0.0
gw 0.0 0.0 0.0 0.0
gw 0.0 0.0 0.0 0.0
gw 0.0 0.0 0.0 0.0
gw 0.0 0.0 0.0 0.0
gw 0.0 0.0 0.0 0.0
gw 0.0 0.0 0.0 0.0
gw 0.0 0.0 0.0 0.0
gw 0.0 0.0 0.0 0.0
gw 0.0 0.0 0.0 0.0
gw 0.0 0.0 0.0 0.0
gw 0.0 0.0 0.0 0.0
gw 0.0 0.0 0.0 0.0
gw 0.0 0.0 0.0 0.0
gw 0.0 0.0 0.0 0.0
gw 0.0 0.0 0.0 0.0
gw 0.0 0.0 0.0 0.0
gw 0.0 0.0 0.0 0.0
gw 0.0 0.0 0.0 0.0
gw 0.0 0.0 0.0 0.0
gw 0.0 0.0 0.0 0.0
gw 0.0 0.0 0.0 0.0
gw 0.0 0.0 0.0 0.0
gw 0.0 0.0 0.0 0.0
gw 0.0 0.0 0.0 0.0
gw 0.0 0.0 0.0 0.0
gw 0.0 0.0 0.0 0.0
gw 0.0 0.0 0.0 0.0
gw 0.0 0.0 0.0 0.0
gw 0.0 0.0 0.0 0.0
gw 0.0 0.0 0.0 0.0
gw 0.0 0.0 0.0 0.0
gw 0.0 0.0 0.0 0.0
gw 0.0 0.0 0.0 0.0
gw 0.0 0.0 0.0 0.0
gw 0.0 0.0 0.0 0.0
gw 0.0 0.0 0.0 0.0
gw 0.0 0.0 0.0 0.0
gw 0.0 0.0 0.0 0.0
gw 0.0 0.0 0.0 0.0
gw 0.0 0.0 0.0 0.0
gw 0.0 0.0 0.0 0.0
gw 0.0 0.0 0.0 0.0
gw 0.0 0.0 0.0 0.0
gw 0.0 0.0 0.0 0.0
gw 0.0 0.0 0.0 0.0
gw 0.0 0.0 0.0 0.0
gw 0.0 0.0 0.0 0.0
gw 0.0 0.0 0.0 0.0
gw 0.0 0.0 0.0 0.0
gw 0.0 0.0 0.0 0.0
gw 0.0 0.0 0.0 0.0
gw 0.0 0.0 0.0 0.0
gw 0.0 0.0 0.0 0.0
gw 0.0 0.0 0.0 0.0
gw 0.0 0.0 0.0 0.0
gw 0.0 0.0 0.0 0.0
gw 0.0 0.0 0.0 0.0
gw 0.0 0.0 0.0 0.0
gw 0.0 0.0 0.0 0.0
gw 0.0 0.0 0.0 0.0
gw 0.0 0.0 0.0 0.0
gw 0.0 0.0 0.0 0.0
gw 0.0 0.0 0.0 0.0
gw 0.0 0.0 0.0 0.0
gw 0.0 0.0 0.0 0.0
gw 0.0 0.0 0.0 0.0
gw 0.0 0.0 0.0 0.0
gw 0.0 0.0 0.0 0.0
gw 0.0 0.0 0.0 0.0
gw 0.0 0.0 0.0 0.0
gw 0.0 0.0 0.0 0.0
gw 0.0 0.0 0.0 0.0
gw 0.0 0.0 0.0 0.0
gw 0.0 0.0 0.0 0.0
gw 0.0 0.0 0.0 0.0
gw 0.0 0.0 0.0 0.0
gw 0.0 0.0 0.0 0.0
gw 0.0 0.0 0.0 0.0
gw 0.0 0.0 0.0 0.0
gw 0.0 0.0 0.0 0.0
gw 0.0 0.0 0.0 0.0
gw 0.0 0.0 0.0 0.0
gw 0.0 0.0 0.0 0.0
gw 0.0 0.0 0.0 0.0
gw 0.0 0.0 0.0 0.0
gw 0.0 0.0 0.0 0.0
gw 0.0 0.0 0.0 0.0
gw 0.0 0.0 0.0 0.0
gw 0.0 0.0 0.0 0.0
gw 0.0 0.0 0.0 0.0
gw 0.0 0.0 0.0 0.0
gw 0.0 0.0 0.0 0.0
gw 0.0 0.0 0.0 0.0
gw 0.0 0.0 0.0 0.0
gw 0.0 0.0 0.0 0.0
gw 0.0 0.0 0.0 0.0
gw 0.0 0.0 0.0 0.0
gw 0.0 0.0 0.0 0.0
gw 0.0 0.0 0.0 0.0
gw 0.0 0.0 0.0 0.0
gw 0.0 0.0 0.0 0.0
gw 0.0 0.0 0.0 0.0
gw 0.0 0.0 0.0 0.0
gw 0.0 0.0 0.0 0.0
gw 0.0 0.0 0.0 0.0
gw 0.0 0.0 0.0 0.0
gw 0.0 0.0 0.0 0.0
gw 0.0 0.0 0.0 0.0
gw 0.0 0.0 0.0 0.0
gw 0.0 0.0 0.0 0.0
gw 0.0 0.0 0.0 0.0
gw 0.0 0.0 0.0 0.0
gw 0.0 0.0 0.0 0.0
gw 0.0 0.0 0.0 0.0
gw 0.0 0.0 0.0 0.0
gw 0.0 0.0 0.0 0.0
gw 0.0 0.0 0.0 0.0
gw 0.0 0.0 0.0 0.0
gw 0.0 0.0 0.0 0.0
gw 0.0 0.0 0.0 0.0
gw 0.0 0.0 0.0 0.0
gw 0.0 0.0 0.0 0.0
gw 0.0 0.0 0.0 0.0
gw 0.0 0.0 0.0 0.0
gw 0.0 0.0 0.0 0.0
gw 0.0 0.0 0.0 0.0
gw 0.0 0.0 0.0 0.0
gw 0.0 0.0 0.0 0.0
gw 0.0 0.0 0.0 0.0
gw 0.0 0.0 0.0 0.0
gw 0.0 0.0 0.0 0.0
gw 0.0 0.0 0.0 0.0
vt 0.677 0.9704
vt 0.65 0.9742
vt 0.6528 0.9581
vt 0.6848 0.9635
vt 0.6214 0.951
vt 0.6298 0.9429
vt 0.5982 0.9321
vt 0.6389 0.9304
vt 0.6802 0.9436
vt 0.6494 0.9082
vt 0.6957 0.9152
vt 0.718 0.9319
vt 0.722 0.9465
vt 0.7346 0.939
vt 0.736 0.9296
vt 0.7294 0.919
vt 0.752 0.9273
vt 0.7379 0.9122
vt 0.7294 0.8957
vt 0.7078 0.9565
vt 0.7319 0.9646
vt 0.7082 0.9679
vt 0.7181 0.8632
vt 0.6779 0.8766
vt 0.7645 0.8792
vt 0.7809 0.864
vt 0.8012 0.8899
vt 0.8053 0.8982
vt 0.7614 0.893
vt 0.8261 0.8936
vt 0.8303 0.9055
vt 0.8033 0.9022
vt 0.8142 0.8865
vt 0.8279 0.8871
vt 0.8014 0.8822
vt 0.8192 0.8766
vt 0.8161 0.8639
vt 0.8356 0.8658
vt 0.8388 0.8581
vt 0.8196 0.849
vt 0.7852 0.8256
vt 0.7549 0.7939
vt 0.7763 0.7765
vt 0.8016 0.8046
vt 0.7537 0.8216
vt 0.7333 0.8038
vt 0.742 0.8387
vt 0.8302 0.8305
vt 0.8312 0.8171
vt 0.6861 0.8292
vt 0.7121 0.8171
vt 0.6584 0.8401
vt 0.6568 0.8844
vt 0.6325 0.8521
vt 0.615 0.8847
vt 0.6017 0.8972
vt 0.6114 0.8011
vt 0.6338 0.7986
vt 0.5813 0.8581
vt 0.5673 0.8013
vt 0.6613 0.7842
vt 0.6841 0.7785
vt 0.7039 0.7704
vt 0.6669 0.7307
vt 0.6308 0.7329
vt 0.6987 0.7122
vt 0.7329 0.7578
vt 0.6727 0.6584
vt 0.6427 0.6627
vt 0.6131 0.6675
vt 0.5794 0.8976
vt 0.5643 0.9304
vt 0.5476 0.9042
vt 0.5818 0.9582
vt 0.5589 0.9572
vt 0.5415 0.9325
vt 0.6025 0.9591
vt 0.6287 0.9752
vt 0.6257 0.9877
vt 0.6131 0.9568
vt 0.6474 0.9856
vt 0.6022 0.9804
vt 0.5936 0.9884
vt 0.6187 0.9983
vt 0.574 0.9792
vt 0.5843 0.9933
vt 0.5218 0.9305
vt 0.5054 0.906
vt 0.5185 0.863
vt 0.5039 0.9383
vt 0.4391 0.9326
vt 0.4658 0.8905
vt 0.4898 0.9587
vt 0.5304 0.9533
vt 0.5235 0.955
vt 0.4045 0.9151
vt 0.4281 0.8756
vt 0.4769 0.8516
vt 0.4426 0.8403
vt 0.5441 0.9673
vt 0.5346 0.9745
vt 0.5669 0.9813
vt 0.839 0.2836
vt 0.8127 0.2743
vt 0.8327 0.2554
vt 0.8352 0.2695
vt 0.8616 0.2828
vt 0.8751 0.3136
vt 0.8574 0.3365
vt 0.9 0.3586
vt 0.8745 0.4025
vt 0.8374 0.3763
vt 0.8076 0.3416
vt 0.8015 0.3979
vt 0.7767 0.3753
vt 0.7826 0.4177
vt 0.8084 0.4383
vt 0.7835 0.4433
vt 0.7573 0.4112
vt 0.7654 0.4788
vt 0.7335 0.4386
vt 0.7155 0.4748
vt 0.6883 0.4532
vt 0.6977 0.3941
vt 0.7016 0.5132
vt 0.6636 0.504
vt 0.6285 0.4745
vt 0.6523 0.4382
vt 0.6573 0.3893
vt 0.6697 0.5447
vt 0.6948 0.5479
vt 0.724 0.5366
vt 0.7133 0.5625
vt 0.7413 0.5092
vt 0.7786 0.5232
vt 0.7566 0.56
vt 0.8124 0.4965
vt 0.7943 0.4697
vt 0.716 0.3615
vt 0.7366 0.3249
vt 0.7251 0.2447
vt 0.7684 0.2826
vt 0.6928 0.2827
vt 0.6773 0.3291
vt 0.8375 0.4624
vt 0.8611 0.4799
vt 0.832 0.5259
vt 0.8833 0.5212
vt 0.9041 0.4763
vt 0.9103 0.4959
vt 0.8889 0.4488
vt 0.8505 0.4348
vt 0.8225 0.4118
vt 0.7937 0.2352
vt 0.823 0.2306
vt 0.8338 0.2017
vt 0.8578 0.2015
vt 0.8551 0.2177
vt 0.8158 0.2037
vt 0.8332 0.1839
vt 0.8262 0.1749
vt 0.8141 0.1744
vt 0.8076 0.1959
vt 0.8077 0.1517
vt 0.8218 0.151
vt 0.7969 0.188
vt 0.8796 0.2078
vt 0.8591 0.228
vt 0.7482 0.2006
vt 0.7771 0.1773
vt 0.7558 0.1556
vt 0.7659 0.1405
vt 0.7807 0.1379
vt 0.7584 0.1256
vt 0.7769 0.1174
vt 0.7205 0.1247
vt 0.7439 0.116
vt 0.7061 0.1697
vt 0.6859 0.156
vt 0.6996 0.0936
vt 0.6747 0.1398
vt 0.661 0.1775
vt 0.6724 0.1974
vt 0.6936 0.2149
vt 0.7889 0.1579
vt 0.7986 0.1323
vt 0.9027 0.3775
vt 0.9073 0.3962
vt 0.9225 0.3757
vt 0.9233 0.3894
vt 0.9318 0.3963
vt 0.9198 0.4134
vt 0.9389 0.3811
vt 0.9222 0.3632
vt 0.9245 0.4372
vt 0.9411 0.4533
vt 0.9537 0.4367
vt 0.9363 0.4235
vt 0.9328 0.4691
vt 0.9511 0.4775
vt 0.9404 0.4908
vt 0.9639 0.4875
vt 0.9536 0.4676
vt 0.9005 0.334
vt 0.8959 0.2923
vt 0.907 0.3024
vt 0.9115 0.2817
vt 0.8883 0.2752
vt 0.6712 0.2417
vt 0.6532 0.2252
vt 0.6295 0.241
vt 0.6115 0.2253
vt 0.6388 0.2123
vt 0.6048 0.2636
vt 0.5587 0.2324
vt 0.5449 0.2672
vt 0.5737 0.2903
vt 0.4988 0.2315
vt 0.5048 0.2593
vt 0.4804 0.2983
vt 0.4665 0.2703
vt 0.5079 0.2904
vt 0.4696 0.3235
vt 0.4911 0.3164
vt 0.4894 0.3377
vt 0.4841 0.3577
vt 0.4571 0.3398
vt 0.4475 0.3582
vt 0.4754 0.3676
vt 0.4707 0.3832
vt 0.4366 0.3814
vt 0.4869 0.3738
vt 0.4918 0.382
vt 0.5031 0.3706
vt 0.423 0.323
vt 0.4431 0.3003
vt 0.4058 0.3483
vt 0.5059 0.3556
vt 0.5291 0.3555
vt 0.509 0.3406
vt 0.5295 0.3328
vt 0.5092 0.3197
vt 0.527 0.3143
vt 0.536 0.2944
vt 0.3974 0.2751
vt 0.4452 0.2376
vt 0.359 0.2529
vt 0.3917 0.2264
vt 0.3639 0.2301
vt 0.3292 0.2302
vt 0.3498 0.2165
vt 0.3161 0.2406
vt 0.3428 0.2763
vt 0.3104 0.2562
vt 0.3825 0.3063
vt 0.3594 0.2995
vt 0.3624 0.3422
vt 0.3251 0.3203
vt 0.4582 0.1982
vt 0.4961 0.1931
vt 0.428 0.2063
vt 0.5852 0.2117
vt 0.6065 0.1938
vt 0.6223 0.202
vt 0.6054 0.1579
vt 0.6328 0.166
vt 0.6544 0.1384
vt 0.6253 0.1213
vt 0.645 0.1149
vt 0.6557 0.0952
vt 0.5971 0.1294
vt 0.5861 0.1599
vt 0.5782 0.1333
vt 0.5904 0.1886
vt 0.5639 0.2017
vt 0.5701 0.1743
vt 0.5379 0.1959
vt 0.5443 0.1703
vt 0.5046 0.1675
vt 0.4644 0.167
vt 0.4671 0.1388
vt 0.5072 0.1363
vt 0.5422 0.138
vt 0.5616 0.1393
vt 0.5518 0.1065
vt 0.5485 0.3172
vt 0.5922 0.3143
vt 0.56 0.3361
vt 0.6022 0.3455
vt 0.5636 0.3566
vt 0.6111 0.3806
vt 0.5692 0.3788
vt 0.6023 0.4154
vt 0.5623 0.4022
vt 0.5878 0.4401
vt 0.5606 0.417
vt 0.5381 0.3829
vt 0.5378 0.3684
vt 0.5353 0.3962
vt 0.6452 0.3392
vt 0.6266 0.2981
vt 0.6444 0.2575
vt 0.6559 0.2927
vt 0.7866 0.5665
vt 0.7727 0.6175
vt 0.7423 0.6157
vt 0.701 0.6322
vt 0.6967 0.6154
vt 0.7252 0.6004
vt 0.6686 0.634
vt 0.6703 0.6181
vt 0.6964 0.6044
vt 0.7126 0.5957
vt 0.7361 0.5704
vt 0.7231 0.5793
vt 0.7052 0.5859
vt 0.6994 0.5969
vt 0.676 0.6035
vt 0.6882 0.5806
vt 0.65 0.6102
vt 0.6578 0.5944
vt 0.6655 0.5738
vt 0.6434 0.6322
vt 0.62 0.6255
vt 0.6355 0.5947
vt 0.6458 0.5785
vt 0.6337 0.5689
vt 0.6438 0.5523
vt 0.6518 0.5694
vt 0.6541 0.5832
vt 0.6199 0.5343
vt 0.5984 0.4931
vt 0.57 0.5405
vt 0.5614 0.4969
vt 0.5799 0.5894
vt 0.6105 0.5753
vt 0.6171 0.5984
vt 0.595 0.6229
vt 0.5846 0.6746
vt 0.5499 0.6471
vt 0.5463 0.6024
vt 0.5474 0.688
vt 0.7077 0.6552
vt 0.7288 0.6924
vt 0.7602 0.7255
vt 0.7851 0.7189
vt 0.7943 0.7506
vt 0.7838 0.7587
vt 0.8068 0.7198
vt 0.8075 0.7426
vt 0.819 0.776
vt 0.8107 0.7817
vt 0.8256 0.7543
vt 0.8299 0.7293
vt 0.7971 0.6781
vt 0.8159 0.6889
vt 0.7808 0.671
vt 0.8017 0.6258
vt 0.8244 0.6354
vt 0.8349 0.6602
vt 0.8528 0.6293
vt 0.856 0.6491
vt 0.8452 0.608
vt 0.8552 0.6193
vt 0.8223 0.5839
vt 0.7571 0.6585
vt 0.7379 0.6469
vt 0.6755 0.1073
vt 0.6789 0.0914
vt 0.636 0.0972
vt 0.6155 0.0908
vt 0.608 0.0664
vt 0.6208 0.0719
vt 0.5799 0.0772
vt 0.5884 0.0504
vt 0.5839 0.1047
vt 0.5416 0.0578
vt 0.5595 0.0555
vt 0.5522 0.0325
vt 0.5631 0.0384
vt 0.5752 0.0537
vt 0.5749 0.0343
vt 0.6069 0.05
vt 0.6303 0.0724
vt 0.5062 0.0683
vt 0.517 0.0447
vt 0.5026 0.1002
vt 0.4834 0.0715
vt 0.4847 0.041
vt 0.4984 0.0342
vt 0.4903 0.0192
vt 0.4728 0.0353
vt 0.4537 0.0564
vt 0.4063 0.0445
vt 0.4164 0.032
vt 0.432 0.0807
vt 0.4556 0.106
vt 0.7144 0.1006
vt 0.7224 0.0673
vt 0.7296 0.0926
vt 0.7318 0.1106
vt 0.7399 0.0969
vt 0.5125 0.8073
vt 0.4634 0.8085
vt 0.4624 0.7511
vt 0.5069 0.7553
vt 0.4148 0.8032
vt 0.4201 0.7434
vt 0.3664 0.7884
vt 0.3798 0.7341
vt 0.425 0.6768
vt 0.459 0.6866
vt 0.4609 0.647
vt 0.4163 0.6253
vt 0.3959 0.5993
vt 0.4026 0.5783
vt 0.4323 0.5918
vt 0.3925 0.6277
vt 0.3808 0.5951
vt 0.3978 0.6696
vt 0.3714 0.632
vt 0.3708 0.663
vt 0.3652 0.6111
vt 0.3454 0.6195
vt 0.3467 0.6353
vt 0.3424 0.6603
vt 0.3498 0.7254
vt 0.3228 0.7658
vt 0.382 0.5699
vt 0.3701 0.5536
vt 0.3932 0.5342
vt 0.3442 0.5456
vt 0.3455 0.5055
vt 0.3096 0.5147
vt 0.3187 0.5493
vt 0.3495 0.5741
vt 0.3275 0.5812
vt 0.3628 0.5706
vt 0.4403 0.5434
vt 0.4157 0.4923
vt 0.4484 0.502
vt 0.3791 0.4773
vt 0.3704 0.5786
vt 0.3617 0.584
vt 0.3594 0.5946
vt 0.4679 0.6039
vt 0.504 0.6559
vt 0.5029 0.6952
vt 0.5525 0.7507
vt 0.5081 0.6085
vt 0.3428 0.8368
vt 0.3857 0.8599
vt 0.3385 0.8917
vt 0.3021 0.9356
vt 0.3006 0.917
vt 0.2826 0.9412
vt 0.282 0.9342
vt 0.2662 0.9445
vt 0.2674 0.9316
vt 0.2322 0.9245
vt 0.2493 0.9105
vt 0.2436 0.9324
vt 0.2187 0.9361
vt 0.2309 0.8807
vt 0.268 0.886
vt 0.2313 0.9025
vt 0.2199 0.9209
vt 0.2889 0.9035
vt 0.3095 0.8693
vt 0.321 0.9346
vt 0.3086 0.9424
vt 0.3183 0.9469
vt 0.3414 0.954
vt 0.315 0.9643
vt 0.3056 0.9613
vt 0.3534 0.9751
vt 0.3208 0.9733
vt 0.3743 0.9434
vt 0.38 0.9723
vt 0.3003 0.974
vt 0.3587 0.9153
vt 0.2997 0.8057
vt 0.2662 0.7813
vt 0.2758 0.7458
vt 0.2438 0.7412
vt 0.2374 0.7154
vt 0.285 0.6986
vt 0.2173 0.7555
vt 0.2138 0.7351
vt 0.1887 0.7685
vt 0.1914 0.7542
vt 0.2303 0.7768
vt 0.2038 0.7915
vt 0.2484 0.7619
vt 0.1892 0.7438
vt 0.2364 0.6814
vt 0.2623 0.6658
vt 0.2064 0.6928
vt 0.2103 0.718
vt 0.2437 0.7947
vt 0.2509 0.8131
vt 0.2171 0.8402
vt 0.2113 0.8106
vt 0.2662 0.8419
vt 0.2284 0.8568
vt 0.3216 0.7156
vt 0.3085 0.6579
vt 0.28 0.6511
vt 0.2755 0.6218
vt 0.315 0.6351
vt 0.5948 0.7495
vt 0.9278 0.5071
vt 0.944 0.5147
vt 0.9235 0.5317
vt 0.9615 0.5282
vt 0.945 0.5487
vt 0.9499 0.5597
vt 0.9287 0.5637
vt 0.9418 0.57
vt 0.8836 0.5728
vt 0.9215 0.5817
vt 0.9294 0.5956
vt 0.8763 0.6147
vt 0.9493 0.5796
vt 0.9372 0.6053
vt 0.9141 0.6102
vt 0.9216 0.6206
vt 0.8907 0.6298
vt 0.869 0.6243
vt 0.8806 0.638
vt 0.9474 0.4969
vt 0.8467 0.6771
vt 0.8432 0.7023
vt 0.8663 0.6684
vt 0.8787 0.6921
vt 0.8843 0.7165
vt 0.8568 0.7187
vt 0.8977 0.6868
vt 0.9053 0.7161
vt 0.8927 0.6578
vt 0.9034 0.6846
vt 0.8846 0.6614
vt 0.8735 0.6422
vt 0.8662 0.631
vt 0.9156 0.6745
vt 0.9046 0.646
vt 0.9234 0.709
vt 0.909 0.7153
vt 0.9164 0.7447
vt 0.9058 0.7441
vt 0.8812 0.738
vt 0.8516 0.7364
vt 0.9001 0.7433
vt 0.8817 0.7618
vt 0.8715 0.7528
vt 0.8544 0.7757
vt 0.8494 0.7582
vt 0.8886 0.7657
vt 0.8591 0.7834
vt 0.9003 0.7726
vt 0.8654 0.7933
vt 0.8283 0.7881
vt 0.8227 0.7961
vt 0.8467 0.8081
vt 0.8372 0.8511
vt 0.8511 0.8501
vt 0.851 0.8435
vt 0.8494 0.8364
vt 0.8682 0.8353
vt 0.8639 0.831
vt 0.8527 0.8243
vt 0.8729 0.8225
vt 0.8594 0.8171
vt 0.4843 0.9859
vt 0.471 0.9668
vt 0.4764 0.988
vt 0.4631 0.9749
vt 0.4709 0.9938
vt 0.4609 0.9868
vt 0.4517 0.9976
vt 0.4465 0.9839
vt 0.4363 0.9912
vt 0.4219 0.9818
vt 0.442 0.97
vt 0.416 0.9648
vt 0.408 0.9807
vt 0.4007 0.9687
vt 0.5384 0.5506
vt 0.5062 0.5571
vt 0.5038 0.5107
vt 0.5319 0.5033
vt 0.5038 0.4678
vt 0.5268 0.4631
vt 0.4752 0.5112
vt 0.4792 0.4704
vt 0.4724 0.5552
vt 0.4569 0.4651
vt 0.4565 0.4326
vt 0.4711 0.4407
vt 0.4383 0.4523
vt 0.4211 0.4417
vt 0.4498 0.4216
vt 0.4445 0.4061
vt 0.4056 0.4175
vt 0.3944 0.3825
vt 0.4723 0.4111
vt 0.4719 0.4002
vt 0.3472 0.3895
vt 0.3584 0.4386
vt 0.475 0.4266
vt 0.4873 0.4367
vt 0.4878 0.4187
vt 0.5008 0.416
vt 0.5022 0.4329
vt 0.489 0.3978
vt 0.505 0.3842
vt 0.5186 0.4324
vt 0.517 0.4133
vt 0.5168 0.3955
vt 0.5345 0.4048
vt 0.5331 0.4202
vt 0.5218 0.3878
vt 0.5241 0.3927
vt 0.5227 0.3781
vt 0.5537 0.4259
vt 0.5389 0.436
vt 0.5504 0.4612
vt 0.5724 0.4508
vt 0.4337 0.1782
vt 0.433 0.1502
vt 0.4222 0.1225
vt 0.3842 0.0855
vt 0.3839 0.0487
vt 0.3813 0.014
vt 0.365 0.1004
vt 0.3552 0.0748
vt 0.3367 0.0914
vt 0.3281 0.1097
vt 0.3188 0.0872
vt 0.3019 0.0963
vt 0.3479 0.1462
vt 0.3204 0.1435
vt 0.373 0.1285
vt 0.4 0.1294
vt 0.4079 0.1578
vt 0.3837 0.1629
vt 0.3603 0.1806
vt 0.3253 0.1682
vt 0.2938 0.1503
vt 0.2979 0.1771
vt 0.3364 0.1925
vt 0.3069 0.2034
vt 0.3682 0.2061
vt 0.2768 0.1159
vt 0.2735 0.0785
vt 0.2609 0.1125
vt 0.2494 0.1468
vt 0.2685 0.1523
vt 0.4074 0.187
vt 0.3845 0.1956
vt 0.4834 0.3896
vt 0.292 0.2218
vt 0.28 0.2061
vt 0.2585 0.2234
vt 0.2804 0.2437
vt 0.2466 0.243
vt 0.2688 0.2596
vt 0.254 0.2731
vt 0.2311 0.2562
vt 0.2345 0.2192
vt 0.2077 0.2198
vt 0.2397 0.1903
vt 0.2548 0.1851
vt 0.2409 0.1629
vt 0.2399 0.1419
vt 0.2345 0.1594
vt 0.2232 0.1901
vt 0.2772 0.1826
vt 0.1982 0.232
vt 0.1931 0.2134
vt 0.1983 0.2531
vt 0.214 0.2771
vt 0.1799 0.2747
vt 0.198 0.3003
vt 0.2381 0.2969
vt 0.2272 0.3242
vt 0.1822 0.2233
vt 0.1566 0.2055
vt 0.1682 0.2459
vt 0.2902 0.2894
vt 0.3016 0.2726
vt 0.2739 0.3087
vt 0.2679 0.3311
vt 0.2598 0.361
vt 0.2194 0.3455
vt 0.2123 0.3709
vt 0.2512 0.3882
vt 0.1768 0.3487
vt 0.1793 0.3221
vt 0.1582 0.3309
vt 0.1516 0.3664
vt 0.1456 0.3456
vt 0.2023 0.3906
vt 0.2399 0.411
vt 0.2235 0.4369
vt 0.1953 0.4126
vt 0.2695 0.4361
vt 0.238 0.4828
vt 0.2994 0.3892
vt 0.3192 0.4517
vt 0.2926 0.4753
vt 0.2665 0.5153
vt 0.2352 0.5339
vt 0.1917 0.5367
vt 0.2255 0.5775
vt 0.1842 0.5724
vt 0.1561 0.5472
vt 0.1599 0.526
vt 0.1182 0.5479
vt 0.1211 0.5261
vt 0.085 0.5561
vt 0.0889 0.5463
vt 0.0637 0.5457
vt 0.0527 0.5507
vt 0.057 0.5351
vt 0.0497 0.5414
vt 0.0692 0.5266
vt 0.0896 0.5259
vt 0.0545 0.5236
vt 0.0883 0.5398
vt 0.0837 0.5666
vt 0.0592 0.5631
vt 0.1128 0.5759
vt 0.0781 0.5789
vt 0.0857 0.6048
vt 0.1227 0.5986
vt 0.0947 0.632
vt 0.152 0.5706
vt 0.1525 0.5875
vt 0.0491 0.5743
vt 0.0491 0.5883
vt 0.0409 0.5572
vt 0.1676 0.5004
vt 0.2003 0.5012
vt 0.1309 0.5003
vt 0.1327 0.4682
vt 0.1877 0.4708
vt 0.0849 0.509
vt 0.0776 0.4844
vt 0.0696 0.4988
vt 0.0706 0.516
vt 0.138 0.413
vt 0.1683 0.4434
vt 0.1152 0.4085
vt 0.0937 0.4579
vt 0.1943 0.5975
vt 0.16 0.6012
vt 0.2024 0.6198
vt 0.1674 0.6158
vt 0.2441 0.6285
vt 0.2284 0.6505
vt 0.2576 0.5674
vt 0.1865 0.634
vt 0.16 0.6328
vt 0.171 0.6662
vt 0.1996 0.6601
vt 0.1431 0.6245
vt 0.1308 0.6135
vt 0.2897 0.5403
vt 0.28 0.5764
vt 0.3015 0.5655
vt 0.2931 0.5827
vt 0.3115 0.5879
vt 0.3047 0.5979
vt 0.3173 0.5987
vt 0.3399 0.6045
vt 0.3203 0.6072
vt 0.2918 0.6037
vt 0.3193 0.6179
vt 0.1535 0.2863
vt 0.148 0.2579
vt 0.1383 0.2214
vt 0.1503 0.2175
vt 0.1323 0.1993
vt 0.1527 0.3048
vt 0.1398 0.2876
vt 0.1368 0.3007
vt 0.1396 0.3178
vt 0.1259 0.3074
vt 0.1347 0.3248
vt 0.191 0.4333
vt 0.1345 0.3921
vt 0.1563 0.3869
vt 0.1354 0.3722
vt 0.1187 0.3988
vt 0.2002 0.8811
vt 0.1947 0.8731
vt 0.1683 0.893
vt 0.1659 0.886
vt 0.1748 0.8682
vt 0.1595 0.8818
vt 0.1507 0.8672
vt 0.151 0.8603
vt 0.1827 0.8514
vt 0.1308 0.8708
vt 0.1349 0.8558
vt 0.1171 0.8458
vt 0.1242 0.8361
vt 0.1432 0.8367
vt 0.1253 0.8273
vt 0.1038 0.8363
vt 0.1754 0.8349
vt 0.1661 0.8129
vt 0.1389 0.8186
vt 0.1498 0.8976
vt 0.0964 0.4142
vt 0.0898 0.4006
vt 0.0822 0.4072
vt 0.08 0.4148
vt 0.071 0.4021
vt 0.0694 0.4099
vt 0.0692 0.4232
vt 0.0565 0.4131
vt 0.0519 0.4378
vt 0.0876 0.4255
vt 0.0518 0.4579
vt 0.0359 0.4484
vt 0.0425 0.4628
vt 0.0529 0.4809
vt 0.1772 0.6985
vt 0.1633 0.7211
vt 0.1422 0.7158
vt 0.1371 0.6964
vt 0.1571 0.7415
vt 0.1867 0.724
vt 0.132 0.7279
vt 0.1139 0.7078
vt 0.1118 0.6782
vt 0.1373 0.6707
vt 0.1242 0.6473
vt 0.1407 0.6491
vt 0.1101 0.6419
vt 0.1021 0.6781
vt 0.0902 0.7287
vt 0.0791 0.6766
vt 0.1089 0.711
vt 0.1272 0.7341
vt 0.1559 0.7493
vt 0.1497 0.765
vt 0.1149 0.7574
vt 0.1358 0.7774
vt 0.112 0.7831
vt 0.159 0.7773
vt 0.1594 0.7911
vt 0.1343 0.789
vt 0.1783 0.7899
vt 0.1301 0.8002
vt 0.1555 0.8077
vt 0.0601 0.6002
vt 0.0389 0.5975
vt 0.0534 0.6189
vt 0.0518 0.6363
vt 0.0691 0.6259
vt 0.0736 0.6357
vn 0.3482 0.9258 -0.1468
vn 0.6051 0.7256 -0.3276
vn 0.43 0.8884 -0.1611
vn 0.5025 0.8455 -0.1806
vn 0.409 0.9108 0.0565
vn 0.4873 0.8732 -0.0098
vn 0.7217 0.6768 -0.1451
vn 0.7683 0.5496 -0.3281
vn 0.679 0.615 -0.4008
vn 0.8374 0.3716 -0.4008
vn 0.7426 0.3615 -0.5638
vn 0.6843 0.4819 -0.5473
vn 0.7487 0.3771 -0.5451
vn 0.5748 0.3964 -0.7159
vn 0.5919 0.4545 -0.6656
vn 0.7841 -0.1088 -0.611
vn 0.7571 -0.0878 -0.6474
vn 0.5185 -0.8032 -0.2932
vn 0.8049 0.2322 -0.546
vn 0.729 0.563 -0.3895
vn 0.8905 0.0639 -0.4504
vn 0.5652 0.8016 -0.195
vn 0.7693 0.5028 -0.3942
vn 0.819 0.281 -0.5004
vn 0.71 0.5263 -0.4679
vn 0.8093 0.1379 -0.571
vn 0.8117 0.2909 -0.5065
vn 0.6757 0.5946 -0.4356
vn 0.4081 0.8784 -0.2489
vn 0.9748 -0.1769 -0.1359
vn 0.9862 -0.0536 -0.1568
vn 0.5955 0.7292 -0.3372
vn 0.8853 -0.4243 -0.19
vn 0.9791 -0.1479 -0.1399
vn 0.8223 -0.1517 -0.5485
vn 0.8467 0.3015 -0.4383
vn 0.5362 0.6826 -0.4966
vn 0.7756 0.3375 -0.5335
vn 0.5857 0.5624 -0.5836
vn 0.7677 0.3635 -0.5277
vn 0.848 0.2481 -0.4683
vn 0.8812 0.3935 -0.262
vn 0.908 0.2787 -0.3129
vn 0.8171 0.1256 -0.5626
vn 0.8426 -0.1062 -0.528
vn 0.7974 -0.1536 -0.5836
vn 0.8289 0.042 -0.5578
vn 0.8358 0.2505 -0.4886
vn 0.7495 0.0503 -0.66
vn 0.9134 0.3925 -0.108
vn 0.8793 -0.0578 -0.4728
vn 0.8817 0.1326 -0.4528
vn 0.8507 0.3604 -0.3827
vn 0.8921 0.2072 -0.4015
vn 0.9056 0.2913 -0.3082
vn 0.9017 0.3244 -0.2859
vn 0.8534 0.2296 -0.4681
vn 0.8157 0.2156 -0.5369
vn 0.9548 0.2966 -0.0208
vn 0.9055 0.4209 0.054
vn 0.8788 0.39 -0.2749
vn 0.8231 0.0792 -0.5623
vn 0.7662 0.0201 -0.6422
vn 0.7602 0.3996 -0.5123
vn 0.7053 0.5113 -0.4911
vn 0.7248 0.3892 -0.5685
vn 0.8989 0.2711 -0.3443
vn 0.6369 0.3064 -0.7074
vn 0.709 0.3443 -0.6154
vn 0.8337 0.37 -0.41
vn 0.9261 0.3756 -0.0355
vn 0.7949 0.6057 0.0355
vn 0.8894 0.409 0.2041
vn 0.6523 0.7286 -0.2089
vn 0.4491 0.7954 0.4071
vn 0.6757 0.6647 0.3188
vn 0.6753 0.5561 -0.4844
vn 0.6746 0.6912 -0.2591
vn 0.6781 0.5976 -0.4278
vn 0.6065 0.7659 -0.2136
vn 0.7727 0.3995 -0.4934
vn 0.6109 0.7576 -0.2296
vn 0.4293 0.9023 -0.039
vn 0.6685 0.617 -0.4153
vn 0.3791 0.9021 0.2061
vn 0.4424 0.8878 -0.1266
vn 0.499 0.6593 0.5625
vn 0.712 0.6981 -0.0759
vn 0.9429 0.3175 -0.1007
vn 0.5064 0.8618 0.029
vn 0.6296 0.7718 -0.0889
vn 0.7931 0.5239 -0.3108
vn 0.4998 0.2475 -0.83
vn 0.3771 0.814 0.4418
vn 0.1504 0.5489 0.8222
vn 0.8052 0.5467 0.2297
vn 0.951 0.2468 0.1864
vn 0.9309 0.2039 -0.3031
vn 0.9898 0.0896 0.1104
vn 0.3606 0.9294 0.078
vn 0.4005 0.9111 0.0971
vn 0.1445 0.8077 0.5716
vn 0.722 -0.5208 -0.4554
vn 0.5042 -0.1073 -0.8569
vn 0.5148 0.0382 -0.8564
vn 0.4581 -0.159 -0.8746
vn 0.6051 -0.7404 0.2929
vn 0.8077 -0.4191 -0.4146
vn 0.7844 -0.3816 -0.489
vn 0.7024 -0.3025 -0.6443
vn 0.6472 -0.0346 -0.7616
vn 0.8902 -0.2072 -0.4057
vn 0.953 -0.2371 -0.1887
vn 0.7993 -0.2474 0.5477
vn 0.9603 -0.1461 -0.2378
vn 0.8485 -0.5123 0.133
vn 0.9788 -0.0377 -0.2015
vn 0.8403 -0.5421 0.008
vn 0.6227 -0.3437 -0.7029
vn 0.7118 -0.1142 -0.693
vn 0.6261 -0.3026 -0.7187
vn 0.7546 -0.1161 -0.6459
vn 0.5214 0.0953 -0.848
vn 0.3419 -0.1766 -0.923
vn 0.8896 0.2434 -0.3866
vn 0.5976 0.3785 -0.7068
vn 0.3105 0.4265 -0.8495
vn 0.2705 0.3112 -0.911
vn 0.1355 -0.0825 -0.9873
vn 0.8326 0.1389 -0.5362
vn 0.8944 0.2225 -0.3879
vn 0.8489 0.293 -0.44
vn 0.8487 0.3107 -0.4281
vn 0.6877 0.0051 -0.726
vn 0.5863 0.1483 -0.7964
vn 0.589 0.1635 -0.7914
vn 0.698 0.2564 -0.6686
vn 0.8167 0.1214 -0.5642
vn 0.5913 -0.1769 -0.7868
vn 0.8001 0.0276 -0.5992
vn 0.8102 -0.2763 -0.5171
vn 0.8239 -0.0942 -0.5589
vn 0.7711 -0.1277 -0.6237
vn 0.3519 -0.3208 -0.8793
vn 0.7223 0.1628 -0.6722
vn 0.9099 0.0669 -0.4094
vn 0.9006 0.006 -0.4347
vn 0.8885 -0.0678 -0.4539
vn 0.8345 0.0126 -0.5509
vn 0.7737 0.2063 -0.599
vn 0.8378 -0.1847 -0.5138
vn 0.7047 0.0705 -0.706
vn 0.8991 -0.1035 -0.4252
vn 0.7034 -0.3795 -0.6009
vn 0.7109 -0.0573 -0.7009
vn 0.7303 -0.4331 -0.5283
vn 0.9389 -0.3416 -0.0431
vn 0.9475 -0.1059 -0.3019
vn 0.6485 -0.4433 -0.6189
vn 0.698 -0.2328 -0.6772
vn 0.7957 -0.2196 -0.5644
vn 0.7641 -0.2785 -0.5819
vn 0.635 -0.3661 -0.6802
vn 0.9583 -0.2856 0.009
vn 0.9633 -0.2317 -0.1355
vn 0.7494 -0.5349 -0.3903
vn 0.998 -0.0346 -0.0521
vn 0.6655 0.2695 -0.6961
vn 0.704 -0.4987 -0.5056
vn 0.7883 -0.5777 -0.2117
vn 0.6795 -0.4964 -0.5403
vn 0.8721 -0.4214 -0.2486
vn 0.911 -0.2056 -0.3576
vn 0.8141 -0.5304 -0.2367
vn 0.9611 -0.2626 -0.085
vn 0.6967 -0.6214 -0.3585
vn 0.5985 -0.5054 -0.6216
vn 0.6972 -0.5736 -0.43
vn 0.7232 -0.6371 -0.2666
vn 0.6305 -0.4348 0.643
vn 0.5601 -0.6502 -0.5134
vn 0.8307 -0.5402 0.1348
vn 0.8633 -0.4953 -0.0974
vn 0.8286 -0.4091 -0.3822
vn 0.8784 -0.4717 -0.077
vn 1.0 0.009 0.0021
vn 0.8495 -0.3815 -0.3644
vn 0.7833 0.1016 -0.6132
vn 0.8452 -0.0563 -0.5315
vn 0.9323 -0.0412 -0.3592
vn 0.9133 0.1496 -0.3787
vn 0.8092 -0.3321 -0.4847
vn 0.9807 -0.0916 -0.1725
vn 0.7757 -0.3992 -0.4887
vn 0.8053 -0.3066 -0.5074
vn 0.8077 -0.0283 -0.5889
vn 0.8243 -0.1868 -0.5344
vn 0.5007 -0.8187 -0.2812
vn 0.826 0.0002 -0.5637
vn 0.8999 -0.012 -0.4359
vn 0.8499 0.2615 -0.4575
vn 0.9744 -0.0084 -0.2248
vn 0.8094 -0.1808 -0.5588
vn 0.4776 0.1878 -0.8582
vn 0.8078 -0.4638 -0.3637
vn 0.5686 0.0748 -0.8192
vn 0.7989 -0.4768 -0.3666
vn 0.6164 -0.741 0.2665
vn 0.8067 -0.4417 -0.3926
vn 0.7777 -0.6076 -0.1613
vn 0.3815 -0.8224 -0.4221
vn 0.287 -0.9045 -0.3155
vn 0.7037 -0.7104 -0.0136
vn 0.2046 -0.5675 -0.7975
vn 0.0315 -0.9103 -0.4128
vn 0.0326 -0.8875 -0.4597
vn 0.2033 -0.4726 -0.8575
vn 0.0133 -0.9999 -0.0027
vn -0.0278 -0.9996 0.0076
vn 0.3817 -0.7764 0.5014
vn 0.0298 -0.8499 0.5262
vn 0.2967 -0.9548 0.0169
vn 0.5229 -0.4189 0.7424
vn 0.7404 -0.548 0.3892
vn 0.8501 -0.3114 0.4246
vn 0.9134 -0.4006 0.0722
vn 0.5754 -0.5231 0.6288
vn 0.5672 -0.5839 0.5809
vn 0.7794 -0.6243 0.0527
vn 0.8949 -0.3199 0.3111
vn 0.6565 -0.2237 0.7204
vn 0.6403 -0.4916 -0.5902
vn 0.8451 -0.2582 -0.468
vn 0.9593 -0.2825 -0.0026
vn 0.1607 -0.5232 0.8369
vn 0.1371 -0.4851 0.8636
vn 0.2359 -0.5628 0.7922
vn 0.9846 0.175 0.0053
vn 0.9095 -0.4056 -0.0914
vn 0.9596 -0.2808 0.0152
vn 0.8556 -0.2609 -0.447
vn 0.8081 -0.5884 0.0278
vn 0.7585 -0.5451 -0.3571
vn 0.3669 -0.7928 -0.4866
vn 0.0942 -0.4999 0.8609
vn -0.0002 -0.8054 0.5928
vn 0.5788 -0.6349 0.5117
vn 0.5112 -0.6683 0.5405
vn 0.8751 -0.3863 0.2914
vn 0.8464 -0.213 0.488
vn 0.9014 -0.3527 0.2511
vn 0.5917 -0.8053 0.0366
vn 0.5808 -0.5723 0.5788
vn 0.8846 -0.3986 0.242
vn 0.0567 -0.5335 0.8439
vn 0.2473 -0.5378 0.806
vn 0.0045 -0.5592 0.829
vn 0.4673 -0.4494 0.7614
vn 0.3741 -0.6111 0.6975
vn 0.5785 -0.7963 -0.177
vn 0.3473 -0.5914 0.7278
vn 0.1785 -0.8201 -0.5437
vn 0.6625 -0.7445 -0.0818
vn 0.4715 -0.8771 0.0919
vn 0.9 -0.4061 -0.1586
vn 0.8508 -0.5135 0.1117
vn 0.8387 -0.4953 0.2263
vn 0.9122 -0.4096 0.0129
vn 0.7262 -0.6688 -0.1592
vn 0.3845 -0.9012 -0.2
vn 0.8943 -0.396 -0.2082
vn 0.8907 -0.3977 -0.2203
vn 0.8445 -0.4321 -0.3162
vn 0.6856 -0.6094 -0.3984
vn 0.4301 -0.7454 -0.5092
vn 0.6221 -0.4697 -0.6263
vn 0.4154 -0.8861 -0.2055
vn 0.799 -0.5441 -0.2561
vn 0.8205 -0.4376 -0.3678
vn 0.6987 -0.3542 0.6216
vn 0.7488 -0.4075 0.5228
vn 0.7706 -0.5394 -0.3394
vn 0.8256 -0.4885 -0.2823
vn 0.7177 -0.5071 -0.4773
vn 0.7522 -0.6331 -0.1831
vn 0.5174 -0.3425 -0.7842
vn 0.2505 -0.501 -0.8284
vn 0.5512 -0.5058 -0.6636
vn 0.2812 -0.591 -0.7561
vn 0.539 -0.6295 -0.5597
vn 0.4082 -0.1532 -0.8999
vn 0.6553 -0.2311 -0.7191
vn 0.4892 0.2302 -0.8412
vn 0.7077 0.1342 -0.6937
vn 0.4747 0.3026 -0.8265
vn 0.7092 0.1413 -0.6907
vn 0.895 -0.3269 -0.3035
vn 0.7615 -0.6464 -0.0467
vn 0.9418 0.1003 -0.321
vn 0.0763 -0.5008 -0.8622
vn 0.2168 -0.4676 -0.857
vn 0.4982 -0.5659 -0.657
vn 0.4561 -0.3497 -0.8183
vn 0.755 0.0635 -0.6526
vn 0.7646 0.1598 -0.6243
vn 0.6 0.1091 -0.7925
vn 0.6159 -0.1283 -0.7773
vn 0.6596 -0.5929 -0.4619
vn 0.8593 -0.1508 -0.4888
vn 0.6798 -0.2746 -0.6801
vn 0.5332 -0.7114 -0.4578
vn 0.5703 -0.8012 -0.1813
vn 0.9036 -0.2696 -0.3328
vn 0.8715 0.2691 -0.4099
vn 0.9424 0.1958 -0.2711
vn 0.7312 0.3763 -0.5689
vn 0.8406 -0.1103 -0.5303
vn 0.7422 -0.4224 -0.5203
vn 0.7863 0.179 -0.5914
vn 0.5121 -0.7614 -0.3976
vn 0.9181 -0.2296 -0.323
vn 0.9597 0.1935 -0.2037
vn 0.7006 -0.4133 -0.5817
vn 0.8533 -0.4401 -0.2797
vn 0.7447 -0.385 -0.5451
vn 0.6261 0.1616 -0.7628
vn 0.467 0.1682 -0.8681
vn 0.5414 0.1494 -0.8274
vn 0.8144 0.3022 -0.4954
vn 0.924 0.2691 -0.2718
vn 0.3054 0.314 -0.899
vn 0.3128 0.3472 -0.8841
vn 0.4282 0.4166 -0.8019
vn 0.4538 0.4329 -0.7789
vn 0.517 0.3193 -0.7942
vn 0.3111 0.1714 -0.9348
vn 0.5694 -0.2449 -0.7847
vn 0.9179 0.0339 -0.3954
vn 0.8855 0.4253 -0.1873
vn 0.9058 0.4224 -0.0316
vn 0.7672 0.5839 -0.2655
vn 0.851 0.519 0.0806
vn 0.5136 0.2297 -0.8267
vn 0.6803 0.2029 -0.7043
vn 0.8338 -0.0348 -0.5509
vn 0.5303 -0.2022 -0.8234
vn 0.3791 -0.6476 -0.661
vn 0.8733 -0.1097 -0.4746
vn 0.6105 -0.1774 -0.7719
vn 0.4108 -0.6083 -0.6792
vn 0.8355 -0.2612 -0.4834
vn 0.61 0.7891 -0.0726
vn 0.5188 -0.7414 -0.4256
vn 0.914 -0.1811 -0.363
vn 0.6437 0.3083 -0.7004
vn 0.7552 0.3583 -0.5489
vn 0.8247 0.1493 -0.5454
vn 0.8855 0.1938 -0.4224
vn 0.874 0.3724 -0.3122
vn 0.7267 0.6512 -0.2187
vn 0.9963 0.0694 0.0511
vn 0.733 0.6802 -0.0007
vn 0.9614 -0.0871 -0.261
vn 0.6536 -0.7565 -0.0225
vn 0.9323 0.0051 -0.3616
vn 0.7068 0.1657 -0.6878
vn 0.5252 0.1705 -0.8337
vn 0.6217 -0.6813 0.3864
vn 0.3751 -0.7491 0.5459
vn 0.6591 -0.66 -0.3606
vn 0.8129 -0.5535 -0.1812
vn 0.5707 -0.7989 -0.1897
vn 0.5316 -0.7495 -0.3945
vn 0.729 -0.6838 -0.0308
vn 0.4302 -0.7353 -0.5238
vn 0.8726 -0.4714 -0.128
vn 0.6983 -0.6217 0.3547
vn 0.7047 -0.3517 0.6162
vn 0.6103 -0.7638 0.21
vn 0.4895 -0.8366 -0.2461
vn 0.4651 -0.7501 -0.4701
vn 0.5272 -0.8399 -0.1289
vn 0.486 -0.8594 -0.1588
vn 0.1913 -0.6927 -0.6954
vn 0.498 -0.6967 -0.5163
vn 0.5412 -0.7453 -0.3894
vn 0.6504 -0.7352 -0.1908
vn 0.5993 -0.7983 -0.0596
vn 0.639 -0.7435 0.1972
vn 0.4366 -0.6436 -0.6286
vn 0.5529 -0.8314 0.0562
vn 0.334 -0.3238 0.8852
vn 0.5985 -0.7632 0.2436
vn 0.8226 -0.5388 0.1819
vn 0.4466 -0.7509 -0.4865
vn 0.7054 -0.6208 0.342
vn 0.6856 -0.5095 0.52
vn 0.9487 -0.3163 -0.0043
vn 0.819 -0.5573 0.1365
vn 0.4868 -0.5719 -0.6602
vn 0.6503 -0.5434 -0.5309
vn 0.7511 -0.5557 -0.3566
vn 0.9281 0.3695 -0.0455
vn 0.9619 0.2393 -0.1321
vn 0.8095 0.5819 -0.0783
vn 0.8121 0.5835 0.0017
vn 0.9213 0.2675 0.2823
vn 0.7619 0.5915 0.2638
vn 0.8757 0.2819 0.3921
vn 0.6774 0.5291 0.5111
vn 0.8854 0.4309 0.1746
vn 0.8487 0.5216 -0.0878
vn 0.906 0.4222 0.032
vn 0.9177 0.0346 0.3957
vn 0.5698 -0.2436 0.7849
vn 0.3115 0.1709 0.9347
vn 0.5188 0.3197 0.7929
vn 0.8537 -0.4391 0.2799
vn 0.7426 -0.385 0.548
vn 0.8322 0.3726 0.4106
vn 0.7022 -0.4129 0.5801
vn 0.7036 0.3462 0.6205
vn 0.5111 -0.7623 0.397
vn 0.5325 -0.7126 0.4567
vn 0.6805 -0.275 0.6792
vn 0.6371 0.3168 0.7027
vn 0.6793 0.4829 0.5525
vn 0.8706 0.2385 0.4304
vn 0.4672 0.1663 0.8683
vn 0.5421 0.1479 0.8272
vn 0.3082 0.3141 0.898
vn 0.8326 0.1384 0.5363
vn 0.5974 0.3794 0.7066
vn 0.8875 0.2426 0.3918
vn 0.8943 0.2211 0.3891
vn 0.9592 0.1957 0.2042
vn 0.7867 0.1807 0.5903
vn 0.8154 0.3007 0.4947
vn 0.4348 0.4131 0.8002
vn 0.3275 0.3462 0.8791
vn 0.4691 0.4224 0.7755
vn 0.3162 0.4282 0.8465
vn 0.6238 0.1645 0.7641
vn 0.9222 0.2738 0.2731
vn 0.9168 -0.2306 0.326
vn 0.7675 0.5834 0.2655
vn 0.8574 0.5146 0.0007
vn 0.8256 0.5642 0.0051
vn 0.8104 0.579 0.09
vn 0.7695 0.6387 0.0014
vn 0.9453 0.1623 0.2829
vn 0.9099 0.1565 0.3841
vn 0.906 0.2744 0.3223
vn 0.3509 0.894 0.2786
vn 0.6096 0.7927 -0.0097
vn 0.1429 0.9827 -0.1177
vn 0.5054 0.7225 0.4717
vn 0.3605 0.5139 0.7785
vn 0.5529 0.4655 0.6911
vn 0.6811 0.3172 0.6599
vn 0.6866 0.2801 0.6709
vn 0.2823 0.957 -0.0667
vn 0.4628 0.5559 0.6905
vn 0.6427 0.4713 0.604
vn 0.7497 0.1592 0.6423
vn 0.4328 -0.5446 0.7184
vn 0.3573 -0.492 0.7939
vn 0.8386 0.4457 0.3132
vn 0.9553 0.2696 0.121
vn 0.6198 0.5886 0.519
vn 0.2121 0.7952 0.5681
vn 0.6839 0.1806 0.7069
vn 0.6432 0.5971 0.4793
vn 0.7054 0.1494 0.6929
vn 0.3181 -0.7749 0.5462
vn 0.162 0.9862 -0.0339
vn 0.1051 0.9934 0.0463
vn 0.5946 0.7954 0.1176
vn 0.2189 0.9658 -0.139
vn 0.4196 0.3551 0.8354
vn 0.7928 0.1234 0.5969
vn 0.9634 0.1143 0.2424
vn 0.9637 0.2474 0.1001
vn 0.9253 0.1228 0.3588
vn 0.9337 -0.1075 0.3415
vn 0.8596 0.0065 0.5109
vn 0.7667 0.2706 0.5822
vn 0.9494 0.0218 0.3133
vn 0.9496 -0.1476 0.2767
vn 0.7652 0.5098 0.3933
vn 0.6402 0.7679 0.0222
vn 0.9411 0.0167 0.3376
vn 0.8081 0.2246 0.5445
vn 0.9631 -0.1587 0.2172
vn 0.929 -0.2433 0.2787
vn 0.7264 -0.0309 0.6866
vn 0.8039 0.0913 0.5878
vn 0.5773 -0.2359 0.7817
vn 0.4677 -0.63 0.62
vn 0.9518 0.1336 0.276
vn 0.9626 0.0877 0.2562
vn 0.8644 0.1815 0.4689
vn 0.8358 0.1747 0.5205
vn 0.9011 0.2329 0.3658
vn 0.7236 0.6305 0.2807
vn 0.7011 0.3989 0.591
vn 0.5388 0.2536 0.8034
vn 0.5097 0.1702 0.8434
vn 0.5615 0.0772 0.8239
vn 0.6339 -0.1358 0.7614
vn 0.8071 0.5176 -0.284
vn 0.8591 -0.0164 -0.5115
vn 0.8175 -0.505 -0.2768
vn 0.8426 -0.2477 -0.4782
vn 0.8908 -0.0966 -0.4439
vn 0.8206 -0.0695 -0.5673
vn 0.7159 0.0214 -0.6979
vn 0.8275 0.0797 -0.5558
vn 0.7169 0.1031 -0.6895
vn 0.8907 0.0537 -0.4513
vn 0.7813 0.0709 -0.6202
vn 0.7388 0.1256 -0.6621
vn 0.7041 -0.2 -0.6814
vn 0.7429 0.086 -0.6638
vn 0.643 0.139 -0.7531
vn 0.8169 0.0729 -0.5721
vn 0.4557 0.7664 -0.4527
vn 0.2882 0.0111 -0.9575
vn 0.3712 -0.7168 -0.5902
vn 0.1908 -0.4845 -0.8537
vn 0.8115 0.4874 -0.3225
vn 0.8773 0.4799 0.0083
vn 0.9522 0.2908 -0.0939
vn 0.8226 0.5588 0.105
vn 0.8833 0.4318 0.1825
vn 0.9337 0.2444 0.2617
vn 0.964 0.2655 -0.0153
vn 0.9501 0.1842 -0.2516
vn 0.9757 0.1243 -0.1804
vn 0.2016 -0.4509 -0.8695
vn 0.1447 -0.3541 -0.9239
vn 0.9009 0.253 -0.3526
vn 0.8111 0.236 -0.5352
vn 0.8467 -0.0919 -0.5241
vn -0.4474 -0.4325 -0.7828
vn 0.077 -0.1362 -0.9877
vn -0.6695 -0.2186 -0.7099
vn 0.0633 -0.128 -0.9898
vn -0.6781 0.305 -0.6687
vn 0.0697 0.3785 -0.923
vn 0.9293 -0.2074 0.3056
vn 0.9836 -0.1518 -0.0971
vn 0.9857 0.0042 -0.1685
vn 0.9429 -0.3113 -0.1187
vn 0.698 -0.6767 0.2342
vn 0.8651 -0.4032 -0.2984
vn 0.6277 -0.7735 -0.0881
vn 0.3284 0.7166 -0.6153
vn 0.424 0.8549 -0.2991
vn -0.3461 0.8252 -0.4465
vn 0.0069 0.9546 -0.2977
vn 0.4856 0.8647 -0.1285
vn 0.4974 0.7079 -0.5015
vn 0.7872 -0.1406 -0.6004
vn 0.7658 0.2499 -0.5926
vn 0.7567 0.065 -0.6506
vn 0.6723 0.3967 -0.625
vn 0.8801 -0.0388 -0.4732
vn 0.7814 -0.083 -0.6185
vn 0.8127 -0.24 -0.5309
vn 0.8856 -0.116 -0.4498
vn 0.8387 -0.3698 -0.3997
vn 0.5303 -0.8459 0.0568
vn 0.5175 0.6021 -0.608
vn 0.5747 0.2425 -0.7816
vn 0.4734 0.7448 -0.4703
vn 0.5104 0.856 -0.0827
vn 0.4499 0.8503 -0.2732
vn 0.4226 0.8512 -0.3113
vn 0.3226 0.9164 -0.2368
vn 0.6296 0.7378 -0.2432
vn 0.1576 0.6924 0.7041
vn 0.2995 0.8027 0.5157
vn 0.6705 0.7356 0.0971
vn 0.4821 0.5424 0.6881
vn 0.3771 0.8415 0.3869
vn 0.3523 0.9118 0.2111
vn 0.6988 0.6435 -0.3125
vn 0.7417 0.6707 0.0048
vn 0.7473 0.6643 0.0139
vn 0.7103 0.6472 -0.2767
vn 0.812 0.5832 0.0224
vn 0.7953 0.5475 -0.2602
vn 0.7166 0.6328 0.2933
vn 0.7902 0.5409 0.288
vn 0.7023 0.6377 0.3164
vn 0.5579 0.3549 0.7502
vn 0.6608 -0.1206 0.7408
vn 0.7315 -0.0621 0.679
vn 0.4374 0.1884 0.8793
vn 0.4978 0.3048 0.8119
vn 0.7031 0.141 0.697
vn 0.7142 0.1732 0.6781
vn 0.5026 0.2397 0.8307
vn 0.3929 -0.166 0.9045
vn 0.8839 0.076 0.4615
vn 0.9321 0.1388 0.3345
vn 0.1367 -0.1225 0.983
vn 0.2779 0.3133 0.9081
vn 0.7388 -0.3911 0.5488
vn 0.9319 0.0455 0.3597
vn 0.8704 -0.3904 0.3
vn 0.8948 -0.4463 0.005
vn 0.9943 0.1044 0.0221
vn 0.981 -0.1445 -0.1292
vn 0.927 -0.3751 -0.0058
vn 0.9379 0.0211 -0.3462
vn 0.8643 -0.405 -0.2982
vn 0.9785 -0.1513 0.1402
vn 0.9041 0.0864 -0.4184
vn 0.7545 -0.4018 -0.519
vn 0.8449 -0.2563 0.4694
vn 0.9699 0.028 0.2418
vn 0.6458 -0.4863 0.5886
vn 0.7001 -0.0922 -0.708
vn 0.7319 -0.1129 -0.672
vn 0.5523 0.3568 -0.7535
vn 0.4203 0.2032 -0.8843
vn 0.6282 -0.4219 0.6538
vn 0.6609 -0.3463 0.6658
vn 0.6943 -0.3437 0.6323
vn 0.7145 -0.6274 0.3096
vn 0.6327 0.0859 0.7696
vn 0.8506 -0.403 0.3378
vn 0.7044 -0.5462 0.4534
vn 0.4438 -0.7746 0.4506
vn 0.5698 -0.6588 0.4913
vn 0.5696 -0.7413 -0.3548
vn 0.5649 -0.8077 0.169
vn 0.6828 -0.7287 0.0523
vn 0.7996 -0.5576 0.223
vn 0.7029 -0.6169 0.354
vn 0.7173 -0.6513 0.2474
vn 0.6939 -0.7197 -0.0239
vn 0.8322 -0.5544 -0.0089
vn 0.8611 -0.3815 0.3362
vn 0.8967 -0.4095 0.1682
vn 0.8496 -0.4593 0.2593
vn 0.8676 -0.4142 0.2753
vn 0.6661 -0.2823 0.6903
vn 0.9205 -0.3514 0.1707
vn 0.7562 -0.1645 0.6333
vn 0.8015 -0.5778 0.1544
vn 0.7672 -0.5911 0.2491
vn 0.7351 -0.6308 0.2484
vn 0.2758 -0.1775 0.9447
vn 0.4813 -0.7901 0.3797
vn 0.8685 -0.4565 0.1932
vn 0.8751 -0.4507 0.1764
vn 0.8427 -0.2341 0.4848
vn 0.9737 0.0358 -0.2251
vn 0.6125 -0.7902 -0.02
vn 0.8105 -0.5441 -0.2171
vn 0.8581 -0.5102 -0.0573
vn 0.8388 -0.5436 0.0315
vn 0.7342 -0.1275 0.6668
vn 0.9178 -0.058 0.3927
vn 0.8591 0.1399 0.4923
vn 0.6417 -0.152 0.7517
vn 0.4446 -0.3375 0.8297
vn 0.5066 -0.8483 0.1539
vn 0.4348 -0.6319 0.6416
vn 0.8517 -0.4713 -0.2293
vn 0.4205 -0.7822 0.4598
vn 0.4186 -0.8877 0.1916
vn 0.0772 -0.3752 0.9237
vn 0.0747 -0.4502 0.8898
vn 0.973 -0.1546 -0.1713
vn 0.9012 -0.4135 -0.1301
vn 0.4064 -0.8586 -0.3125
vn 0.7701 -0.6143 -0.1721
vn 0.8636 -0.4923 0.1085
vn 0.8012 -0.3145 0.5091
vn 0.8082 -0.238 0.5387
vn 0.8899 -0.3555 0.2858
vn 0.8847 -0.2648 0.3837
vn 0.5267 -0.7976 -0.2939
vn 0.308 -0.4528 -0.8367
vn 0.8234 -0.5164 0.2352
vn 0.8597 0.0308 0.5099
vn 0.8967 -0.0082 0.4425
vn 0.8155 -0.305 0.4919
vn 0.7894 -0.4809 0.3816
vn 0.8669 0.0036 0.4985
vn 0.8742 -0.0098 0.4855
vn 0.7675 0.3004 0.5663
vn 0.7723 0.0883 0.629
vn 0.676 0.1326 0.7249
vn 0.7639 -0.1819 0.6191
vn 0.6921 -0.131 0.7098
vn 0.5211 -0.4334 0.7352
vn 0.2695 0.3288 0.9051
vn 0.8253 -0.023 0.5643
vn 0.8156 -0.0231 0.5781
vn 0.8655 -0.1625 0.4738
vn 0.8273 -0.399 0.3954
vn 0.6427 -0.2535 0.723
vn 0.6111 -0.1103 0.7838
vn 0.4518 -0.1761 0.8746
vn 0.5148 0.1001 0.8515
vn 0.7294 -0.1247 0.6726
vn 0.6476 -0.0324 0.7613
vn 0.4981 0.0093 0.8671
vn 0.8923 0.1591 0.4225
vn 0.5578 0.1685 0.8127
vn 0.8906 0.1283 0.4364
vn 0.9307 0.3316 0.1546
vn 0.9577 -0.1471 0.2475
vn 0.9214 0.0859 0.3791
vn 0.8041 -0.3413 0.4868
vn 0.8173 0.102 0.5671
vn 0.7921 -0.079 0.6053
vn 0.7364 0.0045 0.6766
vn 0.7516 -0.1 0.652
vn 0.7161 -0.1483 0.682
vn 0.6771 -0.0814 0.7314
vn 0.7242 -0.2011 0.6596
vn 0.771 -0.2424 0.589
vn 0.6363 -0.334 0.6953
vn 0.8095 -0.1657 0.5633
vn 0.818 0.3586 0.4497
vn 0.762 0.0737 0.6434
vn 0.8739 0.4573 0.1646
vn 0.8132 0.298 0.4999
vn 0.8934 0.3944 0.2153
vn 0.8399 -0.2713 0.47
vn 0.4365 0.0521 0.8982
vn 0.8267 0.5378 0.1654
vn 0.8665 -0.4322 0.2499
vn 0.6993 0.3308 0.6336
vn 0.8087 -0.2868 0.5135
vn 0.7904 -0.1677 0.5893
vn 0.9705 -0.0719 0.2301
vn 0.8332 0.02 0.5526
vn 0.8765 -0.0722 0.476
vn 0.8534 -0.036 0.52
vn 0.8572 0.2101 0.4702
vn 0.7733 -0.2013 0.6013
vn 0.8382 0.2186 0.4996
vn 0.6206 0.5861 0.521
vn 0.4055 -0.8192 0.4056
vn 0.7182 -0.4361 0.5422
vn 0.8738 -0.0632 0.4822
vn 0.7705 -0.313 0.5553
vn 0.917 -0.2764 0.2875
vn 0.9118 -0.1126 0.3949
vn 0.9258 -0.3208 0.1999
vn 0.8167 0.1665 0.5525
vn 0.86 0.5047 0.0752
vn 0.7147 -0.0292 0.6989
vn 0.6809 -0.0755 0.7285
vn 0.5578 0.1735 0.8116
vn 0.7348 0.4358 0.5198
vn 0.7651 0.6424 -0.0452
vn 0.9708 0.1581 0.1805
vn 0.662 0.1562 0.733
vn 0.8568 0.5107 -0.0714
vn 0.6444 -0.5257 0.5553
vn 0.8449 0.2878 0.4508
vn 0.8759 0.2519 0.4116
vn 0.8491 0.3092 0.4283
vn 0.9424 0.1955 0.2715
vn 0.7318 0.3781 0.567
vn 0.9041 -0.2689 0.332
vn 0.8422 -0.1111 0.5276
vn 0.7422 -0.4243 0.5188
vn 0.5694 -0.8023 0.179
vn 0.8669 -0.1662 0.47
vn 0.6623 -0.5959 0.4542
vn 0.4215 -0.5312 0.7349
vn 0.185 -0.0176 0.9826
vn 0.2329 -0.0522 0.9711
vn 0.8082 -0.5873 0.043
vn 0.5571 -0.7992 0.2259
vn 0.6246 -0.7048 0.3364
vn 0.4231 -0.7487 0.5104
vn 0.4006 -0.6808 0.6132
vn 0.6754 -0.4988 0.5432
vn 0.4071 -0.4249 0.8086
vn 0.2076 0.3931 0.8957
vn 0.8326 0.0266 0.5533
vn 0.5288 -0.4317 0.7308
vn 0.6706 -0.4858 0.5606
vn 0.4432 -0.5514 0.7067
vn 0.4411 -0.6007 0.6668
vn 0.3204 0.9457 -0.0555
vn 0.8081 0.3293 0.4884
vn 0.3145 0.9249 -0.2136
vn 0.8072 0.2293 0.5439
vn 0.736 0.0125 0.6769
vn 0.3702 -0.636 0.6771
vn 0.6116 0.7752 0.1581
vn 0.7092 0.5792 0.402
vn 0.6204 0.7021 0.3494
vn 0.9496 0.1372 0.2817
vn 0.8105 0.2252 0.5407
vn 0.7663 0.3732 0.5229
vn 0.9082 -0.0593 0.4144
vn 0.8244 -0.0027 0.566
vn 0.7882 -0.5663 0.2409
vn 0.9738 -0.0962 0.2058
vn 0.8221 -0.018 0.5691
vn 0.8412 -0.094 0.5324
vn 0.6438 -0.7527 0.1374
vn 0.7424 0.4035 0.5348
vn 0.9515 -0.114 -0.2856
vn 0.7466 -0.6121 0.2605
vn 0.8242 -0.5005 0.2648
vn 0.8077 -0.5215 0.275
vn 0.9472 -0.2844 0.148
vn 0.9014 -0.3459 0.2606
vn 0.9073 -0.2736 0.3192
vn 0.9263 -0.292 0.2381
vn 0.9256 -0.288 0.2457
vn 0.9364 -0.2958 0.1886
vn 0.8766 -0.039 0.4797
vn 0.8514 -0.2486 0.4619
vn 0.6365 0.3243 0.6998
vn 0.6451 0.3877 0.6585
vn 0.9005 -0.3534 0.2536
vn 0.6627 -0.7489 -0.0044
vn 0.7558 -0.5616 -0.3367
vn 0.9192 -0.1245 -0.3736
vn 0.9221 -0.304 0.2394
vn 0.4811 -0.7966 0.366
vn 0.9589 -0.2392 0.1524
vn 0.9821 -0.0778 0.1714
vn 0.9959 0.0657 0.0614
vn 0.8839 0.2862 -0.3699
vn 0.9451 0.3195 -0.0687
vn 0.7142 0.5832 -0.3871
vn 0.3572 -0.4792 0.8017
vn 0.131 -0.3027 0.944
vn -0.5543 0.1027 0.826
vn -0.489 -0.3113 0.8148
vn 0.0915 0.0765 0.9929
vn 0.2167 0.6073 0.7643
vn 0.3622 0.8509 0.3806
vn 0.443 0.5847 0.6796
vn -0.0071 0.4068 0.9135
vn 0.6819 -0.6026 0.4146
vn 0.6484 -0.1245 0.751
vn 0.7345 -0.6074 0.3025
vn 0.7842 0.0722 0.6163
vn 0.6523 -0.0645 0.7552
vn 0.8762 0.1631 0.4534
vn 0.2299 0.6867 0.6896
vn 0.2684 0.8235 0.4998
vn 0.8166 0.2294 0.5296
vn 0.8062 -0.0943 0.584
vn 0.7538 0.4487 0.4801
vn 0.9175 0.2787 0.2839
vn 0.7929 0.5844 0.1725
vn 0.6862 0.7227 -0.0822
vtan -0.4337 0.0203 -0.9008
vtan -0.4198 -0.0588 -0.9057
vtan -0.3139 -0.0202 -0.9492
vtan -0.1266 -0.1347 -0.9828
vtan -0.1069 0.1093 -0.9882
vtan -0.1525 0.074 -0.9855
vtan -0.205 0.0089 -0.9787
vtan -0.3535 -0.063 -0.9333
vtan -0.2869 -0.2802 -0.9161
vtan -0.3883 -0.1117 -0.9147
vtan -0.5232 -0.2124 -0.8253
vtan -0.4642 -0.2909 -0.8366
vtan -0.5081 -0.2016 -0.8374
vtan -0.7021 -0.2106 -0.6802
vtan -0.5316 -0.4006 -0.7463
vtan -0.6082 -0.3307 -0.7216
vtan -0.6265 -0.379 -0.6811
vtan -0.8002 -0.3349 -0.4976
vtan -0.511 -0.1965 -0.8368
vtan -0.2878 -0.2642 -0.9205
vtan -0.4202 -0.2634 -0.8684
vtan 0.0231 -0.2516 -0.9675
vtan -0.3534 -0.1791 -0.9182
vtan -0.4572 -0.2074 -0.8648
vtan -0.3251 -0.3445 -0.8807
vtan -0.5168 -0.2949 -0.8037
vtan -0.3231 -0.4989 -0.8042
vtan -0.0187 -0.577 -0.8165
vtan -0.0579 -0.2472 -0.9672
vtan -0.2156 -0.5905 -0.7777
vtan -0.1552 -0.6302 -0.7608
vtan 0.1725 -0.526 -0.8328
vtan -0.406 -0.5064 -0.7607
vtan -0.1994 -0.5584 -0.8053
vtan -0.5618 -0.3695 -0.7402
vtan -0.3266 -0.3557 -0.8756
vtan -0.4764 -0.2409 -0.8456
vtan -0.4773 -0.2395 -0.8454
vtan -0.5632 -0.2354 -0.7921
vtan -0.4776 -0.2244 -0.8494
vtan -0.4135 -0.243 -0.8775
vtan -0.1646 -0.2641 -0.9503
vtan -0.2757 -0.1647 -0.947
vtan -0.5246 -0.2428 -0.816
vtan -0.5355 -0.2699 -0.8002
vtan -0.5939 -0.0288 -0.804
vtan -0.5467 -0.1504 -0.8237
vtan -0.4337 -0.2444 -0.8673
vtan -0.6387 -0.2069 -0.7411
vtan -0.0865 -0.0722 -0.9936
vtan -0.4721 0.0269 -0.8812
vtan -0.4356 -0.14 -0.8892
vtan -0.3708 -0.1047 -0.9228
vtan -0.4003 -0.0498 -0.915
vtan -0.3201 -0.0073 -0.9474
vtan -0.3015 -0.0022 -0.9535
vtan -0.4555 -0.1086 -0.8836
vtan -0.5225 -0.124 -0.8436
vtan -0.0386 0.0542 -0.9978
vtan 0.0299 0.0637 -0.9975
vtan -0.2687 -0.0715 -0.9606
vtan -0.5616 -0.0335 -0.8267
vtan -0.6424 -0.0008 -0.7664
vtan -0.5538 -0.0138 -0.8325
vtan -0.5074 -0.1198 -0.8534
vtan -0.6139 -0.0097 -0.7894
vtan -0.337 -0.0745 -0.9386
vtan -0.7358 -0.0323 -0.6764
vtan -0.6272 -0.091 -0.7735
vtan -0.3545 -0.2106 -0.911
vtan -0.055 0.0415 -0.9976
vtan 0.0053 0.0516 -0.9987
vtan 0.1618 0.1359 -0.9774
vtan -0.2081 -0.0929 -0.9737
vtan 0.5342 0.1262 -0.8359
vtan 0.2872 0.161 -0.9442
vtan -0.4208 -0.2489 -0.8723
vtan -0.2749 -0.0905 -0.9572
vtan -0.4095 -0.176 -0.8952
vtan -0.244 -0.0764 -0.9668
vtan -0.4953 -0.1067 -0.8621
vtan -0.0429 -0.2579 -0.9652
vtan 0.0737 -0.0781 -0.9942
vtan -0.3203 -0.2651 -0.9095
vtan 0.2693 0.1055 -0.9573
vtan -0.0385 -0.1222 -0.9918
vtan 0.6792 0.1057 -0.7263
vtan -0.1189 0.0132 -0.9928
vtan -0.1024 -0.0114 -0.9947
vtan 0.1013 -0.026 -0.9945
vtan -0.0979 -0.0347 -0.9946
vtan -0.271 -0.1535 -0.9502
vtan -0.8402 -0.0944 -0.534
vtan 0.2391 0.3752 -0.8956
vtan 0.9794 0.0305 -0.1996
vtan 0.2415 0.0515 -0.969
vtan 0.1856 0.0267 -0.9823
vtan -0.2832 -0.1215 -0.9514
vtan 0.1105 0.0036 -0.9939
vtan 0.0757 0.0542 -0.9957
vtan -0.1776 0.1811 -0.9673
vtan 0.9264 0.0926 -0.3651
vtan -0.5595 -0.0524 -0.8272
vtan -0.8632 -0.0313 -0.504
vtan -0.8537 -0.0691 -0.5162
vtan 0.2799 -0.3821 0.8807
vtan 0.8335 -0.2562 0.4896
vtan 0.6965 -0.5471 0.4643
vtan 0.1688 -0.2402 -0.9559
vtan -0.504 -0.1263 -0.8544
vtan -0.5604 -0.0983 -0.8224
vtan -0.6791 -0.0138 -0.7339
vtan -0.7621 -0.0046 -0.6474
vtan -0.4419 -0.1764 -0.8795
vtan -0.2346 -0.1828 -0.9548
vtan 0.4535 -0.3497 -0.8198
vtan -0.2609 -0.1673 -0.9508
vtan -0.0106 -0.2676 -0.9635
vtan -0.1964 -0.4543 -0.8689
vtan -0.0768 -0.1336 -0.988
vtan -0.7161 0.1118 -0.689
vtan -0.6967 0.0101 -0.7173
vtan -0.7207 0.1273 -0.6815
vtan -0.6439 0.0591 -0.7629
vtan -0.8532 0.0718 -0.5166
vtan -0.9158 0.1575 -0.3694
vtan -0.4135 0.0692 -0.9079
vtan -0.7688 0.0205 -0.6391
vtan -0.9314 -0.0422 -0.3616
vtan -0.9579 -0.0076 -0.2871
vtan -0.9804 0.1326 -0.1457
vtan -0.5424 0.0084 -0.8401
vtan -0.4021 0.0209 -0.9153
vtan -0.4675 0.0278 -0.8835
vtan -0.4557 0.0184 -0.89
vtan -0.7258 0.027 -0.6873
vtan -0.7909 -0.1079 -0.6023
vtan -0.7935 -0.0686 -0.6047
vtan -0.6501 -0.1645 -0.7418
vtan -0.5347 -0.2089 -0.8188
vtan -0.7837 0.1039 -0.6123
vtan -0.5989 -0.0204 -0.8006
vtan -0.5482 -0.0446 -0.8351
vtan -0.5652 -0.0627 -0.8226
vtan -0.6293 -0.0045 -0.7771
vtan -0.8929 0.1668 -0.4182
vtan -0.6581 -0.1372 -0.7403
vtan -0.4067 -0.0511 -0.9122
vtan -0.4333 -0.0692 -0.8986
vtan -0.457 -0.0413 -0.8885
vtan -0.5488 -0.0715 -0.8329
vtan -0.5978 -0.0753 -0.7981
vtan -0.5307 -0.055 -0.8457
vtan -0.6996 -0.097 -0.7079
vtan -0.4374 -0.2442 -0.8655
vtan -0.666 -0.0566 -0.7438
vtan -0.703 -0.0819 -0.7064
vtan -0.6264 -0.116 -0.7708
vtan -0.1593 -0.3201 -0.9339
vtan -0.3195 -0.3575 -0.8775
vtan -0.6902 0.0006 -0.7236
vtan -0.6726 0.1113 -0.7316
vtan -0.5747 0.0203 -0.8181
vtan -0.6027 0.0136 -0.7979
vtan -0.7209 0.0354 -0.6921
vtan -0.0763 -0.2861 -0.9551
vtan -0.1635 -0.1063 -0.9808
vtan -0.5188 -0.108 -0.848
vtan -0.0614 -0.3856 -0.9206
vtan -0.6425 -0.2678 -0.7179
vtan -0.6041 -0.0461 -0.7956
vtan -0.3742 -0.177 -0.9103
vtan -0.6268 -0.0098 -0.7791
vtan -0.3008 -0.0611 -0.9517
vtan -0.3671 -0.0086 -0.9301
vtan -0.3411 -0.1068 -0.9339
vtan -0.1148 -0.1004 -0.9883
vtan -0.5539 -0.1484 -0.8192
vtan -0.728 -0.0194 -0.6853
vtan -0.6095 -0.1585 -0.7768
vtan -0.5539 -0.3046 -0.7749
vtan 0.3179 -0.6111 -0.7249
vtan -0.7652 -0.1684 -0.6214
vtan -0.1169 -0.4059 -0.9064
vtan -0.2946 -0.3378 -0.8939
vtan -0.4941 -0.2132 -0.8429
vtan -0.2064 -0.2291 -0.9513
vtan 0.0044 -0.2661 -0.9639
vtan -0.4085 -0.0385 -0.9119
vtan -0.6164 -0.0006 -0.7874
vtan -0.5337 -0.0356 -0.8449
vtan -0.36 -0.0147 -0.9328
vtan -0.3773 -0.0389 -0.9253
vtan -0.5173 -0.0114 -0.8557
vtan -0.1779 -0.0546 -0.9825
vtan -0.5509 -0.0506 -0.833
vtan -0.5505 -0.0691 -0.8319
vtan -0.5884 -0.1023 -0.8021
vtan -0.5613 -0.1465 -0.8146
vtan -0.5633 -0.0615 -0.824
vtan -0.5613 -0.0914 -0.8225
vtan -0.4354 -0.0808 -0.8966
vtan -0.4479 -0.099 -0.8886
vtan -0.2247 -0.0803 -0.9711
vtan -0.5785 -0.0815 -0.8116
vtan -0.8731 -0.0074 -0.4875
vtan -0.494 -0.1962 -0.847
vtan -0.8069 -0.1432 -0.5731
vtan -0.5398 -0.2997 -0.7866
vtan 0.0325 -0.3143 -0.9488
vtan -0.5053 -0.171 -0.8458
vtan -0.3561 -0.2143 -0.9095
vtan -0.5929 0.1327 -0.7943
vtan -0.4812 0.1487 -0.8639
vtan -0.2622 -0.2418 -0.9342
vtan -0.725 0.4596 -0.513
vtan -0.4059 0.3657 -0.8376
vtan -0.4111 0.4073 -0.8155
vtan -0.6763 0.5655 -0.472
vtan 0.0492 0.0033 -0.9988
vtan 0.0457 -0.0088 -0.9989
vtan 0.4857 -0.2931 -0.8235
vtan 0.5328 -0.4319 -0.7277
vtan 0.0596 0.0009 -0.9982
vtan 0.6452 -0.3747 -0.6658
vtan 0.3137 -0.2304 -0.9211
vtan 0.3682 -0.2249 -0.9021
vtan 0.0684 -0.0238 -0.9974
vtan 0.5597 -0.3087 -0.769
vtan 0.6086 -0.1781 -0.7732
vtan 0.0622 -0.0065 -0.998
vtan 0.3347 0.0203 -0.9421
vtan 0.7156 -0.1172 -0.6886
vtan -0.5279 0.2765 -0.803
vtan -0.3887 0.3041 -0.8697
vtan -0.0328 -0.1023 -0.9942
vtan 0.7994 -0.4283 -0.4213
vtan 0.7419 -0.5275 -0.414
vtan 0.8491 -0.2772 -0.4497
vtan -0.01 0.0865 -0.9962
vtan -0.0621 0.0848 -0.9945
vtan 0.0489 0.1131 -0.9924
vtan -0.3412 0.3651 -0.8662
vtan 0.0697 0.0486 -0.9964
vtan -0.2101 0.314 -0.9259
vtan -0.3555 0.3639 -0.861
vtan 0.7837 -0.4961 -0.3738
vtan 0.5979 -0.4752 -0.6455
vtan 0.549 -0.1606 -0.8202
vtan 0.5363 -0.2434 -0.8082
vtan 0.3246 0.0221 -0.9456
vtan 0.4692 -0.1352 -0.8727
vtan 0.301 0.0938 -0.949
vtan 0.1456 0.0621 -0.9874
vtan 0.621 -0.1482 -0.7697
vtan 0.3213 0.145 -0.9358
vtan 0.828 -0.4472 -0.3384
vtan 0.8405 -0.2948 -0.4546
vtan 0.9037 -0.3527 -0.2428
vtan 0.7968 -0.1591 -0.5829
vtan 0.5909 -0.4226 -0.6872
vtan -0.081 0.1598 -0.9838
vtan 0.6638 -0.3932 -0.6362
vtan -0.598 0.3483 -0.7218
vtan -0.1441 -0.0195 -0.9894
vtan -0.1427 -0.1787 -0.9735
vtan -0.1962 -0.0524 -0.9792
vtan -0.078 -0.3336 -0.9395
vtan 0.0545 -0.3372 -0.9399
vtan -0.0668 -0.1797 -0.9815
vtan -0.3808 -0.1986 -0.9031
vtan -0.4704 -0.0049 -0.8824
vtan -0.2415 -0.0354 -0.9698
vtan -0.1864 0.1227 -0.9748
vtan -0.2933 0.1207 -0.9484
vtan -0.4028 0.1383 -0.9048
vtan -0.5472 0.2334 -0.8038
vtan -0.5614 0.29 -0.7751
vtan -0.2715 0.0949 -0.9578
vtan -0.2538 0.0809 -0.9639
vtan -0.2947 0.2276 -0.9281
vtan 0.5538 -0.2822 -0.7833
vtan 0.4856 -0.1996 -0.8511
vtan -0.2962 0.1684 -0.9402
vtan -0.2469 0.1372 -0.9593
vtan -0.4463 0.1912 -0.8742
vtan -0.1895 0.0583 -0.9802
vtan -0.6286 0.4698 -0.6198
vtan -0.7828 0.3987 -0.4778
vtan -0.5839 0.3344 -0.7398
vtan -0.8303 0.2452 -0.5005
vtan -0.5875 0.1953 -0.7853
vtan -0.8908 0.1488 -0.4294
vtan -0.7066 0.1489 -0.6918
vtan -0.8679 0.0331 -0.4957
vtan -0.6989 -0.0112 -0.7151
vtan -0.8537 -0.0702 -0.516
vtan -0.6749 -0.1474 -0.7231
vtan -0.2483 0.2002 -0.9478
vtan -0.0194 0.0492 -0.9986
vtan -0.3164 -0.0595 -0.9468
vtan -0.9358 0.2625 -0.2353
vtan -0.8676 0.3102 -0.3887
vtan -0.7398 0.1178 -0.6624
vtan -0.8469 0.1119 -0.5199
vtan -0.6435 -0.1196 -0.756
vtan -0.6215 -0.0732 -0.78
vtan -0.7913 -0.065 -0.608
vtan -0.7844 -0.0085 -0.6202
vtan -0.5947 -0.0358 -0.8032
vtan -0.4978 -0.0268 -0.8669
vtan -0.7004 0.0321 -0.7131
vtan -0.6521 -0.0008 -0.7582
vtan -0.4643 -0.1323 -0.8757
vtan -0.3651 -0.0788 -0.9276
vtan -0.4263 0.0027 -0.9046
vtan -0.2795 0.0158 -0.96
vtan -0.6041 -0.03 -0.7963
vtan -0.5375 -0.0497 -0.8418
vtan -0.5935 -0.0536 -0.8031
vtan -0.5973 -0.0247 -0.8016
vtan -0.6227 -0.0102 -0.7824
vtan -0.3559 -0.1193 -0.9269
vtan -0.2208 0.0712 -0.9727
vtan -0.6496 -0.0323 -0.7596
vtan -0.3926 -0.1891 -0.9001
vtan -0.6149 -0.0782 -0.7847
vtan -0.717 -0.2652 -0.6447
vtan -0.8788 -0.0205 -0.4768
vtan -0.8347 -0.0228 -0.5503
vtan -0.4983 -0.0734 -0.8639
vtan -0.25 -0.113 -0.9616
vtan -0.9292 -0.1082 -0.3535
vtan -0.9004 -0.1878 -0.3924
vtan -0.8124 -0.2112 -0.5435
vtan -0.7708 -0.2479 -0.5869
vtan -0.8049 -0.1343 -0.578
vtan -0.9461 -0.0375 -0.3217
vtan -0.8121 -0.0195 -0.5831
vtan -0.3811 -0.2024 -0.9021
vtan -0.1732 -0.0718 -0.9823
vtan -0.0778 0.0926 -0.9927
vtan -0.3491 0.0329 -0.9365
vtan 0.0512 0.0707 -0.9962
vtan -0.8399 -0.0623 -0.5391
vtan -0.7102 -0.0547 -0.7019
vtan -0.552 -0.0415 -0.8328
vtan -0.8302 0.0735 -0.5527
vtan -0.8128 0.1083 -0.5723
vtan -0.4738 0.0351 -0.8799
vtan -0.7859 -0.015 -0.6181
vtan -0.8101 0.0983 -0.578
vtan -0.4839 0.0669 -0.8725
vtan -0.1837 0.0517 -0.9816
vtan -0.564 0.0773 -0.8221
vtan -0.3763 -0.0444 -0.9254
vtan -0.7074 -0.1095 -0.6983
vtan -0.5388 -0.1377 -0.8311
vtan -0.5504 -0.0098 -0.8349
vtan -0.4194 -0.0581 -0.9059
vtan -0.2855 -0.1262 -0.95
vtan -0.2104 -0.092 -0.9733
vtan 0.0651 -0.2179 -0.9738
vtan 0.0481 -0.0528 -0.9974
vtan -0.2691 -0.0996 -0.958
vtan -0.2953 -0.2275 -0.9279
vtan -0.3607 -0.058 -0.9309
vtan -0.6903 -0.0514 -0.7217
vtan -0.8398 -0.0544 -0.5401
vtan 0.0664 -0.4457 -0.8927
vtan 0.0575 -0.569 -0.8203
vtan -0.5716 -0.1279 -0.8105
vtan -0.2797 -0.0981 -0.9551
vtan -0.3612 -0.0368 -0.9318
vtan -0.6819 -0.1023 -0.7243
vtan -0.0209 0.0227 -0.9995
vtan -0.6504 0.1499 -0.7446
vtan -0.1696 -0.0468 -0.9844
vtan 0.3102 -0.1837 -0.9328
vtan 0.6313 -0.0857 -0.7708
vtan 0.2393 -0.075 -0.9681
vtan -0.2662 0.1254 -0.9557
vtan -0.6058 0.1176 -0.7869
vtan -0.1061 0.0854 -0.9907
vtan -0.3953 -0.0541 -0.917
vtan -0.9528 0.039 -0.301
vtan -0.6345 0.1131 -0.7646
vtan -0.6377 -0.0619 -0.7678
vtan -0.207 0.0701 -0.9758
vtan 0.043 0.1065 -0.9934
vtan 0.1113 -0.1644 -0.9801
vtan -0.8151 0.0128 -0.5792
vtan -0.0617 -0.1082 -0.9922
vtan 0.9033 -0.1582 -0.3987
vtan 0.2662 -0.0973 -0.959
vtan 0.1758 -0.0633 -0.9824
vtan -0.5555 0.1935 -0.8087
vtan 0.2537 -0.2294 -0.9397
vtan 0.4889 -0.2071 -0.8474
vtan -0.0974 -0.2791 -0.9553
vtan 0.0008 -0.2368 -0.9715
vtan -0.7925 0.0287 -0.6092
vtan -0.6578 -0.0531 -0.7513
vtan -0.4791 -0.0871 -0.8734
vtan -0.0476 -0.0034 -0.9989
vtan -0.118 -0.0723 -0.9904
vtan -0.0493 -0.0654 -0.9966
vtan -0.0002 0.0033 -1.0
vtan 0.2726 0.0735 -0.9593
vtan 0.2531 0.1031 -0.9619
vtan 0.3825 0.0905 -0.9195
vtan 0.5152 0.1547 -0.843
vtan 0.1409 0.1091 -0.984
vtan -0.0741 -0.0471 -0.9961
vtan 0.0631 -0.06 -0.9962
vtan 0.3805 0.2089 -0.9009
vtan 0.8067 -0.0162 -0.5907
vtan 0.9479 0.0128 -0.3183
vtan 0.8057 0.1274 -0.5785
vtan 0.3786 0.1546 -0.9126
vtan 0.6118 0.0572 -0.7889
vtan 0.3719 0.1743 -0.9118
vtan 0.6408 0.0112 -0.7676
vtan 0.6342 0.0879 -0.7681
vtan 0.62 0.0071 -0.7846
vtan 0.673 0.0292 -0.7391
vtan 0.7099 0.0176 -0.7041
vtan 0.7225 0.0719 -0.6876
vtan 0.5898 0.0886 -0.8027
vtan 0.4278 0.0652 -0.9015
vtan 0.8838 -0.0609 -0.4639
vtan 0.8351 0.015 -0.5499
vtan 0.9278 0.1093 -0.3566
vtan 0.5428 -0.0113 -0.8398
vtan 0.7706 -0.0276 -0.6367
vtan 0.4106 -0.0305 -0.9113
vtan 0.3935 0.0255 -0.919
vtan 0.2243 -0.0863 -0.9707
vtan 0.588 0.0715 -0.8057
vtan 0.4983 0.0703 -0.8641
vtan 0.8368 0.1432 -0.5285
vtan 0.9066 0.1468 -0.3956
vtan 0.8144 0.1327 -0.5649
vtan 0.9272 0.0492 -0.3712
vtan 0.716 0.2718 -0.6431
vtan 0.2414 0.1441 -0.9597
vtan 0.3604 0.1264 -0.9242
vtan 0.3255 0.0021 -0.9456
vtan 0.0046 -0.0062 -1.0
vtan 0.0135 -0.0108 -0.9998
vtan 0.0596 0.0714 -0.9957
vtan -0.0104 0.0148 -0.9998
vtan 0.2783 0.0505 -0.9592
vtan 0.3754 0.0832 -0.9231
vtan 0.3117 0.0826 -0.9466
vtan -0.1703 0.3535 -0.9198
vtan -0.3987 0.296 -0.868
vtan -0.8084 0.0473 -0.5867
vtan 0.1376 0.4721 -0.8707
vtan 0.4458 0.6382 -0.6277
vtan 0.6066 0.3437 -0.7169
vtan 0.5423 0.3871 -0.7457
vtan 0.6011 0.3004 -0.7406
vtan -0.2888 0.0185 -0.9572
vtan 0.5401 0.4408 -0.717
vtan 0.4951 0.3461 -0.7969
vtan 0.6189 0.1749 -0.7657
vtan 0.8951 0.1651 -0.4141
vtan 0.9282 0.0925 -0.3604
vtan 0.2658 0.167 -0.9494
vtan 0.1145 0.04 -0.9926
vtan 0.2855 0.4469 -0.8478
vtan 0.9246 0.0249 -0.3801
vtan 0.7154 0.0245 -0.6983
vtan 0.4193 0.2491 -0.873
vtan 0.6625 0.2089 -0.7194
vtan 0.9381 0.174 -0.2996
vtan -0.1571 -0.0081 -0.9875
vtan 0.0604 0.0401 -0.9974
vtan -0.0354 0.1721 -0.9844
vtan -0.2693 -0.0771 -0.96
vtan 0.7791 0.3313 -0.5322
vtan 0.5798 0.1491 -0.801
vtan 0.2337 0.0843 -0.9687
vtan 0.0825 0.0807 -0.9933
vtan 0.3548 0.0537 -0.9334
vtan 0.3455 0.0204 -0.9382
vtan 0.5107 -0.0426 -0.8587
vtan 0.5984 0.0273 -0.8007
vtan 0.3141 -0.0796 -0.9461
vtan 0.2665 -0.0856 -0.96
vtan 0.4113 0.0829 -0.9077
vtan 0.1699 -0.1134 -0.9789
vtan 0.3378 -0.0081 -0.9412
vtan 0.5416 0.0801 -0.8368
vtan 0.2235 0.0229 -0.9744
vtan 0.2732 -0.0566 -0.9603
vtan 0.6861 -0.0253 -0.727
vtan 0.5887 0.0196 -0.8081
vtan 0.7918 -0.0721 -0.6065
vtan 0.6757 -0.1974 -0.7103
vtan 0.2723 0.0457 -0.9611
vtan 0.2463 0.1101 -0.9629
vtan 0.4415 0.1721 -0.8806
vtan 0.5106 0.1008 -0.8539
vtan 0.3397 0.1453 -0.9293
vtan 0.0548 0.353 -0.934
vtan 0.6279 0.0473 -0.7768
vtan 0.8198 0.0617 -0.5693
vtan 0.8522 0.0347 -0.522
vtan 0.8231 0.05 -0.5656
vtan 0.7713 0.0369 -0.6355
vtan -0.2859 -0.0781 -0.9551
vtan -0.5107 -0.0939 -0.8546
vtan -0.3692 -0.0908 -0.9249
vtan -0.5058 -0.0592 -0.8606
vtan -0.4512 -0.0744 -0.8893
vtan -0.5702 -0.0325 -0.8208
vtan -0.6979 -0.0078 -0.7162
vtan -0.5583 0.0122 -0.8296
vtan -0.6938 0.0079 -0.7202
vtan -0.4519 -0.0019 -0.8921
vtan -0.6235 0.0406 -0.7808
vtan -0.6729 0.0833 -0.735
vtan -0.6686 0.1369 -0.7309
vtan -0.6674 0.0189 -0.7445
vtan -0.7658 0.1086 -0.6338
vtan -0.5765 0.1331 -0.8062
vtan -0.7958 0.123 -0.5929
vtan -0.9368 0.2105 -0.2795
vtan -0.8008 0.0745 -0.5942
vtan -0.9649 0.0674 -0.2539
vtan -0.3074 -0.1133 -0.9448
vtan 0.0205 -0.0202 -0.9996
vtan -0.0879 -0.0335 -0.9956
vtan 0.1271 -0.0007 -0.9919
vtan 0.2051 -0.0057 -0.9787
vtan 0.2763 -0.027 -0.9607
vtan 0.0024 -0.0661 -0.9978
vtan -0.2303 -0.1297 -0.9644
vtan -0.174 -0.0606 -0.9829
vtan -0.9699 0.0321 -0.2414
vtan -0.9856 0.031 -0.1663
vtan -0.3406 -0.0913 -0.9358
vtan -0.5337 -0.0758 -0.8422
vtan -0.5304 -0.0682 -0.845
vtan -0.8924 0.274 0.3586
vtan -0.9766 0.1892 -0.1022
vtan -0.7428 0.1854 0.6434
vtan -0.9975 0.023 -0.0668
vtan -0.7344 -0.2448 0.633
vtan -0.9964 -0.0175 -0.0825
vtan 0.2919 -0.0941 -0.9518
vtan -0.1062 -0.0526 -0.993
vtan -0.1659 0.2 -0.9657
vtan -0.0874 0.1128 -0.9898
vtan 0.2307 -0.0971 -0.9682
vtan -0.2924 0.0781 -0.9531
vtan -0.2107 -0.0599 -0.9757
vtan -0.9045 0.051 -0.4234
vtan -0.6736 0.0769 -0.7351
vtan -0.9303 -0.3636 0.0491
vtan -0.8848 -0.1329 -0.4466
vtan -0.3766 0.0743 -0.9234
vtan -0.6129 -0.1224 -0.7806
vtan -0.6166 -0.1936 -0.7631
vtan -0.5355 -0.2626 -0.8027
vtan -0.6231 -0.2299 -0.7476
vtan -0.56 -0.2797 -0.7799
vtan -0.4742 -0.1236 -0.8717
vtan -0.6147 -0.2737 -0.7398
vtan -0.5826 -0.3265 -0.7443
vtan -0.4611 -0.336 -0.8213
vtan -0.5367 -0.4373 -0.7216
vtan -0.5646 -0.4023 -0.7207
vtan -0.7213 -0.0754 -0.6885
vtan -0.7674 -0.1723 -0.6176
vtan -0.6126 -0.1053 -0.7834
vtan 0.1916 -0.207 -0.9594
vtan -0.0642 -0.2743 -0.9595
vtan -0.0051 -0.3413 -0.94
vtan -0.2297 -0.1669 -0.9588
vtan -0.1007 -0.2329 -0.9673
vtan 0.8314 0.2918 -0.473
vtan 0.5564 0.2921 -0.7778
vtan 0.0922 0.0473 -0.9946
vtan 0.5207 0.4543 -0.7229
vtan 0.632 0.0716 -0.7717
vtan 0.3487 0.0815 -0.9337
vtan -0.4209 0.0165 -0.907
vtan -0.0412 0.0528 -0.9978
vtan -0.0748 0.1049 -0.9917
vtan -0.3684 0.0068 -0.9297
vtan -0.0587 0.1198 -0.9911
vtan -0.2936 -0.0275 -0.9555
vtan 0.3211 0.074 -0.9442
vtan 0.264 0.1236 -0.9566
vtan 0.3872 0.0308 -0.9215
vtan 0.7667 0.1256 -0.6296
vtan 0.7502 0.1361 -0.6471
vtan 0.6763 0.1921 -0.7111
vtan 0.8847 0.0849 -0.4583
vtan 0.8411 0.0585 -0.5377
vtan 0.6992 0.0409 -0.7137
vtan 0.6927 -0.0358 -0.7204
vtan 0.8617 -0.0608 -0.5038
vtan 0.8905 -0.1767 -0.4193
vtan 0.4474 0.1501 -0.8816
vtan 0.3135 0.1532 -0.9372
vtan 0.9724 -0.1726 -0.1567
vtan 0.9589 -0.0337 -0.2818
vtan 0.632 0.1197 -0.7656
vtan 0.3503 0.1434 -0.9256
vtan 0.3634 0.0983 -0.9264
vtan 0.074 0.1372 -0.9878
vtan 0.0099 0.1156 -0.9932
vtan -0.1034 0.1737 -0.9794
vtan -0.0765 -0.174 -0.9818
vtan -0.3466 0.014 -0.9379
vtan -0.2761 0.1136 -0.9544
vtan 0.1119 -0.1816 -0.977
vtan -0.4059 -0.1318 -0.9043
vtan -0.5918 -0.0746 -0.8026
vtan 0.3853 -0.3171 -0.8666
vtan 0.2433 -0.1411 -0.9596
vtan 0.4943 -0.3212 -0.8078
vtan -0.7077 -0.2215 -0.6709
vtan -0.6806 -0.1712 -0.7124
vtan -0.7341 -0.2202 -0.6423
vtan -0.8719 -0.1794 -0.4556
vtan 0.6073 -0.2594 -0.7509
vtan 0.6169 -0.2547 -0.7447
vtan 0.6126 -0.1791 -0.7699
vtan 0.155 -0.2896 -0.9445
vtan 0.762 -0.246 -0.599
vtan 0.324 -0.1043 -0.9403
vtan 0.2659 -0.3892 -0.882
vtan 0.1876 -0.4113 -0.892
vtan 0.4604 -0.2394 -0.8548
vtan -0.1955 0.2972 -0.9346
vtan 0.2516 -0.0265 -0.9675
vtan 0.2089 0.1262 -0.9698
vtan 0.3104 0.0658 -0.9483
vtan 0.466 0.0233 -0.8845
vtan 0.3117 -0.0176 -0.95
vtan 0.0009 0.0341 -0.9994
vtan -0.0139 -0.0048 -0.9999
vtan 0.3275 -0.0899 -0.9406
vtan 0.2105 0.0601 -0.9757
vtan 0.3192 0.0563 -0.946
vtan 0.3619 0.146 -0.9207
vtan 0.7207 0.0054 -0.6932
vtan 0.1996 0.0474 -0.9787
vtan 0.6147 -0.153 -0.7737
vtan 0.2049 0.0228 -0.9785
vtan 0.3476 0.0567 -0.9359
vtan 0.2501 -0.0882 -0.9642
vtan 0.9559 -0.0523 -0.289
vtan 0.3189 -0.2456 -0.9154
vtan 0.3951 0.4022 -0.8259
vtan 0.1784 -0.0386 -0.9832
vtan 0.4547 -0.1727 -0.8737
vtan -0.2279 0.149 -0.9622
vtan 0.2767 0.2381 -0.931
vtan 0.0818 0.472 -0.8778
vtan 0.1603 0.3723 -0.9142
vtan 0.1873 0.2337 -0.9541
vtan 0.6734 0.0117 -0.7392
vtan 0.3901 -0.0508 -0.9194
vtan 0.4974 -0.0018 -0.8675
vtan 0.7669 0.1225 -0.6299
vtan 0.8878 0.0433 -0.4582
vtan 0.2577 -0.0213 -0.966
vtan 0.8711 0.1145 -0.4776
vtan 0.0251 0.4737 -0.8803
vtan 0.1273 -0.4509 -0.8835
vtan -0.2165 -0.3024 -0.9283
vtan 0.9958 -0.0172 -0.0902
vtan 0.9967 0.0046 -0.0813
vtan -0.071 0.5055 -0.8599
vtan 0.0175 0.3346 -0.9422
vtan 0.06 0.3663 -0.9286
vtan 0.2154 0.5043 -0.8362
vtan 0.3172 0.3634 -0.876
vtan 0.5983 0.4373 -0.6714
vtan 0.5889 0.3167 -0.7436
vtan 0.3591 0.1596 -0.9196
vtan 0.4195 0.0931 -0.903
vtan 0.0927 0.3976 -0.9129
vtan -0.6739 0.517 -0.5279
vtan 0.4925 0.4445 -0.7482
vtan 0.5108 -0.0583 -0.8577
vtan 0.4426 0.0078 -0.8967
vtan 0.5121 -0.0159 -0.8588
vtan 0.4495 0.0293 -0.8928
vtan 0.4985 0.0109 -0.8668
vtan 0.4843 0.0897 -0.8703
vtan 0.5517 0.1403 -0.8222
vtan 0.6285 0.0367 -0.7769
vtan 0.6986 0.1978 -0.6876
vtan 0.6435 0.2862 -0.7099
vtan 0.7161 0.2483 -0.6523
vtan 0.8356 0.0838 -0.5429
vtan 0.9578 0.0058 -0.2873
vtan 0.5533 0.2329 -0.7998
vtan 0.5772 0.1 -0.8104
vtan 0.4957 0.1423 -0.8568
vtan 0.4539 0.0603 -0.889
vtan 0.7523 0.0303 -0.6581
vtan 0.7915 0.0798 -0.6059
vtan 0.8771 -0.0915 -0.4715
vtan 0.8571 -0.0825 -0.5085
vtan 0.6777 -0.0019 -0.7353
vtan 0.762 0.0337 -0.6467
vtan 0.8657 0.051 -0.4979
vtan 0.4224 0.036 -0.9057
vtan 0.8133 0.0841 -0.5757
vtan 0.4295 0.0791 -0.8996
vtan 0.1633 0.0015 -0.9866
vtan 0.2487 -0.0103 -0.9685
vtan 0.3848 -0.064 -0.9208
vtan 0.5001 -0.0544 -0.8643
vtan 0.5743 -0.0651 -0.816
vtan 0.6036 -0.0466 -0.7959
vtan 0.6765 -0.0195 -0.7362
vtan 0.6561 0.0115 -0.7546
vtan 0.6853 -0.0363 -0.7274
vtan 0.7321 -0.0262 -0.6807
vtan 0.6659 -0.0447 -0.7447
vtan 0.6028 -0.0208 -0.7976
vtan 0.731 -0.0267 -0.6818
vtan 0.5677 -0.0241 -0.8229
vtan 0.4975 -0.0488 -0.8661
vtan 0.6455 -0.0072 -0.7637
vtan 0.234 -0.099 -0.9672
vtan 0.5361 -0.0495 -0.8427
vtan 0.2612 -0.0661 -0.963
vtan 0.4418 -0.1612 -0.8825
vtan 0.881 -0.2274 -0.4149
vtan 0.1849 0.0179 -0.9826
vtan 0.3179 0.0916 -0.9437
vtan 0.6765 -0.02 -0.7362
vtan 0.5481 0.0506 -0.8349
vtan 0.6013 0.0277 -0.7986
vtan 0.231 0.0042 -0.973
vtan 0.548 0.1032 -0.8301
vtan 0.4756 -0.0244 -0.8793
vtan 0.5201 -0.0057 -0.8541
vtan 0.4632 0.0846 -0.8822
vtan 0.6123 -0.0091 -0.7905
vtan 0.5012 0.052 -0.8637
vtan 0.5937 0.0829 -0.8004
vtan 0.6385 -0.0636 -0.767
vtan 0.5931 -0.0238 -0.8048
vtan 0.4852 0.0456 -0.8732
vtan 0.5507 -0.1118 -0.8272
vtan 0.3061 0.0257 -0.9516
vtan 0.4072 0.1238 -0.9049
vtan 0.2416 0.0956 -0.9656
vtan 0.5366 0.1326 -0.8333
vtan -0.0047 0.1552 -0.9879
vtan 0.6993 0.0528 -0.7129
vtan 0.7324 0.073 -0.6769
vtan 0.816 0.0637 -0.5745
vtan 0.5184 0.1333 -0.8447
vtan -0.1371 0.0939 -0.9861
vtan 0.1619 0.1236 -0.979
vtan 0.7336 0.0657 -0.6765
vtan -0.1728 0.1539 -0.9728
vtan 0.6351 -0.0364 -0.7716
vtan 0.4587 0.0436 -0.8875
vtan 0.4079 0.0692 -0.9104
vtan 0.4281 0.0723 -0.9008
vtan 0.2559 0.1013 -0.9614
vtan 0.5799 0.0916 -0.8095
vtan 0.3744 0.1244 -0.9189
vtan 0.5374 0.0933 -0.8382
vtan 0.6027 0.0841 -0.7935
vtan 0.4959 0.1616 -0.8532
vtan 0.489 0.1 -0.8665
vtan 0.6069 0.0712 -0.7916
vtan 0.8512 -0.0475 -0.5226
vtan 0.9786 0.0945 -0.1826
vtan 0.9718 0.0504 -0.2304
vtan 0.2654 0.2981 -0.9169
vtan 0.5084 0.1131 -0.8537
vtan 0.4712 -0.0034 -0.882
vtan 0.708 -0.0784 -0.7018
vtan 0.8627 0.0548 -0.5027
vtan 0.5989 -0.059 -0.7987
vtan 0.8999 0.0346 -0.4348
vtan 0.975 -0.0088 -0.2221
vtan 0.5484 0.1009 -0.8301
vtan 0.8241 0.055 -0.5638
vtan 0.673 0.0807 -0.7352
vtan 0.8683 0.0684 -0.4912
vtan 0.8425 0.0211 -0.5383
vtan -0.4204 0.0895 -0.9029
vtan 0.4011 0.2996 -0.8656
vtan -0.5852 0.0118 -0.8108
vtan 0.4523 0.3518 -0.8196
vtan 0.6641 0.1806 -0.7255
vtan 0.8882 0.0288 -0.4586
vtan -0.0543 0.2405 -0.9691
vtan 0.3191 0.2447 -0.9156
vtan 0.2798 0.2181 -0.935
vtan 0.2545 0.1867 -0.9489
vtan 0.4903 0.2442 -0.8367
vtan 0.3132 0.4936 -0.8113
vtan 0.4021 0.3985 -0.8243
vtan 0.5492 0.2454 -0.7989
vtan 0.488 0.3365 -0.8054
vtan 0.2269 0.4582 -0.8594
vtan 0.5627 0.178 -0.8073
vtan 0.5371 0.259 -0.8028
vtan 0.4983 0.2762 -0.8218
vtan 0.5011 0.1954 -0.843
vtan -0.2972 -0.1025 -0.9493
vtan 0.2151 -0.1485 -0.9652
vtan 0.2873 -0.0334 -0.9573
vtan 0.3333 0.0191 -0.9426
vtan 0.1601 0.0196 -0.9869
vtan 0.3067 0.0849 -0.948
vtan 0.3528 0.0828 -0.932
vtan 0.2898 0.1481 -0.9456
vtan 0.293 0.1338 -0.9467
vtan 0.1917 -0.019 -0.9813
vtan 0.4806 0.1213 -0.8685
vtan 0.5043 0.1456 -0.8512
vtan 0.7219 0.0687 -0.6885
vtan 0.6805 0.1004 -0.7258
vtan 0.2846 0.038 -0.9579
vtan 0.1088 0.1021 -0.9888
vtan -0.2155 0.2723 -0.9378
vtan -0.3389 0.2331 -0.9115
vtan 0.2274 -0.0751 -0.9709
vtan 0.4724 -0.1161 -0.8737
vtan 0.1764 0.0823 -0.9809
vtan 0.1851 0.234 -0.9545
vtan 0.0342 0.3547 -0.9343
vtan -0.4192 0.1339 -0.898
vtan -0.1465 0.2262 -0.963
vtan -0.5131 0.0601 -0.8562
vtan 0.9299 0.1016 -0.3536
vtan 0.9592 0.2794 -0.0435
vtan 0.7912 0.3732 0.4845
vtan 0.8645 -0.0482 0.5004
vtan 0.903 0.4139 -0.1151
vtan 0.7923 0.348 -0.5011
vtan 0.5602 0.1276 -0.8184
vtan 0.6118 0.3568 -0.7059
vtan 0.828 0.5146 -0.2227
vtan 0.6534 0.2469 -0.7156
vtan 0.7474 0.2917 -0.5969
vtan 0.5438 0.2603 -0.7978
vtan 0.5803 0.2665 -0.7696
vtan 0.7454 0.2353 -0.6237
vtan 0.4166 0.2164 -0.8829
vtan 0.7862 0.2866 -0.5475
vtan 0.7568 0.1407 -0.6383
vtan 0.5433 0.004 -0.8395
vtan 0.5916 0.1293 -0.7958
vtan 0.4992 0.0843 -0.8624
vtan 0.2582 0.1258 -0.9579
vtan 0.2055 0.01 -0.9786
vtan -0.0618 -0.0547 -0.9966
f 0/0/0/0 1/1/1/1 2/2/2/2 
f 0/0/0/0 2/2/2/2 3/3/3/3 
f 4/4/4/4 5/5/5/5 2/2/2/2 
f 4/4/4/4 2/2/2/2 1/1/1/1 
f 6/6/6/6 5/5/5/5 4/4/4/4 
f 6/6/6/6 7/7/7/7 5/5/5/5 
f 8/8/8/8 7/7/7/7 9/9/9/9 
f 8/8/8/8 9/9/9/9 10/10/10/10 
f 10/10/10/10 11/11/11/11 12/12/12/12 
f 11/11/11/11 13/13/13/13 12/12/12/12 
f 11/11/11/11 14/14/14/14 13/13/13/13 
f 14/14/14/14 15/15/15/15 16/16/16/16 
f 16/16/16/16 15/15/15/15 17/17/17/17 
f 15/15/15/15 10/10/10/10 18/18/18/18 
f 15/15/15/15 18/18/18/18 17/17/17/17 
f 14/14/14/14 10/10/10/10 15/15/15/15 
f 14/14/14/14 11/11/11/11 10/10/10/10 
f 19/19/19/19 12/12/12/12 20/20/20/20 
f 19/19/19/19 20/20/20/20 21/21/21/21 
f 3/3/3/3 8/8/8/8 19/19/19/19 
f 3/3/3/3 19/19/19/19 21/21/21/21 
f 8/8/8/8 3/3/3/3 7/7/7/7 
f 2/2/2/2 5/5/5/5 7/7/7/7 
f 2/2/2/2 7/7/7/7 3/3/3/3 
f 10/10/10/10 12/12/12/12 19/19/19/19 
f 10/10/10/10 19/19/19/19 8/8/8/8 
f 22/22/22/22 18/18/18/18 10/10/10/10 
f 22/22/22/22 10/10/10/10 23/23/23/23 
f 24/24/24/24 22/22/22/22 25/25/25/25 
f 26/26/26/26 27/27/27/27 28/28/28/28 
f 26/26/26/26 28/28/28/28 24/24/24/24 
f 26/26/26/26 29/29/29/29 27/27/27/27 
f 29/29/29/29 30/30/30/30 27/27/27/27 
f 30/30/30/30 31/31/31/31 27/27/27/27 
f 29/29/29/29 32/32/32/32 33/33/33/33 
f 34/34/34/34 32/32/32/32 26/26/26/26 
f 26/26/26/26 32/32/32/32 29/29/29/29 
f 32/32/32/32 35/35/35/35 33/33/33/33 
f 34/34/34/34 35/35/35/35 32/32/32/32 
f 25/25/25/25 34/34/34/34 26/26/26/26 
f 25/25/25/25 26/26/26/26 24/24/24/24 
f 34/34/34/34 25/25/25/25 35/35/35/35 
f 35/35/35/35 25/25/25/25 36/36/36/36 
f 36/36/36/36 37/37/37/37 35/35/35/35 
f 36/36/36/36 38/38/38/38 37/37/37/37 
f 36/36/36/36 39/39/39/39 38/38/38/38 
f 25/25/25/25 39/39/39/39 36/36/36/36 
f 39/39/39/39 25/25/25/25 40/40/40/40 
f 41/41/41/41 42/42/42/42 43/43/43/43 
f 41/41/41/41 43/43/43/43 40/40/40/40 
f 44/44/44/44 45/45/45/45 41/41/41/41 
f 44/44/44/44 41/41/41/41 40/40/40/40 
f 40/40/40/40 25/25/25/25 46/46/46/46 
f 40/40/40/40 46/46/46/46 44/44/44/44 
f 39/39/39/39 40/40/40/40 47/47/47/47 
f 40/40/40/40 43/43/43/43 48/48/48/48 
f 40/40/40/40 48/48/48/48 47/47/47/47 
f 25/25/25/25 22/22/22/22 46/46/46/46 
f 28/28/28/28 27/27/27/27 31/31/31/31 
f 18/18/18/18 22/22/22/22 24/24/24/24 
f 18/18/18/18 24/24/24/24 28/28/28/28 
f 22/22/22/22 49/49/49/49 50/50/50/50 
f 22/22/22/22 50/50/50/50 46/46/46/46 
f 23/23/23/23 51/51/51/51 49/49/49/49 
f 23/23/23/23 49/49/49/49 22/22/22/22 
f 52/52/52/52 53/53/53/53 51/51/51/51 
f 52/52/52/52 51/51/51/51 23/23/23/23 
f 54/54/54/54 53/53/53/53 52/52/52/52 
f 54/54/54/54 52/52/52/52 9/9/9/9 
f 9/9/9/9 7/7/7/7 55/55/55/55 
f 9/9/9/9 55/55/55/55 54/54/54/54 
f 23/23/23/23 10/10/10/10 9/9/9/9 
f 23/23/23/23 9/9/9/9 52/52/52/52 
f 53/53/53/53 56/56/56/56 57/57/57/57 
f 53/53/53/53 57/57/57/57 51/51/51/51 
f 56/56/56/56 53/53/53/53 58/58/58/58 
f 56/56/56/56 58/58/58/58 59/59/59/59 
f 53/53/53/53 54/54/54/54 58/58/58/58 
f 49/49/49/49 60/60/60/60 61/61/61/61 
f 49/49/49/49 61/61/61/61 50/50/50/50 
f 46/46/46/46 50/50/50/50 45/45/45/45 
f 46/46/46/46 45/45/45/45 44/44/44/44 
f 50/50/50/50 61/61/61/61 62/62/62/62 
f 50/50/50/50 62/62/62/62 45/45/45/45 
f 63/63/63/63 62/62/62/62 61/61/61/61 
f 63/63/63/63 61/61/61/61 60/60/60/60 
f 63/63/63/63 60/60/60/60 64/64/64/64 
f 65/65/65/65 66/66/66/66 62/62/62/62 
f 65/65/65/65 62/62/62/62 63/63/63/63 
f 67/67/67/67 65/65/65/65 63/63/63/63 
f 67/67/67/67 63/63/63/63 68/68/68/68 
f 68/68/68/68 63/63/63/63 64/64/64/64 
f 68/68/68/68 64/64/64/64 69/69/69/69 
f 51/51/51/51 57/57/57/57 60/60/60/60 
f 51/51/51/51 60/60/60/60 49/49/49/49 
f 6/6/6/6 70/70/70/70 55/55/55/55 
f 6/6/6/6 55/55/55/55 7/7/7/7 
f 71/71/71/71 72/72/72/72 70/70/70/70 
f 71/71/71/71 70/70/70/70 6/6/6/6 
f 71/71/71/71 73/73/73/73 74/74/74/74 
f 71/71/71/71 74/74/74/74 75/75/75/75 
f 6/6/6/6 76/76/76/76 73/73/73/73 
f 6/6/6/6 73/73/73/73 71/71/71/71 
f 77/77/77/77 78/78/78/78 76/76/76/76 
f 77/77/77/77 76/76/76/76 79/79/79/79 
f 6/6/6/6 79/79/79/79 76/76/76/76 
f 77/77/77/77 79/79/79/79 4/4/4/4 
f 77/77/77/77 4/4/4/4 1/1/1/1 
f 80/80/80/80 78/78/78/78 77/77/77/77 
f 1/1/1/1 80/80/80/80 77/77/77/77 
f 4/4/4/4 79/79/79/79 6/6/6/6 
f 81/81/81/81 73/73/73/73 76/76/76/76 
f 81/81/81/81 76/76/76/76 78/78/78/78 
f 82/82/82/82 73/73/73/73 81/81/81/81 
f 81/81/81/81 83/83/83/83 82/82/82/82 
f 73/73/73/73 82/82/82/82 84/84/84/84 
f 73/73/73/73 84/84/84/84 74/74/74/74 
f 84/84/84/84 82/82/82/82 85/85/85/85 
f 78/78/78/78 83/83/83/83 81/81/81/81 
f 72/72/72/72 75/75/75/75 86/86/86/86 
f 72/72/72/72 86/86/86/86 87/87/87/87 
f 72/72/72/72 87/87/87/87 88/88/88/88 
f 87/87/87/87 89/89/89/89 90/90/90/90 
f 87/87/87/87 90/90/90/90 91/91/91/91 
f 89/89/89/89 92/92/92/92 90/90/90/90 
f 93/93/93/93 94/94/94/94 89/89/89/89 
f 93/93/93/93 89/89/89/89 86/86/86/86 
f 87/87/87/87 86/86/86/86 89/89/89/89 
f 90/90/90/90 95/95/95/95 96/96/96/96 
f 90/90/90/90 96/96/96/96 91/91/91/91 
f 88/88/88/88 87/87/87/87 91/91/91/91 
f 88/88/88/88 91/91/91/91 97/97/97/97 
f 96/96/96/96 98/98/98/98 97/97/97/97 
f 96/96/96/96 97/97/97/97 91/91/91/91 
f 72/72/72/72 71/71/71/71 75/75/75/75 
f 58/58/58/58 70/70/70/70 72/72/72/72 
f 58/58/58/58 72/72/72/72 88/88/88/88 
f 75/75/75/75 99/99/99/99 93/93/93/93 
f 75/75/75/75 93/93/93/93 86/86/86/86 
f 99/99/99/99 75/75/75/75 74/74/74/74 
f 99/99/99/99 100/100/100/100 93/93/93/93 
f 100/100/100/100 94/94/94/94 93/93/93/93 
f 84/84/84/84 101/101/101/101 99/99/99/99 
f 84/84/84/84 99/99/99/99 74/74/74/74 
f 101/101/101/101 84/84/84/84 85/85/85/85 
f 58/58/58/58 55/55/55/55 70/70/70/70 
f 102/102/102/102 103/103/103/103 104/104/104/104 
f 102/102/102/105 104/104/104/106 105/105/105/107 
f 102/102/102/102 106/106/106/108 107/107/107/109 
f 102/102/102/102 107/107/107/109 108/108/108/110 
f 108/108/108/110 109/109/109/111 110/110/110/112 
f 108/108/108/110 110/110/110/112 111/111/111/113 
f 112/112/112/114 102/102/102/102 108/108/108/110 
f 112/112/112/114 108/108/108/110 111/111/111/113 
f 112/112/112/114 113/113/113/115 114/114/114/116 
f 115/115/115/117 113/113/113/115 116/116/116/118 
f 117/117/117/119 118/118/118/120 115/115/115/117 
f 118/118/118/120 117/117/117/119 119/119/119/121 
f 118/118/118/120 119/119/119/121 120/120/120/122 
f 120/120/120/122 121/121/121/123 122/122/122/124 
f 120/120/120/122 122/122/122/124 123/123/123/125 
f 122/122/122/124 121/121/121/123 124/124/124/126 
f 122/122/122/124 124/124/124/126 125/125/125/127 
f 122/122/122/124 125/125/125/127 126/126/126/128 
f 122/122/122/124 126/126/126/128 127/127/127/129 
f 122/122/122/124 127/127/127/129 128/128/128/130 
f 122/122/122/124 128/128/128/130 123/123/123/125 
f 129/129/129/131 125/125/125/127 124/124/124/126 
f 129/129/129/131 124/124/124/126 130/130/130/132 
f 131/131/131/133 132/132/132/134 130/130/130/132 
f 131/131/131/133 130/130/130/132 124/124/124/126 
f 124/124/124/126 121/121/121/123 133/133/133/135 
f 124/124/124/126 133/133/133/135 131/131/131/133 
f 119/119/119/121 133/133/133/135 121/121/121/123 
f 119/119/119/121 121/121/121/123 120/120/120/122 
f 134/134/134/136 135/135/135/137 133/133/133/135 
f 134/134/134/136 133/133/133/135 119/119/119/121 
f 136/136/136/138 134/134/134/136 119/119/119/121 
f 136/136/136/138 119/119/119/121 137/137/137/139 
f 137/137/137/139 119/119/119/121 117/117/117/119 
f 120/120/120/122 123/123/123/125 138/138/138/140 
f 120/120/120/122 138/138/138/140 118/118/118/120 
f 114/114/114/116 118/118/118/120 138/138/138/140 
f 114/114/114/116 138/138/138/140 139/139/139/141 
f 140/140/140/142 141/141/141/143 139/139/139/141 
f 140/140/140/142 139/139/139/141 142/142/142/144 
f 143/143/143/145 142/142/142/144 139/139/139/141 
f 143/143/143/145 139/139/139/141 138/138/138/140 
f 112/112/112/114 114/114/114/116 139/139/139/141 
f 112/112/112/114 139/139/139/141 141/141/141/143 
f 118/118/118/120 114/114/114/116 115/115/115/117 
f 116/116/116/118 137/137/137/139 117/117/117/119 
f 137/137/137/139 116/116/116/118 144/144/144/146 
f 137/137/137/139 144/144/144/146 136/136/136/138 
f 145/145/145/147 146/146/146/148 136/136/136/138 
f 145/145/145/147 136/136/136/138 144/144/144/146 
f 145/145/145/147 147/147/147/149 146/146/146/148 
f 148/148/148/150 149/149/149/151 147/147/147/149 
f 148/148/148/150 147/147/147/149 145/145/145/147 
f 145/145/145/147 150/150/150/152 148/148/148/150 
f 151/151/151/153 150/150/150/152 145/145/145/147 
f 151/151/151/153 145/145/145/147 144/144/144/146 
f 152/152/152/154 151/151/151/153 144/144/144/146 
f 152/152/152/154 144/144/144/146 116/116/116/118 
f 111/111/111/113 152/152/152/154 113/113/113/115 
f 111/111/111/113 113/113/113/115 112/112/112/114 
f 113/113/113/115 152/152/152/154 116/116/116/118 
f 111/111/111/113 110/110/110/112 151/151/151/153 
f 111/111/111/113 151/151/151/153 152/152/152/154 
f 116/116/116/118 117/117/117/119 115/115/115/117 
f 115/115/115/117 114/114/114/116 113/113/113/115 
f 103/103/103/103 102/102/102/102 112/112/112/114 
f 103/103/103/103 112/112/112/114 141/141/141/143 
f 103/103/103/103 153/153/153/155 104/104/104/104 
f 154/154/154/156 104/104/104/104 153/153/153/155 
f 155/155/155/157 156/156/156/158 157/157/157/159 
f 155/155/155/157 157/157/157/159 154/154/154/156 
f 154/154/154/156 158/158/158/160 155/155/155/157 
f 158/158/158/160 159/159/159/161 155/155/155/157 
f 158/158/158/160 160/160/160/162 159/159/159/161 
f 161/161/161/163 160/160/160/162 158/158/158/160 
f 161/161/161/163 158/158/158/160 162/162/162/164 
f 161/161/161/163 163/163/163/165 164/164/164/166 
f 161/161/161/163 162/162/162/164 165/165/165/167 
f 161/161/161/163 165/165/165/167 163/163/163/165 
f 160/160/160/162 161/161/161/163 164/164/164/166 
f 158/158/158/160 153/153/153/155 162/162/162/164 
f 154/154/154/156 153/153/153/155 158/158/158/160 
f 156/156/156/158 166/166/166/168 157/157/157/159 
f 166/166/166/168 167/167/167/169 157/157/157/159 
f 154/154/154/156 157/157/157/159 167/167/167/169 
f 154/154/154/156 167/167/167/169 104/104/104/104 
f 162/162/162/164 153/153/153/155 165/165/165/167 
f 168/168/168/170 169/169/169/171 165/165/165/167 
f 168/168/168/170 165/165/165/167 153/153/153/155 
f 170/170/170/172 169/169/169/171 168/168/168/170 
f 171/171/171/173 172/172/172/174 170/170/170/172 
f 173/173/173/175 174/174/174/176 171/171/171/173 
f 175/175/175/177 176/176/176/178 173/173/173/175 
f 175/175/175/177 173/173/173/175 170/170/170/172 
f 173/173/173/175 171/171/171/173 170/170/170/172 
f 174/174/174/176 172/172/172/174 171/171/171/173 
f 177/177/177/179 175/175/175/177 170/170/170/172 
f 177/177/177/179 170/170/170/172 168/168/168/170 
f 178/178/178/180 179/179/179/181 175/175/175/177 
f 178/178/178/180 175/175/175/177 177/177/177/179 
f 178/178/178/180 180/180/180/182 179/179/179/181 
f 181/181/181/183 180/180/180/182 178/178/178/180 
f 181/181/181/183 178/178/178/180 182/182/182/184 
f 177/177/177/179 183/183/183/185 182/182/182/184 
f 177/177/177/179 182/182/182/184 178/178/178/180 
f 168/168/168/170 140/140/140/142 183/183/183/185 
f 168/168/168/170 183/183/183/185 177/177/177/179 
f 170/170/170/172 172/172/172/174 184/184/184/186 
f 170/170/170/172 184/184/184/186 169/169/169/171 
f 165/165/165/167 169/169/169/171 184/184/184/186 
f 165/165/165/167 184/184/184/186 163/163/163/165 
f 163/163/163/165 184/184/184/186 185/185/185/187 
f 184/184/184/186 172/172/172/174 185/185/185/187 
f 140/140/140/142 168/168/168/170 153/153/153/155 
f 140/140/140/142 153/153/153/155 141/141/141/143 
f 103/103/103/103 141/141/141/143 153/153/153/155 
f 109/109/109/111 186/186/186/188 110/110/110/112 
f 187/187/187/189 110/110/110/112 186/186/186/188 
f 187/187/187/189 186/186/186/188 188/188/188/190 
f 189/189/189/191 190/190/190/192 191/191/191/193 
f 189/189/189/191 191/191/191/193 187/187/187/189 
f 189/189/189/191 187/187/187/189 188/188/188/190 
f 188/188/188/190 192/192/192/194 189/189/189/191 
f 192/192/192/194 190/190/190/192 189/189/189/191 
f 188/188/188/190 186/186/186/188 193/193/193/195 
f 109/109/109/111 193/193/193/195 186/186/186/188 
f 150/150/150/152 191/191/191/193 194/194/194/196 
f 150/150/150/152 194/194/194/196 195/195/195/197 
f 195/195/195/197 194/194/194/196 196/196/196/198 
f 197/197/197/199 196/196/196/198 194/194/194/196 
f 191/191/191/193 197/197/197/199 194/194/194/196 
f 148/148/148/150 150/150/150/152 195/195/195/197 
f 148/148/148/150 195/195/195/197 198/198/198/200 
f 148/148/148/150 198/198/198/200 199/199/199/201 
f 200/200/200/202 199/199/199/201 201/201/201/203 
f 148/148/148/150 199/199/199/201 200/200/200/202 
f 148/148/148/150 200/200/200/202 149/149/149/151 
f 202/202/202/204 199/199/199/201 198/198/198/200 
f 198/198/198/200 195/195/195/197 202/202/202/204 
f 191/191/191/193 110/110/110/112 187/187/187/189 
f 110/110/110/112 191/191/191/193 150/150/150/152 
f 110/110/110/112 150/150/150/152 151/151/151/153 
f 109/109/109/111 108/108/108/110 107/107/107/109 
f 109/109/109/111 107/107/107/109 203/203/203/205 
f 204/204/204/206 205/205/205/207 203/203/203/205 
f 204/204/204/206 203/203/203/205 107/107/107/109 
f 205/205/205/207 204/204/204/206 206/206/206/208 
f 204/204/204/206 207/207/207/209 206/206/206/208 
f 106/106/106/108 207/207/207/209 204/204/204/206 
f 106/106/106/108 204/204/204/206 107/107/107/109 
f 58/58/58/58 54/54/54/54 55/55/55/55 
f 208/208/208/210 183/183/183/185 140/140/140/142 
f 208/208/208/210 140/140/140/142 142/142/142/144 
f 183/183/183/185 208/208/208/210 209/209/209/211 
f 183/183/183/185 209/209/209/211 182/182/182/184 
f 210/210/210/212 211/211/211/213 212/212/212/214 
f 210/210/210/212 212/212/212/214 209/209/209/211 
f 213/213/213/215 214/214/214/216 211/211/211/213 
f 213/213/213/215 211/211/211/213 210/210/210/212 
f 215/215/215/217 214/214/214/216 213/213/213/215 
f 215/215/215/217 213/213/213/215 216/216/216/218 
f 217/217/217/219 214/214/214/216 215/215/215/217 
f 217/217/217/219 215/215/215/217 218/218/218/220 
f 219/219/219/221 220/220/220/222 218/218/218/220 
f 219/219/219/221 218/218/218/220 221/221/221/223 
f 222/222/222/224 219/219/219/221 223/223/223/225 
f 222/222/222/224 223/223/223/225 224/224/224/226 
f 224/224/224/226 225/225/225/227 226/226/226/228 
f 224/224/224/226 226/226/226/228 222/222/222/224 
f 227/227/227/229 226/226/226/228 225/225/225/227 
f 227/227/227/229 225/225/225/227 228/228/228/230 
f 229/229/229/231 230/230/230/232 227/227/227/229 
f 229/229/229/231 227/227/227/229 228/228/228/230 
f 231/231/231/233 232/232/232/234 229/229/229/231 
f 231/231/231/233 229/229/229/231 228/228/228/230 
f 225/225/225/227 233/233/233/235 231/231/231/233 
f 225/225/225/227 231/231/231/233 228/228/228/230 
f 234/234/234/236 235/235/235/237 222/222/222/224 
f 234/234/234/236 222/222/222/224 226/226/226/228 
f 226/226/226/228 227/227/227/229 236/236/236/238 
f 226/226/226/228 236/236/236/238 234/234/234/236 
f 233/233/233/235 225/225/225/227 237/237/237/239 
f 233/233/233/235 237/237/237/239 238/238/238/240 
f 238/238/238/240 237/237/237/239 239/239/239/241 
f 238/238/238/240 239/239/239/241 240/240/240/242 
f 225/225/225/227 224/224/224/226 239/239/239/241 
f 225/225/225/227 239/239/239/241 237/237/237/239 
f 224/224/224/226 223/223/223/225 241/241/241/243 
f 224/224/224/226 241/241/241/243 239/239/239/241 
f 223/223/223/225 219/219/219/221 221/221/221/223 
f 223/223/223/225 221/221/221/223 241/241/241/243 
f 242/242/242/244 241/241/241/243 221/221/221/223 
f 242/242/242/244 221/221/221/223 243/243/243/245 
f 241/241/241/243 242/242/242/244 240/240/240/242 
f 241/241/241/243 240/240/240/242 239/239/239/241 
f 219/219/219/221 222/222/222/224 235/235/235/237 
f 219/219/219/221 235/235/235/237 220/220/220/222 
f 235/235/235/237 244/244/244/246 245/245/245/247 
f 235/235/235/237 245/245/245/247 220/220/220/222 
f 244/244/244/246 246/246/246/248 247/247/247/249 
f 248/248/248/250 246/246/246/248 249/249/249/251 
f 248/248/248/250 249/249/249/251 250/250/250/252 
f 251/251/251/253 249/249/249/251 246/246/246/248 
f 246/246/246/248 252/252/252/254 253/253/253/255 
f 246/246/246/248 253/253/253/255 251/251/251/253 
f 244/244/244/246 252/252/252/254 246/246/246/248 
f 247/247/247/249 246/246/246/248 248/248/248/250 
f 244/244/244/246 254/254/254/256 255/255/255/257 
f 244/244/244/246 255/255/255/257 252/252/252/254 
f 235/235/235/237 234/234/234/236 254/254/254/256 
f 235/235/235/237 254/254/254/256 244/244/244/246 
f 256/256/256/258 257/257/257/259 255/255/255/257 
f 256/256/256/258 255/255/255/257 254/254/254/256 
f 234/234/234/236 236/236/236/238 256/256/256/258 
f 234/234/234/236 256/256/256/258 254/254/254/256 
f 245/245/245/247 244/244/244/246 247/247/247/249 
f 217/217/217/219 245/245/245/247 258/258/258/260 
f 217/217/217/219 258/258/258/260 259/259/259/261 
f 258/258/258/260 245/245/245/247 260/260/260/262 
f 260/260/260/262 245/245/245/247 247/247/247/249 
f 217/217/217/219 218/218/218/220 220/220/220/222 
f 217/217/217/219 220/220/220/222 245/245/245/247 
f 215/215/215/217 243/243/243/245 221/221/221/223 
f 215/215/215/217 221/221/221/223 218/218/218/220 
f 214/214/214/216 261/261/261/263 211/211/211/213 
f 262/262/262/264 263/263/263/265 211/211/211/213 
f 262/262/262/264 211/211/211/213 261/261/261/263 
f 263/263/263/265 262/262/262/264 264/264/264/266 
f 263/263/263/265 264/264/264/266 265/265/265/267 
f 266/266/266/268 265/265/265/267 267/267/267/269 
f 266/266/266/268 267/267/267/269 268/268/268/270 
f 266/266/266/268 181/181/181/183 265/265/265/267 
f 181/181/181/183 266/266/266/268 180/180/180/182 
f 268/268/268/270 269/269/269/271 180/180/180/182 
f 268/268/268/270 180/180/180/182 266/266/266/268 
f 265/265/265/267 264/264/264/266 270/270/270/272 
f 265/265/265/267 270/270/270/272 267/267/267/269 
f 271/271/271/273 272/272/272/274 270/270/270/272 
f 271/271/271/273 270/270/270/272 264/264/264/266 
f 262/262/262/264 273/273/273/275 271/271/271/273 
f 262/262/262/264 271/271/271/273 264/264/264/266 
f 181/181/181/183 212/212/212/214 263/263/263/265 
f 181/181/181/183 263/263/263/265 265/265/265/267 
f 263/263/263/265 212/212/212/214 211/211/211/213 
f 212/212/212/214 181/181/181/183 182/182/182/184 
f 212/212/212/214 182/182/182/184 209/209/209/211 
f 262/262/262/264 261/261/261/263 273/273/273/275 
f 274/274/274/276 275/275/275/277 273/273/273/275 
f 274/274/274/276 273/273/273/275 261/261/261/263 
f 274/274/274/276 276/276/276/278 277/277/277/279 
f 274/274/274/276 277/277/277/279 275/275/275/277 
f 276/276/276/278 259/259/259/261 278/278/278/280 
f 276/276/276/278 278/278/278/280 277/277/277/279 
f 278/278/278/280 279/279/279/281 280/280/280/282 
f 278/278/278/280 280/280/280/282 281/281/281/283 
f 279/279/279/281 278/278/278/280 259/259/259/261 
f 279/279/279/281 259/259/259/261 258/258/258/260 
f 282/282/282/284 277/277/277/279 278/278/278/280 
f 282/282/282/284 278/278/278/280 281/281/281/283 
f 276/276/276/278 214/214/214/216 217/217/217/219 
f 276/276/276/278 217/217/217/219 259/259/259/261 
f 276/276/276/278 274/274/274/276 214/214/214/216 
f 275/275/275/277 271/271/271/273 273/273/273/275 
f 283/283/283/285 272/272/272/274 271/271/271/273 
f 283/283/283/285 271/271/271/273 275/275/275/277 
f 277/277/277/279 282/282/282/284 283/283/283/285 
f 277/277/277/279 283/283/283/285 275/275/275/277 
f 283/283/283/285 284/284/284/286 272/272/272/274 
f 284/284/284/286 283/283/283/285 282/282/282/284 
f 214/214/214/216 274/274/274/276 261/261/261/263 
f 216/216/216/218 285/285/285/287 243/243/243/245 
f 216/216/216/218 243/243/243/245 215/215/215/217 
f 286/286/286/288 287/287/287/289 285/285/285/287 
f 286/286/286/288 285/285/285/287 216/216/216/218 
f 287/287/287/289 286/286/286/288 288/288/288/290 
f 287/287/287/289 288/288/288/290 289/289/289/291 
f 290/290/290/292 291/291/291/293 289/289/289/291 
f 290/290/290/292 289/289/289/291 288/288/288/290 
f 290/290/290/292 292/292/292/294 293/293/293/295 
f 290/290/290/292 293/293/293/295 291/291/291/293 
f 292/292/292/294 290/290/290/292 128/128/128/130 
f 292/292/292/294 128/128/128/130 127/127/127/129 
f 293/293/293/295 292/292/292/294 294/294/294/296 
f 293/293/293/295 294/294/294/296 295/295/295/297 
f 292/292/292/294 127/127/127/129 126/126/126/128 
f 292/292/292/294 126/126/126/128 294/294/294/296 
f 291/291/291/293 296/296/296/298 297/297/297/299 
f 291/291/291/293 297/297/297/299 289/289/289/291 
f 291/291/291/293 293/293/293/295 298/298/298/300 
f 291/291/291/293 298/298/298/300 296/296/296/298 
f 299/299/299/301 128/128/128/130 290/290/290/292 
f 299/299/299/301 290/290/290/292 288/288/288/290 
f 286/286/286/288 300/300/300/302 299/299/299/301 
f 286/286/286/288 299/299/299/301 288/288/288/290 
f 238/238/238/240 287/287/287/289 289/289/289/291 
f 238/238/238/240 289/289/289/291 297/297/297/299 
f 287/287/287/289 238/238/238/240 240/240/240/242 
f 287/287/287/289 240/240/240/242 285/285/285/287 
f 285/285/285/287 240/240/240/242 242/242/242/244 
f 285/285/285/287 242/242/242/244 243/243/243/245 
f 213/213/213/215 300/300/300/302 286/286/286/288 
f 213/213/213/215 286/286/286/288 216/216/216/218 
f 300/300/300/302 213/213/213/215 301/301/301/303 
f 300/300/300/302 301/301/301/303 302/302/302/304 
f 210/210/210/212 209/209/209/211 208/208/208/210 
f 210/210/210/212 208/208/208/210 301/301/301/303 
f 210/210/210/212 301/301/301/303 213/213/213/215 
f 142/142/142/144 302/302/302/304 301/301/301/303 
f 142/142/142/144 301/301/301/303 208/208/208/210 
f 302/302/302/304 143/143/143/145 299/299/299/301 
f 302/302/302/304 299/299/299/301 300/300/300/302 
f 142/142/142/144 143/143/143/145 302/302/302/304 
f 146/146/146/148 303/303/303/305 134/134/134/136 
f 146/146/146/148 134/134/134/136 136/136/136/138 
f 134/134/134/136 303/303/303/305 135/135/135/137 
f 135/135/135/137 303/303/303/305 304/304/304/306 
f 135/135/135/137 304/304/304/306 305/305/305/307 
f 306/306/306/308 307/307/307/309 308/308/308/310 
f 306/306/306/308 308/308/308/310 305/305/305/307 
f 307/307/307/309 306/306/306/308 309/309/309/311 
f 307/307/307/309 309/309/309/311 310/310/310/312 
f 307/307/307/309 311/311/311/313 312/312/312/314 
f 307/307/307/309 312/312/312/314 308/308/308/310 
f 305/305/305/307 308/308/308/310 313/313/313/315 
f 305/305/305/307 313/313/313/315 135/135/135/137 
f 313/313/313/315 314/314/314/316 132/132/132/134 
f 313/313/313/315 132/132/132/134 131/131/131/133 
f 314/314/314/316 312/312/312/314 315/315/315/317 
f 314/314/314/316 315/315/315/317 132/132/132/134 
f 312/312/312/314 316/316/316/318 315/315/315/317 
f 316/316/316/318 317/317/317/319 318/318/318/320 
f 317/317/317/319 310/310/310/312 319/319/319/321 
f 317/317/317/319 319/319/319/321 320/320/320/322 
f 307/307/307/309 310/310/310/312 317/317/317/319 
f 307/307/307/309 317/317/317/319 311/311/311/313 
f 317/317/317/319 316/316/316/318 311/311/311/313 
f 318/318/318/320 317/317/317/319 320/320/320/322 
f 318/318/318/320 320/320/320/322 321/321/321/323 
f 316/316/316/318 312/312/312/314 311/311/311/313 
f 315/315/315/317 316/316/316/318 318/318/318/320 
f 132/132/132/134 315/315/315/317 318/318/318/320 
f 132/132/132/134 318/318/318/320 130/130/130/132 
f 308/308/308/310 312/312/312/314 314/314/314/316 
f 308/308/308/310 314/314/314/316 313/313/313/315 
f 135/135/135/137 313/313/313/315 131/131/131/133 
f 135/135/135/137 131/131/131/133 133/133/133/135 
f 310/310/310/312 309/309/309/311 322/322/322/324 
f 310/310/310/312 322/322/322/324 319/319/319/321 
f 319/319/319/321 322/322/322/324 323/323/323/325 
f 319/319/319/321 323/323/323/325 324/324/324/326 
f 320/320/320/322 319/319/319/321 324/324/324/326 
f 320/320/320/322 324/324/324/326 325/325/325/327 
f 324/324/324/326 326/326/326/328 325/325/325/327 
f 326/326/326/328 327/327/327/329 328/328/328/330 
f 326/326/326/328 328/328/328/330 325/325/325/327 
f 129/129/129/131 321/321/321/323 328/328/328/330 
f 129/129/129/131 328/328/328/330 327/327/327/329 
f 329/329/329/331 325/325/325/327 328/328/328/330 
f 328/328/328/330 321/321/321/323 329/329/329/331 
f 125/125/125/127 129/129/129/131 327/327/327/329 
f 125/125/125/127 327/327/327/329 330/330/330/332 
f 331/331/331/333 330/330/330/332 332/332/332/334 
f 331/331/331/333 332/332/332/334 333/333/333/335 
f 334/334/334/336 332/332/332/334 330/330/330/332 
f 334/334/334/336 330/330/330/332 335/335/335/337 
f 327/327/327/329 326/326/326/328 335/335/335/337 
f 327/327/327/329 335/335/335/337 330/330/330/332 
f 126/126/126/128 125/125/125/127 330/330/330/332 
f 126/126/126/128 330/330/330/332 331/331/331/333 
f 326/326/326/328 324/324/324/326 336/336/336/338 
f 326/326/326/328 336/336/336/338 335/335/335/337 
f 334/334/334/336 335/335/335/337 336/336/336/338 
f 334/334/334/336 336/336/336/338 337/337/337/339 
f 337/337/337/339 323/323/323/325 69/69/69/69 
f 337/337/337/339 69/69/69/69 338/338/338/340 
f 323/323/323/325 337/337/337/339 336/336/336/338 
f 323/323/323/325 336/336/336/338 324/324/324/326 
f 337/337/337/339 339/339/339/341 340/340/340/342 
f 337/337/337/339 340/340/340/342 334/334/334/336 
f 339/339/339/341 337/337/337/339 338/338/338/340 
f 339/339/339/341 338/338/338/340 341/341/341/343 
f 320/320/320/322 325/325/325/327 329/329/329/331 
f 69/69/69/69 323/323/323/325 322/322/322/324 
f 69/69/69/69 322/322/322/324 68/68/68/68 
f 68/68/68/68 322/322/322/324 309/309/309/311 
f 68/68/68/68 309/309/309/311 67/67/67/67 
f 306/306/306/308 342/342/342/344 67/67/67/67 
f 306/306/306/308 67/67/67/67 309/309/309/311 
f 342/342/342/344 343/343/343/345 65/65/65/65 
f 342/342/342/344 65/65/65/65 67/67/67/67 
f 66/66/66/66 65/65/65/65 343/343/343/345 
f 66/66/66/66 343/343/343/345 344/344/344/346 
f 345/345/345/347 346/346/346/348 347/347/347/349 
f 345/345/345/347 347/347/347/349 344/344/344/346 
f 345/345/345/347 348/348/348/350 349/349/349/351 
f 345/345/345/347 349/349/349/351 346/346/346/348 
f 347/347/347/349 346/346/346/348 350/350/350/352 
f 344/344/344/346 347/347/347/349 42/42/42/42 
f 344/344/344/346 42/42/42/42 66/66/66/66 
f 347/347/347/349 350/350/350/352 351/351/351/353 
f 347/347/347/349 351/351/351/353 42/42/42/42 
f 350/350/350/352 346/346/346/348 349/349/349/351 
f 350/350/350/352 349/349/349/351 352/352/352/354 
f 353/353/353/355 352/352/352/354 349/349/349/351 
f 353/353/353/355 349/349/349/351 348/348/348/350 
f 354/354/354/356 355/355/355/357 348/348/348/350 
f 354/354/354/356 348/348/348/350 345/345/345/347 
f 354/354/354/356 356/356/356/358 357/357/357/359 
f 354/354/354/356 357/357/357/359 358/358/358/360 
f 359/359/359/361 355/355/355/357 354/354/354/356 
f 359/359/359/361 354/354/354/356 358/358/358/360 
f 358/358/358/360 360/360/360/362 361/361/361/363 
f 358/358/358/360 361/361/361/363 359/359/359/361 
f 362/362/362/364 363/363/363/365 360/360/360/362 
f 362/362/362/364 360/360/360/362 358/358/358/360 
f 362/362/362/364 358/358/358/360 357/357/357/359 
f 362/362/362/364 357/357/357/359 364/364/364/366 
f 357/357/357/359 356/356/356/358 365/365/365/367 
f 357/357/357/359 365/365/365/367 304/304/304/306 
f 356/356/356/358 344/344/344/346 343/343/343/345 
f 356/356/356/358 343/343/343/345 365/365/365/367 
f 356/356/356/358 354/354/354/356 345/345/345/347 
f 356/356/356/358 345/345/345/347 344/344/344/346 
f 343/343/343/345 342/342/342/344 366/366/366/368 
f 343/343/343/345 366/366/366/368 365/365/365/367 
f 304/304/304/306 365/365/365/367 366/366/366/368 
f 304/304/304/306 366/366/366/368 305/305/305/307 
f 306/306/306/308 305/305/305/307 366/366/366/368 
f 306/306/306/308 366/366/366/368 342/342/342/344 
f 304/304/304/306 303/303/303/305 364/364/364/366 
f 304/304/304/306 364/364/364/366 357/357/357/359 
f 146/146/146/148 364/364/364/366 303/303/303/305 
f 123/123/123/125 143/143/143/145 138/138/138/140 
f 128/128/128/130 299/299/299/301 143/143/143/145 
f 128/128/128/130 143/143/143/145 123/123/123/125 
f 180/180/180/182 367/367/367/369 179/179/179/181 
f 367/367/367/369 269/269/269/271 368/368/368/370 
f 179/179/179/181 367/367/367/369 368/368/368/370 
f 269/269/269/271 367/367/367/369 180/180/180/182 
f 369/369/369/371 269/269/269/271 268/268/268/270 
f 370/370/370/372 371/371/371/373 372/372/372/374 
f 370/370/370/372 372/372/372/374 369/369/369/371 
f 373/373/373/375 374/374/374/376 371/371/371/373 
f 373/373/373/375 371/371/371/373 370/370/370/372 
f 375/375/375/377 373/373/373/375 370/370/370/372 
f 375/375/375/377 370/370/370/372 267/267/267/269 
f 284/284/284/286 376/376/376/378 373/373/373/375 
f 284/284/284/286 373/373/373/375 375/375/375/377 
f 377/377/377/379 373/373/373/375 376/376/376/378 
f 377/377/377/379 378/378/378/380 379/379/379/381 
f 377/377/377/379 376/376/376/378 378/378/378/380 
f 380/380/380/382 373/373/373/375 377/377/377/379 
f 380/380/380/382 377/377/377/379 379/379/379/381 
f 374/374/374/376 380/380/380/382 381/381/381/383 
f 374/374/374/376 373/373/373/375 380/380/380/382 
f 382/382/382/384 371/371/371/373 374/374/374/376 
f 372/372/372/374 382/382/382/384 383/383/383/385 
f 382/382/382/384 372/372/372/374 371/371/371/373 
f 380/380/380/382 379/379/379/381 381/381/381/383 
f 384/384/384/386 385/385/385/387 376/376/376/378 
f 284/284/284/286 386/386/386/388 384/384/384/386 
f 284/284/284/286 384/384/384/386 376/376/376/378 
f 384/384/384/386 386/386/386/388 387/387/387/389 
f 384/384/384/386 387/387/387/389 388/388/388/390 
f 384/384/384/386 388/388/388/390 389/389/389/391 
f 388/388/388/390 390/390/390/392 389/389/389/391 
f 391/391/391/393 390/390/390/392 388/388/388/390 
f 384/384/384/386 389/389/389/391 385/385/385/387 
f 392/392/392/394 391/391/391/393 388/388/388/390 
f 392/392/392/394 388/388/388/390 387/387/387/389 
f 393/393/393/395 394/394/394/396 392/392/392/394 
f 393/393/393/395 392/392/392/394 395/395/395/397 
f 396/396/396/398 395/395/395/397 392/392/392/394 
f 387/387/387/389 386/386/386/388 396/396/396/398 
f 387/387/387/389 396/396/396/398 392/392/392/394 
f 280/280/280/282 396/396/396/398 386/386/386/388 
f 280/280/280/282 386/386/386/388 281/281/281/283 
f 281/281/281/283 386/386/386/388 284/284/284/286 
f 281/281/281/283 284/284/284/286 282/282/282/284 
f 375/375/375/377 270/270/270/272 272/272/272/274 
f 375/375/375/377 272/272/272/274 284/284/284/286 
f 270/270/270/272 375/375/375/377 267/267/267/269 
f 369/369/369/371 268/268/268/270 267/267/267/269 
f 369/369/369/371 267/267/267/269 370/370/370/372 
f 269/269/269/271 369/369/369/371 372/372/372/374 
f 269/269/269/271 372/372/372/374 383/383/383/385 
f 397/397/397/399 175/175/175/177 179/179/179/181 
f 397/397/397/399 398/398/398/400 399/399/399/401 
f 179/179/179/181 398/398/398/400 397/397/397/399 
f 175/175/175/177 397/397/397/399 399/399/399/401 
f 400/400/400/402 175/175/175/177 399/399/399/401 
f 175/175/175/177 400/400/400/402 176/176/176/178 
f 176/176/176/178 400/400/400/402 401/401/401/403 
f 399/399/399/401 401/401/401/403 400/400/400/402 
f 88/88/88/88 402/402/402/404 59/59/59/59 
f 88/88/88/88 59/59/59/59 58/58/58/58 
f 403/403/403/405 404/404/404/406 405/405/405/407 
f 403/403/403/405 405/405/405/407 402/402/402/404 
f 406/406/406/408 407/407/407/409 404/404/404/406 
f 406/406/406/408 404/404/404/406 403/403/403/405 
f 406/406/406/408 403/403/403/405 98/98/98/98 
f 407/407/407/409 406/406/406/408 408/408/408/410 
f 407/407/407/409 408/408/408/410 409/409/409/411 
f 407/407/407/409 410/410/410/412 411/411/411/413 
f 407/407/407/409 411/411/411/413 404/404/404/406 
f 412/412/412/414 411/411/411/413 410/410/410/412 
f 412/412/412/414 410/410/410/412 413/413/413/415 
f 414/414/414/416 415/415/415/417 416/416/416/418 
f 414/414/414/416 416/416/416/418 413/413/413/415 
f 417/417/417/419 418/418/418/420 414/414/414/416 
f 417/417/417/419 414/414/414/416 413/413/413/415 
f 419/419/419/421 417/417/417/419 413/413/413/415 
f 419/419/419/421 413/413/413/415 410/410/410/412 
f 420/420/420/422 417/417/417/419 419/419/419/421 
f 420/420/420/422 419/419/419/421 421/421/421/423 
f 422/422/422/424 418/418/418/420 417/417/417/419 
f 422/422/422/424 417/417/417/419 420/420/420/422 
f 423/423/423/425 422/422/422/424 420/420/420/422 
f 423/423/423/425 420/420/420/422 424/424/424/426 
f 424/424/424/426 420/420/420/422 421/421/421/423 
f 424/424/424/426 421/421/421/423 425/425/425/427 
f 409/409/409/411 426/426/426/428 421/421/421/423 
f 409/409/409/411 421/421/421/423 419/419/419/421 
f 408/408/408/410 427/427/427/429 426/426/426/428 
f 408/408/408/410 426/426/426/428 409/409/409/411 
f 409/409/409/411 419/419/419/421 410/410/410/412 
f 409/409/409/411 410/410/410/412 407/407/407/409 
f 428/428/428/430 415/415/415/417 414/414/414/416 
f 428/428/428/430 414/414/414/416 418/418/418/420 
f 429/429/429/431 430/430/430/432 415/415/415/417 
f 429/429/429/431 415/415/415/417 428/428/428/430 
f 429/429/429/431 431/431/431/433 432/432/432/434 
f 429/429/429/431 432/432/432/434 430/430/430/432 
f 433/433/433/435 432/432/432/434 431/431/431/433 
f 433/433/433/435 431/431/431/433 434/434/434/436 
f 434/434/434/436 431/431/431/433 435/435/435/437 
f 434/434/434/436 435/435/435/437 436/436/436/438 
f 437/437/437/439 435/435/435/437 431/431/431/433 
f 437/437/437/439 431/431/431/433 429/429/429/431 
f 438/438/438/440 430/430/430/432 439/439/439/441 
f 438/438/438/440 439/439/439/441 440/440/440/442 
f 430/430/430/432 432/432/432/434 441/441/441/443 
f 430/430/430/432 441/441/441/443 439/439/439/441 
f 416/416/416/418 415/415/415/417 430/430/430/432 
f 416/416/416/418 430/430/430/432 438/438/438/440 
f 437/437/437/439 429/429/429/431 428/428/428/430 
f 437/437/437/439 428/428/428/430 442/442/442/444 
f 442/442/442/444 428/428/428/430 418/418/418/420 
f 442/442/442/444 443/443/443/445 437/437/437/439 
f 442/442/442/444 444/444/444/446 443/443/443/445 
f 418/418/418/420 422/422/422/424 444/444/444/446 
f 418/418/418/420 444/444/444/446 442/442/442/444 
f 413/413/413/415 416/416/416/418 445/445/445/447 
f 413/413/413/415 445/445/445/447 412/412/412/414 
f 411/411/411/413 412/412/412/414 446/446/446/448 
f 411/411/411/413 446/446/446/448 447/447/447/449 
f 404/404/404/406 411/411/411/413 447/447/447/449 
f 404/404/404/406 447/447/447/449 405/405/405/407 
f 447/447/447/449 341/341/341/343 448/448/448/450 
f 447/447/447/449 448/448/448/450 405/405/405/407 
f 402/402/402/404 405/405/405/407 448/448/448/450 
f 402/402/402/404 448/448/448/450 59/59/59/59 
f 341/341/341/343 447/447/447/449 446/446/446/448 
f 341/341/341/343 446/446/446/448 339/339/339/341 
f 412/412/412/414 445/445/445/447 449/449/449/451 
f 412/412/412/414 449/449/449/451 446/446/446/448 
f 339/339/339/341 446/446/446/448 449/449/449/451 
f 339/339/339/341 449/449/449/451 340/340/340/342 
f 450/450/450/452 408/408/408/410 406/406/406/408 
f 450/450/450/452 406/406/406/408 451/451/451/453 
f 451/451/451/453 406/406/406/408 98/98/98/98 
f 451/451/451/453 98/98/98/98 96/96/96/96 
f 451/451/451/453 452/452/452/454 450/450/450/452 
f 453/453/453/455 454/454/454/456 452/452/452/454 
f 453/453/453/455 455/455/455/457 456/456/456/458 
f 453/453/453/455 456/456/456/458 454/454/454/456 
f 456/456/456/458 455/455/455/457 457/457/457/459 
f 456/456/456/458 457/457/457/459 458/458/458/460 
f 459/459/459/461 460/460/460/462 458/458/458/460 
f 459/459/459/461 458/458/458/460 461/461/461/463 
f 462/462/462/464 459/459/459/461 461/461/461/463 
f 463/463/463/465 464/464/464/466 460/460/460/462 
f 463/463/463/465 460/460/460/462 465/465/465/467 
f 459/459/459/461 466/466/466/468 465/465/465/467 
f 459/459/459/461 465/465/465/467 460/460/460/462 
f 467/467/467/469 458/458/458/460 460/460/460/462 
f 467/467/467/469 460/460/460/462 464/464/464/466 
f 467/467/467/469 454/454/454/456 456/456/456/458 
f 467/467/467/469 456/456/456/458 458/458/458/460 
f 452/452/452/454 454/454/454/456 467/467/467/469 
f 452/452/452/454 467/467/467/469 468/468/468/470 
f 453/453/453/455 469/469/469/471 470/470/470/472 
f 471/471/471/473 470/470/470/472 469/469/469/471 
f 471/471/471/473 472/472/472/474 473/473/473/475 
f 471/471/471/473 473/473/473/475 474/474/474/476 
f 475/475/475/477 476/476/476/478 473/473/473/475 
f 475/475/475/477 473/473/473/475 472/472/472/474 
f 477/477/477/479 478/478/478/480 475/475/475/477 
f 477/477/477/479 475/475/475/477 472/472/472/474 
f 476/476/476/478 479/479/479/481 473/473/473/475 
f 472/472/472/474 471/471/471/473 480/480/480/482 
f 472/472/472/474 480/480/480/482 477/477/477/479 
f 95/95/95/95 480/480/480/482 451/451/451/453 
f 95/95/95/95 451/451/451/453 96/96/96/96 
f 451/451/451/453 480/480/480/482 452/452/452/454 
f 452/452/452/454 480/480/480/482 469/469/469/471 
f 452/452/452/454 469/469/469/471 453/453/453/455 
f 469/469/469/471 480/480/480/482 471/471/471/473 
f 95/95/95/95 477/477/477/479 480/480/480/482 
f 479/479/479/481 474/474/474/476 473/473/473/475 
f 450/450/450/452 452/452/452/454 468/468/468/470 
f 481/481/481/483 427/427/427/429 408/408/408/410 
f 481/481/481/483 408/408/408/410 450/450/450/452 
f 427/427/427/429 481/481/481/483 482/482/482/484 
f 427/427/427/429 482/482/482/484 483/483/483/485 
f 483/483/483/485 484/484/484/486 485/485/485/487 
f 483/483/483/485 485/485/485/487 486/486/486/488 
f 484/484/484/486 487/487/487/489 488/488/488/490 
f 484/484/484/486 488/488/488/490 485/485/485/487 
f 487/487/487/489 489/489/489/491 490/490/490/492 
f 487/487/487/489 491/491/491/493 492/492/492/494 
f 487/487/487/489 492/492/492/494 489/489/489/491 
f 493/493/493/495 491/491/491/493 487/487/487/489 
f 493/493/493/495 487/487/487/489 484/484/484/486 
f 488/488/488/490 487/487/487/489 490/490/490/492 
f 488/488/488/490 490/490/490/492 494/494/494/496 
f 485/485/485/487 495/495/495/497 496/496/496/498 
f 485/485/485/487 496/496/496/498 486/486/486/488 
f 497/497/497/499 495/495/495/497 485/485/485/487 
f 497/497/497/499 485/485/485/487 498/498/498/500 
f 485/485/485/487 488/488/488/490 498/498/498/500 
f 484/484/484/486 483/483/483/485 493/493/493/495 
f 483/483/483/485 482/482/482/484 493/493/493/495 
f 491/491/491/493 493/493/493/495 482/482/482/484 
f 491/491/491/493 482/482/482/484 499/499/499/501 
f 500/500/500/502 501/501/501/503 502/502/502/504 
f 500/500/500/502 502/502/502/504 499/499/499/501 
f 500/500/500/502 499/499/499/501 482/482/482/484 
f 499/499/499/501 502/502/502/504 492/492/492/494 
f 499/499/499/501 492/492/492/494 491/491/491/493 
f 500/500/500/502 482/482/482/484 481/481/481/483 
f 500/500/500/502 481/481/481/483 503/503/503/505 
f 468/468/468/470 503/503/503/505 481/481/481/483 
f 468/468/468/470 481/481/481/483 450/450/450/452 
f 503/503/503/505 504/504/504/506 501/501/501/503 
f 503/503/503/505 501/501/501/503 500/500/500/502 
f 503/503/503/505 463/463/463/465 504/504/504/506 
f 463/463/463/465 503/503/503/505 464/464/464/466 
f 468/468/468/470 464/464/464/466 503/503/503/505 
f 505/505/505/507 427/427/427/429 483/483/483/485 
f 505/505/505/507 483/483/483/485 486/486/486/488 
f 505/505/505/507 486/486/486/488 506/506/506/508 
f 505/505/505/507 506/506/506/508 425/425/425/427 
f 507/507/507/509 508/508/508/510 509/509/509/511 
f 507/507/507/509 509/509/509/511 506/506/506/508 
f 507/507/507/509 506/506/506/508 486/486/486/488 
f 507/507/507/509 486/486/486/488 496/496/496/498 
f 425/425/425/427 506/506/506/508 509/509/509/511 
f 425/425/425/427 509/509/509/511 424/424/424/426 
f 427/427/427/429 505/505/505/507 426/426/426/428 
f 426/426/426/428 505/505/505/507 425/425/425/427 
f 426/426/426/428 425/425/425/427 421/421/421/423 
f 403/403/403/405 97/97/97/97 98/98/98/98 
f 97/97/97/97 403/403/403/405 402/402/402/404 
f 97/97/97/97 402/402/402/404 88/88/88/88 
f 59/59/59/59 448/448/448/450 510/510/510/512 
f 59/59/59/59 510/510/510/512 56/56/56/56 
f 338/338/338/340 69/69/69/69 64/64/64/64 
f 338/338/338/340 64/64/64/64 510/510/510/512 
f 341/341/341/343 338/338/338/340 510/510/510/512 
f 341/341/341/343 510/510/510/512 448/448/448/450 
f 57/57/57/57 56/56/56/56 510/510/510/512 
f 510/510/510/512 64/64/64/64 60/60/60/60 
f 510/510/510/512 60/60/60/60 57/57/57/57 
f 149/149/149/151 511/511/511/513 147/147/147/149 
f 511/511/511/513 512/512/512/514 513/513/513/515 
f 514/514/514/516 513/513/513/515 512/512/512/514 
f 515/515/515/517 513/513/513/515 514/514/514/516 
f 515/515/515/517 516/516/516/518 517/517/517/519 
f 518/518/518/520 517/517/517/519 516/516/516/518 
f 518/518/518/520 519/519/519/521 517/517/517/519 
f 520/520/520/522 521/521/521/523 522/522/522/524 
f 520/520/520/522 522/522/522/524 519/519/519/521 
f 523/523/523/525 521/521/521/523 520/520/520/522 
f 520/520/520/522 518/518/518/520 523/523/523/525 
f 524/524/524/526 525/525/525/527 521/521/521/523 
f 526/526/526/528 525/525/525/527 524/524/524/526 
f 522/522/522/524 521/521/521/523 525/525/525/527 
f 525/525/525/527 526/526/526/528 527/527/527/529 
f 525/525/525/527 527/527/527/529 522/522/522/524 
f 362/362/362/364 519/519/519/521 522/522/522/524 
f 363/363/363/365 362/362/362/364 522/522/522/524 
f 363/363/363/365 522/522/522/524 528/528/528/530 
f 522/522/522/524 527/527/527/529 529/529/529/531 
f 522/522/522/524 529/529/529/531 528/528/528/530 
f 518/518/518/520 520/520/520/522 519/519/519/521 
f 519/519/519/521 515/515/515/517 517/517/517/519 
f 513/513/513/515 515/515/515/517 519/519/519/521 
f 513/513/513/515 147/147/147/149 511/511/511/513 
f 519/519/519/521 147/147/147/149 513/513/513/515 
f 146/146/146/148 147/147/147/149 519/519/519/521 
f 146/146/146/148 519/519/519/521 364/364/364/366 
f 364/364/364/366 519/519/519/521 362/362/362/364 
f 511/511/511/513 200/200/200/202 530/530/530/532 
f 201/201/201/203 530/530/530/532 200/200/200/202 
f 200/200/200/202 511/511/511/513 149/149/149/151 
f 321/321/321/323 129/129/129/131 130/130/130/132 
f 321/321/321/323 130/130/130/132 318/318/318/320 
f 531/531/531/533 532/532/532/534 355/355/355/357 
f 531/531/531/533 355/355/355/357 359/359/359/361 
f 359/359/359/361 361/361/361/363 533/533/533/535 
f 359/359/359/361 533/533/533/535 531/531/531/533 
f 531/531/531/533 533/533/533/535 534/534/534/536 
f 531/531/531/533 534/534/534/536 532/532/532/534 
f 534/534/534/536 535/535/535/537 536/536/536/538 
f 534/534/534/536 536/536/536/538 532/532/532/534 
f 537/537/537/539 538/538/538/540 535/535/535/537 
f 537/537/537/539 535/535/535/537 534/534/534/536 
f 539/539/539/541 540/540/540/542 537/537/537/539 
f 539/539/539/541 537/537/537/539 541/541/541/543 
f 542/542/542/544 541/541/541/543 533/533/533/535 
f 542/542/542/544 533/533/533/535 361/361/361/363 
f 361/361/361/363 360/360/360/362 543/543/543/545 
f 361/361/361/363 543/543/543/545 542/542/542/544 
f 528/528/528/530 529/529/529/531 542/542/542/544 
f 528/528/528/530 542/542/542/544 543/543/543/545 
f 363/363/363/365 528/528/528/530 543/543/543/545 
f 363/363/363/365 543/543/543/545 360/360/360/362 
f 541/541/541/543 542/542/542/544 529/529/529/531 
f 541/541/541/543 529/529/529/531 539/539/539/541 
f 544/544/544/546 540/540/540/542 539/539/539/541 
f 544/544/544/546 539/539/539/541 545/545/545/547 
f 539/539/539/541 529/529/529/531 527/527/527/529 
f 539/539/539/541 527/527/527/529 545/545/545/547 
f 527/527/527/529 526/526/526/528 545/545/545/547 
f 540/540/540/542 544/544/544/546 546/546/546/548 
f 540/540/540/542 546/546/546/548 547/547/547/549 
f 540/540/540/542 547/547/547/549 538/538/538/540 
f 540/540/540/542 538/538/538/540 537/537/537/539 
f 547/547/547/549 546/546/546/548 548/548/548/550 
f 547/547/547/549 548/548/548/550 549/549/549/551 
f 541/541/541/543 537/537/537/539 534/534/534/536 
f 541/541/541/543 534/534/534/536 533/533/533/535 
f 550/550/550/552 551/551/551/553 536/536/536/538 
f 550/550/550/552 536/536/536/538 535/535/535/537 
f 550/550/550/552 552/552/552/554 553/553/553/555 
f 550/550/550/552 553/553/553/555 554/554/554/556 
f 554/554/554/556 553/553/553/555 555/555/555/557 
f 554/554/554/556 555/555/555/557 556/556/556/558 
f 554/554/554/556 556/556/556/558 551/551/551/553 
f 554/554/554/556 551/551/551/553 550/550/550/552 
f 353/353/353/355 532/532/532/534 536/536/536/538 
f 353/353/353/355 536/536/536/538 551/551/551/553 
f 532/532/532/534 353/353/353/355 348/348/348/350 
f 532/532/532/534 348/348/348/350 355/355/355/357 
f 556/556/556/558 352/352/352/354 353/353/353/355 
f 556/556/556/558 353/353/353/355 551/551/551/553 
f 555/555/555/557 350/350/350/352 352/352/352/354 
f 555/555/555/557 352/352/352/354 556/556/556/558 
f 553/553/553/555 557/557/557/559 558/558/558/560 
f 553/553/553/555 558/558/558/560 555/555/555/557 
f 552/552/552/554 549/549/549/551 557/557/557/559 
f 552/552/552/554 557/557/557/559 553/553/553/555 
f 552/552/552/554 538/538/538/540 547/547/547/549 
f 552/552/552/554 547/547/547/549 549/549/549/551 
f 552/552/552/554 550/550/550/552 535/535/535/537 
f 552/552/552/554 535/535/535/537 538/538/538/540 
f 557/557/557/559 559/559/559/561 560/560/560/562 
f 557/557/557/559 560/560/560/562 558/558/558/560 
f 557/557/557/559 549/549/549/551 548/548/548/550 
f 557/557/557/559 548/548/548/550 559/559/559/561 
f 561/561/561/563 350/350/350/352 555/555/555/557 
f 561/561/561/563 555/555/555/557 558/558/558/560 
f 351/351/351/353 561/561/561/563 562/562/562/564 
f 351/351/351/353 562/562/562/564 42/42/42/42 
f 43/43/43/43 42/42/42/42 562/562/562/564 
f 562/562/562/564 563/563/563/565 48/48/48/48 
f 562/562/562/564 48/48/48/48 43/43/43/43 
f 563/563/563/565 562/562/562/564 560/560/560/562 
f 558/558/558/560 560/560/560/562 562/562/562/564 
f 558/558/558/560 562/562/562/564 561/561/561/563 
f 350/350/350/352 561/561/561/563 351/351/351/353 
f 38/38/38/38 39/39/39/39 564/564/564/566 
f 38/38/38/38 564/564/564/566 565/565/565/567 
f 566/566/566/568 565/565/565/567 564/564/564/566 
f 566/566/566/568 567/567/567/569 568/568/568/570 
f 567/567/567/569 569/569/569/571 568/568/568/570 
f 570/570/570/572 571/571/571/573 569/569/569/571 
f 47/47/47/47 48/48/48/48 570/570/570/572 
f 47/47/47/47 570/570/570/572 569/569/569/571 
f 572/572/572/574 571/571/571/573 570/570/570/572 
f 563/563/563/565 572/572/572/574 570/570/570/572 
f 563/563/563/565 570/570/570/572 48/48/48/48 
f 47/47/47/47 569/569/569/571 567/567/567/569 
f 47/47/47/47 567/567/567/569 566/566/566/568 
f 47/47/47/47 566/566/566/568 39/39/39/39 
f 39/39/39/39 566/566/566/568 564/564/564/566 
f 66/66/66/66 41/41/41/41 45/45/45/45 
f 66/66/66/66 45/45/45/45 62/62/62/62 
f 66/66/66/66 42/42/42/42 41/41/41/41 
f 92/92/92/92 573/573/573/575 574/574/574/576 
f 574/574/574/576 573/573/573/575 575/575/575/577 
f 92/92/92/92 574/574/574/576 90/90/90/90 
f 574/574/574/576 575/575/575/577 576/576/576/578 
f 574/574/574/576 576/576/576/578 90/90/90/90 
f 575/575/575/577 577/577/577/579 576/576/576/578 
f 578/578/578/580 576/576/576/578 577/577/577/579 
f 578/578/578/580 579/579/579/581 580/580/580/582 
f 581/581/581/583 580/580/580/582 579/579/579/581 
f 580/580/580/582 581/581/581/583 582/582/582/584 
f 580/580/580/582 582/582/582/584 583/583/583/585 
f 583/583/583/585 578/578/578/580 580/580/580/582 
f 578/578/578/580 583/583/583/585 90/90/90/90 
f 582/582/582/584 90/90/90/90 583/583/583/585 
f 584/584/584/586 582/582/582/584 585/585/585/587 
f 584/584/584/586 585/585/585/587 586/586/586/588 
f 582/582/582/584 584/584/584/586 90/90/90/90 
f 90/90/90/90 584/584/584/586 586/586/586/588 
f 578/578/578/580 90/90/90/90 576/576/576/578 
f 586/586/586/588 95/95/95/95 90/90/90/90 
f 477/477/477/479 95/95/95/95 586/586/586/588 
f 477/477/477/479 586/586/586/588 478/478/478/480 
f 587/587/587/589 332/332/332/334 334/334/334/336 
f 587/587/587/589 334/334/334/336 340/340/340/342 
f 588/588/588/590 587/587/587/589 340/340/340/342 
f 588/588/588/590 340/340/340/342 449/449/449/451 
f 587/587/587/589 588/588/588/590 589/589/589/591 
f 587/587/587/589 589/589/589/591 590/590/590/592 
f 591/591/591/593 592/592/592/594 590/590/590/592 
f 591/591/591/593 590/590/590/592 589/589/589/591 
f 593/593/593/595 594/594/594/596 591/591/591/593 
f 593/593/593/595 591/591/591/593 589/589/589/591 
f 589/589/589/591 588/588/588/590 595/595/595/597 
f 589/589/589/591 595/595/595/597 593/593/593/595 
f 595/595/595/597 438/438/438/440 440/440/440/442 
f 595/595/595/597 440/440/440/442 593/593/593/595 
f 595/595/595/597 445/445/445/447 416/416/416/418 
f 595/595/595/597 416/416/416/418 438/438/438/440 
f 445/445/445/447 595/595/595/597 588/588/588/590 
f 445/445/445/447 588/588/588/590 449/449/449/451 
f 593/593/593/595 440/440/440/442 596/596/596/598 
f 593/593/593/595 596/596/596/598 594/594/594/596 
f 597/597/597/599 598/598/598/600 596/596/596/598 
f 597/597/597/599 596/596/596/598 599/599/599/601 
f 599/599/599/601 596/596/596/598 440/440/440/442 
f 599/599/599/601 440/440/440/442 439/439/439/441 
f 599/599/599/601 600/600/600/602 601/601/601/603 
f 599/599/599/601 601/601/601/603 597/597/597/599 
f 600/600/600/602 599/599/599/601 439/439/439/441 
f 600/600/600/602 439/439/439/441 441/441/441/443 
f 602/602/602/604 601/601/601/603 600/600/600/602 
f 602/602/602/604 600/600/600/602 603/603/603/605 
f 602/602/602/604 603/603/603/605 604/604/604/606 
f 602/602/602/604 604/604/604/606 230/230/230/232 
f 605/605/605/607 601/601/601/603 602/602/602/604 
f 605/605/605/607 602/602/602/604 606/606/606/608 
f 230/230/230/232 229/229/229/231 606/606/606/608 
f 230/230/230/232 606/606/606/608 602/602/602/604 
f 256/256/256/258 236/236/236/238 604/604/604/606 
f 256/256/256/258 604/604/604/606 607/607/607/609 
f 607/607/607/609 604/604/604/606 603/603/603/605 
f 607/607/607/609 603/603/603/605 608/608/608/610 
f 227/227/227/229 230/230/230/232 604/604/604/606 
f 227/227/227/229 604/604/604/606 236/236/236/238 
f 441/441/441/443 608/608/608/610 603/603/603/605 
f 441/441/441/443 603/603/603/605 600/600/600/602 
f 597/597/597/599 609/609/609/611 598/598/598/600 
f 605/605/605/607 609/609/609/611 597/597/597/599 
f 605/605/605/607 597/597/597/599 601/601/601/603 
f 610/610/610/612 598/598/598/600 609/609/609/611 
f 610/610/610/612 609/609/609/611 611/611/611/613 
f 611/611/611/613 612/612/612/614 613/613/613/615 
f 611/611/611/613 613/613/613/615 610/610/610/612 
f 612/612/612/614 611/611/611/613 614/614/614/616 
f 612/612/612/614 614/614/614/616 615/615/615/617 
f 611/611/611/613 609/609/609/611 605/605/605/607 
f 611/611/611/613 605/605/605/607 614/614/614/616 
f 594/594/594/596 596/596/596/598 598/598/598/600 
f 594/594/594/596 598/598/598/600 610/610/610/612 
f 591/591/591/593 594/594/594/596 610/610/610/612 
f 591/591/591/593 610/610/610/612 613/613/613/615 
f 616/616/616/618 592/592/592/594 591/591/591/593 
f 616/616/616/618 591/591/591/593 613/613/613/615 
f 613/613/613/615 612/612/612/614 617/617/617/619 
f 613/613/613/615 617/617/617/619 616/616/616/618 
f 617/617/617/619 618/618/618/620 619/619/619/621 
f 617/617/617/619 619/619/619/621 620/620/620/622 
f 618/618/618/620 615/615/615/617 621/621/621/623 
f 618/618/618/620 621/621/621/623 622/622/622/624 
f 622/622/622/624 621/621/621/623 296/296/296/298 
f 622/622/622/624 296/296/296/298 298/298/298/300 
f 296/296/296/298 621/621/621/623 623/623/623/625 
f 296/296/296/298 623/623/623/625 297/297/297/299 
f 623/623/623/625 621/621/621/623 615/615/615/617 
f 623/623/623/625 615/615/615/617 233/233/233/235 
f 298/298/298/300 619/619/619/621 618/618/618/620 
f 298/298/298/300 618/618/618/620 622/622/622/624 
f 619/619/619/621 295/295/295/297 624/624/624/626 
f 619/619/619/621 624/624/624/626 620/620/620/622 
f 293/293/293/295 295/295/295/297 619/619/619/621 
f 293/293/293/295 619/619/619/621 298/298/298/300 
f 612/612/612/614 615/615/615/617 618/618/618/620 
f 612/612/612/614 618/618/618/620 617/617/617/619 
f 616/616/616/618 617/617/617/619 620/620/620/622 
f 616/616/616/618 620/620/620/622 625/625/625/627 
f 620/620/620/622 624/624/624/626 625/625/625/627 
f 592/592/592/594 616/616/616/618 625/625/625/627 
f 592/592/592/594 625/625/625/627 626/626/626/628 
f 590/590/590/592 592/592/592/594 626/626/626/628 
f 590/590/590/592 626/626/626/628 333/333/333/335 
f 627/627/627/629 331/331/331/333 333/333/333/335 
f 627/627/627/629 333/333/333/335 626/626/626/628 
f 627/627/627/629 624/624/624/626 295/295/295/297 
f 627/627/627/629 295/295/295/297 294/294/294/296 
f 624/624/624/626 627/627/627/629 626/626/626/628 
f 624/624/624/626 626/626/626/628 625/625/625/627 
f 294/294/294/296 126/126/126/128 331/331/331/333 
f 294/294/294/296 331/331/331/333 627/627/627/629 
f 333/333/333/335 332/332/332/334 587/587/587/589 
f 333/333/333/335 587/587/587/589 590/590/590/592 
f 258/258/258/260 260/260/260/262 628/628/628/630 
f 258/258/258/260 628/628/628/630 279/279/279/281 
f 279/279/279/281 628/628/628/630 629/629/629/631 
f 279/279/279/281 629/629/629/631 280/280/280/282 
f 630/630/630/632 396/396/396/398 280/280/280/282 
f 630/630/630/632 280/280/280/282 629/629/629/631 
f 630/630/630/632 631/631/631/633 395/395/395/397 
f 630/630/630/632 395/395/395/397 396/396/396/398 
f 631/631/631/633 632/632/632/634 393/393/393/395 
f 631/631/631/633 393/393/393/395 395/395/395/397 
f 632/632/632/634 633/633/633/635 393/393/393/395 
f 393/393/393/395 633/633/633/635 394/394/394/396 
f 631/631/631/633 634/634/634/636 635/635/635/637 
f 635/635/635/637 634/634/634/636 636/636/636/638 
f 636/636/636/638 637/637/637/639 638/638/638/640 
f 637/637/637/639 639/639/639/641 638/638/638/640 
f 637/637/637/639 640/640/640/642 641/641/641/643 
f 637/637/637/639 641/641/641/643 639/639/639/641 
f 636/636/636/638 642/642/642/644 640/640/640/642 
f 643/643/643/645 644/644/644/646 645/645/645/647 
f 643/643/643/645 645/645/645/647 642/642/642/644 
f 643/643/643/645 642/642/642/644 634/634/634/636 
f 643/643/643/645 634/634/634/636 631/631/631/633 
f 642/642/642/644 636/636/636/638 634/634/634/636 
f 640/640/640/642 642/642/642/644 645/645/645/647 
f 640/640/640/642 645/645/645/647 646/646/646/648 
f 637/637/637/639 636/636/636/638 640/640/640/642 
f 641/641/641/643 640/640/640/642 647/647/647/649 
f 641/641/641/643 648/648/648/650 639/639/639/641 
f 647/647/647/649 649/649/649/651 648/648/648/650 
f 647/647/647/649 648/648/648/650 641/641/641/643 
f 647/647/647/649 640/640/640/642 646/646/646/648 
f 647/647/647/649 646/646/646/648 650/650/650/652 
f 651/651/651/653 649/649/649/651 647/647/647/649 
f 651/651/651/653 647/647/647/649 650/650/650/652 
f 249/249/249/251 651/651/651/653 650/650/650/652 
f 249/249/249/251 650/650/650/652 250/250/250/252 
f 652/652/652/654 250/250/250/252 650/650/650/652 
f 652/652/652/654 650/650/650/652 646/646/646/648 
f 639/639/639/641 653/653/653/655 654/654/654/656 
f 655/655/655/657 654/654/654/656 653/653/653/655 
f 656/656/656/658 655/655/655/657 653/653/653/655 
f 656/656/656/658 653/653/653/655 657/657/657/659 
f 653/653/653/655 639/639/639/641 648/648/648/650 
f 653/653/653/655 648/648/648/650 657/657/657/659 
f 643/643/643/645 631/631/631/633 630/630/630/632 
f 644/644/644/646 643/643/643/645 630/630/630/632 
f 644/644/644/646 630/630/630/632 629/629/629/631 
f 644/644/644/646 629/629/629/631 628/628/628/630 
f 644/644/644/646 628/628/628/630 658/658/658/660 
f 658/658/658/660 659/659/659/661 645/645/645/647 
f 658/658/658/660 645/645/645/647 644/644/644/646 
f 247/247/247/249 659/659/659/661 658/658/658/660 
f 247/247/247/249 658/658/658/660 260/260/260/262 
f 646/646/646/648 645/645/645/647 659/659/659/661 
f 646/646/646/648 659/659/659/661 652/652/652/654 
f 659/659/659/661 247/247/247/249 652/652/652/654 
f 260/260/260/262 658/658/658/660 628/628/628/630 
f 652/652/652/654 247/247/247/249 248/248/248/250 
f 652/652/652/654 248/248/248/250 250/250/250/252 
f 238/238/238/240 297/297/297/299 623/623/623/625 
f 238/238/238/240 623/623/623/625 233/233/233/235 
f 320/320/320/322 329/329/329/331 321/321/321/323 
f 231/231/231/233 233/233/233/235 615/615/615/617 
f 231/231/231/233 615/615/615/617 232/232/232/234 
f 232/232/232/234 615/615/615/617 614/614/614/616 
f 232/232/232/234 614/614/614/616 660/660/660/662 
f 614/614/614/616 605/605/605/607 606/606/606/608 
f 614/614/614/616 606/606/606/608 660/660/660/662 
f 660/660/660/662 606/606/606/608 229/229/229/231 
f 660/660/660/662 229/229/229/231 232/232/232/234 
f 651/651/651/653 249/249/249/251 251/251/251/253 
f 651/651/651/653 251/251/251/253 661/661/661/663 
f 662/662/662/664 651/651/651/653 661/661/661/663 
f 663/663/663/665 662/662/662/664 661/661/661/663 
f 663/663/663/665 661/661/661/663 664/664/664/666 
f 251/251/251/253 253/253/253/255 664/664/664/666 
f 251/251/251/253 664/664/664/666 661/661/661/663 
f 665/665/665/667 663/663/663/665 664/664/664/666 
f 665/665/665/667 664/664/664/666 666/666/666/668 
f 665/665/665/667 666/666/666/668 667/667/667/669 
f 665/665/665/667 667/667/667/669 668/668/668/670 
f 669/669/669/671 665/665/665/667 668/668/668/670 
f 669/669/669/671 668/668/668/670 670/670/670/672 
f 669/669/669/671 671/671/671/673 672/672/672/674 
f 669/669/669/671 672/672/672/674 663/663/663/665 
f 672/672/672/674 671/671/671/673 673/673/673/675 
f 672/672/672/674 673/673/673/675 656/656/656/658 
f 673/673/673/675 674/674/674/676 656/656/656/658 
f 673/673/673/675 675/675/675/677 674/674/674/676 
f 676/676/676/678 675/675/675/677 673/673/673/675 
f 676/676/676/678 673/673/673/675 671/671/671/673 
f 672/672/672/674 677/677/677/679 662/662/662/664 
f 672/672/672/674 662/662/662/664 663/663/663/665 
f 665/665/665/667 669/669/669/671 663/663/663/665 
f 649/649/649/651 651/651/651/653 662/662/662/664 
f 649/649/649/651 662/662/662/664 677/677/677/679 
f 649/649/649/651 677/677/677/679 648/648/648/650 
f 677/677/677/679 672/672/672/674 657/657/657/659 
f 677/677/677/679 657/657/657/659 648/648/648/650 
f 656/656/656/658 657/657/657/659 672/672/672/674 
f 669/669/669/671 676/676/676/678 671/671/671/673 
f 676/676/676/678 669/669/669/671 670/670/670/672 
f 670/670/670/672 678/678/678/680 679/679/679/681 
f 680/680/680/682 678/678/678/680 670/670/670/672 
f 680/680/680/682 670/670/670/672 668/668/668/670 
f 680/680/680/682 668/668/668/670 681/681/681/683 
f 682/682/682/684 680/680/680/682 681/681/681/683 
f 682/682/682/684 681/681/681/683 683/683/683/685 
f 684/684/684/686 685/685/685/687 683/683/683/685 
f 684/684/684/686 683/683/683/685 681/681/681/683 
f 684/684/684/686 681/681/681/683 668/668/668/670 
f 684/684/684/686 668/668/668/670 667/667/667/669 
f 680/680/680/682 686/686/686/688 678/678/678/680 
f 678/678/678/680 686/686/686/688 679/679/679/681 
f 687/687/687/689 686/686/686/688 688/688/688/690 
f 680/680/680/682 682/682/682/684 688/688/688/690 
f 680/680/680/682 688/688/688/690 686/686/686/688 
f 689/689/689/691 667/667/667/669 666/666/666/668 
f 689/689/689/691 666/666/666/668 690/690/690/692 
f 252/252/252/254 257/257/257/259 689/689/689/691 
f 252/252/252/254 689/689/689/691 690/690/690/692 
f 690/690/690/692 666/666/666/668 664/664/664/666 
f 690/690/690/692 664/664/664/666 253/253/253/255 
f 252/252/252/254 690/690/690/692 253/253/253/255 
f 691/691/691/693 684/684/684/686 667/667/667/669 
f 691/691/691/693 667/667/667/669 689/689/689/691 
f 684/684/684/686 691/691/691/693 692/692/692/694 
f 684/684/684/686 692/692/692/694 685/685/685/687 
f 692/692/692/694 693/693/693/695 694/694/694/696 
f 692/692/692/694 694/694/694/696 685/685/685/687 
f 695/695/695/697 694/694/694/696 693/693/693/695 
f 695/695/695/697 693/693/693/695 696/696/696/698 
f 697/697/697/699 698/698/698/700 694/694/694/696 
f 697/697/697/699 694/694/694/696 695/695/695/697 
f 698/698/698/700 697/697/697/699 699/699/699/701 
f 699/699/699/701 697/697/697/699 700/700/700/702 
f 699/699/699/701 700/700/700/702 701/701/701/703 
f 702/702/702/704 700/700/700/702 697/697/697/699 
f 702/702/702/704 697/697/697/699 695/695/695/697 
f 683/683/683/685 685/685/685/687 694/694/694/696 
f 683/683/683/685 694/694/694/696 698/698/698/700 
f 703/703/703/705 702/702/702/704 695/695/695/697 
f 703/703/703/705 695/695/695/697 696/696/696/698 
f 703/703/703/705 704/704/704/706 705/705/705/707 
f 703/703/703/705 705/705/705/707 702/702/702/704 
f 706/706/706/708 707/707/707/709 704/704/704/706 
f 706/706/706/708 704/704/704/706 703/703/703/705 
f 696/696/696/698 708/708/708/710 706/706/706/708 
f 696/696/696/698 706/706/706/708 703/703/703/705 
f 708/708/708/710 696/696/696/698 693/693/693/695 
f 708/708/708/710 693/693/693/695 692/692/692/694 
f 708/708/708/710 692/692/692/694 257/257/257/259 
f 691/691/691/693 257/257/257/259 692/692/692/694 
f 257/257/257/259 691/691/691/693 689/689/689/691 
f 252/252/252/254 255/255/255/257 257/257/257/259 
f 607/607/607/609 708/708/708/710 257/257/257/259 
f 607/607/607/609 257/257/257/259 256/256/256/258 
f 607/607/607/609 608/608/608/610 709/709/709/711 
f 607/607/607/609 709/709/709/711 708/708/708/710 
f 706/706/706/708 708/708/708/710 709/709/709/711 
f 706/706/706/708 709/709/709/711 710/710/710/712 
f 707/707/707/709 706/706/706/708 710/710/710/712 
f 707/707/707/709 710/710/710/712 711/711/711/713 
f 711/711/711/713 712/712/712/714 707/707/707/709 
f 713/713/713/715 712/712/712/714 714/714/714/716 
f 713/713/713/715 714/714/714/716 715/715/715/717 
f 713/713/713/715 716/716/716/718 717/717/717/719 
f 716/716/716/718 718/718/718/720 719/719/719/721 
f 716/716/716/718 719/719/719/721 717/717/717/719 
f 718/718/718/720 720/720/720/722 721/721/721/723 
f 722/722/722/724 721/721/721/723 720/720/720/722 
f 722/722/722/724 720/720/720/722 723/723/723/725 
f 724/724/724/726 722/722/722/724 725/725/725/727 
f 724/724/724/726 726/726/726/728 727/727/727/729 
f 724/724/724/726 728/728/728/730 726/726/726/728 
f 729/729/729/731 721/721/721/723 722/722/722/724 
f 729/729/729/731 722/722/722/724 724/724/724/726 
f 729/729/729/731 724/724/724/726 727/727/727/729 
f 729/729/729/731 727/727/727/729 719/719/719/721 
f 725/725/725/727 722/722/722/724 723/723/723/725 
f 720/720/720/722 730/730/730/732 731/731/731/733 
f 720/720/720/722 731/731/731/733 723/723/723/725 
f 732/732/732/734 730/730/730/732 720/720/720/722 
f 732/732/732/734 720/720/720/722 718/718/718/720 
f 732/732/732/734 733/733/733/735 730/730/730/732 
f 733/733/733/735 732/732/732/734 734/734/734/736 
f 735/735/735/737 736/736/736/738 734/734/734/736 
f 735/735/735/737 734/734/734/736 732/732/732/734 
f 735/735/735/737 732/732/732/734 737/737/737/739 
f 735/735/735/737 737/737/737/739 738/738/738/740 
f 737/737/737/739 732/732/732/734 718/718/718/720 
f 737/737/737/739 718/718/718/720 716/716/716/718 
f 733/733/733/735 739/739/739/741 731/731/731/733 
f 733/733/733/735 731/731/731/733 730/730/730/732 
f 739/739/739/741 733/733/733/735 740/740/740/742 
f 741/741/741/743 731/731/731/733 739/739/739/741 
f 721/721/721/723 719/719/719/721 718/718/718/720 
f 713/713/713/715 717/717/717/719 742/742/742/744 
f 713/713/713/715 742/742/742/744 743/743/743/745 
f 742/742/742/744 744/744/744/746 745/745/745/747 
f 742/742/742/744 745/745/745/747 746/746/746/748 
f 744/744/744/746 747/747/747/749 748/748/748/750 
f 744/744/744/746 748/748/748/750 745/745/745/747 
f 748/748/748/750 747/747/747/749 749/749/749/751 
f 747/747/747/749 727/727/727/729 726/726/726/728 
f 747/747/747/749 726/726/726/728 750/750/750/752 
f 727/727/727/729 747/747/747/749 744/744/744/746 
f 727/727/727/729 744/744/744/746 719/719/719/721 
f 751/751/751/753 752/752/752/754 745/745/745/747 
f 751/751/751/753 745/745/745/747 753/753/753/755 
f 753/753/753/755 745/745/745/747 754/754/754/756 
f 754/754/754/756 745/745/745/747 748/748/748/750 
f 752/752/752/754 746/746/746/748 745/745/745/747 
f 717/717/717/719 719/719/719/721 744/744/744/746 
f 717/717/717/719 744/744/744/746 742/742/742/744 
f 742/742/742/744 746/746/746/748 743/743/743/745 
f 743/743/743/745 746/746/746/748 707/707/707/709 
f 712/712/712/714 713/713/713/715 743/743/743/745 
f 712/712/712/714 743/743/743/745 707/707/707/709 
f 716/716/716/718 715/715/715/717 737/737/737/739 
f 737/737/737/739 715/715/715/717 738/738/738/740 
f 755/755/755/757 756/756/756/758 738/738/738/740 
f 755/755/755/757 738/738/738/740 715/715/715/717 
f 755/755/755/757 757/757/757/759 758/758/758/760 
f 755/755/755/757 758/758/758/760 756/756/756/758 
f 759/759/759/761 760/760/760/762 757/757/757/759 
f 496/496/496/498 495/495/495/497 760/760/760/762 
f 496/496/496/498 760/760/760/762 759/759/759/761 
f 507/507/507/509 496/496/496/498 759/759/759/761 
f 507/507/507/509 759/759/759/761 508/508/508/510 
f 508/508/508/510 759/759/759/761 714/714/714/716 
f 508/508/508/510 714/714/714/716 761/761/761/763 
f 757/757/757/759 755/755/755/757 714/714/714/716 
f 757/757/757/759 714/714/714/716 759/759/759/761 
f 762/762/762/764 763/763/763/765 758/758/758/760 
f 762/762/762/764 758/758/758/760 757/757/757/759 
f 764/764/764/766 763/763/763/765 762/762/762/764 
f 764/764/764/766 762/762/762/764 765/765/765/767 
f 762/762/762/764 757/757/757/759 760/760/760/762 
f 762/762/762/764 760/760/760/762 765/765/765/767 
f 758/758/758/760 766/766/766/768 767/767/767/769 
f 758/758/758/760 767/767/767/769 756/756/756/758 
f 763/763/763/765 766/766/766/768 758/758/758/760 
f 714/714/714/716 755/755/755/757 715/715/715/717 
f 716/716/716/718 713/713/713/715 715/715/715/717 
f 714/714/714/716 712/712/712/714 761/761/761/763 
f 761/761/761/763 712/712/712/714 711/711/711/713 
f 768/768/768/770 769/769/769/771 761/761/761/763 
f 768/768/768/770 761/761/761/763 711/711/711/713 
f 433/433/433/435 768/768/768/770 711/711/711/713 
f 433/433/433/435 711/711/711/713 710/710/710/712 
f 770/770/770/772 771/771/771/773 769/769/769/771 
f 770/770/770/772 769/769/769/771 768/768/768/770 
f 772/772/772/774 773/773/773/775 771/771/771/773 
f 772/772/772/774 771/771/771/773 770/770/770/772 
f 772/772/772/774 774/774/774/776 773/773/773/775 
f 775/775/775/777 774/774/774/776 436/436/436/438 
f 422/422/422/424 423/423/423/425 775/775/775/777 
f 422/422/422/424 775/775/775/777 444/444/444/446 
f 444/444/444/446 775/775/775/777 436/436/436/438 
f 444/444/444/446 436/436/436/438 435/435/435/437 
f 776/776/776/778 774/774/774/776 775/775/775/777 
f 776/776/776/778 773/773/773/775 774/774/774/776 
f 771/771/771/773 773/773/773/775 777/777/777/779 
f 771/771/771/773 777/777/777/779 769/769/769/771 
f 773/773/773/775 776/776/776/778 778/778/778/780 
f 773/773/773/775 778/778/778/780 777/777/777/779 
f 775/775/775/777 423/423/423/425 778/778/778/780 
f 775/775/775/777 778/778/778/780 776/776/776/778 
f 774/774/774/776 772/772/772/774 436/436/436/438 
f 436/436/436/438 772/772/772/774 770/770/770/772 
f 436/436/436/438 770/770/770/772 434/434/434/436 
f 768/768/768/770 433/433/433/435 434/434/434/436 
f 768/768/768/770 434/434/434/436 770/770/770/772 
f 709/709/709/711 432/432/432/434 433/433/433/435 
f 709/709/709/711 433/433/433/435 710/710/710/712 
f 441/441/441/443 432/432/432/434 709/709/709/711 
f 441/441/441/443 709/709/709/711 608/608/608/610 
f 698/698/698/700 779/779/779/781 682/682/682/684 
f 698/698/698/700 682/682/682/684 683/683/683/685 
f 780/780/780/782 688/688/688/690 682/682/682/684 
f 780/780/780/782 682/682/682/684 779/779/779/781 
f 688/688/688/690 780/780/780/782 781/781/781/783 
f 688/688/688/690 781/781/781/783 782/782/782/784 
f 782/782/782/784 783/783/783/785 687/687/687/689 
f 783/783/783/785 782/782/782/784 781/781/781/783 
f 782/782/782/784 687/687/687/689 688/688/688/690 
f 779/779/779/781 784/784/784/786 785/785/785/787 
f 784/784/784/786 786/786/786/788 785/785/785/787 
f 786/786/786/788 787/787/787/789 788/788/788/790 
f 789/789/789/791 788/788/788/790 787/787/787/789 
f 787/787/787/789 699/699/699/701 701/701/701/703 
f 787/787/787/789 701/701/701/703 789/789/789/791 
f 699/699/699/701 787/787/787/789 786/786/786/788 
f 784/784/784/786 699/699/699/701 786/786/786/788 
f 784/784/784/786 698/698/698/700 699/699/699/701 
f 784/784/784/786 779/779/779/781 698/698/698/700 
f 705/705/705/707 704/704/704/706 790/790/790/792 
f 790/790/790/792 791/791/791/793 792/792/792/794 
f 790/790/790/792 792/792/792/794 705/705/705/707 
f 791/791/791/793 793/793/793/795 792/792/792/794 
f 700/700/700/702 792/792/792/794 793/793/793/795 
f 702/702/702/704 705/705/705/707 792/792/792/794 
f 702/702/702/704 792/792/792/794 700/700/700/702 
f 751/751/751/753 794/794/794/796 791/791/791/793 
f 751/751/751/753 753/753/753/755 794/794/794/796 
f 790/790/790/792 752/752/752/754 751/751/751/753 
f 790/790/790/792 751/751/751/753 791/791/791/793 
f 752/752/752/754 790/790/790/792 746/746/746/748 
f 746/746/746/748 790/790/790/792 704/704/704/706 
f 746/746/746/748 704/704/704/706 707/707/707/709 
f 464/464/464/466 468/468/468/470 467/467/467/469 
f 463/463/463/465 795/795/795/797 796/796/796/798 
f 463/463/463/465 796/796/796/798 504/504/504/506 
f 795/795/795/797 797/797/797/799 798/798/798/800 
f 795/795/795/797 798/798/798/800 796/796/796/798 
f 799/799/799/801 796/796/796/798 798/798/798/800 
f 799/799/799/801 798/798/798/800 800/800/800/802 
f 799/799/799/801 801/801/801/803 802/802/802/804 
f 799/799/799/801 802/802/802/804 803/803/803/805 
f 802/802/802/804 801/801/801/803 804/804/804/806 
f 802/802/802/804 804/804/804/806 805/805/805/807 
f 805/805/805/807 806/806/806/808 807/807/807/809 
f 805/805/805/807 807/807/807/809 808/808/808/810 
f 807/807/807/809 809/809/809/811 808/808/808/810 
f 807/807/807/809 810/810/810/812 809/809/809/811 
f 806/806/806/808 810/810/810/812 807/807/807/809 
f 811/811/811/813 808/808/808/810 809/809/809/811 
f 501/501/501/503 803/803/803/805 811/811/811/813 
f 501/501/501/503 811/811/811/813 502/502/502/504 
f 502/502/502/504 811/811/811/813 812/812/812/814 
f 811/811/811/813 813/813/813/815 812/812/812/814 
f 813/813/813/815 811/811/811/813 809/809/809/811 
f 805/805/805/807 808/808/808/810 811/811/811/813 
f 802/802/802/804 805/805/805/807 811/811/811/813 
f 802/802/802/804 811/811/811/813 803/803/803/805 
f 501/501/501/503 504/504/504/506 796/796/796/798 
f 501/501/501/503 796/796/796/798 799/799/799/801 
f 501/501/501/503 799/799/799/801 803/803/803/805 
f 814/814/814/816 800/800/800/802 798/798/798/800 
f 797/797/797/799 814/814/814/816 798/798/798/800 
f 424/424/424/426 509/509/509/511 778/778/778/780 
f 424/424/424/426 778/778/778/780 423/423/423/425 
f 777/777/777/779 778/778/778/780 509/509/509/511 
f 777/777/777/779 509/509/509/511 508/508/508/510 
f 769/769/769/771 777/777/777/779 508/508/508/510 
f 769/769/769/771 508/508/508/510 761/761/761/763 
f 495/495/495/497 497/497/497/499 765/765/765/767 
f 495/495/495/497 765/765/765/767 760/760/760/762 
f 437/437/437/439 443/443/443/445 435/435/435/437 
f 444/444/444/446 435/435/435/437 443/443/443/445 
f 753/753/753/755 815/815/815/817 816/816/816/818 
f 815/815/815/817 817/817/817/819 816/816/816/818 
f 817/817/817/819 818/818/818/820 819/819/819/821 
f 819/819/819/821 818/818/818/820 820/820/820/822 
f 820/820/820/822 821/821/821/823 822/822/822/824 
f 821/821/821/823 823/823/823/825 822/822/822/824 
f 824/824/824/826 753/753/753/755 754/754/754/756 
f 824/824/824/826 754/754/754/756 823/823/823/825 
f 821/821/821/823 820/820/820/822 818/818/818/820 
f 821/821/821/823 818/818/818/820 824/824/824/826 
f 821/821/821/823 824/824/824/826 823/823/823/825 
f 824/824/824/826 815/815/815/817 753/753/753/755 
f 815/815/815/817 824/824/824/826 818/818/818/820 
f 815/815/815/817 818/818/818/820 817/817/817/819 
f 825/825/825/827 826/826/826/828 823/823/823/825 
f 754/754/754/756 748/748/748/750 825/825/825/827 
f 754/754/754/756 825/825/825/827 823/823/823/825 
f 825/825/825/827 827/827/827/829 826/826/826/828 
f 825/825/825/827 748/748/748/750 828/828/828/830 
f 825/825/825/827 828/828/828/830 827/827/827/829 
f 749/749/749/751 828/828/828/830 748/748/748/750 
f 497/497/497/499 829/829/829/831 764/764/764/766 
f 497/497/497/499 764/764/764/766 765/765/765/767 
f 830/830/830/832 831/831/831/833 832/832/832/834 
f 830/830/830/832 832/832/832/834 829/829/829/831 
f 833/833/833/835 830/830/830/832 834/834/834/836 
f 833/833/833/835 834/834/834/836 494/494/494/496 
f 833/833/833/835 835/835/835/837 831/831/831/833 
f 833/833/833/835 831/831/831/833 830/830/830/832 
f 836/836/836/838 832/832/832/834 831/831/831/833 
f 836/836/836/838 831/831/831/833 835/835/835/837 
f 837/837/837/839 838/838/838/840 832/832/832/834 
f 837/837/837/839 832/832/832/834 836/836/836/838 
f 838/838/838/840 837/837/837/839 839/839/839/841 
f 838/838/838/840 839/839/839/841 840/840/840/842 
f 840/840/840/842 839/839/839/841 766/766/766/768 
f 840/840/840/842 766/766/766/768 763/763/763/765 
f 766/766/766/768 839/839/839/841 841/841/841/843 
f 766/766/766/768 841/841/841/843 767/767/767/769 
f 841/841/841/843 839/839/839/841 837/837/837/839 
f 841/841/841/843 837/837/837/839 842/842/842/844 
f 843/843/843/845 844/844/844/846 842/842/842/844 
f 843/843/843/845 842/842/842/844 845/845/845/847 
f 842/842/842/844 837/837/837/839 836/836/836/838 
f 842/842/842/844 836/836/836/838 845/845/845/847 
f 844/844/844/846 736/736/736/738 841/841/841/843 
f 844/844/844/846 841/841/841/843 842/842/842/844 
f 841/841/841/843 736/736/736/738 735/735/735/737 
f 841/841/841/843 735/735/735/737 767/767/767/769 
f 764/764/764/766 838/838/838/840 840/840/840/842 
f 764/764/764/766 840/840/840/842 763/763/763/765 
f 832/832/832/834 838/838/838/840 764/764/764/766 
f 832/832/832/834 764/764/764/766 829/829/829/831 
f 835/835/835/837 846/846/846/848 845/845/845/847 
f 835/835/835/837 845/845/845/847 836/836/836/838 
f 833/833/833/835 847/847/847/849 846/846/846/848 
f 833/833/833/835 846/846/846/848 835/835/835/837 
f 490/490/490/492 847/847/847/849 833/833/833/835 
f 490/490/490/492 833/833/833/835 494/494/494/496 
f 848/848/848/850 849/849/849/851 846/846/846/848 
f 848/848/848/850 846/846/846/848 847/847/847/849 
f 849/849/849/851 848/848/848/850 850/850/850/852 
f 849/849/849/851 850/850/850/852 851/851/851/853 
f 849/849/849/851 843/843/843/845 845/845/845/847 
f 849/849/849/851 845/845/845/847 846/846/846/848 
f 852/852/852/854 853/853/853/855 854/854/854/856 
f 852/852/852/854 854/854/854/856 850/850/850/852 
f 489/489/489/491 852/852/852/854 848/848/848/850 
f 848/848/848/850 852/852/852/854 850/850/850/852 
f 855/855/855/857 853/853/853/855 852/852/852/854 
f 855/855/855/857 852/852/852/854 489/489/489/491 
f 854/854/854/856 856/856/856/858 851/851/851/853 
f 854/854/854/856 853/853/853/855 857/857/857/859 
f 854/854/854/856 857/857/857/859 856/856/856/858 
f 851/851/851/853 850/850/850/852 854/854/854/856 
f 489/489/489/491 848/848/848/850 847/847/847/849 
f 489/489/489/491 847/847/847/849 490/490/490/492 
f 498/498/498/500 488/488/488/490 494/494/494/496 
f 498/498/498/500 494/494/494/496 834/834/834/836 
f 497/497/497/499 498/498/498/500 834/834/834/836 
f 497/497/497/499 834/834/834/836 829/829/829/831 
f 829/829/829/831 834/834/834/836 830/830/830/832 
f 767/767/767/769 735/735/735/737 738/738/738/740 
f 767/767/767/769 738/738/738/740 756/756/756/758 
f 729/729/729/731 719/719/719/721 721/721/721/723 
f 726/726/726/728 728/728/728/730 750/750/750/752 
f 858/858/858/860 740/740/740/742 733/733/733/735 
f 858/858/858/860 733/733/733/735 734/734/734/736 
f 740/740/740/742 858/858/858/860 859/859/859/861 
f 858/858/858/860 860/860/860/862 859/859/859/861 
f 861/861/861/863 860/860/860/862 862/862/862/864 
f 863/863/863/865 861/861/861/863 862/862/862/864 
f 736/736/736/738 863/863/863/865 862/862/862/864 
f 736/736/736/738 862/862/862/864 734/734/734/736 
f 734/734/734/736 862/862/862/864 860/860/860/862 
f 734/734/734/736 860/860/860/862 858/858/858/860 
f 855/855/855/857 489/489/489/491 492/492/492/494 
f 855/855/855/857 492/492/492/494 812/812/812/814 
f 812/812/812/814 857/857/857/859 853/853/853/855 
f 812/812/812/814 853/853/853/855 855/855/855/857 
f 812/812/812/814 492/492/492/494 502/502/502/504 
f 723/723/723/725 731/731/731/733 741/741/741/743 
f 466/466/466/468 459/459/459/461 462/462/462/464 
