v -963.2512 42.5252 136.0273
v -963.405 41.2603 137.59
v -966.1627 41.2603 137.5989
v -966.3265 42.5252 136.0372
v -962.2483 44.6103 125.8384
v -963.1677 44.2002 135.1794
v -966.4155 44.2002 135.1898
v -967.3951 44.6103 125.8549
v -962.2585 49.4367 125.9424
v -962.1904 46.4373 125.2513
v -967.4568 46.4373 125.2683
v -967.3843 49.4367 125.959
v -962.5066 51.6927 128.4628
v -967.12 51.6927 128.4776
v -962.8394 52.4371 131.844
v -966.7654 52.4371 131.8566
v -963.1743 46.1283 135.247
v -963.1743 51.6818 135.247
v -966.4084 51.6818 135.2574
v -966.4084 46.1283 135.2574
v -963.2073 45.8518 135.5814
v -966.3734 45.8518 135.5916
v -963.4248 40.7194 137.7916
v -966.1416 40.7194 137.8004
v -963.3003 38.2678 136.5263
v -966.2743 38.2678 136.5359
v -963.1089 37.8117 134.5814
v -966.4783 37.8117 134.5923
v -963.1105 35.8632 134.5983
v -966.4764 35.8632 134.6092
v -962.8981 34.5101 132.4405
v -966.7028 34.5101 132.4527
v -962.785 32.3321 131.2913
v -966.8232 32.3321 131.3043
v -962.8008 29.8766 131.4522
v -966.8064 29.8766 131.4651
v -962.9587 27.5213 133.0559
v -966.6382 27.5213 133.0677
v -963.4384 24.6012 137.9294
v -966.1271 24.6012 137.9381
v -964.1406 22.4835 145.0634
v -965.3789 22.4835 145.0674
v -964.0889 21.3561 144.5378
v -965.4341 21.3561 144.5422
v -964.1063 20.1714 144.7155
v -964.2634 19.3701 146.3115
v -965.248 19.3701 146.3146
v -965.4154 20.1714 144.7197
v -964.2926 19.3701 146.6093
v -965.2167 19.3701 146.6123
v -964.2235 18.2709 145.9077
v -965.2902 18.2709 145.9112
v -964.256 17.3796 146.2373
v -965.2556 17.3796 146.2405
v -964.3501 16.6137 147.1922
v -965.1555 16.6137 147.1948
v -964.6912 42.5252 166.3542
v -964.6962 41.2603 164.7839
v -961.9524 41.2603 164.4958
v -961.6312 42.5252 166.0329
v -959.3239 41.2603 163.6616
v -958.6998 42.5252 165.1026
v -956.9171 41.2603 162.3153
v -956.0157 42.5252 163.6012
v -954.8306 41.2603 160.5121
v -953.6888 42.5252 161.5903
v -953.1497 41.2603 158.3259
v -951.8143 42.5252 159.1521
v -951.9434 41.2603 155.846
v -950.469 42.5252 156.3865
v -951.2609 41.2603 153.1741
v -949.7079 42.5252 153.4068
v -951.1301 41.2603 150.4194
v -949.5621 42.5252 150.3348
v -951.5566 41.2603 147.6949
v -950.0378 42.5252 147.2964
v -952.5228 41.2603 145.112
v -951.1154 42.5252 144.4158
v -953.9893 41.2603 142.7764
v -952.7506 42.5252 141.8112
v -955.8956 41.2603 140.7838
v -954.8767 42.5252 139.589
v -958.1642 41.2603 139.2158
v -957.4066 42.5252 137.8403
v -960.7019 41.2603 138.1364
v -960.2367 42.5252 136.6367
v -967.7531 42.5252 166.0527
v -967.4418 41.2603 164.5136
v -970.6903 42.5252 165.1413
v -970.0757 41.2603 163.6963
v -973.384 42.5252 163.6572
v -972.4911 41.2603 162.3656
v -975.7239 42.5252 161.6613
v -974.5891 41.2603 160.5759
v -977.614 42.5252 159.2353
v -976.2841 41.2603 158.4005
v -978.9772 42.5252 156.4785
v -977.5063 41.2603 155.9284
v -979.7574 42.5252 153.5037
v -978.2061 41.2603 153.261
v -979.923 42.5252 150.4327
v -978.3545 41.2603 150.5072
v -979.467 42.5252 147.3912
v -977.9456 41.2603 147.78
v -978.4081 42.5252 144.5038
v -976.9961 41.2603 145.1909
v -976.7897 42.5252 141.8887
v -975.5448 41.2603 142.8459
v -974.678 42.5252 139.6529
v -973.6512 41.2603 140.8411
v -972.1594 42.5252 137.8879
v -971.3929 41.2603 139.2584
v -969.337 42.5252 136.666
v -968.8622 41.2603 138.1627
v -964.6581 44.6103 176.5923
v -964.6884 44.2001 167.2062
v -961.4569 44.2001 166.867
v -959.5371 44.6103 176.0547
v -958.3612 44.2001 165.8845
v -954.6313 44.6103 174.4977
v -955.5267 44.2001 164.2989
v -950.1394 44.6103 171.985
v -953.0693 44.2001 162.1753
v -946.2451 44.6103 168.6196
v -951.0898 44.2001 159.6004
v -943.108 44.6103 164.5392
v -949.6691 44.2001 156.6798
v -940.8566 44.6103 159.9108
v -948.8652 44.2001 153.5331
v -939.5828 44.6103 154.924
v -948.7114 44.2002 150.2888
v -939.3389 44.6103 149.7828
v -949.2136 44.2002 147.0801
v -940.1349 44.6103 144.6978
v -950.3516 44.2002 144.0381
v -941.9381 44.6103 139.8771
v -952.0785 44.2002 141.2874
v -944.6749 44.6103 135.5181
v -954.3237 44.2002 138.9407
v -948.233 44.6103 131.7991
v -956.9955 44.2002 137.094
v -952.467 44.6103 128.8726
v -959.9843 44.2002 135.8228
v -957.2034 44.6103 126.8582
v -969.7825 44.6103 176.0877
v -967.922 44.2002 166.8878
v -974.6981 44.6103 174.5624
v -971.0239 44.2002 165.9253
v -979.2062 44.6103 172.0787
v -973.8685 44.2002 164.3581
v -983.1221 44.6103 168.7385
v -976.3396 44.2002 162.2503
v -986.2854 44.6103 164.6784
v -978.3357 44.2002 159.6883
v -988.5668 44.6103 160.0647
v -979.7753 44.2002 156.7769
v -989.8727 44.6103 155.0862
v -980.5994 44.2002 153.6354
v -990.1497 44.6103 149.9467
v -980.7742 44.2002 150.3922
v -989.3865 44.6103 144.8566
v -980.2925 44.2002 147.1803
v -987.6144 44.6103 140.0244
v -979.1743 44.2002 144.131
v -984.9058 44.6103 135.6478
v -977.4651 44.2002 141.3693
v -981.3717 44.6103 131.906
v -975.235 44.2002 139.0081
v -977.1567 44.6103 128.9522
v -972.5753 44.2002 137.1442
v -972.4333 44.6103 126.9073
v -969.5947 44.2002 135.8538
v -964.6584 49.4367 176.4878
v -964.6561 46.4373 177.1822
v -959.4165 46.4373 176.632
v -959.5585 49.4367 175.9523
v -954.397 46.4373 175.0389
v -954.6729 49.4367 174.4017
v -949.8008 46.4373 172.468
v -950.1993 49.4367 171.8994
v -945.8163 46.4373 169.0246
v -946.3212 49.4367 168.5478
v -942.6064 46.4373 164.8495
v -943.197 49.4367 164.4842
v -940.3027 46.4373 160.1139
v -940.9547 49.4367 159.8748
v -938.9994 46.4373 155.0114
v -939.6862 49.4367 154.9085
v -938.7499 46.4373 149.751
v -939.4434 49.4367 149.7885
v -939.5643 46.4373 144.5481
v -940.2361 49.4367 144.7244
v -941.4094 46.4373 139.6156
v -942.0319 49.4367 139.9235
v -944.2096 46.4373 135.1555
v -944.7573 49.4367 135.5823
v -947.8503 46.4373 131.3503
v -948.3009 49.4367 131.8787
v -952.1824 46.4373 128.3559
v -952.5175 49.4367 128.9641
v -957.0286 46.4373 126.2948
v -957.2344 49.4367 126.958
v -969.7617 49.4367 175.9852
v -969.8994 46.4373 176.6659
v -974.6572 49.4367 174.4662
v -974.9291 46.4373 175.1052
v -979.1467 49.4367 171.9927
v -979.5416 46.4373 172.5639
v -983.0465 49.4367 168.6662
v -983.5483 46.4373 169.1463
v -986.1969 49.4367 164.6228
v -986.785 46.4373 164.992
v -988.4688 49.4367 160.028
v -989.1193 46.4373 160.2713
v -989.7693 49.4367 155.07
v -990.4554 46.4373 155.1773
v -990.0452 49.4367 149.9517
v -990.7389 46.4373 149.9187
v -989.2852 49.4367 144.8825
v -989.958 46.4373 144.7106
v -987.5203 49.4367 140.0701
v -988.1448 46.4373 139.7663
v -984.8229 49.4367 135.7115
v -985.3734 46.4373 135.2882
v -981.3033 49.4367 131.9851
v -981.7573 46.4373 131.4597
v -977.1056 49.4367 129.0434
v -977.4446 46.4373 128.4373
v -972.4017 49.4367 127.0069
v -972.6118 46.4373 126.345
v -964.6666 51.6927 173.9553
v -960.0765 51.6927 173.4733
v -955.6793 51.6927 172.0777
v -951.653 51.6927 169.8256
v -948.1625 51.6927 166.809
v -945.3506 51.6927 163.1516
v -943.3325 51.6927 159.0031
v -942.1908 51.6927 154.5332
v -941.9722 51.6927 149.925
v -942.6857 51.6927 145.3671
v -944.302 51.6927 141.0462
v -946.755 51.6927 137.139
v -949.9443 51.6927 133.8056
v -953.7393 51.6927 131.1824
v -957.9846 51.6927 129.3768
v -969.2598 51.6927 173.503
v -973.6659 51.6927 172.1357
v -977.7065 51.6927 169.9096
v -981.2164 51.6927 166.9156
v -984.0519 51.6927 163.2764
v -986.0967 51.6927 159.141
v -987.2672 51.6927 154.6786
v -987.5155 51.6927 150.0719
v -986.8314 51.6927 145.5095
v -985.243 51.6927 141.1782
v -982.8153 51.6927 137.2553
v -979.6475 51.6927 133.9014
v -975.8695 51.6927 131.2538
v -971.6359 51.6927 129.4208
v -961.5396 45.8518 166.4716
v -958.5217 45.8518 165.5138
v -955.7585 45.8518 163.9681
v -951.4333 45.8518 159.3879
v -953.363 45.8518 161.8979
v -950.0483 45.8518 156.5408
v -949.2648 45.8518 153.4732
v -980.3706 45.8518 150.4114
v -949.1147 45.8518 150.3106
v -980.2002 45.8518 153.5729
v -979.3969 45.8518 156.6354
v -976.0476 45.8518 161.9711
v -977.9935 45.8518 159.4735
v -973.6388 45.8518 164.0258
v -970.8657 45.8518 165.5536
v -967.8419 45.8518 166.4919
v -964.6897 45.8518 166.8023
v -969.4725 45.8518 136.2389
v -957.1904 45.8518 137.4478
v -972.3781 45.8518 137.4968
v -974.9709 45.8518 139.3138
v -978.811 45.8518 144.3078
v -977.1449 45.8518 141.6156
v -979.9011 45.8518 147.2803
v -949.6044 45.8518 147.1826
v -950.7136 45.8518 144.2172
v -952.3971 45.8518 141.5358
v -954.5859 45.8518 139.2481
v -960.1039 45.8518 136.2087
v -964.6775 52.4371 170.5577
v -960.7714 52.4371 170.1476
v -957.0294 52.4371 168.96
v -953.603 52.4371 167.0434
v -950.6327 52.4371 164.4763
v -948.2397 52.4371 161.3639
v -946.5223 52.4371 157.8335
v -945.5508 52.4371 154.0297
v -945.3647 52.4371 150.1082
v -945.9719 52.4371 146.2295
v -947.3474 52.4371 142.5524
v -949.4349 52.4371 139.2274
v -952.149 52.4371 136.3907
v -955.3785 52.4371 134.1584
v -958.9913 52.4371 132.6218
v -968.5863 52.4371 170.1728
v -972.3358 52.4371 169.0093
v -975.7744 52.4371 167.1149
v -978.7614 52.4371 164.567
v -981.1743 52.4371 161.4701
v -982.9144 52.4371 157.9509
v -983.9105 52.4371 154.1534
v -984.1218 52.4371 150.2332
v -983.5397 52.4371 146.3506
v -982.188 52.4371 142.6647
v -980.1219 52.4371 139.3264
v -977.4261 52.4371 136.4722
v -974.2112 52.4371 134.2191
v -970.6084 52.4371 132.6593
v -964.6886 46.1283 167.1383
v -964.6886 51.6818 167.1383
v -961.4708 51.6817 166.8004
v -961.4708 46.1283 166.8004
v -958.3883 51.6817 165.8221
v -958.3883 46.1283 165.8221
v -955.5658 51.6817 164.2433
v -955.5658 46.1283 164.2433
v -953.1188 51.6818 162.1286
v -953.1188 46.1283 162.1286
v -951.1476 51.6818 159.5647
v -951.1476 46.1283 159.5647
v -949.7329 51.6818 156.6564
v -949.7329 46.1283 156.6564
v -948.9325 51.6818 153.523
v -948.9325 46.1283 153.523
v -948.7793 51.6818 150.2925
v -948.7793 46.1283 150.2925
v -949.2794 51.6818 147.0974
v -949.2794 46.1283 147.0974
v -950.4125 51.6818 144.0683
v -950.4125 46.1283 144.0683
v -952.1321 51.6818 141.3293
v -952.1321 46.1283 141.3293
v -954.3679 51.6818 138.9925
v -954.3679 46.1283 138.9925
v -957.0283 51.6818 137.1535
v -957.0283 46.1283 137.1535
v -960.0044 51.6818 135.8878
v -960.0044 46.1283 135.8878
v -967.9084 46.1283 166.8212
v -967.9084 51.6818 166.8212
v -970.9973 46.1283 165.8628
v -970.9973 51.6818 165.8628
v -973.83 46.1283 164.3022
v -973.83 51.6818 164.3022
v -976.2904 46.1283 162.2033
v -976.2904 51.6818 162.2033
v -978.2781 46.1283 159.6522
v -978.2781 51.6818 159.6522
v -979.7115 46.1283 156.7531
v -979.7115 51.6818 156.7531
v -980.5321 46.1283 153.6249
v -980.5321 51.6818 153.6249
v -980.7062 46.1283 150.3955
v -980.7062 51.6818 150.3955
v -980.2267 46.1283 147.1971
v -980.2267 51.6818 147.1971
v -979.1132 46.1283 144.1608
v -979.1132 51.6818 144.1608
v -977.4113 46.1283 141.4108
v -977.4113 51.6818 141.4108
v -975.1906 46.1283 139.0596
v -975.1906 51.6818 139.0596
v -972.5421 46.1283 137.2036
v -972.5421 51.6818 137.2036
v -969.5742 46.1283 135.9186
v -969.5742 51.6818 135.9186
v -964.6968 40.7194 164.5813
v -961.9938 40.7194 164.2975
v -959.4043 40.7194 163.4757
v -957.0333 40.7194 162.1494
v -954.9778 40.7194 160.373
v -953.322 40.7194 158.2193
v -952.1335 40.7194 155.7763
v -951.4612 40.7194 153.144
v -951.3325 40.7194 150.4304
v -951.7527 40.7194 147.7463
v -952.7045 40.7194 145.2018
v -954.149 40.7194 142.9009
v -956.0271 40.7194 140.938
v -958.262 40.7194 139.3932
v -960.762 40.7194 138.3299
v -967.4016 40.7194 164.315
v -969.9963 40.7194 163.5099
v -972.3759 40.7194 162.1989
v -974.4427 40.7194 160.4358
v -976.1124 40.7194 158.2928
v -977.3167 40.7194 155.8575
v -978.006 40.7194 153.2296
v -978.1521 40.7194 150.5168
v -977.7493 40.7194 147.8301
v -976.814 40.7194 145.2795
v -975.3843 40.7194 142.9694
v -973.5188 40.7194 140.9944
v -971.2941 40.7194 139.4352
v -968.8009 40.7194 138.3558
v -964.6927 38.2678 165.8528
v -961.7338 38.2678 165.5421
v -958.899 38.2678 164.6425
v -956.3036 38.2678 163.1906
v -954.0533 38.2678 161.246
v -952.2407 38.2678 158.8883
v -950.9398 38.2678 156.214
v -950.2037 38.2678 153.3325
v -950.0629 38.2678 150.3618
v -950.5228 38.2678 147.4236
v -951.5647 38.2678 144.6381
v -953.1461 38.2678 142.1194
v -955.202 38.2678 139.9705
v -957.6484 38.2678 138.2795
v -960.3853 38.2678 137.1155
v -967.6537 38.2678 165.5612
v -970.494 38.2678 164.6799
v -973.0989 38.2678 163.2448
v -975.3616 38.2678 161.3148
v -977.1893 38.2678 158.9688
v -978.5076 38.2678 156.3029
v -979.2621 38.2678 153.4262
v -979.4222 38.2678 150.4565
v -978.9812 38.2678 147.5154
v -977.9573 38.2678 144.7232
v -976.3922 38.2678 142.1943
v -974.3501 38.2678 140.0323
v -971.9147 38.2678 138.3255
v -969.1854 38.2678 137.1439
v -964.6864 37.8117 167.8071
v -961.334 37.8117 167.4551
v -958.1224 37.8117 166.4358
v -955.1819 37.8117 164.7909
v -952.6326 37.8117 162.5878
v -950.5789 37.8117 159.9166
v -949.105 37.8117 156.8867
v -948.2711 37.8117 153.6221
v -948.1115 37.8117 150.2565
v -948.6326 37.8117 146.9276
v -949.813 37.8117 143.7718
v -951.6046 37.8117 140.9182
v -953.934 37.8117 138.4836
v -956.7057 37.8117 136.5677
v -959.8063 37.8117 135.249
v -968.041 37.8117 167.4767
v -971.259 37.8117 166.4782
v -974.2102 37.8117 164.8523
v -976.7737 37.8117 162.6656
v -978.8446 37.8117 160.0077
v -980.338 37.8117 156.9874
v -981.1929 37.8117 153.7282
v -981.3743 37.8117 150.3637
v -980.8746 37.8117 147.0316
v -979.7145 37.8117 143.8682
v -977.9414 37.8117 141.0031
v -975.6278 37.8117 138.5535
v -972.8685 37.8117 136.6198
v -969.7765 37.8117 135.2812
v -964.6865 35.8632 167.7901
v -961.3375 35.8632 167.4385
v -958.1293 35.8632 166.4202
v -955.1917 35.8632 164.777
v -952.6449 35.8632 162.5761
v -950.5933 35.8632 159.9077
v -949.1208 35.8632 156.8808
v -948.2878 35.8632 153.6196
v -948.1284 35.8632 150.2574
v -948.6489 35.8632 146.9319
v -949.8282 35.8632 143.7793
v -951.618 35.8632 140.9286
v -953.9449 35.8632 138.4965
v -956.7139 35.8632 136.5826
v -959.8113 35.8632 135.2652
v -968.0377 35.8632 167.4601
v -971.2524 35.8632 166.4626
v -974.2006 35.8632 164.8383
v -976.7615 35.8632 162.6539
v -978.8302 35.8632 159.9987
v -980.3221 35.8632 156.9814
v -981.1761 35.8632 153.7256
v -981.3573 35.8632 150.3645
v -980.8582 35.8632 147.0358
v -979.6992 35.8632 143.8756
v -977.928 35.8632 141.0134
v -975.6167 35.8632 138.5664
v -972.8602 35.8632 136.6346
v -969.7714 35.8632 135.2973
v -964.6794 34.5101 169.9583
v -960.894 34.5101 169.5609
v -957.2676 34.5101 168.4099
v -953.9471 34.5101 166.5526
v -951.0685 34.5101 164.0648
v -948.7495 34.5101 161.0486
v -947.0851 34.5101 157.6272
v -946.1436 34.5101 153.9409
v -945.9633 34.5101 150.1405
v -946.5516 34.5101 146.3816
v -947.8846 34.5101 142.8181
v -949.9077 34.5101 139.5958
v -952.538 34.5101 136.8467
v -955.6677 34.5101 134.6833
v -959.1688 34.5101 133.1943
v -968.4674 34.5101 169.5854
v -972.1012 34.5101 168.4578
v -975.4336 34.5101 166.6219
v -978.3282 34.5101 164.1527
v -980.6666 34.5101 161.1515
v -982.353 34.5101 157.7409
v -983.3184 34.5101 154.0608
v -983.5232 34.5101 150.2616
v -982.959 34.5101 146.499
v -981.649 34.5101 142.9269
v -979.6467 34.5101 139.6917
v -977.0343 34.5101 136.9257
v -973.9186 34.5101 134.7422
v -970.4271 34.5101 133.2306
v -964.6758 32.3321 171.1131
v -960.6578 32.3321 170.6912
v -956.8087 32.3321 169.4696
v -953.2843 32.3321 167.4982
v -950.2289 32.3321 164.8576
v -947.7675 32.3321 161.6561
v -946.001 32.3321 158.0247
v -945.0016 32.3321 154.112
v -944.8102 32.3321 150.0782
v -945.4347 32.3321 146.0885
v -946.8496 32.3321 142.3062
v -948.9968 32.3321 138.886
v -951.7886 32.3321 135.9681
v -955.1106 32.3321 133.6719
v -958.8268 32.3321 132.0914
v -968.6963 32.3321 170.7172
v -972.5532 32.3321 169.5204
v -976.0903 32.3321 167.5717
v -979.1627 32.3321 164.951
v -981.6447 32.3321 161.7654
v -983.4346 32.3321 158.1454
v -984.4592 32.3321 154.2393
v -984.6765 32.3321 150.2068
v -984.0778 32.3321 146.2131
v -982.6874 32.3321 142.4217
v -980.5621 32.3321 138.9878
v -977.7893 32.3321 136.052
v -974.4822 32.3321 133.7344
v -970.7764 32.3321 132.1299
v -964.6763 29.8765 170.9514
v -960.6909 29.8765 170.533
v -956.8729 29.8765 169.3212
v -953.3771 29.8765 167.3658
v -950.3464 29.8765 164.7466
v -947.905 29.8765 161.571
v -946.1527 29.8765 157.9691
v -945.1615 29.8765 154.088
v -944.9717 29.8765 150.0869
v -945.5911 29.8765 146.1295
v -946.9945 29.8765 142.3778
v -949.1244 29.8765 138.9854
v -951.8936 29.8765 136.0912
v -955.1886 29.8765 133.8135
v -958.8746 29.8765 132.2458
v -968.6643 29.8766 170.5587
v -972.49 29.8766 169.3716
v -975.9984 29.8766 167.4387
v -979.0459 29.8766 164.8392
v -981.5077 29.8766 161.6794
v -983.2832 29.8766 158.0888
v -984.2994 29.8766 154.2143
v -984.5151 29.8766 150.2144
v -983.9211 29.8766 146.2531
v -982.542 29.8766 142.4925
v -980.434 29.8766 139.0864
v -977.6836 29.8766 136.1743
v -974.4033 29.8766 133.8755
v -970.7274 29.8766 132.2841
v -964.6815 27.5213 169.34
v -961.0205 27.5213 168.9556
v -957.5133 27.5213 167.8425
v -954.302 27.5213 166.0462
v -951.5181 27.5213 163.6403
v -949.2753 27.5213 160.7232
v -947.6658 27.5213 157.4143
v -946.7551 27.5213 153.8492
v -946.5807 27.5213 150.1738
v -947.1498 27.5213 146.5385
v -948.439 27.5213 143.0922
v -950.3955 27.5213 139.9759
v -952.9392 27.5213 137.3172
v -955.9661 27.5213 135.225
v -959.3521 27.5213 133.7849
v -968.3448 27.5213 168.9792
v -971.8591 27.5213 167.8888
v -975.0819 27.5213 166.1132
v -977.8815 27.5213 163.7253
v -980.1429 27.5213 160.8227
v -981.7738 27.5213 157.5243
v -982.7074 27.5213 153.9652
v -982.9054 27.5213 150.291
v -982.3599 27.5213 146.6521
v -981.0929 27.5213 143.1975
v -979.1566 27.5213 140.0686
v -976.63 27.5213 137.3936
v -973.6167 27.5213 135.2819
v -970.2401 27.5213 133.82
v -964.6973 24.6012 164.4429
v -962.0221 24.6011 164.162
v -959.4594 24.6011 163.3486
v -957.1128 24.6011 162.036
v -955.0785 24.6011 160.278
v -953.4397 24.6011 158.1464
v -952.2635 24.6011 155.7286
v -951.5981 24.6011 153.1235
v -951.4707 24.6012 150.4378
v -951.8866 24.6012 147.7815
v -952.8286 24.6012 145.2632
v -954.2582 24.6012 142.986
v -956.1169 24.6012 141.0433
v -958.3287 24.6012 139.5145
v -960.803 24.6012 138.4622
v -967.3741 24.6012 164.1793
v -969.9421 24.6012 163.3824
v -972.2971 24.6012 162.085
v -974.3427 24.6012 160.3401
v -975.9952 24.6012 158.2191
v -977.1869 24.6012 155.809
v -977.8691 24.6012 153.2083
v -978.0138 24.6012 150.5234
v -977.6152 24.6012 147.8644
v -976.6895 24.6012 145.3401
v -975.2745 24.6012 143.0538
v -973.4283 24.6012 141.0991
v -971.2264 24.6012 139.5561
v -968.759 24.6012 138.4878
v -964.7203 22.4835 157.2745
v -963.4883 22.4835 157.1451
v -962.308 22.4835 156.7705
v -961.2273 22.4835 156.166
v -960.2904 22.4835 155.3563
v -959.5356 22.4835 154.3746
v -958.9939 22.4835 153.261
v -958.6875 22.4835 152.0612
v -958.6288 22.4835 150.8243
v -958.8203 22.4835 149.6009
v -959.2542 22.4835 148.441
v -959.9126 22.4835 147.3923
v -960.7687 22.4835 146.4975
v -961.7874 22.4835 145.7934
v -962.9269 22.4835 145.3088
v -965.9532 22.4835 157.1531
v -967.136 22.4835 156.7861
v -968.2206 22.4835 156.1885
v -969.1627 22.4835 155.3849
v -969.9238 22.4835 154.4081
v -970.4727 22.4835 153.298
v -970.7869 22.4835 152.1002
v -970.8535 22.4835 150.8637
v -970.6699 22.4835 149.6391
v -970.2435 22.4835 148.4765
v -969.5918 22.4835 147.4235
v -968.7416 22.4835 146.5233
v -967.7274 22.4835 145.8126
v -966.5911 22.4835 145.3206
v -964.7186 21.3561 157.8026
v -963.3802 21.3561 157.662
v -962.0981 21.3561 157.2551
v -960.9242 21.3561 156.5984
v -959.9064 21.3561 155.7189
v -959.0865 21.3561 154.6524
v -958.498 21.3561 153.4428
v -958.1652 21.3561 152.1395
v -958.1014 21.3561 150.7958
v -958.3094 21.3561 149.4668
v -958.7808 21.3561 148.2069
v -959.496 21.3561 147.0677
v -960.4259 21.3561 146.0957
v -961.5325 21.3561 145.3308
v -962.7704 21.3561 144.8044
v -966.058 21.3561 157.6707
v -967.3427 21.3561 157.272
v -968.5209 21.3561 156.6229
v -969.5443 21.3561 155.7499
v -970.3711 21.3561 154.6888
v -970.9673 21.3561 153.483
v -971.3086 21.3561 152.1819
v -971.381 21.3561 150.8387
v -971.1815 21.3561 149.5083
v -970.7184 21.3561 148.2454
v -970.0105 21.3561 147.1016
v -969.0868 21.3561 146.1237
v -967.9852 21.3561 145.3517
v -966.7507 21.3561 144.8172
v -964.7192 20.1714 157.6241
v -964.7245 19.3701 156.0204
v -963.7449 19.3701 155.9175
v -963.4169 20.1714 157.4873
v -962.8064 19.3701 155.6197
v -962.1691 20.1714 157.0913
v -961.947 19.3701 155.139
v -961.0266 20.1714 156.4522
v -961.2021 19.3701 154.4953
v -960.0363 20.1714 155.5963
v -960.6021 19.3701 153.7147
v -959.2383 20.1714 154.5585
v -960.1714 19.3701 152.8293
v -958.6656 20.1714 153.3813
v -959.9276 19.3701 151.8754
v -958.3417 20.1714 152.113
v -959.881 19.3701 150.8919
v -958.2797 20.1714 150.8055
v -960.0333 19.3701 149.9192
v -958.4822 20.1714 149.5121
v -960.3782 19.3701 148.997
v -958.9408 20.1714 148.2861
v -960.9017 19.3701 148.1631
v -959.6368 20.1714 147.1774
v -961.5824 19.3701 147.4517
v -960.5417 20.1714 146.2316
v -962.3923 19.3701 146.8919
v -961.6187 20.1714 145.4872
v -963.2983 19.3701 146.5065
v -962.8232 20.1714 144.9749
v -966.0226 20.1714 157.4957
v -965.7047 19.3701 155.9239
v -967.2728 20.1714 157.1078
v -966.645 19.3701 155.6321
v -968.4193 20.1714 156.4761
v -967.5074 19.3701 155.157
v -969.4153 20.1714 155.6266
v -968.2565 19.3701 154.518
v -970.2198 20.1714 154.5939
v -968.8616 19.3701 153.7413
v -970.8 20.1714 153.4205
v -969.298 19.3701 152.8588
v -971.1322 20.1714 152.1543
v -969.5479 19.3701 151.9064
v -971.2026 20.1714 150.8471
v -969.6008 19.3701 150.9232
v -971.0085 20.1714 149.5525
v -969.4548 19.3701 149.9496
v -970.5579 20.1714 148.3235
v -969.1158 19.3701 149.0251
v -969.8689 20.1714 147.2104
v -968.5977 19.3701 148.1879
v -968.9701 20.1714 146.2587
v -967.9216 19.3701 147.4721
v -967.8981 20.1714 145.5075
v -967.1154 19.3701 146.9071
v -966.6968 20.1714 144.9874
v -966.2118 19.3701 146.5159
v -964.7255 19.3701 155.7211
v -963.806 19.3701 155.6245
v -962.9253 19.3701 155.345
v -962.1189 19.3701 154.894
v -961.4198 19.3701 154.2898
v -960.8566 19.3701 153.5573
v -960.4524 19.3701 152.7263
v -960.2238 19.3701 151.8311
v -960.1799 19.3701 150.9081
v -960.3228 19.3701 149.9952
v -960.6465 19.3701 149.1298
v -961.1378 19.3701 148.3472
v -961.7766 19.3701 147.6795
v -962.5366 19.3701 147.1541
v -963.387 19.3701 146.7924
v -965.6456 19.3701 155.6305
v -966.5281 19.3701 155.3566
v -967.3374 19.3701 154.9106
v -968.0403 19.3701 154.311
v -968.6082 19.3701 153.582
v -969.0177 19.3701 152.7537
v -969.2521 19.3701 151.86
v -969.3019 19.3701 150.9373
v -969.1648 19.3701 150.0235
v -968.8466 19.3701 149.156
v -968.3604 19.3701 148.3703
v -967.7258 19.3701 147.6985
v -966.9691 19.3701 147.1683
v -966.1211 19.3701 146.8012
v -964.7233 18.2709 156.4261
v -963.6619 18.2709 156.3146
v -962.6453 18.2709 155.992
v -961.7142 18.2709 155.4713
v -960.9072 18.2709 154.7738
v -960.2571 18.2709 153.9282
v -959.7905 18.2709 152.9691
v -959.5265 18.2709 151.9356
v -959.476 18.2709 150.8701
v -959.6409 18.2709 149.8163
v -960.0145 18.2709 148.8173
v -960.5817 18.2709 147.9139
v -961.3191 18.2709 147.1431
v -962.1965 18.2709 146.5366
v -963.178 18.2709 146.1191
v -965.7854 18.2709 156.3214
v -966.8041 18.2709 156.0053
v -967.7383 18.2709 155.4905
v -968.5498 18.2709 154.7982
v -969.2053 18.2709 153.9568
v -969.6781 18.2709 153.0006
v -969.9487 18.2709 151.9689
v -970.006 18.2709 150.9037
v -969.8478 18.2709 149.8489
v -969.4805 18.2709 148.8475
v -968.9192 18.2709 147.9405
v -968.1868 18.2709 147.1651
v -967.3132 18.2709 146.5529
v -966.3344 18.2709 146.1292
v -964.7244 17.3796 156.0949
v -963.7296 17.3796 155.9905
v -962.7767 17.3796 155.6881
v -961.9043 17.3796 155.2001
v -961.1479 17.3796 154.5465
v -960.5387 17.3796 153.754
v -960.1013 17.3796 152.855
v -959.854 17.3796 151.8865
v -959.8065 17.3796 150.888
v -959.9612 17.3796 149.9003
v -960.3114 17.3796 148.964
v -960.8429 17.3796 148.1174
v -961.5339 17.3796 147.3951
v -962.3563 17.3796 146.8267
v -963.2761 17.3796 146.4354
v -965.7197 17.3796 155.9969
v -966.6744 17.3796 155.7006
v -967.55 17.3796 155.2182
v -968.3105 17.3796 154.5694
v -968.9249 17.3796 153.7808
v -969.3679 17.3796 152.8847
v -969.6215 17.3796 151.9177
v -969.6753 17.3796 150.9195
v -969.527 17.3796 149.9309
v -969.1827 17.3796 148.9924
v -968.6567 17.3796 148.1424
v -967.9702 17.3796 147.4156
v -967.1516 17.3796 146.842
v -966.2343 17.3796 146.4448
v -964.7274 16.6137 155.1354
v -963.9259 16.6136 155.0512
v -963.1581 16.6136 154.8076
v -962.4551 16.6136 154.4143
v -961.8456 16.6136 153.8876
v -961.3546 16.6136 153.2491
v -961.0023 16.6136 152.5247
v -960.803 16.6136 151.7443
v -960.7648 16.6136 150.9397
v -960.8893 16.6137 150.1439
v -961.1715 16.6137 149.3894
v -961.5999 16.6137 148.7072
v -962.1566 16.6137 148.1252
v -962.8192 16.6137 147.6671
v -963.5605 16.6137 147.3518
v -965.5294 16.6137 155.0564
v -966.2987 16.6137 154.8176
v -967.0043 16.6137 154.4289
v -967.6171 16.6137 153.9061
v -968.1121 16.6137 153.2707
v -968.4691 16.6137 152.5486
v -968.6735 16.6137 151.7695
v -968.7168 16.6137 150.9651
v -968.5973 16.6137 150.1685
v -968.3199 16.6137 149.4123
v -967.896 16.6137 148.7273
v -967.3429 16.6137 148.1418
v -966.6832 16.6137 147.6795
v -965.9441 16.6137 147.3595
v -963.2203 0.2767 135.7002
v -966.3623 0.2767 135.7106
v -966.4656 0.2767 134.7131
v -963.1207 0.2767 134.7023
v -966.4558 2.6731 134.8059
v -963.1299 2.6731 134.7952
v -964.2985 16.047 146.6684
v -965.2104 16.047 146.6713
v -964.2697 15.4913 146.3743
v -965.2415 15.4913 146.3774
v -964.066 9.9518 144.3063
v -965.4584 9.9518 144.3108
v -963.9485 7.292 143.1118
v -965.5836 7.292 143.1171
v -965.8837 4.6686 140.2572
v -963.6669 4.6686 140.25
v -964.6886 0.2767 166.6828
v -961.5636 0.2767 166.3545
v -961.3589 0.2767 167.3362
v -964.6868 0.2767 167.6856
v -958.5688 0.2767 165.4039
v -958.1708 0.2767 166.3243
v -955.8268 0.2767 163.87
v -955.2516 0.2767 164.6915
v -953.4496 0.2767 161.8155
v -952.7208 0.2767 162.5044
v -951.5347 0.2767 159.3245
v -950.6821 0.2767 159.8527
v -950.1603 0.2767 156.499
v -949.219 0.2767 156.8448
v -949.3828 0.2767 153.4547
v -948.3912 0.2767 153.6041
v -949.2341 0.2767 150.3162
v -948.2327 0.2767 150.263
v -949.7202 0.2767 147.212
v -948.75 0.2767 146.9584
v -950.8213 0.2767 144.2693
v -949.9219 0.2767 143.8256
v -952.4921 0.2767 141.6084
v -951.7004 0.2767 140.9928
v -954.6643 0.2767 139.3383
v -954.0127 0.2767 138.576
v -957.2491 0.2767 137.5519
v -956.7643 0.2767 136.6741
v -960.1406 0.2767 136.3224
v -959.8423 0.2767 135.365
v -968.017 0.2767 167.3577
v -967.8157 0.2767 166.3752
v -971.2115 0.2767 166.3664
v -970.8167 0.2767 165.4445
v -974.1411 0.2767 164.7524
v -973.569 0.2767 163.9288
v -976.6859 0.2767 162.5817
v -975.9597 0.2767 161.8901
v -978.7417 0.2767 159.9431
v -977.8911 0.2767 159.4119
v -980.2242 0.2767 156.9448
v -979.2842 0.2767 156.5956
v -981.0729 0.2767 153.7095
v -980.0818 0.2767 153.5565
v -981.2529 0.2767 150.3695
v -980.2513 0.2767 150.4191
v -980.757 0.2767 147.0616
v -979.7859 0.2767 147.3117
v -979.6053 0.2767 143.9213
v -978.7043 0.2767 144.3617
v -977.8451 0.2767 141.0771
v -977.0511 0.2767 141.6898
v -975.5483 0.2767 138.6454
v -974.894 0.2767 139.4054
v -972.8092 0.2767 136.7259
v -972.3212 0.2767 137.6019
v -969.7397 0.2767 135.3969
v -969.4379 0.2767 136.3533
v -961.3779 2.6731 167.2448
v -964.6871 2.6731 167.5923
v -958.2079 2.6731 166.2387
v -955.3052 2.6731 164.615
v -952.7887 2.6731 162.4403
v -950.7615 2.6731 159.8036
v -949.3066 2.6731 156.8127
v -948.4835 2.6731 153.5902
v -948.3259 2.6731 150.268
v -948.8403 2.6731 146.9821
v -950.0055 2.6731 143.867
v -951.774 2.6731 141.0502
v -954.0732 2.6731 138.647
v -956.8092 2.6731 136.7559
v -959.8699 2.6731 135.4542
v -967.9984 2.6731 167.2662
v -971.1749 2.6731 166.2805
v -974.0881 2.6731 164.6756
v -976.6185 2.6731 162.5172
v -978.6626 2.6731 159.8935
v -980.1368 2.6731 156.9121
v -980.9807 2.6731 153.695
v -981.1597 2.6731 150.3739
v -980.6665 2.6731 147.0847
v -979.5214 2.6731 143.9622
v -977.7711 2.6731 141.134
v -975.4874 2.6731 138.7161
v -972.7637 2.6731 136.8073
v -969.7115 2.6731 135.4859
v -964.7257 16.047 155.6617
v -963.8182 16.047 155.5665
v -962.949 16.047 155.2906
v -962.153 16.047 154.8454
v -961.4629 16.047 154.249
v -960.9071 16.047 153.526
v -960.5081 16.047 152.7059
v -960.2823 16.047 151.8223
v -960.2391 16.047 150.9113
v -960.3801 16.047 150.0103
v -960.6997 16.047 149.1561
v -961.1846 16.047 148.3837
v -961.8151 16.047 147.7247
v -962.5653 16.047 147.2061
v -963.4045 16.047 146.8491
v -965.6338 16.047 155.5723
v -966.5049 16.047 155.302
v -967.3036 16.047 154.8618
v -967.9974 16.047 154.27
v -968.558 16.047 153.5505
v -968.9622 16.047 152.7329
v -969.1935 16.047 151.8508
v -969.2426 16.047 150.9401
v -969.1073 16.047 150.0382
v -968.7932 16.047 149.1819
v -968.3132 16.047 148.4065
v -967.687 16.047 147.7434
v -966.9402 16.047 147.2201
v -966.1031 16.047 146.8578
v -964.7246 15.4913 155.9572
v -963.7577 15.4913 155.8557
v -962.8314 15.4913 155.5617
v -961.9833 15.4913 155.0873
v -961.248 15.4913 154.4519
v -960.6558 15.4913 153.6815
v -960.2306 15.4913 152.8076
v -959.9901 15.4913 151.866
v -959.9441 15.4913 150.8953
v -960.0944 15.4913 149.9352
v -960.4348 15.4913 149.025
v -960.9515 15.4913 148.2019
v -961.6234 15.4913 147.4998
v -962.4229 15.4913 146.9472
v -963.3171 15.4913 146.5668
v -965.6921 15.4913 155.862
v -966.6204 15.4913 155.574
v -967.4716 15.4913 155.105
v -968.2108 15.4913 154.4744
v -968.8081 15.4913 153.7078
v -969.2389 15.4913 152.8366
v -969.4855 15.4913 151.8966
v -969.5377 15.4913 150.9262
v -969.3937 15.4913 149.9652
v -969.0591 15.4913 149.0528
v -968.5476 15.4913 148.2264
v -967.8804 15.4913 147.5199
v -967.0845 15.4913 146.9622
v -966.1927 15.4913 146.5761
v -964.7179 9.9518 158.0352
v -963.3328 9.9518 157.8898
v -962.0057 9.9518 157.4686
v -960.7906 9.9518 156.789
v -959.7372 9.9518 155.8786
v -958.8887 9.9518 154.7749
v -958.2797 9.9518 153.5229
v -957.9351 9.9518 152.174
v -957.869 9.9518 150.7833
v -958.0844 9.9518 149.4078
v -958.5721 9.9518 148.1038
v -959.3125 9.9518 146.9247
v -960.2749 9.9518 145.9187
v -961.4203 9.9518 145.127
v -962.7014 9.9518 144.5821
v -966.1041 9.9518 157.8988
v -967.4338 9.9518 157.4862
v -968.6532 9.9518 156.8143
v -969.7124 9.9518 155.9108
v -970.5681 9.9518 154.8125
v -971.1852 9.9518 153.5645
v -971.5385 9.9518 152.2178
v -971.6134 9.9518 150.8276
v -971.407 9.9518 149.4507
v -970.9276 9.9518 148.1436
v -970.1949 9.9518 146.9597
v -969.239 9.9518 145.9476
v -968.0988 9.9518 145.1486
v -966.8212 9.9518 144.5954
v -964.7141 7.292 159.2355
v -963.0872 7.292 159.0647
v -961.5287 7.292 158.57
v -960.1017 7.292 157.7718
v -958.8646 7.292 156.7027
v -957.868 7.292 155.4064
v -957.1527 7.292 153.9361
v -956.748 7.292 152.3518
v -956.6705 7.292 150.7186
v -956.9235 7.292 149.1031
v -957.4963 7.292 147.5717
v -958.3657 7.292 146.1869
v -959.4961 7.292 145.0055
v -960.8412 7.292 144.0757
v -962.3458 7.292 143.4358
v -966.3419 7.292 159.0752
v -967.9036 7.292 158.5906
v -969.3358 7.292 157.8016
v -970.5797 7.292 156.7405
v -971.5847 7.292 155.4507
v -972.3094 7.292 153.9849
v -972.7242 7.292 152.4034
v -972.8123 7.292 150.7706
v -972.5698 7.292 149.1536
v -972.0068 7.292 147.6185
v -971.1464 7.292 146.2281
v -970.0237 7.292 145.0394
v -968.6847 7.292 144.101
v -967.1842 7.292 143.4514
v -962.499 4.6686 161.8795
v -964.7048 4.6686 162.1111
v -960.386 4.6686 161.2088
v -958.4512 4.6686 160.1266
v -956.7738 4.6686 158.677
v -955.4226 4.6686 156.9195
v -954.4529 4.6686 154.9259
v -953.9042 4.6686 152.778
v -953.7992 4.6686 150.5635
v -954.142 4.6686 148.3733
v -954.9187 4.6686 146.2969
v -956.0975 4.6686 144.4193
v -957.6301 4.6686 142.8175
v -959.4537 4.6686 141.5569
v -961.4939 4.6686 140.6893
v -966.912 4.6686 161.8937
v -969.0293 4.6686 161.2367
v -970.9711 4.6686 160.167
v -972.6577 4.6686 158.7282
v -974.0203 4.6686 156.9795
v -975.0028 4.6686 154.9922
v -975.5653 4.6686 152.8478
v -975.6847 4.6686 150.6341
v -975.356 4.6686 148.4417
v -974.5927 4.6686 146.3603
v -973.426 4.6686 144.4752
v -971.9038 4.6686 142.8635
v -970.0883 4.6686 141.5912
v -968.0538 4.6686 140.7104
v -946.4115 0.5922 169.5497
v -946.4115 0.5922 132.8839
v -983.0773 0.5922 132.8839
v -983.0773 0.5922 169.5497
v -983.0773 -3.9025 132.8839
v -946.4115 -3.9025 132.8839
v -946.4115 -3.9025 169.5497
v -983.0773 -3.9025 169.5497
vt 0.4869 0.4911
vt 0.4869 0.4763
vt 0.5179 0.4763
vt 0.5179 0.4911
vt 0.4869 0.5736
vt 0.4869 0.5048
vt 0.5179 0.5048
vt 0.5179 0.5736
vt 0.4869 0.6102
vt 0.4869 0.5877
vt 0.5179 0.5877
vt 0.5179 0.6102
vt 0.4869 0.635
vt 0.5179 0.635
vt 0.4869 0.6605
vt 0.5179 0.6605
vt 0.4869 0.7268
vt 0.4869 0.6861
vt 0.5179 0.6861
vt 0.5179 0.7268
vt 0.4869 0.73
vt 0.5179 0.73
vt 0.4869 0.4721
vt 0.5179 0.4721
vt 0.4869 0.4519
vt 0.5179 0.4519
vt 0.4869 0.4372
vt 0.5179 0.4372
vt 0.4869 0.4229
vt 0.5179 0.4229
vt 0.4869 0.4042
vt 0.5179 0.4042
vt 0.4869 0.3861
vt 0.5179 0.3861
vt 0.4869 0.3681
vt 0.5179 0.3681
vt 0.4869 0.3472
vt 0.5179 0.3472
vt 0.4869 0.3055
vt 0.5179 0.3055
vt 0.4869 0.2568
vt 0.5179 0.2568
vt 0.4869 0.2477
vt 0.5179 0.2477
vt 0.4869 0.2389
vt 0.4869 0.2258
vt 0.5179 0.2258
vt 0.5179 0.2389
vt 0.4869 0.2236
vt 0.5179 0.2236
vt 0.4869 0.2141
vt 0.5179 0.2141
vt 0.4869 0.2071
vt 0.5179 0.2071
vt 0.4869 0.1981
vt 0.5179 0.1981
vt 0.0221 0.4911
vt 0.0221 0.4763
vt 0.0531 0.4763
vt 0.0531 0.4911
vt 0.0841 0.4763
vt 0.0841 0.4911
vt 0.1151 0.4763
vt 0.1151 0.4911
vt 0.1461 0.4763
vt 0.1461 0.4911
vt 0.1771 0.4763
vt 0.1771 0.4911
vt 0.208 0.4763
vt 0.208 0.4911
vt 0.239 0.4763
vt 0.239 0.4911
vt 0.27 0.4763
vt 0.27 0.4911
vt 0.301 0.4763
vt 0.301 0.4911
vt 0.332 0.4763
vt 0.332 0.4911
vt 0.363 0.4763
vt 0.363 0.4911
vt 0.394 0.4763
vt 0.394 0.4911
vt 0.4249 0.4763
vt 0.4249 0.4911
vt 0.4559 0.4763
vt 0.4559 0.4911
vt 0.9788 0.4767
vt 0.9788 0.4915
vt 0.9517 0.4911
vt 0.9517 0.4763
vt 0.9207 0.4911
vt 0.9207 0.4763
vt 0.8897 0.4911
vt 0.8897 0.4763
vt 0.8587 0.4911
vt 0.8587 0.4763
vt 0.8278 0.4911
vt 0.8278 0.4763
vt 0.7968 0.4911
vt 0.7968 0.4763
vt 0.7658 0.4911
vt 0.7658 0.4763
vt 0.7348 0.4911
vt 0.7348 0.4763
vt 0.7038 0.4911
vt 0.7038 0.4763
vt 0.6728 0.4911
vt 0.6728 0.4763
vt 0.6418 0.4911
vt 0.6418 0.4763
vt 0.6109 0.4911
vt 0.6109 0.4763
vt 0.5799 0.4911
vt 0.5799 0.4763
vt 0.5489 0.4911
vt 0.5489 0.4763
vt 0.0221 0.5736
vt 0.0221 0.5048
vt 0.0531 0.5048
vt 0.0531 0.5736
vt 0.0841 0.5048
vt 0.0841 0.5736
vt 0.1151 0.5048
vt 0.1151 0.5736
vt 0.1461 0.5048
vt 0.1461 0.5736
vt 0.1771 0.5048
vt 0.1771 0.5736
vt 0.208 0.5048
vt 0.208 0.5736
vt 0.239 0.5048
vt 0.239 0.5736
vt 0.27 0.5048
vt 0.27 0.5736
vt 0.301 0.5048
vt 0.301 0.5736
vt 0.332 0.5048
vt 0.332 0.5736
vt 0.363 0.5048
vt 0.363 0.5736
vt 0.394 0.5048
vt 0.394 0.5736
vt 0.4249 0.5048
vt 0.4249 0.5736
vt 0.4559 0.5048
vt 0.4559 0.5736
vt 0.9788 0.5052
vt 0.9788 0.574
vt 0.9517 0.5736
vt 0.9517 0.5048
vt 0.9207 0.5736
vt 0.9207 0.5048
vt 0.8897 0.5736
vt 0.8897 0.5048
vt 0.8587 0.5736
vt 0.8587 0.5048
vt 0.8278 0.5736
vt 0.8278 0.5048
vt 0.7968 0.5736
vt 0.7968 0.5048
vt 0.7658 0.5736
vt 0.7658 0.5048
vt 0.7348 0.5736
vt 0.7348 0.5048
vt 0.7038 0.5736
vt 0.7038 0.5048
vt 0.6728 0.5736
vt 0.6728 0.5048
vt 0.6418 0.5736
vt 0.6418 0.5048
vt 0.6109 0.5736
vt 0.6109 0.5048
vt 0.5799 0.5736
vt 0.5799 0.5048
vt 0.5489 0.5736
vt 0.5489 0.5048
vt 0.0221 0.6102
vt 0.0221 0.5877
vt 0.0531 0.5877
vt 0.0531 0.6102
vt 0.0841 0.5877
vt 0.0841 0.6102
vt 0.1151 0.5877
vt 0.1151 0.6102
vt 0.1461 0.5877
vt 0.1461 0.6102
vt 0.1771 0.5877
vt 0.1771 0.6102
vt 0.208 0.5877
vt 0.208 0.6102
vt 0.239 0.5877
vt 0.239 0.6102
vt 0.27 0.5877
vt 0.27 0.6102
vt 0.301 0.5877
vt 0.301 0.6102
vt 0.332 0.5877
vt 0.332 0.6102
vt 0.363 0.5877
vt 0.363 0.6102
vt 0.394 0.5877
vt 0.394 0.6102
vt 0.4249 0.5877
vt 0.4249 0.6102
vt 0.4559 0.5877
vt 0.4559 0.6102
vt 0.9788 0.588
vt 0.9788 0.6106
vt 0.9517 0.6102
vt 0.9517 0.5877
vt 0.9207 0.6102
vt 0.9207 0.5877
vt 0.8897 0.6102
vt 0.8897 0.5877
vt 0.8587 0.6102
vt 0.8587 0.5877
vt 0.8278 0.6102
vt 0.8278 0.5877
vt 0.7968 0.6102
vt 0.7968 0.5877
vt 0.7658 0.6102
vt 0.7658 0.5877
vt 0.7348 0.6102
vt 0.7348 0.5877
vt 0.7038 0.6102
vt 0.7038 0.5877
vt 0.6728 0.6102
vt 0.6728 0.5877
vt 0.6418 0.6102
vt 0.6418 0.5877
vt 0.6109 0.6102
vt 0.6109 0.5877
vt 0.5799 0.6102
vt 0.5799 0.5877
vt 0.5489 0.6102
vt 0.5489 0.5877
vt 0.0221 0.635
vt 0.0531 0.635
vt 0.0841 0.635
vt 0.1151 0.635
vt 0.1461 0.635
vt 0.1771 0.635
vt 0.208 0.635
vt 0.239 0.635
vt 0.27 0.635
vt 0.301 0.635
vt 0.332 0.635
vt 0.363 0.635
vt 0.394 0.635
vt 0.4249 0.635
vt 0.4559 0.635
vt 0.9788 0.6354
vt 0.9517 0.635
vt 0.9207 0.635
vt 0.8897 0.635
vt 0.8587 0.635
vt 0.8278 0.635
vt 0.7968 0.635
vt 0.7658 0.635
vt 0.7348 0.635
vt 0.7038 0.635
vt 0.6728 0.635
vt 0.6418 0.635
vt 0.6109 0.635
vt 0.5799 0.635
vt 0.5489 0.635
vt 0.771 0.8407
vt 0.7748 0.8656
vt 0.7736 0.8908
vt 0.7562 0.9378
vt 0.7672 0.9152
vt 0.7407 0.9577
vt 0.7216 0.9741
vt 0.5903 0.7631
vt 0.6996 0.9863
vt 0.6132 0.7532
vt 0.6379 0.7481
vt 0.6878 0.7531
vt 0.6631 0.7481
vt 0.7109 0.7631
vt 0.7316 0.7775
vt 0.7489 0.7957
vt 0.7622 0.8171
vt 0.5449 0.9378
vt 0.5338 0.9152
vt 0.5275 0.8908
vt 0.5794 0.9741
vt 0.5262 0.8657
vt 0.53 0.8408
vt 0.552 0.7958
vt 0.5387 0.8171
vt 0.5694 0.7775
vt 0.5901 0.7631
vt 0.6756 0.9939
vt 0.6505 0.9964
vt 0.6255 0.9939
vt 0.6014 0.9863
vt 0.5603 0.9577
vt 0.0221 0.6605
vt 0.0531 0.6605
vt 0.0841 0.6605
vt 0.1151 0.6605
vt 0.1461 0.6605
vt 0.1771 0.6605
vt 0.208 0.6605
vt 0.239 0.6605
vt 0.27 0.6605
vt 0.301 0.6605
vt 0.332 0.6605
vt 0.363 0.6605
vt 0.394 0.6605
vt 0.4249 0.6605
vt 0.4559 0.6605
vt 0.9788 0.6609
vt 0.9517 0.6605
vt 0.9207 0.6605
vt 0.8897 0.6605
vt 0.8587 0.6605
vt 0.8278 0.6605
vt 0.7968 0.6605
vt 0.7658 0.6605
vt 0.7348 0.6605
vt 0.7038 0.6605
vt 0.6728 0.6605
vt 0.6418 0.6605
vt 0.6109 0.6605
vt 0.5799 0.6605
vt 0.5489 0.6605
vt 0.0221 0.7268
vt 0.0221 0.6861
vt 0.0531 0.6861
vt 0.0531 0.7268
vt 0.0841 0.6861
vt 0.0841 0.7268
vt 0.1151 0.6861
vt 0.1151 0.7268
vt 0.1461 0.6861
vt 0.1461 0.7268
vt 0.1771 0.6861
vt 0.1771 0.7268
vt 0.208 0.6861
vt 0.208 0.7268
vt 0.239 0.6861
vt 0.239 0.7268
vt 0.27 0.6861
vt 0.27 0.7268
vt 0.301 0.6861
vt 0.301 0.7268
vt 0.332 0.6861
vt 0.332 0.7268
vt 0.363 0.6861
vt 0.363 0.7268
vt 0.394 0.6861
vt 0.394 0.7268
vt 0.4249 0.6861
vt 0.4249 0.7268
vt 0.4559 0.6861
vt 0.4559 0.7268
vt 0.9788 0.6865
vt 0.9788 0.7272
vt 0.9517 0.7268
vt 0.9517 0.6861
vt 0.9207 0.7268
vt 0.9207 0.6861
vt 0.8897 0.7268
vt 0.8897 0.6861
vt 0.8587 0.7268
vt 0.8587 0.6861
vt 0.8278 0.7268
vt 0.8278 0.6861
vt 0.7968 0.7268
vt 0.7968 0.6861
vt 0.7658 0.7268
vt 0.7658 0.6861
vt 0.7348 0.7268
vt 0.7348 0.6861
vt 0.7038 0.7268
vt 0.7038 0.6861
vt 0.6728 0.7268
vt 0.6728 0.6861
vt 0.6418 0.7268
vt 0.6418 0.6861
vt 0.6109 0.7268
vt 0.6109 0.6861
vt 0.5799 0.7268
vt 0.5799 0.6861
vt 0.5489 0.7268
vt 0.5489 0.6861
vt 0.0221 0.73
vt 0.0531 0.73
vt 0.0841 0.73
vt 0.1151 0.73
vt 0.1461 0.73
vt 0.1771 0.73
vt 0.208 0.73
vt 0.239 0.73
vt 0.27 0.73
vt 0.301 0.73
vt 0.332 0.73
vt 0.363 0.73
vt 0.394 0.73
vt 0.4249 0.73
vt 0.4559 0.73
vt 0.9788 0.7303
vt 0.9517 0.73
vt 0.9207 0.73
vt 0.8897 0.73
vt 0.8587 0.73
vt 0.8278 0.73
vt 0.7968 0.73
vt 0.7658 0.73
vt 0.7348 0.73
vt 0.7038 0.73
vt 0.6728 0.73
vt 0.6418 0.73
vt 0.6109 0.73
vt 0.5799 0.73
vt 0.5489 0.73
vt 0.0221 0.4721
vt 0.0531 0.4721
vt 0.0841 0.4721
vt 0.1151 0.4721
vt 0.1461 0.4721
vt 0.1771 0.4721
vt 0.208 0.4721
vt 0.239 0.4721
vt 0.27 0.4721
vt 0.301 0.4721
vt 0.332 0.4721
vt 0.363 0.4721
vt 0.394 0.4721
vt 0.4249 0.4721
vt 0.4559 0.4721
vt 0.9788 0.4725
vt 0.9517 0.4721
vt 0.9207 0.4721
vt 0.8897 0.4721
vt 0.8587 0.4721
vt 0.8278 0.4721
vt 0.7968 0.4721
vt 0.7658 0.4721
vt 0.7348 0.4721
vt 0.7038 0.4721
vt 0.6728 0.4721
vt 0.6418 0.4721
vt 0.6109 0.4721
vt 0.5799 0.4721
vt 0.5489 0.4721
vt 0.0221 0.4519
vt 0.0531 0.4519
vt 0.0841 0.4519
vt 0.1151 0.4519
vt 0.1461 0.4519
vt 0.1771 0.4519
vt 0.208 0.4519
vt 0.239 0.4519
vt 0.27 0.4519
vt 0.301 0.4519
vt 0.332 0.4519
vt 0.363 0.4519
vt 0.394 0.4519
vt 0.4249 0.4519
vt 0.4559 0.4519
vt 0.9788 0.4523
vt 0.9517 0.4519
vt 0.9207 0.4519
vt 0.8897 0.4519
vt 0.8587 0.4519
vt 0.8278 0.4519
vt 0.7968 0.4519
vt 0.7658 0.4519
vt 0.7348 0.4519
vt 0.7038 0.4519
vt 0.6728 0.4519
vt 0.6418 0.4519
vt 0.6109 0.4519
vt 0.5799 0.4519
vt 0.5489 0.4519
vt 0.0221 0.4372
vt 0.0531 0.4372
vt 0.0841 0.4372
vt 0.1151 0.4372
vt 0.1461 0.4372
vt 0.1771 0.4372
vt 0.208 0.4372
vt 0.239 0.4372
vt 0.27 0.4372
vt 0.301 0.4372
vt 0.332 0.4372
vt 0.363 0.4372
vt 0.394 0.4372
vt 0.4249 0.4372
vt 0.4559 0.4372
vt 0.9788 0.4376
vt 0.9517 0.4372
vt 0.9207 0.4372
vt 0.8897 0.4372
vt 0.8587 0.4372
vt 0.8278 0.4372
vt 0.7968 0.4372
vt 0.7658 0.4372
vt 0.7348 0.4372
vt 0.7038 0.4372
vt 0.6728 0.4372
vt 0.6418 0.4372
vt 0.6109 0.4372
vt 0.5799 0.4372
vt 0.5489 0.4372
vt 0.0221 0.4229
vt 0.0531 0.4229
vt 0.0841 0.4229
vt 0.1151 0.4229
vt 0.1461 0.4229
vt 0.1771 0.4229
vt 0.208 0.4229
vt 0.239 0.4229
vt 0.27 0.4229
vt 0.301 0.4229
vt 0.332 0.4229
vt 0.363 0.4229
vt 0.394 0.4229
vt 0.4249 0.4229
vt 0.4559 0.4229
vt 0.9788 0.4233
vt 0.9517 0.4229
vt 0.9207 0.4229
vt 0.8897 0.4229
vt 0.8587 0.4229
vt 0.8278 0.4229
vt 0.7968 0.4229
vt 0.7658 0.4229
vt 0.7348 0.4229
vt 0.7038 0.4229
vt 0.6728 0.4229
vt 0.6418 0.4229
vt 0.6109 0.4229
vt 0.5799 0.4229
vt 0.5489 0.4229
vt 0.0221 0.4042
vt 0.0531 0.4042
vt 0.0841 0.4042
vt 0.1151 0.4042
vt 0.1461 0.4042
vt 0.1771 0.4042
vt 0.208 0.4042
vt 0.239 0.4042
vt 0.27 0.4042
vt 0.301 0.4042
vt 0.332 0.4042
vt 0.363 0.4042
vt 0.394 0.4042
vt 0.4249 0.4042
vt 0.4559 0.4042
vt 0.9788 0.4046
vt 0.9517 0.4042
vt 0.9207 0.4042
vt 0.8897 0.4042
vt 0.8587 0.4042
vt 0.8278 0.4042
vt 0.7968 0.4042
vt 0.7658 0.4042
vt 0.7348 0.4042
vt 0.7038 0.4042
vt 0.6728 0.4042
vt 0.6418 0.4042
vt 0.6109 0.4042
vt 0.5799 0.4042
vt 0.5489 0.4042
vt 0.0221 0.3861
vt 0.0531 0.3861
vt 0.0841 0.3861
vt 0.1151 0.3861
vt 0.1461 0.3861
vt 0.1771 0.3861
vt 0.208 0.3861
vt 0.239 0.3861
vt 0.27 0.3861
vt 0.301 0.3861
vt 0.332 0.3861
vt 0.363 0.3861
vt 0.394 0.3861
vt 0.4249 0.3861
vt 0.4559 0.3861
vt 0.9788 0.3865
vt 0.9517 0.3861
vt 0.9207 0.3861
vt 0.8897 0.3861
vt 0.8587 0.3861
vt 0.8278 0.3861
vt 0.7968 0.3861
vt 0.7658 0.3861
vt 0.7348 0.3861
vt 0.7038 0.3861
vt 0.6728 0.3861
vt 0.6418 0.3861
vt 0.6109 0.3861
vt 0.5799 0.3861
vt 0.5489 0.3861
vt 0.0221 0.3681
vt 0.0531 0.3681
vt 0.0841 0.3681
vt 0.1151 0.3681
vt 0.1461 0.3681
vt 0.1771 0.3681
vt 0.208 0.3681
vt 0.239 0.3681
vt 0.27 0.3681
vt 0.301 0.3681
vt 0.332 0.3681
vt 0.363 0.3681
vt 0.394 0.3681
vt 0.4249 0.3681
vt 0.4559 0.3681
vt 0.9788 0.3685
vt 0.9517 0.3681
vt 0.9207 0.3681
vt 0.8897 0.3681
vt 0.8587 0.3681
vt 0.8278 0.3681
vt 0.7968 0.3681
vt 0.7658 0.3681
vt 0.7348 0.3681
vt 0.7038 0.3681
vt 0.6728 0.3681
vt 0.6418 0.3681
vt 0.6109 0.3681
vt 0.5799 0.3681
vt 0.5489 0.3681
vt 0.0221 0.3472
vt 0.0531 0.3472
vt 0.0841 0.3472
vt 0.1151 0.3472
vt 0.1461 0.3472
vt 0.1771 0.3472
vt 0.208 0.3472
vt 0.239 0.3472
vt 0.27 0.3472
vt 0.301 0.3472
vt 0.332 0.3472
vt 0.363 0.3472
vt 0.394 0.3472
vt 0.4249 0.3472
vt 0.4559 0.3472
vt 0.9788 0.3476
vt 0.9517 0.3472
vt 0.9207 0.3472
vt 0.8897 0.3472
vt 0.8587 0.3472
vt 0.8278 0.3472
vt 0.7968 0.3472
vt 0.7658 0.3472
vt 0.7348 0.3472
vt 0.7038 0.3472
vt 0.6728 0.3472
vt 0.6418 0.3472
vt 0.6109 0.3472
vt 0.5799 0.3472
vt 0.5489 0.3472
vt 0.0221 0.3055
vt 0.0531 0.3055
vt 0.0841 0.3055
vt 0.1151 0.3055
vt 0.1461 0.3055
vt 0.1771 0.3055
vt 0.208 0.3055
vt 0.239 0.3055
vt 0.27 0.3055
vt 0.301 0.3055
vt 0.332 0.3055
vt 0.363 0.3055
vt 0.394 0.3055
vt 0.4249 0.3055
vt 0.4559 0.3055
vt 0.9788 0.3059
vt 0.9517 0.3055
vt 0.9207 0.3055
vt 0.8897 0.3055
vt 0.8587 0.3055
vt 0.8278 0.3055
vt 0.7968 0.3055
vt 0.7658 0.3055
vt 0.7348 0.3055
vt 0.7038 0.3055
vt 0.6728 0.3055
vt 0.6418 0.3055
vt 0.6109 0.3055
vt 0.5799 0.3055
vt 0.5489 0.3055
vt 0.0221 0.2568
vt 0.0531 0.2568
vt 0.0841 0.2568
vt 0.1151 0.2568
vt 0.1461 0.2568
vt 0.1771 0.2568
vt 0.208 0.2568
vt 0.239 0.2568
vt 0.27 0.2568
vt 0.301 0.2568
vt 0.332 0.2568
vt 0.363 0.2568
vt 0.394 0.2568
vt 0.4249 0.2568
vt 0.4559 0.2568
vt 0.9788 0.2572
vt 0.9517 0.2568
vt 0.9207 0.2568
vt 0.8897 0.2568
vt 0.8587 0.2568
vt 0.8278 0.2568
vt 0.7968 0.2568
vt 0.7658 0.2568
vt 0.7348 0.2568
vt 0.7038 0.2568
vt 0.6728 0.2568
vt 0.6418 0.2568
vt 0.6109 0.2568
vt 0.5799 0.2568
vt 0.5489 0.2568
vt 0.0221 0.2477
vt 0.0531 0.2477
vt 0.0841 0.2477
vt 0.1151 0.2477
vt 0.1461 0.2477
vt 0.1771 0.2477
vt 0.208 0.2477
vt 0.239 0.2477
vt 0.27 0.2477
vt 0.301 0.2477
vt 0.332 0.2477
vt 0.363 0.2477
vt 0.394 0.2477
vt 0.4249 0.2477
vt 0.4559 0.2477
vt 0.9788 0.2481
vt 0.9517 0.2477
vt 0.9207 0.2477
vt 0.8897 0.2477
vt 0.8587 0.2477
vt 0.8278 0.2477
vt 0.7968 0.2477
vt 0.7658 0.2477
vt 0.7348 0.2477
vt 0.7038 0.2477
vt 0.6728 0.2477
vt 0.6418 0.2477
vt 0.6109 0.2477
vt 0.5799 0.2477
vt 0.5489 0.2477
vt 0.0221 0.2389
vt 0.0221 0.2258
vt 0.0531 0.2258
vt 0.0531 0.2389
vt 0.0841 0.2258
vt 0.0841 0.2389
vt 0.1151 0.2258
vt 0.1151 0.2389
vt 0.1461 0.2258
vt 0.1461 0.2389
vt 0.1771 0.2258
vt 0.1771 0.2389
vt 0.208 0.2258
vt 0.208 0.2389
vt 0.239 0.2258
vt 0.239 0.2389
vt 0.27 0.2258
vt 0.27 0.2389
vt 0.301 0.2258
vt 0.301 0.2389
vt 0.332 0.2258
vt 0.332 0.2389
vt 0.363 0.2258
vt 0.363 0.2389
vt 0.394 0.2258
vt 0.394 0.2389
vt 0.4249 0.2258
vt 0.4249 0.2389
vt 0.4559 0.2258
vt 0.4559 0.2389
vt 0.9788 0.2262
vt 0.9788 0.2393
vt 0.9517 0.2389
vt 0.9517 0.2258
vt 0.9207 0.2389
vt 0.9207 0.2258
vt 0.8897 0.2389
vt 0.8897 0.2258
vt 0.8587 0.2389
vt 0.8587 0.2258
vt 0.8278 0.2389
vt 0.8278 0.2258
vt 0.7968 0.2389
vt 0.7968 0.2258
vt 0.7658 0.2389
vt 0.7658 0.2258
vt 0.7348 0.2389
vt 0.7348 0.2258
vt 0.7038 0.2389
vt 0.7038 0.2258
vt 0.6728 0.2389
vt 0.6728 0.2258
vt 0.6418 0.2389
vt 0.6418 0.2258
vt 0.6109 0.2389
vt 0.6109 0.2258
vt 0.5799 0.2389
vt 0.5799 0.2258
vt 0.5489 0.2389
vt 0.5489 0.2258
vt 0.0221 0.2236
vt 0.0531 0.2236
vt 0.0841 0.2236
vt 0.1151 0.2236
vt 0.1461 0.2236
vt 0.177 0.2236
vt 0.208 0.2236
vt 0.239 0.2236
vt 0.27 0.2236
vt 0.301 0.2236
vt 0.332 0.2236
vt 0.363 0.2236
vt 0.3939 0.2236
vt 0.4249 0.2236
vt 0.4559 0.2236
vt 0.9788 0.224
vt 0.9517 0.2236
vt 0.9207 0.2236
vt 0.8897 0.2236
vt 0.8587 0.2236
vt 0.8277 0.2236
vt 0.7968 0.2236
vt 0.7658 0.2236
vt 0.7348 0.2236
vt 0.7038 0.2236
vt 0.6728 0.2236
vt 0.6418 0.2236
vt 0.6108 0.2236
vt 0.5799 0.2236
vt 0.5489 0.2236
vt 0.0221 0.2141
vt 0.0531 0.2141
vt 0.0841 0.2141
vt 0.1151 0.2141
vt 0.1461 0.2141
vt 0.177 0.2141
vt 0.208 0.2141
vt 0.239 0.2141
vt 0.27 0.2141
vt 0.301 0.2141
vt 0.332 0.2141
vt 0.363 0.2141
vt 0.3939 0.2141
vt 0.4249 0.2141
vt 0.4559 0.2141
vt 0.9788 0.2144
vt 0.9517 0.2141
vt 0.9207 0.2141
vt 0.8897 0.2141
vt 0.8587 0.2141
vt 0.8277 0.2141
vt 0.7968 0.2141
vt 0.7658 0.2141
vt 0.7348 0.2141
vt 0.7038 0.2141
vt 0.6728 0.2141
vt 0.6418 0.2141
vt 0.6108 0.2141
vt 0.5799 0.2141
vt 0.5489 0.2141
vt 0.0221 0.2071
vt 0.0531 0.2071
vt 0.0841 0.2071
vt 0.1151 0.2071
vt 0.1461 0.2071
vt 0.177 0.2071
vt 0.208 0.2071
vt 0.239 0.2071
vt 0.27 0.2071
vt 0.301 0.2071
vt 0.332 0.2071
vt 0.363 0.2071
vt 0.3939 0.2071
vt 0.4249 0.2071
vt 0.4559 0.2071
vt 0.9788 0.2075
vt 0.9517 0.2071
vt 0.9207 0.2071
vt 0.8897 0.2071
vt 0.8587 0.2071
vt 0.8277 0.2071
vt 0.7968 0.2071
vt 0.7658 0.2071
vt 0.7348 0.2071
vt 0.7038 0.2071
vt 0.6728 0.2071
vt 0.6418 0.2071
vt 0.6108 0.2071
vt 0.5799 0.2071
vt 0.5489 0.2071
vt 0.0221 0.1981
vt 0.0531 0.1981
vt 0.0841 0.1981
vt 0.1151 0.1981
vt 0.1461 0.1981
vt 0.177 0.1981
vt 0.208 0.1981
vt 0.239 0.1981
vt 0.27 0.1981
vt 0.301 0.1981
vt 0.332 0.1981
vt 0.363 0.1981
vt 0.3939 0.1981
vt 0.4249 0.1981
vt 0.4559 0.1981
vt 0.9788 0.1985
vt 0.9517 0.1981
vt 0.9207 0.1981
vt 0.8897 0.1981
vt 0.8587 0.1981
vt 0.8277 0.1981
vt 0.7968 0.1981
vt 0.7658 0.1981
vt 0.7348 0.1981
vt 0.7038 0.1981
vt 0.6728 0.1981
vt 0.6418 0.1981
vt 0.6108 0.1981
vt 0.5799 0.1981
vt 0.5489 0.1981
vt 0.4869 0.0141
vt 0.5179 0.0141
vt 0.5179 0.0173
vt 0.4869 0.0173
vt 0.5179 0.0311
vt 0.4869 0.0311
vt 0.4869 0.19
vt 0.5179 0.19
vt 0.4869 0.1843
vt 0.5179 0.1843
vt 0.4869 0.1225
vt 0.5179 0.1225
vt 0.4869 0.0955
vt 0.5179 0.0955
vt 0.5179 0.0596
vt 0.4869 0.0596
vt 0.0221 0.0141
vt 0.0531 0.0141
vt 0.0531 0.0173
vt 0.0221 0.0173
vt 0.0841 0.0141
vt 0.0841 0.0173
vt 0.1151 0.0141
vt 0.1151 0.0173
vt 0.1461 0.0141
vt 0.1461 0.0173
vt 0.1771 0.0141
vt 0.1771 0.0173
vt 0.208 0.0141
vt 0.208 0.0173
vt 0.239 0.0141
vt 0.239 0.0173
vt 0.27 0.0141
vt 0.27 0.0173
vt 0.301 0.0141
vt 0.301 0.0173
vt 0.332 0.0141
vt 0.332 0.0173
vt 0.363 0.0141
vt 0.363 0.0173
vt 0.394 0.0141
vt 0.394 0.0173
vt 0.4249 0.0141
vt 0.4249 0.0173
vt 0.4559 0.0141
vt 0.4559 0.0173
vt 0.9788 0.0177
vt 0.9517 0.0173
vt 0.9517 0.0141
vt 0.9788 0.0145
vt 0.9207 0.0173
vt 0.9207 0.0141
vt 0.8897 0.0173
vt 0.8897 0.0141
vt 0.8587 0.0173
vt 0.8588 0.0141
vt 0.8278 0.0173
vt 0.8278 0.0141
vt 0.7968 0.0173
vt 0.7968 0.0141
vt 0.7658 0.0173
vt 0.7658 0.0141
vt 0.7348 0.0173
vt 0.7348 0.0141
vt 0.7038 0.0173
vt 0.7038 0.0141
vt 0.6728 0.0173
vt 0.6728 0.0141
vt 0.6418 0.0173
vt 0.6419 0.0141
vt 0.6109 0.0173
vt 0.6109 0.0141
vt 0.5799 0.0173
vt 0.5799 0.0141
vt 0.5489 0.0173
vt 0.5489 0.0141
vt 0.0531 0.0311
vt 0.0221 0.0311
vt 0.0841 0.0311
vt 0.1151 0.0311
vt 0.1461 0.0311
vt 0.1771 0.0311
vt 0.208 0.0311
vt 0.239 0.0311
vt 0.27 0.0311
vt 0.301 0.0311
vt 0.332 0.0311
vt 0.363 0.0311
vt 0.394 0.0311
vt 0.4249 0.0311
vt 0.4559 0.0311
vt 0.9788 0.0315
vt 0.9517 0.0311
vt 0.9207 0.0311
vt 0.8897 0.0311
vt 0.8587 0.0311
vt 0.8278 0.0311
vt 0.7968 0.0311
vt 0.7658 0.0311
vt 0.7348 0.0311
vt 0.7038 0.0311
vt 0.6728 0.0311
vt 0.6418 0.0311
vt 0.6109 0.0311
vt 0.5799 0.0311
vt 0.5489 0.0311
vt 0.0221 0.19
vt 0.0531 0.19
vt 0.0841 0.19
vt 0.1151 0.19
vt 0.1461 0.19
vt 0.177 0.19
vt 0.208 0.19
vt 0.239 0.19
vt 0.27 0.19
vt 0.301 0.19
vt 0.332 0.19
vt 0.363 0.19
vt 0.3939 0.19
vt 0.4249 0.19
vt 0.4559 0.19
vt 0.9517 0.19
vt 0.9788 0.1904
vt 0.9207 0.19
vt 0.8897 0.19
vt 0.8587 0.19
vt 0.8277 0.19
vt 0.7968 0.19
vt 0.7658 0.19
vt 0.7348 0.19
vt 0.7038 0.19
vt 0.6728 0.19
vt 0.6418 0.19
vt 0.6108 0.19
vt 0.5799 0.19
vt 0.5489 0.19
vt 0.0221 0.1843
vt 0.0531 0.1843
vt 0.0841 0.1843
vt 0.1151 0.1843
vt 0.1461 0.1843
vt 0.1771 0.1843
vt 0.208 0.1843
vt 0.239 0.1843
vt 0.27 0.1843
vt 0.301 0.1843
vt 0.332 0.1843
vt 0.363 0.1843
vt 0.394 0.1843
vt 0.4249 0.1843
vt 0.4559 0.1843
vt 0.9517 0.1843
vt 0.9788 0.1846
vt 0.9207 0.1843
vt 0.8897 0.1843
vt 0.8587 0.1843
vt 0.8278 0.1843
vt 0.7968 0.1843
vt 0.7658 0.1843
vt 0.7348 0.1843
vt 0.7038 0.1843
vt 0.6728 0.1843
vt 0.6418 0.1843
vt 0.6109 0.1843
vt 0.5799 0.1843
vt 0.5489 0.1843
vt 0.0221 0.1225
vt 0.0531 0.1225
vt 0.0841 0.1225
vt 0.1151 0.1225
vt 0.1461 0.1225
vt 0.1771 0.1225
vt 0.208 0.1225
vt 0.239 0.1225
vt 0.27 0.1225
vt 0.301 0.1225
vt 0.332 0.1225
vt 0.363 0.1225
vt 0.394 0.1225
vt 0.4249 0.1225
vt 0.4559 0.1225
vt 0.9517 0.1225
vt 0.9788 0.123
vt 0.9207 0.1225
vt 0.8897 0.1225
vt 0.8587 0.1225
vt 0.8278 0.1225
vt 0.7968 0.1225
vt 0.7658 0.1225
vt 0.7348 0.1225
vt 0.7038 0.1225
vt 0.6728 0.1225
vt 0.6418 0.1225
vt 0.6109 0.1225
vt 0.5799 0.1225
vt 0.5489 0.1225
vt 0.0221 0.0955
vt 0.0531 0.0955
vt 0.0841 0.0955
vt 0.1151 0.0955
vt 0.1461 0.0955
vt 0.1771 0.0955
vt 0.208 0.0955
vt 0.239 0.0955
vt 0.27 0.0955
vt 0.301 0.0955
vt 0.332 0.0955
vt 0.363 0.0955
vt 0.394 0.0955
vt 0.4249 0.0955
vt 0.4559 0.0955
vt 0.9517 0.0955
vt 0.9788 0.096
vt 0.9207 0.0955
vt 0.8897 0.0955
vt 0.8587 0.0955
vt 0.8278 0.0955
vt 0.7968 0.0955
vt 0.7658 0.0955
vt 0.7348 0.0955
vt 0.7038 0.0955
vt 0.6728 0.0955
vt 0.6418 0.0955
vt 0.6109 0.0955
vt 0.5799 0.0955
vt 0.5489 0.0955
vt 0.0531 0.0596
vt 0.0221 0.0596
vt 0.0841 0.0596
vt 0.1151 0.0596
vt 0.1461 0.0596
vt 0.1771 0.0596
vt 0.208 0.0596
vt 0.239 0.0596
vt 0.27 0.0596
vt 0.301 0.0596
vt 0.332 0.0596
vt 0.363 0.0596
vt 0.394 0.0596
vt 0.4249 0.0596
vt 0.4559 0.0596
vt 0.9788 0.0601
vt 0.9517 0.0596
vt 0.9207 0.0596
vt 0.8897 0.0596
vt 0.8587 0.0596
vt 0.8278 0.0596
vt 0.7968 0.0596
vt 0.7658 0.0596
vt 0.7348 0.0596
vt 0.7038 0.0596
vt 0.6728 0.0596
vt 0.6418 0.0596
vt 0.6109 0.0596
vt 0.5799 0.0596
vt 0.5489 0.0596
vt 0.2403 0.7688
vt 0.2403 0.9662
vt 0.0429 0.9662
vt 0.0429 0.7688
vt 0.4619 0.9662
vt 0.2645 0.9662
vt 0.2645 0.7688
vt 0.4619 0.7688
vt 0.0429 0.7446
vt 0.2403 0.7446
vt 0.2403 0.9903
vt 0.0429 0.9903
vt 0.0187 0.9662
vt 0.0187 0.7688
vn 0.0766 -0.6235 -0.778
vn 0.0788 -0.5937 -0.8008
vn -0.084 -0.5937 -0.8003
vn -0.0816 -0.6235 -0.7775
vn 0.0616 -0.778 -0.6253
vn 0.0507 -0.8557 -0.515
vn -0.054 -0.8557 -0.5147
vn -0.0656 -0.7779 -0.6249
vn 0.0847 0.5017 -0.8609
vn 0.0979 -0.0417 -0.9943
vn -0.1043 -0.0416 -0.9937
vn -0.0903 0.5017 -0.8603
vn 0.0458 0.8842 -0.4649
vn -0.0488 0.8842 -0.4646
vn 0.0013 0.9999 -0.0129
vn -0.0014 0.9999 -0.0129
vn -0.0891 0.4167 0.9047
vn -0.0747 0.6467 0.7591
vn 0.0796 0.6467 0.7586
vn 0.0949 0.4167 0.9041
vn -0.0349 0.9343 0.3548
vn 0.0372 0.9343 0.3546
vn 0.0978 0.0616 -0.9933
vn -0.1042 0.0616 -0.9926
vn 0.0584 0.8027 -0.5935
vn -0.0623 0.8027 -0.5932
vn 0.0784 0.5993 -0.7967
vn -0.0835 0.5993 -0.7962
vn 0.0851 0.495 -0.8647
vn -0.0907 0.495 -0.8641
vn 0.0724 0.6735 -0.7356
vn -0.0771 0.6735 -0.7351
vn 0.0959 0.2058 -0.9739
vn -0.1021 0.2058 -0.9733
vn 0.0927 -0.3216 -0.9423
vn -0.0988 -0.3216 -0.9417
vn 0.0678 -0.722 -0.6886
vn -0.0722 -0.7219 -0.6882
vn 0.0399 -0.9132 -0.4056
vn -0.0425 -0.9132 -0.4054
vn 0.0885 -0.4297 -0.8986
vn -0.0943 -0.4297 -0.898
vn 0.097 0.1412 -0.9852
vn -0.1033 0.1412 -0.9846
vn 0.0802 -0.5742 -0.8148
vn 0.0239 -0.9699 -0.2424
vn -0.0254 -0.9699 -0.2422
vn -0.0855 -0.5742 -0.8143
vn 0.0845 -0.5051 -0.8589
vn -0.0901 -0.5051 -0.8584
vn 0.0974 0.1041 -0.9898
vn -0.1038 0.1041 -0.9891
vn 0.0799 -0.5782 -0.812
vn -0.0851 -0.5782 -0.8114
vn 0.0977 -0.078 -0.9922
vn -0.104 -0.078 -0.9915
vn 0.0025 -0.6235 0.7818
vn 0.0026 -0.5938 0.8046
vn 0.1646 -0.5937 0.7877
vn 0.1599 -0.6236 0.7653
vn 0.3198 -0.5937 0.7384
vn 0.3107 -0.6236 0.7174
vn 0.4618 -0.5937 0.6589
vn 0.4487 -0.6236 0.6402
vn 0.5851 -0.5937 0.5525
vn 0.5684 -0.6236 0.5368
vn 0.6842 -0.5938 0.4234
vn 0.6648 -0.6235 0.4113
vn 0.7555 -0.5937 0.277
vn 0.734 -0.6236 0.2691
vn 0.7958 -0.5937 0.1193
vn 0.7731 -0.6236 0.1159
vn 0.8034 -0.5938 -0.0434
vn 0.7807 -0.6235 -0.0422
vn 0.7783 -0.5938 -0.2042
vn 0.7562 -0.6235 -0.1984
vn 0.7213 -0.5938 -0.3567
vn 0.7008 -0.6235 -0.3466
vn 0.6347 -0.5937 -0.4946
vn 0.6167 -0.6236 -0.4805
vn 0.5222 -0.5937 -0.6122
vn 0.5073 -0.6235 -0.5948
vn 0.3882 -0.5938 -0.7048
vn 0.3772 -0.6235 -0.6848
vn 0.2384 -0.5938 -0.7685
vn 0.2316 -0.6236 -0.7467
vn -0.1549 -0.6235 0.7663
vn -0.1595 -0.5938 0.7887
vn -0.306 -0.6235 0.7194
vn -0.315 -0.5938 0.7404
vn -0.4446 -0.6235 0.6431
vn -0.4576 -0.5937 0.6619
vn -0.5649 -0.6235 0.5404
vn -0.5814 -0.5938 0.5562
vn -0.6621 -0.6235 0.4156
vn -0.6815 -0.5938 0.4277
vn -0.7322 -0.6236 0.2738
vn -0.7538 -0.5936 0.2819
vn -0.7724 -0.6236 0.1208
vn -0.7951 -0.5936 0.1244
vn -0.7809 -0.6235 -0.0371
vn -0.8037 -0.5938 -0.0382
vn -0.7575 -0.6235 -0.1935
vn -0.7796 -0.5937 -0.1992
vn -0.703 -0.6236 -0.342
vn -0.7236 -0.5936 -0.3521
vn -0.6197 -0.6235 -0.4766
vn -0.6378 -0.5938 -0.4905
vn -0.5111 -0.6236 -0.5915
vn -0.5261 -0.5937 -0.6089
vn -0.3816 -0.6235 -0.6823
vn -0.3928 -0.5937 -0.7023
vn -0.2364 -0.6235 -0.7452
vn -0.2434 -0.5937 -0.767
vn 0.002 -0.7779 0.6283
vn 0.0017 -0.8557 0.5175
vn 0.1058 -0.8557 0.5065
vn 0.1285 -0.7779 0.6151
vn 0.2056 -0.8557 0.4749
vn 0.2497 -0.7779 0.5766
vn 0.297 -0.8557 0.4238
vn 0.3606 -0.7779 0.5145
vn 0.3762 -0.8557 0.3553
vn 0.4568 -0.7779 0.4314
vn 0.4401 -0.8557 0.2723
vn 0.5343 -0.7779 0.3306
vn 0.4859 -0.8557 0.1781
vn 0.5899 -0.778 0.2163
vn 0.5118 -0.8557 0.0767
vn 0.6214 -0.778 0.0931
vn 0.5168 -0.8557 -0.0279
vn 0.6274 -0.778 -0.0339
vn 0.5005 -0.8557 -0.1313
vn 0.6077 -0.778 -0.1595
vn 0.4639 -0.8557 -0.2294
vn 0.5632 -0.778 -0.2785
vn 0.4082 -0.8557 -0.3181
vn 0.4956 -0.778 -0.3862
vn 0.3358 -0.8557 -0.3937
vn 0.4077 -0.7779 -0.4781
vn 0.2497 -0.8557 -0.4533
vn 0.3031 -0.778 -0.5504
vn 0.1533 -0.8557 -0.4942
vn 0.1862 -0.778 -0.6001
vn -0.1245 -0.7779 0.6159
vn -0.1026 -0.8557 0.5072
vn -0.246 -0.778 0.5782
vn -0.2026 -0.8557 0.4762
vn -0.3573 -0.778 0.5168
vn -0.2943 -0.8557 0.4257
vn -0.454 -0.7779 0.4343
vn -0.3739 -0.8557 0.3577
vn -0.5322 -0.7779 0.3341
vn -0.4383 -0.8557 0.2751
vn -0.5885 -0.778 0.2201
vn -0.4847 -0.8557 0.1813
vn -0.6208 -0.778 0.0971
vn -0.5112 -0.8557 0.08
vn -0.6276 -0.7779 -0.0298
vn -0.5169 -0.8557 -0.0246
vn -0.6088 -0.778 -0.1556
vn -0.5014 -0.8557 -0.1281
vn -0.565 -0.778 -0.2749
vn -0.4653 -0.8557 -0.2264
vn -0.4981 -0.7779 -0.383
vn -0.4102 -0.8557 -0.3155
vn -0.4108 -0.7779 -0.4754
vn -0.3383 -0.8557 -0.3916
vn -0.3067 -0.778 -0.5484
vn -0.2526 -0.8557 -0.4516
vn -0.19 -0.778 -0.5989
vn -0.1565 -0.8557 -0.4932
vn 0.0028 0.5017 0.865
vn 0.0032 -0.0417 0.9991
vn 0.2043 -0.0416 0.978
vn 0.1769 0.5017 0.8468
vn 0.397 -0.0417 0.9169
vn 0.3437 0.5017 0.7938
vn 0.5735 -0.0417 0.8182
vn 0.4965 0.5017 0.7084
vn 0.7264 -0.0417 0.686
vn 0.6289 0.5017 0.5939
vn 0.8496 -0.0417 0.5257
vn 0.7356 0.5017 0.4552
vn 0.9381 -0.0417 0.3439
vn 0.8122 0.5017 0.2978
vn 0.9881 -0.0417 0.1481
vn 0.8555 0.5017 0.1282
vn 0.9977 -0.0417 -0.0539
vn 0.8638 0.5017 -0.0466
vn 0.9664 -0.0417 -0.2536
vn 0.8367 0.5017 -0.2195
vn 0.8956 -0.0417 -0.4429
vn 0.7754 0.5017 -0.3835
vn 0.7881 -0.0417 -0.6141
vn 0.6823 0.5017 -0.5317
vn 0.6483 -0.0417 -0.7602
vn 0.5613 0.5017 -0.6582
vn 0.482 -0.0417 -0.8752
vn 0.4173 0.5017 -0.7577
vn 0.296 -0.0417 -0.9543
vn 0.2563 0.5017 -0.8262
vn -0.1714 0.5017 0.8479
vn -0.198 -0.0417 0.9793
vn -0.3386 0.5017 0.796
vn -0.3911 -0.0417 0.9194
vn -0.4919 0.5017 0.7115
vn -0.5682 -0.0417 0.8218
vn -0.6251 0.5017 0.598
vn -0.722 -0.0417 0.6907
vn -0.7327 0.5017 0.4599
vn -0.8462 -0.0417 0.5312
vn -0.8102 0.5017 0.303
vn -0.9358 -0.0417 0.35
vn -0.8546 0.5017 0.1337
vn -0.9871 -0.0417 0.1544
vn -0.8641 0.5017 -0.0411
vn -0.998 -0.0417 -0.0474
vn -0.8381 0.5017 -0.2141
vn -0.968 -0.0417 -0.2474
vn -0.7778 0.5017 -0.3785
vn -0.8984 -0.0417 -0.4371
vn -0.6857 0.5017 -0.5273
vn -0.792 -0.0416 -0.609
vn -0.5656 0.5017 -0.6545
vn -0.6532 -0.0417 -0.756
vn -0.4222 0.5017 -0.755
vn -0.4877 -0.0417 -0.872
vn -0.2616 0.5017 -0.8245
vn -0.3022 -0.0417 -0.9523
vn 0.0015 0.8842 0.4672
vn 0.0955 0.8842 0.4573
vn 0.1856 0.8842 0.4287
vn 0.2681 0.8842 0.3826
vn 0.3397 0.8842 0.3207
vn 0.3973 0.8842 0.2458
vn 0.4386 0.8842 0.1608
vn 0.462 0.8842 0.0692
vn 0.4665 0.8842 -0.0252
vn 0.4519 0.8842 -0.1186
vn 0.4187 0.8842 -0.2071
vn 0.3685 0.8842 -0.2872
vn 0.3031 0.8842 -0.3555
vn 0.2254 0.8842 -0.4092
vn 0.1384 0.8842 -0.4462
vn -0.0926 0.8842 0.4579
vn -0.1829 0.8842 0.4299
vn -0.2657 0.8842 0.3843
vn -0.3376 0.8842 0.3229
vn -0.3957 0.8842 0.2484
vn -0.4376 0.8842 0.1636
vn -0.4616 0.8842 0.0722
vn -0.4666 0.8842 -0.0222
vn -0.4526 0.8842 -0.1157
vn -0.4201 0.8842 -0.2044
vn -0.3703 0.8842 -0.2848
vn -0.3054 0.8842 -0.3535
vn -0.228 0.8842 -0.4077
vn -0.1413 0.8842 -0.4453
vn -0.0729 0.9343 -0.3491
vn -0.1417 0.9343 -0.3272
vn -0.2047 0.9343 -0.292
vn -0.3032 0.9343 -0.1876
vn -0.2593 0.9343 -0.2448
vn -0.3348 0.9343 -0.1228
vn -0.3526 0.9343 -0.0528
vn 0.3562 0.9343 0.0169
vn -0.3562 0.9342 0.0192
vn 0.3523 0.9343 -0.0551
vn 0.334 0.9342 -0.1249
vn 0.2577 0.9343 -0.2465
vn 0.3019 0.9343 -0.1895
vn 0.2027 0.9343 -0.2932
vn 0.1395 0.9343 -0.3281
vn 0.0707 0.9343 -0.3495
vn -0.0012 0.9343 -0.3565
vn 0.1078 0.9343 0.3398
vn -0.172 0.9343 0.3123
vn 0.174 0.9343 0.3112
vn 0.2331 0.9343 0.2698
vn 0.3205 0.9343 0.1559
vn 0.2826 0.9343 0.2173
vn 0.3455 0.9343 0.0883
vn -0.3449 0.9343 0.0905
vn -0.3196 0.9343 0.1581
vn -0.2812 0.9343 0.2192
vn -0.2314 0.9343 0.2713
vn -0.1056 0.9343 0.3405
vn 0.0 0.9999 0.013
vn 0.0027 0.9999 0.0127
vn 0.0052 0.9999 0.0119
vn 0.0075 0.9999 0.0106
vn 0.0095 0.9999 0.0089
vn 0.0111 0.9999 0.0068
vn 0.0122 0.9999 0.0045
vn 0.0129 0.9999 0.0019
vn 0.013 0.9999 -0.0007
vn 0.0126 0.9999 -0.0033
vn 0.0117 0.9999 -0.0058
vn 0.0103 0.9999 -0.008
vn 0.0084 0.9999 -0.0099
vn 0.0063 0.9999 -0.0114
vn 0.0039 0.9999 -0.0124
vn -0.0026 0.9999 0.0127
vn -0.0051 0.9999 0.012
vn -0.0074 0.9999 0.0107
vn -0.0094 0.9999 0.009
vn -0.011 0.9999 0.0069
vn -0.0122 0.9999 0.0046
vn -0.0128 0.9999 0.002
vn -0.013 0.9999 -0.0006
vn -0.0126 0.9999 -0.0032
vn -0.0117 0.9999 -0.0057
vn -0.0103 0.9999 -0.0079
vn -0.0085 0.9999 -0.0098
vn -0.0063 0.9999 -0.0114
vn -0.0039 0.9999 -0.0124
vn -0.0029 0.4167 -0.909
vn -0.0025 0.6467 -0.7628
vn -0.156 0.6466 -0.7467
vn -0.1859 0.4166 -0.8899
vn -0.3031 0.6466 -0.7
vn -0.3612 0.4166 -0.8342
vn -0.4378 0.6466 -0.6246
vn -0.5218 0.4166 -0.7444
vn -0.5546 0.6467 -0.5237
vn -0.661 0.4166 -0.6242
vn -0.6487 0.6467 -0.4013
vn -0.773 0.4167 -0.4783
vn -0.7162 0.6467 -0.2626
vn -0.8535 0.4166 -0.3129
vn -0.7544 0.6467 -0.113
vn -0.899 0.4167 -0.1347
vn -0.7617 0.6467 0.0411
vn -0.9078 0.4165 0.049
vn -0.7378 0.6467 0.1936
vn -0.8793 0.4167 0.2307
vn -0.6837 0.6467 0.3381
vn -0.8149 0.4166 0.403
vn -0.6017 0.6467 0.4689
vn -0.717 0.4167 0.5588
vn -0.495 0.6467 0.5804
vn -0.5899 0.4166 0.6917
vn -0.368 0.6467 0.6681
vn -0.4386 0.4167 0.7963
vn -0.226 0.6467 0.7285
vn -0.2693 0.4167 0.8683
vn 0.1802 0.4167 -0.891
vn 0.1512 0.6467 -0.7476
vn 0.3558 0.4167 -0.8365
vn 0.2986 0.6467 -0.7019
vn 0.517 0.4167 -0.7477
vn 0.4338 0.6467 -0.6274
vn 0.6569 0.4166 -0.6284
vn 0.5512 0.6467 -0.5273
vn 0.7699 0.4167 -0.4833
vn 0.646 0.6467 -0.4055
vn 0.8515 0.4166 -0.3184
vn 0.7145 0.6467 -0.2672
vn 0.8981 0.4166 -0.1405
vn 0.7536 0.6467 -0.1179
vn 0.908 0.4167 0.0431
vn 0.7619 0.6467 0.0362
vn 0.8808 0.4166 0.2251
vn 0.739 0.6467 0.1888
vn 0.8174 0.4168 0.3977
vn 0.6859 0.6467 0.3337
vn 0.7206 0.4167 0.5541
vn 0.6047 0.6467 0.465
vn 0.5943 0.4167 0.6879
vn 0.4987 0.6467 0.5772
vn 0.4437 0.4167 0.7934
vn 0.3723 0.6467 0.6657
vn 0.2749 0.4167 0.8665
vn 0.2307 0.6467 0.7271
vn 0.0032 0.0616 0.9981
vn 0.2041 0.0617 0.977
vn 0.3966 0.0616 0.9159
vn 0.5729 0.0617 0.8173
vn 0.7257 0.0617 0.6853
vn 0.8488 0.0615 0.5252
vn 0.9371 0.0617 0.3436
vn 0.9871 0.0618 0.1479
vn 0.9967 0.0616 -0.0538
vn 0.9654 0.0616 -0.2533
vn 0.8947 0.0616 -0.4425
vn 0.7873 0.0617 -0.6135
vn 0.6477 0.0617 -0.7594
vn 0.4815 0.0616 -0.8743
vn 0.2957 0.0616 -0.9533
vn -0.1978 0.0616 0.9783
vn -0.3907 0.0616 0.9185
vn -0.5676 0.0616 0.821
vn -0.7212 0.0616 0.6899
vn -0.8454 0.0615 0.5306
vn -0.9348 0.0618 0.3496
vn -0.9861 0.0617 0.1542
vn -0.997 0.0616 -0.0474
vn -0.967 0.0617 -0.2471
vn -0.8975 0.0618 -0.4367
vn -0.7912 0.0616 -0.6084
vn -0.6526 0.0617 -0.7552
vn -0.4872 0.0617 -0.8711
vn -0.3018 0.0616 -0.9514
vn 0.0019 0.8027 0.5964
vn 0.122 0.8027 0.5838
vn 0.237 0.8027 0.5473
vn 0.3423 0.8027 0.4884
vn 0.4336 0.8027 0.4095
vn 0.5072 0.8027 0.3138
vn 0.56 0.8027 0.2053
vn 0.5898 0.8027 0.0884
vn 0.5956 0.8027 -0.0322
vn 0.5769 0.8027 -0.1514
vn 0.5346 0.8027 -0.2644
vn 0.4704 0.8027 -0.3666
vn 0.387 0.8027 -0.4538
vn 0.2877 0.8027 -0.5224
vn 0.1767 0.8027 -0.5696
vn -0.1182 0.8027 0.5846
vn -0.2335 0.8027 0.5488
vn -0.3392 0.8027 0.4906
vn -0.431 0.8027 0.4123
vn -0.5051 0.8027 0.3171
vn -0.5586 0.8027 0.2089
vn -0.5893 0.8027 0.0922
vn -0.5957 0.8027 -0.0283
vn -0.5779 0.8027 -0.1476
vn -0.5363 0.8027 -0.2609
vn -0.4728 0.8027 -0.3636
vn -0.3899 0.8027 -0.4513
vn -0.2911 0.8027 -0.5205
vn -0.1804 0.8027 -0.5685
vn 0.0026 0.5993 0.8005
vn 0.1637 0.5993 0.7836
vn 0.3181 0.5993 0.7346
vn 0.4595 0.5993 0.6555
vn 0.582 0.5993 0.5496
vn 0.6807 0.5993 0.4212
vn 0.7516 0.5993 0.2756
vn 0.7917 0.5993 0.1186
vn 0.7993 0.5993 -0.0432
vn 0.7743 0.5993 -0.2032
vn 0.7176 0.5993 -0.3549
vn 0.6314 0.5993 -0.4921
vn 0.5195 0.5993 -0.6091
vn 0.3862 0.5993 -0.7012
vn 0.2372 0.5993 -0.7646
vn -0.1587 0.5993 0.7846
vn -0.3134 0.5993 0.7366
vn -0.4552 0.5993 0.6585
vn -0.5785 0.5993 0.5534
vn -0.678 0.5993 0.4256
vn -0.7498 0.5993 0.2804
vn -0.7909 0.5993 0.1237
vn -0.7996 0.5993 -0.038
vn -0.7756 0.5993 -0.1982
vn -0.7198 0.5993 -0.3502
vn -0.6346 0.5993 -0.488
vn -0.5234 0.5993 -0.6057
vn -0.3907 0.5993 -0.6987
vn -0.2421 0.5993 -0.763
vn 0.0028 0.495 0.8689
vn 0.1777 0.495 0.8505
vn 0.3453 0.495 0.7973
vn 0.4987 0.495 0.7115
vn 0.6317 0.495 0.5966
vn 0.7389 0.4951 0.4572
vn 0.8158 0.4951 0.2991
vn 0.8593 0.495 0.1287
vn 0.8676 0.4951 -0.0468
vn 0.8404 0.4951 -0.2205
vn 0.7788 0.495 -0.3852
vn 0.6853 0.495 -0.5341
vn 0.5638 0.4951 -0.6611
vn 0.4192 0.4951 -0.761
vn 0.2574 0.495 -0.8299
vn -0.1722 0.4951 0.8516
vn -0.3401 0.4951 0.7995
vn -0.4941 0.495 0.7147
vn -0.6279 0.495 0.6006
vn -0.7359 0.495 0.4619
vn -0.8138 0.495 0.3043
vn -0.8584 0.4951 0.1343
vn -0.8679 0.495 -0.0412
vn -0.8418 0.495 -0.2151
vn -0.7813 0.495 -0.3801
vn -0.6888 0.495 -0.5296
vn -0.5681 0.495 -0.6575
vn -0.4241 0.495 -0.7583
vn -0.2628 0.495 -0.8282
vn 0.0024 0.6735 0.7391
vn 0.1512 0.6735 0.7235
vn 0.2937 0.6736 0.6783
vn 0.4242 0.6735 0.6053
vn 0.5374 0.6735 0.5075
vn 0.6286 0.6735 0.3889
vn 0.694 0.6735 0.2544
vn 0.731 0.6735 0.1095
vn 0.7381 0.6735 -0.0398
vn 0.7149 0.6735 -0.1876
vn 0.6626 0.6735 -0.3277
vn 0.583 0.6736 -0.4543
vn 0.4796 0.6736 -0.5624
vn 0.3566 0.6735 -0.6474
vn 0.219 0.6735 -0.706
vn -0.1465 0.6735 0.7245
vn -0.2893 0.6735 0.6802
vn -0.4203 0.6735 0.608
vn -0.5341 0.6735 0.5109
vn -0.626 0.6736 0.393
vn -0.6923 0.6735 0.2589
vn -0.7303 0.6735 0.1143
vn -0.7383 0.6735 -0.0351
vn -0.7161 0.6736 -0.183
vn -0.6646 0.6735 -0.3234
vn -0.5859 0.6735 -0.4506
vn -0.4833 0.6735 -0.5593
vn -0.3608 0.6735 -0.6451
vn -0.2235 0.6735 -0.7045
vn 0.0032 0.2058 0.9786
vn 0.2001 0.2058 0.9579
vn 0.3889 0.2058 0.898
vn 0.5617 0.2058 0.8013
vn 0.7115 0.2058 0.6719
vn 0.8322 0.2058 0.5149
vn 0.9188 0.2058 0.3369
vn 0.9678 0.2058 0.145
vn 0.9772 0.2058 -0.0527
vn 0.9466 0.2058 -0.2484
vn 0.8772 0.2058 -0.4338
vn 0.7719 0.2058 -0.6015
vn 0.635 0.2058 -0.7446
vn 0.4721 0.2058 -0.8572
vn 0.2899 0.2058 -0.9347
vn -0.194 0.2058 0.9592
vn -0.3831 0.2058 0.9005
vn -0.5565 0.2058 0.805
vn -0.7071 0.2058 0.6765
vn -0.8288 0.2058 0.5203
vn -0.9166 0.2058 0.3428
vn -0.9668 0.2058 0.1513
vn -0.9775 0.2058 -0.0464
vn -0.9481 0.2058 -0.2423
vn -0.88 0.2058 -0.4282
vn -0.7758 0.2058 -0.5965
vn -0.6398 0.2058 -0.7405
vn -0.4777 0.2058 -0.8541
vn -0.296 0.2058 -0.9328
vn 0.0031 -0.3217 0.9469
vn 0.1936 -0.3216 0.9268
vn 0.3763 -0.3216 0.8689
vn 0.5435 -0.3216 0.7754
vn 0.6884 -0.3217 0.6501
vn 0.8052 -0.3217 0.4982
vn 0.889 -0.3217 0.3259
vn 0.9364 -0.3216 0.1403
vn 0.9455 -0.3216 -0.051
vn 0.9158 -0.3217 -0.2403
vn 0.8487 -0.3216 -0.4198
vn 0.7469 -0.3217 -0.582
vn 0.6144 -0.3217 -0.7204
vn 0.4568 -0.3217 -0.8294
vn 0.2805 -0.3216 -0.9043
vn -0.1877 -0.3216 0.9281
vn -0.3707 -0.3216 0.8713
vn -0.5385 -0.3217 0.7789
vn -0.6842 -0.3216 0.6545
vn -0.802 -0.3217 0.5034
vn -0.8869 -0.3216 0.3317
vn -0.9355 -0.3217 0.1463
vn -0.9458 -0.3216 -0.0449
vn -0.9174 -0.3217 -0.2344
vn -0.8514 -0.3217 -0.4143
vn -0.7506 -0.3216 -0.5772
vn -0.6191 -0.3216 -0.7165
vn -0.4622 -0.3216 -0.8264
vn -0.2864 -0.3217 -0.9025
vn 0.0022 -0.7219 0.6919
vn 0.1415 -0.722 0.6773
vn 0.275 -0.7219 0.635
vn 0.3972 -0.7219 0.5666
vn 0.5031 -0.722 0.4751
vn 0.5884 -0.7219 0.3641
vn 0.6496 -0.722 0.2382
vn 0.6843 -0.722 0.1025
vn 0.6909 -0.722 -0.0373
vn 0.6693 -0.722 -0.1756
vn 0.6202 -0.722 -0.3067
vn 0.5458 -0.722 -0.4253
vn 0.449 -0.7219 -0.5265
vn 0.3338 -0.722 -0.6061
vn 0.205 -0.722 -0.6609
vn -0.1371 -0.7219 0.6782
vn -0.2709 -0.7219 0.6367
vn -0.3935 -0.722 0.5692
vn -0.5 -0.722 0.4783
vn -0.5861 -0.7219 0.3679
vn -0.6481 -0.7219 0.2424
vn -0.6836 -0.7219 0.107
vn -0.6912 -0.7219 -0.0328
vn -0.6704 -0.7219 -0.1713
vn -0.6222 -0.7219 -0.3027
vn -0.5485 -0.7219 -0.4218
vn -0.4524 -0.7219 -0.5236
vn -0.3377 -0.722 -0.6039
vn -0.2093 -0.7219 -0.6596
vn 0.0013 -0.9132 0.4076
vn 0.0834 -0.9132 0.399
vn 0.162 -0.9132 0.374
vn 0.2339 -0.9132 0.3338
vn 0.2963 -0.9132 0.2798
vn 0.3466 -0.9132 0.2145
vn 0.3827 -0.9132 0.1403
vn 0.4031 -0.9132 0.0604
vn 0.407 -0.9132 -0.022
vn 0.3942 -0.9132 -0.1035
vn 0.3654 -0.9132 -0.1807
vn 0.3215 -0.9132 -0.2505
vn 0.2645 -0.9132 -0.3101
vn 0.1966 -0.9132 -0.357
vn 0.1208 -0.9132 -0.3893
vn -0.0808 -0.9132 0.3995
vn -0.1596 -0.9132 0.3751
vn -0.2318 -0.9132 0.3353
vn -0.2945 -0.9132 0.2817
vn -0.3452 -0.9132 0.2167
vn -0.3818 -0.9132 0.1428
vn -0.4027 -0.9132 0.063
vn -0.4071 -0.9132 -0.0193
vn -0.3949 -0.9132 -0.1009
vn -0.3665 -0.9132 -0.1783
vn -0.3231 -0.9132 -0.2485
vn -0.2665 -0.9132 -0.3084
vn -0.1989 -0.9132 -0.3557
vn -0.1233 -0.9132 -0.3885
vn 0.0029 -0.4297 0.903
vn 0.1847 -0.4297 0.8839
vn 0.3588 -0.4297 0.8286
vn 0.5183 -0.4297 0.7394
vn 0.6565 -0.4297 0.62
vn 0.7678 -0.4297 0.4751
vn 0.8478 -0.4297 0.3108
vn 0.893 -0.4297 0.1338
vn 0.9017 -0.4297 -0.0487
vn 0.8734 -0.4297 -0.2292
vn 0.8094 -0.4297 -0.4003
vn 0.7123 -0.4297 -0.555
vn 0.5859 -0.4297 -0.6871
vn 0.4356 -0.4297 -0.791
vn 0.2675 -0.4297 -0.8624
vn -0.179 -0.4297 0.8851
vn -0.3535 -0.4297 0.8309
vn -0.5135 -0.4297 0.7428
vn -0.6525 -0.4297 0.6242
vn -0.7648 -0.4297 0.4801
vn -0.8458 -0.4297 0.3163
vn -0.8921 -0.4297 0.1396
vn -0.9019 -0.4297 -0.0429
vn -0.8748 -0.4297 -0.2235
vn -0.8119 -0.4297 -0.3951
vn -0.7158 -0.4297 -0.5504
vn -0.5904 -0.4297 -0.6833
vn -0.4408 -0.4297 -0.7881
vn -0.2731 -0.4297 -0.8607
vn 0.0032 0.1412 0.99
vn 0.2025 0.1412 0.9691
vn 0.3934 0.1412 0.9085
vn 0.5682 0.1411 0.8107
vn 0.7198 0.1412 0.6797
vn 0.8419 0.1411 0.5209
vn 0.9295 0.1412 0.3408
vn 0.9791 0.1412 0.1467
vn 0.9885 0.1412 -0.0533
vn 0.9576 0.1412 -0.2513
vn 0.8874 0.1412 -0.4389
vn 0.7809 0.1412 -0.6085
vn 0.6424 0.1412 -0.7532
vn 0.4776 0.1412 -0.8671
vn 0.2933 0.1412 -0.9455
vn -0.1962 0.1412 0.9703
vn -0.3875 0.1412 0.911
vn -0.563 0.1412 0.8143
vn -0.7154 0.1412 0.6843
vn -0.8385 0.1411 0.5263
vn -0.9273 0.1411 0.3468
vn -0.9781 0.1412 0.153
vn -0.9889 0.1411 -0.047
vn -0.9592 0.1411 -0.2451
vn -0.8902 0.1411 -0.4331
vn -0.7848 0.1412 -0.6035
vn -0.6472 0.1412 -0.7491
vn -0.4832 0.1412 -0.864
vn -0.2994 0.1412 -0.9436
vn 0.0027 -0.5742 0.8187
vn 0.0008 -0.9699 0.2436
vn 0.0498 -0.9699 0.2384
vn 0.1674 -0.5742 0.8014
vn 0.0968 -0.9699 0.2235
vn 0.3253 -0.5742 0.7513
vn 0.1398 -0.9699 0.1994
vn 0.4699 -0.5742 0.6704
vn 0.1771 -0.9699 0.1672
vn 0.5952 -0.5742 0.5621
vn 0.2071 -0.9699 0.1282
vn 0.6962 -0.5742 0.4308
vn 0.2287 -0.9699 0.0839
vn 0.7687 -0.5742 0.2818
vn 0.2409 -0.9699 0.0361
vn 0.8097 -0.5742 0.1213
vn 0.2432 -0.9699 -0.0131
vn 0.8175 -0.5742 -0.0441
vn 0.2356 -0.9699 -0.0618
vn 0.7919 -0.5742 -0.2078
vn 0.2183 -0.9699 -0.108
vn 0.7339 -0.5742 -0.3629
vn 0.1921 -0.9699 -0.1497
vn 0.6458 -0.5742 -0.5032
vn 0.158 -0.9699 -0.1853
vn 0.5313 -0.5742 -0.6229
vn 0.1175 -0.9699 -0.2133
vn 0.395 -0.5742 -0.7171
vn 0.0722 -0.9699 -0.2326
vn 0.2426 -0.5742 -0.782
vn -0.1623 -0.5742 0.8025
vn -0.0483 -0.9699 0.2387
vn -0.3205 -0.5742 0.7534
vn -0.0953 -0.9699 0.2241
vn -0.4656 -0.5742 0.6734
vn -0.1385 -0.9699 0.2003
vn -0.5916 -0.5742 0.5659
vn -0.176 -0.9699 0.1684
vn -0.6934 -0.5742 0.4352
vn -0.2063 -0.9699 0.1295
vn -0.7668 -0.5742 0.2868
vn -0.2281 -0.9699 0.0853
vn -0.8089 -0.5742 0.1265
vn -0.2407 -0.9699 0.0377
vn -0.8178 -0.5742 -0.0389
vn -0.2433 -0.9699 -0.0116
vn -0.7932 -0.5742 -0.2027
vn -0.236 -0.9699 -0.0603
vn -0.7362 -0.5742 -0.3582
vn -0.219 -0.9699 -0.1066
vn -0.649 -0.5742 -0.4991
vn -0.1931 -0.9699 -0.1485
vn -0.5353 -0.5742 -0.6195
vn -0.1592 -0.9699 -0.1843
vn -0.3996 -0.5742 -0.7146
vn -0.1189 -0.9699 -0.2126
vn -0.2476 -0.5742 -0.7804
vn -0.0737 -0.9699 -0.2321
vn 0.0028 -0.5051 0.8631
vn 0.1765 -0.5051 0.8448
vn 0.3429 -0.5051 0.792
vn 0.4954 -0.5051 0.7068
vn 0.6275 -0.5051 0.5926
vn 0.7339 -0.5051 0.4541
vn 0.8103 -0.5051 0.2971
vn 0.8536 -0.505 0.1279
vn 0.8618 -0.5051 -0.0465
vn 0.8348 -0.5051 -0.2191
vn 0.7736 -0.5051 -0.3826
vn 0.6808 -0.5051 -0.5305
vn 0.5601 -0.5051 -0.6567
vn 0.4164 -0.5051 -0.7559
vn 0.2557 -0.5051 -0.8243
vn -0.1711 -0.5051 0.8459
vn -0.3379 -0.5051 0.7942
vn -0.4909 -0.5051 0.7099
vn -0.6237 -0.5051 0.5966
vn -0.731 -0.5051 0.4588
vn -0.8084 -0.5051 0.3023
vn -0.8527 -0.505 0.1334
vn -0.8621 -0.5051 -0.041
vn -0.8362 -0.5051 -0.2137
vn -0.7761 -0.5051 -0.3776
vn -0.6842 -0.5051 -0.5261
vn -0.5642 -0.5051 -0.6531
vn -0.4212 -0.5051 -0.7533
vn -0.261 -0.505 -0.8227
vn 0.0032 0.1041 0.9946
vn 0.2034 0.1042 0.9735
vn 0.3952 0.1041 0.9127
vn 0.5708 0.1041 0.8144
vn 0.7231 0.1042 0.6828
vn 0.8458 0.1041 0.5233
vn 0.9338 0.1042 0.3424
vn 0.9836 0.1042 0.1474
vn 0.9931 0.1042 -0.0536
vn 0.962 0.1041 -0.2524
vn 0.8915 0.1041 -0.4409
vn 0.7845 0.1041 -0.6113
vn 0.6454 0.1042 -0.7567
vn 0.4799 0.1041 -0.8711
vn 0.2947 0.1041 -0.9499
vn -0.1972 0.1041 0.9748
vn -0.3894 0.1041 0.9152
vn -0.5656 0.1041 0.8181
vn -0.7187 0.1042 0.6875
vn -0.8424 0.1042 0.5287
vn -0.9316 0.1042 0.3483
vn -0.9826 0.1041 0.1537
vn -0.9934 0.1041 -0.0473
vn -0.9636 0.1041 -0.2463
vn -0.8943 0.1041 -0.4352
vn -0.7884 0.1041 -0.6063
vn -0.6502 0.1042 -0.7526
vn -0.4854 0.1041 -0.8681
vn -0.3007 0.1042 -0.948
vn 0.0026 -0.5782 0.8159
vn 0.1668 -0.5782 0.7986
vn 0.3242 -0.5782 0.7487
vn 0.4683 -0.5782 0.6681
vn 0.5932 -0.5782 0.5602
vn 0.6938 -0.5782 0.4293
vn 0.7661 -0.5782 0.2808
vn 0.8069 -0.5782 0.1209
vn 0.8148 -0.5781 -0.044
vn 0.7892 -0.5782 -0.2071
vn 0.7313 -0.5782 -0.3617
vn 0.6436 -0.5782 -0.5015
vn 0.5295 -0.5782 -0.6208
vn 0.3937 -0.5782 -0.7146
vn 0.2418 -0.5782 -0.7792
vn -0.1617 -0.5782 0.7997
vn -0.3194 -0.5782 0.7507
vn -0.464 -0.5782 0.6711
vn -0.5896 -0.5782 0.564
vn -0.691 -0.5782 0.4338
vn -0.7642 -0.5782 0.2857
vn -0.8061 -0.5782 0.1261
vn -0.815 -0.5782 -0.0388
vn -0.7905 -0.5782 -0.202
vn -0.7336 -0.5782 -0.357
vn -0.6468 -0.5782 -0.4973
vn -0.5334 -0.5782 -0.6174
vn -0.3982 -0.5783 -0.7121
vn -0.2467 -0.5782 -0.7777
vn 0.0032 -0.0781 0.9969
vn 0.2038 -0.0779 0.9759
vn 0.3962 -0.078 0.9149
vn 0.5722 -0.078 0.8164
vn 0.7248 -0.078 0.6845
vn 0.8478 -0.078 0.5245
vn 0.936 -0.078 0.3432
vn 0.9859 -0.0779 0.1478
vn 0.9955 -0.0779 -0.0537
vn 0.9643 -0.078 -0.253
vn 0.8936 -0.078 -0.442
vn 0.7864 -0.078 -0.6128
vn 0.647 -0.078 -0.7585
vn 0.481 -0.078 -0.8732
vn 0.2954 -0.078 -0.9522
vn -0.1977 -0.078 0.9772
vn -0.3903 -0.078 0.9174
vn -0.5669 -0.078 0.8201
vn -0.7204 -0.078 0.6891
vn -0.8444 -0.078 0.53
vn -0.9338 -0.078 0.3492
vn -0.985 -0.078 0.1541
vn -0.9958 -0.078 -0.0474
vn -0.9659 -0.078 -0.2469
vn -0.8964 -0.078 -0.4362
vn -0.7903 -0.0781 -0.6077
vn -0.6518 -0.078 -0.7544
vn -0.4866 -0.0781 -0.8701
vn -0.3015 -0.0781 -0.9503
vn 0.0 -1.0 -0.0
vn 0.0 -1.0 -0.0
vn -0.0774 -0.6708 -0.7376
vn 0.0727 -0.6708 -0.7381
vn -0.0856 0.5728 -0.8152
vn 0.0803 0.5729 -0.8157
vn 0.0801 0.576 -0.8135
vn -0.0853 0.576 -0.813
vn 0.0893 0.4097 -0.9078
vn -0.0952 0.4097 -0.9072
vn 0.0905 0.3822 -0.9196
vn -0.0964 0.3822 -0.919
vn 0.0789 0.5935 -0.801
vn -0.084 0.5934 -0.8005
vn -0.0531 0.861 -0.5058
vn 0.0498 0.861 -0.5061
vn 0.0 -1.0 0.0
vn 0.0 -1.0 -0.0
vn 0.1517 -0.6708 0.726
vn 0.0024 -0.6708 0.7417
vn 0.0 -1.0 0.0
vn 0.2947 -0.6708 0.6806
vn 0.0 -1.0 -0.0
vn 0.4257 -0.6707 0.6074
vn 0.0 -1.0 -0.0
vn 0.5392 -0.6708 0.5092
vn 0.0 -1.0 -0.0
vn 0.6307 -0.6708 0.3902
vn 0.0 -1.0 -0.0
vn 0.6963 -0.6708 0.2553
vn 0.0 -1.0 -0.0
vn 0.7335 -0.6707 0.1099
vn 0.0 -1.0 -0.0
vn 0.7406 -0.6708 -0.04
vn 0.0 -1.0 -0.0
vn 0.7174 -0.6708 -0.1882
vn 0.0 -1.0 -0.0
vn 0.6648 -0.6708 -0.3288
vn -0.0 -1.0 -0.0
vn 0.585 -0.6708 -0.4559
vn -0.0 -1.0 -0.0
vn 0.4813 -0.6708 -0.5643
vn -0.0 -1.0 -0.0
vn 0.3578 -0.6708 -0.6496
vn 0.0 -1.0 0.0
vn 0.2197 -0.6708 -0.7084
vn -0.147 -0.6708 0.727
vn 0.0 -1.0 0.0
vn -0.2903 -0.6708 0.6825
vn 0.0 -1.0 -0.0
vn -0.4218 -0.6708 0.6101
vn -0.0 -1.0 -0.0
vn -0.5359 -0.6708 0.5127
vn 0.0 -1.0 -0.0
vn -0.6282 -0.6708 0.3943
vn 0.0 -1.0 -0.0
vn -0.6947 -0.6708 0.2598
vn -0.0 -1.0 -0.0
vn -0.7328 -0.6708 0.1146
vn -0.0 -1.0 -0.0
vn -0.7408 -0.6708 -0.0352
vn 0.0 -1.0 -0.0
vn -0.7186 -0.6707 -0.1836
vn 0.0 -1.0 -0.0
vn -0.6669 -0.6708 -0.3245
vn -0.0 -1.0 -0.0
vn -0.5879 -0.6708 -0.4521
vn -0.0 -1.0 -0.0
vn -0.4849 -0.6708 -0.5612
vn 0.0 -1.0 -0.0
vn -0.362 -0.6708 -0.6473
vn 0.0 -1.0 -0.0
vn -0.2243 -0.6708 -0.7069
vn 0.0 -1.0 0.0
vn 0.1676 0.5729 0.8023
vn 0.0027 0.5728 0.8197
vn 0.3257 0.5728 0.7522
vn 0.4704 0.5729 0.6712
vn 0.5959 0.5728 0.5628
vn 0.697 0.5729 0.4313
vn 0.7696 0.5728 0.2821
vn 0.8106 0.5729 0.1215
vn 0.8185 0.5729 -0.0442
vn 0.7928 0.5729 -0.208
vn 0.7347 0.5729 -0.3634
vn 0.6465 0.5728 -0.5038
vn 0.5319 0.5728 -0.6237
vn 0.3955 0.5728 -0.718
vn 0.2428 0.5729 -0.7829
vn -0.1625 0.5729 0.8034
vn -0.3209 0.5729 0.7542
vn -0.4661 0.5728 0.6742
vn -0.5923 0.5728 0.5666
vn -0.6942 0.5728 0.4358
vn -0.7677 0.5728 0.2871
vn -0.8098 0.5729 0.1267
vn -0.8187 0.5729 -0.0389
vn -0.7941 0.5729 -0.2029
vn -0.7371 0.5728 -0.3586
vn -0.6498 0.5728 -0.4996
vn -0.5359 0.5728 -0.6202
vn -0.4001 0.5728 -0.7154
vn -0.2479 0.5729 -0.7813
vn 0.0026 0.576 0.8174
vn 0.1671 0.576 0.8002
vn 0.3248 0.5761 0.7501
vn 0.4691 0.5761 0.6694
vn 0.5943 0.5761 0.5612
vn 0.6951 0.576 0.4301
vn 0.7674 0.5761 0.2814
vn 0.8084 0.5761 0.1212
vn 0.8163 0.576 -0.0441
vn 0.7907 0.5759 -0.2075
vn 0.7327 0.576 -0.3624
vn 0.6448 0.5761 -0.5024
vn 0.5304 0.576 -0.622
vn 0.3944 0.576 -0.716
vn 0.2422 0.576 -0.7807
vn -0.162 0.576 0.8012
vn -0.3201 0.5761 0.7521
vn -0.4649 0.576 0.6724
vn -0.5907 0.576 0.5651
vn -0.6924 0.576 0.4346
vn -0.7657 0.576 0.2863
vn -0.8076 0.576 0.1263
vn -0.8165 0.576 -0.0388
vn -0.7919 0.5761 -0.2024
vn -0.735 0.5761 -0.3577
vn -0.648 0.576 -0.4983
vn -0.5344 0.5761 -0.6185
vn -0.3989 0.576 -0.7135
vn -0.2472 0.576 -0.7792
vn 0.003 0.4097 0.9122
vn 0.1866 0.4096 0.893
vn 0.3625 0.4097 0.8371
vn 0.5236 0.4097 0.747
vn 0.6633 0.4097 0.6263
vn 0.7757 0.4097 0.48
vn 0.8565 0.4097 0.3141
vn 0.9022 0.4097 0.1352
vn 0.9109 0.4096 -0.0492
vn 0.8824 0.4096 -0.2315
vn 0.8177 0.4097 -0.4043
vn 0.7195 0.4097 -0.5607
vn 0.5919 0.4097 -0.6941
vn 0.4402 0.4097 -0.799
vn 0.2703 0.4097 -0.8713
vn -0.1807 0.4097 0.8941
vn -0.3571 0.4097 0.8394
vn -0.5188 0.4097 0.7503
vn -0.6592 0.4097 0.6306
vn -0.7726 0.4096 0.485
vn -0.8544 0.4096 0.3196
vn -0.9013 0.4097 0.141
vn -0.9112 0.4097 -0.0433
vn -0.8838 0.4097 -0.2258
vn -0.8203 0.4097 -0.3991
vn -0.7231 0.4097 -0.5561
vn -0.5964 0.4097 -0.6902
vn -0.4453 0.4097 -0.7962
vn -0.2759 0.4097 -0.8695
vn 0.003 0.3822 0.9241
vn 0.189 0.3822 0.9045
vn 0.3672 0.3822 0.848
vn 0.5304 0.3822 0.7567
vn 0.6719 0.3822 0.6344
vn 0.7858 0.3822 0.4862
vn 0.8676 0.3822 0.3181
vn 0.9139 0.3822 0.137
vn 0.9227 0.3822 -0.0498
vn 0.8938 0.3822 -0.2345
vn 0.8283 0.3822 -0.4097
vn 0.7289 0.3822 -0.568
vn 0.5996 0.3822 -0.7031
vn 0.4458 0.3822 -0.8094
vn 0.2738 0.3822 -0.8826
vn -0.1831 0.3822 0.9057
vn -0.3618 0.3822 0.8503
vn -0.5255 0.3822 0.7601
vn -0.6677 0.3822 0.6388
vn -0.7827 0.3822 0.4913
vn -0.8655 0.3822 0.3237
vn -0.913 0.3822 0.1428
vn -0.923 0.3822 -0.0439
vn -0.8953 0.3822 -0.2288
vn -0.8309 0.3822 -0.4043
vn -0.7325 0.3822 -0.5633
vn -0.6042 0.3822 -0.6992
vn -0.451 0.3822 -0.8065
vn -0.2795 0.3822 -0.8808
vn 0.0026 0.5935 0.8049
vn 0.1646 0.5934 0.7879
vn 0.3199 0.5934 0.7386
vn 0.462 0.5934 0.6591
vn 0.5852 0.5934 0.5526
vn 0.6844 0.5934 0.4235
vn 0.7557 0.5935 0.2771
vn 0.796 0.5935 0.1193
vn 0.8037 0.5934 -0.0434
vn 0.7785 0.5934 -0.2043
vn 0.7215 0.5934 -0.3568
vn 0.6349 0.5935 -0.4947
vn 0.5223 0.5934 -0.6124
vn 0.3883 0.5934 -0.705
vn 0.2385 0.5934 -0.7687
vn -0.1595 0.5934 0.7889
vn -0.3151 0.5934 0.7407
vn -0.4577 0.5934 0.6621
vn -0.5816 0.5934 0.5564
vn -0.6817 0.5935 0.4279
vn -0.7539 0.5935 0.2819
vn -0.7952 0.5934 0.1244
vn -0.804 0.5935 -0.0382
vn -0.7798 0.5935 -0.1993
vn -0.7237 0.5934 -0.3521
vn -0.6381 0.5935 -0.4906
vn -0.5262 0.5935 -0.609
vn -0.3929 0.5935 -0.7025
vn -0.2434 0.5934 -0.7672
vn 0.104 0.861 0.4979
vn 0.0016 0.861 0.5086
vn 0.2021 0.861 0.4667
vn 0.2919 0.861 0.4165
vn 0.3698 0.861 0.3492
vn 0.4325 0.861 0.2676
vn 0.4775 0.861 0.1751
vn 0.503 0.861 0.0754
vn 0.5079 0.861 -0.0274
vn 0.4919 0.861 -0.1291
vn 0.4559 0.861 -0.2255
vn 0.4012 0.861 -0.3126
vn 0.33 0.861 -0.387
vn 0.2454 0.861 -0.4455
vn 0.1507 0.861 -0.4858
vn -0.1008 0.861 0.4985
vn -0.1991 0.861 0.468
vn -0.2892 0.861 0.4183
vn -0.3675 0.861 0.3516
vn -0.4308 0.861 0.2704
vn -0.4764 0.861 0.1781
vn -0.5025 0.861 0.0786
vn -0.508 0.861 -0.0241
vn -0.4928 0.861 -0.1259
vn -0.4573 0.861 -0.2225
vn -0.4032 0.861 -0.31
vn -0.3325 0.861 -0.3848
vn -0.2482 0.861 -0.4439
vn -0.1538 0.861 -0.4848
vn 0.5773 0.5774 0.5773
vn 0.5774 0.5773 -0.5773
vn -0.5773 0.5774 -0.5773
vn -0.5774 0.5773 0.5773
vn -0.5773 -0.5774 -0.5773
vn 0.5773 -0.5773 -0.5774
vn 0.5773 -0.5774 0.5773
vn -0.5773 -0.5773 0.5774
vtan -0.9952 0.0 -0.098 1.0
vtan -0.9952 0.0 -0.098 1.0
vtan -0.9945 0.0 0.1044 1.0
vtan -0.9945 0.0 0.1044 1.0
vtan -0.9952 0.0 -0.098 1.0
vtan -0.9952 0.0 -0.098 1.0
vtan -0.9945 -0.0 0.1044 1.0
vtan -0.9945 0.0 0.1044 1.0
vtan -0.9952 0.0 -0.098 1.0
vtan -0.9952 0.0 -0.098 1.0
vtan -0.9945 -0.0 0.1044 1.0
vtan -0.9945 -0.0 0.1044 1.0
vtan -0.9952 -0.0 -0.098 1.0
vtan -0.9945 -0.0 0.1044 1.0
vtan -0.9952 -0.0 -0.098 1.0
vtan -0.9945 0.0 0.1044 1.0
vtan -0.9952 0.0 -0.098 1.0
vtan -0.9952 -0.0 -0.098 1.0
vtan -0.9945 -0.0 0.1044 1.0
vtan -0.9945 0.0 0.1044 1.0
vtan -0.9952 0.0 -0.0979 1.0
vtan -0.9945 -0.0 0.1044 1.0
vtan -0.9952 0.0 -0.098 1.0
vtan -0.9945 -0.0 0.1044 1.0
vtan -0.9952 -0.0 -0.098 1.0
vtan -0.9945 0.0 0.1044 1.0
vtan -0.9952 0.0 -0.0979 1.0
vtan -0.9945 0.0 0.1044 1.0
vtan -0.9952 -0.0 -0.098 1.0
vtan -0.9945 0.0 0.1044 1.0
vtan -0.9952 -0.0 -0.098 1.0
vtan -0.9945 0.0 0.1044 1.0
vtan -0.9952 -0.0 -0.098 1.0
vtan -0.9945 0.0 0.1044 1.0
vtan -0.9952 0.0 -0.098 1.0
vtan -0.9945 0.0 0.1044 1.0
vtan -0.9952 0.0 -0.098 1.0
vtan -0.9945 -0.0 0.1044 1.0
vtan -0.9952 0.0 -0.098 1.0
vtan -0.9945 -0.0 0.1044 1.0
vtan -0.9952 0.0 -0.098 1.0
vtan -0.9945 0.0 0.1044 1.0
vtan -0.9952 0.0 -0.098 1.0
vtan -0.9945 0.0 0.1044 1.0
vtan -0.9952 0.0 -0.098 1.0
vtan -0.9952 -0.0 -0.0979 1.0
vtan -0.9945 -0.0 0.1043 1.0
vtan -0.9945 0.0 0.1044 1.0
vtan -0.9952 0.0 -0.098 1.0
vtan -0.9945 0.0 0.1044 1.0
vtan -0.9952 -0.0 -0.098 1.0
vtan -0.9945 0.0 0.1043 1.0
vtan -0.9952 -0.0 -0.098 1.0
vtan -0.9945 0.0 0.1043 1.0
vtan -0.9952 -0.0 -0.098 1.0
vtan -0.9945 -0.0 0.1044 1.0
vtan 0.9979 -0.0495 -0.0427 1.0
vtan 0.9981 -0.0485 -0.039 1.0
vtan 0.9789 0.0 -0.2045 1.0
vtan 0.9789 -0.0 -0.2045 1.0
vtan 0.9177 0.0 -0.3974 1.0
vtan 0.9177 -0.0 -0.3974 1.0
vtan 0.8189 -0.0 -0.574 1.0
vtan 0.8189 -0.0 -0.574 1.0
vtan 0.6866 0.0 -0.727 1.0
vtan 0.6866 -0.0 -0.727 1.0
vtan 0.5262 -0.0 -0.8504 1.0
vtan 0.5262 0.0 -0.8504 1.0
vtan 0.3442 0.0 -0.9389 1.0
vtan 0.3442 0.0 -0.9389 1.0
vtan 0.1482 0.0 -0.989 1.0
vtan 0.1482 -0.0 -0.989 1.0
vtan -0.0539 -0.0 -0.9985 1.0
vtan -0.0539 0.0 -0.9985 1.0
vtan -0.2538 -0.0 -0.9673 1.0
vtan -0.2538 -0.0 -0.9673 1.0
vtan -0.4433 0.0 -0.8964 1.0
vtan -0.4433 -0.0 -0.8964 1.0
vtan -0.6147 0.0 -0.7888 1.0
vtan -0.6147 -0.0 -0.7888 1.0
vtan -0.7609 -0.0 -0.6489 1.0
vtan -0.7609 -0.0 -0.6489 1.0
vtan -0.8759 0.0 -0.4825 1.0
vtan -0.8759 0.0 -0.4825 1.0
vtan -0.9551 -0.0 -0.2963 1.0
vtan -0.9551 -0.0 -0.2963 1.0
vtan 0.9992 0.0336 0.0216 1.0
vtan 0.999 0.0361 0.0256 1.0
vtan 0.9812 -0.007 0.1927 1.0
vtan 0.9813 -0.0078 0.1926 1.0
vtan 0.9202 0.0 0.3915 1.0
vtan 0.9202 -0.0 0.3915 1.0
vtan 0.8226 0.0 0.5687 1.0
vtan 0.8226 0.0 0.5687 1.0
vtan 0.6913 0.0 0.7226 1.0
vtan 0.6912 -0.0 0.7226 1.0
vtan 0.5317 -0.0 0.847 1.0
vtan 0.5316 0.0 0.847 1.0
vtan 0.3503 0.0 0.9366 1.0
vtan 0.3503 0.0 0.9366 1.0
vtan 0.1546 -0.0 0.988 1.0
vtan 0.1546 -0.0 0.988 1.0
vtan -0.0475 -0.0 0.9989 1.0
vtan -0.0475 -0.0 0.9989 1.0
vtan -0.2476 -0.0 0.9689 1.0
vtan -0.2476 0.0 0.9689 1.0
vtan -0.4375 -0.0 0.8992 1.0
vtan -0.4375 -0.0 0.8992 1.0
vtan -0.6096 0.0 0.7927 1.0
vtan -0.6096 -0.0 0.7927 1.0
vtan -0.7567 0.0 0.6538 1.0
vtan -0.7567 -0.0 0.6538 1.0
vtan -0.8728 -0.0 0.4881 1.0
vtan -0.8728 0.0 0.4881 1.0
vtan -0.9532 0.0 0.3024 1.0
vtan -0.9532 -0.0 0.3024 1.0
vtan 0.9967 -0.0496 -0.0646 1.0
vtan 0.996 -0.0449 -0.0774 1.0
vtan 0.9789 -0.0 -0.2045 1.0
vtan 0.9789 0.0 -0.2045 1.0
vtan 0.9177 -0.0 -0.3974 1.0
vtan 0.9176 0.0 -0.3974 1.0
vtan 0.8189 0.0 -0.574 1.0
vtan 0.8189 -0.0 -0.574 1.0
vtan 0.6866 -0.0 -0.7271 1.0
vtan 0.6866 0.0 -0.7271 1.0
vtan 0.5262 0.0 -0.8504 1.0
vtan 0.5262 0.0 -0.8504 1.0
vtan 0.3442 0.0 -0.9389 1.0
vtan 0.3442 -0.0 -0.9389 1.0
vtan 0.1482 0.0 -0.989 1.0
vtan 0.1482 0.0 -0.989 1.0
vtan -0.0539 0.0 -0.9985 1.0
vtan -0.0539 0.0 -0.9985 1.0
vtan -0.2538 0.0 -0.9673 1.0
vtan -0.2538 -0.0 -0.9673 1.0
vtan -0.4433 0.0 -0.8964 1.0
vtan -0.4433 0.0 -0.8964 1.0
vtan -0.6147 -0.0 -0.7888 1.0
vtan -0.6147 -0.0 -0.7888 1.0
vtan -0.7609 -0.0 -0.6489 1.0
vtan -0.7609 0.0 -0.6489 1.0
vtan -0.8759 0.0 -0.4825 1.0
vtan -0.8759 0.0 -0.4825 1.0
vtan -0.9551 -0.0 -0.2963 1.0
vtan -0.9551 0.0 -0.2963 1.0
vtan 0.9975 0.0379 0.0595 1.0
vtan 0.9976 0.0447 0.0522 1.0
vtan 0.9809 -0.0029 0.1946 1.0
vtan 0.9814 -0.0038 0.192 1.0
vtan 0.9202 0.0 0.3915 1.0
vtan 0.9202 0.0 0.3915 1.0
vtan 0.8226 0.0 0.5687 1.0
vtan 0.8226 0.0 0.5687 1.0
vtan 0.6913 0.0 0.7226 1.0
vtan 0.6913 0.0 0.7226 1.0
vtan 0.5317 0.0 0.847 1.0
vtan 0.5317 0.0 0.847 1.0
vtan 0.3503 -0.0 0.9366 1.0
vtan 0.3503 -0.0 0.9366 1.0
vtan 0.1546 0.0 0.988 1.0
vtan 0.1546 -0.0 0.988 1.0
vtan -0.0475 0.0 0.9989 1.0
vtan -0.0475 0.0 0.9989 1.0
vtan -0.2476 0.0 0.9689 1.0
vtan -0.2476 0.0 0.9689 1.0
vtan -0.4375 0.0 0.8992 1.0
vtan -0.4375 -0.0 0.8992 1.0
vtan -0.6096 0.0 0.7927 1.0
vtan -0.6096 0.0 0.7927 1.0
vtan -0.7567 0.0 0.6538 1.0
vtan -0.7567 0.0 0.6538 1.0
vtan -0.8728 0.0 0.4881 1.0
vtan -0.8728 0.0 0.4881 1.0
vtan -0.9532 -0.0 0.3024 1.0
vtan -0.9532 -0.0 0.3024 1.0
vtan 0.9986 0.0441 -0.0288 1.0
vtan 1.0 -0.0042 -0.0034 1.0
vtan 0.9789 0.0 -0.2045 1.0
vtan 0.9789 0.0 -0.2045 1.0
vtan 0.9177 0.0 -0.3974 1.0
vtan 0.9177 0.0 -0.3974 1.0
vtan 0.8189 0.0 -0.574 1.0
vtan 0.8189 0.0 -0.574 1.0
vtan 0.6866 -0.0 -0.7271 1.0
vtan 0.6866 -0.0 -0.7271 1.0
vtan 0.5262 -0.0 -0.8504 1.0
vtan 0.5262 0.0 -0.8504 1.0
vtan 0.3442 -0.0 -0.9389 1.0
vtan 0.3442 -0.0 -0.9389 1.0
vtan 0.1482 0.0 -0.989 1.0
vtan 0.1482 0.0 -0.989 1.0
vtan -0.0539 0.0 -0.9985 1.0
vtan -0.0539 0.0 -0.9985 1.0
vtan -0.2538 -0.0 -0.9673 1.0
vtan -0.2538 -0.0 -0.9673 1.0
vtan -0.4433 -0.0 -0.8964 1.0
vtan -0.4433 -0.0 -0.8964 1.0
vtan -0.6147 -0.0 -0.7888 1.0
vtan -0.6147 0.0 -0.7888 1.0
vtan -0.7609 0.0 -0.6489 1.0
vtan -0.7609 0.0 -0.6489 1.0
vtan -0.8759 0.0 -0.4825 1.0
vtan -0.8759 0.0 -0.4825 1.0
vtan -0.9551 0.0 -0.2963 1.0
vtan -0.9551 0.0 -0.2963 1.0
vtan 1.0 -0.0042 -0.0034 1.0
vtan 0.9982 -0.0532 0.0276 1.0
vtan 0.9797 -0.004 0.2005 1.0
vtan 0.9802 -0.0043 0.198 1.0
vtan 0.9202 0.0 0.3915 1.0
vtan 0.9202 -0.0 0.3915 1.0
vtan 0.8226 0.0 0.5687 1.0
vtan 0.8226 0.0 0.5687 1.0
vtan 0.6913 0.0 0.7226 1.0
vtan 0.6913 0.0 0.7226 1.0
vtan 0.5316 0.0 0.847 1.0
vtan 0.5317 -0.0 0.847 1.0
vtan 0.3503 -0.0 0.9366 1.0
vtan 0.3503 0.0 0.9366 1.0
vtan 0.1546 -0.0 0.988 1.0
vtan 0.1546 -0.0 0.988 1.0
vtan -0.0475 -0.0 0.9989 1.0
vtan -0.0475 -0.0 0.9989 1.0
vtan -0.2476 -0.0 0.9689 1.0
vtan -0.2476 0.0 0.9689 1.0
vtan -0.4375 0.0 0.8992 1.0
vtan -0.4375 -0.0 0.8992 1.0
vtan -0.6096 -0.0 0.7927 1.0
vtan -0.6096 0.0 0.7927 1.0
vtan -0.7567 0.0 0.6538 1.0
vtan -0.7567 -0.0 0.6538 1.0
vtan -0.8728 -0.0 0.4881 1.0
vtan -0.8728 -0.0 0.4881 1.0
vtan -0.9532 -0.0 0.3024 1.0
vtan -0.9532 -0.0 0.3024 1.0
vtan 0.9957 0.0419 -0.0824 1.0
vtan 0.9789 -0.0 -0.2045 1.0
vtan 0.9177 -0.0 -0.3974 1.0
vtan 0.8189 0.0 -0.574 1.0
vtan 0.6866 -0.0 -0.7271 1.0
vtan 0.5262 -0.0 -0.8504 1.0
vtan 0.3442 -0.0 -0.9389 1.0
vtan 0.1482 -0.0 -0.989 1.0
vtan -0.0539 -0.0 -0.9985 1.0
vtan -0.2538 -0.0 -0.9673 1.0
vtan -0.4433 -0.0 -0.8964 1.0
vtan -0.6147 -0.0 -0.7888 1.0
vtan -0.7609 0.0 -0.6489 1.0
vtan -0.8759 -0.0 -0.4825 1.0
vtan -0.9551 0.0 -0.2963 1.0
vtan 0.9951 -0.0474 0.0865 1.0
vtan 0.9792 -0.0026 0.203 1.0
vtan 0.9202 -0.0 0.3915 1.0
vtan 0.8226 0.0 0.5687 1.0
vtan 0.6913 -0.0 0.7226 1.0
vtan 0.5317 -0.0 0.847 1.0
vtan 0.3503 -0.0 0.9366 1.0
vtan 0.1546 0.0 0.988 1.0
vtan -0.0475 -0.0 0.9989 1.0
vtan -0.2476 -0.0 0.9689 1.0
vtan -0.4375 -0.0 0.8992 1.0
vtan -0.6096 0.0 0.7927 1.0
vtan -0.7567 0.0 0.6538 1.0
vtan -0.8728 -0.0 0.4881 1.0
vtan -0.9532 -0.0 0.3024 1.0
vtan 0.4456 0.3436 0.8267 1.0
vtan 0.4283 0.3559 0.8306 1.0
vtan 0.395 0.3518 0.8487 1.0
vtan 0.3686 0.2965 0.881 1.0
vtan 0.3734 0.3308 0.8667 1.0
vtan 0.3705 0.2503 0.8945 1.0
vtan 0.379 0.1942 0.9048 1.0
vtan 0.388 -0.1643 0.9069 1.0
vtan 0.3965 0.1325 0.9084 1.0
vtan 0.4109 -0.1015 0.906 1.0
vtan 0.4323 -0.0341 0.9011 1.0
vtan 0.4734 0.1003 0.8751 1.0
vtan 0.4544 0.0337 0.8901 1.0
vtan 0.4801 0.1661 0.8613 1.0
vtan 0.4863 0.2239 0.8446 1.0
vtan 0.4875 0.2733 0.8292 1.0
vtan 0.4602 0.317 0.8293 1.0
vtan 0.4774 -0.2963 0.8272 1.0
vtan 0.4625 -0.3306 0.8227 1.0
vtan 0.4336 -0.3517 0.8296 1.0
vtan 0.4881 -0.1945 0.8508 1.0
vtan 0.4192 -0.3562 0.8351 1.0
vtan 0.3885 -0.3438 0.8549 1.0
vtan 0.3676 -0.2744 0.8886 1.0
vtan 0.3477 -0.3109 0.8846 1.0
vtan 0.3703 -0.2222 0.9019 1.0
vtan 0.3882 -0.1644 0.9068 1.0
vtan 0.4206 0.0676 0.9047 1.0
vtan 0.399 0.1334 0.9072 1.0
vtan 0.4433 -0.0 0.8964 1.0
vtan 0.4645 -0.0673 0.883 1.0
vtan 0.4748 -0.135 0.8697 1.0
vtan 0.4859 -0.2503 0.8374 1.0
vtan 0.9945 0.0013 -0.1044 1.0
vtan 0.9789 -0.0 -0.2045 1.0
vtan 0.9177 -0.0 -0.3974 1.0
vtan 0.8189 -0.0 -0.574 1.0
vtan 0.6866 0.0 -0.7271 1.0
vtan 0.5262 0.0 -0.8504 1.0
vtan 0.3442 -0.0 -0.9389 1.0
vtan 0.1482 -0.0 -0.989 1.0
vtan -0.0539 0.0 -0.9985 1.0
vtan -0.2538 -0.0 -0.9673 1.0
vtan -0.4433 -0.0 -0.8964 1.0
vtan -0.6147 0.0 -0.7888 1.0
vtan -0.7609 -0.0 -0.6489 1.0
vtan -0.8759 -0.0 -0.4825 1.0
vtan -0.9551 0.0 -0.2963 1.0
vtan 0.9937 -0.0015 0.1121 1.0
vtan 0.9789 -0.0001 0.2045 1.0
vtan 0.9202 0.0 0.3915 1.0
vtan 0.8226 -0.0 0.5687 1.0
vtan 0.6913 0.0 0.7226 1.0
vtan 0.5316 -0.0 0.847 1.0
vtan 0.3503 -0.0 0.9366 1.0
vtan 0.1546 -0.0 0.988 1.0
vtan -0.0475 0.0 0.9989 1.0
vtan -0.2476 -0.0 0.9689 1.0
vtan -0.4375 0.0 0.8992 1.0
vtan -0.6096 -0.0 0.7927 1.0
vtan -0.7567 -0.0 0.6538 1.0
vtan -0.8728 0.0 0.4881 1.0
vtan -0.9532 -0.0 0.3024 1.0
vtan 0.999 -0.0385 -0.0209 1.0
vtan 0.9977 -0.0501 -0.0457 1.0
vtan 0.9789 -0.0 -0.2045 1.0
vtan 0.9789 -0.0 -0.2045 1.0
vtan 0.9177 0.0 -0.3974 1.0
vtan 0.9177 0.0 -0.3974 1.0
vtan 0.8189 0.0 -0.574 1.0
vtan 0.8189 0.0 -0.574 1.0
vtan 0.6866 0.0 -0.7271 1.0
vtan 0.6866 0.0 -0.7271 1.0
vtan 0.5262 0.0 -0.8504 1.0
vtan 0.5262 -0.0 -0.8504 1.0
vtan 0.3442 -0.0 -0.9389 1.0
vtan 0.3442 0.0 -0.9389 1.0
vtan 0.1482 0.0 -0.989 1.0
vtan 0.1482 -0.0 -0.989 1.0
vtan -0.0539 -0.0 -0.9985 1.0
vtan -0.0539 0.0 -0.9985 1.0
vtan -0.2538 -0.0 -0.9673 1.0
vtan -0.2538 -0.0 -0.9673 1.0
vtan -0.4433 0.0 -0.8964 1.0
vtan -0.4433 -0.0 -0.8964 1.0
vtan -0.6147 0.0 -0.7888 1.0
vtan -0.6147 -0.0 -0.7888 1.0
vtan -0.7609 -0.0 -0.6489 1.0
vtan -0.7609 -0.0 -0.6489 1.0
vtan -0.8759 0.0 -0.4825 1.0
vtan -0.8759 -0.0 -0.4825 1.0
vtan -0.9551 -0.0 -0.2963 1.0
vtan -0.9551 -0.0 -0.2963 1.0
vtan 0.9971 0.0601 0.0477 1.0
vtan 0.9985 0.0511 0.0202 1.0
vtan 0.9795 0.007 0.2013 1.0
vtan 0.9793 0.0047 0.2021 1.0
vtan 0.9202 0.0 0.3914 1.0
vtan 0.9202 0.0 0.3914 1.0
vtan 0.8226 0.0 0.5687 1.0
vtan 0.8226 0.0 0.5687 1.0
vtan 0.6912 0.0 0.7226 1.0
vtan 0.6912 -0.0 0.7226 1.0
vtan 0.5317 0.0 0.847 1.0
vtan 0.5316 -0.0 0.847 1.0
vtan 0.3503 0.0 0.9366 1.0
vtan 0.3503 -0.0 0.9366 1.0
vtan 0.1546 -0.0 0.988 1.0
vtan 0.1546 0.0 0.988 1.0
vtan -0.0475 0.0 0.9989 1.0
vtan -0.0475 -0.0 0.9989 1.0
vtan -0.2476 -0.0 0.9689 1.0
vtan -0.2475 0.0 0.9689 1.0
vtan -0.4375 -0.0 0.8992 1.0
vtan -0.4375 0.0 0.8992 1.0
vtan -0.6096 -0.0 0.7927 1.0
vtan -0.6096 0.0 0.7927 1.0
vtan -0.7567 -0.0 0.6538 1.0
vtan -0.7567 -0.0 0.6538 1.0
vtan -0.8728 0.0 0.4881 1.0
vtan -0.8728 -0.0 0.4881 1.0
vtan -0.9532 -0.0 0.3024 1.0
vtan -0.9532 -0.0 0.3024 1.0
vtan 0.9952 -0.0337 -0.0916 1.0
vtan 0.9789 -0.0 -0.2045 1.0
vtan 0.9176 -0.0 -0.3974 1.0
vtan 0.8189 -0.0 -0.574 1.0
vtan 0.6866 0.0 -0.7271 1.0
vtan 0.5262 0.0 -0.8504 1.0
vtan 0.3442 0.0 -0.9389 1.0
vtan 0.1482 -0.0 -0.989 1.0
vtan -0.0539 0.0 -0.9985 1.0
vtan -0.2538 -0.0 -0.9673 1.0
vtan -0.4433 0.0 -0.8964 1.0
vtan -0.6147 -0.0 -0.7888 1.0
vtan -0.7609 -0.0 -0.6489 1.0
vtan -0.8759 -0.0 -0.4825 1.0
vtan -0.9551 0.0 -0.2963 1.0
vtan 0.9946 0.0382 0.0968 1.0
vtan 0.9787 0.0028 0.2054 1.0
vtan 0.9202 0.0 0.3914 1.0
vtan 0.8226 0.0 0.5687 1.0
vtan 0.6912 -0.0 0.7226 1.0
vtan 0.5317 0.0 0.847 1.0
vtan 0.3503 0.0 0.9367 1.0
vtan 0.1546 -0.0 0.988 1.0
vtan -0.0475 0.0 0.9989 1.0
vtan -0.2476 -0.0 0.9689 1.0
vtan -0.4375 -0.0 0.8992 1.0
vtan -0.6096 -0.0 0.7927 1.0
vtan -0.7567 0.0 0.6538 1.0
vtan -0.8728 -0.0 0.4881 1.0
vtan -0.9532 0.0 0.3024 1.0
vtan 1.0 0.0063 -0.0036 1.0
vtan 0.9789 -0.0 -0.2045 1.0
vtan 0.9176 0.0 -0.3974 1.0
vtan 0.8189 0.0 -0.574 1.0
vtan 0.6866 0.0 -0.7271 1.0
vtan 0.5262 0.0 -0.8504 1.0
vtan 0.3442 0.0 -0.9389 1.0
vtan 0.1482 0.0 -0.989 1.0
vtan -0.0539 0.0 -0.9985 1.0
vtan -0.2538 0.0 -0.9673 1.0
vtan -0.4433 -0.0 -0.8964 1.0
vtan -0.6147 -0.0 -0.7888 1.0
vtan -0.7609 0.0 -0.6489 1.0
vtan -0.8759 -0.0 -0.4825 1.0
vtan -0.9551 0.0 -0.2963 1.0
vtan 0.9997 -0.0246 -0.0017 1.0
vtan 0.98 -0.009 0.1987 1.0
vtan 0.9202 0.0 0.3914 1.0
vtan 0.8226 -0.0 0.5687 1.0
vtan 0.6913 -0.0 0.7226 1.0
vtan 0.5317 -0.0 0.847 1.0
vtan 0.3503 -0.0 0.9366 1.0
vtan 0.1545 -0.0 0.988 1.0
vtan -0.0475 -0.0 0.9989 1.0
vtan -0.2475 -0.0 0.9689 1.0
vtan -0.4375 0.0 0.8992 1.0
vtan -0.6096 0.0 0.7927 1.0
vtan -0.7567 0.0 0.6538 1.0
vtan -0.8728 -0.0 0.4881 1.0
vtan -0.9532 0.0 0.3024 1.0
vtan 0.9965 0.0485 -0.0686 1.0
vtan 0.9789 0.0 -0.2045 1.0
vtan 0.9177 -0.0 -0.3974 1.0
vtan 0.8189 0.0 -0.574 1.0
vtan 0.6866 -0.0 -0.7271 1.0
vtan 0.5262 -0.0 -0.8504 1.0
vtan 0.3442 0.0 -0.9389 1.0
vtan 0.1482 -0.0 -0.989 1.0
vtan -0.0539 0.0 -0.9985 1.0
vtan -0.2538 -0.0 -0.9673 1.0
vtan -0.4433 -0.0 -0.8964 1.0
vtan -0.6147 0.0 -0.7888 1.0
vtan -0.7609 -0.0 -0.6489 1.0
vtan -0.8759 -0.0 -0.4825 1.0
vtan -0.9551 -0.0 -0.2963 1.0
vtan 0.9954 -0.0587 0.0757 1.0
vtan 0.9789 -0.0048 0.2045 1.0
vtan 0.9202 -0.0 0.3915 1.0
vtan 0.8226 0.0 0.5687 1.0
vtan 0.6913 -0.0 0.7226 1.0
vtan 0.5317 0.0 0.847 1.0
vtan 0.3503 -0.0 0.9366 1.0
vtan 0.1545 0.0 0.988 1.0
vtan -0.0475 0.0 0.9989 1.0
vtan -0.2476 -0.0 0.9689 1.0
vtan -0.4375 0.0 0.8992 1.0
vtan -0.6096 -0.0 0.7927 1.0
vtan -0.7567 0.0 0.6538 1.0
vtan -0.8728 -0.0 0.4881 1.0
vtan -0.9532 -0.0 0.3024 1.0
vtan 0.998 0.0487 -0.0397 1.0
vtan 0.9789 0.0 -0.2045 1.0
vtan 0.9176 -0.0 -0.3974 1.0
vtan 0.8189 0.0 -0.574 1.0
vtan 0.6866 -0.0 -0.727 1.0
vtan 0.5262 0.0 -0.8504 1.0
vtan 0.3442 0.0 -0.9389 1.0
vtan 0.1482 -0.0 -0.989 1.0
vtan -0.0539 0.0 -0.9985 1.0
vtan -0.2538 -0.0 -0.9673 1.0
vtan -0.4433 0.0 -0.8964 1.0
vtan -0.6147 0.0 -0.7888 1.0
vtan -0.7609 -0.0 -0.6489 1.0
vtan -0.8759 0.0 -0.4825 1.0
vtan -0.9551 0.0 -0.2963 1.0
vtan 0.9974 -0.0593 0.0412 1.0
vtan 0.9794 -0.0051 0.2019 1.0
vtan 0.9202 0.0 0.3915 1.0
vtan 0.8226 0.0 0.5687 1.0
vtan 0.6913 -0.0 0.7226 1.0
vtan 0.5317 0.0 0.847 1.0
vtan 0.3503 -0.0 0.9367 1.0
vtan 0.1546 -0.0 0.988 1.0
vtan -0.0475 0.0 0.9989 1.0
vtan -0.2476 0.0 0.9689 1.0
vtan -0.4375 0.0 0.8992 1.0
vtan -0.6096 -0.0 0.7927 1.0
vtan -0.7567 0.0 0.6538 1.0
vtan -0.8728 -0.0 0.4881 1.0
vtan -0.9532 -0.0 0.3024 1.0
vtan 0.9986 0.0437 -0.0281 1.0
vtan 0.9789 -0.0 -0.2045 1.0
vtan 0.9176 -0.0 -0.3974 1.0
vtan 0.8189 0.0 -0.574 1.0
vtan 0.6866 -0.0 -0.727 1.0
vtan 0.5262 0.0 -0.8504 1.0
vtan 0.3442 0.0 -0.9389 1.0
vtan 0.1482 0.0 -0.989 1.0
vtan -0.0539 0.0 -0.9985 1.0
vtan -0.2538 -0.0 -0.9673 1.0
vtan -0.4433 0.0 -0.8964 1.0
vtan -0.6147 0.0 -0.7888 1.0
vtan -0.7609 -0.0 -0.6489 1.0
vtan -0.8759 0.0 -0.4825 1.0
vtan -0.9551 0.0 -0.2963 1.0
vtan 0.998 -0.056 0.0287 1.0
vtan 0.9795 -0.0059 0.2015 1.0
vtan 0.9202 0.0 0.3915 1.0
vtan 0.8226 -0.0 0.5687 1.0
vtan 0.6913 -0.0 0.7226 1.0
vtan 0.5316 0.0 0.847 1.0
vtan 0.3503 0.0 0.9366 1.0
vtan 0.1546 -0.0 0.988 1.0
vtan -0.0475 -0.0 0.9989 1.0
vtan -0.2476 -0.0 0.9689 1.0
vtan -0.4375 0.0 0.8992 1.0
vtan -0.6096 -0.0 0.7927 1.0
vtan -0.7567 0.0 0.6538 1.0
vtan -0.8728 -0.0 0.4881 1.0
vtan -0.9532 -0.0 0.3024 1.0
vtan 0.9975 0.0505 -0.0493 1.0
vtan 0.9789 0.0 -0.2045 1.0
vtan 0.9177 -0.0 -0.3974 1.0
vtan 0.8189 0.0 -0.574 1.0
vtan 0.6866 -0.0 -0.7271 1.0
vtan 0.5262 0.0 -0.8504 1.0
vtan 0.3442 0.0 -0.9389 1.0
vtan 0.1482 0.0 -0.989 1.0
vtan -0.0539 0.0 -0.9985 1.0
vtan -0.2538 -0.0 -0.9673 1.0
vtan -0.4433 0.0 -0.8964 1.0
vtan -0.6147 0.0 -0.7888 1.0
vtan -0.7609 -0.0 -0.6489 1.0
vtan -0.8759 0.0 -0.4825 1.0
vtan -0.9551 0.0 -0.2963 1.0
vtan 0.9968 -0.0611 0.0525 1.0
vtan 0.9792 -0.005 0.2027 1.0
vtan 0.9202 -0.0 0.3915 1.0
vtan 0.8226 0.0 0.5687 1.0
vtan 0.6913 -0.0 0.7226 1.0
vtan 0.5317 -0.0 0.847 1.0
vtan 0.3503 0.0 0.9366 1.0
vtan 0.1546 -0.0 0.988 1.0
vtan -0.0475 -0.0 0.9989 1.0
vtan -0.2476 -0.0 0.9689 1.0
vtan -0.4375 -0.0 0.8992 1.0
vtan -0.6096 -0.0 0.7927 1.0
vtan -0.7567 -0.0 0.6538 1.0
vtan -0.8728 0.0 0.4881 1.0
vtan -0.9532 -0.0 0.3024 1.0
vtan 0.9998 0.0205 -0.0075 1.0
vtan 0.9789 0.0 -0.2045 1.0
vtan 0.9177 -0.0 -0.3974 1.0
vtan 0.8189 0.0 -0.574 1.0
vtan 0.6866 -0.0 -0.7271 1.0
vtan 0.5262 0.0 -0.8504 1.0
vtan 0.3442 0.0 -0.9389 1.0
vtan 0.1482 0.0 -0.989 1.0
vtan -0.0539 0.0 -0.9985 1.0
vtan -0.2538 -0.0 -0.9673 1.0
vtan -0.4433 -0.0 -0.8964 1.0
vtan -0.6147 -0.0 -0.7888 1.0
vtan -0.7609 0.0 -0.6489 1.0
vtan -0.8759 0.0 -0.4825 1.0
vtan -0.9551 0.0 -0.2963 1.0
vtan 0.9994 -0.0335 0.0038 1.0
vtan 0.9799 -0.0064 0.1995 1.0
vtan 0.9202 -0.0 0.3915 1.0
vtan 0.8226 -0.0 0.5687 1.0
vtan 0.6913 0.0 0.7226 1.0
vtan 0.5316 0.0 0.847 1.0
vtan 0.3503 -0.0 0.9366 1.0
vtan 0.1546 -0.0 0.988 1.0
vtan -0.0475 -0.0 0.9989 1.0
vtan -0.2476 0.0 0.9689 1.0
vtan -0.4375 -0.0 0.8992 1.0
vtan -0.6096 0.0 0.7927 1.0
vtan -0.7567 -0.0 0.6538 1.0
vtan -0.8728 0.0 0.4881 1.0
vtan -0.9532 -0.0 0.3024 1.0
vtan 0.9994 -0.031 -0.0137 1.0
vtan 0.9789 0.0 -0.2045 1.0
vtan 0.9177 0.0 -0.3974 1.0
vtan 0.8189 0.0 -0.574 1.0
vtan 0.6866 0.0 -0.7271 1.0
vtan 0.5262 -0.0 -0.8504 1.0
vtan 0.3442 0.0 -0.9389 1.0
vtan 0.1482 0.0 -0.989 1.0
vtan -0.0539 0.0 -0.9985 1.0
vtan -0.2538 0.0 -0.9673 1.0
vtan -0.4433 0.0 -0.8964 1.0
vtan -0.6147 0.0 -0.7888 1.0
vtan -0.7609 -0.0 -0.6489 1.0
vtan -0.8759 0.0 -0.4825 1.0
vtan -0.9551 0.0 -0.2963 1.0
vtan 0.9998 0.0185 0.0031 1.0
vtan 0.9806 -0.0064 0.1961 1.0
vtan 0.9202 0.0 0.3915 1.0
vtan 0.8226 0.0 0.5687 1.0
vtan 0.6913 0.0 0.7226 1.0
vtan 0.5316 -0.0 0.847 1.0
vtan 0.3503 0.0 0.9366 1.0
vtan 0.1546 -0.0 0.988 1.0
vtan -0.0475 0.0 0.9989 1.0
vtan -0.2476 -0.0 0.9689 1.0
vtan -0.4375 0.0 0.8992 1.0
vtan -0.6096 -0.0 0.7927 1.0
vtan -0.7567 0.0 0.6538 1.0
vtan -0.8728 -0.0 0.4881 1.0
vtan -0.9532 0.0 0.3024 1.0
vtan 0.9971 -0.0507 -0.0561 1.0
vtan 0.9789 0.0 -0.2045 1.0
vtan 0.9177 0.0 -0.3974 1.0
vtan 0.8189 0.0 -0.574 1.0
vtan 0.6866 -0.0 -0.727 1.0
vtan 0.5262 0.0 -0.8504 1.0
vtan 0.3442 -0.0 -0.9389 1.0
vtan 0.1482 0.0 -0.989 1.0
vtan -0.0539 -0.0 -0.9985 1.0
vtan -0.2538 0.0 -0.9673 1.0
vtan -0.4433 0.0 -0.8964 1.0
vtan -0.6147 0.0 -0.7888 1.0
vtan -0.7609 0.0 -0.6489 1.0
vtan -0.8759 -0.0 -0.4825 1.0
vtan -0.9551 0.0 -0.2963 1.0
vtan 0.9984 0.0409 0.0395 1.0
vtan 0.9812 -0.0053 0.1928 1.0
vtan 0.9202 0.0 0.3915 1.0
vtan 0.8226 -0.0 0.5687 1.0
vtan 0.6913 0.0 0.7226 1.0
vtan 0.5316 -0.0 0.847 1.0
vtan 0.3503 -0.0 0.9366 1.0
vtan 0.1546 0.0 0.988 1.0
vtan -0.0475 -0.0 0.9989 1.0
vtan -0.2476 0.0 0.9689 1.0
vtan -0.4375 -0.0 0.8992 1.0
vtan -0.6096 0.0 0.7927 1.0
vtan -0.7567 0.0 0.6538 1.0
vtan -0.8728 -0.0 0.4881 1.0
vtan -0.9532 -0.0 0.3024 1.0
vtan 0.9954 -0.0377 -0.0877 1.0
vtan 0.9789 -0.0 -0.2045 1.0
vtan 0.9177 0.0 -0.3974 1.0
vtan 0.8189 0.0 -0.574 1.0
vtan 0.6866 0.0 -0.7271 1.0
vtan 0.5262 -0.0 -0.8504 1.0
vtan 0.3442 0.0 -0.9389 1.0
vtan 0.1482 0.0 -0.989 1.0
vtan -0.0539 0.0 -0.9985 1.0
vtan -0.2538 0.0 -0.9673 1.0
vtan -0.4433 -0.0 -0.8964 1.0
vtan -0.6147 -0.0 -0.7888 1.0
vtan -0.7609 -0.0 -0.6489 1.0
vtan -0.8759 -0.0 -0.4825 1.0
vtan -0.9551 -0.0 -0.2963 1.0
vtan 0.9976 0.0295 0.0628 1.0
vtan 0.9821 -0.0046 0.1881 1.0
vtan 0.9202 -0.0 0.3915 1.0
vtan 0.8226 0.0 0.5687 1.0
vtan 0.6912 0.0 0.7226 1.0
vtan 0.5316 -0.0 0.847 1.0
vtan 0.3503 -0.0 0.9366 1.0
vtan 0.1546 -0.0 0.988 1.0
vtan -0.0475 0.0 0.9989 1.0
vtan -0.2475 -0.0 0.9689 1.0
vtan -0.4375 0.0 0.8992 1.0
vtan -0.6096 -0.0 0.7927 1.0
vtan -0.7567 0.0 0.6538 1.0
vtan -0.8728 -0.0 0.4881 1.0
vtan -0.9532 -0.0 0.3024 1.0
vtan 0.999 -0.0394 -0.022 1.0
vtan 0.9789 -0.0 -0.2045 1.0
vtan 0.9176 0.0 -0.3974 1.0
vtan 0.8189 0.0 -0.574 1.0
vtan 0.6866 0.0 -0.7271 1.0
vtan 0.5262 -0.0 -0.8504 1.0
vtan 0.3442 0.0 -0.9389 1.0
vtan 0.1482 0.0 -0.989 1.0
vtan -0.0539 0.0 -0.9985 1.0
vtan -0.2538 0.0 -0.9672 1.0
vtan -0.4433 0.0 -0.8964 1.0
vtan -0.6147 0.0 -0.7888 1.0
vtan -0.7609 0.0 -0.6489 1.0
vtan -0.8759 0.0 -0.4824 1.0
vtan -0.9551 0.0 -0.2963 1.0
vtan 0.9999 0.0143 0.0036 1.0
vtan 0.9813 -0.0135 0.1918 1.0
vtan 0.9202 0.0 0.3915 1.0
vtan 0.8226 0.0 0.5687 1.0
vtan 0.6913 0.0 0.7226 1.0
vtan 0.5317 0.0 0.847 1.0
vtan 0.3503 0.0 0.9366 1.0
vtan 0.1546 0.0 0.988 1.0
vtan -0.0475 0.0 0.9989 1.0
vtan -0.2476 -0.0 0.9689 1.0
vtan -0.4375 0.0 0.8992 1.0
vtan -0.6096 0.0 0.7927 1.0
vtan -0.7567 -0.0 0.6538 1.0
vtan -0.8728 0.0 0.4881 1.0
vtan -0.9532 0.0 0.3025 1.0
vtan 0.9999 0.0142 -0.0053 1.0
vtan 0.9789 -0.0 -0.2045 1.0
vtan 0.9176 -0.0 -0.3974 1.0
vtan 0.8189 -0.0 -0.574 1.0
vtan 0.6866 0.0 -0.727 1.0
vtan 0.5262 -0.0 -0.8504 1.0
vtan 0.3442 0.0 -0.9389 1.0
vtan 0.1482 -0.0 -0.989 1.0
vtan -0.0539 0.0 -0.9985 1.0
vtan -0.2538 0.0 -0.9672 1.0
vtan -0.4433 -0.0 -0.8964 1.0
vtan -0.6147 0.0 -0.7888 1.0
vtan -0.7609 0.0 -0.6489 1.0
vtan -0.8759 0.0 -0.4825 1.0
vtan -0.9551 -0.0 -0.2963 1.0
vtan 0.9985 -0.0537 0.0044 1.0
vtan 0.9794 -0.0195 0.2009 1.0
vtan 0.9202 -0.0 0.3915 1.0
vtan 0.8226 -0.0 0.5687 1.0
vtan 0.6913 0.0 0.7226 1.0
vtan 0.5316 -0.0 0.847 1.0
vtan 0.3503 0.0 0.9366 1.0
vtan 0.1546 0.0 0.988 1.0
vtan -0.0475 -0.0 0.9989 1.0
vtan -0.2476 0.0 0.9689 1.0
vtan -0.4375 0.0 0.8992 1.0
vtan -0.6096 -0.0 0.7927 1.0
vtan -0.7567 -0.0 0.6538 1.0
vtan -0.8728 0.0 0.4881 1.0
vtan -0.9532 0.0 0.3024 1.0
vtan 0.9982 -0.0478 -0.0367 1.0
vtan 0.9948 -0.0239 -0.0985 1.0
vtan 0.9789 -0.0 -0.2045 1.0
vtan 0.9789 -0.0 -0.2045 1.0
vtan 0.9177 0.0 -0.3973 1.0
vtan 0.9177 -0.0 -0.3974 1.0
vtan 0.8189 -0.0 -0.574 1.0
vtan 0.8189 0.0 -0.574 1.0
vtan 0.6866 0.0 -0.7271 1.0
vtan 0.6866 -0.0 -0.727 1.0
vtan 0.5261 -0.0 -0.8504 1.0
vtan 0.5262 0.0 -0.8504 1.0
vtan 0.3443 -0.0 -0.9389 1.0
vtan 0.3442 0.0 -0.9389 1.0
vtan 0.1483 0.0 -0.9889 1.0
vtan 0.1481 0.0 -0.989 1.0
vtan -0.054 0.0 -0.9985 1.0
vtan -0.0539 -0.0 -0.9985 1.0
vtan -0.2538 -0.0 -0.9673 1.0
vtan -0.2538 0.0 -0.9673 1.0
vtan -0.4433 -0.0 -0.8964 1.0
vtan -0.4433 -0.0 -0.8964 1.0
vtan -0.6147 0.0 -0.7888 1.0
vtan -0.6147 -0.0 -0.7888 1.0
vtan -0.7609 -0.0 -0.6489 1.0
vtan -0.7609 -0.0 -0.6489 1.0
vtan -0.8759 0.0 -0.4825 1.0
vtan -0.8759 -0.0 -0.4825 1.0
vtan -0.9551 0.0 -0.2963 1.0
vtan -0.9551 -0.0 -0.2963 1.0
vtan 0.999 0.0116 0.0428 1.0
vtan 0.9998 0.0176 0.0091 1.0
vtan 0.9822 -0.016 0.1872 1.0
vtan 0.9851 -0.0067 0.1721 1.0
vtan 0.9202 0.0 0.3915 1.0
vtan 0.9202 -0.0 0.3915 1.0
vtan 0.8226 -0.0 0.5687 1.0
vtan 0.8226 -0.0 0.5687 1.0
vtan 0.6913 0.0 0.7226 1.0
vtan 0.6912 -0.0 0.7226 1.0
vtan 0.5316 0.0 0.847 1.0
vtan 0.5317 -0.0 0.847 1.0
vtan 0.3503 -0.0 0.9366 1.0
vtan 0.3503 -0.0 0.9366 1.0
vtan 0.1546 -0.0 0.988 1.0
vtan 0.1546 0.0 0.988 1.0
vtan -0.0475 -0.0 0.9989 1.0
vtan -0.0475 -0.0 0.9989 1.0
vtan -0.2475 0.0 0.9689 1.0
vtan -0.2476 -0.0 0.9689 1.0
vtan -0.4375 0.0 0.8992 1.0
vtan -0.4375 -0.0 0.8992 1.0
vtan -0.6096 -0.0 0.7927 1.0
vtan -0.6096 0.0 0.7927 1.0
vtan -0.7567 0.0 0.6538 1.0
vtan -0.7567 -0.0 0.6538 1.0
vtan -0.8728 -0.0 0.4881 1.0
vtan -0.8728 0.0 0.4881 1.0
vtan -0.9532 0.0 0.3025 1.0
vtan -0.9532 -0.0 0.3024 1.0
vtan 0.9986 -0.0443 -0.0292 1.0
vtan 0.9789 0.0 -0.2046 1.0
vtan 0.9177 0.0 -0.3973 1.0
vtan 0.8189 0.0 -0.574 1.0
vtan 0.6866 0.0 -0.727 1.0
vtan 0.5262 -0.0 -0.8504 1.0
vtan 0.3442 0.0 -0.9389 1.0
vtan 0.1482 0.0 -0.989 1.0
vtan -0.0538 -0.0 -0.9985 1.0
vtan -0.2538 0.0 -0.9673 1.0
vtan -0.4433 0.0 -0.8964 1.0
vtan -0.6146 0.0 -0.7888 1.0
vtan -0.7608 -0.0 -0.6489 1.0
vtan -0.8759 -0.0 -0.4825 1.0
vtan -0.9551 0.0 -0.2963 1.0
vtan 0.9997 0.0206 0.0088 1.0
vtan 0.9813 -0.0109 0.192 1.0
vtan 0.9202 0.0 0.3915 1.0
vtan 0.8225 0.0 0.5687 1.0
vtan 0.6912 0.0 0.7226 1.0
vtan 0.5316 0.0 0.847 1.0
vtan 0.3502 0.0 0.9367 1.0
vtan 0.1546 0.0 0.988 1.0
vtan -0.0475 0.0 0.9989 1.0
vtan -0.2476 0.0 0.9689 1.0
vtan -0.4375 0.0 0.8992 1.0
vtan -0.6096 0.0 0.7927 1.0
vtan -0.7567 -0.0 0.6538 1.0
vtan -0.8728 0.0 0.488 1.0
vtan -0.9532 0.0 0.3024 1.0
vtan 0.9999 0.0105 -0.0043 1.0
vtan 0.9789 0.0 -0.2045 1.0
vtan 0.9177 0.0 -0.3973 1.0
vtan 0.8189 -0.0 -0.574 1.0
vtan 0.6866 0.0 -0.7271 1.0
vtan 0.5262 -0.0 -0.8504 1.0
vtan 0.3442 -0.0 -0.9389 1.0
vtan 0.1482 0.0 -0.989 1.0
vtan -0.0539 -0.0 -0.9985 1.0
vtan -0.2538 -0.0 -0.9673 1.0
vtan -0.4433 0.0 -0.8964 1.0
vtan -0.6147 -0.0 -0.7888 1.0
vtan -0.7609 -0.0 -0.6489 1.0
vtan -0.8759 -0.0 -0.4825 1.0
vtan -0.9551 -0.0 -0.2963 1.0
vtan 0.9988 -0.0489 0.0019 1.0
vtan 0.9796 -0.0192 0.2002 1.0
vtan 0.9202 0.0 0.3915 1.0
vtan 0.8225 0.0 0.5687 1.0
vtan 0.6912 0.0 0.7226 1.0
vtan 0.5316 -0.0 0.847 1.0
vtan 0.3503 -0.0 0.9367 1.0
vtan 0.1545 0.0 0.988 1.0
vtan -0.0476 -0.0 0.9989 1.0
vtan -0.2476 -0.0 0.9689 1.0
vtan -0.4375 0.0 0.8992 1.0
vtan -0.6096 0.0 0.7927 1.0
vtan -0.7567 0.0 0.6538 1.0
vtan -0.8728 -0.0 0.4881 1.0
vtan -0.9532 -0.0 0.3024 1.0
vtan 0.9982 -0.0479 -0.0371 1.0
vtan 0.9789 0.0 -0.2045 1.0
vtan 0.9177 -0.0 -0.3974 1.0
vtan 0.8189 -0.0 -0.5739 1.0
vtan 0.6866 0.0 -0.7271 1.0
vtan 0.5262 -0.0 -0.8504 1.0
vtan 0.3442 0.0 -0.9389 1.0
vtan 0.1482 -0.0 -0.989 1.0
vtan -0.0539 0.0 -0.9985 1.0
vtan -0.2538 -0.0 -0.9673 1.0
vtan -0.4433 -0.0 -0.8964 1.0
vtan -0.6146 0.0 -0.7888 1.0
vtan -0.7609 -0.0 -0.6489 1.0
vtan -0.8759 -0.0 -0.4825 1.0
vtan -0.9551 -0.0 -0.2963 1.0
vtan 1.0 0.0085 0.0028 1.0
vtan 0.9829 -0.0223 0.1826 1.0
vtan 0.9202 0.0 0.3915 1.0
vtan 0.8225 0.0 0.5687 1.0
vtan 0.6912 -0.0 0.7226 1.0
vtan 0.5316 0.0 0.847 1.0
vtan 0.3502 0.0 0.9367 1.0
vtan 0.1545 -0.0 0.988 1.0
vtan -0.0475 0.0 0.9989 1.0
vtan -0.2476 0.0 0.9689 1.0
vtan -0.4376 -0.0 0.8992 1.0
vtan -0.6096 0.0 0.7927 1.0
vtan -0.7567 0.0 0.6538 1.0
vtan -0.8728 -0.0 0.4881 1.0
vtan -0.9532 0.0 0.3024 1.0
vtan 1.0 -0.008 -0.0039 1.0
vtan 0.9789 -0.0 -0.2044 1.0
vtan 0.9177 -0.0 -0.3974 1.0
vtan 0.8189 -0.0 -0.574 1.0
vtan 0.6866 -0.0 -0.727 1.0
vtan 0.5261 -0.0 -0.8504 1.0
vtan 0.3442 0.0 -0.9389 1.0
vtan 0.1482 0.0 -0.989 1.0
vtan -0.0538 0.0001 -0.9985 1.0
vtan -0.2538 0.0 -0.9673 1.0
vtan -0.4434 -0.0 -0.8963 1.0
vtan -0.6146 0.0 -0.7888 1.0
vtan -0.7608 -0.0 -0.649 1.0
vtan -0.8759 0.0 -0.4825 1.0
vtan -0.9551 -0.0 -0.2963 1.0
vtan 0.9996 -0.0275 -0.0054 1.0
vtan 0.9803 -0.0196 0.1967 1.0
vtan 0.9202 -0.0 0.3915 1.0
vtan 0.8226 0.0 0.5687 1.0
vtan 0.6912 -0.0 0.7226 1.0
vtan 0.5316 -0.0 0.847 1.0
vtan 0.3502 0.0 0.9367 1.0
vtan 0.1546 -0.0 0.988 1.0
vtan -0.0476 0.0 0.9989 1.0
vtan -0.2477 0.0 0.9688 1.0
vtan -0.4376 0.0 0.8992 1.0
vtan -0.6096 -0.0 0.7927 1.0
vtan -0.7567 0.0 0.6538 1.0
vtan -0.8728 0.0 0.4881 1.0
vtan -0.9532 -0.0 0.3024 1.0
vtan -0.9952 0.0 -0.0978 1.0
vtan -0.9945 -0.0 0.1045 1.0
vtan -0.9945 0.0 0.1044 1.0
vtan -0.9952 0.0 -0.098 1.0
vtan -0.9945 -0.0 0.1044 1.0
vtan -0.9952 0.0 -0.098 1.0
vtan -0.9952 0.0 -0.098 1.0
vtan -0.9945 0.0 0.1044 1.0
vtan -0.9952 -0.0 -0.0979 1.0
vtan -0.9945 -0.0 0.1044 1.0
vtan -0.9952 0.0 -0.0979 1.0
vtan -0.9945 -0.0 0.1044 1.0
vtan -0.9952 0.0 -0.098 1.0
vtan -0.9945 -0.0 0.1044 1.0
vtan -0.9945 0.0 0.1044 1.0
vtan -0.9952 -0.0 -0.098 1.0
vtan 0.9945 -0.0 -0.1044 1.0
vtan 0.9789 0.0 -0.2046 1.0
vtan 0.9789 0.0 -0.2045 1.0
vtan 0.9975 -0.0505 -0.0489 1.0
vtan 0.9176 0.0 -0.3974 1.0
vtan 0.9177 0.0 -0.3974 1.0
vtan 0.8188 0.0 -0.574 1.0
vtan 0.8189 0.0 -0.574 1.0
vtan 0.6865 0.0 -0.7271 1.0
vtan 0.6866 0.0 -0.727 1.0
vtan 0.5261 0.0 -0.8504 1.0
vtan 0.5262 0.0 -0.8504 1.0
vtan 0.3442 0.0 -0.9389 1.0
vtan 0.3442 0.0 -0.9389 1.0
vtan 0.1481 0.0 -0.989 1.0
vtan 0.1482 0.0 -0.989 1.0
vtan -0.054 0.0 -0.9985 1.0
vtan -0.0539 0.0 -0.9985 1.0
vtan -0.2539 0.0 -0.9672 1.0
vtan -0.2538 0.0 -0.9673 1.0
vtan -0.4434 0.0 -0.8963 1.0
vtan -0.4433 0.0 -0.8964 1.0
vtan -0.6148 0.0 -0.7887 1.0
vtan -0.6147 0.0 -0.7888 1.0
vtan -0.7609 0.0 -0.6488 1.0
vtan -0.7609 0.0 -0.6489 1.0
vtan -0.876 0.0 -0.4824 1.0
vtan -0.8759 0.0 -0.4825 1.0
vtan -0.9551 -0.0 -0.2961 1.0
vtan -0.9551 0.0 -0.2963 1.0
vtan 0.999 0.0353 0.0287 1.0
vtan 0.9814 -0.0073 0.1917 1.0
vtan 0.9838 0.0 0.1795 1.0
vtan 0.9983 0.0 0.0582 1.0
vtan 0.9202 0.0 0.3915 1.0
vtan 0.9203 -0.0 0.3912 1.0
vtan 0.8225 0.0 0.5687 1.0
vtan 0.8227 -0.0 0.5685 1.0
vtan 0.6912 0.0 0.7226 1.0
vtan 0.6914 -0.0 0.7225 1.0
vtan 0.5316 0.0 0.847 1.0
vtan 0.5318 -0.0 0.8468 1.0
vtan 0.3502 0.0 0.9367 1.0
vtan 0.3505 -0.0 0.9366 1.0
vtan 0.1545 0.0 0.988 1.0
vtan 0.1548 -0.0 0.9879 1.0
vtan -0.0475 0.0 0.9989 1.0
vtan -0.0472 -0.0 0.9989 1.0
vtan -0.2476 0.0 0.9689 1.0
vtan -0.2474 -0.0 0.9689 1.0
vtan -0.4376 0.0 0.8992 1.0
vtan -0.4374 -0.0 0.8993 1.0
vtan -0.6096 0.0 0.7927 1.0
vtan -0.6094 -0.0 0.7928 1.0
vtan -0.7567 0.0 0.6538 1.0
vtan -0.7565 -0.0 0.6539 1.0
vtan -0.8728 0.0 0.4881 1.0
vtan -0.8727 -0.0 0.4882 1.0
vtan -0.9532 0.0 0.3024 1.0
vtan -0.9531 0.0 0.3026 1.0
vtan 0.9789 0.0 -0.2045 1.0
vtan 0.9982 0.0477 -0.0366 1.0
vtan 0.9177 -0.0 -0.3974 1.0
vtan 0.8189 0.0 -0.574 1.0
vtan 0.6866 -0.0 -0.727 1.0
vtan 0.5262 0.0 -0.8504 1.0
vtan 0.3442 -0.0 -0.9389 1.0
vtan 0.1482 0.0 -0.989 1.0
vtan -0.0539 -0.0 -0.9985 1.0
vtan -0.2538 0.0 -0.9673 1.0
vtan -0.4433 0.0 -0.8964 1.0
vtan -0.6147 0.0 -0.7888 1.0
vtan -0.7609 -0.0 -0.6489 1.0
vtan -0.8759 0.0 -0.4825 1.0
vtan -0.9551 -0.0 -0.2963 1.0
vtan 0.9972 -0.063 0.0408 1.0
vtan 0.9789 -0.0087 0.2041 1.0
vtan 0.9202 0.0 0.3915 1.0
vtan 0.8226 0.0 0.5687 1.0
vtan 0.6913 -0.0 0.7226 1.0
vtan 0.5316 0.0 0.847 1.0
vtan 0.3503 -0.0 0.9366 1.0
vtan 0.1546 -0.0 0.988 1.0
vtan -0.0475 -0.0 0.9989 1.0
vtan -0.2476 0.0 0.9689 1.0
vtan -0.4375 -0.0 0.8992 1.0
vtan -0.6096 0.0 0.7927 1.0
vtan -0.7567 -0.0 0.6538 1.0
vtan -0.8728 -0.0 0.4881 1.0
vtan -0.9532 0.0 0.3024 1.0
vtan 0.9982 0.0478 -0.0369 1.0
vtan 0.9789 0.0 -0.2045 1.0
vtan 0.9177 0.0 -0.3974 1.0
vtan 0.8189 0.0 -0.5739 1.0
vtan 0.6866 -0.0 -0.7271 1.0
vtan 0.5261 -0.0 -0.8504 1.0
vtan 0.3443 0.0 -0.9389 1.0
vtan 0.1482 -0.0 -0.989 1.0
vtan -0.0539 0.0 -0.9985 1.0
vtan -0.2538 -0.0 -0.9672 1.0
vtan -0.4433 0.0 -0.8964 1.0
vtan -0.6146 -0.0 -0.7888 1.0
vtan -0.7609 0.0 -0.6489 1.0
vtan -0.8759 -0.0 -0.4825 1.0
vtan -0.9551 0.0 -0.2963 1.0
vtan 0.9773 -0.0189 0.2112 1.0
vtan 0.9953 -0.0804 0.0534 1.0
vtan 0.9202 0.0 0.3915 1.0
vtan 0.8225 0.0 0.5687 1.0
vtan 0.6913 -0.0 0.7226 1.0
vtan 0.5316 -0.0 0.847 1.0
vtan 0.3502 -0.0 0.9367 1.0
vtan 0.1545 0.0 0.988 1.0
vtan -0.0475 -0.0 0.9989 1.0
vtan -0.2476 -0.0 0.9689 1.0
vtan -0.4376 -0.0 0.8992 1.0
vtan -0.6096 0.0 0.7927 1.0
vtan -0.7567 0.0 0.6538 1.0
vtan -0.8728 0.0 0.488 1.0
vtan -0.9532 0.0 0.3024 1.0
vtan 0.9991 0.038 -0.0203 1.0
vtan 0.9789 0.0 -0.2045 1.0
vtan 0.9177 0.0 -0.3974 1.0
vtan 0.8189 0.0 -0.574 1.0
vtan 0.6866 -0.0 -0.7271 1.0
vtan 0.5262 0.0 -0.8504 1.0
vtan 0.3443 0.0 -0.9389 1.0
vtan 0.1482 0.0 -0.989 1.0
vtan -0.0539 -0.0 -0.9985 1.0
vtan -0.2538 0.0 -0.9673 1.0
vtan -0.4432 0.0 -0.8964 1.0
vtan -0.6147 -0.0 -0.7888 1.0
vtan -0.7609 0.0 -0.6489 1.0
vtan -0.8759 0.0 -0.4825 1.0
vtan -0.9551 0.0 -0.2963 1.0
vtan 0.9786 -0.0164 0.2053 1.0
vtan 0.9974 -0.067 0.0268 1.0
vtan 0.9202 0.0 0.3915 1.0
vtan 0.8225 0.0 0.5687 1.0
vtan 0.6912 0.0 0.7226 1.0
vtan 0.5317 -0.0 0.847 1.0
vtan 0.3503 -0.0 0.9366 1.0
vtan 0.1545 -0.0 0.988 1.0
vtan -0.0475 0.0 0.9989 1.0
vtan -0.2475 -0.0 0.9689 1.0
vtan -0.4375 -0.0 0.8992 1.0
vtan -0.6096 -0.0 0.7927 1.0
vtan -0.7567 -0.0 0.6538 1.0
vtan -0.8728 -0.0 0.4881 1.0
vtan -0.9532 -0.0 0.3024 1.0
vtan 0.9992 0.0359 -0.0181 1.0
vtan 0.9789 -0.0 -0.2045 1.0
vtan 0.9177 -0.0 -0.3974 1.0
vtan 0.8189 -0.0 -0.574 1.0
vtan 0.6866 0.0 -0.7271 1.0
vtan 0.5261 -0.0 -0.8504 1.0
vtan 0.3442 -0.0 -0.9389 1.0
vtan 0.1483 0.0 -0.9889 1.0
vtan -0.0539 -0.0 -0.9985 1.0
vtan -0.2538 0.0 -0.9673 1.0
vtan -0.4433 0.0 -0.8964 1.0
vtan -0.6147 0.0 -0.7888 1.0
vtan -0.7609 -0.0 -0.6489 1.0
vtan -0.8759 -0.0 -0.4825 1.0
vtan -0.9551 -0.0 -0.2963 1.0
vtan 0.9786 -0.0169 0.205 1.0
vtan 0.9973 -0.0689 0.0253 1.0
vtan 0.9202 -0.0 0.3915 1.0
vtan 0.8225 -0.0 0.5687 1.0
vtan 0.6913 0.0 0.7226 1.0
vtan 0.5316 0.0 0.847 1.0
vtan 0.3503 0.0 0.9366 1.0
vtan 0.1546 -0.0 0.988 1.0
vtan -0.0475 0.0 0.9989 1.0
vtan -0.2476 -0.0 0.9689 1.0
vtan -0.4375 -0.0 0.8992 1.0
vtan -0.6096 0.0 0.7927 1.0
vtan -0.7567 0.0 0.6538 1.0
vtan -0.8728 0.0 0.4881 1.0
vtan -0.9532 0.0 0.3024 1.0
vtan 0.9981 0.0485 -0.039 1.0
vtan 0.9789 0.0 -0.2045 1.0
vtan 0.9176 -0.0 -0.3974 1.0
vtan 0.8189 -0.0 -0.574 1.0
vtan 0.6866 0.0 -0.7271 1.0
vtan 0.5262 -0.0 -0.8504 1.0
vtan 0.3442 -0.0 -0.9389 1.0
vtan 0.1482 -0.0 -0.989 1.0
vtan -0.0539 0.0 -0.9985 1.0
vtan -0.2538 -0.0 -0.9673 1.0
vtan -0.4433 -0.0 -0.8964 1.0
vtan -0.6147 -0.0 -0.7888 1.0
vtan -0.7609 0.0 -0.6489 1.0
vtan -0.8759 0.0 -0.4825 1.0
vtan -0.9551 0.0 -0.2963 1.0
vtan 0.9781 -0.0134 0.2078 1.0
vtan 0.996 -0.0734 0.0509 1.0
vtan 0.9202 -0.0 0.3914 1.0
vtan 0.8226 -0.0 0.5687 1.0
vtan 0.6913 -0.0 0.7226 1.0
vtan 0.5316 -0.0 0.847 1.0
vtan 0.3502 -0.0 0.9367 1.0
vtan 0.1546 -0.0 0.988 1.0
vtan -0.0475 0.0 0.9989 1.0
vtan -0.2476 0.0 0.9689 1.0
vtan -0.4375 -0.0 0.8992 1.0
vtan -0.6096 -0.0 0.7927 1.0
vtan -0.7567 -0.0 0.6538 1.0
vtan -0.8728 -0.0 0.4881 1.0
vtan -0.9532 -0.0 0.3024 1.0
vtan 0.9789 0.0 -0.2045 1.0
vtan 0.9959 0.0444 -0.0783 1.0
vtan 0.9177 -0.0 -0.3974 1.0
vtan 0.8189 0.0 -0.574 1.0
vtan 0.6866 0.0 -0.7271 1.0
vtan 0.5262 -0.0 -0.8504 1.0
vtan 0.3442 0.0 -0.9389 1.0
vtan 0.1482 0.0 -0.989 1.0
vtan -0.0539 -0.0 -0.9985 1.0
vtan -0.2538 0.0 -0.9673 1.0
vtan -0.4433 -0.0 -0.8964 1.0
vtan -0.6147 0.0 -0.7888 1.0
vtan -0.7609 -0.0 -0.6489 1.0
vtan -0.8759 0.0 -0.4825 1.0
vtan -0.9551 0.0 -0.2963 1.0
vtan 0.9933 -0.0603 0.0989 1.0
vtan 0.9769 -0.0092 0.2135 1.0
vtan 0.9202 -0.0 0.3914 1.0
vtan 0.8226 0.0 0.5687 1.0
vtan 0.6912 0.0 0.7226 1.0
vtan 0.5316 0.0 0.847 1.0
vtan 0.3502 0.0 0.9367 1.0
vtan 0.1546 0.0 0.988 1.0
vtan -0.0474 -0.0 0.9989 1.0
vtan -0.2476 0.0 0.9689 1.0
vtan -0.4375 -0.0 0.8992 1.0
vtan -0.6096 -0.0 0.7927 1.0
vtan -0.7567 0.0 0.6538 1.0
vtan -0.8728 0.0 0.4881 1.0
vtan -0.9532 0.0 0.3024 1.0
vtan 0.7715 -0.6172 -0.1543 1.0
vtan 0.7715 -0.6172 0.1543 1.0
vtan 0.7715 0.6172 -0.1543 1.0
vtan 0.7715 0.6172 0.1543 1.0
vtan -0.8165 0.4083 0.4082 1.0
vtan -0.7071 -0.7071 -0.0 1.0
vtan -0.7071 -0.7071 -0.0 1.0
vtan -0.8165 0.4082 -0.4082 1.0
vtan 0.8165 -0.4082 0.4082 1.0
vtan 0.8165 0.4083 -0.4082 1.0
vtan 0.8165 0.4082 0.4082 1.0
vtan 0.8165 -0.4083 -0.4082 1.0
vtan -0.4083 0.8165 -0.4083 1.0
vtan -0.4082 0.8165 0.4082 1.0
f 0/0/0/0 1/1/1/1 2/2/2/2 
f 0/0/0/0 2/2/2/2 3/3/3/3 
f 4/4/4/4 5/5/5/5 6/6/6/6 
f 4/4/4/4 6/6/6/6 7/7/7/7 
f 8/8/8/8 9/9/9/9 10/10/10/10 
f 8/8/8/8 10/10/10/10 11/11/11/11 
f 12/12/12/12 8/8/8/8 11/11/11/11 
f 12/12/12/12 11/11/11/11 13/13/13/13 
f 14/14/14/14 12/12/12/12 13/13/13/13 
f 14/14/14/14 13/13/13/13 15/15/15/15 
f 16/16/16/16 17/17/17/17 18/18/18/18 
f 16/16/16/16 18/18/18/18 19/19/19/19 
f 20/20/20/20 16/16/16/16 19/19/19/19 
f 20/20/20/20 19/19/19/19 21/21/21/21 
f 5/5/5/5 0/0/0/0 3/3/3/3 
f 5/5/5/5 3/3/3/3 6/6/6/6 
f 1/1/1/1 22/22/22/22 23/23/23/23 
f 1/1/1/1 23/23/23/23 2/2/2/2 
f 22/22/22/22 24/24/24/24 25/25/25/25 
f 22/22/22/22 25/25/25/25 23/23/23/23 
f 24/24/24/24 26/26/26/26 27/27/27/27 
f 24/24/24/24 27/27/27/27 25/25/25/25 
f 26/26/26/26 28/28/28/28 29/29/29/29 
f 26/26/26/26 29/29/29/29 27/27/27/27 
f 28/28/28/28 30/30/30/30 31/31/31/31 
f 28/28/28/28 31/31/31/31 29/29/29/29 
f 30/30/30/30 32/32/32/32 33/33/33/33 
f 30/30/30/30 33/33/33/33 31/31/31/31 
f 32/32/32/32 34/34/34/34 35/35/35/35 
f 32/32/32/32 35/35/35/35 33/33/33/33 
f 34/34/34/34 36/36/36/36 37/37/37/37 
f 34/34/34/34 37/37/37/37 35/35/35/35 
f 36/36/36/36 38/38/38/38 39/39/39/39 
f 36/36/36/36 39/39/39/39 37/37/37/37 
f 38/38/38/38 40/40/40/40 41/41/41/41 
f 38/38/38/38 41/41/41/41 39/39/39/39 
f 40/40/40/40 42/42/42/42 43/43/43/43 
f 40/40/40/40 43/43/43/43 41/41/41/41 
f 44/44/44/44 45/45/45/45 46/46/46/46 
f 44/44/44/44 46/46/46/46 47/47/47/47 
f 45/45/45/45 48/48/48/48 49/49/49/49 
f 45/45/45/45 49/49/49/49 46/46/46/46 
f 48/48/48/48 50/50/50/50 51/51/51/51 
f 48/48/48/48 51/51/51/51 49/49/49/49 
f 50/50/50/50 52/52/52/52 53/53/53/53 
f 50/50/50/50 53/53/53/53 51/51/51/51 
f 52/52/52/52 54/54/54/54 55/55/55/55 
f 52/52/52/52 55/55/55/55 53/53/53/53 
f 42/42/42/42 44/44/44/44 47/47/47/47 
f 42/42/42/42 47/47/47/47 43/43/43/43 
f 17/17/17/17 14/14/14/14 15/15/15/15 
f 17/17/17/17 15/15/15/15 18/18/18/18 
f 9/9/9/9 4/4/4/4 7/7/7/7 
f 9/9/9/9 7/7/7/7 10/10/10/10 
f 56/56/56/56 57/57/57/57 58/58/58/58 
f 56/56/56/56 58/58/58/58 59/59/59/59 
f 59/59/59/59 58/58/58/58 60/60/60/60 
f 59/59/59/59 60/60/60/60 61/61/61/61 
f 61/61/61/61 60/60/60/60 62/62/62/62 
f 61/61/61/61 62/62/62/62 63/63/63/63 
f 63/63/63/63 62/62/62/62 64/64/64/64 
f 63/63/63/63 64/64/64/64 65/65/65/65 
f 65/65/65/65 64/64/64/64 66/66/66/66 
f 65/65/65/65 66/66/66/66 67/67/67/67 
f 67/67/67/67 66/66/66/66 68/68/68/68 
f 67/67/67/67 68/68/68/68 69/69/69/69 
f 69/69/69/69 68/68/68/68 70/70/70/70 
f 69/69/69/69 70/70/70/70 71/71/71/71 
f 71/71/71/71 70/70/70/70 72/72/72/72 
f 71/71/71/71 72/72/72/72 73/73/73/73 
f 73/73/73/73 72/72/72/72 74/74/74/74 
f 73/73/73/73 74/74/74/74 75/75/75/75 
f 75/75/75/75 74/74/74/74 76/76/76/76 
f 75/75/75/75 76/76/76/76 77/77/77/77 
f 77/77/77/77 76/76/76/76 78/78/78/78 
f 77/77/77/77 78/78/78/78 79/79/79/79 
f 79/79/79/79 78/78/78/78 80/80/80/80 
f 79/79/79/79 80/80/80/80 81/81/81/81 
f 81/81/81/81 80/80/80/80 82/82/82/82 
f 81/81/81/81 82/82/82/82 83/83/83/83 
f 83/83/83/83 82/82/82/82 84/84/84/84 
f 83/83/83/83 84/84/84/84 85/85/85/85 
f 85/85/85/85 84/84/84/84 1/1/1/1 
f 85/85/85/85 1/1/1/1 0/0/0/0 
f 57/86/57/86 56/87/56/87 86/88/86/88 
f 57/86/57/86 86/88/86/88 87/89/87/89 
f 87/89/87/89 86/88/86/88 88/90/88/90 
f 87/89/87/89 88/90/88/90 89/91/89/91 
f 89/91/89/91 88/90/88/90 90/92/90/92 
f 89/91/89/91 90/92/90/92 91/93/91/93 
f 91/93/91/93 90/92/90/92 92/94/92/94 
f 91/93/91/93 92/94/92/94 93/95/93/95 
f 93/95/93/95 92/94/92/94 94/96/94/96 
f 93/95/93/95 94/96/94/96 95/97/95/97 
f 95/97/95/97 94/96/94/96 96/98/96/98 
f 95/97/95/97 96/98/96/98 97/99/97/99 
f 97/99/97/99 96/98/96/98 98/100/98/100 
f 97/99/97/99 98/100/98/100 99/101/99/101 
f 99/101/99/101 98/100/98/100 100/102/100/102 
f 99/101/99/101 100/102/100/102 101/103/101/103 
f 101/103/101/103 100/102/100/102 102/104/102/104 
f 101/103/101/103 102/104/102/104 103/105/103/105 
f 103/105/103/105 102/104/102/104 104/106/104/106 
f 103/105/103/105 104/106/104/106 105/107/105/107 
f 105/107/105/107 104/106/104/106 106/108/106/108 
f 105/107/105/107 106/108/106/108 107/109/107/109 
f 107/109/107/109 106/108/106/108 108/110/108/110 
f 107/109/107/109 108/110/108/110 109/111/109/111 
f 109/111/109/111 108/110/108/110 110/112/110/112 
f 109/111/109/111 110/112/110/112 111/113/111/113 
f 111/113/111/113 110/112/110/112 112/114/112/114 
f 111/113/111/113 112/114/112/114 113/115/113/115 
f 113/115/113/115 112/114/112/114 3/3/3/3 
f 113/115/113/115 3/3/3/3 2/2/2/2 
f 114/116/114/116 115/117/115/117 116/118/116/118 
f 114/116/114/116 116/118/116/118 117/119/117/119 
f 117/119/117/119 116/118/116/118 118/120/118/120 
f 117/119/117/119 118/120/118/120 119/121/119/121 
f 119/121/119/121 118/120/118/120 120/122/120/122 
f 119/121/119/121 120/122/120/122 121/123/121/123 
f 121/123/121/123 120/122/120/122 122/124/122/124 
f 121/123/121/123 122/124/122/124 123/125/123/125 
f 123/125/123/125 122/124/122/124 124/126/124/126 
f 123/125/123/125 124/126/124/126 125/127/125/127 
f 125/127/125/127 124/126/124/126 126/128/126/128 
f 125/127/125/127 126/128/126/128 127/129/127/129 
f 127/129/127/129 126/128/126/128 128/130/128/130 
f 127/129/127/129 128/130/128/130 129/131/129/131 
f 129/131/129/131 128/130/128/130 130/132/130/132 
f 129/131/129/131 130/132/130/132 131/133/131/133 
f 131/133/131/133 130/132/130/132 132/134/132/134 
f 131/133/131/133 132/134/132/134 133/135/133/135 
f 133/135/133/135 132/134/132/134 134/136/134/136 
f 133/135/133/135 134/136/134/136 135/137/135/137 
f 135/137/135/137 134/136/134/136 136/138/136/138 
f 135/137/135/137 136/138/136/138 137/139/137/139 
f 137/139/137/139 136/138/136/138 138/140/138/140 
f 137/139/137/139 138/140/138/140 139/141/139/141 
f 139/141/139/141 138/140/138/140 140/142/140/142 
f 139/141/139/141 140/142/140/142 141/143/141/143 
f 141/143/141/143 140/142/140/142 142/144/142/144 
f 141/143/141/143 142/144/142/144 143/145/143/145 
f 143/145/143/145 142/144/142/144 5/5/5/5 
f 143/145/143/145 5/5/5/5 4/4/4/4 
f 115/146/115/146 114/147/114/147 144/148/144/148 
f 115/146/115/146 144/148/144/148 145/149/145/149 
f 145/149/145/149 144/148/144/148 146/150/146/150 
f 145/149/145/149 146/150/146/150 147/151/147/151 
f 147/151/147/151 146/150/146/150 148/152/148/152 
f 147/151/147/151 148/152/148/152 149/153/149/153 
f 149/153/149/153 148/152/148/152 150/154/150/154 
f 149/153/149/153 150/154/150/154 151/155/151/155 
f 151/155/151/155 150/154/150/154 152/156/152/156 
f 151/155/151/155 152/156/152/156 153/157/153/157 
f 153/157/153/157 152/156/152/156 154/158/154/158 
f 153/157/153/157 154/158/154/158 155/159/155/159 
f 155/159/155/159 154/158/154/158 156/160/156/160 
f 155/159/155/159 156/160/156/160 157/161/157/161 
f 157/161/157/161 156/160/156/160 158/162/158/162 
f 157/161/157/161 158/162/158/162 159/163/159/163 
f 159/163/159/163 158/162/158/162 160/164/160/164 
f 159/163/159/163 160/164/160/164 161/165/161/165 
f 161/165/161/165 160/164/160/164 162/166/162/166 
f 161/165/161/165 162/166/162/166 163/167/163/167 
f 163/167/163/167 162/166/162/166 164/168/164/168 
f 163/167/163/167 164/168/164/168 165/169/165/169 
f 165/169/165/169 164/168/164/168 166/170/166/170 
f 165/169/165/169 166/170/166/170 167/171/167/171 
f 167/171/167/171 166/170/166/170 168/172/168/172 
f 167/171/167/171 168/172/168/172 169/173/169/173 
f 169/173/169/173 168/172/168/172 170/174/170/174 
f 169/173/169/173 170/174/170/174 171/175/171/175 
f 171/175/171/175 170/174/170/174 7/7/7/7 
f 171/175/171/175 7/7/7/7 6/6/6/6 
f 172/176/172/176 173/177/173/177 174/178/174/178 
f 172/176/172/176 174/178/174/178 175/179/175/179 
f 175/179/175/179 174/178/174/178 176/180/176/180 
f 175/179/175/179 176/180/176/180 177/181/177/181 
f 177/181/177/181 176/180/176/180 178/182/178/182 
f 177/181/177/181 178/182/178/182 179/183/179/183 
f 179/183/179/183 178/182/178/182 180/184/180/184 
f 179/183/179/183 180/184/180/184 181/185/181/185 
f 181/185/181/185 180/184/180/184 182/186/182/186 
f 181/185/181/185 182/186/182/186 183/187/183/187 
f 183/187/183/187 182/186/182/186 184/188/184/188 
f 183/187/183/187 184/188/184/188 185/189/185/189 
f 185/189/185/189 184/188/184/188 186/190/186/190 
f 185/189/185/189 186/190/186/190 187/191/187/191 
f 187/191/187/191 186/190/186/190 188/192/188/192 
f 187/191/187/191 188/192/188/192 189/193/189/193 
f 189/193/189/193 188/192/188/192 190/194/190/194 
f 189/193/189/193 190/194/190/194 191/195/191/195 
f 191/195/191/195 190/194/190/194 192/196/192/196 
f 191/195/191/195 192/196/192/196 193/197/193/197 
f 193/197/193/197 192/196/192/196 194/198/194/198 
f 193/197/193/197 194/198/194/198 195/199/195/199 
f 195/199/195/199 194/198/194/198 196/200/196/200 
f 195/199/195/199 196/200/196/200 197/201/197/201 
f 197/201/197/201 196/200/196/200 198/202/198/202 
f 197/201/197/201 198/202/198/202 199/203/199/203 
f 199/203/199/203 198/202/198/202 200/204/200/204 
f 199/203/199/203 200/204/200/204 201/205/201/205 
f 201/205/201/205 200/204/200/204 9/9/9/9 
f 201/205/201/205 9/9/9/9 8/8/8/8 
f 173/206/173/206 172/207/172/207 202/208/202/208 
f 173/206/173/206 202/208/202/208 203/209/203/209 
f 203/209/203/209 202/208/202/208 204/210/204/210 
f 203/209/203/209 204/210/204/210 205/211/205/211 
f 205/211/205/211 204/210/204/210 206/212/206/212 
f 205/211/205/211 206/212/206/212 207/213/207/213 
f 207/213/207/213 206/212/206/212 208/214/208/214 
f 207/213/207/213 208/214/208/214 209/215/209/215 
f 209/215/209/215 208/214/208/214 210/216/210/216 
f 209/215/209/215 210/216/210/216 211/217/211/217 
f 211/217/211/217 210/216/210/216 212/218/212/218 
f 211/217/211/217 212/218/212/218 213/219/213/219 
f 213/219/213/219 212/218/212/218 214/220/214/220 
f 213/219/213/219 214/220/214/220 215/221/215/221 
f 215/221/215/221 214/220/214/220 216/222/216/222 
f 215/221/215/221 216/222/216/222 217/223/217/223 
f 217/223/217/223 216/222/216/222 218/224/218/224 
f 217/223/217/223 218/224/218/224 219/225/219/225 
f 219/225/219/225 218/224/218/224 220/226/220/226 
f 219/225/219/225 220/226/220/226 221/227/221/227 
f 221/227/221/227 220/226/220/226 222/228/222/228 
f 221/227/221/227 222/228/222/228 223/229/223/229 
f 223/229/223/229 222/228/222/228 224/230/224/230 
f 223/229/223/229 224/230/224/230 225/231/225/231 
f 225/231/225/231 224/230/224/230 226/232/226/232 
f 225/231/225/231 226/232/226/232 227/233/227/233 
f 227/233/227/233 226/232/226/232 228/234/228/234 
f 227/233/227/233 228/234/228/234 229/235/229/235 
f 229/235/229/235 228/234/228/234 11/11/11/11 
f 229/235/229/235 11/11/11/11 10/10/10/10 
f 230/236/230/236 172/176/172/176 175/179/175/179 
f 230/236/230/236 175/179/175/179 231/237/231/237 
f 231/237/231/237 175/179/175/179 177/181/177/181 
f 231/237/231/237 177/181/177/181 232/238/232/238 
f 232/238/232/238 177/181/177/181 179/183/179/183 
f 232/238/232/238 179/183/179/183 233/239/233/239 
f 233/239/233/239 179/183/179/183 181/185/181/185 
f 233/239/233/239 181/185/181/185 234/240/234/240 
f 234/240/234/240 181/185/181/185 183/187/183/187 
f 234/240/234/240 183/187/183/187 235/241/235/241 
f 235/241/235/241 183/187/183/187 185/189/185/189 
f 235/241/235/241 185/189/185/189 236/242/236/242 
f 236/242/236/242 185/189/185/189 187/191/187/191 
f 236/242/236/242 187/191/187/191 237/243/237/243 
f 237/243/237/243 187/191/187/191 189/193/189/193 
f 237/243/237/243 189/193/189/193 238/244/238/244 
f 238/244/238/244 189/193/189/193 191/195/191/195 
f 238/244/238/244 191/195/191/195 239/245/239/245 
f 239/245/239/245 191/195/191/195 193/197/193/197 
f 239/245/239/245 193/197/193/197 240/246/240/246 
f 240/246/240/246 193/197/193/197 195/199/195/199 
f 240/246/240/246 195/199/195/199 241/247/241/247 
f 241/247/241/247 195/199/195/199 197/201/197/201 
f 241/247/241/247 197/201/197/201 242/248/242/248 
f 242/248/242/248 197/201/197/201 199/203/199/203 
f 242/248/242/248 199/203/199/203 243/249/243/249 
f 243/249/243/249 199/203/199/203 201/205/201/205 
f 243/249/243/249 201/205/201/205 244/250/244/250 
f 244/250/244/250 201/205/201/205 8/8/8/8 
f 244/250/244/250 8/8/8/8 12/12/12/12 
f 172/207/172/207 230/251/230/251 245/252/245/252 
f 172/207/172/207 245/252/245/252 202/208/202/208 
f 202/208/202/208 245/252/245/252 246/253/246/253 
f 202/208/202/208 246/253/246/253 204/210/204/210 
f 204/210/204/210 246/253/246/253 247/254/247/254 
f 204/210/204/210 247/254/247/254 206/212/206/212 
f 206/212/206/212 247/254/247/254 248/255/248/255 
f 206/212/206/212 248/255/248/255 208/214/208/214 
f 208/214/208/214 248/255/248/255 249/256/249/256 
f 208/214/208/214 249/256/249/256 210/216/210/216 
f 210/216/210/216 249/256/249/256 250/257/250/257 
f 210/216/210/216 250/257/250/257 212/218/212/218 
f 212/218/212/218 250/257/250/257 251/258/251/258 
f 212/218/212/218 251/258/251/258 214/220/214/220 
f 214/220/214/220 251/258/251/258 252/259/252/259 
f 214/220/214/220 252/259/252/259 216/222/216/222 
f 216/222/216/222 252/259/252/259 253/260/253/260 
f 216/222/216/222 253/260/253/260 218/224/218/224 
f 218/224/218/224 253/260/253/260 254/261/254/261 
f 218/224/218/224 254/261/254/261 220/226/220/226 
f 220/226/220/226 254/261/254/261 255/262/255/262 
f 220/226/220/226 255/262/255/262 222/228/222/228 
f 222/228/222/228 255/262/255/262 256/263/256/263 
f 222/228/222/228 256/263/256/263 224/230/224/230 
f 224/230/224/230 256/263/256/263 257/264/257/264 
f 224/230/224/230 257/264/257/264 226/232/226/232 
f 226/232/226/232 257/264/257/264 258/265/258/265 
f 226/232/226/232 258/265/258/265 228/234/228/234 
f 228/234/228/234 258/265/258/265 13/13/13/13 
f 228/234/228/234 13/13/13/13 11/11/11/11 
f 259/266/259/266 260/267/260/267 261/268/261/268 
f 259/266/259/266 261/268/261/268 262/269/262/269 
f 261/268/261/268 263/270/263/270 262/269/262/269 
f 262/269/262/269 264/271/264/271 265/272/265/272 
f 262/269/262/269 265/272/265/272 266/273/266/273 
f 265/272/265/272 267/274/267/274 266/273/266/273 
f 266/273/266/273 268/275/268/275 269/276/269/276 
f 266/273/266/273 269/276/269/276 270/277/270/277 
f 269/276/269/276 271/278/271/278 270/277/270/277 
f 262/269/262/269 266/273/266/273 270/277/270/277 
f 262/269/262/269 270/277/270/277 259/266/259/266 
f 270/277/270/277 272/279/272/279 273/280/273/280 
f 270/277/270/277 273/280/273/280 259/266/259/266 
f 259/266/259/266 273/280/273/280 274/281/274/281 
f 259/266/259/266 274/281/274/281 275/282/275/282 
f 20/283/20/283 21/284/21/284 276/285/276/285 
f 20/283/20/283 276/285/276/285 277/286/277/286 
f 276/285/276/285 278/287/278/287 279/288/279/288 
f 276/285/276/285 279/288/279/288 280/289/280/289 
f 279/288/279/288 281/290/281/290 280/289/280/289 
f 280/289/280/289 282/291/282/291 266/292/266/292 
f 280/289/280/289 266/292/266/292 283/293/283/293 
f 266/292/266/292 267/274/267/294 283/293/283/293 
f 283/293/283/293 284/294/284/295 285/295/285/296 
f 283/293/283/293 285/295/285/296 277/286/277/286 
f 285/295/285/296 286/296/286/297 277/286/277/286 
f 280/289/280/289 283/293/283/293 277/286/277/286 
f 280/289/280/289 277/286/277/286 276/285/276/285 
f 287/297/287/298 20/283/20/283 277/286/277/286 
f 288/298/288/299 230/236/230/236 231/237/231/237 
f 288/298/288/299 231/237/231/237 289/299/289/300 
f 289/299/289/300 231/237/231/237 232/238/232/238 
f 289/299/289/300 232/238/232/238 290/300/290/301 
f 290/300/290/301 232/238/232/238 233/239/233/239 
f 290/300/290/301 233/239/233/239 291/301/291/302 
f 291/301/291/302 233/239/233/239 234/240/234/240 
f 291/301/291/302 234/240/234/240 292/302/292/303 
f 292/302/292/303 234/240/234/240 235/241/235/241 
f 292/302/292/303 235/241/235/241 293/303/293/304 
f 293/303/293/304 235/241/235/241 236/242/236/242 
f 293/303/293/304 236/242/236/242 294/304/294/305 
f 294/304/294/305 236/242/236/242 237/243/237/243 
f 294/304/294/305 237/243/237/243 295/305/295/306 
f 295/305/295/306 237/243/237/243 238/244/238/244 
f 295/305/295/306 238/244/238/244 296/306/296/307 
f 296/306/296/307 238/244/238/244 239/245/239/245 
f 296/306/296/307 239/245/239/245 297/307/297/308 
f 297/307/297/308 239/245/239/245 240/246/240/246 
f 297/307/297/308 240/246/240/246 298/308/298/309 
f 298/308/298/309 240/246/240/246 241/247/241/247 
f 298/308/298/309 241/247/241/247 299/309/299/310 
f 299/309/299/310 241/247/241/247 242/248/242/248 
f 299/309/299/310 242/248/242/248 300/310/300/311 
f 300/310/300/311 242/248/242/248 243/249/243/249 
f 300/310/300/311 243/249/243/249 301/311/301/312 
f 301/311/301/312 243/249/243/249 244/250/244/250 
f 301/311/301/312 244/250/244/250 302/312/302/313 
f 302/312/302/313 244/250/244/250 12/12/12/12 
f 302/312/302/313 12/12/12/12 14/14/14/14 
f 230/251/230/251 288/313/288/314 303/314/303/315 
f 230/251/230/251 303/314/303/315 245/252/245/252 
f 245/252/245/252 303/314/303/315 304/315/304/316 
f 245/252/245/252 304/315/304/316 246/253/246/253 
f 246/253/246/253 304/315/304/316 305/316/305/317 
f 246/253/246/253 305/316/305/317 247/254/247/254 
f 247/254/247/254 305/316/305/317 306/317/306/318 
f 247/254/247/254 306/317/306/318 248/255/248/255 
f 248/255/248/255 306/317/306/318 307/318/307/319 
f 248/255/248/255 307/318/307/319 249/256/249/256 
f 249/256/249/256 307/318/307/319 308/319/308/320 
f 249/256/249/256 308/319/308/320 250/257/250/257 
f 250/257/250/257 308/319/308/320 309/320/309/321 
f 250/257/250/257 309/320/309/321 251/258/251/258 
f 251/258/251/258 309/320/309/321 310/321/310/322 
f 251/258/251/258 310/321/310/322 252/259/252/259 
f 252/259/252/259 310/321/310/322 311/322/311/323 
f 252/259/252/259 311/322/311/323 253/260/253/260 
f 253/260/253/260 311/322/311/323 312/323/312/324 
f 253/260/253/260 312/323/312/324 254/261/254/261 
f 254/261/254/261 312/323/312/324 313/324/313/325 
f 254/261/254/261 313/324/313/325 255/262/255/262 
f 255/262/255/262 313/324/313/325 314/325/314/326 
f 255/262/255/262 314/325/314/326 256/263/256/263 
f 256/263/256/263 314/325/314/326 315/326/315/327 
f 256/263/256/263 315/326/315/327 257/264/257/264 
f 257/264/257/264 315/326/315/327 316/327/316/328 
f 257/264/257/264 316/327/316/328 258/265/258/265 
f 258/265/258/265 316/327/316/328 15/15/15/15 
f 258/265/258/265 15/15/15/15 13/13/13/13 
f 317/328/317/329 318/329/318/330 319/330/319/331 
f 317/328/317/329 319/330/319/331 320/331/320/332 
f 320/331/320/332 319/330/319/331 321/332/321/333 
f 320/331/320/332 321/332/321/333 322/333/322/334 
f 322/333/322/334 321/332/321/333 323/334/323/335 
f 322/333/322/334 323/334/323/335 324/335/324/336 
f 324/335/324/336 323/334/323/335 325/336/325/337 
f 324/335/324/336 325/336/325/337 326/337/326/338 
f 326/337/326/338 325/336/325/337 327/338/327/339 
f 326/337/326/338 327/338/327/339 328/339/328/340 
f 328/339/328/340 327/338/327/339 329/340/329/341 
f 328/339/328/340 329/340/329/341 330/341/330/342 
f 330/341/330/342 329/340/329/341 331/342/331/343 
f 330/341/330/342 331/342/331/343 332/343/332/344 
f 332/343/332/344 331/342/331/343 333/344/333/345 
f 332/343/332/344 333/344/333/345 334/345/334/346 
f 334/345/334/346 333/344/333/345 335/346/335/347 
f 334/345/334/346 335/346/335/347 336/347/336/348 
f 336/347/336/348 335/346/335/347 337/348/337/349 
f 336/347/336/348 337/348/337/349 338/349/338/350 
f 338/349/338/350 337/348/337/349 339/350/339/351 
f 338/349/338/350 339/350/339/351 340/351/340/352 
f 340/351/340/352 339/350/339/351 341/352/341/353 
f 340/351/340/352 341/352/341/353 342/353/342/354 
f 342/353/342/354 341/352/341/353 343/354/343/355 
f 342/353/342/354 343/354/343/355 344/355/344/356 
f 344/355/344/356 343/354/343/355 345/356/345/357 
f 344/355/344/356 345/356/345/357 346/357/346/358 
f 346/357/346/358 345/356/345/357 17/17/17/17 
f 346/357/346/358 17/17/17/17 16/16/16/16 
f 318/358/318/359 317/359/317/360 347/360/347/361 
f 318/358/318/359 347/360/347/361 348/361/348/362 
f 348/361/348/362 347/360/347/361 349/362/349/363 
f 348/361/348/362 349/362/349/363 350/363/350/364 
f 350/363/350/364 349/362/349/363 351/364/351/365 
f 350/363/350/364 351/364/351/365 352/365/352/366 
f 352/365/352/366 351/364/351/365 353/366/353/367 
f 352/365/352/366 353/366/353/367 354/367/354/368 
f 354/367/354/368 353/366/353/367 355/368/355/369 
f 354/367/354/368 355/368/355/369 356/369/356/370 
f 356/369/356/370 355/368/355/369 357/370/357/371 
f 356/369/356/370 357/370/357/371 358/371/358/372 
f 358/371/358/372 357/370/357/371 359/372/359/373 
f 358/371/358/372 359/372/359/373 360/373/360/374 
f 360/373/360/374 359/372/359/373 361/374/361/375 
f 360/373/360/374 361/374/361/375 362/375/362/376 
f 362/375/362/376 361/374/361/375 363/376/363/377 
f 362/375/362/376 363/376/363/377 364/377/364/378 
f 364/377/364/378 363/376/363/377 365/378/365/379 
f 364/377/364/378 365/378/365/379 366/379/366/380 
f 366/379/366/380 365/378/365/379 367/380/367/381 
f 366/379/366/380 367/380/367/381 368/381/368/382 
f 368/381/368/382 367/380/367/381 369/382/369/383 
f 368/381/368/382 369/382/369/383 370/383/370/384 
f 370/383/370/384 369/382/369/383 371/384/371/385 
f 370/383/370/384 371/384/371/385 372/385/372/386 
f 372/385/372/386 371/384/371/385 373/386/373/387 
f 372/385/372/386 373/386/373/387 374/387/374/388 
f 374/387/374/388 373/386/373/387 19/19/19/19 
f 374/387/374/388 19/19/19/19 18/18/18/18 
f 275/388/275/389 317/328/317/329 320/331/320/332 
f 275/388/275/389 320/331/320/332 259/389/259/390 
f 259/389/259/390 320/331/320/332 322/333/322/334 
f 259/389/259/390 322/333/322/334 260/390/260/391 
f 260/390/260/391 322/333/322/334 324/335/324/336 
f 260/390/260/391 324/335/324/336 261/391/261/392 
f 261/391/261/392 324/335/324/336 326/337/326/338 
f 261/391/261/392 326/337/326/338 263/392/263/393 
f 263/392/263/393 326/337/326/338 328/339/328/340 
f 263/392/263/393 328/339/328/340 262/393/262/394 
f 262/393/262/394 328/339/328/340 330/341/330/342 
f 262/393/262/394 330/341/330/342 264/394/264/395 
f 264/394/264/395 330/341/330/342 332/343/332/344 
f 264/394/264/395 332/343/332/344 265/395/265/396 
f 265/395/265/396 332/343/332/344 334/345/334/346 
f 265/395/265/396 334/345/334/346 267/396/267/397 
f 267/396/267/397 334/345/334/346 336/347/336/348 
f 267/396/267/397 336/347/336/348 283/397/283/398 
f 283/397/283/398 336/347/336/348 338/349/338/350 
f 283/397/283/398 338/349/338/350 284/398/284/399 
f 284/398/284/399 338/349/338/350 340/351/340/352 
f 284/398/284/399 340/351/340/352 285/399/285/400 
f 285/399/285/400 340/351/340/352 342/353/342/354 
f 285/399/285/400 342/353/342/354 286/400/286/401 
f 286/400/286/401 342/353/342/354 344/355/344/356 
f 286/400/286/401 344/355/344/356 277/401/277/402 
f 277/401/277/402 344/355/344/356 346/357/346/358 
f 277/401/277/402 346/357/346/358 287/402/287/403 
f 287/402/287/403 346/357/346/358 16/16/16/16 
f 287/402/287/403 16/16/16/16 20/20/20/20 
f 317/359/317/360 275/403/275/404 274/404/274/405 
f 317/359/317/360 274/404/274/405 347/360/347/361 
f 347/360/347/361 274/404/274/405 273/405/273/406 
f 347/360/347/361 273/405/273/406 349/362/349/363 
f 349/362/349/363 273/405/273/406 272/406/272/407 
f 349/362/349/363 272/406/272/407 351/364/351/365 
f 351/364/351/365 272/406/272/407 270/407/270/408 
f 351/364/351/365 270/407/270/408 353/366/353/367 
f 353/366/353/367 270/407/270/408 271/408/271/409 
f 353/366/353/367 271/408/271/409 355/368/355/369 
f 355/368/355/369 271/408/271/409 269/409/269/410 
f 355/368/355/369 269/409/269/410 357/370/357/371 
f 357/370/357/371 269/409/269/410 268/410/268/411 
f 357/370/357/371 268/410/268/411 359/372/359/373 
f 359/372/359/373 268/410/268/411 266/411/266/412 
f 359/372/359/373 266/411/266/412 361/374/361/375 
f 361/374/361/375 266/411/266/412 282/412/282/413 
f 361/374/361/375 282/412/282/413 363/376/363/377 
f 363/376/363/377 282/412/282/413 280/413/280/414 
f 363/376/363/377 280/413/280/414 365/378/365/379 
f 365/378/365/379 280/413/280/414 281/414/281/415 
f 365/378/365/379 281/414/281/415 367/380/367/381 
f 367/380/367/381 281/414/281/415 279/415/279/416 
f 367/380/367/381 279/415/279/416 369/382/369/383 
f 369/382/369/383 279/415/279/416 278/416/278/417 
f 369/382/369/383 278/416/278/417 371/384/371/385 
f 371/384/371/385 278/416/278/417 276/417/276/418 
f 371/384/371/385 276/417/276/418 373/386/373/387 
f 373/386/373/387 276/417/276/418 21/21/21/21 
f 373/386/373/387 21/21/21/21 19/19/19/19 
f 115/117/115/117 56/56/56/56 59/59/59/59 
f 115/117/115/117 59/59/59/59 116/118/116/118 
f 116/118/116/118 59/59/59/59 61/61/61/61 
f 116/118/116/118 61/61/61/61 118/120/118/120 
f 118/120/118/120 61/61/61/61 63/63/63/63 
f 118/120/118/120 63/63/63/63 120/122/120/122 
f 120/122/120/122 63/63/63/63 65/65/65/65 
f 120/122/120/122 65/65/65/65 122/124/122/124 
f 122/124/122/124 65/65/65/65 67/67/67/67 
f 122/124/122/124 67/67/67/67 124/126/124/126 
f 124/126/124/126 67/67/67/67 69/69/69/69 
f 124/126/124/126 69/69/69/69 126/128/126/128 
f 126/128/126/128 69/69/69/69 71/71/71/71 
f 126/128/126/128 71/71/71/71 128/130/128/130 
f 128/130/128/130 71/71/71/71 73/73/73/73 
f 128/130/128/130 73/73/73/73 130/132/130/132 
f 130/132/130/132 73/73/73/73 75/75/75/75 
f 130/132/130/132 75/75/75/75 132/134/132/134 
f 132/134/132/134 75/75/75/75 77/77/77/77 
f 132/134/132/134 77/77/77/77 134/136/134/136 
f 134/136/134/136 77/77/77/77 79/79/79/79 
f 134/136/134/136 79/79/79/79 136/138/136/138 
f 136/138/136/138 79/79/79/79 81/81/81/81 
f 136/138/136/138 81/81/81/81 138/140/138/140 
f 138/140/138/140 81/81/81/81 83/83/83/83 
f 138/140/138/140 83/83/83/83 140/142/140/142 
f 140/142/140/142 83/83/83/83 85/85/85/85 
f 140/142/140/142 85/85/85/85 142/144/142/144 
f 142/144/142/144 85/85/85/85 0/0/0/0 
f 142/144/142/144 0/0/0/0 5/5/5/5 
f 56/87/56/87 115/146/115/146 145/149/145/149 
f 56/87/56/87 145/149/145/149 86/88/86/88 
f 86/88/86/88 145/149/145/149 147/151/147/151 
f 86/88/86/88 147/151/147/151 88/90/88/90 
f 88/90/88/90 147/151/147/151 149/153/149/153 
f 88/90/88/90 149/153/149/153 90/92/90/92 
f 90/92/90/92 149/153/149/153 151/155/151/155 
f 90/92/90/92 151/155/151/155 92/94/92/94 
f 92/94/92/94 151/155/151/155 153/157/153/157 
f 92/94/92/94 153/157/153/157 94/96/94/96 
f 94/96/94/96 153/157/153/157 155/159/155/159 
f 94/96/94/96 155/159/155/159 96/98/96/98 
f 96/98/96/98 155/159/155/159 157/161/157/161 
f 96/98/96/98 157/161/157/161 98/100/98/100 
f 98/100/98/100 157/161/157/161 159/163/159/163 
f 98/100/98/100 159/163/159/163 100/102/100/102 
f 100/102/100/102 159/163/159/163 161/165/161/165 
f 100/102/100/102 161/165/161/165 102/104/102/104 
f 102/104/102/104 161/165/161/165 163/167/163/167 
f 102/104/102/104 163/167/163/167 104/106/104/106 
f 104/106/104/106 163/167/163/167 165/169/165/169 
f 104/106/104/106 165/169/165/169 106/108/106/108 
f 106/108/106/108 165/169/165/169 167/171/167/171 
f 106/108/106/108 167/171/167/171 108/110/108/110 
f 108/110/108/110 167/171/167/171 169/173/169/173 
f 108/110/108/110 169/173/169/173 110/112/110/112 
f 110/112/110/112 169/173/169/173 171/175/171/175 
f 110/112/110/112 171/175/171/175 112/114/112/114 
f 112/114/112/114 171/175/171/175 6/6/6/6 
f 112/114/112/114 6/6/6/6 3/3/3/3 
f 57/57/57/57 375/418/375/419 376/419/376/420 
f 57/57/57/57 376/419/376/420 58/58/58/58 
f 58/58/58/58 376/419/376/420 377/420/377/421 
f 58/58/58/58 377/420/377/421 60/60/60/60 
f 60/60/60/60 377/420/377/421 378/421/378/422 
f 60/60/60/60 378/421/378/422 62/62/62/62 
f 62/62/62/62 378/421/378/422 379/422/379/423 
f 62/62/62/62 379/422/379/423 64/64/64/64 
f 64/64/64/64 379/422/379/423 380/423/380/424 
f 64/64/64/64 380/423/380/424 66/66/66/66 
f 66/66/66/66 380/423/380/424 381/424/381/425 
f 66/66/66/66 381/424/381/425 68/68/68/68 
f 68/68/68/68 381/424/381/425 382/425/382/426 
f 68/68/68/68 382/425/382/426 70/70/70/70 
f 70/70/70/70 382/425/382/426 383/426/383/427 
f 70/70/70/70 383/426/383/427 72/72/72/72 
f 72/72/72/72 383/426/383/427 384/427/384/428 
f 72/72/72/72 384/427/384/428 74/74/74/74 
f 74/74/74/74 384/427/384/428 385/428/385/429 
f 74/74/74/74 385/428/385/429 76/76/76/76 
f 76/76/76/76 385/428/385/429 386/429/386/430 
f 76/76/76/76 386/429/386/430 78/78/78/78 
f 78/78/78/78 386/429/386/430 387/430/387/431 
f 78/78/78/78 387/430/387/431 80/80/80/80 
f 80/80/80/80 387/430/387/431 388/431/388/432 
f 80/80/80/80 388/431/388/432 82/82/82/82 
f 82/82/82/82 388/431/388/432 389/432/389/433 
f 82/82/82/82 389/432/389/433 84/84/84/84 
f 84/84/84/84 389/432/389/433 22/22/22/22 
f 84/84/84/84 22/22/22/22 1/1/1/1 
f 375/433/375/434 57/86/57/86 87/89/87/89 
f 375/433/375/434 87/89/87/89 390/434/390/435 
f 390/434/390/435 87/89/87/89 89/91/89/91 
f 390/434/390/435 89/91/89/91 391/435/391/436 
f 391/435/391/436 89/91/89/91 91/93/91/93 
f 391/435/391/436 91/93/91/93 392/436/392/437 
f 392/436/392/437 91/93/91/93 93/95/93/95 
f 392/436/392/437 93/95/93/95 393/437/393/438 
f 393/437/393/438 93/95/93/95 95/97/95/97 
f 393/437/393/438 95/97/95/97 394/438/394/439 
f 394/438/394/439 95/97/95/97 97/99/97/99 
f 394/438/394/439 97/99/97/99 395/439/395/440 
f 395/439/395/440 97/99/97/99 99/101/99/101 
f 395/439/395/440 99/101/99/101 396/440/396/441 
f 396/440/396/441 99/101/99/101 101/103/101/103 
f 396/440/396/441 101/103/101/103 397/441/397/442 
f 397/441/397/442 101/103/101/103 103/105/103/105 
f 397/441/397/442 103/105/103/105 398/442/398/443 
f 398/442/398/443 103/105/103/105 105/107/105/107 
f 398/442/398/443 105/107/105/107 399/443/399/444 
f 399/443/399/444 105/107/105/107 107/109/107/109 
f 399/443/399/444 107/109/107/109 400/444/400/445 
f 400/444/400/445 107/109/107/109 109/111/109/111 
f 400/444/400/445 109/111/109/111 401/445/401/446 
f 401/445/401/446 109/111/109/111 111/113/111/113 
f 401/445/401/446 111/113/111/113 402/446/402/447 
f 402/446/402/447 111/113/111/113 113/115/113/115 
f 402/446/402/447 113/115/113/115 403/447/403/448 
f 403/447/403/448 113/115/113/115 2/2/2/2 
f 403/447/403/448 2/2/2/2 23/23/23/23 
f 375/418/375/419 404/448/404/449 405/449/405/450 
f 375/418/375/419 405/449/405/450 376/419/376/420 
f 376/419/376/420 405/449/405/450 406/450/406/451 
f 376/419/376/420 406/450/406/451 377/420/377/421 
f 377/420/377/421 406/450/406/451 407/451/407/452 
f 377/420/377/421 407/451/407/452 378/421/378/422 
f 378/421/378/422 407/451/407/452 408/452/408/453 
f 378/421/378/422 408/452/408/453 379/422/379/423 
f 379/422/379/423 408/452/408/453 409/453/409/454 
f 379/422/379/423 409/453/409/454 380/423/380/424 
f 380/423/380/424 409/453/409/454 410/454/410/455 
f 380/423/380/424 410/454/410/455 381/424/381/425 
f 381/424/381/425 410/454/410/455 411/455/411/456 
f 381/424/381/425 411/455/411/456 382/425/382/426 
f 382/425/382/426 411/455/411/456 412/456/412/457 
f 382/425/382/426 412/456/412/457 383/426/383/427 
f 383/426/383/427 412/456/412/457 413/457/413/458 
f 383/426/383/427 413/457/413/458 384/427/384/428 
f 384/427/384/428 413/457/413/458 414/458/414/459 
f 384/427/384/428 414/458/414/459 385/428/385/429 
f 385/428/385/429 414/458/414/459 415/459/415/460 
f 385/428/385/429 415/459/415/460 386/429/386/430 
f 386/429/386/430 415/459/415/460 416/460/416/461 
f 386/429/386/430 416/460/416/461 387/430/387/431 
f 387/430/387/431 416/460/416/461 417/461/417/462 
f 387/430/387/431 417/461/417/462 388/431/388/432 
f 388/431/388/432 417/461/417/462 418/462/418/463 
f 388/431/388/432 418/462/418/463 389/432/389/433 
f 389/432/389/433 418/462/418/463 24/24/24/24 
f 389/432/389/433 24/24/24/24 22/22/22/22 
f 404/463/404/464 375/433/375/434 390/434/390/435 
f 404/463/404/464 390/434/390/435 419/464/419/465 
f 419/464/419/465 390/434/390/435 391/435/391/436 
f 419/464/419/465 391/435/391/436 420/465/420/466 
f 420/465/420/466 391/435/391/436 392/436/392/437 
f 420/465/420/466 392/436/392/437 421/466/421/467 
f 421/466/421/467 392/436/392/437 393/437/393/438 
f 421/466/421/467 393/437/393/438 422/467/422/468 
f 422/467/422/468 393/437/393/438 394/438/394/439 
f 422/467/422/468 394/438/394/439 423/468/423/469 
f 423/468/423/469 394/438/394/439 395/439/395/440 
f 423/468/423/469 395/439/395/440 424/469/424/470 
f 424/469/424/470 395/439/395/440 396/440/396/441 
f 424/469/424/470 396/440/396/441 425/470/425/471 
f 425/470/425/471 396/440/396/441 397/441/397/442 
f 425/470/425/471 397/441/397/442 426/471/426/472 
f 426/471/426/472 397/441/397/442 398/442/398/443 
f 426/471/426/472 398/442/398/443 427/472/427/473 
f 427/472/427/473 398/442/398/443 399/443/399/444 
f 427/472/427/473 399/443/399/444 428/473/428/474 
f 428/473/428/474 399/443/399/444 400/444/400/445 
f 428/473/428/474 400/444/400/445 429/474/429/475 
f 429/474/429/475 400/444/400/445 401/445/401/446 
f 429/474/429/475 401/445/401/446 430/475/430/476 
f 430/475/430/476 401/445/401/446 402/446/402/447 
f 430/475/430/476 402/446/402/447 431/476/431/477 
f 431/476/431/477 402/446/402/447 403/447/403/448 
f 431/476/431/477 403/447/403/448 432/477/432/478 
f 432/477/432/478 403/447/403/448 23/23/23/23 
f 432/477/432/478 23/23/23/23 25/25/25/25 
f 404/448/404/449 433/478/433/479 434/479/434/480 
f 404/448/404/449 434/479/434/480 405/449/405/450 
f 405/449/405/450 434/479/434/480 435/480/435/481 
f 405/449/405/450 435/480/435/481 406/450/406/451 
f 406/450/406/451 435/480/435/481 436/481/436/482 
f 406/450/406/451 436/481/436/482 407/451/407/452 
f 407/451/407/452 436/481/436/482 437/482/437/483 
f 407/451/407/452 437/482/437/483 408/452/408/453 
f 408/452/408/453 437/482/437/483 438/483/438/484 
f 408/452/408/453 438/483/438/484 409/453/409/454 
f 409/453/409/454 438/483/438/484 439/484/439/485 
f 409/453/409/454 439/484/439/485 410/454/410/455 
f 410/454/410/455 439/484/439/485 440/485/440/486 
f 410/454/410/455 440/485/440/486 411/455/411/456 
f 411/455/411/456 440/485/440/486 441/486/441/487 
f 411/455/411/456 441/486/441/487 412/456/412/457 
f 412/456/412/457 441/486/441/487 442/487/442/488 
f 412/456/412/457 442/487/442/488 413/457/413/458 
f 413/457/413/458 442/487/442/488 443/488/443/489 
f 413/457/413/458 443/488/443/489 414/458/414/459 
f 414/458/414/459 443/488/443/489 444/489/444/490 
f 414/458/414/459 444/489/444/490 415/459/415/460 
f 415/459/415/460 444/489/444/490 445/490/445/491 
f 415/459/415/460 445/490/445/491 416/460/416/461 
f 416/460/416/461 445/490/445/491 446/491/446/492 
f 416/460/416/461 446/491/446/492 417/461/417/462 
f 417/461/417/462 446/491/446/492 447/492/447/493 
f 417/461/417/462 447/492/447/493 418/462/418/463 
f 418/462/418/463 447/492/447/493 26/26/26/26 
f 418/462/418/463 26/26/26/26 24/24/24/24 
f 433/493/433/494 404/463/404/464 419/464/419/465 
f 433/493/433/494 419/464/419/465 448/494/448/495 
f 448/494/448/495 419/464/419/465 420/465/420/466 
f 448/494/448/495 420/465/420/466 449/495/449/496 
f 449/495/449/496 420/465/420/466 421/466/421/467 
f 449/495/449/496 421/466/421/467 450/496/450/497 
f 450/496/450/497 421/466/421/467 422/467/422/468 
f 450/496/450/497 422/467/422/468 451/497/451/498 
f 451/497/451/498 422/467/422/468 423/468/423/469 
f 451/497/451/498 423/468/423/469 452/498/452/499 
f 452/498/452/499 423/468/423/469 424/469/424/470 
f 452/498/452/499 424/469/424/470 453/499/453/500 
f 453/499/453/500 424/469/424/470 425/470/425/471 
f 453/499/453/500 425/470/425/471 454/500/454/501 
f 454/500/454/501 425/470/425/471 426/471/426/472 
f 454/500/454/501 426/471/426/472 455/501/455/502 
f 455/501/455/502 426/471/426/472 427/472/427/473 
f 455/501/455/502 427/472/427/473 456/502/456/503 
f 456/502/456/503 427/472/427/473 428/473/428/474 
f 456/502/456/503 428/473/428/474 457/503/457/504 
f 457/503/457/504 428/473/428/474 429/474/429/475 
f 457/503/457/504 429/474/429/475 458/504/458/505 
f 458/504/458/505 429/474/429/475 430/475/430/476 
f 458/504/458/505 430/475/430/476 459/505/459/506 
f 459/505/459/506 430/475/430/476 431/476/431/477 
f 459/505/459/506 431/476/431/477 460/506/460/507 
f 460/506/460/507 431/476/431/477 432/477/432/478 
f 460/506/460/507 432/477/432/478 461/507/461/508 
f 461/507/461/508 432/477/432/478 25/25/25/25 
f 461/507/461/508 25/25/25/25 27/27/27/27 
f 433/478/433/479 462/508/462/509 463/509/463/510 
f 433/478/433/479 463/509/463/510 434/479/434/480 
f 434/479/434/480 463/509/463/510 464/510/464/511 
f 434/479/434/480 464/510/464/511 435/480/435/481 
f 435/480/435/481 464/510/464/511 465/511/465/512 
f 435/480/435/481 465/511/465/512 436/481/436/482 
f 436/481/436/482 465/511/465/512 466/512/466/513 
f 436/481/436/482 466/512/466/513 437/482/437/483 
f 437/482/437/483 466/512/466/513 467/513/467/514 
f 437/482/437/483 467/513/467/514 438/483/438/484 
f 438/483/438/484 467/513/467/514 468/514/468/515 
f 438/483/438/484 468/514/468/515 439/484/439/485 
f 439/484/439/485 468/514/468/515 469/515/469/516 
f 439/484/439/485 469/515/469/516 440/485/440/486 
f 440/485/440/486 469/515/469/516 470/516/470/517 
f 440/485/440/486 470/516/470/517 441/486/441/487 
f 441/486/441/487 470/516/470/517 471/517/471/518 
f 441/486/441/487 471/517/471/518 442/487/442/488 
f 442/487/442/488 471/517/471/518 472/518/472/519 
f 442/487/442/488 472/518/472/519 443/488/443/489 
f 443/488/443/489 472/518/472/519 473/519/473/520 
f 443/488/443/489 473/519/473/520 444/489/444/490 
f 444/489/444/490 473/519/473/520 474/520/474/521 
f 444/489/444/490 474/520/474/521 445/490/445/491 
f 445/490/445/491 474/520/474/521 475/521/475/522 
f 445/490/445/491 475/521/475/522 446/491/446/492 
f 446/491/446/492 475/521/475/522 476/522/476/523 
f 446/491/446/492 476/522/476/523 447/492/447/493 
f 447/492/447/493 476/522/476/523 28/28/28/28 
f 447/492/447/493 28/28/28/28 26/26/26/26 
f 462/523/462/524 433/493/433/494 448/494/448/495 
f 462/523/462/524 448/494/448/495 477/524/477/525 
f 477/524/477/525 448/494/448/495 449/495/449/496 
f 477/524/477/525 449/495/449/496 478/525/478/526 
f 478/525/478/526 449/495/449/496 450/496/450/497 
f 478/525/478/526 450/496/450/497 479/526/479/527 
f 479/526/479/527 450/496/450/497 451/497/451/498 
f 479/526/479/527 451/497/451/498 480/527/480/528 
f 480/527/480/528 451/497/451/498 452/498/452/499 
f 480/527/480/528 452/498/452/499 481/528/481/529 
f 481/528/481/529 452/498/452/499 453/499/453/500 
f 481/528/481/529 453/499/453/500 482/529/482/530 
f 482/529/482/530 453/499/453/500 454/500/454/501 
f 482/529/482/530 454/500/454/501 483/530/483/531 
f 483/530/483/531 454/500/454/501 455/501/455/502 
f 483/530/483/531 455/501/455/502 484/531/484/532 
f 484/531/484/532 455/501/455/502 456/502/456/503 
f 484/531/484/532 456/502/456/503 485/532/485/533 
f 485/532/485/533 456/502/456/503 457/503/457/504 
f 485/532/485/533 457/503/457/504 486/533/486/534 
f 486/533/486/534 457/503/457/504 458/504/458/505 
f 486/533/486/534 458/504/458/505 487/534/487/535 
f 487/534/487/535 458/504/458/505 459/505/459/506 
f 487/534/487/535 459/505/459/506 488/535/488/536 
f 488/535/488/536 459/505/459/506 460/506/460/507 
f 488/535/488/536 460/506/460/507 489/536/489/537 
f 489/536/489/537 460/506/460/507 461/507/461/508 
f 489/536/489/537 461/507/461/508 490/537/490/538 
f 490/537/490/538 461/507/461/508 27/27/27/27 
f 490/537/490/538 27/27/27/27 29/29/29/29 
f 462/508/462/509 491/538/491/539 492/539/492/540 
f 462/508/462/509 492/539/492/540 463/509/463/510 
f 463/509/463/510 492/539/492/540 493/540/493/541 
f 463/509/463/510 493/540/493/541 464/510/464/511 
f 464/510/464/511 493/540/493/541 494/541/494/542 
f 464/510/464/511 494/541/494/542 465/511/465/512 
f 465/511/465/512 494/541/494/542 495/542/495/543 
f 465/511/465/512 495/542/495/543 466/512/466/513 
f 466/512/466/513 495/542/495/543 496/543/496/544 
f 466/512/466/513 496/543/496/544 467/513/467/514 
f 467/513/467/514 496/543/496/544 497/544/497/545 
f 467/513/467/514 497/544/497/545 468/514/468/515 
f 468/514/468/515 497/544/497/545 498/545/498/546 
f 468/514/468/515 498/545/498/546 469/515/469/516 
f 469/515/469/516 498/545/498/546 499/546/499/547 
f 469/515/469/516 499/546/499/547 470/516/470/517 
f 470/516/470/517 499/546/499/547 500/547/500/548 
f 470/516/470/517 500/547/500/548 471/517/471/518 
f 471/517/471/518 500/547/500/548 501/548/501/549 
f 471/517/471/518 501/548/501/549 472/518/472/519 
f 472/518/472/519 501/548/501/549 502/549/502/550 
f 472/518/472/519 502/549/502/550 473/519/473/520 
f 473/519/473/520 502/549/502/550 503/550/503/551 
f 473/519/473/520 503/550/503/551 474/520/474/521 
f 474/520/474/521 503/550/503/551 504/551/504/552 
f 474/520/474/521 504/551/504/552 475/521/475/522 
f 475/521/475/522 504/551/504/552 505/552/505/553 
f 475/521/475/522 505/552/505/553 476/522/476/523 
f 476/522/476/523 505/552/505/553 30/30/30/30 
f 476/522/476/523 30/30/30/30 28/28/28/28 
f 491/553/491/554 462/523/462/524 477/524/477/525 
f 491/553/491/554 477/524/477/525 506/554/506/555 
f 506/554/506/555 477/524/477/525 478/525/478/526 
f 506/554/506/555 478/525/478/526 507/555/507/556 
f 507/555/507/556 478/525/478/526 479/526/479/527 
f 507/555/507/556 479/526/479/527 508/556/508/557 
f 508/556/508/557 479/526/479/527 480/527/480/528 
f 508/556/508/557 480/527/480/528 509/557/509/558 
f 509/557/509/558 480/527/480/528 481/528/481/529 
f 509/557/509/558 481/528/481/529 510/558/510/559 
f 510/558/510/559 481/528/481/529 482/529/482/530 
f 510/558/510/559 482/529/482/530 511/559/511/560 
f 511/559/511/560 482/529/482/530 483/530/483/531 
f 511/559/511/560 483/530/483/531 512/560/512/561 
f 512/560/512/561 483/530/483/531 484/531/484/532 
f 512/560/512/561 484/531/484/532 513/561/513/562 
f 513/561/513/562 484/531/484/532 485/532/485/533 
f 513/561/513/562 485/532/485/533 514/562/514/563 
f 514/562/514/563 485/532/485/533 486/533/486/534 
f 514/562/514/563 486/533/486/534 515/563/515/564 
f 515/563/515/564 486/533/486/534 487/534/487/535 
f 515/563/515/564 487/534/487/535 516/564/516/565 
f 516/564/516/565 487/534/487/535 488/535/488/536 
f 516/564/516/565 488/535/488/536 517/565/517/566 
f 517/565/517/566 488/535/488/536 489/536/489/537 
f 517/565/517/566 489/536/489/537 518/566/518/567 
f 518/566/518/567 489/536/489/537 490/537/490/538 
f 518/566/518/567 490/537/490/538 519/567/519/568 
f 519/567/519/568 490/537/490/538 29/29/29/29 
f 519/567/519/568 29/29/29/29 31/31/31/31 
f 491/538/491/539 520/568/520/569 521/569/521/570 
f 491/538/491/539 521/569/521/570 492/539/492/540 
f 492/539/492/540 521/569/521/570 522/570/522/571 
f 492/539/492/540 522/570/522/571 493/540/493/541 
f 493/540/493/541 522/570/522/571 523/571/523/572 
f 493/540/493/541 523/571/523/572 494/541/494/542 
f 494/541/494/542 523/571/523/572 524/572/524/573 
f 494/541/494/542 524/572/524/573 495/542/495/543 
f 495/542/495/543 524/572/524/573 525/573/525/574 
f 495/542/495/543 525/573/525/574 496/543/496/544 
f 496/543/496/544 525/573/525/574 526/574/526/575 
f 496/543/496/544 526/574/526/575 497/544/497/545 
f 497/544/497/545 526/574/526/575 527/575/527/576 
f 497/544/497/545 527/575/527/576 498/545/498/546 
f 498/545/498/546 527/575/527/576 528/576/528/577 
f 498/545/498/546 528/576/528/577 499/546/499/547 
f 499/546/499/547 528/576/528/577 529/577/529/578 
f 499/546/499/547 529/577/529/578 500/547/500/548 
f 500/547/500/548 529/577/529/578 530/578/530/579 
f 500/547/500/548 530/578/530/579 501/548/501/549 
f 501/548/501/549 530/578/530/579 531/579/531/580 
f 501/548/501/549 531/579/531/580 502/549/502/550 
f 502/549/502/550 531/579/531/580 532/580/532/581 
f 502/549/502/550 532/580/532/581 503/550/503/551 
f 503/550/503/551 532/580/532/581 533/581/533/582 
f 503/550/503/551 533/581/533/582 504/551/504/552 
f 504/551/504/552 533/581/533/582 534/582/534/583 
f 504/551/504/552 534/582/534/583 505/552/505/553 
f 505/552/505/553 534/582/534/583 32/32/32/32 
f 505/552/505/553 32/32/32/32 30/30/30/30 
f 520/583/520/584 491/553/491/554 506/554/506/555 
f 520/583/520/584 506/554/506/555 535/584/535/585 
f 535/584/535/585 506/554/506/555 507/555/507/556 
f 535/584/535/585 507/555/507/556 536/585/536/586 
f 536/585/536/586 507/555/507/556 508/556/508/557 
f 536/585/536/586 508/556/508/557 537/586/537/587 
f 537/586/537/587 508/556/508/557 509/557/509/558 
f 537/586/537/587 509/557/509/558 538/587/538/588 
f 538/587/538/588 509/557/509/558 510/558/510/559 
f 538/587/538/588 510/558/510/559 539/588/539/589 
f 539/588/539/589 510/558/510/559 511/559/511/560 
f 539/588/539/589 511/559/511/560 540/589/540/590 
f 540/589/540/590 511/559/511/560 512/560/512/561 
f 540/589/540/590 512/560/512/561 541/590/541/591 
f 541/590/541/591 512/560/512/561 513/561/513/562 
f 541/590/541/591 513/561/513/562 542/591/542/592 
f 542/591/542/592 513/561/513/562 514/562/514/563 
f 542/591/542/592 514/562/514/563 543/592/543/593 
f 543/592/543/593 514/562/514/563 515/563/515/564 
f 543/592/543/593 515/563/515/564 544/593/544/594 
f 544/593/544/594 515/563/515/564 516/564/516/565 
f 544/593/544/594 516/564/516/565 545/594/545/595 
f 545/594/545/595 516/564/516/565 517/565/517/566 
f 545/594/545/595 517/565/517/566 546/595/546/596 
f 546/595/546/596 517/565/517/566 518/566/518/567 
f 546/595/546/596 518/566/518/567 547/596/547/597 
f 547/596/547/597 518/566/518/567 519/567/519/568 
f 547/596/547/597 519/567/519/568 548/597/548/598 
f 548/597/548/598 519/567/519/568 31/31/31/31 
f 548/597/548/598 31/31/31/31 33/33/33/33 
f 520/568/520/569 549/598/549/599 550/599/550/600 
f 520/568/520/569 550/599/550/600 521/569/521/570 
f 521/569/521/570 550/599/550/600 551/600/551/601 
f 521/569/521/570 551/600/551/601 522/570/522/571 
f 522/570/522/571 551/600/551/601 552/601/552/602 
f 522/570/522/571 552/601/552/602 523/571/523/572 
f 523/571/523/572 552/601/552/602 553/602/553/603 
f 523/571/523/572 553/602/553/603 524/572/524/573 
f 524/572/524/573 553/602/553/603 554/603/554/604 
f 524/572/524/573 554/603/554/604 525/573/525/574 
f 525/573/525/574 554/603/554/604 555/604/555/605 
f 525/573/525/574 555/604/555/605 526/574/526/575 
f 526/574/526/575 555/604/555/605 556/605/556/606 
f 526/574/526/575 556/605/556/606 527/575/527/576 
f 527/575/527/576 556/605/556/606 557/606/557/607 
f 527/575/527/576 557/606/557/607 528/576/528/577 
f 528/576/528/577 557/606/557/607 558/607/558/608 
f 528/576/528/577 558/607/558/608 529/577/529/578 
f 529/577/529/578 558/607/558/608 559/608/559/609 
f 529/577/529/578 559/608/559/609 530/578/530/579 
f 530/578/530/579 559/608/559/609 560/609/560/610 
f 530/578/530/579 560/609/560/610 531/579/531/580 
f 531/579/531/580 560/609/560/610 561/610/561/611 
f 531/579/531/580 561/610/561/611 532/580/532/581 
f 532/580/532/581 561/610/561/611 562/611/562/612 
f 532/580/532/581 562/611/562/612 533/581/533/582 
f 533/581/533/582 562/611/562/612 563/612/563/613 
f 533/581/533/582 563/612/563/613 534/582/534/583 
f 534/582/534/583 563/612/563/613 34/34/34/34 
f 534/582/534/583 34/34/34/34 32/32/32/32 
f 549/613/549/614 520/583/520/584 535/584/535/585 
f 549/613/549/614 535/584/535/585 564/614/564/615 
f 564/614/564/615 535/584/535/585 536/585/536/586 
f 564/614/564/615 536/585/536/586 565/615/565/616 
f 565/615/565/616 536/585/536/586 537/586/537/587 
f 565/615/565/616 537/586/537/587 566/616/566/617 
f 566/616/566/617 537/586/537/587 538/587/538/588 
f 566/616/566/617 538/587/538/588 567/617/567/618 
f 567/617/567/618 538/587/538/588 539/588/539/589 
f 567/617/567/618 539/588/539/589 568/618/568/619 
f 568/618/568/619 539/588/539/589 540/589/540/590 
f 568/618/568/619 540/589/540/590 569/619/569/620 
f 569/619/569/620 540/589/540/590 541/590/541/591 
f 569/619/569/620 541/590/541/591 570/620/570/621 
f 570/620/570/621 541/590/541/591 542/591/542/592 
f 570/620/570/621 542/591/542/592 571/621/571/622 
f 571/621/571/622 542/591/542/592 543/592/543/593 
f 571/621/571/622 543/592/543/593 572/622/572/623 
f 572/622/572/623 543/592/543/593 544/593/544/594 
f 572/622/572/623 544/593/544/594 573/623/573/624 
f 573/623/573/624 544/593/544/594 545/594/545/595 
f 573/623/573/624 545/594/545/595 574/624/574/625 
f 574/624/574/625 545/594/545/595 546/595/546/596 
f 574/624/574/625 546/595/546/596 575/625/575/626 
f 575/625/575/626 546/595/546/596 547/596/547/597 
f 575/625/575/626 547/596/547/597 576/626/576/627 
f 576/626/576/627 547/596/547/597 548/597/548/598 
f 576/626/576/627 548/597/548/598 577/627/577/628 
f 577/627/577/628 548/597/548/598 33/33/33/33 
f 577/627/577/628 33/33/33/33 35/35/35/35 
f 549/598/549/599 578/628/578/629 579/629/579/630 
f 549/598/549/599 579/629/579/630 550/599/550/600 
f 550/599/550/600 579/629/579/630 580/630/580/631 
f 550/599/550/600 580/630/580/631 551/600/551/601 
f 551/600/551/601 580/630/580/631 581/631/581/632 
f 551/600/551/601 581/631/581/632 552/601/552/602 
f 552/601/552/602 581/631/581/632 582/632/582/633 
f 552/601/552/602 582/632/582/633 553/602/553/603 
f 553/602/553/603 582/632/582/633 583/633/583/634 
f 553/602/553/603 583/633/583/634 554/603/554/604 
f 554/603/554/604 583/633/583/634 584/634/584/635 
f 554/603/554/604 584/634/584/635 555/604/555/605 
f 555/604/555/605 584/634/584/635 585/635/585/636 
f 555/604/555/605 585/635/585/636 556/605/556/606 
f 556/605/556/606 585/635/585/636 586/636/586/637 
f 556/605/556/606 586/636/586/637 557/606/557/607 
f 557/606/557/607 586/636/586/637 587/637/587/638 
f 557/606/557/607 587/637/587/638 558/607/558/608 
f 558/607/558/608 587/637/587/638 588/638/588/639 
f 558/607/558/608 588/638/588/639 559/608/559/609 
f 559/608/559/609 588/638/588/639 589/639/589/640 
f 559/608/559/609 589/639/589/640 560/609/560/610 
f 560/609/560/610 589/639/589/640 590/640/590/641 
f 560/609/560/610 590/640/590/641 561/610/561/611 
f 561/610/561/611 590/640/590/641 591/641/591/642 
f 561/610/561/611 591/641/591/642 562/611/562/612 
f 562/611/562/612 591/641/591/642 592/642/592/643 
f 562/611/562/612 592/642/592/643 563/612/563/613 
f 563/612/563/613 592/642/592/643 36/36/36/36 
f 563/612/563/613 36/36/36/36 34/34/34/34 
f 578/643/578/644 549/613/549/614 564/614/564/615 
f 578/643/578/644 564/614/564/615 593/644/593/645 
f 593/644/593/645 564/614/564/615 565/615/565/616 
f 593/644/593/645 565/615/565/616 594/645/594/646 
f 594/645/594/646 565/615/565/616 566/616/566/617 
f 594/645/594/646 566/616/566/617 595/646/595/647 
f 595/646/595/647 566/616/566/617 567/617/567/618 
f 595/646/595/647 567/617/567/618 596/647/596/648 
f 596/647/596/648 567/617/567/618 568/618/568/619 
f 596/647/596/648 568/618/568/619 597/648/597/649 
f 597/648/597/649 568/618/568/619 569/619/569/620 
f 597/648/597/649 569/619/569/620 598/649/598/650 
f 598/649/598/650 569/619/569/620 570/620/570/621 
f 598/649/598/650 570/620/570/621 599/650/599/651 
f 599/650/599/651 570/620/570/621 571/621/571/622 
f 599/650/599/651 571/621/571/622 600/651/600/652 
f 600/651/600/652 571/621/571/622 572/622/572/623 
f 600/651/600/652 572/622/572/623 601/652/601/653 
f 601/652/601/653 572/622/572/623 573/623/573/624 
f 601/652/601/653 573/623/573/624 602/653/602/654 
f 602/653/602/654 573/623/573/624 574/624/574/625 
f 602/653/602/654 574/624/574/625 603/654/603/655 
f 603/654/603/655 574/624/574/625 575/625/575/626 
f 603/654/603/655 575/625/575/626 604/655/604/656 
f 604/655/604/656 575/625/575/626 576/626/576/627 
f 604/655/604/656 576/626/576/627 605/656/605/657 
f 605/656/605/657 576/626/576/627 577/627/577/628 
f 605/656/605/657 577/627/577/628 606/657/606/658 
f 606/657/606/658 577/627/577/628 35/35/35/35 
f 606/657/606/658 35/35/35/35 37/37/37/37 
f 578/628/578/629 607/658/607/659 608/659/608/660 
f 578/628/578/629 608/659/608/660 579/629/579/630 
f 579/629/579/630 608/659/608/660 609/660/609/661 
f 579/629/579/630 609/660/609/661 580/630/580/631 
f 580/630/580/631 609/660/609/661 610/661/610/662 
f 580/630/580/631 610/661/610/662 581/631/581/632 
f 581/631/581/632 610/661/610/662 611/662/611/663 
f 581/631/581/632 611/662/611/663 582/632/582/633 
f 582/632/582/633 611/662/611/663 612/663/612/664 
f 582/632/582/633 612/663/612/664 583/633/583/634 
f 583/633/583/634 612/663/612/664 613/664/613/665 
f 583/633/583/634 613/664/613/665 584/634/584/635 
f 584/634/584/635 613/664/613/665 614/665/614/666 
f 584/634/584/635 614/665/614/666 585/635/585/636 
f 585/635/585/636 614/665/614/666 615/666/615/667 
f 585/635/585/636 615/666/615/667 586/636/586/637 
f 586/636/586/637 615/666/615/667 616/667/616/668 
f 586/636/586/637 616/667/616/668 587/637/587/638 
f 587/637/587/638 616/667/616/668 617/668/617/669 
f 587/637/587/638 617/668/617/669 588/638/588/639 
f 588/638/588/639 617/668/617/669 618/669/618/670 
f 588/638/588/639 618/669/618/670 589/639/589/640 
f 589/639/589/640 618/669/618/670 619/670/619/671 
f 589/639/589/640 619/670/619/671 590/640/590/641 
f 590/640/590/641 619/670/619/671 620/671/620/672 
f 590/640/590/641 620/671/620/672 591/641/591/642 
f 591/641/591/642 620/671/620/672 621/672/621/673 
f 591/641/591/642 621/672/621/673 592/642/592/643 
f 592/642/592/643 621/672/621/673 38/38/38/38 
f 592/642/592/643 38/38/38/38 36/36/36/36 
f 607/673/607/674 578/643/578/644 593/644/593/645 
f 607/673/607/674 593/644/593/645 622/674/622/675 
f 622/674/622/675 593/644/593/645 594/645/594/646 
f 622/674/622/675 594/645/594/646 623/675/623/676 
f 623/675/623/676 594/645/594/646 595/646/595/647 
f 623/675/623/676 595/646/595/647 624/676/624/677 
f 624/676/624/677 595/646/595/647 596/647/596/648 
f 624/676/624/677 596/647/596/648 625/677/625/678 
f 625/677/625/678 596/647/596/648 597/648/597/649 
f 625/677/625/678 597/648/597/649 626/678/626/679 
f 626/678/626/679 597/648/597/649 598/649/598/650 
f 626/678/626/679 598/649/598/650 627/679/627/680 
f 627/679/627/680 598/649/598/650 599/650/599/651 
f 627/679/627/680 599/650/599/651 628/680/628/681 
f 628/680/628/681 599/650/599/651 600/651/600/652 
f 628/680/628/681 600/651/600/652 629/681/629/682 
f 629/681/629/682 600/651/600/652 601/652/601/653 
f 629/681/629/682 601/652/601/653 630/682/630/683 
f 630/682/630/683 601/652/601/653 602/653/602/654 
f 630/682/630/683 602/653/602/654 631/683/631/684 
f 631/683/631/684 602/653/602/654 603/654/603/655 
f 631/683/631/684 603/654/603/655 632/684/632/685 
f 632/684/632/685 603/654/603/655 604/655/604/656 
f 632/684/632/685 604/655/604/656 633/685/633/686 
f 633/685/633/686 604/655/604/656 605/656/605/657 
f 633/685/633/686 605/656/605/657 634/686/634/687 
f 634/686/634/687 605/656/605/657 606/657/606/658 
f 634/686/634/687 606/657/606/658 635/687/635/688 
f 635/687/635/688 606/657/606/658 37/37/37/37 
f 635/687/635/688 37/37/37/37 39/39/39/39 
f 607/658/607/659 636/688/636/689 637/689/637/690 
f 607/658/607/659 637/689/637/690 608/659/608/660 
f 608/659/608/660 637/689/637/690 638/690/638/691 
f 608/659/608/660 638/690/638/691 609/660/609/661 
f 609/660/609/661 638/690/638/691 639/691/639/692 
f 609/660/609/661 639/691/639/692 610/661/610/662 
f 610/661/610/662 639/691/639/692 640/692/640/693 
f 610/661/610/662 640/692/640/693 611/662/611/663 
f 611/662/611/663 640/692/640/693 641/693/641/694 
f 611/662/611/663 641/693/641/694 612/663/612/664 
f 612/663/612/664 641/693/641/694 642/694/642/695 
f 612/663/612/664 642/694/642/695 613/664/613/665 
f 613/664/613/665 642/694/642/695 643/695/643/696 
f 613/664/613/665 643/695/643/696 614/665/614/666 
f 614/665/614/666 643/695/643/696 644/696/644/697 
f 614/665/614/666 644/696/644/697 615/666/615/667 
f 615/666/615/667 644/696/644/697 645/697/645/698 
f 615/666/615/667 645/697/645/698 616/667/616/668 
f 616/667/616/668 645/697/645/698 646/698/646/699 
f 616/667/616/668 646/698/646/699 617/668/617/669 
f 617/668/617/669 646/698/646/699 647/699/647/700 
f 617/668/617/669 647/699/647/700 618/669/618/670 
f 618/669/618/670 647/699/647/700 648/700/648/701 
f 618/669/618/670 648/700/648/701 619/670/619/671 
f 619/670/619/671 648/700/648/701 649/701/649/702 
f 619/670/619/671 649/701/649/702 620/671/620/672 
f 620/671/620/672 649/701/649/702 650/702/650/703 
f 620/671/620/672 650/702/650/703 621/672/621/673 
f 621/672/621/673 650/702/650/703 40/40/40/40 
f 621/672/621/673 40/40/40/40 38/38/38/38 
f 636/703/636/704 607/673/607/674 622/674/622/675 
f 636/703/636/704 622/674/622/675 651/704/651/705 
f 651/704/651/705 622/674/622/675 623/675/623/676 
f 651/704/651/705 623/675/623/676 652/705/652/706 
f 652/705/652/706 623/675/623/676 624/676/624/677 
f 652/705/652/706 624/676/624/677 653/706/653/707 
f 653/706/653/707 624/676/624/677 625/677/625/678 
f 653/706/653/707 625/677/625/678 654/707/654/708 
f 654/707/654/708 625/677/625/678 626/678/626/679 
f 654/707/654/708 626/678/626/679 655/708/655/709 
f 655/708/655/709 626/678/626/679 627/679/627/680 
f 655/708/655/709 627/679/627/680 656/709/656/710 
f 656/709/656/710 627/679/627/680 628/680/628/681 
f 656/709/656/710 628/680/628/681 657/710/657/711 
f 657/710/657/711 628/680/628/681 629/681/629/682 
f 657/710/657/711 629/681/629/682 658/711/658/712 
f 658/711/658/712 629/681/629/682 630/682/630/683 
f 658/711/658/712 630/682/630/683 659/712/659/713 
f 659/712/659/713 630/682/630/683 631/683/631/684 
f 659/712/659/713 631/683/631/684 660/713/660/714 
f 660/713/660/714 631/683/631/684 632/684/632/685 
f 660/713/660/714 632/684/632/685 661/714/661/715 
f 661/714/661/715 632/684/632/685 633/685/633/686 
f 661/714/661/715 633/685/633/686 662/715/662/716 
f 662/715/662/716 633/685/633/686 634/686/634/687 
f 662/715/662/716 634/686/634/687 663/716/663/717 
f 663/716/663/717 634/686/634/687 635/687/635/688 
f 663/716/663/717 635/687/635/688 664/717/664/718 
f 664/717/664/718 635/687/635/688 39/39/39/39 
f 664/717/664/718 39/39/39/39 41/41/41/41 
f 636/688/636/689 665/718/665/719 666/719/666/720 
f 636/688/636/689 666/719/666/720 637/689/637/690 
f 637/689/637/690 666/719/666/720 667/720/667/721 
f 637/689/637/690 667/720/667/721 638/690/638/691 
f 638/690/638/691 667/720/667/721 668/721/668/722 
f 638/690/638/691 668/721/668/722 639/691/639/692 
f 639/691/639/692 668/721/668/722 669/722/669/723 
f 639/691/639/692 669/722/669/723 640/692/640/693 
f 640/692/640/693 669/722/669/723 670/723/670/724 
f 640/692/640/693 670/723/670/724 641/693/641/694 
f 641/693/641/694 670/723/670/724 671/724/671/725 
f 641/693/641/694 671/724/671/725 642/694/642/695 
f 642/694/642/695 671/724/671/725 672/725/672/726 
f 642/694/642/695 672/725/672/726 643/695/643/696 
f 643/695/643/696 672/725/672/726 673/726/673/727 
f 643/695/643/696 673/726/673/727 644/696/644/697 
f 644/696/644/697 673/726/673/727 674/727/674/728 
f 644/696/644/697 674/727/674/728 645/697/645/698 
f 645/697/645/698 674/727/674/728 675/728/675/729 
f 645/697/645/698 675/728/675/729 646/698/646/699 
f 646/698/646/699 675/728/675/729 676/729/676/730 
f 646/698/646/699 676/729/676/730 647/699/647/700 
f 647/699/647/700 676/729/676/730 677/730/677/731 
f 647/699/647/700 677/730/677/731 648/700/648/701 
f 648/700/648/701 677/730/677/731 678/731/678/732 
f 648/700/648/701 678/731/678/732 649/701/649/702 
f 649/701/649/702 678/731/678/732 679/732/679/733 
f 649/701/649/702 679/732/679/733 650/702/650/703 
f 650/702/650/703 679/732/679/733 42/42/42/42 
f 650/702/650/703 42/42/42/42 40/40/40/40 
f 665/733/665/734 636/703/636/704 651/704/651/705 
f 665/733/665/734 651/704/651/705 680/734/680/735 
f 680/734/680/735 651/704/651/705 652/705/652/706 
f 680/734/680/735 652/705/652/706 681/735/681/736 
f 681/735/681/736 652/705/652/706 653/706/653/707 
f 681/735/681/736 653/706/653/707 682/736/682/737 
f 682/736/682/737 653/706/653/707 654/707/654/708 
f 682/736/682/737 654/707/654/708 683/737/683/738 
f 683/737/683/738 654/707/654/708 655/708/655/709 
f 683/737/683/738 655/708/655/709 684/738/684/739 
f 684/738/684/739 655/708/655/709 656/709/656/710 
f 684/738/684/739 656/709/656/710 685/739/685/740 
f 685/739/685/740 656/709/656/710 657/710/657/711 
f 685/739/685/740 657/710/657/711 686/740/686/741 
f 686/740/686/741 657/710/657/711 658/711/658/712 
f 686/740/686/741 658/711/658/712 687/741/687/742 
f 687/741/687/742 658/711/658/712 659/712/659/713 
f 687/741/687/742 659/712/659/713 688/742/688/743 
f 688/742/688/743 659/712/659/713 660/713/660/714 
f 688/742/688/743 660/713/660/714 689/743/689/744 
f 689/743/689/744 660/713/660/714 661/714/661/715 
f 689/743/689/744 661/714/661/715 690/744/690/745 
f 690/744/690/745 661/714/661/715 662/715/662/716 
f 690/744/690/745 662/715/662/716 691/745/691/746 
f 691/745/691/746 662/715/662/716 663/716/663/717 
f 691/745/691/746 663/716/663/717 692/746/692/747 
f 692/746/692/747 663/716/663/717 664/717/664/718 
f 692/746/692/747 664/717/664/718 693/747/693/748 
f 693/747/693/748 664/717/664/718 41/41/41/41 
f 693/747/693/748 41/41/41/41 43/43/43/43 
f 694/748/694/749 695/749/695/750 696/750/696/751 
f 694/748/694/749 696/750/696/751 697/751/697/752 
f 697/751/697/752 696/750/696/751 698/752/698/753 
f 697/751/697/752 698/752/698/753 699/753/699/754 
f 699/753/699/754 698/752/698/753 700/754/700/755 
f 699/753/699/754 700/754/700/755 701/755/701/756 
f 701/755/701/756 700/754/700/755 702/756/702/757 
f 701/755/701/756 702/756/702/757 703/757/703/758 
f 703/757/703/758 702/756/702/757 704/758/704/759 
f 703/757/703/758 704/758/704/759 705/759/705/760 
f 705/759/705/760 704/758/704/759 706/760/706/761 
f 705/759/705/760 706/760/706/761 707/761/707/762 
f 707/761/707/762 706/760/706/761 708/762/708/763 
f 707/761/707/762 708/762/708/763 709/763/709/764 
f 709/763/709/764 708/762/708/763 710/764/710/765 
f 709/763/709/764 710/764/710/765 711/765/711/766 
f 711/765/711/766 710/764/710/765 712/766/712/767 
f 711/765/711/766 712/766/712/767 713/767/713/768 
f 713/767/713/768 712/766/712/767 714/768/714/769 
f 713/767/713/768 714/768/714/769 715/769/715/770 
f 715/769/715/770 714/768/714/769 716/770/716/771 
f 715/769/715/770 716/770/716/771 717/771/717/772 
f 717/771/717/772 716/770/716/771 718/772/718/773 
f 717/771/717/772 718/772/718/773 719/773/719/774 
f 719/773/719/774 718/772/718/773 720/774/720/775 
f 719/773/719/774 720/774/720/775 721/775/721/776 
f 721/775/721/776 720/774/720/775 722/776/722/777 
f 721/775/721/776 722/776/722/777 723/777/723/778 
f 723/777/723/778 722/776/722/777 45/45/45/45 
f 723/777/723/778 45/45/45/45 44/44/44/44 
f 695/778/695/779 694/779/694/780 724/780/724/781 
f 695/778/695/779 724/780/724/781 725/781/725/782 
f 725/781/725/782 724/780/724/781 726/782/726/783 
f 725/781/725/782 726/782/726/783 727/783/727/784 
f 727/783/727/784 726/782/726/783 728/784/728/785 
f 727/783/727/784 728/784/728/785 729/785/729/786 
f 729/785/729/786 728/784/728/785 730/786/730/787 
f 729/785/729/786 730/786/730/787 731/787/731/788 
f 731/787/731/788 730/786/730/787 732/788/732/789 
f 731/787/731/788 732/788/732/789 733/789/733/790 
f 733/789/733/790 732/788/732/789 734/790/734/791 
f 733/789/733/790 734/790/734/791 735/791/735/792 
f 735/791/735/792 734/790/734/791 736/792/736/793 
f 735/791/735/792 736/792/736/793 737/793/737/794 
f 737/793/737/794 736/792/736/793 738/794/738/795 
f 737/793/737/794 738/794/738/795 739/795/739/796 
f 739/795/739/796 738/794/738/795 740/796/740/797 
f 739/795/739/796 740/796/740/797 741/797/741/798 
f 741/797/741/798 740/796/740/797 742/798/742/799 
f 741/797/741/798 742/798/742/799 743/799/743/800 
f 743/799/743/800 742/798/742/799 744/800/744/801 
f 743/799/743/800 744/800/744/801 745/801/745/802 
f 745/801/745/802 744/800/744/801 746/802/746/803 
f 745/801/745/802 746/802/746/803 747/803/747/804 
f 747/803/747/804 746/802/746/803 748/804/748/805 
f 747/803/747/804 748/804/748/805 749/805/749/806 
f 749/805/749/806 748/804/748/805 750/806/750/807 
f 749/805/749/806 750/806/750/807 751/807/751/808 
f 751/807/751/808 750/806/750/807 47/47/47/47 
f 751/807/751/808 47/47/47/47 46/46/46/46 
f 695/749/695/750 752/808/752/809 753/809/753/810 
f 695/749/695/750 753/809/753/810 696/750/696/751 
f 696/750/696/751 753/809/753/810 754/810/754/811 
f 696/750/696/751 754/810/754/811 698/752/698/753 
f 698/752/698/753 754/810/754/811 755/811/755/812 
f 698/752/698/753 755/811/755/812 700/754/700/755 
f 700/754/700/755 755/811/755/812 756/812/756/813 
f 700/754/700/755 756/812/756/813 702/756/702/757 
f 702/756/702/757 756/812/756/813 757/813/757/814 
f 702/756/702/757 757/813/757/814 704/758/704/759 
f 704/758/704/759 757/813/757/814 758/814/758/815 
f 704/758/704/759 758/814/758/815 706/760/706/761 
f 706/760/706/761 758/814/758/815 759/815/759/816 
f 706/760/706/761 759/815/759/816 708/762/708/763 
f 708/762/708/763 759/815/759/816 760/816/760/817 
f 708/762/708/763 760/816/760/817 710/764/710/765 
f 710/764/710/765 760/816/760/817 761/817/761/818 
f 710/764/710/765 761/817/761/818 712/766/712/767 
f 712/766/712/767 761/817/761/818 762/818/762/819 
f 712/766/712/767 762/818/762/819 714/768/714/769 
f 714/768/714/769 762/818/762/819 763/819/763/820 
f 714/768/714/769 763/819/763/820 716/770/716/771 
f 716/770/716/771 763/819/763/820 764/820/764/821 
f 716/770/716/771 764/820/764/821 718/772/718/773 
f 718/772/718/773 764/820/764/821 765/821/765/822 
f 718/772/718/773 765/821/765/822 720/774/720/775 
f 720/774/720/775 765/821/765/822 766/822/766/823 
f 720/774/720/775 766/822/766/823 722/776/722/777 
f 722/776/722/777 766/822/766/823 48/48/48/48 
f 722/776/722/777 48/48/48/48 45/45/45/45 
f 752/823/752/824 695/778/695/779 725/781/725/782 
f 752/823/752/824 725/781/725/782 767/824/767/825 
f 767/824/767/825 725/781/725/782 727/783/727/784 
f 767/824/767/825 727/783/727/784 768/825/768/826 
f 768/825/768/826 727/783/727/784 729/785/729/786 
f 768/825/768/826 729/785/729/786 769/826/769/827 
f 769/826/769/827 729/785/729/786 731/787/731/788 
f 769/826/769/827 731/787/731/788 770/827/770/828 
f 770/827/770/828 731/787/731/788 733/789/733/790 
f 770/827/770/828 733/789/733/790 771/828/771/829 
f 771/828/771/829 733/789/733/790 735/791/735/792 
f 771/828/771/829 735/791/735/792 772/829/772/830 
f 772/829/772/830 735/791/735/792 737/793/737/794 
f 772/829/772/830 737/793/737/794 773/830/773/831 
f 773/830/773/831 737/793/737/794 739/795/739/796 
f 773/830/773/831 739/795/739/796 774/831/774/832 
f 774/831/774/832 739/795/739/796 741/797/741/798 
f 774/831/774/832 741/797/741/798 775/832/775/833 
f 775/832/775/833 741/797/741/798 743/799/743/800 
f 775/832/775/833 743/799/743/800 776/833/776/834 
f 776/833/776/834 743/799/743/800 745/801/745/802 
f 776/833/776/834 745/801/745/802 777/834/777/835 
f 777/834/777/835 745/801/745/802 747/803/747/804 
f 777/834/777/835 747/803/747/804 778/835/778/836 
f 778/835/778/836 747/803/747/804 749/805/749/806 
f 778/835/778/836 749/805/749/806 779/836/779/837 
f 779/836/779/837 749/805/749/806 751/807/751/808 
f 779/836/779/837 751/807/751/808 780/837/780/838 
f 780/837/780/838 751/807/751/808 46/46/46/46 
f 780/837/780/838 46/46/46/46 49/49/49/49 
f 752/808/752/809 781/838/781/839 782/839/782/840 
f 752/808/752/809 782/839/782/840 753/809/753/810 
f 753/809/753/810 782/839/782/840 783/840/783/841 
f 753/809/753/810 783/840/783/841 754/810/754/811 
f 754/810/754/811 783/840/783/841 784/841/784/842 
f 754/810/754/811 784/841/784/842 755/811/755/812 
f 755/811/755/812 784/841/784/842 785/842/785/843 
f 755/811/755/812 785/842/785/843 756/812/756/813 
f 756/812/756/813 785/842/785/843 786/843/786/844 
f 756/812/756/813 786/843/786/844 757/813/757/814 
f 757/813/757/814 786/843/786/844 787/844/787/845 
f 757/813/757/814 787/844/787/845 758/814/758/815 
f 758/814/758/815 787/844/787/845 788/845/788/846 
f 758/814/758/815 788/845/788/846 759/815/759/816 
f 759/815/759/816 788/845/788/846 789/846/789/847 
f 759/815/759/816 789/846/789/847 760/816/760/817 
f 760/816/760/817 789/846/789/847 790/847/790/848 
f 760/816/760/817 790/847/790/848 761/817/761/818 
f 761/817/761/818 790/847/790/848 791/848/791/849 
f 761/817/761/818 791/848/791/849 762/818/762/819 
f 762/818/762/819 791/848/791/849 792/849/792/850 
f 762/818/762/819 792/849/792/850 763/819/763/820 
f 763/819/763/820 792/849/792/850 793/850/793/851 
f 763/819/763/820 793/850/793/851 764/820/764/821 
f 764/820/764/821 793/850/793/851 794/851/794/852 
f 764/820/764/821 794/851/794/852 765/821/765/822 
f 765/821/765/822 794/851/794/852 795/852/795/853 
f 765/821/765/822 795/852/795/853 766/822/766/823 
f 766/822/766/823 795/852/795/853 50/50/50/50 
f 766/822/766/823 50/50/50/50 48/48/48/48 
f 781/853/781/854 752/823/752/824 767/824/767/825 
f 781/853/781/854 767/824/767/825 796/854/796/855 
f 796/854/796/855 767/824/767/825 768/825/768/826 
f 796/854/796/855 768/825/768/826 797/855/797/856 
f 797/855/797/856 768/825/768/826 769/826/769/827 
f 797/855/797/856 769/826/769/827 798/856/798/857 
f 798/856/798/857 769/826/769/827 770/827/770/828 
f 798/856/798/857 770/827/770/828 799/857/799/858 
f 799/857/799/858 770/827/770/828 771/828/771/829 
f 799/857/799/858 771/828/771/829 800/858/800/859 
f 800/858/800/859 771/828/771/829 772/829/772/830 
f 800/858/800/859 772/829/772/830 801/859/801/860 
f 801/859/801/860 772/829/772/830 773/830/773/831 
f 801/859/801/860 773/830/773/831 802/860/802/861 
f 802/860/802/861 773/830/773/831 774/831/774/832 
f 802/860/802/861 774/831/774/832 803/861/803/862 
f 803/861/803/862 774/831/774/832 775/832/775/833 
f 803/861/803/862 775/832/775/833 804/862/804/863 
f 804/862/804/863 775/832/775/833 776/833/776/834 
f 804/862/804/863 776/833/776/834 805/863/805/864 
f 805/863/805/864 776/833/776/834 777/834/777/835 
f 805/863/805/864 777/834/777/835 806/864/806/865 
f 806/864/806/865 777/834/777/835 778/835/778/836 
f 806/864/806/865 778/835/778/836 807/865/807/866 
f 807/865/807/866 778/835/778/836 779/836/779/837 
f 807/865/807/866 779/836/779/837 808/866/808/867 
f 808/866/808/867 779/836/779/837 780/837/780/838 
f 808/866/808/867 780/837/780/838 809/867/809/868 
f 809/867/809/868 780/837/780/838 49/49/49/49 
f 809/867/809/868 49/49/49/49 51/51/51/51 
f 781/838/781/839 810/868/810/869 811/869/811/870 
f 781/838/781/839 811/869/811/870 782/839/782/840 
f 782/839/782/840 811/869/811/870 812/870/812/871 
f 782/839/782/840 812/870/812/871 783/840/783/841 
f 783/840/783/841 812/870/812/871 813/871/813/872 
f 783/840/783/841 813/871/813/872 784/841/784/842 
f 784/841/784/842 813/871/813/872 814/872/814/873 
f 784/841/784/842 814/872/814/873 785/842/785/843 
f 785/842/785/843 814/872/814/873 815/873/815/874 
f 785/842/785/843 815/873/815/874 786/843/786/844 
f 786/843/786/844 815/873/815/874 816/874/816/875 
f 786/843/786/844 816/874/816/875 787/844/787/845 
f 787/844/787/845 816/874/816/875 817/875/817/876 
f 787/844/787/845 817/875/817/876 788/845/788/846 
f 788/845/788/846 817/875/817/876 818/876/818/877 
f 788/845/788/846 818/876/818/877 789/846/789/847 
f 789/846/789/847 818/876/818/877 819/877/819/878 
f 789/846/789/847 819/877/819/878 790/847/790/848 
f 790/847/790/848 819/877/819/878 820/878/820/879 
f 790/847/790/848 820/878/820/879 791/848/791/849 
f 791/848/791/849 820/878/820/879 821/879/821/880 
f 791/848/791/849 821/879/821/880 792/849/792/850 
f 792/849/792/850 821/879/821/880 822/880/822/881 
f 792/849/792/850 822/880/822/881 793/850/793/851 
f 793/850/793/851 822/880/822/881 823/881/823/882 
f 793/850/793/851 823/881/823/882 794/851/794/852 
f 794/851/794/852 823/881/823/882 824/882/824/883 
f 794/851/794/852 824/882/824/883 795/852/795/853 
f 795/852/795/853 824/882/824/883 52/52/52/52 
f 795/852/795/853 52/52/52/52 50/50/50/50 
f 810/883/810/884 781/853/781/854 796/854/796/855 
f 810/883/810/884 796/854/796/855 825/884/825/885 
f 825/884/825/885 796/854/796/855 797/855/797/856 
f 825/884/825/885 797/855/797/856 826/885/826/886 
f 826/885/826/886 797/855/797/856 798/856/798/857 
f 826/885/826/886 798/856/798/857 827/886/827/887 
f 827/886/827/887 798/856/798/857 799/857/799/858 
f 827/886/827/887 799/857/799/858 828/887/828/888 
f 828/887/828/888 799/857/799/858 800/858/800/859 
f 828/887/828/888 800/858/800/859 829/888/829/889 
f 829/888/829/889 800/858/800/859 801/859/801/860 
f 829/888/829/889 801/859/801/860 830/889/830/890 
f 830/889/830/890 801/859/801/860 802/860/802/861 
f 830/889/830/890 802/860/802/861 831/890/831/891 
f 831/890/831/891 802/860/802/861 803/861/803/862 
f 831/890/831/891 803/861/803/862 832/891/832/892 
f 832/891/832/892 803/861/803/862 804/862/804/863 
f 832/891/832/892 804/862/804/863 833/892/833/893 
f 833/892/833/893 804/862/804/863 805/863/805/864 
f 833/892/833/893 805/863/805/864 834/893/834/894 
f 834/893/834/894 805/863/805/864 806/864/806/865 
f 834/893/834/894 806/864/806/865 835/894/835/895 
f 835/894/835/895 806/864/806/865 807/865/807/866 
f 835/894/835/895 807/865/807/866 836/895/836/896 
f 836/895/836/896 807/865/807/866 808/866/808/867 
f 836/895/836/896 808/866/808/867 837/896/837/897 
f 837/896/837/897 808/866/808/867 809/867/809/868 
f 837/896/837/897 809/867/809/868 838/897/838/898 
f 838/897/838/898 809/867/809/868 51/51/51/51 
f 838/897/838/898 51/51/51/51 53/53/53/53 
f 810/868/810/869 839/898/839/899 840/899/840/900 
f 810/868/810/869 840/899/840/900 811/869/811/870 
f 811/869/811/870 840/899/840/900 841/900/841/901 
f 811/869/811/870 841/900/841/901 812/870/812/871 
f 812/870/812/871 841/900/841/901 842/901/842/902 
f 812/870/812/871 842/901/842/902 813/871/813/872 
f 813/871/813/872 842/901/842/902 843/902/843/903 
f 813/871/813/872 843/902/843/903 814/872/814/873 
f 814/872/814/873 843/902/843/903 844/903/844/904 
f 814/872/814/873 844/903/844/904 815/873/815/874 
f 815/873/815/874 844/903/844/904 845/904/845/905 
f 815/873/815/874 845/904/845/905 816/874/816/875 
f 816/874/816/875 845/904/845/905 846/905/846/906 
f 816/874/816/875 846/905/846/906 817/875/817/876 
f 817/875/817/876 846/905/846/906 847/906/847/907 
f 817/875/817/876 847/906/847/907 818/876/818/877 
f 818/876/818/877 847/906/847/907 848/907/848/908 
f 818/876/818/877 848/907/848/908 819/877/819/878 
f 819/877/819/878 848/907/848/908 849/908/849/909 
f 819/877/819/878 849/908/849/909 820/878/820/879 
f 820/878/820/879 849/908/849/909 850/909/850/910 
f 820/878/820/879 850/909/850/910 821/879/821/880 
f 821/879/821/880 850/909/850/910 851/910/851/911 
f 821/879/821/880 851/910/851/911 822/880/822/881 
f 822/880/822/881 851/910/851/911 852/911/852/912 
f 822/880/822/881 852/911/852/912 823/881/823/882 
f 823/881/823/882 852/911/852/912 853/912/853/913 
f 823/881/823/882 853/912/853/913 824/882/824/883 
f 824/882/824/883 853/912/853/913 54/54/54/54 
f 824/882/824/883 54/54/54/54 52/52/52/52 
f 839/913/839/914 810/883/810/884 825/884/825/885 
f 839/913/839/914 825/884/825/885 854/914/854/915 
f 854/914/854/915 825/884/825/885 826/885/826/886 
f 854/914/854/915 826/885/826/886 855/915/855/916 
f 855/915/855/916 826/885/826/886 827/886/827/887 
f 855/915/855/916 827/886/827/887 856/916/856/917 
f 856/916/856/917 827/886/827/887 828/887/828/888 
f 856/916/856/917 828/887/828/888 857/917/857/918 
f 857/917/857/918 828/887/828/888 829/888/829/889 
f 857/917/857/918 829/888/829/889 858/918/858/919 
f 858/918/858/919 829/888/829/889 830/889/830/890 
f 858/918/858/919 830/889/830/890 859/919/859/920 
f 859/919/859/920 830/889/830/890 831/890/831/891 
f 859/919/859/920 831/890/831/891 860/920/860/921 
f 860/920/860/921 831/890/831/891 832/891/832/892 
f 860/920/860/921 832/891/832/892 861/921/861/922 
f 861/921/861/922 832/891/832/892 833/892/833/893 
f 861/921/861/922 833/892/833/893 862/922/862/923 
f 862/922/862/923 833/892/833/893 834/893/834/894 
f 862/922/862/923 834/893/834/894 863/923/863/924 
f 863/923/863/924 834/893/834/894 835/894/835/895 
f 863/923/863/924 835/894/835/895 864/924/864/925 
f 864/924/864/925 835/894/835/895 836/895/836/896 
f 864/924/864/925 836/895/836/896 865/925/865/926 
f 865/925/865/926 836/895/836/896 837/896/837/897 
f 865/925/865/926 837/896/837/897 866/926/866/927 
f 866/926/866/927 837/896/837/897 838/897/838/898 
f 866/926/866/927 838/897/838/898 867/927/867/928 
f 867/927/867/928 838/897/838/898 53/53/53/53 
f 867/927/867/928 53/53/53/53 55/55/55/55 
f 665/718/665/719 694/748/694/749 697/751/697/752 
f 665/718/665/719 697/751/697/752 666/719/666/720 
f 666/719/666/720 697/751/697/752 699/753/699/754 
f 666/719/666/720 699/753/699/754 667/720/667/721 
f 667/720/667/721 699/753/699/754 701/755/701/756 
f 667/720/667/721 701/755/701/756 668/721/668/722 
f 668/721/668/722 701/755/701/756 703/757/703/758 
f 668/721/668/722 703/757/703/758 669/722/669/723 
f 669/722/669/723 703/757/703/758 705/759/705/760 
f 669/722/669/723 705/759/705/760 670/723/670/724 
f 670/723/670/724 705/759/705/760 707/761/707/762 
f 670/723/670/724 707/761/707/762 671/724/671/725 
f 671/724/671/725 707/761/707/762 709/763/709/764 
f 671/724/671/725 709/763/709/764 672/725/672/726 
f 672/725/672/726 709/763/709/764 711/765/711/766 
f 672/725/672/726 711/765/711/766 673/726/673/727 
f 673/726/673/727 711/765/711/766 713/767/713/768 
f 673/726/673/727 713/767/713/768 674/727/674/728 
f 674/727/674/728 713/767/713/768 715/769/715/770 
f 674/727/674/728 715/769/715/770 675/728/675/729 
f 675/728/675/729 715/769/715/770 717/771/717/772 
f 675/728/675/729 717/771/717/772 676/729/676/730 
f 676/729/676/730 717/771/717/772 719/773/719/774 
f 676/729/676/730 719/773/719/774 677/730/677/731 
f 677/730/677/731 719/773/719/774 721/775/721/776 
f 677/730/677/731 721/775/721/776 678/731/678/732 
f 678/731/678/732 721/775/721/776 723/777/723/778 
f 678/731/678/732 723/777/723/778 679/732/679/733 
f 679/732/679/733 723/777/723/778 44/44/44/44 
f 679/732/679/733 44/44/44/44 42/42/42/42 
f 694/779/694/780 665/733/665/734 680/734/680/735 
f 694/779/694/780 680/734/680/735 724/780/724/781 
f 724/780/724/781 680/734/680/735 681/735/681/736 
f 724/780/724/781 681/735/681/736 726/782/726/783 
f 726/782/726/783 681/735/681/736 682/736/682/737 
f 726/782/726/783 682/736/682/737 728/784/728/785 
f 728/784/728/785 682/736/682/737 683/737/683/738 
f 728/784/728/785 683/737/683/738 730/786/730/787 
f 730/786/730/787 683/737/683/738 684/738/684/739 
f 730/786/730/787 684/738/684/739 732/788/732/789 
f 732/788/732/789 684/738/684/739 685/739/685/740 
f 732/788/732/789 685/739/685/740 734/790/734/791 
f 734/790/734/791 685/739/685/740 686/740/686/741 
f 734/790/734/791 686/740/686/741 736/792/736/793 
f 736/792/736/793 686/740/686/741 687/741/687/742 
f 736/792/736/793 687/741/687/742 738/794/738/795 
f 738/794/738/795 687/741/687/742 688/742/688/743 
f 738/794/738/795 688/742/688/743 740/796/740/797 
f 740/796/740/797 688/742/688/743 689/743/689/744 
f 740/796/740/797 689/743/689/744 742/798/742/799 
f 742/798/742/799 689/743/689/744 690/744/690/745 
f 742/798/742/799 690/744/690/745 744/800/744/801 
f 744/800/744/801 690/744/690/745 691/745/691/746 
f 744/800/744/801 691/745/691/746 746/802/746/803 
f 746/802/746/803 691/745/691/746 692/746/692/747 
f 746/802/746/803 692/746/692/747 748/804/748/805 
f 748/804/748/805 692/746/692/747 693/747/693/748 
f 748/804/748/805 693/747/693/748 750/806/750/807 
f 750/806/750/807 693/747/693/748 43/43/43/43 
f 750/806/750/807 43/43/43/43 47/47/47/47 
f 318/329/318/330 288/298/288/299 289/299/289/300 
f 318/329/318/330 289/299/289/300 319/330/319/331 
f 319/330/319/331 289/299/289/300 290/300/290/301 
f 319/330/319/331 290/300/290/301 321/332/321/333 
f 321/332/321/333 290/300/290/301 291/301/291/302 
f 321/332/321/333 291/301/291/302 323/334/323/335 
f 323/334/323/335 291/301/291/302 292/302/292/303 
f 323/334/323/335 292/302/292/303 325/336/325/337 
f 325/336/325/337 292/302/292/303 293/303/293/304 
f 325/336/325/337 293/303/293/304 327/338/327/339 
f 327/338/327/339 293/303/293/304 294/304/294/305 
f 327/338/327/339 294/304/294/305 329/340/329/341 
f 329/340/329/341 294/304/294/305 295/305/295/306 
f 329/340/329/341 295/305/295/306 331/342/331/343 
f 331/342/331/343 295/305/295/306 296/306/296/307 
f 331/342/331/343 296/306/296/307 333/344/333/345 
f 333/344/333/345 296/306/296/307 297/307/297/308 
f 333/344/333/345 297/307/297/308 335/346/335/347 
f 335/346/335/347 297/307/297/308 298/308/298/309 
f 335/346/335/347 298/308/298/309 337/348/337/349 
f 337/348/337/349 298/308/298/309 299/309/299/310 
f 337/348/337/349 299/309/299/310 339/350/339/351 
f 339/350/339/351 299/309/299/310 300/310/300/311 
f 339/350/339/351 300/310/300/311 341/352/341/353 
f 341/352/341/353 300/310/300/311 301/311/301/312 
f 341/352/341/353 301/311/301/312 343/354/343/355 
f 343/354/343/355 301/311/301/312 302/312/302/313 
f 343/354/343/355 302/312/302/313 345/356/345/357 
f 345/356/345/357 302/312/302/313 14/14/14/14 
f 345/356/345/357 14/14/14/14 17/17/17/17 
f 288/313/288/314 318/358/318/359 348/361/348/362 
f 288/313/288/314 348/361/348/362 303/314/303/315 
f 303/314/303/315 348/361/348/362 350/363/350/364 
f 303/314/303/315 350/363/350/364 304/315/304/316 
f 304/315/304/316 350/363/350/364 352/365/352/366 
f 304/315/304/316 352/365/352/366 305/316/305/317 
f 305/316/305/317 352/365/352/366 354/367/354/368 
f 305/316/305/317 354/367/354/368 306/317/306/318 
f 306/317/306/318 354/367/354/368 356/369/356/370 
f 306/317/306/318 356/369/356/370 307/318/307/319 
f 307/318/307/319 356/369/356/370 358/371/358/372 
f 307/318/307/319 358/371/358/372 308/319/308/320 
f 308/319/308/320 358/371/358/372 360/373/360/374 
f 308/319/308/320 360/373/360/374 309/320/309/321 
f 309/320/309/321 360/373/360/374 362/375/362/376 
f 309/320/309/321 362/375/362/376 310/321/310/322 
f 310/321/310/322 362/375/362/376 364/377/364/378 
f 310/321/310/322 364/377/364/378 311/322/311/323 
f 311/322/311/323 364/377/364/378 366/379/366/380 
f 311/322/311/323 366/379/366/380 312/323/312/324 
f 312/323/312/324 366/379/366/380 368/381/368/382 
f 312/323/312/324 368/381/368/382 313/324/313/325 
f 313/324/313/325 368/381/368/382 370/383/370/384 
f 313/324/313/325 370/383/370/384 314/325/314/326 
f 314/325/314/326 370/383/370/384 372/385/372/386 
f 314/325/314/326 372/385/372/386 315/326/315/327 
f 315/326/315/327 372/385/372/386 374/387/374/388 
f 315/326/315/327 374/387/374/388 316/327/316/328 
f 316/327/316/328 374/387/374/388 18/18/18/18 
f 316/327/316/328 18/18/18/18 15/15/15/15 
f 173/177/173/177 114/116/114/116 117/119/117/119 
f 173/177/173/177 117/119/117/119 174/178/174/178 
f 174/178/174/178 117/119/117/119 119/121/119/121 
f 174/178/174/178 119/121/119/121 176/180/176/180 
f 176/180/176/180 119/121/119/121 121/123/121/123 
f 176/180/176/180 121/123/121/123 178/182/178/182 
f 178/182/178/182 121/123/121/123 123/125/123/125 
f 178/182/178/182 123/125/123/125 180/184/180/184 
f 180/184/180/184 123/125/123/125 125/127/125/127 
f 180/184/180/184 125/127/125/127 182/186/182/186 
f 182/186/182/186 125/127/125/127 127/129/127/129 
f 182/186/182/186 127/129/127/129 184/188/184/188 
f 184/188/184/188 127/129/127/129 129/131/129/131 
f 184/188/184/188 129/131/129/131 186/190/186/190 
f 186/190/186/190 129/131/129/131 131/133/131/133 
f 186/190/186/190 131/133/131/133 188/192/188/192 
f 188/192/188/192 131/133/131/133 133/135/133/135 
f 188/192/188/192 133/135/133/135 190/194/190/194 
f 190/194/190/194 133/135/133/135 135/137/135/137 
f 190/194/190/194 135/137/135/137 192/196/192/196 
f 192/196/192/196 135/137/135/137 137/139/137/139 
f 192/196/192/196 137/139/137/139 194/198/194/198 
f 194/198/194/198 137/139/137/139 139/141/139/141 
f 194/198/194/198 139/141/139/141 196/200/196/200 
f 196/200/196/200 139/141/139/141 141/143/141/143 
f 196/200/196/200 141/143/141/143 198/202/198/202 
f 198/202/198/202 141/143/141/143 143/145/143/145 
f 198/202/198/202 143/145/143/145 200/204/200/204 
f 200/204/200/204 143/145/143/145 4/4/4/4 
f 200/204/200/204 4/4/4/4 9/9/9/9 
f 114/147/114/147 173/206/173/206 203/209/203/209 
f 114/147/114/147 203/209/203/209 144/148/144/148 
f 144/148/144/148 203/209/203/209 205/211/205/211 
f 144/148/144/148 205/211/205/211 146/150/146/150 
f 146/150/146/150 205/211/205/211 207/213/207/213 
f 146/150/146/150 207/213/207/213 148/152/148/152 
f 148/152/148/152 207/213/207/213 209/215/209/215 
f 148/152/148/152 209/215/209/215 150/154/150/154 
f 150/154/150/154 209/215/209/215 211/217/211/217 
f 150/154/150/154 211/217/211/217 152/156/152/156 
f 152/156/152/156 211/217/211/217 213/219/213/219 
f 152/156/152/156 213/219/213/219 154/158/154/158 
f 154/158/154/158 213/219/213/219 215/221/215/221 
f 154/158/154/158 215/221/215/221 156/160/156/160 
f 156/160/156/160 215/221/215/221 217/223/217/223 
f 156/160/156/160 217/223/217/223 158/162/158/162 
f 158/162/158/162 217/223/217/223 219/225/219/225 
f 158/162/158/162 219/225/219/225 160/164/160/164 
f 160/164/160/164 219/225/219/225 221/227/221/227 
f 160/164/160/164 221/227/221/227 162/166/162/166 
f 162/166/162/166 221/227/221/227 223/229/223/229 
f 162/166/162/166 223/229/223/229 164/168/164/168 
f 164/168/164/168 223/229/223/229 225/231/225/231 
f 164/168/164/168 225/231/225/231 166/170/166/170 
f 166/170/166/170 225/231/225/231 227/233/227/233 
f 166/170/166/170 227/233/227/233 168/172/168/172 
f 168/172/168/172 227/233/227/233 229/235/229/235 
f 168/172/168/172 229/235/229/235 170/174/170/174 
f 170/174/170/174 229/235/229/235 10/10/10/10 
f 170/174/170/174 10/10/10/10 7/7/7/7 
f 868/928/868/929 869/929/869/930 870/930/870/931 
f 868/928/868/929 870/930/870/931 871/931/871/932 
f 871/931/871/932 870/930/870/931 872/932/872/933 
f 871/931/871/932 872/932/872/933 873/933/873/934 
f 874/934/874/935 875/935/875/936 55/55/55/55 
f 874/934/874/935 55/55/55/55 54/54/54/54 
f 876/936/876/937 877/937/877/938 875/935/875/936 
f 876/936/876/937 875/935/875/936 874/934/874/935 
f 878/938/878/939 879/939/879/940 877/937/877/938 
f 878/938/878/939 877/937/877/938 876/936/876/937 
f 880/940/880/941 881/941/881/942 879/939/879/940 
f 880/940/880/941 879/939/879/940 878/938/878/939 
f 873/933/873/934 872/932/872/933 882/942/882/943 
f 873/933/873/934 882/942/882/943 883/943/883/944 
f 883/943/883/944 882/942/882/943 881/941/881/942 
f 883/943/883/944 881/941/881/942 880/940/880/941 
f 884/944/884/945 885/945/885/946 886/946/886/947 
f 884/944/884/945 886/946/886/947 887/947/887/948 
f 885/945/885/946 888/948/888/949 889/949/889/950 
f 885/945/885/946 889/949/889/950 886/946/886/947 
f 888/948/888/949 890/950/890/951 891/951/891/952 
f 888/948/888/949 891/951/891/952 889/949/889/950 
f 890/950/890/951 892/952/892/953 893/953/893/954 
f 890/950/890/951 893/953/893/954 891/951/891/952 
f 892/952/892/953 894/954/894/955 895/955/895/956 
f 892/952/892/953 895/955/895/956 893/953/893/954 
f 894/954/894/955 896/956/896/957 897/957/897/958 
f 894/954/894/955 897/957/897/958 895/955/895/956 
f 896/956/896/957 898/958/898/959 899/959/899/960 
f 896/956/896/957 899/959/899/960 897/957/897/958 
f 898/958/898/959 900/960/900/961 901/961/901/962 
f 898/958/898/959 901/961/901/962 899/959/899/960 
f 900/960/900/961 902/962/902/963 903/963/903/964 
f 900/960/900/961 903/963/903/964 901/961/901/962 
f 902/962/902/963 904/964/904/965 905/965/905/966 
f 902/962/902/963 905/965/905/966 903/963/903/964 
f 904/964/904/965 906/966/906/967 907/967/907/968 
f 904/964/904/965 907/967/907/968 905/965/905/966 
f 906/966/906/967 908/968/908/969 909/969/909/970 
f 906/966/906/967 909/969/909/970 907/967/907/968 
f 908/968/908/969 910/970/910/971 911/971/911/972 
f 908/968/908/969 911/971/911/972 909/969/909/970 
f 910/970/910/971 912/972/912/973 913/973/913/974 
f 910/970/910/971 913/973/913/974 911/971/911/972 
f 912/972/912/973 868/928/868/929 871/931/871/932 
f 912/972/912/973 871/931/871/932 913/973/913/974 
f 887/974/887/975 914/975/914/976 915/976/915/977 
f 887/974/887/975 915/976/915/977 884/977/884/978 
f 914/975/914/976 916/978/916/979 917/979/917/980 
f 914/975/914/976 917/979/917/980 915/976/915/977 
f 916/978/916/979 918/980/918/981 919/981/919/982 
f 916/978/916/979 919/981/919/982 917/979/917/980 
f 918/980/918/981 920/982/920/983 921/983/921/984 
f 918/980/918/981 921/983/921/984 919/981/919/982 
f 920/982/920/983 922/984/922/985 923/985/923/986 
f 920/982/920/983 923/985/923/986 921/983/921/984 
f 922/984/922/985 924/986/924/987 925/987/925/988 
f 922/984/922/985 925/987/925/988 923/985/923/986 
f 924/986/924/987 926/988/926/989 927/989/927/990 
f 924/986/924/987 927/989/927/990 925/987/925/988 
f 926/988/926/989 928/990/928/991 929/991/929/992 
f 926/988/926/989 929/991/929/992 927/989/927/990 
f 928/990/928/991 930/992/930/993 931/993/931/994 
f 928/990/928/991 931/993/931/994 929/991/929/992 
f 930/992/930/993 932/994/932/995 933/995/933/996 
f 930/992/930/993 933/995/933/996 931/993/931/994 
f 932/994/932/995 934/996/934/997 935/997/935/998 
f 932/994/932/995 935/997/935/998 933/995/933/996 
f 934/996/934/997 936/998/936/999 937/999/937/1000 
f 934/996/934/997 937/999/937/1000 935/997/935/998 
f 936/998/936/999 938/1000/938/1001 939/1001/939/1002 
f 936/998/936/999 939/1001/939/1002 937/999/937/1000 
f 938/1000/938/1001 940/1002/940/1003 941/1003/941/1004 
f 938/1000/938/1001 941/1003/941/1004 939/1001/939/1002 
f 940/1002/940/1003 870/930/870/931 869/929/869/930 
f 940/1002/940/1003 869/929/869/930 941/1003/941/1004 
f 887/947/887/948 886/946/886/947 942/1004/942/1005 
f 887/947/887/948 942/1004/942/1005 943/1005/943/1006 
f 886/946/886/947 889/949/889/950 944/1006/944/1007 
f 886/946/886/947 944/1006/944/1007 942/1004/942/1005 
f 889/949/889/950 891/951/891/952 945/1007/945/1008 
f 889/949/889/950 945/1007/945/1008 944/1006/944/1007 
f 891/951/891/952 893/953/893/954 946/1008/946/1009 
f 891/951/891/952 946/1008/946/1009 945/1007/945/1008 
f 893/953/893/954 895/955/895/956 947/1009/947/1010 
f 893/953/893/954 947/1009/947/1010 946/1008/946/1009 
f 895/955/895/956 897/957/897/958 948/1010/948/1011 
f 895/955/895/956 948/1010/948/1011 947/1009/947/1010 
f 897/957/897/958 899/959/899/960 949/1011/949/1012 
f 897/957/897/958 949/1011/949/1012 948/1010/948/1011 
f 899/959/899/960 901/961/901/962 950/1012/950/1013 
f 899/959/899/960 950/1012/950/1013 949/1011/949/1012 
f 901/961/901/962 903/963/903/964 951/1013/951/1014 
f 901/961/901/962 951/1013/951/1014 950/1012/950/1013 
f 903/963/903/964 905/965/905/966 952/1014/952/1015 
f 903/963/903/964 952/1014/952/1015 951/1013/951/1014 
f 905/965/905/966 907/967/907/968 953/1015/953/1016 
f 905/965/905/966 953/1015/953/1016 952/1014/952/1015 
f 907/967/907/968 909/969/909/970 954/1016/954/1017 
f 907/967/907/968 954/1016/954/1017 953/1015/953/1016 
f 909/969/909/970 911/971/911/972 955/1017/955/1018 
f 909/969/909/970 955/1017/955/1018 954/1016/954/1017 
f 911/971/911/972 913/973/913/974 956/1018/956/1019 
f 911/971/911/972 956/1018/956/1019 955/1017/955/1018 
f 913/973/913/974 871/931/871/932 873/933/873/934 
f 913/973/913/974 873/933/873/934 956/1018/956/1019 
f 943/1019/943/1020 957/1020/957/1021 914/975/914/976 
f 943/1019/943/1020 914/975/914/976 887/974/887/975 
f 957/1020/957/1021 958/1021/958/1022 916/978/916/979 
f 957/1020/957/1021 916/978/916/979 914/975/914/976 
f 958/1021/958/1022 959/1022/959/1023 918/980/918/981 
f 958/1021/958/1022 918/980/918/981 916/978/916/979 
f 959/1022/959/1023 960/1023/960/1024 920/982/920/983 
f 959/1022/959/1023 920/982/920/983 918/980/918/981 
f 960/1023/960/1024 961/1024/961/1025 922/984/922/985 
f 960/1023/960/1024 922/984/922/985 920/982/920/983 
f 961/1024/961/1025 962/1025/962/1026 924/986/924/987 
f 961/1024/961/1025 924/986/924/987 922/984/922/985 
f 962/1025/962/1026 963/1026/963/1027 926/988/926/989 
f 962/1025/962/1026 926/988/926/989 924/986/924/987 
f 963/1026/963/1027 964/1027/964/1028 928/990/928/991 
f 963/1026/963/1027 928/990/928/991 926/988/926/989 
f 964/1027/964/1028 965/1028/965/1029 930/992/930/993 
f 964/1027/964/1028 930/992/930/993 928/990/928/991 
f 965/1028/965/1029 966/1029/966/1030 932/994/932/995 
f 965/1028/965/1029 932/994/932/995 930/992/930/993 
f 966/1029/966/1030 967/1030/967/1031 934/996/934/997 
f 966/1029/966/1030 934/996/934/997 932/994/932/995 
f 967/1030/967/1031 968/1031/968/1032 936/998/936/999 
f 967/1030/967/1031 936/998/936/999 934/996/934/997 
f 968/1031/968/1032 969/1032/969/1033 938/1000/938/1001 
f 968/1031/968/1032 938/1000/938/1001 936/998/936/999 
f 969/1032/969/1033 970/1033/970/1034 940/1002/940/1003 
f 969/1032/969/1033 940/1002/940/1003 938/1000/938/1001 
f 970/1033/970/1034 872/932/872/933 870/930/870/931 
f 970/1033/970/1034 870/930/870/931 940/1002/940/1003 
f 971/1034/971/1035 972/1035/972/1036 840/899/840/900 
f 971/1034/971/1035 840/899/840/900 839/898/839/899 
f 972/1035/972/1036 973/1036/973/1037 841/900/841/901 
f 972/1035/972/1036 841/900/841/901 840/899/840/900 
f 973/1036/973/1037 974/1037/974/1038 842/901/842/902 
f 973/1036/973/1037 842/901/842/902 841/900/841/901 
f 974/1037/974/1038 975/1038/975/1039 843/902/843/903 
f 974/1037/974/1038 843/902/843/903 842/901/842/902 
f 975/1038/975/1039 976/1039/976/1040 844/903/844/904 
f 975/1038/975/1039 844/903/844/904 843/902/843/903 
f 976/1039/976/1040 977/1040/977/1041 845/904/845/905 
f 976/1039/976/1040 845/904/845/905 844/903/844/904 
f 977/1040/977/1041 978/1041/978/1042 846/905/846/906 
f 977/1040/977/1041 846/905/846/906 845/904/845/905 
f 978/1041/978/1042 979/1042/979/1043 847/906/847/907 
f 978/1041/978/1042 847/906/847/907 846/905/846/906 
f 979/1042/979/1043 980/1043/980/1044 848/907/848/908 
f 979/1042/979/1043 848/907/848/908 847/906/847/907 
f 980/1043/980/1044 981/1044/981/1045 849/908/849/909 
f 980/1043/980/1044 849/908/849/909 848/907/848/908 
f 981/1044/981/1045 982/1045/982/1046 850/909/850/910 
f 981/1044/981/1045 850/909/850/910 849/908/849/909 
f 982/1045/982/1046 983/1046/983/1047 851/910/851/911 
f 982/1045/982/1046 851/910/851/911 850/909/850/910 
f 983/1046/983/1047 984/1047/984/1048 852/911/852/912 
f 983/1046/983/1047 852/911/852/912 851/910/851/911 
f 984/1047/984/1048 985/1048/985/1049 853/912/853/913 
f 984/1047/984/1048 853/912/853/913 852/911/852/912 
f 985/1048/985/1049 874/934/874/935 54/54/54/54 
f 985/1048/985/1049 54/54/54/54 853/912/853/913 
f 839/913/839/914 854/914/854/915 986/1049/986/1050 
f 839/913/839/914 986/1049/986/1050 971/1050/971/1051 
f 854/914/854/915 855/915/855/916 987/1051/987/1052 
f 854/914/854/915 987/1051/987/1052 986/1049/986/1050 
f 855/915/855/916 856/916/856/917 988/1052/988/1053 
f 855/915/855/916 988/1052/988/1053 987/1051/987/1052 
f 856/916/856/917 857/917/857/918 989/1053/989/1054 
f 856/916/856/917 989/1053/989/1054 988/1052/988/1053 
f 857/917/857/918 858/918/858/919 990/1054/990/1055 
f 857/917/857/918 990/1054/990/1055 989/1053/989/1054 
f 858/918/858/919 859/919/859/920 991/1055/991/1056 
f 858/918/858/919 991/1055/991/1056 990/1054/990/1055 
f 859/919/859/920 860/920/860/921 992/1056/992/1057 
f 859/919/859/920 992/1056/992/1057 991/1055/991/1056 
f 860/920/860/921 861/921/861/922 993/1057/993/1058 
f 860/920/860/921 993/1057/993/1058 992/1056/992/1057 
f 861/921/861/922 862/922/862/923 994/1058/994/1059 
f 861/921/861/922 994/1058/994/1059 993/1057/993/1058 
f 862/922/862/923 863/923/863/924 995/1059/995/1060 
f 862/922/862/923 995/1059/995/1060 994/1058/994/1059 
f 863/923/863/924 864/924/864/925 996/1060/996/1061 
f 863/923/863/924 996/1060/996/1061 995/1059/995/1060 
f 864/924/864/925 865/925/865/926 997/1061/997/1062 
f 864/924/864/925 997/1061/997/1062 996/1060/996/1061 
f 865/925/865/926 866/926/866/927 998/1062/998/1063 
f 865/925/865/926 998/1062/998/1063 997/1061/997/1062 
f 866/926/866/927 867/927/867/928 999/1063/999/1064 
f 866/926/866/927 999/1063/999/1064 998/1062/998/1063 
f 867/927/867/928 55/55/55/55 875/935/875/936 
f 867/927/867/928 875/935/875/936 999/1063/999/1064 
f 1000/1064/1000/1065 1001/1065/1001/1066 972/1035/972/1036 
f 1000/1064/1000/1065 972/1035/972/1036 971/1034/971/1035 
f 1001/1065/1001/1066 1002/1066/1002/1067 973/1036/973/1037 
f 1001/1065/1001/1066 973/1036/973/1037 972/1035/972/1036 
f 1002/1066/1002/1067 1003/1067/1003/1068 974/1037/974/1038 
f 1002/1066/1002/1067 974/1037/974/1038 973/1036/973/1037 
f 1003/1067/1003/1068 1004/1068/1004/1069 975/1038/975/1039 
f 1003/1067/1003/1068 975/1038/975/1039 974/1037/974/1038 
f 1004/1068/1004/1069 1005/1069/1005/1070 976/1039/976/1040 
f 1004/1068/1004/1069 976/1039/976/1040 975/1038/975/1039 
f 1005/1069/1005/1070 1006/1070/1006/1071 977/1040/977/1041 
f 1005/1069/1005/1070 977/1040/977/1041 976/1039/976/1040 
f 1006/1070/1006/1071 1007/1071/1007/1072 978/1041/978/1042 
f 1006/1070/1006/1071 978/1041/978/1042 977/1040/977/1041 
f 1007/1071/1007/1072 1008/1072/1008/1073 979/1042/979/1043 
f 1007/1071/1007/1072 979/1042/979/1043 978/1041/978/1042 
f 1008/1072/1008/1073 1009/1073/1009/1074 980/1043/980/1044 
f 1008/1072/1008/1073 980/1043/980/1044 979/1042/979/1043 
f 1009/1073/1009/1074 1010/1074/1010/1075 981/1044/981/1045 
f 1009/1073/1009/1074 981/1044/981/1045 980/1043/980/1044 
f 1010/1074/1010/1075 1011/1075/1011/1076 982/1045/982/1046 
f 1010/1074/1010/1075 982/1045/982/1046 981/1044/981/1045 
f 1011/1075/1011/1076 1012/1076/1012/1077 983/1046/983/1047 
f 1011/1075/1011/1076 983/1046/983/1047 982/1045/982/1046 
f 1012/1076/1012/1077 1013/1077/1013/1078 984/1047/984/1048 
f 1012/1076/1012/1077 984/1047/984/1048 983/1046/983/1047 
f 1013/1077/1013/1078 1014/1078/1014/1079 985/1048/985/1049 
f 1013/1077/1013/1078 985/1048/985/1049 984/1047/984/1048 
f 1014/1078/1014/1079 876/936/876/937 874/934/874/935 
f 1014/1078/1014/1079 874/934/874/935 985/1048/985/1049 
f 971/1050/971/1051 986/1049/986/1050 1015/1079/1015/1080 
f 971/1050/971/1051 1015/1079/1015/1080 1000/1080/1000/1081 
f 986/1049/986/1050 987/1051/987/1052 1016/1081/1016/1082 
f 986/1049/986/1050 1016/1081/1016/1082 1015/1079/1015/1080 
f 987/1051/987/1052 988/1052/988/1053 1017/1082/1017/1083 
f 987/1051/987/1052 1017/1082/1017/1083 1016/1081/1016/1082 
f 988/1052/988/1053 989/1053/989/1054 1018/1083/1018/1084 
f 988/1052/988/1053 1018/1083/1018/1084 1017/1082/1017/1083 
f 989/1053/989/1054 990/1054/990/1055 1019/1084/1019/1085 
f 989/1053/989/1054 1019/1084/1019/1085 1018/1083/1018/1084 
f 990/1054/990/1055 991/1055/991/1056 1020/1085/1020/1086 
f 990/1054/990/1055 1020/1085/1020/1086 1019/1084/1019/1085 
f 991/1055/991/1056 992/1056/992/1057 1021/1086/1021/1087 
f 991/1055/991/1056 1021/1086/1021/1087 1020/1085/1020/1086 
f 992/1056/992/1057 993/1057/993/1058 1022/1087/1022/1088 
f 992/1056/992/1057 1022/1087/1022/1088 1021/1086/1021/1087 
f 993/1057/993/1058 994/1058/994/1059 1023/1088/1023/1089 
f 993/1057/993/1058 1023/1088/1023/1089 1022/1087/1022/1088 
f 994/1058/994/1059 995/1059/995/1060 1024/1089/1024/1090 
f 994/1058/994/1059 1024/1089/1024/1090 1023/1088/1023/1089 
f 995/1059/995/1060 996/1060/996/1061 1025/1090/1025/1091 
f 995/1059/995/1060 1025/1090/1025/1091 1024/1089/1024/1090 
f 996/1060/996/1061 997/1061/997/1062 1026/1091/1026/1092 
f 996/1060/996/1061 1026/1091/1026/1092 1025/1090/1025/1091 
f 997/1061/997/1062 998/1062/998/1063 1027/1092/1027/1093 
f 997/1061/997/1062 1027/1092/1027/1093 1026/1091/1026/1092 
f 998/1062/998/1063 999/1063/999/1064 1028/1093/1028/1094 
f 998/1062/998/1063 1028/1093/1028/1094 1027/1092/1027/1093 
f 999/1063/999/1064 875/935/875/936 877/937/877/938 
f 999/1063/999/1064 877/937/877/938 1028/1093/1028/1094 
f 1029/1094/1029/1095 1030/1095/1030/1096 1001/1065/1001/1066 
f 1029/1094/1029/1095 1001/1065/1001/1066 1000/1064/1000/1065 
f 1030/1095/1030/1096 1031/1096/1031/1097 1002/1066/1002/1067 
f 1030/1095/1030/1096 1002/1066/1002/1067 1001/1065/1001/1066 
f 1031/1096/1031/1097 1032/1097/1032/1098 1003/1067/1003/1068 
f 1031/1096/1031/1097 1003/1067/1003/1068 1002/1066/1002/1067 
f 1032/1097/1032/1098 1033/1098/1033/1099 1004/1068/1004/1069 
f 1032/1097/1032/1098 1004/1068/1004/1069 1003/1067/1003/1068 
f 1033/1098/1033/1099 1034/1099/1034/1100 1005/1069/1005/1070 
f 1033/1098/1033/1099 1005/1069/1005/1070 1004/1068/1004/1069 
f 1034/1099/1034/1100 1035/1100/1035/1101 1006/1070/1006/1071 
f 1034/1099/1034/1100 1006/1070/1006/1071 1005/1069/1005/1070 
f 1035/1100/1035/1101 1036/1101/1036/1102 1007/1071/1007/1072 
f 1035/1100/1035/1101 1007/1071/1007/1072 1006/1070/1006/1071 
f 1036/1101/1036/1102 1037/1102/1037/1103 1008/1072/1008/1073 
f 1036/1101/1036/1102 1008/1072/1008/1073 1007/1071/1007/1072 
f 1037/1102/1037/1103 1038/1103/1038/1104 1009/1073/1009/1074 
f 1037/1102/1037/1103 1009/1073/1009/1074 1008/1072/1008/1073 
f 1038/1103/1038/1104 1039/1104/1039/1105 1010/1074/1010/1075 
f 1038/1103/1038/1104 1010/1074/1010/1075 1009/1073/1009/1074 
f 1039/1104/1039/1105 1040/1105/1040/1106 1011/1075/1011/1076 
f 1039/1104/1039/1105 1011/1075/1011/1076 1010/1074/1010/1075 
f 1040/1105/1040/1106 1041/1106/1041/1107 1012/1076/1012/1077 
f 1040/1105/1040/1106 1012/1076/1012/1077 1011/1075/1011/1076 
f 1041/1106/1041/1107 1042/1107/1042/1108 1013/1077/1013/1078 
f 1041/1106/1041/1107 1013/1077/1013/1078 1012/1076/1012/1077 
f 1042/1107/1042/1108 1043/1108/1043/1109 1014/1078/1014/1079 
f 1042/1107/1042/1108 1014/1078/1014/1079 1013/1077/1013/1078 
f 1043/1108/1043/1109 878/938/878/939 876/936/876/937 
f 1043/1108/1043/1109 876/936/876/937 1014/1078/1014/1079 
f 1000/1080/1000/1081 1015/1079/1015/1080 1044/1109/1044/1110 
f 1000/1080/1000/1081 1044/1109/1044/1110 1029/1110/1029/1111 
f 1015/1079/1015/1080 1016/1081/1016/1082 1045/1111/1045/1112 
f 1015/1079/1015/1080 1045/1111/1045/1112 1044/1109/1044/1110 
f 1016/1081/1016/1082 1017/1082/1017/1083 1046/1112/1046/1113 
f 1016/1081/1016/1082 1046/1112/1046/1113 1045/1111/1045/1112 
f 1017/1082/1017/1083 1018/1083/1018/1084 1047/1113/1047/1114 
f 1017/1082/1017/1083 1047/1113/1047/1114 1046/1112/1046/1113 
f 1018/1083/1018/1084 1019/1084/1019/1085 1048/1114/1048/1115 
f 1018/1083/1018/1084 1048/1114/1048/1115 1047/1113/1047/1114 
f 1019/1084/1019/1085 1020/1085/1020/1086 1049/1115/1049/1116 
f 1019/1084/1019/1085 1049/1115/1049/1116 1048/1114/1048/1115 
f 1020/1085/1020/1086 1021/1086/1021/1087 1050/1116/1050/1117 
f 1020/1085/1020/1086 1050/1116/1050/1117 1049/1115/1049/1116 
f 1021/1086/1021/1087 1022/1087/1022/1088 1051/1117/1051/1118 
f 1021/1086/1021/1087 1051/1117/1051/1118 1050/1116/1050/1117 
f 1022/1087/1022/1088 1023/1088/1023/1089 1052/1118/1052/1119 
f 1022/1087/1022/1088 1052/1118/1052/1119 1051/1117/1051/1118 
f 1023/1088/1023/1089 1024/1089/1024/1090 1053/1119/1053/1120 
f 1023/1088/1023/1089 1053/1119/1053/1120 1052/1118/1052/1119 
f 1024/1089/1024/1090 1025/1090/1025/1091 1054/1120/1054/1121 
f 1024/1089/1024/1090 1054/1120/1054/1121 1053/1119/1053/1120 
f 1025/1090/1025/1091 1026/1091/1026/1092 1055/1121/1055/1122 
f 1025/1090/1025/1091 1055/1121/1055/1122 1054/1120/1054/1121 
f 1026/1091/1026/1092 1027/1092/1027/1093 1056/1122/1056/1123 
f 1026/1091/1026/1092 1056/1122/1056/1123 1055/1121/1055/1122 
f 1027/1092/1027/1093 1028/1093/1028/1094 1057/1123/1057/1124 
f 1027/1092/1027/1093 1057/1123/1057/1124 1056/1122/1056/1123 
f 1028/1093/1028/1094 877/937/877/938 879/939/879/940 
f 1028/1093/1028/1094 879/939/879/940 1057/1123/1057/1124 
f 1058/1124/1058/1125 1059/1125/1059/1126 1030/1095/1030/1096 
f 1058/1124/1058/1125 1030/1095/1030/1096 1029/1094/1029/1095 
f 1059/1125/1059/1126 1060/1126/1060/1127 1031/1096/1031/1097 
f 1059/1125/1059/1126 1031/1096/1031/1097 1030/1095/1030/1096 
f 1060/1126/1060/1127 1061/1127/1061/1128 1032/1097/1032/1098 
f 1060/1126/1060/1127 1032/1097/1032/1098 1031/1096/1031/1097 
f 1061/1127/1061/1128 1062/1128/1062/1129 1033/1098/1033/1099 
f 1061/1127/1061/1128 1033/1098/1033/1099 1032/1097/1032/1098 
f 1062/1128/1062/1129 1063/1129/1063/1130 1034/1099/1034/1100 
f 1062/1128/1062/1129 1034/1099/1034/1100 1033/1098/1033/1099 
f 1063/1129/1063/1130 1064/1130/1064/1131 1035/1100/1035/1101 
f 1063/1129/1063/1130 1035/1100/1035/1101 1034/1099/1034/1100 
f 1064/1130/1064/1131 1065/1131/1065/1132 1036/1101/1036/1102 
f 1064/1130/1064/1131 1036/1101/1036/1102 1035/1100/1035/1101 
f 1065/1131/1065/1132 1066/1132/1066/1133 1037/1102/1037/1103 
f 1065/1131/1065/1132 1037/1102/1037/1103 1036/1101/1036/1102 
f 1066/1132/1066/1133 1067/1133/1067/1134 1038/1103/1038/1104 
f 1066/1132/1066/1133 1038/1103/1038/1104 1037/1102/1037/1103 
f 1067/1133/1067/1134 1068/1134/1068/1135 1039/1104/1039/1105 
f 1067/1133/1067/1134 1039/1104/1039/1105 1038/1103/1038/1104 
f 1068/1134/1068/1135 1069/1135/1069/1136 1040/1105/1040/1106 
f 1068/1134/1068/1135 1040/1105/1040/1106 1039/1104/1039/1105 
f 1069/1135/1069/1136 1070/1136/1070/1137 1041/1106/1041/1107 
f 1069/1135/1069/1136 1041/1106/1041/1107 1040/1105/1040/1106 
f 1070/1136/1070/1137 1071/1137/1071/1138 1042/1107/1042/1108 
f 1070/1136/1070/1137 1042/1107/1042/1108 1041/1106/1041/1107 
f 1071/1137/1071/1138 1072/1138/1072/1139 1043/1108/1043/1109 
f 1071/1137/1071/1138 1043/1108/1043/1109 1042/1107/1042/1108 
f 1072/1138/1072/1139 880/940/880/941 878/938/878/939 
f 1072/1138/1072/1139 878/938/878/939 1043/1108/1043/1109 
f 1029/1110/1029/1111 1044/1109/1044/1110 1073/1139/1073/1140 
f 1029/1110/1029/1111 1073/1139/1073/1140 1058/1140/1058/1141 
f 1044/1109/1044/1110 1045/1111/1045/1112 1074/1141/1074/1142 
f 1044/1109/1044/1110 1074/1141/1074/1142 1073/1139/1073/1140 
f 1045/1111/1045/1112 1046/1112/1046/1113 1075/1142/1075/1143 
f 1045/1111/1045/1112 1075/1142/1075/1143 1074/1141/1074/1142 
f 1046/1112/1046/1113 1047/1113/1047/1114 1076/1143/1076/1144 
f 1046/1112/1046/1113 1076/1143/1076/1144 1075/1142/1075/1143 
f 1047/1113/1047/1114 1048/1114/1048/1115 1077/1144/1077/1145 
f 1047/1113/1047/1114 1077/1144/1077/1145 1076/1143/1076/1144 
f 1048/1114/1048/1115 1049/1115/1049/1116 1078/1145/1078/1146 
f 1048/1114/1048/1115 1078/1145/1078/1146 1077/1144/1077/1145 
f 1049/1115/1049/1116 1050/1116/1050/1117 1079/1146/1079/1147 
f 1049/1115/1049/1116 1079/1146/1079/1147 1078/1145/1078/1146 
f 1050/1116/1050/1117 1051/1117/1051/1118 1080/1147/1080/1148 
f 1050/1116/1050/1117 1080/1147/1080/1148 1079/1146/1079/1147 
f 1051/1117/1051/1118 1052/1118/1052/1119 1081/1148/1081/1149 
f 1051/1117/1051/1118 1081/1148/1081/1149 1080/1147/1080/1148 
f 1052/1118/1052/1119 1053/1119/1053/1120 1082/1149/1082/1150 
f 1052/1118/1052/1119 1082/1149/1082/1150 1081/1148/1081/1149 
f 1053/1119/1053/1120 1054/1120/1054/1121 1083/1150/1083/1151 
f 1053/1119/1053/1120 1083/1150/1083/1151 1082/1149/1082/1150 
f 1054/1120/1054/1121 1055/1121/1055/1122 1084/1151/1084/1152 
f 1054/1120/1054/1121 1084/1151/1084/1152 1083/1150/1083/1151 
f 1055/1121/1055/1122 1056/1122/1056/1123 1085/1152/1085/1153 
f 1055/1121/1055/1122 1085/1152/1085/1153 1084/1151/1084/1152 
f 1056/1122/1056/1123 1057/1123/1057/1124 1086/1153/1086/1154 
f 1056/1122/1056/1123 1086/1153/1086/1154 1085/1152/1085/1153 
f 1057/1123/1057/1124 879/939/879/940 881/941/881/942 
f 1057/1123/1057/1124 881/941/881/942 1086/1153/1086/1154 
f 943/1005/943/1006 942/1004/942/1005 1087/1154/1087/1155 
f 943/1005/943/1006 1087/1154/1087/1155 1088/1155/1088/1156 
f 942/1004/942/1005 944/1006/944/1007 1089/1156/1089/1157 
f 942/1004/942/1005 1089/1156/1089/1157 1087/1154/1087/1155 
f 944/1006/944/1007 945/1007/945/1008 1090/1157/1090/1158 
f 944/1006/944/1007 1090/1157/1090/1158 1089/1156/1089/1157 
f 945/1007/945/1008 946/1008/946/1009 1091/1158/1091/1159 
f 945/1007/945/1008 1091/1158/1091/1159 1090/1157/1090/1158 
f 946/1008/946/1009 947/1009/947/1010 1092/1159/1092/1160 
f 946/1008/946/1009 1092/1159/1092/1160 1091/1158/1091/1159 
f 947/1009/947/1010 948/1010/948/1011 1093/1160/1093/1161 
f 947/1009/947/1010 1093/1160/1093/1161 1092/1159/1092/1160 
f 948/1010/948/1011 949/1011/949/1012 1094/1161/1094/1162 
f 948/1010/948/1011 1094/1161/1094/1162 1093/1160/1093/1161 
f 949/1011/949/1012 950/1012/950/1013 1095/1162/1095/1163 
f 949/1011/949/1012 1095/1162/1095/1163 1094/1161/1094/1162 
f 950/1012/950/1013 951/1013/951/1014 1096/1163/1096/1164 
f 950/1012/950/1013 1096/1163/1096/1164 1095/1162/1095/1163 
f 951/1013/951/1014 952/1014/952/1015 1097/1164/1097/1165 
f 951/1013/951/1014 1097/1164/1097/1165 1096/1163/1096/1164 
f 952/1014/952/1015 953/1015/953/1016 1098/1165/1098/1166 
f 952/1014/952/1015 1098/1165/1098/1166 1097/1164/1097/1165 
f 953/1015/953/1016 954/1016/954/1017 1099/1166/1099/1167 
f 953/1015/953/1016 1099/1166/1099/1167 1098/1165/1098/1166 
f 954/1016/954/1017 955/1017/955/1018 1100/1167/1100/1168 
f 954/1016/954/1017 1100/1167/1100/1168 1099/1166/1099/1167 
f 955/1017/955/1018 956/1018/956/1019 1101/1168/1101/1169 
f 955/1017/955/1018 1101/1168/1101/1169 1100/1167/1100/1168 
f 956/1018/956/1019 873/933/873/934 883/943/883/944 
f 956/1018/956/1019 883/943/883/944 1101/1168/1101/1169 
f 1088/1169/1088/1170 1102/1170/1102/1171 957/1020/957/1021 
f 1088/1169/1088/1170 957/1020/957/1021 943/1019/943/1020 
f 1102/1170/1102/1171 1103/1171/1103/1172 958/1021/958/1022 
f 1102/1170/1102/1171 958/1021/958/1022 957/1020/957/1021 
f 1103/1171/1103/1172 1104/1172/1104/1173 959/1022/959/1023 
f 1103/1171/1103/1172 959/1022/959/1023 958/1021/958/1022 
f 1104/1172/1104/1173 1105/1173/1105/1174 960/1023/960/1024 
f 1104/1172/1104/1173 960/1023/960/1024 959/1022/959/1023 
f 1105/1173/1105/1174 1106/1174/1106/1175 961/1024/961/1025 
f 1105/1173/1105/1174 961/1024/961/1025 960/1023/960/1024 
f 1106/1174/1106/1175 1107/1175/1107/1176 962/1025/962/1026 
f 1106/1174/1106/1175 962/1025/962/1026 961/1024/961/1025 
f 1107/1175/1107/1176 1108/1176/1108/1177 963/1026/963/1027 
f 1107/1175/1107/1176 963/1026/963/1027 962/1025/962/1026 
f 1108/1176/1108/1177 1109/1177/1109/1178 964/1027/964/1028 
f 1108/1176/1108/1177 964/1027/964/1028 963/1026/963/1027 
f 1109/1177/1109/1178 1110/1178/1110/1179 965/1028/965/1029 
f 1109/1177/1109/1178 965/1028/965/1029 964/1027/964/1028 
f 1110/1178/1110/1179 1111/1179/1111/1180 966/1029/966/1030 
f 1110/1178/1110/1179 966/1029/966/1030 965/1028/965/1029 
f 1111/1179/1111/1180 1112/1180/1112/1181 967/1030/967/1031 
f 1111/1179/1111/1180 967/1030/967/1031 966/1029/966/1030 
f 1112/1180/1112/1181 1113/1181/1113/1182 968/1031/968/1032 
f 1112/1180/1112/1181 968/1031/968/1032 967/1030/967/1031 
f 1113/1181/1113/1182 1114/1182/1114/1183 969/1032/969/1033 
f 1113/1181/1113/1182 969/1032/969/1033 968/1031/968/1032 
f 1114/1182/1114/1183 1115/1183/1115/1184 970/1033/970/1034 
f 1114/1182/1114/1183 970/1033/970/1034 969/1032/969/1033 
f 1115/1183/1115/1184 882/942/882/943 872/932/872/933 
f 1115/1183/1115/1184 872/932/872/933 970/1033/970/1034 
f 1088/1155/1088/1156 1087/1154/1087/1155 1059/1125/1059/1126 
f 1088/1155/1088/1156 1059/1125/1059/1126 1058/1124/1058/1125 
f 1087/1154/1087/1155 1089/1156/1089/1157 1060/1126/1060/1127 
f 1087/1154/1087/1155 1060/1126/1060/1127 1059/1125/1059/1126 
f 1089/1156/1089/1157 1090/1157/1090/1158 1061/1127/1061/1128 
f 1089/1156/1089/1157 1061/1127/1061/1128 1060/1126/1060/1127 
f 1090/1157/1090/1158 1091/1158/1091/1159 1062/1128/1062/1129 
f 1090/1157/1090/1158 1062/1128/1062/1129 1061/1127/1061/1128 
f 1091/1158/1091/1159 1092/1159/1092/1160 1063/1129/1063/1130 
f 1091/1158/1091/1159 1063/1129/1063/1130 1062/1128/1062/1129 
f 1092/1159/1092/1160 1093/1160/1093/1161 1064/1130/1064/1131 
f 1092/1159/1092/1160 1064/1130/1064/1131 1063/1129/1063/1130 
f 1093/1160/1093/1161 1094/1161/1094/1162 1065/1131/1065/1132 
f 1093/1160/1093/1161 1065/1131/1065/1132 1064/1130/1064/1131 
f 1094/1161/1094/1162 1095/1162/1095/1163 1066/1132/1066/1133 
f 1094/1161/1094/1162 1066/1132/1066/1133 1065/1131/1065/1132 
f 1095/1162/1095/1163 1096/1163/1096/1164 1067/1133/1067/1134 
f 1095/1162/1095/1163 1067/1133/1067/1134 1066/1132/1066/1133 
f 1096/1163/1096/1164 1097/1164/1097/1165 1068/1134/1068/1135 
f 1096/1163/1096/1164 1068/1134/1068/1135 1067/1133/1067/1134 
f 1097/1164/1097/1165 1098/1165/1098/1166 1069/1135/1069/1136 
f 1097/1164/1097/1165 1069/1135/1069/1136 1068/1134/1068/1135 
f 1098/1165/1098/1166 1099/1166/1099/1167 1070/1136/1070/1137 
f 1098/1165/1098/1166 1070/1136/1070/1137 1069/1135/1069/1136 
f 1099/1166/1099/1167 1100/1167/1100/1168 1071/1137/1071/1138 
f 1099/1166/1099/1167 1071/1137/1071/1138 1070/1136/1070/1137 
f 1100/1167/1100/1168 1101/1168/1101/1169 1072/1138/1072/1139 
f 1100/1167/1100/1168 1072/1138/1072/1139 1071/1137/1071/1138 
f 1101/1168/1101/1169 883/943/883/944 880/940/880/941 
f 1101/1168/1101/1169 880/940/880/941 1072/1138/1072/1139 
f 1058/1140/1058/1141 1073/1139/1073/1140 1102/1170/1102/1171 
f 1058/1140/1058/1141 1102/1170/1102/1171 1088/1169/1088/1170 
f 1073/1139/1073/1140 1074/1141/1074/1142 1103/1171/1103/1172 
f 1073/1139/1073/1140 1103/1171/1103/1172 1102/1170/1102/1171 
f 1074/1141/1074/1142 1075/1142/1075/1143 1104/1172/1104/1173 
f 1074/1141/1074/1142 1104/1172/1104/1173 1103/1171/1103/1172 
f 1075/1142/1075/1143 1076/1143/1076/1144 1105/1173/1105/1174 
f 1075/1142/1075/1143 1105/1173/1105/1174 1104/1172/1104/1173 
f 1076/1143/1076/1144 1077/1144/1077/1145 1106/1174/1106/1175 
f 1076/1143/1076/1144 1106/1174/1106/1175 1105/1173/1105/1174 
f 1077/1144/1077/1145 1078/1145/1078/1146 1107/1175/1107/1176 
f 1077/1144/1077/1145 1107/1175/1107/1176 1106/1174/1106/1175 
f 1078/1145/1078/1146 1079/1146/1079/1147 1108/1176/1108/1177 
f 1078/1145/1078/1146 1108/1176/1108/1177 1107/1175/1107/1176 
f 1079/1146/1079/1147 1080/1147/1080/1148 1109/1177/1109/1178 
f 1079/1146/1079/1147 1109/1177/1109/1178 1108/1176/1108/1177 
f 1080/1147/1080/1148 1081/1148/1081/1149 1110/1178/1110/1179 
f 1080/1147/1080/1148 1110/1178/1110/1179 1109/1177/1109/1178 
f 1081/1148/1081/1149 1082/1149/1082/1150 1111/1179/1111/1180 
f 1081/1148/1081/1149 1111/1179/1111/1180 1110/1178/1110/1179 
f 1082/1149/1082/1150 1083/1150/1083/1151 1112/1180/1112/1181 
f 1082/1149/1082/1150 1112/1180/1112/1181 1111/1179/1111/1180 
f 1083/1150/1083/1151 1084/1151/1084/1152 1113/1181/1113/1182 
f 1083/1150/1083/1151 1113/1181/1113/1182 1112/1180/1112/1181 
f 1084/1151/1084/1152 1085/1152/1085/1153 1114/1182/1114/1183 
f 1084/1151/1084/1152 1114/1182/1114/1183 1113/1181/1113/1182 
f 1085/1152/1085/1153 1086/1153/1086/1154 1115/1183/1115/1184 
f 1085/1152/1085/1153 1115/1183/1115/1184 1114/1182/1114/1183 
f 1086/1153/1086/1154 881/941/881/942 882/942/882/943 
f 1086/1153/1086/1154 882/942/882/943 1115/1183/1115/1184 
f 1116/1184/1116/1185 1117/1185/1117/1186 1118/1186/1118/1187 
f 1116/1184/1116/1185 1118/1186/1118/1187 1119/1187/1119/1188 
f 1120/1188/1120/1189 1121/1189/1121/1190 1122/1190/1122/1191 
f 1120/1188/1120/1189 1122/1190/1122/1191 1123/1191/1123/1192 
f 1123/1192/1123/1193 1122/1193/1122/1194 1116/1184/1116/1185 
f 1123/1192/1123/1193 1116/1184/1116/1185 1119/1187/1119/1188 
f 1122/1190/1122/1191 1121/1189/1121/1190 1117/1185/1117/1186 
f 1122/1190/1122/1191 1117/1185/1117/1186 1116/1184/1116/1185 
f 1121/1194/1121/1195 1120/1195/1120/1196 1118/1186/1118/1187 
f 1121/1194/1121/1195 1118/1186/1118/1187 1117/1185/1117/1186 
f 1120/1196/1120/1197 1123/1197/1123/1198 1119/1187/1119/1188 
f 1120/1196/1120/1197 1119/1187/1119/1188 1118/1186/1118/1187 
