v 717.9653 858.6367 445.4503
v 717.9653 858.6366 574.9028
v 677.1826 862.6515 574.9028
v 677.1826 862.6514 404.6798
v 748.1677 846.7462 477.9587
v 748.1677 846.7462 574.9028
v 781.3358 826.7321 507.9835
v 780.4762 827.4374 574.9028
v 806.8766 800.9048 532.3617
v 806.4275 801.452 574.9028
v 825.1592 769.4695 553.2167
v 825.0483 769.7887 574.9028
v 838.4449 733.5294 566.4886
v 838.4247 733.6644 574.9028
v 843.4626 694.4672 569.768
v 843.4626 694.4672 574.9028
v 508.2278 694.5951 566.7616
v 492.1104 694.5781 566.7629
v 492.1104 733.0774 563.4282
v 512.3907 732.9651 563.4326
v 492.1104 769.2751 549.9426
v 525.0532 769.1154 549.9878
v 492.1104 801.7833 528.1574
v 544.0995 801.9457 528.0021
v 492.1104 827.7614 503.1228
v 571.3441 828.0035 502.7506
v 492.1104 846.7462 473.9504
v 602.9944 846.7462 473.9507
v 492.1104 858.6367 441.226
v 632.6611 858.6367 441.2263
v 492.1104 862.6516 400.4621
v 672.9873 862.6514 400.4619
v 492.1104 858.6367 359.6985
v 632.6352 858.6367 359.6985
v 722.071 858.6367 359.6985
v 878.8894 858.6367 359.6985
v 878.8894 862.6516 400.4621
v 681.3943 862.6514 400.4619
v 752.213 846.7462 328.0565
v 878.8894 846.7462 328.0565
v 784.329 827.4374 299.459
v 878.8894 827.4374 299.459
v 809.9058 801.452 272.4603
v 878.8894 801.452 272.4603
v 828.2943 769.7888 252.3871
v 878.8894 769.7888 252.3871
v 841.5092 733.6644 239.7545
v 878.8894 733.6644 239.7545
v 846.4716 694.4672 235.8265
v 878.8894 694.4672 235.8265
v 636.7188 858.6366 574.9028
v 636.7188 858.6367 445.4731
v 606.9878 846.7462 574.9028
v 606.9878 846.7462 477.9709
v 574.1847 827.4374 574.9028
v 575.2104 827.9857 506.4617
v 547.0246 801.452 574.9028
v 547.5931 801.9185 531.5421
v 528.5024 769.7888 574.9028
v 528.3087 769.1898 553.2499
v 515.5019 733.6645 574.9028
v 515.4712 733.1378 566.4709
v 511.2164 694.4672 574.9028
v 511.2255 694.5499 569.7612
v 492.1104 846.7462 328.0565
v 602.942 846.7462 328.0565
v 492.1104 827.4374 299.4591
v 570.2886 827.4374 299.4591
v 492.1104 801.452 272.4603
v 543.5215 801.452 272.4603
v 492.1104 769.7888 252.3871
v 525.2641 769.7888 252.3871
v 492.1104 734.6173 240.0877
v 512.9196 734.8046 240.1531
v 492.1104 695.4713 235.9271
v 508.3374 695.6251 235.9425
v 878.8894 858.6367 441.2263
v 722.0446 858.6367 441.2263
v 878.8894 846.7462 473.9507
v 752.1631 846.7462 473.9507
v 878.8894 826.7916 504.2382
v 785.23 826.6973 504.3285
v 878.8894 800.9182 528.8337
v 810.3997 800.8627 528.8711
v 878.8894 769.4464 549.9271
v 828.4103 769.4229 549.936
v 878.8894 733.4901 563.42
v 841.5347 733.481 563.4208
v 878.8894 694.4672 566.7726
v 846.4716 694.4672 566.7726
v 677.1826 862.6516 231.1752
v 717.9653 858.6367 231.1752
v 717.9653 858.6367 355.5096
v 677.1826 862.6514 396.244
v 748.1677 846.7462 231.1752
v 748.1677 846.7462 324.1039
v 780.4762 827.4374 231.1752
v 780.4762 827.4374 295.7327
v 806.4275 801.452 231.1752
v 806.4275 801.452 268.9107
v 825.0483 769.7888 231.1752
v 825.0483 769.7888 249.1186
v 307.0381 862.6515 574.9028
v 266.2553 858.6366 574.9028
v 266.2553 858.6367 445.4503
v 307.0381 862.6514 404.6798
v 236.0529 846.7462 574.9028
v 236.0529 846.7462 477.9587
v 203.7445 827.4374 574.9028
v 202.8849 826.7321 507.9835
v 177.7932 801.452 574.9028
v 177.344 800.9048 532.3617
v 159.1722 769.7887 574.9028
v 159.0615 769.4695 553.2167
v 145.7958 733.6644 574.9028
v 145.7756 733.5294 566.4886
v 140.7581 694.4672 574.9028
v 140.7581 694.4672 569.768
v 475.9929 694.5951 566.7616
v 471.8298 732.9651 563.4326
v 459.1675 769.1154 549.9878
v 440.1211 801.9457 528.0021
v 412.8766 828.0035 502.7506
v 381.2262 846.7462 473.9507
v 351.5596 858.6367 441.2263
v 311.2334 862.6514 400.4619
v 351.5854 858.6367 359.6985
v 121.5004 862.6516 400.4621
v 121.5004 858.6367 359.6985
v 262.1496 858.6367 359.6985
v 302.8264 862.6514 400.4619
v 121.5004 846.7462 328.0565
v 232.0076 846.7462 328.0565
v 121.5004 827.4374 299.459
v 199.8917 827.4374 299.459
v 121.5004 801.452 272.4603
v 174.3149 801.452 272.4603
v 121.5004 769.7888 252.3871
v 155.9263 769.7888 252.3871
v 121.5004 733.6644 239.7545
v 142.7114 733.6644 239.7545
v 121.5004 694.4672 235.8265
v 137.7491 694.4672 235.8265
v 347.5018 858.6367 445.4731
v 347.5018 858.6366 574.9028
v 377.2328 846.7462 477.9709
v 377.2328 846.7462 574.9028
v 409.0102 827.9857 506.4617
v 410.0359 827.4374 574.9028
v 436.6276 801.9185 531.5421
v 437.196 801.452 574.9028
v 455.9119 769.1898 553.2499
v 455.7183 769.7888 574.9028
v 468.7494 733.1378 566.4709
v 468.7188 733.6645 574.9028
v 473.0042 694.4672 574.9028
v 472.9952 694.5499 569.7612
v 381.2787 846.7462 328.0565
v 413.932 827.4374 299.4591
v 440.6991 801.452 272.4603
v 458.9565 769.7888 252.3871
v 471.3011 734.8046 240.1531
v 475.8832 695.6251 235.9425
v 262.1761 858.6367 441.2263
v 121.5004 858.6367 441.2263
v 232.0575 846.7462 473.9507
v 121.5004 846.7462 473.9507
v 198.9907 826.6973 504.3285
v 121.5004 826.7755 504.2537
v 173.821 800.8627 528.8711
v 121.5004 800.9052 528.8425
v 155.8103 769.4229 549.936
v 121.5004 769.439 549.9299
v 142.6858 733.481 563.4208
v 121.5004 733.4861 563.4204
v 137.7491 694.4672 566.7726
v 121.5004 694.4672 566.7726
v 266.2553 858.6367 355.5096
v 266.2553 858.6367 231.1752
v 307.0381 862.6516 231.1752
v 307.0381 862.6514 396.244
v 236.0529 846.7462 324.1039
v 236.0529 846.7462 231.1752
v 203.7445 827.4374 295.7327
v 203.7445 827.4374 231.1752
v 177.7932 801.452 268.9107
v 177.7932 801.452 231.1752
v 159.1722 769.7888 249.1186
v 159.1722 769.7888 231.1752
v 6.9478 846.7462 477.9587
v 6.9478 846.7462 574.9028
v -23.2546 858.6366 574.9028
v -23.2546 858.6367 445.4568
v 40.1157 826.7321 507.9835
v 39.2562 827.4374 574.9028
v 65.6567 800.9048 532.3617
v 65.2076 801.452 574.9028
v 83.9393 769.4695 553.2167
v 83.8284 769.7887 574.9028
v 97.225 733.5294 566.4886
v 97.2048 733.6644 574.9028
v 102.2427 694.4672 569.768
v 102.2427 694.4672 574.9028
v -19.1552 858.6367 359.6985
v -63.6253 862.6431 400.4619
v 10.9931 846.7462 328.0565
v 43.109 827.4374 299.459
v 68.6859 801.452 272.4603
v 87.0744 769.7888 252.3871
v 100.2892 733.6644 239.7545
v 105.2516 694.4672 235.8265
v -19.1816 858.6367 441.2263
v 10.9432 846.7462 473.9507
v 44.0099 826.6973 504.3285
v 69.1797 800.8627 528.8711
v 87.1905 769.4229 549.936
v 100.3148 733.481 563.4208
v 105.2516 694.4672 566.7726
v -23.2546 858.6367 231.1752
v 6.9479 846.7462 231.1752
v 6.9478 846.7462 324.1039
v -23.2546 858.6367 355.5031
v 39.2562 827.4374 231.1752
v 39.2562 827.4374 295.7327
v 65.2076 801.452 231.1752
v 65.2076 801.452 268.9107
v 83.8284 769.7888 231.1752
v 83.8284 769.7888 249.1186
v 838.4247 733.6644 231.1752
v 838.4247 733.6644 236.6852
v 843.4626 694.4672 231.1752
v 843.4626 694.4672 232.8271
v 636.7188 858.6367 355.4875
v 636.7188 858.6367 231.1752
v 606.9878 846.7462 324.0988
v 606.9878 846.7462 231.1752
v 574.1847 827.4374 295.7553
v 574.1847 827.4374 231.1752
v 547.0246 801.452 268.9244
v 547.0246 801.452 231.1752
v 528.4855 769.7495 249.0988
v 528.3937 769.5355 231.1752
v 515.9811 734.7493 237.0731
v 515.9391 734.5906 231.1752
v 511.3412 695.6089 232.9389
v 511.3384 695.5828 231.1752
v 145.7958 733.6644 236.6852
v 145.7958 733.6644 231.1752
v 140.7581 694.4672 232.8271
v 140.7581 694.4672 231.1752
v 347.5018 858.6367 231.1752
v 347.5018 858.6367 355.4875
v 377.2328 846.7462 231.1752
v 377.2328 846.7462 324.0988
v 410.0359 827.4374 231.1752
v 410.0359 827.4374 295.7553
v 437.196 801.452 231.1752
v 437.196 801.452 268.9244
v 455.827 769.5355 231.1752
v 455.7351 769.7495 249.0988
v 468.2814 734.5906 231.1752
v 468.2396 734.7493 237.0731
v 472.8823 695.5828 231.1752
v 472.8794 695.6089 232.9389
v 97.2048 733.6644 231.1752
v 97.2048 733.6644 236.6852
v 102.2427 694.4672 231.1752
v 102.2427 694.4672 232.8271
v 1106.4644 862.6515 574.9028
v 1065.7006 858.6366 574.9028
v 1065.7006 858.6367 445.2369
v 1106.4644 862.6514 404.6726
v 1026.5034 846.7462 574.9028
v 1026.5034 846.7462 477.7002
v 990.3792 827.4374 574.9028
v 989.5182 826.7308 507.8768
v 958.7159 801.452 574.9028
v 958.2657 800.9036 532.2669
v 932.7305 769.7887 574.9028
v 932.6194 769.4689 553.1787
v 920.1895 733.6644 574.9028
v 920.1693 733.5294 566.4898
v 914.3162 694.4672 574.9028
v 914.3162 694.4672 569.7679
v 1302.2017 733.6644 563.405
v 1302.2017 694.4672 566.7726
v 1301.0188 694.5042 566.7694
v 1296.8159 733.2066 563.4231
v 1302.2017 769.7888 549.7981
v 1281.7693 769.1959 549.9651
v 1302.2017 801.452 528.4742
v 1257.3875 801.9174 528.029
v 1302.2017 827.4374 503.6205
v 1225.6426 827.9857 502.778
v 1302.2017 846.7462 473.9504
v 1190.803 846.7462 473.9507
v 1302.2017 858.6367 441.226
v 1151.5782 858.6367 441.2263
v 1302.2017 862.6516 400.4623
v 1110.675 862.6514 400.4619
v 1151.6147 858.6367 359.6985
v 1302.2017 858.6367 359.6985
v 1061.3138 858.6367 359.6985
v 1102.2537 862.6514 400.4619
v 1022.0596 846.7462 328.0565
v 986.2701 827.4374 299.459
v 954.949 801.452 272.4603
v 929.3533 769.7888 252.3871
v 917.111 733.6644 239.7545
v 911.2986 694.4672 235.8265
v 932.7305 769.7888 249.1549
v 920.1895 733.6644 236.6841
v 920.1895 733.6645 153.2655
v 932.7305 769.7888 140.978
v 914.3162 694.4672 232.8272
v 914.3162 694.4673 159.0776
v 1296.8604 732.8654 150.3068
v 1302.2017 733.6644 150.1871
v 1302.2017 694.4673 156.0604
v 1301.0222 694.4673 156.0604
v 1302.2017 769.7888 137.6461
v 1282.0513 768.6125 138.0544
v 1302.2017 801.452 111.6607
v 1257.8218 801.4521 111.6606
v 1302.2017 827.4374 79.9974
v 1226.4241 827.4375 79.9974
v 1302.2017 846.7463 43.8731
v 1190.4799 846.7463 43.873
v 1302.2017 858.6366 4.6759
v 1151.3988 858.6367 4.6756
v 1147.228 858.6367 445.2369
v 1147.228 858.6366 574.9028
v 1186.4253 846.7462 477.7027
v 1186.4253 846.7462 574.9028
v 1221.5225 827.9865 506.3629
v 1222.5496 827.4374 574.9028
v 1253.6434 801.9193 531.4645
v 1254.2129 801.452 574.9028
v 1278.4253 769.189 553.2195
v 1278.2312 769.7888 574.9028
v 1293.7629 733.1377 566.4684
v 1293.7323 733.6645 574.9028
v 1298.0201 694.4672 574.9028
v 1298.0111 694.5499 569.7612
v 1190.8691 846.7462 328.0565
v 1302.2017 846.7462 328.0566
v 1226.6587 827.4374 299.4591
v 1302.2017 827.4374 299.4591
v 1257.9346 801.452 272.4603
v 1302.2017 801.452 272.4603
v 1281.6097 769.7888 252.3871
v 1302.2017 769.7888 252.3872
v 1296.4578 734.4124 240.016
v 1302.2017 733.6646 239.7545
v 1300.9973 694.7988 235.8597
v 1302.2017 694.4673 235.8265
v 1061.3505 858.6367 441.2263
v 1022.1292 846.7462 473.9507
v 985.3665 826.697 504.3287
v 954.4499 800.8627 528.8712
v 929.2407 769.4229 549.936
v 917.0851 733.481 563.4208
v 911.2985 694.4672 566.7726
v 1065.7006 858.6367 8.8463
v 1106.4644 862.6516 -35.1227
v 1106.4644 862.6514 396.2512
v 1065.7006 858.6367 355.7134
v 1186.4253 846.7463 47.9275
v 1186.4253 846.7462 324.3513
v 1147.228 858.6367 355.7134
v 1147.228 858.6367 8.8463
v 1026.5034 846.7463 47.9275
v 1026.5034 846.7462 324.3513
v 1222.5496 827.4375 83.8719
v 1222.5496 827.4374 295.8518
v 990.3792 827.4375 83.8719
v 990.3792 827.4374 295.8518
v 1254.2129 801.4521 115.3188
v 1254.2129 801.452 269.003
v 958.7159 801.4521 115.3121
v 958.7159 801.452 269.0134
v 1278.8002 768.4633 141.431
v 1278.248 769.7499 249.1323
v 1293.2532 734.7493 237.0771
v 1293.847 732.4999 153.4268
v 1297.8953 695.6089 232.9389
v 1298.0154 694.5121 159.0712
v 911.299 694.4673 156.0604
v 878.8894 694.4673 156.0604
v 878.8894 733.6645 150.1871
v 917.111 733.6645 150.1871
v 878.8894 769.7888 137.646
v 929.3984 769.7888 137.646
v 878.8894 801.4521 111.6607
v 955.0645 801.4521 111.6607
v 878.8894 827.4375 79.9974
v 986.5045 827.4375 79.9974
v 878.8894 846.7463 43.873
v 1022.449 846.7463 43.873
v 878.8894 858.6367 4.6757
v 1061.5299 858.6367 4.6756
v 878.8894 862.5565 -35.1227
v 1101.2888 862.5565 -35.1227
v -63.6253 862.6109 574.9028
v -63.6253 862.627 404.8447
v -63.6253 862.611 231.1752
v -63.6253 862.627 396.0793
v -804.4332 862.6515 574.9028
v -845.2158 858.6366 574.9028
v -845.2158 858.6367 441.2263
v -804.4332 862.6514 400.4619
v -875.4183 846.7462 574.9028
v -875.4183 846.7462 473.9507
v -907.7268 827.4374 574.9028
v -908.6333 826.6934 504.3322
v -933.6781 801.452 574.9028
v -934.1642 800.8599 528.873
v -952.299 769.7887 574.9028
v -952.4265 769.4213 549.9366
v -965.6754 733.6644 574.9028
v -965.703 733.4802 563.4208
v -970.7131 694.4672 574.9028
v -970.7131 694.4672 566.7726
v -619.361 733.0774 563.4282
v -619.361 694.5781 566.7629
v -638.4813 694.5982 566.7612
v -642.7108 732.9481 563.4332
v -619.361 769.2751 549.9426
v -655.5302 769.0999 549.9922
v -619.361 801.7833 528.1574
v -674.8903 801.9567 527.9914
v -619.361 827.7614 503.1228
v -702.5168 828.0156 502.7321
v -619.361 846.7462 473.9504
v -734.2384 846.7462 473.9507
v -619.361 858.6367 441.226
v -763.9694 858.6367 441.2263
v -619.361 862.6516 400.4621
v -763.9694 858.6367 359.6985
v -619.361 858.6367 359.6985
v -845.2158 858.6367 359.6985
v -1006.1399 862.6516 400.4621
v -1006.1399 858.6367 359.6985
v -875.4183 846.7462 328.0565
v -1006.1399 846.7462 328.0565
v -907.7268 827.4374 299.459
v -1006.1399 827.4374 299.459
v -933.6781 801.452 272.4603
v -1006.1399 801.452 272.4603
v -952.299 769.7888 252.3871
v -1006.1399 769.7888 252.3871
v -965.6754 733.6644 239.7545
v -1006.1399 733.6644 239.7545
v -970.7131 694.4672 235.8265
v -1006.1399 694.4672 235.8265
v -763.9694 858.6366 574.9028
v -734.2384 846.7462 574.9028
v -701.4353 827.4374 574.9028
v -674.2753 801.452 574.9028
v -655.7531 769.7888 574.9028
v -642.7524 733.6645 574.9028
v -638.467 694.4672 574.9028
v -734.2384 846.7462 328.0565
v -619.361 846.7462 328.0565
v -701.4353 827.4374 299.4591
v -619.361 827.4374 299.4591
v -674.2753 801.452 272.4603
v -619.361 801.452 272.4603
v -655.7531 769.7888 252.3871
v -619.361 769.7888 252.3871
v -643.2537 734.8322 240.1629
v -619.361 734.6173 240.0877
v -638.5967 695.6536 235.9454
v -619.361 695.4713 235.9271
v -1006.1399 858.6367 441.2263
v -1006.1399 846.7462 473.9507
v -1006.1399 826.7916 504.2382
v -1006.1399 800.9182 528.8337
v -1006.1399 769.4464 549.9271
v -1006.1399 733.4901 563.42
v -1006.1399 694.4672 566.7726
v -845.2158 858.6367 231.1752
v -804.4332 862.6516 231.1752
v -875.4183 846.7462 231.1752
v -907.7268 827.4374 231.1752
v -933.6781 801.452 231.1752
v -952.299 769.7888 231.1752
v -393.506 858.6367 445.4503
v -393.506 858.6366 574.9028
v -434.2887 862.6515 574.9028
v -434.2887 862.6514 404.6798
v -363.3035 846.7462 477.9587
v -363.3035 846.7462 574.9028
v -330.1355 826.7321 507.9835
v -330.9951 827.4374 574.9028
v -304.5947 800.9048 532.3617
v -305.0437 801.452 574.9028
v -286.3121 769.4695 553.2167
v -286.4229 769.7887 574.9028
v -273.0262 733.5294 566.4886
v -273.0464 733.6644 574.9028
v -268.0087 694.4672 569.768
v -268.0087 694.4672 574.9028
v -603.2434 694.5951 566.7616
v -599.0804 732.9651 563.4326
v -586.4181 769.1154 549.9878
v -567.3717 801.9457 528.0021
v -540.1272 828.0035 502.7506
v -508.4768 846.7462 473.9507
v -478.8102 858.6367 441.2263
v -438.484 862.6514 400.4619
v -478.8359 858.6367 359.6985
v -389.4001 858.6367 359.6985
v -248.751 858.6367 359.6985
v -248.751 862.6516 400.4621
v -430.0769 862.6514 400.4619
v -359.2581 846.7462 328.0565
v -248.751 846.7462 328.0565
v -327.1423 827.4374 299.459
v -248.751 827.4374 299.459
v -301.5654 801.452 272.4603
v -248.751 801.452 272.4603
v -283.1769 769.7888 252.3871
v -248.751 769.7888 252.3871
v -269.962 733.6644 239.7545
v -248.751 733.6644 239.7545
v -264.9998 694.4672 235.8265
v -248.751 694.4672 235.8265
v -474.7524 858.6366 574.9028
v -474.7524 858.6367 445.4731
v -504.4834 846.7462 574.9028
v -504.4834 846.7462 477.9709
v -537.2865 827.4374 574.9028
v -536.2609 827.9857 506.4617
v -564.4465 801.452 574.9028
v -563.8781 801.9185 531.5421
v -582.9688 769.7888 574.9028
v -583.1626 769.1898 553.2499
v -595.9694 733.6645 574.9028
v -596.0 733.1378 566.4709
v -600.2548 694.4672 574.9028
v -600.2458 694.5499 569.7612
v -508.5293 846.7462 328.0565
v -541.1826 827.4374 299.4591
v -567.9496 801.452 272.4603
v -586.2072 769.7888 252.3871
v -598.5516 734.8046 240.1531
v -603.1339 695.6251 235.9425
v -248.751 858.6367 441.2263
v -389.4266 858.6367 441.2263
v -248.751 846.7462 473.9507
v -359.3081 846.7462 473.9507
v -248.751 826.7755 504.2537
v -326.2412 826.6973 504.3285
v -248.751 800.9052 528.8425
v -301.0715 800.8627 528.8711
v -248.751 769.439 549.9299
v -283.0609 769.4229 549.936
v -248.751 733.4861 563.4204
v -269.9364 733.481 563.4208
v -248.751 694.4672 566.7726
v -264.9998 694.4672 566.7726
v -434.2887 862.6516 231.1752
v -393.506 858.6367 231.1752
v -393.506 858.6367 355.5096
v -434.2887 862.6514 396.244
v -363.3035 846.7462 231.1752
v -363.3035 846.7462 324.1039
v -330.9951 827.4374 231.1752
v -330.9951 827.4374 295.7327
v -305.0437 801.452 231.1752
v -305.0437 801.452 268.9107
v -286.4229 769.7888 231.1752
v -286.4229 769.7888 249.1186
v -103.996 858.6366 574.9028
v -134.1984 846.7462 574.9028
v -134.1984 846.7462 477.9587
v -103.996 858.6367 445.4568
v -166.5068 827.4374 574.9028
v -167.3663 826.7321 507.9835
v -192.4581 801.452 574.9028
v -192.9073 800.9048 532.3617
v -211.079 769.7887 574.9028
v -211.1899 769.4695 553.2167
v -224.4554 733.6644 574.9028
v -224.4756 733.5294 566.4886
v -229.4933 694.4672 574.9028
v -229.4933 694.4672 569.768
v -108.0954 858.6367 359.6985
v -138.2437 846.7462 328.0565
v -170.3596 827.4374 299.459
v -195.9365 801.452 272.4603
v -214.325 769.7888 252.3871
v -227.5398 733.6644 239.7545
v -232.5023 694.4672 235.8265
v -108.069 858.6367 441.2263
v -138.1938 846.7462 473.9507
v -171.2605 826.6973 504.3285
v -196.4304 800.8627 528.8711
v -214.441 769.4229 549.936
v -227.5654 733.481 563.4208
v -232.5023 694.4672 566.7726
v -134.1984 846.7462 324.1039
v -134.1985 846.7462 231.1752
v -103.996 858.6367 231.1752
v -103.996 858.6367 355.5031
v -166.5068 827.4374 295.7327
v -166.5068 827.4374 231.1752
v -192.4581 801.452 268.9107
v -192.4581 801.452 231.1752
v -211.079 769.7888 249.1186
v -211.079 769.7888 231.1752
v -965.6754 733.6644 231.1752
v -970.7131 694.4672 231.1752
v -763.9694 858.6367 231.1752
v -734.2384 846.7462 231.1752
v -701.4353 827.4374 231.1752
v -674.2753 801.452 231.1752
v -655.6442 769.5355 231.1752
v -643.1898 734.5906 231.1752
v -638.589 695.5828 231.1752
v -273.0464 733.6644 236.6852
v -273.0464 733.6644 231.1752
v -268.0087 694.4672 232.8271
v -268.0087 694.4672 231.1752
v -474.7524 858.6367 355.4875
v -474.7524 858.6367 231.1752
v -504.4834 846.7462 324.0988
v -504.4834 846.7462 231.1752
v -537.2865 827.4374 295.7553
v -537.2865 827.4374 231.1752
v -564.4465 801.452 268.9244
v -564.4465 801.452 231.1752
v -582.9857 769.7495 249.0988
v -583.0776 769.5355 231.1752
v -595.4901 734.7493 237.0731
v -595.532 734.5906 231.1752
v -600.13 695.6089 232.9389
v -600.1328 695.5828 231.1752
v -224.4554 733.6644 236.6852
v -224.4554 733.6644 231.1752
v -229.4933 694.4672 232.8271
v -229.4933 694.4672 231.1752
v -1192.9514 858.6367 441.2263
v -1192.9514 858.6366 574.9028
v -1233.715 862.6515 574.9028
v -1233.715 862.6514 400.4619
v -1153.7542 846.7462 473.9507
v -1153.7542 846.7462 574.9028
v -1116.7233 826.6934 504.3322
v -1117.6298 827.4374 574.9028
v -1085.4805 800.8599 528.873
v -1085.9664 801.452 574.9028
v -1059.8536 769.4213 549.9366
v -1059.9811 769.7887 574.9028
v -1047.4125 733.4802 563.4208
v -1047.4401 733.6644 574.9028
v -1041.5667 694.4672 566.7726
v -1041.5667 694.4672 574.9028
v -1425.2563 694.5982 566.7612
v -1429.4524 694.4672 566.7726
v -1429.4524 733.6644 563.405
v -1421.0247 732.9481 563.4332
v -1429.4524 769.7888 549.7981
v -1405.7048 769.0999 549.9922
v -1429.4524 801.452 528.4742
v -1380.8484 801.9567 527.9914
v -1429.4524 827.4374 503.6205
v -1348.7185 828.0156 502.7321
v -1429.4524 846.7462 473.9504
v -1313.676 846.7462 473.9507
v -1429.4524 858.6367 441.226
v -1274.4788 858.6367 441.2263
v -1429.4524 862.6516 400.4623
v -1274.4788 858.6367 359.6985
v -1429.4524 858.6367 359.6985
v -1192.9514 858.6367 359.6985
v -1153.7542 846.7462 328.0565
v -1117.6298 827.4374 299.459
v -1085.9664 801.452 272.4603
v -1059.9811 769.7888 252.3871
v -1047.4401 733.6644 239.7545
v -1041.5667 694.4672 235.8265
v -1047.4401 733.6645 150.1871
v -1059.9811 769.7888 137.646
v -1041.5667 694.4673 156.0604
v -1421.1194 732.4178 150.3738
v -1425.2708 694.4673 156.0603
v -1429.4524 694.4673 156.0604
v -1429.4524 733.6644 150.1871
v -1429.4524 769.7888 137.6461
v -1406.0676 768.4237 138.1199
v -1429.4524 801.452 111.6607
v -1381.4634 801.4521 111.6606
v -1429.4524 827.4374 79.9974
v -1349.8 827.4375 79.9974
v -1429.4524 846.7463 43.8731
v -1313.676 846.7463 43.873
v -1429.4524 858.6366 4.6759
v -1274.4788 858.6367 4.6756
v -1274.4788 858.6366 574.9028
v -1313.676 846.7462 574.9028
v -1349.8 827.4374 574.9028
v -1381.4634 801.452 574.9028
v -1405.4822 769.7888 574.9028
v -1420.9832 733.6645 574.9028
v -1425.2708 694.4672 574.9028
v -1313.676 846.7462 328.0565
v -1429.4524 846.7462 328.0566
v -1349.8 827.4374 299.4591
v -1429.4524 827.4374 299.4591
v -1381.4634 801.452 272.4603
v -1429.4524 801.452 272.4603
v -1405.4822 769.7888 252.3871
v -1429.4524 769.7888 252.3872
v -1420.4819 734.8322 240.1629
v -1429.4524 733.6646 239.7545
v -1425.1411 695.6536 235.9454
v -1429.4524 694.4673 235.8265
v -1233.715 862.6516 -35.1227
v -1232.7501 862.5565 -35.1227
v -1192.9514 858.6367 4.6756
v -1153.7542 846.7463 43.873
v -1117.6298 827.4375 79.9974
v -1085.9664 801.4521 111.6607
v -1006.1399 733.6645 150.1871
v -1006.1399 694.4673 156.0604
v -1006.1399 769.7888 137.646
v -1006.1399 801.4521 111.6607
v -1006.1399 827.4375 79.9974
v -1006.1399 846.7463 43.873
v -1006.1399 858.6367 4.6757
v -1006.1399 862.5565 -35.1227
v 1302.2017 862.5565 -35.1227
v 1111.6399 862.5565 -35.1227
v -1429.4524 862.5565 -35.1227
v -1234.6798 862.5565 -35.1227
v 1106.4644 862.6514 400.4619
v 677.1826 862.6514 400.4619
v 307.0381 862.6514 400.4619
v -434.2887 862.6514 400.4619
v 717.9653 858.6368 -515.6957
v 677.1826 862.6516 -474.9253
v 677.1826 862.6517 -645.1482
v 717.9653 858.6368 -645.1482
v 748.1677 846.7463 -548.2042
v 748.1677 846.7464 -645.1482
v 781.3358 826.7322 -578.2289
v 780.4762 827.4376 -645.1482
v 806.8767 800.905 -602.6072
v 806.4275 801.4522 -645.1482
v 825.1592 769.4697 -623.4622
v 825.0483 769.7889 -645.1482
v 838.4449 733.5296 -636.7342
v 838.4247 733.6646 -645.1482
v 843.4626 694.4674 -640.0134
v 843.4626 694.4674 -645.1482
v 508.2278 694.5953 -637.007
v 512.3908 732.9653 -633.6781
v 492.1104 733.0776 -633.6736
v 492.1104 694.5783 -637.0083
v 525.0531 769.1156 -620.2332
v 492.1104 769.2753 -620.188
v 544.0995 801.9459 -598.2475
v 492.1104 801.7834 -598.4029
v 571.3441 828.0037 -572.996
v 492.1104 827.7615 -573.3683
v 602.9944 846.7463 -544.196
v 492.1104 846.7463 -544.1959
v 632.6611 858.6368 -511.4716
v 492.1104 858.6368 -511.4714
v 672.9873 862.6516 -470.7072
v 492.1104 862.6517 -470.7075
v 632.6352 858.6368 -429.9438
v 492.1104 858.6368 -429.9438
v 722.071 858.6368 -429.9438
v 681.3943 862.6516 -470.7072
v 878.8893 862.6517 -470.7075
v 878.8893 858.6368 -429.9438
v 752.213 846.7463 -398.3019
v 878.8893 846.7463 -398.3019
v 784.329 827.4376 -369.7045
v 878.8893 827.4376 -369.7045
v 809.9058 801.4521 -342.7057
v 878.8893 801.4521 -342.7057
v 828.2943 769.7889 -322.6326
v 878.8893 769.7889 -322.6326
v 841.5092 733.6646 -310.0
v 878.8893 733.6646 -310.0
v 846.4716 694.4673 -306.0719
v 878.8893 694.4673 -306.0719
v 636.7188 858.6368 -515.7185
v 636.7188 858.6368 -645.1482
v 606.9878 846.7463 -548.2162
v 606.9878 846.7464 -645.1482
v 575.2104 827.9858 -576.7072
v 574.1847 827.4376 -645.1482
v 547.593 801.9187 -601.7875
v 547.0246 801.4522 -645.1482
v 528.3087 769.19 -623.4954
v 528.5024 769.789 -645.1482
v 515.4713 733.138 -636.7165
v 515.5019 733.6647 -645.1482
v 511.2255 694.5501 -640.0066
v 511.2164 694.4674 -645.1482
v 602.942 846.7463 -398.3019
v 492.1104 846.7463 -398.3019
v 570.2886 827.4376 -369.7045
v 492.1104 827.4376 -369.7046
v 543.5216 801.4521 -342.7057
v 492.1104 801.4521 -342.7057
v 525.2642 769.7889 -322.6326
v 492.1104 769.7889 -322.6326
v 512.9196 734.8047 -310.3986
v 492.1104 734.6174 -310.3332
v 508.3373 695.6252 -306.1879
v 492.1104 695.4714 -306.1725
v 722.0446 858.6368 -511.4716
v 878.8893 858.6368 -511.4716
v 752.1631 846.7463 -544.196
v 878.8893 846.7463 -544.196
v 785.23 826.6975 -574.574
v 878.8893 826.7918 -574.4837
v 810.3997 800.8629 -599.1166
v 878.8893 800.9183 -599.0792
v 828.4103 769.423 -620.1814
v 878.8893 769.4466 -620.1725
v 841.5348 733.4812 -633.6662
v 878.8893 733.4903 -633.6655
v 846.4716 694.4674 -637.018
v 878.8893 694.4674 -637.018
v 717.9653 858.6368 -425.7549
v 717.9653 858.6368 -301.4207
v 677.1826 862.6517 -301.4207
v 677.1826 862.6516 -466.4893
v 748.1677 846.7463 -394.3492
v 748.1677 846.7463 -301.4207
v 780.4762 827.4376 -365.9782
v 780.4762 827.4376 -301.4207
v 806.4275 801.4521 -339.1562
v 806.4275 801.4521 -301.4207
v 825.0483 769.7889 -319.3641
v 825.0483 769.7889 -301.4207
v 266.2553 858.6368 -515.6957
v 266.2553 858.6368 -645.1482
v 307.0381 862.6517 -645.1482
v 307.0381 862.6516 -474.9253
v 236.0529 846.7463 -548.2042
v 236.0529 846.7464 -645.1482
v 202.8849 826.7322 -578.2289
v 203.7445 827.4376 -645.1482
v 177.344 800.905 -602.6072
v 177.7932 801.4522 -645.1482
v 159.0615 769.4697 -623.4622
v 159.1722 769.7889 -645.1482
v 145.7756 733.5296 -636.7342
v 145.7958 733.6646 -645.1482
v 140.7581 694.4674 -640.0134
v 140.7581 694.4674 -645.1482
v 475.9929 694.5953 -637.007
v 471.8298 732.9653 -633.6781
v 459.1675 769.1156 -620.2332
v 440.1211 801.9459 -598.2475
v 412.8766 828.0037 -572.996
v 381.2262 846.7463 -544.196
v 351.5596 858.6368 -511.4716
v 311.2334 862.6516 -470.7072
v 351.5854 858.6368 -429.9438
v 262.1496 858.6368 -429.9438
v 121.5004 858.6368 -429.9438
v 121.5004 862.6517 -470.7075
v 302.8264 862.6516 -470.7072
v 232.0076 846.7463 -398.3019
v 121.5004 846.7463 -398.3019
v 199.8917 827.4376 -369.7045
v 121.5004 827.4376 -369.7045
v 174.3149 801.4521 -342.7057
v 121.5004 801.4521 -342.7057
v 155.9263 769.7889 -322.6326
v 121.5004 769.7889 -322.6326
v 142.7114 733.6646 -310.0
v 121.5004 733.6646 -310.0
v 137.7491 694.4673 -306.0719
v 121.5004 694.4673 -306.0719
v 347.5018 858.6368 -515.7185
v 347.5018 858.6368 -645.1482
v 377.2328 846.7463 -548.2162
v 377.2328 846.7464 -645.1482
v 409.0102 827.9858 -576.7072
v 410.0359 827.4376 -645.1482
v 436.6276 801.9187 -601.7875
v 437.196 801.4522 -645.1482
v 455.9119 769.19 -623.4954
v 455.7183 769.789 -645.1482
v 468.7493 733.138 -636.7165
v 468.7188 733.6647 -645.1482
v 473.0042 694.4674 -645.1482
v 472.9952 694.5501 -640.0066
v 381.2787 846.7463 -398.3019
v 413.932 827.4376 -369.7045
v 440.6991 801.4521 -342.7057
v 458.9565 769.7889 -322.6326
v 471.3011 734.8047 -310.3986
v 475.8833 695.6252 -306.1879
v 262.1761 858.6368 -511.4716
v 121.5004 858.6368 -511.4716
v 232.0575 846.7463 -544.196
v 121.5004 846.7463 -544.196
v 198.9907 826.6975 -574.574
v 121.5004 826.7756 -574.4992
v 173.821 800.8629 -599.1166
v 121.5004 800.9053 -599.088
v 155.8103 769.423 -620.1814
v 121.5004 769.4391 -620.1753
v 142.6858 733.4812 -633.6662
v 121.5004 733.4863 -633.6658
v 137.7491 694.4674 -637.018
v 121.5004 694.4674 -637.018
v 266.2553 858.6368 -425.7549
v 307.0381 862.6516 -466.4893
v 307.0381 862.6517 -301.4207
v 266.2553 858.6368 -301.4207
v 236.0529 846.7463 -394.3492
v 236.0529 846.7463 -301.4207
v 203.7445 827.4376 -365.9782
v 203.7445 827.4376 -301.4207
v 177.7932 801.4521 -339.1562
v 177.7932 801.4521 -301.4207
v 159.1722 769.7889 -319.3641
v 159.1722 769.7889 -301.4207
v 6.9478 846.7463 -548.2042
v -23.2546 858.6368 -515.7021
v -23.2546 858.6368 -645.1482
v 6.9478 846.7464 -645.1482
v 40.1157 826.7322 -578.2289
v 39.2562 827.4376 -645.1482
v 65.6567 800.905 -602.6072
v 65.2076 801.4522 -645.1482
v 83.9393 769.4697 -623.4622
v 83.8284 769.7889 -645.1482
v 97.225 733.5296 -636.7342
v 97.2048 733.6646 -645.1482
v 102.2427 694.4674 -640.0134
v 102.2427 694.4674 -645.1482
v -19.1552 858.6368 -429.9438
v -63.6253 862.6432 -470.7072
v 10.9931 846.7463 -398.3019
v 43.109 827.4376 -369.7045
v 68.6859 801.4521 -342.7057
v 87.0744 769.7889 -322.6326
v 100.2892 733.6646 -310.0
v 105.2516 694.4673 -306.0719
v -19.1816 858.6368 -511.4716
v 10.9432 846.7463 -544.196
v 44.0099 826.6975 -574.574
v 69.1797 800.8629 -599.1166
v 87.1905 769.423 -620.1814
v 100.3148 733.4812 -633.6662
v 105.2516 694.4674 -637.018
v 6.9478 846.7463 -394.3492
v 6.9479 846.7463 -301.4207
v -23.2546 858.6368 -301.4207
v -23.2546 858.6368 -425.7484
v 39.2562 827.4376 -365.9782
v 39.2562 827.4376 -301.4207
v 65.2076 801.4521 -339.1562
v 65.2076 801.4521 -301.4207
v 83.8284 769.7889 -319.3641
v 83.8284 769.7889 -301.4207
v 838.4247 733.6646 -306.9306
v 838.4247 733.6646 -301.4207
v 843.4626 694.4673 -303.0726
v 843.4626 694.4673 -301.4207
v 636.7188 858.6368 -425.7328
v 636.7188 858.6368 -301.4207
v 606.9878 846.7463 -394.3441
v 606.9878 846.7463 -301.4207
v 574.1847 827.4376 -366.0007
v 574.1847 827.4376 -301.4207
v 547.0246 801.4521 -339.1699
v 547.0246 801.4521 -301.4207
v 528.4855 769.7496 -319.3443
v 528.3937 769.5356 -301.4207
v 515.9811 734.7494 -307.3185
v 515.9391 734.5908 -301.4207
v 511.3412 695.6091 -303.1844
v 511.3384 695.5829 -301.4207
v 145.7958 733.6646 -306.9306
v 145.7958 733.6646 -301.4207
v 140.7581 694.4673 -303.0726
v 140.7581 694.4673 -301.4207
v 347.5018 858.6368 -425.7328
v 347.5018 858.6368 -301.4207
v 377.2328 846.7463 -394.3441
v 377.2328 846.7463 -301.4207
v 410.0359 827.4376 -366.0007
v 410.0359 827.4376 -301.4207
v 437.196 801.4521 -339.1699
v 437.196 801.4521 -301.4207
v 455.7351 769.7496 -319.3443
v 455.827 769.5356 -301.4207
v 468.2396 734.7494 -307.3185
v 468.2814 734.5908 -301.4207
v 472.8794 695.6091 -303.1844
v 472.8823 695.5829 -301.4207
v 97.2048 733.6646 -306.9306
v 97.2048 733.6646 -301.4207
v 102.2427 694.4673 -303.0726
v 102.2427 694.4673 -301.4207
v 1065.7006 858.6368 -515.4824
v 1065.7006 858.6368 -645.1482
v 1106.4644 862.6517 -645.1482
v 1106.4644 862.6516 -474.9181
v 1026.5034 846.7463 -547.9456
v 1026.5034 846.7464 -645.1482
v 989.5182 826.731 -578.1222
v 990.3792 827.4376 -645.1482
v 958.2657 800.9038 -602.5124
v 958.7159 801.4522 -645.1482
v 932.6194 769.4691 -623.4241
v 932.7305 769.7889 -645.1482
v 920.1693 733.5296 -636.7353
v 920.1895 733.6646 -645.1482
v 914.3161 694.4674 -640.0134
v 914.3161 694.4674 -645.1482
v 1301.0188 694.5044 -637.0148
v 1302.2017 694.4674 -637.018
v 1302.2017 733.6646 -633.6504
v 1296.8159 733.2068 -633.6685
v 1302.2017 769.7889 -620.0436
v 1281.7692 769.1961 -620.2104
v 1302.2017 801.4522 -598.7196
v 1257.3875 801.9176 -598.2746
v 1302.2017 827.4376 -573.866
v 1225.6425 827.9858 -573.0235
v 1302.2017 846.7463 -544.1959
v 1190.803 846.7463 -544.196
v 1302.2017 858.6368 -511.4713
v 1151.5782 858.6368 -511.4716
v 1302.2017 862.6517 -470.7076
v 1110.675 862.6516 -470.7072
v 1151.6149 858.6368 -429.9438
v 1302.2017 858.6368 -429.9439
v 1061.3138 858.6368 -429.9438
v 1102.2537 862.6516 -470.7072
v 1022.0596 846.7463 -398.3019
v 986.2701 827.4376 -369.7045
v 954.949 801.4521 -342.7057
v 929.3533 769.7889 -322.6326
v 917.111 733.6646 -310.0
v 911.2986 694.4673 -306.0719
v 920.1895 733.6646 -223.511
v 920.1895 733.6646 -306.9296
v 932.7305 769.7889 -319.4003
v 932.7305 769.7889 -211.2235
v 914.3161 694.4673 -229.323
v 914.3161 694.4673 -303.0727
v 1296.8604 732.8655 -220.5523
v 1301.0222 694.4673 -226.3058
v 1302.2017 694.4673 -226.3058
v 1302.2017 733.6645 -220.4325
v 1302.2017 769.7889 -207.8915
v 1282.0513 768.6125 -208.2999
v 1302.2017 801.452 -181.9062
v 1257.8217 801.4521 -181.9061
v 1302.2017 827.4374 -150.2429
v 1226.4241 827.4375 -150.2428
v 1302.2017 846.7463 -114.1185
v 1190.4799 846.7463 -114.1185
v 1302.2017 858.6366 -74.9214
v 1151.3988 858.6367 -74.9211
v 1147.2281 858.6368 -515.4824
v 1147.2281 858.6368 -645.1482
v 1186.4253 846.7463 -547.9481
v 1186.4253 846.7464 -645.1482
v 1221.5225 827.9866 -576.6083
v 1222.5496 827.4376 -645.1482
v 1253.6433 801.9195 -601.7099
v 1254.2129 801.4522 -645.1482
v 1278.4253 769.1892 -623.4649
v 1278.2312 769.789 -645.1482
v 1293.7631 733.1379 -636.7138
v 1293.7323 733.6647 -645.1482
v 1298.0201 694.4674 -645.1482
v 1298.0111 694.5501 -640.0066
v 1190.8691 846.7463 -398.3019
v 1302.2017 846.7463 -398.302
v 1226.6587 827.4376 -369.7045
v 1302.2017 827.4376 -369.7046
v 1257.9344 801.4521 -342.7057
v 1302.2017 801.4521 -342.7058
v 1281.6097 769.7889 -322.6326
v 1302.2017 769.7889 -322.6326
v 1296.4578 734.4125 -310.2614
v 1302.2017 733.6647 -310.0
v 1300.9973 694.7989 -306.1052
v 1302.2017 694.4675 -306.072
v 1061.3505 858.6368 -511.4716
v 1022.1292 846.7463 -544.196
v 985.3665 826.6972 -574.5741
v 954.45 800.8629 -599.1166
v 929.2407 769.423 -620.1814
v 917.0851 733.4812 -633.6662
v 911.2985 694.4674 -637.018
v 1106.4644 862.6516 -466.4966
v 1065.7006 858.6367 -79.0918
v 1065.7006 858.6368 -425.9587
v 1186.4253 846.7463 -118.173
v 1147.2281 858.6367 -79.0917
v 1147.2281 858.6368 -425.9587
v 1186.4253 846.7463 -394.5967
v 1026.5034 846.7463 -118.173
v 1026.5034 846.7463 -394.5967
v 1222.5496 827.4375 -154.1174
v 1222.5496 827.4376 -366.0973
v 990.3792 827.4375 -154.1174
v 990.3792 827.4376 -366.0973
v 1254.2129 801.4521 -185.5643
v 1254.2129 801.4521 -339.2485
v 958.7159 801.4521 -185.5576
v 958.7159 801.4521 -339.2588
v 1278.8002 768.4634 -211.6765
v 1278.2479 769.7501 -319.3777
v 1293.2532 734.7495 -307.3226
v 1293.8469 732.4999 -223.6723
v 1297.8953 695.6091 -303.1844
v 1298.0154 694.5121 -229.3167
v 911.299 694.4673 -226.3058
v 917.1111 733.6646 -220.4325
v 878.8893 733.6646 -220.4325
v 878.8893 694.4673 -226.3058
v 929.3985 769.7889 -207.8915
v 878.8893 769.7889 -207.8915
v 955.0645 801.4521 -181.9061
v 878.8893 801.4521 -181.9061
v 986.5045 827.4375 -150.2428
v 878.8893 827.4375 -150.2429
v 1022.4489 846.7463 -114.1184
v 878.8893 846.7463 -114.1184
v 1061.5299 858.6367 -74.9211
v 878.8893 858.6367 -74.9211
v -63.6253 862.6111 -645.1482
v -63.6253 862.6271 -475.0899
v -63.6253 862.6111 -301.4207
v -63.6253 862.6271 -466.3246
v -845.2158 858.6368 -511.4716
v -845.2158 858.6368 -645.1482
v -804.4332 862.6517 -645.1482
v -804.4332 862.6516 -470.7072
v -875.4183 846.7463 -544.196
v -875.4183 846.7464 -645.1482
v -908.6333 826.6936 -574.5777
v -907.7268 827.4376 -645.1482
v -934.1642 800.8601 -599.1184
v -933.6781 801.4522 -645.1482
v -952.4265 769.4214 -620.182
v -952.299 769.7889 -645.1482
v -965.703 733.4804 -633.6663
v -965.6754 733.6646 -645.1482
v -970.7131 694.4674 -637.018
v -970.7131 694.4674 -645.1482
v -638.4813 694.5984 -637.0067
v -619.361 694.5783 -637.0083
v -619.361 733.0776 -633.6736
v -642.7108 732.9483 -633.6786
v -619.361 769.2753 -620.188
v -655.5302 769.1 -620.2375
v -619.361 801.7834 -598.4029
v -674.8903 801.9569 -598.2368
v -619.361 827.7615 -573.3683
v -702.5168 828.0157 -572.9776
v -619.361 846.7463 -544.1959
v -734.2384 846.7463 -544.196
v -619.361 858.6368 -511.4714
v -763.9694 858.6368 -511.4716
v -619.361 862.6517 -470.7075
v -763.9694 858.6368 -429.9438
v -619.361 858.6368 -429.9438
v -845.2158 858.6368 -429.9438
v -1006.1399 858.6368 -429.9438
v -1006.1399 862.6517 -470.7075
v -875.4183 846.7463 -398.3019
v -1006.1399 846.7463 -398.3019
v -907.7268 827.4376 -369.7045
v -1006.1399 827.4376 -369.7045
v -933.6781 801.4521 -342.7057
v -1006.1399 801.4521 -342.7057
v -952.299 769.7889 -322.6326
v -1006.1399 769.7889 -322.6326
v -965.6754 733.6646 -310.0
v -1006.1399 733.6646 -310.0
v -970.7131 694.4673 -306.0719
v -1006.1399 694.4673 -306.0719
v -763.9694 858.6368 -645.1482
v -734.2384 846.7464 -645.1482
v -701.4353 827.4376 -645.1482
v -674.2753 801.4522 -645.1482
v -655.7531 769.789 -645.1482
v -642.7524 733.6647 -645.1482
v -638.467 694.4674 -645.1482
v -734.2384 846.7463 -398.3019
v -619.361 846.7463 -398.3019
v -701.4353 827.4376 -369.7045
v -619.361 827.4376 -369.7046
v -674.2753 801.4521 -342.7057
v -619.361 801.4521 -342.7057
v -655.7531 769.7889 -322.6326
v -619.361 769.7889 -322.6326
v -643.2537 734.8323 -310.4083
v -619.361 734.6174 -310.3332
v -638.5967 695.6537 -306.1908
v -619.361 695.4714 -306.1725
v -1006.1399 858.6368 -511.4716
v -1006.1399 846.7463 -544.196
v -1006.1399 826.7918 -574.4837
v -1006.1399 800.9183 -599.0792
v -1006.1399 769.4466 -620.1725
v -1006.1399 733.4903 -633.6655
v -1006.1399 694.4674 -637.018
v -804.4332 862.6517 -301.4207
v -845.2158 858.6368 -301.4207
v -875.4183 846.7463 -301.4207
v -907.7268 827.4376 -301.4207
v -933.6781 801.4521 -301.4207
v -952.299 769.7889 -301.4207
v -393.506 858.6368 -515.6957
v -434.2887 862.6516 -474.9253
v -434.2887 862.6517 -645.1482
v -393.506 858.6368 -645.1482
v -363.3035 846.7463 -548.2042
v -363.3035 846.7464 -645.1482
v -330.1355 826.7322 -578.2289
v -330.9951 827.4376 -645.1482
v -304.5947 800.905 -602.6072
v -305.0437 801.4522 -645.1482
v -286.3121 769.4697 -623.4622
v -286.4229 769.7889 -645.1482
v -273.0262 733.5296 -636.7342
v -273.0464 733.6646 -645.1482
v -268.0087 694.4674 -640.0134
v -268.0087 694.4674 -645.1482
v -603.2434 694.5953 -637.007
v -599.0804 732.9653 -633.6781
v -586.4181 769.1156 -620.2332
v -567.3717 801.9459 -598.2475
v -540.1272 828.0037 -572.996
v -508.4768 846.7463 -544.196
v -478.8102 858.6368 -511.4716
v -438.484 862.6516 -470.7072
v -478.8359 858.6368 -429.9438
v -389.4001 858.6368 -429.9438
v -430.0769 862.6516 -470.7072
v -248.751 862.6517 -470.7075
v -248.751 858.6368 -429.9438
v -359.2581 846.7463 -398.3019
v -248.751 846.7463 -398.3019
v -327.1423 827.4376 -369.7045
v -248.751 827.4376 -369.7045
v -301.5654 801.4521 -342.7057
v -248.751 801.4521 -342.7057
v -283.1769 769.7889 -322.6326
v -248.751 769.7889 -322.6326
v -269.962 733.6646 -310.0
v -248.751 733.6646 -310.0
v -264.9998 694.4673 -306.0719
v -248.751 694.4673 -306.0719
v -474.7524 858.6368 -515.7185
v -474.7524 858.6368 -645.1482
v -504.4834 846.7463 -548.2162
v -504.4834 846.7464 -645.1482
v -536.2609 827.9858 -576.7072
v -537.2865 827.4376 -645.1482
v -563.8781 801.9187 -601.7875
v -564.4465 801.4522 -645.1482
v -583.1626 769.19 -623.4954
v -582.9688 769.789 -645.1482
v -596.0 733.138 -636.7165
v -595.9694 733.6647 -645.1482
v -600.2458 694.5501 -640.0066
v -600.2548 694.4674 -645.1482
v -508.5293 846.7463 -398.3019
v -541.1826 827.4376 -369.7045
v -567.9496 801.4521 -342.7057
v -586.2072 769.7889 -322.6326
v -598.5516 734.8047 -310.3986
v -603.1339 695.6252 -306.1879
v -389.4266 858.6368 -511.4716
v -248.751 858.6368 -511.4716
v -359.3081 846.7463 -544.196
v -248.751 846.7463 -544.196
v -326.2412 826.6975 -574.574
v -248.751 826.7756 -574.4992
v -301.0715 800.8629 -599.1166
v -248.751 800.9053 -599.088
v -283.0609 769.423 -620.1814
v -248.751 769.4391 -620.1753
v -269.9364 733.4812 -633.6662
v -248.751 733.4863 -633.6658
v -264.9998 694.4674 -637.018
v -248.751 694.4674 -637.018
v -393.506 858.6368 -425.7549
v -393.506 858.6368 -301.4207
v -434.2887 862.6517 -301.4207
v -434.2887 862.6516 -466.4893
v -363.3035 846.7463 -394.3492
v -363.3035 846.7463 -301.4207
v -330.9951 827.4376 -365.9782
v -330.9951 827.4376 -301.4207
v -305.0437 801.4521 -339.1562
v -305.0437 801.4521 -301.4207
v -286.4229 769.7889 -319.3641
v -286.4229 769.7889 -301.4207
v -134.1984 846.7463 -548.2042
v -134.1984 846.7464 -645.1482
v -103.996 858.6368 -645.1482
v -103.996 858.6368 -515.7021
v -167.3663 826.7322 -578.2289
v -166.5068 827.4376 -645.1482
v -192.9073 800.905 -602.6072
v -192.4581 801.4522 -645.1482
v -211.1899 769.4697 -623.4622
v -211.079 769.7889 -645.1482
v -224.4756 733.5296 -636.7342
v -224.4554 733.6646 -645.1482
v -229.4933 694.4674 -640.0134
v -229.4933 694.4674 -645.1482
v -108.0954 858.6368 -429.9438
v -138.2437 846.7463 -398.3019
v -170.3596 827.4376 -369.7045
v -195.9365 801.4521 -342.7057
v -214.325 769.7889 -322.6326
v -227.5398 733.6646 -310.0
v -232.5023 694.4673 -306.0719
v -108.069 858.6368 -511.4716
v -138.1938 846.7463 -544.196
v -171.2605 826.6975 -574.574
v -196.4304 800.8629 -599.1166
v -214.441 769.423 -620.1814
v -227.5654 733.4812 -633.6662
v -232.5023 694.4674 -637.018
v -134.1984 846.7463 -394.3492
v -103.996 858.6368 -425.7484
v -103.996 858.6368 -301.4207
v -134.1985 846.7463 -301.4207
v -166.5068 827.4376 -365.9782
v -166.5068 827.4376 -301.4207
v -192.4581 801.4521 -339.1562
v -192.4581 801.4521 -301.4207
v -211.079 769.7889 -319.3641
v -211.079 769.7889 -301.4207
v -965.6754 733.6646 -301.4207
v -970.7131 694.4673 -301.4207
v -763.9694 858.6368 -301.4207
v -734.2384 846.7463 -301.4207
v -701.4353 827.4376 -301.4207
v -674.2753 801.4521 -301.4207
v -655.6442 769.5356 -301.4207
v -643.1898 734.5908 -301.4207
v -638.589 695.5829 -301.4207
v -273.0464 733.6646 -306.9306
v -273.0464 733.6646 -301.4207
v -268.0087 694.4673 -303.0726
v -268.0087 694.4673 -301.4207
v -474.7524 858.6368 -301.4207
v -474.7524 858.6368 -425.7328
v -504.4834 846.7463 -301.4207
v -504.4834 846.7463 -394.3441
v -537.2865 827.4376 -301.4207
v -537.2865 827.4376 -366.0007
v -564.4465 801.4521 -301.4207
v -564.4465 801.4521 -339.1699
v -583.0776 769.5356 -301.4207
v -582.9857 769.7496 -319.3443
v -595.532 734.5908 -301.4207
v -595.4901 734.7494 -307.3185
v -600.1328 695.5829 -301.4207
v -600.13 695.6091 -303.1844
v -224.4554 733.6646 -301.4207
v -224.4554 733.6646 -306.9306
v -229.4933 694.4673 -301.4207
v -229.4933 694.4673 -303.0726
v -1233.715 862.6517 -645.1482
v -1192.9514 858.6368 -645.1482
v -1192.9514 858.6368 -511.4716
v -1233.715 862.6516 -470.7072
v -1153.7542 846.7464 -645.1482
v -1153.7542 846.7463 -544.196
v -1117.6298 827.4376 -645.1482
v -1116.7233 826.6936 -574.5777
v -1085.9664 801.4522 -645.1482
v -1085.4805 800.8601 -599.1184
v -1059.9811 769.7889 -645.1482
v -1059.8536 769.4214 -620.182
v -1047.4401 733.6646 -645.1482
v -1047.4125 733.4804 -633.6663
v -1041.5667 694.4674 -645.1482
v -1041.5667 694.4674 -637.018
v -1429.4524 733.6646 -633.6504
v -1429.4524 694.4674 -637.018
v -1425.2563 694.5984 -637.0067
v -1421.0247 732.9483 -633.6786
v -1429.4524 769.7889 -620.0436
v -1405.7048 769.1 -620.2375
v -1429.4524 801.4522 -598.7196
v -1380.8484 801.9569 -598.2368
v -1429.4524 827.4376 -573.866
v -1348.7185 828.0157 -572.9776
v -1429.4524 846.7463 -544.1959
v -1313.676 846.7463 -544.196
v -1429.4524 858.6368 -511.4713
v -1274.4788 858.6368 -511.4716
v -1429.4524 862.6517 -470.7076
v -1274.4788 858.6368 -429.9438
v -1429.4524 858.6368 -429.9439
v -1192.9514 858.6368 -429.9438
v -1153.7542 846.7463 -398.3019
v -1117.6298 827.4376 -369.7045
v -1085.9664 801.4521 -342.7057
v -1059.9811 769.7889 -322.6326
v -1047.4401 733.6646 -310.0
v -1041.5667 694.4673 -306.0719
v -1047.4401 733.6646 -220.4325
v -1059.9811 769.7889 -207.8915
v -1041.5667 694.4673 -226.3058
v -1421.1194 732.4178 -220.6193
v -1429.4524 733.6645 -220.4325
v -1429.4524 694.4673 -226.3058
v -1425.2708 694.4673 -226.3058
v -1429.4524 769.7889 -207.8915
v -1406.0676 768.4238 -208.3654
v -1429.4524 801.452 -181.9062
v -1381.4634 801.4521 -181.9061
v -1429.4524 827.4374 -150.2429
v -1349.8 827.4375 -150.2428
v -1429.4524 846.7463 -114.1185
v -1313.676 846.7463 -114.1185
v -1429.4524 858.6366 -74.9214
v -1274.4788 858.6367 -74.9211
v -1274.4788 858.6368 -645.1482
v -1313.676 846.7464 -645.1482
v -1349.8 827.4376 -645.1482
v -1381.4634 801.4522 -645.1482
v -1405.4822 769.789 -645.1482
v -1420.9832 733.6647 -645.1482
v -1425.2708 694.4674 -645.1482
v -1313.676 846.7463 -398.3019
v -1429.4524 846.7463 -398.302
v -1349.8 827.4376 -369.7045
v -1429.4524 827.4376 -369.7046
v -1381.4634 801.4521 -342.7057
v -1429.4524 801.4521 -342.7058
v -1405.4822 769.7889 -322.6326
v -1429.4524 769.7889 -322.6326
v -1420.4819 734.8323 -310.4083
v -1429.4524 733.6647 -310.0
v -1425.1411 695.6537 -306.1908
v -1429.4524 694.4675 -306.072
v -1192.9514 858.6367 -74.9211
v -1153.7542 846.7463 -114.1184
v -1117.6298 827.4375 -150.2428
v -1085.9664 801.4521 -181.9061
v -1006.1399 694.4673 -226.3058
v -1006.1399 733.6646 -220.4325
v -1006.1399 769.7889 -207.8915
v -1006.1399 801.4521 -181.9061
v -1006.1399 827.4375 -150.2429
v -1006.1399 846.7463 -114.1184
v -1006.1399 858.6367 -74.9211
v 1106.4644 862.6516 -470.7072
v 677.1826 862.6516 -470.7072
v 307.0381 862.6516 -470.7072
v -434.2887 862.6516 -470.7072
vt 2.0524 0.8024
vt 2.0524 1.3147
vt 2.2138 1.3147
vt 2.2138 0.6411
vt 1.9328 0.9311
vt 1.9328 1.3147
vt 1.8016 1.0499
vt 1.805 1.3147
vt 1.7004 1.1511
vt 1.7013 1.3142
vt 1.5179 1.2279
vt 1.5188 1.3137
vt 1.3798 1.2799
vt 1.3801 1.3132
vt 1.2561 1.2925
vt 1.256 1.3128
vt 2.8818 1.5774
vt 2.9456 1.5775
vt 2.9458 1.4246
vt 2.8655 1.4249
vt 2.946 1.2773
vt 2.8156 1.2778
vt 2.9461 1.1416
vt 2.7405 1.1299
vt 2.9462 1.0307
vt 2.6327 1.0292
vt 2.9462 0.9152
vt 2.5074 0.9152
vt 2.9462 0.7857
vt 2.39 0.7857
vt 2.9462 0.6244
vt 2.2304 0.6244
vt 2.9462 0.463
vt 2.3901 0.463
vt 2.0361 0.463
vt 1.4155 0.463
vt 1.4155 0.6244
vt 2.1971 0.6244
vt 1.9168 0.3378
vt 1.4155 0.3378
vt 1.7897 0.2246
vt 1.4155 0.2246
vt 1.6885 0.1178
vt 1.4155 0.1178
vt 1.6157 -0.0075
vt 1.4155 -0.0075
vt 1.5634 -0.1505
vt 1.4155 -0.1505
vt 1.5438 -0.3056
vt 1.4155 -0.3056
vt 2.3739 1.3147
vt 2.3739 0.8025
vt 2.4916 1.3147
vt 2.4916 0.9311
vt 2.6214 1.3147
vt 2.6174 1.0439
vt 2.7289 1.3147
vt 2.7267 1.1431
vt 2.8542 1.3145
vt 2.8564 1.2287
vt 2.9972 1.3141
vt 2.9992 1.2807
vt 3.1523 1.3138
vt 3.152 1.2934
vt 2.9462 0.3378
vt 2.5076 0.3378
vt 2.9462 0.2246
vt 2.6368 0.2246
vt 2.9462 0.1178
vt 2.7428 0.1178
vt 2.9462 -0.0306
vt 2.815 -0.0306
vt 2.9462 -0.1742
vt 2.8639 -0.1735
vt 2.9462 -0.3139
vt 2.882 -0.3134
vt 1.4155 0.7857
vt 2.0362 0.7857
vt 1.4155 0.9152
vt 1.917 0.9152
vt 1.4155 1.0351
vt 1.7862 1.0354
vt 1.4155 1.1375
vt 1.6865 1.1377
vt 1.4155 1.262
vt 1.6153 1.2621
vt 1.4155 1.4043
vt 1.5633 1.4044
vt 1.4155 1.5588
vt 1.5438 1.5588
vt 2.2138 -0.0456
vt 2.0524 -0.0456
vt 2.0524 0.4465
vt 2.2138 0.6077
vt 1.9328 -0.0456
vt 1.9328 0.3222
vt 1.805 -0.0456
vt 1.805 0.2099
vt 1.7017 -0.0456
vt 1.7022 0.1037
vt 1.5189 -0.0456
vt 1.5189 0.0254
vt 3.6787 1.3147
vt 3.8401 1.3147
vt 3.8401 0.8024
vt 3.6787 0.6411
vt 3.9596 1.3147
vt 3.9596 0.9311
vt 4.0875 1.3147
vt 4.0909 1.0499
vt 4.2328 1.3142
vt 4.235 1.1458
vt 4.3737 1.3137
vt 4.3746 1.2279
vt 4.5124 1.3132
vt 4.5127 1.2799
vt 4.6365 1.3128
vt 4.6364 1.2925
vt 3.0094 1.5776
vt 3.026 1.4251
vt 3.0763 1.2781
vt 3.1519 1.1412
vt 3.2598 1.0292
vt 3.3851 0.9152
vt 3.5025 0.7857
vt 3.6621 0.6244
vt 3.5024 0.463
vt 4.413 0.6244
vt 4.413 0.463
vt 3.8564 0.463
vt 3.6954 0.6244
vt 4.413 0.3378
vt 3.9756 0.3378
vt 4.413 0.2246
vt 4.1027 0.2246
vt 4.413 0.1178
vt 4.204 0.1178
vt 4.413 -0.0075
vt 4.2768 -0.0075
vt 4.413 -0.1505
vt 4.3291 -0.1505
vt 4.413 -0.3056
vt 4.3487 -0.3056
vt 3.5186 0.8025
vt 3.5186 1.3147
vt 3.4009 0.9311
vt 3.4009 1.3147
vt 3.2751 1.0439
vt 3.2711 1.3147
vt 3.1657 1.1543
vt 3.1636 1.3147
vt 3.0444 1.2343
vt 3.0464 1.3144
vt 2.9109 1.2829
vt 2.9128 1.3141
vt 2.7677 1.3137
vt 2.7681 1.2947
vt 3.3849 0.3378
vt 3.2556 0.2246
vt 3.1497 0.1178
vt 3.0775 -0.0306
vt 3.0286 -0.1735
vt 3.0105 -0.3134
vt 3.8562 0.7857
vt 4.413 0.7857
vt 3.9754 0.9152
vt 4.413 0.9152
vt 4.1063 1.0354
vt 4.413 1.0351
vt 4.2059 1.1377
vt 4.413 1.1375
vt 4.2772 1.2621
vt 4.413 1.2621
vt 4.3291 1.4044
vt 4.413 1.4043
vt 4.3487 1.5588
vt 4.413 1.5588
vt 3.8401 0.4465
vt 3.8401 -0.0456
vt 3.6787 -0.0456
vt 3.6787 0.6077
vt 3.9596 0.3222
vt 3.9596 -0.0456
vt 4.0875 0.2099
vt 4.0875 -0.0456
vt 4.2328 0.1037
vt 4.2328 -0.0456
vt 4.3736 0.0254
vt 4.3736 -0.0456
vt 4.8664 0.9311
vt 4.8664 1.3147
vt 4.9859 1.3147
vt 4.9859 0.8024
vt 4.7351 1.0499
vt 4.7385 1.3147
vt 4.591 1.1458
vt 4.5932 1.3142
vt 4.4514 1.2279
vt 4.4523 1.3137
vt 4.3133 1.2799
vt 4.3136 1.3132
vt 4.1896 1.2925
vt 4.1895 1.3128
vt 4.9697 0.463
vt 5.1457 0.6244
vt 4.8504 0.3378
vt 4.7232 0.2246
vt 4.622 0.1178
vt 4.5492 -0.0075
vt 4.4969 -0.1505
vt 4.4773 -0.3056
vt 4.9698 0.7857
vt 4.8506 0.9152
vt 4.7197 1.0354
vt 4.6201 1.1377
vt 4.5488 1.2621
vt 4.4968 1.4044
vt 4.4773 1.5588
vt 4.9859 -0.0456
vt 4.8664 -0.0456
vt 4.8664 0.3222
vt 4.9859 0.4464
vt 4.7385 -0.0456
vt 4.7385 0.2099
vt 4.5932 -0.0456
vt 4.5932 0.1037
vt 4.4524 -0.0456
vt 4.4524 0.0254
vt 1.3803 -0.0456
vt 1.3803 -0.0238
vt 1.2565 -0.0456
vt 1.2565 -0.0391
vt 2.3739 0.4464
vt 2.3739 -0.0456
vt 2.4916 0.3221
vt 2.4916 -0.0456
vt 2.6214 0.21
vt 2.6214 -0.0456
vt 2.7289 0.1038
vt 2.7289 -0.0456
vt 2.8544 0.0253
vt 2.8552 -0.0456
vt 2.9929 -0.0223
vt 2.9935 -0.0456
vt 3.1478 -0.0386
vt 3.1479 -0.0456
vt 4.5122 -0.0238
vt 4.5122 -0.0456
vt 4.636 -0.0391
vt 4.636 -0.0456
vt 3.5186 -0.0456
vt 3.5186 0.4464
vt 3.4009 -0.0456
vt 3.4009 0.3221
vt 3.2711 -0.0456
vt 3.2711 0.21
vt 3.1636 -0.0456
vt 3.1636 0.1038
vt 3.0173 -0.0456
vt 3.0182 0.0254
vt 2.873 -0.0455
vt 2.8736 -0.0222
vt 2.7305 -0.0455
vt 2.7306 -0.0386
vt 4.3138 -0.0456
vt 4.3138 -0.0238
vt 4.19 -0.0456
vt 4.19 -0.0391
vt 0.5148 1.3147
vt 0.6761 1.3147
vt 0.6761 0.8016
vt 0.5148 0.641
vt 0.8313 1.3147
vt 0.8313 0.93
vt 0.9742 1.3147
vt 0.9777 1.0495
vt 1.0996 1.3147
vt 1.1013 1.1507
vt 1.2571 1.3138
vt 1.2578 1.2303
vt 1.3952 1.3129
vt 1.3955 1.2806
vt 1.5262 1.312
vt 1.5261 1.2923
vt -0.2592 1.4227
vt -0.2588 1.5784
vt -0.2541 1.5782
vt -0.2379 1.4245
vt -0.2596 1.2756
vt -0.1787 1.2778
vt -0.2598 1.1435
vt -0.0824 1.141
vt -0.2599 1.0326
vt 0.0431 1.0293
vt -0.2599 0.9152
vt 0.181 0.9152
vt -0.2599 0.7857
vt 0.3363 0.7857
vt -0.2599 0.6244
vt 0.4982 0.6244
vt 0.3361 0.463
vt -0.2599 0.463
vt 0.6935 0.463
vt 0.5315 0.6244
vt 0.8489 0.3378
vt 0.9905 0.2246
vt 1.1145 0.1178
vt 1.2158 -0.0075
vt 1.2642 -0.1505
vt 1.2872 -0.3056
vt 1.2517 0.0255
vt 1.403 -0.0238
vt 1.403 -0.354
vt 1.2517 -0.4026
vt 1.5572 -0.0391
vt 1.5572 -0.331
vt 1.4231 1.146
vt 1.4263 1.1248
vt 1.2695 1.1248
vt 1.2695 1.1295
vt 1.5751 1.1248
vt 1.5702 1.2046
vt 1.7143 1.1248
vt 1.7143 1.3005
vt -0.2599 -0.6439
vt -0.2599 -0.5186
vt -0.0842 -0.5186
vt 0.0401 -0.6439
vt -0.2599 -0.7869
vt 0.1823 -0.7869
vt -0.2599 -0.942
vt 0.337 -0.942
vt 0.3535 0.8016
vt 0.3535 1.3147
vt 0.1984 0.9301
vt 0.1984 1.3147
vt 0.0595 1.0435
vt 0.0554 1.3147
vt -0.0676 1.1537
vt -0.0699 1.3147
vt -0.1892 1.2339
vt -0.1873 1.3143
vt -0.3231 1.2825
vt -0.3213 1.3138
vt -0.4666 1.3133
vt -0.4662 1.2942
vt 0.1808 0.3378
vt -0.2599 0.3378
vt 0.0391 0.2246
vt -0.2599 0.2246
vt -0.0847 0.1178
vt -0.2599 0.1178
vt 4.5076 1.2332
vt 4.5076 1.3147
vt 4.656 1.3147
vt 4.656 1.1395
vt 4.3632 1.292
vt 4.3601 1.3147
vt 4.2219 1.31
vt 4.2208 1.3147
vt 0.6934 0.7857
vt 0.8486 0.9152
vt 0.9941 1.0354
vt 1.1164 1.1377
vt 1.2162 1.2621
vt 1.2643 1.4044
vt 1.2872 1.5588
vt 0.6761 -0.9255
vt 0.5148 -1.0995
vt 0.5148 0.6077
vt 0.6761 0.4473
vt 0.1984 -0.7709
vt 0.1984 0.3231
vt 0.3535 0.4473
vt 0.3535 -0.9255
vt 0.8313 -0.7709
vt 0.8313 0.3231
vt 0.0554 -0.6286
vt 0.0554 0.2103
vt 0.9742 -0.6286
vt 0.9742 0.2103
vt -0.0699 -0.5041
vt -0.0699 0.1041
vt 1.0996 -0.5042
vt 1.0996 0.1041
vt -0.2328 -0.4008
vt -0.2274 0.0254
vt -0.3738 -0.0223
vt -0.3823 -0.3534
vt -0.5087 -0.0388
vt -0.5124 -0.3311
vt 1.2872 -0.0738
vt 1.4155 -0.0738
vt 1.4155 -0.2307
vt 1.2642 -0.2307
vt 1.4155 -0.3795
vt 1.2156 -0.3795
vt 1.4155 -0.5186
vt 1.114 -0.5186
vt 1.4155 -0.6439
vt 0.9896 -0.6439
vt 1.4155 -0.7869
vt 0.8473 -0.7869
vt 1.4155 -0.942
vt 0.6927 -0.942
vt 1.4155 -1.0995
vt 0.5353 -1.0995
vt 5.1457 1.3147
vt 5.1457 0.6417
vt 5.1457 -0.0456
vt 5.1457 0.607
vt 2.0524 0.7857
vt 2.2138 0.6244
vt 1.9328 0.9152
vt 1.8014 1.0354
vt 1.7003 1.1377
vt 1.5178 1.2149
vt 1.3796 1.2678
vt 1.2561 1.2806
vt 2.8699 1.5774
vt 2.8534 1.425
vt 2.8028 1.2778
vt 2.7265 1.1291
vt 2.6171 1.0291
vt 2.4916 0.9152
vt 2.3739 0.7857
vt 2.3739 0.463
vt 2.0524 0.463
vt 1.9328 0.3378
vt 1.805 0.2246
vt 1.7023 0.1178
vt 1.6286 -0.0075
vt 1.5756 -0.1505
vt 1.5557 -0.3056
vt 2.8567 1.2159
vt 2.9999 1.2687
vt 3.1517 1.2815
vt 2.4916 0.3378
vt 2.6214 0.2246
vt 2.7289 0.1178
vt 2.8022 -0.0306
vt 2.8517 -0.1734
vt 2.8701 -0.3132
vt 1.6281 1.2621
vt 1.5755 1.4044
vt 1.5557 1.5588
vt 1.5189 0.0383
vt 1.3803 -0.0117
vt 1.2565 -0.0272
vt 2.8542 0.0383
vt 2.9926 -0.0101
vt 3.1476 -0.0267
vt 0.6761 0.7857
vt 0.5148 0.6244
vt 0.8313 0.9152
vt 0.9778 1.0354
vt 1.1015 1.1377
vt 1.2579 1.2178
vt 1.3956 1.2688
vt 1.5261 1.2808
vt -0.2422 1.5778
vt -0.2259 1.4254
vt -0.1656 1.2781
vt -0.0674 1.1408
vt 0.0597 1.0291
vt 0.1984 0.9152
vt 0.3535 0.7857
vt 0.3535 0.463
vt 0.6761 0.463
vt 0.8313 0.3378
vt 0.9742 0.2246
vt 1.0996 0.1178
vt 1.2024 -0.0075
vt 1.252 -0.1505
vt 1.2753 -0.3056
vt 1.403 -0.3661
vt 1.403 -0.0117
vt 1.2517 0.0383
vt 1.2517 -0.4158
vt 1.5572 -0.3429
vt 1.5572 -0.0272
vt 1.4214 1.1578
vt 1.2695 1.1414
vt 1.5695 1.2174
vt 1.7143 1.3147
vt -0.0699 -0.5186
vt 0.0554 -0.6439
vt 0.1984 -0.7869
vt 0.3535 -0.942
vt -0.1895 1.2219
vt -0.3238 1.2713
vt -0.466 1.2831
vt 0.1984 0.3378
vt 0.0554 0.2246
vt -0.0699 0.1178
vt 4.5076 1.2199
vt 4.656 1.1248
vt 4.3649 1.2792
vt 4.225 1.2977
vt 1.2029 1.2621
vt 1.2521 1.4044
vt 1.2753 1.5588
vt 0.5186 -1.0995
vt 0.6761 -0.942
vt 0.8313 -0.7869
vt 0.9742 -0.6439
vt 1.0996 -0.5186
vt -0.2329 -0.4139
vt -0.2272 0.0383
vt -0.3735 -0.0101
vt -0.3826 -0.3655
vt -0.5085 -0.0269
vt -0.5126 -0.3431
vt 1.2753 -0.0738
vt 1.252 -0.2307
vt 1.2024 -0.3795
vt -0.2599 -1.0995
vt 0.4943 -1.0995
vt 0.511 -1.0995
vt 1.2661 1.2178
vt 1.1106 1.1377
vt 1.2028 1.2662
vt 1.2521 1.4082
vt 1.5275 1.2807
vt 1.3971 1.2688
vt -0.1656 1.2841
vt -0.0677 1.1476
vt 1.1084 0.1178
vt 1.2596 0.0383
vt 1.252 -0.1543
vt 1.2024 -0.0115
vt 1.4048 -0.0117
vt 1.5589 -0.0272
vt -0.2261 1.4287
vt -0.1658 1.282
vt -0.2422 1.5791
vt -0.2258 1.4257
vt 4.6487 1.1248
vt 4.5006 1.2199
vt -0.2324 0.0384
vt -0.3799 -0.0106
vt 4.3635 1.2797
vt 4.2237 1.2981
vt 1.7005 1.144
vt 1.6281 1.268
vt 1.5137 1.2149
vt 1.3758 1.2678
vt 1.3784 1.2678
vt 1.2549 1.2806
vt 2.7267 1.1364
vt 2.8027 1.2841
vt 1.7023 0.1114
vt 1.6286 -0.0134
vt 1.3765 -0.0117
vt 1.5148 0.0383
vt 1.5756 -0.1517
vt 1.5557 -0.3068
vt 3.0036 1.2689
vt 2.8606 1.216
vt 3.153 1.2815
vt 3.0012 1.2687
vt 2.8023 -0.0377
vt 2.7289 0.1103
vt 2.8583 0.0383
vt 2.9965 -0.0101
vt 2.9941 -0.0101
vt 3.1491 -0.0268
vt 3.6787 0.6244
vt 4.192 1.144
vt 4.2643 1.268
vt 4.5166 1.2678
vt 4.3787 1.2149
vt 4.6375 1.2806
vt 4.514 1.2678
vt 3.0892 1.2842
vt 3.1657 1.1481
vt 4.1902 0.1105
vt 4.0875 0.217
vt 4.2639 -0.0134
vt 4.1902 0.1114
vt 4.3776 0.0383
vt 4.516 -0.0117
vt 4.3368 -0.3068
vt 4.3168 -0.1517
vt 3.0404 1.2223
vt 2.9067 1.2717
vt 2.909 1.2717
vt 2.7671 1.2836
vt 3.1636 0.1103
vt 3.0902 -0.0377
vt 2.8698 -0.01
vt 3.0141 0.0384
vt 2.7294 -0.0267
vt 2.8726 -0.01
vt 4.1018 1.0354
vt 4.2449 1.132
vt 4.634 1.144
vt 4.5616 1.268
vt 4.4473 1.2149
vt 4.3093 1.2678
vt 4.3119 1.2678
vt 4.1884 1.2806
vt 4.7385 0.217
vt 4.6358 0.1105
vt 4.6358 0.1114
vt 4.5621 -0.0134
vt 4.31 -0.0117
vt 4.4484 0.0383
vt 4.5092 -0.1517
vt 4.4892 -0.3068
vt 4.7242 1.0354
vt 4.5811 1.132
vt 1.5625 1.2172
vt 1.7065 1.3145
vt -0.237 -0.4142
vt -0.3855 -0.3657
vt 1.4199 1.1579
vt 1.2679 1.1414
vt 1.252 -0.2289
vt 1.2753 -0.0721
vt 1.2024 -0.3752
vt 1.252 -0.2268
vt 1.0996 -0.5108
vt 1.2024 -0.3723
vt 2.9068 1.2718
vt 3.0405 1.2224
vt 3.0142 0.0384
vt 2.8726 -0.0101
vn -0.1391 -0.9883 -0.0621
vn -0.2344 -0.9721 0.0
vn 0.0004 -1.0 0.0
vn -0.0125 -0.9999 -0.0116
vn -0.3293 -0.9371 -0.1156
vn -0.4418 -0.8971 0.0008
vn -0.4763 -0.8605 -0.1807
vn -0.6157 -0.788 0.0004
vn -0.6492 -0.7189 -0.2484
vn -0.7916 -0.611 -0.0005
vn -0.7921 -0.5342 -0.2955
vn -0.9035 -0.4286 0.0006
vn -0.8893 -0.302 -0.3433
vn -0.9708 -0.24 0.0015
vn -0.9158 -0.149 -0.3729
vn -0.9918 -0.1275 0.0
vn 0.365 -0.1196 -0.9233
vn -0.0 -0.0863 -0.9963
vn 0.0 -0.2202 -0.9755
vn 0.3544 -0.2856 -0.8904
vn -0.0 -0.4561 -0.8899
vn 0.3074 -0.553 -0.7744
vn -0.0 -0.6274 -0.7787
vn 0.2333 -0.7255 -0.6475
vn -0.0 -0.771 -0.6369
vn 0.173 -0.8548 -0.4893
vn -0.0 -0.8948 -0.4464
vn 0.1217 -0.9403 -0.3177
vn 0.0 -0.9752 -0.2215
vn 0.0607 -0.9889 -0.1359
vn 0.0 -1.0 0.0
vn 0.0176 -0.9997 -0.0192
vn 0.0 -0.9739 0.2268
vn 0.0584 -0.9881 0.1423
vn -0.0612 -0.9885 0.1382
vn 0.0 -0.9739 0.2268
vn 0.0 -1.0 -0.0
vn -0.012 -0.9998 0.0131
vn -0.1218 -0.9369 0.3277
vn 0.0 -0.8885 0.4588
vn -0.1712 -0.8529 0.4932
vn 0.0 -0.7775 0.6289
vn -0.2408 -0.7304 0.6392
vn -0.0 -0.6325 0.7746
vn -0.3088 -0.5386 0.7839
vn -0.0 -0.4356 0.9001
vn -0.3492 -0.2887 0.8915
vn 0.0 -0.2164 0.9763
vn -0.36 -0.1381 0.9227
vn 0.0 -0.0997 0.995
vn 0.2374 -0.9714 0.0
vn 0.1479 -0.9875 -0.0551
vn 0.4408 -0.8976 0.0002
vn 0.3296 -0.9372 -0.1146
vn 0.6036 -0.7973 0.0017
vn 0.4643 -0.8679 -0.1762
vn 0.7851 -0.6194 0.0047
vn 0.6369 -0.7313 -0.244
vn 0.9058 -0.4238 0.0053
vn 0.7955 -0.5305 -0.2929
vn 0.9735 -0.2285 0.0038
vn 0.8946 -0.2881 -0.3416
vn 0.994 -0.1089 0.0019
vn 0.9204 -0.1323 -0.368
vn 0.0 -0.8885 0.4588
vn 0.1223 -0.9371 0.3269
vn 0.0 -0.7775 0.6289
vn 0.1692 -0.8544 0.4913
vn 0.0 -0.6325 0.7746
vn 0.2371 -0.7311 0.6397
vn -0.0 -0.4356 0.9001
vn 0.3085 -0.5368 0.7853
vn -0.0 -0.219 0.9757
vn 0.3503 -0.2893 0.8908
vn 0.0 -0.1057 0.9944
vn 0.3621 -0.1409 0.9214
vn 0.0 -0.9752 -0.2215
vn -0.0527 -0.9883 -0.1432
vn 0.0 -0.8935 -0.449
vn -0.1219 -0.9396 -0.32
vn 0.0 -0.767 -0.6416
vn -0.1774 -0.849 -0.4977
vn 0.0 -0.6251 -0.7805
vn -0.2395 -0.7196 -0.6518
vn -0.0 -0.4571 -0.8894
vn -0.3074 -0.5553 -0.7727
vn 0.0 -0.2205 -0.9754
vn -0.3522 -0.2932 -0.8888
vn 0.0 -0.0856 -0.9963
vn -0.3591 -0.1249 -0.9249
vn 0.0004 -1.0 -0.0
vn -0.2344 -0.9721 0.0
vn -0.147 -0.9876 0.0552
vn -0.0062 -0.9996 0.0293
vn -0.4411 -0.8974 0.0
vn -0.3285 -0.9371 0.1178
vn -0.615 -0.7885 0.0
vn -0.469 -0.8644 0.1812
vn -0.7911 -0.6117 0.0
vn -0.6493 -0.721 0.2418
vn -0.9034 -0.4288 0.0
vn -0.7931 -0.5301 0.2999
vn -0.0004 -1.0 0.0
vn 0.2344 -0.9721 0.0
vn 0.1432 -0.988 -0.0586
vn -0.0001 -0.9994 -0.0352
vn 0.4418 -0.8971 0.0008
vn 0.3288 -0.9373 -0.1156
vn 0.6158 -0.7879 0.0004
vn 0.4762 -0.8605 -0.1808
vn 0.7914 -0.6113 -0.0002
vn 0.6488 -0.7192 -0.2486
vn 0.9036 -0.4284 0.0002
vn 0.7921 -0.5342 -0.2954
vn 0.9708 -0.2399 0.0009
vn 0.8893 -0.3019 -0.3435
vn 0.9918 -0.1275 0.0
vn 0.9158 -0.149 -0.3729
vn -0.365 -0.1197 -0.9233
vn -0.3545 -0.2855 -0.8904
vn -0.308 -0.5532 -0.7741
vn -0.2339 -0.7255 -0.6473
vn -0.173 -0.8548 -0.4893
vn -0.1217 -0.9403 -0.3177
vn -0.058 -0.9885 -0.1393
vn -0.0177 -0.9997 0.0192
vn -0.0615 -0.9885 0.1385
vn 0.0 -1.0 0.0
vn 0.0 -0.9739 0.2268
vn 0.0582 -0.9882 0.142
vn 0.0352 -0.9994 -0.0
vn 0.0 -0.8885 0.4588
vn 0.1218 -0.9369 0.3277
vn 0.0 -0.7775 0.6289
vn 0.1708 -0.8529 0.4934
vn 0.0 -0.6325 0.7746
vn 0.2408 -0.7304 0.6392
vn 0.0 -0.4356 0.9001
vn 0.3087 -0.5385 0.784
vn 0.0 -0.2164 0.9763
vn 0.3496 -0.2889 0.8913
vn 0.0 -0.0997 0.995
vn 0.36 -0.138 0.9227
vn -0.1445 -0.9877 -0.0593
vn -0.2374 -0.9714 0.0
vn -0.3301 -0.937 -0.1142
vn -0.4408 -0.8976 0.0002
vn -0.4644 -0.8679 -0.1762
vn -0.6036 -0.7973 0.0017
vn -0.6369 -0.7313 -0.244
vn -0.7851 -0.6194 0.0046
vn -0.7954 -0.5306 -0.2929
vn -0.9057 -0.4238 0.0056
vn -0.8946 -0.288 -0.3417
vn -0.9735 -0.2285 0.0038
vn -0.994 -0.1089 0.0019
vn -0.9205 -0.1325 -0.3675
vn -0.1223 -0.9371 0.3269
vn -0.1693 -0.8544 0.4913
vn -0.2368 -0.7311 0.6399
vn -0.3083 -0.5367 0.7854
vn -0.3502 -0.2893 0.8909
vn -0.3621 -0.1408 0.9214
vn 0.0576 -0.9886 -0.1392
vn 0.0 -0.9752 -0.2215
vn 0.1216 -0.9396 -0.3201
vn 0.0 -0.8935 -0.449
vn 0.1773 -0.849 -0.4978
vn 0.0 -0.767 -0.6417
vn 0.2393 -0.7195 -0.6519
vn 0.0 -0.6251 -0.7806
vn 0.3074 -0.5554 -0.7727
vn -0.0 -0.4571 -0.8894
vn 0.3521 -0.2931 -0.8889
vn -0.0 -0.2205 -0.9754
vn 0.3591 -0.1249 -0.9249
vn 0.0 -0.0856 -0.9963
vn 0.1435 -0.9879 0.0595
vn 0.2344 -0.9721 0.0
vn -0.0004 -1.0 -0.0
vn -0.0067 -0.9996 0.0292
vn 0.3288 -0.9371 0.1174
vn 0.4411 -0.8974 0.0
vn 0.469 -0.8644 0.1812
vn 0.615 -0.7885 0.0
vn 0.6493 -0.7211 0.2419
vn 0.7911 -0.6117 0.0
vn 0.7932 -0.53 0.2999
vn 0.9034 -0.4288 0.0
vn -0.3291 -0.9372 -0.1155
vn -0.4423 -0.8969 0.0005
vn -0.2344 -0.9721 0.0
vn -0.1464 -0.9877 -0.0548
vn -0.4763 -0.8605 -0.1807
vn -0.6157 -0.788 0.0004
vn -0.6484 -0.7195 -0.2488
vn -0.7914 -0.6113 -0.0002
vn -0.7921 -0.5342 -0.2955
vn -0.9035 -0.4285 0.0005
vn -0.8893 -0.302 -0.3433
vn -0.9708 -0.2398 0.0005
vn -0.9158 -0.149 -0.3729
vn -0.9918 -0.1275 0.0
vn -0.0611 -0.9885 0.1382
vn 0.0 -1.0 -0.0
vn -0.1218 -0.9369 0.3277
vn -0.1713 -0.8529 0.4931
vn -0.2409 -0.7304 0.6391
vn -0.3088 -0.5386 0.7839
vn -0.3497 -0.2888 0.8912
vn -0.36 -0.1381 0.9227
vn -0.0602 -0.9889 -0.136
vn -0.1219 -0.9396 -0.32
vn -0.1773 -0.849 -0.4978
vn -0.2394 -0.7195 -0.6519
vn -0.3074 -0.5553 -0.7728
vn -0.3523 -0.2932 -0.8888
vn -0.3591 -0.1249 -0.9249
vn -0.2344 -0.9721 -0.0
vn -0.4411 -0.8974 -0.0
vn -0.3285 -0.9371 0.1178
vn -0.147 -0.9876 0.0555
vn -0.615 -0.7885 0.0
vn -0.469 -0.8644 0.1812
vn -0.7911 -0.6117 0.0
vn -0.6495 -0.721 0.2416
vn -0.9034 -0.4288 0.0
vn -0.7931 -0.5301 0.2999
vn -0.971 -0.2389 0.0
vn -0.8872 -0.3015 0.3493
vn -0.9918 -0.1275 0.0
vn -0.9165 -0.1541 0.3691
vn 0.1452 -0.9876 0.0598
vn 0.2374 -0.9714 0.0
vn 0.3299 -0.9367 0.1171
vn 0.4406 -0.8977 0.0
vn 0.4611 -0.869 0.1792
vn 0.6033 -0.7975 0.0
vn 0.6406 -0.7285 0.2429
vn 0.7849 -0.6196 0.0002
vn 0.7956 -0.5253 0.3017
vn 0.9069 -0.4214 0.0002
vn 0.8897 -0.2934 0.3497
vn 0.9741 -0.226 -0.0008
vn 0.9202 -0.1473 0.3627
vn 0.9931 -0.1173 -0.0029
vn 0.8874 -0.3015 0.3488
vn 0.971 -0.2389 0.0
vn 0.9165 -0.1541 0.3692
vn 0.9918 -0.1275 0.0
vn -0.2374 -0.9714 0.0
vn -0.1485 -0.9873 0.0558
vn -0.4406 -0.8977 0.0
vn -0.3299 -0.9367 0.1171
vn -0.6033 -0.7975 0.0
vn -0.4612 -0.869 0.1791
vn -0.7849 -0.6196 0.0002
vn -0.6407 -0.7285 0.2426
vn -0.9069 -0.4213 0.0005
vn -0.7959 -0.5252 0.3011
vn -0.9741 -0.226 -0.0008
vn -0.8901 -0.2933 0.3489
vn -0.9931 -0.1173 -0.003
vn -0.92 -0.1473 0.3631
vn -0.971 -0.2389 0.0
vn -0.8872 -0.3015 0.3493
vn -0.9918 -0.1275 0.0
vn -0.9165 -0.1541 0.3691
vn -0.0 -1.0 0.0
vn 0.1951 -0.9808 0.0
vn 0.1257 -0.9907 -0.0525
vn -0.0 -0.9994 -0.0351
vn 0.3841 -0.9233 0.0007
vn 0.2761 -0.9543 -0.1144
vn 0.5568 -0.8306 0.0013
vn 0.429 -0.8859 -0.1765
vn 0.7077 -0.7065 0.0016
vn 0.574 -0.7844 -0.2352
vn 0.8721 -0.4893 0.0014
vn 0.7461 -0.5937 -0.3016
vn 0.9708 -0.2398 0.0005
vn 0.8897 -0.3009 -0.3434
vn 0.989 -0.1482 0.0
vn 0.9122 -0.1682 -0.3737
vn 0.0055 -0.2269 -0.9739
vn 0.0032 -0.0857 -0.9963
vn -0.3569 -0.1189 -0.9266
vn -0.338 -0.2935 -0.8942
vn 0.0062 -0.4584 -0.8887
vn -0.2802 -0.5708 -0.7718
vn 0.0033 -0.6265 -0.7794
vn -0.2135 -0.7377 -0.6404
vn 0.0006 -0.7697 -0.6384
vn -0.1587 -0.8589 -0.4868
vn -0.0 -0.8948 -0.4464
vn -0.1044 -0.9418 -0.3197
vn -0.0 -0.9752 -0.2215
vn -0.0529 -0.9894 -0.1352
vn -0.0 -1.0 -0.0
vn -0.0176 -0.9997 0.0192
vn -0.0566 -0.9894 0.1337
vn -0.0 -0.9739 0.2268
vn 0.0534 -0.9891 0.1375
vn 0.0351 -0.9994 0.0001
vn 0.1056 -0.9385 0.3286
vn 0.1553 -0.8584 0.4889
vn 0.2168 -0.749 0.6261
vn 0.2788 -0.547 0.7894
vn 0.3519 -0.2895 0.8902
vn 0.3543 -0.1451 0.9238
vn 0.7468 -0.5898 0.3074
vn 0.8876 -0.3005 0.3491
vn 0.8844 -0.3086 -0.3501
vn 0.7497 -0.598 -0.2836
vn 0.9125 -0.1733 0.3704
vn 0.9145 -0.19 -0.3571
vn -0.3342 -0.3081 -0.8907
vn 0.0031 -0.246 -0.9693
vn 0.0 -0.1482 -0.989
vn -0.3666 -0.1766 -0.9135
vn 0.0062 -0.4902 -0.8716
vn -0.285 -0.5981 -0.749
vn 0.0031 -0.7045 -0.7097
vn -0.2095 -0.7924 -0.5729
vn -0.0 -0.8315 -0.5556
vn -0.1533 -0.8942 -0.4207
vn -0.0 -0.9239 -0.3827
vn -0.1001 -0.9569 -0.2725
vn -0.0 -0.9808 -0.1951
vn -0.0463 -0.9909 -0.1262
vn -0.1263 -0.9906 -0.0518
vn -0.1951 -0.9808 0.0
vn -0.2749 -0.9547 -0.1138
vn -0.3827 -0.9239 -0.0
vn -0.424 -0.8887 -0.1744
vn -0.5557 -0.8314 0.0008
vn -0.5783 -0.7805 -0.2376
vn -0.7214 -0.6925 0.0039
vn -0.7465 -0.598 -0.2919
vn -0.8643 -0.5029 0.0069
vn -0.8838 -0.3139 -0.3469
vn -0.966 -0.2586 0.005
vn -0.994 -0.109 0.0019
vn -0.9192 -0.1327 -0.3708
vn -0.1057 -0.9386 0.3285
vn -0.0 -0.8885 0.4588
vn -0.1553 -0.8584 0.4889
vn 0.0 -0.7775 0.6289
vn -0.2189 -0.7451 0.6299
vn -0.0 -0.6325 0.7746
vn -0.2852 -0.5551 0.7813
vn -0.0 -0.4356 0.9001
vn -0.3321 -0.2949 0.8959
vn 0.0146 -0.2068 0.9783
vn -0.2898 -0.1329 0.9478
vn 0.0265 -0.1005 0.9946
vn 0.0536 -0.9894 -0.1346
vn 0.1051 -0.9411 -0.3214
vn 0.1611 -0.8552 -0.4926
vn 0.2158 -0.7384 -0.6388
vn 0.2778 -0.5639 -0.7777
vn 0.3548 -0.294 -0.8875
vn 0.3539 -0.132 -0.9259
vn 0.1209 -0.9913 -0.0516
vn -0.0 -1.0 -0.0
vn -0.0056 -0.9995 0.03
vn 0.1262 -0.9906 0.0527
vn -0.2725 -0.9569 -0.1001
vn -0.2757 -0.9542 0.1159
vn -0.1298 -0.9904 0.0483
vn -0.1209 -0.9913 -0.0516
vn 0.2725 -0.9569 -0.1001
vn 0.2758 -0.9542 0.1158
vn -0.4207 -0.8942 -0.1533
vn -0.4223 -0.889 0.1769
vn 0.4207 -0.8942 -0.1533
vn 0.4223 -0.889 0.177
vn -0.5752 -0.7893 -0.2148
vn -0.5827 -0.7783 0.2337
vn 0.5657 -0.7977 -0.209
vn 0.574 -0.786 0.2295
vn -0.7516 -0.5969 -0.2808
vn -0.7474 -0.593 0.2997
vn -0.8762 -0.3263 0.3545
vn -0.8779 -0.3184 -0.3577
vn -0.908 -0.1461 0.3926
vn -0.9202 -0.1566 -0.3588
vn 0.3571 -0.19 -0.9145
vn 0.0 -0.1482 -0.989
vn 0.0 -0.2391 -0.971
vn 0.3501 -0.3086 -0.8844
vn 0.0 -0.4888 -0.8724
vn 0.2835 -0.598 -0.7497
vn 0.0 -0.7071 -0.7071
vn 0.209 -0.7977 -0.5657
vn 0.0 -0.8315 -0.5556
vn 0.1533 -0.8942 -0.4207
vn 0.0 -0.9239 -0.3827
vn 0.1001 -0.9569 -0.2725
vn -0.0 -0.9808 -0.1951
vn 0.0463 -0.9909 -0.1262
vn -0.0 -1.0 -0.0
vn 0.0275 -0.9996 0.0
vn -0.0 -1.0 -0.0
vn 0.0 -0.9997 -0.024
vn 0.0 -1.0 0.0
vn -0.0 -0.9997 0.0241
vn -0.0004 -1.0 0.0
vn 0.2344 -0.9721 0.0
vn 0.0826 -0.9931 -0.0836
vn -0.0001 -1.0 0.0
vn 0.4418 -0.8971 0.0008
vn 0.2188 -0.9544 -0.2033
vn 0.616 -0.7878 0.0003
vn 0.3168 -0.8871 -0.3358
vn 0.7918 -0.6108 -0.0005
vn 0.4471 -0.7658 -0.4623
vn 0.9037 -0.4282 0.0004
vn 0.5805 -0.5955 -0.5553
vn 0.9708 -0.2397 0.0006
vn 0.6707 -0.337 -0.6607
vn 0.9918 -0.1275 0.0
vn 0.6887 -0.1495 -0.7095
vn -0.0 -0.2202 -0.9755
vn 0.0 -0.0863 -0.9963
vn -0.6986 -0.1377 -0.7022
vn -0.6752 -0.3241 -0.6626
vn 0.0 -0.4561 -0.8899
vn -0.582 -0.5933 -0.5562
vn 0.0 -0.6274 -0.7787
vn -0.4346 -0.776 -0.4571
vn -0.0 -0.771 -0.6369
vn -0.3091 -0.8926 -0.328
vn -0.0 -0.8948 -0.4464
vn -0.2201 -0.9544 -0.2016
vn 0.0 -0.9752 -0.2215
vn -0.0831 -0.993 -0.0839
vn -0.0 -1.0 0.0
vn -0.0841 -0.9929 0.0845
vn 0.0 -0.9739 0.2268
vn 0.0835 -0.9929 0.0842
vn -0.0 -1.0 0.0
vn 0.0 -0.9739 0.2268
vn 0.2187 -0.9533 0.2082
vn 0.0 -0.8885 0.4588
vn 0.3088 -0.8892 0.3375
vn 0.0 -0.7775 0.6289
vn 0.4509 -0.7742 0.4443
vn 0.0 -0.6325 0.7746
vn 0.5812 -0.5851 0.5656
vn 0.0 -0.4356 0.9001
vn 0.666 -0.3333 0.6674
vn 0.0 -0.2164 0.9763
vn 0.6911 -0.1595 0.705
vn 0.0 -0.0997 0.995
vn -0.2374 -0.9714 0.0
vn -0.4408 -0.8976 0.0002
vn -0.6036 -0.7973 0.0017
vn -0.785 -0.6194 0.0046
vn -0.9059 -0.4235 0.0059
vn -0.9736 -0.2282 0.0041
vn -0.994 -0.109 0.0017
vn -0.2207 -0.9531 0.2071
vn 0.0 -0.8885 0.4588
vn -0.3046 -0.8914 0.3354
vn 0.0 -0.7775 0.6289
vn -0.4415 -0.7788 0.4457
vn 0.0 -0.6325 0.7746
vn -0.5824 -0.5823 0.5673
vn 0.0 -0.4356 0.9001
vn -0.6672 -0.3298 0.6678
vn -0.0 -0.219 0.9757
vn -0.6971 -0.1574 0.6995
vn 0.0 -0.1057 0.9944
vn 0.0 -0.9752 -0.2215
vn -0.0 -0.8935 -0.449
vn -0.0 -0.767 -0.6416
vn -0.0 -0.6251 -0.7805
vn 0.0 -0.4571 -0.8894
vn -0.0 -0.2205 -0.9754
vn 0.0 -0.0856 -0.9963
vn 0.2344 -0.9721 0.0
vn -0.0004 -1.0 -0.0
vn 0.4411 -0.8974 0.0
vn 0.615 -0.7885 0.0
vn 0.7911 -0.6117 0.0
vn 0.9034 -0.4288 0.0
vn -0.1392 -0.9883 -0.062
vn -0.2344 -0.9721 0.0
vn 0.0004 -1.0 0.0
vn -0.0125 -0.9999 -0.0116
vn -0.3291 -0.9372 -0.1156
vn -0.4418 -0.8971 0.0008
vn -0.4762 -0.8605 -0.1808
vn -0.6158 -0.7879 0.0003
vn -0.6483 -0.7196 -0.2488
vn -0.7916 -0.611 -0.0004
vn -0.792 -0.5342 -0.2955
vn -0.9036 -0.4284 0.0003
vn -0.8893 -0.302 -0.3433
vn -0.9708 -0.2398 0.0005
vn -0.9158 -0.149 -0.3729
vn -0.9918 -0.1275 0.0
vn 0.365 -0.1196 -0.9233
vn 0.3544 -0.2856 -0.8904
vn 0.3075 -0.553 -0.7743
vn 0.2332 -0.7255 -0.6475
vn 0.1729 -0.8548 -0.4893
vn 0.1211 -0.9403 -0.3181
vn 0.0607 -0.9889 -0.1359
vn 0.0177 -0.9997 -0.0192
vn 0.059 -0.9882 0.1417
vn -0.0612 -0.9885 0.1382
vn 0.0 -0.9739 0.2268
vn -0.0 -1.0 0.0
vn -0.012 -0.9998 0.0132
vn -0.1218 -0.9369 0.3277
vn 0.0 -0.8885 0.4588
vn -0.1712 -0.8529 0.4932
vn 0.0 -0.7775 0.6289
vn -0.2409 -0.7304 0.6391
vn 0.0 -0.6325 0.7746
vn -0.3088 -0.5386 0.7839
vn 0.0 -0.4356 0.9001
vn -0.3497 -0.2888 0.8912
vn 0.0 -0.2164 0.9763
vn -0.36 -0.1381 0.9227
vn 0.0 -0.0997 0.995
vn 0.2374 -0.9714 0.0
vn 0.1478 -0.9875 -0.0552
vn 0.4408 -0.8976 0.0002
vn 0.3298 -0.9371 -0.1144
vn 0.6036 -0.7973 0.0017
vn 0.4643 -0.8679 -0.1762
vn 0.7851 -0.6194 0.0047
vn 0.6369 -0.7313 -0.244
vn 0.9058 -0.4237 0.0048
vn 0.7955 -0.5305 -0.2929
vn 0.9735 -0.2285 0.0038
vn 0.8946 -0.2881 -0.3416
vn 0.9941 -0.1089 0.0015
vn 0.9205 -0.1324 -0.3675
vn 0.1223 -0.9371 0.3269
vn 0.1693 -0.8544 0.4913
vn 0.2367 -0.7311 0.6399
vn 0.3085 -0.5368 0.7853
vn 0.3496 -0.2894 0.8911
vn 0.3621 -0.1409 0.9214
vn 0.0 -0.9752 -0.2215
vn -0.0527 -0.9883 -0.1432
vn 0.0 -0.8935 -0.449
vn -0.1219 -0.9396 -0.32
vn 0.0 -0.767 -0.6417
vn -0.1773 -0.849 -0.4978
vn 0.0 -0.6251 -0.7806
vn -0.2393 -0.7195 -0.6519
vn -0.0 -0.4571 -0.8894
vn -0.3075 -0.5554 -0.7727
vn -0.0 -0.2205 -0.9754
vn -0.3523 -0.2932 -0.8888
vn 0.0 -0.0856 -0.9963
vn -0.3591 -0.1249 -0.9249
vn 0.0004 -1.0 0.0
vn -0.2344 -0.9721 0.0
vn -0.147 -0.9876 0.0553
vn -0.0062 -0.9996 0.0293
vn -0.4411 -0.8974 0.0
vn -0.3285 -0.9371 0.1178
vn -0.615 -0.7885 0.0
vn -0.469 -0.8644 0.1812
vn -0.7911 -0.6117 0.0
vn -0.6493 -0.721 0.2419
vn -0.9034 -0.4288 0.0
vn -0.7931 -0.5301 0.2999
vn 0.2344 -0.9721 0.0
vn 0.4423 -0.8969 0.0005
vn 0.3297 -0.937 -0.1155
vn 0.1464 -0.9877 -0.0548
vn 0.6156 -0.7881 0.0005
vn 0.4763 -0.8605 -0.1807
vn 0.7915 -0.6112 -0.0003
vn 0.6483 -0.7196 -0.2488
vn 0.9035 -0.4285 0.0005
vn 0.7921 -0.5342 -0.2955
vn 0.9708 -0.2399 0.0012
vn 0.8893 -0.3019 -0.3435
vn 0.9918 -0.1275 0.0
vn 0.9158 -0.149 -0.3729
vn 0.0611 -0.9885 0.1382
vn 0.1218 -0.9369 0.3277
vn 0.171 -0.8529 0.4933
vn 0.2406 -0.7303 0.6393
vn 0.3087 -0.5385 0.784
vn 0.3491 -0.2888 0.8915
vn 0.36 -0.138 0.9227
vn 0.0602 -0.9889 -0.1359
vn 0.1219 -0.9396 -0.32
vn 0.1773 -0.849 -0.4978
vn 0.2394 -0.7195 -0.6519
vn 0.3075 -0.5554 -0.7726
vn 0.3523 -0.2931 -0.8888
vn 0.3591 -0.1249 -0.9249
vn 0.3285 -0.9371 0.1178
vn 0.4411 -0.8974 -0.0
vn 0.2344 -0.9721 -0.0
vn 0.1469 -0.9876 0.0556
vn 0.4689 -0.8645 0.1813
vn 0.615 -0.7885 0.0
vn 0.6493 -0.721 0.2419
vn 0.7911 -0.6117 0.0
vn 0.7932 -0.53 0.2999
vn 0.9034 -0.4288 0.0
vn 0.971 -0.2389 0.0
vn 0.9918 -0.1275 0.0
vn -0.2374 -0.9714 0.0
vn -0.4406 -0.8977 0.0
vn -0.6033 -0.7975 0.0
vn -0.7849 -0.6196 0.0003
vn -0.9069 -0.4214 0.0006
vn -0.9741 -0.2262 -0.0007
vn -0.9931 -0.1174 -0.0025
vn -0.8872 -0.3015 0.3493
vn -0.971 -0.2389 0.0
vn -0.9165 -0.1541 0.3691
vn -0.9918 -0.1275 0.0
vn 0.1455 -0.9876 0.0595
vn 0.2374 -0.9714 0.0
vn 0.3299 -0.9367 0.1171
vn 0.4406 -0.8977 0.0
vn 0.4612 -0.869 0.1792
vn 0.6033 -0.7975 0.0
vn 0.6406 -0.7285 0.2428
vn 0.7849 -0.6196 0.0002
vn 0.796 -0.525 0.3011
vn 0.9069 -0.4213 0.0005
vn 0.89 -0.2933 0.349
vn 0.9741 -0.226 -0.0008
vn 0.9201 -0.1473 0.3628
vn 0.9931 -0.1173 -0.003
vn 0.8872 -0.3016 0.3492
vn 0.971 -0.2389 0.0
vn 0.9164 -0.1541 0.3695
vn 0.9918 -0.1275 0.0
vn -0.0784 -0.994 -0.0764
vn -0.1951 -0.9808 0.0
vn -0.0 -1.0 0.0
vn -0.0 -1.0 0.0
vn -0.1798 -0.9622 -0.2044
vn -0.3835 -0.9235 0.0011
vn -0.2894 -0.8998 -0.3265
vn -0.5569 -0.8305 0.0013
vn -0.3965 -0.8023 -0.4461
vn -0.7078 -0.7064 0.0017
vn -0.5241 -0.6366 -0.5658
vn -0.8722 -0.4892 0.0016
vn -0.6762 -0.3358 -0.6558
vn -0.9708 -0.2397 0.0005
vn -0.6817 -0.1634 -0.7131
vn -0.989 -0.1482 0.0
vn 0.6916 -0.1368 -0.7092
vn -0.0024 -0.0858 -0.9963
vn -0.0059 -0.2263 -0.974
vn 0.6581 -0.3428 -0.6704
vn -0.0068 -0.4577 -0.8891
vn 0.534 -0.6394 -0.5532
vn -0.0033 -0.6264 -0.7795
vn 0.3954 -0.802 -0.4478
vn -0.0009 -0.77 -0.6381
vn 0.2854 -0.9025 -0.3225
vn 0.0 -0.8948 -0.4464
vn 0.1789 -0.9626 -0.2035
vn 0.0 -0.9752 -0.2215
vn 0.0784 -0.994 -0.0764
vn 0.0 -1.0 -0.0
vn 0.0792 -0.9939 0.0768
vn 0.0 -0.9739 0.2268
vn -0.0792 -0.9939 0.0768
vn -0.1796 -0.9612 0.2092
vn -0.2821 -0.9009 0.3297
vn -0.3991 -0.8107 0.4282
vn -0.525 -0.6255 0.5772
vn -0.6715 -0.3321 0.6624
vn -0.684 -0.1735 0.7085
vn -0.6636 -0.3452 -0.6636
vn -0.5306 -0.661 -0.5306
vn -0.6917 -0.2073 -0.6918
vn 0.6444 -0.3514 -0.6791
vn 0.7011 -0.1831 -0.6891
vn -0.0 -0.1482 -0.989
vn -0.0038 -0.2453 -0.9694
vn -0.007 -0.4892 -0.8721
vn 0.5419 -0.6564 -0.5248
vn -0.0035 -0.7043 -0.7099
vn 0.3904 -0.8322 -0.3938
vn 0.0 -0.8315 -0.5556
vn 0.2795 -0.9186 -0.2795
vn 0.0 -0.9239 -0.3827
vn 0.175 -0.9689 -0.175
vn 0.0 -0.9808 -0.1951
vn 0.0742 -0.9945 -0.0742
vn 0.1951 -0.9808 0.0
vn 0.3827 -0.9239 -0.0
vn 0.5557 -0.8314 0.0008
vn 0.7216 -0.6923 0.0037
vn 0.8642 -0.5031 0.0079
vn 0.9661 -0.2582 0.0053
vn 0.994 -0.1091 0.0018
vn 0.1796 -0.9612 0.2092
vn 0.0 -0.8885 0.4588
vn 0.2821 -0.9009 0.3297
vn 0.0 -0.7775 0.6289
vn 0.4025 -0.8061 0.4339
vn 0.0 -0.6325 0.7746
vn 0.5368 -0.627 0.5646
vn 0.0 -0.4356 0.9001
vn 0.6474 -0.3554 0.6742
vn -0.0117 -0.2077 0.9781
vn 0.6371 -0.1524 0.7555
vn -0.0213 -0.1021 0.9945
vn 0.0 -1.0 0.0
vn -0.0737 -0.9973 0.0
vn -0.0742 -0.9945 -0.0742
vn -0.175 -0.9689 -0.175
vn -0.2795 -0.9186 -0.2795
vn -0.388 -0.836 -0.388
vn 0.0 -0.2391 -0.971
vn 0.0 -0.1482 -0.989
vn 0.0 -0.4888 -0.8724
vn 0.0 -0.7071 -0.7071
vn 0.0 -0.8315 -0.5556
vn 0.0 -0.9239 -0.3827
vn 0.0 -0.9808 -0.1951
vn 0.0 -1.0 0.0
vn -0.0 -1.0 -0.0
vn -0.0275 -0.9996 -0.0
vn 0.0 -1.0 -0.0
vn 0.0737 -0.9973 -0.0
vn 0.0034 -1.0 0.0042
vn -0.004 -1.0 0.0033
vn 0.0031 -1.0 0.004
vn -0.004 -1.0 0.0033
vn -0.1391 -0.9883 0.062
vn -0.0125 -0.9999 0.0116
vn 0.0004 -1.0 -0.0
vn -0.2344 -0.9721 -0.0
vn -0.3292 -0.9372 0.1156
vn -0.4418 -0.8971 -0.0008
vn -0.4761 -0.8606 0.1809
vn -0.6156 -0.788 -0.0005
vn -0.6492 -0.7189 0.2484
vn -0.7916 -0.6111 0.0004
vn -0.792 -0.5342 0.2955
vn -0.9036 -0.4283 -0.0002
vn -0.8893 -0.302 0.3433
vn -0.9708 -0.24 -0.0015
vn -0.9158 -0.149 0.3729
vn 0.365 -0.1196 0.9233
vn 0.3544 -0.2856 0.8904
vn -0.0 -0.2202 0.9755
vn 0.0 -0.0863 0.9963
vn 0.3079 -0.5531 0.7741
vn -0.0 -0.4561 0.8899
vn 0.2333 -0.7255 0.6475
vn -0.0 -0.6274 0.7787
vn 0.1731 -0.8548 0.4893
vn -0.0 -0.771 0.6369
vn 0.1212 -0.9403 0.318
vn 0.0 -0.8948 0.4464
vn 0.0607 -0.9889 0.136
vn 0.0 -0.9752 0.2215
vn 0.0176 -0.9997 0.0192
vn -0.0 -1.0 -0.0
vn 0.059 -0.9882 -0.1417
vn 0.0 -0.9739 -0.2268
vn -0.0612 -0.9885 -0.1382
vn -0.012 -0.9998 -0.0131
vn 0.0 -1.0 -0.0
vn 0.0 -0.9739 -0.2268
vn -0.1218 -0.9369 -0.3277
vn 0.0 -0.8885 -0.4588
vn -0.1713 -0.8529 -0.4931
vn 0.0 -0.7775 -0.6289
vn -0.241 -0.7304 -0.639
vn -0.0 -0.6325 -0.7746
vn -0.3088 -0.5386 -0.7839
vn 0.0 -0.4356 -0.9001
vn -0.3496 -0.2888 -0.8912
vn 0.0 -0.2164 -0.9763
vn -0.3599 -0.1381 -0.9227
vn 0.0 -0.0997 -0.995
vn 0.1479 -0.9875 0.0551
vn 0.2374 -0.9714 -0.0
vn 0.3301 -0.937 0.1143
vn 0.4408 -0.8976 -0.0002
vn 0.4643 -0.868 0.1763
vn 0.6036 -0.7973 -0.0017
vn 0.6369 -0.7313 0.244
vn 0.7852 -0.6193 -0.0045
vn 0.7955 -0.5305 0.2929
vn 0.9057 -0.4238 -0.0057
vn 0.8946 -0.288 0.3417
vn 0.9735 -0.2285 -0.0038
vn 0.9206 -0.1324 0.3673
vn 0.994 -0.1089 -0.002
vn 0.1223 -0.9371 -0.3269
vn 0.0 -0.8885 -0.4588
vn 0.1692 -0.8544 -0.4913
vn 0.0 -0.7775 -0.6289
vn 0.2367 -0.7311 -0.6399
vn 0.0 -0.6325 -0.7746
vn 0.309 -0.5368 -0.7851
vn 0.0 -0.4356 -0.9001
vn 0.3493 -0.2894 -0.8912
vn -0.0 -0.219 -0.9757
vn 0.3621 -0.1409 -0.9214
vn 0.0 -0.1057 -0.9944
vn -0.0527 -0.9883 0.1432
vn 0.0 -0.9752 0.2215
vn -0.1219 -0.9396 0.32
vn 0.0 -0.8935 0.449
vn -0.1774 -0.849 0.4977
vn -0.0 -0.7667 0.642
vn -0.2394 -0.7196 0.6519
vn 0.0 -0.6251 0.7805
vn -0.3074 -0.5553 0.7727
vn -0.0 -0.4571 0.8894
vn -0.3517 -0.2932 0.889
vn 0.0 -0.2205 0.9754
vn -0.3591 -0.1249 0.9249
vn 0.0 -0.0856 0.9963
vn -0.147 -0.9876 -0.0552
vn -0.2344 -0.9721 0.0
vn 0.0004 -1.0 0.0
vn -0.0062 -0.9996 -0.0293
vn -0.3288 -0.9371 -0.1174
vn -0.4411 -0.8974 0.0
vn -0.4687 -0.8645 -0.1816
vn -0.615 -0.7885 0.0
vn -0.6493 -0.721 -0.2419
vn -0.7911 -0.6117 0.0
vn -0.7931 -0.5301 -0.2999
vn -0.9034 -0.4288 0.0
vn 0.1432 -0.988 0.0586
vn 0.2344 -0.9721 -0.0
vn -0.0004 -1.0 -0.0
vn -0.0001 -0.9994 0.0351
vn 0.3297 -0.937 0.1155
vn 0.4424 -0.8968 -0.0004
vn 0.4761 -0.8606 0.1809
vn 0.6155 -0.7881 -0.0006
vn 0.6489 -0.7191 0.2485
vn 0.7916 -0.611 0.0004
vn 0.7921 -0.5342 0.2954
vn 0.9036 -0.4284 -0.0002
vn 0.8893 -0.3018 0.3435
vn 0.9708 -0.2399 -0.001
vn 0.9158 -0.149 0.3729
vn -0.365 -0.1196 0.9233
vn -0.3545 -0.2855 0.8904
vn -0.308 -0.5532 0.7741
vn -0.2339 -0.7255 0.6473
vn -0.173 -0.8548 0.4893
vn -0.1217 -0.9403 0.3177
vn -0.058 -0.9885 0.1393
vn -0.0177 -0.9997 -0.0192
vn -0.0615 -0.9885 -0.1385
vn 0.0586 -0.9882 -0.1415
vn 0.0 -0.9739 -0.2268
vn 0.0 -1.0 -0.0
vn 0.0352 -0.9994 0.0
vn 0.1218 -0.9369 -0.3277
vn 0.0 -0.8885 -0.4588
vn 0.1713 -0.8529 -0.4931
vn 0.0 -0.7775 -0.6289
vn 0.2408 -0.7304 -0.6392
vn 0.0 -0.6325 -0.7746
vn 0.3087 -0.5385 -0.784
vn 0.0 -0.4356 -0.9001
vn 0.3496 -0.2889 -0.8913
vn 0.0 -0.2164 -0.9763
vn 0.36 -0.138 -0.9227
vn 0.0 -0.0997 -0.995
vn -0.1448 -0.9877 0.059
vn -0.2374 -0.9714 -0.0
vn -0.3295 -0.9372 0.1146
vn -0.4408 -0.8976 -0.0002
vn -0.4644 -0.8679 0.1762
vn -0.6036 -0.7973 -0.0017
vn -0.6369 -0.7313 0.244
vn -0.7854 -0.619 -0.0043
vn -0.7954 -0.5306 0.2929
vn -0.9057 -0.4238 -0.0056
vn -0.8946 -0.2881 0.3416
vn -0.9735 -0.2285 -0.0038
vn -0.994 -0.1089 -0.002
vn -0.9202 -0.1326 0.3682
vn -0.1223 -0.9371 -0.3269
vn -0.1692 -0.8544 -0.4913
vn -0.2368 -0.7311 -0.6399
vn -0.309 -0.537 -0.7849
vn -0.3503 -0.2893 -0.8908
vn -0.3621 -0.1408 -0.9214
vn 0.0576 -0.9886 0.1392
vn 0.0 -0.9752 0.2215
vn 0.1219 -0.9396 0.32
vn -0.0 -0.8935 0.449
vn 0.1774 -0.849 0.4978
vn -0.0 -0.767 0.6417
vn 0.2396 -0.7195 0.6518
vn -0.0 -0.6251 0.7806
vn 0.3074 -0.5553 0.7727
vn -0.0 -0.4571 0.8894
vn 0.3519 -0.293 0.889
vn -0.0 -0.2205 0.9754
vn 0.3591 -0.1249 0.9249
vn 0.0 -0.0856 0.9963
vn 0.1439 -0.9878 -0.0592
vn -0.0067 -0.9996 -0.0292
vn -0.0004 -1.0 0.0
vn 0.2344 -0.9721 0.0
vn 0.3288 -0.9371 -0.1174
vn 0.4411 -0.8974 0.0
vn 0.4691 -0.8644 -0.1811
vn 0.6493 -0.721 -0.2419
vn 0.7911 -0.6117 0.0
vn 0.7932 -0.53 -0.2999
vn 0.9034 -0.4288 0.0
vn -0.3297 -0.937 0.1155
vn -0.1464 -0.9877 0.0548
vn -0.2344 -0.9721 -0.0
vn -0.4423 -0.8969 -0.0005
vn -0.4763 -0.8605 0.1807
vn -0.6156 -0.7881 -0.0005
vn -0.6492 -0.7189 0.2484
vn -0.7916 -0.611 0.0005
vn -0.7921 -0.5342 0.2954
vn -0.9036 -0.4284 -0.0002
vn -0.8893 -0.302 0.3433
vn -0.9708 -0.2398 -0.0005
vn -0.9158 -0.149 0.3729
vn -0.0611 -0.9885 -0.1383
vn 0.0 -1.0 0.0
vn -0.1218 -0.9369 -0.3277
vn -0.1713 -0.8529 -0.4931
vn -0.2408 -0.7304 -0.6392
vn -0.3088 -0.5386 -0.7839
vn -0.3492 -0.2887 -0.8915
vn -0.36 -0.1381 -0.9227
vn -0.0603 -0.9889 0.1359
vn -0.1219 -0.9396 0.32
vn -0.1771 -0.8489 0.4979
vn -0.2393 -0.7195 0.6519
vn -0.3079 -0.5554 0.7725
vn -0.3524 -0.2932 0.8888
vn -0.3591 -0.1249 0.9249
vn -0.3285 -0.9371 -0.1178
vn -0.4411 -0.8974 0.0
vn -0.2344 -0.9721 0.0
vn -0.147 -0.9876 -0.0555
vn -0.469 -0.8644 -0.1812
vn -0.6493 -0.721 -0.2419
vn -0.7911 -0.6117 0.0
vn -0.7931 -0.5301 -0.2999
vn -0.9034 -0.4288 0.0
vn -0.8873 -0.3015 -0.349
vn -0.971 -0.2389 0.0
vn -0.9165 -0.1541 -0.3691
vn 0.1455 -0.9876 -0.0595
vn 0.2374 -0.9714 0.0
vn 0.3299 -0.9367 -0.1171
vn 0.4406 -0.8977 0.0
vn 0.461 -0.8691 -0.1793
vn 0.6033 -0.7975 0.0
vn 0.6406 -0.7285 -0.2428
vn 0.7849 -0.6196 -0.0002
vn 0.7956 -0.5253 -0.3017
vn 0.9069 -0.4213 -0.0005
vn 0.8897 -0.2934 -0.3497
vn 0.9741 -0.226 0.0008
vn 0.9202 -0.1473 -0.3627
vn 0.9931 -0.1173 0.0029
vn 0.8872 -0.3016 -0.3492
vn 0.971 -0.2389 0.0
vn 0.9165 -0.1541 -0.3692
vn 0.9918 -0.1275 0.0
vn -0.1485 -0.9873 -0.0558
vn -0.2374 -0.9714 0.0
vn -0.3299 -0.9367 -0.1171
vn -0.4406 -0.8977 0.0
vn -0.4612 -0.869 -0.1791
vn -0.6033 -0.7975 0.0
vn -0.6406 -0.7285 -0.2428
vn -0.7849 -0.6196 -0.0002
vn -0.7959 -0.5252 -0.3011
vn -0.9068 -0.4216 -0.0001
vn -0.89 -0.2933 -0.349
vn -0.9741 -0.2261 0.0011
vn -0.9202 -0.1473 -0.3627
vn -0.9931 -0.1173 0.003
vn -0.8872 -0.3015 -0.3493
vn -0.971 -0.2389 0.0
vn -0.9165 -0.1541 -0.3691
vn -0.9918 -0.1275 0.0
vn 0.1256 -0.9907 0.0526
vn 0.1951 -0.9808 -0.0
vn -0.0 -1.0 -0.0
vn -0.0 -0.9994 0.0351
vn 0.2763 -0.9543 0.114
vn 0.3838 -0.9234 -0.0009
vn 0.4291 -0.886 0.1755
vn 0.5566 -0.8307 -0.0014
vn 0.574 -0.7844 0.2352
vn 0.7077 -0.7065 -0.0015
vn 0.7458 -0.5938 0.3019
vn 0.8722 -0.4892 -0.0012
vn 0.8896 -0.3009 0.3436
vn 0.9708 -0.2398 -0.0004
vn 0.9123 -0.1681 0.3735
vn 0.989 -0.1482 0.0
vn -0.3568 -0.1189 0.9266
vn 0.0032 -0.0857 0.9963
vn 0.0055 -0.2269 0.9739
vn -0.338 -0.2935 0.8942
vn 0.0061 -0.4582 0.8888
vn -0.2801 -0.5707 0.7719
vn 0.0033 -0.6265 0.7794
vn -0.2135 -0.7377 0.6404
vn 0.0006 -0.7697 0.6384
vn -0.1585 -0.8589 0.487
vn -0.0 -0.8948 0.4464
vn -0.1044 -0.9417 0.3197
vn -0.0 -0.9752 0.2215
vn -0.0529 -0.9894 0.1352
vn -0.0 -1.0 -0.0
vn -0.0175 -0.9997 -0.0192
vn -0.0566 -0.9894 -0.1337
vn -0.0 -0.9739 -0.2268
vn 0.0537 -0.9891 -0.1372
vn 0.0351 -0.9994 -0.0001
vn 0.1057 -0.9386 -0.3285
vn 0.1553 -0.8584 -0.4889
vn 0.2168 -0.749 -0.6261
vn 0.2788 -0.547 -0.7893
vn 0.3519 -0.2895 -0.8902
vn 0.3543 -0.1451 -0.9238
vn 0.8844 -0.3086 0.3501
vn 0.8877 -0.3004 -0.3489
vn 0.7468 -0.5898 -0.3073
vn 0.7497 -0.598 0.2836
vn 0.9145 -0.19 0.3571
vn 0.9125 -0.1733 -0.3704
vn -0.3342 -0.3081 0.8907
vn -0.3666 -0.1766 0.9135
vn -0.0 -0.1482 0.989
vn 0.003 -0.246 0.9693
vn 0.0062 -0.4902 0.8716
vn -0.2855 -0.5985 0.7485
vn 0.0034 -0.7046 0.7096
vn -0.2095 -0.7924 0.5729
vn -0.0 -0.8315 0.5556
vn -0.1535 -0.8942 0.4205
vn -0.0 -0.9239 0.3827
vn -0.1001 -0.9569 0.2725
vn -0.0 -0.9808 0.1951
vn -0.0463 -0.9909 0.1261
vn -0.1263 -0.9906 0.0518
vn -0.1951 -0.9808 -0.0
vn -0.2749 -0.9547 0.1137
vn -0.3827 -0.9239 -0.0
vn -0.4246 -0.8885 0.174
vn -0.5557 -0.8314 -0.0008
vn -0.5783 -0.7805 0.2376
vn -0.7214 -0.6925 -0.0039
vn -0.7461 -0.5983 0.2923
vn -0.8643 -0.5029 -0.0069
vn -0.8838 -0.3139 0.3468
vn -0.966 -0.2586 -0.0051
vn -0.994 -0.109 -0.0019
vn -0.9192 -0.1327 0.3708
vn -0.1055 -0.9385 -0.3287
vn -0.0 -0.8885 -0.4588
vn -0.1553 -0.8584 -0.4889
vn -0.0 -0.7775 -0.6289
vn -0.2189 -0.7452 -0.6299
vn -0.0 -0.6325 -0.7746
vn -0.2852 -0.5551 -0.7813
vn -0.0 -0.4356 -0.9001
vn -0.332 -0.295 -0.896
vn 0.0145 -0.2068 -0.9783
vn -0.2898 -0.1329 -0.9478
vn 0.0265 -0.1005 -0.9946
vn 0.0536 -0.9894 0.1346
vn 0.1053 -0.9411 0.3212
vn 0.1609 -0.8551 0.4928
vn 0.2155 -0.7383 0.6391
vn 0.2777 -0.5639 0.7778
vn 0.3546 -0.294 0.8876
vn 0.3538 -0.132 0.926
vn -0.0056 -0.9995 -0.03
vn 0.121 -0.9913 0.0516
vn 0.1259 -0.9906 -0.0529
vn -0.2725 -0.9569 0.1001
vn -0.1211 -0.9913 0.0515
vn -0.1298 -0.9904 -0.0483
vn -0.2757 -0.9542 -0.1159
vn 0.2725 -0.9569 0.1001
vn 0.2757 -0.9542 -0.1159
vn -0.4207 -0.8942 0.1533
vn -0.4223 -0.889 -0.177
vn 0.4207 -0.8942 0.1533
vn 0.4223 -0.889 -0.177
vn -0.575 -0.7894 0.215
vn -0.5827 -0.7783 -0.2337
vn 0.5657 -0.7977 0.209
vn 0.5738 -0.7861 -0.2299
vn -0.7516 -0.5969 0.2808
vn -0.7474 -0.5929 -0.2997
vn -0.8762 -0.3264 -0.3546
vn -0.8779 -0.3186 0.3574
vn -0.908 -0.1461 -0.3927
vn -0.9202 -0.1566 0.3588
vn 0.3571 -0.19 0.9145
vn 0.3501 -0.3086 0.8844
vn 0.0 -0.2391 0.971
vn 0.0 -0.1482 0.989
vn 0.2835 -0.598 0.7497
vn 0.0 -0.4888 0.8724
vn 0.209 -0.7977 0.5657
vn 0.0 -0.7071 0.7071
vn 0.1533 -0.8942 0.4207
vn -0.0 -0.8315 0.5556
vn 0.1001 -0.9569 0.2725
vn -0.0 -0.9239 0.3827
vn 0.0463 -0.9909 0.1262
vn 0.0 -0.9808 0.1951
vn 0.0 -1.0 0.0
vn -0.0 -0.9997 0.024
vn 0.0 -1.0 -0.0
vn -0.0 -0.9997 -0.0241
vn 0.0826 -0.9931 0.0836
vn 0.2344 -0.9721 -0.0
vn -0.0004 -1.0 -0.0
vn -0.0001 -1.0 -0.0
vn 0.2188 -0.9544 0.2033
vn 0.4418 -0.8971 -0.0008
vn 0.3168 -0.8871 0.3358
vn 0.616 -0.7878 -0.0003
vn 0.4471 -0.7658 0.4623
vn 0.7918 -0.6108 0.0005
vn 0.5805 -0.5955 0.5553
vn 0.9037 -0.4282 -0.0004
vn 0.6707 -0.337 0.6607
vn 0.9708 -0.2397 -0.0007
vn 0.6887 -0.1495 0.7095
vn -0.6985 -0.1376 0.7023
vn 0.0 -0.0863 0.9963
vn 0.0 -0.2202 0.9755
vn -0.6752 -0.3241 0.6626
vn 0.0 -0.4561 0.8899
vn -0.582 -0.5935 0.5559
vn 0.0 -0.6274 0.7787
vn -0.4346 -0.776 0.4572
vn -0.0 -0.771 0.6369
vn -0.3091 -0.8926 0.328
vn -0.0 -0.8948 0.4464
vn -0.2201 -0.9544 0.2016
vn 0.0 -0.9752 0.2215
vn -0.0831 -0.993 0.0839
vn -0.0 -1.0 -0.0
vn -0.0841 -0.9929 -0.0845
vn 0.0 -0.9739 -0.2268
vn 0.0835 -0.9929 -0.0842
vn 0.0 -0.9739 -0.2268
vn -0.0 -1.0 -0.0
vn 0.2187 -0.9533 -0.2082
vn 0.0 -0.8885 -0.4588
vn 0.3088 -0.8892 -0.3375
vn 0.0 -0.7775 -0.6289
vn 0.4509 -0.7742 -0.4443
vn 0.0 -0.6325 -0.7746
vn 0.5812 -0.5851 -0.5656
vn -0.0 -0.4356 -0.9001
vn 0.666 -0.3333 -0.6674
vn 0.0 -0.2164 -0.9763
vn 0.6911 -0.1595 -0.705
vn 0.0 -0.0997 -0.995
vn -0.2374 -0.9714 -0.0
vn -0.4408 -0.8976 -0.0002
vn -0.6036 -0.7973 -0.0017
vn -0.785 -0.6195 -0.0047
vn -0.9059 -0.4235 -0.0059
vn -0.9736 -0.2282 -0.0041
vn -0.994 -0.109 -0.0017
vn -0.2207 -0.9531 -0.2071
vn 0.0 -0.8885 -0.4588
vn -0.3046 -0.8914 -0.3354
vn 0.0 -0.7775 -0.6289
vn -0.4415 -0.7788 -0.4457
vn 0.0 -0.6325 -0.7746
vn -0.5824 -0.5823 -0.5673
vn 0.0 -0.4356 -0.9001
vn -0.6672 -0.3298 -0.6678
vn -0.0 -0.219 -0.9757
vn -0.6971 -0.1574 -0.6995
vn -0.0 -0.1062 -0.9943
vn 0.0 -0.9752 0.2215
vn -0.0 -0.8935 0.449
vn -0.0 -0.767 0.6416
vn -0.0 -0.6251 0.7805
vn 0.0 -0.4571 0.8894
vn -0.0 -0.2205 0.9754
vn 0.0 -0.0856 0.9963
vn -0.0004 -1.0 0.0
vn 0.2344 -0.9721 0.0
vn 0.4411 -0.8974 0.0
vn 0.615 -0.7885 0.0
vn 0.7911 -0.6117 0.0
vn 0.9034 -0.4288 0.0
vn -0.1391 -0.9883 0.0621
vn -0.0125 -0.9999 0.0116
vn 0.0004 -1.0 -0.0
vn -0.2344 -0.9721 -0.0
vn -0.3292 -0.9372 0.1156
vn -0.4418 -0.8971 -0.0008
vn -0.4762 -0.8605 0.1808
vn -0.6156 -0.788 -0.0005
vn -0.6484 -0.7195 0.2487
vn -0.7916 -0.611 0.0005
vn -0.7922 -0.5341 0.2951
vn -0.9036 -0.4285 -0.0004
vn -0.8893 -0.302 0.3433
vn -0.9708 -0.24 -0.0015
vn -0.9158 -0.149 0.3729
vn 0.365 -0.1196 0.9233
vn 0.3545 -0.2856 0.8904
vn 0.3079 -0.5531 0.7741
vn 0.2333 -0.7255 0.6475
vn 0.1729 -0.8548 0.4893
vn 0.121 -0.9403 0.3182
vn 0.0607 -0.9888 0.136
vn 0.0176 -0.9997 0.0192
vn 0.059 -0.9882 -0.1416
vn -0.0612 -0.9885 -0.1382
vn -0.012 -0.9998 -0.0131
vn -0.0 -1.0 -0.0
vn 0.0 -0.9739 -0.2268
vn -0.1218 -0.9369 -0.3277
vn 0.0 -0.8885 -0.4588
vn -0.1713 -0.8529 -0.4931
vn 0.0 -0.7775 -0.6289
vn -0.2409 -0.7304 -0.6391
vn 0.0 -0.6325 -0.7746
vn -0.3088 -0.5386 -0.7839
vn 0.0 -0.4356 -0.9001
vn -0.3492 -0.2887 -0.8915
vn 0.0 -0.2164 -0.9763
vn -0.36 -0.1381 -0.9227
vn 0.0 -0.0997 -0.995
vn 0.1479 -0.9875 0.0551
vn 0.2374 -0.9714 -0.0
vn 0.3293 -0.9372 0.1147
vn 0.4408 -0.8976 -0.0002
vn 0.4643 -0.868 0.1763
vn 0.6036 -0.7973 -0.0017
vn 0.6369 -0.7313 0.244
vn 0.7852 -0.6192 -0.0044
vn 0.7955 -0.5305 0.2929
vn 0.9058 -0.4237 -0.0048
vn 0.8946 -0.288 0.3417
vn 0.9735 -0.2285 -0.0038
vn 0.9206 -0.1324 0.3673
vn 0.9941 -0.1089 -0.0016
vn 0.1223 -0.9371 -0.3269
vn 0.1694 -0.8544 -0.4912
vn 0.2368 -0.7311 -0.6399
vn 0.309 -0.5368 -0.7851
vn 0.3503 -0.2893 -0.8908
vn 0.3621 -0.1409 -0.9214
vn -0.0528 -0.9883 0.1432
vn 0.0 -0.9752 0.2215
vn -0.1219 -0.9396 0.32
vn 0.0 -0.8935 0.449
vn -0.1772 -0.849 0.4979
vn 0.0 -0.767 0.6417
vn -0.2393 -0.7195 0.6519
vn 0.0 -0.6251 0.7806
vn -0.3075 -0.5554 0.7727
vn 0.0 -0.4571 0.8894
vn -0.3517 -0.2932 0.889
vn 0.0 -0.2205 0.9754
vn -0.3591 -0.1249 0.9249
vn 0.0 -0.0856 0.9963
vn -0.147 -0.9876 -0.0552
vn -0.2344 -0.9721 0.0
vn 0.0004 -1.0 0.0
vn -0.0062 -0.9996 -0.0293
vn -0.3285 -0.9371 -0.1178
vn -0.4411 -0.8974 0.0
vn -0.4688 -0.8645 -0.1815
vn -0.615 -0.7885 0.0
vn -0.6495 -0.721 -0.2416
vn -0.7911 -0.6117 0.0
vn -0.7931 -0.5301 -0.2999
vn -0.9034 -0.4288 0.0
vn 0.3291 -0.9372 0.1155
vn 0.4422 -0.8969 -0.0005
vn 0.2344 -0.9721 -0.0
vn 0.1464 -0.9877 0.0548
vn 0.4761 -0.8606 0.1809
vn 0.6155 -0.7882 -0.0006
vn 0.6484 -0.7195 0.2488
vn 0.7917 -0.611 0.0005
vn 0.7921 -0.5342 0.2955
vn 0.9036 -0.4284 -0.0002
vn 0.8893 -0.3018 0.3435
vn 0.9708 -0.2398 -0.0005
vn 0.9158 -0.149 0.3729
vn 0.0611 -0.9885 -0.1382
vn 0.1218 -0.9369 -0.3277
vn 0.1713 -0.8529 -0.4931
vn 0.2409 -0.7304 -0.6391
vn 0.3087 -0.5385 -0.784
vn 0.3491 -0.2888 -0.8915
vn 0.36 -0.138 -0.9227
vn 0.0603 -0.9889 0.1358
vn 0.1219 -0.9396 0.32
vn 0.1774 -0.849 0.4978
vn 0.2393 -0.7195 0.6519
vn 0.3074 -0.5553 0.7727
vn 0.3519 -0.293 0.889
vn 0.3591 -0.1249 0.9249
vn 0.3285 -0.9371 -0.1178
vn 0.147 -0.9876 -0.0555
vn 0.2344 -0.9721 0.0
vn 0.4411 -0.8974 0.0
vn 0.469 -0.8644 -0.1811
vn 0.615 -0.7885 0.0
vn 0.6493 -0.721 -0.2419
vn 0.7911 -0.6117 0.0
vn 0.7932 -0.53 -0.2999
vn 0.9034 -0.4288 0.0
vn 0.971 -0.2389 0.0
vn 0.9918 -0.1275 0.0
vn -0.2374 -0.9714 0.0
vn -0.4406 -0.8977 0.0
vn -0.6033 -0.7975 0.0
vn -0.7849 -0.6196 -0.0003
vn -0.9069 -0.4214 -0.0006
vn -0.9741 -0.2262 0.0007
vn -0.9931 -0.1174 0.0025
vn -0.8872 -0.3015 -0.3493
vn -0.971 -0.2389 0.0
vn -0.9165 -0.1541 -0.3691
vn -0.9918 -0.1275 0.0
vn 0.2374 -0.9714 0.0
vn 0.1455 -0.9876 -0.0595
vn 0.4406 -0.8977 0.0
vn 0.3299 -0.9367 -0.1171
vn 0.6033 -0.7975 0.0
vn 0.4612 -0.869 -0.1791
vn 0.7849 -0.6196 -0.0002
vn 0.6407 -0.7284 -0.2427
vn 0.9069 -0.4213 -0.0005
vn 0.7957 -0.5252 -0.3016
vn 0.9741 -0.226 0.0008
vn 0.8897 -0.2934 -0.3497
vn 0.9931 -0.1173 0.003
vn 0.92 -0.1473 -0.3631
vn 0.971 -0.2389 0.0
vn 0.8872 -0.3016 -0.3492
vn 0.9918 -0.1275 0.0
vn 0.9165 -0.1541 -0.3692
vn -0.0 -1.0 -0.0
vn -0.1951 -0.9808 -0.0
vn -0.0784 -0.994 0.0764
vn -0.0 -1.0 -0.0
vn -0.3835 -0.9235 -0.0011
vn -0.1798 -0.9622 0.2044
vn -0.5569 -0.8306 -0.0014
vn -0.2893 -0.8999 0.3264
vn -0.708 -0.7062 -0.0015
vn -0.3965 -0.8023 0.4461
vn -0.8722 -0.4891 -0.0015
vn -0.5241 -0.6366 0.5658
vn -0.9708 -0.24 -0.0015
vn -0.6762 -0.3358 0.6558
vn -0.6817 -0.1634 0.7131
vn -0.0059 -0.2263 0.974
vn -0.0023 -0.0858 0.9963
vn 0.6916 -0.1368 0.7092
vn 0.658 -0.3429 0.6704
vn -0.0068 -0.4576 0.8891
vn 0.534 -0.6393 0.5533
vn -0.0029 -0.626 0.7798
vn 0.3954 -0.802 0.4478
vn -0.0009 -0.77 0.6381
vn 0.2852 -0.9026 0.3223
vn 0.0 -0.8948 0.4464
vn 0.1789 -0.9626 0.2035
vn 0.0 -0.9752 0.2215
vn 0.0784 -0.994 0.0764
vn 0.0 -1.0 0.0
vn 0.0792 -0.9939 -0.0768
vn 0.0 -0.9739 -0.2268
vn -0.0792 -0.9939 -0.0768
vn -0.1796 -0.9612 -0.2092
vn -0.2821 -0.9009 -0.3297
vn -0.3991 -0.8107 -0.4282
vn -0.525 -0.6255 -0.5772
vn -0.6715 -0.3321 -0.6624
vn -0.684 -0.1735 -0.7085
vn -0.6636 -0.3452 0.6636
vn -0.5306 -0.661 0.5306
vn -0.6917 -0.2073 0.6918
vn 0.6444 -0.3515 0.6791
vn -0.0038 -0.2453 0.9694
vn -0.0 -0.1482 0.989
vn 0.7011 -0.1825 0.6893
vn -0.007 -0.4892 0.8721
vn 0.5419 -0.6564 0.5248
vn -0.0035 -0.7043 0.7099
vn 0.3907 -0.832 0.3939
vn 0.0 -0.8315 0.5556
vn 0.2795 -0.9186 0.2795
vn 0.0 -0.9239 0.3827
vn 0.175 -0.9689 0.175
vn 0.0 -0.9808 0.1951
vn 0.0742 -0.9945 0.0742
vn 0.1951 -0.9808 -0.0
vn 0.3827 -0.9239 -0.0
vn 0.5557 -0.8314 -0.0008
vn 0.7216 -0.6924 -0.0038
vn 0.8644 -0.5027 -0.0075
vn 0.9661 -0.2582 -0.0053
vn 0.994 -0.1091 -0.0017
vn 0.1796 -0.9612 -0.2092
vn 0.0 -0.8885 -0.4588
vn 0.2821 -0.9009 -0.3297
vn 0.0 -0.7775 -0.6289
vn 0.4026 -0.806 -0.4339
vn 0.0 -0.6325 -0.7746
vn 0.5368 -0.627 -0.5646
vn 0.0 -0.4356 -0.9001
vn 0.6474 -0.3554 -0.6742
vn -0.0118 -0.2077 -0.9781
vn 0.6372 -0.1524 -0.7555
vn -0.0214 -0.1021 -0.9945
vn -0.0742 -0.9945 0.0742
vn -0.175 -0.9689 0.175
vn -0.2795 -0.9186 0.2795
vn -0.388 -0.836 0.388
vn 0.0 -0.1482 0.989
vn 0.0 -0.2391 0.971
vn 0.0 -0.4888 0.8724
vn 0.0 -0.7071 0.7071
vn 0.0 -0.8315 0.5556
vn 0.0 -0.9239 0.3827
vn 0.0 -0.9808 0.1951
vn 0.0034 -1.0 -0.0042
vn -0.004 -1.0 -0.0033
vn 0.0031 -1.0 -0.004
vn -0.004 -1.0 -0.0033
vtan -0.9902 0.1394 -0.0001 -1.0
vtan -0.9721 0.2344 0.0 -1.0
vtan -1.0 -0.0004 -0.0 -1.0
vtan -0.9999 0.0125 0.0 -1.0
vtan -0.9434 0.3316 -0.0003 -1.0
vtan -0.8971 0.4418 -0.0 -1.0
vtan -0.8758 0.4826 0.0104 -1.0
vtan -0.788 0.6157 0.0064 -1.0
vtan -0.7447 0.6672 0.0152 -1.0
vtan -0.611 0.7916 -0.0098 -1.0
vtan -0.5516 0.8336 -0.0285 -1.0
vtan -0.4286 0.9035 -0.0034 -1.0
vtan -0.322 0.9467 0.0012 -1.0
vtan -0.24 0.9708 -0.0029 -1.0
vtan -0.1603 0.9871 -0.0006 -1.0
vtan -0.1275 0.9918 -0.0026 -1.0
vtan -0.931 -0.046 -0.3621 -1.0
vtan -1.0 0.0016 -0.0001 -1.0
vtan -1.0 0.0013 -0.0003 -1.0
vtan -0.9351 -0.1068 -0.338 -1.0
vtan -1.0 0.0011 -0.0006 -1.0
vtan -0.9512 -0.1572 -0.2654 -1.0
vtan -0.9997 0.0203 -0.0164 -1.0
vtan -0.9724 -0.175 -0.1542 -1.0
vtan -0.9999 0.0069 -0.0084 -1.0
vtan -0.9809 -0.1944 -0.0072 -1.0
vtan -1.0 0.0 0.0 -1.0
vtan -0.9918 -0.128 -0.0011 -1.0
vtan -1.0 0.0 -0.0 -1.0
vtan -0.9981 -0.0612 -0.0004 -1.0
vtan -1.0 -0.0 -0.0 -1.0
vtan -0.9998 -0.0176 -0.0001 -1.0
vtan -1.0 0.0 0.0 -1.0
vtan -0.9983 -0.0589 0.0009 -1.0
vtan -0.9981 0.0616 -0.0015 -1.0
vtan -1.0 -0.0 -0.0 -1.0
vtan -0.9999 0.012 -0.0001 -1.0
vtan -0.9917 0.1283 -0.0017 -1.0
vtan -0.9812 0.1928 -0.0073 -1.0
vtan -0.97 0.2044 -0.1319 -1.0
vtan -1.0 0.0 -0.0 -1.0
vtan -0.9511 0.1699 -0.2579 -1.0
vtan -1.0 0.0 -0.0 -1.0
vtan -0.9358 0.0583 -0.3477 -1.0
vtan -0.9328 0.0364 -0.3585 -1.0
vtan -0.9714 -0.2374 0.0 -1.0
vtan -0.989 -0.1481 -0.0002 -1.0
vtan -0.8976 -0.4408 -0.0001 -1.0
vtan -0.9434 -0.3317 -0.0003 -1.0
vtan -0.7973 -0.6036 0.0001 -1.0
vtan -0.8818 -0.4716 -0.0009 -1.0
vtan -0.6194 -0.7851 0.0009 -1.0
vtan -0.7556 -0.655 -0.0089 -1.0
vtan -0.4238 -0.9058 0.002 -1.0
vtan -0.549 -0.8355 0.0221 -1.0
vtan -0.2285 -0.9735 0.0024 -1.0
vtan -0.3076 -0.9515 -0.0032 -1.0
vtan -0.1089 -0.994 0.0019 -1.0
vtan -0.1423 -0.9898 -0.0 -1.0
vtan -1.0 0.0 0.0 -1.0
vtan -0.9916 -0.1292 0.0006 -1.0
vtan -0.9817 -0.19 0.0076 -1.0
vtan -0.971 -0.1995 0.1318 -1.0
vtan -1.0 0.0 -0.0 -1.0
vtan -0.9512 -0.1686 0.2585 -1.0
vtan -1.0 0.0 -0.0 -1.0
vtan -0.9366 -0.1086 0.3331 -1.0
vtan -1.0 -0.0 0.0 -1.0
vtan -0.9321 -0.0553 0.3578 -1.0
vtan -0.9986 0.0534 -0.0005 -1.0
vtan -1.0 -0.0 0.0 -1.0
vtan -0.9917 0.1285 0.0004 -1.0
vtan -1.0 -0.0 0.0 -1.0
vtan -0.9802 0.1977 0.012 -1.0
vtan -1.0 -0.0 -0.0 -1.0
vtan -0.9703 0.2006 0.1351 -1.0
vtan -1.0 0.0 -0.0 -1.0
vtan -0.9516 0.1747 0.253 -1.0
vtan -1.0 0.0 -0.0 -1.0
vtan -0.9359 0.1106 0.3343 -1.0
vtan -0.9333 0.0483 0.3559 -1.0
vtan -1.0 -0.0004 0.0 -1.0
vtan -0.9721 0.2344 -0.0 -1.0
vtan -0.9891 0.1471 -0.0013 -1.0
vtan -1.0 0.0062 0.0003 -1.0
vtan -0.8974 0.4411 -0.0 -1.0
vtan -0.9437 0.3307 -0.0008 -1.0
vtan -0.7885 0.615 -0.0001 -1.0
vtan -0.8791 0.4767 -0.0016 -1.0
vtan -0.6117 0.7911 0.0 -1.0
vtan -0.7429 0.6694 0.0011 -1.0
vtan -0.4288 0.9034 -0.0 -1.0
vtan -0.55 0.8349 0.0212 -1.0
vtan -1.0 0.0004 0.0 -1.0
vtan -0.9721 -0.2344 -0.0 -1.0
vtan -0.9897 -0.1435 -0.0002 -1.0
vtan -1.0 0.0001 -0.0 -1.0
vtan -0.8971 -0.4418 0.0 -1.0
vtan -0.9436 -0.3311 0.0004 -1.0
vtan -0.7879 -0.6158 0.0018 -1.0
vtan -0.8749 -0.4843 0.0008 -1.0
vtan -0.6113 -0.7914 0.0034 -1.0
vtan -0.7417 -0.6707 0.0045 -1.0
vtan -0.4284 -0.9036 0.0034 -1.0
vtan -0.5527 -0.833 0.0245 -1.0
vtan -0.2399 -0.9708 0.0029 -1.0
vtan -0.3218 -0.9468 -0.0011 -1.0
vtan -0.1275 -0.9918 0.0026 -1.0
vtan -0.1603 -0.9871 0.0006 -1.0
vtan -0.931 0.0491 0.3617 -1.0
vtan -0.935 0.1093 0.3373 -1.0
vtan -0.9514 0.1758 0.2529 -1.0
vtan -0.9721 0.1871 0.1417 -1.0
vtan -0.982 0.1882 0.0185 -1.0
vtan -0.9918 0.128 0.0011 -1.0
vtan -0.9983 0.0586 0.0001 -1.0
vtan -0.9998 0.0176 -0.0002 -1.0
vtan -0.9981 0.0619 -0.0013 -1.0
vtan -1.0 -0.0 0.0 -1.0
vtan -0.9983 -0.0586 0.0011 -1.0
vtan -0.9994 -0.0352 0.0001 -1.0
vtan -0.9917 -0.1283 0.0017 -1.0
vtan -0.9853 -0.1526 0.0774 -1.0
vtan -0.9696 -0.1519 0.1918 -1.0
vtan -0.9511 -0.1698 0.2579 -1.0
vtan -0.9357 -0.0585 0.348 -1.0
vtan -0.9328 -0.0365 0.3585 -1.0
vtan -0.9895 0.1447 -0.0 -1.0
vtan -0.9714 0.2374 -0.0 -1.0
vtan -0.9432 0.3322 0.0004 -1.0
vtan -0.8976 0.4408 0.0001 -1.0
vtan -0.8835 0.4679 0.0234 -1.0
vtan -0.7971 0.6035 0.0173 -1.0
vtan -0.7612 0.6467 0.0486 -1.0
vtan -0.6194 0.7851 -0.0011 -1.0
vtan -0.5488 0.8356 -0.0234 -1.0
vtan -0.4238 0.9057 -0.0022 -1.0
vtan -0.3071 0.9517 0.0017 -1.0
vtan -0.2285 0.9735 -0.0024 -1.0
vtan -0.1089 0.994 -0.0025 -1.0
vtan -0.1423 0.9898 -0.0004 -1.0
vtan -0.9916 0.1292 -0.0006 -1.0
vtan -0.9817 0.1901 -0.0076 -1.0
vtan -0.9711 0.1989 -0.132 -1.0
vtan -0.9513 0.1684 -0.2582 -1.0
vtan -0.9367 0.1085 -0.333 -1.0
vtan -0.9321 0.0553 -0.3579 -1.0
vtan -0.9983 -0.0582 -0.0002 -1.0
vtan -0.9917 -0.1282 -0.0003 -1.0
vtan -1.0 -0.0 -0.0 -1.0
vtan -0.983 -0.177 -0.0482 -1.0
vtan -1.0 -0.0 -0.0 -1.0
vtan -0.97 -0.1479 -0.1928 -1.0
vtan -1.0 -0.0 -0.0 -1.0
vtan -0.9516 -0.1746 -0.2531 -1.0
vtan -1.0 0.0 0.0 -1.0
vtan -0.9359 -0.1109 -0.3342 -1.0
vtan -1.0 -0.0 0.0 -1.0
vtan -0.9333 -0.0484 -0.3559 -1.0
vtan -0.9896 -0.1437 0.0011 -1.0
vtan -0.9721 -0.2344 0.0 -1.0
vtan -1.0 0.0004 -0.0 -1.0
vtan -1.0 0.0067 0.0003 -1.0
vtan -0.9436 -0.331 0.0008 -1.0
vtan -0.8974 -0.4411 0.0 -1.0
vtan -0.8789 -0.477 -0.0008 -1.0
vtan -0.7885 -0.615 0.0001 -1.0
vtan -0.7374 -0.6747 -0.0318 -1.0
vtan -0.6117 -0.7911 -0.0 -1.0
vtan -0.5499 -0.835 -0.0213 -1.0
vtan -0.4288 -0.9034 0.0 -1.0
vtan -0.9435 0.3314 -0.0003 -1.0
vtan -0.8969 0.4423 -0.0 -1.0
vtan -0.9721 0.2344 0.0001 -1.0
vtan -0.9892 0.1466 0.0008 -1.0
vtan -0.8749 0.4844 -0.0008 -1.0
vtan -0.788 0.6157 -0.0018 -1.0
vtan -0.7421 0.6703 -0.0046 -1.0
vtan -0.6113 0.7914 -0.0034 -1.0
vtan -0.5526 0.8331 -0.0248 -1.0
vtan -0.4285 0.9035 -0.0034 -1.0
vtan -0.322 0.9467 0.0012 -1.0
vtan -0.2398 0.9708 -0.0029 -1.0
vtan -0.1603 0.9871 -0.0006 -1.0
vtan -0.1275 0.9918 -0.0026 -1.0
vtan -0.9981 0.0617 -0.0003 -1.0
vtan -1.0 -0.0 0.0012 -1.0
vtan -0.9917 0.1284 -0.0016 -1.0
vtan -0.9852 0.153 -0.0776 -1.0
vtan -0.9696 0.1518 -0.1919 -1.0
vtan -0.9511 0.1699 -0.2579 -1.0
vtan -0.9356 0.0585 -0.3481 -1.0
vtan -0.9328 0.0364 -0.3585 -1.0
vtan -0.9982 0.0606 0.0009 -1.0
vtan -0.9917 0.1285 0.0005 -1.0
vtan -0.983 0.177 0.0482 -1.0
vtan -0.97 0.148 0.1929 -1.0
vtan -0.9516 0.1745 0.2531 -1.0
vtan -0.9359 0.111 0.3344 -1.0
vtan -0.9333 0.0484 0.3559 -1.0
vtan -0.9721 0.2344 0.0 -1.0
vtan -0.8974 0.4411 -0.0 -1.0
vtan -0.9437 0.3308 -0.0006 -1.0
vtan -0.9891 0.1472 -0.0002 -1.0
vtan -0.7885 0.615 -0.0001 -1.0
vtan -0.8789 0.4771 0.0008 -1.0
vtan -0.6117 0.7911 0.0 -1.0
vtan -0.7373 0.6748 0.0317 -1.0
vtan -0.4288 0.9034 -0.0 -1.0
vtan -0.55 0.8349 0.0212 -1.0
vtan -0.2389 0.971 -0.0001 -1.0
vtan -0.3274 0.9448 -0.016 -1.0
vtan -0.1275 0.9918 0.0 -1.0
vtan -0.1606 0.9869 0.0133 -1.0
vtan -0.9894 -0.1455 0.001 -1.0
vtan -0.9714 -0.2374 0.0001 -1.0
vtan -0.9432 -0.3322 -0.0003 -1.0
vtan -0.8977 -0.4406 -0.0001 -1.0
vtan -0.8835 -0.4684 0.0018 -1.0
vtan -0.7975 -0.6033 0.0 -1.0
vtan -0.751 -0.6603 0.0 -1.0
vtan -0.6196 -0.7849 0.0001 -1.0
vtan -0.5451 -0.8381 -0.0218 -1.0
vtan -0.4214 -0.9069 0.0001 -1.0
vtan -0.3145 -0.9493 0.0036 -1.0
vtan -0.226 -0.9741 -0.0001 -1.0
vtan -0.1594 -0.9872 0.0034 -1.0
vtan -0.1173 -0.9931 -0.0 -1.0
vtan -0.3273 -0.9448 0.0161 -1.0
vtan -0.2389 -0.971 0.0001 -1.0
vtan -0.1606 -0.9869 -0.0133 -1.0
vtan -0.1275 -0.9918 -0.0 -1.0
vtan -0.9714 0.2374 -0.0001 -1.0
vtan -0.9889 0.1487 -0.0012 -1.0
vtan -0.8977 0.4406 0.0001 -1.0
vtan -0.9432 0.3322 0.0003 -1.0
vtan -0.7975 0.6033 -0.0 -1.0
vtan -0.8834 0.4685 -0.0016 -1.0
vtan -0.6196 0.7849 0.0002 -1.0
vtan -0.7509 0.6604 0.0 -1.0
vtan -0.4213 0.9069 0.0001 -1.0
vtan -0.5449 0.8382 0.0218 -1.0
vtan -0.226 0.9741 0.0001 -1.0
vtan -0.3143 0.9493 -0.0038 -1.0
vtan -0.1173 0.9931 0.0 -1.0
vtan -0.1592 0.9872 -0.0029 -1.0
vtan -0.2389 0.971 -0.0001 -1.0
vtan -0.3274 0.9448 -0.016 -1.0
vtan -0.1275 0.9918 0.0 -1.0
vtan -0.1606 0.9869 0.0133 -1.0
vtan -1.0 0.0 -0.0 -1.0
vtan -0.9808 -0.1951 0.0 -1.0
vtan -0.992 -0.1259 0.0004 -1.0
vtan -1.0 0.0 0.0001 -1.0
vtan -0.9233 -0.3841 -0.0001 -1.0
vtan -0.9606 -0.2778 -0.0007 -1.0
vtan -0.8306 -0.5568 -0.007 -1.0
vtan -0.9007 -0.4344 -0.0086 -1.0
vtan -0.7065 -0.7077 0.0027 -1.0
vtan -0.8092 -0.5874 -0.0157 -1.0
vtan -0.4893 -0.8721 0.0059 -1.0
vtan -0.6234 -0.7819 -0.0029 -1.0
vtan -0.2398 -0.9708 0.006 -1.0
vtan -0.3092 -0.9505 0.0319 -1.0
vtan -0.1482 -0.9889 0.0059 -1.0
vtan -0.1796 -0.9837 0.0043 -1.0
vtan -1.0 0.0004 -0.0058 -1.0
vtan -0.9999 -0.0116 -0.0022 -1.0
vtan -0.934 0.0265 0.3563 -1.0
vtan -0.9405 0.07 0.3325 -1.0
vtan -1.0 -0.0024 -0.0057 -1.0
vtan -0.9585 0.1226 0.2573 -1.0
vtan -1.0 -0.0035 -0.0013 -1.0
vtan -0.9769 0.1656 0.135 -1.0
vtan -1.0 -0.0013 0.0005 -1.0
vtan -0.9848 0.1728 0.0163 -1.0
vtan -1.0 0.0 -0.0 -1.0
vtan -0.9939 0.1101 0.0003 -1.0
vtan -1.0 0.0 0.0 -1.0
vtan -0.9986 0.0534 -0.0005 -1.0
vtan -1.0 0.0 0.0 -1.0
vtan -0.9998 0.0176 0.0004 -1.0
vtan -0.9984 0.057 -0.0013 -1.0
vtan -1.0 -0.0 -0.0 -1.0
vtan -0.9986 -0.0538 0.001 -1.0
vtan -0.9994 -0.0351 -0.0007 -1.0
vtan -0.9938 -0.1115 0.0008 -1.0
vtan -0.9845 -0.1752 0.005 -1.0
vtan -0.9731 -0.2172 0.0771 -1.0
vtan -0.9588 -0.112 0.2611 -1.0
vtan -0.936 -0.1137 0.333 -1.0
vtan -0.9351 -0.055 0.35 -1.0
vtan -0.6221 -0.7829 0.0092 -1.0
vtan -0.3118 -0.9498 -0.0248 -1.0
vtan -0.32 -0.9471 0.0266 -1.0
vtan -0.6159 -0.7872 0.0316 -1.0
vtan -0.1875 -0.9823 0.0025 -1.0
vtan -0.1963 -0.9804 0.0188 -1.0
vtan -0.0267 0.9478 -0.3178 -1.0
vtan -0.0 0.9693 -0.246 -1.0
vtan -0.0005 0.989 -0.1482 -1.0
vtan 0.0027 0.9816 -0.1909 -1.0
vtan -0.0002 0.8716 -0.4902 -1.0
vtan 0.0097 0.7796 -0.6262 -1.0
vtan 0.0002 0.7097 -0.7045 -1.0
vtan -0.0108 0.5877 -0.809 -1.0
vtan -1.0 0.0 -0.0 -1.0
vtan -1.0 -0.0021 -0.0022 -1.0
vtan -0.9735 0.2241 0.046 -1.0
vtan -0.9859 0.1672 0.0037 -1.0
vtan -1.0 0.0 -0.0 -1.0
vtan -0.9946 0.1038 0.0012 -1.0
vtan -1.0 0.0 -0.0 -1.0
vtan -0.9989 0.0467 -0.0003 -1.0
vtan -0.992 0.1265 -0.0002 -1.0
vtan -0.9808 0.1951 0.0 -1.0
vtan -0.9609 0.2767 -0.0005 -1.0
vtan -0.9239 0.3827 -0.0 -1.0
vtan -0.9039 0.4273 0.02 -1.0
vtan -0.8312 0.5557 0.0163 -1.0
vtan -0.8089 0.5864 0.0424 -1.0
vtan -0.6925 0.7214 -0.0014 -1.0
vtan -0.6159 0.7869 -0.037 -1.0
vtan -0.5029 0.8643 -0.0032 -1.0
vtan -0.3254 0.9452 -0.0264 -1.0
vtan -0.2586 0.966 -0.0035 -1.0
vtan -0.109 0.994 -0.0037 -1.0
vtan -0.137 0.9905 -0.0148 -1.0
vtan -0.9937 0.1116 -0.0008 -1.0
vtan -1.0 -0.0 -0.0 -1.0
vtan -0.9845 0.1752 -0.005 -1.0
vtan -0.9707 0.2316 -0.0634 -1.0
vtan -1.0 0.0 -0.0 -1.0
vtan 0.0023 0.8148 0.5797 -1.0
vtan 0.0001 0.9001 0.4356 -1.0
vtan -0.0 0.7746 0.6325 -1.0
vtan -0.0164 0.6483 0.7612 -1.0
vtan -0.0241 0.9522 0.3045 -1.0
vtan 0.0002 0.9784 0.2069 -1.0
vtan 0.0041 0.9901 0.1401 -1.0
vtan 0.0 0.9949 0.1005 -1.0
vtan -0.9985 -0.0541 0.0004 -1.0
vtan -0.9939 -0.1105 -0.0015 -1.0
vtan -0.9837 -0.1796 -0.0099 -1.0
vtan -0.974 -0.2094 -0.087 -1.0
vtan -0.9591 -0.1177 -0.2573 -1.0
vtan -0.9349 -0.1195 -0.3341 -1.0
vtan -0.9353 -0.0501 -0.3503 -1.0
vtan -0.9926 -0.1211 0.0001 -1.0
vtan -1.0 0.0 -0.0 -1.0
vtan -1.0 0.0056 0.0007 -1.0
vtan -0.992 -0.1263 0.001 -1.0
vtan -0.9618 0.2738 0.0006 -1.0
vtan -0.9607 0.2776 -0.0 -1.0
vtan -0.9915 0.1299 -0.0011 -1.0
vtan -0.9926 0.1211 -0.0002 -1.0
vtan -0.9618 -0.2738 -0.0006 -1.0
vtan -0.9607 -0.2776 0.0 -1.0
vtan -0.9049 0.4255 0.0011 -1.0
vtan -0.9033 0.429 -0.0002 -1.0
vtan -0.9049 -0.4256 -0.001 -1.0
vtan -0.9033 -0.429 0.0003 -1.0
vtan -0.8079 0.5893 -0.0023 -1.0
vtan -0.8005 0.5994 0.0003 -1.0
vtan -0.8154 -0.5789 0.0022 -1.0
vtan -0.8077 -0.5896 0.0008 -1.0
vtan -0.6159 0.7874 -0.0253 -1.0
vtan -0.6156 0.7877 0.0232 -1.0
vtan -0.3553 0.9346 -0.018 -1.0
vtan -0.3468 0.9378 0.0165 -1.0
vtan -0.1523 0.9882 0.0155 -1.0
vtan -0.1601 0.9869 -0.0201 -1.0
vtan -0.9338 -0.0509 -0.3541 -1.0
vtan -0.9362 -0.0825 -0.3417 -1.0
vtan -0.9576 -0.1352 -0.2544 -1.0
vtan -0.9777 -0.1828 -0.1035 -1.0
vtan -0.9859 -0.1672 -0.0037 -1.0
vtan -0.9946 -0.1038 -0.0011 -1.0
vtan -1.0 -0.0 0.0 -1.0
vtan -0.9989 -0.0467 0.0003 -1.0
vtan -1.0 0.0 0.0 -1.0
vtan -0.9996 -0.0275 -0.0 -1.0
vtan -1.0 0.0 -0.0 -1.0
vtan -1.0 0.0 -0.0005 -1.0
vtan -1.0 -0.0 -0.0 -1.0
vtan -1.0 0.0001 0.0039 -1.0
vtan 1.0 -0.0004 0.0 1.0
vtan 0.9721 0.2344 -0.0 1.0
vtan 0.9966 0.0828 0.0 1.0
vtan 1.0 -0.0001 0.0 1.0
vtan 0.8971 0.4418 -0.0 1.0
vtan 0.9748 0.2231 0.002 1.0
vtan 0.7877 0.616 0.0065 1.0
vtan 0.9437 0.3302 0.0179 1.0
vtan 0.6108 0.7918 -0.0103 1.0
vtan 0.876 0.4793 0.0532 1.0
vtan 0.4282 0.9037 -0.0033 1.0
vtan 0.6272 0.762 -0.1615 1.0
vtan 0.2397 0.9708 -0.0031 1.0
vtan 0.3627 0.9261 -0.1041 1.0
vtan 0.1275 0.9918 -0.0026 1.0
vtan 0.1681 0.9848 -0.0443 1.0
vtan 1.0 0.001 -0.0002 1.0
vtan 1.0 0.0014 -0.0001 1.0
vtan 0.7155 -0.1338 -0.6856 1.0
vtan 0.7376 -0.2956 -0.6071 1.0
vtan 1.0 0.0012 -0.0006 1.0
vtan 0.813 -0.4079 -0.4156 1.0
vtan 0.9997 0.02 -0.0161 1.0
vtan 0.8859 -0.4598 -0.0617 1.0
vtan 0.9999 0.0072 -0.0087 1.0
vtan 0.9462 -0.3232 -0.0121 1.0
vtan 1.0 0.0 -0.0 1.0
vtan 0.9745 -0.2244 -0.002 1.0
vtan 1.0 -0.0 0.0 1.0
vtan 0.9965 -0.0834 -0.0 1.0
vtan 1.0 -0.0 0.0 1.0
vtan 0.9964 -0.0844 0.0002 1.0
vtan 1.0 0.0 0.0 1.0
vtan 0.9965 0.0838 -0.0002 1.0
vtan 1.0 -0.0 -0.0 1.0
vtan 0.9748 0.2231 -0.0022 1.0
vtan 0.9461 0.3237 -0.0129 1.0
vtan 0.8743 0.4832 -0.0454 1.0
vtan 1.0 -0.0 -0.0 1.0
vtan 0.8138 0.4179 -0.404 1.0
vtan 1.0 -0.0 -0.0 1.0
vtan 0.746 0.2976 -0.5958 1.0
vtan 0.7228 0.1525 -0.674 1.0
vtan 0.9714 -0.2374 0.0 1.0
vtan 0.8976 -0.4408 -0.0 1.0
vtan 0.7973 -0.6036 -0.0001 1.0
vtan 0.6194 -0.785 0.0008 1.0
vtan 0.6273 -0.7628 0.1573 1.0
vtan 0.4235 -0.9059 0.002 1.0
vtan 0.3458 -0.9325 0.1038 1.0
vtan 0.2282 -0.9736 0.0025 1.0
vtan 0.1506 -0.9876 0.0439 1.0
vtan 0.109 -0.994 0.0019 1.0
vtan 0.9743 -0.2252 0.0021 1.0
vtan 1.0 0.0 0.0 1.0
vtan 0.9476 -0.3192 0.0124 1.0
vtan 0.8798 -0.4732 0.0446 1.0
vtan 0.8129 -0.4171 0.4064 1.0
vtan 1.0 -0.0 -0.0 1.0
vtan 0.7448 -0.2961 0.5979 1.0
vtan 1.0 0.0001 0.0 1.0
vtan 0.717 -0.1523 0.6802 1.0
vtan 1.0 0.0008 0.0001 1.0
vtan 1.0 -0.0 0.0 1.0
vtan 1.0 -0.0 0.0 1.0
vtan 1.0 -0.0 -0.0 1.0
vtan 0.8142 0.4246 0.3959 1.0
vtan 1.0 0.0 0.0 1.0
vtan 0.7417 0.3051 0.5973 1.0
vtan 1.0 0.0 -0.0 1.0
vtan 0.7251 0.1421 0.6738 1.0
vtan 0.9721 0.2344 0.0 1.0
vtan 1.0 -0.0004 0.0 1.0
vtan 0.8974 0.4411 -0.0 1.0
vtan 0.7885 0.615 0.0001 1.0
vtan 0.6117 0.7911 -0.0001 1.0
vtan 0.6247 0.7662 0.1506 1.0
vtan 0.4288 0.9034 -0.0001 1.0
vtan 0.9902 -0.1394 0.0001 1.0
vtan 0.9721 -0.2344 -0.0 1.0
vtan 1.0 0.0004 0.0 1.0
vtan 0.9999 -0.0125 -0.0 1.0
vtan 0.9435 -0.3314 0.0004 1.0
vtan 0.8971 -0.4418 0.0 1.0
vtan 0.8749 -0.4843 0.0008 1.0
vtan 0.7879 -0.6158 0.0018 1.0
vtan 0.7421 -0.6702 0.0047 1.0
vtan 0.611 -0.7916 0.0034 1.0
vtan 0.5526 -0.8331 0.0248 1.0
vtan 0.4284 -0.9036 0.0034 1.0
vtan 0.322 -0.9467 -0.0012 1.0
vtan 0.2398 -0.9708 0.0029 1.0
vtan 0.1603 -0.9871 0.0006 1.0
vtan 0.1275 -0.9918 0.0026 1.0
vtan 0.931 0.0491 0.3617 1.0
vtan 0.9351 0.1093 0.3372 1.0
vtan 0.9515 0.1755 0.2525 1.0
vtan 0.9723 0.1865 0.1412 1.0
vtan 0.982 0.1881 0.0184 1.0
vtan 0.9918 0.1274 0.0009 1.0
vtan 0.9981 0.0612 0.0004 1.0
vtan 0.9998 0.0177 0.0001 1.0
vtan 0.9982 0.0594 -0.001 1.0
vtan 0.9981 -0.0616 0.0015 1.0
vtan 1.0 -0.0 0.0 1.0
vtan 0.9999 -0.012 0.0001 1.0
vtan 0.9917 -0.1283 0.0017 1.0
vtan 0.9852 -0.1529 0.0776 1.0
vtan 0.9696 -0.1518 0.1919 1.0
vtan 0.9511 -0.1699 0.2579 1.0
vtan 0.9356 -0.0585 0.3481 1.0
vtan 0.9328 -0.0364 0.3585 1.0
vtan 0.9714 0.2374 -0.0 1.0
vtan 0.989 0.148 0.0002 1.0
vtan 0.8976 0.4408 0.0001 1.0
vtan 0.9433 0.3319 0.0003 1.0
vtan 0.7971 0.6035 0.0173 1.0
vtan 0.8835 0.4679 0.0233 1.0
vtan 0.6194 0.7851 -0.0011 1.0
vtan 0.7612 0.6467 0.0486 1.0
vtan 0.4237 0.9058 -0.0022 1.0
vtan 0.5489 0.8356 -0.0225 1.0
vtan 0.2285 0.9735 -0.0024 1.0
vtan 0.3074 0.9516 0.0026 1.0
vtan 0.1089 0.9941 -0.0027 1.0
vtan 0.1421 0.9898 -0.0005 1.0
vtan 0.9916 0.1292 -0.0006 1.0
vtan 0.9817 0.1901 -0.0077 1.0
vtan 0.9711 0.1992 -0.1316 1.0
vtan 0.9512 0.1686 -0.2584 1.0
vtan 0.9369 0.1084 -0.3324 1.0
vtan 0.9322 0.0553 -0.3578 1.0
vtan 0.9986 -0.0534 0.0005 1.0
vtan 1.0 0.0 0.0 1.0
vtan 0.9917 -0.1285 -0.0004 1.0
vtan 1.0 0.0 0.0 1.0
vtan 0.983 -0.177 -0.0482 1.0
vtan 1.0 0.0 0.0 1.0
vtan 0.97 -0.1479 -0.1928 1.0
vtan 1.0 -0.0 -0.0 1.0
vtan 0.9515 -0.1746 -0.2532 1.0
vtan 1.0 -0.0 -0.0 1.0
vtan 0.9359 -0.111 -0.3344 1.0
vtan 0.9333 -0.0484 -0.3559 1.0
vtan 1.0 0.0004 -0.0 1.0
vtan 0.9721 -0.2344 0.0 1.0
vtan 0.9891 -0.1471 0.0013 1.0
vtan 1.0 -0.0062 -0.0003 1.0
vtan 0.8974 -0.4411 0.0 1.0
vtan 0.9437 -0.3307 0.0008 1.0
vtan 0.7885 -0.615 0.0001 1.0
vtan 0.8789 -0.4771 -0.0008 1.0
vtan 0.6117 -0.7911 -0.0 1.0
vtan 0.7374 -0.6747 -0.0318 1.0
vtan 0.4288 -0.9034 0.0 1.0
vtan 0.55 -0.8349 -0.0212 1.0
vtan 0.9721 0.2344 0.0001 1.0
vtan 0.8969 0.4423 -0.0 1.0
vtan 0.9433 0.3319 -0.0002 1.0
vtan 0.9892 0.1466 0.0008 1.0
vtan 0.7881 0.6156 -0.0018 1.0
vtan 0.8749 0.4844 -0.0008 1.0
vtan 0.6112 0.7915 -0.0034 1.0
vtan 0.7421 0.6702 -0.0047 1.0
vtan 0.4285 0.9035 -0.0034 1.0
vtan 0.5527 0.833 -0.0245 1.0
vtan 0.2399 0.9708 -0.0029 1.0
vtan 0.3218 0.9468 0.0011 1.0
vtan 0.1275 0.9918 -0.0026 1.0
vtan 0.1603 0.9871 -0.0006 1.0
vtan 0.9981 0.0617 -0.0003 1.0
vtan 1.0 0.0 0.0012 1.0
vtan 0.9917 0.1284 -0.0016 1.0
vtan 0.9852 0.1527 -0.0775 1.0
vtan 0.9697 0.1517 -0.1916 1.0
vtan 0.9511 0.1698 -0.2579 1.0
vtan 0.9358 0.0584 -0.3476 1.0
vtan 0.9328 0.0365 -0.3585 1.0
vtan 0.9982 0.0606 0.0009 1.0
vtan 0.9917 0.1285 0.0005 1.0
vtan 0.983 0.177 0.0482 1.0
vtan 0.97 0.148 0.1929 1.0
vtan 0.9515 0.1746 0.2532 1.0
vtan 0.9359 0.111 0.3343 1.0
vtan 0.9333 0.0484 0.3559 1.0
vtan 0.9437 0.3308 -0.0006 1.0
vtan 0.8974 0.4411 -0.0 1.0
vtan 0.9721 0.2344 0.0 1.0
vtan 0.9891 0.1472 -0.0002 1.0
vtan 0.8789 0.4769 0.0008 1.0
vtan 0.7885 0.615 -0.0001 1.0
vtan 0.7374 0.6747 0.0317 1.0
vtan 0.6117 0.7911 0.0 1.0
vtan 0.5499 0.835 0.0213 1.0
vtan 0.4288 0.9034 -0.0 1.0
vtan 0.3625 0.9265 0.101 1.0
vtan 0.2389 0.971 0.0001 1.0
vtan 0.1763 0.9831 0.0495 1.0
vtan 0.1275 0.9918 0.0 1.0
vtan 0.9714 -0.2374 -0.0 1.0
vtan 0.8977 -0.4406 0.0 1.0
vtan 0.7975 -0.6033 -0.0001 1.0
vtan 0.6196 -0.7849 0.0001 1.0
vtan 0.6211 -0.7689 -0.1515 1.0
vtan 0.4214 -0.9069 0.0001 1.0
vtan 0.3564 -0.9287 -0.1026 1.0
vtan 0.2262 -0.9741 -0.0002 1.0
vtan 0.1697 -0.9841 -0.0524 1.0
vtan 0.1174 -0.9931 0.0 1.0
vtan 0.3274 -0.9448 0.016 1.0
vtan 0.2389 -0.971 0.0001 1.0
vtan 0.1606 -0.9869 -0.0133 1.0
vtan 0.1275 -0.9918 -0.0 1.0
vtan 0.9893 0.1457 -0.001 1.0
vtan 0.9714 0.2374 -0.0001 1.0
vtan 0.9432 0.3322 0.0003 1.0
vtan 0.8977 0.4406 0.0001 1.0
vtan 0.8835 0.4685 -0.0018 1.0
vtan 0.7975 0.6033 -0.0 1.0
vtan 0.7509 0.6604 0.0001 1.0
vtan 0.6196 0.7849 0.0002 1.0
vtan 0.5447 0.8384 0.0218 1.0
vtan 0.4213 0.9069 0.0001 1.0
vtan 0.3145 0.9493 -0.0041 1.0
vtan 0.226 0.9741 0.0001 1.0
vtan 0.1591 0.9873 -0.0026 1.0
vtan 0.1173 0.9931 0.0 1.0
vtan 0.3275 0.9447 -0.0161 1.0
vtan 0.2389 0.971 -0.0001 1.0
vtan 0.1606 0.9869 0.0133 1.0
vtan 0.1275 0.9918 0.0 1.0
vtan 0.9969 -0.0786 -0.0 1.0
vtan 0.9808 -0.1951 0.0 1.0
vtan 1.0 -0.0 0.0 1.0
vtan 1.0 -0.0 0.0 1.0
vtan 0.9831 -0.1833 -0.0016 1.0
vtan 0.9235 -0.3835 0.0 1.0
vtan 0.9535 -0.301 -0.0154 1.0
vtan 0.8305 -0.5569 -0.0073 1.0
vtan 0.9051 -0.423 -0.0437 1.0
vtan 0.7064 -0.7078 0.0028 1.0
vtan 0.6911 -0.7061 0.1542 1.0
vtan 0.4892 -0.8722 0.0059 1.0
vtan 0.3589 -0.9275 0.1049 1.0
vtan 0.2397 -0.9708 0.006 1.0
vtan 0.1869 -0.9813 0.0462 1.0
vtan 0.1482 -0.9889 0.0059 1.0
vtan 0.7223 0.1246 0.6803 1.0
vtan 1.0 -0.005 -0.002 1.0
vtan 1.0 -0.0031 -0.0054 1.0
vtan 0.753 0.3015 0.5849 1.0
vtan 1.0 -0.0032 -0.006 1.0
vtan 0.8455 0.4045 0.3486 1.0
vtan 1.0 -0.0035 -0.0014 1.0
vtan 0.9069 0.4181 0.0519 1.0
vtan 1.0 -0.0015 0.0004 1.0
vtan 0.9553 0.2949 0.0203 1.0
vtan 1.0 0.0 -0.0 1.0
vtan 0.9832 0.1824 0.0016 1.0
vtan 1.0 0.0 0.0 1.0
vtan 0.9969 0.0786 0.0 1.0
vtan 1.0 0.0 0.0 1.0
vtan 0.9968 0.0794 -0.0002 1.0
vtan 1.0 -0.0 -0.0 1.0
vtan 0.9968 -0.0794 0.0002 1.0
vtan 0.9831 -0.1833 0.0017 1.0
vtan 0.9554 -0.2952 0.0108 1.0
vtan 0.9038 -0.4265 0.035 1.0
vtan 0.8511 -0.3858 0.356 1.0
vtan 0.741 -0.3009 0.6003 1.0
vtan 0.7295 -0.1627 0.6644 1.0
vtan 0.3703 -0.9224 0.1096 1.0
vtan 0.3598 -0.9276 -0.1003 1.0
vtan 0.687 -0.7118 -0.1466 1.0
vtan 0.7092 -0.6891 0.1493 1.0
vtan 0.2202 -0.9728 0.0713 1.0
vtan 0.1966 -0.9792 -0.05 1.0
vtan 0.1139 0.9223 -0.3692 1.0
vtan 0.0558 0.9776 -0.203 1.0
vtan 0.0005 0.989 -0.1482 1.0
vtan 0.0 0.9694 -0.2453 1.0
vtan 0.0 0.8722 -0.4892 1.0
vtan 0.1567 0.6925 -0.7042 1.0
vtan -0.0001 0.7099 -0.7043 1.0
vtan 0.1724 0.4863 -0.8566 1.0
vtan 0.9056 0.424 0.0019 1.0
vtan 1.0 -0.0024 -0.0025 1.0
vtan 1.0 0.0 -0.0 1.0
vtan 0.9572 0.2892 0.0067 1.0
vtan 1.0 0.0 -0.0 1.0
vtan 0.9841 0.1776 0.001 1.0
vtan 1.0 0.0 -0.0 1.0
vtan 0.9972 0.0744 -0.0 1.0
vtan 0.9808 0.1951 -0.0 1.0
vtan 0.9239 0.3827 0.0 1.0
vtan 0.8312 0.5557 0.0167 1.0
vtan 0.6923 0.7216 -0.0015 1.0
vtan 0.6914 0.7068 -0.1495 1.0
vtan 0.5031 0.8642 -0.003 1.0
vtan 0.2582 0.9661 -0.0036 1.0
vtan 0.3741 0.9215 -0.1039 1.0
vtan 0.1091 0.994 -0.0034 1.0
vtan 0.1494 0.9878 -0.0448 1.0
vtan 0.9831 0.1833 -0.0017 1.0
vtan 1.0 -0.0 -0.0 1.0
vtan 0.9554 0.2952 -0.0108 1.0
vtan 0.8973 0.4413 -0.0126 1.0
vtan 1.0 0.0 -0.0 1.0
vtan 0.1602 0.7327 0.6614 1.0
vtan 0.2016 0.5404 0.8169 1.0
vtan -0.0002 0.7746 0.6325 1.0
vtan 0.0001 0.9001 0.4356 1.0
vtan 0.1129 0.9196 0.3763 1.0
vtan -0.0002 0.9782 0.2077 1.0
vtan 0.0486 0.9863 0.1579 1.0
vtan -0.0001 0.9948 0.1021 1.0
vtan 0.8517 -0.3917 -0.3482 1.0
vtan 0.7368 -0.3085 -0.6017 1.0
vtan 0.7316 -0.1525 -0.6644 1.0
vtan 1.0 0.0 0.0 1.0
vtan 0.9973 -0.0737 0.0 1.0
vtan 0.9972 -0.0744 -0.0 1.0
vtan 0.9841 -0.1776 -0.001 1.0
vtan 0.9572 -0.2892 -0.0067 1.0
vtan 0.9112 -0.4112 -0.0252 1.0
vtan 0.7018 0.697 -0.1471 1.0
vtan 0.6863 0.7137 0.1401 1.0
vtan 0.3913 0.9141 0.1061 1.0
vtan 0.3828 0.9171 -0.1114 1.0
vtan 0.1674 0.9842 0.0573 1.0
vtan 0.1853 0.9801 -0.0719 1.0
vtan 0.7222 -0.1986 -0.6626 1.0
vtan 0.7481 -0.3063 -0.5887 1.0
vtan 0.8476 -0.4138 -0.3321 1.0
vtan 1.0 -0.0 0.0 1.0
vtan 1.0 0.0 0.0 1.0
vtan 1.0 0.0 -0.0 1.0
vtan 1.0 0.0 -0.0005 1.0
vtan 1.0 0.0 -0.0 1.0
vtan 1.0 0.0001 0.0039 1.0
vtan -1.0 0.0 -0.0 -1.0
vtan -0.9996 0.0275 0.0 -1.0
vtan 1.0 0.0 -0.0 1.0
vtan 0.9973 0.0737 0.0 1.0
vtan -1.0 -0.0034 0.0003 -1.0
vtan -0.8537 -0.5161 0.0692 -1.0
vtan -0.9085 -0.3917 0.1458 -1.0
vtan -0.597 -0.3957 -0.6979 -1.0
vtan -0.442 -0.3789 -0.813 -1.0
vtan -0.2377 -0.9702 0.0474 -1.0
vtan -0.3002 -0.9348 0.1896 -1.0
vtan -0.6395 0.5233 0.5633 -1.0
vtan -0.7718 0.429 0.4693 -1.0
vtan -0.9082 -0.39 -0.1521 -1.0
vtan -0.851 -0.5217 -0.0609 -1.0
vtan -0.4452 -0.3645 0.8179 -1.0
vtan -0.5939 -0.3834 0.7073 -1.0
vtan -0.317 -0.9316 -0.1777 -1.0
vtan -0.2611 -0.964 -0.0513 -1.0
vtan -0.4514 0.3776 0.8085 -1.0
vtan -0.5917 0.3957 0.7024 -1.0
vtan -0.3866 0.1246 0.9138 -1.0
vtan -0.415 0.1837 0.8911 -1.0
vtan -0.1696 0.3978 0.9017 -1.0
vtan -0.085 0.5327 0.842 -1.0
vtan -0.715 0.6661 0.2122 -1.0
vtan -0.6197 0.7844 0.0285 -1.0
vtan -0.218 0.9246 0.3123 -1.0
vtan -0.0512 0.9689 0.2421 -1.0
vtan -1.0 0.004 0.0 -1.0
vtan -0.7158 0.4669 0.5193 -1.0
vtan -0.5876 0.536 0.6061 -1.0
vtan -0.6952 0.6855 -0.2161 -1.0
vtan -0.6024 0.7978 -0.0245 -1.0
vtan -0.2873 0.9377 -0.1954 -1.0
vtan -0.2217 0.9741 -0.0455 -1.0
vtan -0.7106 -0.4341 -0.5537 -1.0
vtan -0.5798 -0.5259 -0.6223 -1.0
vtan -0.7097 0.4602 -0.5334 -1.0
vtan -0.585 0.5258 -0.6176 -1.0
vtan -0.5943 0.8038 0.0275 -1.0
vtan -0.6847 0.6979 0.2098 -1.0
vtan -0.416 0.195 -0.8882 -1.0
vtan -0.3902 0.1418 -0.9097 -1.0
vtan -0.5934 -0.8046 0.0219 -1.0
vtan -0.6936 -0.6874 0.2155 -1.0
vtan -0.2063 -0.9775 0.0451 -1.0
vtan -0.271 -0.9427 0.1945 -1.0
vtan -0.5818 -0.5237 0.6223 -1.0
vtan -0.7163 -0.4529 0.5308 -1.0
vtan -0.6776 -0.7034 -0.2146 -1.0
vtan -0.5883 -0.808 -0.0311 -1.0
vtan -0.2966 -0.9364 -0.1875 -1.0
vtan -0.2417 -0.9689 -0.0532 -1.0
vtan -1.0 -0.0031 0.0001 -1.0
vtan -0.7161 -0.4665 -0.5192 -1.0
vtan -0.5876 -0.5361 -0.6061 -1.0
vtan -0.6013 -0.7986 0.0251 -1.0
vtan -0.6957 -0.6852 0.2156 -1.0
vtan -0.2217 -0.9741 0.0455 -1.0
vtan -0.2873 -0.9377 0.1954 -1.0
vtan -0.5832 0.5385 0.6083 -1.0
vtan -0.7242 0.4588 0.5149 -1.0
vtan -0.7467 -0.5438 0.3831 -1.0
vtan -0.8608 -0.4014 0.3129 -1.0
vtan -0.5848 -0.5258 0.6176 -1.0
vtan -0.7098 -0.4601 0.5334 -1.0
vtan -0.6844 -0.6982 -0.21 -1.0
vtan -0.5949 -0.8033 -0.027 -1.0
vtan -0.3902 -0.1416 0.9097 -1.0
vtan -0.4155 -0.1952 0.8884 -1.0
vtan -0.6909 0.6893 -0.2177 -1.0
vtan -0.5891 0.8077 -0.0245 -1.0
vtan -0.2706 0.9428 -0.1946 -1.0
vtan -0.206 0.9775 -0.0453 -1.0
vtan -0.7162 0.4531 -0.5309 -1.0
vtan -0.5814 0.524 -0.6224 -1.0
vtan -0.5876 0.8086 0.0316 -1.0
vtan -0.6779 0.7031 0.2144 -1.0
vtan -0.2405 0.9692 0.0536 -1.0
vtan -0.2973 0.9363 0.1871 -1.0
vtan -0.9557 -0.2692 0.1187 -1.0
vtan -0.9213 -0.3802 0.0814 -1.0
vtan -0.7165 0.4661 0.519 -1.0
vtan -0.5876 0.536 0.6061 -1.0
vtan -0.6953 0.6855 -0.2161 -1.0
vtan -0.6023 0.7979 -0.0244 -1.0
vtan -0.2873 0.9377 -0.1954 -1.0
vtan -0.2217 0.9741 -0.0455 -1.0
vtan -0.8607 0.4014 -0.3133 -1.0
vtan -0.7465 0.5441 -0.3831 -1.0
vtan -0.7095 0.4604 -0.5335 -1.0
vtan -0.585 0.5258 -0.6176 -1.0
vtan -0.5943 0.8038 0.0274 -1.0
vtan -0.6847 0.6979 0.2098 -1.0
vtan -0.416 0.195 -0.8882 -1.0
vtan -0.3902 0.1418 -0.9097 -1.0
vtan -0.9557 0.2692 -0.1187 -1.0
vtan -0.9213 0.3802 -0.0813 -1.0
vtan -0.0657 0.4913 -0.8685 -1.0
vtan -0.1394 0.3533 -0.9251 -1.0
vtan -0.7226 0.6475 -0.2421 -1.0
vtan -0.6276 0.7778 -0.0336 -1.0
vtan -0.1965 0.9207 -0.3372 -1.0
vtan -0.0568 0.9603 -0.2733 -1.0
vtan -0.4265 -0.2302 -0.8747 -1.0
vtan -0.391 -0.1887 -0.9008 -1.0
vtan -0.581 -0.3894 -0.7147 -1.0
vtan -0.4495 -0.3615 -0.8169 -1.0
vtan -0.7888 -0.4496 -0.4191 -1.0
vtan -0.6455 -0.566 -0.5129 -1.0
vtan 1.0 -0.004 -0.0 1.0
vtan 0.7165 -0.4661 -0.519 1.0
vtan 0.5876 -0.536 -0.6061 1.0
vtan 0.6953 -0.6855 0.216 1.0
vtan 0.6023 -0.7979 0.0244 1.0
vtan 0.2873 -0.9377 0.1954 1.0
vtan 0.2216 -0.9741 0.0455 1.0
vtan 0.7242 0.4588 0.5149 1.0
vtan 0.5831 0.5385 0.6083 1.0
vtan 0.8607 -0.4014 0.3133 1.0
vtan 0.7467 -0.5438 0.3831 1.0
vtan 0.7097 -0.4602 0.5334 1.0
vtan 0.585 -0.5258 0.6176 1.0
vtan 0.5943 -0.8038 -0.0274 1.0
vtan 0.6847 -0.6979 -0.2098 1.0
vtan 0.416 -0.195 0.8882 1.0
vtan 0.3902 -0.1418 0.9097 1.0
vtan 0.5919 0.8057 -0.0228 1.0
vtan 0.6928 0.688 -0.2162 1.0
vtan 0.206 0.9775 -0.0453 1.0
vtan 0.2706 0.9428 -0.1947 1.0
vtan 0.5812 0.5241 -0.6225 1.0
vtan 0.7163 0.4529 -0.5308 1.0
vtan 0.6776 0.7034 0.2146 1.0
vtan 0.5885 0.8079 0.0315 1.0
vtan 0.298 0.9361 0.187 1.0
vtan 0.24 0.9693 0.0539 1.0
vtan 0.9557 -0.2692 0.1187 1.0
vtan 0.9213 -0.3802 0.0814 1.0
vtan 0.7165 0.4661 0.519 1.0
vtan 0.5876 0.536 0.6061 1.0
vtan 0.6013 0.7986 -0.0251 1.0
vtan 0.6957 0.6852 -0.2156 1.0
vtan 0.2217 0.9741 -0.0455 1.0
vtan 0.2873 0.9377 -0.1954 1.0
vtan 0.7466 0.5439 -0.3831 1.0
vtan 0.8608 0.4013 -0.3129 1.0
vtan 0.5848 0.5258 -0.6176 1.0
vtan 0.7097 0.4602 -0.5334 1.0
vtan 0.6844 0.6982 0.21 1.0
vtan 0.595 0.8033 0.0273 1.0
vtan 0.3905 0.1416 -0.9096 1.0
vtan 0.4159 0.195 -0.8882 1.0
vtan 0.9557 0.2692 -0.1187 1.0
vtan 0.9213 0.3802 -0.0813 1.0
vtan -0.9902 0.1394 0.0001 1.0
vtan -0.9999 0.0125 -0.0 1.0
vtan -1.0 -0.0004 0.0 1.0
vtan -0.9721 0.2344 -0.0 1.0
vtan -0.9435 0.3315 0.0003 1.0
vtan -0.8971 0.4418 0.0 1.0
vtan -0.8759 0.4824 -0.0104 1.0
vtan -0.788 0.6156 -0.0064 1.0
vtan -0.7447 0.6672 -0.0152 1.0
vtan -0.6111 0.7915 0.0098 1.0
vtan -0.5516 0.8336 0.0285 1.0
vtan -0.4283 0.9036 0.0034 1.0
vtan -0.322 0.9467 -0.0012 1.0
vtan -0.24 0.9708 0.0029 1.0
vtan -0.1603 0.9871 0.0006 1.0
vtan -0.1275 0.9918 0.0026 1.0
vtan -0.931 -0.046 0.3621 1.0
vtan -0.9351 -0.1068 0.338 1.0
vtan -1.0 0.0013 0.0003 1.0
vtan -1.0 0.0016 0.0001 1.0
vtan -0.9511 -0.1575 0.2658 1.0
vtan -1.0 0.0011 0.0006 1.0
vtan -0.9724 -0.175 0.1542 1.0
vtan -0.9997 0.0203 0.0164 1.0
vtan -0.9809 -0.1944 0.0072 1.0
vtan -0.9999 0.0069 0.0084 1.0
vtan -0.9918 -0.1275 0.001 1.0
vtan -1.0 0.0 0.0 1.0
vtan -0.9981 -0.0612 0.0004 1.0
vtan -1.0 -0.0 0.0 1.0
vtan -0.9998 -0.0176 0.0001 1.0
vtan -1.0 0.0 0.0 1.0
vtan -0.9982 -0.0594 -0.001 1.0
vtan -0.9981 0.0616 0.0015 1.0
vtan -0.9999 0.012 0.0001 1.0
vtan -1.0 -0.0 0.0 1.0
vtan -0.9917 0.1283 0.0017 1.0
vtan -0.9812 0.1928 0.0073 1.0
vtan -0.9699 0.2045 0.132 1.0
vtan -1.0 0.0 0.0 1.0
vtan -0.9511 0.1699 0.2579 1.0
vtan -1.0 -0.0 -0.0 1.0
vtan -0.9356 0.0585 0.3481 1.0
vtan -0.9328 0.0364 0.3584 1.0
vtan -0.989 -0.1481 0.0002 1.0
vtan -0.9714 -0.2374 -0.0 1.0
vtan -0.9432 -0.3322 0.0004 1.0
vtan -0.8976 -0.4408 0.0001 1.0
vtan -0.8818 -0.4716 0.0009 1.0
vtan -0.7973 -0.6036 -0.0001 1.0
vtan -0.7556 -0.655 0.0089 1.0
vtan -0.6193 -0.7852 -0.0009 1.0
vtan -0.549 -0.8355 -0.0221 1.0
vtan -0.4238 -0.9057 -0.002 1.0
vtan -0.3076 -0.9515 0.0032 1.0
vtan -0.2285 -0.9735 -0.0024 1.0
vtan -0.1424 -0.9898 -0.0 1.0
vtan -0.1089 -0.994 -0.0019 1.0
vtan -0.9916 -0.1292 -0.0006 1.0
vtan -1.0 -0.0 -0.0 1.0
vtan -0.9817 -0.1901 -0.0077 1.0
vtan -1.0 -0.0 -0.0 1.0
vtan -0.9711 -0.1993 -0.1316 1.0
vtan -0.951 -0.1689 -0.2588 1.0
vtan -1.0 -0.0 0.0 1.0
vtan -0.937 -0.1083 -0.3321 1.0
vtan -1.0 -0.0 0.0 1.0
vtan -0.9322 -0.0553 -0.3578 1.0
vtan -1.0 -0.0 0.0 1.0
vtan -0.9986 0.0534 0.0005 1.0
vtan -0.9917 0.1285 -0.0004 1.0
vtan -1.0 -0.0 -0.0 1.0
vtan -0.9802 0.1978 -0.012 1.0
vtan -1.0 -0.0 -0.0 1.0
vtan -0.9703 0.2006 -0.135 1.0
vtan -1.0 -0.0 0.0 1.0
vtan -0.9516 0.1747 -0.253 1.0
vtan -1.0 0.0 0.0 1.0
vtan -0.9361 0.1105 -0.3339 1.0
vtan -1.0 0.0 0.0 1.0
vtan -0.9333 0.0483 -0.3559 1.0
vtan -0.9891 0.1471 0.0013 1.0
vtan -0.9721 0.2344 0.0 1.0
vtan -1.0 -0.0004 -0.0 1.0
vtan -1.0 0.0062 -0.0003 1.0
vtan -0.9436 0.331 0.0008 1.0
vtan -0.8974 0.4411 0.0 1.0
vtan -0.8792 0.4764 0.0016 1.0
vtan -0.7885 0.615 0.0001 1.0
vtan -0.7429 0.6694 -0.0011 1.0
vtan -0.6117 0.7911 -0.0 1.0
vtan -0.55 0.8349 -0.0212 1.0
vtan -0.4288 0.9034 0.0 1.0
vtan -0.9897 -0.1435 0.0002 1.0
vtan -0.9721 -0.2344 0.0 1.0
vtan -1.0 0.0004 -0.0 1.0
vtan -1.0 0.0001 0.0 1.0
vtan -0.9433 -0.3319 -0.0003 1.0
vtan -0.8968 -0.4424 -0.0 1.0
vtan -0.8749 -0.4843 -0.0008 1.0
vtan -0.7881 -0.6155 -0.0018 1.0
vtan -0.7416 -0.6708 -0.0045 1.0
vtan -0.611 -0.7916 -0.0034 1.0
vtan -0.5527 -0.8331 -0.0245 1.0
vtan -0.4284 -0.9036 -0.0034 1.0
vtan -0.3218 -0.9468 0.0011 1.0
vtan -0.2399 -0.9708 -0.0029 1.0
vtan -0.1603 -0.9871 -0.0006 1.0
vtan -0.1275 -0.9918 -0.0026 1.0
vtan -0.931 0.0491 -0.3617 1.0
vtan -0.935 0.1093 -0.3373 1.0
vtan -0.9514 0.1758 -0.2529 1.0
vtan -0.9721 0.1871 -0.1417 1.0
vtan -0.982 0.1882 -0.0184 1.0
vtan -0.9918 0.128 -0.0011 1.0
vtan -0.9983 0.0586 -0.0001 1.0
vtan -0.9998 0.0177 0.0002 1.0
vtan -0.9981 0.0619 0.0013 1.0
vtan -0.9983 -0.059 -0.0012 1.0
vtan -1.0 -0.0 -0.0 1.0
vtan -0.9994 -0.0352 -0.0001 1.0
vtan -0.9917 -0.1283 -0.0017 1.0
vtan -0.9852 -0.153 -0.0776 1.0
vtan -0.9696 -0.1519 -0.1918 1.0
vtan -0.9511 -0.1698 -0.2579 1.0
vtan -0.9357 -0.0585 -0.348 1.0
vtan -0.9328 -0.0365 -0.3585 1.0
vtan -0.9894 0.1451 -0.0 1.0
vtan -0.9714 0.2374 0.0 1.0
vtan -0.9434 0.3316 -0.0003 1.0
vtan -0.8976 0.4408 -0.0001 1.0
vtan -0.8835 0.4679 -0.0234 1.0
vtan -0.7971 0.6035 -0.0173 1.0
vtan -0.7612 0.6467 -0.0486 1.0
vtan -0.619 0.7854 0.0011 1.0
vtan -0.5488 0.8356 0.0234 1.0
vtan -0.4238 0.9057 0.0022 1.0
vtan -0.3071 0.9517 -0.0017 1.0
vtan -0.2285 0.9735 0.0024 1.0
vtan -0.1089 0.994 0.0025 1.0
vtan -0.1425 0.9898 0.0004 1.0
vtan -0.9916 0.1292 0.0006 1.0
vtan -0.9817 0.1901 0.0075 1.0
vtan -0.9711 0.1989 0.132 1.0
vtan -0.951 0.1689 0.2588 1.0
vtan -0.9366 0.1086 0.3331 1.0
vtan -0.9321 0.0553 0.3579 1.0
vtan -0.9983 -0.0582 0.0002 1.0
vtan -0.9917 -0.1285 0.0004 1.0
vtan -1.0 0.0 0.0 1.0
vtan -0.983 -0.1771 0.0482 1.0
vtan -1.0 0.0 -0.0 1.0
vtan -0.9699 -0.1482 0.193 1.0
vtan -1.0 -0.0 -0.0 1.0
vtan -0.9515 -0.1746 0.2531 1.0
vtan -1.0 0.0 0.0 1.0
vtan -0.9361 -0.1108 0.334 1.0
vtan -1.0 -0.0 -0.0 1.0
vtan -0.9333 -0.0484 0.3559 1.0
vtan -0.9896 -0.1441 -0.0011 1.0
vtan -1.0 0.0067 -0.0003 1.0
vtan -1.0 0.0004 0.0 1.0
vtan -0.9721 -0.2344 -0.0 1.0
vtan -0.9436 -0.331 -0.0008 1.0
vtan -0.8974 -0.4411 -0.0 1.0
vtan -0.8789 -0.4771 0.0008 1.0
vtan -0.7885 -0.615 -0.0001 1.0
vtan -0.7374 -0.6747 0.0317 1.0
vtan -0.6117 -0.7911 0.0 1.0
vtan -0.5499 -0.835 0.0213 1.0
vtan -0.4288 -0.9034 -0.0 1.0
vtan -0.9433 0.3319 0.0002 1.0
vtan -0.9892 0.1466 -0.0008 1.0
vtan -0.9721 0.2344 -0.0001 1.0
vtan -0.8969 0.4423 0.0 1.0
vtan -0.8749 0.4844 0.0008 1.0
vtan -0.7881 0.6156 0.0018 1.0
vtan -0.7414 0.671 0.0044 1.0
vtan -0.611 0.7916 0.0034 1.0
vtan -0.5526 0.8331 0.0247 1.0
vtan -0.4284 0.9036 0.0034 1.0
vtan -0.322 0.9467 -0.0012 1.0
vtan -0.2398 0.9708 0.0029 1.0
vtan -0.1603 0.9871 0.0006 1.0
vtan -0.1275 0.9918 0.0026 1.0
vtan -0.9981 0.0616 0.0003 1.0
vtan -1.0 -0.0 -0.0012 1.0
vtan -0.9917 0.1284 0.0016 1.0
vtan -0.9852 0.153 0.0776 1.0
vtan -0.9696 0.1518 0.1919 1.0
vtan -0.9511 0.1699 0.2579 1.0
vtan -0.9358 0.0583 0.3477 1.0
vtan -0.9328 0.0364 0.3585 1.0
vtan -0.9982 0.0607 -0.0009 1.0
vtan -0.9917 0.1285 -0.0005 1.0
vtan -0.9831 0.1769 -0.0481 1.0
vtan -0.97 0.1479 -0.1928 1.0
vtan -0.9514 0.1749 -0.2535 1.0
vtan -0.9359 0.111 -0.3344 1.0
vtan -0.9333 0.0484 -0.3559 1.0
vtan -0.9437 0.3308 0.0006 1.0
vtan -0.8974 0.4411 0.0 1.0
vtan -0.9721 0.2344 -0.0 1.0
vtan -0.9891 0.1472 0.0002 1.0
vtan -0.8789 0.477 -0.0008 1.0
vtan -0.7885 0.615 0.0001 1.0
vtan -0.7374 0.6747 -0.0318 1.0
vtan -0.6117 0.7911 -0.0 1.0
vtan -0.55 0.8349 -0.0212 1.0
vtan -0.4288 0.9034 0.0 1.0
vtan -0.3273 0.9448 0.0161 1.0
vtan -0.2389 0.971 0.0001 1.0
vtan -0.1606 0.9869 -0.0133 1.0
vtan -0.1275 0.9918 0.0 1.0
vtan -0.9893 -0.1457 -0.001 1.0
vtan -0.9714 -0.2374 -0.0001 1.0
vtan -0.9432 -0.3322 0.0003 1.0
vtan -0.8977 -0.4406 0.0001 1.0
vtan -0.8835 -0.4683 -0.0018 1.0
vtan -0.7975 -0.6033 -0.0 1.0
vtan -0.751 -0.6604 -0.0 1.0
vtan -0.6196 -0.7849 -0.0001 1.0
vtan -0.5451 -0.8381 0.0218 1.0
vtan -0.4213 -0.9069 -0.0001 1.0
vtan -0.3145 -0.9493 -0.0037 1.0
vtan -0.226 -0.9741 0.0001 1.0
vtan -0.1594 -0.9872 -0.0034 1.0
vtan -0.1173 -0.9931 -0.0 1.0
vtan -0.3275 -0.9447 -0.0161 1.0
vtan -0.2389 -0.971 -0.0001 1.0
vtan -0.1606 -0.9869 0.0133 1.0
vtan -0.1275 -0.9918 0.0 1.0
vtan -0.9889 0.1487 0.0012 1.0
vtan -0.9714 0.2374 0.0001 1.0
vtan -0.9432 0.3322 -0.0003 1.0
vtan -0.8977 0.4406 -0.0001 1.0
vtan -0.8834 0.4685 0.0016 1.0
vtan -0.7975 0.6033 0.0 1.0
vtan -0.7509 0.6604 -0.0 1.0
vtan -0.6196 0.7849 -0.0002 1.0
vtan -0.5449 0.8382 -0.0218 1.0
vtan -0.4216 0.9068 -0.0002 1.0
vtan -0.3143 0.9493 0.0038 1.0
vtan -0.2261 0.9741 -0.0001 1.0
vtan -0.1592 0.9872 0.0029 1.0
vtan -0.1173 0.9931 0.0 1.0
vtan -0.3274 0.9448 0.016 1.0
vtan -0.2389 0.971 0.0001 1.0
vtan -0.1606 0.9869 -0.0133 1.0
vtan -0.1275 0.9918 0.0 1.0
vtan -0.9921 -0.1258 -0.0004 1.0
vtan -0.9808 -0.1951 -0.0 1.0
vtan -1.0 0.0 -0.0 1.0
vtan -1.0 0.0 -0.0001 1.0
vtan -0.9606 -0.278 0.0007 1.0
vtan -0.9234 -0.3838 0.0001 1.0
vtan -0.9007 -0.4344 0.0086 1.0
vtan -0.8307 -0.5566 0.007 1.0
vtan -0.8092 -0.5874 0.0157 1.0
vtan -0.7065 -0.7077 -0.0027 1.0
vtan -0.6235 -0.7818 0.0028 1.0
vtan -0.4892 -0.8722 -0.0059 1.0
vtan -0.3092 -0.9505 -0.0319 1.0
vtan -0.2398 -0.9708 -0.006 1.0
vtan -0.1795 -0.9837 -0.0043 1.0
vtan -0.1482 -0.9889 -0.0059 1.0
vtan -0.934 0.0265 -0.3563 1.0
vtan -0.9999 -0.0116 0.0023 1.0
vtan -1.0 0.0004 0.0058 1.0
vtan -0.9405 0.07 -0.3326 1.0
vtan -1.0 -0.0024 0.0056 1.0
vtan -0.9585 0.1226 -0.2572 1.0
vtan -1.0 -0.0035 0.0013 1.0
vtan -0.9769 0.1656 -0.135 1.0
vtan -1.0 -0.0013 -0.0005 1.0
vtan -0.9849 0.1726 -0.0162 1.0
vtan -1.0 0.0 0.0 1.0
vtan -0.9939 0.11 -0.0003 1.0
vtan -1.0 0.0 -0.0 1.0
vtan -0.9986 0.0534 0.0005 1.0
vtan -1.0 0.0 -0.0 1.0
vtan -0.9998 0.0176 -0.0004 1.0
vtan -0.9984 0.057 0.0013 1.0
vtan -1.0 0.0 0.0 1.0
vtan -0.9985 -0.0541 -0.001 1.0
vtan -0.9994 -0.0351 0.0007 1.0
vtan -0.9937 -0.1116 -0.0008 1.0
vtan -0.9845 -0.1752 -0.005 1.0
vtan -0.9731 -0.2172 -0.0771 1.0
vtan -0.9588 -0.112 -0.2611 1.0
vtan -0.936 -0.1137 -0.333 1.0
vtan -0.9351 -0.055 -0.35 1.0
vtan -0.32 -0.9471 -0.0266 1.0
vtan -0.3118 -0.9498 0.0247 1.0
vtan -0.6221 -0.7829 -0.0092 1.0
vtan -0.6159 -0.7872 -0.0316 1.0
vtan -0.1963 -0.9804 -0.0188 1.0
vtan -0.1875 -0.9823 -0.0025 1.0
vtan -0.0267 0.9478 0.3178 1.0
vtan 0.0027 0.9816 0.1909 1.0
vtan -0.0005 0.989 0.1482 1.0
vtan -0.0 0.9693 0.246 1.0
vtan -0.0002 0.8716 0.4902 1.0
vtan 0.0095 0.7792 0.6267 1.0
vtan 0.0002 0.7096 0.7046 1.0
vtan -0.0108 0.5877 0.809 1.0
vtan -0.9735 0.2241 -0.046 1.0
vtan -1.0 -0.0024 0.0024 1.0
vtan -1.0 0.0 0.0 1.0
vtan -0.9859 0.1675 -0.0038 1.0
vtan -1.0 0.0 0.0 1.0
vtan -0.9946 0.1038 -0.0012 1.0
vtan -1.0 0.0 0.0 1.0
vtan -0.9989 0.0468 0.0004 1.0
vtan -0.992 0.1265 0.0002 1.0
vtan -0.9808 0.1951 -0.0 1.0
vtan -0.9609 0.2768 0.0005 1.0
vtan -0.9239 0.3827 0.0 1.0
vtan -0.9036 0.4279 -0.0201 1.0
vtan -0.8312 0.5557 -0.0163 1.0
vtan -0.8089 0.5864 -0.0424 1.0
vtan -0.6925 0.7214 0.0014 1.0
vtan -0.6162 0.7867 0.0371 1.0
vtan -0.5029 0.8643 0.0032 1.0
vtan -0.3253 0.9452 0.0264 1.0
vtan -0.2586 0.966 0.0035 1.0
vtan -0.109 0.994 0.0037 1.0
vtan -0.137 0.9905 0.0148 1.0
vtan -0.9938 0.1114 0.0008 1.0
vtan -1.0 0.0 0.0 1.0
vtan -0.9845 0.1752 0.005 1.0
vtan -1.0 -0.0 0.0 1.0
vtan -0.9707 0.2316 0.0634 1.0
vtan -1.0 -0.0 0.0 1.0
vtan 0.0023 0.8148 -0.5797 1.0
vtan -0.0164 0.6483 -0.7612 1.0
vtan -0.0 0.7746 -0.6325 1.0
vtan 0.0001 0.9001 -0.4356 1.0
vtan -0.0241 0.9522 -0.3045 1.0
vtan 0.0002 0.9784 -0.2069 1.0
vtan 0.0041 0.9901 -0.1401 1.0
vtan 0.0 0.9949 -0.1005 1.0
vtan -0.9985 -0.0541 -0.0004 1.0
vtan -0.9939 -0.1106 0.0016 1.0
vtan -0.9837 -0.1794 0.0098 1.0
vtan -0.974 -0.2091 0.0868 1.0
vtan -0.9592 -0.1176 0.2572 1.0
vtan -0.935 -0.1195 0.334 1.0
vtan -0.9353 -0.0501 0.3502 1.0
vtan -1.0 0.0057 -0.0007 1.0
vtan -1.0 0.0 -0.0 1.0
vtan -0.9926 -0.1211 -0.0001 1.0
vtan -0.992 -0.1261 -0.001 1.0
vtan -0.9618 0.2738 -0.0006 1.0
vtan -0.9926 0.1213 0.0002 1.0
vtan -0.9915 0.1299 0.0012 1.0
vtan -0.9607 0.2776 -0.0 1.0
vtan -0.9618 -0.2738 0.0006 1.0
vtan -0.9607 -0.2776 -0.0 1.0
vtan -0.9049 0.4255 -0.0011 1.0
vtan -0.9033 0.429 0.0002 1.0
vtan -0.9049 -0.4256 0.001 1.0
vtan -0.9033 -0.429 -0.0003 1.0
vtan -0.808 0.5892 0.0024 1.0
vtan -0.8005 0.5994 -0.0004 1.0
vtan -0.8154 -0.5789 -0.0022 1.0
vtan -0.8078 -0.5894 -0.0008 1.0
vtan -0.6159 0.7874 0.0253 1.0
vtan -0.6156 0.7877 -0.0232 1.0
vtan -0.3554 0.9345 0.0179 1.0
vtan -0.347 0.9377 -0.0164 1.0
vtan -0.1523 0.9882 -0.0155 1.0
vtan -0.1601 0.9869 0.0201 1.0
vtan -0.9338 -0.0509 0.3541 1.0
vtan -0.9362 -0.0825 0.3418 1.0
vtan -0.9576 -0.1352 0.2544 1.0
vtan -0.9777 -0.1828 0.1035 1.0
vtan -0.9859 -0.1672 0.0037 1.0
vtan -1.0 -0.0 -0.0 1.0
vtan -0.9946 -0.1038 0.0011 1.0
vtan -1.0 0.0 -0.0 1.0
vtan -0.9989 -0.0467 -0.0003 1.0
vtan -0.9996 -0.0275 0.0 1.0
vtan -1.0 0.0 0.0 1.0
vtan -1.0 -0.0 0.0 1.0
vtan -1.0 0.0 0.0005 1.0
vtan -1.0 -0.0 0.0 1.0
vtan -1.0 0.0001 -0.0039 1.0
vtan 0.9966 0.0828 -0.0 -1.0
vtan 0.9721 0.2344 0.0 -1.0
vtan 1.0 -0.0004 -0.0 -1.0
vtan 1.0 -0.0001 -0.0 -1.0
vtan 0.9748 0.2231 -0.002 -1.0
vtan 0.8971 0.4418 0.0 -1.0
vtan 0.9437 0.3302 -0.0179 -1.0
vtan 0.7877 0.616 -0.0065 -1.0
vtan 0.876 0.4793 -0.0532 -1.0
vtan 0.6108 0.7917 0.0103 -1.0
vtan 0.6272 0.762 0.1615 -1.0
vtan 0.4282 0.9037 0.0033 -1.0
vtan 0.3627 0.9261 0.1041 -1.0
vtan 0.2397 0.9708 0.0031 -1.0
vtan 0.1681 0.9848 0.0443 -1.0
vtan 0.1275 0.9918 0.0026 -1.0
vtan 0.7156 -0.1337 0.6856 -1.0
vtan 1.0 0.0014 0.0001 -1.0
vtan 1.0 0.001 0.0002 -1.0
vtan 0.7376 -0.2956 0.6071 -1.0
vtan 1.0 0.0012 0.0006 -1.0
vtan 0.8129 -0.4081 0.4154 -1.0
vtan 0.9997 0.02 0.0161 -1.0
vtan 0.8859 -0.4598 0.0617 -1.0
vtan 0.9999 0.0072 0.0087 -1.0
vtan 0.9462 -0.3232 0.0121 -1.0
vtan 1.0 0.0 0.0 -1.0
vtan 0.9745 -0.2244 0.002 -1.0
vtan 1.0 0.0 -0.0 -1.0
vtan 0.9965 -0.0834 0.0 -1.0
vtan 1.0 -0.0 -0.0 -1.0
vtan 0.9964 -0.0844 -0.0002 -1.0
vtan 0.9965 0.0838 0.0002 -1.0
vtan 1.0 -0.0 0.0 -1.0
vtan 0.9748 0.2231 0.0022 -1.0
vtan 0.9461 0.3237 0.0129 -1.0
vtan 0.8743 0.4832 0.0454 -1.0
vtan 1.0 -0.0 0.0 -1.0
vtan 0.8138 0.4179 0.404 -1.0
vtan 1.0 -0.0 -0.0 -1.0
vtan 0.746 0.2976 0.5958 -1.0
vtan 0.7228 0.1525 0.674 -1.0
vtan 0.9714 -0.2374 -0.0 -1.0
vtan 0.8976 -0.4408 0.0 -1.0
vtan 0.7973 -0.6036 0.0001 -1.0
vtan 0.6195 -0.785 -0.0008 -1.0
vtan 0.6274 -0.7626 -0.1573 -1.0
vtan 0.4235 -0.9059 -0.002 -1.0
vtan 0.2282 -0.9736 -0.0025 -1.0
vtan 0.3458 -0.9325 -0.1038 -1.0
vtan 0.109 -0.994 -0.0019 -1.0
vtan 0.1506 -0.9876 -0.0438 -1.0
vtan 0.9743 -0.2252 -0.0021 -1.0
vtan 1.0 0.0 0.0 -1.0
vtan 0.9476 -0.3192 -0.0124 -1.0
vtan 1.0 0.0 0.0 -1.0
vtan 0.8798 -0.4732 -0.0446 -1.0
vtan 0.8129 -0.4171 -0.4064 -1.0
vtan 1.0 -0.0 0.0 -1.0
vtan 0.7448 -0.2961 -0.5979 -1.0
vtan 1.0 0.0001 -0.0 -1.0
vtan 0.717 -0.1523 -0.6802 -1.0
vtan 1.0 0.0008 -0.0001 -1.0
vtan 1.0 -0.0 -0.0 -1.0
vtan 1.0 -0.0 -0.0 -1.0
vtan 1.0 -0.0 0.0 -1.0
vtan 1.0 0.0 0.0 -1.0
vtan 0.8142 0.4246 -0.3959 -1.0
vtan 1.0 0.0 0.0 -1.0
vtan 0.7417 0.3051 -0.5973 -1.0
vtan 0.7251 0.1421 -0.6738 -1.0
vtan 1.0 -0.0004 -0.0 -1.0
vtan 0.9721 0.2344 -0.0 -1.0
vtan 0.8974 0.4411 0.0 -1.0
vtan 0.7885 0.615 -0.0001 -1.0
vtan 0.6117 0.7911 0.0001 -1.0
vtan 0.4288 0.9034 0.0001 -1.0
vtan 0.6247 0.7662 -0.1506 -1.0
vtan 0.9902 -0.1393 -0.0001 -1.0
vtan 0.9999 -0.0125 0.0 -1.0
vtan 1.0 0.0004 -0.0 -1.0
vtan 0.9721 -0.2344 0.0 -1.0
vtan 0.9435 -0.3315 -0.0003 -1.0
vtan 0.8971 -0.4418 -0.0 -1.0
vtan 0.8749 -0.4843 -0.0008 -1.0
vtan 0.788 -0.6156 -0.0018 -1.0
vtan 0.742 -0.6704 -0.0046 -1.0
vtan 0.611 -0.7916 -0.0034 -1.0
vtan 0.5525 -0.8331 -0.0247 -1.0
vtan 0.4285 -0.9035 -0.0034 -1.0
vtan 0.322 -0.9467 0.0012 -1.0
vtan 0.24 -0.9708 -0.0029 -1.0
vtan 0.1603 -0.9871 -0.0006 -1.0
vtan 0.1275 -0.9918 -0.0026 -1.0
vtan 0.931 0.0491 -0.3617 -1.0
vtan 0.9351 0.1093 -0.3372 -1.0
vtan 0.9514 0.1758 -0.2529 -1.0
vtan 0.9722 0.1866 -0.1412 -1.0
vtan 0.982 0.1881 -0.0184 -1.0
vtan 0.9919 0.1273 -0.0009 -1.0
vtan 0.9981 0.0612 -0.0004 -1.0
vtan 0.9998 0.0176 -0.0001 -1.0
vtan 0.9982 0.0594 0.001 -1.0
vtan 0.9981 -0.0616 -0.0015 -1.0
vtan 0.9999 -0.012 -0.0001 -1.0
vtan 1.0 -0.0 -0.0 -1.0
vtan 0.9917 -0.1283 -0.0017 -1.0
vtan 0.9852 -0.153 -0.0776 -1.0
vtan 0.9696 -0.1518 -0.1919 -1.0
vtan 0.9511 -0.1699 -0.2579 -1.0
vtan 0.9358 -0.0583 -0.3477 -1.0
vtan 0.9328 -0.0364 -0.3585 -1.0
vtan 0.989 0.1481 -0.0002 -1.0
vtan 0.9714 0.2374 0.0 -1.0
vtan 0.9435 0.3315 -0.0003 -1.0
vtan 0.8976 0.4408 -0.0001 -1.0
vtan 0.8835 0.4679 -0.0233 -1.0
vtan 0.7971 0.6035 -0.0173 -1.0
vtan 0.7612 0.6467 -0.0486 -1.0
vtan 0.6192 0.7852 0.0011 -1.0
vtan 0.5489 0.8356 0.0225 -1.0
vtan 0.4237 0.9058 0.0022 -1.0
vtan 0.3074 0.9516 -0.0026 -1.0
vtan 0.2285 0.9735 0.0024 -1.0
vtan 0.1422 0.9898 0.0006 -1.0
vtan 0.1089 0.9941 0.0027 -1.0
vtan 0.9916 0.1292 0.0006 -1.0
vtan 0.9817 0.1902 0.0077 -1.0
vtan 0.9711 0.1993 0.1317 -1.0
vtan 0.951 0.1689 0.2588 -1.0
vtan 0.9366 0.1086 0.3331 -1.0
vtan 0.9322 0.0553 0.3578 -1.0
vtan 0.9986 -0.0534 -0.0005 -1.0
vtan 0.9917 -0.1285 0.0004 -1.0
vtan 1.0 0.0 0.0 -1.0
vtan 0.983 -0.1769 0.0482 -1.0
vtan 1.0 0.0 0.0 -1.0
vtan 0.97 -0.1479 0.1928 -1.0
vtan 1.0 -0.0 -0.0 -1.0
vtan 0.9515 -0.1746 0.2532 -1.0
vtan 1.0 0.0 0.0 -1.0
vtan 0.9361 -0.1108 0.3338 -1.0
vtan 1.0 -0.0 -0.0 -1.0
vtan 0.9333 -0.0484 0.3559 -1.0
vtan 0.9891 -0.1471 -0.0013 -1.0
vtan 0.9721 -0.2344 -0.0 -1.0
vtan 1.0 0.0004 0.0 -1.0
vtan 1.0 -0.0062 0.0003 -1.0
vtan 0.9437 -0.3307 -0.0008 -1.0
vtan 0.8974 -0.4411 -0.0 -1.0
vtan 0.879 -0.4768 0.0008 -1.0
vtan 0.7885 -0.615 -0.0001 -1.0
vtan 0.7373 -0.6748 0.0317 -1.0
vtan 0.6117 -0.7911 0.0 -1.0
vtan 0.55 -0.8349 0.0212 -1.0
vtan 0.4288 -0.9034 -0.0 -1.0
vtan 0.9435 0.3314 0.0003 -1.0
vtan 0.8969 0.4422 0.0 -1.0
vtan 0.9721 0.2344 -0.0001 -1.0
vtan 0.9892 0.1466 -0.0008 -1.0
vtan 0.8749 0.4842 0.0009 -1.0
vtan 0.7882 0.6155 0.0018 -1.0
vtan 0.7421 0.6703 0.0046 -1.0
vtan 0.611 0.7917 0.0034 -1.0
vtan 0.5527 0.833 0.0245 -1.0
vtan 0.4284 0.9036 0.0034 -1.0
vtan 0.3218 0.9468 -0.0011 -1.0
vtan 0.2398 0.9708 0.0029 -1.0
vtan 0.1603 0.9871 0.0006 -1.0
vtan 0.1275 0.9918 0.0026 -1.0
vtan 0.9981 0.0617 0.0003 -1.0
vtan 1.0 -0.0 -0.0012 -1.0
vtan 0.9917 0.1284 0.0016 -1.0
vtan 0.9852 0.153 0.0776 -1.0
vtan 0.9696 0.1519 0.1918 -1.0
vtan 0.9511 0.1698 0.2579 -1.0
vtan 0.9358 0.0584 0.3476 -1.0
vtan 0.9328 0.0365 0.3585 -1.0
vtan 0.9982 0.0607 -0.001 -1.0
vtan 0.9917 0.1285 -0.0005 -1.0
vtan 0.983 0.1771 -0.0483 -1.0
vtan 0.97 0.1479 -0.1928 -1.0
vtan 0.9516 0.1746 -0.2531 -1.0
vtan 0.9361 0.1108 -0.334 -1.0
vtan 0.9333 0.0484 -0.3559 -1.0
vtan 0.9437 0.3308 0.0006 -1.0
vtan 0.9891 0.1472 0.0002 -1.0
vtan 0.9721 0.2344 -0.0 -1.0
vtan 0.8974 0.4411 0.0 -1.0
vtan 0.8789 0.477 -0.0008 -1.0
vtan 0.7885 0.615 0.0001 -1.0
vtan 0.7374 0.6747 -0.0317 -1.0
vtan 0.6117 0.7911 -0.0 -1.0
vtan 0.5499 0.835 -0.0213 -1.0
vtan 0.4288 0.9034 0.0 -1.0
vtan 0.2389 0.971 -0.0001 -1.0
vtan 0.3625 0.9265 -0.101 -1.0
vtan 0.1275 0.9918 0.0 -1.0
vtan 0.1763 0.9831 -0.0495 -1.0
vtan 0.9714 -0.2374 0.0 -1.0
vtan 0.8977 -0.4406 -0.0 -1.0
vtan 0.7975 -0.6033 0.0001 -1.0
vtan 0.6196 -0.7849 -0.0001 -1.0
vtan 0.6211 -0.7689 0.1515 -1.0
vtan 0.4214 -0.9069 -0.0001 -1.0
vtan 0.3564 -0.9287 0.1026 -1.0
vtan 0.2262 -0.9741 0.0002 -1.0
vtan 0.1697 -0.9841 0.0524 -1.0
vtan 0.1174 -0.9931 -0.0 -1.0
vtan 0.3274 -0.9448 -0.016 -1.0
vtan 0.2389 -0.971 -0.0001 -1.0
vtan 0.1606 -0.9869 0.0133 -1.0
vtan 0.1275 -0.9918 0.0 -1.0
vtan 0.9714 0.2374 0.0001 -1.0
vtan 0.9893 0.1457 0.001 -1.0
vtan 0.8977 0.4406 -0.0001 -1.0
vtan 0.9432 0.3322 -0.0003 -1.0
vtan 0.7975 0.6033 0.0 -1.0
vtan 0.8834 0.4685 0.0018 -1.0
vtan 0.6196 0.7849 -0.0002 -1.0
vtan 0.7509 0.6604 -0.0001 -1.0
vtan 0.4213 0.9069 -0.0002 -1.0
vtan 0.545 0.8382 -0.0219 -1.0
vtan 0.226 0.9741 -0.0001 -1.0
vtan 0.3146 0.9492 0.004 -1.0
vtan 0.1173 0.9931 0.0 -1.0
vtan 0.1591 0.9873 0.0026 -1.0
vtan 0.2389 0.971 0.0001 -1.0
vtan 0.3275 0.9447 0.0161 -1.0
vtan 0.1275 0.9918 0.0 -1.0
vtan 0.1606 0.9869 -0.0133 -1.0
vtan 1.0 -0.0 0.0 -1.0
vtan 0.9808 -0.1951 -0.0 -1.0
vtan 0.9969 -0.0786 0.0 -1.0
vtan 1.0 -0.0 0.0 -1.0
vtan 0.9235 -0.3835 -0.0 -1.0
vtan 0.9831 -0.1833 0.0016 -1.0
vtan 0.8306 -0.5569 0.0073 -1.0
vtan 0.9535 -0.3009 0.0154 -1.0
vtan 0.7062 -0.708 -0.0028 -1.0
vtan 0.9051 -0.423 0.0437 -1.0
vtan 0.4891 -0.8722 -0.0059 -1.0
vtan 0.6911 -0.7061 -0.1542 -1.0
vtan 0.24 -0.9707 -0.006 -1.0
vtan 0.3589 -0.9275 -0.1049 -1.0
vtan 0.1482 -0.9889 -0.0059 -1.0
vtan 0.1869 -0.9813 -0.0462 -1.0
vtan 1.0 -0.0031 0.0053 -1.0
vtan 1.0 -0.005 0.0019 -1.0
vtan 0.7223 0.1246 -0.6803 -1.0
vtan 0.753 0.3015 -0.5849 -1.0
vtan 1.0 -0.0032 0.006 -1.0
vtan 0.8455 0.4045 -0.3487 -1.0
vtan 1.0 -0.0033 0.0011 -1.0
vtan 0.9069 0.4181 -0.0519 -1.0
vtan 1.0 -0.0015 -0.0004 -1.0
vtan 0.9554 0.2947 -0.0203 -1.0
vtan 1.0 0.0 0.0 -1.0
vtan 0.9832 0.1824 -0.0016 -1.0
vtan 1.0 0.0 -0.0 -1.0
vtan 0.9969 0.0786 -0.0 -1.0
vtan 1.0 0.0 -0.0 -1.0
vtan 0.9968 0.0794 0.0002 -1.0
vtan 1.0 0.0 0.0 -1.0
vtan 0.9968 -0.0794 -0.0002 -1.0
vtan 0.9831 -0.1833 -0.0017 -1.0
vtan 0.9554 -0.2952 -0.0108 -1.0
vtan 0.9038 -0.4265 -0.035 -1.0
vtan 0.8511 -0.3858 -0.356 -1.0
vtan 0.741 -0.3009 -0.6003 -1.0
vtan 0.7295 -0.1627 -0.6644 -1.0
vtan 0.687 -0.7118 0.1466 -1.0
vtan 0.3598 -0.9276 0.1003 -1.0
vtan 0.3703 -0.9224 -0.1096 -1.0
vtan 0.7092 -0.6891 -0.1493 -1.0
vtan 0.1966 -0.9792 0.05 -1.0
vtan 0.2202 -0.9728 -0.0713 -1.0
vtan 0.1139 0.9223 0.3692 -1.0
vtan 0.0 0.9694 0.2453 -1.0
vtan 0.0005 0.989 0.1482 -1.0
vtan 0.0554 0.9777 0.2026 -1.0
vtan 0.0 0.8722 0.4892 -1.0
vtan 0.1567 0.6924 0.7043 -1.0
vtan -0.0001 0.7099 0.7043 -1.0
vtan 0.1724 0.4865 0.8565 -1.0
vtan 1.0 0.0 0.0 -1.0
vtan 1.0 -0.0024 0.0025 -1.0
vtan 0.9055 0.4243 -0.002 -1.0
vtan 0.9572 0.2892 -0.0067 -1.0
vtan 1.0 0.0 0.0 -1.0
vtan 0.9841 0.1776 -0.001 -1.0
vtan 1.0 0.0 0.0 -1.0
vtan 0.9972 0.0744 -0.0 -1.0
vtan 0.9808 0.1951 0.0 -1.0
vtan 0.9239 0.3827 -0.0 -1.0
vtan 0.8312 0.5557 -0.0167 -1.0
vtan 0.6924 0.7216 0.0015 -1.0
vtan 0.6913 0.7069 0.1495 -1.0
vtan 0.5027 0.8644 0.003 -1.0
vtan 0.3742 0.9215 0.104 -1.0
vtan 0.2582 0.9661 0.0036 -1.0
vtan 0.1494 0.9878 0.0448 -1.0
vtan 0.1091 0.994 0.0034 -1.0
vtan 0.9831 0.1833 0.0017 -1.0
vtan 1.0 0.0 0.0 -1.0
vtan 0.9554 0.2952 0.0108 -1.0
vtan 1.0 -0.0 0.0 -1.0
vtan 0.8972 0.4414 0.0127 -1.0
vtan 1.0 -0.0 0.0 -1.0
vtan 0.1602 0.7327 -0.6614 -1.0
vtan 0.0001 0.9001 -0.4356 -1.0
vtan -0.0002 0.7746 -0.6325 -1.0
vtan 0.2017 0.5404 -0.8169 -1.0
vtan 0.1129 0.9196 -0.3763 -1.0
vtan -0.0002 0.9782 -0.2077 -1.0
vtan 0.0486 0.9863 -0.1579 -1.0
vtan -0.0001 0.9948 -0.1021 -1.0
vtan 0.8517 -0.3917 0.3482 -1.0
vtan 0.7368 -0.3085 0.6017 -1.0
vtan 0.7316 -0.1525 0.6644 -1.0
vtan 0.9972 -0.0744 0.0 -1.0
vtan 0.9973 -0.0737 0.0 -1.0
vtan 1.0 0.0 -0.0 -1.0
vtan 0.9841 -0.1776 0.001 -1.0
vtan 0.9572 -0.2892 0.0067 -1.0
vtan 0.9112 -0.4112 0.0252 -1.0
vtan 0.7018 0.697 0.1471 -1.0
vtan 0.6863 0.7137 -0.1401 -1.0
vtan 0.3828 0.9171 0.1114 -1.0
vtan 0.3913 0.9141 -0.1061 -1.0
vtan 0.1849 0.9802 0.0715 -1.0
vtan 0.1674 0.9842 -0.0573 -1.0
vtan 0.7222 -0.1986 0.6626 -1.0
vtan 0.7481 -0.3063 0.5887 -1.0
vtan 0.8476 -0.4138 0.3321 -1.0
vtan 1.0 -0.0 -0.0 -1.0
vtan 1.0 0.0 -0.0 -1.0
vtan 1.0 0.0 -0.0 -1.0
vtan 1.0 0.0 0.0 -1.0
vtan 1.0 0.0 0.0005 -1.0
vtan 1.0 0.0001 -0.0039 -1.0
vtan 1.0 0.0 0.0 -1.0
vtan -1.0 0.0 0.0 1.0
vtan -0.9996 0.0275 -0.0 1.0
vtan 1.0 0.0 0.0 -1.0
vtan 0.9973 0.0737 0.0 -1.0
vtan -1.0 -0.0034 -0.0003 1.0
vtan -0.9085 -0.3915 -0.146 1.0
vtan -0.8537 -0.5161 -0.0693 1.0
vtan -0.5973 -0.3954 0.6978 1.0
vtan -0.4422 -0.3788 0.813 1.0
vtan -0.3002 -0.9348 -0.1897 1.0
vtan -0.2377 -0.9702 -0.0475 1.0
vtan -0.7718 0.429 -0.4693 1.0
vtan -0.6399 0.5229 -0.5631 1.0
vtan -0.9082 -0.39 0.1521 1.0
vtan -0.851 -0.5217 0.0609 1.0
vtan -0.5939 -0.3834 -0.7073 1.0
vtan -0.4449 -0.3646 -0.818 1.0
vtan -0.317 -0.9316 0.1777 1.0
vtan -0.2611 -0.964 0.0513 1.0
vtan -0.4514 0.3776 -0.8085 1.0
vtan -0.5921 0.3954 -0.7022 1.0
vtan -0.3867 0.1246 -0.9138 1.0
vtan -0.4149 0.1837 -0.8911 1.0
vtan -0.085 0.5328 -0.842 1.0
vtan -0.1697 0.3978 -0.9017 1.0
vtan -0.715 0.6661 -0.2122 1.0
vtan -0.6197 0.7843 -0.0286 1.0
vtan -0.0512 0.9689 -0.2421 1.0
vtan -0.2181 0.9246 -0.3124 1.0
vtan -1.0 0.004 -0.0 1.0
vtan -0.7158 0.4669 -0.5193 1.0
vtan -0.5876 0.536 -0.6061 1.0
vtan -0.6025 0.7978 0.0247 1.0
vtan -0.6953 0.6855 0.2161 1.0
vtan -0.2217 0.9741 0.0455 1.0
vtan -0.2873 0.9377 0.1956 1.0
vtan -0.5798 -0.5259 0.6223 1.0
vtan -0.7106 -0.4341 0.5537 1.0
vtan -0.585 0.5258 0.6176 1.0
vtan -0.7098 0.4602 0.5334 1.0
vtan -0.5943 0.8038 -0.0274 1.0
vtan -0.6847 0.6979 -0.2098 1.0
vtan -0.3902 0.1418 0.9097 1.0
vtan -0.4157 0.1952 0.8883 1.0
vtan -0.6936 -0.6874 -0.2152 1.0
vtan -0.5934 -0.8046 -0.0219 1.0
vtan -0.2711 -0.9427 -0.1945 1.0
vtan -0.2063 -0.9775 -0.0451 1.0
vtan -0.7163 -0.4529 -0.5308 1.0
vtan -0.5818 -0.5237 -0.6224 1.0
vtan -0.6776 -0.7035 0.2143 1.0
vtan -0.5885 -0.8079 0.0317 1.0
vtan -0.2965 -0.9364 0.1879 1.0
vtan -0.2417 -0.9689 0.0532 1.0
vtan -1.0 -0.0031 -0.0001 1.0
vtan -0.716 -0.4666 0.5192 1.0
vtan -0.5875 -0.5361 0.6061 1.0
vtan -0.6957 -0.6852 -0.2156 1.0
vtan -0.6013 -0.7986 -0.0252 1.0
vtan -0.2872 -0.9377 -0.1954 1.0
vtan -0.2217 -0.9741 -0.0455 1.0
vtan -0.7242 0.4588 -0.5149 1.0
vtan -0.5832 0.5385 -0.6083 1.0
vtan -0.8607 -0.4015 -0.3129 1.0
vtan -0.7466 -0.5438 -0.3831 1.0
vtan -0.7097 -0.4602 -0.5334 1.0
vtan -0.5848 -0.5258 -0.6176 1.0
vtan -0.6844 -0.6982 0.21 1.0
vtan -0.5949 -0.8033 0.027 1.0
vtan -0.4159 -0.195 -0.8883 1.0
vtan -0.3903 -0.1416 -0.9097 1.0
vtan -0.5891 0.8077 0.0245 1.0
vtan -0.6909 0.6893 0.2177 1.0
vtan -0.206 0.9775 0.0452 1.0
vtan -0.2706 0.9428 0.1946 1.0
vtan -0.5814 0.524 0.6224 1.0
vtan -0.7163 0.4529 0.5308 1.0
vtan -0.5876 0.8086 -0.0315 1.0
vtan -0.6781 0.7031 -0.2141 1.0
vtan -0.2405 0.9692 -0.0536 1.0
vtan -0.2973 0.9363 -0.1871 1.0
vtan -0.9557 -0.2693 -0.1187 1.0
vtan -0.9213 -0.3803 -0.0812 1.0
vtan -0.7158 0.4669 -0.5193 1.0
vtan -0.5876 0.5361 -0.6061 1.0
vtan -0.6023 0.7979 0.0244 1.0
vtan -0.6953 0.6856 0.2158 1.0
vtan -0.2217 0.9741 0.0455 1.0
vtan -0.2874 0.9377 0.1954 1.0
vtan -0.7467 0.5438 0.3831 1.0
vtan -0.8607 0.4013 0.3133 1.0
vtan -0.585 0.5258 0.6176 1.0
vtan -0.7098 0.4602 0.5334 1.0
vtan -0.5943 0.8038 -0.0275 1.0
vtan -0.6847 0.6979 -0.2098 1.0
vtan -0.3902 0.1418 0.9097 1.0
vtan -0.416 0.195 0.8882 1.0
vtan -0.9557 0.2691 0.1188 1.0
vtan -0.9213 0.3802 0.0814 1.0
vtan -0.1393 0.3534 0.9251 1.0
vtan -0.0657 0.4913 0.8685 1.0
vtan -0.6276 0.7778 0.0336 1.0
vtan -0.7228 0.6474 0.2419 1.0
vtan -0.1968 0.9206 0.3373 1.0
vtan -0.0568 0.9603 0.2733 1.0
vtan -0.391 -0.1887 0.9009 1.0
vtan -0.4265 -0.2302 0.8747 1.0
vtan -0.4495 -0.3615 0.8169 1.0
vtan -0.581 -0.3894 0.7147 1.0
vtan -0.6455 -0.566 0.5129 1.0
vtan -0.7888 -0.4496 0.4191 1.0
vtan 1.0 -0.004 0.0 -1.0
vtan 0.7164 -0.4662 0.5191 -1.0
vtan 0.5873 -0.5363 0.6062 -1.0
vtan 0.6025 -0.7978 -0.0247 -1.0
vtan 0.6953 -0.6855 -0.216 -1.0
vtan 0.2216 -0.9741 -0.0455 -1.0
vtan 0.2873 -0.9377 -0.1956 -1.0
vtan 0.5831 0.5385 -0.6083 -1.0
vtan 0.7242 0.4588 -0.5149 -1.0
vtan 0.7465 -0.544 -0.3831 -1.0
vtan 0.8608 -0.4011 -0.3133 -1.0
vtan 0.585 -0.5258 -0.6176 -1.0
vtan 0.7096 -0.4604 -0.5334 -1.0
vtan 0.5943 -0.8038 0.0275 -1.0
vtan 0.6847 -0.6979 0.2098 -1.0
vtan 0.3902 -0.1418 -0.9097 -1.0
vtan 0.416 -0.195 -0.8882 -1.0
vtan 0.6928 0.688 0.216 -1.0
vtan 0.5919 0.8057 0.0228 -1.0
vtan 0.2706 0.9428 0.1947 -1.0
vtan 0.206 0.9775 0.0452 -1.0
vtan 0.7162 0.453 0.5308 -1.0
vtan 0.5816 0.5238 0.6224 -1.0
vtan 0.6776 0.7035 -0.2143 -1.0
vtan 0.5883 0.808 -0.031 -1.0
vtan 0.2981 0.9361 -0.1868 -1.0
vtan 0.24 0.9693 -0.0539 -1.0
vtan 0.9557 -0.2692 -0.1188 -1.0
vtan 0.9213 -0.3802 -0.0814 -1.0
vtan 0.7165 0.4661 -0.519 -1.0
vtan 0.5876 0.536 -0.6061 -1.0
vtan 0.6957 0.6852 0.2157 -1.0
vtan 0.6013 0.7986 0.0252 -1.0
vtan 0.2872 0.9377 0.1954 -1.0
vtan 0.2217 0.9741 0.0455 -1.0
vtan 0.8608 0.4015 0.3129 -1.0
vtan 0.7467 0.5438 0.3831 -1.0
vtan 0.7097 0.4602 0.5334 -1.0
vtan 0.5848 0.5258 0.6176 -1.0
vtan 0.6844 0.6982 -0.21 -1.0
vtan 0.595 0.8033 -0.0273 -1.0
vtan 0.4159 0.195 0.8883 -1.0
vtan 0.3903 0.1417 0.9097 -1.0
vtan 0.9557 0.2693 0.1187 -1.0
vtan 0.9213 0.3802 0.0814 -1.0
f 0/0/0/0 1/1/1/1 2/2/2/2 
f 0/0/0/0 2/2/2/2 3/3/3/3 
f 1/1/1/1 0/0/0/0 4/4/4/4 
f 1/1/1/1 4/4/4/4 5/5/5/5 
f 6/6/6/6 7/7/7/7 5/5/5/5 
f 6/6/6/6 5/5/5/5 4/4/4/4 
f 8/8/8/8 9/9/9/9 7/7/7/7 
f 8/8/8/8 7/7/7/7 6/6/6/6 
f 10/10/10/10 11/11/11/11 9/9/9/9 
f 10/10/10/10 9/9/9/9 8/8/8/8 
f 12/12/12/12 13/13/13/13 11/11/11/11 
f 12/12/12/12 11/11/11/11 10/10/10/10 
f 14/14/14/14 15/15/15/15 13/13/13/13 
f 14/14/14/14 13/13/13/13 12/12/12/12 
f 16/16/16/16 17/17/17/17 18/18/18/18 
f 16/16/16/16 18/18/18/18 19/19/19/19 
f 19/19/19/19 18/18/18/18 20/20/20/20 
f 19/19/19/19 20/20/20/20 21/21/21/21 
f 21/21/21/21 20/20/20/20 22/22/22/22 
f 21/21/21/21 22/22/22/22 23/23/23/23 
f 23/23/23/23 22/22/22/22 24/24/24/24 
f 23/23/23/23 24/24/24/24 25/25/25/25 
f 25/25/25/25 24/24/24/24 26/26/26/26 
f 25/25/25/25 26/26/26/26 27/27/27/27 
f 27/27/27/27 26/26/26/26 28/28/28/28 
f 27/27/27/27 28/28/28/28 29/29/29/29 
f 29/29/29/29 28/28/28/28 30/30/30/30 
f 29/29/29/29 30/30/30/30 31/31/31/31 
f 30/30/30/30 32/32/32/32 33/33/33/33 
f 30/30/30/30 33/33/33/33 31/31/31/31 
f 34/34/34/34 35/35/35/32 36/36/36/35 
f 34/34/34/34 36/36/36/35 37/37/37/36 
f 38/38/38/37 39/39/39/32 35/35/35/32 
f 38/38/38/37 35/35/35/32 34/34/34/34 
f 40/40/40/38 41/41/41/32 39/39/39/32 
f 40/40/40/38 39/39/39/32 38/38/38/37 
f 42/42/42/39 43/43/43/40 41/41/41/32 
f 42/42/42/39 41/41/41/32 40/40/40/38 
f 44/44/44/41 45/45/45/42 43/43/43/40 
f 44/44/44/41 43/43/43/40 42/42/42/39 
f 46/46/46/43 47/47/47/32 45/45/45/42 
f 46/46/46/43 45/45/45/42 44/44/44/41 
f 48/48/48/44 49/49/49/32 47/47/47/32 
f 48/48/48/44 47/47/47/32 46/46/46/43 
f 2/2/2/2 50/50/50/45 51/51/51/46 
f 2/2/2/2 51/51/51/46 3/3/3/3 
f 50/50/50/45 52/52/52/47 53/53/53/48 
f 50/50/50/45 53/53/53/48 51/51/51/46 
f 52/52/52/47 54/54/54/49 55/55/55/50 
f 52/52/52/47 55/55/55/50 53/53/53/48 
f 54/54/54/49 56/56/56/51 57/57/57/52 
f 54/54/54/49 57/57/57/52 55/55/55/50 
f 56/56/56/51 58/58/58/53 59/59/59/54 
f 56/56/56/51 59/59/59/54 57/57/57/52 
f 58/58/58/53 60/60/60/55 61/61/61/56 
f 58/58/58/53 61/61/61/56 59/59/59/54 
f 60/60/60/55 62/62/62/57 63/63/63/58 
f 60/60/60/55 63/63/63/58 61/61/61/56 
f 32/32/32/32 64/64/64/59 65/65/65/60 
f 32/32/32/32 65/65/65/60 33/33/33/33 
f 64/64/64/59 66/66/66/32 67/67/67/61 
f 64/64/64/59 67/67/67/61 65/65/65/60 
f 66/66/66/32 68/68/68/59 69/69/69/62 
f 66/66/66/32 69/69/69/62 67/67/67/61 
f 68/68/68/59 70/70/70/63 71/71/71/64 
f 68/68/68/59 71/71/71/64 69/69/69/62 
f 70/70/70/63 72/72/72/65 73/73/73/66 
f 70/70/70/63 73/73/73/66 71/71/71/64 
f 72/72/72/65 74/74/74/67 75/75/75/68 
f 72/72/72/65 75/75/75/68 73/73/73/66 
f 36/36/36/35 76/76/76/32 77/77/77/69 
f 36/36/36/35 77/77/77/69 37/37/37/36 
f 76/76/76/32 78/78/78/70 79/79/79/71 
f 76/76/76/32 79/79/79/71 77/77/77/69 
f 78/78/78/70 80/80/80/72 81/81/81/73 
f 78/78/78/70 81/81/81/73 79/79/79/71 
f 80/80/80/72 82/82/82/74 83/83/83/75 
f 80/80/80/72 83/83/83/75 81/81/81/73 
f 82/82/82/74 84/84/84/76 85/85/85/77 
f 82/82/82/74 85/85/85/77 83/83/83/75 
f 84/84/84/76 86/86/86/78 87/87/87/79 
f 84/84/84/76 87/87/87/79 85/85/85/77 
f 86/86/86/78 88/88/88/32 89/89/89/80 
f 86/86/86/78 89/89/89/80 87/87/87/79 
f 90/90/90/81 91/91/91/82 92/92/92/83 
f 90/90/90/81 92/92/92/83 93/93/93/84 
f 91/91/91/82 94/94/94/85 95/95/95/86 
f 91/91/91/82 95/95/95/86 92/92/92/83 
f 94/94/94/85 96/96/96/87 97/97/97/88 
f 94/94/94/85 97/97/97/88 95/95/95/86 
f 96/96/96/87 98/98/98/89 99/99/99/90 
f 96/96/96/87 99/99/99/90 97/97/97/88 
f 98/98/98/89 100/100/100/91 101/101/101/92 
f 98/98/98/89 101/101/101/92 99/99/99/90 
f 102/102/102/93 103/103/103/94 104/104/104/95 
f 102/102/102/93 104/104/104/95 105/105/105/96 
f 103/103/103/94 106/106/106/97 107/107/107/98 
f 103/103/103/94 107/107/107/98 104/104/104/95 
f 106/106/106/97 108/108/108/99 109/109/109/100 
f 106/106/106/97 109/109/109/100 107/107/107/98 
f 108/108/108/99 110/110/110/101 111/111/111/102 
f 108/108/108/99 111/111/111/102 109/109/109/100 
f 110/110/110/101 112/112/112/103 113/113/113/104 
f 110/110/110/101 113/113/113/104 111/111/111/102 
f 112/112/112/103 114/114/114/105 115/115/115/106 
f 112/112/112/103 115/115/115/106 113/113/113/104 
f 114/114/114/105 116/116/116/107 117/117/117/108 
f 114/114/114/105 117/117/117/108 115/115/115/106 
f 18/18/18/18 17/17/17/17 118/118/118/109 
f 18/18/18/18 118/118/118/109 119/119/119/110 
f 20/20/20/20 18/18/18/18 119/119/119/110 
f 20/20/20/20 119/119/119/110 120/120/120/111 
f 22/22/22/22 20/20/20/20 120/120/120/111 
f 22/22/22/22 120/120/120/111 121/121/121/112 
f 24/24/24/24 22/22/22/22 121/121/121/112 
f 24/24/24/24 121/121/121/112 122/122/122/113 
f 26/26/26/26 24/24/24/24 122/122/122/113 
f 26/26/26/26 122/122/122/113 123/123/123/114 
f 28/28/28/28 26/26/26/26 123/123/123/114 
f 28/28/28/28 123/123/123/114 124/124/124/115 
f 30/30/30/30 28/28/28/28 124/124/124/115 
f 30/30/30/30 124/124/124/115 125/125/125/116 
f 126/126/126/117 32/32/32/32 30/30/30/30 
f 126/126/126/117 30/30/30/30 125/125/125/116 
f 127/127/127/118 128/128/128/32 129/129/129/119 
f 127/127/127/118 129/129/129/119 130/130/130/120 
f 128/128/128/32 131/131/131/32 132/132/132/121 
f 128/128/128/32 132/132/132/121 129/129/129/119 
f 131/131/131/32 133/133/133/32 134/134/134/122 
f 131/131/131/32 134/134/134/122 132/132/132/121 
f 133/133/133/32 135/135/135/32 136/136/136/123 
f 133/133/133/32 136/136/136/123 134/134/134/122 
f 135/135/135/32 137/137/137/32 138/138/138/124 
f 135/135/135/32 138/138/138/124 136/136/136/123 
f 137/137/137/32 139/139/139/32 140/140/140/125 
f 137/137/137/32 140/140/140/125 138/138/138/124 
f 139/139/139/32 141/141/141/32 142/142/142/126 
f 139/139/139/32 142/142/142/126 140/140/140/125 
f 143/143/143/127 144/144/144/128 102/102/102/93 
f 143/143/143/127 102/102/102/93 105/105/105/96 
f 145/145/145/129 146/146/146/130 144/144/144/128 
f 145/145/145/129 144/144/144/128 143/143/143/127 
f 147/147/147/131 148/148/148/132 146/146/146/130 
f 147/147/147/131 146/146/146/130 145/145/145/129 
f 149/149/149/133 150/150/150/134 148/148/148/132 
f 149/149/149/133 148/148/148/132 147/147/147/131 
f 151/151/151/135 152/152/152/136 150/150/150/134 
f 151/151/151/135 150/150/150/134 149/149/149/133 
f 153/153/153/137 154/154/154/138 152/152/152/136 
f 153/153/153/137 152/152/152/136 151/151/151/135 
f 155/155/155/139 154/154/154/138 153/153/153/137 
f 155/155/155/139 153/153/153/137 156/156/156/140 
f 157/157/157/141 64/64/64/59 32/32/32/32 
f 157/157/157/141 32/32/32/32 126/126/126/117 
f 158/158/158/142 66/66/66/32 64/64/64/59 
f 158/158/158/142 64/64/64/59 157/157/157/141 
f 159/159/159/143 68/68/68/59 66/66/66/32 
f 159/159/159/143 66/66/66/32 158/158/158/142 
f 160/160/160/144 70/70/70/63 68/68/68/59 
f 160/160/160/144 68/68/68/59 159/159/159/143 
f 161/161/161/145 72/72/72/65 70/70/70/63 
f 161/161/161/145 70/70/70/63 160/160/160/144 
f 162/162/162/146 74/74/74/67 72/72/72/65 
f 162/162/162/146 72/72/72/65 161/161/161/145 
f 163/163/163/147 164/164/164/32 127/127/127/118 
f 163/163/163/147 127/127/127/118 130/130/130/120 
f 165/165/165/148 166/166/166/149 164/164/164/32 
f 165/165/165/148 164/164/164/32 163/163/163/147 
f 167/167/167/150 168/168/168/151 166/166/166/149 
f 167/167/167/150 166/166/166/149 165/165/165/148 
f 169/169/169/152 170/170/170/153 168/168/168/151 
f 169/169/169/152 168/168/168/151 167/167/167/150 
f 171/171/171/154 172/172/172/155 170/170/170/153 
f 171/171/171/154 170/170/170/153 169/169/169/152 
f 173/173/173/156 174/174/174/157 172/172/172/155 
f 173/173/173/156 172/172/172/155 171/171/171/154 
f 175/175/175/158 176/176/176/32 174/174/174/157 
f 175/175/175/158 174/174/174/157 173/173/173/156 
f 177/177/177/159 178/178/178/160 179/179/179/161 
f 177/177/177/159 179/179/179/161 180/180/180/162 
f 181/181/181/163 182/182/182/164 178/178/178/160 
f 181/181/181/163 178/178/178/160 177/177/177/159 
f 183/183/183/165 184/184/184/166 182/182/182/164 
f 183/183/183/165 182/182/182/164 181/181/181/163 
f 185/185/185/167 186/186/186/168 184/184/184/166 
f 185/185/185/167 184/184/184/166 183/183/183/165 
f 187/187/187/169 188/188/188/170 186/186/186/168 
f 187/187/187/169 186/186/186/168 185/185/185/167 
f 189/189/189/171 190/190/190/172 191/191/191/173 
f 189/189/189/171 191/191/191/173 192/192/192/174 
f 193/193/193/175 194/194/194/176 190/190/190/172 
f 193/193/193/175 190/190/190/172 189/189/189/171 
f 195/195/195/177 196/196/196/178 194/194/194/176 
f 195/195/195/177 194/194/194/176 193/193/193/175 
f 197/197/197/179 198/198/198/180 196/196/196/178 
f 197/197/197/179 196/196/196/178 195/195/195/177 
f 199/199/199/181 200/200/200/182 198/198/198/180 
f 199/199/199/181 198/198/198/180 197/197/197/179 
f 201/201/201/183 202/202/202/184 200/200/200/182 
f 201/201/201/183 200/200/200/182 199/199/199/181 
f 203/203/203/185 128/128/128/32 127/127/127/118 
f 203/203/203/185 127/127/127/118 204/204/204/186 
f 205/205/205/187 131/131/131/32 128/128/128/32 
f 205/205/205/187 128/128/128/32 203/203/203/185 
f 206/206/206/188 133/133/133/32 131/131/131/32 
f 206/206/206/188 131/131/131/32 205/205/205/187 
f 207/207/207/189 135/135/135/32 133/133/133/32 
f 207/207/207/189 133/133/133/32 206/206/206/188 
f 208/208/208/190 137/137/137/32 135/135/135/32 
f 208/208/208/190 135/135/135/32 207/207/207/189 
f 209/209/209/191 139/139/139/32 137/137/137/32 
f 209/209/209/191 137/137/137/32 208/208/208/190 
f 210/210/210/192 141/141/141/32 139/139/139/32 
f 210/210/210/192 139/139/139/32 209/209/209/191 
f 127/127/127/118 164/164/164/32 211/211/211/193 
f 127/127/127/118 211/211/211/193 204/204/204/186 
f 164/164/164/32 166/166/166/149 212/212/212/194 
f 164/164/164/32 212/212/212/194 211/211/211/193 
f 166/166/166/149 168/168/168/151 213/213/213/195 
f 166/166/166/149 213/213/213/195 212/212/212/194 
f 168/168/168/151 170/170/170/153 214/214/214/196 
f 168/168/168/151 214/214/214/196 213/213/213/195 
f 170/170/170/153 172/172/172/155 215/215/215/197 
f 170/170/170/153 215/215/215/197 214/214/214/196 
f 172/172/172/155 174/174/174/157 216/216/216/198 
f 172/172/172/155 216/216/216/198 215/215/215/197 
f 174/174/174/157 176/176/176/32 217/217/217/199 
f 174/174/174/157 217/217/217/199 216/216/216/198 
f 218/218/218/200 219/219/219/201 220/220/220/202 
f 218/218/218/200 220/220/220/202 221/221/221/203 
f 219/219/219/201 222/222/222/204 223/223/223/205 
f 219/219/219/201 223/223/223/205 220/220/220/202 
f 222/222/222/204 224/224/224/206 225/225/225/207 
f 222/222/222/204 225/225/225/207 223/223/223/205 
f 224/224/224/206 226/226/226/208 227/227/227/209 
f 224/224/224/206 227/227/227/209 225/225/225/207 
f 100/100/100/91 228/228/228/210 229/229/229/211 
f 100/100/100/91 229/229/229/211 101/101/101/92 
f 228/228/228/210 230/230/230/212 231/231/231/213 
f 228/228/228/210 231/231/231/213 229/229/229/211 
f 90/90/90/81 93/93/93/84 232/232/232/214 
f 90/90/90/81 232/232/232/214 233/233/233/215 
f 233/233/233/215 232/232/232/214 234/234/234/216 
f 233/233/233/215 234/234/234/216 235/235/235/217 
f 235/235/235/217 234/234/234/216 236/236/236/218 
f 235/235/235/217 236/236/236/218 237/237/237/219 
f 237/237/237/219 236/236/236/218 238/238/238/220 
f 237/237/237/219 238/238/238/220 239/239/239/221 
f 239/239/239/221 238/238/238/220 240/240/240/222 
f 239/239/239/221 240/240/240/222 241/241/241/223 
f 241/241/241/223 240/240/240/222 242/242/242/224 
f 241/241/241/223 242/242/242/224 243/243/243/225 
f 243/243/243/225 242/242/242/224 244/244/244/226 
f 243/243/243/225 244/244/244/226 245/245/245/227 
f 188/188/188/170 187/187/187/169 246/246/246/228 
f 188/188/188/170 246/246/246/228 247/247/247/229 
f 247/247/247/229 246/246/246/228 248/248/248/230 
f 247/247/247/229 248/248/248/230 249/249/249/231 
f 179/179/179/161 250/250/250/232 251/251/251/233 
f 179/179/179/161 251/251/251/233 180/180/180/162 
f 250/250/250/232 252/252/252/234 253/253/253/235 
f 250/250/250/232 253/253/253/235 251/251/251/233 
f 252/252/252/234 254/254/254/236 255/255/255/237 
f 252/252/252/234 255/255/255/237 253/253/253/235 
f 254/254/254/236 256/256/256/238 257/257/257/239 
f 254/254/254/236 257/257/257/239 255/255/255/237 
f 256/256/256/238 258/258/258/240 259/259/259/241 
f 256/256/256/238 259/259/259/241 257/257/257/239 
f 258/258/258/240 260/260/260/242 261/261/261/243 
f 258/258/258/240 261/261/261/243 259/259/259/241 
f 260/260/260/242 262/262/262/244 263/263/263/245 
f 260/260/260/242 263/263/263/245 261/261/261/243 
f 226/226/226/208 264/264/264/246 265/265/265/247 
f 226/226/226/208 265/265/265/247 227/227/227/209 
f 264/264/264/246 266/266/266/248 267/267/267/249 
f 264/264/264/246 267/267/267/249 265/265/265/247 
f 268/268/268/250 269/269/269/251 270/270/270/252 
f 268/268/268/250 270/270/270/252 271/271/271/253 
f 269/269/269/251 272/272/272/254 273/273/273/255 
f 269/269/269/251 273/273/273/255 270/270/270/252 
f 272/272/272/254 274/274/274/256 275/275/275/257 
f 272/272/272/254 275/275/275/257 273/273/273/255 
f 274/274/274/256 276/276/276/258 277/277/277/259 
f 274/274/274/256 277/277/277/259 275/275/275/257 
f 276/276/276/258 278/278/278/260 279/279/279/261 
f 276/276/276/258 279/279/279/261 277/277/277/259 
f 278/278/278/260 280/280/280/262 281/281/281/263 
f 278/278/278/260 281/281/281/263 279/279/279/261 
f 280/280/280/262 282/282/282/264 283/283/283/265 
f 280/280/280/262 283/283/283/265 281/281/281/263 
f 284/284/284/266 285/285/285/267 286/286/286/268 
f 284/284/284/266 286/286/286/268 287/287/287/269 
f 288/288/288/270 284/284/284/266 287/287/287/269 
f 288/288/288/270 287/287/287/269 289/289/289/271 
f 290/290/290/272 288/288/288/270 289/289/289/271 
f 290/290/290/272 289/289/289/271 291/291/291/273 
f 292/292/292/274 290/290/290/272 291/291/291/273 
f 292/292/292/274 291/291/291/273 293/293/293/275 
f 294/294/294/276 292/292/292/274 293/293/293/275 
f 294/294/294/276 293/293/293/275 295/295/295/277 
f 296/296/296/278 294/294/294/276 295/295/295/277 
f 296/296/296/278 295/295/295/277 297/297/297/279 
f 298/298/298/280 296/296/296/278 297/297/297/279 
f 298/298/298/280 297/297/297/279 299/299/299/281 
f 300/300/300/282 301/301/301/283 298/298/298/280 
f 300/300/300/282 298/298/298/280 299/299/299/281 
f 36/36/36/35 35/35/35/32 302/302/302/284 
f 36/36/36/35 302/302/302/284 303/303/303/285 
f 35/35/35/32 39/39/39/32 304/304/304/286 
f 35/35/35/32 304/304/304/286 302/302/302/284 
f 39/39/39/32 41/41/41/32 305/305/305/287 
f 39/39/39/32 305/305/305/287 304/304/304/286 
f 41/41/41/32 43/43/43/40 306/306/306/288 
f 41/41/41/32 306/306/306/288 305/305/305/287 
f 43/43/43/40 45/45/45/42 307/307/307/289 
f 43/43/43/40 307/307/307/289 306/306/306/288 
f 45/45/45/42 47/47/47/32 308/308/308/290 
f 45/45/45/42 308/308/308/290 307/307/307/289 
f 47/47/47/32 49/49/49/32 309/309/309/291 
f 47/47/47/32 309/309/309/291 308/308/308/290 
f 310/310/310/292 311/311/311/293 312/312/312/294 
f 310/310/310/292 312/312/312/294 313/313/313/295 
f 311/311/311/293 314/314/314/296 315/315/315/297 
f 311/311/311/293 315/315/315/297 312/312/312/294 
f 316/316/316/298 317/317/317/299 318/318/318/300 
f 316/316/316/298 318/318/318/300 319/319/319/301 
f 320/320/320/302 317/317/317/299 316/316/316/298 
f 320/320/320/302 316/316/316/298 321/321/321/303 
f 322/322/322/304 320/320/320/302 321/321/321/303 
f 322/322/322/304 321/321/321/303 323/323/323/305 
f 324/324/324/306 322/325/322/307 323/326/323/308 
f 324/324/324/306 323/326/323/308 325/327/325/309 
f 326/328/326/310 324/324/324/306 325/327/325/309 
f 326/328/326/310 325/327/325/309 327/329/327/311 
f 328/330/328/312 326/328/326/310 327/329/327/311 
f 328/330/328/312 327/329/327/311 329/331/329/313 
f 330/332/330/314 331/333/331/315 268/268/268/250 
f 330/332/330/314 268/268/268/250 271/271/271/253 
f 332/334/332/316 333/335/333/317 331/333/331/315 
f 332/334/332/316 331/333/331/315 330/332/330/314 
f 334/336/334/318 335/337/335/319 333/335/333/317 
f 334/336/334/318 333/335/333/317 332/334/332/316 
f 336/338/336/320 337/339/337/321 335/337/335/319 
f 336/338/336/320 335/337/335/319 334/336/334/318 
f 338/340/338/322 339/341/339/323 337/339/337/321 
f 338/340/338/322 337/339/337/321 336/338/336/320 
f 340/342/340/324 341/343/341/325 339/341/339/323 
f 340/342/340/324 339/341/339/323 338/340/338/322 
f 342/344/342/326 341/343/341/325 340/342/340/324 
f 342/344/342/326 340/342/340/324 343/345/343/327 
f 344/346/344/328 345/347/345/329 301/301/301/283 
f 344/346/344/328 301/301/301/283 300/300/300/282 
f 346/348/346/330 347/349/347/32 345/347/345/329 
f 346/348/346/330 345/347/345/329 344/346/344/328 
f 348/350/348/331 349/351/349/332 347/349/347/32 
f 348/350/348/331 347/349/347/32 346/348/346/330 
f 350/352/350/333 351/353/351/334 349/354/349/335 
f 350/352/350/333 349/354/349/335 348/355/348/336 
f 352/356/352/337 353/357/353/338 351/353/351/334 
f 352/356/352/337 351/353/351/334 350/352/350/333 
f 354/358/354/339 355/359/355/340 353/357/353/338 
f 354/358/354/339 353/357/353/338 352/356/352/337 
f 356/360/356/341 76/76/76/32 36/36/36/35 
f 356/360/356/341 36/36/36/35 303/303/303/285 
f 357/361/357/342 78/78/78/70 76/76/76/32 
f 357/361/357/342 76/76/76/32 356/360/356/341 
f 358/362/358/343 80/80/80/72 78/78/78/70 
f 358/362/358/343 78/78/78/70 357/361/357/342 
f 359/363/359/344 82/82/82/74 80/80/80/72 
f 359/363/359/344 80/80/80/72 358/362/358/343 
f 360/364/360/345 84/84/84/76 82/82/82/74 
f 360/364/360/345 82/82/82/74 359/363/359/344 
f 361/365/361/346 86/86/86/78 84/84/84/76 
f 361/365/361/346 84/84/84/76 360/364/360/345 
f 362/366/362/347 88/88/88/32 86/86/86/78 
f 362/366/362/347 86/86/86/78 361/365/361/346 
f 363/367/363/348 364/368/364/349 365/369/365/350 
f 363/367/363/348 365/369/365/350 366/370/366/351 
f 367/371/367/352 368/372/368/353 369/373/369/354 
f 367/371/367/352 369/373/369/354 370/374/370/355 
f 371/375/371/356 363/367/363/348 366/370/366/351 
f 371/375/371/356 366/370/366/351 372/376/372/357 
f 373/377/373/358 374/378/374/359 368/372/368/353 
f 373/377/373/358 368/372/368/353 367/371/367/352 
f 375/379/375/360 371/375/371/356 372/376/372/357 
f 375/379/375/360 372/376/372/357 376/380/376/361 
f 377/381/377/362 378/382/378/363 374/378/374/359 
f 377/381/377/362 374/378/374/359 373/377/373/358 
f 379/383/379/364 375/379/375/360 376/380/376/361 
f 379/383/379/364 376/380/376/361 380/384/380/365 
f 381/385/381/366 382/386/382/367 378/382/378/363 
f 381/385/381/366 378/382/378/363 377/381/377/362 
f 313/313/313/295 379/383/379/364 380/384/380/365 
f 313/313/313/295 380/384/380/365 310/310/310/292 
f 383/387/383/368 382/386/382/367 381/385/381/366 
f 383/387/383/368 381/385/381/366 384/388/384/369 
f 385/389/385/370 383/387/383/368 384/388/384/369 
f 385/389/385/370 384/388/384/369 386/390/386/371 
f 387/391/387/372 388/392/388/32 389/393/389/32 
f 387/391/387/372 389/393/389/32 390/394/390/373 
f 390/394/390/373 389/393/389/32 391/395/391/32 
f 390/394/390/373 391/395/391/32 392/396/392/374 
f 393/397/393/32 394/398/394/375 392/396/392/374 
f 393/397/393/32 392/396/392/374 391/395/391/32 
f 395/399/395/32 396/400/396/376 394/398/394/375 
f 395/399/395/32 394/398/394/375 393/397/393/32 
f 397/401/397/32 398/402/398/377 396/400/396/376 
f 397/401/397/32 396/400/396/376 395/399/395/32 
f 399/403/399/378 400/404/400/379 398/402/398/377 
f 399/403/399/378 398/402/398/377 397/401/397/32 
f 401/405/401/380 402/406/402/381 400/404/400/379 
f 401/405/401/380 400/404/400/379 399/403/399/378 
f 403/407/403/382 404/408/404/383 192/192/192/174 
f 403/407/403/382 192/192/192/174 191/191/191/173 
f 405/409/405/384 218/218/218/200 221/221/221/203 
f 405/409/405/384 221/221/221/203 406/410/406/385 
f 407/2/407/386 408/1/408/387 409/411/409/388 
f 407/2/407/386 409/411/409/388 410/412/410/389 
f 408/1/408/387 411/5/411/390 412/413/412/391 
f 408/1/408/387 412/413/412/391 409/411/409/388 
f 411/5/411/390 413/7/413/392 414/414/414/393 
f 411/5/411/390 414/414/414/393 412/413/412/391 
f 413/7/413/392 415/9/415/394 416/415/416/395 
f 413/7/413/392 416/415/416/395 414/414/414/393 
f 415/9/415/394 417/11/417/396 418/416/418/397 
f 415/9/415/394 418/416/418/397 416/415/416/395 
f 417/11/417/396 419/13/419/398 420/417/420/399 
f 417/11/417/396 420/417/420/399 418/416/418/397 
f 419/13/419/398 421/15/421/400 422/418/422/401 
f 419/13/419/398 422/418/422/401 420/417/420/399 
f 423/18/423/402 424/17/424/403 425/419/425/404 
f 423/18/423/402 425/419/425/404 426/420/426/405 
f 427/20/427/406 423/18/423/402 426/420/426/405 
f 427/20/427/406 426/420/426/405 428/421/428/407 
f 429/22/429/408 427/20/427/406 428/421/428/407 
f 429/22/429/408 428/421/428/407 430/422/430/409 
f 431/24/431/410 429/22/429/408 430/422/430/409 
f 431/24/431/410 430/422/430/409 432/423/432/411 
f 433/26/433/412 431/24/431/410 432/423/432/411 
f 433/26/433/412 432/423/432/411 434/424/434/413 
f 435/28/435/414 433/26/433/412 434/424/434/413 
f 435/28/435/414 434/424/434/413 436/425/436/415 
f 437/30/437/416 435/28/435/414 436/425/436/415 
f 437/30/437/416 436/425/436/415 410/412/410/389 
f 438/426/438/417 439/32/439/418 437/30/437/416 
f 438/426/438/417 437/30/437/416 410/412/410/389 
f 440/427/440/419 410/412/410/389 441/36/441/420 
f 440/427/440/419 441/36/441/420 442/35/442/418 
f 443/428/443/421 440/427/440/419 442/35/442/418 
f 443/428/443/421 442/35/442/418 444/39/444/418 
f 445/429/445/422 443/428/443/421 444/39/444/418 
f 445/429/445/422 444/39/444/418 446/41/446/418 
f 447/430/447/423 445/429/445/422 446/41/446/418 
f 447/430/447/423 446/41/446/418 448/43/448/424 
f 449/431/449/425 447/430/447/423 448/43/448/424 
f 449/431/449/425 448/43/448/424 450/45/450/426 
f 451/432/451/427 449/431/449/425 450/45/450/426 
f 451/432/451/427 450/45/450/426 452/47/452/418 
f 453/433/453/428 451/432/451/427 452/47/452/418 
f 453/433/453/428 452/47/452/418 454/49/454/418 
f 436/425/436/415 455/50/455/429 407/2/407/386 
f 436/425/436/415 407/2/407/386 410/412/410/389 
f 434/424/434/413 456/52/456/430 455/50/455/429 
f 434/424/434/413 455/50/455/429 436/425/436/415 
f 432/423/432/411 457/54/457/431 456/52/456/430 
f 432/423/432/411 456/52/456/430 434/424/434/413 
f 430/422/430/409 458/56/458/432 457/54/457/431 
f 430/422/430/409 457/54/457/431 432/423/432/411 
f 428/434/428/433 459/58/459/434 458/56/458/432 
f 428/434/428/433 458/56/458/432 430/422/430/409 
f 426/435/426/435 460/60/460/436 459/58/459/434 
f 426/435/426/435 459/58/459/434 428/434/428/433 
f 425/436/425/437 461/62/461/438 460/60/460/436 
f 425/436/425/437 460/60/460/436 426/435/426/435 
f 462/437/462/439 463/64/463/440 439/32/439/418 
f 462/437/462/439 439/32/439/418 438/426/438/417 
f 464/438/464/441 465/66/465/440 463/64/463/440 
f 464/438/464/441 463/64/463/440 462/437/462/439 
f 466/439/466/442 467/68/467/440 465/66/465/440 
f 466/439/466/442 465/66/465/440 464/438/464/441 
f 468/440/468/443 469/70/469/444 467/68/467/440 
f 468/440/468/443 467/68/467/440 466/439/466/442 
f 470/441/470/445 471/72/471/446 469/70/469/444 
f 470/441/470/445 469/70/469/444 468/440/468/443 
f 472/442/472/447 473/74/473/448 471/72/471/446 
f 472/442/472/447 471/72/471/446 470/441/470/445 
f 409/411/409/388 474/76/474/418 441/36/441/420 
f 409/411/409/388 441/36/441/420 410/412/410/389 
f 412/413/412/391 475/78/475/449 474/76/474/418 
f 412/413/412/391 474/76/474/418 409/411/409/388 
f 414/414/414/393 476/80/476/450 475/78/475/449 
f 414/414/414/393 475/78/475/449 412/413/412/391 
f 416/415/416/395 477/82/477/451 476/80/476/450 
f 416/415/416/395 476/80/476/450 414/414/414/393 
f 418/443/418/452 478/84/478/453 477/82/477/451 
f 418/443/418/452 477/82/477/451 416/415/416/395 
f 420/444/420/454 479/86/479/455 478/84/478/453 
f 420/444/420/454 478/84/478/453 418/443/418/452 
f 422/445/422/456 480/88/480/418 479/86/479/455 
f 422/445/422/456 479/86/479/455 420/444/420/454 
f 440/427/440/419 481/91/481/457 482/90/482/458 
f 440/427/440/419 482/90/482/458 410/412/410/389 
f 443/428/443/421 483/94/483/459 481/91/481/457 
f 443/428/443/421 481/91/481/457 440/427/440/419 
f 445/429/445/422 484/96/484/460 483/94/483/459 
f 445/429/445/422 483/94/483/459 443/428/443/421 
f 447/430/447/423 485/98/485/461 484/96/484/460 
f 447/430/447/423 484/96/484/460 445/429/445/422 
f 449/446/449/462 486/100/486/463 485/98/485/461 
f 449/446/449/462 485/98/485/461 447/430/447/423 
f 487/104/487/464 488/103/488/465 489/102/489/466 
f 487/104/487/464 489/102/489/466 490/105/490/467 
f 491/107/491/468 492/106/492/469 488/103/488/465 
f 491/107/491/468 488/103/488/465 487/104/487/464 
f 493/109/493/470 494/108/494/471 492/106/492/469 
f 493/109/493/470 492/106/492/469 491/107/491/468 
f 495/111/495/472 496/110/496/473 494/108/494/471 
f 495/111/495/472 494/108/494/471 493/109/493/470 
f 497/113/497/474 498/112/498/475 496/110/496/473 
f 497/113/497/474 496/110/496/473 495/111/495/472 
f 499/115/499/476 500/114/500/477 498/112/498/475 
f 499/115/499/476 498/112/498/475 497/113/497/474 
f 501/117/501/478 502/116/502/479 500/114/500/477 
f 501/117/501/478 500/114/500/477 499/115/499/476 
f 503/118/503/480 424/17/424/403 423/18/423/402 
f 503/118/503/480 423/18/423/402 504/119/504/481 
f 504/119/504/481 423/18/423/402 427/20/427/406 
f 504/119/504/481 427/20/427/406 505/120/505/482 
f 505/120/505/482 427/20/427/406 429/22/429/408 
f 505/120/505/482 429/22/429/408 506/121/506/483 
f 506/121/506/483 429/22/429/408 431/24/431/410 
f 506/121/506/483 431/24/431/410 507/122/507/484 
f 507/122/507/484 431/24/431/410 433/26/433/412 
f 507/122/507/484 433/26/433/412 508/123/508/485 
f 508/123/508/485 433/26/433/412 435/28/435/414 
f 508/123/508/485 435/28/435/414 509/124/509/486 
f 509/124/509/486 435/28/435/414 437/30/437/416 
f 509/124/509/486 437/30/437/416 510/125/510/487 
f 437/30/437/416 439/32/439/418 511/126/511/488 
f 437/30/437/416 511/126/511/488 510/125/510/487 
f 512/129/512/489 513/128/513/440 514/127/514/490 
f 512/129/512/489 514/127/514/490 515/130/515/491 
f 516/132/516/492 517/131/517/418 513/128/513/440 
f 516/132/516/492 513/128/513/440 512/129/512/489 
f 518/134/518/493 519/133/519/418 517/131/517/418 
f 518/134/518/493 517/131/517/418 516/132/516/492 
f 520/136/520/494 521/135/521/418 519/133/519/418 
f 520/136/520/494 519/133/519/418 518/134/518/493 
f 522/138/522/495 523/137/523/418 521/135/521/418 
f 522/138/522/495 521/135/521/418 520/136/520/494 
f 524/140/524/496 525/139/525/418 523/137/523/418 
f 524/140/524/496 523/137/523/418 522/138/522/495 
f 526/142/526/497 527/141/527/418 525/139/525/418 
f 526/142/526/497 525/139/525/418 524/140/524/496 
f 489/102/489/466 528/144/528/498 529/143/529/499 
f 489/102/489/466 529/143/529/499 490/105/490/467 
f 528/144/528/498 530/146/530/500 531/145/531/501 
f 528/144/528/498 531/145/531/501 529/143/529/499 
f 530/146/530/500 532/148/532/502 533/147/533/503 
f 530/146/530/500 533/147/533/503 531/145/531/501 
f 532/148/532/502 534/150/534/504 535/149/535/505 
f 532/148/532/502 535/149/535/505 533/147/533/503 
f 534/150/534/504 536/152/536/506 537/151/537/507 
f 534/150/534/504 537/151/537/507 535/149/535/505 
f 536/152/536/506 538/154/538/508 539/153/539/509 
f 536/152/536/506 539/153/539/509 537/151/537/507 
f 538/154/538/508 540/155/540/510 541/156/541/511 
f 538/154/538/508 541/156/541/511 539/153/539/509 
f 439/32/439/418 463/64/463/440 542/157/542/512 
f 439/32/439/418 542/157/542/512 511/126/511/488 
f 463/64/463/440 465/66/465/440 543/158/543/513 
f 463/64/463/440 543/158/543/513 542/157/542/512 
f 465/66/465/440 467/68/467/440 544/159/544/514 
f 465/66/465/440 544/159/544/514 543/158/543/513 
f 467/68/467/440 469/70/469/444 545/160/545/515 
f 467/68/467/440 545/160/545/515 544/159/544/514 
f 469/70/469/444 471/72/471/446 546/161/546/516 
f 469/70/469/444 546/161/546/516 545/160/545/515 
f 471/72/471/446 473/74/473/448 547/162/547/517 
f 471/72/471/446 547/162/547/517 546/161/546/516 
f 514/127/514/490 548/164/548/418 549/163/549/518 
f 514/127/514/490 549/163/549/518 515/130/515/491 
f 548/164/548/418 550/166/550/519 551/165/551/520 
f 548/164/548/418 551/165/551/520 549/163/549/518 
f 550/166/550/519 552/168/552/521 553/167/553/522 
f 550/166/550/519 553/167/553/522 551/165/551/520 
f 552/168/552/521 554/170/554/523 555/169/555/524 
f 552/168/552/521 555/169/555/524 553/167/553/522 
f 554/170/554/523 556/172/556/525 557/171/557/526 
f 554/170/554/523 557/171/557/526 555/169/555/524 
f 556/172/556/525 558/174/558/527 559/173/559/528 
f 556/172/556/525 559/173/559/528 557/171/557/526 
f 558/174/558/527 560/176/560/418 561/175/561/529 
f 558/174/558/527 561/175/561/529 559/173/559/528 
f 562/179/562/530 563/178/563/531 564/177/564/532 
f 562/179/562/530 564/177/564/532 565/180/565/533 
f 563/178/563/531 566/182/566/534 567/181/567/535 
f 563/178/563/531 567/181/567/535 564/177/564/532 
f 566/182/566/534 568/184/568/536 569/183/569/537 
f 566/182/566/534 569/183/569/537 567/181/567/535 
f 568/184/568/536 570/186/570/538 571/185/571/539 
f 568/184/568/536 571/185/571/539 569/183/569/537 
f 570/186/570/538 572/188/572/540 573/187/573/541 
f 570/186/570/538 573/187/573/541 571/185/571/539 
f 574/191/574/542 575/190/575/543 576/189/576/544 
f 574/191/574/542 576/189/576/544 577/192/577/545 
f 575/190/575/543 578/194/578/546 579/193/579/547 
f 575/190/575/543 579/193/579/547 576/189/576/544 
f 578/194/578/546 580/196/580/548 581/195/581/549 
f 578/194/578/546 581/195/581/549 579/193/579/547 
f 580/196/580/548 582/198/582/550 583/197/583/551 
f 580/196/580/548 583/197/583/551 581/195/581/549 
f 582/198/582/550 584/200/584/552 585/199/585/553 
f 582/198/582/550 585/199/585/553 583/197/583/551 
f 584/200/584/552 586/202/586/554 587/201/587/555 
f 584/200/584/552 587/201/587/555 585/199/585/553 
f 514/127/514/490 513/128/513/440 588/203/588/556 
f 514/127/514/490 588/203/588/556 204/204/204/557 
f 513/128/513/440 517/131/517/418 589/205/589/558 
f 513/128/513/440 589/205/589/558 588/203/588/556 
f 517/131/517/418 519/133/519/418 590/206/590/559 
f 517/131/517/418 590/206/590/559 589/205/589/558 
f 519/133/519/418 521/135/521/418 591/207/591/560 
f 519/133/519/418 591/207/591/560 590/206/590/559 
f 521/135/521/418 523/137/523/418 592/208/592/561 
f 521/135/521/418 592/208/592/561 591/207/591/560 
f 523/137/523/418 525/139/525/418 593/209/593/562 
f 523/137/523/418 593/209/593/562 592/208/592/561 
f 525/139/525/418 527/141/527/418 594/210/594/563 
f 525/139/525/418 594/210/594/563 593/209/593/562 
f 595/211/595/564 548/164/548/418 514/127/514/490 
f 595/211/595/564 514/127/514/490 204/204/204/557 
f 596/212/596/565 550/166/550/519 548/164/548/418 
f 596/212/596/565 548/164/548/418 595/211/595/564 
f 597/213/597/566 552/168/552/521 550/166/550/519 
f 597/213/597/566 550/166/550/519 596/212/596/565 
f 598/214/598/567 554/170/554/523 552/168/552/521 
f 598/214/598/567 552/168/552/521 597/213/597/566 
f 599/215/599/568 556/172/556/525 554/170/554/523 
f 599/215/599/568 554/170/554/523 598/214/598/567 
f 600/216/600/569 558/174/558/527 556/172/556/525 
f 600/216/600/569 556/172/556/525 599/215/599/568 
f 601/217/601/570 560/176/560/418 558/174/558/527 
f 601/217/601/570 558/174/558/527 600/216/600/569 
f 602/220/602/571 603/219/603/572 604/218/604/573 
f 602/220/602/571 604/218/604/573 605/221/605/574 
f 606/223/606/575 607/222/607/576 603/219/603/572 
f 606/223/606/575 603/219/603/572 602/220/602/571 
f 608/225/608/577 609/224/609/578 607/222/607/576 
f 608/225/608/577 607/222/607/576 606/223/606/575 
f 610/227/610/579 611/226/611/580 609/224/609/578 
f 610/227/610/579 609/224/609/578 608/225/608/577 
f 486/100/486/463 449/446/449/462 451/447/451/581 
f 486/100/486/463 451/447/451/581 612/228/612/582 
f 612/228/612/582 451/447/451/581 453/448/453/583 
f 612/228/612/582 453/448/453/583 613/230/613/584 
f 438/426/438/417 410/412/410/389 482/90/482/458 
f 438/426/438/417 482/90/482/458 614/233/614/585 
f 462/437/462/439 438/426/438/417 614/233/614/585 
f 462/437/462/439 614/233/614/585 615/235/615/586 
f 464/438/464/441 462/437/462/439 615/235/615/586 
f 464/438/464/441 615/235/615/586 616/237/616/587 
f 466/439/466/442 464/438/464/441 616/237/616/587 
f 466/439/466/442 616/237/616/587 617/239/617/588 
f 468/449/468/589 466/439/466/442 617/239/617/588 
f 468/449/468/589 617/239/617/588 618/241/618/590 
f 470/450/470/591 468/449/468/589 618/241/618/590 
f 470/450/470/591 618/241/618/590 619/243/619/592 
f 472/451/472/593 470/450/470/591 619/243/619/592 
f 472/451/472/593 619/243/619/592 620/245/620/594 
f 621/246/621/595 573/187/573/541 572/188/572/540 
f 621/246/621/595 572/188/572/540 622/247/622/596 
f 623/248/623/597 621/246/621/595 622/247/622/596 
f 623/248/623/597 622/247/622/596 624/249/624/598 
f 562/179/562/530 565/180/565/533 625/251/625/599 
f 562/179/562/530 625/251/625/599 626/250/626/600 
f 626/250/626/600 625/251/625/599 627/253/627/601 
f 626/250/626/600 627/253/627/601 628/252/628/602 
f 628/252/628/602 627/253/627/601 629/255/629/603 
f 628/252/628/602 629/255/629/603 630/254/630/604 
f 630/254/630/604 629/255/629/603 631/257/631/605 
f 630/254/630/604 631/257/631/605 632/256/632/606 
f 632/256/632/606 631/257/631/605 633/259/633/607 
f 632/256/632/606 633/259/633/607 634/258/634/608 
f 634/258/634/608 633/259/633/607 635/261/635/609 
f 634/258/634/608 635/261/635/609 636/260/636/610 
f 636/260/636/610 635/261/635/609 637/263/637/611 
f 636/260/636/610 637/263/637/611 638/262/638/612 
f 611/226/611/580 610/227/610/579 639/265/639/613 
f 611/226/611/580 639/265/639/613 640/264/640/614 
f 640/264/640/614 639/265/639/613 641/267/641/615 
f 640/264/640/614 641/267/641/615 642/266/642/616 
f 643/452/643/617 644/269/644/618 645/268/645/619 
f 643/452/643/617 645/268/645/619 646/453/646/620 
f 647/454/647/621 648/272/648/622 644/269/644/618 
f 647/454/647/621 644/269/644/618 643/452/643/617 
f 649/455/649/623 650/274/650/624 648/272/648/622 
f 649/455/649/623 648/272/648/622 647/454/647/621 
f 651/456/651/625 652/276/652/626 650/274/650/624 
f 651/456/651/625 650/274/650/624 649/455/649/623 
f 653/457/653/627 654/278/654/628 652/276/652/626 
f 653/457/653/627 652/276/652/626 651/456/651/625 
f 655/458/655/629 656/280/656/630 654/278/654/628 
f 655/458/655/629 654/278/654/628 653/457/653/627 
f 657/459/657/631 658/282/658/632 656/280/656/630 
f 657/459/657/631 656/280/656/630 655/458/655/629 
f 659/460/659/633 660/285/660/634 661/284/661/635 
f 659/460/659/633 661/284/661/635 662/461/662/636 
f 662/461/662/636 661/284/661/635 663/288/663/637 
f 662/461/662/636 663/288/663/637 664/462/664/638 
f 664/462/664/638 663/288/663/637 665/290/665/639 
f 664/462/664/638 665/290/665/639 666/463/666/640 
f 666/463/666/640 665/290/665/639 667/292/667/641 
f 666/463/666/640 667/292/667/641 668/464/668/642 
f 668/464/668/642 667/292/667/641 669/294/669/643 
f 668/464/668/642 669/294/669/643 670/465/670/644 
f 670/465/670/644 669/294/669/643 671/296/671/645 
f 670/465/670/644 671/296/671/645 672/466/672/646 
f 672/466/672/646 671/296/671/645 673/298/673/647 
f 672/466/672/646 673/298/673/647 646/453/646/620 
f 674/467/674/648 646/453/646/620 673/298/673/647 
f 674/467/674/648 673/298/673/647 675/301/675/649 
f 676/468/676/650 442/35/442/418 441/36/441/420 
f 676/468/676/650 441/36/441/420 646/453/646/620 
f 677/469/677/651 444/39/444/418 442/35/442/418 
f 677/469/677/651 442/35/442/418 676/468/676/650 
f 678/470/678/652 446/41/446/418 444/39/444/418 
f 678/470/678/652 444/39/444/418 677/469/677/651 
f 679/471/679/653 448/43/448/424 446/41/446/418 
f 679/471/679/653 446/41/446/418 678/470/678/652 
f 680/472/680/654 450/45/450/426 448/43/448/424 
f 680/472/680/654 448/43/448/424 679/471/679/653 
f 681/473/681/655 452/47/452/418 450/45/450/426 
f 681/473/681/655 450/45/450/426 680/472/680/654 
f 682/474/682/656 454/49/454/418 452/47/452/418 
f 682/474/682/656 452/47/452/418 681/473/681/655 
f 683/475/683/657 681/476/681/658 680/477/680/659 
f 683/475/683/657 680/477/680/659 684/478/684/660 
f 685/479/685/661 682/480/682/662 681/476/681/658 
f 685/479/685/661 681/476/681/658 683/475/683/657 
f 686/481/686/663 687/482/687/664 688/318/688/665 
f 686/481/686/663 688/318/688/665 689/317/689/666 
f 686/481/686/663 689/317/689/666 690/320/690/667 
f 686/481/686/663 690/320/690/667 691/483/691/668 
f 691/483/691/668 690/320/690/667 692/322/692/669 
f 691/483/691/668 692/322/692/669 693/484/693/670 
f 693/485/693/671 692/325/692/672 694/324/694/673 
f 693/485/693/671 694/324/694/673 695/486/695/674 
f 695/486/695/674 694/324/694/673 696/328/696/675 
f 695/486/695/674 696/328/696/675 697/487/697/676 
f 697/487/697/676 696/328/696/675 698/330/698/677 
f 697/487/697/676 698/330/698/677 699/488/699/678 
f 672/466/672/646 646/453/646/620 645/268/645/619 
f 672/466/672/646 645/268/645/619 700/333/700/679 
f 670/465/670/644 672/466/672/646 700/333/700/679 
f 670/465/670/644 700/333/700/679 701/335/701/680 
f 668/464/668/642 670/465/670/644 701/335/701/680 
f 668/464/668/642 701/335/701/680 702/337/702/681 
f 666/463/666/640 668/464/668/642 702/337/702/681 
f 666/463/666/640 702/337/702/681 703/339/703/682 
f 664/489/664/683 666/463/666/640 703/339/703/682 
f 664/489/664/683 703/339/703/682 704/341/704/684 
f 704/341/704/684 705/343/705/685 662/490/662/686 
f 704/341/704/684 662/490/662/686 664/489/664/683 
f 705/343/705/685 706/344/706/687 659/491/659/688 
f 705/343/705/685 659/491/659/688 662/490/662/686 
f 707/492/707/689 674/467/674/648 675/301/675/649 
f 707/492/707/689 675/301/675/649 708/347/708/690 
f 709/493/709/691 707/492/707/689 708/347/708/690 
f 709/493/709/691 708/347/708/690 710/349/710/418 
f 711/494/711/692 709/493/709/691 710/349/710/418 
f 711/494/711/692 710/349/710/418 712/351/712/693 
f 713/495/713/694 711/496/711/695 712/354/712/696 
f 713/495/713/694 712/354/712/696 714/353/714/697 
f 715/497/715/698 713/495/713/694 714/353/714/697 
f 715/497/715/698 714/353/714/697 716/357/716/699 
f 717/498/717/700 715/497/715/698 716/357/716/699 
f 717/498/717/700 716/357/716/699 718/359/718/701 
f 643/452/643/617 646/453/646/620 441/36/441/420 
f 643/452/643/617 441/36/441/420 474/76/474/418 
f 647/454/647/621 643/452/643/617 474/76/474/418 
f 647/454/647/621 474/76/474/418 475/78/475/449 
f 649/455/649/623 647/454/647/621 475/78/475/449 
f 649/455/649/623 475/78/475/449 476/80/476/450 
f 476/80/476/450 477/82/477/451 651/456/651/625 
f 476/80/476/450 651/456/651/625 649/455/649/623 
f 477/82/477/451 478/84/478/453 653/499/653/702 
f 477/82/477/451 653/499/653/702 651/456/651/625 
f 478/84/478/453 479/86/479/455 655/500/655/703 
f 478/84/478/453 655/500/655/703 653/499/653/702 
f 479/86/479/455 480/88/480/418 657/501/657/704 
f 479/86/479/455 657/501/657/704 655/500/655/703 
f 719/368/719/705 720/502/720/706 721/503/721/707 
f 719/368/719/705 721/503/721/707 676/468/676/650 
f 646/453/646/620 719/368/719/705 676/468/676/650 
f 697/487/697/676 699/488/699/678 674/467/674/648 
f 697/487/697/676 674/467/674/648 707/492/707/689 
f 676/468/676/650 721/503/721/707 722/504/722/708 
f 676/468/676/650 722/504/722/708 677/469/677/651 
f 695/486/695/674 697/487/697/676 707/492/707/689 
f 695/486/695/674 707/492/707/689 709/493/709/691 
f 677/469/677/651 722/504/722/708 723/505/723/709 
f 677/469/677/651 723/505/723/709 678/470/678/652 
f 693/485/693/671 695/486/695/674 709/493/709/691 
f 693/485/693/671 709/493/709/691 711/494/711/692 
f 678/470/678/652 723/505/723/709 724/506/724/710 
f 678/470/678/652 724/506/724/710 679/471/679/653 
f 691/507/691/711 693/485/693/671 711/494/711/692 
f 691/507/691/711 711/494/711/692 713/508/713/712 
f 679/471/679/653 724/506/724/710 684/478/684/660 
f 679/471/679/653 684/478/684/660 680/477/680/659 
f 691/507/691/711 713/508/713/712 715/509/715/713 
f 691/507/691/711 715/509/715/713 686/510/686/714 
f 715/509/715/713 717/511/717/715 687/512/687/716 
f 715/509/715/713 687/512/687/716 686/510/686/714 
f 685/513/685/717 683/514/683/718 725/393/725/418 
f 685/513/685/717 725/393/725/418 726/392/726/418 
f 683/514/683/718 684/515/684/719 727/395/727/418 
f 683/514/683/718 727/395/727/418 725/393/725/418 
f 684/515/684/719 724/506/724/710 728/397/728/418 
f 684/515/684/719 728/397/728/418 727/395/727/418 
f 724/506/724/710 723/505/723/709 729/399/729/418 
f 724/506/724/710 729/399/729/418 728/397/728/418 
f 723/505/723/709 722/504/722/708 730/401/730/440 
f 723/505/723/709 730/401/730/440 729/399/729/418 
f 722/504/722/708 721/503/721/707 731/403/731/720 
f 722/504/722/708 731/403/731/720 730/401/730/440 
f 721/503/721/707 720/502/720/706 732/405/732/721 
f 721/503/721/707 732/405/732/721 731/403/731/720 
f 403/407/403/722 574/191/574/542 577/192/577/545 
f 403/407/403/722 577/192/577/545 404/408/404/723 
f 605/221/605/574 604/218/604/573 405/409/405/724 
f 605/221/605/574 405/409/405/724 406/410/406/725 
f 733/516/733/726 328/330/328/312 329/331/329/313 
f 733/516/733/726 329/331/329/313 734/517/734/727 
f 370/374/370/355 369/373/369/354 365/369/365/350 
f 370/374/370/355 365/369/365/350 364/368/364/349 
f 735/516/735/728 736/518/736/729 699/488/699/678 
f 735/516/735/728 699/488/699/678 698/330/698/677 
f 646/453/646/620 674/467/674/648 699/488/699/678 
f 646/453/646/620 699/488/699/678 719/368/719/705 
f 736/518/736/729 719/368/719/705 699/488/699/678 
f 303/303/303/285 737/453/737/730 271/271/271/253 
f 303/303/303/285 271/271/271/253 356/360/356/341 
f 270/270/270/252 356/360/356/341 271/271/271/253 
f 273/273/273/255 357/361/357/342 356/360/356/341 
f 273/273/273/255 356/360/356/341 270/270/270/252 
f 275/275/275/257 358/362/358/343 357/361/357/342 
f 275/275/275/257 357/361/357/342 273/273/273/255 
f 279/279/279/261 360/519/360/731 359/520/359/732 
f 279/279/279/261 359/520/359/732 277/277/277/259 
f 361/365/361/346 360/364/360/345 279/521/279/733 
f 361/365/361/346 279/521/279/733 281/522/281/734 
f 283/283/283/265 362/523/362/735 361/524/361/736 
f 283/283/283/265 361/524/361/736 281/281/281/263 
f 338/525/338/737 336/526/336/738 291/291/291/273 
f 338/525/338/737 291/291/291/273 289/289/289/271 
f 336/338/336/320 334/336/334/318 293/293/293/275 
f 336/338/336/320 293/293/293/275 291/291/291/273 
f 334/336/334/318 332/334/332/316 295/295/295/277 
f 334/336/334/318 295/295/295/277 293/293/293/275 
f 332/334/332/316 330/332/330/314 297/297/297/279 
f 332/334/332/316 297/297/297/279 295/295/295/277 
f 271/271/271/253 737/453/737/730 299/299/299/281 
f 271/271/271/253 299/299/299/281 330/332/330/314 
f 297/297/297/279 330/332/330/314 299/299/299/281 
f 365/369/365/350 369/373/369/354 300/300/300/282 
f 365/369/365/350 300/300/300/282 737/453/737/730 
f 299/299/299/281 737/453/737/730 300/300/300/282 
f 365/369/365/350 737/453/737/730 303/303/303/285 
f 365/369/365/350 303/303/303/285 366/370/366/351 
f 302/302/302/284 366/370/366/351 303/303/303/285 
f 372/376/372/357 366/370/366/351 302/302/302/284 
f 372/376/372/357 302/302/302/284 304/304/304/286 
f 376/380/376/361 372/376/372/357 304/304/304/286 
f 376/380/376/361 304/304/304/286 305/305/305/287 
f 380/384/380/365 376/380/376/361 305/305/305/287 
f 380/384/380/365 305/305/305/287 306/306/306/288 
f 310/310/310/292 380/384/380/365 306/527/306/739 
f 310/310/310/292 306/527/306/739 307/528/307/740 
f 311/529/311/741 310/530/310/742 307/307/307/289 
f 311/529/311/741 307/307/307/289 308/308/308/290 
f 314/314/314/296 311/311/311/293 308/531/308/743 
f 314/314/314/296 308/531/308/743 309/532/309/744 
f 289/289/289/271 287/287/287/269 340/533/340/745 
f 289/289/289/271 340/533/340/745 338/534/338/746 
f 287/287/287/269 286/286/286/268 343/535/343/747 
f 287/287/287/269 343/535/343/747 340/536/340/748 
f 344/346/344/328 368/372/368/353 374/378/374/359 
f 344/346/344/328 374/378/374/359 346/348/346/330 
f 346/348/346/330 374/378/374/359 378/382/378/363 
f 346/348/346/330 378/382/378/363 348/350/348/331 
f 348/355/348/336 378/537/378/749 382/538/382/750 
f 348/355/348/336 382/538/382/750 350/352/350/333 
f 350/539/350/751 382/386/382/367 383/387/383/368 
f 350/539/350/751 383/387/383/368 352/540/352/752 
f 352/356/352/337 383/541/383/753 385/542/385/754 
f 352/356/352/337 385/542/385/754 354/358/354/339 
f 358/362/358/343 275/275/275/257 277/277/277/259 
f 358/362/358/343 277/277/277/259 359/363/359/344 
f 368/372/368/353 344/346/344/328 300/300/300/282 
f 368/372/368/353 300/300/300/282 369/373/369/354 
f 0/0/0/0 738/412/738/755 37/37/37/36 
f 0/0/0/0 37/37/37/36 77/77/77/69 
f 738/412/738/755 0/0/0/0 3/3/3/3 
f 0/0/0/0 77/77/77/69 79/79/79/71 
f 0/0/0/0 79/79/79/71 4/4/4/4 
f 79/79/79/71 81/81/81/73 6/6/6/6 
f 79/79/79/71 6/6/6/6 4/4/4/4 
f 8/543/8/756 83/83/83/75 85/85/85/77 
f 8/543/8/756 85/85/85/77 10/544/10/757 
f 85/545/85/758 87/546/87/759 12/12/12/12 
f 85/545/85/758 12/12/12/12 10/10/10/10 
f 87/547/87/760 89/548/89/761 14/14/14/14 
f 87/547/87/760 14/14/14/14 12/12/12/12 
f 57/549/57/762 59/550/59/763 21/21/21/21 
f 57/549/57/762 21/21/21/21 23/23/23/23 
f 25/25/25/25 55/55/55/50 57/57/57/52 
f 25/25/25/25 57/57/57/52 23/23/23/23 
f 27/27/27/27 53/53/53/48 55/55/55/50 
f 27/27/27/27 55/55/55/50 25/25/25/25 
f 51/51/51/46 53/53/53/48 27/27/27/27 
f 51/51/51/46 27/27/27/27 29/29/29/29 
f 3/3/3/3 51/51/51/46 29/29/29/29 
f 3/3/3/3 29/29/29/29 738/412/738/755 
f 31/31/31/31 738/412/738/755 29/29/29/29 
f 93/93/93/84 738/412/738/755 31/31/31/31 
f 93/93/93/84 31/31/31/31 232/232/232/214 
f 33/33/33/33 232/232/232/214 31/31/31/31 
f 93/93/93/84 92/92/92/83 34/34/34/34 
f 93/93/93/84 34/34/34/34 738/412/738/755 
f 37/37/37/36 738/412/738/755 34/34/34/34 
f 92/92/92/83 95/95/95/86 38/38/38/37 
f 92/92/92/83 38/38/38/37 34/34/34/34 
f 38/38/38/37 95/95/95/86 97/97/97/88 
f 38/38/38/37 97/97/97/88 40/40/40/38 
f 97/97/97/88 99/99/99/90 42/42/42/39 
f 97/97/97/88 42/42/42/39 40/40/40/38 
f 99/551/99/764 101/552/101/765 44/44/44/41 
f 99/551/99/764 44/44/44/41 42/42/42/39 
f 101/101/101/92 229/229/229/211 46/553/46/766 
f 101/101/101/92 46/553/46/766 44/554/44/767 
f 229/555/229/768 231/556/231/769 48/48/48/44 
f 229/555/229/768 48/48/48/44 46/46/46/43 
f 19/557/19/770 21/558/21/771 59/59/59/54 
f 19/557/19/770 59/59/59/54 61/61/61/56 
f 63/63/63/58 16/559/16/772 19/560/19/773 
f 63/63/63/58 19/560/19/773 61/61/61/56 
f 236/236/236/218 234/234/234/216 65/65/65/60 
f 236/236/236/218 65/65/65/60 67/67/67/61 
f 238/238/238/220 236/236/236/218 67/67/67/61 
f 238/238/238/220 67/67/67/61 69/69/69/62 
f 71/71/71/64 240/561/240/774 238/562/238/775 
f 71/71/71/64 238/562/238/775 69/69/69/62 
f 242/242/242/224 240/240/240/222 71/563/71/776 
f 242/242/242/224 71/563/71/776 73/564/73/777 
f 244/244/244/226 242/242/242/224 73/565/73/778 
f 244/244/244/226 73/565/73/778 75/566/75/779 
f 8/8/8/8 6/6/6/6 81/81/81/73 
f 8/8/8/8 81/81/81/73 83/83/83/75 
f 130/130/130/120 739/567/739/780 105/105/105/96 
f 130/130/130/120 105/105/105/96 163/163/163/147 
f 104/104/104/95 163/163/163/147 105/105/105/96 
f 165/165/165/148 163/163/163/147 104/104/104/95 
f 165/165/165/148 104/104/104/95 107/107/107/98 
f 109/109/109/100 167/167/167/150 165/165/165/148 
f 109/109/109/100 165/165/165/148 107/107/107/98 
f 171/171/171/154 169/169/169/152 111/568/111/781 
f 171/171/171/154 111/568/111/781 113/569/113/782 
f 173/570/173/783 171/571/171/784 113/113/113/104 
f 173/570/173/783 113/113/113/104 115/115/115/106 
f 117/117/117/108 175/572/175/785 173/573/173/786 
f 117/117/117/108 173/573/173/786 115/115/115/106 
f 120/120/120/111 151/574/151/787 149/575/149/788 
f 120/120/120/111 149/575/149/788 121/121/121/112 
f 149/149/149/133 147/147/147/131 122/122/122/113 
f 149/149/149/133 122/122/122/113 121/121/121/112 
f 147/147/147/131 145/145/145/129 123/123/123/114 
f 147/147/147/131 123/123/123/114 122/122/122/113 
f 123/123/123/114 145/145/145/129 143/143/143/127 
f 123/123/123/114 143/143/143/127 124/124/124/115 
f 105/105/105/96 739/567/739/780 125/125/125/116 
f 105/105/105/96 125/125/125/116 143/143/143/127 
f 124/124/124/115 143/143/143/127 125/125/125/116 
f 180/180/180/162 251/251/251/233 126/126/126/117 
f 180/180/180/162 126/126/126/117 739/567/739/780 
f 125/125/125/116 739/567/739/780 126/126/126/117 
f 180/180/180/162 739/567/739/780 130/130/130/120 
f 180/180/180/162 130/130/130/120 177/177/177/159 
f 129/129/129/119 177/177/177/159 130/130/130/120 
f 132/132/132/121 181/181/181/163 177/177/177/159 
f 132/132/132/121 177/177/177/159 129/129/129/119 
f 183/183/183/165 181/181/181/163 132/132/132/121 
f 183/183/183/165 132/132/132/121 134/134/134/122 
f 185/576/185/789 183/577/183/790 134/134/134/122 
f 185/576/185/789 134/134/134/122 136/136/136/123 
f 138/138/138/124 187/578/187/791 185/579/185/792 
f 138/138/138/124 185/579/185/792 136/136/136/123 
f 246/246/246/228 187/187/187/169 138/580/138/793 
f 246/246/246/228 138/580/138/793 140/581/140/794 
f 248/582/248/795 246/583/246/796 140/140/140/125 
f 248/582/248/795 140/140/140/125 142/142/142/126 
f 120/584/120/797 119/585/119/798 153/153/153/137 
f 120/584/120/797 153/153/153/137 151/151/151/135 
f 119/586/119/799 118/587/118/800 156/156/156/140 
f 119/586/119/799 156/156/156/140 153/153/153/137 
f 157/157/157/141 253/253/253/235 255/255/255/237 
f 157/157/157/141 255/255/255/237 158/158/158/142 
f 255/255/255/237 257/257/257/239 159/159/159/143 
f 255/255/255/237 159/159/159/143 158/158/158/142 
f 257/588/257/801 259/589/259/802 160/160/160/144 
f 257/588/257/801 160/160/160/144 159/159/159/143 
f 259/259/259/241 261/261/261/243 161/590/161/803 
f 259/259/259/241 161/590/161/803 160/591/160/804 
f 261/261/261/243 263/263/263/245 162/592/162/805 
f 261/261/261/243 162/592/162/805 161/593/161/806 
f 167/594/167/807 109/109/109/100 111/111/111/102 
f 167/594/167/807 111/111/111/102 169/595/169/808 
f 192/192/192/174 211/211/211/193 212/212/212/194 
f 192/192/192/174 212/212/212/194 189/189/189/171 
f 212/212/212/194 213/213/213/195 193/193/193/175 
f 212/212/212/194 193/193/193/175 189/189/189/171 
f 195/596/195/809 214/214/214/196 215/215/215/197 
f 195/596/195/809 215/215/215/197 197/597/197/810 
f 215/598/215/811 216/599/216/812 199/199/199/181 
f 215/598/215/811 199/199/199/181 197/197/197/179 
f 216/600/216/813 217/601/217/814 201/201/201/183 
f 216/600/216/813 201/201/201/183 199/199/199/181 
f 406/410/406/385 221/221/221/203 203/203/203/185 
f 406/410/406/385 203/203/203/185 204/204/204/186 
f 221/221/221/203 220/220/220/202 205/205/205/187 
f 221/221/221/203 205/205/205/187 203/203/203/185 
f 205/205/205/187 220/220/220/202 223/223/223/205 
f 205/205/205/187 223/223/223/205 206/206/206/188 
f 223/602/223/815 225/603/225/816 207/207/207/189 
f 223/602/223/815 207/207/207/189 206/206/206/188 
f 225/604/225/817 227/605/227/818 208/208/208/190 
f 225/604/225/817 208/208/208/190 207/207/207/189 
f 227/227/227/209 265/265/265/247 209/606/209/819 
f 227/227/227/209 209/606/209/819 208/607/208/820 
f 265/608/265/821 267/609/267/822 210/210/210/192 
f 265/608/265/821 210/210/210/192 209/209/209/191 
f 195/195/195/177 193/193/193/175 213/610/213/823 
f 195/195/195/177 213/610/213/823 214/611/214/824 
f 232/232/232/214 33/33/33/33 65/65/65/60 
f 232/232/232/214 65/65/65/60 234/234/234/216 
f 157/157/157/141 126/126/126/117 251/251/251/233 
f 157/157/157/141 251/251/251/233 253/253/253/235 
f 321/321/321/303 381/612/381/825 377/613/377/826 
f 321/321/321/303 377/613/377/826 323/323/323/305 
f 377/381/377/362 373/377/373/358 325/327/325/309 
f 377/381/377/362 325/327/325/309 323/326/323/308 
f 373/377/373/358 367/371/367/352 327/329/327/311 
f 373/377/373/358 327/329/327/311 325/327/325/309 
f 367/371/367/352 370/374/370/355 329/331/329/313 
f 367/371/367/352 329/331/329/313 327/329/327/311 
f 363/367/363/348 400/404/400/379 402/406/402/381 
f 363/367/363/348 402/406/402/381 364/368/364/349 
f 394/398/394/375 396/400/396/376 375/379/375/360 
f 394/398/394/375 375/379/375/360 379/383/379/364 
f 321/614/321/827 316/615/316/828 384/388/384/369 
f 321/614/321/827 384/388/384/369 381/385/381/366 
f 384/616/384/829 316/316/316/298 319/319/319/301 
f 384/616/384/829 319/319/319/301 386/617/386/830 
f 312/618/312/831 315/619/315/832 387/391/387/372 
f 312/618/312/831 387/391/387/372 390/394/390/373 
f 313/620/313/833 312/621/312/834 390/394/390/373 
f 313/620/313/833 390/394/390/373 392/396/392/374 
f 379/622/379/835 313/623/313/836 392/396/392/374 
f 379/622/379/835 392/396/392/374 394/398/394/375 
f 371/375/371/356 375/379/375/360 396/400/396/376 
f 371/375/371/356 396/400/396/376 398/402/398/377 
f 363/367/363/348 371/375/371/356 398/402/398/377 
f 363/367/363/348 398/402/398/377 400/404/400/379 
f 404/408/404/383 204/204/204/186 211/211/211/193 
f 404/408/404/383 211/211/211/193 192/192/192/174 
f 515/130/515/491 549/163/549/518 487/104/487/464 
f 515/130/515/491 487/104/487/464 740/567/740/837 
f 490/105/490/467 740/567/740/837 487/104/487/464 
f 487/104/487/464 549/163/549/518 551/165/551/520 
f 487/104/487/464 551/165/551/520 491/107/491/468 
f 551/165/551/520 553/167/553/522 493/109/493/470 
f 551/165/551/520 493/109/493/470 491/107/491/468 
f 495/568/495/838 555/169/555/524 557/171/557/526 
f 495/568/495/838 557/171/557/526 497/569/497/839 
f 557/571/557/840 559/570/559/841 499/115/499/476 
f 557/571/557/840 499/115/499/476 497/113/497/474 
f 559/573/559/842 561/572/561/843 501/117/501/478 
f 559/573/559/842 501/117/501/478 499/115/499/476 
f 535/575/535/844 537/574/537/845 505/120/505/482 
f 535/575/535/844 505/120/505/482 506/121/506/483 
f 507/122/507/484 533/147/533/503 535/149/535/505 
f 507/122/507/484 535/149/535/505 506/121/506/483 
f 508/123/508/485 531/145/531/501 533/147/533/503 
f 508/123/508/485 533/147/533/503 507/122/507/484 
f 529/143/529/499 531/145/531/501 508/123/508/485 
f 529/143/529/499 508/123/508/485 509/124/509/486 
f 490/105/490/467 529/143/529/499 509/124/509/486 
f 490/105/490/467 509/124/509/486 740/567/740/837 
f 510/125/510/487 740/567/740/837 509/124/509/486 
f 565/180/565/533 740/567/740/837 510/125/510/487 
f 565/180/565/533 510/125/510/487 625/251/625/599 
f 511/126/511/488 625/251/625/599 510/125/510/487 
f 565/180/565/533 564/177/564/532 512/129/512/489 
f 565/180/565/533 512/129/512/489 740/567/740/837 
f 515/130/515/491 740/567/740/837 512/129/512/489 
f 564/177/564/532 567/181/567/535 516/132/516/492 
f 564/177/564/532 516/132/516/492 512/129/512/489 
f 516/132/516/492 567/181/567/535 569/183/569/537 
f 516/132/516/492 569/183/569/537 518/134/518/493 
f 569/577/569/846 571/576/571/847 520/136/520/494 
f 569/577/569/846 520/136/520/494 518/134/518/493 
f 571/579/571/848 573/578/573/849 522/138/522/495 
f 571/579/571/848 522/138/522/495 520/136/520/494 
f 573/187/573/541 621/246/621/595 524/581/524/850 
f 573/187/573/541 524/581/524/850 522/580/522/851 
f 621/583/621/852 623/582/623/853 526/142/526/497 
f 621/583/621/852 526/142/526/497 524/140/524/496 
f 504/624/504/854 505/625/505/855 537/151/537/507 
f 504/624/504/854 537/151/537/507 539/153/539/509 
f 541/156/541/511 503/587/503/856 504/586/504/857 
f 541/156/541/511 504/586/504/857 539/153/539/509 
f 629/255/629/603 627/253/627/601 542/157/542/512 
f 629/255/629/603 542/157/542/512 543/158/543/513 
f 631/257/631/605 629/255/629/603 543/158/543/513 
f 631/257/631/605 543/158/543/513 544/159/544/514 
f 545/160/545/515 633/589/633/858 631/588/631/859 
f 545/160/545/515 631/588/631/859 544/159/544/514 
f 635/261/635/609 633/259/633/607 545/626/545/860 
f 635/261/635/609 545/626/545/860 546/590/546/861 
f 637/263/637/611 635/261/635/609 546/627/546/862 
f 637/263/637/611 546/627/546/862 547/592/547/863 
f 495/111/495/472 493/109/493/470 553/594/553/864 
f 495/111/495/472 553/594/553/864 555/595/555/865 
f 596/212/596/565 595/211/595/564 577/192/577/545 
f 596/212/596/565 577/192/577/545 576/189/576/544 
f 579/193/579/547 597/213/597/566 596/212/596/565 
f 579/193/579/547 596/212/596/565 576/189/576/544 
f 599/215/599/568 598/214/598/567 581/596/581/866 
f 599/215/599/568 581/596/581/866 583/597/583/867 
f 600/599/600/868 599/598/599/869 583/197/583/551 
f 600/599/600/868 583/197/583/551 585/199/585/553 
f 587/201/587/555 601/601/601/870 600/600/600/871 
f 587/201/587/555 600/600/600/871 585/199/585/553 
f 588/203/588/556 605/221/605/574 406/410/406/725 
f 588/203/588/556 406/410/406/725 204/204/204/557 
f 589/205/589/558 602/220/602/571 605/221/605/574 
f 589/205/589/558 605/221/605/574 588/203/588/556 
f 606/223/606/575 602/220/602/571 589/205/589/558 
f 606/223/606/575 589/205/589/558 590/206/590/559 
f 608/603/608/872 606/602/606/873 590/206/590/559 
f 608/603/608/872 590/206/590/559 591/207/591/560 
f 592/208/592/561 610/605/610/874 608/604/608/875 
f 592/208/592/561 608/604/608/875 591/207/591/560 
f 639/265/639/613 610/227/610/579 592/607/592/876 
f 639/265/639/613 592/607/592/876 593/606/593/877 
f 641/609/641/878 639/608/639/879 593/209/593/562 
f 641/609/641/878 593/209/593/562 594/210/594/563 
f 597/610/597/880 579/193/579/547 581/195/581/549 
f 597/610/597/880 581/195/581/549 598/611/598/881 
f 625/251/625/599 511/126/511/488 542/157/542/512 
f 625/251/625/599 542/157/542/512 627/253/627/601 
f 595/211/595/564 204/204/204/557 404/408/404/723 
f 595/211/595/564 404/408/404/723 577/192/577/545 
f 370/374/370/355 364/368/364/349 734/517/734/727 
f 370/374/370/355 734/517/734/727 329/331/329/313 
f 741/0/741/882 742/3/742/883 743/2/743/884 
f 741/0/741/882 743/2/743/884 744/1/744/885 
f 745/4/745/886 741/0/741/882 744/1/744/885 
f 745/4/745/886 744/1/744/885 746/5/746/887 
f 747/6/747/888 745/4/745/886 746/5/746/887 
f 747/6/747/888 746/5/746/887 748/7/748/889 
f 749/8/749/890 747/6/747/888 748/7/748/889 
f 749/8/749/890 748/7/748/889 750/9/750/891 
f 751/10/751/892 749/8/749/890 750/9/750/891 
f 751/10/751/892 750/9/750/891 752/11/752/893 
f 753/12/753/894 751/10/751/892 752/11/752/893 
f 753/12/753/894 752/11/752/893 754/13/754/895 
f 755/14/755/896 753/12/753/894 754/13/754/895 
f 755/14/755/896 754/13/754/895 756/15/15/897 
f 757/16/756/898 758/19/757/899 759/18/758/900 
f 757/16/756/898 759/18/758/900 760/17/759/901 
f 758/19/757/899 761/21/760/902 762/20/761/903 
f 758/19/757/899 762/20/761/903 759/18/758/900 
f 761/21/760/902 763/23/762/904 764/22/763/905 
f 761/21/760/902 764/22/763/905 762/20/761/903 
f 763/23/762/904 765/25/764/906 766/24/765/907 
f 763/23/762/904 766/24/765/907 764/22/763/905 
f 765/25/764/906 767/27/766/908 768/26/767/909 
f 765/25/764/906 768/26/767/909 766/24/765/907 
f 767/27/766/908 769/29/768/910 770/28/769/911 
f 767/27/766/908 770/28/769/911 768/26/767/909 
f 769/29/768/910 771/31/770/912 772/30/771/913 
f 769/29/768/910 772/30/771/913 770/28/769/911 
f 773/33/772/914 774/32/773/32 772/30/771/913 
f 773/33/772/914 772/30/771/913 771/31/770/912 
f 775/34/774/915 776/37/775/916 777/36/776/917 
f 775/34/774/915 777/36/776/917 778/35/777/32 
f 779/38/778/918 775/34/774/915 778/35/777/32 
f 779/38/778/918 778/35/777/32 780/39/779/59 
f 781/40/780/919 779/38/778/918 780/39/779/59 
f 781/40/780/919 780/39/779/59 782/41/781/59 
f 783/42/782/920 781/40/780/919 782/41/781/59 
f 783/42/782/920 782/41/781/59 784/43/783/921 
f 785/44/784/922 783/42/782/920 784/43/783/921 
f 785/44/784/922 784/43/783/921 786/45/785/923 
f 787/46/786/924 785/44/784/922 786/45/785/923 
f 787/46/786/924 786/45/785/923 788/47/787/59 
f 789/48/788/925 787/46/786/924 788/47/787/59 
f 789/48/788/925 788/47/787/59 790/49/789/32 
f 791/51/790/926 792/50/791/927 743/2/743/884 
f 791/51/790/926 743/2/743/884 742/3/742/883 
f 793/53/792/928 794/52/793/929 792/50/791/927 
f 793/53/792/928 792/50/791/927 791/51/790/926 
f 795/55/794/930 796/54/795/931 794/52/793/929 
f 795/55/794/930 794/52/793/929 793/53/792/928 
f 797/57/796/932 798/56/797/933 796/54/795/931 
f 797/57/796/932 796/54/795/931 795/55/794/930 
f 799/59/798/934 800/58/799/935 798/56/797/933 
f 799/59/798/934 798/56/797/933 797/57/796/932 
f 801/61/800/936 802/60/801/937 800/58/799/935 
f 801/61/800/936 800/58/799/935 799/59/798/934 
f 803/63/802/938 804/62/803/939 802/60/801/937 
f 803/63/802/938 802/60/801/937 801/61/800/936 
f 805/65/804/940 806/64/805/941 774/32/773/32 
f 805/65/804/940 774/32/773/32 773/33/772/914 
f 807/67/806/942 808/66/807/943 806/64/805/941 
f 807/67/806/942 806/64/805/941 805/65/804/940 
f 809/69/808/944 810/68/809/32 808/66/807/943 
f 809/69/808/944 808/66/807/943 807/67/806/942 
f 811/71/810/945 812/70/811/946 810/68/809/32 
f 811/71/810/945 810/68/809/32 809/69/808/944 
f 813/73/812/947 814/72/813/948 812/70/811/946 
f 813/73/812/947 812/70/811/946 811/71/810/945 
f 815/75/814/949 816/74/815/950 814/72/813/948 
f 815/75/814/949 814/72/813/948 813/73/812/947 
f 817/77/816/951 818/76/817/32 777/36/776/917 
f 817/77/816/951 777/36/776/917 776/37/775/916 
f 819/79/818/952 820/78/819/953 818/76/817/32 
f 819/79/818/952 818/76/817/32 817/77/816/951 
f 821/81/820/954 822/80/821/955 820/78/819/953 
f 821/81/820/954 820/78/819/953 819/79/818/952 
f 823/83/822/956 824/82/823/957 822/80/821/955 
f 823/83/822/956 822/80/821/955 821/81/820/954 
f 825/85/824/958 826/84/825/959 824/82/823/957 
f 825/85/824/958 824/82/823/957 823/83/822/956 
f 827/87/826/960 828/86/827/961 826/84/825/959 
f 827/87/826/960 826/84/825/959 825/85/824/958 
f 829/89/828/962 830/88/829/32 828/86/827/961 
f 829/89/828/962 828/86/827/961 827/87/826/960 
f 831/92/830/963 832/91/831/964 833/90/832/965 
f 831/92/830/963 833/90/832/965 834/93/833/966 
f 835/95/834/967 836/94/835/968 832/91/831/964 
f 835/95/834/967 832/91/831/964 831/92/830/963 
f 837/97/836/969 838/96/837/970 836/94/835/968 
f 837/97/836/969 836/94/835/968 835/95/834/967 
f 839/99/838/971 840/98/839/972 838/96/837/970 
f 839/99/838/971 838/96/837/970 837/97/836/969 
f 841/101/840/973 842/100/841/974 840/98/839/972 
f 841/101/840/973 840/98/839/972 839/99/838/971 
f 843/104/842/975 844/103/843/976 845/102/844/977 
f 843/104/842/975 845/102/844/977 846/105/845/978 
f 847/107/846/979 848/106/847/980 844/103/843/976 
f 847/107/846/979 844/103/843/976 843/104/842/975 
f 849/109/848/981 850/108/849/982 848/106/847/980 
f 849/109/848/981 848/106/847/980 847/107/846/979 
f 851/111/850/983 852/110/851/984 850/108/849/982 
f 851/111/850/983 850/108/849/982 849/109/848/981 
f 853/113/852/985 854/112/853/986 852/110/851/984 
f 853/113/852/985 852/110/851/984 851/111/850/983 
f 855/115/854/987 856/114/855/988 854/112/853/986 
f 855/115/854/987 854/112/853/986 853/113/852/985 
f 857/117/856/989 858/116/116/990 856/114/855/988 
f 857/117/856/989 856/114/855/988 855/115/854/987 
f 859/118/857/991 760/17/759/901 759/18/758/900 
f 859/118/857/991 759/18/758/900 860/119/858/992 
f 860/119/858/992 759/18/758/900 762/20/761/903 
f 860/119/858/992 762/20/761/903 861/120/859/993 
f 861/120/859/993 762/20/761/903 764/22/763/905 
f 861/120/859/993 764/22/763/905 862/121/860/994 
f 862/121/860/994 764/22/763/905 766/24/765/907 
f 862/121/860/994 766/24/765/907 863/122/861/995 
f 863/122/861/995 766/24/765/907 768/26/767/909 
f 863/122/861/995 768/26/767/909 864/123/862/996 
f 864/123/862/996 768/26/767/909 770/28/769/911 
f 864/123/862/996 770/28/769/911 865/124/863/997 
f 865/124/863/997 770/28/769/911 772/30/771/913 
f 865/124/863/997 772/30/771/913 866/125/864/998 
f 867/126/865/999 866/125/864/998 772/30/771/913 
f 867/126/865/999 772/30/771/913 774/32/773/32 
f 868/129/866/1000 869/128/867/32 870/127/868/1001 
f 868/129/866/1000 870/127/868/1001 871/130/869/1002 
f 872/132/870/1003 873/131/871/32 869/128/867/32 
f 872/132/870/1003 869/128/867/32 868/129/866/1000 
f 874/134/872/1004 875/133/873/32 873/131/871/32 
f 874/134/872/1004 873/131/871/32 872/132/870/1003 
f 876/136/874/1005 877/135/875/32 875/133/873/32 
f 876/136/874/1005 875/133/873/32 874/134/872/1004 
f 878/138/876/1006 879/137/877/32 877/135/875/32 
f 878/138/876/1006 877/135/875/32 876/136/874/1005 
f 880/140/878/1007 881/139/879/32 879/137/877/32 
f 880/140/878/1007 879/137/877/32 878/138/876/1006 
f 882/142/880/1008 883/141/881/32 881/139/879/32 
f 882/142/880/1008 881/139/879/32 880/140/878/1007 
f 884/143/882/1009 846/105/845/978 845/102/844/977 
f 884/143/882/1009 845/102/844/977 885/144/883/1010 
f 886/145/884/1011 884/143/882/1009 885/144/883/1010 
f 886/145/884/1011 885/144/883/1010 887/146/885/1012 
f 888/147/886/1013 886/145/884/1011 887/146/885/1012 
f 888/147/886/1013 887/146/885/1012 889/148/887/1014 
f 890/149/888/1015 888/147/886/1013 889/148/887/1014 
f 890/149/888/1015 889/148/887/1014 891/150/889/1016 
f 892/151/890/1017 890/149/888/1015 891/150/889/1016 
f 892/151/890/1017 891/150/889/1016 893/152/891/1018 
f 894/153/892/1019 892/151/890/1017 893/152/891/1018 
f 894/153/892/1019 893/152/891/1018 895/154/893/1020 
f 894/153/892/1019 895/154/893/1020 896/155/894/1021 
f 894/153/892/1019 896/155/894/1021 897/156/895/1022 
f 898/157/896/1023 867/126/865/999 774/32/773/32 
f 898/157/896/1023 774/32/773/32 806/64/805/941 
f 899/158/897/1024 898/157/896/1023 806/64/805/941 
f 899/158/897/1024 806/64/805/941 808/66/807/943 
f 900/159/898/1025 899/158/897/1024 808/66/807/943 
f 900/159/898/1025 808/66/807/943 810/68/809/32 
f 901/160/899/1026 900/159/898/1025 810/68/809/32 
f 901/160/899/1026 810/68/809/32 812/70/811/946 
f 902/161/900/1027 901/160/899/1026 812/70/811/946 
f 902/161/900/1027 812/70/811/946 814/72/813/948 
f 903/162/901/1028 902/161/900/1027 814/72/813/948 
f 903/162/901/1028 814/72/813/948 816/74/815/950 
f 904/163/902/1029 871/130/869/1002 870/127/868/1001 
f 904/163/902/1029 870/127/868/1001 905/164/903/32 
f 906/165/904/1030 904/163/902/1029 905/164/903/32 
f 906/165/904/1030 905/164/903/32 907/166/905/1031 
f 908/167/906/1032 906/165/904/1030 907/166/905/1031 
f 908/167/906/1032 907/166/905/1031 909/168/907/1033 
f 910/169/908/1034 908/167/906/1032 909/168/907/1033 
f 910/169/908/1034 909/168/907/1033 911/170/909/1035 
f 912/171/910/1036 910/169/908/1034 911/170/909/1035 
f 912/171/910/1036 911/170/909/1035 913/172/911/1037 
f 914/173/912/1038 912/171/910/1036 913/172/911/1037 
f 914/173/912/1038 913/172/911/1037 915/174/913/1039 
f 916/175/914/1040 914/173/912/1038 915/174/913/1039 
f 916/175/914/1040 915/174/913/1039 917/176/915/32 
f 918/177/916/1041 919/180/917/1042 920/179/918/1043 
f 918/177/916/1041 920/179/918/1043 921/178/919/1044 
f 922/181/920/1045 918/177/916/1041 921/178/919/1044 
f 922/181/920/1045 921/178/919/1044 923/182/921/1046 
f 924/183/922/1047 922/181/920/1045 923/182/921/1046 
f 924/183/922/1047 923/182/921/1046 925/184/184/1048 
f 926/185/923/1049 924/183/922/1047 925/184/184/1048 
f 926/185/923/1049 925/184/184/1048 927/186/924/1050 
f 928/187/925/1051 926/185/923/1049 927/186/924/1050 
f 928/187/925/1051 927/186/924/1050 929/188/926/1052 
f 930/189/927/1053 931/192/928/1054 932/191/929/1055 
f 930/189/927/1053 932/191/929/1055 933/190/930/1056 
f 934/193/931/1057 930/189/927/1053 933/190/930/1056 
f 934/193/931/1057 933/190/930/1056 935/194/932/1058 
f 936/195/933/1059 934/193/931/1057 935/194/932/1058 
f 936/195/933/1059 935/194/932/1058 937/196/934/1060 
f 938/197/935/1061 936/195/933/1059 937/196/934/1060 
f 938/197/935/1061 937/196/934/1060 939/198/936/1062 
f 940/199/937/1063 938/197/935/1061 939/198/936/1062 
f 940/199/937/1063 939/198/936/1062 941/200/938/1064 
f 942/201/939/1065 940/199/937/1063 941/200/938/1064 
f 942/201/939/1065 941/200/938/1064 943/202/202/1066 
f 944/203/940/1067 945/204/941/1068 870/127/868/1001 
f 944/203/940/1067 870/127/868/1001 869/128/867/32 
f 946/205/942/1069 944/203/940/1067 869/128/867/32 
f 946/205/942/1069 869/128/867/32 873/131/871/32 
f 947/206/943/1070 946/205/942/1069 873/131/871/32 
f 947/206/943/1070 873/131/871/32 875/133/873/32 
f 948/207/944/1071 947/206/943/1070 875/133/873/32 
f 948/207/944/1071 875/133/873/32 877/135/875/32 
f 949/208/945/1072 948/207/944/1071 877/135/875/32 
f 949/208/945/1072 877/135/875/32 879/137/877/32 
f 950/209/946/1073 949/208/945/1072 879/137/877/32 
f 950/209/946/1073 879/137/877/32 881/139/879/32 
f 951/210/947/1074 950/209/946/1073 881/139/879/32 
f 951/210/947/1074 881/139/879/32 883/141/881/32 
f 952/211/948/1075 905/164/903/32 870/127/868/1001 
f 952/211/948/1075 870/127/868/1001 945/204/941/1068 
f 953/212/949/1076 907/166/905/1031 905/164/903/32 
f 953/212/949/1076 905/164/903/32 952/211/948/1075 
f 954/213/950/1077 909/168/907/1033 907/166/905/1031 
f 954/213/950/1077 907/166/905/1031 953/212/949/1076 
f 955/214/951/1078 911/170/909/1035 909/168/907/1033 
f 955/214/951/1078 909/168/907/1033 954/213/950/1077 
f 956/215/952/1079 913/172/911/1037 911/170/909/1035 
f 956/215/952/1079 911/170/909/1035 955/214/951/1078 
f 957/216/953/1080 915/174/913/1039 913/172/911/1037 
f 957/216/953/1080 913/172/911/1037 956/215/952/1079 
f 958/217/954/1081 917/176/915/32 915/174/913/1039 
f 958/217/954/1081 915/174/913/1039 957/216/953/1080 
f 959/220/955/1082 960/219/956/1083 961/218/957/1084 
f 959/220/955/1082 961/218/957/1084 962/221/958/1085 
f 963/223/959/1086 964/222/222/1087 960/219/956/1083 
f 963/223/959/1086 960/219/956/1083 959/220/955/1082 
f 965/225/960/1088 966/224/961/1089 964/222/222/1087 
f 965/225/960/1088 964/222/222/1087 963/223/959/1086 
f 967/227/962/1090 968/226/963/1091 966/224/961/1089 
f 967/227/962/1090 966/224/961/1089 965/225/960/1088 
f 842/100/841/974 841/101/840/973 969/229/964/1092 
f 842/100/841/974 969/229/964/1092 970/228/965/1093 
f 970/228/965/1093 969/229/964/1092 971/231/966/1094 
f 970/228/965/1093 971/231/966/1094 972/230/230/1095 
f 973/232/967/1096 834/93/833/966 833/90/832/965 
f 973/232/967/1096 833/90/832/965 974/233/968/1097 
f 975/234/969/1098 973/232/967/1096 974/233/968/1097 
f 975/234/969/1098 974/233/968/1097 976/235/970/1099 
f 977/236/971/1100 975/234/969/1098 976/235/970/1099 
f 977/236/971/1100 976/235/970/1099 978/237/972/1101 
f 979/238/973/1102 977/236/971/1100 978/237/972/1101 
f 979/238/973/1102 978/237/972/1101 980/239/974/1103 
f 981/240/975/1104 979/238/973/1102 980/239/974/1103 
f 981/240/975/1104 980/239/974/1103 982/241/976/1105 
f 983/242/977/1106 981/240/975/1104 982/241/976/1105 
f 983/242/977/1106 982/241/976/1105 984/243/978/1107 
f 985/244/979/1108 983/242/977/1106 984/243/978/1107 
f 985/244/979/1108 984/243/978/1107 986/245/980/1109 
f 987/246/981/1110 928/187/925/1051 929/188/926/1052 
f 987/246/981/1110 929/188/926/1052 988/247/982/1111 
f 989/248/983/1112 987/246/981/1110 988/247/982/1111 
f 989/248/983/1112 988/247/982/1111 990/249/984/1113 
f 920/179/918/1043 919/180/917/1042 991/251/985/1114 
f 920/179/918/1043 991/251/985/1114 992/250/986/1115 
f 992/250/986/1115 991/251/985/1114 993/253/987/1116 
f 992/250/986/1115 993/253/987/1116 994/252/988/1117 
f 994/252/988/1117 993/253/987/1116 995/255/989/1118 
f 994/252/988/1117 995/255/989/1118 996/254/990/1119 
f 996/254/990/1119 995/255/989/1118 997/257/991/1120 
f 996/254/990/1119 997/257/991/1120 998/256/992/1121 
f 998/256/992/1121 997/257/991/1120 999/259/993/1122 
f 998/256/992/1121 999/259/993/1122 1000/258/994/1123 
f 1000/258/994/1123 999/259/993/1122 1001/261/995/1124 
f 1000/258/994/1123 1001/261/995/1124 1002/260/996/1125 
f 1002/260/996/1125 1001/261/995/1124 1003/263/997/1126 
f 1002/260/996/1125 1003/263/997/1126 1004/262/998/1127 
f 968/226/963/1091 967/227/962/1090 1005/265/999/1128 
f 968/226/963/1091 1005/265/999/1128 1006/264/1000/1129 
f 1006/264/1000/1129 1005/265/999/1128 1007/267/1001/1130 
f 1006/264/1000/1129 1007/267/1001/1130 1008/266/1002/1131 
f 1009/270/1003/1132 1010/269/1004/1133 1011/268/1005/1134 
f 1009/270/1003/1132 1011/268/1005/1134 1012/271/1006/1135 
f 1013/273/1007/1136 1014/272/1008/1137 1010/269/1004/1133 
f 1013/273/1007/1136 1010/269/1004/1133 1009/270/1003/1132 
f 1015/275/1009/1138 1016/274/1010/1139 1014/272/1008/1137 
f 1015/275/1009/1138 1014/272/1008/1137 1013/273/1007/1136 
f 1017/277/1011/1140 1018/276/1012/1141 1016/274/1010/1139 
f 1017/277/1011/1140 1016/274/1010/1139 1015/275/1009/1138 
f 1019/279/1013/1142 1020/278/1014/1143 1018/276/1012/1141 
f 1019/279/1013/1142 1018/276/1012/1141 1017/277/1011/1140 
f 1021/281/1015/1144 1022/280/1016/1145 1020/278/1014/1143 
f 1021/281/1015/1144 1020/278/1014/1143 1019/279/1013/1142 
f 1023/283/1017/1146 1024/282/1018/1147 1022/280/1016/1145 
f 1023/283/1017/1146 1022/280/1016/1145 1021/281/1015/1144 
f 1025/286/1019/1148 1026/285/1020/1149 1027/284/1021/1150 
f 1025/286/1019/1148 1027/284/1021/1150 1028/287/1022/1151 
f 1028/287/1022/1151 1027/284/1021/1150 1029/288/1023/1152 
f 1028/287/1022/1151 1029/288/1023/1152 1030/289/1024/1153 
f 1030/289/1024/1153 1029/288/1023/1152 1031/290/1025/1154 
f 1030/289/1024/1153 1031/290/1025/1154 1032/291/1026/1155 
f 1032/291/1026/1155 1031/290/1025/1154 1033/292/1027/1156 
f 1032/291/1026/1155 1033/292/1027/1156 1034/293/1028/1157 
f 1034/293/1028/1157 1033/292/1027/1156 1035/294/1029/1158 
f 1034/293/1028/1157 1035/294/1029/1158 1036/295/1030/1159 
f 1036/295/1030/1159 1035/294/1029/1158 1037/296/1031/1160 
f 1036/295/1030/1159 1037/296/1031/1160 1038/297/1032/1161 
f 1038/297/1032/1161 1037/296/1031/1160 1039/298/1033/1162 
f 1038/297/1032/1161 1039/298/1033/1162 1040/299/1034/1163 
f 1041/300/1035/1164 1040/299/1034/1163 1039/298/1033/1162 
f 1041/300/1035/1164 1039/298/1033/1162 1042/301/1036/1165 
f 1043/302/1037/1166 778/35/777/32 777/36/776/917 
f 1043/302/1037/1166 777/36/776/917 1044/303/1038/1167 
f 1045/304/1039/1168 780/39/779/59 778/35/777/32 
f 1045/304/1039/1168 778/35/777/32 1043/302/1037/1166 
f 1046/305/1040/1169 782/41/781/59 780/39/779/59 
f 1046/305/1040/1169 780/39/779/59 1045/304/1039/1168 
f 1047/306/1041/1170 784/43/783/921 782/41/781/59 
f 1047/306/1041/1170 782/41/781/59 1046/305/1040/1169 
f 1048/307/1042/1171 786/45/785/923 784/43/783/921 
f 1048/307/1042/1171 784/43/783/921 1047/306/1041/1170 
f 1049/308/1043/1172 788/47/787/59 786/45/785/923 
f 1049/308/1043/1172 786/45/785/923 1048/307/1042/1171 
f 1050/309/1044/1173 790/49/789/32 788/47/787/59 
f 1050/309/1044/1173 788/47/787/59 1049/308/1043/1172 
f 1051/312/1045/1174 1052/311/1046/1175 1053/310/1047/1176 
f 1051/312/1045/1174 1053/310/1047/1176 1054/313/1048/1177 
f 1055/315/1049/1178 1056/314/1050/1179 1052/311/1046/1175 
f 1055/315/1049/1178 1052/311/1046/1175 1051/312/1045/1174 
f 1057/316/1051/1180 1058/319/1052/1181 1059/318/1053/1182 
f 1057/316/1051/1180 1059/318/1053/1182 1060/317/1054/1183 
f 1057/316/1051/1180 1060/317/1054/1183 1061/320/1055/1184 
f 1057/316/1051/1180 1061/320/1055/1184 1062/321/1056/1185 
f 1062/321/1056/1185 1061/320/1055/1184 1063/322/1057/1186 
f 1062/321/1056/1185 1063/322/1057/1186 1064/323/1058/1187 
f 1064/326/1058/1188 1063/325/1057/1189 1065/324/1059/1190 
f 1064/326/1058/1188 1065/324/1059/1190 1066/327/1060/1191 
f 1066/327/1060/1191 1065/324/1059/1190 1067/328/1061/1192 
f 1066/327/1060/1191 1067/328/1061/1192 1068/329/1062/1193 
f 1068/329/1062/1193 1067/328/1061/1192 1069/330/1063/1194 
f 1068/329/1062/1193 1069/330/1063/1194 1070/331/1064/1195 
f 1071/332/1065/1196 1012/271/1006/1135 1011/268/1005/1134 
f 1071/332/1065/1196 1011/268/1005/1134 1072/333/1066/1197 
f 1073/334/1067/1198 1071/332/1065/1196 1072/333/1066/1197 
f 1073/334/1067/1198 1072/333/1066/1197 1074/335/1068/1199 
f 1075/336/1069/1200 1073/334/1067/1198 1074/335/1068/1199 
f 1075/336/1069/1200 1074/335/1068/1199 1076/337/1070/1201 
f 1077/338/1071/1202 1075/336/1069/1200 1076/337/1070/1201 
f 1077/338/1071/1202 1076/337/1070/1201 1078/339/1072/1203 
f 1079/340/1073/1204 1077/338/1071/1202 1078/339/1072/1203 
f 1079/340/1073/1204 1078/339/1072/1203 1080/341/1074/1205 
f 1081/342/1075/1206 1079/340/1073/1204 1080/341/1074/1205 
f 1081/342/1075/1206 1080/341/1074/1205 1082/343/1076/1207 
f 1081/342/1075/1206 1082/343/1076/1207 1083/344/1077/1208 
f 1081/342/1075/1206 1083/344/1077/1208 1084/345/1078/1209 
f 1085/346/1079/1210 1041/300/1035/1164 1042/301/1036/1165 
f 1085/346/1079/1210 1042/301/1036/1165 1086/347/1080/1211 
f 1087/348/1081/1212 1085/346/1079/1210 1086/347/1080/1211 
f 1087/348/1081/1212 1086/347/1080/1211 1088/349/1082/1213 
f 1089/350/1083/1214 1087/348/1081/1212 1088/349/1082/1213 
f 1089/350/1083/1214 1088/349/1082/1213 1090/351/1084/1215 
f 1091/352/1085/1216 1089/355/1083/1217 1090/354/1084/1218 
f 1091/352/1085/1216 1090/354/1084/1218 1092/353/1086/1219 
f 1093/356/1087/1220 1091/352/1085/1216 1092/353/1086/1219 
f 1093/356/1087/1220 1092/353/1086/1219 1094/357/1088/1221 
f 1095/358/1089/1222 1093/356/1087/1220 1094/357/1088/1221 
f 1095/358/1089/1222 1094/357/1088/1221 1096/359/1090/1223 
f 1097/360/1091/1224 1044/303/1038/1167 777/36/776/917 
f 1097/360/1091/1224 777/36/776/917 818/76/817/32 
f 1098/361/1092/1225 1097/360/1091/1224 818/76/817/32 
f 1098/361/1092/1225 818/76/817/32 820/78/819/953 
f 1099/362/1093/1226 1098/361/1092/1225 820/78/819/953 
f 1099/362/1093/1226 820/78/819/953 822/80/821/955 
f 1100/363/1094/1227 1099/362/1093/1226 822/80/821/955 
f 1100/363/1094/1227 822/80/821/955 824/82/823/957 
f 1101/364/1095/1228 1100/363/1094/1227 824/82/823/957 
f 1101/364/1095/1228 824/82/823/957 826/84/825/959 
f 1102/365/1096/1229 1101/364/1095/1228 826/84/825/959 
f 1102/365/1096/1229 826/84/825/959 828/86/827/961 
f 1103/366/1097/1230 1102/365/1096/1229 828/86/827/961 
f 1103/366/1097/1230 828/86/827/961 830/88/829/32 
f 1104/369/1098/1231 364/368/364/1232 1105/367/1099/1233 
f 1104/369/1098/1231 1105/367/1099/1233 1106/370/1100/1234 
f 1107/371/1101/1235 1108/374/1102/1236 1109/373/1103/1237 
f 1107/371/1101/1235 1109/373/1103/1237 1110/372/1104/1238 
f 1106/370/1100/1234 1105/367/1099/1233 1111/375/1105/1239 
f 1106/370/1100/1234 1111/375/1105/1239 1112/376/1106/1240 
f 1113/377/1107/1241 1107/371/1101/1235 1110/372/1104/1238 
f 1113/377/1107/1241 1110/372/1104/1238 1114/378/1108/1242 
f 1112/376/1106/1240 1111/375/1105/1239 1115/379/1109/1243 
f 1112/376/1106/1240 1115/379/1109/1243 1116/380/1110/1244 
f 1117/381/1111/1245 1113/377/1107/1241 1114/378/1108/1242 
f 1117/381/1111/1245 1114/378/1108/1242 1118/382/1112/1246 
f 1116/380/1110/1244 1115/379/1109/1243 1119/383/1113/1247 
f 1116/380/1110/1244 1119/383/1113/1247 1120/384/1114/1248 
f 1121/385/1115/1249 1117/381/1111/1245 1118/382/1112/1246 
f 1121/385/1115/1249 1118/382/1112/1246 1122/386/1116/1250 
f 1120/384/1114/1248 1119/383/1113/1247 1054/313/1048/1177 
f 1120/384/1114/1248 1054/313/1048/1177 1053/310/1047/1176 
f 1121/385/1115/1249 1122/386/1116/1250 1123/387/1117/1251 
f 1121/385/1115/1249 1123/387/1117/1251 1124/388/1118/1252 
f 1124/388/1118/1252 1123/387/1117/1251 1125/389/1119/1253 
f 1124/388/1118/1252 1125/389/1119/1253 1126/390/1120/1254 
f 1127/391/1121/1255 1128/394/1122/1256 1129/393/1123/32 
f 1127/391/1121/1255 1129/393/1123/32 1130/392/1124/32 
f 1128/394/1122/1256 1131/396/1125/1257 1132/395/1126/32 
f 1128/394/1122/1256 1132/395/1126/32 1129/393/1123/32 
f 1131/396/1125/1257 1133/398/1127/1258 1134/397/1128/32 
f 1131/396/1125/1257 1134/397/1128/32 1132/395/1126/32 
f 1133/398/1127/1258 1135/400/1129/1259 1136/399/1130/1260 
f 1133/398/1127/1258 1136/399/1130/1260 1134/397/1128/32 
f 1135/400/1129/1259 1137/402/1131/1261 1138/401/1132/1262 
f 1135/400/1129/1259 1138/401/1132/1262 1136/399/1130/1260 
f 1137/402/1131/1261 1139/404/1133/1263 1140/403/1134/32 
f 1137/402/1131/1261 1140/403/1134/32 1138/401/1132/1262 
f 1139/404/1133/1263 402/406/402/1264 401/405/401/1265 
f 1139/404/1133/1263 401/405/401/1265 1140/403/1134/32 
f 1141/407/1135/1266 932/191/929/1055 931/192/928/1054 
f 1141/407/1135/1266 931/192/928/1054 1142/408/1136/1267 
f 962/221/958/1085 961/218/957/1084 1143/409/1137/1268 
f 962/221/958/1085 1143/409/1137/1268 1144/410/1138/1269 
f 1145/411/1139/1270 1146/1/1140/1271 1147/2/1141/1272 
f 1145/411/1139/1270 1147/2/1141/1272 1148/412/1142/1273 
f 1149/413/1143/1274 1150/5/1144/1275 1146/1/1140/1271 
f 1149/413/1143/1274 1146/1/1140/1271 1145/411/1139/1270 
f 1151/414/1145/1276 1152/7/1146/1277 1150/5/1144/1275 
f 1151/414/1145/1276 1150/5/1144/1275 1149/413/1143/1274 
f 1153/415/1147/1278 1154/9/1148/1279 1152/7/1146/1277 
f 1153/415/1147/1278 1152/7/1146/1277 1151/414/1145/1276 
f 1155/416/1149/1280 1156/11/1150/1281 1154/9/1148/1279 
f 1155/416/1149/1280 1154/9/1148/1279 1153/415/1147/1278 
f 1157/417/1151/1282 1158/13/1152/1283 1156/11/1150/1281 
f 1157/417/1151/1282 1156/11/1150/1281 1155/416/1149/1280 
f 1159/418/1153/1284 1160/15/421/1285 1158/13/1152/1283 
f 1159/418/1153/1284 1158/13/1152/1283 1157/417/1151/1282 
f 1161/419/1154/1286 1162/17/1155/1287 1163/18/1156/1288 
f 1161/419/1154/1286 1163/18/1156/1288 1164/420/1157/1289 
f 1164/420/1157/1289 1163/18/1156/1288 1165/20/1158/1290 
f 1164/420/1157/1289 1165/20/1158/1290 1166/421/1159/1291 
f 1166/421/1159/1291 1165/20/1158/1290 1167/22/1160/1292 
f 1166/421/1159/1291 1167/22/1160/1292 1168/422/1161/1293 
f 1168/422/1161/1293 1167/22/1160/1292 1169/24/1162/1294 
f 1168/422/1161/1293 1169/24/1162/1294 1170/423/1163/1295 
f 1170/423/1163/1295 1169/24/1162/1294 1171/26/1164/1296 
f 1170/423/1163/1295 1171/26/1164/1296 1172/424/1165/1297 
f 1172/424/1165/1297 1171/26/1164/1296 1173/28/1166/1298 
f 1172/424/1165/1297 1173/28/1166/1298 1174/425/1167/1299 
f 1174/425/1167/1299 1173/28/1166/1298 1175/30/1168/1300 
f 1174/425/1167/1299 1175/30/1168/1300 1148/412/1142/1273 
f 1176/426/1169/1301 1148/412/1142/1273 1175/30/1168/1300 
f 1176/426/1169/1301 1175/30/1168/1300 1177/32/1170/418 
f 1178/427/1171/1302 1179/35/1172/418 1180/36/1173/1303 
f 1178/427/1171/1302 1180/36/1173/1303 1148/412/1142/1273 
f 1181/428/1174/1304 1182/39/1175/418 1179/35/1172/418 
f 1181/428/1174/1304 1179/35/1172/418 1178/427/1171/1302 
f 1183/429/1176/1305 1184/41/1177/440 1182/39/1175/418 
f 1183/429/1176/1305 1182/39/1175/418 1181/428/1174/1304 
f 1185/430/1178/1306 1186/43/1179/1307 1184/41/1177/440 
f 1185/430/1178/1306 1184/41/1177/440 1183/429/1176/1305 
f 1187/431/1180/1308 1188/45/1181/1309 1186/43/1179/1307 
f 1187/431/1180/1308 1186/43/1179/1307 1185/430/1178/1306 
f 1189/432/1182/1310 1190/47/1183/418 1188/45/1181/1309 
f 1189/432/1182/1310 1188/45/1181/1309 1187/431/1180/1308 
f 1191/433/1184/1311 1192/49/1185/418 1190/47/1183/418 
f 1191/433/1184/1311 1190/47/1183/418 1189/432/1182/1310 
f 1174/425/1167/1299 1148/412/1142/1273 1147/2/1141/1272 
f 1174/425/1167/1299 1147/2/1141/1272 1193/50/1186/1312 
f 1172/424/1165/1297 1174/425/1167/1299 1193/50/1186/1312 
f 1172/424/1165/1297 1193/50/1186/1312 1194/52/1187/1313 
f 1170/423/1163/1295 1172/424/1165/1297 1194/52/1187/1313 
f 1170/423/1163/1295 1194/52/1187/1313 1195/54/1188/1314 
f 1168/422/1161/1293 1170/423/1163/1295 1195/54/1188/1314 
f 1168/422/1161/1293 1195/54/1188/1314 1196/56/1189/1315 
f 1166/434/1159/1316 1168/422/1161/1293 1196/56/1189/1315 
f 1166/434/1159/1316 1196/56/1189/1315 1197/58/1190/1317 
f 1197/58/1190/1317 1198/60/1191/1318 1164/435/1157/1319 
f 1197/58/1190/1317 1164/435/1157/1319 1166/434/1159/1316 
f 1198/60/1191/1318 1199/62/1192/1320 1161/436/1154/1321 
f 1198/60/1191/1318 1161/436/1154/1321 1164/435/1157/1319 
f 1200/437/1193/1322 1176/426/1169/1301 1177/32/1170/418 
f 1200/437/1193/1322 1177/32/1170/418 1201/64/1194/1323 
f 1202/438/1195/1324 1200/437/1193/1322 1201/64/1194/1323 
f 1202/438/1195/1324 1201/64/1194/1323 1203/66/1196/1325 
f 1204/439/1197/1326 1202/438/1195/1324 1203/66/1196/1325 
f 1204/439/1197/1326 1203/66/1196/1325 1205/68/1198/418 
f 1206/440/1199/1327 1204/439/1197/1326 1205/68/1198/418 
f 1206/440/1199/1327 1205/68/1198/418 1207/70/1200/1328 
f 1208/441/1201/1329 1206/440/1199/1327 1207/70/1200/1328 
f 1208/441/1201/1329 1207/70/1200/1328 1209/72/1202/1330 
f 1210/442/1203/1331 1208/441/1201/1329 1209/72/1202/1330 
f 1210/442/1203/1331 1209/72/1202/1330 1211/74/1204/1332 
f 1145/411/1139/1270 1148/412/1142/1273 1180/36/1173/1303 
f 1145/411/1139/1270 1180/36/1173/1303 1212/76/1205/440 
f 1149/413/1143/1274 1145/411/1139/1270 1212/76/1205/440 
f 1149/413/1143/1274 1212/76/1205/440 1213/78/1206/1333 
f 1151/414/1145/1276 1149/413/1143/1274 1213/78/1206/1333 
f 1151/414/1145/1276 1213/78/1206/1333 1214/80/1207/1334 
f 1214/80/1207/1334 1215/82/1208/1335 1153/415/1147/1278 
f 1214/80/1207/1334 1153/415/1147/1278 1151/414/1145/1276 
f 1215/82/1208/1335 1216/84/1209/1336 1155/443/1149/1337 
f 1215/82/1208/1335 1155/443/1149/1337 1153/415/1147/1278 
f 1216/84/1209/1336 1217/86/1210/1338 1157/444/1151/1339 
f 1216/84/1209/1336 1157/444/1151/1339 1155/443/1149/1337 
f 1217/86/1210/1338 1218/88/1211/418 1159/445/1153/1340 
f 1217/86/1210/1338 1159/445/1153/1340 1157/444/1151/1339 
f 1219/90/1212/1341 1220/91/1213/1342 1178/427/1171/1302 
f 1219/90/1212/1341 1178/427/1171/1302 1148/412/1142/1273 
f 1220/91/1213/1342 1221/94/1214/1343 1181/428/1174/1304 
f 1220/91/1213/1342 1181/428/1174/1304 1178/427/1171/1302 
f 1221/94/1214/1343 1222/96/1215/1344 1183/429/1176/1305 
f 1221/94/1214/1343 1183/429/1176/1305 1181/428/1174/1304 
f 1222/96/1215/1344 1223/98/1216/1345 1185/430/1178/1306 
f 1222/96/1215/1344 1185/430/1178/1306 1183/429/1176/1305 
f 1223/98/1216/1345 1224/100/1217/1346 1187/446/1180/1347 
f 1223/98/1216/1345 1187/446/1180/1347 1185/430/1178/1306 
f 1225/104/1218/1348 1226/105/1219/1349 1227/102/1220/1350 
f 1225/104/1218/1348 1227/102/1220/1350 1228/103/1221/1351 
f 1229/107/1222/1352 1225/104/1218/1348 1228/103/1221/1351 
f 1229/107/1222/1352 1228/103/1221/1351 1230/106/1223/1353 
f 1231/109/1224/1354 1229/107/1222/1352 1230/106/1223/1353 
f 1231/109/1224/1354 1230/106/1223/1353 1232/108/1225/1355 
f 1233/111/1226/1356 1231/109/1224/1354 1232/108/1225/1355 
f 1233/111/1226/1356 1232/108/1225/1355 1234/110/1227/1357 
f 1235/113/1228/1358 1233/111/1226/1356 1234/110/1227/1357 
f 1235/113/1228/1358 1234/110/1227/1357 1236/112/1229/1359 
f 1237/115/1230/1360 1235/113/1228/1358 1236/112/1229/1359 
f 1237/115/1230/1360 1236/112/1229/1359 1238/114/1231/1361 
f 1239/117/1232/1362 1237/115/1230/1360 1238/114/1231/1361 
f 1239/117/1232/1362 1238/114/1231/1361 1240/116/502/1363 
f 1241/118/1233/1364 1242/119/1234/1365 1163/18/1156/1288 
f 1241/118/1233/1364 1163/18/1156/1288 1162/17/1155/1287 
f 1242/119/1234/1365 1243/120/1235/1366 1165/20/1158/1290 
f 1242/119/1234/1365 1165/20/1158/1290 1163/18/1156/1288 
f 1243/120/1235/1366 1244/121/1236/1367 1167/22/1160/1292 
f 1243/120/1235/1366 1167/22/1160/1292 1165/20/1158/1290 
f 1244/121/1236/1367 1245/122/1237/1368 1169/24/1162/1294 
f 1244/121/1236/1367 1169/24/1162/1294 1167/22/1160/1292 
f 1245/122/1237/1368 1246/123/1238/1369 1171/26/1164/1296 
f 1245/122/1237/1368 1171/26/1164/1296 1169/24/1162/1294 
f 1246/123/1238/1369 1247/124/1239/1370 1173/28/1166/1298 
f 1246/123/1238/1369 1173/28/1166/1298 1171/26/1164/1296 
f 1247/124/1239/1370 1248/125/1240/1371 1175/30/1168/1300 
f 1247/124/1239/1370 1175/30/1168/1300 1173/28/1166/1298 
f 1249/126/1241/1372 1177/32/1170/418 1175/30/1168/1300 
f 1249/126/1241/1372 1175/30/1168/1300 1248/125/1240/1371 
f 1250/129/1242/1373 1251/130/1243/1374 1252/127/1244/1375 
f 1250/129/1242/1373 1252/127/1244/1375 1253/128/1245/440 
f 1254/132/1246/1376 1250/129/1242/1373 1253/128/1245/440 
f 1254/132/1246/1376 1253/128/1245/440 1255/131/1247/418 
f 1256/134/1248/1377 1254/132/1246/1376 1255/131/1247/418 
f 1256/134/1248/1377 1255/131/1247/418 1257/133/1249/418 
f 1258/136/1250/1378 1256/134/1248/1377 1257/133/1249/418 
f 1258/136/1250/1378 1257/133/1249/418 1259/135/1251/418 
f 1260/138/1252/1379 1258/136/1250/1378 1259/135/1251/418 
f 1260/138/1252/1379 1259/135/1251/418 1261/137/1253/418 
f 1262/140/1254/1380 1260/138/1252/1379 1261/137/1253/418 
f 1262/140/1254/1380 1261/137/1253/418 1263/139/1255/418 
f 1264/142/1256/1381 1262/140/1254/1380 1263/139/1255/418 
f 1264/142/1256/1381 1263/139/1255/418 1265/141/1257/418 
f 1266/143/1258/1382 1267/144/1259/1383 1227/102/1220/1350 
f 1266/143/1258/1382 1227/102/1220/1350 1226/105/1219/1349 
f 1268/145/1260/1384 1269/146/1261/1385 1267/144/1259/1383 
f 1268/145/1260/1384 1267/144/1259/1383 1266/143/1258/1382 
f 1270/147/1262/1386 1271/148/1263/1387 1269/146/1261/1385 
f 1270/147/1262/1386 1269/146/1261/1385 1268/145/1260/1384 
f 1272/149/1264/1388 1273/150/1265/1389 1271/148/1263/1387 
f 1272/149/1264/1388 1271/148/1263/1387 1270/147/1262/1386 
f 1274/151/1266/1390 1275/152/1267/1391 1273/150/1265/1389 
f 1274/151/1266/1390 1273/150/1265/1389 1272/149/1264/1388 
f 1276/153/1268/1392 1277/154/1269/1393 1275/152/1267/1391 
f 1276/153/1268/1392 1275/152/1267/1391 1274/151/1266/1390 
f 1278/156/1270/1394 1279/155/1271/1395 1277/154/1269/1393 
f 1278/156/1270/1394 1277/154/1269/1393 1276/153/1268/1392 
f 1280/157/1272/1396 1201/64/1194/1323 1177/32/1170/418 
f 1280/157/1272/1396 1177/32/1170/418 1249/126/1241/1372 
f 1281/158/1273/1397 1203/66/1196/1325 1201/64/1194/1323 
f 1281/158/1273/1397 1201/64/1194/1323 1280/157/1272/1396 
f 1282/159/1274/1398 1205/68/1198/418 1203/66/1196/1325 
f 1282/159/1274/1398 1203/66/1196/1325 1281/158/1273/1397 
f 1283/160/1275/1399 1207/70/1200/1328 1205/68/1198/418 
f 1283/160/1275/1399 1205/68/1198/418 1282/159/1274/1398 
f 1284/161/1276/1400 1209/72/1202/1330 1207/70/1200/1328 
f 1284/161/1276/1400 1207/70/1200/1328 1283/160/1275/1399 
f 1285/162/1277/1401 1211/74/1204/1332 1209/72/1202/1330 
f 1285/162/1277/1401 1209/72/1202/1330 1284/161/1276/1400 
f 1286/163/1278/1402 1287/164/1279/418 1252/127/1244/1375 
f 1286/163/1278/1402 1252/127/1244/1375 1251/130/1243/1374 
f 1288/165/1280/1403 1289/166/1281/1404 1287/164/1279/418 
f 1288/165/1280/1403 1287/164/1279/418 1286/163/1278/1402 
f 1290/167/1282/1405 1291/168/1283/1406 1289/166/1281/1404 
f 1290/167/1282/1405 1289/166/1281/1404 1288/165/1280/1403 
f 1292/169/1284/1407 1293/170/1285/1408 1291/168/1283/1406 
f 1292/169/1284/1407 1291/168/1283/1406 1290/167/1282/1405 
f 1294/171/1286/1409 1295/172/1287/1410 1293/170/1285/1408 
f 1294/171/1286/1409 1293/170/1285/1408 1292/169/1284/1407 
f 1296/173/1288/1411 1297/174/1289/1412 1295/172/1287/1410 
f 1296/173/1288/1411 1295/172/1287/1410 1294/171/1286/1409 
f 1298/175/1290/1413 1299/176/1291/418 1297/174/1289/1412 
f 1298/175/1290/1413 1297/174/1289/1412 1296/173/1288/1411 
f 1300/177/1292/1414 1301/178/1293/1415 1302/179/1294/1416 
f 1300/177/1292/1414 1302/179/1294/1416 1303/180/1295/1417 
f 1304/181/1296/1418 1305/182/1297/1419 1301/178/1293/1415 
f 1304/181/1296/1418 1301/178/1293/1415 1300/177/1292/1414 
f 1306/183/1298/1420 1307/184/1299/1421 1305/182/1297/1419 
f 1306/183/1298/1420 1305/182/1297/1419 1304/181/1296/1418 
f 1308/185/1300/1422 1309/186/1301/1423 1307/184/1299/1421 
f 1308/185/1300/1422 1307/184/1299/1421 1306/183/1298/1420 
f 1310/187/1302/1424 1311/188/1303/1425 1309/186/1301/1423 
f 1310/187/1302/1424 1309/186/1301/1423 1308/185/1300/1422 
f 1312/189/1304/1426 1313/190/1305/1427 1314/191/1306/1428 
f 1312/189/1304/1426 1314/191/1306/1428 1315/192/1307/1429 
f 1316/193/1308/1430 1317/194/1309/1431 1313/190/1305/1427 
f 1316/193/1308/1430 1313/190/1305/1427 1312/189/1304/1426 
f 1318/195/1310/1432 1319/196/1311/1433 1317/194/1309/1431 
f 1318/195/1310/1432 1317/194/1309/1431 1316/193/1308/1430 
f 1320/197/1312/1434 1321/198/1313/1435 1319/196/1311/1433 
f 1320/197/1312/1434 1319/196/1311/1433 1318/195/1310/1432 
f 1322/199/1314/1436 1323/200/1315/1437 1321/198/1313/1435 
f 1322/199/1314/1436 1321/198/1313/1435 1320/197/1312/1434 
f 1324/201/1316/1438 1325/202/586/1439 1323/200/1315/1437 
f 1324/201/1316/1438 1323/200/1315/1437 1322/199/1314/1436 
f 1326/203/1317/1440 1253/128/1245/440 1252/127/1244/1375 
f 1326/203/1317/1440 1252/127/1244/1375 945/204/941/1441 
f 1327/205/1318/1442 1255/131/1247/418 1253/128/1245/440 
f 1327/205/1318/1442 1253/128/1245/440 1326/203/1317/1440 
f 1328/206/1319/1443 1257/133/1249/418 1255/131/1247/418 
f 1328/206/1319/1443 1255/131/1247/418 1327/205/1318/1442 
f 1329/207/1320/1444 1259/135/1251/418 1257/133/1249/418 
f 1329/207/1320/1444 1257/133/1249/418 1328/206/1319/1443 
f 1330/208/1321/1445 1261/137/1253/418 1259/135/1251/418 
f 1330/208/1321/1445 1259/135/1251/418 1329/207/1320/1444 
f 1331/209/1322/1446 1263/139/1255/418 1261/137/1253/418 
f 1331/209/1322/1446 1261/137/1253/418 1330/208/1321/1445 
f 1332/210/1323/1447 1265/141/1257/418 1263/139/1255/418 
f 1332/210/1323/1447 1263/139/1255/418 1331/209/1322/1446 
f 1333/211/1324/1448 945/204/941/1441 1252/127/1244/1375 
f 1333/211/1324/1448 1252/127/1244/1375 1287/164/1279/418 
f 1334/212/1325/1449 1333/211/1324/1448 1287/164/1279/418 
f 1334/212/1325/1449 1287/164/1279/418 1289/166/1281/1404 
f 1335/213/1326/1450 1334/212/1325/1449 1289/166/1281/1404 
f 1335/213/1326/1450 1289/166/1281/1404 1291/168/1283/1406 
f 1336/214/1327/1451 1335/213/1326/1450 1291/168/1283/1406 
f 1336/214/1327/1451 1291/168/1283/1406 1293/170/1285/1408 
f 1337/215/1328/1452 1336/214/1327/1451 1293/170/1285/1408 
f 1337/215/1328/1452 1293/170/1285/1408 1295/172/1287/1410 
f 1338/216/1329/1453 1337/215/1328/1452 1295/172/1287/1410 
f 1338/216/1329/1453 1295/172/1287/1410 1297/174/1289/1412 
f 1339/217/1330/1454 1338/216/1329/1453 1297/174/1289/1412 
f 1339/217/1330/1454 1297/174/1289/1412 1299/176/1291/418 
f 1340/220/1331/1455 1341/221/1332/1456 1342/218/1333/1457 
f 1340/220/1331/1455 1342/218/1333/1457 1343/219/1334/1458 
f 1344/223/1335/1459 1340/220/1331/1455 1343/219/1334/1458 
f 1344/223/1335/1459 1343/219/1334/1458 1345/222/1336/1460 
f 1346/225/1337/1461 1344/223/1335/1459 1345/222/1336/1460 
f 1346/225/1337/1461 1345/222/1336/1460 1347/224/1338/1462 
f 1348/227/1339/1463 1346/225/1337/1461 1347/224/1338/1462 
f 1348/227/1339/1463 1347/224/1338/1462 1349/226/1340/1464 
f 1224/100/1217/1346 1350/228/1341/1465 1189/447/1182/1466 
f 1224/100/1217/1346 1189/447/1182/1466 1187/446/1180/1347 
f 1350/228/1341/1465 1351/230/1342/1467 1191/448/1184/1468 
f 1350/228/1341/1465 1191/448/1184/1468 1189/447/1182/1466 
f 1219/90/1212/1341 1148/412/1142/1273 1176/426/1169/1301 
f 1219/90/1212/1341 1176/426/1169/1301 1352/233/1343/1469 
f 1352/233/1343/1469 1176/426/1169/1301 1200/437/1193/1322 
f 1352/233/1343/1469 1200/437/1193/1322 1353/235/1344/1470 
f 1353/235/1344/1470 1200/437/1193/1322 1202/438/1195/1324 
f 1353/235/1344/1470 1202/438/1195/1324 1354/237/1345/1471 
f 1354/237/1345/1471 1202/438/1195/1324 1204/439/1197/1326 
f 1354/237/1345/1471 1204/439/1197/1326 1355/239/1346/1472 
f 1355/239/1346/1472 1204/439/1197/1326 1206/449/1199/1473 
f 1355/239/1346/1472 1206/449/1199/1473 1356/241/1347/1474 
f 1356/241/1347/1474 1206/449/1199/1473 1208/450/1201/1475 
f 1356/241/1347/1474 1208/450/1201/1475 1357/243/1348/1476 
f 1357/243/1348/1476 1208/450/1201/1475 1210/451/1203/1477 
f 1357/243/1348/1476 1210/451/1203/1477 1358/245/1349/1478 
f 1311/188/1303/1425 1310/187/1302/1424 1359/246/1350/1479 
f 1311/188/1303/1425 1359/246/1350/1479 1360/247/1351/1480 
f 1360/247/1351/1480 1359/246/1350/1479 1361/248/1352/1481 
f 1360/247/1351/1480 1361/248/1352/1481 1362/249/1353/1482 
f 1302/179/1294/1416 1363/250/1354/1483 1364/251/1355/1484 
f 1302/179/1294/1416 1364/251/1355/1484 1303/180/1295/1417 
f 1363/250/1354/1483 1365/252/1356/1485 1366/253/1357/1486 
f 1363/250/1354/1483 1366/253/1357/1486 1364/251/1355/1484 
f 1365/252/1356/1485 1367/254/1358/1487 1368/255/1359/1488 
f 1365/252/1356/1485 1368/255/1359/1488 1366/253/1357/1486 
f 1367/254/1358/1487 1369/256/1360/1489 1370/257/1361/1490 
f 1367/254/1358/1487 1370/257/1361/1490 1368/255/1359/1488 
f 1369/256/1360/1489 1371/258/1362/1491 1372/259/1363/1492 
f 1369/256/1360/1489 1372/259/1363/1492 1370/257/1361/1490 
f 1371/258/1362/1491 1373/260/1364/1493 1374/261/1365/1494 
f 1371/258/1362/1491 1374/261/1365/1494 1372/259/1363/1492 
f 1373/260/1364/1493 1375/262/1366/1495 1376/263/1367/1496 
f 1373/260/1364/1493 1376/263/1367/1496 1374/261/1365/1494 
f 1349/226/1340/1464 1377/264/1368/1497 1378/265/1369/1498 
f 1349/226/1340/1464 1378/265/1369/1498 1348/227/1339/1463 
f 1377/264/1368/1497 1379/266/1370/1499 1380/267/1371/1500 
f 1377/264/1368/1497 1380/267/1371/1500 1378/265/1369/1498 
f 1381/268/1372/1501 1382/269/1373/1502 1383/452/1374/1503 
f 1381/268/1372/1501 1383/452/1374/1503 1384/453/1375/1504 
f 1382/269/1373/1502 1385/272/1376/1505 1386/454/1377/1506 
f 1382/269/1373/1502 1386/454/1377/1506 1383/452/1374/1503 
f 1385/272/1376/1505 1387/274/1378/1507 1388/455/1379/1508 
f 1385/272/1376/1505 1388/455/1379/1508 1386/454/1377/1506 
f 1387/274/1378/1507 1389/276/1380/1509 1390/456/1381/1510 
f 1387/274/1378/1507 1390/456/1381/1510 1388/455/1379/1508 
f 1389/276/1380/1509 1391/278/1382/1511 1392/457/1383/1512 
f 1389/276/1380/1509 1392/457/1383/1512 1390/456/1381/1510 
f 1391/278/1382/1511 1393/280/1384/1513 1394/458/1385/1514 
f 1391/278/1382/1511 1394/458/1385/1514 1392/457/1383/1512 
f 1393/280/1384/1513 1395/282/658/1515 1396/459/1386/1516 
f 1393/280/1384/1513 1396/459/1386/1516 1394/458/1385/1514 
f 1397/284/1387/1517 1398/285/1388/1518 1399/460/1389/1519 
f 1397/284/1387/1517 1399/460/1389/1519 1400/461/1390/1520 
f 1401/288/1391/1521 1397/284/1387/1517 1400/461/1390/1520 
f 1401/288/1391/1521 1400/461/1390/1520 1402/462/1392/1522 
f 1403/290/1393/1523 1401/288/1391/1521 1402/462/1392/1522 
f 1403/290/1393/1523 1402/462/1392/1522 1404/463/1394/1524 
f 1405/292/1395/1525 1403/290/1393/1523 1404/463/1394/1524 
f 1405/292/1395/1525 1404/463/1394/1524 1406/464/1396/1526 
f 1407/294/1397/1527 1405/292/1395/1525 1406/464/1396/1526 
f 1407/294/1397/1527 1406/464/1396/1526 1408/465/1398/1528 
f 1409/296/1399/1529 1407/294/1397/1527 1408/465/1398/1528 
f 1409/296/1399/1529 1408/465/1398/1528 1410/466/1400/1530 
f 1411/298/1401/1531 1409/296/1399/1529 1410/466/1400/1530 
f 1411/298/1401/1531 1410/466/1400/1530 1384/453/1375/1504 
f 1412/467/1402/1532 1413/301/1403/1533 1411/298/1401/1531 
f 1412/467/1402/1532 1411/298/1401/1531 1384/453/1375/1504 
f 1414/468/1404/1534 1384/453/1375/1504 1180/36/1173/1303 
f 1414/468/1404/1534 1180/36/1173/1303 1179/35/1172/418 
f 1415/469/1405/1535 1414/468/1404/1534 1179/35/1172/418 
f 1415/469/1405/1535 1179/35/1172/418 1182/39/1175/418 
f 1416/470/1406/1536 1415/469/1405/1535 1182/39/1175/418 
f 1416/470/1406/1536 1182/39/1175/418 1184/41/1177/440 
f 1417/471/1407/1537 1416/470/1406/1536 1184/41/1177/440 
f 1417/471/1407/1537 1184/41/1177/440 1186/43/1179/1307 
f 1418/472/1408/1538 1417/471/1407/1537 1186/43/1179/1307 
f 1418/472/1408/1538 1186/43/1179/1307 1188/45/1181/1309 
f 1419/473/1409/1539 1418/472/1408/1538 1188/45/1181/1309 
f 1419/473/1409/1539 1188/45/1181/1309 1190/47/1183/418 
f 1420/474/1410/1540 1419/473/1409/1539 1190/47/1183/418 
f 1420/474/1410/1540 1190/47/1183/418 1192/49/1185/418 
f 1418/477/1408/1541 1419/476/1409/1542 1421/475/1411/1543 
f 1418/477/1408/1541 1421/475/1411/1543 1422/478/1412/1544 
f 1419/476/1409/1542 1420/480/1410/1545 1423/479/1413/1546 
f 1419/476/1409/1542 1423/479/1413/1546 1421/475/1411/1543 
f 1424/481/1414/1547 1425/317/1415/1548 1426/318/1416/1549 
f 1424/481/1414/1547 1426/318/1416/1549 1427/482/1417/1550 
f 1428/320/1418/1551 1425/317/1415/1548 1424/481/1414/1547 
f 1428/320/1418/1551 1424/481/1414/1547 1429/483/1419/1552 
f 1430/322/1420/1553 1428/320/1418/1551 1429/483/1419/1552 
f 1430/322/1420/1553 1429/483/1419/1552 1431/484/1421/1554 
f 1432/324/1422/1555 1430/325/1420/1556 1431/485/1421/1557 
f 1432/324/1422/1555 1431/485/1421/1557 1433/486/1423/1558 
f 1434/328/1424/1559 1432/324/1422/1555 1433/486/1423/1558 
f 1434/328/1424/1559 1433/486/1423/1558 1435/487/1425/1560 
f 1436/330/1426/1561 1434/328/1424/1559 1435/487/1425/1560 
f 1436/330/1426/1561 1435/487/1425/1560 1437/488/1427/1562 
f 1410/466/1400/1530 1438/333/1428/1563 1381/268/1372/1501 
f 1410/466/1400/1530 1381/268/1372/1501 1384/453/1375/1504 
f 1408/465/1398/1528 1439/335/1429/1564 1438/333/1428/1563 
f 1408/465/1398/1528 1438/333/1428/1563 1410/466/1400/1530 
f 1406/464/1396/1526 1440/337/1430/1565 1439/335/1429/1564 
f 1406/464/1396/1526 1439/335/1429/1564 1408/465/1398/1528 
f 1404/463/1394/1524 1441/339/1431/1566 1440/337/1430/1565 
f 1404/463/1394/1524 1440/337/1430/1565 1406/464/1396/1526 
f 1402/489/1392/1567 1442/341/1432/1568 1441/339/1431/1566 
f 1402/489/1392/1567 1441/339/1431/1566 1404/463/1394/1524 
f 1400/490/1390/1569 1443/343/1433/1570 1442/341/1432/1568 
f 1400/490/1390/1569 1442/341/1432/1568 1402/489/1392/1567 
f 1399/491/1389/1571 1444/344/1434/1572 1443/343/1433/1570 
f 1399/491/1389/1571 1443/343/1433/1570 1400/490/1390/1569 
f 1445/492/1435/1573 1446/347/1436/1574 1413/301/1403/1533 
f 1445/492/1435/1573 1413/301/1403/1533 1412/467/1402/1532 
f 1447/493/1437/1575 1448/349/1438/1576 1446/347/1436/1574 
f 1447/493/1437/1575 1446/347/1436/1574 1445/492/1435/1573 
f 1449/494/1439/1577 1450/351/1440/1578 1448/349/1438/1576 
f 1449/494/1439/1577 1448/349/1438/1576 1447/493/1437/1575 
f 1451/495/1441/1579 1452/353/1442/1580 1450/354/1440/1581 
f 1451/495/1441/1579 1450/354/1440/1581 1449/496/1439/1582 
f 1453/497/1443/1583 1454/357/1444/1584 1452/353/1442/1580 
f 1453/497/1443/1583 1452/353/1442/1580 1451/495/1441/1579 
f 1455/498/1445/1585 1456/359/1446/1586 1454/357/1444/1584 
f 1455/498/1445/1585 1454/357/1444/1584 1453/497/1443/1583 
f 1383/452/1374/1503 1212/76/1205/440 1180/36/1173/1303 
f 1383/452/1374/1503 1180/36/1173/1303 1384/453/1375/1504 
f 1386/454/1377/1506 1213/78/1206/1333 1212/76/1205/440 
f 1386/454/1377/1506 1212/76/1205/440 1383/452/1374/1503 
f 1388/455/1379/1508 1214/80/1207/1334 1213/78/1206/1333 
f 1388/455/1379/1508 1213/78/1206/1333 1386/454/1377/1506 
f 1390/456/1381/1510 1215/82/1208/1335 1214/80/1207/1334 
f 1390/456/1381/1510 1214/80/1207/1334 1388/455/1379/1508 
f 1392/499/1383/1587 1216/84/1209/1336 1215/82/1208/1335 
f 1392/499/1383/1587 1215/82/1208/1335 1390/456/1381/1510 
f 1394/500/1385/1588 1217/86/1210/1338 1216/84/1209/1336 
f 1394/500/1385/1588 1216/84/1209/1336 1392/499/1383/1587 
f 1396/501/1386/1589 1218/88/1211/418 1217/86/1210/1338 
f 1396/501/1386/1589 1217/86/1210/1338 1394/500/1385/1588 
f 1457/503/1447/1590 720/502/720/1591 719/368/719/1592 
f 1457/503/1447/1590 719/368/719/1592 1414/468/1404/1534 
f 1384/453/1375/1504 1414/468/1404/1534 719/368/719/1592 
f 1435/487/1425/1560 1445/492/1435/1573 1412/467/1402/1532 
f 1435/487/1425/1560 1412/467/1402/1532 1437/488/1427/1562 
f 1414/468/1404/1534 1415/469/1405/1535 1458/504/1448/1593 
f 1414/468/1404/1534 1458/504/1448/1593 1457/503/1447/1590 
f 1433/486/1423/1558 1447/493/1437/1575 1445/492/1435/1573 
f 1433/486/1423/1558 1445/492/1435/1573 1435/487/1425/1560 
f 1415/469/1405/1535 1416/470/1406/1536 1459/505/1449/1594 
f 1415/469/1405/1535 1459/505/1449/1594 1458/504/1448/1593 
f 1431/485/1421/1557 1449/494/1439/1577 1447/493/1437/1575 
f 1431/485/1421/1557 1447/493/1437/1575 1433/486/1423/1558 
f 1416/470/1406/1536 1417/471/1407/1537 1460/506/1450/1595 
f 1416/470/1406/1536 1460/506/1450/1595 1459/505/1449/1594 
f 1429/507/1419/1596 1451/508/1441/1597 1449/494/1439/1577 
f 1429/507/1419/1596 1449/494/1439/1577 1431/485/1421/1557 
f 1417/471/1407/1537 1418/477/1408/1541 1422/478/1412/1544 
f 1417/471/1407/1537 1422/478/1412/1544 1460/506/1450/1595 
f 1429/507/1419/1596 1424/510/1414/1598 1453/509/1443/1599 
f 1429/507/1419/1596 1453/509/1443/1599 1451/508/1441/1597 
f 1427/512/1417/1600 1455/511/1445/1601 1453/509/1443/1599 
f 1427/512/1417/1600 1453/509/1443/1599 1424/510/1414/1598 
f 1423/513/1413/1602 1461/392/1451/418 1462/393/1452/440 
f 1423/513/1413/1602 1462/393/1452/440 1421/514/1411/1603 
f 1421/514/1411/1603 1462/393/1452/440 1463/395/1453/440 
f 1421/514/1411/1603 1463/395/1453/440 1422/515/1412/1604 
f 1464/397/1454/418 1460/506/1450/1595 1422/515/1412/1604 
f 1464/397/1454/418 1422/515/1412/1604 1463/395/1453/440 
f 1465/399/1455/1605 1459/505/1449/1594 1460/506/1450/1595 
f 1465/399/1455/1605 1460/506/1450/1595 1464/397/1454/418 
f 1466/401/1456/1606 1458/504/1448/1593 1459/505/1449/1594 
f 1466/401/1456/1606 1459/505/1449/1594 1465/399/1455/1605 
f 1467/403/1457/418 1457/503/1447/1590 1458/504/1448/1593 
f 1467/403/1457/418 1458/504/1448/1593 1466/401/1456/1606 
f 732/405/732/1607 720/502/720/1591 1457/503/1447/1590 
f 732/405/732/1607 1457/503/1447/1590 1467/403/1457/418 
f 1141/407/1135/1608 1142/408/1136/1609 1315/192/1307/1429 
f 1141/407/1135/1608 1315/192/1307/1429 1314/191/1306/1428 
f 1341/221/1332/1456 1144/410/1138/1610 1143/409/1137/1611 
f 1341/221/1332/1456 1143/409/1137/1611 1342/218/1333/1457 
f 1070/331/1064/1195 1069/330/1063/1194 733/516/733/1612 
f 1070/331/1064/1195 733/516/733/1612 734/517/734/1613 
f 1104/369/1098/1231 1109/373/1103/1237 1108/374/1102/1236 
f 1104/369/1098/1231 1108/374/1102/1236 364/368/364/1232 
f 735/516/735/1614 1436/330/1426/1561 1437/488/1427/1562 
f 735/516/735/1614 1437/488/1427/1562 736/518/736/1615 
f 1412/467/1402/1532 1384/453/1375/1504 719/368/719/1592 
f 1412/467/1402/1532 719/368/719/1592 1437/488/1427/1562 
f 736/518/736/1615 1437/488/1427/1562 719/368/719/1592 
f 1012/271/1006/1135 1468/453/1458/1616 1044/303/1038/1167 
f 1012/271/1006/1135 1044/303/1038/1167 1097/360/1091/1224 
f 1009/270/1003/1132 1012/271/1006/1135 1097/360/1091/1224 
f 1013/273/1007/1136 1009/270/1003/1132 1097/360/1091/1224 
f 1013/273/1007/1136 1097/360/1091/1224 1098/361/1092/1225 
f 1015/275/1009/1138 1013/273/1007/1136 1098/361/1092/1225 
f 1015/275/1009/1138 1098/361/1092/1225 1099/362/1093/1226 
f 1019/279/1013/1142 1017/277/1011/1140 1100/520/1094/1617 
f 1019/279/1013/1142 1100/520/1094/1617 1101/519/1095/1618 
f 1019/521/1013/1619 1101/364/1095/1228 1102/365/1096/1229 
f 1019/521/1013/1619 1102/365/1096/1229 1021/522/1015/1620 
f 1023/283/1017/1146 1021/281/1015/1144 1102/524/1096/1621 
f 1023/283/1017/1146 1102/524/1096/1621 1103/523/1097/1622 
f 1032/291/1026/1155 1077/526/1071/1623 1079/525/1073/1624 
f 1032/291/1026/1155 1079/525/1073/1624 1030/289/1024/1153 
f 1034/293/1028/1157 1075/336/1069/1200 1077/338/1071/1202 
f 1034/293/1028/1157 1077/338/1071/1202 1032/291/1026/1155 
f 1036/295/1030/1159 1073/334/1067/1198 1075/336/1069/1200 
f 1036/295/1030/1159 1075/336/1069/1200 1034/293/1028/1157 
f 1038/297/1032/1161 1071/332/1065/1196 1073/334/1067/1198 
f 1038/297/1032/1161 1073/334/1067/1198 1036/295/1030/1159 
f 1040/299/1034/1163 1468/453/1458/1616 1012/271/1006/1135 
f 1040/299/1034/1163 1012/271/1006/1135 1071/332/1065/1196 
f 1038/297/1032/1161 1040/299/1034/1163 1071/332/1065/1196 
f 1041/300/1035/1164 1109/373/1103/1237 1104/369/1098/1231 
f 1041/300/1035/1164 1104/369/1098/1231 1468/453/1458/1616 
f 1040/299/1034/1163 1041/300/1035/1164 1468/453/1458/1616 
f 1044/303/1038/1167 1468/453/1458/1616 1104/369/1098/1231 
f 1044/303/1038/1167 1104/369/1098/1231 1106/370/1100/1234 
f 1043/302/1037/1166 1044/303/1038/1167 1106/370/1100/1234 
f 1043/302/1037/1166 1106/370/1100/1234 1112/376/1106/1240 
f 1043/302/1037/1166 1112/376/1106/1240 1045/304/1039/1168 
f 1045/304/1039/1168 1112/376/1106/1240 1116/380/1110/1244 
f 1045/304/1039/1168 1116/380/1110/1244 1046/305/1040/1169 
f 1046/305/1040/1169 1116/380/1110/1244 1120/384/1114/1248 
f 1046/305/1040/1169 1120/384/1114/1248 1047/306/1041/1170 
f 1047/527/1041/1625 1120/384/1114/1248 1053/310/1047/1176 
f 1047/527/1041/1625 1053/310/1047/1176 1048/528/1042/1626 
f 1048/307/1042/1171 1053/530/1047/1627 1052/529/1046/1628 
f 1048/307/1042/1171 1052/529/1046/1628 1049/308/1043/1172 
f 1049/531/1043/1629 1052/311/1046/1175 1056/314/1050/1179 
f 1049/531/1043/1629 1056/314/1050/1179 1050/532/1044/1630 
f 1081/533/1075/1631 1028/287/1022/1151 1030/289/1024/1153 
f 1081/533/1075/1631 1030/289/1024/1153 1079/534/1073/1632 
f 1084/535/1078/1633 1025/286/1019/1148 1028/287/1022/1151 
f 1084/535/1078/1633 1028/287/1022/1151 1081/536/1075/1634 
f 1085/346/1079/1210 1087/348/1081/1212 1114/378/1108/1242 
f 1085/346/1079/1210 1114/378/1108/1242 1110/372/1104/1238 
f 1087/348/1081/1212 1089/350/1083/1214 1118/382/1112/1246 
f 1087/348/1081/1212 1118/382/1112/1246 1114/378/1108/1242 
f 1089/355/1083/1217 1091/352/1085/1216 1122/538/1116/1635 
f 1089/355/1083/1217 1122/538/1116/1635 1118/537/1112/1636 
f 1091/539/1085/1637 1093/540/1087/1638 1123/387/1117/1251 
f 1091/539/1085/1637 1123/387/1117/1251 1122/386/1116/1250 
f 1093/356/1087/1220 1095/358/1089/1222 1125/542/1119/1639 
f 1093/356/1087/1220 1125/542/1119/1639 1123/541/1117/1640 
f 1099/362/1093/1226 1100/363/1094/1227 1017/277/1011/1140 
f 1099/362/1093/1226 1017/277/1011/1140 1015/275/1009/1138 
f 1110/372/1104/1238 1109/373/1103/1237 1041/300/1035/1164 
f 1110/372/1104/1238 1041/300/1035/1164 1085/346/1079/1210 
f 741/0/741/882 817/77/816/951 776/37/775/916 
f 741/0/741/882 776/37/775/916 1469/412/1459/1641 
f 742/3/742/883 741/0/741/882 1469/412/1459/1641 
f 741/0/741/882 745/4/745/886 819/79/818/952 
f 741/0/741/882 819/79/818/952 817/77/816/951 
f 747/6/747/888 821/81/820/954 819/79/818/952 
f 747/6/747/888 819/79/818/952 745/4/745/886 
f 749/543/749/1642 751/544/751/1643 825/85/824/958 
f 749/543/749/1642 825/85/824/958 823/83/822/956 
f 753/12/753/894 827/546/826/1644 825/545/824/1645 
f 753/12/753/894 825/545/824/1645 751/10/751/892 
f 755/14/755/896 829/548/828/1646 827/547/826/1647 
f 755/14/755/896 827/547/826/1647 753/12/753/894 
f 761/21/760/902 799/550/798/1648 797/549/796/1649 
f 761/21/760/902 797/549/796/1649 763/23/762/904 
f 765/25/764/906 763/23/762/904 797/57/796/932 
f 765/25/764/906 797/57/796/932 795/55/794/930 
f 767/27/766/908 765/25/764/906 795/55/794/930 
f 767/27/766/908 795/55/794/930 793/53/792/928 
f 767/27/766/908 793/53/792/928 791/51/790/926 
f 767/27/766/908 791/51/790/926 769/29/768/910 
f 769/29/768/910 791/51/790/926 742/3/742/883 
f 769/29/768/910 742/3/742/883 1469/412/1459/1641 
f 771/31/770/912 769/29/768/910 1469/412/1459/1641 
f 771/31/770/912 1469/412/1459/1641 834/93/833/966 
f 771/31/770/912 834/93/833/966 973/232/967/1096 
f 773/33/772/914 771/31/770/912 973/232/967/1096 
f 775/34/774/915 831/92/830/963 834/93/833/966 
f 775/34/774/915 834/93/833/966 1469/412/1459/1641 
f 776/37/775/916 775/34/774/915 1469/412/1459/1641 
f 779/38/778/918 835/95/834/967 831/92/830/963 
f 779/38/778/918 831/92/830/963 775/34/774/915 
f 779/38/778/918 781/40/780/919 837/97/836/969 
f 779/38/778/918 837/97/836/969 835/95/834/967 
f 783/42/782/920 839/99/838/971 837/97/836/969 
f 783/42/782/920 837/97/836/969 781/40/780/919 
f 785/44/784/922 841/552/840/1650 839/551/838/1651 
f 785/44/784/922 839/551/838/1651 783/42/782/920 
f 787/553/786/1652 969/229/964/1092 841/101/840/973 
f 787/553/786/1652 841/101/840/973 785/554/784/1653 
f 789/48/788/925 971/556/966/1654 969/555/964/1655 
f 789/48/788/925 969/555/964/1655 787/46/786/924 
f 799/59/798/934 761/558/760/1656 758/557/757/1657 
f 799/59/798/934 758/557/757/1657 801/61/800/936 
f 803/63/802/938 801/61/800/936 758/560/757/1658 
f 803/63/802/938 758/560/757/1658 757/559/756/1659 
f 805/65/804/940 975/234/969/1098 977/236/971/1100 
f 805/65/804/940 977/236/971/1100 807/67/806/942 
f 807/67/806/942 977/236/971/1100 979/238/973/1102 
f 807/67/806/942 979/238/973/1102 809/69/808/944 
f 811/71/810/945 809/69/808/944 979/562/973/1660 
f 811/71/810/945 979/562/973/1660 981/561/975/1661 
f 811/563/810/1662 981/240/975/1104 983/242/977/1106 
f 811/563/810/1662 983/242/977/1106 813/564/812/1663 
f 813/565/812/1664 983/242/977/1106 985/244/979/1108 
f 813/565/812/1664 985/244/979/1108 815/566/814/1665 
f 821/81/820/954 747/6/747/888 749/8/749/890 
f 821/81/820/954 749/8/749/890 823/83/822/956 
f 846/105/845/978 1470/567/1460/1666 871/130/869/1002 
f 846/105/845/978 871/130/869/1002 904/163/902/1029 
f 843/104/842/975 846/105/845/978 904/163/902/1029 
f 843/104/842/975 904/163/902/1029 906/165/904/1030 
f 843/104/842/975 906/165/904/1030 847/107/846/979 
f 849/109/848/981 847/107/846/979 906/165/904/1030 
f 849/109/848/981 906/165/904/1030 908/167/906/1032 
f 851/568/850/1667 910/169/908/1034 912/171/910/1036 
f 851/568/850/1667 912/171/910/1036 853/569/852/1668 
f 853/113/852/985 912/571/910/1669 914/570/912/1670 
f 853/113/852/985 914/570/912/1670 855/115/854/987 
f 857/117/856/989 855/115/854/987 914/573/912/1671 
f 857/117/856/989 914/573/912/1671 916/572/914/1672 
f 861/120/859/993 862/121/860/994 890/575/888/1673 
f 861/120/859/993 890/575/888/1673 892/574/890/1674 
f 863/122/861/995 888/147/886/1013 890/149/888/1015 
f 863/122/861/995 890/149/888/1015 862/121/860/994 
f 864/123/862/996 886/145/884/1011 888/147/886/1013 
f 864/123/862/996 888/147/886/1013 863/122/861/995 
f 864/123/862/996 865/124/863/997 884/143/882/1009 
f 864/123/862/996 884/143/882/1009 886/145/884/1011 
f 866/125/864/998 1470/567/1460/1666 846/105/845/978 
f 866/125/864/998 846/105/845/978 884/143/882/1009 
f 865/124/863/997 866/125/864/998 884/143/882/1009 
f 867/126/865/999 991/251/985/1114 919/180/917/1042 
f 867/126/865/999 919/180/917/1042 1470/567/1460/1666 
f 866/125/864/998 867/126/865/999 1470/567/1460/1666 
f 871/130/869/1002 1470/567/1460/1666 919/180/917/1042 
f 871/130/869/1002 919/180/917/1042 918/177/916/1041 
f 868/129/866/1000 871/130/869/1002 918/177/916/1041 
f 872/132/870/1003 868/129/866/1000 918/177/916/1041 
f 872/132/870/1003 918/177/916/1041 922/181/920/1045 
f 872/132/870/1003 922/181/920/1045 924/183/922/1047 
f 872/132/870/1003 924/183/922/1047 874/134/872/1004 
f 874/134/872/1004 924/577/922/1675 926/576/923/1676 
f 874/134/872/1004 926/576/923/1676 876/136/874/1005 
f 878/138/876/1006 876/136/874/1005 926/579/923/1677 
f 878/138/876/1006 926/579/923/1677 928/578/925/1678 
f 878/580/876/1679 928/187/925/1051 987/246/981/1110 
f 878/580/876/1679 987/246/981/1110 880/581/878/1680 
f 880/140/878/1007 987/583/981/1681 989/582/983/1682 
f 880/140/878/1007 989/582/983/1682 882/142/880/1008 
f 894/153/892/1019 860/585/858/1683 861/584/859/1684 
f 894/153/892/1019 861/584/859/1684 892/151/890/1017 
f 897/156/895/1022 859/587/857/1685 860/586/858/1686 
f 897/156/895/1022 860/586/858/1686 894/153/892/1019 
f 898/157/896/1023 899/158/897/1024 995/255/989/1118 
f 898/157/896/1023 995/255/989/1118 993/253/987/1116 
f 900/159/898/1025 997/257/991/1120 995/255/989/1118 
f 900/159/898/1025 995/255/989/1118 899/158/897/1024 
f 901/160/899/1026 999/589/993/1687 997/588/991/1688 
f 901/160/899/1026 997/588/991/1688 900/159/898/1025 
f 902/590/900/1689 1001/261/995/1124 999/259/993/1122 
f 902/590/900/1689 999/259/993/1122 901/591/899/1690 
f 903/592/901/1691 1003/263/997/1126 1001/261/995/1124 
f 903/592/901/1691 1001/261/995/1124 902/593/900/1692 
f 908/594/906/1693 910/595/908/1694 851/111/850/983 
f 908/594/906/1693 851/111/850/983 849/109/848/981 
f 931/192/928/1054 930/189/927/1053 953/212/949/1076 
f 931/192/928/1054 953/212/949/1076 952/211/948/1075 
f 934/193/931/1057 954/213/950/1077 953/212/949/1076 
f 934/193/931/1057 953/212/949/1076 930/189/927/1053 
f 936/596/933/1695 938/597/935/1696 956/215/952/1079 
f 936/596/933/1695 956/215/952/1079 955/214/951/1078 
f 940/199/937/1063 957/599/953/1697 956/598/952/1698 
f 940/199/937/1063 956/598/952/1698 938/197/935/1061 
f 942/201/939/1065 958/601/954/1699 957/600/953/1700 
f 942/201/939/1065 957/600/953/1700 940/199/937/1063 
f 944/203/940/1067 962/221/958/1085 1144/410/1138/1269 
f 944/203/940/1067 1144/410/1138/1269 945/204/941/1068 
f 946/205/942/1069 959/220/955/1082 962/221/958/1085 
f 946/205/942/1069 962/221/958/1085 944/203/940/1067 
f 946/205/942/1069 947/206/943/1070 963/223/959/1086 
f 946/205/942/1069 963/223/959/1086 959/220/955/1082 
f 948/207/944/1071 965/603/960/1701 963/602/959/1702 
f 948/207/944/1071 963/602/959/1702 947/206/943/1070 
f 949/208/945/1072 967/605/962/1703 965/604/960/1704 
f 949/208/945/1072 965/604/960/1704 948/207/944/1071 
f 950/606/946/1705 1005/265/999/1128 967/227/962/1090 
f 950/606/946/1705 967/227/962/1090 949/607/945/1706 
f 951/210/947/1074 1007/609/1001/1707 1005/608/999/1708 
f 951/210/947/1074 1005/608/999/1708 950/209/946/1073 
f 954/610/950/1709 934/193/931/1057 936/195/933/1059 
f 954/610/950/1709 936/195/933/1059 955/611/951/1710 
f 973/232/967/1096 975/234/969/1098 805/65/804/940 
f 973/232/967/1096 805/65/804/940 773/33/772/914 
f 991/251/985/1114 867/126/865/999 898/157/896/1023 
f 991/251/985/1114 898/157/896/1023 993/253/987/1116 
f 1062/321/1056/1185 1064/323/1058/1187 1117/613/1111/1711 
f 1062/321/1056/1185 1117/613/1111/1711 1121/612/1115/1712 
f 1066/327/1060/1191 1113/377/1107/1241 1117/381/1111/1245 
f 1066/327/1060/1191 1117/381/1111/1245 1064/326/1058/1188 
f 1068/329/1062/1193 1107/371/1101/1235 1113/377/1107/1241 
f 1068/329/1062/1193 1113/377/1107/1241 1066/327/1060/1191 
f 1070/331/1064/1195 1108/374/1102/1236 1107/371/1101/1235 
f 1070/331/1064/1195 1107/371/1101/1235 1068/329/1062/1193 
f 1105/367/1099/1233 364/368/364/1232 402/406/402/1264 
f 1105/367/1099/1233 402/406/402/1264 1139/404/1133/1263 
f 1115/379/1109/1243 1135/400/1129/1259 1133/398/1127/1258 
f 1115/379/1109/1243 1133/398/1127/1258 1119/383/1113/1247 
f 1124/388/1118/1252 1057/615/1051/1713 1062/614/1056/1714 
f 1124/388/1118/1252 1062/614/1056/1714 1121/385/1115/1249 
f 1124/616/1118/1715 1126/617/1120/1716 1058/319/1052/1181 
f 1124/616/1118/1715 1058/319/1052/1181 1057/316/1051/1180 
f 1127/391/1121/1255 1055/619/1049/1717 1051/618/1045/1718 
f 1127/391/1121/1255 1051/618/1045/1718 1128/394/1122/1256 
f 1128/394/1122/1256 1051/621/1045/1719 1054/620/1048/1720 
f 1128/394/1122/1256 1054/620/1048/1720 1131/396/1125/1257 
f 1131/396/1125/1257 1054/623/1048/1721 1119/622/1113/1722 
f 1131/396/1125/1257 1119/622/1113/1722 1133/398/1127/1258 
f 1135/400/1129/1259 1115/379/1109/1243 1111/375/1105/1239 
f 1135/400/1129/1259 1111/375/1105/1239 1137/402/1131/1261 
f 1137/402/1131/1261 1111/375/1105/1239 1105/367/1099/1233 
f 1137/402/1131/1261 1105/367/1099/1233 1139/404/1133/1263 
f 1142/408/1136/1267 931/192/928/1054 952/211/948/1075 
f 1142/408/1136/1267 952/211/948/1075 945/204/941/1068 
f 1225/104/1218/1348 1286/163/1278/1402 1251/130/1243/1374 
f 1225/104/1218/1348 1251/130/1243/1374 1471/567/1461/1723 
f 1226/105/1219/1349 1225/104/1218/1348 1471/567/1461/1723 
f 1225/104/1218/1348 1229/107/1222/1352 1288/165/1280/1403 
f 1225/104/1218/1348 1288/165/1280/1403 1286/163/1278/1402 
f 1231/109/1224/1354 1290/167/1282/1405 1288/165/1280/1403 
f 1231/109/1224/1354 1288/165/1280/1403 1229/107/1222/1352 
f 1233/568/1226/1724 1235/569/1228/1725 1294/171/1286/1409 
f 1233/568/1226/1724 1294/171/1286/1409 1292/169/1284/1407 
f 1237/115/1230/1360 1296/570/1288/1726 1294/571/1286/1727 
f 1237/115/1230/1360 1294/571/1286/1727 1235/113/1228/1358 
f 1239/117/1232/1362 1298/572/1290/1728 1296/573/1288/1729 
f 1239/117/1232/1362 1296/573/1288/1729 1237/115/1230/1360 
f 1243/120/1235/1366 1274/574/1266/1730 1272/575/1264/1731 
f 1243/120/1235/1366 1272/575/1264/1731 1244/121/1236/1367 
f 1245/122/1237/1368 1244/121/1236/1367 1272/149/1264/1388 
f 1245/122/1237/1368 1272/149/1264/1388 1270/147/1262/1386 
f 1246/123/1238/1369 1245/122/1237/1368 1270/147/1262/1386 
f 1246/123/1238/1369 1270/147/1262/1386 1268/145/1260/1384 
f 1246/123/1238/1369 1268/145/1260/1384 1266/143/1258/1382 
f 1246/123/1238/1369 1266/143/1258/1382 1247/124/1239/1370 
f 1247/124/1239/1370 1266/143/1258/1382 1226/105/1219/1349 
f 1247/124/1239/1370 1226/105/1219/1349 1471/567/1461/1723 
f 1248/125/1240/1371 1247/124/1239/1370 1471/567/1461/1723 
f 1248/125/1240/1371 1471/567/1461/1723 1303/180/1295/1417 
f 1248/125/1240/1371 1303/180/1295/1417 1364/251/1355/1484 
f 1249/126/1241/1372 1248/125/1240/1371 1364/251/1355/1484 
f 1250/129/1242/1373 1300/177/1292/1414 1303/180/1295/1417 
f 1250/129/1242/1373 1303/180/1295/1417 1471/567/1461/1723 
f 1251/130/1243/1374 1250/129/1242/1373 1471/567/1461/1723 
f 1254/132/1246/1376 1304/181/1296/1418 1300/177/1292/1414 
f 1254/132/1246/1376 1300/177/1292/1414 1250/129/1242/1373 
f 1254/132/1246/1376 1256/134/1248/1377 1306/183/1298/1420 
f 1254/132/1246/1376 1306/183/1298/1420 1304/181/1296/1418 
f 1258/136/1250/1378 1308/576/1300/1732 1306/577/1298/1733 
f 1258/136/1250/1378 1306/577/1298/1733 1256/134/1248/1377 
f 1260/138/1252/1379 1310/578/1302/1734 1308/579/1300/1735 
f 1260/138/1252/1379 1308/579/1300/1735 1258/136/1250/1378 
f 1262/581/1254/1736 1359/246/1350/1479 1310/187/1302/1424 
f 1262/581/1254/1736 1310/187/1302/1424 1260/580/1252/1737 
f 1264/142/1256/1381 1361/582/1352/1738 1359/583/1350/1739 
f 1264/142/1256/1381 1359/583/1350/1739 1262/140/1254/1380 
f 1274/151/1266/1390 1243/625/1235/1740 1242/624/1234/1741 
f 1274/151/1266/1390 1242/624/1234/1741 1276/153/1268/1392 
f 1278/156/1270/1394 1276/153/1268/1392 1242/586/1234/1742 
f 1278/156/1270/1394 1242/586/1234/1742 1241/587/1233/1743 
f 1280/157/1272/1396 1366/253/1357/1486 1368/255/1359/1488 
f 1280/157/1272/1396 1368/255/1359/1488 1281/158/1273/1397 
f 1281/158/1273/1397 1368/255/1359/1488 1370/257/1361/1490 
f 1281/158/1273/1397 1370/257/1361/1490 1282/159/1274/1398 
f 1283/160/1275/1399 1282/159/1274/1398 1370/588/1361/1744 
f 1283/160/1275/1399 1370/588/1361/1744 1372/589/1363/1745 
f 1283/626/1275/1746 1372/259/1363/1492 1374/261/1365/1494 
f 1283/626/1275/1746 1374/261/1365/1494 1284/590/1276/1747 
f 1284/627/1276/1748 1374/261/1365/1494 1376/263/1367/1496 
f 1284/627/1276/1748 1376/263/1367/1496 1285/592/1277/1749 
f 1290/594/1282/1750 1231/109/1224/1354 1233/111/1226/1356 
f 1290/594/1282/1750 1233/111/1226/1356 1292/595/1284/1751 
f 1315/192/1307/1429 1333/211/1324/1448 1334/212/1325/1449 
f 1315/192/1307/1429 1334/212/1325/1449 1312/189/1304/1426 
f 1316/193/1308/1430 1312/189/1304/1426 1334/212/1325/1449 
f 1316/193/1308/1430 1334/212/1325/1449 1335/213/1326/1450 
f 1318/596/1310/1752 1336/214/1327/1451 1337/215/1328/1452 
f 1318/596/1310/1752 1337/215/1328/1452 1320/597/1312/1753 
f 1320/197/1312/1434 1337/598/1328/1754 1338/599/1329/1755 
f 1320/197/1312/1434 1338/599/1329/1755 1322/199/1314/1436 
f 1324/201/1316/1438 1322/199/1314/1436 1338/600/1329/1756 
f 1324/201/1316/1438 1338/600/1329/1756 1339/601/1330/1757 
f 1326/203/1317/1440 945/204/941/1441 1144/410/1138/1610 
f 1326/203/1317/1440 1144/410/1138/1610 1341/221/1332/1456 
f 1327/205/1318/1442 1326/203/1317/1440 1341/221/1332/1456 
f 1327/205/1318/1442 1341/221/1332/1456 1340/220/1331/1455 
f 1327/205/1318/1442 1340/220/1331/1455 1344/223/1335/1459 
f 1327/205/1318/1442 1344/223/1335/1459 1328/206/1319/1443 
f 1328/206/1319/1443 1344/602/1335/1758 1346/603/1337/1759 
f 1328/206/1319/1443 1346/603/1337/1759 1329/207/1320/1444 
f 1330/208/1321/1445 1329/207/1320/1444 1346/604/1337/1760 
f 1330/208/1321/1445 1346/604/1337/1760 1348/605/1339/1761 
f 1330/607/1321/1762 1348/227/1339/1463 1378/265/1369/1498 
f 1330/607/1321/1762 1378/265/1369/1498 1331/606/1322/1763 
f 1331/209/1322/1446 1378/608/1369/1764 1380/609/1371/1765 
f 1331/209/1322/1446 1380/609/1371/1765 1332/210/1323/1447 
f 1335/610/1326/1766 1336/611/1327/1767 1318/195/1310/1432 
f 1335/610/1326/1766 1318/195/1310/1432 1316/193/1308/1430 
f 1364/251/1355/1484 1366/253/1357/1486 1280/157/1272/1396 
f 1364/251/1355/1484 1280/157/1272/1396 1249/126/1241/1372 
f 1142/408/1136/1609 945/204/941/1441 1333/211/1324/1448 
f 1142/408/1136/1609 1333/211/1324/1448 1315/192/1307/1429 
f 734/517/734/1613 364/368/364/1232 1108/374/1102/1236 
f 734/517/734/1613 1108/374/1102/1236 1070/331/1064/1195 
